product_primary_name,processing_periods_name,facility_type_name,beginning_balance,quantity_received,quantity_dispensed,stock_in_hand,quantity_requested,quantity_approved,total_losses_and_adjustments,amc,pack_size,zone,dispensing_unit,diff
PYRA-COMP,2025-05-01,HEALTH CENTER,3510.0,6.0,437.0,1426.0,,0.0,246,151.0,1,DISTRICT28,TABLET,0.0
ACT-GC,2025-05-01,HEALTH CENTER,89.0,1.0,57.0,65.0,,620.0,209,20.0,30,DISTRICT28,BLISTER,620.0
ACT-AD,2024-02-01,HEALTH CENTER,4125.0,2604.0,1423.0,6554.0,,13.0,-179,1464.0,30,DISTRICT33,BLISTER,13.0
ART-SUP,2024-08-01,HEALTH CENTER,20.0,0.0,2.0,185.0,,0.0,-456,0.0,2,DISTRICT36,CAPSULE,0.0
RDT,2024-02-01,HEALTH CENTER,2243.0,0.0,535.0,2167.0,,319.0,420,583.0,25,DISTRICT15,PIECE,319.0
ACT-SC,2024-05-01,HEALTH CENTER,1346.0,0.0,82.0,600.0,,2.0,-278,33.0,30,DISTRICT16,BLISTER,2.0
ACT-INF,2025-11-01,HEALTH CENTER,796.0,418.0,244.0,453.0,,12.0,598,22.0,30,DISTRICT20,BLISTER,12.0
ART-INJ,2025-08-01,HEALTH CENTER,719.0,43.0,293.0,2401.0,,424.0,112,420.0,5,DISTRICT4,VIAL,424.0
ART-INJ,2024-02-01,HEALTH CENTER,885.0,0.0,268.0,541.0,,2398.0,461,82.0,5,DISTRICT21,VIAL,2398.0
RDT,2025-05-01,HEALTH CENTER,1.0,0.0,0.0,2.0,,0.0,-30,0.0,25,DISTRICT33,PIECE,0.0
ACT-INF,2024-08-01,HEALTH CENTER,173.0,0.0,42.0,852.0,,499.0,138,4.0,30,DISTRICT36,BLISTER,499.0
ART-INJ,2025-08-01,HEALTH CENTER,3435.0,2.0,875.0,1321.0,,2677.0,271,489.0,5,DISTRICT10,VIAL,2677.0
ITN,2024-11-01,DISTRICT HOSPITAL,211.0,0.0,17.0,173.0,,241.0,-745,36.0,50,DISTRICT25,PIECE,241.0
ART-INJ,2025-11-01,DISTRICT HOSPITAL,959.0,31.0,176.0,779.0,582.0,25.0,-483,53.0,5,DISTRICT28,VIAL,-557.0
QUIN,2024-08-01,HEALTH CENTER,23.0,0.0,51.0,1.0,,1.0,-209,72.0,1000,DISTRICT2,TABLET,1.0
ACT-GC,2024-02-01,HEALTH CENTER,983.0,0.0,225.0,1166.0,,1106.0,-109,90.0,30,DISTRICT5,BLISTER,1106.0
ART-SUP,2025-02-01,HEALTH CENTER,56.0,399.0,69.0,727.0,351.0,0.0,712,77.0,2,DISTRICT13,CAPSULE,-351.0
ITN,2025-08-01,HEALTH CENTER,3461.0,0.0,827.0,2041.0,,2287.0,-234,802.0,50,DISTRICT3,PIECE,2287.0
ACT-GC,2025-05-01,HEALTH CENTER,3960.0,0.0,558.0,1227.0,,275.0,8,126.0,30,DISTRICT32,BLISTER,275.0
ACT-INF,2024-05-01,HEALTH CENTER,7757.0,1215.0,1688.0,5216.0,,405.0,86,1441.0,30,DISTRICT25,BLISTER,405.0
SP,2024-02-01,HEALTH CENTER,432.0,0.0,98.0,153.0,,24.0,-407,92.0,1000,DISTRICT3,TABLET,24.0
PYRA-SAC,2024-11-01,HEALTH CENTER,4617.0,54.0,459.0,3797.0,,78.0,-104,299.0,1,DISTRICT30,SACHET,78.0
ACT-SC,2024-02-01,HEALTH CENTER,379.0,293.0,606.0,325.0,,2051.0,-256,351.0,30,DISTRICT5,BLISTER,2051.0
ACT-GC,2024-05-01,HEALTH CENTER,215.0,25.0,400.0,370.0,,1188.0,133,336.0,30,DISTRICT18,BLISTER,1188.0
PYRA-COMP,2024-11-01,HEALTH CENTER,2748.0,35.0,776.0,1642.0,,9736.0,-368,439.0,1,DISTRICT8,TABLET,9736.0
RDT,2024-02-01,HEALTH CENTER,722.0,0.0,61.0,367.0,620.0,734.0,-158,53.0,25,DISTRICT31,PIECE,114.0
ART-SUP,2024-05-01,HEALTH CENTER,12.0,0.0,50.0,39.0,357.0,0.0,-68,114.0,2,DISTRICT15,CAPSULE,-357.0
ACT-GC,2025-08-01,HEALTH CENTER,1470.0,10.0,165.0,1300.0,,59.0,160,101.0,30,DISTRICT15,BLISTER,59.0
SP,2025-11-01,HEALTH CENTER,1166.0,44.0,766.0,1867.0,,224.0,-246,644.0,1000,DISTRICT11,TABLET,224.0
ACT-SC,2025-08-01,HEALTH CENTER,1013.0,32.0,568.0,1007.0,,707.0,-34,779.0,30,DISTRICT30,BLISTER,707.0
ACT-AD,2025-02-01,HEALTH CENTER,1623.0,505.0,1202.0,1726.0,2610.0,6403.0,235,886.0,30,DISTRICT2,BLISTER,3793.0
ART-INJ,2024-02-01,HEALTH CENTER,5416.0,0.0,805.0,2971.0,,269.0,141,780.0,5,DISTRICT2,VIAL,269.0
ITN,2024-08-01,HEALTH CENTER,224.0,3.0,194.0,600.0,,2059.0,75,200.0,50,DISTRICT15,PIECE,2059.0
ACT-GC,2024-02-01,HEALTH CENTER,2609.0,0.0,708.0,495.0,302.0,1361.0,912,954.0,30,DISTRICT6,BLISTER,1059.0
ART-SUP,2025-05-01,HEALTH CENTER,409.0,0.0,164.0,95.0,,742.0,200,60.0,2,DISTRICT25,CAPSULE,742.0
SP,2025-08-01,HEALTH CENTER,4648.0,663.0,1309.0,4935.0,,92.0,-259,983.0,1000,DISTRICT1,TABLET,92.0
ACT-INF,2024-08-01,HEALTH CENTER,3173.0,46.0,600.0,3621.0,810.0,444.0,177,134.0,30,DISTRICT4,BLISTER,-366.0
ACT-INF,2025-05-01,HEALTH CENTER,488.0,3.0,296.0,934.0,,25.0,-566,65.0,30,DISTRICT7,BLISTER,25.0
ACT-AD,2025-05-01,HEALTH CENTER,665.0,7.0,218.0,1091.0,,10.0,439,78.0,30,DISTRICT1,BLISTER,10.0
PYRA-COMP,2025-08-01,HEALTH CENTER,658.0,0.0,140.0,205.0,,16.0,-610,25.0,1,DISTRICT28,TABLET,16.0
ACT-INF,2025-11-01,HEALTH CENTER,706.0,9.0,508.0,2228.0,575.0,2086.0,661,367.0,30,DISTRICT36,BLISTER,1511.0
PYRA-COMP,2025-11-01,HEALTH CENTER,627.0,201.0,90.0,640.0,,951.0,-168,112.0,1,DISTRICT29,TABLET,951.0
QUIN,2025-05-01,HEALTH CENTER,4948.0,69.0,1758.0,2663.0,,65.0,226,2105.0,1000,DISTRICT8,TABLET,65.0
ACT-AD,2024-11-01,DISTRICT HOSPITAL,340.0,122.0,284.0,84.0,,13294.0,-215,382.0,30,DISTRICT12,BLISTER,13294.0
ART-INJ,2025-05-01,HEALTH CENTER,536.0,289.0,573.0,1715.0,,35.0,-1089,285.0,5,DISTRICT5,VIAL,35.0
PYRA-COMP,2024-05-01,HEALTH CENTER,660.0,227.0,320.0,815.0,1606.0,230.0,-82,278.0,1,DISTRICT17,TABLET,-1376.0
ART-INJ,2025-02-01,HEALTH CENTER,6242.0,588.0,1440.0,4487.0,,1155.0,634,1852.0,5,DISTRICT10,VIAL,1155.0
ACT-AD,2024-05-01,HEALTH CENTER,3957.0,63.0,866.0,4544.0,,154.0,489,544.0,30,DISTRICT13,BLISTER,154.0
QUIN,2024-08-01,HEALTH CENTER,481.0,82.0,101.0,470.0,,153.0,-1029,41.0,1000,DISTRICT25,TABLET,153.0
ACT-INF,2025-08-01,HEALTH CENTER,1445.0,0.0,255.0,1906.0,,0.0,-94,215.0,30,DISTRICT20,BLISTER,0.0
RDT,2024-05-01,HEALTH CENTER,627.0,13.0,56.0,625.0,,0.0,221,25.0,25,DISTRICT33,PIECE,0.0
ACT-INF,2024-11-01,HEALTH CENTER,908.0,2.0,29.0,633.0,,11.0,-795,10.0,30,DISTRICT32,BLISTER,11.0
ACT-GC,2025-02-01,HEALTH CENTER,417.0,24.0,237.0,341.0,983.0,3.0,405,257.0,30,DISTRICT8,BLISTER,-980.0
PYRA-SAC,2024-02-01,HEALTH CENTER,3.0,19.0,32.0,29.0,,114.0,-223,18.0,1,DISTRICT14,SACHET,114.0
ACT-SC,2024-05-01,HEALTH CENTER,122.0,0.0,233.0,220.0,,728.0,-102,307.0,30,DISTRICT1,BLISTER,728.0
ART-SUP,2024-08-01,HEALTH CENTER,946.0,87.0,439.0,1311.0,,9039.0,-715,487.0,2,DISTRICT18,CAPSULE,9039.0
ACT-SC,2025-11-01,HEALTH CENTER,3425.0,502.0,1398.0,5671.0,,0.0,173,1700.0,30,DISTRICT24,BLISTER,0.0
PYRA-COMP,2024-02-01,HEALTH CENTER,44.0,0.0,8.0,217.0,,7.0,-630,4.0,1,DISTRICT21,TABLET,7.0
ITN,2024-02-01,HEALTH CENTER,1601.0,26.0,307.0,1319.0,1958.0,42.0,-112,95.0,50,DISTRICT3,PIECE,-1916.0
RDT,2024-02-01,HEALTH CENTER,1826.0,29.0,315.0,1495.0,,1841.0,-632,193.0,25,DISTRICT20,PIECE,1841.0
SP,2025-08-01,HEALTH CENTER,1235.0,3.0,337.0,1392.0,,5.0,294,51.0,1000,DISTRICT38,TABLET,5.0
ACT-INF,2024-11-01,HEALTH CENTER,2189.0,56.0,1037.0,3698.0,,2447.0,461,753.0,30,DISTRICT10,BLISTER,2447.0
ART-SUP,2024-11-01,HEALTH CENTER,2691.0,175.0,215.0,3990.0,,0.0,-30,84.0,2,DISTRICT36,CAPSULE,0.0
SP,2025-05-01,HEALTH CENTER,74.0,0.0,29.0,130.0,,0.0,128,9.0,1000,DISTRICT31,TABLET,0.0
ACT-SC,2025-11-01,HEALTH CENTER,291.0,367.0,915.0,1866.0,,1372.0,-735,966.0,30,DISTRICT9,BLISTER,1372.0
ACT-AD,2024-02-01,HEALTH CENTER,1869.0,17.0,632.0,2183.0,,31.0,420,672.0,30,DISTRICT20,BLISTER,31.0
ART-SUP,2025-05-01,HEALTH CENTER,1848.0,1023.0,966.0,4438.0,,26.0,-617,869.0,2,DISTRICT38,CAPSULE,26.0
SP,2025-11-01,HEALTH CENTER,2709.0,343.0,351.0,2891.0,,0.0,-512,452.0,1000,DISTRICT4,TABLET,0.0
SP,2024-08-01,HEALTH CENTER,1665.0,5.0,161.0,840.0,,148.0,-123,70.0,1000,DISTRICT16,TABLET,148.0
ART-SUP,2024-11-01,HEALTH CENTER,1307.0,12.0,662.0,1016.0,777.0,7.0,-614,452.0,2,DISTRICT7,CAPSULE,-770.0
QUIN,2024-05-01,HEALTH CENTER,92.0,0.0,0.0,62.0,291.0,0.0,-303,0.0,1000,DISTRICT31,TABLET,-291.0
SP,2025-02-01,HEALTH CENTER,11.0,0.0,1.0,40.0,,0.0,71,1.0,1000,DISTRICT23,TABLET,0.0
ART-SUP,2024-05-01,HEALTH CENTER,1352.0,27.0,52.0,978.0,,0.0,-566,15.0,2,DISTRICT5,CAPSULE,0.0
PYRA-COMP,2025-02-01,HEALTH CENTER,1073.0,2100.0,422.0,1426.0,356.0,1.0,15,278.0,1,DISTRICT14,TABLET,-355.0
PYRA-COMP,2024-02-01,HEALTH CENTER,205.0,105.0,184.0,175.0,,8.0,-22,2.0,1,DISTRICT33,TABLET,8.0
SP,2025-02-01,HEALTH CENTER,53.0,565.0,58.0,273.0,,239.0,433,130.0,1000,DISTRICT29,TABLET,239.0
RDT,2024-08-01,HEALTH CENTER,491.0,0.0,12.0,198.0,1866.0,258.0,-387,12.0,25,DISTRICT30,PIECE,-1608.0
ART-SUP,2024-02-01,HEALTH CENTER,35.0,2.0,2.0,351.0,757.0,488.0,-279,0.0,2,DISTRICT24,CAPSULE,-269.0
RDT,2024-11-01,HEALTH CENTER,1356.0,29.0,87.0,1173.0,,135.0,71,391.0,25,DISTRICT35,PIECE,135.0
ACT-GC,2024-02-01,HEALTH CENTER,303.0,5.0,111.0,726.0,,8.0,-154,37.0,30,DISTRICT28,BLISTER,8.0
ACT-GC,2025-11-01,HEALTH CENTER,1517.0,5.0,226.0,405.0,,42.0,436,193.0,30,DISTRICT14,BLISTER,42.0
ART-INJ,2024-11-01,HEALTH CENTER,153.0,34.0,100.0,170.0,,175.0,347,60.0,5,DISTRICT33,VIAL,175.0
RDT,2025-05-01,HEALTH CENTER,1243.0,159.0,656.0,610.0,,16.0,492,264.0,25,DISTRICT30,PIECE,16.0
ART-INJ,2025-11-01,DISTRICT HOSPITAL,2029.0,233.0,285.0,2351.0,,0.0,773,370.0,5,DISTRICT30,VIAL,0.0
QUIN,2024-11-01,HEALTH CENTER,450.0,0.0,9.0,11.0,,0.0,230,0.0,1000,DISTRICT36,TABLET,0.0
ACT-SC,2024-11-01,HEALTH CENTER,194.0,159.0,35.0,147.0,,0.0,136,8.0,30,DISTRICT9,BLISTER,0.0
ART-INJ,2025-08-01,HEALTH CENTER,1645.0,1.0,54.0,1255.0,,0.0,15,43.0,5,DISTRICT28,VIAL,0.0
PYRA-SAC,2025-08-01,HEALTH CENTER,3195.0,55.0,690.0,2519.0,,1742.0,-282,573.0,1,DISTRICT13,SACHET,1742.0
ART-INJ,2024-05-01,DISTRICT HOSPITAL,8.0,0.0,19.0,145.0,,0.0,803,4.0,5,DISTRICT11,VIAL,0.0
SP,2025-08-01,HEALTH CENTER,10.0,193.0,30.0,21.0,,33.0,51,6.0,1000,DISTRICT6,TABLET,33.0
PYRA-SAC,2024-05-01,HEALTH CENTER,138.0,0.0,12.0,95.0,481.0,6.0,-1021,8.0,1,DISTRICT28,SACHET,-475.0
SP,2025-02-01,REGIONAL HOSPITAL,162.0,0.0,32.0,230.0,,114.0,180,94.0,1000,DISTRICT28,TABLET,114.0
ACT-AD,2024-02-01,HEALTH CENTER,1945.0,29.0,289.0,1876.0,358.0,36.0,-475,341.0,30,DISTRICT28,BLISTER,-322.0
PYRA-COMP,2024-05-01,HEALTH CENTER,244.0,2397.0,63.0,822.0,,0.0,-473,10.0,1,DISTRICT15,TABLET,0.0
ITN,2024-05-01,HEALTH CENTER,333.0,1817.0,57.0,895.0,598.0,819.0,-364,66.0,50,DISTRICT14,PIECE,221.0
ACT-AD,2024-02-01,REGIONAL HOSPITAL,1554.0,0.0,614.0,1190.0,,228.0,-189,846.0,30,DISTRICT15,BLISTER,228.0
ACT-AD,2024-05-01,HEALTH CENTER,573.0,1109.0,159.0,2811.0,200.0,9.0,64,138.0,30,DISTRICT28,BLISTER,-191.0
ITN,2024-05-01,HEALTH CENTER,3087.0,21.0,412.0,1786.0,,24.0,348,254.0,50,DISTRICT5,PIECE,24.0
RDT,2025-11-01,HEALTH CENTER,5473.0,31.0,1032.0,2793.0,,158.0,-228,1224.0,25,DISTRICT20,PIECE,158.0
ACT-GC,2025-02-01,HEALTH CENTER,2704.0,752.0,634.0,902.0,,107.0,-488,757.0,30,DISTRICT20,BLISTER,107.0
PYRA-SAC,2025-08-01,HEALTH CENTER,1280.0,3619.0,241.0,956.0,371.0,0.0,321,250.0,1,DISTRICT6,SACHET,-371.0
ACT-AD,2025-11-01,HEALTH CENTER,1678.0,32.0,716.0,1524.0,,161.0,548,666.0,30,DISTRICT37,BLISTER,161.0
RDT,2025-02-01,HEALTH CENTER,707.0,41.0,170.0,675.0,,2044.0,322,91.0,25,DISTRICT16,PIECE,2044.0
ACT-GC,2025-02-01,HEALTH CENTER,646.0,0.0,104.0,396.0,,4475.0,-452,175.0,30,DISTRICT37,BLISTER,4475.0
ACT-AD,2025-11-01,HEALTH CENTER,224.0,446.0,122.0,2515.0,,0.0,108,123.0,30,DISTRICT20,BLISTER,0.0
ACT-GC,2024-08-01,HEALTH CENTER,2032.0,611.0,159.0,2276.0,,1.0,-58,263.0,30,DISTRICT30,BLISTER,1.0
ART-INJ,2024-02-01,HEALTH CENTER,132.0,1.0,52.0,388.0,,4.0,376,71.0,5,DISTRICT3,VIAL,4.0
ART-INJ,2024-05-01,DISTRICT HOSPITAL,2.0,1.0,1.0,1.0,,0.0,192,0.0,5,DISTRICT14,VIAL,0.0
ACT-SC,2025-08-01,HEALTH CENTER,12.0,137.0,28.0,51.0,,0.0,-13,23.0,30,DISTRICT12,BLISTER,0.0
ART-INJ,2024-02-01,HEALTH CENTER,239.0,1.0,109.0,63.0,,5736.0,-163,89.0,5,DISTRICT19,VIAL,5736.0
ART-SUP,2025-08-01,HEALTH CENTER,199.0,0.0,19.0,66.0,,985.0,505,7.0,2,DISTRICT20,CAPSULE,985.0
RDT,2025-11-01,HEALTH CENTER,2.0,3.0,31.0,73.0,,3562.0,213,36.0,25,DISTRICT28,PIECE,3562.0
ACT-GC,2024-05-01,HEALTH CENTER,1364.0,2.0,173.0,638.0,,85.0,-518,152.0,30,DISTRICT30,BLISTER,85.0
SP,2024-05-01,HEALTH CENTER,1036.0,367.0,485.0,1106.0,,120.0,732,733.0,1000,DISTRICT26,TABLET,120.0
ART-SUP,2024-11-01,HEALTH CENTER,2020.0,0.0,912.0,1756.0,,846.0,461,587.0,2,DISTRICT32,CAPSULE,846.0
ITN,2025-02-01,HEALTH CENTER,413.0,0.0,4.0,75.0,,223.0,-641,0.0,50,DISTRICT33,PIECE,223.0
SP,2024-02-01,HEALTH CENTER,437.0,206.0,651.0,1067.0,,2305.0,55,464.0,1000,DISTRICT13,TABLET,2305.0
PYRA-COMP,2024-05-01,HEALTH CENTER,924.0,0.0,279.0,874.0,250.0,210.0,-419,480.0,1,DISTRICT13,TABLET,-40.0
ACT-SC,2025-08-01,HEALTH CENTER,302.0,12.0,104.0,480.0,,11.0,21,35.0,30,DISTRICT29,BLISTER,11.0
ACT-SC,2025-08-01,HEALTH CENTER,4105.0,0.0,266.0,1578.0,,414.0,-903,173.0,30,DISTRICT12,BLISTER,414.0
SP,2024-08-01,HEALTH CENTER,323.0,0.0,32.0,29.0,167.0,0.0,331,4.0,1000,DISTRICT13,TABLET,-167.0
ACT-AD,2024-08-01,HEALTH CENTER,645.0,385.0,664.0,2033.0,546.0,1029.0,735,503.0,30,DISTRICT14,BLISTER,483.0
RDT,2024-08-01,HEALTH CENTER,1940.0,821.0,1016.0,3281.0,,2134.0,-484,862.0,25,DISTRICT3,PIECE,2134.0
PYRA-SAC,2024-02-01,DISTRICT HOSPITAL,2515.0,695.0,292.0,2686.0,,1.0,91,106.0,1,DISTRICT33,SACHET,1.0
ACT-GC,2025-02-01,HEALTH CENTER,26.0,0.0,8.0,87.0,,0.0,-182,2.0,30,DISTRICT25,BLISTER,0.0
ART-INJ,2024-08-01,HEALTH CENTER,892.0,85.0,138.0,887.0,,89.0,1065,448.0,5,DISTRICT16,VIAL,89.0
SP,2025-02-01,HEALTH CENTER,133.0,0.0,30.0,80.0,686.0,0.0,-119,2.0,1000,DISTRICT28,TABLET,-686.0
ACT-SC,2024-08-01,HEALTH CENTER,3.0,57.0,15.0,3.0,749.0,0.0,275,6.0,30,DISTRICT37,BLISTER,-749.0
ACT-INF,2025-02-01,HEALTH CENTER,99.0,0.0,6.0,20.0,1189.0,1603.0,526,15.0,30,DISTRICT9,BLISTER,414.0
QUIN,2024-08-01,HEALTH CENTER,364.0,6.0,40.0,70.0,,162.0,-802,22.0,1000,DISTRICT14,TABLET,162.0
ITN,2025-08-01,HEALTH CENTER,18.0,0.0,29.0,3.0,,6415.0,-209,47.0,50,DISTRICT8,PIECE,6415.0
QUIN,2025-02-01,HEALTH CENTER,281.0,0.0,85.0,187.0,,3.0,317,258.0,1000,DISTRICT30,TABLET,3.0
PYRA-COMP,2024-05-01,HEALTH CENTER,101.0,3305.0,40.0,184.0,,1.0,337,27.0,1,DISTRICT8,TABLET,1.0
ART-INJ,2024-08-01,HEALTH CENTER,868.0,10.0,342.0,1269.0,,10.0,459,904.0,5,DISTRICT5,VIAL,10.0
QUIN,2025-05-01,HEALTH CENTER,1197.0,188.0,88.0,2148.0,190.0,0.0,-485,108.0,1000,DISTRICT31,TABLET,-190.0
RDT,2024-11-01,HEALTH CENTER,728.0,91.0,69.0,390.0,,1.0,-472,32.0,25,DISTRICT9,PIECE,1.0
QUIN,2025-02-01,HEALTH CENTER,1254.0,0.0,62.0,689.0,,2.0,-530,18.0,1000,DISTRICT13,TABLET,2.0
ACT-SC,2024-11-01,HEALTH CENTER,845.0,301.0,224.0,586.0,,1.0,229,241.0,30,DISTRICT31,BLISTER,1.0
ACT-AD,2025-11-01,HEALTH CENTER,498.0,55.0,229.0,118.0,,3351.0,304,447.0,30,DISTRICT29,BLISTER,3351.0
QUIN,2025-05-01,HEALTH CENTER,605.0,0.0,370.0,2357.0,,1670.0,-42,192.0,1000,DISTRICT15,TABLET,1670.0
RDT,2024-11-01,HEALTH CENTER,285.0,1.0,95.0,22.0,,707.0,210,44.0,25,DISTRICT31,PIECE,707.0
QUIN,2025-02-01,HEALTH CENTER,315.0,9.0,175.0,479.0,,0.0,183,50.0,1000,DISTRICT22,TABLET,0.0
PYRA-SAC,2025-05-01,HEALTH CENTER,3351.0,283.0,655.0,3578.0,1260.0,1702.0,-67,262.0,1,DISTRICT7,SACHET,442.0
ACT-GC,2025-11-01,HEALTH CENTER,342.0,817.0,153.0,669.0,,354.0,-1092,129.0,30,DISTRICT4,BLISTER,354.0
ACT-SC,2024-11-01,HEALTH CENTER,1290.0,153.0,529.0,1903.0,848.0,6256.0,-351,643.0,30,DISTRICT20,BLISTER,5408.0
ACT-INF,2025-11-01,HEALTH CENTER,726.0,0.0,21.0,523.0,,0.0,150,8.0,30,DISTRICT1,BLISTER,0.0
ACT-INF,2024-02-01,HEALTH CENTER,939.0,1.0,20.0,114.0,,3.0,-657,33.0,30,DISTRICT36,BLISTER,3.0
ACT-INF,2025-11-01,DISTRICT HOSPITAL,312.0,0.0,251.0,255.0,641.0,110.0,-207,116.0,30,DISTRICT13,BLISTER,-531.0
ART-INJ,2025-08-01,HEALTH CENTER,5194.0,1.0,916.0,1927.0,,9022.0,-1083,1564.0,5,DISTRICT36,VIAL,9022.0
ART-INJ,2024-02-01,HEALTH CENTER,715.0,0.0,124.0,1103.0,,305.0,-14,54.0,5,DISTRICT3,VIAL,305.0
ACT-SC,2025-11-01,HEALTH CENTER,3031.0,65.0,1019.0,1649.0,366.0,816.0,371,1127.0,30,DISTRICT33,BLISTER,450.0
ACT-INF,2024-02-01,HEALTH CENTER,1497.0,0.0,245.0,1204.0,683.0,45.0,1,160.0,30,DISTRICT16,BLISTER,-638.0
ART-SUP,2024-02-01,HEALTH CENTER,463.0,7.0,16.0,142.0,555.0,2.0,-364,21.0,2,DISTRICT32,CAPSULE,-553.0
ITN,2025-08-01,HEALTH CENTER,190.0,139.0,28.0,1631.0,192.0,23.0,-173,15.0,50,DISTRICT20,PIECE,-169.0
QUIN,2025-05-01,HEALTH CENTER,63.0,0.0,20.0,61.0,,31.0,-406,8.0,1000,DISTRICT26,TABLET,31.0
RDT,2024-02-01,HEALTH CENTER,744.0,12.0,297.0,430.0,,69.0,267,467.0,25,DISTRICT25,PIECE,69.0
ACT-SC,2024-02-01,HEALTH CENTER,381.0,13.0,51.0,386.0,,1.0,-315,43.0,30,DISTRICT4,BLISTER,1.0
ACT-SC,2024-02-01,HEALTH CENTER,657.0,648.0,190.0,2410.0,,0.0,-43,43.0,30,DISTRICT2,BLISTER,0.0
ACT-AD,2024-08-01,HEALTH CENTER,1888.0,6.0,73.0,896.0,1500.0,0.0,-635,2.0,30,DISTRICT12,BLISTER,-1500.0
RDT,2024-05-01,HEALTH CENTER,1461.0,0.0,440.0,1222.0,,159.0,-321,149.0,25,DISTRICT4,PIECE,159.0
RDT,2024-11-01,HEALTH CENTER,81.0,365.0,478.0,184.0,,1196.0,-81,461.0,25,DISTRICT1,PIECE,1196.0
ACT-AD,2025-11-01,HEALTH CENTER,242.0,0.0,14.0,162.0,,2.0,-197,2.0,30,DISTRICT19,BLISTER,2.0
ART-SUP,2025-05-01,DISTRICT HOSPITAL,2006.0,0.0,133.0,1910.0,1412.0,0.0,-331,51.0,2,DISTRICT2,CAPSULE,-1412.0
ITN,2025-05-01,HEALTH CENTER,56.0,0.0,7.0,139.0,458.0,3.0,-318,42.0,50,DISTRICT15,PIECE,-455.0
ACT-GC,2025-11-01,HEALTH CENTER,9.0,1.0,2.0,97.0,,0.0,79,0.0,30,DISTRICT36,BLISTER,0.0
ITN,2025-11-01,HEALTH CENTER,25.0,0.0,16.0,74.0,116.0,3.0,176,2.0,50,DISTRICT28,PIECE,-113.0
ART-SUP,2025-08-01,HEALTH CENTER,865.0,24.0,333.0,1178.0,1141.0,214.0,-229,138.0,2,DISTRICT37,CAPSULE,-927.0
RDT,2025-11-01,HEALTH CENTER,817.0,0.0,296.0,207.0,,2493.0,-74,287.0,25,DISTRICT29,PIECE,2493.0
ART-INJ,2024-02-01,HEALTH CENTER,1125.0,125.0,726.0,664.0,,7871.0,151,318.0,5,DISTRICT33,VIAL,7871.0
PYRA-SAC,2024-08-01,HEALTH CENTER,15.0,95.0,56.0,70.0,,31.0,389,25.0,1,DISTRICT9,SACHET,31.0
PYRA-SAC,2025-08-01,HEALTH CENTER,613.0,1618.0,27.0,875.0,,611.0,247,37.0,1,DISTRICT7,SACHET,611.0
RDT,2024-05-01,HEALTH CENTER,132.0,21.0,13.0,504.0,,236.0,-44,2.0,25,DISTRICT22,PIECE,236.0
ACT-AD,2024-02-01,HEALTH CENTER,479.0,430.0,99.0,2055.0,,0.0,-85,24.0,30,DISTRICT31,BLISTER,0.0
QUIN,2024-05-01,HEALTH CENTER,31.0,0.0,1.0,5.0,,0.0,-732,1.0,1000,DISTRICT17,TABLET,0.0
ART-INJ,2025-05-01,HEALTH CENTER,316.0,637.0,139.0,518.0,,0.0,-147,56.0,5,DISTRICT2,VIAL,0.0
SP,2025-02-01,HEALTH CENTER,2870.0,250.0,991.0,3222.0,,1.0,614,304.0,1000,DISTRICT5,TABLET,1.0
ACT-AD,2025-11-01,HEALTH CENTER,2191.0,31.0,152.0,540.0,,46.0,60,81.0,30,DISTRICT35,BLISTER,46.0
RDT,2024-11-01,HEALTH CENTER,382.0,1711.0,292.0,2080.0,640.0,10.0,-266,107.0,25,DISTRICT10,PIECE,-630.0
PYRA-COMP,2024-08-01,HEALTH CENTER,216.0,113.0,88.0,366.0,,184.0,-117,12.0,1,DISTRICT19,TABLET,184.0
ACT-GC,2024-02-01,HEALTH CENTER,6813.0,0.0,1803.0,3721.0,,2273.0,-134,1868.0,30,DISTRICT1,BLISTER,2273.0
ART-INJ,2024-11-01,DISTRICT HOSPITAL,881.0,159.0,865.0,1208.0,,1385.0,624,771.0,5,DISTRICT24,VIAL,1385.0
ACT-GC,2024-02-01,HEALTH CENTER,140.0,0.0,79.0,206.0,488.0,100.0,137,406.0,30,DISTRICT33,BLISTER,-388.0
PYRA-SAC,2025-05-01,HEALTH CENTER,1461.0,2.0,678.0,1058.0,2896.0,4012.0,-611,544.0,1,DISTRICT7,SACHET,1116.0
QUIN,2024-05-01,DISTRICT HOSPITAL,202.0,2.0,105.0,1177.0,,0.0,190,72.0,1000,DISTRICT1,TABLET,0.0
ART-INJ,2024-08-01,HEALTH CENTER,259.0,251.0,208.0,334.0,,4306.0,321,105.0,5,DISTRICT23,VIAL,4306.0
ACT-GC,2024-02-01,HEALTH CENTER,4005.0,2.0,830.0,2214.0,,14.0,-126,780.0,30,DISTRICT7,BLISTER,14.0
ACT-SC,2025-08-01,HEALTH CENTER,1081.0,22.0,265.0,959.0,1176.0,8466.0,79,213.0,30,DISTRICT28,BLISTER,7290.0
RDT,2025-11-01,HEALTH CENTER,638.0,140.0,288.0,859.0,,80.0,-70,248.0,25,DISTRICT26,PIECE,80.0
ACT-INF,2025-02-01,HEALTH CENTER,1001.0,69.0,270.0,1111.0,,0.0,740,447.0,30,DISTRICT28,BLISTER,0.0
PYRA-COMP,2025-08-01,HEALTH CENTER,789.0,3.0,357.0,113.0,984.0,4622.0,767,149.0,1,DISTRICT23,TABLET,3638.0
ART-INJ,2024-05-01,HEALTH CENTER,293.0,1.0,83.0,234.0,,129.0,257,38.0,5,DISTRICT13,VIAL,129.0
ACT-SC,2025-11-01,HEALTH CENTER,1.0,0.0,0.0,1.0,,0.0,541,0.0,30,DISTRICT17,BLISTER,0.0
QUIN,2025-08-01,HEALTH CENTER,2703.0,0.0,669.0,4313.0,367.0,35.0,363,623.0,1000,DISTRICT9,TABLET,-332.0
PYRA-SAC,2025-08-01,DISTRICT HOSPITAL,809.0,474.0,125.0,1288.0,,0.0,-214,73.0,1,DISTRICT12,SACHET,0.0
RDT,2025-05-01,HEALTH CENTER,144.0,593.0,114.0,1044.0,,140.0,8,59.0,25,DISTRICT3,PIECE,140.0
RDT,2024-02-01,HEALTH CENTER,2178.0,1.0,367.0,770.0,553.0,4.0,453,272.0,25,DISTRICT25,PIECE,-549.0
PYRA-COMP,2025-08-01,HEALTH CENTER,112.0,0.0,30.0,561.0,,0.0,-48,10.0,1,DISTRICT8,TABLET,0.0
ACT-GC,2024-05-01,HEALTH CENTER,905.0,7.0,271.0,1481.0,,0.0,298,78.0,30,DISTRICT17,BLISTER,0.0
ITN,2025-11-01,HEALTH CENTER,693.0,436.0,129.0,1239.0,694.0,73.0,252,37.0,50,DISTRICT26,PIECE,-621.0
ACT-SC,2024-05-01,DISTRICT HOSPITAL,296.0,0.0,116.0,500.0,1151.0,521.0,-864,204.0,30,DISTRICT31,BLISTER,-630.0
ITN,2025-08-01,HEALTH CENTER,402.0,124.0,153.0,267.0,,223.0,224,77.0,50,DISTRICT28,PIECE,223.0
ACT-GC,2025-02-01,HEALTH CENTER,810.0,171.0,715.0,355.0,1902.0,6135.0,343,1067.0,30,DISTRICT32,BLISTER,4233.0
ART-INJ,2025-08-01,HEALTH CENTER,167.0,19.0,117.0,72.0,,12.0,75,74.0,5,DISTRICT35,VIAL,12.0
ACT-INF,2024-05-01,HEALTH CENTER,26.0,2.0,75.0,66.0,,54.0,12,125.0,30,DISTRICT10,BLISTER,54.0
PYRA-SAC,2025-05-01,HEALTH CENTER,8.0,10.0,4.0,85.0,670.0,0.0,944,6.0,1,DISTRICT1,SACHET,-670.0
ART-SUP,2025-05-01,HEALTH CENTER,1201.0,0.0,97.0,151.0,,569.0,92,25.0,2,DISTRICT5,CAPSULE,569.0
PYRA-SAC,2025-11-01,HEALTH CENTER,1232.0,2283.0,392.0,5157.0,,0.0,408,163.0,1,DISTRICT13,SACHET,0.0
RDT,2024-08-01,HEALTH CENTER,3295.0,0.0,299.0,3317.0,,0.0,-84,103.0,25,DISTRICT23,PIECE,0.0
ACT-AD,2025-05-01,HEALTH CENTER,1475.0,0.0,280.0,711.0,,91.0,-474,118.0,30,DISTRICT38,BLISTER,91.0
ITN,2025-02-01,HEALTH CENTER,72.0,34.0,66.0,247.0,,0.0,-578,10.0,50,DISTRICT29,PIECE,0.0
ACT-INF,2024-05-01,HEALTH CENTER,4949.0,0.0,422.0,2271.0,,4.0,-171,261.0,30,DISTRICT4,BLISTER,4.0
ACT-SC,2024-02-01,HEALTH CENTER,14.0,59.0,3.0,65.0,,6.0,-738,0.0,30,DISTRICT22,BLISTER,6.0
SP,2025-05-01,HEALTH CENTER,1283.0,0.0,138.0,10.0,,331.0,65,78.0,1000,DISTRICT27,TABLET,331.0
PYRA-SAC,2025-11-01,HEALTH CENTER,502.0,119.0,35.0,1452.0,,682.0,149,149.0,1,DISTRICT36,SACHET,682.0
ACT-INF,2025-11-01,HEALTH CENTER,2873.0,0.0,529.0,651.0,,2363.0,-206,714.0,30,DISTRICT36,BLISTER,2363.0
ACT-INF,2025-11-01,HEALTH CENTER,761.0,0.0,18.0,747.0,,31.0,381,10.0,30,DISTRICT19,BLISTER,31.0
ART-INJ,2025-05-01,HEALTH CENTER,327.0,529.0,74.0,854.0,574.0,0.0,130,56.0,5,DISTRICT13,VIAL,-574.0
ACT-INF,2024-02-01,HEALTH CENTER,80.0,2.0,46.0,215.0,,22.0,-412,13.0,30,DISTRICT18,BLISTER,22.0
ART-INJ,2024-11-01,HEALTH CENTER,251.0,1.0,89.0,586.0,,1.0,441,136.0,5,DISTRICT23,VIAL,1.0
ACT-AD,2024-02-01,HEALTH CENTER,2066.0,637.0,723.0,3269.0,967.0,0.0,334,502.0,30,DISTRICT33,BLISTER,-967.0
RDT,2025-05-01,HEALTH CENTER,64.0,0.0,132.0,523.0,612.0,176.0,-168,108.0,25,DISTRICT31,PIECE,-436.0
ACT-AD,2024-11-01,HEALTH CENTER,29.0,0.0,53.0,50.0,,37.0,909,24.0,30,DISTRICT33,BLISTER,37.0
RDT,2024-11-01,HEALTH CENTER,63.0,51.0,90.0,16.0,,3970.0,57,66.0,25,DISTRICT19,PIECE,3970.0
ART-INJ,2025-08-01,HEALTH CENTER,2431.0,0.0,559.0,642.0,,205.0,448,403.0,5,DISTRICT16,VIAL,205.0
QUIN,2024-02-01,HEALTH CENTER,50.0,37.0,41.0,188.0,,1670.0,642,12.0,1000,DISTRICT20,TABLET,1670.0
ACT-AD,2025-02-01,HEALTH CENTER,690.0,0.0,87.0,342.0,,0.0,669,6.0,30,DISTRICT9,BLISTER,0.0
ACT-SC,2025-05-01,HEALTH CENTER,463.0,398.0,220.0,1173.0,,126.0,-158,336.0,30,DISTRICT5,BLISTER,126.0
ITN,2025-11-01,HEALTH CENTER,0.0,150.0,5.0,29.0,,82.0,271,4.0,50,DISTRICT13,PIECE,82.0
PYRA-SAC,2025-11-01,HEALTH CENTER,1088.0,204.0,298.0,489.0,,0.0,196,170.0,1,DISTRICT29,SACHET,0.0
ART-INJ,2025-11-01,HEALTH CENTER,7155.0,14.0,900.0,2593.0,,185.0,-840,845.0,5,DISTRICT11,VIAL,185.0
ACT-AD,2024-02-01,HEALTH CENTER,1297.0,4.0,660.0,380.0,,2001.0,-106,632.0,30,DISTRICT1,BLISTER,2001.0
SP,2024-08-01,HEALTH CENTER,39.0,32.0,4.0,194.0,,0.0,-284,1.0,1000,DISTRICT27,TABLET,0.0
PYRA-COMP,2025-05-01,HEALTH CENTER,53.0,75.0,99.0,346.0,,0.0,-353,47.0,1,DISTRICT25,TABLET,0.0
ACT-INF,2025-02-01,HEALTH CENTER,877.0,0.0,200.0,113.0,535.0,0.0,239,133.0,30,DISTRICT15,BLISTER,-535.0
ART-SUP,2025-08-01,HEALTH CENTER,180.0,290.0,218.0,376.0,,24.0,-107,136.0,2,DISTRICT37,CAPSULE,24.0
RDT,2025-05-01,DISTRICT HOSPITAL,583.0,235.0,147.0,920.0,,451.0,-119,97.0,25,DISTRICT29,PIECE,451.0
ART-SUP,2024-05-01,HEALTH CENTER,55.0,1370.0,183.0,243.0,,3453.0,280,188.0,2,DISTRICT31,CAPSULE,3453.0
SP,2025-08-01,DISTRICT HOSPITAL,579.0,0.0,96.0,55.0,374.0,0.0,-385,32.0,1000,DISTRICT9,TABLET,-374.0
ITN,2025-08-01,HEALTH CENTER,424.0,41.0,159.0,1348.0,,0.0,168,310.0,50,DISTRICT31,PIECE,0.0
ITN,2025-11-01,DISTRICT HOSPITAL,1357.0,7.0,422.0,2082.0,,282.0,741,774.0,50,DISTRICT25,PIECE,282.0
ART-INJ,2024-08-01,HEALTH CENTER,978.0,28.0,577.0,1486.0,,127.0,185,290.0,5,DISTRICT29,VIAL,127.0
QUIN,2024-11-01,HEALTH CENTER,1257.0,1335.0,650.0,1823.0,1300.0,37.0,-376,142.0,1000,DISTRICT14,TABLET,-1263.0
ACT-INF,2024-11-01,HEALTH CENTER,574.0,0.0,136.0,680.0,,0.0,713,50.0,30,DISTRICT24,BLISTER,0.0
QUIN,2024-02-01,HEALTH CENTER,1448.0,2473.0,1096.0,2363.0,,656.0,-381,1553.0,1000,DISTRICT20,TABLET,656.0
ACT-GC,2024-08-01,HEALTH CENTER,231.0,9.0,21.0,130.0,,0.0,-432,19.0,30,DISTRICT31,BLISTER,0.0
ACT-SC,2025-05-01,HEALTH CENTER,1210.0,0.0,174.0,629.0,,23.0,-72,135.0,30,DISTRICT38,BLISTER,23.0
ACT-GC,2025-02-01,HEALTH CENTER,10429.0,46.0,1767.0,8818.0,,96.0,233,2101.0,30,DISTRICT32,BLISTER,96.0
ACT-GC,2024-02-01,HEALTH CENTER,13.0,0.0,70.0,52.0,,11.0,-36,24.0,30,DISTRICT6,BLISTER,11.0
ART-SUP,2025-05-01,HEALTH CENTER,59.0,444.0,46.0,18.0,,175.0,369,2.0,2,DISTRICT5,CAPSULE,175.0
RDT,2024-02-01,HEALTH CENTER,58.0,209.0,58.0,122.0,,637.0,-225,54.0,25,DISTRICT8,PIECE,637.0
ART-SUP,2025-02-01,HEALTH CENTER,1742.0,1.0,163.0,1850.0,1234.0,0.0,-905,100.0,2,DISTRICT10,CAPSULE,-1234.0
ACT-SC,2024-08-01,HEALTH CENTER,1287.0,3.0,719.0,2064.0,1087.0,877.0,-1,513.0,30,DISTRICT17,BLISTER,-210.0
RDT,2024-02-01,HEALTH CENTER,890.0,2950.0,397.0,1569.0,,956.0,32,248.0,25,DISTRICT24,PIECE,956.0
ACT-INF,2024-11-01,HEALTH CENTER,999.0,488.0,850.0,1993.0,,231.0,-260,1034.0,30,DISTRICT15,BLISTER,231.0
RDT,2024-02-01,HEALTH CENTER,5783.0,1.0,528.0,3722.0,,63.0,-159,432.0,25,DISTRICT31,PIECE,63.0
RDT,2024-08-01,HEALTH CENTER,2176.0,6.0,199.0,549.0,1365.0,0.0,-1051,79.0,25,DISTRICT3,PIECE,-1365.0
ACT-SC,2024-02-01,DISTRICT HOSPITAL,2678.0,0.0,1190.0,849.0,,521.0,203,1693.0,30,DISTRICT2,BLISTER,521.0
ACT-GC,2025-02-01,HEALTH CENTER,512.0,172.0,396.0,1023.0,,225.0,-336,106.0,30,DISTRICT15,BLISTER,225.0
PYRA-COMP,2024-08-01,DISTRICT HOSPITAL,184.0,24.0,326.0,127.0,,2.0,-503,151.0,1,DISTRICT9,TABLET,2.0
ACT-AD,2024-11-01,HEALTH CENTER,323.0,152.0,326.0,441.0,,83.0,164,170.0,30,DISTRICT19,BLISTER,83.0
SP,2024-02-01,HEALTH CENTER,1548.0,685.0,776.0,1566.0,,494.0,-371,247.0,1000,DISTRICT23,TABLET,494.0
PYRA-COMP,2024-11-01,HEALTH CENTER,2235.0,0.0,742.0,1679.0,,10941.0,467,558.0,1,DISTRICT20,TABLET,10941.0
ACT-GC,2024-08-01,HEALTH CENTER,395.0,0.0,276.0,38.0,,16.0,-584,106.0,30,DISTRICT10,BLISTER,16.0
PYRA-COMP,2024-08-01,HEALTH CENTER,4894.0,1882.0,982.0,4500.0,,19.0,-219,783.0,1,DISTRICT31,TABLET,19.0
SP,2024-08-01,HEALTH CENTER,2677.0,1.0,189.0,1694.0,,0.0,-564,264.0,1000,DISTRICT15,TABLET,0.0
PYRA-COMP,2024-02-01,HEALTH CENTER,109.0,2.0,6.0,344.0,1114.0,1477.0,-634,22.0,1,DISTRICT23,TABLET,363.0
RDT,2024-02-01,DISTRICT HOSPITAL,1815.0,8.0,104.0,1552.0,,0.0,-418,333.0,25,DISTRICT29,PIECE,0.0
SP,2024-11-01,HEALTH CENTER,747.0,4.0,560.0,1787.0,,34.0,399,716.0,1000,DISTRICT36,TABLET,34.0
RDT,2024-05-01,HEALTH CENTER,930.0,24.0,180.0,982.0,,642.0,105,69.0,25,DISTRICT24,PIECE,642.0
QUIN,2024-08-01,HEALTH CENTER,6554.0,86.0,794.0,3083.0,,217.0,-477,567.0,1000,DISTRICT25,TABLET,217.0
ACT-GC,2024-05-01,HEALTH CENTER,304.0,0.0,198.0,29.0,,1290.0,-445,114.0,30,DISTRICT37,BLISTER,1290.0
ART-SUP,2024-11-01,HEALTH CENTER,301.0,0.0,147.0,265.0,,55.0,34,90.0,2,DISTRICT36,CAPSULE,55.0
PYRA-COMP,2025-05-01,HEALTH CENTER,1243.0,1139.0,578.0,3084.0,,30.0,-615,731.0,1,DISTRICT17,TABLET,30.0
QUIN,2024-05-01,HEALTH CENTER,20.0,0.0,5.0,101.0,278.0,2.0,98,0.0,1000,DISTRICT15,TABLET,-276.0
ART-INJ,2024-11-01,HEALTH CENTER,2312.0,0.0,269.0,2000.0,213.0,253.0,-710,371.0,5,DISTRICT25,VIAL,40.0
ART-INJ,2024-05-01,HEALTH CENTER,74.0,380.0,294.0,683.0,,47.0,-50,590.0,5,DISTRICT15,VIAL,47.0
ART-SUP,2025-02-01,REGIONAL HOSPITAL,1238.0,511.0,133.0,1335.0,,0.0,-912,59.0,2,DISTRICT12,CAPSULE,0.0
ACT-AD,2025-08-01,HEALTH CENTER,900.0,3.0,390.0,390.0,,106.0,-120,300.0,30,DISTRICT9,BLISTER,106.0
ART-INJ,2025-05-01,HEALTH CENTER,139.0,515.0,21.0,954.0,264.0,0.0,-724,0.0,5,DISTRICT28,VIAL,-264.0
QUIN,2024-05-01,HEALTH CENTER,1465.0,45.0,434.0,1101.0,1908.0,8.0,-99,115.0,1000,DISTRICT32,TABLET,-1900.0
ACT-SC,2025-02-01,HEALTH CENTER,1072.0,9.0,135.0,380.0,,3298.0,466,12.0,30,DISTRICT29,BLISTER,3298.0
SP,2025-05-01,HEALTH CENTER,292.0,8.0,65.0,51.0,,0.0,-184,3.0,1000,DISTRICT32,TABLET,0.0
ART-SUP,2025-05-01,HEALTH CENTER,1827.0,99.0,407.0,2982.0,,2.0,542,555.0,2,DISTRICT23,CAPSULE,2.0
ACT-INF,2024-05-01,HEALTH CENTER,1256.0,182.0,421.0,1144.0,319.0,0.0,-100,674.0,30,DISTRICT17,BLISTER,-319.0
SP,2024-08-01,HEALTH CENTER,294.0,10.0,98.0,301.0,,4.0,-362,126.0,1000,DISTRICT33,TABLET,4.0
ITN,2025-08-01,HEALTH CENTER,815.0,388.0,254.0,2131.0,748.0,30.0,-70,254.0,50,DISTRICT11,PIECE,-718.0
ART-SUP,2024-11-01,HEALTH CENTER,201.0,0.0,39.0,160.0,,0.0,56,11.0,2,DISTRICT30,CAPSULE,0.0
QUIN,2024-11-01,HEALTH CENTER,304.0,1.0,599.0,1152.0,902.0,2.0,-245,394.0,1000,DISTRICT20,TABLET,-900.0
ACT-INF,2024-05-01,HEALTH CENTER,1423.0,2.0,365.0,3905.0,,97.0,-47,363.0,30,DISTRICT5,BLISTER,97.0
PYRA-COMP,2025-08-01,HEALTH CENTER,239.0,421.0,661.0,2072.0,,3.0,-205,545.0,1,DISTRICT13,TABLET,3.0
ACT-INF,2024-08-01,HEALTH CENTER,155.0,1440.0,438.0,1013.0,,10.0,209,90.0,30,DISTRICT20,BLISTER,10.0
ACT-SC,2024-05-01,HEALTH CENTER,304.0,13.0,214.0,385.0,,108.0,269,263.0,30,DISTRICT4,BLISTER,108.0
ITN,2025-05-01,HEALTH CENTER,1453.0,21.0,150.0,369.0,,2062.0,108,111.0,50,DISTRICT6,PIECE,2062.0
ITN,2025-08-01,HEALTH CENTER,6913.0,66.0,721.0,2237.0,,665.0,-328,250.0,50,DISTRICT38,PIECE,665.0
SP,2024-02-01,HEALTH CENTER,422.0,0.0,288.0,158.0,,1762.0,-87,180.0,1000,DISTRICT6,TABLET,1762.0
ITN,2024-11-01,HEALTH CENTER,1351.0,4.0,148.0,765.0,,118.0,-24,123.0,50,DISTRICT20,PIECE,118.0
ITN,2025-11-01,HEALTH CENTER,5.0,0.0,9.0,19.0,,83.0,412,1.0,50,DISTRICT30,PIECE,83.0
RDT,2025-08-01,HEALTH CENTER,1345.0,0.0,618.0,904.0,,12.0,-429,166.0,25,DISTRICT6,PIECE,12.0
SP,2024-05-01,HEALTH CENTER,363.0,0.0,162.0,513.0,,496.0,-371,124.0,1000,DISTRICT32,TABLET,496.0
ACT-AD,2025-11-01,HEALTH CENTER,407.0,8.0,261.0,449.0,91.0,0.0,378,55.0,30,DISTRICT28,BLISTER,-91.0
ITN,2025-02-01,HEALTH CENTER,314.0,1384.0,75.0,1462.0,439.0,3388.0,292,300.0,50,DISTRICT1,PIECE,2949.0
PYRA-SAC,2025-08-01,HEALTH CENTER,2630.0,1.0,855.0,1391.0,,6546.0,-218,571.0,1,DISTRICT4,SACHET,6546.0
SP,2024-08-01,HEALTH CENTER,1449.0,13.0,270.0,949.0,445.0,0.0,417,217.0,1000,DISTRICT6,TABLET,-445.0
ACT-SC,2024-02-01,DISTRICT HOSPITAL,3.0,146.0,3.0,82.0,1183.0,10.0,-145,3.0,30,DISTRICT18,BLISTER,-1173.0
QUIN,2024-11-01,HEALTH CENTER,522.0,1.0,51.0,1140.0,213.0,0.0,581,24.0,1000,DISTRICT35,TABLET,-213.0
QUIN,2025-05-01,HEALTH CENTER,21.0,0.0,1.0,41.0,,0.0,601,0.0,1000,DISTRICT31,TABLET,0.0
ART-INJ,2025-05-01,HEALTH CENTER,1317.0,17.0,379.0,250.0,,1173.0,27,630.0,5,DISTRICT9,VIAL,1173.0
PYRA-SAC,2024-11-01,HEALTH CENTER,64.0,733.0,49.0,53.0,,21.0,346,46.0,1,DISTRICT2,SACHET,21.0
ART-INJ,2025-02-01,HEALTH CENTER,35.0,0.0,9.0,19.0,,0.0,-221,1.0,5,DISTRICT20,VIAL,0.0
ACT-INF,2024-08-01,HEALTH CENTER,230.0,0.0,32.0,62.0,,0.0,7,1.0,30,DISTRICT20,BLISTER,0.0
RDT,2024-11-01,HEALTH CENTER,1097.0,87.0,824.0,2052.0,1333.0,155.0,318,502.0,25,DISTRICT19,PIECE,-1178.0
ACT-INF,2025-02-01,DISTRICT HOSPITAL,24.0,0.0,6.0,19.0,,0.0,-413,1.0,30,DISTRICT30,BLISTER,0.0
RDT,2025-11-01,HEALTH CENTER,203.0,316.0,493.0,329.0,1815.0,2236.0,605,299.0,25,DISTRICT7,PIECE,421.0
ACT-INF,2024-02-01,HEALTH CENTER,382.0,151.0,40.0,553.0,,60.0,159,19.0,30,DISTRICT10,BLISTER,60.0
ACT-GC,2024-11-01,HEALTH CENTER,378.0,13.0,37.0,181.0,788.0,2307.0,-246,33.0,30,DISTRICT28,BLISTER,1519.0
ART-INJ,2025-11-01,HEALTH CENTER,1504.0,32.0,550.0,1980.0,,3063.0,-372,638.0,5,DISTRICT29,VIAL,3063.0
ACT-GC,2024-05-01,HEALTH CENTER,1.0,9.0,13.0,6.0,,0.0,598,1.0,30,DISTRICT5,BLISTER,0.0
RDT,2025-02-01,HEALTH CENTER,2028.0,539.0,481.0,727.0,1039.0,332.0,-226,449.0,25,DISTRICT15,PIECE,-707.0
ACT-INF,2025-05-01,HEALTH CENTER,25.0,4.0,11.0,37.0,710.0,0.0,-120,7.0,30,DISTRICT26,BLISTER,-710.0
PYRA-SAC,2025-05-01,HEALTH CENTER,578.0,557.0,211.0,2048.0,760.0,20.0,803,20.0,1,DISTRICT29,SACHET,-740.0
RDT,2025-05-01,HEALTH CENTER,351.0,0.0,54.0,878.0,,7.0,-351,55.0,25,DISTRICT26,PIECE,7.0
ACT-AD,2025-08-01,HEALTH CENTER,322.0,0.0,101.0,498.0,534.0,4.0,76,134.0,30,DISTRICT1,BLISTER,-530.0
RDT,2025-02-01,DISTRICT HOSPITAL,1402.0,616.0,846.0,2828.0,545.0,1297.0,972,1490.0,25,DISTRICT32,PIECE,752.0
PYRA-SAC,2024-11-01,HEALTH CENTER,11.0,156.0,24.0,238.0,,0.0,-285,0.0,1,DISTRICT33,SACHET,0.0
RDT,2024-11-01,DISTRICT HOSPITAL,391.0,20.0,241.0,1196.0,,1004.0,162,622.0,25,DISTRICT24,PIECE,1004.0
ACT-SC,2024-11-01,HEALTH CENTER,133.0,0.0,37.0,139.0,,130.0,-138,14.0,30,DISTRICT18,BLISTER,130.0
ACT-INF,2024-08-01,HEALTH CENTER,1905.0,0.0,235.0,674.0,,2.0,-207,100.0,30,DISTRICT20,BLISTER,2.0
SP,2025-11-01,HEALTH CENTER,5314.0,124.0,1888.0,4665.0,,1595.0,-229,1064.0,1000,DISTRICT18,TABLET,1595.0
SP,2025-05-01,HEALTH CENTER,2100.0,13.0,661.0,1716.0,,9562.0,69,1107.0,1000,DISTRICT38,TABLET,9562.0
ACT-INF,2024-11-01,HEALTH CENTER,4033.0,0.0,807.0,1991.0,,57.0,244,537.0,30,DISTRICT5,BLISTER,57.0
ART-SUP,2025-02-01,HEALTH CENTER,96.0,0.0,48.0,127.0,,29.0,157,93.0,2,DISTRICT33,CAPSULE,29.0
ACT-GC,2024-02-01,HEALTH CENTER,1432.0,795.0,462.0,1781.0,1208.0,408.0,66,554.0,30,DISTRICT18,BLISTER,-800.0
ACT-GC,2024-11-01,DISTRICT HOSPITAL,631.0,511.0,791.0,1121.0,,293.0,-626,436.0,30,DISTRICT36,BLISTER,293.0
SP,2024-11-01,HEALTH CENTER,111.0,0.0,10.0,13.0,,197.0,575,4.0,1000,DISTRICT12,TABLET,197.0
PYRA-COMP,2024-02-01,HEALTH CENTER,1086.0,980.0,144.0,1378.0,,1.0,-571,78.0,1,DISTRICT1,TABLET,1.0
QUIN,2024-08-01,HEALTH CENTER,166.0,11.0,319.0,242.0,106.0,29.0,599,564.0,1000,DISTRICT19,TABLET,-77.0
PYRA-COMP,2025-05-01,HEALTH CENTER,1710.0,2.0,491.0,1960.0,463.0,117.0,-102,352.0,1,DISTRICT13,TABLET,-346.0
ITN,2025-08-01,HEALTH CENTER,1633.0,549.0,478.0,712.0,,2351.0,-395,301.0,50,DISTRICT31,PIECE,2351.0
PYRA-SAC,2024-05-01,HEALTH CENTER,70.0,16.0,97.0,86.0,,552.0,214,148.0,1,DISTRICT10,SACHET,552.0
PYRA-COMP,2024-11-01,HEALTH CENTER,519.0,0.0,111.0,560.0,636.0,261.0,603,71.0,1,DISTRICT28,TABLET,-375.0
QUIN,2025-11-01,HEALTH CENTER,442.0,0.0,140.0,304.0,,1799.0,-259,58.0,1000,DISTRICT15,TABLET,1799.0
ITN,2024-11-01,HEALTH CENTER,312.0,0.0,5.0,125.0,17.0,0.0,-234,9.0,50,DISTRICT31,PIECE,-17.0
RDT,2024-11-01,HEALTH CENTER,264.0,33.0,79.0,69.0,1532.0,6719.0,-124,162.0,25,DISTRICT28,PIECE,5187.0
ACT-GC,2025-02-01,HEALTH CENTER,478.0,86.0,99.0,660.0,461.0,69.0,-219,25.0,30,DISTRICT2,BLISTER,-392.0
ITN,2025-05-01,HEALTH CENTER,81.0,2.0,38.0,58.0,,9.0,695,75.0,50,DISTRICT20,PIECE,9.0
PYRA-COMP,2025-11-01,HEALTH CENTER,1289.0,0.0,161.0,822.0,,1.0,-482,61.0,1,DISTRICT28,TABLET,1.0
QUIN,2025-05-01,HEALTH CENTER,1636.0,4.0,83.0,755.0,938.0,0.0,-209,25.0,1000,DISTRICT7,TABLET,-938.0
ITN,2024-08-01,HEALTH CENTER,671.0,9.0,48.0,560.0,,2.0,43,18.0,50,DISTRICT29,PIECE,2.0
ACT-GC,2024-02-01,DISTRICT HOSPITAL,126.0,14.0,288.0,484.0,,1027.0,-104,88.0,30,DISTRICT3,BLISTER,1027.0
QUIN,2025-02-01,HEALTH CENTER,905.0,0.0,28.0,341.0,,1.0,-136,10.0,1000,DISTRICT13,TABLET,1.0
ACT-INF,2025-08-01,HEALTH CENTER,3333.0,25.0,326.0,1322.0,,222.0,-114,350.0,30,DISTRICT31,BLISTER,222.0
ACT-GC,2025-08-01,HEALTH CENTER,1267.0,824.0,95.0,1986.0,,0.0,-1505,12.0,30,DISTRICT33,BLISTER,0.0
PYRA-SAC,2025-08-01,HEALTH CENTER,719.0,1147.0,266.0,2118.0,,0.0,435,118.0,1,DISTRICT23,SACHET,0.0
ACT-AD,2024-08-01,HEALTH CENTER,1112.0,1.0,228.0,1661.0,,0.0,127,6.0,30,DISTRICT16,BLISTER,0.0
ACT-SC,2025-02-01,HEALTH CENTER,1014.0,455.0,1367.0,2326.0,,2.0,-189,808.0,30,DISTRICT36,BLISTER,2.0
ACT-GC,2025-08-01,HEALTH CENTER,82.0,1.0,54.0,220.0,,0.0,137,6.0,30,DISTRICT10,BLISTER,0.0
SP,2024-11-01,HEALTH CENTER,1134.0,0.0,113.0,157.0,,1.0,-709,5.0,1000,DISTRICT31,TABLET,1.0
ART-INJ,2025-11-01,HEALTH CENTER,389.0,4.0,57.0,499.0,,0.0,1186,44.0,5,DISTRICT9,VIAL,0.0
ACT-SC,2025-11-01,HEALTH CENTER,371.0,0.0,150.0,146.0,,44.0,-957,111.0,30,DISTRICT13,BLISTER,44.0
ACT-INF,2024-08-01,HEALTH CENTER,1559.0,0.0,350.0,337.0,1097.0,528.0,48,307.0,30,DISTRICT10,BLISTER,-569.0
QUIN,2025-11-01,HEALTH CENTER,169.0,265.0,102.0,620.0,,0.0,-428,107.0,1000,DISTRICT7,TABLET,0.0
RDT,2024-08-01,HEALTH CENTER,392.0,0.0,51.0,118.0,,0.0,214,35.0,25,DISTRICT29,PIECE,0.0
QUIN,2024-11-01,HEALTH CENTER,1815.0,35.0,296.0,1548.0,,344.0,48,913.0,1000,DISTRICT19,TABLET,344.0
SP,2025-08-01,HEALTH CENTER,1157.0,0.0,31.0,348.0,,1.0,155,8.0,1000,DISTRICT36,TABLET,1.0
SP,2025-11-01,HEALTH CENTER,72.0,0.0,17.0,72.0,,0.0,-154,0.0,1000,DISTRICT28,TABLET,0.0
ACT-SC,2025-05-01,HEALTH CENTER,338.0,61.0,35.0,58.0,750.0,37.0,760,7.0,30,DISTRICT35,BLISTER,-713.0
ACT-INF,2024-08-01,HEALTH CENTER,420.0,24.0,526.0,647.0,,715.0,521,655.0,30,DISTRICT26,BLISTER,715.0
ACT-GC,2025-02-01,HEALTH CENTER,289.0,1334.0,329.0,1097.0,,1575.0,381,561.0,30,DISTRICT15,BLISTER,1575.0
ITN,2024-05-01,HEALTH CENTER,234.0,0.0,31.0,122.0,,0.0,-416,1.0,50,DISTRICT20,PIECE,0.0
ART-SUP,2024-11-01,HEALTH CENTER,773.0,1525.0,728.0,3252.0,,0.0,46,832.0,2,DISTRICT29,CAPSULE,0.0
ART-INJ,2025-02-01,HEALTH CENTER,82.0,44.0,135.0,82.0,,2.0,33,121.0,5,DISTRICT10,VIAL,2.0
ART-SUP,2024-08-01,HEALTH CENTER,119.0,50.0,45.0,321.0,1040.0,332.0,104,12.0,2,DISTRICT25,CAPSULE,-708.0
ITN,2024-08-01,HEALTH CENTER,2127.0,121.0,175.0,1991.0,,0.0,141,139.0,50,DISTRICT24,PIECE,0.0
ITN,2024-02-01,HEALTH CENTER,3216.0,12.0,116.0,2462.0,,62.0,93,53.0,50,DISTRICT25,PIECE,62.0
PYRA-SAC,2024-05-01,HEALTH CENTER,3625.0,896.0,747.0,3732.0,751.0,0.0,-124,253.0,1,DISTRICT32,SACHET,-751.0
ACT-AD,2024-05-01,HEALTH CENTER,2270.0,32.0,46.0,553.0,369.0,26.0,-205,20.0,30,DISTRICT19,BLISTER,-343.0
PYRA-COMP,2024-02-01,HEALTH CENTER,228.0,21.0,119.0,366.0,,53.0,43,85.0,1,DISTRICT35,TABLET,53.0
ACT-AD,2025-08-01,HEALTH CENTER,2186.0,297.0,639.0,2634.0,,0.0,-390,998.0,30,DISTRICT13,BLISTER,0.0
PYRA-SAC,2025-11-01,HEALTH CENTER,4144.0,0.0,671.0,1989.0,,12339.0,117,911.0,1,DISTRICT30,SACHET,12339.0
PYRA-COMP,2024-08-01,HEALTH CENTER,811.0,128.0,494.0,479.0,,5869.0,729,459.0,1,DISTRICT29,TABLET,5869.0
ART-SUP,2024-11-01,HEALTH CENTER,359.0,381.0,259.0,926.0,,7.0,94,199.0,2,DISTRICT21,CAPSULE,7.0
ACT-INF,2025-02-01,HEALTH CENTER,1083.0,0.0,96.0,132.0,282.0,91.0,-381,24.0,30,DISTRICT35,BLISTER,-191.0
ITN,2024-08-01,DISTRICT HOSPITAL,86.0,68.0,42.0,272.0,,827.0,261,14.0,50,DISTRICT33,PIECE,827.0
QUIN,2024-02-01,HEALTH CENTER,112.0,0.0,92.0,372.0,,0.0,117,155.0,1000,DISTRICT31,TABLET,0.0
ART-SUP,2024-05-01,HEALTH CENTER,23.0,6.0,19.0,2.0,841.0,114.0,157,1.0,2,DISTRICT5,CAPSULE,-727.0
PYRA-COMP,2025-05-01,HEALTH CENTER,677.0,117.0,194.0,69.0,699.0,0.0,-668,152.0,1,DISTRICT33,TABLET,-699.0
ACT-GC,2024-08-01,DISTRICT HOSPITAL,7.0,0.0,19.0,14.0,,2.0,-52,7.0,30,DISTRICT23,BLISTER,2.0
QUIN,2025-11-01,HEALTH CENTER,613.0,12.0,410.0,376.0,489.0,75.0,669,408.0,1000,DISTRICT25,TABLET,-414.0
ACT-AD,2025-11-01,HEALTH CENTER,119.0,0.0,127.0,30.0,,43.0,-643,149.0,30,DISTRICT2,BLISTER,43.0
QUIN,2025-05-01,HEALTH CENTER,77.0,53.0,89.0,80.0,,220.0,959,116.0,1000,DISTRICT13,TABLET,220.0
ACT-AD,2025-05-01,HEALTH CENTER,1108.0,339.0,579.0,856.0,,59.0,279,640.0,30,DISTRICT23,BLISTER,59.0
QUIN,2025-11-01,HEALTH CENTER,1832.0,0.0,223.0,448.0,,4.0,-86,257.0,1000,DISTRICT28,TABLET,4.0
ACT-AD,2025-02-01,HEALTH CENTER,1831.0,48.0,676.0,1443.0,,2866.0,57,593.0,30,DISTRICT31,BLISTER,2866.0
RDT,2024-08-01,HEALTH CENTER,80.0,0.0,1.0,3.0,,0.0,-340,0.0,25,DISTRICT3,PIECE,0.0
ART-SUP,2025-02-01,HEALTH CENTER,131.0,2.0,29.0,1048.0,135.0,0.0,504,12.0,2,DISTRICT31,CAPSULE,-135.0
RDT,2024-08-01,HEALTH CENTER,116.0,1.0,42.0,99.0,,381.0,421,93.0,25,DISTRICT7,PIECE,381.0
ITN,2025-05-01,HEALTH CENTER,106.0,2.0,45.0,158.0,873.0,41.0,349,33.0,50,DISTRICT23,PIECE,-832.0
PYRA-SAC,2024-05-01,HEALTH CENTER,1220.0,0.0,30.0,296.0,603.0,0.0,-756,48.0,1,DISTRICT22,SACHET,-603.0
ACT-INF,2024-11-01,HEALTH CENTER,855.0,26.0,99.0,173.0,,6.0,135,94.0,30,DISTRICT31,BLISTER,6.0
ACT-INF,2024-05-01,HEALTH CENTER,1060.0,0.0,248.0,1215.0,,7.0,-1208,170.0,30,DISTRICT24,BLISTER,7.0
QUIN,2024-08-01,HEALTH CENTER,798.0,31.0,112.0,1109.0,459.0,0.0,-634,69.0,1000,DISTRICT35,TABLET,-459.0
PYRA-SAC,2024-11-01,HEALTH CENTER,149.0,19.0,116.0,511.0,,0.0,512,81.0,1,DISTRICT13,SACHET,0.0
SP,2025-02-01,HEALTH CENTER,2617.0,0.0,475.0,1108.0,558.0,3351.0,182,1084.0,1000,DISTRICT23,TABLET,2793.0
PYRA-COMP,2024-08-01,DISTRICT HOSPITAL,236.0,125.0,39.0,1255.0,,33.0,255,32.0,1,DISTRICT9,TABLET,33.0
RDT,2025-05-01,HEALTH CENTER,896.0,2.0,238.0,1607.0,,0.0,-80,107.0,25,DISTRICT10,PIECE,0.0
ACT-SC,2025-08-01,HEALTH CENTER,147.0,41.0,86.0,261.0,,2.0,-376,34.0,30,DISTRICT6,BLISTER,2.0
PYRA-COMP,2025-02-01,HEALTH CENTER,5699.0,114.0,1188.0,4321.0,,0.0,688,824.0,1,DISTRICT20,TABLET,0.0
ART-INJ,2025-05-01,HEALTH CENTER,1009.0,691.0,586.0,1152.0,,2315.0,167,424.0,5,DISTRICT1,VIAL,2315.0
ITN,2025-05-01,HEALTH CENTER,640.0,2.0,18.0,481.0,,0.0,-1056,6.0,50,DISTRICT4,PIECE,0.0
ITN,2024-08-01,HEALTH CENTER,452.0,10.0,88.0,538.0,,1410.0,-8,20.0,50,DISTRICT26,PIECE,1410.0
RDT,2024-11-01,HEALTH CENTER,744.0,67.0,452.0,147.0,1025.0,622.0,-188,86.0,25,DISTRICT15,PIECE,-403.0
ITN,2025-08-01,HEALTH CENTER,15.0,3.0,8.0,53.0,794.0,79.0,-111,16.0,50,DISTRICT35,PIECE,-715.0
ITN,2025-08-01,HEALTH CENTER,1302.0,539.0,670.0,225.0,,0.0,-378,446.0,50,DISTRICT12,PIECE,0.0
SP,2025-08-01,HEALTH CENTER,1285.0,29.0,192.0,1468.0,,0.0,323,36.0,1000,DISTRICT25,TABLET,0.0
ART-INJ,2024-05-01,HEALTH CENTER,291.0,332.0,121.0,715.0,,0.0,-430,51.0,5,DISTRICT3,VIAL,0.0
ACT-SC,2025-02-01,HEALTH CENTER,0.0,299.0,10.0,5.0,,248.0,-231,40.0,30,DISTRICT16,BLISTER,248.0
PYRA-COMP,2025-11-01,DISTRICT HOSPITAL,672.0,43.0,214.0,1330.0,,0.0,-336,106.0,1,DISTRICT13,TABLET,0.0
ART-SUP,2024-02-01,HEALTH CENTER,53.0,433.0,159.0,1163.0,,251.0,231,33.0,2,DISTRICT10,CAPSULE,251.0
ACT-GC,2024-05-01,HEALTH CENTER,901.0,0.0,65.0,159.0,,95.0,-534,30.0,30,DISTRICT16,BLISTER,95.0
QUIN,2025-02-01,DISTRICT HOSPITAL,782.0,1.0,130.0,811.0,1374.0,0.0,424,125.0,1000,DISTRICT15,TABLET,-1374.0
ACT-SC,2025-08-01,HEALTH CENTER,1465.0,3.0,231.0,2575.0,,0.0,-256,225.0,30,DISTRICT6,BLISTER,0.0
ART-SUP,2025-08-01,HEALTH CENTER,3793.0,41.0,301.0,2093.0,,5.0,383,437.0,2,DISTRICT38,CAPSULE,5.0
PYRA-SAC,2025-08-01,HEALTH CENTER,2357.0,4.0,390.0,562.0,,236.0,-136,178.0,1,DISTRICT15,SACHET,236.0
ACT-AD,2025-08-01,HEALTH CENTER,2154.0,2412.0,596.0,2638.0,,8271.0,442,723.0,30,DISTRICT3,BLISTER,8271.0
ART-SUP,2024-11-01,HEALTH CENTER,1277.0,114.0,575.0,714.0,,665.0,371,1038.0,2,DISTRICT2,CAPSULE,665.0
ACT-INF,2024-02-01,HEALTH CENTER,2639.0,112.0,497.0,3479.0,,0.0,-121,357.0,30,DISTRICT28,BLISTER,0.0
QUIN,2025-11-01,HEALTH CENTER,649.0,0.0,640.0,489.0,,2213.0,-323,716.0,1000,DISTRICT6,TABLET,2213.0
QUIN,2025-08-01,HEALTH CENTER,4268.0,0.0,534.0,2098.0,,991.0,-239,328.0,1000,DISTRICT28,TABLET,991.0
ACT-GC,2024-02-01,HEALTH CENTER,1086.0,14.0,345.0,161.0,867.0,0.0,-440,325.0,30,DISTRICT14,BLISTER,-867.0
PYRA-SAC,2025-02-01,HEALTH CENTER,3394.0,0.0,710.0,987.0,,246.0,1428,1046.0,1,DISTRICT9,SACHET,246.0
PYRA-COMP,2024-08-01,HEALTH CENTER,442.0,162.0,51.0,381.0,1397.0,0.0,702,23.0,1,DISTRICT28,TABLET,-1397.0
ACT-GC,2024-08-01,HEALTH CENTER,3328.0,0.0,705.0,2135.0,,372.0,-677,612.0,30,DISTRICT33,BLISTER,372.0
ACT-AD,2025-08-01,HEALTH CENTER,911.0,0.0,15.0,501.0,,0.0,-492,6.0,30,DISTRICT23,BLISTER,0.0
ART-INJ,2025-02-01,HEALTH CENTER,726.0,3.0,12.0,233.0,,42.0,-202,3.0,5,DISTRICT20,VIAL,42.0
ACT-GC,2025-11-01,HEALTH CENTER,1146.0,35.0,191.0,1603.0,,0.0,357,321.0,30,DISTRICT16,BLISTER,0.0
ART-INJ,2024-11-01,HEALTH CENTER,1083.0,0.0,47.0,1242.0,194.0,0.0,528,2.0,5,DISTRICT33,VIAL,-194.0
ACT-INF,2024-08-01,HEALTH CENTER,4962.0,33.0,1658.0,1539.0,,321.0,-1019,1562.0,30,DISTRICT28,BLISTER,321.0
RDT,2025-05-01,HEALTH CENTER,359.0,1.0,12.0,180.0,533.0,64.0,965,2.0,25,DISTRICT23,PIECE,-469.0
SP,2024-05-01,HEALTH CENTER,524.0,100.0,472.0,860.0,,0.0,309,46.0,1000,DISTRICT31,TABLET,0.0
RDT,2024-05-01,DISTRICT HOSPITAL,217.0,22.0,3.0,166.0,,13.0,-88,7.0,25,DISTRICT25,PIECE,13.0
ACT-SC,2025-05-01,HEALTH CENTER,728.0,7.0,118.0,668.0,,1.0,71,10.0,30,DISTRICT32,BLISTER,1.0
ART-SUP,2024-02-01,HEALTH CENTER,1027.0,6.0,13.0,1100.0,,0.0,-280,2.0,2,DISTRICT8,CAPSULE,0.0
ART-INJ,2024-11-01,HEALTH CENTER,19.0,11.0,55.0,95.0,,105.0,438,175.0,5,DISTRICT5,VIAL,105.0
ITN,2024-02-01,HEALTH CENTER,2043.0,0.0,638.0,1037.0,,1117.0,167,406.0,50,DISTRICT13,PIECE,1117.0
ACT-AD,2024-02-01,HEALTH CENTER,81.0,0.0,96.0,34.0,1971.0,2059.0,287,218.0,30,DISTRICT37,BLISTER,88.0
ACT-INF,2024-08-01,HEALTH CENTER,480.0,32.0,59.0,167.0,321.0,156.0,-396,5.0,30,DISTRICT2,BLISTER,-165.0
ART-SUP,2024-02-01,HEALTH CENTER,110.0,0.0,62.0,332.0,,2989.0,162,35.0,2,DISTRICT18,CAPSULE,2989.0
ITN,2024-08-01,HEALTH CENTER,754.0,4.0,77.0,736.0,,0.0,557,206.0,50,DISTRICT33,PIECE,0.0
ITN,2024-02-01,HEALTH CENTER,237.0,1.0,120.0,604.0,415.0,5.0,399,217.0,50,DISTRICT6,PIECE,-410.0
RDT,2024-05-01,HEALTH CENTER,1733.0,308.0,798.0,729.0,,2965.0,-568,500.0,25,DISTRICT30,PIECE,2965.0
ACT-SC,2024-11-01,DISTRICT HOSPITAL,67.0,1.0,19.0,50.0,137.0,73.0,-193,42.0,30,DISTRICT15,BLISTER,-64.0
ACT-INF,2025-05-01,HEALTH CENTER,3442.0,0.0,887.0,2082.0,,0.0,355,640.0,30,DISTRICT26,BLISTER,0.0
ART-INJ,2025-08-01,DISTRICT HOSPITAL,197.0,3.0,103.0,201.0,,1.0,-588,98.0,5,DISTRICT24,VIAL,1.0
ART-INJ,2025-11-01,HEALTH CENTER,3701.0,89.0,391.0,4211.0,,11.0,-212,264.0,5,DISTRICT13,VIAL,11.0
ACT-SC,2024-02-01,HEALTH CENTER,749.0,47.0,57.0,1900.0,,0.0,129,58.0,30,DISTRICT31,BLISTER,0.0
ITN,2025-02-01,HEALTH CENTER,1060.0,370.0,264.0,670.0,,2859.0,-93,338.0,50,DISTRICT30,PIECE,2859.0
ACT-SC,2024-05-01,DISTRICT HOSPITAL,1231.0,0.0,86.0,1627.0,,1203.0,-337,8.0,30,DISTRICT12,BLISTER,1203.0
QUIN,2025-02-01,DISTRICT HOSPITAL,444.0,28.0,355.0,925.0,457.0,2439.0,787,211.0,1000,DISTRICT27,TABLET,1982.0
PYRA-COMP,2025-05-01,HEALTH CENTER,560.0,0.0,28.0,94.0,,0.0,-196,6.0,1,DISTRICT16,TABLET,0.0
QUIN,2025-02-01,HEALTH CENTER,6992.0,1.0,759.0,5435.0,725.0,2012.0,-249,962.0,1000,DISTRICT28,TABLET,1287.0
PYRA-SAC,2024-08-01,HEALTH CENTER,575.0,1490.0,214.0,468.0,1343.0,6926.0,-586,94.0,1,DISTRICT13,SACHET,5583.0
RDT,2025-08-01,HEALTH CENTER,5037.0,95.0,856.0,2940.0,,28.0,-887,664.0,25,DISTRICT32,PIECE,28.0
PYRA-COMP,2025-08-01,HEALTH CENTER,450.0,0.0,38.0,56.0,81.0,0.0,128,9.0,1,DISTRICT17,TABLET,-81.0
PYRA-SAC,2024-08-01,HEALTH CENTER,881.0,46.0,504.0,1022.0,,362.0,0,287.0,1,DISTRICT3,SACHET,362.0
ITN,2024-02-01,HEALTH CENTER,1181.0,0.0,37.0,843.0,,2.0,221,6.0,50,DISTRICT26,PIECE,2.0
ACT-SC,2025-11-01,HEALTH CENTER,246.0,1.0,73.0,52.0,,1179.0,83,7.0,30,DISTRICT20,BLISTER,1179.0
PYRA-SAC,2025-05-01,HEALTH CENTER,1752.0,32.0,181.0,800.0,1242.0,589.0,36,140.0,1,DISTRICT13,SACHET,-653.0
ART-SUP,2024-11-01,HEALTH CENTER,143.0,144.0,47.0,148.0,,206.0,-333,24.0,2,DISTRICT38,CAPSULE,206.0
ACT-INF,2025-02-01,HEALTH CENTER,2592.0,104.0,284.0,1677.0,,131.0,296,58.0,30,DISTRICT33,BLISTER,131.0
PYRA-SAC,2025-05-01,HEALTH CENTER,242.0,4.0,7.0,17.0,,0.0,-572,7.0,1,DISTRICT20,SACHET,0.0
RDT,2025-02-01,HEALTH CENTER,838.0,160.0,25.0,1670.0,513.0,0.0,-85,2.0,25,DISTRICT31,PIECE,-513.0
ACT-INF,2024-11-01,HEALTH CENTER,40.0,0.0,21.0,149.0,,4064.0,-311,7.0,30,DISTRICT9,BLISTER,4064.0
PYRA-COMP,2025-05-01,HEALTH CENTER,42.0,55.0,149.0,103.0,,3.0,-1248,45.0,1,DISTRICT13,TABLET,3.0
ART-INJ,2024-05-01,HEALTH CENTER,2997.0,3.0,768.0,2842.0,,9.0,-468,852.0,5,DISTRICT36,VIAL,9.0
RDT,2025-11-01,HEALTH CENTER,1933.0,2.0,537.0,1630.0,,14.0,-509,152.0,25,DISTRICT32,PIECE,14.0
ACT-AD,2025-05-01,HEALTH CENTER,1618.0,10.0,542.0,714.0,,188.0,-33,678.0,30,DISTRICT9,BLISTER,188.0
ACT-AD,2025-11-01,HEALTH CENTER,290.0,6.0,125.0,147.0,,4.0,587,61.0,30,DISTRICT28,BLISTER,4.0
RDT,2024-05-01,HEALTH CENTER,108.0,0.0,12.0,43.0,,0.0,78,11.0,25,DISTRICT31,PIECE,0.0
QUIN,2025-05-01,HEALTH CENTER,1111.0,183.0,887.0,1120.0,,0.0,277,373.0,1000,DISTRICT25,TABLET,0.0
PYRA-SAC,2024-02-01,HEALTH CENTER,23.0,205.0,48.0,23.0,106.0,5.0,-129,7.0,1,DISTRICT23,SACHET,-101.0
SP,2024-11-01,HEALTH CENTER,466.0,66.0,104.0,662.0,,31.0,451,146.0,1000,DISTRICT30,TABLET,31.0
ACT-INF,2025-02-01,HEALTH CENTER,331.0,1.0,235.0,743.0,1116.0,75.0,223,161.0,30,DISTRICT30,BLISTER,-1041.0
SP,2025-11-01,HEALTH CENTER,1275.0,103.0,218.0,1583.0,,260.0,-255,222.0,1000,DISTRICT37,TABLET,260.0
ITN,2025-11-01,HEALTH CENTER,207.0,1.0,37.0,44.0,,24.0,353,8.0,50,DISTRICT19,PIECE,24.0
ACT-GC,2025-08-01,HEALTH CENTER,1704.0,75.0,380.0,1468.0,,2.0,190,347.0,30,DISTRICT19,BLISTER,2.0
ART-INJ,2024-02-01,HEALTH CENTER,2197.0,64.0,314.0,1474.0,,2458.0,-125,253.0,5,DISTRICT13,VIAL,2458.0
RDT,2024-11-01,HEALTH CENTER,447.0,0.0,333.0,509.0,,6324.0,-466,158.0,25,DISTRICT3,PIECE,6324.0
SP,2024-02-01,DISTRICT HOSPITAL,1639.0,913.0,181.0,2994.0,,321.0,-360,364.0,1000,DISTRICT29,TABLET,321.0
PYRA-COMP,2025-11-01,HEALTH CENTER,277.0,0.0,22.0,246.0,,10.0,-196,2.0,1,DISTRICT20,TABLET,10.0
ACT-INF,2024-08-01,HEALTH CENTER,954.0,723.0,264.0,1039.0,,2026.0,785,412.0,30,DISTRICT35,BLISTER,2026.0
ITN,2025-08-01,HEALTH CENTER,148.0,26.0,52.0,770.0,811.0,2.0,66,17.0,50,DISTRICT27,PIECE,-809.0
ART-SUP,2024-02-01,HEALTH CENTER,745.0,0.0,153.0,103.0,1221.0,258.0,-425,231.0,2,DISTRICT16,CAPSULE,-963.0
ITN,2024-11-01,HEALTH CENTER,977.0,25.0,424.0,2593.0,,3562.0,732,346.0,50,DISTRICT30,PIECE,3562.0
ACT-INF,2024-05-01,HEALTH CENTER,1067.0,876.0,260.0,1342.0,,1091.0,343,200.0,30,DISTRICT4,BLISTER,1091.0
ACT-GC,2024-08-01,HEALTH CENTER,1457.0,0.0,510.0,1335.0,,8516.0,-203,262.0,30,DISTRICT20,BLISTER,8516.0
RDT,2024-02-01,HEALTH CENTER,193.0,0.0,102.0,63.0,,189.0,384,27.0,25,DISTRICT18,PIECE,189.0
ITN,2024-08-01,HEALTH CENTER,2516.0,17.0,470.0,2812.0,,256.0,311,533.0,50,DISTRICT13,PIECE,256.0
SP,2025-08-01,HEALTH CENTER,371.0,0.0,108.0,228.0,,217.0,19,104.0,1000,DISTRICT35,TABLET,217.0
SP,2024-05-01,HEALTH CENTER,32.0,14.0,117.0,136.0,,168.0,-60,160.0,1000,DISTRICT29,TABLET,168.0
RDT,2025-02-01,HEALTH CENTER,235.0,0.0,17.0,538.0,,0.0,234,38.0,25,DISTRICT9,PIECE,0.0
ITN,2025-05-01,HEALTH CENTER,58.0,1.0,103.0,83.0,,4078.0,375,121.0,50,DISTRICT26,PIECE,4078.0
QUIN,2025-02-01,HEALTH CENTER,879.0,0.0,164.0,654.0,,10.0,-803,264.0,1000,DISTRICT9,TABLET,10.0
ACT-INF,2025-11-01,HEALTH CENTER,3729.0,147.0,613.0,4722.0,656.0,0.0,-757,172.0,30,DISTRICT17,BLISTER,-656.0
ACT-SC,2024-05-01,HEALTH CENTER,151.0,803.0,129.0,1084.0,,1526.0,-264,107.0,30,DISTRICT21,BLISTER,1526.0
PYRA-SAC,2024-08-01,DISTRICT HOSPITAL,177.0,725.0,158.0,912.0,595.0,0.0,-92,87.0,1,DISTRICT31,SACHET,-595.0
ACT-INF,2024-11-01,HEALTH CENTER,5.0,0.0,2.0,46.0,,121.0,181,1.0,30,DISTRICT9,BLISTER,121.0
RDT,2024-05-01,HEALTH CENTER,195.0,0.0,13.0,60.0,,40.0,-264,3.0,25,DISTRICT38,PIECE,40.0
ACT-AD,2024-11-01,HEALTH CENTER,1497.0,0.0,280.0,504.0,989.0,1368.0,144,192.0,30,DISTRICT12,BLISTER,379.0
SP,2024-02-01,HEALTH CENTER,3348.0,0.0,1397.0,705.0,,5751.0,23,1154.0,1000,DISTRICT28,TABLET,5751.0
PYRA-SAC,2024-02-01,HEALTH CENTER,343.0,21.0,71.0,426.0,,429.0,18,59.0,1,DISTRICT1,SACHET,429.0
PYRA-SAC,2025-08-01,HEALTH CENTER,2816.0,1350.0,1241.0,2978.0,,0.0,-100,1436.0,1,DISTRICT14,SACHET,0.0
ACT-AD,2025-02-01,NATIONAL HOSPITAL,111.0,8.0,138.0,241.0,,0.0,-581,108.0,30,DISTRICT31,BLISTER,0.0
ART-SUP,2024-02-01,HEALTH CENTER,103.0,95.0,35.0,1215.0,280.0,0.0,206,23.0,2,DISTRICT5,CAPSULE,-280.0
PYRA-SAC,2025-08-01,REGIONAL HOSPITAL,658.0,1274.0,78.0,3642.0,,3507.0,224,104.0,1,DISTRICT37,SACHET,3507.0
ART-SUP,2025-08-01,HEALTH CENTER,513.0,99.0,32.0,79.0,769.0,0.0,-609,70.0,2,DISTRICT2,CAPSULE,-769.0
ART-SUP,2025-08-01,HEALTH CENTER,142.0,5.0,121.0,30.0,,0.0,-721,50.0,2,DISTRICT32,CAPSULE,0.0
PYRA-COMP,2024-02-01,HEALTH CENTER,934.0,1.0,206.0,845.0,605.0,985.0,84,204.0,1,DISTRICT33,TABLET,380.0
RDT,2025-11-01,HEALTH CENTER,264.0,8.0,96.0,165.0,,2353.0,-434,58.0,25,DISTRICT23,PIECE,2353.0
RDT,2024-08-01,HEALTH CENTER,1084.0,0.0,126.0,316.0,,32.0,141,12.0,25,DISTRICT14,PIECE,32.0
RDT,2024-05-01,HEALTH CENTER,191.0,70.0,64.0,979.0,,15.0,-570,13.0,25,DISTRICT32,PIECE,15.0
PYRA-COMP,2024-08-01,HEALTH CENTER,360.0,1.0,376.0,358.0,,73.0,-4,337.0,1,DISTRICT20,TABLET,73.0
QUIN,2024-05-01,HEALTH CENTER,429.0,0.0,167.0,1226.0,,0.0,13,56.0,1000,DISTRICT25,TABLET,0.0
PYRA-SAC,2025-05-01,HEALTH CENTER,463.0,652.0,74.0,163.0,370.0,0.0,-269,48.0,1,DISTRICT32,SACHET,-370.0
ACT-INF,2024-11-01,HEALTH CENTER,4176.0,0.0,204.0,1951.0,313.0,4.0,132,180.0,30,DISTRICT20,BLISTER,-309.0
PYRA-SAC,2025-02-01,HEALTH CENTER,109.0,21.0,45.0,53.0,2514.0,9600.0,118,19.0,1,DISTRICT28,SACHET,7086.0
ART-INJ,2025-11-01,HEALTH CENTER,0.0,0.0,8.0,1.0,1062.0,17.0,-181,0.0,5,DISTRICT10,VIAL,-1045.0
RDT,2024-02-01,HEALTH CENTER,209.0,18.0,76.0,120.0,,938.0,-171,20.0,25,DISTRICT35,PIECE,938.0
ACT-SC,2025-02-01,DISTRICT HOSPITAL,5231.0,0.0,509.0,2607.0,914.0,275.0,-923,104.0,30,DISTRICT29,BLISTER,-639.0
ART-SUP,2025-11-01,HEALTH CENTER,1110.0,0.0,313.0,508.0,1487.0,26.0,-168,235.0,2,DISTRICT25,CAPSULE,-1461.0
ART-SUP,2025-08-01,HEALTH CENTER,102.0,0.0,30.0,35.0,,69.0,352,4.0,2,DISTRICT4,CAPSULE,69.0
ACT-INF,2024-08-01,HEALTH CENTER,955.0,0.0,68.0,652.0,,27.0,18,45.0,30,DISTRICT1,BLISTER,27.0
ACT-SC,2024-08-01,HEALTH CENTER,1704.0,0.0,835.0,816.0,,33.0,218,692.0,30,DISTRICT31,BLISTER,33.0
ACT-AD,2025-11-01,HEALTH CENTER,52.0,8.0,255.0,91.0,,32.0,443,92.0,30,DISTRICT18,BLISTER,32.0
ART-INJ,2025-05-01,HEALTH CENTER,301.0,25.0,99.0,266.0,161.0,0.0,187,48.0,5,DISTRICT35,VIAL,-161.0
RDT,2024-05-01,HEALTH CENTER,49.0,0.0,106.0,293.0,,24.0,298,23.0,25,DISTRICT31,PIECE,24.0
PYRA-COMP,2025-11-01,HEALTH CENTER,9.0,0.0,0.0,6.0,,17.0,-32,0.0,1,DISTRICT5,TABLET,17.0
ART-SUP,2024-08-01,HEALTH CENTER,43.0,64.0,29.0,237.0,996.0,60.0,-849,6.0,2,DISTRICT12,CAPSULE,-936.0
ITN,2025-08-01,HEALTH CENTER,1948.0,13.0,190.0,806.0,,2.0,-411,52.0,50,DISTRICT25,PIECE,2.0
ITN,2024-08-01,HEALTH CENTER,5313.0,0.0,319.0,2976.0,,0.0,-36,480.0,50,DISTRICT21,PIECE,0.0
RDT,2024-08-01,HEALTH CENTER,1145.0,2.0,283.0,693.0,903.0,472.0,-776,218.0,25,DISTRICT37,PIECE,-431.0
ACT-SC,2025-11-01,HEALTH CENTER,4284.0,0.0,604.0,1452.0,,183.0,-178,843.0,30,DISTRICT37,BLISTER,183.0
PYRA-SAC,2025-11-01,DISTRICT HOSPITAL,59.0,124.0,31.0,126.0,,1.0,-518,3.0,1,DISTRICT20,SACHET,1.0
SP,2025-02-01,HEALTH CENTER,83.0,182.0,79.0,137.0,,0.0,199,55.0,1000,DISTRICT11,TABLET,0.0
ACT-INF,2025-08-01,HEALTH CENTER,1882.0,850.0,841.0,3197.0,,1713.0,863,660.0,30,DISTRICT7,BLISTER,1713.0
QUIN,2024-02-01,HEALTH CENTER,289.0,2.0,132.0,718.0,,61.0,-345,75.0,1000,DISTRICT31,TABLET,61.0
ACT-INF,2025-11-01,HEALTH CENTER,4167.0,70.0,1770.0,4178.0,,3400.0,649,1157.0,30,DISTRICT20,BLISTER,3400.0
RDT,2024-05-01,HEALTH CENTER,920.0,20.0,88.0,1712.0,,4.0,-116,69.0,25,DISTRICT9,PIECE,4.0
ART-SUP,2025-08-01,HEALTH CENTER,2273.0,51.0,1083.0,1657.0,,1134.0,379,774.0,2,DISTRICT9,CAPSULE,1134.0
ART-INJ,2024-08-01,HEALTH CENTER,3729.0,700.0,1037.0,3542.0,1067.0,17.0,-569,1449.0,5,DISTRICT20,VIAL,-1050.0
PYRA-SAC,2024-08-01,DISTRICT HOSPITAL,838.0,653.0,424.0,2219.0,716.0,149.0,216,158.0,1,DISTRICT36,SACHET,-567.0
SP,2024-05-01,HEALTH CENTER,5948.0,522.0,1217.0,8314.0,,84.0,785,1243.0,1000,DISTRICT33,TABLET,84.0
ART-SUP,2025-02-01,HEALTH CENTER,1274.0,21.0,100.0,624.0,725.0,7.0,-806,101.0,2,DISTRICT13,CAPSULE,-718.0
ACT-GC,2025-05-01,HEALTH CENTER,4117.0,194.0,1337.0,2132.0,,2023.0,-302,1861.0,30,DISTRICT15,BLISTER,2023.0
ACT-INF,2024-08-01,DISTRICT HOSPITAL,603.0,28.0,49.0,815.0,,21.0,-148,13.0,30,DISTRICT3,BLISTER,21.0
ACT-GC,2024-05-01,HEALTH CENTER,3281.0,5.0,881.0,1740.0,1443.0,9799.0,-280,1192.0,30,DISTRICT11,BLISTER,8356.0
PYRA-COMP,2025-05-01,HEALTH CENTER,154.0,1048.0,130.0,270.0,,12.0,145,77.0,1,DISTRICT4,TABLET,12.0
ART-SUP,2024-11-01,HEALTH CENTER,1597.0,2.0,505.0,1337.0,1432.0,1418.0,892,195.0,2,DISTRICT29,CAPSULE,-14.0
ART-SUP,2024-05-01,HEALTH CENTER,2050.0,1.0,153.0,878.0,813.0,257.0,135,92.0,2,DISTRICT10,CAPSULE,-556.0
PYRA-COMP,2024-05-01,HEALTH CENTER,3680.0,65.0,1823.0,3065.0,,8478.0,400,1559.0,1,DISTRICT7,TABLET,8478.0
ART-INJ,2024-05-01,HEALTH CENTER,421.0,152.0,376.0,812.0,,163.0,-156,307.0,5,DISTRICT33,VIAL,163.0
ACT-AD,2024-02-01,HEALTH CENTER,305.0,25.0,221.0,823.0,558.0,46.0,-187,149.0,30,DISTRICT19,BLISTER,-512.0
ACT-INF,2024-02-01,DISTRICT HOSPITAL,16.0,11.0,0.0,3.0,,0.0,-408,0.0,30,DISTRICT13,BLISTER,0.0
SP,2024-11-01,HEALTH CENTER,3722.0,25.0,320.0,1779.0,918.0,10.0,155,141.0,1000,DISTRICT29,TABLET,-908.0
ITN,2025-05-01,HEALTH CENTER,80.0,74.0,133.0,101.0,,3501.0,229,104.0,50,DISTRICT29,PIECE,3501.0
ACT-INF,2025-02-01,HEALTH CENTER,22.0,0.0,79.0,147.0,,119.0,-259,9.0,30,DISTRICT5,BLISTER,119.0
SP,2025-08-01,HEALTH CENTER,113.0,0.0,14.0,467.0,,0.0,91,1.0,1000,DISTRICT5,TABLET,0.0
RDT,2025-02-01,HEALTH CENTER,22.0,68.0,8.0,109.0,,7.0,-171,0.0,25,DISTRICT35,PIECE,7.0
ACT-GC,2024-05-01,HEALTH CENTER,872.0,92.0,277.0,1391.0,,3333.0,-116,470.0,30,DISTRICT5,BLISTER,3333.0
ITN,2025-02-01,HEALTH CENTER,26.0,3.0,34.0,148.0,505.0,0.0,570,31.0,50,DISTRICT35,PIECE,-505.0
RDT,2025-08-01,HEALTH CENTER,710.0,0.0,179.0,1672.0,,1.0,371,84.0,25,DISTRICT17,PIECE,1.0
PYRA-SAC,2024-08-01,HEALTH CENTER,2753.0,1104.0,756.0,2350.0,,357.0,88,526.0,1,DISTRICT31,SACHET,357.0
ACT-SC,2025-02-01,HEALTH CENTER,406.0,0.0,4.0,262.0,,0.0,-719,0.0,30,DISTRICT23,BLISTER,0.0
QUIN,2024-02-01,HEALTH CENTER,4793.0,1204.0,1073.0,5060.0,,3.0,994,661.0,1000,DISTRICT21,TABLET,3.0
ACT-AD,2024-02-01,HEALTH CENTER,4.0,0.0,28.0,5.0,,1.0,-212,2.0,30,DISTRICT9,BLISTER,1.0
ACT-GC,2025-05-01,HEALTH CENTER,301.0,2.0,7.0,602.0,,0.0,296,1.0,30,DISTRICT28,BLISTER,0.0
ART-INJ,2025-08-01,HEALTH CENTER,559.0,1.0,54.0,646.0,,1.0,504,29.0,5,DISTRICT14,VIAL,1.0
QUIN,2024-08-01,DISTRICT HOSPITAL,2628.0,185.0,352.0,1625.0,,0.0,-445,228.0,1000,DISTRICT16,TABLET,0.0
ART-INJ,2024-02-01,HEALTH CENTER,596.0,220.0,617.0,2242.0,,0.0,265,413.0,5,DISTRICT13,VIAL,0.0
ART-INJ,2025-11-01,HEALTH CENTER,150.0,15.0,183.0,570.0,,285.0,652,33.0,5,DISTRICT11,VIAL,285.0
PYRA-SAC,2024-11-01,HEALTH CENTER,499.0,2.0,14.0,512.0,92.0,0.0,250,13.0,1,DISTRICT25,SACHET,-92.0
ACT-SC,2024-05-01,HEALTH CENTER,24.0,791.0,15.0,50.0,,0.0,-510,24.0,30,DISTRICT1,BLISTER,0.0
SP,2024-11-01,HEALTH CENTER,190.0,2.0,48.0,426.0,,0.0,32,26.0,1000,DISTRICT2,TABLET,0.0
ART-INJ,2024-11-01,HEALTH CENTER,2930.0,2.0,668.0,1294.0,,20887.0,439,155.0,5,DISTRICT4,VIAL,20887.0
PYRA-COMP,2024-11-01,HEALTH CENTER,1494.0,163.0,656.0,535.0,,1305.0,-226,505.0,1,DISTRICT36,TABLET,1305.0
ACT-AD,2024-11-01,DISTRICT HOSPITAL,181.0,1036.0,129.0,2025.0,351.0,1.0,-636,96.0,30,DISTRICT24,BLISTER,-350.0
ACT-GC,2024-11-01,HEALTH CENTER,2587.0,139.0,610.0,1727.0,,5.0,-741,389.0,30,DISTRICT18,BLISTER,5.0
ACT-GC,2024-11-01,HEALTH CENTER,2350.0,70.0,600.0,4487.0,361.0,26.0,-862,457.0,30,DISTRICT9,BLISTER,-335.0
ACT-AD,2025-11-01,HEALTH CENTER,91.0,104.0,61.0,521.0,,0.0,612,4.0,30,DISTRICT32,BLISTER,0.0
ART-SUP,2025-08-01,HEALTH CENTER,1472.0,0.0,186.0,535.0,,410.0,961,25.0,2,DISTRICT9,CAPSULE,410.0
RDT,2024-08-01,HEALTH CENTER,3894.0,24.0,759.0,7399.0,,107.0,386,622.0,25,DISTRICT33,PIECE,107.0
ACT-AD,2025-02-01,HEALTH CENTER,667.0,482.0,366.0,1626.0,,78.0,-185,297.0,30,DISTRICT25,BLISTER,78.0
ACT-SC,2024-05-01,HEALTH CENTER,2007.0,31.0,390.0,498.0,,0.0,665,287.0,30,DISTRICT35,BLISTER,0.0
PYRA-COMP,2024-02-01,HEALTH CENTER,56.0,153.0,65.0,210.0,681.0,168.0,313,8.0,1,DISTRICT37,TABLET,-513.0
ART-INJ,2025-08-01,HEALTH CENTER,686.0,0.0,14.0,850.0,,0.0,4,1.0,5,DISTRICT7,VIAL,0.0
PYRA-SAC,2025-05-01,HEALTH CENTER,423.0,22.0,75.0,715.0,469.0,0.0,-30,5.0,1,DISTRICT27,SACHET,-469.0
SP,2024-02-01,HEALTH CENTER,5612.0,2.0,485.0,2001.0,905.0,62.0,-329,546.0,1000,DISTRICT2,TABLET,-843.0
PYRA-SAC,2025-05-01,HEALTH CENTER,183.0,6.0,191.0,158.0,,49.0,-32,336.0,1,DISTRICT13,SACHET,49.0
RDT,2024-11-01,HEALTH CENTER,232.0,9.0,13.0,442.0,524.0,0.0,202,17.0,25,DISTRICT30,PIECE,-524.0
ACT-GC,2024-11-01,DISTRICT HOSPITAL,1980.0,2.0,588.0,6507.0,,143.0,177,683.0,30,DISTRICT28,BLISTER,143.0
PYRA-SAC,2025-05-01,HEALTH CENTER,580.0,544.0,184.0,759.0,,317.0,-838,76.0,1,DISTRICT37,SACHET,317.0
ART-SUP,2025-11-01,HEALTH CENTER,3474.0,0.0,794.0,2657.0,,10263.0,158,958.0,2,DISTRICT25,CAPSULE,10263.0
ACT-SC,2024-05-01,HEALTH CENTER,3133.0,35.0,252.0,3271.0,960.0,9.0,-211,306.0,30,DISTRICT13,BLISTER,-951.0
ACT-INF,2025-08-01,HEALTH CENTER,579.0,0.0,59.0,123.0,238.0,0.0,-373,37.0,30,DISTRICT9,BLISTER,-238.0
SP,2025-11-01,HEALTH CENTER,1779.0,0.0,292.0,687.0,,4711.0,-1235,153.0,1000,DISTRICT24,TABLET,4711.0
QUIN,2024-02-01,HEALTH CENTER,346.0,0.0,258.0,419.0,,1263.0,-431,216.0,1000,DISTRICT19,TABLET,1263.0
ART-INJ,2025-08-01,HEALTH CENTER,655.0,0.0,54.0,689.0,,1.0,373,67.0,5,DISTRICT20,VIAL,1.0
ACT-AD,2025-05-01,HEALTH CENTER,574.0,0.0,267.0,503.0,553.0,29.0,225,104.0,30,DISTRICT33,BLISTER,-524.0
RDT,2024-02-01,HEALTH CENTER,1011.0,33.0,353.0,1581.0,,7.0,29,157.0,25,DISTRICT7,PIECE,7.0
ACT-GC,2024-08-01,HEALTH CENTER,1194.0,1.0,254.0,500.0,577.0,187.0,-231,242.0,30,DISTRICT33,BLISTER,-390.0
RDT,2024-02-01,HEALTH CENTER,3171.0,0.0,1269.0,2852.0,,3071.0,-314,812.0,25,DISTRICT12,PIECE,3071.0
ACT-AD,2025-08-01,HEALTH CENTER,2636.0,0.0,170.0,1905.0,,321.0,-588,54.0,30,DISTRICT29,BLISTER,321.0
QUIN,2024-08-01,HEALTH CENTER,757.0,1.0,689.0,474.0,,13339.0,89,468.0,1000,DISTRICT3,TABLET,13339.0
RDT,2024-11-01,HEALTH CENTER,1388.0,559.0,699.0,1206.0,,7281.0,-348,760.0,25,DISTRICT29,PIECE,7281.0
QUIN,2024-08-01,HEALTH CENTER,265.0,45.0,47.0,88.0,,3.0,-54,73.0,1000,DISTRICT20,TABLET,3.0
ITN,2024-08-01,DISTRICT HOSPITAL,317.0,1.0,173.0,599.0,,3496.0,-793,190.0,50,DISTRICT29,PIECE,3496.0
PYRA-SAC,2025-05-01,HEALTH CENTER,4390.0,464.0,988.0,2644.0,,59.0,527,949.0,1,DISTRICT36,SACHET,59.0
ACT-INF,2024-11-01,HEALTH CENTER,469.0,9.0,30.0,1053.0,,0.0,-239,20.0,30,DISTRICT10,BLISTER,0.0
ART-SUP,2024-05-01,HEALTH CENTER,1587.0,153.0,313.0,1137.0,1652.0,517.0,-439,86.0,2,DISTRICT21,CAPSULE,-1135.0
ACT-INF,2024-05-01,HEALTH CENTER,276.0,0.0,83.0,586.0,,0.0,-322,231.0,30,DISTRICT29,BLISTER,0.0
RDT,2024-08-01,HEALTH CENTER,2793.0,17.0,295.0,1624.0,,3981.0,94,331.0,25,DISTRICT23,PIECE,3981.0
ART-INJ,2025-11-01,HEALTH CENTER,45.0,743.0,31.0,761.0,443.0,0.0,371,43.0,5,DISTRICT28,VIAL,-443.0
SP,2025-02-01,HEALTH CENTER,411.0,493.0,209.0,1803.0,,0.0,796,281.0,1000,DISTRICT23,TABLET,0.0
ACT-GC,2024-11-01,HEALTH CENTER,3661.0,44.0,726.0,4816.0,,812.0,-92,719.0,30,DISTRICT15,BLISTER,812.0
ACT-SC,2024-11-01,HEALTH CENTER,2052.0,20.0,345.0,1516.0,,12.0,-509,308.0,30,DISTRICT9,BLISTER,12.0
ACT-AD,2025-02-01,REGIONAL HOSPITAL,1740.0,211.0,88.0,616.0,644.0,21.0,-211,42.0,30,DISTRICT23,BLISTER,-623.0
ART-INJ,2024-02-01,HEALTH CENTER,424.0,35.0,262.0,677.0,195.0,0.0,210,139.0,5,DISTRICT37,VIAL,-195.0
ACT-GC,2024-08-01,HEALTH CENTER,2004.0,761.0,835.0,2425.0,242.0,213.0,119,387.0,30,DISTRICT12,BLISTER,-29.0
ACT-GC,2024-08-01,HEALTH CENTER,2706.0,228.0,1930.0,1756.0,,20596.0,-215,1327.0,30,DISTRICT33,BLISTER,20596.0
PYRA-SAC,2024-02-01,HEALTH CENTER,3194.0,35.0,658.0,1013.0,603.0,1146.0,-31,820.0,1,DISTRICT4,SACHET,543.0
ART-INJ,2024-11-01,HEALTH CENTER,116.0,0.0,16.0,201.0,127.0,0.0,-9,1.0,5,DISTRICT5,VIAL,-127.0
ACT-SC,2024-05-01,HEALTH CENTER,4804.0,71.0,311.0,5066.0,,0.0,25,561.0,30,DISTRICT2,BLISTER,0.0
ART-SUP,2024-11-01,HEALTH CENTER,1307.0,55.0,621.0,881.0,,7645.0,-748,368.0,2,DISTRICT19,CAPSULE,7645.0
PYRA-SAC,2025-02-01,HEALTH CENTER,67.0,91.0,175.0,444.0,,5.0,-86,57.0,1,DISTRICT28,SACHET,5.0
QUIN,2024-08-01,HEALTH CENTER,254.0,67.0,247.0,56.0,,304.0,160,282.0,1000,DISTRICT16,TABLET,304.0
PYRA-COMP,2025-11-01,HEALTH CENTER,348.0,38.0,27.0,993.0,,19.0,-516,32.0,1,DISTRICT15,TABLET,19.0
PYRA-SAC,2024-11-01,HEALTH CENTER,1816.0,25.0,445.0,2789.0,412.0,680.0,-144,123.0,1,DISTRICT16,SACHET,268.0
ACT-GC,2024-05-01,HEALTH CENTER,1271.0,40.0,372.0,202.0,519.0,28.0,-228,200.0,30,DISTRICT3,BLISTER,-491.0
ACT-GC,2025-05-01,HEALTH CENTER,1742.0,19.0,269.0,688.0,,5433.0,-368,126.0,30,DISTRICT31,BLISTER,5433.0
RDT,2025-02-01,HEALTH CENTER,5307.0,0.0,1344.0,1144.0,,2229.0,-129,1226.0,25,DISTRICT25,PIECE,2229.0
SP,2024-11-01,HEALTH CENTER,454.0,51.0,382.0,1427.0,,426.0,58,467.0,1000,DISTRICT9,TABLET,426.0
PYRA-COMP,2024-05-01,HEALTH CENTER,715.0,160.0,380.0,365.0,2335.0,5780.0,288,227.0,1,DISTRICT5,TABLET,3445.0
ACT-AD,2024-08-01,HEALTH CENTER,47.0,63.0,15.0,508.0,,0.0,-422,3.0,30,DISTRICT30,BLISTER,0.0
ART-INJ,2024-08-01,HEALTH CENTER,585.0,1926.0,427.0,2368.0,,0.0,573,121.0,5,DISTRICT24,VIAL,0.0
SP,2025-05-01,HEALTH CENTER,714.0,0.0,108.0,1268.0,,0.0,-910,11.0,1000,DISTRICT35,TABLET,0.0
QUIN,2025-08-01,DISTRICT HOSPITAL,3287.0,264.0,904.0,3241.0,,985.0,-561,1414.0,1000,DISTRICT3,TABLET,985.0
ITN,2024-05-01,HEALTH CENTER,1453.0,2468.0,493.0,3876.0,582.0,1.0,1147,338.0,50,DISTRICT35,PIECE,-581.0
ITN,2024-11-01,HEALTH CENTER,2973.0,1.0,630.0,781.0,234.0,84.0,76,808.0,50,DISTRICT29,PIECE,-150.0
QUIN,2024-08-01,HEALTH CENTER,2246.0,2.0,604.0,2970.0,,401.0,-603,982.0,1000,DISTRICT32,TABLET,401.0
PYRA-COMP,2024-11-01,HEALTH CENTER,462.0,2231.0,278.0,1096.0,,3590.0,-145,92.0,1,DISTRICT26,TABLET,3590.0
ART-INJ,2025-02-01,HEALTH CENTER,285.0,1.0,42.0,163.0,478.0,12.0,401,9.0,5,DISTRICT11,VIAL,-466.0
RDT,2024-11-01,HEALTH CENTER,2729.0,42.0,570.0,1150.0,,742.0,558,736.0,25,DISTRICT16,PIECE,742.0
ITN,2024-02-01,HEALTH CENTER,170.0,83.0,351.0,157.0,,2944.0,-321,251.0,50,DISTRICT36,PIECE,2944.0
ACT-INF,2024-08-01,HEALTH CENTER,321.0,0.0,23.0,106.0,,0.0,-9,28.0,30,DISTRICT31,BLISTER,0.0
ART-SUP,2025-11-01,HEALTH CENTER,1084.0,101.0,485.0,2404.0,,39.0,1034,587.0,2,DISTRICT35,CAPSULE,39.0
ACT-SC,2024-08-01,HEALTH CENTER,1387.0,94.0,864.0,1018.0,,0.0,153,549.0,30,DISTRICT28,BLISTER,0.0
ART-SUP,2024-05-01,HEALTH CENTER,178.0,0.0,61.0,396.0,,345.0,-202,4.0,2,DISTRICT12,CAPSULE,345.0
PYRA-SAC,2025-08-01,HEALTH CENTER,8.0,25.0,6.0,22.0,,0.0,-108,8.0,1,DISTRICT20,SACHET,0.0
ACT-GC,2025-08-01,HEALTH CENTER,955.0,1042.0,346.0,1877.0,,3.0,263,467.0,30,DISTRICT13,BLISTER,3.0
QUIN,2024-05-01,HEALTH CENTER,105.0,0.0,36.0,166.0,,0.0,56,5.0,1000,DISTRICT3,TABLET,0.0
ART-SUP,2025-08-01,HEALTH CENTER,45.0,18.0,50.0,272.0,112.0,0.0,-410,24.0,2,DISTRICT33,CAPSULE,-112.0
QUIN,2025-05-01,HEALTH CENTER,3893.0,248.0,661.0,3011.0,,1154.0,455,440.0,1000,DISTRICT21,TABLET,1154.0
ART-INJ,2025-02-01,HEALTH CENTER,643.0,0.0,145.0,1057.0,,0.0,323,122.0,5,DISTRICT28,VIAL,0.0
ITN,2024-05-01,HEALTH CENTER,28.0,17.0,23.0,158.0,,0.0,-342,13.0,50,DISTRICT29,PIECE,0.0
RDT,2025-08-01,HEALTH CENTER,111.0,664.0,11.0,328.0,,0.0,36,3.0,25,DISTRICT36,PIECE,0.0
ACT-GC,2024-08-01,REGIONAL HOSPITAL,246.0,5.0,83.0,34.0,,14055.0,168,88.0,30,DISTRICT33,BLISTER,14055.0
ART-SUP,2025-08-01,HEALTH CENTER,1298.0,318.0,898.0,2257.0,512.0,272.0,302,375.0,2,DISTRICT31,CAPSULE,-240.0
SP,2025-05-01,HEALTH CENTER,124.0,2.0,38.0,34.0,,185.0,-76,98.0,1000,DISTRICT23,TABLET,185.0
ART-INJ,2024-02-01,HEALTH CENTER,2377.0,2960.0,872.0,4530.0,,135.0,988,918.0,5,DISTRICT15,VIAL,135.0
ART-INJ,2024-11-01,HEALTH CENTER,754.0,0.0,125.0,145.0,,145.0,39,27.0,5,DISTRICT23,VIAL,145.0
ART-SUP,2024-11-01,HEALTH CENTER,378.0,0.0,191.0,477.0,,20.0,221,64.0,2,DISTRICT16,CAPSULE,20.0
SP,2024-02-01,HEALTH CENTER,279.0,3.0,77.0,100.0,358.0,44.0,149,63.0,1000,DISTRICT21,TABLET,-314.0
ITN,2025-11-01,HEALTH CENTER,24.0,147.0,2.0,10.0,,0.0,-179,0.0,50,DISTRICT32,PIECE,0.0
ACT-AD,2025-08-01,HEALTH CENTER,242.0,4012.0,300.0,782.0,1674.0,639.0,-334,114.0,30,DISTRICT19,BLISTER,-1035.0
ART-INJ,2024-11-01,HEALTH CENTER,1556.0,194.0,191.0,819.0,,181.0,-369,21.0,5,DISTRICT31,VIAL,181.0
ACT-SC,2024-02-01,HEALTH CENTER,755.0,0.0,63.0,390.0,,231.0,-99,65.0,30,DISTRICT26,BLISTER,231.0
ITN,2025-11-01,HEALTH CENTER,28.0,0.0,8.0,330.0,,0.0,-724,5.0,50,DISTRICT21,PIECE,0.0
ACT-AD,2024-05-01,HEALTH CENTER,896.0,114.0,307.0,674.0,,3737.0,-36,240.0,30,DISTRICT29,BLISTER,3737.0
RDT,2025-05-01,DISTRICT HOSPITAL,54.0,1789.0,82.0,302.0,303.0,10.0,774,28.0,25,DISTRICT33,PIECE,-293.0
RDT,2025-02-01,HEALTH CENTER,195.0,85.0,52.0,866.0,481.0,0.0,483,23.0,25,DISTRICT23,PIECE,-481.0
ACT-INF,2024-11-01,HEALTH CENTER,944.0,59.0,221.0,2801.0,,0.0,363,65.0,30,DISTRICT24,BLISTER,0.0
QUIN,2025-11-01,HEALTH CENTER,272.0,80.0,78.0,630.0,,35.0,-677,44.0,1000,DISTRICT10,TABLET,35.0
ACT-GC,2025-02-01,HEALTH CENTER,256.0,47.0,62.0,317.0,688.0,690.0,749,87.0,30,DISTRICT30,BLISTER,2.0
PYRA-COMP,2025-08-01,HEALTH CENTER,1560.0,0.0,114.0,1048.0,,129.0,301,92.0,1,DISTRICT26,TABLET,129.0
PYRA-SAC,2025-05-01,HEALTH CENTER,251.0,87.0,78.0,220.0,,1405.0,290,13.0,1,DISTRICT19,SACHET,1405.0
ACT-INF,2025-05-01,HEALTH CENTER,974.0,99.0,210.0,1327.0,,2.0,-114,56.0,30,DISTRICT1,BLISTER,2.0
QUIN,2025-11-01,HEALTH CENTER,984.0,1.0,542.0,658.0,484.0,2.0,-454,263.0,1000,DISTRICT25,TABLET,-482.0
ACT-SC,2025-02-01,HEALTH CENTER,632.0,322.0,102.0,1703.0,584.0,91.0,212,32.0,30,DISTRICT9,BLISTER,-493.0
PYRA-COMP,2025-08-01,HEALTH CENTER,2700.0,156.0,549.0,1953.0,,13.0,-635,905.0,1,DISTRICT10,TABLET,13.0
ART-SUP,2025-11-01,HEALTH CENTER,1163.0,1549.0,695.0,3429.0,,1005.0,666,822.0,2,DISTRICT21,CAPSULE,1005.0
ITN,2025-05-01,HEALTH CENTER,1801.0,522.0,983.0,509.0,,4452.0,-527,1182.0,50,DISTRICT4,PIECE,4452.0
QUIN,2024-08-01,HEALTH CENTER,1320.0,8.0,558.0,2561.0,,39.0,562,244.0,1000,DISTRICT35,TABLET,39.0
PYRA-COMP,2024-08-01,HEALTH CENTER,2.0,83.0,1.0,6.0,,5.0,-644,1.0,1,DISTRICT26,TABLET,5.0
PYRA-COMP,2024-02-01,HEALTH CENTER,835.0,17.0,128.0,1023.0,,20.0,64,132.0,1,DISTRICT30,TABLET,20.0
ACT-INF,2025-05-01,HEALTH CENTER,706.0,0.0,23.0,37.0,,1.0,422,11.0,30,DISTRICT29,BLISTER,1.0
ITN,2024-11-01,HEALTH CENTER,6382.0,672.0,794.0,8641.0,525.0,0.0,-1260,185.0,50,DISTRICT14,PIECE,-525.0
ACT-GC,2025-02-01,HEALTH CENTER,4136.0,7.0,1463.0,1784.0,794.0,89.0,209,1413.0,30,DISTRICT20,BLISTER,-705.0
ITN,2025-02-01,HEALTH CENTER,817.0,0.0,163.0,776.0,,2564.0,39,151.0,50,DISTRICT25,PIECE,2564.0
SP,2024-11-01,HEALTH CENTER,362.0,0.0,31.0,149.0,,0.0,79,7.0,1000,DISTRICT29,TABLET,0.0
SP,2025-11-01,HEALTH CENTER,873.0,30.0,947.0,715.0,,2507.0,-435,299.0,1000,DISTRICT23,TABLET,2507.0
ACT-SC,2025-08-01,HEALTH CENTER,465.0,287.0,22.0,1460.0,621.0,0.0,-834,13.0,30,DISTRICT15,BLISTER,-621.0
PYRA-SAC,2024-08-01,HEALTH CENTER,95.0,886.0,88.0,2468.0,,0.0,356,117.0,1,DISTRICT15,SACHET,0.0
ART-INJ,2025-05-01,HEALTH CENTER,801.0,88.0,343.0,951.0,691.0,152.0,237,273.0,5,DISTRICT20,VIAL,-539.0
SP,2025-02-01,HEALTH CENTER,337.0,293.0,79.0,523.0,,52.0,106,54.0,1000,DISTRICT31,TABLET,52.0
ACT-INF,2025-02-01,HEALTH CENTER,5.0,9.0,8.0,113.0,814.0,0.0,393,13.0,30,DISTRICT19,BLISTER,-814.0
ACT-INF,2024-05-01,HEALTH CENTER,2339.0,0.0,548.0,785.0,904.0,101.0,-79,306.0,30,DISTRICT13,BLISTER,-803.0
ACT-GC,2024-02-01,HEALTH CENTER,256.0,0.0,334.0,66.0,908.0,11443.0,428,566.0,30,DISTRICT23,BLISTER,10535.0
RDT,2024-11-01,HEALTH CENTER,552.0,183.0,330.0,2428.0,588.0,9.0,-582,258.0,25,DISTRICT3,PIECE,-579.0
ACT-AD,2024-05-01,HEALTH CENTER,225.0,159.0,74.0,969.0,,0.0,430,94.0,30,DISTRICT33,BLISTER,0.0
QUIN,2025-05-01,HEALTH CENTER,18.0,1.0,168.0,469.0,,192.0,542,130.0,1000,DISTRICT9,TABLET,192.0
RDT,2025-05-01,HEALTH CENTER,365.0,4.0,23.0,141.0,,0.0,-4,83.0,25,DISTRICT2,PIECE,0.0
RDT,2024-02-01,HEALTH CENTER,930.0,66.0,144.0,1179.0,681.0,55.0,-172,107.0,25,DISTRICT6,PIECE,-626.0
SP,2024-05-01,HEALTH CENTER,1822.0,0.0,118.0,1031.0,,197.0,-303,368.0,1000,DISTRICT6,TABLET,197.0
ACT-GC,2024-05-01,HEALTH CENTER,330.0,4.0,51.0,759.0,702.0,4086.0,-400,37.0,30,DISTRICT8,BLISTER,3384.0
QUIN,2024-05-01,HEALTH CENTER,320.0,1.0,321.0,348.0,,278.0,-276,348.0,1000,DISTRICT37,TABLET,278.0
PYRA-COMP,2024-02-01,HEALTH CENTER,2073.0,1820.0,178.0,727.0,,85.0,-237,243.0,1,DISTRICT20,TABLET,85.0
ART-INJ,2025-11-01,HEALTH CENTER,2040.0,17.0,205.0,2113.0,,1.0,-660,263.0,5,DISTRICT1,VIAL,1.0
QUIN,2024-02-01,HEALTH CENTER,4897.0,259.0,1528.0,5274.0,1127.0,496.0,287,1030.0,1000,DISTRICT3,TABLET,-631.0
ITN,2025-11-01,HEALTH CENTER,217.0,4.0,74.0,119.0,,0.0,-323,29.0,50,DISTRICT33,PIECE,0.0
SP,2025-02-01,HEALTH CENTER,476.0,53.0,434.0,947.0,,4862.0,-291,384.0,1000,DISTRICT38,TABLET,4862.0
ACT-GC,2025-05-01,HEALTH CENTER,584.0,0.0,63.0,360.0,566.0,12.0,-209,15.0,30,DISTRICT22,BLISTER,-554.0
ITN,2024-08-01,HEALTH CENTER,393.0,0.0,359.0,1206.0,,64.0,164,172.0,50,DISTRICT3,PIECE,64.0
ACT-GC,2025-08-01,DISTRICT HOSPITAL,1087.0,323.0,757.0,1867.0,,443.0,126,494.0,30,DISTRICT25,BLISTER,443.0
ACT-GC,2024-11-01,HEALTH CENTER,1543.0,897.0,177.0,1577.0,,1401.0,-670,90.0,30,DISTRICT20,BLISTER,1401.0
ACT-GC,2025-05-01,HEALTH CENTER,599.0,2.0,294.0,790.0,450.0,658.0,2,166.0,30,DISTRICT29,BLISTER,208.0
RDT,2024-05-01,HEALTH CENTER,949.0,115.0,611.0,2473.0,,73.0,310,237.0,25,DISTRICT28,PIECE,73.0
ART-INJ,2025-02-01,HEALTH CENTER,3677.0,0.0,530.0,2593.0,,3834.0,-352,323.0,5,DISTRICT5,VIAL,3834.0
ACT-SC,2025-05-01,HEALTH CENTER,2472.0,211.0,321.0,1433.0,,1592.0,-122,237.0,30,DISTRICT36,BLISTER,1592.0
RDT,2024-11-01,HEALTH CENTER,1572.0,1367.0,839.0,3168.0,,42.0,-66,578.0,25,DISTRICT31,PIECE,42.0
ITN,2025-08-01,DISTRICT HOSPITAL,55.0,349.0,78.0,209.0,,933.0,482,33.0,50,DISTRICT29,PIECE,933.0
SP,2024-08-01,NATIONAL HOSPITAL,65.0,1.0,2.0,28.0,,0.0,341,0.0,1000,DISTRICT25,TABLET,0.0
ACT-AD,2025-02-01,HEALTH CENTER,1221.0,1.0,720.0,1854.0,,14572.0,207,263.0,30,DISTRICT26,BLISTER,14572.0
ACT-SC,2024-05-01,HEALTH CENTER,4798.0,8.0,545.0,4429.0,601.0,2.0,565,472.0,30,DISTRICT24,BLISTER,-599.0
RDT,2024-11-01,HEALTH CENTER,2042.0,8.0,714.0,1438.0,,638.0,565,316.0,25,DISTRICT32,PIECE,638.0
ACT-SC,2024-08-01,HEALTH CENTER,4395.0,46.0,263.0,578.0,,6.0,-1290,125.0,30,DISTRICT17,BLISTER,6.0
RDT,2025-11-01,HEALTH CENTER,329.0,8.0,56.0,54.0,280.0,820.0,-112,65.0,25,DISTRICT13,PIECE,540.0
ITN,2024-02-01,HEALTH CENTER,453.0,0.0,174.0,613.0,,64.0,35,195.0,50,DISTRICT31,PIECE,64.0
RDT,2025-11-01,HEALTH CENTER,229.0,1036.0,423.0,202.0,1372.0,1191.0,-242,160.0,25,DISTRICT31,PIECE,-181.0
RDT,2025-05-01,HEALTH CENTER,75.0,0.0,54.0,79.0,,5.0,553,9.0,25,DISTRICT5,PIECE,5.0
PYRA-SAC,2025-05-01,HEALTH CENTER,2240.0,186.0,1110.0,4342.0,743.0,1204.0,-90,817.0,1,DISTRICT38,SACHET,461.0
ITN,2024-11-01,HEALTH CENTER,4332.0,1.0,883.0,4844.0,442.0,413.0,-393,773.0,50,DISTRICT17,PIECE,-29.0
ACT-GC,2025-05-01,HEALTH CENTER,248.0,0.0,46.0,172.0,,17.0,-736,80.0,30,DISTRICT28,BLISTER,17.0
QUIN,2024-11-01,HEALTH CENTER,569.0,1.0,531.0,799.0,105.0,0.0,495,362.0,1000,DISTRICT33,TABLET,-105.0
SP,2025-02-01,HEALTH CENTER,1887.0,681.0,217.0,1180.0,,135.0,317,65.0,1000,DISTRICT29,TABLET,135.0
ACT-INF,2025-05-01,HEALTH CENTER,5.0,0.0,0.0,9.0,,3.0,207,0.0,30,DISTRICT26,BLISTER,3.0
PYRA-COMP,2024-08-01,HEALTH CENTER,148.0,297.0,117.0,838.0,1061.0,274.0,250,45.0,1,DISTRICT8,TABLET,-787.0
ACT-INF,2024-11-01,HEALTH CENTER,175.0,0.0,202.0,9.0,,0.0,553,61.0,30,DISTRICT24,BLISTER,0.0
ACT-GC,2024-11-01,HEALTH CENTER,5490.0,0.0,460.0,1785.0,,0.0,-304,320.0,30,DISTRICT25,BLISTER,0.0
ACT-GC,2024-05-01,HEALTH CENTER,551.0,20.0,65.0,1352.0,574.0,186.0,-291,102.0,30,DISTRICT36,BLISTER,-388.0
ACT-AD,2024-05-01,HEALTH CENTER,408.0,1.0,98.0,361.0,,39.0,-57,10.0,30,DISTRICT9,BLISTER,39.0
PYRA-COMP,2025-05-01,HEALTH CENTER,695.0,67.0,314.0,823.0,,15089.0,388,392.0,1,DISTRICT21,TABLET,15089.0
ART-SUP,2025-02-01,HEALTH CENTER,144.0,93.0,115.0,44.0,,28.0,252,5.0,2,DISTRICT8,CAPSULE,28.0
ART-INJ,2025-05-01,HEALTH CENTER,1011.0,34.0,70.0,623.0,,0.0,-463,9.0,5,DISTRICT29,VIAL,0.0
RDT,2024-08-01,HEALTH CENTER,796.0,1.0,179.0,112.0,,92.0,394,72.0,25,DISTRICT37,PIECE,92.0
ART-INJ,2024-05-01,HEALTH CENTER,881.0,0.0,135.0,259.0,564.0,23.0,-403,200.0,5,DISTRICT17,VIAL,-541.0
QUIN,2025-08-01,HEALTH CENTER,498.0,27.0,217.0,480.0,,0.0,-196,187.0,1000,DISTRICT13,TABLET,0.0
PYRA-COMP,2025-02-01,HEALTH CENTER,91.0,320.0,80.0,423.0,,15.0,-470,90.0,1,DISTRICT21,TABLET,15.0
PYRA-SAC,2025-05-01,HEALTH CENTER,2403.0,536.0,659.0,6466.0,,255.0,-41,977.0,1,DISTRICT13,SACHET,255.0
ART-SUP,2024-02-01,HEALTH CENTER,748.0,1.0,186.0,417.0,712.0,4.0,-457,120.0,2,DISTRICT33,CAPSULE,-708.0
ART-SUP,2024-02-01,HEALTH CENTER,5499.0,2683.0,1967.0,9004.0,,1028.0,315,1043.0,2,DISTRICT31,CAPSULE,1028.0
ACT-GC,2024-05-01,HEALTH CENTER,1398.0,6.0,353.0,1447.0,465.0,0.0,-468,59.0,30,DISTRICT16,BLISTER,-465.0
ACT-AD,2025-11-01,HEALTH CENTER,1.0,155.0,94.0,93.0,,0.0,1103,99.0,30,DISTRICT12,BLISTER,0.0
ART-SUP,2024-02-01,HEALTH CENTER,431.0,262.0,301.0,921.0,,131.0,781,66.0,2,DISTRICT2,CAPSULE,131.0
ACT-INF,2024-05-01,HEALTH CENTER,3745.0,78.0,745.0,2641.0,,0.0,408,333.0,30,DISTRICT29,BLISTER,0.0
ACT-SC,2025-08-01,HEALTH CENTER,461.0,38.0,146.0,934.0,378.0,156.0,388,248.0,30,DISTRICT7,BLISTER,-222.0
QUIN,2025-08-01,HEALTH CENTER,363.0,581.0,404.0,653.0,615.0,6700.0,152,609.0,1000,DISTRICT1,TABLET,6085.0
PYRA-SAC,2024-02-01,HEALTH CENTER,3101.0,3.0,545.0,1673.0,,1.0,-67,91.0,1,DISTRICT31,SACHET,1.0
ART-INJ,2024-02-01,HEALTH CENTER,398.0,0.0,26.0,436.0,,0.0,-771,3.0,5,DISTRICT3,VIAL,0.0
ART-SUP,2025-11-01,HEALTH CENTER,174.0,2.0,74.0,48.0,,951.0,90,12.0,2,DISTRICT16,CAPSULE,951.0
ACT-INF,2024-05-01,HEALTH CENTER,1019.0,0.0,250.0,470.0,,2382.0,1234,333.0,30,DISTRICT31,BLISTER,2382.0
ITN,2025-02-01,HEALTH CENTER,230.0,7.0,37.0,138.0,,8.0,554,7.0,50,DISTRICT29,PIECE,8.0
ART-SUP,2024-02-01,HEALTH CENTER,438.0,194.0,380.0,1304.0,,3.0,241,316.0,2,DISTRICT24,CAPSULE,3.0
ACT-GC,2024-02-01,HEALTH CENTER,63.0,75.0,24.0,37.0,,7.0,422,7.0,30,DISTRICT9,BLISTER,7.0
RDT,2024-05-01,HEALTH CENTER,8484.0,662.0,1376.0,7667.0,,1.0,-468,867.0,25,DISTRICT36,PIECE,1.0
ACT-GC,2025-02-01,HEALTH CENTER,205.0,230.0,821.0,1311.0,,2821.0,504,894.0,30,DISTRICT11,BLISTER,2821.0
ACT-INF,2025-08-01,HEALTH CENTER,107.0,43.0,68.0,68.0,,1557.0,-211,121.0,30,DISTRICT30,BLISTER,1557.0
SP,2025-08-01,HEALTH CENTER,53.0,33.0,20.0,1100.0,,0.0,260,47.0,1000,DISTRICT24,TABLET,0.0
ACT-SC,2024-02-01,HEALTH CENTER,511.0,107.0,80.0,367.0,,1035.0,136,16.0,30,DISTRICT27,BLISTER,1035.0
RDT,2024-11-01,HEALTH CENTER,4914.0,622.0,2420.0,4592.0,1824.0,6851.0,82,1914.0,25,DISTRICT1,PIECE,5027.0
QUIN,2025-11-01,REGIONAL HOSPITAL,3220.0,38.0,847.0,2064.0,,834.0,199,597.0,1000,DISTRICT32,TABLET,834.0
RDT,2024-05-01,HEALTH CENTER,742.0,175.0,250.0,902.0,,148.0,-599,486.0,25,DISTRICT6,PIECE,148.0
ITN,2024-11-01,HEALTH CENTER,230.0,0.0,55.0,35.0,400.0,18.0,70,50.0,50,DISTRICT19,PIECE,-382.0
ACT-SC,2025-08-01,HEALTH CENTER,642.0,0.0,11.0,57.0,,106.0,166,8.0,30,DISTRICT9,BLISTER,106.0
ART-INJ,2025-05-01,HEALTH CENTER,573.0,7.0,67.0,524.0,,1.0,-778,58.0,5,DISTRICT22,VIAL,1.0
ACT-INF,2025-05-01,HEALTH CENTER,543.0,0.0,35.0,243.0,368.0,0.0,32,2.0,30,DISTRICT21,BLISTER,-368.0
SP,2024-11-01,HEALTH CENTER,722.0,0.0,107.0,1102.0,,894.0,-289,44.0,1000,DISTRICT15,TABLET,894.0
ACT-SC,2025-05-01,HEALTH CENTER,450.0,421.0,79.0,898.0,691.0,5780.0,-439,47.0,30,DISTRICT20,BLISTER,5089.0
PYRA-COMP,2024-02-01,HEALTH CENTER,171.0,0.0,25.0,140.0,,260.0,-261,95.0,1,DISTRICT38,TABLET,260.0
ACT-SC,2025-02-01,HEALTH CENTER,2226.0,0.0,355.0,1684.0,,1.0,553,114.0,30,DISTRICT7,BLISTER,1.0
RDT,2025-05-01,HEALTH CENTER,329.0,0.0,75.0,140.0,,501.0,-74,177.0,25,DISTRICT16,PIECE,501.0
QUIN,2025-05-01,HEALTH CENTER,1590.0,12.0,334.0,1380.0,628.0,6.0,-547,527.0,1000,DISTRICT1,TABLET,-622.0
ACT-SC,2025-05-01,HEALTH CENTER,220.0,335.0,49.0,20.0,,2876.0,25,15.0,30,DISTRICT7,BLISTER,2876.0
ART-SUP,2025-02-01,HEALTH CENTER,5202.0,510.0,996.0,4017.0,,0.0,-911,1056.0,2,DISTRICT23,CAPSULE,0.0
ACT-SC,2025-11-01,HEALTH CENTER,806.0,0.0,120.0,282.0,536.0,5549.0,135,48.0,30,DISTRICT24,BLISTER,5013.0
QUIN,2025-08-01,HEALTH CENTER,1141.0,1.0,1117.0,959.0,,5290.0,-402,621.0,1000,DISTRICT6,TABLET,5290.0
QUIN,2024-11-01,HEALTH CENTER,1374.0,27.0,50.0,946.0,,0.0,-440,78.0,1000,DISTRICT36,TABLET,0.0
ACT-GC,2025-05-01,HEALTH CENTER,1719.0,0.0,307.0,1184.0,,5864.0,-579,176.0,30,DISTRICT3,BLISTER,5864.0
PYRA-COMP,2025-02-01,HEALTH CENTER,232.0,266.0,39.0,79.0,,418.0,33,18.0,1,DISTRICT29,TABLET,418.0
QUIN,2025-02-01,HEALTH CENTER,286.0,0.0,444.0,109.0,,119.0,5,446.0,1000,DISTRICT30,TABLET,119.0
PYRA-SAC,2025-11-01,HEALTH CENTER,2.0,1.0,3.0,9.0,,95.0,296,1.0,1,DISTRICT31,SACHET,95.0
ACT-AD,2024-05-01,HEALTH CENTER,1474.0,61.0,112.0,124.0,726.0,123.0,437,158.0,30,DISTRICT31,BLISTER,-603.0
QUIN,2025-08-01,HEALTH CENTER,983.0,116.0,16.0,1497.0,110.0,0.0,-82,2.0,1000,DISTRICT35,TABLET,-110.0
ART-SUP,2024-11-01,HEALTH CENTER,363.0,54.0,166.0,1083.0,,0.0,104,69.0,2,DISTRICT25,CAPSULE,0.0
ACT-INF,2025-08-01,HEALTH CENTER,914.0,0.0,272.0,1059.0,,2436.0,390,226.0,30,DISTRICT35,BLISTER,2436.0
SP,2024-05-01,HEALTH CENTER,997.0,245.0,246.0,4359.0,,0.0,-414,269.0,1000,DISTRICT26,TABLET,0.0
QUIN,2024-02-01,HEALTH CENTER,694.0,0.0,52.0,155.0,296.0,78.0,385,7.0,1000,DISTRICT12,TABLET,-218.0
ACT-SC,2025-08-01,HEALTH CENTER,384.0,21.0,181.0,507.0,,17.0,832,150.0,30,DISTRICT23,BLISTER,17.0
PYRA-SAC,2025-11-01,HEALTH CENTER,2650.0,0.0,244.0,493.0,,660.0,-137,147.0,1,DISTRICT26,SACHET,660.0
SP,2024-02-01,HEALTH CENTER,1467.0,0.0,132.0,1192.0,,0.0,-209,91.0,1000,DISTRICT5,TABLET,0.0
ART-INJ,2025-02-01,HEALTH CENTER,2160.0,121.0,672.0,2172.0,,75.0,255,346.0,5,DISTRICT9,VIAL,75.0
SP,2025-11-01,HEALTH CENTER,190.0,2.0,169.0,180.0,256.0,5.0,-515,99.0,1000,DISTRICT30,TABLET,-251.0
ACT-GC,2025-08-01,HEALTH CENTER,4.0,0.0,3.0,19.0,1152.0,0.0,846,1.0,30,DISTRICT8,BLISTER,-1152.0
ITN,2025-08-01,HEALTH CENTER,5230.0,61.0,1781.0,2938.0,,3969.0,465,2752.0,50,DISTRICT22,PIECE,3969.0
PYRA-SAC,2025-05-01,HEALTH CENTER,2768.0,1505.0,1631.0,3198.0,,2304.0,-600,1169.0,1,DISTRICT7,SACHET,2304.0
ART-INJ,2025-02-01,HEALTH CENTER,726.0,1.0,57.0,644.0,,0.0,438,75.0,5,DISTRICT17,VIAL,0.0
ITN,2024-05-01,HEALTH CENTER,371.0,0.0,69.0,701.0,,3.0,-115,16.0,50,DISTRICT20,PIECE,3.0
ART-SUP,2024-08-01,HEALTH CENTER,2334.0,3178.0,582.0,4360.0,,0.0,-420,510.0,2,DISTRICT33,CAPSULE,0.0
RDT,2024-08-01,HEALTH CENTER,1248.0,41.0,333.0,1018.0,,351.0,440,379.0,25,DISTRICT3,PIECE,351.0
ART-INJ,2024-05-01,REGIONAL HOSPITAL,151.0,5.0,5.0,391.0,,0.0,-166,60.0,5,DISTRICT1,VIAL,0.0
ACT-AD,2025-02-01,HEALTH CENTER,2409.0,0.0,528.0,510.0,,8704.0,145,546.0,30,DISTRICT13,BLISTER,8704.0
ART-INJ,2025-05-01,HEALTH CENTER,111.0,0.0,18.0,274.0,,0.0,651,11.0,5,DISTRICT1,VIAL,0.0
QUIN,2025-02-01,HEALTH CENTER,17.0,15.0,16.0,50.0,,13.0,-214,15.0,1000,DISTRICT1,TABLET,13.0
ACT-GC,2025-11-01,HEALTH CENTER,309.0,81.0,266.0,2102.0,,0.0,-229,84.0,30,DISTRICT4,BLISTER,0.0
ART-SUP,2024-08-01,HEALTH CENTER,7028.0,184.0,673.0,6244.0,,10.0,363,704.0,2,DISTRICT8,CAPSULE,10.0
PYRA-COMP,2025-05-01,HEALTH CENTER,1223.0,1668.0,259.0,2200.0,,81.0,1001,163.0,1,DISTRICT20,TABLET,81.0
SP,2025-05-01,HEALTH CENTER,2900.0,1.0,902.0,2408.0,,1017.0,-333,218.0,1000,DISTRICT6,TABLET,1017.0
RDT,2024-05-01,HEALTH CENTER,334.0,79.0,180.0,510.0,,718.0,217,234.0,25,DISTRICT8,PIECE,718.0
ACT-SC,2024-02-01,HEALTH CENTER,1767.0,0.0,911.0,681.0,,183.0,-30,685.0,30,DISTRICT3,BLISTER,183.0
ACT-INF,2024-02-01,HEALTH CENTER,1829.0,1.0,340.0,772.0,,271.0,546,574.0,30,DISTRICT28,BLISTER,271.0
RDT,2024-11-01,HEALTH CENTER,2162.0,5.0,1067.0,909.0,,7480.0,-27,776.0,25,DISTRICT1,PIECE,7480.0
ART-INJ,2024-02-01,HEALTH CENTER,92.0,99.0,97.0,62.0,1124.0,1650.0,230,105.0,5,DISTRICT28,VIAL,526.0
ACT-AD,2025-02-01,HEALTH CENTER,1.0,0.0,26.0,4.0,,4683.0,397,3.0,30,DISTRICT3,BLISTER,4683.0
ACT-INF,2024-08-01,HEALTH CENTER,1682.0,52.0,431.0,345.0,,457.0,-1078,175.0,30,DISTRICT38,BLISTER,457.0
ITN,2025-05-01,HEALTH CENTER,1470.0,8.0,320.0,596.0,,849.0,157,121.0,50,DISTRICT20,PIECE,849.0
ACT-AD,2024-11-01,HEALTH CENTER,300.0,275.0,193.0,837.0,1071.0,0.0,-50,285.0,30,DISTRICT14,BLISTER,-1071.0
ACT-SC,2025-02-01,HEALTH CENTER,1076.0,290.0,262.0,3284.0,,188.0,-182,62.0,30,DISTRICT15,BLISTER,188.0
RDT,2025-05-01,HEALTH CENTER,966.0,688.0,225.0,1857.0,1234.0,0.0,969,340.0,25,DISTRICT11,PIECE,-1234.0
PYRA-COMP,2024-02-01,HEALTH CENTER,1398.0,69.0,132.0,1234.0,,8628.0,-339,100.0,1,DISTRICT19,TABLET,8628.0
ACT-GC,2025-05-01,DISTRICT HOSPITAL,1181.0,7.0,518.0,1183.0,,5.0,227,732.0,30,DISTRICT26,BLISTER,5.0
ACT-GC,2025-11-01,HEALTH CENTER,1521.0,2.0,160.0,932.0,,2035.0,764,58.0,30,DISTRICT7,BLISTER,2035.0
ACT-AD,2024-02-01,HEALTH CENTER,949.0,24.0,434.0,2150.0,,64.0,439,237.0,30,DISTRICT24,BLISTER,64.0
ACT-SC,2025-11-01,HEALTH CENTER,1264.0,0.0,936.0,1509.0,373.0,8184.0,938,1536.0,30,DISTRICT37,BLISTER,7811.0
ART-INJ,2024-08-01,HEALTH CENTER,5078.0,116.0,585.0,3054.0,1051.0,47.0,219,724.0,5,DISTRICT7,VIAL,-1004.0
ACT-SC,2024-08-01,HEALTH CENTER,400.0,2.0,132.0,168.0,,0.0,43,34.0,30,DISTRICT1,BLISTER,0.0
PYRA-COMP,2025-11-01,HEALTH CENTER,845.0,64.0,273.0,639.0,,2315.0,396,103.0,1,DISTRICT21,TABLET,2315.0
RDT,2024-05-01,HEALTH CENTER,96.0,0.0,19.0,31.0,,490.0,188,36.0,25,DISTRICT20,PIECE,490.0
ACT-SC,2025-11-01,HEALTH CENTER,1101.0,264.0,365.0,1415.0,,444.0,470,287.0,30,DISTRICT28,BLISTER,444.0
QUIN,2024-05-01,HEALTH CENTER,30.0,0.0,1.0,2.0,,18.0,-6,9.0,1000,DISTRICT2,TABLET,18.0
RDT,2025-08-01,HEALTH CENTER,169.0,0.0,22.0,29.0,,1284.0,313,25.0,25,DISTRICT29,PIECE,1284.0
SP,2025-02-01,HEALTH CENTER,2537.0,0.0,672.0,1302.0,,68.0,-574,508.0,1000,DISTRICT29,TABLET,68.0
RDT,2024-02-01,HEALTH CENTER,301.0,1.0,60.0,140.0,44.0,0.0,-228,22.0,25,DISTRICT28,PIECE,-44.0
ART-INJ,2024-02-01,HEALTH CENTER,448.0,0.0,113.0,120.0,,13.0,584,146.0,5,DISTRICT5,VIAL,13.0
QUIN,2024-08-01,HEALTH CENTER,118.0,0.0,11.0,31.0,,0.0,309,4.0,1000,DISTRICT4,TABLET,0.0
SP,2025-02-01,DISTRICT HOSPITAL,3589.0,8.0,604.0,4103.0,,0.0,490,626.0,1000,DISTRICT28,TABLET,0.0
ITN,2024-08-01,HEALTH CENTER,1583.0,3.0,725.0,496.0,1039.0,7771.0,-479,552.0,50,DISTRICT7,PIECE,6732.0
ACT-AD,2025-02-01,DISTRICT HOSPITAL,1175.0,771.0,105.0,1645.0,,19.0,771,107.0,30,DISTRICT23,BLISTER,19.0
ART-INJ,2025-02-01,HEALTH CENTER,528.0,0.0,101.0,340.0,,2.0,-253,196.0,5,DISTRICT18,VIAL,2.0
ACT-AD,2025-11-01,HEALTH CENTER,1706.0,0.0,136.0,2162.0,719.0,0.0,-271,129.0,30,DISTRICT25,BLISTER,-719.0
PYRA-SAC,2024-11-01,HEALTH CENTER,470.0,6.0,105.0,113.0,501.0,0.0,459,146.0,1,DISTRICT18,SACHET,-501.0
QUIN,2025-05-01,HEALTH CENTER,10.0,0.0,5.0,2.0,527.0,246.0,185,7.0,1000,DISTRICT15,TABLET,-281.0
ACT-GC,2025-08-01,HEALTH CENTER,760.0,0.0,12.0,314.0,,0.0,-1029,1.0,30,DISTRICT12,BLISTER,0.0
SP,2025-02-01,HEALTH CENTER,410.0,182.0,229.0,537.0,,8.0,1110,52.0,1000,DISTRICT35,TABLET,8.0
QUIN,2024-08-01,HEALTH CENTER,154.0,19.0,109.0,290.0,,69.0,213,40.0,1000,DISTRICT33,TABLET,69.0
ART-INJ,2025-11-01,HEALTH CENTER,1775.0,172.0,686.0,2418.0,,62.0,-73,419.0,5,DISTRICT7,VIAL,62.0
ACT-GC,2024-08-01,HEALTH CENTER,124.0,0.0,28.0,19.0,402.0,0.0,115,4.0,30,DISTRICT21,BLISTER,-402.0
PYRA-COMP,2024-02-01,HEALTH CENTER,294.0,0.0,140.0,425.0,1012.0,4.0,-92,434.0,1,DISTRICT11,TABLET,-1008.0
QUIN,2024-11-01,HEALTH CENTER,835.0,14.0,55.0,394.0,209.0,0.0,37,29.0,1000,DISTRICT8,TABLET,-209.0
PYRA-COMP,2025-05-01,HEALTH CENTER,370.0,131.0,930.0,1321.0,640.0,457.0,129,662.0,1,DISTRICT5,TABLET,-183.0
RDT,2025-02-01,HEALTH CENTER,642.0,1280.0,85.0,2546.0,,0.0,-439,56.0,25,DISTRICT29,PIECE,0.0
ART-SUP,2025-02-01,DISTRICT HOSPITAL,93.0,3.0,23.0,14.0,1849.0,4491.0,-154,18.0,2,DISTRICT28,CAPSULE,2642.0
ACT-GC,2025-08-01,HEALTH CENTER,298.0,9.0,198.0,320.0,,6.0,269,308.0,30,DISTRICT2,BLISTER,6.0
ACT-AD,2025-05-01,HEALTH CENTER,672.0,2091.0,177.0,1799.0,,0.0,387,65.0,30,DISTRICT11,BLISTER,0.0
ACT-INF,2024-08-01,HEALTH CENTER,33.0,1.0,100.0,288.0,,1054.0,130,70.0,30,DISTRICT3,BLISTER,1054.0
SP,2024-08-01,HEALTH CENTER,3597.0,20.0,440.0,3384.0,,0.0,-1028,170.0,1000,DISTRICT3,TABLET,0.0
ART-SUP,2024-11-01,HEALTH CENTER,590.0,253.0,167.0,504.0,,67.0,-484,446.0,2,DISTRICT31,CAPSULE,67.0
ACT-SC,2025-05-01,HEALTH CENTER,6900.0,60.0,1307.0,5482.0,,453.0,-75,1294.0,30,DISTRICT29,BLISTER,453.0
ACT-GC,2024-02-01,HEALTH CENTER,30.0,21.0,12.0,2.0,649.0,3.0,588,10.0,30,DISTRICT38,BLISTER,-646.0
PYRA-SAC,2024-08-01,HEALTH CENTER,1009.0,0.0,253.0,801.0,,113.0,420,99.0,1,DISTRICT18,SACHET,113.0
ITN,2024-08-01,REGIONAL HOSPITAL,1120.0,168.0,253.0,483.0,,5766.0,-332,338.0,50,DISTRICT33,PIECE,5766.0
PYRA-SAC,2024-05-01,HEALTH CENTER,1867.0,11.0,382.0,1797.0,,1771.0,37,479.0,1,DISTRICT13,SACHET,1771.0
PYRA-COMP,2024-08-01,HEALTH CENTER,2222.0,230.0,385.0,2336.0,,159.0,-77,252.0,1,DISTRICT9,TABLET,159.0
ACT-INF,2025-11-01,HEALTH CENTER,6991.0,631.0,1551.0,8655.0,,378.0,224,1817.0,30,DISTRICT13,BLISTER,378.0
PYRA-COMP,2024-08-01,HEALTH CENTER,1014.0,6.0,80.0,672.0,111.0,0.0,767,67.0,1,DISTRICT37,TABLET,-111.0
SP,2024-11-01,HEALTH CENTER,2044.0,146.0,519.0,1585.0,,496.0,-49,328.0,1000,DISTRICT26,TABLET,496.0
QUIN,2024-02-01,HEALTH CENTER,319.0,1188.0,420.0,2544.0,356.0,4.0,-1,293.0,1000,DISTRICT23,TABLET,-352.0
PYRA-COMP,2025-02-01,HEALTH CENTER,288.0,0.0,21.0,96.0,,3.0,-128,34.0,1,DISTRICT33,TABLET,3.0
QUIN,2025-11-01,HEALTH CENTER,35.0,5.0,98.0,128.0,,364.0,-443,201.0,1000,DISTRICT32,TABLET,364.0
ACT-AD,2025-02-01,HEALTH CENTER,789.0,0.0,18.0,1327.0,,0.0,-286,5.0,30,DISTRICT18,BLISTER,0.0
ITN,2025-05-01,HEALTH CENTER,385.0,24.0,384.0,203.0,774.0,876.0,148,298.0,50,DISTRICT29,PIECE,102.0
PYRA-SAC,2024-02-01,HEALTH CENTER,365.0,134.0,533.0,384.0,,1054.0,425,199.0,1,DISTRICT11,SACHET,1054.0
PYRA-SAC,2024-08-01,HEALTH CENTER,1164.0,44.0,140.0,506.0,,2731.0,-371,412.0,1,DISTRICT30,SACHET,2731.0
QUIN,2025-05-01,HEALTH CENTER,2743.0,0.0,116.0,1088.0,,0.0,48,88.0,1000,DISTRICT19,TABLET,0.0
PYRA-COMP,2025-08-01,HEALTH CENTER,3958.0,825.0,998.0,2886.0,,0.0,-743,599.0,1,DISTRICT9,TABLET,0.0
PYRA-COMP,2024-05-01,HEALTH CENTER,4627.0,736.0,2574.0,3570.0,1332.0,1189.0,107,1727.0,1,DISTRICT28,TABLET,-143.0
ART-SUP,2024-05-01,HEALTH CENTER,1203.0,0.0,120.0,262.0,,5398.0,-409,105.0,2,DISTRICT5,CAPSULE,5398.0
ACT-INF,2024-02-01,HEALTH CENTER,301.0,0.0,61.0,74.0,,45.0,-523,126.0,30,DISTRICT26,BLISTER,45.0
ART-INJ,2025-08-01,HEALTH CENTER,539.0,0.0,241.0,123.0,,9.0,310,18.0,5,DISTRICT26,VIAL,9.0
ACT-SC,2024-11-01,HEALTH CENTER,310.0,0.0,72.0,45.0,,102.0,-618,35.0,30,DISTRICT25,BLISTER,102.0
QUIN,2025-02-01,HEALTH CENTER,864.0,115.0,445.0,1833.0,,79.0,-790,823.0,1000,DISTRICT28,TABLET,79.0
ACT-GC,2024-02-01,HEALTH CENTER,1558.0,89.0,590.0,3504.0,,2909.0,1007,566.0,30,DISTRICT23,BLISTER,2909.0
SP,2024-08-01,HEALTH CENTER,1303.0,2.0,299.0,683.0,,235.0,-931,314.0,1000,DISTRICT17,TABLET,235.0
ACT-INF,2025-11-01,HEALTH CENTER,385.0,566.0,346.0,955.0,,152.0,805,91.0,30,DISTRICT28,BLISTER,152.0
ITN,2025-08-01,HEALTH CENTER,5594.0,0.0,1567.0,1417.0,1817.0,3865.0,-179,1554.0,50,DISTRICT16,PIECE,2048.0
ART-INJ,2024-11-01,HEALTH CENTER,6001.0,19.0,1102.0,1817.0,1914.0,133.0,413,586.0,5,DISTRICT11,VIAL,-1781.0
PYRA-SAC,2025-05-01,HEALTH CENTER,591.0,0.0,62.0,65.0,,1.0,361,13.0,1,DISTRICT24,SACHET,1.0
PYRA-COMP,2025-08-01,HEALTH CENTER,1288.0,29.0,45.0,1572.0,,0.0,-470,17.0,1,DISTRICT1,TABLET,0.0
PYRA-COMP,2025-02-01,HEALTH CENTER,142.0,0.0,58.0,88.0,,0.0,291,23.0,1,DISTRICT36,TABLET,0.0
RDT,2024-05-01,HEALTH CENTER,1244.0,549.0,118.0,1852.0,,3.0,-257,19.0,25,DISTRICT25,PIECE,3.0
ACT-SC,2024-08-01,HEALTH CENTER,16.0,2.0,1.0,10.0,,0.0,-41,0.0,30,DISTRICT20,BLISTER,0.0
QUIN,2024-02-01,HEALTH CENTER,137.0,557.0,26.0,668.0,,0.0,279,50.0,1000,DISTRICT31,TABLET,0.0
ACT-INF,2024-11-01,HEALTH CENTER,1200.0,0.0,55.0,318.0,180.0,0.0,-279,48.0,30,DISTRICT13,BLISTER,-180.0
PYRA-SAC,2024-08-01,HEALTH CENTER,2284.0,0.0,165.0,1107.0,,0.0,109,76.0,1,DISTRICT17,SACHET,0.0
ART-SUP,2024-11-01,HEALTH CENTER,2067.0,0.0,423.0,1197.0,1005.0,1700.0,-779,481.0,2,DISTRICT1,CAPSULE,695.0
SP,2025-02-01,HEALTH CENTER,668.0,0.0,99.0,102.0,,1596.0,7,36.0,1000,DISTRICT15,TABLET,1596.0
ART-SUP,2024-02-01,HEALTH CENTER,5202.0,2.0,753.0,2894.0,,0.0,-321,443.0,2,DISTRICT20,CAPSULE,0.0
PYRA-SAC,2024-08-01,HEALTH CENTER,786.0,21.0,349.0,474.0,,256.0,685,166.0,1,DISTRICT3,SACHET,256.0
ART-SUP,2025-05-01,HEALTH CENTER,106.0,109.0,63.0,107.0,,4717.0,58,12.0,2,DISTRICT25,CAPSULE,4717.0
ACT-INF,2024-08-01,HEALTH CENTER,772.0,51.0,72.0,1066.0,524.0,8.0,1004,13.0,30,DISTRICT33,BLISTER,-516.0
ART-SUP,2025-05-01,HEALTH CENTER,233.0,862.0,138.0,484.0,591.0,14.0,-89,81.0,2,DISTRICT29,CAPSULE,-577.0
ACT-SC,2025-11-01,DISTRICT HOSPITAL,2283.0,415.0,249.0,3598.0,,0.0,-115,91.0,30,DISTRICT16,BLISTER,0.0
QUIN,2025-11-01,HEALTH CENTER,429.0,80.0,253.0,348.0,,1074.0,-223,225.0,1000,DISTRICT32,TABLET,1074.0
RDT,2024-08-01,HEALTH CENTER,423.0,0.0,106.0,921.0,,0.0,-522,82.0,25,DISTRICT8,PIECE,0.0
ART-SUP,2024-08-01,HEALTH CENTER,217.0,15.0,40.0,92.0,,26.0,-541,2.0,2,DISTRICT18,CAPSULE,26.0
ITN,2024-11-01,HEALTH CENTER,0.0,0.0,0.0,3.0,386.0,0.0,-321,0.0,50,DISTRICT8,PIECE,-386.0
RDT,2024-02-01,HEALTH CENTER,599.0,1808.0,174.0,1671.0,286.0,67.0,29,77.0,25,DISTRICT23,PIECE,-219.0
PYRA-COMP,2025-05-01,HEALTH CENTER,6.0,0.0,1.0,43.0,202.0,0.0,227,0.0,1,DISTRICT16,TABLET,-202.0
PYRA-COMP,2025-11-01,HEALTH CENTER,2600.0,17.0,985.0,2306.0,,79.0,152,268.0,1,DISTRICT32,TABLET,79.0
RDT,2025-05-01,HEALTH CENTER,2142.0,133.0,390.0,1698.0,,110.0,-621,275.0,25,DISTRICT31,PIECE,110.0
ACT-SC,2024-02-01,HEALTH CENTER,48.0,0.0,44.0,172.0,,6.0,-3,5.0,30,DISTRICT23,BLISTER,6.0
ITN,2024-02-01,HEALTH CENTER,56.0,35.0,399.0,15.0,709.0,63.0,-36,319.0,50,DISTRICT31,PIECE,-646.0
ACT-AD,2024-05-01,HEALTH CENTER,673.0,1.0,129.0,87.0,,6162.0,-138,93.0,30,DISTRICT19,BLISTER,6162.0
ITN,2025-08-01,HEALTH CENTER,15.0,199.0,14.0,64.0,,0.0,424,5.0,50,DISTRICT4,PIECE,0.0
QUIN,2025-08-01,HEALTH CENTER,6.0,156.0,18.0,94.0,,16.0,-215,30.0,1000,DISTRICT29,TABLET,16.0
ART-INJ,2025-05-01,HEALTH CENTER,0.0,0.0,7.0,12.0,,1194.0,553,4.0,5,DISTRICT13,VIAL,1194.0
PYRA-SAC,2025-08-01,HEALTH CENTER,458.0,223.0,276.0,1272.0,1086.0,0.0,30,240.0,1,DISTRICT26,SACHET,-1086.0
ART-SUP,2025-08-01,HEALTH CENTER,7117.0,1182.0,1986.0,6210.0,272.0,10.0,-6,1287.0,2,DISTRICT38,CAPSULE,-262.0
SP,2024-05-01,HEALTH CENTER,4567.0,409.0,1517.0,4285.0,,4559.0,-99,849.0,1000,DISTRICT1,TABLET,4559.0
ART-SUP,2025-05-01,NATIONAL HOSPITAL,132.0,576.0,88.0,358.0,362.0,0.0,133,156.0,2,DISTRICT8,CAPSULE,-362.0
ITN,2024-02-01,HEALTH CENTER,1.0,4.0,83.0,3.0,202.0,0.0,907,0.0,50,DISTRICT16,PIECE,-202.0
ACT-GC,2025-11-01,HEALTH CENTER,142.0,0.0,10.0,399.0,,0.0,-325,2.0,30,DISTRICT12,BLISTER,0.0
ACT-INF,2025-05-01,HEALTH CENTER,2142.0,4.0,757.0,3053.0,,1949.0,-137,790.0,30,DISTRICT31,BLISTER,1949.0
ACT-SC,2025-08-01,HEALTH CENTER,969.0,342.0,72.0,1599.0,,0.0,65,11.0,30,DISTRICT13,BLISTER,0.0
SP,2024-08-01,HEALTH CENTER,129.0,0.0,134.0,55.0,1010.0,2432.0,-187,177.0,1000,DISTRICT32,TABLET,1422.0
ACT-GC,2025-02-01,HEALTH CENTER,325.0,94.0,106.0,181.0,101.0,583.0,-253,112.0,30,DISTRICT12,BLISTER,482.0
ACT-AD,2024-02-01,DISTRICT HOSPITAL,525.0,881.0,959.0,2149.0,,995.0,-292,1269.0,30,DISTRICT31,BLISTER,995.0
ACT-AD,2024-08-01,HEALTH CENTER,241.0,147.0,118.0,219.0,1171.0,1.0,527,93.0,30,DISTRICT10,BLISTER,-1170.0
ACT-GC,2024-11-01,REGIONAL HOSPITAL,484.0,0.0,32.0,546.0,,0.0,-186,23.0,30,DISTRICT32,BLISTER,0.0
ITN,2024-02-01,HEALTH CENTER,270.0,13.0,93.0,83.0,757.0,5994.0,86,37.0,50,DISTRICT33,PIECE,5237.0
ACT-AD,2024-02-01,HEALTH CENTER,26.0,1.0,130.0,15.0,,1404.0,99,42.0,30,DISTRICT37,BLISTER,1404.0
ACT-GC,2025-05-01,HEALTH CENTER,1046.0,128.0,698.0,1450.0,,1623.0,130,464.0,30,DISTRICT9,BLISTER,1623.0
QUIN,2024-05-01,HEALTH CENTER,502.0,1.0,72.0,475.0,386.0,0.0,-367,23.0,1000,DISTRICT10,TABLET,-386.0
ART-INJ,2024-02-01,HEALTH CENTER,942.0,5.0,417.0,1189.0,,327.0,-520,387.0,5,DISTRICT13,VIAL,327.0
ART-INJ,2024-05-01,HEALTH CENTER,442.0,0.0,113.0,316.0,327.0,728.0,-196,61.0,5,DISTRICT29,VIAL,401.0
PYRA-SAC,2024-11-01,DISTRICT HOSPITAL,34.0,118.0,11.0,80.0,,93.0,355,35.0,1,DISTRICT1,SACHET,93.0
ACT-AD,2024-11-01,HEALTH CENTER,326.0,65.0,682.0,456.0,,1.0,276,278.0,30,DISTRICT31,BLISTER,1.0
RDT,2024-08-01,HEALTH CENTER,1632.0,1.0,100.0,1012.0,,97.0,-118,81.0,25,DISTRICT21,PIECE,97.0
ACT-SC,2025-05-01,HEALTH CENTER,988.0,4.0,479.0,820.0,,346.0,166,136.0,30,DISTRICT28,BLISTER,346.0
ART-INJ,2024-02-01,HEALTH CENTER,773.0,46.0,439.0,696.0,1507.0,8.0,-193,522.0,5,DISTRICT3,VIAL,-1499.0
ART-SUP,2025-08-01,HEALTH CENTER,447.0,16.0,54.0,1479.0,,579.0,-398,116.0,2,DISTRICT29,CAPSULE,579.0
QUIN,2024-02-01,HEALTH CENTER,299.0,0.0,258.0,179.0,,949.0,-543,67.0,1000,DISTRICT24,TABLET,949.0
RDT,2025-08-01,HEALTH CENTER,1840.0,5.0,321.0,1033.0,314.0,2342.0,-814,170.0,25,DISTRICT3,PIECE,2028.0
PYRA-SAC,2025-08-01,HEALTH CENTER,352.0,105.0,155.0,413.0,,3.0,396,7.0,1,DISTRICT17,SACHET,3.0
ACT-SC,2025-05-01,HEALTH CENTER,2347.0,88.0,673.0,3087.0,,0.0,-431,180.0,30,DISTRICT20,BLISTER,0.0
ACT-SC,2025-08-01,HEALTH CENTER,2272.0,1.0,1086.0,2091.0,,733.0,751,801.0,30,DISTRICT5,BLISTER,733.0
QUIN,2024-11-01,HEALTH CENTER,1616.0,0.0,42.0,584.0,,0.0,-376,41.0,1000,DISTRICT16,TABLET,0.0
ART-SUP,2024-08-01,HEALTH CENTER,626.0,391.0,213.0,1479.0,,0.0,-233,356.0,2,DISTRICT20,CAPSULE,0.0
ACT-INF,2024-02-01,HEALTH CENTER,782.0,0.0,68.0,111.0,,2255.0,-124,46.0,30,DISTRICT33,BLISTER,2255.0
QUIN,2024-05-01,HEALTH CENTER,862.0,82.0,199.0,947.0,,62.0,-525,223.0,1000,DISTRICT26,TABLET,62.0
PYRA-SAC,2024-05-01,HEALTH CENTER,1613.0,1.0,366.0,332.0,,1.0,-545,244.0,1,DISTRICT8,SACHET,1.0
SP,2025-05-01,HEALTH CENTER,598.0,534.0,106.0,839.0,,6.0,59,20.0,1000,DISTRICT21,TABLET,6.0
ACT-AD,2024-05-01,HEALTH CENTER,453.0,149.0,53.0,361.0,,0.0,19,69.0,30,DISTRICT38,BLISTER,0.0
ACT-AD,2025-05-01,HEALTH CENTER,109.0,0.0,59.0,168.0,,92.0,443,56.0,30,DISTRICT24,BLISTER,92.0
PYRA-SAC,2025-02-01,HEALTH CENTER,490.0,62.0,1050.0,380.0,,552.0,228,811.0,1,DISTRICT14,SACHET,552.0
SP,2024-11-01,HEALTH CENTER,460.0,1.0,44.0,235.0,573.0,4.0,-59,82.0,1000,DISTRICT25,TABLET,-569.0
SP,2025-11-01,HEALTH CENTER,549.0,79.0,111.0,584.0,279.0,0.0,-209,195.0,1000,DISTRICT20,TABLET,-279.0
ACT-AD,2024-05-01,HEALTH CENTER,1009.0,15.0,415.0,1363.0,,19.0,-135,145.0,30,DISTRICT25,BLISTER,19.0
ITN,2024-05-01,HEALTH CENTER,1186.0,0.0,244.0,604.0,,5444.0,-862,81.0,50,DISTRICT3,PIECE,5444.0
ITN,2025-05-01,HEALTH CENTER,1863.0,3.0,318.0,988.0,,166.0,1000,220.0,50,DISTRICT25,PIECE,166.0
ACT-AD,2025-11-01,HEALTH CENTER,3303.0,79.0,660.0,1404.0,,2374.0,-515,902.0,30,DISTRICT13,BLISTER,2374.0
ITN,2024-05-01,HEALTH CENTER,729.0,21.0,416.0,1106.0,,187.0,-8,236.0,50,DISTRICT12,PIECE,187.0
ACT-AD,2024-02-01,HEALTH CENTER,149.0,0.0,64.0,252.0,590.0,0.0,37,69.0,30,DISTRICT22,BLISTER,-590.0
ART-INJ,2025-05-01,DISTRICT HOSPITAL,572.0,230.0,477.0,637.0,,8.0,32,240.0,5,DISTRICT33,VIAL,8.0
QUIN,2025-08-01,HEALTH CENTER,970.0,0.0,390.0,243.0,,7206.0,-125,335.0,1000,DISTRICT33,TABLET,7206.0
QUIN,2025-05-01,HEALTH CENTER,364.0,9.0,82.0,1179.0,,4.0,-49,83.0,1000,DISTRICT31,TABLET,4.0
ACT-SC,2025-05-01,HEALTH CENTER,288.0,2.0,110.0,764.0,1087.0,0.0,-177,77.0,30,DISTRICT6,BLISTER,-1087.0
QUIN,2025-02-01,HEALTH CENTER,153.0,16.0,41.0,595.0,,29.0,-115,17.0,1000,DISTRICT17,TABLET,29.0
PYRA-SAC,2024-11-01,HEALTH CENTER,4387.0,766.0,383.0,4137.0,,0.0,-414,242.0,1,DISTRICT29,SACHET,0.0
RDT,2024-02-01,HEALTH CENTER,2157.0,48.0,296.0,2405.0,,0.0,-426,110.0,25,DISTRICT16,PIECE,0.0
ACT-SC,2024-05-01,DISTRICT HOSPITAL,2199.0,0.0,958.0,2438.0,,161.0,137,342.0,30,DISTRICT24,BLISTER,161.0
PYRA-SAC,2025-02-01,HEALTH CENTER,601.0,28.0,207.0,2053.0,,42.0,34,324.0,1,DISTRICT13,SACHET,42.0
ACT-INF,2025-08-01,HEALTH CENTER,3.0,0.0,15.0,3.0,,11939.0,-309,5.0,30,DISTRICT20,BLISTER,11939.0
ACT-GC,2025-05-01,HEALTH CENTER,52.0,0.0,10.0,26.0,249.0,0.0,-353,0.0,30,DISTRICT16,BLISTER,-249.0
ART-SUP,2024-08-01,HEALTH CENTER,1079.0,55.0,213.0,545.0,,0.0,311,288.0,2,DISTRICT29,CAPSULE,0.0
ITN,2025-08-01,HEALTH CENTER,17.0,0.0,22.0,92.0,,0.0,531,0.0,50,DISTRICT19,PIECE,0.0
ACT-AD,2024-05-01,HEALTH CENTER,254.0,310.0,87.0,482.0,,1169.0,-414,64.0,30,DISTRICT32,BLISTER,1169.0
RDT,2024-02-01,HEALTH CENTER,8390.0,198.0,729.0,3858.0,,2.0,-139,451.0,25,DISTRICT23,PIECE,2.0
PYRA-COMP,2025-02-01,HEALTH CENTER,608.0,1.0,310.0,1076.0,,6.0,378,508.0,1,DISTRICT6,TABLET,6.0
ITN,2025-11-01,HEALTH CENTER,538.0,167.0,233.0,873.0,,27.0,-692,544.0,50,DISTRICT25,PIECE,27.0
ART-INJ,2025-05-01,HEALTH CENTER,868.0,0.0,72.0,131.0,110.0,1.0,383,4.0,5,DISTRICT30,VIAL,-109.0
ITN,2024-11-01,HEALTH CENTER,16.0,607.0,159.0,28.0,,3285.0,395,209.0,50,DISTRICT25,PIECE,3285.0
ACT-INF,2025-05-01,HEALTH CENTER,0.0,205.0,2.0,9.0,469.0,0.0,316,2.0,30,DISTRICT1,BLISTER,-469.0
RDT,2025-08-01,HEALTH CENTER,2763.0,0.0,469.0,1395.0,330.0,0.0,93,73.0,25,DISTRICT18,PIECE,-330.0
PYRA-COMP,2025-05-01,DISTRICT HOSPITAL,992.0,0.0,533.0,825.0,456.0,88.0,50,240.0,1,DISTRICT2,TABLET,-368.0
ART-SUP,2024-02-01,HEALTH CENTER,29.0,32.0,44.0,128.0,823.0,0.0,697,24.0,2,DISTRICT17,CAPSULE,-823.0
QUIN,2025-05-01,HEALTH CENTER,817.0,749.0,432.0,1878.0,614.0,1.0,-126,287.0,1000,DISTRICT29,TABLET,-613.0
ACT-SC,2025-02-01,HEALTH CENTER,2017.0,2513.0,951.0,2204.0,,3545.0,90,1088.0,30,DISTRICT33,BLISTER,3545.0
ACT-GC,2025-05-01,HEALTH CENTER,2185.0,0.0,79.0,429.0,,1.0,-582,47.0,30,DISTRICT9,BLISTER,1.0
ART-SUP,2024-05-01,HEALTH CENTER,518.0,270.0,448.0,1579.0,,80.0,-553,295.0,2,DISTRICT25,CAPSULE,80.0
ITN,2024-08-01,HEALTH CENTER,32.0,21.0,35.0,284.0,,85.0,-449,47.0,50,DISTRICT33,PIECE,85.0
ACT-GC,2024-02-01,HEALTH CENTER,750.0,16.0,483.0,1406.0,996.0,1.0,392,244.0,30,DISTRICT15,BLISTER,-995.0
ACT-INF,2025-02-01,HEALTH CENTER,1810.0,105.0,361.0,753.0,,435.0,-4,322.0,30,DISTRICT22,BLISTER,435.0
QUIN,2024-08-01,HEALTH CENTER,1388.0,4.0,323.0,1065.0,,0.0,-30,112.0,1000,DISTRICT8,TABLET,0.0
ACT-SC,2024-08-01,HEALTH CENTER,672.0,0.0,170.0,1049.0,,95.0,-305,42.0,30,DISTRICT31,BLISTER,95.0
SP,2025-05-01,HEALTH CENTER,946.0,0.0,721.0,1588.0,807.0,13.0,277,371.0,1000,DISTRICT33,TABLET,-794.0
SP,2024-05-01,HEALTH CENTER,1887.0,17.0,920.0,3369.0,,267.0,39,949.0,1000,DISTRICT19,TABLET,267.0
ACT-INF,2025-02-01,REGIONAL HOSPITAL,213.0,3.0,29.0,121.0,,0.0,-386,3.0,30,DISTRICT26,BLISTER,0.0
RDT,2025-02-01,HEALTH CENTER,523.0,1.0,87.0,318.0,,109.0,-132,24.0,25,DISTRICT21,PIECE,109.0
ACT-GC,2025-08-01,HEALTH CENTER,2622.0,281.0,504.0,1279.0,,37.0,302,563.0,30,DISTRICT2,BLISTER,37.0
ACT-AD,2025-11-01,HEALTH CENTER,774.0,2.0,223.0,1090.0,,116.0,-130,65.0,30,DISTRICT15,BLISTER,116.0
ART-SUP,2024-05-01,HEALTH CENTER,501.0,14.0,46.0,708.0,,0.0,110,9.0,2,DISTRICT24,CAPSULE,0.0
ART-SUP,2025-05-01,HEALTH CENTER,1217.0,208.0,121.0,1665.0,,12.0,-859,148.0,2,DISTRICT6,CAPSULE,12.0
ACT-INF,2024-08-01,HEALTH CENTER,10.0,3.0,17.0,256.0,,333.0,1124,4.0,30,DISTRICT11,BLISTER,333.0
PYRA-COMP,2024-05-01,HEALTH CENTER,680.0,0.0,214.0,295.0,,3964.0,261,113.0,1,DISTRICT11,TABLET,3964.0
ART-INJ,2025-08-01,HEALTH CENTER,1703.0,324.0,467.0,1321.0,412.0,2.0,-273,821.0,5,DISTRICT16,VIAL,-410.0
RDT,2024-02-01,DISTRICT HOSPITAL,25.0,0.0,7.0,43.0,165.0,223.0,293,0.0,25,DISTRICT8,PIECE,58.0
PYRA-COMP,2025-11-01,REGIONAL HOSPITAL,2462.0,0.0,390.0,1168.0,,37.0,114,483.0,1,DISTRICT11,TABLET,37.0
ACT-SC,2024-08-01,HEALTH CENTER,218.0,117.0,27.0,364.0,,0.0,350,24.0,30,DISTRICT31,BLISTER,0.0
QUIN,2025-05-01,HEALTH CENTER,853.0,0.0,254.0,232.0,,206.0,-55,61.0,1000,DISTRICT1,TABLET,206.0
PYRA-COMP,2025-11-01,HEALTH CENTER,1334.0,38.0,116.0,122.0,,14.0,226,46.0,1,DISTRICT4,TABLET,14.0
PYRA-COMP,2024-08-01,DISTRICT HOSPITAL,28.0,0.0,20.0,17.0,649.0,240.0,26,16.0,1,DISTRICT32,TABLET,-409.0
ITN,2025-08-01,HEALTH CENTER,448.0,123.0,256.0,361.0,1068.0,50.0,279,408.0,50,DISTRICT16,PIECE,-1018.0
PYRA-SAC,2025-08-01,HEALTH CENTER,1598.0,578.0,1109.0,2297.0,976.0,8672.0,-72,1808.0,1,DISTRICT4,SACHET,7696.0
ACT-GC,2025-11-01,HEALTH CENTER,1383.0,4.0,614.0,1636.0,861.0,93.0,-599,679.0,30,DISTRICT12,BLISTER,-768.0
RDT,2024-02-01,HEALTH CENTER,2446.0,255.0,658.0,1362.0,991.0,68.0,-377,505.0,25,DISTRICT14,PIECE,-923.0
PYRA-COMP,2024-11-01,HEALTH CENTER,1954.0,0.0,158.0,768.0,1964.0,791.0,-350,38.0,1,DISTRICT23,TABLET,-1173.0
ITN,2024-05-01,HEALTH CENTER,121.0,0.0,74.0,8.0,,1710.0,167,39.0,50,DISTRICT9,PIECE,1710.0
RDT,2024-11-01,HEALTH CENTER,228.0,1.0,92.0,383.0,,0.0,-193,112.0,25,DISTRICT20,PIECE,0.0
PYRA-SAC,2024-11-01,HEALTH CENTER,777.0,2208.0,352.0,3015.0,,0.0,437,185.0,1,DISTRICT29,SACHET,0.0
ART-INJ,2025-05-01,HEALTH CENTER,376.0,0.0,16.0,41.0,,15.0,126,7.0,5,DISTRICT30,VIAL,15.0
ITN,2024-02-01,HEALTH CENTER,1424.0,49.0,900.0,641.0,,7514.0,-607,632.0,50,DISTRICT36,PIECE,7514.0
ART-INJ,2024-11-01,HEALTH CENTER,1363.0,0.0,472.0,1001.0,,1027.0,608,173.0,5,DISTRICT33,VIAL,1027.0
RDT,2024-02-01,HEALTH CENTER,124.0,1.0,4.0,257.0,,0.0,-261,4.0,25,DISTRICT31,PIECE,0.0
ACT-AD,2025-11-01,HEALTH CENTER,144.0,8.0,0.0,177.0,,0.0,-553,0.0,30,DISTRICT15,BLISTER,0.0
RDT,2024-05-01,HEALTH CENTER,3377.0,80.0,933.0,2343.0,,839.0,-524,1120.0,25,DISTRICT1,PIECE,839.0
ACT-AD,2025-02-01,HEALTH CENTER,328.0,0.0,28.0,18.0,141.0,105.0,-77,3.0,30,DISTRICT21,BLISTER,-36.0
PYRA-SAC,2024-11-01,HEALTH CENTER,28.0,1584.0,280.0,56.0,371.0,383.0,-409,131.0,1,DISTRICT22,SACHET,12.0
ACT-INF,2025-11-01,HEALTH CENTER,324.0,0.0,195.0,140.0,2288.0,3948.0,-846,344.0,30,DISTRICT28,BLISTER,1660.0
ITN,2025-05-01,HEALTH CENTER,2559.0,1117.0,575.0,2823.0,,71.0,-338,671.0,50,DISTRICT24,PIECE,71.0
PYRA-COMP,2024-05-01,DISTRICT HOSPITAL,220.0,38.0,29.0,1010.0,,5070.0,263,56.0,1,DISTRICT33,TABLET,5070.0
ACT-INF,2025-11-01,HEALTH CENTER,235.0,16.0,26.0,429.0,,0.0,-480,1.0,30,DISTRICT11,BLISTER,0.0
QUIN,2025-11-01,HEALTH CENTER,401.0,4.0,225.0,794.0,,10.0,-219,71.0,1000,DISTRICT25,TABLET,10.0
ITN,2024-05-01,DISTRICT HOSPITAL,4290.0,235.0,1293.0,3739.0,,3896.0,-259,1976.0,50,DISTRICT8,PIECE,3896.0
RDT,2024-11-01,HEALTH CENTER,449.0,0.0,51.0,579.0,,0.0,-437,5.0,25,DISTRICT31,PIECE,0.0
ITN,2024-11-01,HEALTH CENTER,4.0,168.0,11.0,9.0,,162.0,-180,25.0,50,DISTRICT32,PIECE,162.0
QUIN,2024-08-01,HEALTH CENTER,897.0,8.0,469.0,835.0,,41.0,524,518.0,1000,DISTRICT29,TABLET,41.0
ACT-SC,2024-05-01,DISTRICT HOSPITAL,181.0,2.0,92.0,125.0,,7174.0,238,129.0,30,DISTRICT22,BLISTER,7174.0
ART-SUP,2024-08-01,HEALTH CENTER,1628.0,92.0,119.0,627.0,,0.0,127,64.0,2,DISTRICT21,CAPSULE,0.0
SP,2025-11-01,HEALTH CENTER,70.0,1.0,32.0,239.0,,0.0,285,27.0,1000,DISTRICT31,TABLET,0.0
QUIN,2024-11-01,HEALTH CENTER,3131.0,0.0,1902.0,1740.0,,1614.0,98,2273.0,1000,DISTRICT19,TABLET,1614.0
ACT-GC,2024-08-01,HEALTH CENTER,24.0,67.0,34.0,19.0,,0.0,674,2.0,30,DISTRICT23,BLISTER,0.0
PYRA-COMP,2024-08-01,HEALTH CENTER,1513.0,25.0,559.0,2073.0,,3.0,556,626.0,1,DISTRICT13,TABLET,3.0
ACT-GC,2025-02-01,HEALTH CENTER,25.0,0.0,94.0,104.0,,2306.0,199,87.0,30,DISTRICT28,BLISTER,2306.0
ACT-SC,2025-02-01,HEALTH CENTER,78.0,195.0,26.0,73.0,,1795.0,-681,7.0,30,DISTRICT5,BLISTER,1795.0
RDT,2024-08-01,HEALTH CENTER,823.0,105.0,30.0,1381.0,,21.0,16,13.0,25,DISTRICT19,PIECE,21.0
ART-SUP,2024-05-01,HEALTH CENTER,1629.0,391.0,231.0,3262.0,,4.0,541,275.0,2,DISTRICT29,CAPSULE,4.0
ACT-AD,2024-08-01,HEALTH CENTER,723.0,108.0,151.0,367.0,,5.0,445,120.0,30,DISTRICT33,BLISTER,5.0
PYRA-COMP,2024-11-01,HEALTH CENTER,1033.0,360.0,132.0,563.0,427.0,0.0,405,81.0,1,DISTRICT23,TABLET,-427.0
ACT-SC,2025-11-01,HEALTH CENTER,2289.0,1194.0,692.0,2270.0,,229.0,880,177.0,30,DISTRICT8,BLISTER,229.0
ACT-INF,2024-02-01,HEALTH CENTER,4196.0,13.0,679.0,4065.0,,49.0,281,628.0,30,DISTRICT33,BLISTER,49.0
QUIN,2024-05-01,HEALTH CENTER,696.0,247.0,473.0,1490.0,,36.0,-324,203.0,1000,DISTRICT23,TABLET,36.0
ART-INJ,2025-05-01,HEALTH CENTER,41.0,284.0,83.0,86.0,,541.0,162,84.0,5,DISTRICT9,VIAL,541.0
QUIN,2025-05-01,HEALTH CENTER,4194.0,0.0,645.0,4164.0,,223.0,-167,754.0,1000,DISTRICT21,TABLET,223.0
PYRA-COMP,2025-05-01,HEALTH CENTER,103.0,0.0,16.0,32.0,957.0,339.0,525,5.0,1,DISTRICT1,TABLET,-618.0
RDT,2025-05-01,HEALTH CENTER,304.0,1.0,316.0,741.0,584.0,13.0,-469,466.0,25,DISTRICT3,PIECE,-571.0
ACT-AD,2024-05-01,HEALTH CENTER,419.0,2205.0,233.0,1682.0,525.0,0.0,-320,67.0,30,DISTRICT2,BLISTER,-525.0
ART-SUP,2024-05-01,HEALTH CENTER,893.0,0.0,71.0,934.0,,41.0,444,42.0,2,DISTRICT23,CAPSULE,41.0
ACT-GC,2025-08-01,HEALTH CENTER,417.0,5.0,133.0,614.0,259.0,1674.0,485,103.0,30,DISTRICT8,BLISTER,1415.0
ACT-SC,2025-08-01,DISTRICT HOSPITAL,44.0,1.0,65.0,157.0,,254.0,578,90.0,30,DISTRICT27,BLISTER,254.0
ACT-INF,2025-02-01,HEALTH CENTER,1680.0,1.0,129.0,382.0,,1596.0,438,240.0,30,DISTRICT24,BLISTER,1596.0
ART-INJ,2024-08-01,HEALTH CENTER,752.0,0.0,118.0,1033.0,,0.0,-245,38.0,5,DISTRICT23,VIAL,0.0
PYRA-SAC,2025-08-01,HEALTH CENTER,1051.0,269.0,355.0,436.0,,2.0,355,120.0,1,DISTRICT12,SACHET,2.0
PYRA-SAC,2025-11-01,HEALTH CENTER,1154.0,0.0,111.0,430.0,,5.0,-276,59.0,1,DISTRICT26,SACHET,5.0
QUIN,2025-08-01,HEALTH CENTER,185.0,2.0,52.0,68.0,876.0,14.0,-96,20.0,1000,DISTRICT19,TABLET,-862.0
ART-SUP,2024-02-01,HEALTH CENTER,0.0,0.0,0.0,1.0,,1602.0,-562,0.0,2,DISTRICT26,CAPSULE,1602.0
ART-SUP,2025-08-01,HEALTH CENTER,44.0,60.0,21.0,591.0,,0.0,475,9.0,2,DISTRICT9,CAPSULE,0.0
ACT-GC,2025-11-01,HEALTH CENTER,922.0,40.0,623.0,1329.0,1226.0,0.0,68,248.0,30,DISTRICT24,BLISTER,-1226.0
ACT-INF,2025-02-01,HEALTH CENTER,1.0,0.0,4.0,1.0,,18.0,-65,1.0,30,DISTRICT38,BLISTER,18.0
RDT,2025-05-01,DISTRICT HOSPITAL,3276.0,1.0,552.0,3076.0,,1.0,-46,257.0,25,DISTRICT9,PIECE,1.0
ACT-GC,2024-08-01,HEALTH CENTER,329.0,11.0,288.0,280.0,,3.0,-165,220.0,30,DISTRICT4,BLISTER,3.0
ART-SUP,2024-05-01,HEALTH CENTER,11.0,594.0,42.0,170.0,1002.0,0.0,82,16.0,2,DISTRICT23,CAPSULE,-1002.0
ACT-INF,2025-02-01,HEALTH CENTER,3644.0,235.0,370.0,2791.0,258.0,4816.0,571,375.0,30,DISTRICT25,BLISTER,4558.0
ACT-AD,2024-02-01,HEALTH CENTER,794.0,6.0,52.0,276.0,609.0,31.0,761,23.0,30,DISTRICT17,BLISTER,-578.0
RDT,2025-05-01,HEALTH CENTER,1042.0,2336.0,621.0,1091.0,,1.0,-706,218.0,25,DISTRICT31,PIECE,1.0
RDT,2024-11-01,HEALTH CENTER,1249.0,549.0,471.0,1940.0,1457.0,3.0,-507,461.0,25,DISTRICT38,PIECE,-1454.0
PYRA-SAC,2025-08-01,DISTRICT HOSPITAL,1996.0,0.0,505.0,1574.0,,0.0,136,129.0,1,DISTRICT27,SACHET,0.0
ACT-AD,2024-08-01,HEALTH CENTER,434.0,0.0,136.0,811.0,,193.0,-319,102.0,30,DISTRICT6,BLISTER,193.0
ACT-AD,2025-05-01,HEALTH CENTER,1464.0,0.0,202.0,613.0,,583.0,227,36.0,30,DISTRICT14,BLISTER,583.0
ACT-AD,2024-11-01,HEALTH CENTER,257.0,2.0,8.0,73.0,,44.0,169,18.0,30,DISTRICT1,BLISTER,44.0
SP,2024-05-01,HEALTH CENTER,87.0,0.0,19.0,17.0,,1717.0,405,10.0,1000,DISTRICT27,TABLET,1717.0
ACT-GC,2024-02-01,HEALTH CENTER,1999.0,264.0,940.0,1648.0,,752.0,317,620.0,30,DISTRICT10,BLISTER,752.0
ACT-SC,2025-05-01,HEALTH CENTER,868.0,587.0,385.0,641.0,,1540.0,560,81.0,30,DISTRICT29,BLISTER,1540.0
RDT,2025-11-01,HEALTH CENTER,345.0,140.0,2.0,182.0,,0.0,-886,4.0,25,DISTRICT29,PIECE,0.0
ACT-SC,2025-08-01,HEALTH CENTER,757.0,201.0,348.0,1105.0,,0.0,-776,300.0,30,DISTRICT36,BLISTER,0.0
SP,2024-02-01,HEALTH CENTER,965.0,1.0,266.0,1181.0,,18.0,97,143.0,1000,DISTRICT25,TABLET,18.0
ITN,2024-11-01,HEALTH CENTER,14.0,2.0,35.0,95.0,,291.0,-306,12.0,50,DISTRICT16,PIECE,291.0
PYRA-SAC,2025-11-01,HEALTH CENTER,484.0,0.0,51.0,380.0,,0.0,-14,11.0,1,DISTRICT7,SACHET,0.0
ACT-INF,2024-11-01,HEALTH CENTER,0.0,0.0,3.0,1.0,,21.0,372,0.0,30,DISTRICT31,BLISTER,21.0
ACT-GC,2025-02-01,HEALTH CENTER,781.0,0.0,65.0,193.0,,59.0,-185,39.0,30,DISTRICT26,BLISTER,59.0
PYRA-SAC,2025-11-01,HEALTH CENTER,2035.0,5.0,249.0,2001.0,,1.0,-39,89.0,1,DISTRICT19,SACHET,1.0
ACT-AD,2025-08-01,HEALTH CENTER,472.0,279.0,590.0,282.0,,6130.0,-60,458.0,30,DISTRICT33,BLISTER,6130.0
PYRA-SAC,2024-08-01,DISTRICT HOSPITAL,1697.0,176.0,234.0,1301.0,,1276.0,-159,187.0,1,DISTRICT22,SACHET,1276.0
ACT-INF,2024-05-01,HEALTH CENTER,1752.0,26.0,302.0,910.0,2022.0,1170.0,-646,494.0,30,DISTRICT10,BLISTER,-852.0
ACT-INF,2025-05-01,HEALTH CENTER,563.0,7.0,103.0,488.0,,0.0,-61,13.0,30,DISTRICT9,BLISTER,0.0
ART-INJ,2025-02-01,HEALTH CENTER,3378.0,5.0,765.0,1032.0,,5888.0,320,590.0,5,DISTRICT22,VIAL,5888.0
ACT-INF,2025-02-01,HEALTH CENTER,4722.0,30.0,448.0,2060.0,1635.0,167.0,-127,51.0,30,DISTRICT35,BLISTER,-1468.0
ACT-SC,2024-11-01,HEALTH CENTER,1097.0,366.0,194.0,2709.0,,0.0,755,265.0,30,DISTRICT15,BLISTER,0.0
PYRA-SAC,2025-11-01,HEALTH CENTER,7.0,5.0,9.0,37.0,,0.0,-535,0.0,1,DISTRICT21,SACHET,0.0
SP,2024-02-01,HEALTH CENTER,1494.0,5.0,390.0,1277.0,,0.0,72,94.0,1000,DISTRICT29,TABLET,0.0
ACT-INF,2024-05-01,DISTRICT HOSPITAL,1501.0,244.0,1209.0,3854.0,,346.0,481,954.0,30,DISTRICT36,BLISTER,346.0
ACT-GC,2024-08-01,HEALTH CENTER,90.0,114.0,316.0,1332.0,,3870.0,41,163.0,30,DISTRICT23,BLISTER,3870.0
ACT-GC,2025-11-01,HEALTH CENTER,3648.0,17.0,1003.0,1398.0,,10745.0,301,1155.0,30,DISTRICT24,BLISTER,10745.0
ITN,2025-11-01,HEALTH CENTER,4563.0,1475.0,1136.0,6062.0,,2452.0,148,989.0,50,DISTRICT19,PIECE,2452.0
PYRA-SAC,2024-05-01,HEALTH CENTER,1368.0,84.0,351.0,2631.0,,38.0,166,261.0,1,DISTRICT38,SACHET,38.0
QUIN,2024-08-01,HEALTH CENTER,74.0,0.0,21.0,35.0,,3.0,188,5.0,1000,DISTRICT29,TABLET,3.0
ART-SUP,2025-08-01,HEALTH CENTER,1289.0,1.0,40.0,669.0,,0.0,429,41.0,2,DISTRICT24,CAPSULE,0.0
PYRA-COMP,2025-11-01,HEALTH CENTER,841.0,1.0,182.0,229.0,,10.0,-305,93.0,1,DISTRICT31,TABLET,10.0
QUIN,2025-02-01,REGIONAL HOSPITAL,253.0,29.0,90.0,1098.0,,3.0,511,190.0,1000,DISTRICT10,TABLET,3.0
ACT-SC,2025-11-01,HEALTH CENTER,2775.0,0.0,553.0,1262.0,853.0,1559.0,-263,207.0,30,DISTRICT19,BLISTER,706.0
ART-SUP,2025-11-01,HEALTH CENTER,476.0,14.0,31.0,889.0,388.0,0.0,16,11.0,2,DISTRICT20,CAPSULE,-388.0
SP,2024-02-01,HEALTH CENTER,2139.0,8.0,674.0,1294.0,,1.0,-456,261.0,1000,DISTRICT20,TABLET,1.0
QUIN,2025-05-01,HEALTH CENTER,92.0,0.0,145.0,45.0,1020.0,0.0,177,60.0,1000,DISTRICT16,TABLET,-1020.0
PYRA-SAC,2025-11-01,HEALTH CENTER,1677.0,52.0,370.0,3570.0,,0.0,-200,329.0,1,DISTRICT9,SACHET,0.0
PYRA-SAC,2025-05-01,HEALTH CENTER,87.0,1765.0,150.0,76.0,,5.0,-291,37.0,1,DISTRICT1,SACHET,5.0
ITN,2025-08-01,HEALTH CENTER,972.0,12.0,228.0,1602.0,489.0,0.0,-1903,322.0,50,DISTRICT35,PIECE,-489.0
PYRA-COMP,2024-08-01,HEALTH CENTER,1917.0,121.0,794.0,2782.0,,919.0,-389,447.0,1,DISTRICT25,TABLET,919.0
ACT-GC,2025-05-01,HEALTH CENTER,3509.0,1.0,729.0,1872.0,,1272.0,170,491.0,30,DISTRICT20,BLISTER,1272.0
ACT-INF,2025-02-01,HEALTH CENTER,825.0,8.0,103.0,126.0,,1313.0,993,95.0,30,DISTRICT21,BLISTER,1313.0
ACT-INF,2025-08-01,HEALTH CENTER,4935.0,467.0,977.0,3718.0,,0.0,397,726.0,30,DISTRICT8,BLISTER,0.0
ITN,2024-11-01,DISTRICT HOSPITAL,3002.0,9.0,775.0,2222.0,,8843.0,-438,1149.0,50,DISTRICT9,PIECE,8843.0
ART-SUP,2024-05-01,HEALTH CENTER,18.0,12.0,2.0,28.0,,0.0,482,0.0,2,DISTRICT33,CAPSULE,0.0
PYRA-SAC,2025-08-01,HEALTH CENTER,720.0,650.0,583.0,2999.0,,141.0,171,173.0,1,DISTRICT11,SACHET,141.0
ACT-SC,2024-08-01,HEALTH CENTER,1420.0,2797.0,589.0,4167.0,,0.0,-82,858.0,30,DISTRICT3,BLISTER,0.0
ART-SUP,2024-05-01,HEALTH CENTER,1578.0,0.0,328.0,641.0,475.0,434.0,-150,218.0,2,DISTRICT4,CAPSULE,-41.0
PYRA-SAC,2025-05-01,DISTRICT HOSPITAL,219.0,170.0,359.0,1257.0,1428.0,1393.0,400,156.0,1,DISTRICT24,SACHET,-35.0
ACT-SC,2025-05-01,HEALTH CENTER,1313.0,203.0,361.0,1932.0,,449.0,-302,717.0,30,DISTRICT28,BLISTER,449.0
ACT-INF,2025-05-01,HEALTH CENTER,5887.0,69.0,1039.0,3841.0,,11.0,-122,602.0,30,DISTRICT3,BLISTER,11.0
PYRA-COMP,2024-05-01,DISTRICT HOSPITAL,203.0,157.0,154.0,479.0,,74.0,594,8.0,1,DISTRICT1,TABLET,74.0
PYRA-COMP,2024-05-01,HEALTH CENTER,16.0,14.0,30.0,143.0,,0.0,358,1.0,1,DISTRICT33,TABLET,0.0
QUIN,2025-08-01,HEALTH CENTER,9.0,0.0,24.0,44.0,556.0,217.0,339,13.0,1000,DISTRICT1,TABLET,-339.0
ACT-AD,2025-11-01,HEALTH CENTER,0.0,46.0,10.0,5.0,,4456.0,562,12.0,30,DISTRICT19,BLISTER,4456.0
PYRA-COMP,2024-05-01,HEALTH CENTER,1271.0,0.0,134.0,407.0,,2.0,280,47.0,1,DISTRICT33,TABLET,2.0
ACT-SC,2024-02-01,HEALTH CENTER,488.0,0.0,28.0,101.0,,1.0,126,10.0,30,DISTRICT26,BLISTER,1.0
ACT-SC,2025-02-01,HEALTH CENTER,539.0,2.0,31.0,467.0,,1.0,465,41.0,30,DISTRICT29,BLISTER,1.0
QUIN,2025-11-01,HEALTH CENTER,810.0,7.0,346.0,1677.0,,104.0,-92,159.0,1000,DISTRICT17,TABLET,104.0
ACT-GC,2024-05-01,HEALTH CENTER,790.0,0.0,168.0,1015.0,,4119.0,62,51.0,30,DISTRICT23,BLISTER,4119.0
ITN,2024-11-01,HEALTH CENTER,3878.0,0.0,176.0,1436.0,,0.0,-258,87.0,50,DISTRICT20,PIECE,0.0
ACT-SC,2025-02-01,HEALTH CENTER,1353.0,0.0,565.0,436.0,185.0,2899.0,-307,856.0,30,DISTRICT33,BLISTER,2714.0
PYRA-COMP,2024-02-01,HEALTH CENTER,1182.0,736.0,132.0,706.0,,453.0,-535,126.0,1,DISTRICT6,TABLET,453.0
RDT,2025-05-01,HEALTH CENTER,2313.0,1.0,200.0,2390.0,,1.0,-43,286.0,25,DISTRICT5,PIECE,1.0
ACT-AD,2025-05-01,HEALTH CENTER,973.0,192.0,226.0,2383.0,448.0,1.0,-243,134.0,30,DISTRICT1,BLISTER,-447.0
SP,2024-05-01,HEALTH CENTER,583.0,0.0,22.0,845.0,,40.0,1293,11.0,1000,DISTRICT20,TABLET,40.0
ACT-GC,2024-11-01,HEALTH CENTER,192.0,139.0,4.0,760.0,,0.0,304,12.0,30,DISTRICT28,BLISTER,0.0
RDT,2025-02-01,HEALTH CENTER,2656.0,351.0,394.0,2825.0,,1.0,168,646.0,25,DISTRICT28,PIECE,1.0
ACT-GC,2024-11-01,HEALTH CENTER,218.0,1.0,323.0,51.0,,418.0,418,128.0,30,DISTRICT16,BLISTER,418.0
ACT-AD,2025-11-01,HEALTH CENTER,664.0,0.0,13.0,459.0,186.0,0.0,447,1.0,30,DISTRICT26,BLISTER,-186.0
PYRA-COMP,2024-05-01,HEALTH CENTER,8.0,0.0,0.0,13.0,,2.0,-218,0.0,1,DISTRICT1,TABLET,2.0
ACT-GC,2024-11-01,HEALTH CENTER,2279.0,91.0,456.0,1362.0,787.0,86.0,-296,242.0,30,DISTRICT13,BLISTER,-701.0
ACT-GC,2024-05-01,HEALTH CENTER,146.0,0.0,3.0,55.0,476.0,0.0,-698,7.0,30,DISTRICT24,BLISTER,-476.0
ACT-GC,2025-05-01,HEALTH CENTER,749.0,1960.0,340.0,4114.0,,0.0,126,513.0,30,DISTRICT35,BLISTER,0.0
ART-SUP,2024-11-01,HEALTH CENTER,5.0,67.0,4.0,144.0,,0.0,573,0.0,2,DISTRICT26,CAPSULE,0.0
QUIN,2025-08-01,HEALTH CENTER,236.0,8.0,75.0,265.0,,1577.0,-265,10.0,1000,DISTRICT20,TABLET,1577.0
RDT,2025-05-01,HEALTH CENTER,1250.0,0.0,269.0,457.0,,115.0,-578,159.0,25,DISTRICT13,PIECE,115.0
ACT-INF,2025-02-01,HEALTH CENTER,56.0,0.0,77.0,25.0,,0.0,105,24.0,30,DISTRICT9,BLISTER,0.0
PYRA-COMP,2024-05-01,HEALTH CENTER,5034.0,0.0,354.0,1766.0,,65.0,-556,285.0,1,DISTRICT13,TABLET,65.0
ACT-SC,2025-02-01,HEALTH CENTER,1474.0,1225.0,687.0,3473.0,843.0,1982.0,307,1366.0,30,DISTRICT20,BLISTER,1139.0
RDT,2024-11-01,DISTRICT HOSPITAL,241.0,0.0,18.0,24.0,,354.0,-4,3.0,25,DISTRICT36,PIECE,354.0
ACT-AD,2024-08-01,HEALTH CENTER,864.0,733.0,348.0,1111.0,436.0,7.0,268,458.0,30,DISTRICT24,BLISTER,-429.0
SP,2025-08-01,HEALTH CENTER,134.0,0.0,7.0,147.0,,19.0,-349,11.0,1000,DISTRICT32,TABLET,19.0
ACT-GC,2025-11-01,HEALTH CENTER,173.0,114.0,239.0,192.0,317.0,0.0,3,161.0,30,DISTRICT5,BLISTER,-317.0
PYRA-COMP,2025-11-01,HEALTH CENTER,1361.0,3510.0,760.0,1458.0,,2543.0,107,1508.0,1,DISTRICT11,TABLET,2543.0
ACT-AD,2024-02-01,REGIONAL HOSPITAL,9719.0,2519.0,1575.0,10878.0,2362.0,5112.0,-264,1062.0,30,DISTRICT28,BLISTER,2750.0
ACT-AD,2024-02-01,HEALTH CENTER,143.0,1.0,111.0,127.0,,0.0,-511,121.0,30,DISTRICT1,BLISTER,0.0
ART-INJ,2024-08-01,HEALTH CENTER,433.0,552.0,75.0,687.0,,139.0,-86,31.0,5,DISTRICT24,VIAL,139.0
RDT,2024-11-01,HEALTH CENTER,362.0,341.0,538.0,1270.0,844.0,109.0,938,214.0,25,DISTRICT5,PIECE,-735.0
QUIN,2024-11-01,HEALTH CENTER,4.0,0.0,10.0,64.0,366.0,23.0,141,6.0,1000,DISTRICT28,TABLET,-343.0
ACT-INF,2025-05-01,HEALTH CENTER,383.0,408.0,640.0,486.0,,2931.0,-134,526.0,30,DISTRICT11,BLISTER,2931.0
PYRA-COMP,2025-08-01,HEALTH CENTER,558.0,49.0,38.0,362.0,,9.0,-301,94.0,1,DISTRICT38,TABLET,9.0
ACT-INF,2025-08-01,HEALTH CENTER,489.0,1.0,158.0,676.0,,109.0,-548,58.0,30,DISTRICT9,BLISTER,109.0
ACT-AD,2024-05-01,DISTRICT HOSPITAL,3100.0,326.0,241.0,1255.0,,21.0,124,143.0,30,DISTRICT37,BLISTER,21.0
QUIN,2024-11-01,HEALTH CENTER,898.0,445.0,143.0,1775.0,,2.0,-201,114.0,1000,DISTRICT5,TABLET,2.0
SP,2025-08-01,HEALTH CENTER,28.0,27.0,15.0,44.0,,0.0,-737,6.0,1000,DISTRICT11,TABLET,0.0
ITN,2025-05-01,HEALTH CENTER,2334.0,129.0,497.0,1661.0,,1514.0,-212,231.0,50,DISTRICT27,PIECE,1514.0
QUIN,2025-08-01,HEALTH CENTER,1324.0,0.0,459.0,953.0,,657.0,25,249.0,1000,DISTRICT30,TABLET,657.0
ART-INJ,2024-02-01,HEALTH CENTER,517.0,15.0,294.0,1623.0,,958.0,-79,221.0,5,DISTRICT10,VIAL,958.0
ITN,2025-02-01,HEALTH CENTER,300.0,9.0,190.0,291.0,,40.0,1013,92.0,50,DISTRICT3,PIECE,40.0
ITN,2025-05-01,HEALTH CENTER,56.0,37.0,42.0,254.0,946.0,177.0,-196,60.0,50,DISTRICT35,PIECE,-769.0
ITN,2025-05-01,HEALTH CENTER,348.0,0.0,34.0,152.0,501.0,64.0,372,25.0,50,DISTRICT13,PIECE,-437.0
ACT-AD,2025-11-01,HEALTH CENTER,76.0,493.0,260.0,305.0,,9156.0,-187,47.0,30,DISTRICT13,BLISTER,9156.0
PYRA-COMP,2025-11-01,HEALTH CENTER,381.0,343.0,36.0,244.0,,0.0,-115,8.0,1,DISTRICT29,TABLET,0.0
ACT-INF,2025-11-01,HEALTH CENTER,1365.0,0.0,238.0,1151.0,804.0,505.0,-146,112.0,30,DISTRICT3,BLISTER,-299.0
PYRA-COMP,2024-02-01,REGIONAL HOSPITAL,214.0,0.0,73.0,197.0,,38.0,305,8.0,1,DISTRICT16,TABLET,38.0
ACT-GC,2025-05-01,HEALTH CENTER,5516.0,0.0,1092.0,5030.0,,633.0,-258,1028.0,30,DISTRICT14,BLISTER,633.0
ART-SUP,2025-05-01,HEALTH CENTER,1799.0,240.0,604.0,1299.0,,112.0,111,381.0,2,DISTRICT29,CAPSULE,112.0
ART-SUP,2025-11-01,HEALTH CENTER,305.0,660.0,515.0,818.0,,0.0,-68,114.0,2,DISTRICT38,CAPSULE,0.0
ITN,2024-02-01,HEALTH CENTER,326.0,1.0,199.0,441.0,,40.0,365,282.0,50,DISTRICT32,PIECE,40.0
PYRA-COMP,2025-11-01,HEALTH CENTER,64.0,195.0,91.0,281.0,,686.0,448,41.0,1,DISTRICT15,TABLET,686.0
ART-SUP,2025-02-01,HEALTH CENTER,437.0,146.0,88.0,1487.0,,285.0,-198,147.0,2,DISTRICT30,CAPSULE,285.0
RDT,2024-02-01,HEALTH CENTER,2690.0,1203.0,366.0,1440.0,1613.0,1.0,66,398.0,25,DISTRICT12,PIECE,-1612.0
QUIN,2025-11-01,HEALTH CENTER,314.0,187.0,271.0,261.0,,110.0,-350,256.0,1000,DISTRICT1,TABLET,110.0
ACT-AD,2024-05-01,HEALTH CENTER,2922.0,508.0,382.0,2731.0,,1.0,-518,319.0,30,DISTRICT31,BLISTER,1.0
ACT-INF,2024-02-01,HEALTH CENTER,3655.0,1.0,819.0,2793.0,,18.0,-76,1086.0,30,DISTRICT29,BLISTER,18.0
QUIN,2024-05-01,HEALTH CENTER,99.0,1.0,23.0,537.0,,0.0,728,1.0,1000,DISTRICT32,TABLET,0.0
ACT-GC,2025-02-01,HEALTH CENTER,2665.0,6.0,705.0,1800.0,,1440.0,212,569.0,30,DISTRICT25,BLISTER,1440.0
ACT-AD,2024-08-01,HEALTH CENTER,40.0,90.0,19.0,152.0,624.0,0.0,-91,1.0,30,DISTRICT30,BLISTER,-624.0
PYRA-COMP,2025-08-01,HEALTH CENTER,1402.0,26.0,545.0,1469.0,,1156.0,634,319.0,1,DISTRICT11,TABLET,1156.0
SP,2024-05-01,HEALTH CENTER,123.0,5.0,131.0,356.0,,5.0,-254,28.0,1000,DISTRICT20,TABLET,5.0
PYRA-COMP,2025-02-01,HEALTH CENTER,1705.0,2.0,281.0,2184.0,,0.0,-19,144.0,1,DISTRICT13,TABLET,0.0
SP,2025-02-01,HEALTH CENTER,137.0,2.0,317.0,1198.0,,2887.0,-91,173.0,1000,DISTRICT25,TABLET,2887.0
PYRA-SAC,2025-08-01,HEALTH CENTER,2153.0,2989.0,717.0,5404.0,1735.0,221.0,821,401.0,1,DISTRICT37,SACHET,-1514.0
RDT,2025-08-01,HEALTH CENTER,778.0,3.0,191.0,855.0,327.0,870.0,650,91.0,25,DISTRICT36,PIECE,543.0
QUIN,2025-02-01,HEALTH CENTER,2761.0,0.0,466.0,1361.0,,23.0,-293,126.0,1000,DISTRICT33,TABLET,23.0
ACT-SC,2025-02-01,HEALTH CENTER,566.0,57.0,117.0,1190.0,71.0,1.0,291,21.0,30,DISTRICT26,BLISTER,-70.0
ART-SUP,2024-11-01,HEALTH CENTER,224.0,179.0,134.0,400.0,106.0,0.0,148,77.0,2,DISTRICT30,CAPSULE,-106.0
PYRA-SAC,2025-02-01,HEALTH CENTER,1381.0,736.0,560.0,2233.0,,2.0,297,394.0,1,DISTRICT31,SACHET,2.0
ART-SUP,2025-11-01,HEALTH CENTER,1795.0,1.0,214.0,880.0,496.0,6.0,-795,55.0,2,DISTRICT6,CAPSULE,-490.0
SP,2024-02-01,DISTRICT HOSPITAL,1141.0,0.0,100.0,745.0,,0.0,123,84.0,1000,DISTRICT9,TABLET,0.0
PYRA-SAC,2024-11-01,HEALTH CENTER,2049.0,0.0,56.0,966.0,82.0,0.0,-108,35.0,1,DISTRICT38,SACHET,-82.0
ACT-AD,2025-11-01,HEALTH CENTER,1198.0,397.0,59.0,278.0,136.0,3.0,136,49.0,30,DISTRICT9,BLISTER,-133.0
ACT-GC,2025-05-01,HEALTH CENTER,351.0,416.0,48.0,1572.0,,0.0,266,148.0,30,DISTRICT15,BLISTER,0.0
RDT,2025-11-01,HEALTH CENTER,2078.0,3006.0,396.0,3197.0,,438.0,-678,673.0,25,DISTRICT21,PIECE,438.0
ART-INJ,2025-08-01,HEALTH CENTER,279.0,482.0,166.0,636.0,,1.0,-45,34.0,5,DISTRICT32,VIAL,1.0
ACT-GC,2025-02-01,DISTRICT HOSPITAL,1810.0,70.0,301.0,1588.0,293.0,742.0,914,110.0,30,DISTRICT29,BLISTER,449.0
SP,2024-05-01,HEALTH CENTER,561.0,795.0,123.0,982.0,,55.0,-413,72.0,1000,DISTRICT8,TABLET,55.0
ACT-SC,2025-05-01,HEALTH CENTER,2432.0,2810.0,515.0,2394.0,,9.0,233,391.0,30,DISTRICT23,BLISTER,9.0
PYRA-SAC,2025-05-01,HEALTH CENTER,617.0,406.0,328.0,1300.0,617.0,0.0,4,154.0,1,DISTRICT23,SACHET,-617.0
ITN,2024-08-01,HEALTH CENTER,896.0,4.0,251.0,1502.0,865.0,4527.0,107,147.0,50,DISTRICT31,PIECE,3662.0
ACT-INF,2025-11-01,HEALTH CENTER,117.0,12.0,93.0,412.0,857.0,54.0,756,51.0,30,DISTRICT29,BLISTER,-803.0
PYRA-SAC,2025-08-01,HEALTH CENTER,485.0,1.0,137.0,548.0,,4.0,123,90.0,1,DISTRICT9,SACHET,4.0
RDT,2025-11-01,HEALTH CENTER,792.0,0.0,173.0,632.0,,0.0,-900,557.0,25,DISTRICT14,PIECE,0.0
SP,2025-08-01,HEALTH CENTER,1225.0,0.0,90.0,436.0,,75.0,-919,22.0,1000,DISTRICT31,TABLET,75.0
PYRA-COMP,2025-08-01,HEALTH CENTER,40.0,1683.0,123.0,68.0,,1012.0,-593,138.0,1,DISTRICT28,TABLET,1012.0
ACT-AD,2024-02-01,HEALTH CENTER,600.0,4.0,70.0,396.0,580.0,223.0,72,91.0,30,DISTRICT32,BLISTER,-357.0
QUIN,2025-08-01,HEALTH CENTER,26.0,66.0,10.0,187.0,,0.0,18,1.0,1000,DISTRICT29,TABLET,0.0
RDT,2024-02-01,HEALTH CENTER,21.0,0.0,0.0,2.0,659.0,1.0,-698,0.0,25,DISTRICT20,PIECE,-658.0
ACT-GC,2025-08-01,HEALTH CENTER,1241.0,75.0,249.0,2364.0,,30.0,861,177.0,30,DISTRICT33,BLISTER,30.0
ACT-AD,2025-02-01,HEALTH CENTER,120.0,166.0,31.0,179.0,317.0,0.0,-15,20.0,30,DISTRICT23,BLISTER,-317.0
ART-SUP,2024-11-01,HEALTH CENTER,2547.0,127.0,661.0,1215.0,,6.0,-152,231.0,2,DISTRICT13,CAPSULE,6.0
PYRA-SAC,2024-11-01,HEALTH CENTER,750.0,557.0,976.0,761.0,1358.0,1.0,-302,507.0,1,DISTRICT32,SACHET,-1357.0
ACT-GC,2024-05-01,HEALTH CENTER,511.0,777.0,103.0,663.0,,18.0,-286,55.0,30,DISTRICT31,BLISTER,18.0
ITN,2024-11-01,HEALTH CENTER,684.0,1554.0,600.0,3402.0,,98.0,48,236.0,50,DISTRICT10,PIECE,98.0
ART-SUP,2025-08-01,HEALTH CENTER,4455.0,107.0,846.0,1681.0,1023.0,397.0,213,501.0,2,DISTRICT24,CAPSULE,-626.0
RDT,2025-08-01,HEALTH CENTER,1229.0,2.0,236.0,1910.0,,1.0,315,36.0,25,DISTRICT30,PIECE,1.0
ACT-INF,2024-05-01,HEALTH CENTER,245.0,178.0,168.0,952.0,,147.0,-803,149.0,30,DISTRICT8,BLISTER,147.0
SP,2024-05-01,REGIONAL HOSPITAL,738.0,4.0,219.0,272.0,,1802.0,-377,117.0,1000,DISTRICT1,TABLET,1802.0
QUIN,2025-11-01,HEALTH CENTER,2515.0,2.0,219.0,1705.0,,50.0,-189,92.0,1000,DISTRICT27,TABLET,50.0
RDT,2024-02-01,HEALTH CENTER,974.0,1.0,85.0,953.0,,6.0,329,24.0,25,DISTRICT7,PIECE,6.0
RDT,2025-11-01,HEALTH CENTER,1757.0,291.0,116.0,1854.0,575.0,30.0,549,26.0,25,DISTRICT17,PIECE,-545.0
PYRA-SAC,2025-08-01,DISTRICT HOSPITAL,1327.0,152.0,257.0,1579.0,,1.0,-615,310.0,1,DISTRICT22,SACHET,1.0
ACT-AD,2024-08-01,HEALTH CENTER,311.0,2.0,17.0,706.0,,1.0,-225,7.0,30,DISTRICT20,BLISTER,1.0
ART-INJ,2024-05-01,HEALTH CENTER,4.0,0.0,20.0,2.0,486.0,1349.0,222,7.0,5,DISTRICT38,VIAL,863.0
ART-SUP,2025-08-01,HEALTH CENTER,3320.0,8.0,544.0,2092.0,809.0,7789.0,186,765.0,2,DISTRICT1,CAPSULE,6980.0
RDT,2024-08-01,HEALTH CENTER,353.0,5.0,392.0,54.0,,3932.0,-498,404.0,25,DISTRICT9,PIECE,3932.0
ART-INJ,2025-11-01,HEALTH CENTER,126.0,0.0,48.0,71.0,,6.0,175,5.0,5,DISTRICT22,VIAL,6.0
ACT-GC,2025-11-01,HEALTH CENTER,229.0,0.0,69.0,59.0,1003.0,1230.0,383,9.0,30,DISTRICT14,BLISTER,227.0
ART-SUP,2025-08-01,HEALTH CENTER,1094.0,4.0,327.0,354.0,613.0,0.0,480,143.0,2,DISTRICT9,CAPSULE,-613.0
ACT-AD,2025-08-01,HEALTH CENTER,785.0,4566.0,609.0,834.0,2011.0,621.0,284,475.0,30,DISTRICT11,BLISTER,-1390.0
SP,2025-11-01,HEALTH CENTER,6.0,41.0,6.0,70.0,,19.0,84,1.0,1000,DISTRICT22,TABLET,19.0
ART-SUP,2024-11-01,HEALTH CENTER,1999.0,12.0,240.0,1690.0,,422.0,-20,14.0,2,DISTRICT33,CAPSULE,422.0
PYRA-SAC,2024-05-01,HEALTH CENTER,1072.0,356.0,172.0,2520.0,678.0,0.0,-460,149.0,1,DISTRICT32,SACHET,-678.0
ACT-SC,2024-11-01,HEALTH CENTER,2844.0,962.0,1067.0,2424.0,,8774.0,214,1331.0,30,DISTRICT29,BLISTER,8774.0
QUIN,2024-11-01,REGIONAL HOSPITAL,1255.0,0.0,292.0,815.0,,6.0,-8,368.0,1000,DISTRICT29,TABLET,6.0
PYRA-COMP,2025-05-01,HEALTH CENTER,1379.0,48.0,41.0,831.0,767.0,0.0,186,33.0,1,DISTRICT7,TABLET,-767.0
ACT-AD,2025-02-01,HEALTH CENTER,1737.0,4.0,65.0,1028.0,,65.0,194,59.0,30,DISTRICT31,BLISTER,65.0
SP,2025-02-01,HEALTH CENTER,952.0,54.0,141.0,1237.0,,0.0,-102,150.0,1000,DISTRICT20,TABLET,0.0
ACT-AD,2025-11-01,HEALTH CENTER,386.0,0.0,27.0,44.0,516.0,1.0,-260,24.0,30,DISTRICT32,BLISTER,-515.0
ACT-INF,2024-11-01,HEALTH CENTER,939.0,98.0,52.0,611.0,,606.0,-84,50.0,30,DISTRICT25,BLISTER,606.0
ACT-AD,2025-05-01,HEALTH CENTER,198.0,28.0,99.0,632.0,,1835.0,340,30.0,30,DISTRICT29,BLISTER,1835.0
ACT-GC,2024-05-01,HEALTH CENTER,3051.0,611.0,694.0,3402.0,,2083.0,-987,366.0,30,DISTRICT8,BLISTER,2083.0
ACT-GC,2025-05-01,HEALTH CENTER,2912.0,324.0,1743.0,3857.0,1009.0,4.0,225,1263.0,30,DISTRICT31,BLISTER,-1005.0
ART-SUP,2025-11-01,HEALTH CENTER,107.0,0.0,175.0,650.0,,11.0,-213,24.0,2,DISTRICT14,CAPSULE,11.0
ART-SUP,2024-11-01,HEALTH CENTER,327.0,204.0,85.0,574.0,,8.0,-647,106.0,2,DISTRICT32,CAPSULE,8.0
ART-SUP,2025-11-01,HEALTH CENTER,225.0,75.0,84.0,112.0,,87.0,272,69.0,2,DISTRICT9,CAPSULE,87.0
PYRA-SAC,2025-08-01,HEALTH CENTER,360.0,623.0,206.0,313.0,,1459.0,-481,86.0,1,DISTRICT31,SACHET,1459.0
RDT,2025-02-01,HEALTH CENTER,716.0,427.0,214.0,1923.0,,2.0,-308,244.0,25,DISTRICT11,PIECE,2.0
ART-SUP,2025-11-01,HEALTH CENTER,294.0,422.0,290.0,717.0,1370.0,4481.0,-300,583.0,2,DISTRICT30,CAPSULE,3111.0
ART-INJ,2024-05-01,REGIONAL HOSPITAL,4176.0,11.0,256.0,633.0,,1589.0,-544,123.0,5,DISTRICT10,VIAL,1589.0
PYRA-SAC,2025-08-01,NATIONAL HOSPITAL,735.0,87.0,221.0,1442.0,,351.0,267,211.0,1,DISTRICT6,SACHET,351.0
ACT-INF,2024-02-01,HEALTH CENTER,185.0,0.0,143.0,21.0,,0.0,1334,5.0,30,DISTRICT10,BLISTER,0.0
ACT-AD,2025-11-01,HEALTH CENTER,56.0,2322.0,37.0,422.0,,1664.0,-85,112.0,30,DISTRICT5,BLISTER,1664.0
ACT-INF,2024-05-01,HEALTH CENTER,820.0,0.0,88.0,689.0,,180.0,-386,216.0,30,DISTRICT14,BLISTER,180.0
ACT-SC,2025-11-01,HEALTH CENTER,23.0,167.0,117.0,5.0,,15.0,127,10.0,30,DISTRICT35,BLISTER,15.0
PYRA-COMP,2024-02-01,HEALTH CENTER,1462.0,366.0,262.0,3125.0,,23.0,517,148.0,1,DISTRICT30,TABLET,23.0
ART-SUP,2025-08-01,HEALTH CENTER,21.0,1.0,3.0,13.0,,3.0,-149,15.0,2,DISTRICT13,CAPSULE,3.0
ART-SUP,2025-11-01,HEALTH CENTER,1112.0,54.0,305.0,439.0,,108.0,-331,196.0,2,DISTRICT36,CAPSULE,108.0
PYRA-SAC,2025-08-01,HEALTH CENTER,3188.0,10.0,98.0,511.0,1882.0,72.0,-447,171.0,1,DISTRICT24,SACHET,-1810.0
PYRA-SAC,2024-08-01,HEALTH CENTER,3522.0,1969.0,871.0,9236.0,630.0,13.0,712,984.0,1,DISTRICT1,SACHET,-617.0
PYRA-COMP,2024-08-01,HEALTH CENTER,1269.0,48.0,345.0,1913.0,,239.0,-756,622.0,1,DISTRICT29,TABLET,239.0
ACT-INF,2024-02-01,HEALTH CENTER,535.0,1603.0,254.0,2095.0,,2.0,-722,321.0,30,DISTRICT12,BLISTER,2.0
ACT-GC,2024-05-01,HEALTH CENTER,153.0,1626.0,389.0,2060.0,,286.0,446,340.0,30,DISTRICT28,BLISTER,286.0
ART-INJ,2024-05-01,HEALTH CENTER,3265.0,1039.0,1537.0,7502.0,,395.0,-457,1094.0,5,DISTRICT20,VIAL,395.0
ART-SUP,2025-02-01,REGIONAL HOSPITAL,433.0,31.0,89.0,276.0,,264.0,69,72.0,2,DISTRICT21,CAPSULE,264.0
ACT-AD,2025-05-01,HEALTH CENTER,518.0,92.0,136.0,258.0,,62.0,643,144.0,30,DISTRICT35,BLISTER,62.0
PYRA-SAC,2024-08-01,DISTRICT HOSPITAL,1276.0,1.0,10.0,1388.0,,0.0,-256,66.0,1,DISTRICT27,SACHET,0.0
RDT,2025-11-01,HEALTH CENTER,412.0,0.0,266.0,33.0,355.0,3.0,-604,173.0,25,DISTRICT29,PIECE,-352.0
ART-INJ,2024-11-01,HEALTH CENTER,209.0,1.0,333.0,228.0,,15.0,-334,320.0,5,DISTRICT19,VIAL,15.0
PYRA-COMP,2024-08-01,HEALTH CENTER,734.0,3.0,117.0,136.0,,24.0,-8,285.0,1,DISTRICT30,TABLET,24.0
ART-SUP,2024-02-01,HEALTH CENTER,1967.0,108.0,708.0,1824.0,,55.0,214,481.0,2,DISTRICT2,CAPSULE,55.0
QUIN,2025-05-01,DISTRICT HOSPITAL,206.0,2.0,28.0,193.0,819.0,5.0,296,23.0,1000,DISTRICT26,TABLET,-814.0
ACT-INF,2025-02-01,HEALTH CENTER,1879.0,1.0,335.0,1358.0,,856.0,555,180.0,30,DISTRICT22,BLISTER,856.0
ACT-INF,2024-02-01,HEALTH CENTER,2459.0,38.0,253.0,1866.0,,8.0,-784,275.0,30,DISTRICT33,BLISTER,8.0
QUIN,2025-02-01,HEALTH CENTER,2188.0,0.0,325.0,3171.0,853.0,8.0,-10,161.0,1000,DISTRICT36,TABLET,-845.0
ACT-SC,2024-05-01,HEALTH CENTER,5056.0,2814.0,367.0,760.0,,32.0,-1303,247.0,30,DISTRICT25,BLISTER,32.0
RDT,2025-08-01,HEALTH CENTER,108.0,11.0,29.0,329.0,58.0,0.0,230,7.0,25,DISTRICT30,PIECE,-58.0
ART-INJ,2024-02-01,HEALTH CENTER,602.0,1328.0,392.0,1255.0,264.0,3080.0,150,284.0,5,DISTRICT28,VIAL,2816.0
ART-INJ,2025-11-01,HEALTH CENTER,3220.0,1384.0,1133.0,7573.0,2227.0,2102.0,4,1195.0,5,DISTRICT36,VIAL,-125.0
PYRA-COMP,2025-05-01,HEALTH CENTER,136.0,13.0,2.0,228.0,,143.0,231,0.0,1,DISTRICT32,TABLET,143.0
ART-SUP,2024-11-01,HEALTH CENTER,208.0,0.0,1.0,153.0,,7.0,402,0.0,2,DISTRICT32,CAPSULE,7.0
PYRA-COMP,2025-08-01,HEALTH CENTER,87.0,29.0,155.0,70.0,,53.0,-586,146.0,1,DISTRICT10,TABLET,53.0
ACT-AD,2025-05-01,HEALTH CENTER,76.0,442.0,74.0,249.0,499.0,709.0,-239,14.0,30,DISTRICT33,BLISTER,210.0
ART-SUP,2024-11-01,HEALTH CENTER,999.0,14.0,318.0,997.0,,6178.0,-70,388.0,2,DISTRICT7,CAPSULE,6178.0
RDT,2025-11-01,HEALTH CENTER,275.0,17.0,141.0,403.0,,8.0,-526,96.0,25,DISTRICT9,PIECE,8.0
PYRA-SAC,2024-08-01,HEALTH CENTER,26.0,21.0,7.0,14.0,476.0,43.0,-1116,2.0,1,DISTRICT31,SACHET,-433.0
QUIN,2025-08-01,HEALTH CENTER,50.0,2.0,190.0,24.0,,206.0,99,216.0,1000,DISTRICT38,TABLET,206.0
ACT-AD,2024-11-01,HEALTH CENTER,3371.0,401.0,123.0,1240.0,,251.0,-1007,167.0,30,DISTRICT30,BLISTER,251.0
SP,2025-05-01,HEALTH CENTER,3914.0,0.0,324.0,1324.0,345.0,0.0,-833,122.0,1000,DISTRICT33,TABLET,-345.0
ART-INJ,2025-11-01,HEALTH CENTER,1483.0,4.0,125.0,499.0,211.0,9.0,-143,187.0,5,DISTRICT8,VIAL,-202.0
ACT-GC,2024-11-01,HEALTH CENTER,1036.0,5.0,95.0,427.0,,0.0,136,41.0,30,DISTRICT15,BLISTER,0.0
RDT,2024-08-01,REGIONAL HOSPITAL,392.0,0.0,44.0,410.0,,0.0,-657,2.0,25,DISTRICT16,PIECE,0.0
ACT-AD,2024-08-01,HEALTH CENTER,83.0,124.0,98.0,457.0,,1068.0,-9,143.0,30,DISTRICT16,BLISTER,1068.0
SP,2025-11-01,HEALTH CENTER,119.0,16.0,13.0,457.0,,0.0,-161,2.0,1000,DISTRICT13,TABLET,0.0
ACT-INF,2025-02-01,HEALTH CENTER,4573.0,490.0,2089.0,3047.0,,3314.0,164,2610.0,30,DISTRICT35,BLISTER,3314.0
PYRA-COMP,2024-11-01,HEALTH CENTER,1838.0,0.0,209.0,1367.0,680.0,3.0,10,16.0,1,DISTRICT13,TABLET,-677.0
QUIN,2024-08-01,HEALTH CENTER,782.0,15.0,584.0,1891.0,486.0,158.0,-200,717.0,1000,DISTRICT15,TABLET,-328.0
ART-INJ,2024-11-01,HEALTH CENTER,1222.0,83.0,510.0,637.0,,74.0,388,187.0,5,DISTRICT17,VIAL,74.0
ACT-GC,2024-08-01,HEALTH CENTER,226.0,0.0,68.0,1099.0,,2.0,-420,40.0,30,DISTRICT31,BLISTER,2.0
ACT-AD,2025-11-01,DISTRICT HOSPITAL,3642.0,96.0,123.0,1670.0,,0.0,439,70.0,30,DISTRICT19,BLISTER,0.0
ITN,2025-02-01,HEALTH CENTER,2999.0,1.0,1112.0,1899.0,,7725.0,-391,965.0,50,DISTRICT3,PIECE,7725.0
ACT-GC,2024-11-01,HEALTH CENTER,9.0,338.0,35.0,56.0,,108.0,-83,43.0,30,DISTRICT9,BLISTER,108.0
QUIN,2024-11-01,HEALTH CENTER,782.0,0.0,451.0,992.0,,1115.0,484,728.0,1000,DISTRICT16,TABLET,1115.0
ACT-SC,2025-08-01,HEALTH CENTER,34.0,2.0,30.0,43.0,1837.0,2096.0,-308,5.0,30,DISTRICT13,BLISTER,259.0
QUIN,2025-08-01,HEALTH CENTER,1081.0,0.0,773.0,1109.0,565.0,588.0,223,749.0,1000,DISTRICT26,TABLET,23.0
ITN,2024-08-01,HEALTH CENTER,40.0,1.0,22.0,6.0,,0.0,-57,54.0,50,DISTRICT19,PIECE,0.0
PYRA-SAC,2025-02-01,HEALTH CENTER,302.0,4.0,37.0,192.0,394.0,4451.0,-510,40.0,1,DISTRICT19,SACHET,4057.0
ACT-AD,2025-08-01,HEALTH CENTER,2.0,34.0,2.0,1.0,948.0,0.0,-92,0.0,30,DISTRICT21,BLISTER,-948.0
ACT-INF,2025-02-01,HEALTH CENTER,1105.0,97.0,711.0,1672.0,,2483.0,728,441.0,30,DISTRICT29,BLISTER,2483.0
ITN,2024-02-01,HEALTH CENTER,223.0,131.0,321.0,394.0,187.0,0.0,619,215.0,50,DISTRICT38,PIECE,-187.0
PYRA-SAC,2025-08-01,HEALTH CENTER,2.0,1.0,0.0,35.0,238.0,0.0,482,0.0,1,DISTRICT3,SACHET,-238.0
PYRA-COMP,2025-11-01,HEALTH CENTER,1076.0,205.0,372.0,1751.0,,4221.0,-69,322.0,1,DISTRICT32,TABLET,4221.0
PYRA-SAC,2025-05-01,HEALTH CENTER,3476.0,59.0,1616.0,2330.0,,219.0,800,1092.0,1,DISTRICT20,SACHET,219.0
ACT-SC,2024-02-01,HEALTH CENTER,87.0,0.0,5.0,481.0,,66.0,-66,2.0,30,DISTRICT32,BLISTER,66.0
ACT-SC,2024-08-01,HEALTH CENTER,195.0,0.0,26.0,897.0,49.0,0.0,493,12.0,30,DISTRICT32,BLISTER,-49.0
ACT-AD,2024-02-01,REGIONAL HOSPITAL,363.0,74.0,116.0,209.0,507.0,93.0,813,20.0,30,DISTRICT10,BLISTER,-414.0
QUIN,2025-05-01,HEALTH CENTER,2852.0,88.0,183.0,2037.0,1287.0,593.0,347,391.0,1000,DISTRICT29,TABLET,-694.0
QUIN,2025-02-01,HEALTH CENTER,929.0,672.0,436.0,1543.0,,68.0,-436,331.0,1000,DISTRICT29,TABLET,68.0
ACT-GC,2025-02-01,HEALTH CENTER,131.0,0.0,58.0,63.0,,1547.0,-358,79.0,30,DISTRICT31,BLISTER,1547.0
ACT-SC,2024-05-01,HEALTH CENTER,1008.0,263.0,580.0,918.0,1464.0,7762.0,455,708.0,30,DISTRICT32,BLISTER,6298.0
QUIN,2025-02-01,HEALTH CENTER,1969.0,5.0,727.0,588.0,1131.0,620.0,-446,476.0,1000,DISTRICT18,TABLET,-511.0
ACT-INF,2024-02-01,HEALTH CENTER,1136.0,139.0,394.0,2198.0,,18.0,875,132.0,30,DISTRICT17,BLISTER,18.0
PYRA-COMP,2025-11-01,HEALTH CENTER,1515.0,45.0,650.0,1490.0,,282.0,-593,627.0,1,DISTRICT30,TABLET,282.0
ACT-SC,2025-11-01,HEALTH CENTER,902.0,1.0,203.0,362.0,,1259.0,181,67.0,30,DISTRICT31,BLISTER,1259.0
SP,2024-08-01,HEALTH CENTER,1619.0,2.0,981.0,2273.0,,11.0,-361,639.0,1000,DISTRICT32,TABLET,11.0
ACT-INF,2025-08-01,HEALTH CENTER,939.0,35.0,468.0,1282.0,,1668.0,421,371.0,30,DISTRICT4,BLISTER,1668.0
ACT-INF,2025-02-01,HEALTH CENTER,682.0,110.0,194.0,1114.0,,2.0,8,147.0,30,DISTRICT9,BLISTER,2.0
ITN,2024-08-01,HEALTH CENTER,162.0,1.0,8.0,67.0,,13.0,-60,0.0,50,DISTRICT30,PIECE,13.0
ACT-GC,2025-02-01,HEALTH CENTER,543.0,266.0,415.0,1067.0,,656.0,-3,125.0,30,DISTRICT21,BLISTER,656.0
RDT,2025-11-01,HEALTH CENTER,592.0,0.0,430.0,793.0,,6.0,73,356.0,25,DISTRICT5,PIECE,6.0
ACT-AD,2024-05-01,DISTRICT HOSPITAL,1400.0,0.0,262.0,728.0,391.0,1.0,330,336.0,30,DISTRICT19,BLISTER,-390.0
PYRA-COMP,2024-11-01,HEALTH CENTER,211.0,0.0,270.0,87.0,,838.0,-746,177.0,1,DISTRICT33,TABLET,838.0
SP,2025-08-01,HEALTH CENTER,298.0,0.0,383.0,578.0,,7.0,625,251.0,1000,DISTRICT25,TABLET,7.0
ITN,2025-02-01,HEALTH CENTER,45.0,0.0,154.0,16.0,1331.0,10777.0,104,68.0,50,DISTRICT16,PIECE,9446.0
PYRA-COMP,2024-08-01,HEALTH CENTER,3316.0,45.0,1159.0,1654.0,,336.0,-579,866.0,1,DISTRICT31,TABLET,336.0
ITN,2025-11-01,HEALTH CENTER,9783.0,21.0,2298.0,7130.0,,9661.0,-255,2709.0,50,DISTRICT25,PIECE,9661.0
SP,2024-11-01,HEALTH CENTER,3982.0,100.0,561.0,3031.0,,2.0,290,472.0,1000,DISTRICT23,TABLET,2.0
RDT,2024-08-01,HEALTH CENTER,66.0,0.0,6.0,6.0,1203.0,3.0,152,1.0,25,DISTRICT32,PIECE,-1200.0
RDT,2025-08-01,HEALTH CENTER,5321.0,447.0,509.0,4388.0,,2.0,-317,585.0,25,DISTRICT8,PIECE,2.0
SP,2024-05-01,DISTRICT HOSPITAL,0.0,0.0,1.0,4.0,,41.0,322,2.0,1000,DISTRICT25,TABLET,41.0
PYRA-SAC,2025-11-01,HEALTH CENTER,552.0,0.0,68.0,446.0,,137.0,-573,312.0,1,DISTRICT31,SACHET,137.0
QUIN,2025-08-01,HEALTH CENTER,338.0,303.0,185.0,840.0,,0.0,-400,145.0,1000,DISTRICT9,TABLET,0.0
QUIN,2024-02-01,HEALTH CENTER,223.0,0.0,37.0,54.0,,588.0,43,12.0,1000,DISTRICT26,TABLET,588.0
ART-SUP,2024-11-01,DISTRICT HOSPITAL,1345.0,43.0,973.0,943.0,,4215.0,-69,745.0,2,DISTRICT30,CAPSULE,4215.0
SP,2024-11-01,HEALTH CENTER,1185.0,30.0,226.0,626.0,,456.0,216,345.0,1000,DISTRICT10,TABLET,456.0
ART-INJ,2024-08-01,HEALTH CENTER,15.0,143.0,0.0,10.0,,0.0,217,0.0,5,DISTRICT3,VIAL,0.0
QUIN,2024-05-01,HEALTH CENTER,1316.0,1.0,236.0,1438.0,,8.0,311,348.0,1000,DISTRICT33,TABLET,8.0
ART-INJ,2025-02-01,HEALTH CENTER,316.0,0.0,85.0,108.0,102.0,416.0,-493,115.0,5,DISTRICT35,VIAL,314.0
QUIN,2024-11-01,DISTRICT HOSPITAL,494.0,197.0,253.0,321.0,629.0,640.0,-133,510.0,1000,DISTRICT5,TABLET,11.0
ACT-SC,2025-02-01,HEALTH CENTER,467.0,70.0,131.0,165.0,,0.0,548,53.0,30,DISTRICT31,BLISTER,0.0
ACT-GC,2024-05-01,HEALTH CENTER,75.0,0.0,37.0,352.0,,59.0,5,2.0,30,DISTRICT28,BLISTER,59.0
ACT-GC,2025-11-01,HEALTH CENTER,130.0,1.0,22.0,240.0,,2.0,295,52.0,30,DISTRICT33,BLISTER,2.0
ACT-AD,2024-08-01,HEALTH CENTER,6055.0,10.0,1248.0,3912.0,1625.0,2630.0,-189,971.0,30,DISTRICT25,BLISTER,1005.0
ART-SUP,2024-11-01,HEALTH CENTER,2577.0,0.0,242.0,1142.0,391.0,361.0,534,358.0,2,DISTRICT23,CAPSULE,-30.0
SP,2025-11-01,HEALTH CENTER,4522.0,997.0,946.0,5831.0,,475.0,147,642.0,1000,DISTRICT21,TABLET,475.0
ART-SUP,2024-05-01,DISTRICT HOSPITAL,3.0,0.0,6.0,35.0,,1.0,-208,2.0,2,DISTRICT37,CAPSULE,1.0
ACT-SC,2024-08-01,HEALTH CENTER,487.0,10.0,294.0,776.0,,0.0,539,76.0,30,DISTRICT33,BLISTER,0.0
ACT-AD,2025-05-01,HEALTH CENTER,1416.0,3.0,125.0,1393.0,511.0,5229.0,-544,458.0,30,DISTRICT3,BLISTER,4718.0
ART-SUP,2024-02-01,NATIONAL HOSPITAL,65.0,0.0,29.0,51.0,,5.0,89,1.0,2,DISTRICT20,CAPSULE,5.0
ACT-INF,2024-02-01,HEALTH CENTER,5.0,65.0,21.0,38.0,,30.0,363,23.0,30,DISTRICT2,BLISTER,30.0
ITN,2025-11-01,HEALTH CENTER,1243.0,0.0,694.0,518.0,,1842.0,-265,1367.0,50,DISTRICT31,PIECE,1842.0
PYRA-SAC,2024-02-01,DISTRICT HOSPITAL,908.0,212.0,108.0,1480.0,,5.0,-190,123.0,1,DISTRICT32,SACHET,5.0
ACT-AD,2024-02-01,DISTRICT HOSPITAL,1286.0,264.0,661.0,563.0,,37.0,-66,268.0,30,DISTRICT23,BLISTER,37.0
QUIN,2024-11-01,HEALTH CENTER,2973.0,0.0,198.0,890.0,,640.0,-342,189.0,1000,DISTRICT12,TABLET,640.0
PYRA-SAC,2025-02-01,REGIONAL HOSPITAL,1937.0,674.0,642.0,2217.0,,339.0,707,742.0,1,DISTRICT31,SACHET,339.0
QUIN,2025-11-01,HEALTH CENTER,4.0,0.0,15.0,127.0,,1389.0,-240,31.0,1000,DISTRICT31,TABLET,1389.0
ACT-GC,2024-11-01,HEALTH CENTER,2235.0,496.0,280.0,1667.0,704.0,128.0,-35,236.0,30,DISTRICT14,BLISTER,-576.0
ACT-SC,2024-08-01,HEALTH CENTER,5.0,0.0,6.0,186.0,106.0,41.0,-264,0.0,30,DISTRICT3,BLISTER,-65.0
ITN,2025-02-01,HEALTH CENTER,3492.0,150.0,674.0,1744.0,,50.0,-283,340.0,50,DISTRICT37,PIECE,50.0
PYRA-SAC,2024-08-01,HEALTH CENTER,979.0,4554.0,751.0,1692.0,,17004.0,-422,898.0,1,DISTRICT7,SACHET,17004.0
ACT-SC,2025-08-01,NATIONAL HOSPITAL,855.0,574.0,296.0,2412.0,1112.0,483.0,9,151.0,30,DISTRICT24,BLISTER,-629.0
QUIN,2025-08-01,HEALTH CENTER,232.0,0.0,110.0,264.0,,20.0,-307,108.0,1000,DISTRICT16,TABLET,20.0
ITN,2025-05-01,HEALTH CENTER,1019.0,2.0,337.0,182.0,,0.0,-348,384.0,50,DISTRICT3,PIECE,0.0
QUIN,2025-05-01,HEALTH CENTER,90.0,0.0,23.0,891.0,,0.0,207,19.0,1000,DISTRICT11,TABLET,0.0
ACT-GC,2025-05-01,HEALTH CENTER,1896.0,0.0,253.0,1717.0,751.0,0.0,193,342.0,30,DISTRICT12,BLISTER,-751.0
ACT-AD,2025-05-01,HEALTH CENTER,384.0,0.0,170.0,33.0,,412.0,268,111.0,30,DISTRICT28,BLISTER,412.0
ITN,2024-05-01,HEALTH CENTER,766.0,0.0,178.0,463.0,,444.0,768,235.0,50,DISTRICT22,PIECE,444.0
PYRA-SAC,2024-02-01,HEALTH CENTER,557.0,545.0,115.0,1763.0,,0.0,-123,46.0,1,DISTRICT36,SACHET,0.0
RDT,2024-08-01,DISTRICT HOSPITAL,40.0,224.0,53.0,88.0,,0.0,366,9.0,25,DISTRICT33,PIECE,0.0
ART-INJ,2024-05-01,HEALTH CENTER,203.0,1257.0,198.0,1599.0,,460.0,-452,208.0,5,DISTRICT30,VIAL,460.0
SP,2025-05-01,HEALTH CENTER,315.0,0.0,187.0,395.0,,1795.0,104,56.0,1000,DISTRICT36,TABLET,1795.0
QUIN,2024-05-01,HEALTH CENTER,652.0,710.0,260.0,2368.0,,0.0,4,126.0,1000,DISTRICT11,TABLET,0.0
QUIN,2025-02-01,HEALTH CENTER,234.0,2.0,16.0,81.0,,0.0,407,24.0,1000,DISTRICT13,TABLET,0.0
ACT-AD,2024-08-01,HEALTH CENTER,39.0,64.0,3.0,117.0,,0.0,153,1.0,30,DISTRICT18,BLISTER,0.0
ART-SUP,2025-08-01,HEALTH CENTER,87.0,7.0,19.0,100.0,395.0,0.0,-671,4.0,2,DISTRICT38,CAPSULE,-395.0
ITN,2025-08-01,HEALTH CENTER,59.0,0.0,23.0,121.0,,0.0,33,11.0,50,DISTRICT1,PIECE,0.0
ITN,2024-05-01,HEALTH CENTER,47.0,0.0,43.0,35.0,92.0,0.0,-310,4.0,50,DISTRICT29,PIECE,-92.0
ACT-SC,2025-05-01,HEALTH CENTER,577.0,3.0,91.0,556.0,,1932.0,811,196.0,30,DISTRICT3,BLISTER,1932.0
QUIN,2025-08-01,HEALTH CENTER,2657.0,67.0,500.0,960.0,,16.0,836,674.0,1000,DISTRICT2,TABLET,16.0
PYRA-SAC,2025-02-01,HEALTH CENTER,692.0,1522.0,506.0,1115.0,699.0,24.0,801,428.0,1,DISTRICT31,SACHET,-675.0
PYRA-SAC,2024-05-01,HEALTH CENTER,555.0,24.0,41.0,877.0,,176.0,-26,14.0,1,DISTRICT13,SACHET,176.0
ACT-INF,2025-02-01,HEALTH CENTER,1695.0,7.0,263.0,1305.0,,23.0,-128,134.0,30,DISTRICT21,BLISTER,23.0
ACT-GC,2024-11-01,HEALTH CENTER,1490.0,3.0,813.0,294.0,,21.0,70,538.0,30,DISTRICT29,BLISTER,21.0
ACT-GC,2025-11-01,HEALTH CENTER,629.0,194.0,201.0,536.0,,0.0,643,105.0,30,DISTRICT26,BLISTER,0.0
ITN,2025-11-01,HEALTH CENTER,1498.0,0.0,886.0,1374.0,,6920.0,-37,1263.0,50,DISTRICT35,PIECE,6920.0
ACT-SC,2024-11-01,HEALTH CENTER,637.0,0.0,31.0,616.0,,0.0,-211,4.0,30,DISTRICT35,BLISTER,0.0
ART-SUP,2024-08-01,HEALTH CENTER,840.0,159.0,301.0,498.0,,7429.0,61,363.0,2,DISTRICT16,CAPSULE,7429.0
RDT,2024-02-01,HEALTH CENTER,1090.0,9.0,367.0,272.0,,3.0,-146,332.0,25,DISTRICT14,PIECE,3.0
ITN,2025-05-01,HEALTH CENTER,4233.0,480.0,1555.0,5522.0,,3240.0,-826,1323.0,50,DISTRICT32,PIECE,3240.0
ACT-SC,2025-05-01,HEALTH CENTER,167.0,5.0,77.0,474.0,,0.0,-628,53.0,30,DISTRICT32,BLISTER,0.0
ACT-AD,2025-05-01,HEALTH CENTER,200.0,0.0,19.0,55.0,,0.0,145,8.0,30,DISTRICT8,BLISTER,0.0
ART-INJ,2024-11-01,HEALTH CENTER,3405.0,555.0,1094.0,2081.0,,0.0,499,844.0,5,DISTRICT20,VIAL,0.0
RDT,2024-08-01,DISTRICT HOSPITAL,1798.0,0.0,224.0,578.0,,0.0,-275,78.0,25,DISTRICT27,PIECE,0.0
ART-SUP,2024-08-01,HEALTH CENTER,90.0,2.0,78.0,171.0,,17.0,206,10.0,2,DISTRICT20,CAPSULE,17.0
RDT,2025-02-01,HEALTH CENTER,455.0,0.0,180.0,116.0,,82.0,-1019,172.0,25,DISTRICT28,PIECE,82.0
PYRA-COMP,2024-11-01,HEALTH CENTER,948.0,7.0,171.0,1984.0,,389.0,-43,61.0,1,DISTRICT35,TABLET,389.0
ACT-INF,2024-05-01,HEALTH CENTER,85.0,0.0,96.0,242.0,,199.0,-61,26.0,30,DISTRICT36,BLISTER,199.0
QUIN,2024-11-01,HEALTH CENTER,4712.0,1.0,478.0,3029.0,,590.0,-147,362.0,1000,DISTRICT1,TABLET,590.0
SP,2024-08-01,HEALTH CENTER,1385.0,1.0,18.0,1067.0,,0.0,735,1.0,1000,DISTRICT29,TABLET,0.0
ART-INJ,2025-11-01,HEALTH CENTER,2508.0,0.0,437.0,3952.0,86.0,41.0,269,742.0,5,DISTRICT9,VIAL,-45.0
RDT,2025-11-01,HEALTH CENTER,323.0,74.0,1196.0,619.0,455.0,1447.0,278,472.0,25,DISTRICT18,PIECE,992.0
ACT-GC,2025-08-01,HEALTH CENTER,821.0,155.0,409.0,1378.0,,371.0,-314,457.0,30,DISTRICT31,BLISTER,371.0
RDT,2024-11-01,HEALTH CENTER,332.0,80.0,47.0,952.0,,59.0,295,66.0,25,DISTRICT20,PIECE,59.0
ART-INJ,2025-05-01,HEALTH CENTER,556.0,0.0,76.0,575.0,,0.0,-43,22.0,5,DISTRICT25,VIAL,0.0
ACT-AD,2024-05-01,HEALTH CENTER,2394.0,1.0,357.0,1911.0,,0.0,-621,253.0,30,DISTRICT25,BLISTER,0.0
RDT,2025-02-01,HEALTH CENTER,219.0,31.0,127.0,570.0,,43.0,338,64.0,25,DISTRICT29,PIECE,43.0
ACT-AD,2025-05-01,HEALTH CENTER,1969.0,74.0,270.0,1221.0,730.0,0.0,269,548.0,30,DISTRICT13,BLISTER,-730.0
RDT,2025-02-01,HEALTH CENTER,585.0,22.0,177.0,201.0,,0.0,1470,37.0,25,DISTRICT37,PIECE,0.0
PYRA-SAC,2024-05-01,HEALTH CENTER,635.0,533.0,345.0,1327.0,,0.0,86,301.0,1,DISTRICT11,SACHET,0.0
SP,2025-02-01,HEALTH CENTER,2.0,0.0,1.0,12.0,237.0,0.0,666,0.0,1000,DISTRICT24,TABLET,-237.0
ART-INJ,2025-08-01,HEALTH CENTER,214.0,2.0,133.0,624.0,,3.0,-462,62.0,5,DISTRICT19,VIAL,3.0
ACT-AD,2024-02-01,HEALTH CENTER,1531.0,0.0,233.0,422.0,494.0,2086.0,675,255.0,30,DISTRICT7,BLISTER,1592.0
ART-INJ,2025-11-01,HEALTH CENTER,1103.0,292.0,403.0,1081.0,,1.0,-298,416.0,5,DISTRICT31,VIAL,1.0
PYRA-COMP,2024-02-01,HEALTH CENTER,1665.0,24.0,142.0,219.0,,549.0,-1644,22.0,1,DISTRICT19,TABLET,549.0
RDT,2025-08-01,HEALTH CENTER,149.0,500.0,223.0,50.0,,348.0,-125,203.0,25,DISTRICT30,PIECE,348.0
ART-SUP,2025-02-01,HEALTH CENTER,420.0,32.0,352.0,1177.0,337.0,4.0,38,174.0,2,DISTRICT33,CAPSULE,-333.0
ACT-GC,2025-05-01,HEALTH CENTER,985.0,43.0,405.0,1210.0,,0.0,-176,265.0,30,DISTRICT20,BLISTER,0.0
ACT-INF,2025-08-01,HEALTH CENTER,4080.0,212.0,721.0,1682.0,,6.0,-221,433.0,30,DISTRICT22,BLISTER,6.0
ACT-SC,2025-02-01,HEALTH CENTER,267.0,1.0,21.0,250.0,276.0,0.0,-245,14.0,30,DISTRICT31,BLISTER,-276.0
ART-INJ,2024-08-01,DISTRICT HOSPITAL,86.0,28.0,6.0,321.0,,0.0,-28,0.0,5,DISTRICT29,VIAL,0.0
ACT-AD,2024-02-01,HEALTH CENTER,228.0,4.0,121.0,913.0,,58.0,-144,158.0,30,DISTRICT4,BLISTER,58.0
QUIN,2025-02-01,HEALTH CENTER,67.0,931.0,102.0,345.0,,539.0,-438,60.0,1000,DISTRICT14,TABLET,539.0
PYRA-COMP,2024-11-01,HEALTH CENTER,2278.0,530.0,189.0,1073.0,,65.0,-252,121.0,1,DISTRICT3,TABLET,65.0
PYRA-COMP,2025-11-01,HEALTH CENTER,1672.0,608.0,346.0,2330.0,,2.0,101,388.0,1,DISTRICT10,TABLET,2.0
PYRA-COMP,2024-08-01,HEALTH CENTER,868.0,0.0,737.0,288.0,,2238.0,593,673.0,1,DISTRICT18,TABLET,2238.0
ITN,2024-08-01,HEALTH CENTER,2092.0,92.0,196.0,1103.0,,6.0,117,159.0,50,DISTRICT18,PIECE,6.0
ART-INJ,2024-11-01,HEALTH CENTER,18.0,1.0,1.0,584.0,124.0,0.0,-313,0.0,5,DISTRICT19,VIAL,-124.0
SP,2024-11-01,HEALTH CENTER,3199.0,21.0,630.0,901.0,,3305.0,-404,1160.0,1000,DISTRICT19,TABLET,3305.0
ACT-SC,2024-08-01,HEALTH CENTER,178.0,353.0,105.0,421.0,,6.0,115,57.0,30,DISTRICT7,BLISTER,6.0
PYRA-SAC,2025-11-01,HEALTH CENTER,7501.0,6.0,1104.0,5622.0,,2046.0,291,713.0,1,DISTRICT26,SACHET,2046.0
PYRA-SAC,2024-05-01,HEALTH CENTER,190.0,56.0,378.0,322.0,,13833.0,288,892.0,1,DISTRICT4,SACHET,13833.0
QUIN,2025-08-01,HEALTH CENTER,2412.0,0.0,163.0,2208.0,,211.0,92,146.0,1000,DISTRICT23,TABLET,211.0
QUIN,2024-05-01,HEALTH CENTER,34.0,0.0,32.0,18.0,461.0,5865.0,289,16.0,1000,DISTRICT25,TABLET,5404.0
ACT-INF,2024-08-01,HEALTH CENTER,231.0,0.0,8.0,365.0,,0.0,168,2.0,30,DISTRICT28,BLISTER,0.0
ACT-INF,2024-05-01,REGIONAL HOSPITAL,921.0,0.0,146.0,605.0,,0.0,-48,12.0,30,DISTRICT30,BLISTER,0.0
ACT-GC,2024-11-01,HEALTH CENTER,1442.0,0.0,289.0,134.0,,7.0,124,108.0,30,DISTRICT33,BLISTER,7.0
PYRA-COMP,2024-05-01,HEALTH CENTER,148.0,257.0,64.0,977.0,,69.0,-171,30.0,1,DISTRICT7,TABLET,69.0
RDT,2025-05-01,HEALTH CENTER,2354.0,508.0,873.0,1066.0,453.0,89.0,330,1187.0,25,DISTRICT30,PIECE,-364.0
QUIN,2025-11-01,HEALTH CENTER,14.0,5.0,2.0,112.0,,0.0,-4,0.0,1000,DISTRICT9,TABLET,0.0
PYRA-COMP,2025-11-01,HEALTH CENTER,2098.0,695.0,1345.0,2210.0,,3073.0,593,1145.0,1,DISTRICT25,TABLET,3073.0
ART-SUP,2024-05-01,HEALTH CENTER,1611.0,488.0,621.0,1941.0,,1622.0,-396,278.0,2,DISTRICT28,CAPSULE,1622.0
RDT,2024-02-01,HEALTH CENTER,975.0,144.0,487.0,2196.0,,1025.0,-673,776.0,25,DISTRICT9,PIECE,1025.0
SP,2024-11-01,HEALTH CENTER,863.0,0.0,407.0,1518.0,,0.0,-168,249.0,1000,DISTRICT28,TABLET,0.0
ACT-SC,2024-08-01,HEALTH CENTER,8.0,1306.0,28.0,59.0,405.0,13.0,460,14.0,30,DISTRICT31,BLISTER,-392.0
ART-SUP,2024-08-01,HEALTH CENTER,851.0,0.0,333.0,848.0,,256.0,244,458.0,2,DISTRICT1,CAPSULE,256.0
ITN,2024-08-01,HEALTH CENTER,175.0,57.0,7.0,83.0,,1.0,-498,10.0,50,DISTRICT19,PIECE,1.0
PYRA-SAC,2025-08-01,HEALTH CENTER,8.0,214.0,31.0,746.0,,22.0,99,14.0,1,DISTRICT12,SACHET,22.0
ART-SUP,2024-05-01,HEALTH CENTER,223.0,558.0,484.0,1305.0,806.0,1244.0,10,483.0,2,DISTRICT25,CAPSULE,438.0
RDT,2025-08-01,HEALTH CENTER,992.0,2.0,359.0,1889.0,,2489.0,780,486.0,25,DISTRICT3,PIECE,2489.0
QUIN,2024-11-01,HEALTH CENTER,1696.0,958.0,101.0,5146.0,,0.0,351,61.0,1000,DISTRICT14,TABLET,0.0
ACT-AD,2024-02-01,HEALTH CENTER,154.0,0.0,28.0,85.0,564.0,212.0,-112,15.0,30,DISTRICT18,BLISTER,-352.0
SP,2024-11-01,HEALTH CENTER,1087.0,589.0,811.0,1604.0,,8080.0,-722,633.0,1000,DISTRICT32,TABLET,8080.0
QUIN,2024-02-01,HEALTH CENTER,4034.0,2.0,523.0,2699.0,,272.0,-46,231.0,1000,DISTRICT21,TABLET,272.0
ART-INJ,2024-11-01,HEALTH CENTER,255.0,2.0,57.0,298.0,,0.0,160,63.0,5,DISTRICT25,VIAL,0.0
PYRA-COMP,2025-11-01,HEALTH CENTER,657.0,0.0,539.0,638.0,,2212.0,-345,584.0,1,DISTRICT11,TABLET,2212.0
ART-SUP,2025-08-01,HEALTH CENTER,150.0,2.0,169.0,306.0,552.0,37.0,274,20.0,2,DISTRICT1,CAPSULE,-515.0
PYRA-COMP,2025-08-01,DISTRICT HOSPITAL,966.0,269.0,195.0,1387.0,609.0,22.0,13,90.0,1,DISTRICT29,TABLET,-587.0
SP,2024-11-01,HEALTH CENTER,48.0,484.0,176.0,1054.0,688.0,918.0,-387,154.0,1000,DISTRICT6,TABLET,230.0
ACT-AD,2024-08-01,DISTRICT HOSPITAL,4576.0,943.0,479.0,6748.0,716.0,0.0,390,315.0,30,DISTRICT23,BLISTER,-716.0
ACT-INF,2024-11-01,HEALTH CENTER,832.0,0.0,405.0,242.0,,4185.0,159,289.0,30,DISTRICT9,BLISTER,4185.0
ITN,2024-11-01,HEALTH CENTER,753.0,0.0,244.0,953.0,,0.0,-78,227.0,50,DISTRICT15,PIECE,0.0
ART-INJ,2025-08-01,HEALTH CENTER,297.0,72.0,51.0,313.0,,12.0,-431,3.0,5,DISTRICT31,VIAL,12.0
ACT-AD,2025-02-01,HEALTH CENTER,55.0,0.0,1.0,222.0,,0.0,587,0.0,30,DISTRICT14,BLISTER,0.0
ACT-SC,2025-08-01,HEALTH CENTER,724.0,2.0,312.0,325.0,,530.0,12,134.0,30,DISTRICT15,BLISTER,530.0
SP,2024-05-01,HEALTH CENTER,2359.0,149.0,845.0,2485.0,,830.0,370,668.0,1000,DISTRICT25,TABLET,830.0
ACT-INF,2025-08-01,HEALTH CENTER,109.0,2.0,29.0,170.0,,2109.0,-18,51.0,30,DISTRICT1,BLISTER,2109.0
ACT-INF,2024-05-01,HEALTH CENTER,535.0,134.0,330.0,350.0,,2364.0,90,209.0,30,DISTRICT8,BLISTER,2364.0
ACT-INF,2025-05-01,HEALTH CENTER,530.0,614.0,353.0,415.0,,1554.0,-166,201.0,30,DISTRICT32,BLISTER,1554.0
ART-INJ,2024-05-01,HEALTH CENTER,515.0,2237.0,438.0,1228.0,,516.0,255,703.0,5,DISTRICT33,VIAL,516.0
QUIN,2024-05-01,HEALTH CENTER,788.0,0.0,328.0,224.0,316.0,0.0,39,253.0,1000,DISTRICT6,TABLET,-316.0
ART-SUP,2024-02-01,HEALTH CENTER,377.0,168.0,346.0,380.0,,741.0,-532,494.0,2,DISTRICT1,CAPSULE,741.0
ACT-AD,2024-02-01,HEALTH CENTER,938.0,0.0,319.0,2094.0,,231.0,-256,115.0,30,DISTRICT5,BLISTER,231.0
SP,2024-05-01,HEALTH CENTER,432.0,183.0,140.0,458.0,,0.0,334,72.0,1000,DISTRICT14,TABLET,0.0
ITN,2025-02-01,HEALTH CENTER,5220.0,0.0,757.0,995.0,,780.0,-192,795.0,50,DISTRICT14,PIECE,780.0
ACT-INF,2025-02-01,HEALTH CENTER,3213.0,3.0,575.0,2164.0,,682.0,301,681.0,30,DISTRICT31,BLISTER,682.0
SP,2024-08-01,HEALTH CENTER,119.0,82.0,44.0,294.0,,0.0,499,3.0,1000,DISTRICT31,TABLET,0.0
RDT,2025-08-01,HEALTH CENTER,1153.0,0.0,349.0,699.0,,0.0,-145,436.0,25,DISTRICT2,PIECE,0.0
ART-SUP,2024-02-01,HEALTH CENTER,394.0,886.0,125.0,1312.0,251.0,2.0,338,194.0,2,DISTRICT16,CAPSULE,-249.0
ACT-AD,2025-11-01,HEALTH CENTER,2189.0,3111.0,1081.0,2049.0,,20.0,156,562.0,30,DISTRICT18,BLISTER,20.0
ACT-GC,2025-02-01,HEALTH CENTER,178.0,7.0,194.0,643.0,,2.0,-471,177.0,30,DISTRICT10,BLISTER,2.0
QUIN,2025-02-01,HEALTH CENTER,3793.0,344.0,952.0,4871.0,,3072.0,-55,753.0,1000,DISTRICT13,TABLET,3072.0
ART-SUP,2025-08-01,DISTRICT HOSPITAL,1144.0,0.0,69.0,717.0,,27.0,-370,92.0,2,DISTRICT29,CAPSULE,27.0
ITN,2024-02-01,HEALTH CENTER,1799.0,59.0,561.0,1785.0,,1020.0,497,393.0,50,DISTRICT18,PIECE,1020.0
RDT,2025-11-01,HEALTH CENTER,1765.0,25.0,233.0,545.0,,0.0,209,71.0,25,DISTRICT13,PIECE,0.0
ACT-GC,2025-08-01,HEALTH CENTER,927.0,0.0,198.0,1897.0,,136.0,689,114.0,30,DISTRICT26,BLISTER,136.0
QUIN,2025-02-01,HEALTH CENTER,641.0,17.0,210.0,313.0,,38.0,-280,161.0,1000,DISTRICT35,TABLET,38.0
ACT-SC,2025-02-01,HEALTH CENTER,377.0,0.0,105.0,215.0,148.0,0.0,35,34.0,30,DISTRICT10,BLISTER,-148.0
RDT,2024-02-01,HEALTH CENTER,1447.0,121.0,905.0,1652.0,,3472.0,40,1065.0,25,DISTRICT6,PIECE,3472.0
QUIN,2025-11-01,DISTRICT HOSPITAL,142.0,1.0,137.0,378.0,,1.0,566,63.0,1000,DISTRICT22,TABLET,1.0
ART-SUP,2024-11-01,HEALTH CENTER,111.0,967.0,95.0,876.0,432.0,0.0,-132,19.0,2,DISTRICT23,CAPSULE,-432.0
ACT-AD,2025-08-01,HEALTH CENTER,95.0,14.0,129.0,259.0,,0.0,381,39.0,30,DISTRICT3,BLISTER,0.0
ACT-AD,2024-11-01,DISTRICT HOSPITAL,2.0,1.0,2.0,1.0,,591.0,-310,0.0,30,DISTRICT1,BLISTER,591.0
ACT-SC,2024-08-01,HEALTH CENTER,81.0,2.0,266.0,541.0,,0.0,-108,302.0,30,DISTRICT25,BLISTER,0.0
ACT-INF,2025-02-01,HEALTH CENTER,1205.0,0.0,210.0,818.0,750.0,0.0,250,143.0,30,DISTRICT32,BLISTER,-750.0
RDT,2024-08-01,HEALTH CENTER,1440.0,0.0,268.0,588.0,,0.0,61,310.0,25,DISTRICT25,PIECE,0.0
PYRA-SAC,2025-08-01,HEALTH CENTER,983.0,2.0,308.0,215.0,,991.0,-55,111.0,1,DISTRICT37,SACHET,991.0
RDT,2025-11-01,HEALTH CENTER,1344.0,0.0,312.0,2179.0,446.0,0.0,184,136.0,25,DISTRICT15,PIECE,-446.0
ART-INJ,2025-11-01,DISTRICT HOSPITAL,696.0,27.0,287.0,2999.0,,35.0,225,515.0,5,DISTRICT15,VIAL,35.0
ACT-SC,2025-11-01,HEALTH CENTER,3797.0,12.0,464.0,3289.0,,5.0,-292,280.0,30,DISTRICT31,BLISTER,5.0
QUIN,2025-02-01,HEALTH CENTER,3229.0,0.0,518.0,1368.0,,864.0,310,324.0,1000,DISTRICT30,TABLET,864.0
ACT-AD,2025-11-01,HEALTH CENTER,2875.0,384.0,277.0,2148.0,,1.0,82,375.0,30,DISTRICT29,BLISTER,1.0
QUIN,2024-05-01,HEALTH CENTER,150.0,0.0,80.0,161.0,,0.0,-684,31.0,1000,DISTRICT28,TABLET,0.0
RDT,2025-05-01,HEALTH CENTER,43.0,26.0,40.0,181.0,554.0,152.0,69,93.0,25,DISTRICT23,PIECE,-402.0
PYRA-SAC,2025-08-01,HEALTH CENTER,537.0,2.0,190.0,964.0,,0.0,-66,208.0,1,DISTRICT32,SACHET,0.0
ART-INJ,2024-02-01,DISTRICT HOSPITAL,130.0,64.0,117.0,307.0,543.0,677.0,-276,75.0,5,DISTRICT29,VIAL,134.0
ART-INJ,2025-02-01,HEALTH CENTER,0.0,0.0,0.0,1.0,314.0,273.0,-325,0.0,5,DISTRICT5,VIAL,-41.0
PYRA-SAC,2025-08-01,HEALTH CENTER,508.0,2415.0,176.0,1469.0,,24.0,-513,88.0,1,DISTRICT6,SACHET,24.0
QUIN,2025-02-01,HEALTH CENTER,703.0,29.0,107.0,688.0,,116.0,244,15.0,1000,DISTRICT33,TABLET,116.0
ACT-INF,2024-05-01,HEALTH CENTER,1.0,129.0,26.0,26.0,,0.0,303,6.0,30,DISTRICT28,BLISTER,0.0
ART-SUP,2025-11-01,HEALTH CENTER,1620.0,413.0,169.0,3277.0,,3445.0,4,468.0,2,DISTRICT28,CAPSULE,3445.0
QUIN,2024-11-01,HEALTH CENTER,895.0,8.0,475.0,2451.0,,37.0,452,643.0,1000,DISTRICT19,TABLET,37.0
PYRA-SAC,2025-02-01,HEALTH CENTER,378.0,0.0,76.0,106.0,,81.0,153,49.0,1,DISTRICT26,SACHET,81.0
PYRA-COMP,2025-02-01,HEALTH CENTER,1.0,0.0,14.0,34.0,347.0,1368.0,74,0.0,1,DISTRICT13,TABLET,1021.0
ACT-AD,2024-08-01,HEALTH CENTER,73.0,563.0,41.0,337.0,,0.0,13,9.0,30,DISTRICT25,BLISTER,0.0
ACT-AD,2024-11-01,HEALTH CENTER,2153.0,39.0,330.0,2044.0,816.0,5.0,431,178.0,30,DISTRICT10,BLISTER,-811.0
SP,2025-08-01,HEALTH CENTER,727.0,0.0,232.0,853.0,,0.0,-56,132.0,1000,DISTRICT13,TABLET,0.0
RDT,2024-02-01,HEALTH CENTER,318.0,470.0,129.0,821.0,,697.0,-542,106.0,25,DISTRICT29,PIECE,697.0
RDT,2025-05-01,HEALTH CENTER,1627.0,0.0,547.0,334.0,,82.0,66,261.0,25,DISTRICT19,PIECE,82.0
ART-SUP,2025-02-01,HEALTH CENTER,185.0,175.0,213.0,118.0,1119.0,780.0,-998,106.0,2,DISTRICT5,CAPSULE,-339.0
PYRA-SAC,2025-02-01,HEALTH CENTER,18.0,0.0,27.0,171.0,,2889.0,-414,43.0,1,DISTRICT15,SACHET,2889.0
ART-INJ,2025-08-01,HEALTH CENTER,1658.0,1256.0,341.0,7207.0,,0.0,424,255.0,5,DISTRICT1,VIAL,0.0
PYRA-COMP,2024-11-01,HEALTH CENTER,1583.0,1655.0,763.0,1066.0,,120.0,-92,353.0,1,DISTRICT1,TABLET,120.0
SP,2025-02-01,HEALTH CENTER,535.0,563.0,208.0,168.0,365.0,18.0,594,301.0,1000,DISTRICT29,TABLET,-347.0
SP,2024-08-01,HEALTH CENTER,2799.0,0.0,116.0,3462.0,,0.0,-555,17.0,1000,DISTRICT13,TABLET,0.0
ITN,2025-08-01,HEALTH CENTER,848.0,94.0,394.0,1059.0,,323.0,76,212.0,50,DISTRICT31,PIECE,323.0
ITN,2025-08-01,HEALTH CENTER,1428.0,0.0,98.0,320.0,,433.0,-198,75.0,50,DISTRICT13,PIECE,433.0
ACT-SC,2024-02-01,HEALTH CENTER,688.0,110.0,52.0,1984.0,,172.0,587,49.0,30,DISTRICT29,BLISTER,172.0
ART-SUP,2025-11-01,HEALTH CENTER,875.0,0.0,115.0,367.0,,0.0,31,98.0,2,DISTRICT9,CAPSULE,0.0
ACT-GC,2024-11-01,HEALTH CENTER,1462.0,7.0,602.0,1432.0,,15.0,-57,421.0,30,DISTRICT15,BLISTER,15.0
ACT-INF,2025-02-01,HEALTH CENTER,3460.0,4.0,443.0,659.0,,1.0,-77,621.0,30,DISTRICT32,BLISTER,1.0
ACT-INF,2024-08-01,HEALTH CENTER,1993.0,18.0,513.0,1083.0,,1304.0,170,637.0,30,DISTRICT20,BLISTER,1304.0
QUIN,2025-08-01,HEALTH CENTER,62.0,1.0,139.0,512.0,,4.0,-1085,184.0,1000,DISTRICT31,TABLET,4.0
ART-INJ,2025-02-01,HEALTH CENTER,435.0,9.0,230.0,183.0,438.0,1826.0,150,149.0,5,DISTRICT27,VIAL,1388.0
QUIN,2025-02-01,HEALTH CENTER,22.0,374.0,33.0,23.0,,0.0,49,13.0,1000,DISTRICT29,TABLET,0.0
ACT-SC,2025-11-01,HEALTH CENTER,252.0,3.0,365.0,337.0,144.0,2668.0,-46,416.0,30,DISTRICT3,BLISTER,2524.0
ACT-INF,2025-02-01,HEALTH CENTER,334.0,2.0,80.0,35.0,,2628.0,133,293.0,30,DISTRICT1,BLISTER,2628.0
RDT,2024-02-01,HEALTH CENTER,3307.0,48.0,611.0,1561.0,,100.0,-585,1061.0,25,DISTRICT12,PIECE,100.0
PYRA-COMP,2025-05-01,HEALTH CENTER,177.0,347.0,100.0,1111.0,,40.0,-365,25.0,1,DISTRICT15,TABLET,40.0
PYRA-COMP,2024-11-01,HEALTH CENTER,25.0,5.0,12.0,14.0,,2.0,725,12.0,1,DISTRICT9,TABLET,2.0
RDT,2025-11-01,HEALTH CENTER,1398.0,183.0,390.0,1220.0,1310.0,1516.0,1100,282.0,25,DISTRICT8,PIECE,206.0
ACT-AD,2024-05-01,HEALTH CENTER,1850.0,250.0,468.0,5215.0,,278.0,311,316.0,30,DISTRICT22,BLISTER,278.0
PYRA-SAC,2024-02-01,HEALTH CENTER,449.0,200.0,298.0,190.0,,3941.0,189,311.0,1,DISTRICT30,SACHET,3941.0
ACT-SC,2024-02-01,HEALTH CENTER,938.0,0.0,273.0,1568.0,,0.0,351,581.0,30,DISTRICT15,BLISTER,0.0
PYRA-COMP,2024-02-01,HEALTH CENTER,211.0,1.0,42.0,1227.0,,0.0,456,87.0,1,DISTRICT19,TABLET,0.0
ART-SUP,2025-08-01,HEALTH CENTER,3335.0,719.0,719.0,3114.0,,7.0,231,887.0,2,DISTRICT2,CAPSULE,7.0
SP,2025-05-01,HEALTH CENTER,3298.0,453.0,888.0,3638.0,,0.0,181,403.0,1000,DISTRICT24,TABLET,0.0
ART-SUP,2025-08-01,HEALTH CENTER,1031.0,0.0,167.0,310.0,,466.0,-403,44.0,2,DISTRICT19,CAPSULE,466.0
PYRA-COMP,2024-02-01,HEALTH CENTER,244.0,397.0,551.0,843.0,1814.0,0.0,964,242.0,1,DISTRICT24,TABLET,-1814.0
PYRA-SAC,2025-05-01,REGIONAL HOSPITAL,158.0,92.0,202.0,40.0,,1743.0,-808,229.0,1,DISTRICT37,SACHET,1743.0
ART-INJ,2025-05-01,HEALTH CENTER,1542.0,44.0,345.0,1715.0,,3404.0,-368,275.0,5,DISTRICT15,VIAL,3404.0
ITN,2025-05-01,HEALTH CENTER,1348.0,33.0,311.0,4088.0,1134.0,1.0,11,212.0,50,DISTRICT37,PIECE,-1133.0
ACT-SC,2024-02-01,HEALTH CENTER,2929.0,73.0,904.0,3544.0,,2321.0,-317,1231.0,30,DISTRICT14,BLISTER,2321.0
ITN,2025-08-01,HEALTH CENTER,264.0,0.0,112.0,122.0,29.0,499.0,598,79.0,50,DISTRICT12,PIECE,470.0
ACT-AD,2024-02-01,HEALTH CENTER,1339.0,0.0,123.0,585.0,,2210.0,-221,46.0,30,DISTRICT36,BLISTER,2210.0
ITN,2024-05-01,HEALTH CENTER,141.0,919.0,78.0,356.0,1000.0,12.0,-618,13.0,50,DISTRICT6,PIECE,-988.0
ART-INJ,2024-02-01,HEALTH CENTER,7208.0,891.0,1036.0,6848.0,637.0,59.0,-703,844.0,5,DISTRICT4,VIAL,-578.0
PYRA-SAC,2024-05-01,HEALTH CENTER,232.0,50.0,509.0,1035.0,,2.0,-536,583.0,1,DISTRICT35,SACHET,2.0
ART-INJ,2025-11-01,HEALTH CENTER,506.0,2.0,112.0,91.0,,0.0,-31,6.0,5,DISTRICT13,VIAL,0.0
ACT-AD,2024-08-01,HEALTH CENTER,505.0,398.0,180.0,1278.0,,956.0,-158,269.0,30,DISTRICT31,BLISTER,956.0
ACT-AD,2025-05-01,HEALTH CENTER,321.0,0.0,64.0,103.0,,105.0,-340,267.0,30,DISTRICT23,BLISTER,105.0
ITN,2025-05-01,HEALTH CENTER,4084.0,12.0,511.0,2481.0,,313.0,125,604.0,50,DISTRICT8,PIECE,313.0
ITN,2024-02-01,HEALTH CENTER,145.0,0.0,32.0,8.0,,109.0,-153,18.0,50,DISTRICT19,PIECE,109.0
RDT,2024-08-01,HEALTH CENTER,1749.0,245.0,130.0,1270.0,155.0,0.0,462,21.0,25,DISTRICT27,PIECE,-155.0
QUIN,2025-11-01,HEALTH CENTER,2105.0,0.0,143.0,269.0,90.0,0.0,62,84.0,1000,DISTRICT15,TABLET,-90.0
QUIN,2025-08-01,HEALTH CENTER,1380.0,6.0,100.0,694.0,,49.0,72,890.0,1000,DISTRICT24,TABLET,49.0
SP,2025-02-01,HEALTH CENTER,463.0,0.0,1.0,53.0,,0.0,118,2.0,1000,DISTRICT8,TABLET,0.0
PYRA-SAC,2024-02-01,HEALTH CENTER,796.0,754.0,713.0,3604.0,,417.0,-154,561.0,1,DISTRICT15,SACHET,417.0
ITN,2025-08-01,HEALTH CENTER,432.0,2.0,35.0,409.0,530.0,2247.0,-396,7.0,50,DISTRICT36,PIECE,1717.0
PYRA-COMP,2025-05-01,HEALTH CENTER,711.0,0.0,168.0,678.0,,12.0,-778,112.0,1,DISTRICT18,TABLET,12.0
PYRA-SAC,2025-02-01,HEALTH CENTER,181.0,419.0,58.0,906.0,,0.0,-174,7.0,1,DISTRICT20,SACHET,0.0
ACT-SC,2025-08-01,DISTRICT HOSPITAL,13.0,108.0,12.0,222.0,378.0,0.0,-449,5.0,30,DISTRICT2,BLISTER,-378.0
ACT-INF,2024-02-01,HEALTH CENTER,13.0,0.0,6.0,3.0,,25.0,125,3.0,30,DISTRICT32,BLISTER,25.0
ART-SUP,2025-08-01,DISTRICT HOSPITAL,1595.0,0.0,253.0,833.0,106.0,1.0,5,128.0,2,DISTRICT32,CAPSULE,-105.0
ACT-GC,2024-11-01,HEALTH CENTER,2162.0,1823.0,517.0,3862.0,570.0,612.0,-100,465.0,30,DISTRICT9,BLISTER,42.0
QUIN,2025-08-01,HEALTH CENTER,3.0,15.0,0.0,3.0,,0.0,-755,0.0,1000,DISTRICT38,TABLET,0.0
ART-INJ,2025-02-01,DISTRICT HOSPITAL,3467.0,12.0,284.0,1972.0,,0.0,-474,125.0,5,DISTRICT13,VIAL,0.0
ITN,2024-02-01,HEALTH CENTER,651.0,59.0,300.0,944.0,,2841.0,-477,253.0,50,DISTRICT1,PIECE,2841.0
RDT,2025-02-01,HEALTH CENTER,122.0,8.0,306.0,99.0,,810.0,443,200.0,25,DISTRICT26,PIECE,810.0
ACT-GC,2024-11-01,HEALTH CENTER,1165.0,350.0,363.0,1671.0,,15.0,339,38.0,30,DISTRICT11,BLISTER,15.0
SP,2025-08-01,HEALTH CENTER,19.0,663.0,92.0,1094.0,,0.0,-495,26.0,1000,DISTRICT18,TABLET,0.0
RDT,2025-05-01,HEALTH CENTER,2122.0,154.0,1268.0,3015.0,,744.0,-614,838.0,25,DISTRICT8,PIECE,744.0
ACT-AD,2025-02-01,HEALTH CENTER,109.0,69.0,344.0,185.0,,3356.0,480,126.0,30,DISTRICT31,BLISTER,3356.0
ITN,2024-05-01,HEALTH CENTER,1429.0,165.0,201.0,1229.0,,257.0,-263,172.0,50,DISTRICT24,PIECE,257.0
PYRA-COMP,2025-08-01,HEALTH CENTER,1794.0,162.0,391.0,2856.0,,23.0,66,107.0,1,DISTRICT3,TABLET,23.0
ACT-SC,2025-02-01,HEALTH CENTER,173.0,33.0,127.0,389.0,,3852.0,70,169.0,30,DISTRICT22,BLISTER,3852.0
ART-INJ,2025-05-01,HEALTH CENTER,782.0,968.0,303.0,3132.0,143.0,0.0,227,99.0,5,DISTRICT20,VIAL,-143.0
ART-SUP,2025-05-01,HEALTH CENTER,2437.0,405.0,871.0,1747.0,,713.0,-505,1407.0,2,DISTRICT3,CAPSULE,713.0
ART-SUP,2025-02-01,HEALTH CENTER,11.0,0.0,1.0,2.0,92.0,0.0,-32,1.0,2,DISTRICT10,CAPSULE,-92.0
ACT-AD,2024-11-01,HEALTH CENTER,587.0,2.0,53.0,299.0,,0.0,-661,46.0,30,DISTRICT38,BLISTER,0.0
ACT-INF,2024-02-01,DISTRICT HOSPITAL,188.0,0.0,9.0,132.0,,0.0,993,2.0,30,DISTRICT24,BLISTER,0.0
ART-INJ,2025-11-01,HEALTH CENTER,441.0,627.0,365.0,891.0,,3.0,228,173.0,5,DISTRICT28,VIAL,3.0
RDT,2025-02-01,HEALTH CENTER,0.0,4.0,0.0,1.0,,0.0,-1168,0.0,25,DISTRICT31,PIECE,0.0
ACT-INF,2024-02-01,HEALTH CENTER,654.0,2.0,54.0,242.0,,1.0,-222,19.0,30,DISTRICT29,BLISTER,1.0
ACT-AD,2025-02-01,HEALTH CENTER,0.0,0.0,1.0,5.0,,319.0,344,0.0,30,DISTRICT4,BLISTER,319.0
RDT,2025-08-01,HEALTH CENTER,167.0,536.0,101.0,401.0,,3.0,-560,32.0,25,DISTRICT15,PIECE,3.0
ACT-AD,2024-11-01,REGIONAL HOSPITAL,957.0,14.0,80.0,848.0,,597.0,-354,34.0,30,DISTRICT24,BLISTER,597.0
PYRA-COMP,2024-05-01,HEALTH CENTER,2892.0,1026.0,768.0,2359.0,,142.0,85,665.0,1,DISTRICT5,TABLET,142.0
ART-INJ,2025-02-01,HEALTH CENTER,345.0,55.0,258.0,1103.0,,403.0,207,326.0,5,DISTRICT10,VIAL,403.0
ART-INJ,2024-08-01,HEALTH CENTER,57.0,45.0,256.0,477.0,,121.0,-98,122.0,5,DISTRICT2,VIAL,121.0
RDT,2024-11-01,HEALTH CENTER,0.0,13.0,1.0,2.0,712.0,15.0,332,0.0,25,DISTRICT20,PIECE,-697.0
ACT-AD,2024-08-01,HEALTH CENTER,422.0,295.0,198.0,701.0,261.0,1.0,213,65.0,30,DISTRICT20,BLISTER,-260.0
ART-SUP,2025-08-01,HEALTH CENTER,0.0,0.0,0.0,5.0,478.0,0.0,-2,0.0,2,DISTRICT31,CAPSULE,-478.0
ACT-SC,2024-05-01,HEALTH CENTER,1118.0,26.0,213.0,957.0,,2761.0,-630,204.0,30,DISTRICT32,BLISTER,2761.0
ACT-INF,2025-02-01,HEALTH CENTER,264.0,57.0,575.0,966.0,,436.0,111,451.0,30,DISTRICT11,BLISTER,436.0
ACT-INF,2024-08-01,HEALTH CENTER,2171.0,1.0,440.0,2034.0,,2927.0,27,374.0,30,DISTRICT31,BLISTER,2927.0
ACT-INF,2025-08-01,HEALTH CENTER,84.0,5.0,2.0,233.0,,0.0,-45,0.0,30,DISTRICT3,BLISTER,0.0
ART-INJ,2024-05-01,HEALTH CENTER,8222.0,0.0,1083.0,4341.0,,196.0,100,1140.0,5,DISTRICT19,VIAL,196.0
ART-SUP,2024-02-01,HEALTH CENTER,227.0,0.0,119.0,7.0,,95.0,190,109.0,2,DISTRICT20,CAPSULE,95.0
ACT-INF,2025-02-01,HEALTH CENTER,3380.0,465.0,1293.0,1921.0,,58.0,109,1188.0,30,DISTRICT11,BLISTER,58.0
ACT-INF,2024-05-01,HEALTH CENTER,1427.0,0.0,387.0,1994.0,,24.0,227,432.0,30,DISTRICT23,BLISTER,24.0
PYRA-SAC,2024-02-01,HEALTH CENTER,1437.0,7.0,480.0,512.0,,2837.0,287,684.0,1,DISTRICT36,SACHET,2837.0
PYRA-COMP,2025-11-01,HEALTH CENTER,237.0,55.0,219.0,774.0,,1613.0,551,86.0,1,DISTRICT31,TABLET,1613.0
ART-INJ,2024-08-01,HEALTH CENTER,2265.0,1039.0,1126.0,2376.0,,10612.0,115,1857.0,5,DISTRICT14,VIAL,10612.0
ART-INJ,2024-08-01,HEALTH CENTER,1048.0,300.0,463.0,2803.0,369.0,0.0,-589,168.0,5,DISTRICT25,VIAL,-369.0
ART-SUP,2025-11-01,HEALTH CENTER,777.0,75.0,89.0,749.0,359.0,10.0,-34,196.0,2,DISTRICT28,CAPSULE,-349.0
ACT-GC,2025-08-01,HEALTH CENTER,53.0,58.0,9.0,43.0,,1.0,338,6.0,30,DISTRICT7,BLISTER,1.0
QUIN,2025-11-01,HEALTH CENTER,82.0,28.0,196.0,376.0,,917.0,-8,190.0,1000,DISTRICT27,TABLET,917.0
ACT-GC,2025-02-01,HEALTH CENTER,1304.0,0.0,104.0,588.0,,0.0,-595,64.0,30,DISTRICT2,BLISTER,0.0
ART-INJ,2024-02-01,HEALTH CENTER,1988.0,0.0,44.0,449.0,846.0,13.0,-165,59.0,5,DISTRICT24,VIAL,-833.0
QUIN,2024-05-01,HEALTH CENTER,107.0,0.0,9.0,36.0,,290.0,-291,1.0,1000,DISTRICT3,TABLET,290.0
ART-SUP,2025-08-01,DISTRICT HOSPITAL,2590.0,372.0,896.0,2569.0,,3.0,348,347.0,2,DISTRICT1,CAPSULE,3.0
QUIN,2025-11-01,HEALTH CENTER,244.0,1.0,255.0,1560.0,,7.0,1053,109.0,1000,DISTRICT33,TABLET,7.0
PYRA-SAC,2025-08-01,HEALTH CENTER,1222.0,5.0,161.0,455.0,490.0,822.0,-21,48.0,1,DISTRICT15,SACHET,332.0
ACT-SC,2025-05-01,HEALTH CENTER,35.0,2099.0,137.0,305.0,,14.0,-433,34.0,30,DISTRICT35,BLISTER,14.0
ACT-GC,2025-08-01,HEALTH CENTER,283.0,385.0,271.0,363.0,,8.0,650,360.0,30,DISTRICT23,BLISTER,8.0
ART-INJ,2024-05-01,HEALTH CENTER,1180.0,1.0,321.0,1553.0,,290.0,198,333.0,5,DISTRICT24,VIAL,290.0
ITN,2025-05-01,HEALTH CENTER,1660.0,0.0,992.0,1576.0,,3828.0,410,1229.0,50,DISTRICT4,PIECE,3828.0
ITN,2024-02-01,HEALTH CENTER,541.0,1.0,264.0,707.0,1498.0,2084.0,860,160.0,50,DISTRICT6,PIECE,586.0
ACT-INF,2024-02-01,HEALTH CENTER,498.0,1.0,105.0,330.0,1322.0,127.0,114,86.0,30,DISTRICT28,BLISTER,-1195.0
SP,2024-05-01,HEALTH CENTER,1638.0,0.0,161.0,457.0,,0.0,-529,6.0,1000,DISTRICT29,TABLET,0.0
ACT-INF,2025-02-01,HEALTH CENTER,114.0,12.0,16.0,122.0,575.0,0.0,223,0.0,30,DISTRICT19,BLISTER,-575.0
ACT-INF,2024-05-01,HEALTH CENTER,30.0,30.0,4.0,129.0,1033.0,420.0,556,5.0,30,DISTRICT14,BLISTER,-613.0
ACT-SC,2024-02-01,HEALTH CENTER,1441.0,0.0,569.0,731.0,2120.0,4506.0,19,797.0,30,DISTRICT26,BLISTER,2386.0
ITN,2025-05-01,HEALTH CENTER,415.0,397.0,197.0,739.0,,3.0,-25,244.0,50,DISTRICT20,PIECE,3.0
ACT-INF,2025-02-01,HEALTH CENTER,202.0,1563.0,38.0,961.0,,0.0,427,8.0,30,DISTRICT31,BLISTER,0.0
QUIN,2024-11-01,HEALTH CENTER,960.0,14.0,226.0,328.0,,295.0,-156,73.0,1000,DISTRICT35,TABLET,295.0
PYRA-SAC,2025-08-01,HEALTH CENTER,1178.0,0.0,393.0,2330.0,705.0,52.0,-424,84.0,1,DISTRICT13,SACHET,-653.0
SP,2024-02-01,HEALTH CENTER,725.0,1.0,385.0,554.0,,3.0,-175,420.0,1000,DISTRICT25,TABLET,3.0
ACT-GC,2025-02-01,HEALTH CENTER,1083.0,45.0,682.0,821.0,949.0,2850.0,521,331.0,30,DISTRICT24,BLISTER,1901.0
ART-SUP,2024-08-01,HEALTH CENTER,765.0,1976.0,558.0,853.0,1385.0,12.0,-411,341.0,2,DISTRICT26,CAPSULE,-1373.0
ITN,2024-02-01,HEALTH CENTER,338.0,42.0,56.0,321.0,,80.0,-322,36.0,50,DISTRICT29,PIECE,80.0
ITN,2025-08-01,HEALTH CENTER,522.0,222.0,210.0,248.0,,7982.0,-673,503.0,50,DISTRICT28,PIECE,7982.0
ACT-AD,2024-11-01,HEALTH CENTER,247.0,0.0,393.0,738.0,,379.0,-341,370.0,30,DISTRICT26,BLISTER,379.0
QUIN,2024-11-01,HEALTH CENTER,15.0,0.0,2.0,24.0,,3.0,280,0.0,1000,DISTRICT6,TABLET,3.0
QUIN,2024-02-01,HEALTH CENTER,558.0,22.0,13.0,396.0,,3.0,-357,30.0,1000,DISTRICT28,TABLET,3.0
ACT-SC,2025-08-01,HEALTH CENTER,1775.0,40.0,333.0,1793.0,,946.0,569,85.0,30,DISTRICT21,BLISTER,946.0
ITN,2024-08-01,HEALTH CENTER,1373.0,18.0,370.0,2560.0,,114.0,58,374.0,50,DISTRICT5,PIECE,114.0
ART-INJ,2024-02-01,DISTRICT HOSPITAL,2623.0,52.0,492.0,2111.0,987.0,197.0,-246,201.0,5,DISTRICT19,VIAL,-790.0
ACT-GC,2025-08-01,HEALTH CENTER,40.0,64.0,58.0,623.0,656.0,0.0,475,136.0,30,DISTRICT28,BLISTER,-656.0
ART-SUP,2024-05-01,HEALTH CENTER,37.0,414.0,203.0,708.0,588.0,5.0,389,96.0,2,DISTRICT20,CAPSULE,-583.0
ACT-SC,2025-08-01,HEALTH CENTER,3395.0,164.0,875.0,802.0,,4.0,-420,368.0,30,DISTRICT10,BLISTER,4.0
RDT,2025-11-01,HEALTH CENTER,380.0,1157.0,638.0,1741.0,,1.0,-117,667.0,25,DISTRICT16,PIECE,1.0
ART-INJ,2025-08-01,HEALTH CENTER,604.0,238.0,277.0,733.0,,0.0,198,90.0,5,DISTRICT26,VIAL,0.0
ACT-AD,2024-02-01,HEALTH CENTER,877.0,0.0,218.0,217.0,,87.0,608,80.0,30,DISTRICT14,BLISTER,87.0
ART-INJ,2024-08-01,HEALTH CENTER,14.0,10.0,93.0,41.0,,344.0,-326,8.0,5,DISTRICT28,VIAL,344.0
ART-INJ,2025-05-01,HEALTH CENTER,4308.0,8.0,1023.0,2020.0,,5812.0,-329,1237.0,5,DISTRICT37,VIAL,5812.0
ACT-SC,2024-05-01,HEALTH CENTER,2309.0,0.0,102.0,719.0,1222.0,2793.0,-160,88.0,30,DISTRICT29,BLISTER,1571.0
ACT-INF,2025-02-01,HEALTH CENTER,2440.0,606.0,716.0,2442.0,,4944.0,413,364.0,30,DISTRICT26,BLISTER,4944.0
ACT-AD,2024-05-01,HEALTH CENTER,399.0,1.0,243.0,905.0,186.0,165.0,381,197.0,30,DISTRICT29,BLISTER,-21.0
ACT-AD,2025-11-01,HEALTH CENTER,1234.0,16.0,311.0,908.0,,1131.0,367,349.0,30,DISTRICT29,BLISTER,1131.0
ACT-SC,2025-11-01,HEALTH CENTER,1796.0,83.0,478.0,570.0,456.0,16.0,-488,464.0,30,DISTRICT31,BLISTER,-440.0
PYRA-COMP,2025-08-01,HEALTH CENTER,97.0,98.0,95.0,243.0,,544.0,632,52.0,1,DISTRICT32,TABLET,544.0
ITN,2024-11-01,HEALTH CENTER,4090.0,182.0,687.0,3821.0,213.0,86.0,-416,689.0,50,DISTRICT28,PIECE,-127.0
ACT-INF,2024-11-01,HEALTH CENTER,118.0,4.0,179.0,81.0,,1030.0,157,62.0,30,DISTRICT25,BLISTER,1030.0
ART-SUP,2024-02-01,HEALTH CENTER,446.0,4.0,116.0,287.0,,0.0,-634,15.0,2,DISTRICT38,CAPSULE,0.0
SP,2024-02-01,HEALTH CENTER,1341.0,73.0,153.0,1075.0,579.0,1.0,544,7.0,1000,DISTRICT7,TABLET,-578.0
ITN,2024-02-01,HEALTH CENTER,941.0,4.0,187.0,1479.0,,4.0,205,121.0,50,DISTRICT13,PIECE,4.0
SP,2024-05-01,HEALTH CENTER,168.0,1.0,46.0,146.0,,391.0,76,2.0,1000,DISTRICT15,TABLET,391.0
ACT-AD,2025-05-01,HEALTH CENTER,1000.0,7.0,236.0,275.0,,8344.0,-18,77.0,30,DISTRICT13,BLISTER,8344.0
ACT-SC,2024-11-01,DISTRICT HOSPITAL,4.0,106.0,18.0,82.0,,29.0,717,14.0,30,DISTRICT15,BLISTER,29.0
QUIN,2024-05-01,HEALTH CENTER,144.0,0.0,150.0,165.0,642.0,1766.0,-252,200.0,1000,DISTRICT19,TABLET,1124.0
SP,2025-02-01,HEALTH CENTER,671.0,1.0,120.0,1555.0,,161.0,321,112.0,1000,DISTRICT13,TABLET,161.0
ACT-GC,2024-11-01,HEALTH CENTER,675.0,11.0,399.0,1997.0,1401.0,1.0,-595,237.0,30,DISTRICT31,BLISTER,-1400.0
ACT-GC,2025-11-01,HEALTH CENTER,118.0,0.0,42.0,152.0,,0.0,613,12.0,30,DISTRICT13,BLISTER,0.0
PYRA-SAC,2025-05-01,HEALTH CENTER,735.0,64.0,90.0,1351.0,168.0,15.0,484,133.0,1,DISTRICT20,SACHET,-153.0
ACT-AD,2024-11-01,DISTRICT HOSPITAL,0.0,0.0,0.0,1.0,162.0,27.0,-120,0.0,30,DISTRICT1,BLISTER,-135.0
ART-SUP,2025-11-01,REGIONAL HOSPITAL,2250.0,75.0,161.0,1963.0,416.0,0.0,-1165,111.0,2,DISTRICT8,CAPSULE,-416.0
ACT-INF,2024-02-01,HEALTH CENTER,196.0,128.0,184.0,711.0,,56.0,124,111.0,30,DISTRICT32,BLISTER,56.0
PYRA-COMP,2025-02-01,HEALTH CENTER,635.0,1.0,308.0,182.0,,324.0,-354,91.0,1,DISTRICT33,TABLET,324.0
SP,2024-02-01,HEALTH CENTER,1770.0,64.0,279.0,2070.0,439.0,33.0,-27,139.0,1000,DISTRICT25,TABLET,-406.0
ART-SUP,2025-02-01,HEALTH CENTER,262.0,683.0,666.0,674.0,,100.0,-34,522.0,2,DISTRICT36,CAPSULE,100.0
ACT-SC,2024-02-01,HEALTH CENTER,1132.0,546.0,1102.0,1986.0,,0.0,289,485.0,30,DISTRICT15,BLISTER,0.0
SP,2024-05-01,DISTRICT HOSPITAL,1225.0,428.0,385.0,1371.0,,37.0,-988,226.0,1000,DISTRICT16,TABLET,37.0
ITN,2025-08-01,HEALTH CENTER,582.0,1.0,153.0,117.0,,9643.0,805,148.0,50,DISTRICT29,PIECE,9643.0
ART-SUP,2024-02-01,HEALTH CENTER,218.0,18.0,276.0,473.0,,0.0,-59,186.0,2,DISTRICT16,CAPSULE,0.0
ART-SUP,2024-02-01,HEALTH CENTER,206.0,0.0,63.0,20.0,,2322.0,411,20.0,2,DISTRICT32,CAPSULE,2322.0
QUIN,2025-08-01,HEALTH CENTER,790.0,22.0,140.0,1284.0,,0.0,52,36.0,1000,DISTRICT13,TABLET,0.0
ACT-INF,2025-11-01,HEALTH CENTER,1341.0,261.0,147.0,2322.0,,0.0,68,72.0,30,DISTRICT11,BLISTER,0.0
QUIN,2024-08-01,HEALTH CENTER,9.0,71.0,36.0,25.0,,118.0,617,32.0,1000,DISTRICT12,TABLET,118.0
ACT-INF,2024-05-01,HEALTH CENTER,212.0,0.0,8.0,191.0,,0.0,219,0.0,30,DISTRICT32,BLISTER,0.0
PYRA-COMP,2024-08-01,HEALTH CENTER,700.0,127.0,92.0,220.0,,0.0,166,15.0,1,DISTRICT6,TABLET,0.0
ACT-GC,2025-08-01,HEALTH CENTER,134.0,9.0,20.0,27.0,,988.0,117,6.0,30,DISTRICT9,BLISTER,988.0
ACT-INF,2025-05-01,HEALTH CENTER,4107.0,24.0,829.0,7020.0,,1302.0,-227,535.0,30,DISTRICT9,BLISTER,1302.0
ITN,2024-11-01,HEALTH CENTER,1897.0,46.0,257.0,1873.0,983.0,6042.0,-396,520.0,50,DISTRICT38,PIECE,5059.0
ACT-GC,2024-08-01,HEALTH CENTER,1949.0,86.0,792.0,2148.0,,4781.0,222,864.0,30,DISTRICT36,BLISTER,4781.0
ACT-AD,2025-11-01,HEALTH CENTER,2368.0,732.0,546.0,1479.0,,3.0,-132,268.0,30,DISTRICT38,BLISTER,3.0
ART-INJ,2024-02-01,HEALTH CENTER,6866.0,0.0,673.0,3563.0,,0.0,113,750.0,5,DISTRICT36,VIAL,0.0
ACT-GC,2024-08-01,HEALTH CENTER,2.0,23.0,16.0,26.0,,93.0,2,1.0,30,DISTRICT37,BLISTER,93.0
RDT,2024-02-01,HEALTH CENTER,1117.0,0.0,120.0,234.0,,657.0,234,15.0,25,DISTRICT15,PIECE,657.0
QUIN,2025-05-01,HEALTH CENTER,539.0,1397.0,515.0,921.0,,1441.0,-296,208.0,1000,DISTRICT9,TABLET,1441.0
SP,2025-11-01,HEALTH CENTER,391.0,170.0,118.0,322.0,,0.0,440,330.0,1000,DISTRICT21,TABLET,0.0
RDT,2025-11-01,HEALTH CENTER,2153.0,196.0,353.0,1165.0,1382.0,150.0,413,229.0,25,DISTRICT30,PIECE,-1232.0
RDT,2025-11-01,HEALTH CENTER,522.0,1335.0,843.0,1973.0,,5281.0,71,1296.0,25,DISTRICT5,PIECE,5281.0
ART-SUP,2024-11-01,HEALTH CENTER,136.0,0.0,11.0,160.0,,0.0,-18,0.0,2,DISTRICT31,CAPSULE,0.0
ACT-AD,2025-02-01,HEALTH CENTER,53.0,2.0,3.0,126.0,,0.0,46,0.0,30,DISTRICT19,BLISTER,0.0
RDT,2024-02-01,HEALTH CENTER,362.0,4.0,56.0,397.0,846.0,10.0,-332,15.0,25,DISTRICT22,PIECE,-836.0
PYRA-COMP,2025-02-01,HEALTH CENTER,136.0,12.0,33.0,128.0,,5.0,47,8.0,1,DISTRICT18,TABLET,5.0
ART-INJ,2024-02-01,HEALTH CENTER,646.0,536.0,293.0,1261.0,540.0,4.0,104,37.0,5,DISTRICT28,VIAL,-536.0
PYRA-SAC,2025-05-01,HEALTH CENTER,4292.0,109.0,886.0,1300.0,,6655.0,214,1239.0,1,DISTRICT33,SACHET,6655.0
ART-INJ,2024-02-01,HEALTH CENTER,1840.0,127.0,274.0,1216.0,,25.0,-119,267.0,5,DISTRICT1,VIAL,25.0
SP,2024-11-01,HEALTH CENTER,15.0,0.0,3.0,5.0,,228.0,-506,5.0,1000,DISTRICT33,TABLET,228.0
ACT-INF,2025-05-01,HEALTH CENTER,42.0,0.0,49.0,55.0,,38.0,1088,11.0,30,DISTRICT17,BLISTER,38.0
ACT-INF,2025-11-01,HEALTH CENTER,885.0,45.0,293.0,812.0,,6.0,132,284.0,30,DISTRICT2,BLISTER,6.0
PYRA-SAC,2025-11-01,HEALTH CENTER,1614.0,0.0,85.0,709.0,,38.0,787,21.0,1,DISTRICT36,SACHET,38.0
PYRA-SAC,2025-05-01,HEALTH CENTER,653.0,0.0,47.0,605.0,593.0,26.0,-66,109.0,1,DISTRICT32,SACHET,-567.0
ACT-INF,2025-11-01,HEALTH CENTER,1086.0,35.0,147.0,431.0,,485.0,34,190.0,30,DISTRICT16,BLISTER,485.0
PYRA-COMP,2025-08-01,HEALTH CENTER,1606.0,2.0,315.0,672.0,,11.0,-389,453.0,1,DISTRICT32,TABLET,11.0
ACT-INF,2025-11-01,HEALTH CENTER,521.0,105.0,174.0,716.0,280.0,0.0,-206,30.0,30,DISTRICT31,BLISTER,-280.0
ACT-INF,2024-02-01,HEALTH CENTER,4170.0,46.0,1988.0,4644.0,,753.0,-527,1019.0,30,DISTRICT33,BLISTER,753.0
PYRA-COMP,2024-02-01,HEALTH CENTER,702.0,3.0,41.0,485.0,139.0,0.0,-85,22.0,1,DISTRICT32,TABLET,-139.0
SP,2024-11-01,HEALTH CENTER,1087.0,1.0,162.0,141.0,621.0,2.0,-1012,168.0,1000,DISTRICT28,TABLET,-619.0
PYRA-SAC,2025-05-01,HEALTH CENTER,558.0,16.0,144.0,583.0,1829.0,1.0,193,39.0,1,DISTRICT9,SACHET,-1828.0
PYRA-COMP,2025-05-01,HEALTH CENTER,11653.0,434.0,1832.0,7997.0,,39.0,-576,1899.0,1,DISTRICT15,TABLET,39.0
ACT-SC,2025-05-01,HEALTH CENTER,3.0,9.0,25.0,42.0,789.0,1.0,270,4.0,30,DISTRICT31,BLISTER,-788.0
ART-INJ,2024-08-01,HEALTH CENTER,680.0,0.0,241.0,542.0,,11.0,98,75.0,5,DISTRICT7,VIAL,11.0
PYRA-SAC,2025-08-01,HEALTH CENTER,149.0,80.0,10.0,154.0,,0.0,603,0.0,1,DISTRICT33,SACHET,0.0
ART-SUP,2025-08-01,HEALTH CENTER,117.0,1252.0,277.0,1126.0,,2507.0,139,292.0,2,DISTRICT21,CAPSULE,2507.0
ACT-SC,2024-08-01,HEALTH CENTER,86.0,41.0,2.0,599.0,148.0,0.0,97,0.0,30,DISTRICT10,BLISTER,-148.0
QUIN,2024-02-01,HEALTH CENTER,1129.0,0.0,124.0,811.0,,2.0,-573,48.0,1000,DISTRICT9,TABLET,2.0
ACT-AD,2025-05-01,HEALTH CENTER,2618.0,0.0,13.0,1668.0,,443.0,-400,11.0,30,DISTRICT35,BLISTER,443.0
SP,2024-11-01,HEALTH CENTER,8.0,0.0,53.0,13.0,1018.0,915.0,943,1.0,1000,DISTRICT29,TABLET,-103.0
PYRA-COMP,2024-05-01,HEALTH CENTER,3235.0,335.0,577.0,2046.0,,497.0,-552,392.0,1,DISTRICT5,TABLET,497.0
ACT-SC,2024-05-01,HEALTH CENTER,1567.0,0.0,512.0,784.0,922.0,1818.0,172,319.0,30,DISTRICT28,BLISTER,896.0
ACT-AD,2024-08-01,HEALTH CENTER,3073.0,34.0,1244.0,5084.0,,22.0,95,1015.0,30,DISTRICT36,BLISTER,22.0
PYRA-SAC,2024-02-01,HEALTH CENTER,310.0,111.0,137.0,203.0,,192.0,-43,38.0,1,DISTRICT37,SACHET,192.0
SP,2024-11-01,HEALTH CENTER,1467.0,0.0,198.0,148.0,,37.0,-257,17.0,1000,DISTRICT36,TABLET,37.0
ACT-INF,2025-05-01,HEALTH CENTER,85.0,0.0,113.0,249.0,,59.0,7,45.0,30,DISTRICT24,BLISTER,59.0
ACT-GC,2024-05-01,HEALTH CENTER,1514.0,7.0,351.0,506.0,,4563.0,585,428.0,30,DISTRICT31,BLISTER,4563.0
ACT-SC,2024-08-01,HEALTH CENTER,1186.0,0.0,389.0,1006.0,334.0,19.0,-347,206.0,30,DISTRICT28,BLISTER,-315.0
ART-INJ,2025-05-01,HEALTH CENTER,17.0,0.0,23.0,33.0,467.0,465.0,-780,1.0,5,DISTRICT7,VIAL,-2.0
PYRA-SAC,2025-02-01,HEALTH CENTER,155.0,613.0,131.0,1102.0,531.0,1218.0,104,24.0,1,DISTRICT33,SACHET,687.0
ITN,2025-08-01,HEALTH CENTER,55.0,808.0,11.0,60.0,,0.0,314,2.0,50,DISTRICT9,PIECE,0.0
QUIN,2024-11-01,DISTRICT HOSPITAL,2245.0,0.0,280.0,2398.0,,3.0,-407,113.0,1000,DISTRICT1,TABLET,3.0
PYRA-COMP,2024-11-01,HEALTH CENTER,446.0,9.0,26.0,344.0,,19.0,-240,28.0,1,DISTRICT24,TABLET,19.0
RDT,2025-02-01,HEALTH CENTER,2463.0,395.0,293.0,1042.0,,253.0,739,103.0,25,DISTRICT1,PIECE,253.0
ACT-SC,2024-05-01,HEALTH CENTER,1001.0,12.0,545.0,672.0,,10.0,419,485.0,30,DISTRICT10,BLISTER,10.0
PYRA-COMP,2025-08-01,HEALTH CENTER,176.0,375.0,149.0,214.0,,119.0,-216,37.0,1,DISTRICT7,TABLET,119.0
SP,2024-11-01,HEALTH CENTER,517.0,0.0,19.0,342.0,,40.0,-112,8.0,1000,DISTRICT18,TABLET,40.0
RDT,2025-05-01,HEALTH CENTER,32.0,0.0,103.0,132.0,1815.0,38.0,-6,69.0,25,DISTRICT32,PIECE,-1777.0
ACT-INF,2025-11-01,HEALTH CENTER,3301.0,6.0,393.0,1031.0,,0.0,-809,191.0,30,DISTRICT33,BLISTER,0.0
RDT,2025-11-01,DISTRICT HOSPITAL,119.0,1250.0,347.0,529.0,,272.0,-466,213.0,25,DISTRICT28,PIECE,272.0
ART-SUP,2025-05-01,HEALTH CENTER,311.0,1.0,210.0,210.0,,1641.0,277,148.0,2,DISTRICT15,CAPSULE,1641.0
ART-INJ,2024-02-01,HEALTH CENTER,3.0,0.0,4.0,31.0,,0.0,-284,0.0,5,DISTRICT24,VIAL,0.0
QUIN,2024-02-01,DISTRICT HOSPITAL,1375.0,2.0,89.0,2427.0,,0.0,121,72.0,1000,DISTRICT32,TABLET,0.0
PYRA-COMP,2024-11-01,HEALTH CENTER,847.0,11.0,529.0,1439.0,,106.0,-600,305.0,1,DISTRICT31,TABLET,106.0
ACT-INF,2024-08-01,HEALTH CENTER,18.0,1.0,1.0,35.0,193.0,0.0,681,0.0,30,DISTRICT26,BLISTER,-193.0
ACT-AD,2025-05-01,HEALTH CENTER,56.0,0.0,6.0,154.0,,0.0,-364,1.0,30,DISTRICT26,BLISTER,0.0
ITN,2024-02-01,HEALTH CENTER,1614.0,134.0,164.0,1002.0,,10.0,701,32.0,50,DISTRICT19,PIECE,10.0
QUIN,2024-08-01,HEALTH CENTER,236.0,5.0,94.0,317.0,,0.0,-311,49.0,1000,DISTRICT10,TABLET,0.0
ART-SUP,2025-08-01,HEALTH CENTER,1476.0,3.0,139.0,1148.0,,59.0,295,12.0,2,DISTRICT14,CAPSULE,59.0
ART-SUP,2024-11-01,HEALTH CENTER,158.0,1.0,63.0,133.0,,2263.0,199,22.0,2,DISTRICT33,CAPSULE,2263.0
ACT-SC,2024-02-01,HEALTH CENTER,2322.0,410.0,1020.0,1897.0,,4581.0,270,1546.0,30,DISTRICT29,BLISTER,4581.0
ART-INJ,2025-11-01,HEALTH CENTER,127.0,1.0,3.0,156.0,,0.0,502,0.0,5,DISTRICT20,VIAL,0.0
RDT,2025-08-01,DISTRICT HOSPITAL,2404.0,138.0,199.0,2743.0,,0.0,-280,209.0,25,DISTRICT32,PIECE,0.0
ART-SUP,2024-08-01,HEALTH CENTER,247.0,144.0,97.0,1590.0,570.0,1576.0,-204,136.0,2,DISTRICT20,CAPSULE,1006.0
QUIN,2025-08-01,HEALTH CENTER,243.0,0.0,347.0,124.0,,153.0,-169,315.0,1000,DISTRICT10,TABLET,153.0
ACT-INF,2025-08-01,HEALTH CENTER,693.0,0.0,150.0,876.0,,0.0,-61,16.0,30,DISTRICT33,BLISTER,0.0
QUIN,2025-11-01,HEALTH CENTER,411.0,0.0,201.0,194.0,466.0,2923.0,-2,233.0,1000,DISTRICT13,TABLET,2457.0
ACT-GC,2025-08-01,DISTRICT HOSPITAL,1109.0,30.0,553.0,2132.0,,4.0,823,209.0,30,DISTRICT23,BLISTER,4.0
ITN,2025-08-01,HEALTH CENTER,2667.0,1.0,1517.0,1040.0,1514.0,56.0,126,818.0,50,DISTRICT32,PIECE,-1458.0
ART-INJ,2025-02-01,HEALTH CENTER,181.0,0.0,6.0,215.0,,0.0,310,2.0,5,DISTRICT9,VIAL,0.0
ACT-SC,2025-02-01,HEALTH CENTER,1211.0,0.0,260.0,409.0,,0.0,491,78.0,30,DISTRICT21,BLISTER,0.0
QUIN,2024-02-01,HEALTH CENTER,610.0,2.0,123.0,1584.0,,68.0,-372,63.0,1000,DISTRICT22,TABLET,68.0
PYRA-SAC,2024-05-01,HEALTH CENTER,153.0,0.0,40.0,40.0,890.0,1677.0,362,19.0,1,DISTRICT28,SACHET,787.0
SP,2025-08-01,DISTRICT HOSPITAL,1413.0,22.0,180.0,3015.0,,76.0,407,33.0,1000,DISTRICT3,TABLET,76.0
PYRA-COMP,2025-08-01,HEALTH CENTER,340.0,893.0,23.0,2857.0,,0.0,-393,1.0,1,DISTRICT23,TABLET,0.0
ITN,2024-11-01,HEALTH CENTER,598.0,0.0,51.0,612.0,185.0,0.0,233,54.0,50,DISTRICT33,PIECE,-185.0
ART-SUP,2024-11-01,DISTRICT HOSPITAL,26.0,1620.0,59.0,222.0,,2302.0,-74,169.0,2,DISTRICT15,CAPSULE,2302.0
ITN,2025-11-01,HEALTH CENTER,845.0,180.0,72.0,1681.0,1115.0,327.0,-644,120.0,50,DISTRICT20,PIECE,-788.0
PYRA-COMP,2025-11-01,HEALTH CENTER,604.0,239.0,310.0,1028.0,862.0,25.0,536,105.0,1,DISTRICT26,TABLET,-837.0
PYRA-SAC,2025-11-01,HEALTH CENTER,126.0,0.0,2.0,606.0,,3.0,414,2.0,1,DISTRICT35,SACHET,3.0
PYRA-SAC,2024-11-01,HEALTH CENTER,29.0,0.0,8.0,72.0,,470.0,247,11.0,1,DISTRICT24,SACHET,470.0
ACT-GC,2025-05-01,REGIONAL HOSPITAL,4216.0,28.0,910.0,1283.0,,0.0,-785,610.0,30,DISTRICT29,BLISTER,0.0
RDT,2025-05-01,HEALTH CENTER,1104.0,53.0,299.0,631.0,387.0,0.0,56,229.0,25,DISTRICT20,PIECE,-387.0
ACT-INF,2025-11-01,DISTRICT HOSPITAL,274.0,4099.0,82.0,446.0,,0.0,-774,25.0,30,DISTRICT17,BLISTER,0.0
ACT-SC,2024-11-01,HEALTH CENTER,39.0,694.0,33.0,175.0,91.0,0.0,259,23.0,30,DISTRICT6,BLISTER,-91.0
PYRA-SAC,2024-11-01,HEALTH CENTER,847.0,662.0,168.0,1205.0,,773.0,114,169.0,1,DISTRICT14,SACHET,773.0
QUIN,2025-11-01,HEALTH CENTER,3095.0,0.0,300.0,266.0,,5.0,187,109.0,1000,DISTRICT25,TABLET,5.0
ACT-AD,2025-05-01,HEALTH CENTER,0.0,0.0,0.0,1.0,,127.0,-7,0.0,30,DISTRICT35,BLISTER,127.0
ACT-SC,2024-11-01,HEALTH CENTER,1899.0,0.0,100.0,568.0,569.0,0.0,687,46.0,30,DISTRICT14,BLISTER,-569.0
ACT-GC,2024-11-01,DISTRICT HOSPITAL,380.0,9.0,93.0,2051.0,,184.0,-253,73.0,30,DISTRICT24,BLISTER,184.0
ART-INJ,2024-11-01,HEALTH CENTER,423.0,1022.0,311.0,1214.0,720.0,299.0,573,312.0,5,DISTRICT20,VIAL,-421.0
RDT,2024-08-01,HEALTH CENTER,14.0,3.0,7.0,3.0,,4.0,-289,5.0,25,DISTRICT16,PIECE,4.0
ART-SUP,2024-02-01,HEALTH CENTER,171.0,1.0,22.0,1029.0,,0.0,577,3.0,2,DISTRICT13,CAPSULE,0.0
ITN,2024-08-01,HEALTH CENTER,87.0,37.0,368.0,271.0,387.0,1421.0,309,236.0,50,DISTRICT5,PIECE,1034.0
ART-INJ,2024-08-01,HEALTH CENTER,721.0,2130.0,429.0,4133.0,,1.0,-405,578.0,5,DISTRICT9,VIAL,1.0
QUIN,2025-02-01,HEALTH CENTER,2668.0,0.0,857.0,2299.0,,46.0,-266,686.0,1000,DISTRICT1,TABLET,46.0
ACT-SC,2025-02-01,HEALTH CENTER,1070.0,0.0,51.0,93.0,844.0,0.0,250,29.0,30,DISTRICT32,BLISTER,-844.0
RDT,2024-11-01,HEALTH CENTER,42.0,617.0,24.0,239.0,1129.0,0.0,48,161.0,25,DISTRICT4,PIECE,-1129.0
ACT-INF,2025-02-01,HEALTH CENTER,81.0,0.0,31.0,89.0,277.0,2.0,-801,8.0,30,DISTRICT4,BLISTER,-275.0
QUIN,2024-08-01,HEALTH CENTER,54.0,1.0,133.0,50.0,,36.0,-121,7.0,1000,DISTRICT23,TABLET,36.0
ITN,2025-02-01,HEALTH CENTER,1032.0,117.0,247.0,512.0,,0.0,-444,114.0,50,DISTRICT29,PIECE,0.0
ART-SUP,2024-11-01,HEALTH CENTER,1.0,32.0,24.0,252.0,995.0,0.0,394,14.0,2,DISTRICT22,CAPSULE,-995.0
ART-SUP,2025-11-01,HEALTH CENTER,19.0,2546.0,7.0,682.0,,882.0,-255,1.0,2,DISTRICT30,CAPSULE,882.0
ART-INJ,2025-05-01,HEALTH CENTER,538.0,170.0,414.0,1714.0,,1325.0,442,457.0,5,DISTRICT19,VIAL,1325.0
ITN,2024-02-01,HEALTH CENTER,396.0,50.0,165.0,892.0,,0.0,-196,231.0,50,DISTRICT21,PIECE,0.0
ACT-INF,2024-02-01,HEALTH CENTER,18.0,3.0,31.0,87.0,,269.0,523,82.0,30,DISTRICT22,BLISTER,269.0
ITN,2025-08-01,HEALTH CENTER,79.0,0.0,4.0,54.0,,16.0,-254,0.0,50,DISTRICT31,PIECE,16.0
ACT-SC,2024-08-01,HEALTH CENTER,350.0,39.0,42.0,644.0,,7.0,-878,48.0,30,DISTRICT22,BLISTER,7.0
ACT-AD,2024-05-01,HEALTH CENTER,2585.0,1633.0,346.0,1656.0,1349.0,1363.0,645,144.0,30,DISTRICT36,BLISTER,14.0
ART-INJ,2025-05-01,HEALTH CENTER,1453.0,1.0,157.0,995.0,,389.0,-531,39.0,5,DISTRICT36,VIAL,389.0
PYRA-SAC,2024-05-01,HEALTH CENTER,1539.0,5.0,279.0,2003.0,,286.0,459,183.0,1,DISTRICT38,SACHET,286.0
ACT-AD,2024-08-01,HEALTH CENTER,2954.0,0.0,820.0,3586.0,,0.0,100,372.0,30,DISTRICT28,BLISTER,0.0
SP,2025-08-01,HEALTH CENTER,810.0,26.0,227.0,590.0,285.0,83.0,132,178.0,1000,DISTRICT38,TABLET,-202.0
PYRA-COMP,2025-08-01,HEALTH CENTER,736.0,0.0,49.0,412.0,348.0,0.0,-390,21.0,1,DISTRICT31,TABLET,-348.0
ACT-SC,2024-02-01,HEALTH CENTER,428.0,1.0,97.0,404.0,,1.0,-1045,172.0,30,DISTRICT3,BLISTER,1.0
PYRA-COMP,2025-02-01,HEALTH CENTER,601.0,13.0,53.0,292.0,1048.0,24.0,-490,57.0,1,DISTRICT4,TABLET,-1024.0
ART-SUP,2025-05-01,HEALTH CENTER,63.0,459.0,53.0,136.0,,7.0,-114,29.0,2,DISTRICT24,CAPSULE,7.0
ACT-SC,2024-02-01,HEALTH CENTER,1358.0,3.0,196.0,1850.0,1106.0,0.0,-288,161.0,30,DISTRICT23,BLISTER,-1106.0
PYRA-SAC,2024-08-01,HEALTH CENTER,97.0,0.0,2.0,34.0,,0.0,54,0.0,1,DISTRICT33,SACHET,0.0
ACT-AD,2024-08-01,HEALTH CENTER,347.0,15.0,125.0,360.0,,0.0,261,16.0,30,DISTRICT33,BLISTER,0.0
ART-SUP,2025-08-01,HEALTH CENTER,2362.0,196.0,233.0,1082.0,1290.0,6106.0,-466,309.0,2,DISTRICT11,CAPSULE,4816.0
ITN,2024-02-01,HEALTH CENTER,1275.0,1514.0,1237.0,3291.0,,4.0,-104,908.0,50,DISTRICT25,PIECE,4.0
RDT,2025-02-01,HEALTH CENTER,4255.0,6.0,384.0,2609.0,,1702.0,490,525.0,25,DISTRICT14,PIECE,1702.0
SP,2025-11-01,HEALTH CENTER,2403.0,0.0,450.0,2008.0,,342.0,-329,282.0,1000,DISTRICT1,TABLET,342.0
ART-SUP,2025-08-01,HEALTH CENTER,935.0,0.0,553.0,322.0,479.0,330.0,446,680.0,2,DISTRICT33,CAPSULE,-149.0
PYRA-SAC,2025-08-01,HEALTH CENTER,182.0,24.0,162.0,583.0,,834.0,431,39.0,1,DISTRICT35,SACHET,834.0
ART-INJ,2025-02-01,HEALTH CENTER,477.0,0.0,38.0,593.0,,35.0,453,38.0,5,DISTRICT35,VIAL,35.0
ACT-INF,2025-08-01,HEALTH CENTER,127.0,74.0,88.0,759.0,,113.0,-324,29.0,30,DISTRICT7,BLISTER,113.0
ACT-AD,2025-08-01,HEALTH CENTER,2808.0,0.0,412.0,558.0,,1968.0,-854,596.0,30,DISTRICT29,BLISTER,1968.0
ITN,2024-05-01,HEALTH CENTER,2335.0,6.0,699.0,3257.0,255.0,42.0,-199,574.0,50,DISTRICT23,PIECE,-213.0
ART-INJ,2024-05-01,DISTRICT HOSPITAL,3804.0,41.0,434.0,3287.0,,1.0,-94,102.0,5,DISTRICT18,VIAL,1.0
QUIN,2024-05-01,HEALTH CENTER,108.0,1.0,60.0,337.0,,18.0,285,114.0,1000,DISTRICT16,TABLET,18.0
ACT-SC,2024-11-01,HEALTH CENTER,859.0,5.0,233.0,1205.0,,0.0,395,18.0,30,DISTRICT26,BLISTER,0.0
ITN,2025-08-01,HEALTH CENTER,1459.0,0.0,281.0,549.0,,312.0,-316,171.0,50,DISTRICT23,PIECE,312.0
ART-INJ,2025-05-01,HEALTH CENTER,82.0,2.0,5.0,39.0,,0.0,-8,1.0,5,DISTRICT11,VIAL,0.0
ART-SUP,2025-11-01,HEALTH CENTER,2406.0,170.0,499.0,2407.0,699.0,820.0,800,532.0,2,DISTRICT20,CAPSULE,121.0
ITN,2024-02-01,HEALTH CENTER,809.0,95.0,178.0,356.0,,1174.0,-768,109.0,50,DISTRICT17,PIECE,1174.0
PYRA-SAC,2024-08-01,HEALTH CENTER,4926.0,99.0,1626.0,4194.0,,14748.0,-346,890.0,1,DISTRICT30,SACHET,14748.0
ACT-INF,2024-11-01,HEALTH CENTER,7627.0,834.0,1000.0,7583.0,,2517.0,-110,672.0,30,DISTRICT19,BLISTER,2517.0
PYRA-COMP,2024-02-01,HEALTH CENTER,259.0,493.0,14.0,164.0,,1.0,-59,0.0,1,DISTRICT13,TABLET,1.0
ACT-AD,2024-08-01,HEALTH CENTER,148.0,0.0,120.0,21.0,553.0,37.0,-715,100.0,30,DISTRICT8,BLISTER,-516.0
QUIN,2025-05-01,HEALTH CENTER,82.0,0.0,3.0,224.0,203.0,0.0,-600,5.0,1000,DISTRICT9,TABLET,-203.0
PYRA-SAC,2024-02-01,HEALTH CENTER,696.0,1.0,54.0,12.0,,0.0,-119,7.0,1,DISTRICT18,SACHET,0.0
RDT,2025-08-01,HEALTH CENTER,497.0,1.0,100.0,183.0,,0.0,-11,57.0,25,DISTRICT31,PIECE,0.0
SP,2025-05-01,HEALTH CENTER,1763.0,0.0,325.0,12.0,,853.0,-60,105.0,1000,DISTRICT32,TABLET,853.0
ACT-AD,2024-02-01,HEALTH CENTER,1095.0,175.0,94.0,1886.0,,3260.0,9,76.0,30,DISTRICT19,BLISTER,3260.0
RDT,2024-05-01,HEALTH CENTER,947.0,216.0,48.0,564.0,,25.0,-550,14.0,25,DISTRICT15,PIECE,25.0
PYRA-COMP,2025-08-01,HEALTH CENTER,46.0,37.0,57.0,219.0,,10.0,410,14.0,1,DISTRICT21,TABLET,10.0
ACT-SC,2024-11-01,HEALTH CENTER,39.0,158.0,21.0,218.0,1299.0,9.0,572,3.0,30,DISTRICT13,BLISTER,-1290.0
ART-SUP,2025-02-01,HEALTH CENTER,2.0,1.0,2.0,3.0,,0.0,299,0.0,2,DISTRICT37,CAPSULE,0.0
QUIN,2025-08-01,HEALTH CENTER,1677.0,0.0,173.0,1462.0,594.0,119.0,618,126.0,1000,DISTRICT7,TABLET,-475.0
PYRA-SAC,2025-08-01,HEALTH CENTER,533.0,27.0,224.0,1229.0,1280.0,0.0,-633,75.0,1,DISTRICT24,SACHET,-1280.0
PYRA-COMP,2025-05-01,HEALTH CENTER,2410.0,1739.0,395.0,4132.0,,0.0,-300,117.0,1,DISTRICT25,TABLET,0.0
ACT-INF,2025-02-01,HEALTH CENTER,967.0,199.0,411.0,1046.0,,3024.0,-488,330.0,30,DISTRICT37,BLISTER,3024.0
RDT,2025-02-01,HEALTH CENTER,225.0,1743.0,183.0,749.0,1313.0,18.0,305,31.0,25,DISTRICT13,PIECE,-1295.0
QUIN,2024-08-01,HEALTH CENTER,277.0,33.0,153.0,629.0,,1.0,29,7.0,1000,DISTRICT31,TABLET,1.0
ART-INJ,2025-02-01,HEALTH CENTER,1573.0,1.0,619.0,1429.0,410.0,0.0,746,424.0,5,DISTRICT36,VIAL,-410.0
ACT-SC,2025-05-01,HEALTH CENTER,2243.0,42.0,565.0,797.0,,801.0,-521,375.0,30,DISTRICT21,BLISTER,801.0
ACT-INF,2025-08-01,HEALTH CENTER,306.0,4.0,192.0,188.0,,4806.0,-224,161.0,30,DISTRICT30,BLISTER,4806.0
ACT-INF,2025-11-01,HEALTH CENTER,33.0,0.0,9.0,27.0,,1763.0,436,3.0,30,DISTRICT13,BLISTER,1763.0
SP,2024-05-01,HEALTH CENTER,1082.0,3295.0,238.0,2923.0,,5081.0,-587,231.0,1000,DISTRICT18,TABLET,5081.0
ACT-GC,2025-11-01,DISTRICT HOSPITAL,1161.0,2.0,91.0,1004.0,565.0,63.0,250,74.0,30,DISTRICT30,BLISTER,-502.0
PYRA-COMP,2025-08-01,HEALTH CENTER,72.0,0.0,40.0,114.0,443.0,0.0,-604,5.0,1,DISTRICT6,TABLET,-443.0
ACT-INF,2024-08-01,HEALTH CENTER,4500.0,58.0,614.0,2881.0,,27.0,-766,864.0,30,DISTRICT15,BLISTER,27.0
ACT-AD,2025-11-01,HEALTH CENTER,26.0,3.0,24.0,127.0,,125.0,-144,8.0,30,DISTRICT20,BLISTER,125.0
ACT-INF,2024-11-01,HEALTH CENTER,1258.0,95.0,587.0,537.0,1341.0,191.0,38,531.0,30,DISTRICT12,BLISTER,-1150.0
PYRA-COMP,2025-11-01,HEALTH CENTER,322.0,54.0,15.0,157.0,436.0,0.0,-952,40.0,1,DISTRICT25,TABLET,-436.0
ITN,2024-08-01,HEALTH CENTER,1876.0,0.0,314.0,458.0,1186.0,4835.0,-158,564.0,50,DISTRICT14,PIECE,3649.0
QUIN,2024-08-01,REGIONAL HOSPITAL,644.0,0.0,182.0,134.0,,0.0,500,60.0,1000,DISTRICT23,TABLET,0.0
ACT-GC,2025-02-01,HEALTH CENTER,787.0,6.0,295.0,571.0,99.0,0.0,-49,101.0,30,DISTRICT20,BLISTER,-99.0
PYRA-SAC,2025-02-01,HEALTH CENTER,4828.0,1549.0,1379.0,5916.0,467.0,780.0,-266,3074.0,1,DISTRICT12,SACHET,313.0
ACT-SC,2024-02-01,HEALTH CENTER,2143.0,443.0,770.0,2519.0,,505.0,-111,689.0,30,DISTRICT31,BLISTER,505.0
PYRA-COMP,2025-05-01,HEALTH CENTER,85.0,1264.0,88.0,634.0,,0.0,507,83.0,1,DISTRICT2,TABLET,0.0
ACT-AD,2024-08-01,HEALTH CENTER,2407.0,1044.0,562.0,6112.0,,0.0,856,465.0,30,DISTRICT24,BLISTER,0.0
PYRA-COMP,2024-02-01,HEALTH CENTER,866.0,272.0,68.0,1695.0,,1867.0,205,103.0,1,DISTRICT16,TABLET,1867.0
ART-SUP,2025-02-01,HEALTH CENTER,2725.0,4.0,365.0,1966.0,,177.0,234,367.0,2,DISTRICT30,CAPSULE,177.0
PYRA-SAC,2025-02-01,REGIONAL HOSPITAL,5611.0,33.0,1334.0,6208.0,,257.0,-40,1151.0,1,DISTRICT11,SACHET,257.0
ACT-INF,2025-02-01,HEALTH CENTER,1901.0,55.0,970.0,1422.0,488.0,340.0,-785,1102.0,30,DISTRICT22,BLISTER,-148.0
RDT,2024-08-01,HEALTH CENTER,1521.0,309.0,481.0,4633.0,,69.0,344,212.0,25,DISTRICT13,PIECE,69.0
ACT-INF,2024-05-01,HEALTH CENTER,3574.0,1.0,467.0,2724.0,,2759.0,704,351.0,30,DISTRICT1,BLISTER,2759.0
PYRA-COMP,2025-11-01,HEALTH CENTER,230.0,309.0,315.0,536.0,,5.0,-82,72.0,1,DISTRICT33,TABLET,5.0
ACT-SC,2025-02-01,HEALTH CENTER,664.0,0.0,126.0,400.0,,79.0,-154,102.0,30,DISTRICT1,BLISTER,79.0
PYRA-COMP,2024-02-01,HEALTH CENTER,1277.0,1.0,478.0,1681.0,,2467.0,-85,863.0,1,DISTRICT1,TABLET,2467.0
QUIN,2025-05-01,HEALTH CENTER,523.0,2.0,246.0,397.0,,267.0,24,127.0,1000,DISTRICT35,TABLET,267.0
PYRA-COMP,2025-02-01,HEALTH CENTER,1174.0,3.0,190.0,1205.0,,7.0,138,626.0,1,DISTRICT30,TABLET,7.0
QUIN,2025-05-01,HEALTH CENTER,2947.0,12.0,628.0,3338.0,,4724.0,63,609.0,1000,DISTRICT15,TABLET,4724.0
RDT,2025-08-01,HEALTH CENTER,613.0,330.0,161.0,1327.0,1193.0,10.0,691,185.0,25,DISTRICT13,PIECE,-1183.0
SP,2025-08-01,HEALTH CENTER,4057.0,108.0,1985.0,3379.0,,14.0,-62,1274.0,1000,DISTRICT36,TABLET,14.0
QUIN,2025-11-01,HEALTH CENTER,3602.0,1523.0,1187.0,5117.0,,0.0,590,720.0,1000,DISTRICT13,TABLET,0.0
ACT-GC,2025-02-01,HEALTH CENTER,5154.0,0.0,443.0,1605.0,941.0,0.0,-546,324.0,30,DISTRICT29,BLISTER,-941.0
QUIN,2025-02-01,HEALTH CENTER,7263.0,4217.0,2079.0,15105.0,,20.0,227,2694.0,1000,DISTRICT20,TABLET,20.0
QUIN,2024-02-01,HEALTH CENTER,997.0,503.0,278.0,2075.0,,1.0,249,27.0,1000,DISTRICT38,TABLET,1.0
ACT-SC,2024-08-01,HEALTH CENTER,206.0,0.0,10.0,35.0,,0.0,134,0.0,30,DISTRICT6,BLISTER,0.0
ART-SUP,2025-11-01,HEALTH CENTER,131.0,103.0,105.0,617.0,922.0,1045.0,-404,38.0,2,DISTRICT26,CAPSULE,123.0
ACT-SC,2024-02-01,HEALTH CENTER,1012.0,0.0,175.0,159.0,,18.0,-153,45.0,30,DISTRICT33,BLISTER,18.0
RDT,2025-08-01,HEALTH CENTER,2391.0,0.0,110.0,426.0,,50.0,488,25.0,25,DISTRICT25,PIECE,50.0
ACT-SC,2024-08-01,HEALTH CENTER,6.0,0.0,1.0,1.0,247.0,0.0,-635,0.0,30,DISTRICT29,BLISTER,-247.0
PYRA-COMP,2024-08-01,HEALTH CENTER,10.0,69.0,12.0,38.0,,675.0,339,4.0,1,DISTRICT8,TABLET,675.0
QUIN,2025-11-01,HEALTH CENTER,2494.0,308.0,997.0,5524.0,,3227.0,-85,715.0,1000,DISTRICT38,TABLET,3227.0
ACT-SC,2024-11-01,HEALTH CENTER,3090.0,155.0,745.0,1329.0,1701.0,2131.0,-145,576.0,30,DISTRICT29,BLISTER,430.0
QUIN,2025-05-01,HEALTH CENTER,1396.0,19.0,120.0,670.0,,6.0,712,156.0,1000,DISTRICT28,TABLET,6.0
ART-INJ,2025-05-01,HEALTH CENTER,2600.0,104.0,547.0,1398.0,1983.0,127.0,-153,316.0,5,DISTRICT23,VIAL,-1856.0
ART-INJ,2024-05-01,HEALTH CENTER,520.0,145.0,374.0,256.0,659.0,1380.0,532,252.0,5,DISTRICT7,VIAL,721.0
PYRA-SAC,2024-02-01,HEALTH CENTER,445.0,1.0,141.0,372.0,,1943.0,247,177.0,1,DISTRICT32,SACHET,1943.0
ACT-INF,2024-11-01,HEALTH CENTER,117.0,0.0,13.0,20.0,,58.0,-314,13.0,30,DISTRICT23,BLISTER,58.0
ITN,2025-11-01,HEALTH CENTER,37.0,17.0,162.0,262.0,,2.0,-575,114.0,50,DISTRICT37,PIECE,2.0
PYRA-COMP,2024-11-01,HEALTH CENTER,3567.0,49.0,494.0,1898.0,2136.0,7.0,-66,175.0,1,DISTRICT13,TABLET,-2129.0
RDT,2024-11-01,HEALTH CENTER,751.0,24.0,261.0,772.0,751.0,377.0,29,235.0,25,DISTRICT26,PIECE,-374.0
QUIN,2025-11-01,HEALTH CENTER,36.0,117.0,138.0,205.0,,1.0,158,31.0,1000,DISTRICT31,TABLET,1.0
ACT-SC,2024-11-01,REGIONAL HOSPITAL,366.0,3.0,17.0,49.0,,22.0,-504,34.0,30,DISTRICT10,BLISTER,22.0
QUIN,2025-02-01,NATIONAL HOSPITAL,688.0,3.0,46.0,759.0,,1000.0,-7,97.0,1000,DISTRICT33,TABLET,1000.0
SP,2024-11-01,HEALTH CENTER,33.0,0.0,10.0,28.0,,0.0,650,24.0,1000,DISTRICT20,TABLET,0.0
PYRA-COMP,2025-11-01,HEALTH CENTER,2018.0,44.0,1500.0,3782.0,,10774.0,-22,1585.0,1,DISTRICT33,TABLET,10774.0
ACT-INF,2025-08-01,HEALTH CENTER,784.0,544.0,217.0,854.0,,235.0,885,48.0,30,DISTRICT36,BLISTER,235.0
ACT-GC,2025-02-01,HEALTH CENTER,902.0,0.0,199.0,373.0,674.0,0.0,668,70.0,30,DISTRICT19,BLISTER,-674.0
PYRA-SAC,2024-05-01,HEALTH CENTER,179.0,1150.0,237.0,578.0,,0.0,456,43.0,1,DISTRICT21,SACHET,0.0
ART-SUP,2024-05-01,HEALTH CENTER,293.0,18.0,101.0,420.0,,1.0,217,20.0,2,DISTRICT23,CAPSULE,1.0
ITN,2024-02-01,HEALTH CENTER,484.0,679.0,493.0,563.0,,2482.0,-521,482.0,50,DISTRICT21,PIECE,2482.0
ACT-GC,2025-11-01,HEALTH CENTER,3851.0,0.0,301.0,393.0,169.0,303.0,285,254.0,30,DISTRICT32,BLISTER,134.0
ACT-GC,2025-08-01,HEALTH CENTER,2034.0,77.0,312.0,1949.0,1297.0,719.0,-813,116.0,30,DISTRICT6,BLISTER,-578.0
ACT-GC,2024-05-01,HEALTH CENTER,373.0,32.0,84.0,1683.0,,0.0,361,131.0,30,DISTRICT8,BLISTER,0.0
PYRA-SAC,2025-05-01,HEALTH CENTER,2651.0,6.0,746.0,1353.0,,4272.0,-222,1081.0,1,DISTRICT9,SACHET,4272.0
ART-INJ,2024-11-01,HEALTH CENTER,128.0,0.0,8.0,5.0,,9.0,126,5.0,5,DISTRICT38,VIAL,9.0
ART-INJ,2025-02-01,HEALTH CENTER,5503.0,605.0,1425.0,3274.0,,6126.0,275,929.0,5,DISTRICT15,VIAL,6126.0
ACT-INF,2024-11-01,DISTRICT HOSPITAL,1673.0,1.0,656.0,223.0,2052.0,1866.0,191,595.0,30,DISTRICT23,BLISTER,-186.0
ACT-INF,2025-05-01,HEALTH CENTER,2549.0,3.0,324.0,1576.0,,8.0,-204,281.0,30,DISTRICT13,BLISTER,8.0
ACT-SC,2024-05-01,HEALTH CENTER,86.0,1.0,23.0,49.0,1124.0,681.0,-206,15.0,30,DISTRICT7,BLISTER,-443.0
ITN,2025-05-01,HEALTH CENTER,5333.0,280.0,1107.0,4916.0,,5.0,129,2511.0,50,DISTRICT4,PIECE,5.0
RDT,2025-02-01,HEALTH CENTER,754.0,225.0,497.0,2026.0,1326.0,1253.0,-179,730.0,25,DISTRICT23,PIECE,-73.0
SP,2024-02-01,HEALTH CENTER,28.0,3.0,73.0,55.0,,588.0,-9,39.0,1000,DISTRICT12,TABLET,588.0
SP,2024-08-01,HEALTH CENTER,221.0,15.0,408.0,211.0,,0.0,-291,246.0,1000,DISTRICT14,TABLET,0.0
ART-SUP,2025-11-01,HEALTH CENTER,262.0,0.0,24.0,27.0,,65.0,392,15.0,2,DISTRICT36,CAPSULE,65.0
ITN,2024-05-01,HEALTH CENTER,128.0,82.0,39.0,273.0,,472.0,-44,20.0,50,DISTRICT1,PIECE,472.0
PYRA-SAC,2025-02-01,HEALTH CENTER,991.0,62.0,105.0,691.0,,37.0,-719,30.0,1,DISTRICT31,SACHET,37.0
ACT-AD,2024-05-01,HEALTH CENTER,1150.0,32.0,585.0,1422.0,,1206.0,313,431.0,30,DISTRICT31,BLISTER,1206.0
ACT-AD,2024-08-01,HEALTH CENTER,82.0,12.0,4.0,158.0,630.0,10.0,-107,7.0,30,DISTRICT32,BLISTER,-620.0
RDT,2024-11-01,HEALTH CENTER,1673.0,710.0,107.0,2611.0,273.0,0.0,341,183.0,25,DISTRICT5,PIECE,-273.0
ACT-SC,2024-08-01,HEALTH CENTER,1710.0,159.0,956.0,1957.0,,222.0,95,752.0,30,DISTRICT10,BLISTER,222.0
SP,2025-02-01,HEALTH CENTER,356.0,0.0,299.0,130.0,,43.0,677,226.0,1000,DISTRICT21,TABLET,43.0
RDT,2025-05-01,HEALTH CENTER,1514.0,9.0,90.0,866.0,,0.0,-227,25.0,25,DISTRICT3,PIECE,0.0
PYRA-SAC,2024-02-01,HEALTH CENTER,747.0,10.0,1155.0,1101.0,,15866.0,539,903.0,1,DISTRICT21,SACHET,15866.0
ART-SUP,2025-08-01,DISTRICT HOSPITAL,912.0,0.0,92.0,616.0,,0.0,-457,3.0,2,DISTRICT19,CAPSULE,0.0
PYRA-COMP,2025-11-01,HEALTH CENTER,1300.0,86.0,574.0,2332.0,1003.0,219.0,120,483.0,1,DISTRICT5,TABLET,-784.0
ACT-INF,2025-02-01,HEALTH CENTER,423.0,26.0,369.0,175.0,,202.0,193,271.0,30,DISTRICT13,BLISTER,202.0
QUIN,2025-11-01,REGIONAL HOSPITAL,1660.0,1192.0,908.0,1555.0,,3562.0,350,601.0,1000,DISTRICT38,TABLET,3562.0
PYRA-SAC,2025-05-01,DISTRICT HOSPITAL,322.0,693.0,311.0,728.0,,98.0,-248,29.0,1,DISTRICT32,SACHET,98.0
ART-INJ,2025-11-01,HEALTH CENTER,637.0,154.0,240.0,302.0,,0.0,783,83.0,5,DISTRICT16,VIAL,0.0
QUIN,2024-08-01,HEALTH CENTER,1.0,102.0,1.0,2.0,,2.0,711,2.0,1000,DISTRICT31,TABLET,2.0
PYRA-COMP,2025-02-01,HEALTH CENTER,4094.0,0.0,35.0,1462.0,,0.0,537,5.0,1,DISTRICT18,TABLET,0.0
ART-INJ,2025-02-01,HEALTH CENTER,1848.0,90.0,131.0,1582.0,1072.0,2.0,-606,61.0,5,DISTRICT33,VIAL,-1070.0
PYRA-COMP,2024-11-01,HEALTH CENTER,131.0,791.0,66.0,592.0,477.0,4.0,-351,22.0,1,DISTRICT16,TABLET,-473.0
RDT,2025-08-01,HEALTH CENTER,371.0,2.0,170.0,230.0,1730.0,4750.0,-119,44.0,25,DISTRICT22,PIECE,3020.0
SP,2024-05-01,HEALTH CENTER,867.0,59.0,313.0,718.0,,35.0,-263,204.0,1000,DISTRICT18,TABLET,35.0
PYRA-SAC,2024-11-01,HEALTH CENTER,73.0,0.0,73.0,239.0,,112.0,533,32.0,1,DISTRICT28,SACHET,112.0
ACT-INF,2024-05-01,HEALTH CENTER,2007.0,401.0,709.0,2025.0,,189.0,-246,525.0,30,DISTRICT7,BLISTER,189.0
ACT-SC,2025-05-01,HEALTH CENTER,0.0,0.0,1.0,29.0,387.0,138.0,36,0.0,30,DISTRICT9,BLISTER,-249.0
ART-INJ,2025-02-01,HEALTH CENTER,191.0,9.0,149.0,22.0,,21.0,511,55.0,5,DISTRICT5,VIAL,21.0
ART-SUP,2025-08-01,HEALTH CENTER,2093.0,601.0,439.0,1240.0,,331.0,-360,537.0,2,DISTRICT33,CAPSULE,331.0
PYRA-SAC,2025-08-01,DISTRICT HOSPITAL,6932.0,9.0,1285.0,4390.0,,8940.0,286,499.0,1,DISTRICT21,SACHET,8940.0
QUIN,2025-05-01,HEALTH CENTER,1161.0,42.0,568.0,2755.0,,16189.0,-8,682.0,1000,DISTRICT24,TABLET,16189.0
PYRA-COMP,2024-05-01,HEALTH CENTER,144.0,72.0,122.0,38.0,,4859.0,117,127.0,1,DISTRICT1,TABLET,4859.0
PYRA-COMP,2025-02-01,HEALTH CENTER,2729.0,0.0,272.0,301.0,400.0,969.0,370,187.0,1,DISTRICT17,TABLET,569.0
RDT,2025-11-01,HEALTH CENTER,577.0,0.0,88.0,543.0,,0.0,11,60.0,25,DISTRICT13,PIECE,0.0
SP,2024-11-01,HEALTH CENTER,502.0,35.0,523.0,910.0,,198.0,371,409.0,1000,DISTRICT35,TABLET,198.0
ART-INJ,2025-02-01,HEALTH CENTER,369.0,77.0,63.0,1130.0,472.0,0.0,189,16.0,5,DISTRICT30,VIAL,-472.0
PYRA-COMP,2025-05-01,HEALTH CENTER,2855.0,21.0,449.0,1790.0,,234.0,272,284.0,1,DISTRICT29,TABLET,234.0
ART-INJ,2024-11-01,HEALTH CENTER,2217.0,81.0,134.0,507.0,632.0,0.0,488,35.0,5,DISTRICT37,VIAL,-632.0
ACT-GC,2024-05-01,HEALTH CENTER,2714.0,0.0,358.0,911.0,,8770.0,-132,148.0,30,DISTRICT36,BLISTER,8770.0
ART-INJ,2024-02-01,HEALTH CENTER,184.0,457.0,83.0,394.0,229.0,0.0,203,56.0,5,DISTRICT1,VIAL,-229.0
ACT-AD,2024-08-01,HEALTH CENTER,40.0,99.0,25.0,147.0,,10.0,-976,7.0,30,DISTRICT33,BLISTER,10.0
ART-INJ,2024-02-01,HEALTH CENTER,1370.0,167.0,119.0,1970.0,596.0,0.0,395,71.0,5,DISTRICT1,VIAL,-596.0
PYRA-SAC,2025-08-01,HEALTH CENTER,234.0,369.0,178.0,256.0,221.0,129.0,407,287.0,1,DISTRICT23,SACHET,-92.0
RDT,2024-11-01,HEALTH CENTER,585.0,43.0,216.0,206.0,,2656.0,-586,339.0,25,DISTRICT24,PIECE,2656.0
PYRA-SAC,2025-11-01,HEALTH CENTER,91.0,67.0,89.0,496.0,,330.0,417,84.0,1,DISTRICT38,SACHET,330.0
PYRA-SAC,2025-05-01,DISTRICT HOSPITAL,488.0,143.0,65.0,581.0,,6.0,521,18.0,1,DISTRICT11,SACHET,6.0
ART-SUP,2025-08-01,HEALTH CENTER,825.0,4.0,106.0,668.0,,36.0,-931,13.0,2,DISTRICT4,CAPSULE,36.0
ART-SUP,2024-05-01,HEALTH CENTER,2391.0,0.0,197.0,1341.0,842.0,343.0,97,442.0,2,DISTRICT28,CAPSULE,-499.0
RDT,2024-05-01,HEALTH CENTER,532.0,18.0,15.0,178.0,,1.0,346,14.0,25,DISTRICT31,PIECE,1.0
ACT-AD,2025-02-01,HEALTH CENTER,459.0,331.0,156.0,122.0,,702.0,-281,87.0,30,DISTRICT28,BLISTER,702.0
ACT-GC,2025-11-01,HEALTH CENTER,1079.0,194.0,54.0,254.0,,46.0,-890,4.0,30,DISTRICT30,BLISTER,46.0
ACT-SC,2025-02-01,NATIONAL HOSPITAL,794.0,0.0,31.0,860.0,,0.0,-524,30.0,30,DISTRICT29,BLISTER,0.0
ART-INJ,2024-08-01,HEALTH CENTER,2488.0,30.0,703.0,871.0,,2866.0,830,546.0,5,DISTRICT4,VIAL,2866.0
SP,2025-05-01,HEALTH CENTER,2091.0,0.0,471.0,2016.0,,0.0,23,173.0,1000,DISTRICT29,TABLET,0.0
PYRA-COMP,2025-11-01,HEALTH CENTER,1810.0,2.0,267.0,1666.0,,0.0,218,174.0,1,DISTRICT23,TABLET,0.0
ACT-GC,2025-05-01,HEALTH CENTER,328.0,1043.0,344.0,809.0,,156.0,701,88.0,30,DISTRICT30,BLISTER,156.0
ACT-GC,2025-05-01,HEALTH CENTER,103.0,10.0,49.0,3.0,,1905.0,-605,55.0,30,DISTRICT36,BLISTER,1905.0
ACT-AD,2025-05-01,HEALTH CENTER,816.0,51.0,131.0,204.0,,38.0,-447,156.0,30,DISTRICT18,BLISTER,38.0
ACT-GC,2024-05-01,HEALTH CENTER,1826.0,914.0,802.0,872.0,,3663.0,103,418.0,30,DISTRICT10,BLISTER,3663.0
ART-INJ,2025-11-01,HEALTH CENTER,256.0,552.0,110.0,247.0,662.0,35.0,508,107.0,5,DISTRICT32,VIAL,-627.0
ART-SUP,2025-02-01,HEALTH CENTER,2656.0,0.0,213.0,1323.0,224.0,0.0,159,96.0,2,DISTRICT25,CAPSULE,-224.0
PYRA-COMP,2025-08-01,HEALTH CENTER,603.0,155.0,376.0,727.0,412.0,17.0,-285,205.0,1,DISTRICT31,TABLET,-395.0
ACT-SC,2024-11-01,HEALTH CENTER,716.0,2.0,539.0,250.0,,1236.0,209,279.0,30,DISTRICT29,BLISTER,1236.0
PYRA-COMP,2025-02-01,HEALTH CENTER,2538.0,88.0,521.0,1247.0,597.0,324.0,-232,116.0,1,DISTRICT24,TABLET,-273.0
SP,2025-05-01,HEALTH CENTER,697.0,0.0,266.0,567.0,,886.0,728,347.0,1000,DISTRICT3,TABLET,886.0
RDT,2024-08-01,HEALTH CENTER,3260.0,0.0,373.0,1803.0,,30.0,324,268.0,25,DISTRICT11,PIECE,30.0
ART-SUP,2024-11-01,HEALTH CENTER,407.0,10.0,33.0,115.0,1169.0,1487.0,-19,4.0,2,DISTRICT26,CAPSULE,318.0
ACT-GC,2024-02-01,HEALTH CENTER,899.0,0.0,710.0,266.0,,192.0,14,487.0,30,DISTRICT28,BLISTER,192.0
PYRA-COMP,2025-02-01,HEALTH CENTER,181.0,819.0,94.0,366.0,,1038.0,-149,19.0,1,DISTRICT18,TABLET,1038.0
ACT-AD,2025-08-01,HEALTH CENTER,651.0,2.0,72.0,1476.0,,6.0,267,68.0,30,DISTRICT14,BLISTER,6.0
PYRA-COMP,2025-11-01,HEALTH CENTER,1246.0,18.0,629.0,454.0,2220.0,1424.0,990,185.0,1,DISTRICT26,TABLET,-796.0
ACT-AD,2024-11-01,HEALTH CENTER,2977.0,50.0,438.0,1251.0,1302.0,10177.0,-13,260.0,30,DISTRICT21,BLISTER,8875.0
SP,2024-05-01,HEALTH CENTER,575.0,238.0,531.0,739.0,906.0,414.0,-91,405.0,1000,DISTRICT9,TABLET,-492.0
SP,2024-11-01,HEALTH CENTER,2838.0,0.0,628.0,2442.0,509.0,26.0,12,110.0,1000,DISTRICT31,TABLET,-483.0
QUIN,2024-11-01,HEALTH CENTER,224.0,0.0,58.0,465.0,587.0,1.0,102,2.0,1000,DISTRICT1,TABLET,-586.0
ACT-GC,2025-11-01,HEALTH CENTER,261.0,0.0,214.0,580.0,631.0,60.0,744,45.0,30,DISTRICT21,BLISTER,-571.0
ART-SUP,2024-05-01,HEALTH CENTER,1018.0,0.0,231.0,614.0,,4.0,113,100.0,2,DISTRICT20,CAPSULE,4.0
RDT,2025-02-01,HEALTH CENTER,2951.0,285.0,1008.0,4178.0,,4742.0,-590,654.0,25,DISTRICT23,PIECE,4742.0
PYRA-SAC,2024-05-01,HEALTH CENTER,387.0,8.0,4.0,96.0,,0.0,-351,0.0,1,DISTRICT21,SACHET,0.0
QUIN,2024-02-01,HEALTH CENTER,72.0,0.0,217.0,41.0,,1303.0,-482,57.0,1000,DISTRICT25,TABLET,1303.0
ACT-INF,2024-08-01,HEALTH CENTER,567.0,2.0,652.0,952.0,377.0,2251.0,56,574.0,30,DISTRICT8,BLISTER,1874.0
RDT,2024-08-01,HEALTH CENTER,394.0,0.0,18.0,292.0,601.0,0.0,153,1.0,25,DISTRICT5,PIECE,-601.0
PYRA-SAC,2025-05-01,HEALTH CENTER,3809.0,1926.0,863.0,2788.0,357.0,145.0,417,884.0,1,DISTRICT17,SACHET,-212.0
ACT-INF,2024-05-01,DISTRICT HOSPITAL,644.0,523.0,193.0,446.0,1372.0,0.0,-912,203.0,30,DISTRICT14,BLISTER,-1372.0
PYRA-COMP,2025-08-01,HEALTH CENTER,1048.0,428.0,348.0,715.0,,100.0,324,351.0,1,DISTRICT29,TABLET,100.0
RDT,2025-05-01,HEALTH CENTER,3062.0,127.0,387.0,6462.0,,0.0,-302,507.0,25,DISTRICT37,PIECE,0.0
ART-SUP,2025-05-01,HEALTH CENTER,234.0,0.0,36.0,202.0,,1.0,396,7.0,2,DISTRICT21,CAPSULE,1.0
PYRA-SAC,2025-11-01,HEALTH CENTER,444.0,194.0,150.0,521.0,,2655.0,147,41.0,1,DISTRICT13,SACHET,2655.0
ITN,2025-08-01,HEALTH CENTER,1412.0,17.0,641.0,1330.0,,343.0,383,938.0,50,DISTRICT36,PIECE,343.0
ACT-INF,2024-08-01,HEALTH CENTER,295.0,96.0,183.0,506.0,1233.0,4365.0,-376,316.0,30,DISTRICT16,BLISTER,3132.0
ACT-INF,2024-11-01,HEALTH CENTER,52.0,258.0,62.0,40.0,,776.0,624,58.0,30,DISTRICT12,BLISTER,776.0
ACT-GC,2024-02-01,HEALTH CENTER,425.0,2.0,62.0,165.0,394.0,4917.0,-176,20.0,30,DISTRICT15,BLISTER,4523.0
ACT-INF,2025-05-01,HEALTH CENTER,503.0,28.0,303.0,483.0,,15.0,203,163.0,30,DISTRICT8,BLISTER,15.0
PYRA-SAC,2025-05-01,DISTRICT HOSPITAL,5228.0,2118.0,990.0,3042.0,,871.0,155,280.0,1,DISTRICT16,SACHET,871.0
QUIN,2024-02-01,HEALTH CENTER,599.0,73.0,73.0,453.0,105.0,0.0,-881,129.0,1000,DISTRICT17,TABLET,-105.0
ITN,2025-11-01,REGIONAL HOSPITAL,2977.0,393.0,206.0,3257.0,,0.0,-700,79.0,50,DISTRICT29,PIECE,0.0
ACT-INF,2025-11-01,HEALTH CENTER,2199.0,1.0,777.0,1677.0,,315.0,198,844.0,30,DISTRICT13,BLISTER,315.0
PYRA-COMP,2024-05-01,HEALTH CENTER,4367.0,1259.0,963.0,3588.0,,728.0,-195,712.0,1,DISTRICT25,TABLET,728.0
ITN,2025-02-01,HEALTH CENTER,5876.0,132.0,1676.0,4330.0,,637.0,553,2361.0,50,DISTRICT20,PIECE,637.0
ACT-AD,2025-11-01,HEALTH CENTER,1132.0,0.0,363.0,2030.0,,0.0,444,358.0,30,DISTRICT16,BLISTER,0.0
ACT-AD,2024-11-01,HEALTH CENTER,1.0,796.0,58.0,16.0,,17.0,-59,48.0,30,DISTRICT16,BLISTER,17.0
ART-INJ,2025-02-01,HEALTH CENTER,1406.0,153.0,291.0,1314.0,,83.0,-323,318.0,5,DISTRICT9,VIAL,83.0
ACT-GC,2025-05-01,HEALTH CENTER,903.0,18.0,548.0,382.0,188.0,31.0,-10,332.0,30,DISTRICT19,BLISTER,-157.0
PYRA-SAC,2024-08-01,HEALTH CENTER,343.0,1.0,100.0,1295.0,,3062.0,-209,206.0,1,DISTRICT12,SACHET,3062.0
ACT-GC,2024-02-01,HEALTH CENTER,626.0,0.0,225.0,232.0,,110.0,-606,165.0,30,DISTRICT32,BLISTER,110.0
ART-SUP,2025-08-01,HEALTH CENTER,638.0,1.0,191.0,191.0,,5.0,-681,39.0,2,DISTRICT19,CAPSULE,5.0
SP,2025-05-01,HEALTH CENTER,1684.0,0.0,295.0,3042.0,461.0,1870.0,251,284.0,1000,DISTRICT2,TABLET,1409.0
ART-INJ,2025-11-01,HEALTH CENTER,749.0,1260.0,688.0,2806.0,,5245.0,495,321.0,5,DISTRICT18,VIAL,5245.0
ACT-AD,2025-08-01,HEALTH CENTER,5361.0,286.0,185.0,4175.0,488.0,72.0,-75,362.0,30,DISTRICT19,BLISTER,-416.0
QUIN,2024-05-01,DISTRICT HOSPITAL,682.0,2.0,291.0,2181.0,,491.0,8,160.0,1000,DISTRICT28,TABLET,491.0
PYRA-COMP,2025-02-01,HEALTH CENTER,360.0,22.0,405.0,692.0,,1611.0,457,398.0,1,DISTRICT25,TABLET,1611.0
ART-SUP,2025-11-01,HEALTH CENTER,3282.0,5.0,677.0,1395.0,,1286.0,-253,687.0,2,DISTRICT21,CAPSULE,1286.0
ACT-GC,2024-05-01,HEALTH CENTER,2162.0,0.0,316.0,487.0,,0.0,714,61.0,30,DISTRICT21,BLISTER,0.0
ACT-GC,2024-08-01,HEALTH CENTER,286.0,40.0,296.0,522.0,,4737.0,387,226.0,30,DISTRICT8,BLISTER,4737.0
PYRA-COMP,2025-02-01,HEALTH CENTER,1137.0,4.0,197.0,949.0,,4069.0,-539,95.0,1,DISTRICT11,TABLET,4069.0
ART-SUP,2024-11-01,HEALTH CENTER,4688.0,1140.0,1158.0,7146.0,,2108.0,471,2340.0,2,DISTRICT6,CAPSULE,2108.0
ITN,2024-11-01,HEALTH CENTER,0.0,1.0,3.0,2.0,120.0,494.0,631,1.0,50,DISTRICT15,PIECE,374.0
QUIN,2025-11-01,HEALTH CENTER,2762.0,0.0,300.0,304.0,,996.0,-238,472.0,1000,DISTRICT19,TABLET,996.0
ITN,2025-11-01,HEALTH CENTER,644.0,211.0,132.0,1002.0,,17.0,-343,8.0,50,DISTRICT30,PIECE,17.0
ART-SUP,2025-11-01,HEALTH CENTER,3641.0,285.0,2521.0,4099.0,,182.0,524,2896.0,2,DISTRICT23,CAPSULE,182.0
QUIN,2025-02-01,DISTRICT HOSPITAL,1876.0,45.0,277.0,1708.0,,11.0,108,235.0,1000,DISTRICT19,TABLET,11.0
ACT-INF,2025-05-01,HEALTH CENTER,1778.0,415.0,1094.0,3372.0,851.0,887.0,402,710.0,30,DISTRICT37,BLISTER,36.0
ART-INJ,2024-02-01,HEALTH CENTER,721.0,1.0,204.0,211.0,,30.0,-704,214.0,5,DISTRICT36,VIAL,30.0
PYRA-COMP,2024-02-01,HEALTH CENTER,3051.0,860.0,692.0,1960.0,1138.0,806.0,-558,300.0,1,DISTRICT10,TABLET,-332.0
ACT-SC,2025-05-01,HEALTH CENTER,598.0,0.0,176.0,233.0,,18.0,-600,162.0,30,DISTRICT29,BLISTER,18.0
ART-SUP,2024-02-01,HEALTH CENTER,109.0,36.0,25.0,268.0,823.0,1891.0,-82,12.0,2,DISTRICT23,CAPSULE,1068.0
PYRA-COMP,2025-02-01,DISTRICT HOSPITAL,1261.0,51.0,449.0,1671.0,,24.0,273,745.0,1,DISTRICT13,TABLET,24.0
RDT,2025-08-01,HEALTH CENTER,333.0,0.0,124.0,203.0,,0.0,-295,24.0,25,DISTRICT32,PIECE,0.0
ART-SUP,2024-05-01,HEALTH CENTER,653.0,25.0,42.0,532.0,386.0,39.0,83,50.0,2,DISTRICT26,CAPSULE,-347.0
PYRA-COMP,2025-05-01,HEALTH CENTER,1348.0,7.0,284.0,987.0,,0.0,-80,76.0,1,DISTRICT3,TABLET,0.0
PYRA-COMP,2025-11-01,HEALTH CENTER,36.0,0.0,27.0,67.0,,0.0,654,13.0,1,DISTRICT28,TABLET,0.0
PYRA-SAC,2024-08-01,HEALTH CENTER,686.0,1933.0,691.0,1592.0,433.0,45.0,-460,623.0,1,DISTRICT35,SACHET,-388.0
ACT-SC,2024-05-01,HEALTH CENTER,51.0,341.0,11.0,288.0,,0.0,-692,0.0,30,DISTRICT26,BLISTER,0.0
ART-SUP,2024-05-01,HEALTH CENTER,159.0,1447.0,234.0,416.0,,0.0,369,115.0,2,DISTRICT1,CAPSULE,0.0
ACT-AD,2024-02-01,HEALTH CENTER,205.0,75.0,200.0,464.0,1045.0,142.0,509,141.0,30,DISTRICT29,BLISTER,-903.0
ACT-INF,2024-05-01,HEALTH CENTER,527.0,47.0,434.0,761.0,,1475.0,52,140.0,30,DISTRICT9,BLISTER,1475.0
QUIN,2024-08-01,HEALTH CENTER,135.0,117.0,172.0,358.0,,261.0,35,63.0,1000,DISTRICT32,TABLET,261.0
ITN,2024-02-01,HEALTH CENTER,364.0,44.0,191.0,851.0,1146.0,545.0,89,261.0,50,DISTRICT22,PIECE,-601.0
ITN,2024-08-01,DISTRICT HOSPITAL,228.0,3.0,127.0,421.0,,35.0,24,16.0,50,DISTRICT8,PIECE,35.0
PYRA-COMP,2025-02-01,HEALTH CENTER,5292.0,82.0,1675.0,7355.0,,2271.0,-188,2217.0,1,DISTRICT16,TABLET,2271.0
PYRA-COMP,2024-05-01,DISTRICT HOSPITAL,185.0,122.0,638.0,178.0,,23.0,530,586.0,1,DISTRICT32,TABLET,23.0
ACT-AD,2025-05-01,HEALTH CENTER,1046.0,237.0,619.0,1130.0,,1166.0,853,434.0,30,DISTRICT25,BLISTER,1166.0
ACT-SC,2025-08-01,HEALTH CENTER,2011.0,382.0,323.0,1124.0,,2868.0,-318,607.0,30,DISTRICT32,BLISTER,2868.0
PYRA-SAC,2024-08-01,HEALTH CENTER,156.0,351.0,232.0,365.0,,0.0,-90,19.0,1,DISTRICT10,SACHET,0.0
ACT-SC,2024-11-01,HEALTH CENTER,83.0,0.0,11.0,20.0,,20.0,-723,6.0,30,DISTRICT29,BLISTER,20.0
ART-SUP,2024-08-01,HEALTH CENTER,210.0,49.0,351.0,476.0,,6844.0,-131,157.0,2,DISTRICT33,CAPSULE,6844.0
PYRA-COMP,2025-11-01,HEALTH CENTER,123.0,95.0,39.0,111.0,472.0,0.0,-132,4.0,1,DISTRICT20,TABLET,-472.0
ACT-AD,2024-02-01,NATIONAL HOSPITAL,1349.0,539.0,79.0,748.0,480.0,1.0,661,140.0,30,DISTRICT28,BLISTER,-479.0
QUIN,2025-05-01,HEALTH CENTER,2797.0,2.0,272.0,2593.0,349.0,0.0,560,173.0,1000,DISTRICT1,TABLET,-349.0
QUIN,2024-11-01,HEALTH CENTER,96.0,0.0,77.0,215.0,349.0,0.0,-103,31.0,1000,DISTRICT37,TABLET,-349.0
RDT,2025-05-01,HEALTH CENTER,287.0,64.0,52.0,38.0,,585.0,-98,9.0,25,DISTRICT15,PIECE,585.0
SP,2024-11-01,HEALTH CENTER,1594.0,1.0,152.0,1587.0,,1.0,-222,84.0,1000,DISTRICT24,TABLET,1.0
SP,2025-02-01,HEALTH CENTER,881.0,0.0,28.0,491.0,888.0,0.0,398,27.0,1000,DISTRICT23,TABLET,-888.0
ACT-SC,2024-02-01,HEALTH CENTER,1447.0,0.0,43.0,2098.0,,1.0,-223,133.0,30,DISTRICT29,BLISTER,1.0
ACT-SC,2025-08-01,HEALTH CENTER,5301.0,36.0,1173.0,2242.0,,0.0,-59,429.0,30,DISTRICT13,BLISTER,0.0
ART-SUP,2025-11-01,DISTRICT HOSPITAL,2523.0,440.0,358.0,4673.0,,174.0,478,209.0,2,DISTRICT13,CAPSULE,174.0
ACT-AD,2025-08-01,HEALTH CENTER,394.0,4.0,240.0,675.0,272.0,669.0,-419,135.0,30,DISTRICT5,BLISTER,397.0
PYRA-SAC,2024-11-01,HEALTH CENTER,3463.0,1023.0,436.0,3341.0,,66.0,131,307.0,1,DISTRICT5,SACHET,66.0
ITN,2024-11-01,HEALTH CENTER,16.0,0.0,8.0,13.0,,169.0,530,1.0,50,DISTRICT29,PIECE,169.0
PYRA-COMP,2025-05-01,HEALTH CENTER,4072.0,48.0,263.0,1083.0,,56.0,-593,95.0,1,DISTRICT25,TABLET,56.0
ITN,2025-02-01,HEALTH CENTER,131.0,0.0,65.0,170.0,1223.0,0.0,505,26.0,50,DISTRICT5,PIECE,-1223.0
ACT-AD,2024-08-01,HEALTH CENTER,859.0,237.0,254.0,908.0,554.0,140.0,-187,26.0,30,DISTRICT25,BLISTER,-414.0
ART-INJ,2025-02-01,HEALTH CENTER,1024.0,2742.0,419.0,4000.0,,4.0,204,305.0,5,DISTRICT31,VIAL,4.0
QUIN,2025-08-01,HEALTH CENTER,615.0,0.0,402.0,588.0,830.0,34.0,-713,85.0,1000,DISTRICT20,TABLET,-796.0
RDT,2024-02-01,HEALTH CENTER,613.0,0.0,888.0,1262.0,485.0,2947.0,-300,418.0,25,DISTRICT30,PIECE,2462.0
ART-INJ,2024-08-01,HEALTH CENTER,967.0,25.0,221.0,952.0,1042.0,581.0,121,210.0,5,DISTRICT30,VIAL,-461.0
PYRA-COMP,2025-02-01,HEALTH CENTER,1229.0,42.0,265.0,1201.0,,5257.0,-17,246.0,1,DISTRICT28,TABLET,5257.0
ART-INJ,2025-11-01,HEALTH CENTER,3225.0,3.0,732.0,2033.0,,7.0,-455,815.0,5,DISTRICT17,VIAL,7.0
ITN,2024-11-01,HEALTH CENTER,2450.0,114.0,406.0,2124.0,,510.0,-237,157.0,50,DISTRICT16,PIECE,510.0
ITN,2025-02-01,HEALTH CENTER,4085.0,4.0,1498.0,4384.0,506.0,1365.0,-1067,888.0,50,DISTRICT19,PIECE,859.0
PYRA-SAC,2025-11-01,HEALTH CENTER,429.0,246.0,173.0,154.0,,70.0,209,23.0,1,DISTRICT5,SACHET,70.0
ART-SUP,2025-05-01,HEALTH CENTER,2139.0,45.0,470.0,1408.0,,12468.0,-386,566.0,2,DISTRICT12,CAPSULE,12468.0
ACT-INF,2025-11-01,REGIONAL HOSPITAL,112.0,77.0,65.0,363.0,,5.0,-656,7.0,30,DISTRICT37,BLISTER,5.0
QUIN,2024-02-01,HEALTH CENTER,3118.0,0.0,237.0,2457.0,,0.0,194,112.0,1000,DISTRICT8,TABLET,0.0
PYRA-COMP,2025-08-01,HEALTH CENTER,37.0,47.0,67.0,629.0,,7.0,-244,70.0,1,DISTRICT7,TABLET,7.0
ART-SUP,2025-02-01,HEALTH CENTER,239.0,5542.0,251.0,880.0,1671.0,0.0,-91,95.0,2,DISTRICT12,CAPSULE,-1671.0
ART-INJ,2025-08-01,HEALTH CENTER,185.0,0.0,137.0,157.0,,0.0,64,174.0,5,DISTRICT8,VIAL,0.0
ACT-INF,2025-02-01,HEALTH CENTER,1772.0,49.0,614.0,383.0,,5224.0,230,582.0,30,DISTRICT13,BLISTER,5224.0
ITN,2025-05-01,HEALTH CENTER,817.0,22.0,573.0,446.0,,748.0,392,411.0,50,DISTRICT9,PIECE,748.0
ART-SUP,2024-02-01,HEALTH CENTER,324.0,233.0,23.0,350.0,,1.0,-229,24.0,2,DISTRICT24,CAPSULE,1.0
RDT,2025-02-01,HEALTH CENTER,1187.0,375.0,626.0,1050.0,,1776.0,-314,321.0,25,DISTRICT11,PIECE,1776.0
RDT,2024-02-01,HEALTH CENTER,1183.0,0.0,211.0,384.0,,7.0,-544,142.0,25,DISTRICT26,PIECE,7.0
ITN,2025-02-01,HEALTH CENTER,32.0,14.0,15.0,32.0,,29.0,78,6.0,50,DISTRICT19,PIECE,29.0
ITN,2025-05-01,HEALTH CENTER,1034.0,0.0,94.0,305.0,,0.0,150,109.0,50,DISTRICT25,PIECE,0.0
RDT,2024-02-01,HEALTH CENTER,2332.0,659.0,468.0,2687.0,1513.0,1020.0,626,291.0,25,DISTRICT33,PIECE,-493.0
QUIN,2025-05-01,HEALTH CENTER,104.0,0.0,29.0,27.0,,305.0,-692,5.0,1000,DISTRICT26,TABLET,305.0
ACT-AD,2025-08-01,HEALTH CENTER,22.0,0.0,0.0,166.0,,0.0,-295,0.0,30,DISTRICT13,BLISTER,0.0
ART-SUP,2025-05-01,HEALTH CENTER,44.0,0.0,156.0,78.0,437.0,2.0,543,62.0,2,DISTRICT26,CAPSULE,-435.0
ITN,2025-08-01,HEALTH CENTER,3067.0,2366.0,857.0,5616.0,571.0,14.0,-135,1101.0,50,DISTRICT3,PIECE,-557.0
PYRA-SAC,2024-08-01,HEALTH CENTER,706.0,2.0,41.0,223.0,,2.0,-35,74.0,1,DISTRICT36,SACHET,2.0
QUIN,2024-05-01,HEALTH CENTER,123.0,48.0,62.0,205.0,,0.0,330,14.0,1000,DISTRICT29,TABLET,0.0
SP,2025-08-01,HEALTH CENTER,923.0,193.0,743.0,2447.0,,174.0,-300,449.0,1000,DISTRICT29,TABLET,174.0
ACT-SC,2025-02-01,HEALTH CENTER,1036.0,8.0,158.0,1384.0,860.0,0.0,-55,140.0,30,DISTRICT36,BLISTER,-860.0
ACT-AD,2025-08-01,DISTRICT HOSPITAL,403.0,126.0,203.0,139.0,,3172.0,-340,124.0,30,DISTRICT9,BLISTER,3172.0
ART-INJ,2024-02-01,HEALTH CENTER,505.0,35.0,507.0,284.0,,4046.0,-146,142.0,5,DISTRICT20,VIAL,4046.0
ART-INJ,2024-11-01,HEALTH CENTER,1617.0,7.0,41.0,248.0,,0.0,-362,66.0,5,DISTRICT30,VIAL,0.0
RDT,2025-05-01,HEALTH CENTER,154.0,667.0,44.0,350.0,394.0,34.0,151,14.0,25,DISTRICT1,PIECE,-360.0
ACT-AD,2024-11-01,HEALTH CENTER,523.0,132.0,282.0,787.0,,527.0,303,273.0,30,DISTRICT18,BLISTER,527.0
PYRA-COMP,2025-02-01,HEALTH CENTER,2149.0,1149.0,425.0,3647.0,,1.0,-126,314.0,1,DISTRICT23,TABLET,1.0
ACT-GC,2025-05-01,HEALTH CENTER,5697.0,247.0,364.0,3232.0,,17.0,362,90.0,30,DISTRICT13,BLISTER,17.0
ACT-INF,2025-08-01,HEALTH CENTER,2035.0,823.0,714.0,2042.0,1307.0,1.0,-254,151.0,30,DISTRICT15,BLISTER,-1306.0
ACT-INF,2024-02-01,HEALTH CENTER,190.0,0.0,175.0,123.0,,62.0,-320,36.0,30,DISTRICT38,BLISTER,62.0
QUIN,2025-08-01,HEALTH CENTER,1014.0,209.0,202.0,1184.0,,0.0,290,196.0,1000,DISTRICT35,TABLET,0.0
PYRA-SAC,2025-05-01,HEALTH CENTER,72.0,622.0,45.0,82.0,,0.0,87,58.0,1,DISTRICT28,SACHET,0.0
ACT-AD,2024-11-01,HEALTH CENTER,757.0,0.0,128.0,1156.0,,410.0,903,66.0,30,DISTRICT15,BLISTER,410.0
ACT-INF,2024-11-01,HEALTH CENTER,445.0,0.0,262.0,123.0,743.0,1451.0,-863,279.0,30,DISTRICT32,BLISTER,708.0
ART-INJ,2024-02-01,HEALTH CENTER,2559.0,83.0,803.0,3343.0,1000.0,5143.0,-125,485.0,5,DISTRICT2,VIAL,4143.0
QUIN,2025-11-01,HEALTH CENTER,1.0,2.0,2.0,3.0,377.0,254.0,305,1.0,1000,DISTRICT18,TABLET,-123.0
ACT-GC,2024-08-01,HEALTH CENTER,4519.0,37.0,223.0,1054.0,,246.0,27,277.0,30,DISTRICT21,BLISTER,246.0
SP,2024-05-01,HEALTH CENTER,1513.0,19.0,1160.0,1945.0,932.0,2359.0,123,711.0,1000,DISTRICT25,TABLET,1427.0
SP,2024-02-01,HEALTH CENTER,48.0,1.0,17.0,40.0,1418.0,76.0,-310,1.0,1000,DISTRICT16,TABLET,-1342.0
ART-SUP,2025-11-01,HEALTH CENTER,722.0,4.0,151.0,855.0,,625.0,-79,67.0,2,DISTRICT32,CAPSULE,625.0
PYRA-SAC,2024-02-01,HEALTH CENTER,780.0,9.0,19.0,1425.0,,13.0,-198,4.0,1,DISTRICT25,SACHET,13.0
PYRA-COMP,2025-08-01,HEALTH CENTER,155.0,327.0,237.0,1116.0,,1080.0,-724,139.0,1,DISTRICT28,TABLET,1080.0
SP,2024-05-01,HEALTH CENTER,3048.0,12.0,253.0,1489.0,,29.0,-496,301.0,1000,DISTRICT13,TABLET,29.0
ACT-GC,2025-11-01,HEALTH CENTER,854.0,548.0,218.0,966.0,652.0,3.0,-160,97.0,30,DISTRICT1,BLISTER,-649.0
ART-INJ,2025-05-01,HEALTH CENTER,324.0,11.0,14.0,72.0,,0.0,-781,21.0,5,DISTRICT38,VIAL,0.0
SP,2025-02-01,HEALTH CENTER,7.0,0.0,17.0,24.0,573.0,3.0,621,1.0,1000,DISTRICT19,TABLET,-570.0
ACT-AD,2025-08-01,DISTRICT HOSPITAL,1766.0,65.0,281.0,1335.0,,355.0,-191,243.0,30,DISTRICT8,BLISTER,355.0
ART-INJ,2024-02-01,HEALTH CENTER,2004.0,11.0,611.0,1559.0,,2948.0,323,303.0,5,DISTRICT29,VIAL,2948.0
SP,2025-02-01,HEALTH CENTER,933.0,554.0,249.0,922.0,,437.0,-118,369.0,1000,DISTRICT35,TABLET,437.0
RDT,2025-02-01,HEALTH CENTER,1442.0,171.0,398.0,2384.0,,0.0,773,158.0,25,DISTRICT5,PIECE,0.0
PYRA-SAC,2025-05-01,HEALTH CENTER,615.0,15.0,478.0,1544.0,429.0,10.0,-352,285.0,1,DISTRICT26,SACHET,-419.0
ART-INJ,2025-08-01,HEALTH CENTER,408.0,0.0,32.0,606.0,,0.0,-292,38.0,5,DISTRICT1,VIAL,0.0
ART-SUP,2024-11-01,HEALTH CENTER,1034.0,1.0,51.0,1189.0,,0.0,-174,48.0,2,DISTRICT15,CAPSULE,0.0
ACT-SC,2024-08-01,HEALTH CENTER,2398.0,104.0,727.0,3590.0,,16.0,418,318.0,30,DISTRICT30,BLISTER,16.0
ITN,2024-11-01,HEALTH CENTER,110.0,35.0,96.0,17.0,,1510.0,-405,43.0,50,DISTRICT28,PIECE,1510.0
ACT-INF,2024-02-01,HEALTH CENTER,2648.0,119.0,230.0,4562.0,,0.0,575,83.0,30,DISTRICT13,BLISTER,0.0
QUIN,2025-05-01,DISTRICT HOSPITAL,322.0,2.0,54.0,1512.0,153.0,118.0,346,176.0,1000,DISTRICT4,TABLET,-35.0
QUIN,2025-05-01,HEALTH CENTER,23.0,153.0,134.0,414.0,,1851.0,278,48.0,1000,DISTRICT15,TABLET,1851.0
SP,2025-11-01,HEALTH CENTER,2842.0,65.0,406.0,3610.0,,0.0,601,269.0,1000,DISTRICT9,TABLET,0.0
ART-SUP,2025-05-01,HEALTH CENTER,1422.0,325.0,405.0,3136.0,,0.0,698,386.0,2,DISTRICT14,CAPSULE,0.0
ACT-AD,2024-05-01,HEALTH CENTER,2439.0,183.0,486.0,2174.0,,25.0,-335,576.0,30,DISTRICT11,BLISTER,25.0
ITN,2024-05-01,HEALTH CENTER,168.0,25.0,11.0,144.0,,0.0,44,2.0,50,DISTRICT1,PIECE,0.0
ACT-SC,2025-05-01,HEALTH CENTER,114.0,43.0,55.0,1256.0,473.0,263.0,152,39.0,30,DISTRICT25,BLISTER,-210.0
RDT,2025-02-01,HEALTH CENTER,67.0,0.0,3.0,7.0,457.0,8.0,101,0.0,25,DISTRICT1,PIECE,-449.0
PYRA-COMP,2025-02-01,HEALTH CENTER,77.0,0.0,111.0,268.0,,0.0,156,48.0,1,DISTRICT19,TABLET,0.0
ACT-SC,2025-11-01,HEALTH CENTER,459.0,18.0,114.0,638.0,,213.0,392,64.0,30,DISTRICT1,BLISTER,213.0
ART-SUP,2025-05-01,NATIONAL HOSPITAL,298.0,86.0,65.0,268.0,,355.0,189,34.0,2,DISTRICT29,CAPSULE,355.0
ART-INJ,2024-08-01,HEALTH CENTER,218.0,696.0,63.0,770.0,,0.0,-465,2.0,5,DISTRICT20,VIAL,0.0
PYRA-SAC,2024-05-01,HEALTH CENTER,2303.0,1747.0,487.0,1954.0,532.0,0.0,-242,150.0,1,DISTRICT31,SACHET,-532.0
ACT-GC,2024-11-01,HEALTH CENTER,2.0,0.0,3.0,9.0,,7.0,-2,0.0,30,DISTRICT4,BLISTER,7.0
QUIN,2025-08-01,HEALTH CENTER,157.0,0.0,92.0,71.0,,0.0,532,29.0,1000,DISTRICT37,TABLET,0.0
ART-SUP,2024-05-01,HEALTH CENTER,580.0,0.0,156.0,287.0,,222.0,-53,119.0,2,DISTRICT25,CAPSULE,222.0
RDT,2024-08-01,HEALTH CENTER,68.0,159.0,78.0,222.0,,2.0,-60,70.0,25,DISTRICT21,PIECE,2.0
ACT-SC,2024-11-01,HEALTH CENTER,86.0,2.0,0.0,137.0,,0.0,-246,0.0,30,DISTRICT10,BLISTER,0.0
ACT-GC,2025-11-01,HEALTH CENTER,324.0,5.0,103.0,351.0,,2086.0,-93,5.0,30,DISTRICT1,BLISTER,2086.0
ART-SUP,2024-05-01,HEALTH CENTER,235.0,18.0,283.0,1095.0,,5.0,126,244.0,2,DISTRICT9,CAPSULE,5.0
ACT-GC,2024-05-01,HEALTH CENTER,260.0,1.0,66.0,706.0,,412.0,235,304.0,30,DISTRICT10,BLISTER,412.0
ACT-INF,2025-05-01,HEALTH CENTER,61.0,1.0,36.0,34.0,,20.0,-67,11.0,30,DISTRICT38,BLISTER,20.0
QUIN,2025-05-01,HEALTH CENTER,1871.0,0.0,572.0,1387.0,,27.0,384,476.0,1000,DISTRICT16,TABLET,27.0
PYRA-SAC,2024-11-01,DISTRICT HOSPITAL,216.0,1622.0,43.0,1600.0,,0.0,-373,2.0,1,DISTRICT25,SACHET,0.0
RDT,2025-11-01,HEALTH CENTER,365.0,1.0,107.0,492.0,,0.0,-537,191.0,25,DISTRICT7,PIECE,0.0
ART-SUP,2024-02-01,HEALTH CENTER,14.0,10.0,24.0,102.0,,101.0,814,30.0,2,DISTRICT9,CAPSULE,101.0
QUIN,2025-05-01,HEALTH CENTER,87.0,0.0,9.0,21.0,426.0,0.0,-389,3.0,1000,DISTRICT20,TABLET,-426.0
PYRA-COMP,2024-11-01,HEALTH CENTER,295.0,450.0,102.0,1798.0,,0.0,-415,106.0,1,DISTRICT29,TABLET,0.0
PYRA-COMP,2025-02-01,HEALTH CENTER,1318.0,74.0,943.0,2140.0,,1585.0,12,514.0,1,DISTRICT14,TABLET,1585.0
SP,2024-05-01,DISTRICT HOSPITAL,2909.0,573.0,696.0,3318.0,,202.0,183,558.0,1000,DISTRICT22,TABLET,202.0
ART-SUP,2024-08-01,HEALTH CENTER,1400.0,1545.0,357.0,2009.0,,0.0,-682,119.0,2,DISTRICT15,CAPSULE,0.0
ART-INJ,2024-02-01,HEALTH CENTER,1125.0,90.0,291.0,283.0,,44.0,-171,252.0,5,DISTRICT11,VIAL,44.0
ART-INJ,2025-02-01,HEALTH CENTER,4189.0,256.0,1230.0,2339.0,,9814.0,-585,1471.0,5,DISTRICT31,VIAL,9814.0
ART-SUP,2024-08-01,HEALTH CENTER,85.0,0.0,39.0,5.0,574.0,147.0,311,82.0,2,DISTRICT10,CAPSULE,-427.0
QUIN,2025-02-01,HEALTH CENTER,7.0,1.0,16.0,18.0,1401.0,3.0,342,11.0,1000,DISTRICT29,TABLET,-1398.0
QUIN,2025-11-01,HEALTH CENTER,2397.0,3.0,309.0,979.0,,162.0,-214,148.0,1000,DISTRICT15,TABLET,162.0
QUIN,2025-08-01,HEALTH CENTER,1193.0,309.0,238.0,902.0,,2.0,65,66.0,1000,DISTRICT13,TABLET,2.0
SP,2025-02-01,HEALTH CENTER,839.0,0.0,137.0,510.0,201.0,0.0,-258,18.0,1000,DISTRICT10,TABLET,-201.0
PYRA-SAC,2025-02-01,HEALTH CENTER,480.0,958.0,832.0,1343.0,,1144.0,112,558.0,1,DISTRICT13,SACHET,1144.0
ITN,2024-05-01,HEALTH CENTER,425.0,5.0,38.0,837.0,,69.0,-547,130.0,50,DISTRICT13,PIECE,69.0
SP,2025-05-01,HEALTH CENTER,842.0,0.0,159.0,491.0,493.0,1120.0,273,89.0,1000,DISTRICT10,TABLET,627.0
ART-INJ,2024-02-01,HEALTH CENTER,643.0,4.0,332.0,1739.0,,11980.0,-429,343.0,5,DISTRICT6,VIAL,11980.0
PYRA-COMP,2025-05-01,HEALTH CENTER,659.0,53.0,467.0,734.0,,1.0,10,295.0,1,DISTRICT19,TABLET,1.0
ITN,2025-11-01,HEALTH CENTER,191.0,0.0,28.0,540.0,,0.0,996,21.0,50,DISTRICT36,PIECE,0.0
ACT-INF,2025-02-01,HEALTH CENTER,945.0,251.0,505.0,1159.0,,2.0,465,270.0,30,DISTRICT29,BLISTER,2.0
ART-INJ,2024-02-01,HEALTH CENTER,687.0,0.0,99.0,1528.0,,101.0,-68,183.0,5,DISTRICT10,VIAL,101.0
PYRA-COMP,2025-08-01,HEALTH CENTER,307.0,583.0,83.0,785.0,620.0,4.0,-797,18.0,1,DISTRICT16,TABLET,-616.0
PYRA-SAC,2025-11-01,HEALTH CENTER,4329.0,14.0,425.0,1570.0,,0.0,-267,209.0,1,DISTRICT33,SACHET,0.0
ART-INJ,2025-05-01,HEALTH CENTER,647.0,0.0,85.0,416.0,,191.0,-592,42.0,5,DISTRICT14,VIAL,191.0
ITN,2024-08-01,HEALTH CENTER,792.0,2.0,168.0,1141.0,,292.0,72,237.0,50,DISTRICT4,PIECE,292.0
ITN,2025-11-01,HEALTH CENTER,7557.0,9.0,744.0,2152.0,851.0,2306.0,-43,259.0,50,DISTRICT26,PIECE,1455.0
QUIN,2025-02-01,HEALTH CENTER,991.0,31.0,317.0,1642.0,256.0,37.0,-167,248.0,1000,DISTRICT33,TABLET,-219.0
SP,2025-08-01,HEALTH CENTER,1354.0,12.0,480.0,501.0,642.0,8.0,400,222.0,1000,DISTRICT33,TABLET,-634.0
SP,2025-08-01,DISTRICT HOSPITAL,93.0,0.0,114.0,13.0,598.0,2405.0,-257,142.0,1000,DISTRICT32,TABLET,1807.0
PYRA-SAC,2024-11-01,HEALTH CENTER,289.0,0.0,53.0,136.0,,105.0,-432,219.0,1,DISTRICT26,SACHET,105.0
ACT-AD,2024-08-01,HEALTH CENTER,1076.0,66.0,142.0,1082.0,,0.0,-91,42.0,30,DISTRICT13,BLISTER,0.0
QUIN,2025-02-01,HEALTH CENTER,599.0,1806.0,236.0,1168.0,,1364.0,554,135.0,1000,DISTRICT25,TABLET,1364.0
ART-INJ,2024-05-01,HEALTH CENTER,358.0,53.0,193.0,259.0,,32.0,167,35.0,5,DISTRICT9,VIAL,32.0
ART-INJ,2024-11-01,HEALTH CENTER,850.0,1.0,155.0,493.0,93.0,1.0,-33,117.0,5,DISTRICT6,VIAL,-92.0
PYRA-SAC,2024-02-01,HEALTH CENTER,26.0,21.0,53.0,103.0,,703.0,149,163.0,1,DISTRICT30,SACHET,703.0
ACT-GC,2025-08-01,HEALTH CENTER,108.0,0.0,97.0,212.0,,0.0,-282,95.0,30,DISTRICT9,BLISTER,0.0
ITN,2024-08-01,HEALTH CENTER,3552.0,580.0,461.0,3829.0,,81.0,-8,1251.0,50,DISTRICT33,PIECE,81.0
PYRA-COMP,2025-11-01,HEALTH CENTER,3214.0,1.0,757.0,1526.0,,10589.0,-692,1187.0,1,DISTRICT31,TABLET,10589.0
ITN,2025-02-01,HEALTH CENTER,24.0,67.0,138.0,893.0,406.0,4.0,528,48.0,50,DISTRICT32,PIECE,-402.0
RDT,2025-08-01,HEALTH CENTER,2.0,0.0,0.0,4.0,,0.0,139,0.0,25,DISTRICT20,PIECE,0.0
ACT-SC,2025-08-01,HEALTH CENTER,1364.0,0.0,359.0,334.0,,0.0,-506,210.0,30,DISTRICT18,BLISTER,0.0
ACT-AD,2024-05-01,HEALTH CENTER,193.0,0.0,26.0,23.0,,3.0,272,1.0,30,DISTRICT23,BLISTER,3.0
ACT-GC,2025-08-01,HEALTH CENTER,163.0,2.0,165.0,99.0,,0.0,-166,257.0,30,DISTRICT22,BLISTER,0.0
ACT-SC,2025-02-01,HEALTH CENTER,230.0,232.0,290.0,1343.0,,1413.0,-1,215.0,30,DISTRICT29,BLISTER,1413.0
SP,2024-11-01,DISTRICT HOSPITAL,2262.0,49.0,197.0,2642.0,,0.0,-549,79.0,1000,DISTRICT23,TABLET,0.0
ITN,2025-08-01,HEALTH CENTER,871.0,1307.0,314.0,874.0,,3.0,44,564.0,50,DISTRICT1,PIECE,3.0
ITN,2025-05-01,HEALTH CENTER,267.0,90.0,170.0,73.0,744.0,0.0,211,18.0,50,DISTRICT36,PIECE,-744.0
QUIN,2025-08-01,HEALTH CENTER,7.0,0.0,17.0,2.0,221.0,265.0,-704,3.0,1000,DISTRICT13,TABLET,44.0
ITN,2024-02-01,HEALTH CENTER,1490.0,4.0,210.0,1820.0,,0.0,-377,129.0,50,DISTRICT25,PIECE,0.0
ACT-SC,2025-08-01,HEALTH CENTER,50.0,0.0,8.0,37.0,344.0,0.0,1250,2.0,30,DISTRICT1,BLISTER,-344.0
RDT,2024-02-01,HEALTH CENTER,2327.0,1.0,429.0,2052.0,,162.0,49,286.0,25,DISTRICT25,PIECE,162.0
ART-INJ,2024-05-01,HEALTH CENTER,127.0,0.0,68.0,1181.0,,108.0,410,262.0,5,DISTRICT3,VIAL,108.0
ACT-SC,2025-11-01,HEALTH CENTER,356.0,16.0,76.0,892.0,135.0,2.0,0,85.0,30,DISTRICT24,BLISTER,-133.0
PYRA-SAC,2024-08-01,HEALTH CENTER,367.0,1.0,238.0,248.0,,11136.0,121,88.0,1,DISTRICT4,SACHET,11136.0
ART-INJ,2024-02-01,HEALTH CENTER,1673.0,1173.0,353.0,1498.0,,30.0,310,165.0,5,DISTRICT23,VIAL,30.0
ACT-AD,2024-02-01,HEALTH CENTER,178.0,11.0,83.0,517.0,,254.0,-816,175.0,30,DISTRICT36,BLISTER,254.0
ITN,2024-02-01,HEALTH CENTER,371.0,214.0,186.0,340.0,,2308.0,329,55.0,50,DISTRICT26,PIECE,2308.0
SP,2025-08-01,DISTRICT HOSPITAL,1813.0,0.0,414.0,1391.0,,1.0,-106,296.0,1000,DISTRICT20,TABLET,1.0
ART-SUP,2024-11-01,HEALTH CENTER,1304.0,7.0,746.0,1477.0,812.0,767.0,-374,261.0,2,DISTRICT23,CAPSULE,-45.0
ART-INJ,2025-05-01,HEALTH CENTER,1581.0,502.0,479.0,2408.0,479.0,169.0,476,266.0,5,DISTRICT14,VIAL,-310.0
QUIN,2024-02-01,HEALTH CENTER,20.0,2.0,13.0,20.0,232.0,77.0,-20,16.0,1000,DISTRICT14,TABLET,-155.0
ACT-SC,2024-02-01,HEALTH CENTER,743.0,0.0,497.0,68.0,872.0,3387.0,-165,356.0,30,DISTRICT31,BLISTER,2515.0
PYRA-SAC,2024-11-01,HEALTH CENTER,1433.0,1822.0,1207.0,747.0,,2651.0,-20,967.0,1,DISTRICT1,SACHET,2651.0
ITN,2025-02-01,HEALTH CENTER,2920.0,553.0,953.0,5193.0,,2.0,-120,1169.0,50,DISTRICT35,PIECE,2.0
ACT-SC,2024-08-01,HEALTH CENTER,148.0,37.0,141.0,215.0,457.0,0.0,-478,125.0,30,DISTRICT19,BLISTER,-457.0
ACT-INF,2024-11-01,HEALTH CENTER,107.0,100.0,52.0,40.0,,1777.0,-174,16.0,30,DISTRICT7,BLISTER,1777.0
ART-SUP,2024-11-01,HEALTH CENTER,12750.0,838.0,2457.0,10233.0,1421.0,131.0,-68,3188.0,2,DISTRICT33,CAPSULE,-1290.0
QUIN,2025-11-01,DISTRICT HOSPITAL,3782.0,134.0,782.0,5186.0,1247.0,9.0,-15,319.0,1000,DISTRICT24,TABLET,-1238.0
ITN,2025-05-01,HEALTH CENTER,2843.0,337.0,901.0,1946.0,,2538.0,688,742.0,50,DISTRICT10,PIECE,2538.0
ACT-GC,2024-08-01,DISTRICT HOSPITAL,845.0,94.0,412.0,769.0,,6341.0,-40,273.0,30,DISTRICT3,BLISTER,6341.0
QUIN,2024-02-01,HEALTH CENTER,246.0,349.0,114.0,1567.0,,1866.0,455,151.0,1000,DISTRICT20,TABLET,1866.0
QUIN,2024-02-01,HEALTH CENTER,490.0,0.0,640.0,381.0,426.0,4124.0,99,629.0,1000,DISTRICT24,TABLET,3698.0
ACT-AD,2024-05-01,HEALTH CENTER,609.0,111.0,261.0,1433.0,642.0,204.0,1032,151.0,30,DISTRICT2,BLISTER,-438.0
ACT-INF,2025-08-01,HEALTH CENTER,1503.0,2.0,471.0,686.0,,1.0,-27,220.0,30,DISTRICT24,BLISTER,1.0
PYRA-SAC,2025-08-01,DISTRICT HOSPITAL,174.0,3.0,34.0,61.0,812.0,1.0,-345,20.0,1,DISTRICT26,SACHET,-811.0
ACT-SC,2024-05-01,HEALTH CENTER,1279.0,3.0,79.0,643.0,,1235.0,-395,63.0,30,DISTRICT15,BLISTER,1235.0
ACT-AD,2024-11-01,HEALTH CENTER,606.0,19.0,334.0,336.0,506.0,235.0,2,13.0,30,DISTRICT13,BLISTER,-271.0
ACT-SC,2025-02-01,HEALTH CENTER,1637.0,89.0,287.0,1786.0,,8.0,138,384.0,30,DISTRICT13,BLISTER,8.0
PYRA-SAC,2025-11-01,REGIONAL HOSPITAL,798.0,1474.0,143.0,1150.0,370.0,731.0,-119,92.0,1,DISTRICT18,SACHET,361.0
SP,2024-05-01,HEALTH CENTER,104.0,0.0,40.0,108.0,1368.0,0.0,-399,36.0,1000,DISTRICT30,TABLET,-1368.0
ACT-AD,2024-08-01,HEALTH CENTER,2502.0,0.0,482.0,2641.0,,0.0,753,111.0,30,DISTRICT6,BLISTER,0.0
ACT-AD,2025-02-01,HEALTH CENTER,1052.0,728.0,947.0,579.0,,13542.0,436,495.0,30,DISTRICT1,BLISTER,13542.0
RDT,2025-02-01,HEALTH CENTER,194.0,78.0,132.0,218.0,,3950.0,231,108.0,25,DISTRICT32,PIECE,3950.0
ITN,2024-05-01,HEALTH CENTER,4.0,0.0,12.0,140.0,,105.0,152,7.0,50,DISTRICT7,PIECE,105.0
ACT-GC,2024-05-01,HEALTH CENTER,466.0,0.0,39.0,442.0,,13.0,32,5.0,30,DISTRICT26,BLISTER,13.0
RDT,2025-05-01,HEALTH CENTER,3.0,43.0,0.0,19.0,1033.0,0.0,68,0.0,25,DISTRICT11,PIECE,-1033.0
SP,2025-05-01,HEALTH CENTER,1784.0,14.0,273.0,1560.0,1293.0,45.0,-405,197.0,1000,DISTRICT19,TABLET,-1248.0
ACT-AD,2025-08-01,HEALTH CENTER,813.0,1429.0,441.0,1875.0,704.0,20.0,446,74.0,30,DISTRICT26,BLISTER,-684.0
QUIN,2024-08-01,HEALTH CENTER,1063.0,0.0,19.0,994.0,,0.0,42,22.0,1000,DISTRICT10,TABLET,0.0
ACT-AD,2024-05-01,HEALTH CENTER,37.0,0.0,1.0,3.0,,730.0,-79,2.0,30,DISTRICT1,BLISTER,730.0
ITN,2024-05-01,HEALTH CENTER,1157.0,11.0,1299.0,905.0,129.0,80.0,874,304.0,50,DISTRICT15,PIECE,-49.0
ACT-INF,2024-02-01,HEALTH CENTER,1290.0,0.0,134.0,2581.0,,0.0,-539,115.0,30,DISTRICT25,BLISTER,0.0
ART-INJ,2025-02-01,HEALTH CENTER,1367.0,1.0,382.0,1039.0,,506.0,-157,347.0,5,DISTRICT20,VIAL,506.0
ART-INJ,2025-11-01,HEALTH CENTER,5749.0,2065.0,1049.0,4577.0,,5112.0,449,932.0,5,DISTRICT19,VIAL,5112.0
ITN,2024-08-01,HEALTH CENTER,1920.0,19.0,496.0,2537.0,,209.0,568,163.0,50,DISTRICT5,PIECE,209.0
ART-SUP,2025-05-01,HEALTH CENTER,611.0,0.0,69.0,441.0,892.0,10839.0,-226,181.0,2,DISTRICT33,CAPSULE,9947.0
PYRA-SAC,2025-02-01,HEALTH CENTER,150.0,215.0,75.0,409.0,,2.0,301,4.0,1,DISTRICT4,SACHET,2.0
ACT-GC,2024-11-01,HEALTH CENTER,5720.0,0.0,786.0,2013.0,,5373.0,192,300.0,30,DISTRICT23,BLISTER,5373.0
ART-SUP,2025-08-01,DISTRICT HOSPITAL,3932.0,33.0,443.0,3477.0,,23.0,89,483.0,2,DISTRICT9,CAPSULE,23.0
RDT,2024-08-01,HEALTH CENTER,2088.0,709.0,874.0,3339.0,,4886.0,628,650.0,25,DISTRICT15,PIECE,4886.0
ART-INJ,2024-11-01,HEALTH CENTER,0.0,0.0,5.0,39.0,1012.0,75.0,548,7.0,5,DISTRICT25,VIAL,-937.0
ACT-GC,2025-08-01,HEALTH CENTER,10.0,1.0,100.0,15.0,,1124.0,91,197.0,30,DISTRICT2,BLISTER,1124.0
ACT-AD,2024-05-01,HEALTH CENTER,669.0,2.0,262.0,190.0,,584.0,-131,104.0,30,DISTRICT26,BLISTER,584.0
ACT-GC,2024-11-01,HEALTH CENTER,1009.0,739.0,183.0,206.0,,1.0,-742,121.0,30,DISTRICT15,BLISTER,1.0
ACT-INF,2024-08-01,HEALTH CENTER,7765.0,68.0,1281.0,7258.0,579.0,0.0,175,657.0,30,DISTRICT32,BLISTER,-579.0
PYRA-COMP,2025-11-01,HEALTH CENTER,11.0,0.0,39.0,24.0,402.0,42.0,173,5.0,1,DISTRICT8,TABLET,-360.0
QUIN,2025-02-01,HEALTH CENTER,274.0,1.0,101.0,443.0,,3.0,-317,70.0,1000,DISTRICT13,TABLET,3.0
ITN,2025-11-01,HEALTH CENTER,753.0,218.0,329.0,2513.0,,243.0,0,199.0,50,DISTRICT12,PIECE,243.0
PYRA-SAC,2024-08-01,HEALTH CENTER,148.0,238.0,17.0,28.0,,124.0,-28,11.0,1,DISTRICT37,SACHET,124.0
PYRA-SAC,2025-05-01,HEALTH CENTER,36.0,0.0,18.0,3.0,,919.0,94,2.0,1,DISTRICT23,SACHET,919.0
ITN,2025-05-01,HEALTH CENTER,396.0,1438.0,54.0,1020.0,,1.0,-506,18.0,50,DISTRICT25,PIECE,1.0
PYRA-SAC,2024-11-01,HEALTH CENTER,1134.0,156.0,64.0,705.0,,11.0,-615,82.0,1,DISTRICT32,SACHET,11.0
ART-SUP,2025-05-01,HEALTH CENTER,3462.0,992.0,930.0,4956.0,,1737.0,351,1295.0,2,DISTRICT8,CAPSULE,1737.0
ART-SUP,2024-08-01,HEALTH CENTER,539.0,4.0,47.0,188.0,,0.0,682,33.0,2,DISTRICT19,CAPSULE,0.0
ART-SUP,2024-11-01,HEALTH CENTER,54.0,292.0,30.0,109.0,171.0,248.0,-384,29.0,2,DISTRICT36,CAPSULE,77.0
ITN,2025-08-01,DISTRICT HOSPITAL,33.0,767.0,341.0,1033.0,1387.0,684.0,928,196.0,50,DISTRICT30,PIECE,-703.0
QUIN,2025-08-01,HEALTH CENTER,107.0,0.0,93.0,75.0,252.0,232.0,-284,40.0,1000,DISTRICT37,TABLET,-20.0
RDT,2025-08-01,HEALTH CENTER,413.0,16.0,113.0,213.0,,659.0,-403,118.0,25,DISTRICT8,PIECE,659.0
ACT-GC,2025-02-01,HEALTH CENTER,604.0,3.0,378.0,897.0,,3.0,225,96.0,30,DISTRICT4,BLISTER,3.0
QUIN,2025-02-01,HEALTH CENTER,262.0,3.0,145.0,298.0,,539.0,-849,179.0,1000,DISTRICT31,TABLET,539.0
PYRA-SAC,2024-11-01,HEALTH CENTER,4108.0,0.0,234.0,1496.0,833.0,1262.0,-680,102.0,1,DISTRICT26,SACHET,429.0
RDT,2025-08-01,HEALTH CENTER,269.0,0.0,578.0,197.0,,392.0,150,400.0,25,DISTRICT21,PIECE,392.0
ACT-AD,2025-02-01,HEALTH CENTER,219.0,0.0,14.0,4.0,,2845.0,206,1.0,30,DISTRICT5,BLISTER,2845.0
ACT-SC,2024-05-01,HEALTH CENTER,1295.0,2.0,125.0,1634.0,552.0,129.0,-81,191.0,30,DISTRICT3,BLISTER,-423.0
ITN,2025-05-01,HEALTH CENTER,425.0,0.0,10.0,109.0,,0.0,696,2.0,50,DISTRICT19,PIECE,0.0
ART-SUP,2024-05-01,HEALTH CENTER,479.0,0.0,42.0,38.0,626.0,0.0,86,148.0,2,DISTRICT27,CAPSULE,-626.0
ART-INJ,2025-08-01,DISTRICT HOSPITAL,1407.0,689.0,432.0,1137.0,,0.0,-570,334.0,5,DISTRICT10,VIAL,0.0
PYRA-COMP,2024-05-01,REGIONAL HOSPITAL,327.0,100.0,163.0,1385.0,379.0,24.0,-41,46.0,1,DISTRICT13,TABLET,-355.0
QUIN,2025-05-01,HEALTH CENTER,1616.0,580.0,258.0,3408.0,1046.0,0.0,83,73.0,1000,DISTRICT30,TABLET,-1046.0
ITN,2025-11-01,HEALTH CENTER,616.0,29.0,178.0,1709.0,,45.0,-689,147.0,50,DISTRICT11,PIECE,45.0
PYRA-SAC,2025-02-01,HEALTH CENTER,2.0,9.0,20.0,2.0,,23.0,249,10.0,1,DISTRICT25,SACHET,23.0
ACT-GC,2025-08-01,HEALTH CENTER,2052.0,1.0,719.0,3223.0,,418.0,51,571.0,30,DISTRICT33,BLISTER,418.0
ART-SUP,2024-11-01,HEALTH CENTER,37.0,0.0,12.0,112.0,,492.0,-538,1.0,2,DISTRICT31,CAPSULE,492.0
ACT-INF,2024-08-01,HEALTH CENTER,1654.0,131.0,690.0,3687.0,,442.0,255,894.0,30,DISTRICT30,BLISTER,442.0
RDT,2025-11-01,HEALTH CENTER,1569.0,372.0,231.0,1532.0,1839.0,12.0,-280,344.0,25,DISTRICT25,PIECE,-1827.0
RDT,2025-05-01,HEALTH CENTER,418.0,1.0,123.0,440.0,,109.0,-79,108.0,25,DISTRICT1,PIECE,109.0
RDT,2025-05-01,HEALTH CENTER,323.0,4.0,139.0,388.0,384.0,1441.0,51,144.0,25,DISTRICT29,PIECE,1057.0
ACT-GC,2024-11-01,HEALTH CENTER,56.0,484.0,320.0,252.0,,208.0,-136,89.0,30,DISTRICT24,BLISTER,208.0
QUIN,2024-05-01,HEALTH CENTER,47.0,0.0,2.0,96.0,,0.0,-190,5.0,1000,DISTRICT5,TABLET,0.0
PYRA-COMP,2024-08-01,HEALTH CENTER,136.0,42.0,197.0,388.0,568.0,8.0,150,274.0,1,DISTRICT6,TABLET,-560.0
ACT-SC,2025-02-01,HEALTH CENTER,337.0,486.0,210.0,377.0,,0.0,-520,16.0,30,DISTRICT37,BLISTER,0.0
ACT-INF,2025-05-01,HEALTH CENTER,818.0,18.0,190.0,383.0,,91.0,-434,189.0,30,DISTRICT22,BLISTER,91.0
SP,2025-08-01,HEALTH CENTER,778.0,0.0,181.0,1126.0,,0.0,367,272.0,1000,DISTRICT21,TABLET,0.0
ACT-SC,2024-02-01,HEALTH CENTER,172.0,13.0,246.0,639.0,,80.0,514,448.0,30,DISTRICT28,BLISTER,80.0
ART-INJ,2024-08-01,HEALTH CENTER,301.0,1595.0,299.0,1784.0,290.0,0.0,-281,80.0,5,DISTRICT33,VIAL,-290.0
ART-SUP,2025-08-01,HEALTH CENTER,1660.0,1.0,277.0,2507.0,,3.0,567,116.0,2,DISTRICT31,CAPSULE,3.0
SP,2025-02-01,HEALTH CENTER,3690.0,11.0,486.0,3003.0,,1.0,211,230.0,1000,DISTRICT20,TABLET,1.0
RDT,2024-11-01,HEALTH CENTER,1328.0,1.0,451.0,339.0,,263.0,448,178.0,25,DISTRICT37,PIECE,263.0
ART-INJ,2024-05-01,HEALTH CENTER,206.0,0.0,120.0,48.0,,425.0,-101,99.0,5,DISTRICT25,VIAL,425.0
PYRA-SAC,2024-02-01,HEALTH CENTER,14.0,10.0,78.0,530.0,,2330.0,33,76.0,1,DISTRICT33,SACHET,2330.0
ACT-SC,2025-08-01,HEALTH CENTER,1200.0,37.0,421.0,967.0,1010.0,5.0,-224,171.0,30,DISTRICT19,BLISTER,-1005.0
PYRA-COMP,2024-11-01,HEALTH CENTER,812.0,288.0,73.0,482.0,,6.0,-246,214.0,1,DISTRICT23,TABLET,6.0
SP,2024-08-01,HEALTH CENTER,840.0,0.0,123.0,1323.0,339.0,0.0,689,50.0,1000,DISTRICT38,TABLET,-339.0
ACT-AD,2024-11-01,HEALTH CENTER,293.0,170.0,61.0,1077.0,,16.0,-1415,5.0,30,DISTRICT28,BLISTER,16.0
PYRA-COMP,2025-11-01,HEALTH CENTER,349.0,49.0,552.0,783.0,,140.0,-372,172.0,1,DISTRICT21,TABLET,140.0
ACT-SC,2024-05-01,HEALTH CENTER,159.0,288.0,124.0,152.0,,3070.0,-57,45.0,30,DISTRICT25,BLISTER,3070.0
RDT,2025-11-01,HEALTH CENTER,1240.0,4.0,605.0,851.0,,377.0,-83,272.0,25,DISTRICT27,PIECE,377.0
SP,2024-08-01,HEALTH CENTER,108.0,33.0,5.0,101.0,,206.0,317,20.0,1000,DISTRICT33,TABLET,206.0
ITN,2024-05-01,HEALTH CENTER,4194.0,1.0,741.0,2561.0,,646.0,-143,972.0,50,DISTRICT33,PIECE,646.0
ACT-INF,2025-02-01,HEALTH CENTER,941.0,4.0,81.0,24.0,1016.0,71.0,153,31.0,30,DISTRICT24,BLISTER,-945.0
ART-INJ,2025-02-01,HEALTH CENTER,387.0,4.0,24.0,52.0,,6.0,-253,3.0,5,DISTRICT29,VIAL,6.0
PYRA-SAC,2025-05-01,HEALTH CENTER,279.0,14.0,35.0,747.0,,0.0,25,5.0,1,DISTRICT27,SACHET,0.0
SP,2024-02-01,HEALTH CENTER,81.0,4.0,11.0,103.0,125.0,0.0,-60,46.0,1000,DISTRICT28,TABLET,-125.0
SP,2025-11-01,HEALTH CENTER,373.0,0.0,104.0,63.0,,19.0,411,19.0,1000,DISTRICT35,TABLET,19.0
ART-SUP,2024-08-01,HEALTH CENTER,571.0,626.0,328.0,829.0,,11.0,169,207.0,2,DISTRICT31,CAPSULE,11.0
ART-INJ,2025-05-01,HEALTH CENTER,746.0,0.0,88.0,104.0,,195.0,278,36.0,5,DISTRICT32,VIAL,195.0
RDT,2024-05-01,HEALTH CENTER,23.0,3.0,28.0,52.0,,342.0,-30,45.0,25,DISTRICT15,PIECE,342.0
ACT-SC,2024-11-01,HEALTH CENTER,327.0,0.0,218.0,557.0,,1176.0,599,85.0,30,DISTRICT31,BLISTER,1176.0
ART-SUP,2025-08-01,HEALTH CENTER,359.0,357.0,58.0,2439.0,622.0,0.0,1065,5.0,2,DISTRICT10,CAPSULE,-622.0
ART-INJ,2024-08-01,HEALTH CENTER,7.0,8.0,19.0,244.0,,1.0,625,122.0,5,DISTRICT8,VIAL,1.0
ACT-INF,2025-11-01,HEALTH CENTER,293.0,16.0,101.0,580.0,,0.0,537,105.0,30,DISTRICT32,BLISTER,0.0
PYRA-SAC,2024-05-01,DISTRICT HOSPITAL,160.0,67.0,32.0,451.0,1167.0,179.0,-126,19.0,1,DISTRICT29,SACHET,-988.0
ACT-INF,2025-11-01,HEALTH CENTER,1682.0,51.0,830.0,1126.0,317.0,3.0,-214,940.0,30,DISTRICT18,BLISTER,-314.0
ACT-INF,2025-08-01,HEALTH CENTER,40.0,4.0,96.0,182.0,636.0,7.0,-49,32.0,30,DISTRICT15,BLISTER,-629.0
ART-INJ,2024-11-01,HEALTH CENTER,227.0,0.0,43.0,331.0,,1.0,-139,45.0,5,DISTRICT28,VIAL,1.0
SP,2024-02-01,HEALTH CENTER,50.0,16.0,132.0,160.0,1380.0,2762.0,1260,175.0,1000,DISTRICT28,TABLET,1382.0
ITN,2025-05-01,HEALTH CENTER,68.0,0.0,2.0,22.0,99.0,0.0,-224,5.0,50,DISTRICT13,PIECE,-99.0
ART-SUP,2025-11-01,DISTRICT HOSPITAL,908.0,0.0,141.0,1483.0,,27.0,440,127.0,2,DISTRICT27,CAPSULE,27.0
ACT-INF,2024-11-01,HEALTH CENTER,1007.0,612.0,140.0,2631.0,430.0,50.0,479,32.0,30,DISTRICT16,BLISTER,-380.0
QUIN,2025-02-01,HEALTH CENTER,19.0,0.0,1.0,9.0,761.0,0.0,-34,0.0,1000,DISTRICT28,TABLET,-761.0
ACT-GC,2025-02-01,HEALTH CENTER,2324.0,5.0,524.0,1724.0,,3707.0,-127,502.0,30,DISTRICT38,BLISTER,3707.0
SP,2025-02-01,HEALTH CENTER,1187.0,1.0,334.0,354.0,,1.0,141,175.0,1000,DISTRICT19,TABLET,1.0
ART-INJ,2024-11-01,HEALTH CENTER,736.0,1225.0,363.0,615.0,,4710.0,-277,372.0,5,DISTRICT28,VIAL,4710.0
QUIN,2025-05-01,HEALTH CENTER,3476.0,42.0,710.0,4404.0,,2.0,-129,342.0,1000,DISTRICT16,TABLET,2.0
ACT-AD,2025-08-01,HEALTH CENTER,31.0,294.0,81.0,112.0,,3.0,108,52.0,30,DISTRICT22,BLISTER,3.0
ART-INJ,2024-08-01,HEALTH CENTER,308.0,11.0,192.0,111.0,879.0,0.0,198,86.0,5,DISTRICT9,VIAL,-879.0
PYRA-SAC,2024-02-01,HEALTH CENTER,1195.0,428.0,542.0,3657.0,,26.0,-243,211.0,1,DISTRICT29,SACHET,26.0
PYRA-COMP,2024-02-01,HEALTH CENTER,408.0,0.0,81.0,95.0,,0.0,682,99.0,1,DISTRICT23,TABLET,0.0
PYRA-COMP,2025-08-01,HEALTH CENTER,11622.0,1259.0,1660.0,5471.0,,52.0,-559,1685.0,1,DISTRICT16,TABLET,52.0
SP,2025-02-01,HEALTH CENTER,916.0,8.0,238.0,421.0,898.0,480.0,291,88.0,1000,DISTRICT23,TABLET,-418.0
PYRA-SAC,2025-11-01,HEALTH CENTER,80.0,723.0,103.0,218.0,,115.0,229,186.0,1,DISTRICT33,SACHET,115.0
ART-SUP,2025-02-01,HEALTH CENTER,372.0,3.0,31.0,189.0,,0.0,-626,4.0,2,DISTRICT19,CAPSULE,0.0
ITN,2024-11-01,HEALTH CENTER,314.0,176.0,90.0,50.0,727.0,309.0,-254,38.0,50,DISTRICT30,PIECE,-418.0
SP,2024-11-01,HEALTH CENTER,121.0,1.0,456.0,115.0,,72.0,-185,228.0,1000,DISTRICT25,TABLET,72.0
ART-SUP,2025-05-01,DISTRICT HOSPITAL,773.0,0.0,158.0,92.0,,3.0,-136,80.0,2,DISTRICT32,CAPSULE,3.0
ART-INJ,2025-02-01,HEALTH CENTER,315.0,0.0,304.0,270.0,,419.0,322,98.0,5,DISTRICT1,VIAL,419.0
ACT-INF,2025-02-01,HEALTH CENTER,522.0,0.0,116.0,125.0,1250.0,1251.0,-1129,49.0,30,DISTRICT32,BLISTER,1.0
PYRA-SAC,2025-11-01,HEALTH CENTER,4098.0,819.0,1066.0,3601.0,,10522.0,121,806.0,1,DISTRICT33,SACHET,10522.0
SP,2025-02-01,HEALTH CENTER,672.0,0.0,691.0,415.0,,2260.0,-235,709.0,1000,DISTRICT31,TABLET,2260.0
PYRA-SAC,2025-08-01,HEALTH CENTER,4877.0,333.0,1448.0,3654.0,2738.0,13521.0,-95,864.0,1,DISTRICT25,SACHET,10783.0
SP,2025-08-01,HEALTH CENTER,662.0,0.0,292.0,57.0,,170.0,-248,115.0,1000,DISTRICT36,TABLET,170.0
RDT,2024-05-01,HEALTH CENTER,388.0,0.0,12.0,126.0,,20.0,-445,9.0,25,DISTRICT31,PIECE,20.0
RDT,2024-05-01,DISTRICT HOSPITAL,3.0,234.0,2.0,30.0,,0.0,-230,7.0,25,DISTRICT19,PIECE,0.0
ACT-SC,2025-08-01,HEALTH CENTER,52.0,0.0,56.0,589.0,,2571.0,1184,91.0,30,DISTRICT5,BLISTER,2571.0
RDT,2025-05-01,HEALTH CENTER,1650.0,268.0,1169.0,562.0,,5004.0,-145,891.0,25,DISTRICT5,PIECE,5004.0
QUIN,2024-11-01,HEALTH CENTER,425.0,1.0,103.0,238.0,648.0,1298.0,-311,73.0,1000,DISTRICT11,TABLET,650.0
ACT-INF,2025-05-01,HEALTH CENTER,556.0,9.0,399.0,193.0,,545.0,-257,252.0,30,DISTRICT15,BLISTER,545.0
ITN,2024-11-01,HEALTH CENTER,180.0,103.0,56.0,509.0,,6.0,573,13.0,50,DISTRICT27,PIECE,6.0
ACT-GC,2025-11-01,HEALTH CENTER,2122.0,25.0,618.0,1060.0,,2344.0,-150,482.0,30,DISTRICT32,BLISTER,2344.0
ART-INJ,2025-02-01,HEALTH CENTER,2901.0,191.0,629.0,4603.0,,0.0,380,274.0,5,DISTRICT15,VIAL,0.0
ACT-SC,2024-02-01,HEALTH CENTER,143.0,3.0,236.0,327.0,,280.0,475,400.0,30,DISTRICT33,BLISTER,280.0
ACT-INF,2024-05-01,HEALTH CENTER,323.0,4.0,191.0,133.0,1707.0,2527.0,-530,61.0,30,DISTRICT31,BLISTER,820.0
ACT-INF,2025-08-01,HEALTH CENTER,18.0,13.0,61.0,426.0,,9.0,-56,44.0,30,DISTRICT28,BLISTER,9.0
PYRA-SAC,2024-02-01,HEALTH CENTER,863.0,29.0,112.0,474.0,912.0,6.0,-685,42.0,1,DISTRICT15,SACHET,-906.0
ACT-SC,2025-11-01,HEALTH CENTER,2830.0,0.0,563.0,2065.0,,194.0,422,367.0,30,DISTRICT24,BLISTER,194.0
PYRA-SAC,2024-05-01,HEALTH CENTER,904.0,149.0,284.0,1034.0,,4359.0,525,190.0,1,DISTRICT29,SACHET,4359.0
SP,2024-05-01,HEALTH CENTER,722.0,0.0,30.0,222.0,160.0,0.0,-200,1.0,1000,DISTRICT17,TABLET,-160.0
SP,2025-08-01,HEALTH CENTER,1412.0,0.0,312.0,365.0,995.0,73.0,-534,134.0,1000,DISTRICT6,TABLET,-922.0
ART-INJ,2025-02-01,HEALTH CENTER,923.0,0.0,155.0,1082.0,,25.0,473,257.0,5,DISTRICT38,VIAL,25.0
ACT-GC,2024-02-01,HEALTH CENTER,657.0,1.0,51.0,441.0,450.0,0.0,-147,22.0,30,DISTRICT29,BLISTER,-450.0
ACT-AD,2024-05-01,HEALTH CENTER,107.0,0.0,49.0,474.0,,3.0,-300,23.0,30,DISTRICT38,BLISTER,3.0
ACT-INF,2024-08-01,HEALTH CENTER,4217.0,0.0,589.0,1954.0,,797.0,123,512.0,30,DISTRICT27,BLISTER,797.0
PYRA-SAC,2025-11-01,HEALTH CENTER,6052.0,625.0,1873.0,3102.0,,4931.0,-147,1269.0,1,DISTRICT29,SACHET,4931.0
QUIN,2024-02-01,HEALTH CENTER,3875.0,0.0,560.0,1140.0,,576.0,8,559.0,1000,DISTRICT1,TABLET,576.0
PYRA-SAC,2025-08-01,HEALTH CENTER,244.0,31.0,605.0,697.0,190.0,1222.0,439,934.0,1,DISTRICT1,SACHET,1032.0
ART-INJ,2024-08-01,HEALTH CENTER,2163.0,550.0,476.0,2906.0,378.0,540.0,333,442.0,5,DISTRICT11,VIAL,162.0
RDT,2025-11-01,HEALTH CENTER,1872.0,2.0,500.0,2121.0,225.0,1710.0,264,746.0,25,DISTRICT33,PIECE,1485.0
RDT,2025-11-01,HEALTH CENTER,566.0,139.0,368.0,448.0,,855.0,-152,208.0,25,DISTRICT8,PIECE,855.0
ACT-INF,2025-11-01,HEALTH CENTER,617.0,0.0,776.0,264.0,1132.0,10060.0,3,657.0,30,DISTRICT31,BLISTER,8928.0
ACT-GC,2025-02-01,HEALTH CENTER,79.0,0.0,78.0,438.0,,0.0,715,83.0,30,DISTRICT20,BLISTER,0.0
ACT-SC,2025-05-01,HEALTH CENTER,6342.0,0.0,712.0,2804.0,,35.0,-165,211.0,30,DISTRICT33,BLISTER,35.0
PYRA-SAC,2024-11-01,DISTRICT HOSPITAL,510.0,622.0,200.0,1373.0,,82.0,161,88.0,1,DISTRICT36,SACHET,82.0
ART-SUP,2024-11-01,HEALTH CENTER,271.0,2.0,4.0,217.0,331.0,1424.0,31,0.0,2,DISTRICT35,CAPSULE,1093.0
ITN,2025-11-01,HEALTH CENTER,3719.0,540.0,858.0,3313.0,,1.0,-664,1196.0,50,DISTRICT3,PIECE,1.0
ACT-GC,2025-02-01,DISTRICT HOSPITAL,3883.0,0.0,631.0,796.0,663.0,1016.0,-1016,749.0,30,DISTRICT38,BLISTER,353.0
ACT-AD,2024-11-01,HEALTH CENTER,582.0,0.0,388.0,1048.0,,8360.0,-465,360.0,30,DISTRICT26,BLISTER,8360.0
ART-INJ,2025-05-01,HEALTH CENTER,19.0,0.0,3.0,5.0,,3.0,-564,4.0,5,DISTRICT38,VIAL,3.0
PYRA-SAC,2025-11-01,HEALTH CENTER,9.0,16.0,2.0,15.0,320.0,0.0,-253,1.0,1,DISTRICT9,SACHET,-320.0
PYRA-COMP,2024-11-01,HEALTH CENTER,4817.0,2.0,1351.0,6007.0,368.0,589.0,374,827.0,1,DISTRICT28,TABLET,221.0
ITN,2024-08-01,HEALTH CENTER,5.0,53.0,7.0,4.0,554.0,35.0,3,1.0,50,DISTRICT11,PIECE,-519.0
PYRA-SAC,2024-11-01,HEALTH CENTER,1322.0,0.0,371.0,358.0,,742.0,364,174.0,1,DISTRICT36,SACHET,742.0
ACT-INF,2024-02-01,HEALTH CENTER,272.0,55.0,243.0,73.0,,2650.0,166,132.0,30,DISTRICT9,BLISTER,2650.0
ACT-GC,2024-02-01,HEALTH CENTER,176.0,11.0,166.0,248.0,,0.0,130,461.0,30,DISTRICT22,BLISTER,0.0
ACT-SC,2024-11-01,HEALTH CENTER,1999.0,24.0,283.0,482.0,,46.0,122,139.0,30,DISTRICT23,BLISTER,46.0
ACT-GC,2024-11-01,HEALTH CENTER,1275.0,122.0,123.0,1106.0,,149.0,-182,97.0,30,DISTRICT33,BLISTER,149.0
ACT-SC,2025-11-01,HEALTH CENTER,12.0,2.0,2.0,14.0,,0.0,84,1.0,30,DISTRICT25,BLISTER,0.0
ART-INJ,2024-05-01,HEALTH CENTER,9.0,3.0,4.0,5.0,,4.0,247,0.0,5,DISTRICT31,VIAL,4.0
ACT-AD,2025-11-01,HEALTH CENTER,0.0,1.0,1.0,2.0,,95.0,-305,0.0,30,DISTRICT35,BLISTER,95.0
ACT-SC,2025-08-01,HEALTH CENTER,169.0,320.0,117.0,28.0,,3478.0,627,86.0,30,DISTRICT33,BLISTER,3478.0
ART-INJ,2025-02-01,HEALTH CENTER,2.0,0.0,34.0,12.0,,1.0,684,2.0,5,DISTRICT31,VIAL,1.0
ACT-SC,2025-08-01,HEALTH CENTER,916.0,17.0,548.0,1718.0,,104.0,-301,198.0,30,DISTRICT24,BLISTER,104.0
PYRA-COMP,2024-02-01,HEALTH CENTER,0.0,2162.0,12.0,16.0,,1.0,-333,10.0,1,DISTRICT35,TABLET,1.0
SP,2025-02-01,HEALTH CENTER,50.0,5.0,15.0,521.0,,0.0,-482,3.0,1000,DISTRICT9,TABLET,0.0
PYRA-SAC,2024-02-01,HEALTH CENTER,2276.0,31.0,216.0,2204.0,1288.0,0.0,-646,155.0,1,DISTRICT3,SACHET,-1288.0
ART-SUP,2024-11-01,HEALTH CENTER,495.0,23.0,263.0,297.0,1271.0,5091.0,328,62.0,2,DISTRICT32,CAPSULE,3820.0
ACT-SC,2025-11-01,HEALTH CENTER,1883.0,22.0,163.0,825.0,,0.0,-27,48.0,30,DISTRICT24,BLISTER,0.0
ACT-GC,2024-05-01,HEALTH CENTER,33.0,3.0,6.0,69.0,,7.0,-135,19.0,30,DISTRICT37,BLISTER,7.0
ART-INJ,2024-02-01,DISTRICT HOSPITAL,12.0,9.0,39.0,458.0,,0.0,248,47.0,5,DISTRICT8,VIAL,0.0
ITN,2025-11-01,HEALTH CENTER,268.0,1.0,300.0,225.0,,94.0,-146,248.0,50,DISTRICT10,PIECE,94.0
ITN,2025-02-01,HEALTH CENTER,5909.0,4.0,1893.0,5418.0,,278.0,-415,1331.0,50,DISTRICT1,PIECE,278.0
ACT-AD,2024-02-01,HEALTH CENTER,1511.0,142.0,288.0,1528.0,,6.0,-110,144.0,30,DISTRICT36,BLISTER,6.0
RDT,2024-08-01,HEALTH CENTER,2327.0,6.0,723.0,2190.0,,136.0,30,357.0,25,DISTRICT32,PIECE,136.0
ACT-GC,2025-08-01,DISTRICT HOSPITAL,1908.0,0.0,231.0,363.0,,12.0,-657,18.0,30,DISTRICT19,BLISTER,12.0
ITN,2024-05-01,HEALTH CENTER,603.0,0.0,105.0,108.0,,0.0,480,18.0,50,DISTRICT12,PIECE,0.0
ITN,2025-08-01,HEALTH CENTER,395.0,89.0,332.0,856.0,828.0,3228.0,380,457.0,50,DISTRICT29,PIECE,2400.0
ACT-GC,2025-11-01,HEALTH CENTER,111.0,1.0,134.0,237.0,89.0,0.0,-522,60.0,30,DISTRICT12,BLISTER,-89.0
ACT-SC,2024-08-01,HEALTH CENTER,718.0,14.0,277.0,962.0,,571.0,524,61.0,30,DISTRICT20,BLISTER,571.0
ACT-SC,2025-11-01,HEALTH CENTER,117.0,0.0,34.0,176.0,,0.0,-623,5.0,30,DISTRICT5,BLISTER,0.0
ART-INJ,2025-11-01,DISTRICT HOSPITAL,466.0,287.0,107.0,592.0,633.0,57.0,-298,215.0,5,DISTRICT25,VIAL,-576.0
ART-SUP,2024-05-01,HEALTH CENTER,465.0,925.0,296.0,1110.0,1677.0,742.0,55,354.0,2,DISTRICT19,CAPSULE,-935.0
ACT-GC,2024-02-01,HEALTH CENTER,316.0,67.0,487.0,925.0,809.0,2730.0,-469,671.0,30,DISTRICT1,BLISTER,1921.0
ART-INJ,2025-05-01,HEALTH CENTER,243.0,10.0,173.0,30.0,981.0,309.0,352,357.0,5,DISTRICT15,VIAL,-672.0
ACT-AD,2025-08-01,HEALTH CENTER,584.0,451.0,110.0,886.0,,41.0,211,21.0,30,DISTRICT26,BLISTER,41.0
PYRA-SAC,2024-08-01,DISTRICT HOSPITAL,338.0,300.0,80.0,1151.0,,0.0,-81,33.0,1,DISTRICT8,SACHET,0.0
ACT-SC,2025-08-01,HEALTH CENTER,813.0,1.0,297.0,205.0,445.0,400.0,187,103.0,30,DISTRICT17,BLISTER,-45.0
SP,2024-08-01,HEALTH CENTER,891.0,381.0,36.0,1724.0,,3.0,397,51.0,1000,DISTRICT29,TABLET,3.0
ACT-GC,2024-11-01,HEALTH CENTER,1503.0,1.0,870.0,2995.0,,0.0,-573,569.0,30,DISTRICT10,BLISTER,0.0
ACT-GC,2025-02-01,HEALTH CENTER,1275.0,0.0,221.0,505.0,,3.0,-115,202.0,30,DISTRICT3,BLISTER,3.0
ACT-AD,2025-05-01,HEALTH CENTER,1203.0,0.0,167.0,381.0,,0.0,334,121.0,30,DISTRICT31,BLISTER,0.0
PYRA-SAC,2024-11-01,HEALTH CENTER,5659.0,5.0,1157.0,2782.0,,3155.0,147,1106.0,1,DISTRICT31,SACHET,3155.0
QUIN,2024-11-01,HEALTH CENTER,6420.0,143.0,1205.0,6305.0,,4152.0,-704,1747.0,1000,DISTRICT36,TABLET,4152.0
QUIN,2025-02-01,DISTRICT HOSPITAL,22.0,0.0,0.0,7.0,,16.0,999,0.0,1000,DISTRICT30,TABLET,16.0
ACT-SC,2024-02-01,HEALTH CENTER,3514.0,99.0,897.0,2067.0,,23.0,-93,953.0,30,DISTRICT16,BLISTER,23.0
RDT,2025-08-01,HEALTH CENTER,3036.0,1159.0,892.0,3574.0,1177.0,503.0,187,687.0,25,DISTRICT20,PIECE,-674.0
QUIN,2025-05-01,HEALTH CENTER,800.0,0.0,210.0,268.0,,8071.0,549,184.0,1000,DISTRICT36,TABLET,8071.0
RDT,2025-05-01,HEALTH CENTER,629.0,1.0,388.0,591.0,,3.0,249,139.0,25,DISTRICT17,PIECE,3.0
PYRA-SAC,2024-11-01,HEALTH CENTER,313.0,242.0,87.0,584.0,,0.0,-533,93.0,1,DISTRICT20,SACHET,0.0
ACT-INF,2024-11-01,HEALTH CENTER,430.0,1.0,31.0,48.0,,478.0,479,11.0,30,DISTRICT25,BLISTER,478.0
ACT-SC,2024-05-01,HEALTH CENTER,97.0,554.0,52.0,876.0,,1.0,-544,35.0,30,DISTRICT6,BLISTER,1.0
ACT-GC,2025-05-01,HEALTH CENTER,1772.0,8.0,194.0,1287.0,,1.0,115,108.0,30,DISTRICT2,BLISTER,1.0
ART-INJ,2024-11-01,HEALTH CENTER,59.0,2.0,115.0,416.0,195.0,0.0,619,43.0,5,DISTRICT33,VIAL,-195.0
QUIN,2024-02-01,HEALTH CENTER,518.0,80.0,244.0,1398.0,,1308.0,191,249.0,1000,DISTRICT5,TABLET,1308.0
ACT-INF,2025-08-01,HEALTH CENTER,411.0,0.0,549.0,493.0,1249.0,830.0,295,507.0,30,DISTRICT38,BLISTER,-419.0
SP,2025-05-01,HEALTH CENTER,1939.0,0.0,538.0,838.0,,1.0,496,610.0,1000,DISTRICT1,TABLET,1.0
ACT-AD,2025-05-01,HEALTH CENTER,244.0,1872.0,89.0,419.0,,3529.0,-522,126.0,30,DISTRICT9,BLISTER,3529.0
ACT-GC,2025-05-01,HEALTH CENTER,3615.0,0.0,631.0,1811.0,,1531.0,18,534.0,30,DISTRICT9,BLISTER,1531.0
QUIN,2024-11-01,HEALTH CENTER,410.0,0.0,64.0,222.0,,0.0,-28,224.0,1000,DISTRICT23,TABLET,0.0
ITN,2024-08-01,HEALTH CENTER,895.0,272.0,212.0,985.0,,1.0,365,494.0,50,DISTRICT38,PIECE,1.0
PYRA-COMP,2024-08-01,DISTRICT HOSPITAL,1262.0,14.0,214.0,761.0,,0.0,124,146.0,1,DISTRICT9,TABLET,0.0
QUIN,2025-05-01,HEALTH CENTER,7.0,29.0,81.0,122.0,,1799.0,380,37.0,1000,DISTRICT35,TABLET,1799.0
PYRA-SAC,2025-08-01,REGIONAL HOSPITAL,2856.0,682.0,574.0,3772.0,1497.0,0.0,185,793.0,1,DISTRICT36,SACHET,-1497.0
ACT-AD,2025-11-01,HEALTH CENTER,1739.0,545.0,1550.0,1221.0,779.0,10870.0,701,1302.0,30,DISTRICT33,BLISTER,10091.0
ACT-GC,2025-02-01,HEALTH CENTER,856.0,0.0,40.0,188.0,,0.0,-41,14.0,30,DISTRICT28,BLISTER,0.0
ACT-INF,2025-05-01,HEALTH CENTER,590.0,0.0,89.0,678.0,492.0,1.0,-703,21.0,30,DISTRICT30,BLISTER,-491.0
ART-INJ,2024-05-01,HEALTH CENTER,176.0,120.0,139.0,135.0,,131.0,242,75.0,5,DISTRICT28,VIAL,131.0
SP,2025-05-01,HEALTH CENTER,43.0,0.0,24.0,5.0,,0.0,180,6.0,1000,DISTRICT33,TABLET,0.0
ACT-AD,2025-08-01,HEALTH CENTER,19.0,1499.0,23.0,133.0,572.0,4.0,-334,10.0,30,DISTRICT3,BLISTER,-568.0
PYRA-COMP,2025-08-01,HEALTH CENTER,6877.0,594.0,2308.0,6125.0,,65.0,743,2790.0,1,DISTRICT29,TABLET,65.0
ACT-GC,2024-05-01,HEALTH CENTER,3.0,3.0,18.0,76.0,,64.0,812,7.0,30,DISTRICT23,BLISTER,64.0
ART-INJ,2025-02-01,HEALTH CENTER,1459.0,0.0,112.0,454.0,644.0,210.0,442,39.0,5,DISTRICT36,VIAL,-434.0
ACT-AD,2024-08-01,HEALTH CENTER,5387.0,277.0,953.0,5499.0,,350.0,-80,754.0,30,DISTRICT25,BLISTER,350.0
RDT,2024-05-01,HEALTH CENTER,97.0,2.0,104.0,22.0,,0.0,528,13.0,25,DISTRICT29,PIECE,0.0
RDT,2024-05-01,HEALTH CENTER,180.0,2.0,89.0,371.0,,32.0,370,35.0,25,DISTRICT32,PIECE,32.0
ACT-AD,2025-02-01,HEALTH CENTER,429.0,2.0,33.0,116.0,,42.0,-288,9.0,30,DISTRICT20,BLISTER,42.0
SP,2024-05-01,HEALTH CENTER,740.0,250.0,349.0,1346.0,,6.0,203,229.0,1000,DISTRICT3,TABLET,6.0
ACT-AD,2024-11-01,HEALTH CENTER,895.0,35.0,71.0,583.0,576.0,5.0,192,5.0,30,DISTRICT22,BLISTER,-571.0
RDT,2025-05-01,HEALTH CENTER,1.0,0.0,2.0,1.0,,1.0,-546,0.0,25,DISTRICT32,PIECE,1.0
SP,2025-08-01,DISTRICT HOSPITAL,386.0,0.0,157.0,1033.0,110.0,0.0,360,230.0,1000,DISTRICT4,TABLET,-110.0
ACT-GC,2025-11-01,HEALTH CENTER,191.0,606.0,183.0,505.0,572.0,0.0,-154,208.0,30,DISTRICT20,BLISTER,-572.0
ACT-GC,2025-02-01,HEALTH CENTER,88.0,1.0,54.0,35.0,,140.0,-857,79.0,30,DISTRICT13,BLISTER,140.0
QUIN,2024-11-01,HEALTH CENTER,948.0,1.0,196.0,1216.0,466.0,15.0,225,73.0,1000,DISTRICT23,TABLET,-451.0
SP,2024-08-01,HEALTH CENTER,59.0,0.0,5.0,113.0,,0.0,258,4.0,1000,DISTRICT12,TABLET,0.0
ACT-INF,2024-05-01,HEALTH CENTER,1416.0,15.0,679.0,1185.0,1176.0,8518.0,-371,432.0,30,DISTRICT32,BLISTER,7342.0
ACT-GC,2025-11-01,HEALTH CENTER,35.0,220.0,23.0,54.0,,132.0,223,4.0,30,DISTRICT31,BLISTER,132.0
ART-INJ,2024-11-01,HEALTH CENTER,2704.0,6.0,488.0,3204.0,593.0,43.0,-85,157.0,5,DISTRICT21,VIAL,-550.0
ART-SUP,2025-11-01,HEALTH CENTER,2823.0,593.0,747.0,2162.0,390.0,6.0,201,642.0,2,DISTRICT10,CAPSULE,-384.0
QUIN,2024-08-01,HEALTH CENTER,639.0,999.0,289.0,2673.0,,6648.0,-82,467.0,1000,DISTRICT10,TABLET,6648.0
PYRA-SAC,2024-08-01,HEALTH CENTER,1083.0,0.0,171.0,133.0,,1877.0,-41,504.0,1,DISTRICT13,SACHET,1877.0
ART-SUP,2025-02-01,HEALTH CENTER,1486.0,1.0,100.0,713.0,,1.0,815,2.0,2,DISTRICT28,CAPSULE,1.0
ACT-GC,2024-08-01,DISTRICT HOSPITAL,1430.0,102.0,51.0,528.0,700.0,0.0,-600,104.0,30,DISTRICT29,BLISTER,-700.0
ITN,2025-05-01,HEALTH CENTER,4674.0,1869.0,1301.0,6276.0,,2.0,-182,913.0,50,DISTRICT1,PIECE,2.0
RDT,2024-05-01,HEALTH CENTER,228.0,13.0,116.0,144.0,,2.0,-114,72.0,25,DISTRICT33,PIECE,2.0
ART-INJ,2024-11-01,HEALTH CENTER,322.0,34.0,57.0,708.0,,7.0,25,56.0,5,DISTRICT37,VIAL,7.0
PYRA-SAC,2024-02-01,HEALTH CENTER,1086.0,209.0,120.0,1952.0,,42.0,-768,59.0,1,DISTRICT36,SACHET,42.0
ACT-INF,2024-08-01,HEALTH CENTER,1025.0,0.0,542.0,1872.0,,169.0,372,829.0,30,DISTRICT1,BLISTER,169.0
ACT-SC,2025-08-01,HEALTH CENTER,3417.0,3.0,434.0,3537.0,,0.0,-43,67.0,30,DISTRICT26,BLISTER,0.0
ACT-GC,2025-11-01,HEALTH CENTER,894.0,2941.0,479.0,1300.0,,95.0,-198,299.0,30,DISTRICT32,BLISTER,95.0
ACT-INF,2025-08-01,HEALTH CENTER,578.0,0.0,555.0,1444.0,833.0,0.0,194,254.0,30,DISTRICT18,BLISTER,-833.0
ITN,2025-08-01,HEALTH CENTER,13.0,0.0,1.0,12.0,684.0,16.0,209,2.0,50,DISTRICT23,PIECE,-668.0
RDT,2025-08-01,HEALTH CENTER,18.0,0.0,38.0,22.0,,66.0,375,47.0,25,DISTRICT13,PIECE,66.0
PYRA-COMP,2025-02-01,DISTRICT HOSPITAL,3397.0,31.0,950.0,2548.0,707.0,15.0,167,157.0,1,DISTRICT8,TABLET,-692.0
ACT-AD,2025-08-01,HEALTH CENTER,341.0,0.0,334.0,271.0,57.0,111.0,-188,451.0,30,DISTRICT32,BLISTER,54.0
ITN,2024-08-01,HEALTH CENTER,146.0,166.0,6.0,716.0,,1.0,168,15.0,50,DISTRICT20,PIECE,1.0
ART-INJ,2025-08-01,HEALTH CENTER,431.0,2125.0,142.0,922.0,,56.0,-264,188.0,5,DISTRICT32,VIAL,56.0
ART-INJ,2024-08-01,HEALTH CENTER,620.0,851.0,599.0,2279.0,,881.0,487,230.0,5,DISTRICT3,VIAL,881.0
RDT,2025-05-01,HEALTH CENTER,87.0,833.0,4.0,104.0,786.0,0.0,-409,2.0,25,DISTRICT32,PIECE,-786.0
ART-INJ,2025-11-01,HEALTH CENTER,311.0,0.0,160.0,193.0,1414.0,46.0,-230,153.0,5,DISTRICT38,VIAL,-1368.0
PYRA-SAC,2025-11-01,HEALTH CENTER,3951.0,517.0,1145.0,6108.0,1970.0,136.0,-469,1177.0,1,DISTRICT32,SACHET,-1834.0
ACT-SC,2025-08-01,HEALTH CENTER,7580.0,75.0,1231.0,5624.0,,0.0,601,660.0,30,DISTRICT14,BLISTER,0.0
ART-SUP,2024-05-01,HEALTH CENTER,1205.0,150.0,88.0,916.0,694.0,101.0,-625,58.0,2,DISTRICT36,CAPSULE,-593.0
ACT-AD,2025-02-01,HEALTH CENTER,137.0,56.0,105.0,1508.0,,0.0,113,24.0,30,DISTRICT4,BLISTER,0.0
RDT,2024-02-01,HEALTH CENTER,171.0,0.0,11.0,143.0,,81.0,112,2.0,25,DISTRICT23,PIECE,81.0
SP,2025-08-01,HEALTH CENTER,1692.0,52.0,335.0,1311.0,,0.0,-97,211.0,1000,DISTRICT5,TABLET,0.0
SP,2024-08-01,HEALTH CENTER,6.0,0.0,109.0,24.0,1212.0,7177.0,344,116.0,1000,DISTRICT9,TABLET,5965.0
ACT-INF,2025-05-01,HEALTH CENTER,436.0,0.0,176.0,310.0,829.0,855.0,465,41.0,30,DISTRICT1,BLISTER,26.0
SP,2025-05-01,HEALTH CENTER,2855.0,0.0,663.0,1974.0,,5854.0,-365,997.0,1000,DISTRICT30,TABLET,5854.0
ITN,2025-02-01,HEALTH CENTER,752.0,497.0,23.0,100.0,,0.0,-1046,11.0,50,DISTRICT4,PIECE,0.0
ART-INJ,2025-08-01,HEALTH CENTER,682.0,116.0,756.0,1090.0,,5178.0,-106,247.0,5,DISTRICT33,VIAL,5178.0
PYRA-SAC,2024-02-01,HEALTH CENTER,1749.0,3.0,319.0,809.0,732.0,118.0,-76,450.0,1,DISTRICT31,SACHET,-614.0
ACT-AD,2024-11-01,HEALTH CENTER,128.0,17.0,36.0,161.0,117.0,0.0,388,3.0,30,DISTRICT23,BLISTER,-117.0
QUIN,2024-02-01,HEALTH CENTER,3258.0,54.0,290.0,3753.0,,48.0,-36,167.0,1000,DISTRICT36,TABLET,48.0
RDT,2025-11-01,HEALTH CENTER,193.0,39.0,26.0,140.0,,0.0,-292,24.0,25,DISTRICT26,PIECE,0.0
ART-SUP,2025-11-01,HEALTH CENTER,3316.0,242.0,777.0,2831.0,660.0,9.0,172,594.0,2,DISTRICT3,CAPSULE,-651.0
RDT,2025-11-01,HEALTH CENTER,2839.0,0.0,364.0,2193.0,,1100.0,-355,261.0,25,DISTRICT20,PIECE,1100.0
ACT-SC,2024-11-01,HEALTH CENTER,512.0,0.0,28.0,669.0,,0.0,-155,30.0,30,DISTRICT9,BLISTER,0.0
ART-SUP,2024-08-01,HEALTH CENTER,537.0,273.0,153.0,1371.0,,0.0,75,80.0,2,DISTRICT30,CAPSULE,0.0
SP,2025-08-01,DISTRICT HOSPITAL,563.0,22.0,199.0,653.0,,0.0,776,193.0,1000,DISTRICT9,TABLET,0.0
ART-SUP,2024-11-01,HEALTH CENTER,18.0,8.0,9.0,4.0,705.0,4.0,107,1.0,2,DISTRICT28,CAPSULE,-701.0
QUIN,2024-11-01,HEALTH CENTER,1537.0,0.0,98.0,1431.0,,173.0,-117,38.0,1000,DISTRICT31,TABLET,173.0
ACT-AD,2024-11-01,HEALTH CENTER,1550.0,0.0,216.0,398.0,416.0,47.0,-212,128.0,30,DISTRICT29,BLISTER,-369.0
PYRA-COMP,2025-11-01,HEALTH CENTER,254.0,1798.0,134.0,2347.0,,134.0,-352,103.0,1,DISTRICT8,TABLET,134.0
ACT-AD,2024-08-01,HEALTH CENTER,1214.0,66.0,568.0,1514.0,,114.0,288,435.0,30,DISTRICT20,BLISTER,114.0
ITN,2024-05-01,HEALTH CENTER,3938.0,0.0,373.0,2729.0,,2.0,-306,141.0,50,DISTRICT9,PIECE,2.0
ACT-AD,2025-11-01,HEALTH CENTER,2.0,29.0,35.0,39.0,,699.0,2,16.0,30,DISTRICT7,BLISTER,699.0
ITN,2025-08-01,HEALTH CENTER,11263.0,26.0,1560.0,6936.0,,158.0,740,1066.0,50,DISTRICT20,PIECE,158.0
ACT-AD,2025-11-01,HEALTH CENTER,776.0,2.0,207.0,542.0,,27.0,482,60.0,30,DISTRICT9,BLISTER,27.0
PYRA-COMP,2024-11-01,HEALTH CENTER,98.0,0.0,46.0,51.0,,27.0,-30,29.0,1,DISTRICT33,TABLET,27.0
ACT-INF,2024-08-01,HEALTH CENTER,3151.0,1044.0,1539.0,1304.0,,8181.0,51,1239.0,30,DISTRICT3,BLISTER,8181.0
ACT-AD,2025-02-01,HEALTH CENTER,2568.0,1.0,924.0,165.0,,0.0,-1255,443.0,30,DISTRICT30,BLISTER,0.0
ACT-INF,2024-05-01,HEALTH CENTER,153.0,0.0,47.0,718.0,186.0,1.0,-30,27.0,30,DISTRICT4,BLISTER,-185.0
ART-SUP,2024-05-01,HEALTH CENTER,713.0,64.0,124.0,435.0,,3126.0,-694,206.0,2,DISTRICT28,CAPSULE,3126.0
ACT-INF,2024-05-01,HEALTH CENTER,1913.0,0.0,448.0,446.0,,583.0,207,572.0,30,DISTRICT22,BLISTER,583.0
RDT,2024-05-01,NATIONAL HOSPITAL,15.0,0.0,15.0,4.0,,20.0,-315,12.0,25,DISTRICT26,PIECE,20.0
ART-SUP,2024-08-01,HEALTH CENTER,1242.0,22.0,169.0,652.0,267.0,38.0,-479,127.0,2,DISTRICT28,CAPSULE,-229.0
ACT-AD,2025-02-01,HEALTH CENTER,2920.0,0.0,69.0,3460.0,1010.0,0.0,328,233.0,30,DISTRICT21,BLISTER,-1010.0
ACT-AD,2025-11-01,HEALTH CENTER,5832.0,71.0,1019.0,3820.0,1390.0,15128.0,-397,944.0,30,DISTRICT20,BLISTER,13738.0
ITN,2025-08-01,HEALTH CENTER,2082.0,466.0,517.0,3688.0,1173.0,590.0,252,204.0,50,DISTRICT28,PIECE,-583.0
ART-INJ,2025-02-01,HEALTH CENTER,310.0,64.0,229.0,95.0,,1956.0,-651,357.0,5,DISTRICT28,VIAL,1956.0
QUIN,2024-02-01,HEALTH CENTER,310.0,0.0,200.0,200.0,,576.0,-403,149.0,1000,DISTRICT13,TABLET,576.0
ACT-GC,2025-02-01,DISTRICT HOSPITAL,652.0,53.0,67.0,163.0,,43.0,326,75.0,30,DISTRICT13,BLISTER,43.0
ART-SUP,2024-11-01,HEALTH CENTER,224.0,395.0,298.0,345.0,,204.0,-269,54.0,2,DISTRICT28,CAPSULE,204.0
PYRA-COMP,2025-08-01,HEALTH CENTER,1176.0,248.0,587.0,435.0,,174.0,692,750.0,1,DISTRICT19,TABLET,174.0
ACT-AD,2025-05-01,HEALTH CENTER,102.0,336.0,16.0,85.0,,539.0,-53,9.0,30,DISTRICT3,BLISTER,539.0
ACT-AD,2024-05-01,HEALTH CENTER,78.0,613.0,79.0,73.0,,249.0,-276,82.0,30,DISTRICT31,BLISTER,249.0
RDT,2025-02-01,HEALTH CENTER,1664.0,1107.0,318.0,1882.0,482.0,4.0,-46,79.0,25,DISTRICT38,PIECE,-478.0
ITN,2024-02-01,HEALTH CENTER,52.0,0.0,49.0,202.0,,342.0,531,88.0,50,DISTRICT21,PIECE,342.0
RDT,2024-08-01,HEALTH CENTER,1809.0,958.0,731.0,3156.0,544.0,351.0,-44,1031.0,25,DISTRICT26,PIECE,-193.0
SP,2025-02-01,HEALTH CENTER,676.0,0.0,549.0,471.0,,8214.0,710,587.0,1000,DISTRICT29,TABLET,8214.0
ACT-SC,2025-05-01,HEALTH CENTER,380.0,78.0,402.0,120.0,,65.0,325,461.0,30,DISTRICT3,BLISTER,65.0
ITN,2025-05-01,HEALTH CENTER,2051.0,281.0,1315.0,1778.0,,697.0,-706,1437.0,50,DISTRICT12,PIECE,697.0
ACT-SC,2025-05-01,HEALTH CENTER,513.0,16.0,383.0,292.0,,0.0,-867,345.0,30,DISTRICT10,BLISTER,0.0
ACT-INF,2025-08-01,HEALTH CENTER,3585.0,33.0,208.0,2837.0,1009.0,217.0,216,100.0,30,DISTRICT10,BLISTER,-792.0
RDT,2024-02-01,HEALTH CENTER,3198.0,1.0,410.0,2221.0,,34.0,-492,282.0,25,DISTRICT8,PIECE,34.0
ACT-SC,2025-08-01,HEALTH CENTER,18.0,0.0,5.0,22.0,,17.0,1110,1.0,30,DISTRICT8,BLISTER,17.0
ACT-AD,2024-05-01,HEALTH CENTER,1528.0,607.0,487.0,823.0,679.0,75.0,231,292.0,30,DISTRICT30,BLISTER,-604.0
ART-INJ,2025-11-01,HEALTH CENTER,94.0,10.0,116.0,795.0,,1.0,748,47.0,5,DISTRICT13,VIAL,1.0
ACT-AD,2025-08-01,HEALTH CENTER,2299.0,306.0,672.0,813.0,,154.0,-365,588.0,30,DISTRICT35,BLISTER,154.0
ACT-SC,2025-08-01,HEALTH CENTER,996.0,0.0,67.0,822.0,474.0,39.0,135,6.0,30,DISTRICT9,BLISTER,-435.0
PYRA-SAC,2024-02-01,HEALTH CENTER,50.0,293.0,17.0,70.0,,48.0,329,6.0,1,DISTRICT30,SACHET,48.0
ACT-SC,2024-02-01,HEALTH CENTER,956.0,0.0,304.0,1068.0,,30.0,215,159.0,30,DISTRICT32,BLISTER,30.0
PYRA-SAC,2024-05-01,HEALTH CENTER,105.0,0.0,20.0,171.0,,5.0,424,30.0,1,DISTRICT16,SACHET,5.0
ACT-SC,2024-11-01,HEALTH CENTER,2845.0,894.0,1324.0,5400.0,2166.0,105.0,446,864.0,30,DISTRICT35,BLISTER,-2061.0
PYRA-COMP,2025-08-01,HEALTH CENTER,658.0,1098.0,522.0,1559.0,,1.0,49,385.0,1,DISTRICT9,TABLET,1.0
SP,2024-02-01,HEALTH CENTER,1741.0,38.0,792.0,721.0,1941.0,2995.0,-44,587.0,1000,DISTRICT13,TABLET,1054.0
ACT-INF,2024-05-01,HEALTH CENTER,3146.0,105.0,593.0,1674.0,,6260.0,357,621.0,30,DISTRICT16,BLISTER,6260.0
ART-INJ,2024-05-01,HEALTH CENTER,2030.0,203.0,674.0,2250.0,1708.0,39.0,-1066,476.0,5,DISTRICT3,VIAL,-1669.0
ITN,2024-02-01,HEALTH CENTER,167.0,2.0,518.0,139.0,,2704.0,-179,212.0,50,DISTRICT1,PIECE,2704.0
ART-SUP,2025-02-01,HEALTH CENTER,1667.0,10.0,590.0,2322.0,,125.0,-456,435.0,2,DISTRICT19,CAPSULE,125.0
SP,2024-08-01,HEALTH CENTER,1069.0,34.0,228.0,442.0,474.0,833.0,-926,298.0,1000,DISTRICT20,TABLET,359.0
PYRA-SAC,2025-05-01,DISTRICT HOSPITAL,4311.0,610.0,841.0,2352.0,,4754.0,396,843.0,1,DISTRICT19,SACHET,4754.0
ART-SUP,2024-02-01,HEALTH CENTER,2038.0,602.0,1147.0,2950.0,,3377.0,-471,1376.0,2,DISTRICT23,CAPSULE,3377.0
ACT-GC,2024-05-01,HEALTH CENTER,2493.0,1.0,256.0,1936.0,,0.0,206,38.0,30,DISTRICT29,BLISTER,0.0
QUIN,2025-08-01,HEALTH CENTER,1493.0,5.0,256.0,927.0,,1.0,-435,158.0,1000,DISTRICT30,TABLET,1.0
SP,2025-08-01,HEALTH CENTER,6303.0,6.0,2051.0,6467.0,,7058.0,-142,2153.0,1000,DISTRICT30,TABLET,7058.0
ART-SUP,2024-02-01,HEALTH CENTER,288.0,0.0,253.0,223.0,,1.0,345,170.0,2,DISTRICT33,CAPSULE,1.0
ACT-INF,2024-08-01,HEALTH CENTER,3832.0,677.0,1015.0,6571.0,515.0,66.0,-838,1026.0,30,DISTRICT7,BLISTER,-449.0
SP,2024-05-01,HEALTH CENTER,1029.0,96.0,187.0,707.0,1180.0,4.0,-428,100.0,1000,DISTRICT11,TABLET,-1176.0
ACT-GC,2024-11-01,HEALTH CENTER,208.0,21.0,493.0,249.0,,4971.0,577,418.0,30,DISTRICT23,BLISTER,4971.0
ACT-GC,2024-08-01,HEALTH CENTER,1770.0,112.0,531.0,2645.0,697.0,2940.0,-222,438.0,30,DISTRICT14,BLISTER,2243.0
QUIN,2024-02-01,HEALTH CENTER,473.0,4.0,118.0,1119.0,325.0,0.0,-356,2.0,1000,DISTRICT28,TABLET,-325.0
ART-INJ,2024-11-01,HEALTH CENTER,1161.0,0.0,184.0,108.0,,3.0,347,191.0,5,DISTRICT5,VIAL,3.0
PYRA-COMP,2024-05-01,HEALTH CENTER,165.0,550.0,102.0,229.0,,449.0,645,79.0,1,DISTRICT13,TABLET,449.0
ACT-INF,2025-02-01,HEALTH CENTER,6210.0,64.0,1142.0,5145.0,,4.0,314,895.0,30,DISTRICT20,BLISTER,4.0
ITN,2025-11-01,HEALTH CENTER,36.0,15.0,16.0,21.0,,0.0,-194,3.0,50,DISTRICT12,PIECE,0.0
PYRA-SAC,2025-11-01,HEALTH CENTER,4.0,0.0,13.0,2.0,,1.0,-52,8.0,1,DISTRICT15,SACHET,1.0
ACT-GC,2024-11-01,HEALTH CENTER,2546.0,20.0,780.0,329.0,1382.0,13268.0,58,822.0,30,DISTRICT32,BLISTER,11886.0
SP,2024-08-01,HEALTH CENTER,1247.0,0.0,30.0,243.0,,0.0,-43,41.0,1000,DISTRICT22,TABLET,0.0
ACT-AD,2024-08-01,HEALTH CENTER,176.0,0.0,58.0,43.0,,548.0,330,119.0,30,DISTRICT31,BLISTER,548.0
ITN,2024-11-01,HEALTH CENTER,356.0,19.0,98.0,2606.0,,0.0,-376,23.0,50,DISTRICT33,PIECE,0.0
RDT,2025-11-01,DISTRICT HOSPITAL,158.0,921.0,354.0,1011.0,,5.0,-501,403.0,25,DISTRICT21,PIECE,5.0
ACT-INF,2025-08-01,HEALTH CENTER,868.0,1.0,253.0,862.0,,7581.0,-114,91.0,30,DISTRICT6,BLISTER,7581.0
RDT,2024-08-01,HEALTH CENTER,776.0,0.0,147.0,52.0,,2.0,-194,9.0,25,DISTRICT32,PIECE,2.0
ACT-GC,2025-08-01,HEALTH CENTER,765.0,92.0,191.0,1326.0,,3.0,22,34.0,30,DISTRICT13,BLISTER,3.0
ACT-AD,2025-11-01,DISTRICT HOSPITAL,287.0,2.0,128.0,1464.0,,4.0,120,49.0,30,DISTRICT22,BLISTER,4.0
QUIN,2025-02-01,HEALTH CENTER,76.0,12.0,165.0,435.0,,2261.0,63,632.0,1000,DISTRICT17,TABLET,2261.0
ACT-GC,2024-02-01,HEALTH CENTER,2767.0,578.0,629.0,2137.0,847.0,1152.0,-40,289.0,30,DISTRICT38,BLISTER,305.0
PYRA-SAC,2025-02-01,HEALTH CENTER,1378.0,0.0,38.0,204.0,,90.0,-427,35.0,1,DISTRICT25,SACHET,90.0
ACT-SC,2024-11-01,HEALTH CENTER,0.0,1.0,0.0,2.0,,0.0,483,0.0,30,DISTRICT22,BLISTER,0.0
ACT-GC,2025-08-01,HEALTH CENTER,2093.0,0.0,1056.0,735.0,,56.0,-12,768.0,30,DISTRICT23,BLISTER,56.0
ACT-GC,2024-05-01,HEALTH CENTER,1.0,16.0,14.0,46.0,,4.0,-604,2.0,30,DISTRICT17,BLISTER,4.0
ART-INJ,2024-05-01,HEALTH CENTER,605.0,365.0,102.0,1464.0,,555.0,-57,69.0,5,DISTRICT17,VIAL,555.0
ITN,2024-11-01,HEALTH CENTER,339.0,1.0,45.0,246.0,666.0,1.0,-215,8.0,50,DISTRICT25,PIECE,-665.0
ACT-AD,2024-05-01,HEALTH CENTER,9062.0,14.0,2219.0,5705.0,,277.0,-861,1332.0,30,DISTRICT32,BLISTER,277.0
ART-SUP,2024-11-01,HEALTH CENTER,3328.0,1556.0,1550.0,3004.0,,4.0,-875,1426.0,2,DISTRICT28,CAPSULE,4.0
QUIN,2025-08-01,HEALTH CENTER,328.0,1.0,140.0,437.0,,66.0,-158,135.0,1000,DISTRICT25,TABLET,66.0
ART-SUP,2025-11-01,HEALTH CENTER,3362.0,231.0,386.0,1036.0,1570.0,862.0,-28,122.0,2,DISTRICT7,CAPSULE,-708.0
SP,2025-02-01,HEALTH CENTER,2865.0,0.0,383.0,4605.0,,109.0,246,145.0,1000,DISTRICT14,TABLET,109.0
RDT,2025-02-01,HEALTH CENTER,1551.0,1.0,696.0,2184.0,,119.0,-206,300.0,25,DISTRICT21,PIECE,119.0
PYRA-SAC,2024-11-01,HEALTH CENTER,511.0,35.0,126.0,901.0,,0.0,691,37.0,1,DISTRICT25,SACHET,0.0
RDT,2025-02-01,HEALTH CENTER,1426.0,177.0,351.0,1780.0,,1788.0,405,402.0,25,DISTRICT37,PIECE,1788.0
ART-SUP,2025-02-01,HEALTH CENTER,945.0,5.0,72.0,411.0,,1586.0,247,63.0,2,DISTRICT29,CAPSULE,1586.0
ACT-SC,2024-05-01,HEALTH CENTER,4954.0,1259.0,2348.0,3867.0,,15383.0,-811,3487.0,30,DISTRICT1,BLISTER,15383.0
ITN,2025-11-01,HEALTH CENTER,1460.0,963.0,185.0,3064.0,,0.0,541,43.0,50,DISTRICT26,PIECE,0.0
ACT-GC,2024-11-01,HEALTH CENTER,3955.0,7.0,615.0,5619.0,,0.0,640,788.0,30,DISTRICT33,BLISTER,0.0
ACT-GC,2025-02-01,HEALTH CENTER,168.0,26.0,20.0,13.0,,0.0,-261,11.0,30,DISTRICT35,BLISTER,0.0
ART-SUP,2024-08-01,HEALTH CENTER,539.0,1.0,215.0,386.0,,4.0,-440,481.0,2,DISTRICT19,CAPSULE,4.0
ITN,2025-02-01,DISTRICT HOSPITAL,729.0,212.0,406.0,631.0,,1.0,-334,109.0,50,DISTRICT7,PIECE,1.0
PYRA-COMP,2025-05-01,HEALTH CENTER,708.0,636.0,339.0,1698.0,,860.0,342,259.0,1,DISTRICT28,TABLET,860.0
ART-SUP,2025-05-01,HEALTH CENTER,3.0,9.0,12.0,51.0,546.0,48.0,-150,11.0,2,DISTRICT13,CAPSULE,-498.0
SP,2024-05-01,HEALTH CENTER,20.0,75.0,1.0,22.0,,21.0,269,1.0,1000,DISTRICT35,TABLET,21.0
ITN,2024-08-01,HEALTH CENTER,57.0,1.0,77.0,8.0,,1964.0,-7,45.0,50,DISTRICT20,PIECE,1964.0
RDT,2024-11-01,HEALTH CENTER,3077.0,0.0,315.0,319.0,,2448.0,-719,518.0,25,DISTRICT25,PIECE,2448.0
ITN,2024-11-01,HEALTH CENTER,338.0,241.0,49.0,358.0,,2.0,550,18.0,50,DISTRICT10,PIECE,2.0
ACT-SC,2024-08-01,HEALTH CENTER,594.0,582.0,463.0,580.0,96.0,0.0,335,875.0,30,DISTRICT25,BLISTER,-96.0
PYRA-SAC,2024-02-01,HEALTH CENTER,447.0,19.0,246.0,495.0,,2.0,444,141.0,1,DISTRICT36,SACHET,2.0
ART-INJ,2025-02-01,HEALTH CENTER,1405.0,23.0,757.0,1199.0,,5606.0,-871,747.0,5,DISTRICT37,VIAL,5606.0
ACT-AD,2024-05-01,HEALTH CENTER,667.0,1.0,15.0,733.0,171.0,2.0,-624,1.0,30,DISTRICT31,BLISTER,-169.0
SP,2024-05-01,HEALTH CENTER,244.0,10.0,19.0,65.0,,1.0,-294,12.0,1000,DISTRICT3,TABLET,1.0
ACT-AD,2025-05-01,HEALTH CENTER,5.0,41.0,71.0,82.0,,42.0,0,96.0,30,DISTRICT31,BLISTER,42.0
ART-INJ,2024-05-01,HEALTH CENTER,80.0,45.0,102.0,187.0,,2415.0,143,24.0,5,DISTRICT16,VIAL,2415.0
PYRA-SAC,2025-05-01,HEALTH CENTER,1726.0,10.0,290.0,1357.0,,636.0,264,112.0,1,DISTRICT7,SACHET,636.0
ITN,2025-11-01,HEALTH CENTER,1040.0,0.0,192.0,371.0,,646.0,-495,269.0,50,DISTRICT31,PIECE,646.0
ART-INJ,2025-05-01,HEALTH CENTER,80.0,238.0,130.0,580.0,282.0,23.0,-502,29.0,5,DISTRICT32,VIAL,-259.0
RDT,2024-08-01,HEALTH CENTER,879.0,1040.0,947.0,2550.0,,177.0,66,779.0,25,DISTRICT28,PIECE,177.0
ACT-SC,2025-05-01,HEALTH CENTER,5.0,0.0,1.0,6.0,417.0,391.0,-137,0.0,30,DISTRICT15,BLISTER,-26.0
SP,2024-11-01,HEALTH CENTER,714.0,0.0,238.0,296.0,,49.0,-468,212.0,1000,DISTRICT7,TABLET,49.0
ACT-GC,2024-11-01,HEALTH CENTER,10831.0,8.0,1212.0,8070.0,514.0,0.0,10,553.0,30,DISTRICT1,BLISTER,-514.0
SP,2025-02-01,HEALTH CENTER,1518.0,0.0,128.0,459.0,521.0,0.0,194,210.0,1000,DISTRICT5,TABLET,-521.0
RDT,2024-11-01,HEALTH CENTER,5.0,1.0,3.0,18.0,,0.0,-3,2.0,25,DISTRICT31,PIECE,0.0
ACT-SC,2024-08-01,HEALTH CENTER,2922.0,37.0,282.0,3221.0,,0.0,110,162.0,30,DISTRICT23,BLISTER,0.0
ART-INJ,2024-05-01,HEALTH CENTER,578.0,0.0,116.0,74.0,,989.0,469,241.0,5,DISTRICT21,VIAL,989.0
ITN,2024-05-01,HEALTH CENTER,2570.0,345.0,1235.0,8066.0,,2477.0,982,2441.0,50,DISTRICT32,PIECE,2477.0
PYRA-COMP,2025-11-01,HEALTH CENTER,710.0,0.0,156.0,69.0,,71.0,380,87.0,1,DISTRICT1,TABLET,71.0
RDT,2025-02-01,HEALTH CENTER,891.0,5.0,620.0,382.0,437.0,2296.0,572,573.0,25,DISTRICT1,PIECE,1859.0
ACT-INF,2024-02-01,HEALTH CENTER,8.0,13.0,29.0,127.0,1728.0,1.0,213,21.0,30,DISTRICT22,BLISTER,-1727.0
RDT,2024-02-01,HEALTH CENTER,69.0,211.0,137.0,286.0,504.0,762.0,292,161.0,25,DISTRICT7,PIECE,258.0
PYRA-COMP,2025-05-01,HEALTH CENTER,2901.0,407.0,860.0,1521.0,,122.0,341,291.0,1,DISTRICT24,TABLET,122.0
PYRA-COMP,2024-05-01,HEALTH CENTER,3177.0,59.0,1109.0,1382.0,,12926.0,414,1367.0,1,DISTRICT13,TABLET,12926.0
SP,2024-08-01,HEALTH CENTER,8559.0,66.0,1795.0,6138.0,,4450.0,-236,2361.0,1000,DISTRICT31,TABLET,4450.0
RDT,2025-08-01,HEALTH CENTER,1200.0,999.0,374.0,2429.0,,0.0,-55,332.0,25,DISTRICT23,PIECE,0.0
ACT-SC,2024-11-01,HEALTH CENTER,664.0,1.0,598.0,397.0,,226.0,-207,443.0,30,DISTRICT26,BLISTER,226.0
ART-INJ,2025-11-01,HEALTH CENTER,400.0,1.0,55.0,251.0,,0.0,437,8.0,5,DISTRICT23,VIAL,0.0
ACT-INF,2025-08-01,HEALTH CENTER,14.0,0.0,12.0,90.0,,4119.0,597,1.0,30,DISTRICT4,BLISTER,4119.0
ART-INJ,2025-11-01,HEALTH CENTER,1357.0,43.0,337.0,636.0,,0.0,-91,201.0,5,DISTRICT33,VIAL,0.0
ITN,2024-05-01,HEALTH CENTER,13.0,3.0,40.0,45.0,,0.0,180,36.0,50,DISTRICT16,PIECE,0.0
ACT-INF,2025-05-01,HEALTH CENTER,43.0,286.0,27.0,177.0,,0.0,-295,10.0,30,DISTRICT36,BLISTER,0.0
ACT-GC,2024-02-01,HEALTH CENTER,452.0,407.0,66.0,2542.0,,0.0,-591,153.0,30,DISTRICT37,BLISTER,0.0
ACT-SC,2025-08-01,HEALTH CENTER,1270.0,1.0,276.0,2732.0,351.0,28.0,134,97.0,30,DISTRICT22,BLISTER,-323.0
RDT,2024-02-01,HEALTH CENTER,2329.0,8.0,236.0,874.0,819.0,3973.0,32,320.0,25,DISTRICT25,PIECE,3154.0
ACT-GC,2024-08-01,HEALTH CENTER,0.0,0.0,28.0,1.0,586.0,17.0,319,4.0,30,DISTRICT28,BLISTER,-569.0
ART-INJ,2025-11-01,HEALTH CENTER,131.0,908.0,66.0,381.0,531.0,29.0,122,5.0,5,DISTRICT33,VIAL,-502.0
ART-SUP,2025-02-01,HEALTH CENTER,240.0,6.0,61.0,14.0,,4358.0,-196,55.0,2,DISTRICT12,CAPSULE,4358.0
ACT-GC,2025-05-01,HEALTH CENTER,990.0,1.0,314.0,1930.0,198.0,571.0,1326,86.0,30,DISTRICT16,BLISTER,373.0
PYRA-SAC,2025-11-01,HEALTH CENTER,25.0,72.0,82.0,71.0,,714.0,245,124.0,1,DISTRICT14,SACHET,714.0
QUIN,2025-08-01,HEALTH CENTER,3935.0,1.0,792.0,5484.0,,229.0,455,516.0,1000,DISTRICT9,TABLET,229.0
ACT-SC,2024-11-01,HEALTH CENTER,813.0,0.0,104.0,169.0,322.0,0.0,-172,112.0,30,DISTRICT33,BLISTER,-322.0
PYRA-COMP,2025-05-01,HEALTH CENTER,1724.0,509.0,213.0,1357.0,471.0,120.0,204,130.0,1,DISTRICT13,TABLET,-351.0
ACT-GC,2024-08-01,HEALTH CENTER,1959.0,1948.0,212.0,1356.0,,0.0,505,187.0,30,DISTRICT22,BLISTER,0.0
SP,2024-05-01,HEALTH CENTER,515.0,221.0,88.0,1520.0,,15.0,58,50.0,1000,DISTRICT9,TABLET,15.0
ACT-GC,2024-05-01,HEALTH CENTER,5.0,0.0,6.0,163.0,,0.0,-82,1.0,30,DISTRICT23,BLISTER,0.0
ART-SUP,2024-11-01,DISTRICT HOSPITAL,1659.0,82.0,944.0,1310.0,,0.0,-452,515.0,2,DISTRICT13,CAPSULE,0.0
ITN,2025-08-01,HEALTH CENTER,2645.0,8.0,167.0,1378.0,,1.0,-318,111.0,50,DISTRICT14,PIECE,1.0
ART-SUP,2024-05-01,HEALTH CENTER,906.0,0.0,530.0,205.0,,858.0,-500,395.0,2,DISTRICT5,CAPSULE,858.0
SP,2025-11-01,HEALTH CENTER,405.0,410.0,152.0,1237.0,,21.0,890,127.0,1000,DISTRICT35,TABLET,21.0
PYRA-COMP,2024-11-01,HEALTH CENTER,421.0,12.0,234.0,518.0,,1869.0,449,426.0,1,DISTRICT33,TABLET,1869.0
ACT-AD,2025-11-01,HEALTH CENTER,584.0,0.0,17.0,518.0,,0.0,-131,3.0,30,DISTRICT31,BLISTER,0.0
RDT,2024-02-01,HEALTH CENTER,319.0,150.0,49.0,645.0,732.0,22.0,-105,19.0,25,DISTRICT12,PIECE,-710.0
ART-INJ,2024-05-01,HEALTH CENTER,2794.0,0.0,412.0,2968.0,,1.0,-360,202.0,5,DISTRICT1,VIAL,1.0
RDT,2024-11-01,HEALTH CENTER,7665.0,0.0,1146.0,1297.0,,1042.0,50,598.0,25,DISTRICT20,PIECE,1042.0
PYRA-COMP,2024-02-01,HEALTH CENTER,566.0,24.0,61.0,503.0,,0.0,-158,38.0,1,DISTRICT29,TABLET,0.0
ACT-GC,2025-11-01,HEALTH CENTER,230.0,0.0,10.0,9.0,167.0,0.0,163,5.0,30,DISTRICT10,BLISTER,-167.0
ART-INJ,2025-05-01,HEALTH CENTER,1041.0,0.0,109.0,947.0,,45.0,-655,104.0,5,DISTRICT10,VIAL,45.0
RDT,2024-05-01,HEALTH CENTER,612.0,43.0,148.0,301.0,,91.0,-526,62.0,25,DISTRICT20,PIECE,91.0
ACT-SC,2025-05-01,HEALTH CENTER,624.0,1.0,156.0,264.0,,0.0,906,26.0,30,DISTRICT9,BLISTER,0.0
ART-INJ,2024-08-01,HEALTH CENTER,1698.0,20.0,667.0,3627.0,,16.0,77,602.0,5,DISTRICT1,VIAL,16.0
ART-INJ,2024-08-01,HEALTH CENTER,0.0,1.0,2.0,3.0,562.0,17.0,-738,7.0,5,DISTRICT23,VIAL,-545.0
ACT-SC,2024-11-01,HEALTH CENTER,1523.0,3.0,379.0,2233.0,,14.0,-15,69.0,30,DISTRICT26,BLISTER,14.0
SP,2024-05-01,HEALTH CENTER,263.0,0.0,36.0,1185.0,,0.0,492,1.0,1000,DISTRICT22,TABLET,0.0
QUIN,2025-08-01,HEALTH CENTER,76.0,4.0,105.0,146.0,920.0,0.0,197,88.0,1000,DISTRICT15,TABLET,-920.0
PYRA-COMP,2024-05-01,HEALTH CENTER,10.0,109.0,27.0,845.0,552.0,0.0,209,65.0,1,DISTRICT1,TABLET,-552.0
ITN,2025-11-01,HEALTH CENTER,570.0,148.0,209.0,705.0,,119.0,257,89.0,50,DISTRICT4,PIECE,119.0
QUIN,2024-05-01,HEALTH CENTER,4477.0,0.0,1391.0,2317.0,,1764.0,-390,1008.0,1000,DISTRICT36,TABLET,1764.0
RDT,2025-11-01,HEALTH CENTER,942.0,7.0,190.0,1102.0,,0.0,345,85.0,25,DISTRICT1,PIECE,0.0
QUIN,2024-11-01,HEALTH CENTER,542.0,64.0,424.0,1967.0,,151.0,-8,317.0,1000,DISTRICT5,TABLET,151.0
ACT-INF,2025-05-01,HEALTH CENTER,1626.0,138.0,156.0,1266.0,,82.0,293,198.0,30,DISTRICT14,BLISTER,82.0
ACT-AD,2025-05-01,HEALTH CENTER,6284.0,1083.0,1316.0,8120.0,887.0,0.0,197,424.0,30,DISTRICT15,BLISTER,-887.0
ACT-INF,2025-11-01,HEALTH CENTER,2629.0,5.0,566.0,955.0,,556.0,-400,209.0,30,DISTRICT31,BLISTER,556.0
ART-INJ,2024-08-01,HEALTH CENTER,291.0,96.0,83.0,128.0,2077.0,6.0,-430,50.0,5,DISTRICT31,VIAL,-2071.0
RDT,2025-08-01,HEALTH CENTER,605.0,108.0,238.0,888.0,370.0,134.0,7,295.0,25,DISTRICT38,PIECE,-236.0
ACT-SC,2024-11-01,HEALTH CENTER,489.0,0.0,110.0,272.0,,0.0,57,77.0,30,DISTRICT4,BLISTER,0.0
PYRA-SAC,2025-11-01,HEALTH CENTER,2782.0,0.0,581.0,1779.0,,1672.0,-833,242.0,1,DISTRICT37,SACHET,1672.0
ACT-GC,2024-11-01,HEALTH CENTER,36.0,0.0,25.0,26.0,,6.0,130,1.0,30,DISTRICT27,BLISTER,6.0
SP,2025-02-01,HEALTH CENTER,2652.0,10.0,130.0,669.0,837.0,1023.0,532,213.0,1000,DISTRICT26,TABLET,186.0
SP,2025-08-01,HEALTH CENTER,1882.0,20.0,444.0,2267.0,,4.0,384,323.0,1000,DISTRICT9,TABLET,4.0
ITN,2025-11-01,HEALTH CENTER,1924.0,45.0,259.0,1132.0,,814.0,117,92.0,50,DISTRICT15,PIECE,814.0
ART-INJ,2024-05-01,HEALTH CENTER,1907.0,142.0,416.0,3182.0,852.0,201.0,-35,250.0,5,DISTRICT36,VIAL,-651.0
QUIN,2025-08-01,HEALTH CENTER,1097.0,0.0,187.0,477.0,,547.0,-230,181.0,1000,DISTRICT4,TABLET,547.0
ACT-INF,2025-11-01,HEALTH CENTER,68.0,495.0,26.0,195.0,427.0,15.0,-448,14.0,30,DISTRICT5,BLISTER,-412.0
QUIN,2025-08-01,HEALTH CENTER,4244.0,0.0,224.0,1691.0,,276.0,-151,61.0,1000,DISTRICT15,TABLET,276.0
ACT-GC,2025-02-01,HEALTH CENTER,129.0,0.0,34.0,12.0,,963.0,408,8.0,30,DISTRICT30,BLISTER,963.0
QUIN,2024-08-01,HEALTH CENTER,632.0,0.0,271.0,1348.0,812.0,4039.0,431,580.0,1000,DISTRICT12,TABLET,3227.0
PYRA-COMP,2025-08-01,DISTRICT HOSPITAL,1051.0,51.0,659.0,1582.0,,0.0,-128,506.0,1,DISTRICT25,TABLET,0.0
RDT,2024-11-01,DISTRICT HOSPITAL,1779.0,6.0,453.0,989.0,,24.0,-280,506.0,25,DISTRICT2,PIECE,24.0
ART-SUP,2025-05-01,HEALTH CENTER,6.0,0.0,12.0,238.0,245.0,0.0,118,0.0,2,DISTRICT31,CAPSULE,-245.0
PYRA-COMP,2025-11-01,HEALTH CENTER,656.0,346.0,92.0,1262.0,,238.0,-150,43.0,1,DISTRICT9,TABLET,238.0
RDT,2024-02-01,HEALTH CENTER,552.0,0.0,158.0,490.0,1451.0,12.0,-183,195.0,25,DISTRICT33,PIECE,-1439.0
ART-INJ,2024-02-01,HEALTH CENTER,1060.0,973.0,607.0,1645.0,,631.0,1018,486.0,5,DISTRICT33,VIAL,631.0
ITN,2025-11-01,HEALTH CENTER,3272.0,0.0,312.0,1140.0,908.0,112.0,-547,538.0,50,DISTRICT20,PIECE,-796.0
ITN,2024-08-01,HEALTH CENTER,52.0,3.0,1.0,52.0,,0.0,-187,3.0,50,DISTRICT36,PIECE,0.0
ART-SUP,2024-11-01,HEALTH CENTER,189.0,4.0,29.0,574.0,,0.0,-897,3.0,2,DISTRICT28,CAPSULE,0.0
PYRA-SAC,2025-05-01,HEALTH CENTER,308.0,386.0,538.0,719.0,779.0,6.0,621,267.0,1,DISTRICT22,SACHET,-773.0
QUIN,2025-02-01,HEALTH CENTER,1277.0,3.0,411.0,617.0,,349.0,-109,352.0,1000,DISTRICT15,TABLET,349.0
PYRA-COMP,2024-05-01,HEALTH CENTER,76.0,0.0,11.0,228.0,,13.0,672,32.0,1,DISTRICT8,TABLET,13.0
RDT,2024-11-01,HEALTH CENTER,1849.0,0.0,1004.0,792.0,,581.0,-588,983.0,25,DISTRICT21,PIECE,581.0
ACT-GC,2025-05-01,HEALTH CENTER,3294.0,2.0,1020.0,1888.0,,1017.0,562,511.0,30,DISTRICT29,BLISTER,1017.0
PYRA-SAC,2024-02-01,HEALTH CENTER,1830.0,0.0,328.0,1291.0,,0.0,193,40.0,1,DISTRICT8,SACHET,0.0
ART-INJ,2024-08-01,HEALTH CENTER,1558.0,694.0,567.0,1667.0,,423.0,-7,518.0,5,DISTRICT23,VIAL,423.0
PYRA-COMP,2025-11-01,HEALTH CENTER,237.0,165.0,240.0,477.0,,2941.0,482,290.0,1,DISTRICT1,TABLET,2941.0
PYRA-COMP,2025-08-01,HEALTH CENTER,782.0,271.0,287.0,1236.0,,1034.0,1073,134.0,1,DISTRICT36,TABLET,1034.0
PYRA-COMP,2025-08-01,HEALTH CENTER,27.0,0.0,20.0,18.0,,1931.0,392,15.0,1,DISTRICT30,TABLET,1931.0
SP,2025-08-01,HEALTH CENTER,0.0,0.0,5.0,2.0,,1.0,492,0.0,1000,DISTRICT31,TABLET,1.0
PYRA-SAC,2024-08-01,HEALTH CENTER,560.0,0.0,80.0,323.0,,1.0,-239,81.0,1,DISTRICT16,SACHET,1.0
ITN,2024-11-01,HEALTH CENTER,2397.0,2583.0,1490.0,5781.0,826.0,14.0,-134,1247.0,50,DISTRICT31,PIECE,-812.0
ART-INJ,2025-11-01,REGIONAL HOSPITAL,231.0,144.0,84.0,722.0,,1479.0,-86,41.0,5,DISTRICT28,VIAL,1479.0
ITN,2024-08-01,HEALTH CENTER,119.0,1.0,122.0,348.0,,12.0,448,72.0,50,DISTRICT33,PIECE,12.0
RDT,2024-02-01,HEALTH CENTER,41.0,3.0,1.0,12.0,146.0,2.0,1139,0.0,25,DISTRICT13,PIECE,-144.0
ACT-SC,2024-02-01,HEALTH CENTER,183.0,342.0,167.0,1339.0,,240.0,-16,95.0,30,DISTRICT28,BLISTER,240.0
QUIN,2025-05-01,HEALTH CENTER,2623.0,2.0,831.0,2094.0,,192.0,-374,784.0,1000,DISTRICT35,TABLET,192.0
RDT,2024-02-01,HEALTH CENTER,30.0,1.0,48.0,178.0,,37.0,152,43.0,25,DISTRICT29,PIECE,37.0
QUIN,2024-02-01,HEALTH CENTER,814.0,1.0,12.0,236.0,,0.0,-76,1.0,1000,DISTRICT23,TABLET,0.0
ACT-INF,2025-02-01,HEALTH CENTER,138.0,0.0,118.0,550.0,,2.0,805,143.0,30,DISTRICT13,BLISTER,2.0
PYRA-COMP,2025-02-01,HEALTH CENTER,3053.0,61.0,394.0,2715.0,405.0,0.0,-339,162.0,1,DISTRICT16,TABLET,-405.0
SP,2025-08-01,HEALTH CENTER,2447.0,171.0,280.0,942.0,,0.0,16,141.0,1000,DISTRICT28,TABLET,0.0
ART-INJ,2025-11-01,HEALTH CENTER,335.0,0.0,47.0,209.0,,8156.0,-331,51.0,5,DISTRICT22,VIAL,8156.0
ACT-AD,2024-05-01,HEALTH CENTER,2715.0,20.0,471.0,2119.0,918.0,759.0,-273,382.0,30,DISTRICT28,BLISTER,-159.0
PYRA-SAC,2025-02-01,HEALTH CENTER,713.0,10.0,63.0,605.0,1143.0,10.0,-574,88.0,1,DISTRICT27,SACHET,-1133.0
ACT-AD,2024-08-01,REGIONAL HOSPITAL,258.0,0.0,312.0,240.0,,1.0,66,434.0,30,DISTRICT23,BLISTER,1.0
RDT,2024-05-01,HEALTH CENTER,199.0,655.0,167.0,234.0,,2162.0,-46,137.0,25,DISTRICT33,PIECE,2162.0
ACT-SC,2024-05-01,HEALTH CENTER,417.0,0.0,69.0,59.0,,0.0,-504,13.0,30,DISTRICT9,BLISTER,0.0
ART-INJ,2025-02-01,HEALTH CENTER,1427.0,4.0,86.0,438.0,,56.0,297,157.0,5,DISTRICT9,VIAL,56.0
ACT-GC,2024-02-01,HEALTH CENTER,94.0,0.0,21.0,25.0,,616.0,-43,16.0,30,DISTRICT10,BLISTER,616.0
ACT-SC,2025-08-01,HEALTH CENTER,2942.0,284.0,159.0,1870.0,,2.0,-552,35.0,30,DISTRICT29,BLISTER,2.0
ITN,2025-05-01,HEALTH CENTER,11.0,6.0,13.0,13.0,,184.0,376,11.0,50,DISTRICT33,PIECE,184.0
RDT,2025-05-01,HEALTH CENTER,56.0,5.0,109.0,264.0,191.0,0.0,-583,7.0,25,DISTRICT20,PIECE,-191.0
QUIN,2025-11-01,HEALTH CENTER,814.0,0.0,30.0,810.0,,0.0,-232,23.0,1000,DISTRICT5,TABLET,0.0
ART-SUP,2025-02-01,HEALTH CENTER,4798.0,2146.0,801.0,6324.0,,27.0,-730,584.0,2,DISTRICT37,CAPSULE,27.0
ACT-INF,2025-11-01,HEALTH CENTER,1327.0,3.0,619.0,2003.0,,4.0,74,346.0,30,DISTRICT35,BLISTER,4.0
ART-SUP,2024-11-01,HEALTH CENTER,930.0,177.0,193.0,1139.0,,2.0,-11,43.0,2,DISTRICT9,CAPSULE,2.0
QUIN,2025-08-01,REGIONAL HOSPITAL,302.0,0.0,75.0,97.0,,703.0,284,8.0,1000,DISTRICT29,TABLET,703.0
ACT-INF,2024-05-01,HEALTH CENTER,1378.0,59.0,215.0,1639.0,,620.0,80,231.0,30,DISTRICT29,BLISTER,620.0
ACT-SC,2024-08-01,NATIONAL HOSPITAL,0.0,70.0,1.0,1.0,,317.0,-263,0.0,30,DISTRICT7,BLISTER,317.0
ACT-AD,2025-05-01,HEALTH CENTER,560.0,1002.0,381.0,1456.0,1414.0,448.0,-179,233.0,30,DISTRICT6,BLISTER,-966.0
QUIN,2024-02-01,HEALTH CENTER,124.0,2.0,59.0,27.0,,378.0,74,41.0,1000,DISTRICT1,TABLET,378.0
ACT-AD,2024-11-01,HEALTH CENTER,840.0,0.0,146.0,593.0,,5441.0,-162,302.0,30,DISTRICT31,BLISTER,5441.0
ITN,2024-05-01,DISTRICT HOSPITAL,262.0,1877.0,98.0,955.0,,76.0,242,92.0,50,DISTRICT17,PIECE,76.0
ART-SUP,2024-02-01,HEALTH CENTER,1563.0,1426.0,387.0,1767.0,,1760.0,23,204.0,2,DISTRICT7,CAPSULE,1760.0
PYRA-SAC,2024-05-01,HEALTH CENTER,6.0,65.0,16.0,68.0,,16.0,1198,3.0,1,DISTRICT35,SACHET,16.0
RDT,2024-02-01,HEALTH CENTER,15.0,0.0,10.0,16.0,,0.0,-148,3.0,25,DISTRICT20,PIECE,0.0
ART-SUP,2024-08-01,HEALTH CENTER,116.0,0.0,79.0,106.0,,20.0,-601,44.0,2,DISTRICT31,CAPSULE,20.0
RDT,2025-11-01,HEALTH CENTER,684.0,379.0,233.0,1600.0,,99.0,-505,326.0,25,DISTRICT3,PIECE,99.0
ACT-INF,2025-11-01,HEALTH CENTER,294.0,0.0,69.0,36.0,338.0,247.0,-27,67.0,30,DISTRICT32,BLISTER,-91.0
ART-SUP,2024-02-01,HEALTH CENTER,2913.0,517.0,484.0,1935.0,,395.0,433,590.0,2,DISTRICT37,CAPSULE,395.0
RDT,2024-11-01,HEALTH CENTER,1847.0,93.0,716.0,2130.0,,1.0,737,433.0,25,DISTRICT37,PIECE,1.0
SP,2025-11-01,HEALTH CENTER,238.0,70.0,253.0,181.0,,6299.0,152,24.0,1000,DISTRICT7,TABLET,6299.0
PYRA-COMP,2024-11-01,DISTRICT HOSPITAL,283.0,184.0,111.0,76.0,,1612.0,-480,167.0,1,DISTRICT29,TABLET,1612.0
SP,2024-11-01,HEALTH CENTER,166.0,0.0,36.0,219.0,,337.0,-240,30.0,1000,DISTRICT1,TABLET,337.0
PYRA-COMP,2024-02-01,HEALTH CENTER,59.0,0.0,57.0,20.0,556.0,14.0,274,35.0,1,DISTRICT21,TABLET,-542.0
SP,2025-11-01,HEALTH CENTER,2755.0,24.0,1231.0,3535.0,,12933.0,-56,1313.0,1000,DISTRICT28,TABLET,12933.0
ACT-SC,2024-08-01,HEALTH CENTER,1617.0,1409.0,621.0,922.0,,3541.0,25,401.0,30,DISTRICT8,BLISTER,3541.0
PYRA-COMP,2025-08-01,HEALTH CENTER,1750.0,0.0,175.0,299.0,,54.0,-59,100.0,1,DISTRICT10,TABLET,54.0
ART-INJ,2025-05-01,HEALTH CENTER,479.0,445.0,694.0,919.0,,882.0,133,447.0,5,DISTRICT13,VIAL,882.0
ART-SUP,2024-11-01,HEALTH CENTER,15.0,176.0,18.0,67.0,,20.0,304,6.0,2,DISTRICT38,CAPSULE,20.0
SP,2025-05-01,HEALTH CENTER,637.0,3.0,754.0,265.0,1476.0,12100.0,-501,903.0,1000,DISTRICT20,TABLET,10624.0
QUIN,2024-02-01,HEALTH CENTER,4841.0,0.0,991.0,1517.0,815.0,9.0,-521,1181.0,1000,DISTRICT28,TABLET,-806.0
QUIN,2025-05-01,HEALTH CENTER,156.0,11.0,262.0,35.0,,383.0,59,107.0,1000,DISTRICT35,TABLET,383.0
PYRA-SAC,2025-11-01,HEALTH CENTER,1725.0,27.0,297.0,1643.0,,2.0,993,374.0,1,DISTRICT21,SACHET,2.0
ITN,2024-08-01,HEALTH CENTER,410.0,0.0,37.0,713.0,,6.0,-267,47.0,50,DISTRICT14,PIECE,6.0
SP,2025-02-01,HEALTH CENTER,1273.0,9.0,208.0,1557.0,,5120.0,-101,386.0,1000,DISTRICT26,TABLET,5120.0
QUIN,2024-05-01,HEALTH CENTER,1106.0,31.0,835.0,1181.0,,11.0,226,478.0,1000,DISTRICT23,TABLET,11.0
QUIN,2024-05-01,HEALTH CENTER,2364.0,0.0,565.0,1093.0,1141.0,515.0,31,284.0,1000,DISTRICT29,TABLET,-626.0
ART-INJ,2025-02-01,HEALTH CENTER,514.0,710.0,678.0,504.0,,110.0,827,467.0,5,DISTRICT33,VIAL,110.0
ACT-GC,2025-05-01,HEALTH CENTER,373.0,10.0,158.0,832.0,,156.0,-500,260.0,30,DISTRICT33,BLISTER,156.0
ITN,2025-08-01,HEALTH CENTER,605.0,74.0,835.0,1452.0,384.0,1569.0,1435,753.0,50,DISTRICT10,PIECE,1185.0
SP,2025-02-01,HEALTH CENTER,3674.0,1481.0,2207.0,6367.0,,371.0,-78,1520.0,1000,DISTRICT31,TABLET,371.0
SP,2024-02-01,HEALTH CENTER,184.0,0.0,25.0,59.0,,13.0,469,24.0,1000,DISTRICT3,TABLET,13.0
ACT-SC,2024-02-01,HEALTH CENTER,1135.0,528.0,115.0,1473.0,,174.0,-478,140.0,30,DISTRICT8,BLISTER,174.0
QUIN,2024-11-01,HEALTH CENTER,394.0,0.0,58.0,587.0,,7.0,-449,10.0,1000,DISTRICT27,TABLET,7.0
ART-INJ,2025-08-01,HEALTH CENTER,315.0,184.0,303.0,242.0,,2322.0,110,291.0,5,DISTRICT14,VIAL,2322.0
ACT-AD,2024-05-01,HEALTH CENTER,797.0,47.0,33.0,1295.0,,417.0,215,43.0,30,DISTRICT3,BLISTER,417.0
ACT-SC,2024-08-01,HEALTH CENTER,6392.0,71.0,1460.0,2540.0,,3757.0,148,1252.0,30,DISTRICT33,BLISTER,3757.0
SP,2024-05-01,HEALTH CENTER,127.0,0.0,19.0,606.0,,0.0,281,2.0,1000,DISTRICT15,TABLET,0.0
ART-SUP,2024-02-01,HEALTH CENTER,754.0,169.0,125.0,1765.0,607.0,51.0,50,123.0,2,DISTRICT21,CAPSULE,-556.0
QUIN,2024-02-01,HEALTH CENTER,201.0,0.0,26.0,224.0,,0.0,-681,1.0,1000,DISTRICT1,TABLET,0.0
RDT,2025-08-01,HEALTH CENTER,618.0,405.0,187.0,264.0,,100.0,-74,127.0,25,DISTRICT32,PIECE,100.0
SP,2025-05-01,HEALTH CENTER,2912.0,0.0,703.0,571.0,1591.0,3634.0,1124,566.0,1000,DISTRICT11,TABLET,2043.0
PYRA-SAC,2025-05-01,HEALTH CENTER,1354.0,47.0,355.0,1497.0,,0.0,-59,242.0,1,DISTRICT7,SACHET,0.0
QUIN,2025-11-01,REGIONAL HOSPITAL,50.0,0.0,5.0,11.0,,17.0,-33,7.0,1000,DISTRICT16,TABLET,17.0
ACT-INF,2025-08-01,HEALTH CENTER,1117.0,0.0,41.0,547.0,,73.0,123,90.0,30,DISTRICT37,BLISTER,73.0
ACT-SC,2024-11-01,HEALTH CENTER,595.0,0.0,113.0,311.0,,83.0,-247,110.0,30,DISTRICT17,BLISTER,83.0
ACT-SC,2024-02-01,HEALTH CENTER,1087.0,3855.0,1067.0,3251.0,,1840.0,100,936.0,30,DISTRICT29,BLISTER,1840.0
ACT-INF,2025-05-01,HEALTH CENTER,401.0,1.0,36.0,539.0,,0.0,-570,38.0,30,DISTRICT9,BLISTER,0.0
QUIN,2025-02-01,HEALTH CENTER,1796.0,5.0,65.0,1144.0,826.0,0.0,451,22.0,1000,DISTRICT23,TABLET,-826.0
PYRA-SAC,2024-08-01,HEALTH CENTER,115.0,0.0,12.0,67.0,,0.0,264,1.0,1,DISTRICT19,SACHET,0.0
ACT-GC,2025-02-01,HEALTH CENTER,4087.0,1.0,1279.0,3721.0,,1150.0,-310,702.0,30,DISTRICT19,BLISTER,1150.0
ACT-GC,2024-11-01,HEALTH CENTER,96.0,0.0,31.0,29.0,,756.0,686,11.0,30,DISTRICT25,BLISTER,756.0
ACT-GC,2024-02-01,HEALTH CENTER,1405.0,155.0,230.0,1419.0,344.0,0.0,345,55.0,30,DISTRICT37,BLISTER,-344.0
ACT-SC,2025-08-01,HEALTH CENTER,1879.0,1851.0,704.0,2919.0,,227.0,-315,632.0,30,DISTRICT31,BLISTER,227.0
ACT-INF,2024-02-01,HEALTH CENTER,73.0,0.0,9.0,108.0,,0.0,332,1.0,30,DISTRICT11,BLISTER,0.0
ITN,2024-05-01,HEALTH CENTER,31.0,0.0,83.0,52.0,,4.0,402,38.0,50,DISTRICT5,PIECE,4.0
ACT-AD,2024-02-01,HEALTH CENTER,261.0,0.0,62.0,194.0,362.0,1.0,-214,15.0,30,DISTRICT30,BLISTER,-361.0
QUIN,2025-08-01,HEALTH CENTER,149.0,0.0,20.0,319.0,705.0,0.0,-215,2.0,1000,DISTRICT28,TABLET,-705.0
ART-SUP,2024-02-01,HEALTH CENTER,960.0,219.0,257.0,362.0,803.0,1.0,178,188.0,2,DISTRICT7,CAPSULE,-802.0
ART-SUP,2025-11-01,HEALTH CENTER,10.0,192.0,70.0,399.0,194.0,97.0,-370,46.0,2,DISTRICT19,CAPSULE,-97.0
ART-INJ,2024-11-01,HEALTH CENTER,86.0,1193.0,388.0,490.0,,196.0,676,267.0,5,DISTRICT20,VIAL,196.0
ITN,2024-11-01,HEALTH CENTER,1496.0,145.0,627.0,2065.0,,3193.0,117,691.0,50,DISTRICT13,PIECE,3193.0
ACT-GC,2025-05-01,HEALTH CENTER,55.0,1.0,21.0,220.0,,2.0,-32,4.0,30,DISTRICT25,BLISTER,2.0
ACT-AD,2024-11-01,HEALTH CENTER,258.0,1.0,278.0,130.0,,99.0,-343,119.0,30,DISTRICT1,BLISTER,99.0
PYRA-COMP,2024-05-01,HEALTH CENTER,601.0,63.0,248.0,1344.0,,21.0,336,222.0,1,DISTRICT37,TABLET,21.0
PYRA-COMP,2025-08-01,HEALTH CENTER,5475.0,247.0,570.0,1242.0,,2.0,-786,277.0,1,DISTRICT28,TABLET,2.0
PYRA-SAC,2025-05-01,HEALTH CENTER,1439.0,5.0,240.0,1758.0,950.0,88.0,403,164.0,1,DISTRICT13,SACHET,-862.0
ACT-GC,2024-08-01,HEALTH CENTER,2063.0,1.0,164.0,802.0,530.0,0.0,-552,36.0,30,DISTRICT9,BLISTER,-530.0
ITN,2024-11-01,HEALTH CENTER,1436.0,6.0,160.0,2017.0,,674.0,-82,253.0,50,DISTRICT10,PIECE,674.0
RDT,2024-05-01,HEALTH CENTER,976.0,64.0,331.0,438.0,,210.0,139,389.0,25,DISTRICT35,PIECE,210.0
ART-INJ,2024-11-01,HEALTH CENTER,705.0,78.0,497.0,1211.0,1224.0,581.0,-213,544.0,5,DISTRICT5,VIAL,-643.0
ART-SUP,2024-05-01,HEALTH CENTER,1704.0,402.0,121.0,1508.0,,2642.0,120,84.0,2,DISTRICT19,CAPSULE,2642.0
RDT,2025-11-01,HEALTH CENTER,183.0,0.0,316.0,227.0,,1834.0,258,30.0,25,DISTRICT16,PIECE,1834.0
ACT-GC,2024-02-01,HEALTH CENTER,412.0,0.0,191.0,346.0,,11.0,302,25.0,30,DISTRICT28,BLISTER,11.0
ACT-INF,2025-02-01,HEALTH CENTER,653.0,0.0,83.0,814.0,,8788.0,-365,149.0,30,DISTRICT13,BLISTER,8788.0
RDT,2024-08-01,HEALTH CENTER,259.0,13.0,128.0,569.0,,2.0,642,44.0,25,DISTRICT6,PIECE,2.0
ACT-AD,2025-11-01,HEALTH CENTER,288.0,0.0,12.0,49.0,,6.0,-3,5.0,30,DISTRICT6,BLISTER,6.0
RDT,2024-11-01,HEALTH CENTER,559.0,71.0,473.0,1285.0,,160.0,-77,434.0,25,DISTRICT38,PIECE,160.0
QUIN,2025-02-01,HEALTH CENTER,67.0,0.0,44.0,146.0,120.0,0.0,-457,5.0,1000,DISTRICT33,TABLET,-120.0
ACT-GC,2025-05-01,HEALTH CENTER,71.0,10.0,0.0,323.0,279.0,0.0,-285,0.0,30,DISTRICT31,BLISTER,-279.0
RDT,2025-11-01,HEALTH CENTER,954.0,0.0,341.0,635.0,142.0,48.0,-382,146.0,25,DISTRICT32,PIECE,-94.0
RDT,2024-08-01,HEALTH CENTER,3349.0,456.0,731.0,4594.0,,94.0,274,461.0,25,DISTRICT32,PIECE,94.0
ART-SUP,2025-02-01,HEALTH CENTER,58.0,764.0,301.0,425.0,,4581.0,188,249.0,2,DISTRICT3,CAPSULE,4581.0
ITN,2025-05-01,HEALTH CENTER,5129.0,2104.0,1138.0,4890.0,,134.0,708,840.0,50,DISTRICT38,PIECE,134.0
ACT-SC,2025-08-01,HEALTH CENTER,650.0,533.0,78.0,1455.0,,0.0,-422,44.0,30,DISTRICT12,BLISTER,0.0
ART-INJ,2025-11-01,HEALTH CENTER,797.0,37.0,575.0,1230.0,,43.0,51,468.0,5,DISTRICT33,VIAL,43.0
ART-INJ,2025-11-01,HEALTH CENTER,1211.0,37.0,873.0,2071.0,,1.0,-221,1103.0,5,DISTRICT3,VIAL,1.0
QUIN,2025-08-01,HEALTH CENTER,234.0,0.0,155.0,566.0,,0.0,-448,52.0,1000,DISTRICT16,TABLET,0.0
ACT-AD,2024-05-01,DISTRICT HOSPITAL,35.0,176.0,215.0,10.0,,91.0,-106,284.0,30,DISTRICT37,BLISTER,91.0
PYRA-SAC,2024-08-01,HEALTH CENTER,1438.0,567.0,395.0,3052.0,627.0,2324.0,-453,189.0,1,DISTRICT31,SACHET,1697.0
ITN,2025-08-01,HEALTH CENTER,895.0,50.0,302.0,1040.0,,1.0,-107,103.0,50,DISTRICT13,PIECE,1.0
RDT,2025-02-01,HEALTH CENTER,313.0,17.0,40.0,457.0,400.0,76.0,-821,17.0,25,DISTRICT30,PIECE,-324.0
ART-INJ,2025-02-01,HEALTH CENTER,11.0,202.0,31.0,90.0,,874.0,-22,4.0,5,DISTRICT5,VIAL,874.0
ACT-GC,2025-11-01,HEALTH CENTER,4932.0,1098.0,1357.0,3890.0,,353.0,-477,891.0,30,DISTRICT15,BLISTER,353.0
PYRA-COMP,2025-08-01,HEALTH CENTER,58.0,12.0,127.0,92.0,,208.0,191,51.0,1,DISTRICT38,TABLET,208.0
SP,2025-02-01,HEALTH CENTER,2056.0,3.0,179.0,143.0,,268.0,-797,185.0,1000,DISTRICT30,TABLET,268.0
RDT,2024-08-01,HEALTH CENTER,288.0,15.0,616.0,598.0,919.0,265.0,-101,562.0,25,DISTRICT10,PIECE,-654.0
ACT-SC,2024-08-01,HEALTH CENTER,418.0,366.0,212.0,227.0,399.0,4.0,-1093,139.0,30,DISTRICT19,BLISTER,-395.0
PYRA-COMP,2024-08-01,HEALTH CENTER,727.0,1.0,328.0,1180.0,968.0,627.0,-131,160.0,1,DISTRICT9,TABLET,-341.0
RDT,2025-05-01,HEALTH CENTER,1776.0,1.0,709.0,2372.0,,633.0,-51,627.0,25,DISTRICT3,PIECE,633.0
ACT-INF,2025-02-01,HEALTH CENTER,159.0,108.0,95.0,383.0,,1349.0,309,77.0,30,DISTRICT33,BLISTER,1349.0
ACT-AD,2025-02-01,HEALTH CENTER,796.0,12.0,178.0,939.0,,1863.0,-55,387.0,30,DISTRICT18,BLISTER,1863.0
ITN,2025-05-01,HEALTH CENTER,4050.0,0.0,970.0,2277.0,,287.0,-390,509.0,50,DISTRICT31,PIECE,287.0
QUIN,2024-05-01,REGIONAL HOSPITAL,314.0,14.0,97.0,1044.0,484.0,0.0,34,62.0,1000,DISTRICT15,TABLET,-484.0
ART-INJ,2025-05-01,HEALTH CENTER,208.0,18.0,162.0,333.0,,10932.0,347,133.0,5,DISTRICT23,VIAL,10932.0
RDT,2025-08-01,HEALTH CENTER,589.0,171.0,271.0,784.0,,351.0,-591,312.0,25,DISTRICT16,PIECE,351.0
ACT-GC,2024-05-01,HEALTH CENTER,190.0,0.0,50.0,408.0,,2.0,447,36.0,30,DISTRICT32,BLISTER,2.0
ART-INJ,2025-02-01,HEALTH CENTER,2690.0,0.0,452.0,1292.0,,67.0,-381,237.0,5,DISTRICT8,VIAL,67.0
ART-SUP,2025-05-01,HEALTH CENTER,1252.0,1109.0,336.0,1586.0,,4011.0,-210,605.0,2,DISTRICT8,CAPSULE,4011.0
ART-SUP,2024-11-01,HEALTH CENTER,5423.0,632.0,1117.0,8698.0,276.0,609.0,-197,1779.0,2,DISTRICT30,CAPSULE,333.0
RDT,2025-11-01,HEALTH CENTER,64.0,638.0,17.0,884.0,,0.0,83,2.0,25,DISTRICT16,PIECE,0.0
ACT-GC,2025-11-01,HEALTH CENTER,2899.0,142.0,420.0,2639.0,,0.0,-455,506.0,30,DISTRICT30,BLISTER,0.0
ART-SUP,2024-05-01,HEALTH CENTER,181.0,1.0,32.0,302.0,,3.0,-230,2.0,2,DISTRICT19,CAPSULE,3.0
ART-SUP,2025-08-01,HEALTH CENTER,38.0,149.0,154.0,32.0,,895.0,-349,124.0,2,DISTRICT32,CAPSULE,895.0
RDT,2024-08-01,HEALTH CENTER,1243.0,2.0,229.0,579.0,,5141.0,63,300.0,25,DISTRICT16,PIECE,5141.0
RDT,2025-11-01,HEALTH CENTER,1249.0,17.0,521.0,1193.0,,0.0,627,694.0,25,DISTRICT8,PIECE,0.0
RDT,2024-05-01,HEALTH CENTER,416.0,1.0,27.0,730.0,845.0,0.0,-7,23.0,25,DISTRICT29,PIECE,-845.0
ACT-GC,2025-08-01,HEALTH CENTER,1899.0,0.0,821.0,657.0,,1012.0,71,1201.0,30,DISTRICT33,BLISTER,1012.0
ACT-AD,2024-02-01,HEALTH CENTER,1607.0,186.0,355.0,466.0,574.0,34.0,393,435.0,30,DISTRICT15,BLISTER,-540.0
ACT-INF,2025-08-01,HEALTH CENTER,620.0,605.0,483.0,1324.0,,13.0,-1000,224.0,30,DISTRICT21,BLISTER,13.0
RDT,2024-05-01,HEALTH CENTER,677.0,0.0,281.0,556.0,,87.0,387,81.0,25,DISTRICT31,PIECE,87.0
ITN,2024-11-01,HEALTH CENTER,2038.0,0.0,521.0,1379.0,,639.0,364,783.0,50,DISTRICT1,PIECE,639.0
ITN,2024-02-01,HEALTH CENTER,180.0,181.0,178.0,2242.0,384.0,0.0,-325,58.0,50,DISTRICT1,PIECE,-384.0
ITN,2025-02-01,HEALTH CENTER,361.0,1.0,211.0,847.0,,943.0,-336,405.0,50,DISTRICT15,PIECE,943.0
RDT,2025-05-01,HEALTH CENTER,68.0,277.0,184.0,177.0,,302.0,460,145.0,25,DISTRICT9,PIECE,302.0
ART-INJ,2024-11-01,HEALTH CENTER,1082.0,26.0,399.0,4919.0,,0.0,-136,183.0,5,DISTRICT33,VIAL,0.0
QUIN,2024-11-01,HEALTH CENTER,152.0,0.0,68.0,847.0,,156.0,791,21.0,1000,DISTRICT30,TABLET,156.0
ART-INJ,2024-11-01,HEALTH CENTER,3573.0,686.0,369.0,2889.0,,3.0,121,237.0,5,DISTRICT4,VIAL,3.0
PYRA-SAC,2025-05-01,HEALTH CENTER,1743.0,258.0,101.0,1988.0,,0.0,-739,39.0,1,DISTRICT5,SACHET,0.0
ACT-INF,2024-02-01,HEALTH CENTER,1691.0,123.0,1131.0,4244.0,,0.0,-445,1541.0,30,DISTRICT9,BLISTER,0.0
RDT,2024-08-01,HEALTH CENTER,65.0,0.0,6.0,161.0,381.0,0.0,314,0.0,25,DISTRICT20,PIECE,-381.0
ACT-AD,2025-05-01,HEALTH CENTER,203.0,0.0,51.0,100.0,,4.0,174,16.0,30,DISTRICT11,BLISTER,4.0
ACT-SC,2025-05-01,HEALTH CENTER,587.0,0.0,71.0,272.0,,1.0,-278,68.0,30,DISTRICT29,BLISTER,1.0
ACT-AD,2025-08-01,HEALTH CENTER,249.0,42.0,101.0,420.0,,957.0,139,62.0,30,DISTRICT1,BLISTER,957.0
SP,2025-02-01,DISTRICT HOSPITAL,1069.0,224.0,927.0,1764.0,703.0,2.0,581,349.0,1000,DISTRICT16,TABLET,-701.0
QUIN,2025-08-01,HEALTH CENTER,1487.0,7.0,63.0,588.0,,39.0,385,114.0,1000,DISTRICT9,TABLET,39.0
ACT-GC,2025-05-01,HEALTH CENTER,882.0,10.0,306.0,902.0,,3570.0,-221,287.0,30,DISTRICT14,BLISTER,3570.0
ACT-INF,2025-05-01,HEALTH CENTER,940.0,0.0,153.0,31.0,,236.0,-498,31.0,30,DISTRICT32,BLISTER,236.0
QUIN,2025-02-01,HEALTH CENTER,845.0,218.0,783.0,2545.0,,229.0,34,452.0,1000,DISTRICT4,TABLET,229.0
ART-SUP,2024-11-01,HEALTH CENTER,93.0,0.0,29.0,63.0,,0.0,126,7.0,2,DISTRICT24,CAPSULE,0.0
ITN,2025-11-01,HEALTH CENTER,1322.0,171.0,306.0,808.0,,18.0,23,101.0,50,DISTRICT28,PIECE,18.0
ACT-GC,2025-11-01,HEALTH CENTER,427.0,65.0,62.0,527.0,,15.0,0,6.0,30,DISTRICT17,BLISTER,15.0
ACT-SC,2025-11-01,HEALTH CENTER,3443.0,43.0,799.0,1583.0,,4987.0,-384,1328.0,30,DISTRICT25,BLISTER,4987.0
ACT-GC,2025-08-01,HEALTH CENTER,967.0,8.0,196.0,977.0,,595.0,-845,219.0,30,DISTRICT23,BLISTER,595.0
ART-INJ,2024-05-01,HEALTH CENTER,295.0,1.0,300.0,824.0,,412.0,301,195.0,5,DISTRICT16,VIAL,412.0
PYRA-COMP,2025-08-01,HEALTH CENTER,2303.0,1.0,199.0,1056.0,,2.0,-555,56.0,1,DISTRICT31,TABLET,2.0
ART-SUP,2024-11-01,HEALTH CENTER,374.0,136.0,109.0,917.0,,2.0,190,39.0,2,DISTRICT16,CAPSULE,2.0
ART-SUP,2024-02-01,HEALTH CENTER,450.0,434.0,77.0,817.0,,1.0,-952,31.0,2,DISTRICT26,CAPSULE,1.0
ITN,2025-02-01,DISTRICT HOSPITAL,1127.0,197.0,141.0,2609.0,464.0,0.0,-313,251.0,50,DISTRICT31,PIECE,-464.0
ITN,2024-02-01,HEALTH CENTER,1383.0,0.0,127.0,485.0,1133.0,293.0,82,138.0,50,DISTRICT31,PIECE,-840.0
ITN,2025-02-01,HEALTH CENTER,174.0,0.0,44.0,105.0,,0.0,203,4.0,50,DISTRICT37,PIECE,0.0
RDT,2025-05-01,HEALTH CENTER,175.0,1.0,23.0,400.0,1967.0,1479.0,29,4.0,25,DISTRICT20,PIECE,-488.0
PYRA-SAC,2024-11-01,HEALTH CENTER,267.0,760.0,50.0,920.0,659.0,0.0,408,80.0,1,DISTRICT13,SACHET,-659.0
ACT-GC,2024-05-01,HEALTH CENTER,164.0,0.0,173.0,107.0,737.0,1053.0,420,190.0,30,DISTRICT15,BLISTER,316.0
ACT-SC,2025-11-01,HEALTH CENTER,1849.0,1.0,681.0,1877.0,,0.0,-185,543.0,30,DISTRICT9,BLISTER,0.0
SP,2024-11-01,HEALTH CENTER,2877.0,2.0,256.0,814.0,,2421.0,-22,277.0,1000,DISTRICT31,TABLET,2421.0
ACT-GC,2025-02-01,HEALTH CENTER,2127.0,22.0,322.0,787.0,308.0,691.0,156,82.0,30,DISTRICT29,BLISTER,383.0
PYRA-SAC,2024-02-01,HEALTH CENTER,627.0,96.0,315.0,873.0,,3174.0,-138,398.0,1,DISTRICT10,SACHET,3174.0
QUIN,2025-11-01,HEALTH CENTER,590.0,0.0,73.0,340.0,,21.0,633,112.0,1000,DISTRICT28,TABLET,21.0
ACT-AD,2024-02-01,HEALTH CENTER,1288.0,0.0,288.0,659.0,,381.0,-832,95.0,30,DISTRICT32,BLISTER,381.0
PYRA-COMP,2024-08-01,HEALTH CENTER,400.0,20.0,44.0,12.0,,1.0,790,18.0,1,DISTRICT27,TABLET,1.0
SP,2025-05-01,HEALTH CENTER,355.0,14.0,285.0,797.0,,3532.0,79,248.0,1000,DISTRICT32,TABLET,3532.0
ACT-AD,2025-05-01,HEALTH CENTER,1206.0,1.0,361.0,1166.0,,239.0,-706,369.0,30,DISTRICT33,BLISTER,239.0
RDT,2025-11-01,HEALTH CENTER,509.0,43.0,172.0,373.0,214.0,0.0,-92,116.0,25,DISTRICT33,PIECE,-214.0
ACT-AD,2024-08-01,HEALTH CENTER,27.0,112.0,20.0,105.0,,0.0,263,36.0,30,DISTRICT5,BLISTER,0.0
ART-SUP,2024-08-01,HEALTH CENTER,1.0,5.0,1.0,20.0,,345.0,429,0.0,2,DISTRICT23,CAPSULE,345.0
ACT-GC,2025-02-01,HEALTH CENTER,34.0,1.0,24.0,44.0,455.0,158.0,-257,3.0,30,DISTRICT37,BLISTER,-297.0
ITN,2025-11-01,HEALTH CENTER,40.0,1.0,48.0,30.0,,19.0,145,34.0,50,DISTRICT30,PIECE,19.0
ACT-GC,2025-02-01,HEALTH CENTER,331.0,1.0,214.0,792.0,,8.0,135,173.0,30,DISTRICT36,BLISTER,8.0
PYRA-COMP,2025-05-01,HEALTH CENTER,69.0,0.0,1.0,40.0,95.0,0.0,-237,0.0,1,DISTRICT29,TABLET,-95.0
SP,2024-05-01,HEALTH CENTER,209.0,35.0,338.0,405.0,,950.0,-122,378.0,1000,DISTRICT37,TABLET,950.0
PYRA-SAC,2024-08-01,HEALTH CENTER,433.0,1.0,2.0,263.0,,0.0,-411,1.0,1,DISTRICT24,SACHET,0.0
ITN,2025-11-01,DISTRICT HOSPITAL,611.0,83.0,166.0,421.0,,5544.0,-128,188.0,50,DISTRICT28,PIECE,5544.0
ACT-SC,2025-02-01,HEALTH CENTER,4.0,8.0,3.0,28.0,,48.0,410,1.0,30,DISTRICT32,BLISTER,48.0
PYRA-COMP,2025-08-01,HEALTH CENTER,1312.0,458.0,265.0,2606.0,,0.0,-369,38.0,1,DISTRICT13,TABLET,0.0
ITN,2025-08-01,DISTRICT HOSPITAL,139.0,830.0,87.0,496.0,,3.0,337,42.0,50,DISTRICT14,PIECE,3.0
ITN,2024-08-01,HEALTH CENTER,12.0,190.0,21.0,210.0,441.0,0.0,-297,5.0,50,DISTRICT1,PIECE,-441.0
PYRA-COMP,2024-11-01,HEALTH CENTER,661.0,18.0,293.0,691.0,,1130.0,-85,309.0,1,DISTRICT35,TABLET,1130.0
QUIN,2025-11-01,DISTRICT HOSPITAL,3.0,6.0,30.0,3.0,202.0,4.0,-321,8.0,1000,DISTRICT26,TABLET,-198.0
ACT-AD,2025-05-01,HEALTH CENTER,2310.0,279.0,839.0,1649.0,460.0,5.0,-428,303.0,30,DISTRICT9,BLISTER,-455.0
ART-INJ,2024-11-01,HEALTH CENTER,3813.0,0.0,502.0,2617.0,1057.0,0.0,409,141.0,5,DISTRICT2,VIAL,-1057.0
ACT-AD,2024-02-01,HEALTH CENTER,1096.0,155.0,573.0,963.0,,3467.0,553,455.0,30,DISTRICT17,BLISTER,3467.0
ACT-GC,2025-08-01,HEALTH CENTER,1553.0,269.0,385.0,1734.0,,0.0,-450,67.0,30,DISTRICT28,BLISTER,0.0
PYRA-COMP,2025-08-01,HEALTH CENTER,1225.0,132.0,322.0,1401.0,,3.0,590,132.0,1,DISTRICT19,TABLET,3.0
PYRA-COMP,2024-11-01,HEALTH CENTER,3123.0,347.0,101.0,1999.0,,0.0,474,113.0,1,DISTRICT35,TABLET,0.0
ACT-INF,2025-11-01,DISTRICT HOSPITAL,1079.0,19.0,69.0,914.0,,5.0,-288,107.0,30,DISTRICT32,BLISTER,5.0
ART-INJ,2025-05-01,HEALTH CENTER,598.0,12.0,144.0,182.0,,0.0,-157,117.0,5,DISTRICT17,VIAL,0.0
ITN,2024-05-01,HEALTH CENTER,1742.0,86.0,55.0,801.0,109.0,0.0,211,5.0,50,DISTRICT8,PIECE,-109.0
ART-INJ,2024-05-01,HEALTH CENTER,76.0,133.0,117.0,438.0,,0.0,-162,18.0,5,DISTRICT1,VIAL,0.0
PYRA-SAC,2025-08-01,HEALTH CENTER,1064.0,354.0,635.0,1923.0,,2.0,-331,546.0,1,DISTRICT16,SACHET,2.0
ART-SUP,2025-08-01,HEALTH CENTER,123.0,17.0,60.0,9.0,,203.0,-622,49.0,2,DISTRICT7,CAPSULE,203.0
PYRA-SAC,2024-08-01,HEALTH CENTER,3980.0,2.0,250.0,748.0,1356.0,6859.0,-508,448.0,1,DISTRICT28,SACHET,5503.0
SP,2025-08-01,HEALTH CENTER,4187.0,983.0,982.0,5050.0,,191.0,763,1087.0,1000,DISTRICT20,TABLET,191.0
ACT-INF,2024-11-01,HEALTH CENTER,214.0,0.0,5.0,630.0,,0.0,-373,0.0,30,DISTRICT32,BLISTER,0.0
QUIN,2025-08-01,HEALTH CENTER,21.0,0.0,10.0,40.0,,0.0,-158,5.0,1000,DISTRICT36,TABLET,0.0
ITN,2025-02-01,HEALTH CENTER,666.0,0.0,140.0,76.0,,3445.0,-266,32.0,50,DISTRICT21,PIECE,3445.0
ART-INJ,2025-05-01,HEALTH CENTER,26.0,0.0,5.0,30.0,,12.0,-202,1.0,5,DISTRICT1,VIAL,12.0
ART-INJ,2024-08-01,HEALTH CENTER,746.0,0.0,44.0,38.0,,0.0,37,9.0,5,DISTRICT1,VIAL,0.0
SP,2024-02-01,HEALTH CENTER,3710.0,2.0,964.0,2117.0,,325.0,48,914.0,1000,DISTRICT32,TABLET,325.0
QUIN,2025-11-01,HEALTH CENTER,371.0,0.0,170.0,22.0,,74.0,546,57.0,1000,DISTRICT15,TABLET,74.0
SP,2025-02-01,HEALTH CENTER,1515.0,532.0,726.0,3712.0,,212.0,1465,249.0,1000,DISTRICT37,TABLET,212.0
ART-SUP,2025-08-01,HEALTH CENTER,22.0,37.0,5.0,8.0,,0.0,-320,0.0,2,DISTRICT35,CAPSULE,0.0
ITN,2024-02-01,HEALTH CENTER,7.0,27.0,15.0,34.0,,1.0,-667,1.0,50,DISTRICT26,PIECE,1.0
ACT-SC,2025-11-01,HEALTH CENTER,849.0,349.0,570.0,3400.0,,12.0,263,509.0,30,DISTRICT15,BLISTER,12.0
ACT-AD,2024-02-01,HEALTH CENTER,1088.0,1.0,571.0,651.0,,292.0,-250,1024.0,30,DISTRICT9,BLISTER,292.0
QUIN,2024-02-01,HEALTH CENTER,5370.0,0.0,1213.0,2976.0,1023.0,723.0,-95,1395.0,1000,DISTRICT9,TABLET,-300.0
ACT-SC,2025-11-01,HEALTH CENTER,312.0,16.0,125.0,122.0,,2849.0,-32,176.0,30,DISTRICT18,BLISTER,2849.0
PYRA-COMP,2024-08-01,HEALTH CENTER,1083.0,506.0,687.0,1582.0,,1156.0,-143,682.0,1,DISTRICT25,TABLET,1156.0
ART-INJ,2025-02-01,HEALTH CENTER,3611.0,137.0,786.0,1016.0,,220.0,56,792.0,5,DISTRICT15,VIAL,220.0
ART-SUP,2024-08-01,HEALTH CENTER,157.0,0.0,134.0,335.0,,1.0,70,49.0,2,DISTRICT32,CAPSULE,1.0
PYRA-SAC,2025-11-01,HEALTH CENTER,710.0,194.0,75.0,2695.0,,0.0,17,72.0,1,DISTRICT13,SACHET,0.0
ACT-GC,2024-05-01,HEALTH CENTER,650.0,0.0,55.0,82.0,,1166.0,-1041,8.0,30,DISTRICT16,BLISTER,1166.0
RDT,2025-08-01,HEALTH CENTER,3508.0,192.0,1267.0,4347.0,,780.0,-202,557.0,25,DISTRICT21,PIECE,780.0
ACT-INF,2025-11-01,HEALTH CENTER,2392.0,1161.0,287.0,3001.0,,95.0,-256,227.0,30,DISTRICT29,BLISTER,95.0
ART-SUP,2024-11-01,REGIONAL HOSPITAL,2113.0,0.0,100.0,2179.0,,0.0,313,20.0,2,DISTRICT13,CAPSULE,0.0
SP,2025-11-01,HEALTH CENTER,2038.0,6.0,641.0,3719.0,,21.0,118,531.0,1000,DISTRICT12,TABLET,21.0
RDT,2025-02-01,HEALTH CENTER,148.0,166.0,32.0,77.0,,6.0,-445,2.0,25,DISTRICT30,PIECE,6.0
ACT-INF,2025-08-01,HEALTH CENTER,421.0,7.0,325.0,766.0,,4.0,-318,170.0,30,DISTRICT37,BLISTER,4.0
ACT-GC,2024-02-01,HEALTH CENTER,82.0,4.0,134.0,129.0,,539.0,305,232.0,30,DISTRICT33,BLISTER,539.0
RDT,2024-05-01,HEALTH CENTER,344.0,2.0,49.0,454.0,,43.0,401,45.0,25,DISTRICT19,PIECE,43.0
ACT-INF,2024-05-01,HEALTH CENTER,6.0,0.0,47.0,7.0,,0.0,276,18.0,30,DISTRICT32,BLISTER,0.0
SP,2024-02-01,HEALTH CENTER,2136.0,192.0,173.0,974.0,663.0,0.0,-324,58.0,1000,DISTRICT15,TABLET,-663.0
PYRA-COMP,2024-02-01,HEALTH CENTER,1171.0,127.0,510.0,201.0,,4249.0,-670,504.0,1,DISTRICT8,TABLET,4249.0
ACT-SC,2024-08-01,HEALTH CENTER,20.0,0.0,34.0,134.0,,1631.0,312,99.0,30,DISTRICT24,BLISTER,1631.0
ACT-AD,2024-02-01,HEALTH CENTER,126.0,606.0,46.0,124.0,181.0,0.0,-249,29.0,30,DISTRICT21,BLISTER,-181.0
ART-INJ,2024-05-01,HEALTH CENTER,2063.0,107.0,268.0,1965.0,,0.0,415,335.0,5,DISTRICT33,VIAL,0.0
ACT-INF,2025-02-01,HEALTH CENTER,635.0,0.0,62.0,556.0,,1537.0,-550,29.0,30,DISTRICT24,BLISTER,1537.0
ART-INJ,2025-08-01,HEALTH CENTER,705.0,0.0,59.0,740.0,,257.0,163,289.0,5,DISTRICT30,VIAL,257.0
ITN,2025-02-01,HEALTH CENTER,1055.0,76.0,230.0,1637.0,,3.0,-193,49.0,50,DISTRICT33,PIECE,3.0
ACT-AD,2025-05-01,HEALTH CENTER,212.0,4.0,140.0,40.0,1454.0,841.0,-146,46.0,30,DISTRICT24,BLISTER,-613.0
PYRA-COMP,2024-05-01,HEALTH CENTER,774.0,16.0,91.0,339.0,629.0,2.0,495,139.0,1,DISTRICT28,TABLET,-627.0
ACT-AD,2025-05-01,HEALTH CENTER,388.0,125.0,44.0,108.0,,0.0,-308,6.0,30,DISTRICT10,BLISTER,0.0
ACT-AD,2024-08-01,HEALTH CENTER,187.0,32.0,60.0,46.0,,0.0,531,16.0,30,DISTRICT33,BLISTER,0.0
ACT-GC,2024-08-01,HEALTH CENTER,445.0,0.0,47.0,18.0,,0.0,632,13.0,30,DISTRICT29,BLISTER,0.0
ITN,2025-11-01,HEALTH CENTER,1477.0,0.0,612.0,876.0,,862.0,-205,291.0,50,DISTRICT24,PIECE,862.0
RDT,2024-05-01,HEALTH CENTER,3695.0,426.0,769.0,3591.0,876.0,128.0,-260,777.0,25,DISTRICT14,PIECE,-748.0
ACT-INF,2025-05-01,HEALTH CENTER,2026.0,1.0,183.0,2980.0,1069.0,18.0,229,83.0,30,DISTRICT13,BLISTER,-1051.0
SP,2025-08-01,HEALTH CENTER,716.0,38.0,104.0,310.0,,0.0,-340,13.0,1000,DISTRICT21,TABLET,0.0
PYRA-COMP,2024-08-01,DISTRICT HOSPITAL,451.0,85.0,153.0,753.0,,1.0,-14,150.0,1,DISTRICT31,TABLET,1.0
ACT-INF,2025-02-01,HEALTH CENTER,507.0,9.0,200.0,309.0,,5149.0,450,251.0,30,DISTRICT25,BLISTER,5149.0
SP,2025-08-01,HEALTH CENTER,4532.0,6.0,1270.0,4043.0,369.0,1934.0,184,1576.0,1000,DISTRICT2,TABLET,1565.0
ACT-SC,2024-05-01,HEALTH CENTER,603.0,1.0,167.0,1385.0,,889.0,519,99.0,30,DISTRICT2,BLISTER,889.0
PYRA-SAC,2024-08-01,HEALTH CENTER,98.0,5.0,4.0,100.0,,0.0,958,2.0,1,DISTRICT13,SACHET,0.0
RDT,2025-05-01,HEALTH CENTER,2325.0,3.0,947.0,736.0,,1600.0,-843,511.0,25,DISTRICT17,PIECE,1600.0
ART-INJ,2024-05-01,HEALTH CENTER,475.0,555.0,573.0,929.0,,3723.0,223,516.0,5,DISTRICT18,VIAL,3723.0
SP,2024-11-01,DISTRICT HOSPITAL,74.0,131.0,9.0,104.0,247.0,0.0,35,1.0,1000,DISTRICT19,TABLET,-247.0
ACT-AD,2025-02-01,HEALTH CENTER,1504.0,0.0,247.0,570.0,,0.0,610,241.0,30,DISTRICT18,BLISTER,0.0
PYRA-SAC,2025-05-01,HEALTH CENTER,1064.0,0.0,133.0,94.0,,11068.0,-58,137.0,1,DISTRICT33,SACHET,11068.0
ITN,2024-05-01,HEALTH CENTER,380.0,4.0,257.0,1215.0,,778.0,461,75.0,50,DISTRICT29,PIECE,778.0
ACT-GC,2024-02-01,HEALTH CENTER,464.0,0.0,21.0,656.0,,0.0,355,1.0,30,DISTRICT8,BLISTER,0.0
ACT-SC,2025-11-01,HEALTH CENTER,47.0,955.0,274.0,1328.0,,14.0,732,372.0,30,DISTRICT36,BLISTER,14.0
ACT-INF,2024-02-01,HEALTH CENTER,99.0,3.0,26.0,293.0,,58.0,814,48.0,30,DISTRICT30,BLISTER,58.0
ACT-GC,2024-11-01,DISTRICT HOSPITAL,1223.0,6.0,782.0,2447.0,780.0,1079.0,-246,1073.0,30,DISTRICT33,BLISTER,299.0
ACT-INF,2025-11-01,HEALTH CENTER,129.0,0.0,61.0,355.0,,24.0,465,152.0,30,DISTRICT37,BLISTER,24.0
ART-SUP,2024-08-01,HEALTH CENTER,7778.0,27.0,993.0,2720.0,777.0,835.0,-749,494.0,2,DISTRICT12,CAPSULE,58.0
ACT-AD,2025-11-01,HEALTH CENTER,2468.0,0.0,599.0,4289.0,496.0,6.0,-280,394.0,30,DISTRICT20,BLISTER,-490.0
ART-INJ,2024-11-01,DISTRICT HOSPITAL,1688.0,0.0,703.0,880.0,,98.0,23,359.0,5,DISTRICT36,VIAL,98.0
ACT-INF,2025-02-01,HEALTH CENTER,424.0,285.0,381.0,1771.0,,245.0,-338,139.0,30,DISTRICT6,BLISTER,245.0
PYRA-SAC,2025-02-01,HEALTH CENTER,1442.0,1442.0,979.0,3580.0,,1372.0,35,625.0,1,DISTRICT31,SACHET,1372.0
QUIN,2024-05-01,HEALTH CENTER,96.0,0.0,131.0,1205.0,,196.0,-218,122.0,1000,DISTRICT16,TABLET,196.0
ITN,2024-02-01,HEALTH CENTER,116.0,0.0,4.0,33.0,750.0,7.0,238,2.0,50,DISTRICT35,PIECE,-743.0
SP,2024-08-01,HEALTH CENTER,8.0,16.0,10.0,123.0,,29.0,269,1.0,1000,DISTRICT29,TABLET,29.0
ACT-AD,2024-11-01,HEALTH CENTER,3285.0,64.0,348.0,854.0,,151.0,-314,234.0,30,DISTRICT9,BLISTER,151.0
ACT-INF,2024-08-01,HEALTH CENTER,2356.0,132.0,407.0,1593.0,,448.0,557,124.0,30,DISTRICT15,BLISTER,448.0
PYRA-COMP,2024-02-01,HEALTH CENTER,88.0,1190.0,257.0,718.0,,248.0,125,182.0,1,DISTRICT16,TABLET,248.0
ACT-GC,2024-05-01,HEALTH CENTER,129.0,233.0,21.0,176.0,872.0,29.0,26,13.0,30,DISTRICT29,BLISTER,-843.0
PYRA-SAC,2025-02-01,HEALTH CENTER,2076.0,294.0,468.0,253.0,363.0,596.0,245,347.0,1,DISTRICT29,SACHET,233.0
ACT-AD,2025-11-01,HEALTH CENTER,3847.0,206.0,336.0,992.0,187.0,101.0,660,273.0,30,DISTRICT33,BLISTER,-86.0
ART-SUP,2025-11-01,HEALTH CENTER,426.0,29.0,21.0,300.0,,0.0,-280,10.0,2,DISTRICT36,CAPSULE,0.0
ITN,2024-02-01,DISTRICT HOSPITAL,1555.0,359.0,456.0,3236.0,,0.0,-314,215.0,50,DISTRICT35,PIECE,0.0
ITN,2024-11-01,HEALTH CENTER,3309.0,1.0,746.0,1452.0,192.0,556.0,-79,258.0,50,DISTRICT15,PIECE,364.0
ITN,2024-02-01,HEALTH CENTER,0.0,4.0,80.0,5.0,,1311.0,-93,12.0,50,DISTRICT20,PIECE,1311.0
RDT,2024-11-01,HEALTH CENTER,2217.0,5.0,568.0,2837.0,,957.0,583,483.0,25,DISTRICT28,PIECE,957.0
RDT,2024-08-01,HEALTH CENTER,6107.0,165.0,1367.0,2389.0,,1381.0,-351,2131.0,25,DISTRICT10,PIECE,1381.0
ACT-SC,2025-05-01,DISTRICT HOSPITAL,4735.0,188.0,456.0,3446.0,,0.0,399,167.0,30,DISTRICT5,BLISTER,0.0
PYRA-COMP,2024-08-01,HEALTH CENTER,731.0,7.0,136.0,164.0,,3146.0,-564,70.0,1,DISTRICT7,TABLET,3146.0
PYRA-SAC,2025-05-01,HEALTH CENTER,18.0,3.0,224.0,184.0,615.0,6355.0,785,120.0,1,DISTRICT36,SACHET,5740.0
RDT,2024-05-01,HEALTH CENTER,862.0,1.0,566.0,597.0,,0.0,-368,705.0,25,DISTRICT26,PIECE,0.0
ART-SUP,2025-08-01,HEALTH CENTER,1161.0,78.0,566.0,2118.0,682.0,67.0,339,1156.0,2,DISTRICT20,CAPSULE,-615.0
QUIN,2025-08-01,HEALTH CENTER,43.0,0.0,17.0,69.0,,0.0,82,1.0,1000,DISTRICT1,TABLET,0.0
ACT-GC,2024-05-01,HEALTH CENTER,1325.0,0.0,256.0,759.0,,1.0,-150,57.0,30,DISTRICT9,BLISTER,1.0
ACT-AD,2025-02-01,HEALTH CENTER,904.0,29.0,213.0,3775.0,,14.0,392,146.0,30,DISTRICT10,BLISTER,14.0
ART-SUP,2024-05-01,HEALTH CENTER,1.0,393.0,3.0,59.0,,9.0,-652,0.0,2,DISTRICT19,CAPSULE,9.0
RDT,2025-02-01,HEALTH CENTER,1699.0,6.0,444.0,497.0,,5.0,883,371.0,25,DISTRICT37,PIECE,5.0
PYRA-COMP,2025-11-01,HEALTH CENTER,1593.0,22.0,68.0,831.0,,2.0,54,40.0,1,DISTRICT23,TABLET,2.0
ART-SUP,2025-02-01,HEALTH CENTER,642.0,641.0,195.0,225.0,,0.0,777,107.0,2,DISTRICT1,CAPSULE,0.0
ART-SUP,2024-05-01,HEALTH CENTER,536.0,1.0,27.0,79.0,,10.0,-326,9.0,2,DISTRICT28,CAPSULE,10.0
ITN,2024-08-01,HEALTH CENTER,2879.0,42.0,723.0,2653.0,,0.0,-74,294.0,50,DISTRICT3,PIECE,0.0
ACT-AD,2024-08-01,HEALTH CENTER,424.0,126.0,99.0,278.0,,12.0,-157,100.0,30,DISTRICT32,BLISTER,12.0
PYRA-COMP,2024-05-01,HEALTH CENTER,3028.0,430.0,650.0,2051.0,,144.0,607,313.0,1,DISTRICT3,TABLET,144.0
ART-SUP,2024-11-01,HEALTH CENTER,248.0,172.0,69.0,343.0,,0.0,639,24.0,2,DISTRICT20,CAPSULE,0.0
ACT-INF,2025-05-01,HEALTH CENTER,4766.0,287.0,899.0,3014.0,,2014.0,500,613.0,30,DISTRICT6,BLISTER,2014.0
ART-SUP,2024-05-01,HEALTH CENTER,558.0,0.0,6.0,178.0,,0.0,348,2.0,2,DISTRICT28,CAPSULE,0.0
ACT-AD,2024-05-01,HEALTH CENTER,12.0,11.0,8.0,38.0,,0.0,-70,7.0,30,DISTRICT37,BLISTER,0.0
ITN,2024-08-01,HEALTH CENTER,1834.0,339.0,301.0,1068.0,,185.0,-113,160.0,50,DISTRICT14,PIECE,185.0
ACT-AD,2024-05-01,HEALTH CENTER,162.0,0.0,124.0,12.0,,1362.0,-276,104.0,30,DISTRICT26,BLISTER,1362.0
ITN,2025-05-01,HEALTH CENTER,7431.0,330.0,1596.0,2446.0,1106.0,7355.0,11,1587.0,50,DISTRICT20,PIECE,6249.0
ACT-GC,2024-05-01,HEALTH CENTER,106.0,0.0,60.0,296.0,841.0,5.0,-658,6.0,30,DISTRICT33,BLISTER,-836.0
ACT-AD,2024-05-01,HEALTH CENTER,828.0,0.0,60.0,333.0,,0.0,309,6.0,30,DISTRICT26,BLISTER,0.0
ACT-GC,2024-02-01,HEALTH CENTER,120.0,2.0,93.0,138.0,1256.0,11276.0,-46,9.0,30,DISTRICT1,BLISTER,10020.0
PYRA-COMP,2024-11-01,HEALTH CENTER,6069.0,1.0,1595.0,4956.0,,6541.0,-1,1277.0,1,DISTRICT14,TABLET,6541.0
ART-SUP,2025-05-01,HEALTH CENTER,563.0,331.0,52.0,568.0,,259.0,26,21.0,2,DISTRICT21,CAPSULE,259.0
ACT-AD,2025-02-01,HEALTH CENTER,31.0,1422.0,14.0,156.0,326.0,6.0,438,7.0,30,DISTRICT7,BLISTER,-320.0
ACT-GC,2025-02-01,HEALTH CENTER,84.0,19.0,42.0,10.0,194.0,0.0,-83,21.0,30,DISTRICT35,BLISTER,-194.0
PYRA-COMP,2024-11-01,HEALTH CENTER,176.0,52.0,183.0,162.0,,2.0,-95,73.0,1,DISTRICT12,TABLET,2.0
ITN,2025-02-01,HEALTH CENTER,3530.0,6.0,797.0,1417.0,,270.0,-265,880.0,50,DISTRICT3,PIECE,270.0
ART-INJ,2025-08-01,HEALTH CENTER,359.0,61.0,125.0,544.0,,23.0,-520,12.0,5,DISTRICT31,VIAL,23.0
ACT-AD,2024-05-01,HEALTH CENTER,886.0,528.0,106.0,495.0,610.0,29.0,147,86.0,30,DISTRICT32,BLISTER,-581.0
ACT-AD,2025-02-01,HEALTH CENTER,88.0,2.0,93.0,508.0,,411.0,29,103.0,30,DISTRICT3,BLISTER,411.0
ITN,2025-05-01,HEALTH CENTER,3928.0,11.0,683.0,5783.0,,25.0,-145,306.0,50,DISTRICT26,PIECE,25.0
ITN,2024-11-01,HEALTH CENTER,2782.0,133.0,1216.0,985.0,1183.0,93.0,-79,719.0,50,DISTRICT29,PIECE,-1090.0
QUIN,2025-11-01,HEALTH CENTER,4105.0,25.0,626.0,2848.0,,14.0,-233,393.0,1000,DISTRICT33,TABLET,14.0
ACT-GC,2025-05-01,HEALTH CENTER,1099.0,28.0,242.0,523.0,,9574.0,701,704.0,30,DISTRICT16,BLISTER,9574.0
ART-INJ,2025-08-01,HEALTH CENTER,629.0,1.0,307.0,1057.0,745.0,1.0,-246,246.0,5,DISTRICT36,VIAL,-744.0
ART-SUP,2025-05-01,HEALTH CENTER,3169.0,290.0,439.0,5404.0,,17.0,394,216.0,2,DISTRICT37,CAPSULE,17.0
ACT-GC,2024-02-01,HEALTH CENTER,2331.0,0.0,698.0,1268.0,1036.0,589.0,-274,361.0,30,DISTRICT20,BLISTER,-447.0
ACT-AD,2024-11-01,HEALTH CENTER,1089.0,22.0,528.0,1457.0,,1905.0,178,539.0,30,DISTRICT1,BLISTER,1905.0
ART-SUP,2024-11-01,HEALTH CENTER,1722.0,0.0,23.0,2730.0,,0.0,104,9.0,2,DISTRICT29,CAPSULE,0.0
PYRA-COMP,2025-08-01,NATIONAL HOSPITAL,2580.0,172.0,545.0,1246.0,,363.0,-172,278.0,1,DISTRICT13,TABLET,363.0
ACT-INF,2025-08-01,HEALTH CENTER,6451.0,4.0,580.0,2304.0,,362.0,257,247.0,30,DISTRICT16,BLISTER,362.0
ACT-INF,2024-05-01,HEALTH CENTER,265.0,2.0,211.0,542.0,703.0,1412.0,-240,109.0,30,DISTRICT17,BLISTER,709.0
PYRA-COMP,2024-05-01,DISTRICT HOSPITAL,1507.0,167.0,434.0,917.0,,80.0,211,551.0,1,DISTRICT16,TABLET,80.0
ITN,2024-02-01,HEALTH CENTER,1551.0,87.0,560.0,1235.0,,20.0,954,287.0,50,DISTRICT3,PIECE,20.0
RDT,2024-08-01,HEALTH CENTER,634.0,569.0,213.0,1244.0,1006.0,105.0,1160,284.0,25,DISTRICT26,PIECE,-901.0
ACT-INF,2025-05-01,REGIONAL HOSPITAL,5763.0,265.0,827.0,3848.0,,333.0,-6,1105.0,30,DISTRICT25,BLISTER,333.0
RDT,2025-05-01,HEALTH CENTER,521.0,45.0,519.0,2057.0,,587.0,690,231.0,25,DISTRICT5,PIECE,587.0
QUIN,2024-05-01,HEALTH CENTER,370.0,73.0,357.0,552.0,734.0,2079.0,1166,386.0,1000,DISTRICT19,TABLET,1345.0
ART-INJ,2024-11-01,DISTRICT HOSPITAL,1026.0,3086.0,1052.0,2839.0,1842.0,30146.0,201,864.0,5,DISTRICT28,VIAL,28304.0
ACT-GC,2024-02-01,HEALTH CENTER,3678.0,2751.0,828.0,5732.0,,11.0,-1207,735.0,30,DISTRICT33,BLISTER,11.0
ACT-AD,2024-05-01,HEALTH CENTER,1676.0,0.0,324.0,870.0,,0.0,192,561.0,30,DISTRICT31,BLISTER,0.0
PYRA-COMP,2024-05-01,HEALTH CENTER,221.0,1.0,199.0,175.0,,503.0,-82,207.0,1,DISTRICT7,TABLET,503.0
ACT-AD,2025-08-01,HEALTH CENTER,4762.0,603.0,729.0,1658.0,667.0,948.0,652,572.0,30,DISTRICT21,BLISTER,281.0
ACT-AD,2024-08-01,HEALTH CENTER,0.0,1.0,0.0,2.0,,0.0,-470,0.0,30,DISTRICT33,BLISTER,0.0
PYRA-COMP,2024-05-01,DISTRICT HOSPITAL,29.0,1.0,22.0,312.0,,136.0,-771,3.0,1,DISTRICT13,TABLET,136.0
RDT,2025-02-01,HEALTH CENTER,3112.0,72.0,714.0,4854.0,,0.0,119,175.0,25,DISTRICT35,PIECE,0.0
ACT-GC,2024-11-01,HEALTH CENTER,1.0,1.0,4.0,5.0,,745.0,201,4.0,30,DISTRICT33,BLISTER,745.0
ART-SUP,2024-11-01,HEALTH CENTER,4979.0,899.0,1048.0,3841.0,,1119.0,-149,1229.0,2,DISTRICT23,CAPSULE,1119.0
SP,2025-08-01,HEALTH CENTER,887.0,550.0,636.0,1635.0,,10559.0,-174,629.0,1000,DISTRICT36,TABLET,10559.0
ART-INJ,2024-05-01,NATIONAL HOSPITAL,238.0,0.0,500.0,377.0,,410.0,316,258.0,5,DISTRICT35,VIAL,410.0
PYRA-COMP,2024-11-01,HEALTH CENTER,1762.0,261.0,146.0,866.0,,554.0,-899,43.0,1,DISTRICT12,TABLET,554.0
ART-SUP,2024-08-01,HEALTH CENTER,286.0,0.0,26.0,159.0,,42.0,77,3.0,2,DISTRICT33,CAPSULE,42.0
ACT-GC,2024-08-01,HEALTH CENTER,429.0,0.0,53.0,69.0,,1.0,230,1.0,30,DISTRICT33,BLISTER,1.0
ITN,2025-02-01,HEALTH CENTER,155.0,0.0,11.0,262.0,,0.0,-819,34.0,50,DISTRICT36,PIECE,0.0
ACT-AD,2025-08-01,DISTRICT HOSPITAL,542.0,208.0,364.0,250.0,,4898.0,-11,409.0,30,DISTRICT3,BLISTER,4898.0
QUIN,2025-11-01,HEALTH CENTER,115.0,0.0,21.0,331.0,322.0,0.0,393,0.0,1000,DISTRICT1,TABLET,-322.0
QUIN,2024-08-01,DISTRICT HOSPITAL,719.0,0.0,256.0,1784.0,1403.0,7.0,159,93.0,1000,DISTRICT5,TABLET,-1396.0
ACT-SC,2025-05-01,HEALTH CENTER,40.0,16.0,16.0,23.0,,256.0,-519,14.0,30,DISTRICT31,BLISTER,256.0
SP,2025-02-01,HEALTH CENTER,408.0,129.0,559.0,1757.0,986.0,3.0,393,343.0,1000,DISTRICT35,TABLET,-983.0
QUIN,2024-02-01,NATIONAL HOSPITAL,1983.0,1.0,647.0,2018.0,577.0,1.0,56,479.0,1000,DISTRICT33,TABLET,-576.0
ITN,2024-08-01,HEALTH CENTER,2296.0,31.0,795.0,3307.0,,0.0,232,505.0,50,DISTRICT17,PIECE,0.0
ACT-GC,2024-11-01,HEALTH CENTER,231.0,0.0,4.0,47.0,,0.0,-62,1.0,30,DISTRICT13,BLISTER,0.0
PYRA-COMP,2025-08-01,HEALTH CENTER,1437.0,3.0,131.0,1444.0,,0.0,-157,141.0,1,DISTRICT29,TABLET,0.0
ITN,2024-05-01,HEALTH CENTER,643.0,66.0,194.0,314.0,,5.0,-104,199.0,50,DISTRICT2,PIECE,5.0
ART-SUP,2024-05-01,HEALTH CENTER,690.0,1073.0,154.0,1606.0,973.0,1.0,257,321.0,2,DISTRICT21,CAPSULE,-972.0
ITN,2024-08-01,HEALTH CENTER,1971.0,1271.0,486.0,3507.0,,0.0,-806,235.0,50,DISTRICT20,PIECE,0.0
PYRA-COMP,2024-08-01,HEALTH CENTER,10013.0,363.0,1927.0,5655.0,,4758.0,25,2500.0,1,DISTRICT30,TABLET,4758.0
ACT-INF,2025-08-01,HEALTH CENTER,770.0,263.0,730.0,1902.0,,12.0,-97,312.0,30,DISTRICT19,BLISTER,12.0
PYRA-COMP,2024-05-01,HEALTH CENTER,286.0,1264.0,61.0,945.0,,15.0,1153,112.0,1,DISTRICT6,TABLET,15.0
ITN,2025-11-01,HEALTH CENTER,3563.0,0.0,64.0,652.0,,1272.0,-137,38.0,50,DISTRICT14,PIECE,1272.0
ART-SUP,2024-02-01,HEALTH CENTER,2876.0,484.0,574.0,2116.0,,1122.0,-668,599.0,2,DISTRICT22,CAPSULE,1122.0
ACT-AD,2025-02-01,HEALTH CENTER,107.0,11.0,61.0,716.0,,0.0,469,19.0,30,DISTRICT23,BLISTER,0.0
ART-INJ,2025-02-01,HEALTH CENTER,279.0,8.0,182.0,185.0,,290.0,481,393.0,5,DISTRICT23,VIAL,290.0
ITN,2025-08-01,HEALTH CENTER,159.0,2092.0,559.0,1953.0,,9013.0,448,279.0,50,DISTRICT20,PIECE,9013.0
ITN,2024-02-01,HEALTH CENTER,3668.0,0.0,223.0,2150.0,,1022.0,-410,318.0,50,DISTRICT29,PIECE,1022.0
ACT-AD,2024-11-01,HEALTH CENTER,9.0,226.0,10.0,34.0,,36.0,-468,10.0,30,DISTRICT23,BLISTER,36.0
RDT,2025-05-01,HEALTH CENTER,1988.0,111.0,266.0,2573.0,,5.0,76,138.0,25,DISTRICT26,PIECE,5.0
ACT-AD,2025-02-01,HEALTH CENTER,2093.0,0.0,19.0,1069.0,,0.0,-594,4.0,30,DISTRICT9,BLISTER,0.0
ART-INJ,2025-05-01,HEALTH CENTER,321.0,186.0,321.0,615.0,686.0,548.0,178,353.0,5,DISTRICT13,VIAL,-138.0
RDT,2024-02-01,HEALTH CENTER,54.0,55.0,296.0,410.0,,335.0,-617,113.0,25,DISTRICT36,PIECE,335.0
ITN,2024-08-01,HEALTH CENTER,263.0,2.0,15.0,258.0,,28.0,-85,14.0,50,DISTRICT29,PIECE,28.0
ITN,2024-11-01,HEALTH CENTER,657.0,0.0,38.0,199.0,332.0,0.0,-613,18.0,50,DISTRICT30,PIECE,-332.0
ITN,2025-05-01,HEALTH CENTER,42.0,42.0,4.0,171.0,,0.0,37,2.0,50,DISTRICT21,PIECE,0.0
SP,2024-08-01,HEALTH CENTER,507.0,0.0,59.0,148.0,,39.0,-247,17.0,1000,DISTRICT32,TABLET,39.0
PYRA-SAC,2025-08-01,HEALTH CENTER,854.0,120.0,184.0,538.0,,18.0,-475,169.0,1,DISTRICT36,SACHET,18.0
PYRA-COMP,2025-02-01,HEALTH CENTER,856.0,145.0,229.0,295.0,,2694.0,-487,608.0,1,DISTRICT6,TABLET,2694.0
ACT-INF,2024-11-01,HEALTH CENTER,480.0,222.0,96.0,306.0,991.0,8.0,-375,47.0,30,DISTRICT1,BLISTER,-983.0
PYRA-COMP,2024-08-01,HEALTH CENTER,76.0,21.0,16.0,148.0,,5087.0,221,58.0,1,DISTRICT25,TABLET,5087.0
PYRA-COMP,2025-02-01,HEALTH CENTER,1319.0,1.0,102.0,900.0,,417.0,-419,182.0,1,DISTRICT4,TABLET,417.0
ITN,2025-11-01,HEALTH CENTER,3026.0,0.0,569.0,3517.0,1428.0,8149.0,-185,429.0,50,DISTRICT12,PIECE,6721.0
ACT-SC,2025-05-01,HEALTH CENTER,144.0,3.0,198.0,293.0,,12.0,171,47.0,30,DISTRICT23,BLISTER,12.0
SP,2024-08-01,HEALTH CENTER,394.0,71.0,102.0,366.0,,0.0,-131,79.0,1000,DISTRICT18,TABLET,0.0
SP,2024-11-01,HEALTH CENTER,77.0,0.0,48.0,3.0,,3.0,-149,4.0,1000,DISTRICT23,TABLET,3.0
PYRA-SAC,2024-08-01,HEALTH CENTER,755.0,107.0,384.0,1081.0,,2301.0,-236,380.0,1,DISTRICT3,SACHET,2301.0
ART-SUP,2025-08-01,HEALTH CENTER,819.0,6.0,470.0,856.0,,908.0,47,294.0,2,DISTRICT31,CAPSULE,908.0
QUIN,2024-11-01,HEALTH CENTER,1195.0,3271.0,977.0,5176.0,335.0,948.0,375,1234.0,1000,DISTRICT8,TABLET,613.0
PYRA-COMP,2025-08-01,HEALTH CENTER,43.0,80.0,347.0,878.0,188.0,5.0,488,101.0,1,DISTRICT28,TABLET,-183.0
ACT-AD,2025-08-01,HEALTH CENTER,606.0,111.0,500.0,1732.0,347.0,1.0,-238,652.0,30,DISTRICT20,BLISTER,-346.0
ACT-SC,2025-08-01,HEALTH CENTER,1733.0,150.0,320.0,2861.0,322.0,109.0,-219,388.0,30,DISTRICT16,BLISTER,-213.0
ART-INJ,2024-08-01,HEALTH CENTER,22.0,37.0,16.0,332.0,669.0,153.0,229,19.0,5,DISTRICT33,VIAL,-516.0
PYRA-SAC,2025-11-01,HEALTH CENTER,114.0,0.0,59.0,87.0,,126.0,806,352.0,1,DISTRICT15,SACHET,126.0
ART-INJ,2024-02-01,HEALTH CENTER,908.0,106.0,284.0,806.0,1020.0,17.0,-189,230.0,5,DISTRICT19,VIAL,-1003.0
ART-SUP,2024-05-01,HEALTH CENTER,1692.0,171.0,1287.0,1994.0,,53.0,-235,995.0,2,DISTRICT29,CAPSULE,53.0
ART-INJ,2024-02-01,DISTRICT HOSPITAL,373.0,0.0,9.0,172.0,,0.0,109,0.0,5,DISTRICT16,VIAL,0.0
ACT-AD,2025-05-01,HEALTH CENTER,723.0,0.0,105.0,291.0,,152.0,184,83.0,30,DISTRICT26,BLISTER,152.0
ACT-INF,2025-05-01,HEALTH CENTER,1934.0,1.0,179.0,2216.0,,295.0,351,102.0,30,DISTRICT23,BLISTER,295.0
ACT-AD,2024-11-01,HEALTH CENTER,2413.0,362.0,255.0,2630.0,,101.0,541,197.0,30,DISTRICT1,BLISTER,101.0
SP,2025-08-01,HEALTH CENTER,848.0,122.0,141.0,1662.0,,0.0,-687,234.0,1000,DISTRICT19,TABLET,0.0
ACT-INF,2025-02-01,HEALTH CENTER,108.0,23.0,12.0,81.0,,189.0,243,7.0,30,DISTRICT31,BLISTER,189.0
ACT-INF,2024-08-01,HEALTH CENTER,15.0,6.0,106.0,31.0,,1104.0,-169,77.0,30,DISTRICT18,BLISTER,1104.0
ACT-SC,2025-02-01,HEALTH CENTER,6109.0,4.0,1027.0,5279.0,,8.0,-148,733.0,30,DISTRICT33,BLISTER,8.0
PYRA-COMP,2024-02-01,DISTRICT HOSPITAL,2557.0,4.0,354.0,1559.0,,755.0,-218,433.0,1,DISTRICT21,TABLET,755.0
ITN,2024-02-01,HEALTH CENTER,3156.0,1280.0,643.0,2007.0,741.0,134.0,-41,656.0,50,DISTRICT10,PIECE,-607.0
ART-INJ,2024-02-01,HEALTH CENTER,1346.0,0.0,134.0,398.0,,1.0,-263,50.0,5,DISTRICT20,VIAL,1.0
ART-INJ,2025-08-01,HEALTH CENTER,2674.0,19.0,248.0,716.0,,12.0,847,35.0,5,DISTRICT6,VIAL,12.0
PYRA-SAC,2025-08-01,DISTRICT HOSPITAL,1067.0,19.0,45.0,1892.0,,0.0,409,14.0,1,DISTRICT21,SACHET,0.0
QUIN,2024-08-01,HEALTH CENTER,1082.0,2.0,437.0,1465.0,,3736.0,434,446.0,1000,DISTRICT19,TABLET,3736.0
ACT-AD,2024-05-01,HEALTH CENTER,42.0,2.0,70.0,522.0,1487.0,970.0,-575,8.0,30,DISTRICT14,BLISTER,-517.0
RDT,2025-08-01,HEALTH CENTER,2842.0,570.0,522.0,7198.0,,5.0,36,249.0,25,DISTRICT33,PIECE,5.0
ACT-AD,2024-02-01,HEALTH CENTER,566.0,3.0,69.0,146.0,,0.0,-429,5.0,30,DISTRICT25,BLISTER,0.0
ART-SUP,2025-05-01,DISTRICT HOSPITAL,1989.0,551.0,459.0,1234.0,,594.0,-914,413.0,2,DISTRICT25,CAPSULE,594.0
ACT-GC,2024-08-01,HEALTH CENTER,1712.0,152.0,533.0,2804.0,,7.0,-457,137.0,30,DISTRICT24,BLISTER,7.0
SP,2024-08-01,HEALTH CENTER,389.0,36.0,372.0,440.0,,1013.0,-169,472.0,1000,DISTRICT20,TABLET,1013.0
ACT-GC,2025-05-01,HEALTH CENTER,5826.0,566.0,886.0,7530.0,,1.0,-84,403.0,30,DISTRICT15,BLISTER,1.0
ACT-AD,2024-05-01,HEALTH CENTER,34.0,0.0,9.0,132.0,,0.0,455,1.0,30,DISTRICT20,BLISTER,0.0
PYRA-COMP,2024-05-01,HEALTH CENTER,2930.0,6.0,260.0,4234.0,,5.0,288,153.0,1,DISTRICT24,TABLET,5.0
ACT-SC,2025-11-01,HEALTH CENTER,3147.0,2.0,181.0,1484.0,,1.0,378,253.0,30,DISTRICT24,BLISTER,1.0
ITN,2025-02-01,HEALTH CENTER,3278.0,15.0,1677.0,4165.0,749.0,268.0,337,2388.0,50,DISTRICT29,PIECE,-481.0
ART-INJ,2024-02-01,HEALTH CENTER,1052.0,2.0,390.0,1285.0,,5237.0,154,232.0,5,DISTRICT29,VIAL,5237.0
QUIN,2024-11-01,DISTRICT HOSPITAL,1434.0,4.0,10.0,161.0,2083.0,0.0,105,0.0,1000,DISTRICT29,TABLET,-2083.0
ITN,2025-02-01,HEALTH CENTER,591.0,276.0,237.0,475.0,,1.0,-526,76.0,50,DISTRICT24,PIECE,1.0
SP,2025-05-01,DISTRICT HOSPITAL,21.0,2.0,7.0,17.0,,14.0,-1203,0.0,1000,DISTRICT13,TABLET,14.0
ACT-INF,2025-08-01,HEALTH CENTER,1697.0,260.0,831.0,644.0,,115.0,80,463.0,30,DISTRICT31,BLISTER,115.0
SP,2024-11-01,HEALTH CENTER,1986.0,413.0,277.0,4479.0,658.0,0.0,-388,167.0,1000,DISTRICT33,TABLET,-658.0
ART-INJ,2025-02-01,HEALTH CENTER,4.0,0.0,5.0,18.0,,234.0,-215,2.0,5,DISTRICT13,VIAL,234.0
ART-SUP,2025-05-01,HEALTH CENTER,5455.0,577.0,1459.0,5972.0,,52.0,204,692.0,2,DISTRICT26,CAPSULE,52.0
PYRA-COMP,2024-02-01,HEALTH CENTER,103.0,0.0,31.0,215.0,228.0,0.0,149,6.0,1,DISTRICT2,TABLET,-228.0
RDT,2025-11-01,HEALTH CENTER,102.0,0.0,71.0,53.0,,5.0,-93,14.0,25,DISTRICT31,PIECE,5.0
SP,2024-08-01,HEALTH CENTER,10.0,0.0,8.0,78.0,,400.0,-59,13.0,1000,DISTRICT5,TABLET,400.0
ART-INJ,2024-05-01,HEALTH CENTER,1623.0,93.0,174.0,2183.0,,0.0,24,117.0,5,DISTRICT29,VIAL,0.0
ART-INJ,2025-05-01,HEALTH CENTER,481.0,162.0,100.0,294.0,,9.0,-140,13.0,5,DISTRICT29,VIAL,9.0
ITN,2024-11-01,HEALTH CENTER,3363.0,462.0,591.0,3181.0,,462.0,-106,429.0,50,DISTRICT9,PIECE,462.0
ITN,2025-05-01,HEALTH CENTER,1364.0,0.0,380.0,447.0,1167.0,707.0,65,60.0,50,DISTRICT8,PIECE,-460.0
PYRA-COMP,2025-02-01,HEALTH CENTER,1456.0,1412.0,564.0,1803.0,912.0,613.0,180,405.0,1,DISTRICT6,TABLET,-299.0
ART-INJ,2024-05-01,HEALTH CENTER,402.0,76.0,95.0,1971.0,,21.0,62,24.0,5,DISTRICT15,VIAL,21.0
ACT-SC,2025-08-01,HEALTH CENTER,11.0,0.0,1.0,39.0,,14.0,-115,0.0,30,DISTRICT21,BLISTER,14.0
ITN,2024-11-01,HEALTH CENTER,188.0,0.0,45.0,186.0,1017.0,0.0,-355,12.0,50,DISTRICT19,PIECE,-1017.0
ART-INJ,2024-11-01,HEALTH CENTER,61.0,1.0,152.0,54.0,,1736.0,262,59.0,5,DISTRICT9,VIAL,1736.0
QUIN,2025-11-01,HEALTH CENTER,147.0,76.0,69.0,224.0,,0.0,-1082,8.0,1000,DISTRICT35,TABLET,0.0
ACT-GC,2024-11-01,HEALTH CENTER,1349.0,3.0,274.0,215.0,,7193.0,436,100.0,30,DISTRICT23,BLISTER,7193.0
ART-INJ,2025-11-01,HEALTH CENTER,301.0,1618.0,357.0,2376.0,,30.0,467,217.0,5,DISTRICT31,VIAL,30.0
ACT-INF,2024-11-01,HEALTH CENTER,3074.0,0.0,605.0,658.0,,5593.0,953,405.0,30,DISTRICT29,BLISTER,5593.0
ACT-INF,2025-05-01,HEALTH CENTER,503.0,5.0,217.0,53.0,,27.0,-308,306.0,30,DISTRICT21,BLISTER,27.0
ACT-AD,2024-05-01,HEALTH CENTER,709.0,13.0,124.0,1208.0,903.0,1316.0,-92,455.0,30,DISTRICT26,BLISTER,413.0
RDT,2025-02-01,HEALTH CENTER,2.0,0.0,17.0,3.0,,0.0,-466,1.0,25,DISTRICT23,PIECE,0.0
PYRA-SAC,2024-05-01,HEALTH CENTER,176.0,66.0,252.0,489.0,,1.0,-241,86.0,1,DISTRICT11,SACHET,1.0
ACT-INF,2024-02-01,HEALTH CENTER,407.0,0.0,149.0,1192.0,353.0,38.0,1040,278.0,30,DISTRICT13,BLISTER,-315.0
ACT-SC,2024-08-01,HEALTH CENTER,42.0,115.0,62.0,141.0,,0.0,328,10.0,30,DISTRICT31,BLISTER,0.0
PYRA-SAC,2025-02-01,HEALTH CENTER,3309.0,71.0,1038.0,2583.0,1305.0,251.0,728,313.0,1,DISTRICT25,SACHET,-1054.0
ACT-AD,2024-11-01,HEALTH CENTER,987.0,2350.0,220.0,926.0,,69.0,-316,263.0,30,DISTRICT7,BLISTER,69.0
PYRA-SAC,2024-05-01,HEALTH CENTER,785.0,45.0,157.0,648.0,,2715.0,260,139.0,1,DISTRICT31,SACHET,2715.0
SP,2024-11-01,HEALTH CENTER,261.0,560.0,80.0,1099.0,,0.0,287,10.0,1000,DISTRICT22,TABLET,0.0
ACT-AD,2024-05-01,HEALTH CENTER,34.0,51.0,25.0,29.0,606.0,0.0,364,1.0,30,DISTRICT1,BLISTER,-606.0
RDT,2025-08-01,HEALTH CENTER,1112.0,879.0,91.0,938.0,,0.0,-150,10.0,25,DISTRICT16,PIECE,0.0
ACT-AD,2025-05-01,HEALTH CENTER,207.0,87.0,50.0,594.0,,0.0,656,5.0,30,DISTRICT24,BLISTER,0.0
RDT,2025-08-01,HEALTH CENTER,119.0,0.0,71.0,317.0,,2.0,468,46.0,25,DISTRICT21,PIECE,2.0
RDT,2025-08-01,HEALTH CENTER,885.0,17.0,373.0,126.0,,12802.0,-72,158.0,25,DISTRICT36,PIECE,12802.0
ACT-GC,2024-08-01,DISTRICT HOSPITAL,77.0,252.0,1.0,76.0,,0.0,-265,0.0,30,DISTRICT13,BLISTER,0.0
QUIN,2025-02-01,HEALTH CENTER,126.0,0.0,48.0,1136.0,,0.0,-264,25.0,1000,DISTRICT5,TABLET,0.0
SP,2024-05-01,HEALTH CENTER,3149.0,1.0,554.0,476.0,,4748.0,-31,192.0,1000,DISTRICT35,TABLET,4748.0
RDT,2025-02-01,HEALTH CENTER,2736.0,66.0,547.0,1114.0,,4151.0,537,274.0,25,DISTRICT20,PIECE,4151.0
ART-INJ,2025-02-01,HEALTH CENTER,509.0,4313.0,205.0,1281.0,,0.0,557,87.0,5,DISTRICT29,VIAL,0.0
RDT,2025-02-01,HEALTH CENTER,2529.0,137.0,393.0,2212.0,732.0,2.0,-390,139.0,25,DISTRICT3,PIECE,-730.0
SP,2025-11-01,HEALTH CENTER,279.0,0.0,17.0,92.0,,0.0,423,6.0,1000,DISTRICT29,TABLET,0.0
ACT-SC,2024-08-01,HEALTH CENTER,1732.0,454.0,881.0,1480.0,,873.0,756,804.0,30,DISTRICT31,BLISTER,873.0
ACT-INF,2025-11-01,HEALTH CENTER,579.0,1.0,59.0,192.0,,67.0,66,30.0,30,DISTRICT9,BLISTER,67.0
ACT-GC,2024-11-01,HEALTH CENTER,5477.0,316.0,1325.0,6314.0,,55.0,-228,787.0,30,DISTRICT16,BLISTER,55.0
ACT-GC,2024-05-01,HEALTH CENTER,424.0,65.0,123.0,122.0,1133.0,331.0,-331,53.0,30,DISTRICT25,BLISTER,-802.0
RDT,2024-05-01,HEALTH CENTER,3488.0,306.0,1109.0,1576.0,2432.0,662.0,154,957.0,25,DISTRICT37,PIECE,-1770.0
PYRA-SAC,2025-08-01,HEALTH CENTER,55.0,1093.0,26.0,283.0,,0.0,82,11.0,1,DISTRICT7,SACHET,0.0
PYRA-SAC,2024-08-01,HEALTH CENTER,1741.0,0.0,441.0,2056.0,,287.0,536,215.0,1,DISTRICT16,SACHET,287.0
RDT,2025-11-01,HEALTH CENTER,4.0,0.0,4.0,77.0,,719.0,-129,0.0,25,DISTRICT29,PIECE,719.0
QUIN,2024-08-01,HEALTH CENTER,306.0,7.0,101.0,1544.0,1154.0,941.0,-713,37.0,1000,DISTRICT19,TABLET,-213.0
SP,2025-08-01,HEALTH CENTER,4091.0,293.0,313.0,1921.0,,1.0,266,177.0,1000,DISTRICT16,TABLET,1.0
ACT-GC,2025-05-01,HEALTH CENTER,79.0,65.0,64.0,11.0,,2.0,-874,10.0,30,DISTRICT36,BLISTER,2.0
ART-INJ,2025-02-01,HEALTH CENTER,2636.0,80.0,414.0,4391.0,,2.0,673,692.0,5,DISTRICT6,VIAL,2.0
ACT-SC,2024-08-01,HEALTH CENTER,59.0,0.0,115.0,232.0,,34.0,-59,57.0,30,DISTRICT3,BLISTER,34.0
QUIN,2025-02-01,HEALTH CENTER,44.0,575.0,98.0,216.0,,0.0,-146,3.0,1000,DISTRICT13,TABLET,0.0
PYRA-SAC,2025-08-01,HEALTH CENTER,742.0,46.0,74.0,899.0,,0.0,-41,8.0,1,DISTRICT28,SACHET,0.0
ACT-INF,2025-08-01,DISTRICT HOSPITAL,1267.0,0.0,759.0,677.0,,6331.0,342,498.0,30,DISTRICT29,BLISTER,6331.0
ART-INJ,2025-05-01,HEALTH CENTER,470.0,0.0,103.0,33.0,515.0,1543.0,-140,26.0,5,DISTRICT28,VIAL,1028.0
RDT,2025-08-01,HEALTH CENTER,1035.0,160.0,219.0,2880.0,,90.0,-151,205.0,25,DISTRICT30,PIECE,90.0
ART-SUP,2024-05-01,REGIONAL HOSPITAL,318.0,0.0,56.0,1370.0,,8.0,682,36.0,2,DISTRICT14,CAPSULE,8.0
ITN,2025-08-01,HEALTH CENTER,1092.0,128.0,767.0,1824.0,1113.0,0.0,-1010,497.0,50,DISTRICT19,PIECE,-1113.0
PYRA-SAC,2025-02-01,HEALTH CENTER,1159.0,1490.0,312.0,1804.0,321.0,0.0,174,153.0,1,DISTRICT7,SACHET,-321.0
ITN,2024-05-01,HEALTH CENTER,698.0,1.0,213.0,591.0,,85.0,-349,60.0,50,DISTRICT31,PIECE,85.0
ACT-AD,2025-08-01,HEALTH CENTER,1677.0,2602.0,644.0,992.0,338.0,0.0,-187,118.0,30,DISTRICT24,BLISTER,-338.0
ITN,2025-08-01,HEALTH CENTER,1470.0,0.0,206.0,860.0,,135.0,-1164,48.0,50,DISTRICT9,PIECE,135.0
RDT,2025-05-01,HEALTH CENTER,1265.0,4.0,36.0,918.0,,0.0,-79,20.0,25,DISTRICT13,PIECE,0.0
ART-SUP,2025-05-01,HEALTH CENTER,740.0,0.0,236.0,460.0,,3.0,-168,98.0,2,DISTRICT13,CAPSULE,3.0
PYRA-COMP,2024-05-01,HEALTH CENTER,51.0,1229.0,34.0,43.0,,7.0,-83,8.0,1,DISTRICT15,TABLET,7.0
SP,2025-11-01,HEALTH CENTER,379.0,0.0,193.0,222.0,,125.0,-786,53.0,1000,DISTRICT31,TABLET,125.0
ART-SUP,2025-02-01,HEALTH CENTER,272.0,599.0,21.0,837.0,455.0,0.0,-146,0.0,2,DISTRICT8,CAPSULE,-455.0
ACT-GC,2025-08-01,HEALTH CENTER,206.0,0.0,56.0,51.0,181.0,387.0,-267,82.0,30,DISTRICT24,BLISTER,206.0
ART-INJ,2024-11-01,HEALTH CENTER,610.0,2.0,257.0,678.0,,7196.0,-18,135.0,5,DISTRICT33,VIAL,7196.0
SP,2025-02-01,HEALTH CENTER,1473.0,0.0,45.0,430.0,,0.0,-213,5.0,1000,DISTRICT33,TABLET,0.0
ART-INJ,2024-11-01,HEALTH CENTER,1772.0,5.0,178.0,1791.0,1008.0,7.0,186,337.0,5,DISTRICT21,VIAL,-1001.0
ACT-INF,2025-08-01,HEALTH CENTER,904.0,1573.0,441.0,1638.0,,360.0,180,466.0,30,DISTRICT2,BLISTER,360.0
QUIN,2025-02-01,HEALTH CENTER,605.0,354.0,51.0,231.0,,27.0,52,68.0,1000,DISTRICT7,TABLET,27.0
ACT-GC,2024-08-01,HEALTH CENTER,144.0,99.0,221.0,92.0,,527.0,-58,200.0,30,DISTRICT6,BLISTER,527.0
ART-SUP,2024-08-01,HEALTH CENTER,2753.0,30.0,414.0,243.0,,538.0,736,170.0,2,DISTRICT13,CAPSULE,538.0
RDT,2024-05-01,HEALTH CENTER,513.0,0.0,127.0,487.0,,5.0,132,53.0,25,DISTRICT20,PIECE,5.0
ACT-GC,2025-02-01,HEALTH CENTER,888.0,0.0,90.0,57.0,,92.0,318,197.0,30,DISTRICT3,BLISTER,92.0
ART-SUP,2024-08-01,HEALTH CENTER,864.0,0.0,223.0,256.0,557.0,4591.0,-817,17.0,2,DISTRICT28,CAPSULE,4034.0
ACT-GC,2024-05-01,HEALTH CENTER,934.0,0.0,183.0,744.0,,0.0,-333,69.0,30,DISTRICT28,BLISTER,0.0
ACT-INF,2025-11-01,HEALTH CENTER,920.0,58.0,391.0,455.0,,16373.0,-289,331.0,30,DISTRICT18,BLISTER,16373.0
PYRA-SAC,2025-08-01,HEALTH CENTER,3312.0,1384.0,389.0,3813.0,,0.0,277,107.0,1,DISTRICT28,SACHET,0.0
QUIN,2025-08-01,HEALTH CENTER,5.0,6.0,4.0,41.0,,0.0,5,0.0,1000,DISTRICT9,TABLET,0.0
PYRA-COMP,2025-05-01,HEALTH CENTER,683.0,1.0,239.0,269.0,,2.0,122,151.0,1,DISTRICT22,TABLET,2.0
ACT-INF,2024-11-01,HEALTH CENTER,3000.0,34.0,716.0,2972.0,,8.0,570,195.0,30,DISTRICT1,BLISTER,8.0
ACT-GC,2024-02-01,HEALTH CENTER,1732.0,2.0,375.0,172.0,511.0,552.0,-332,245.0,30,DISTRICT18,BLISTER,41.0
PYRA-COMP,2025-08-01,HEALTH CENTER,192.0,780.0,238.0,170.0,,0.0,131,112.0,1,DISTRICT9,TABLET,0.0
ART-SUP,2024-11-01,HEALTH CENTER,90.0,0.0,11.0,95.0,680.0,2.0,485,27.0,2,DISTRICT5,CAPSULE,-678.0
ITN,2025-11-01,HEALTH CENTER,5082.0,663.0,635.0,6586.0,248.0,2.0,517,905.0,50,DISTRICT15,PIECE,-246.0
ART-INJ,2025-11-01,HEALTH CENTER,824.0,729.0,310.0,1712.0,,141.0,349,119.0,5,DISTRICT7,VIAL,141.0
ART-INJ,2025-02-01,HEALTH CENTER,167.0,0.0,17.0,80.0,,326.0,-232,2.0,5,DISTRICT31,VIAL,326.0
ART-INJ,2024-11-01,HEALTH CENTER,0.0,6.0,10.0,4.0,,8.0,825,1.0,5,DISTRICT28,VIAL,8.0
RDT,2025-05-01,HEALTH CENTER,8.0,63.0,2.0,275.0,677.0,0.0,-324,1.0,25,DISTRICT36,PIECE,-677.0
ART-INJ,2025-08-01,HEALTH CENTER,2112.0,304.0,730.0,1460.0,859.0,7279.0,-176,350.0,5,DISTRICT19,VIAL,6420.0
ACT-INF,2024-11-01,DISTRICT HOSPITAL,728.0,0.0,132.0,547.0,,90.0,-208,61.0,30,DISTRICT29,BLISTER,90.0
ACT-SC,2025-02-01,DISTRICT HOSPITAL,581.0,6.0,158.0,2087.0,,0.0,-260,11.0,30,DISTRICT17,BLISTER,0.0
ART-INJ,2025-05-01,HEALTH CENTER,909.0,0.0,310.0,315.0,,0.0,88,70.0,5,DISTRICT28,VIAL,0.0
PYRA-COMP,2024-05-01,HEALTH CENTER,4188.0,839.0,762.0,2885.0,,2411.0,217,269.0,1,DISTRICT23,TABLET,2411.0
RDT,2024-11-01,HEALTH CENTER,2117.0,46.0,306.0,2333.0,983.0,0.0,144,404.0,25,DISTRICT13,PIECE,-983.0
QUIN,2025-05-01,HEALTH CENTER,51.0,19.0,122.0,38.0,,131.0,-7,12.0,1000,DISTRICT27,TABLET,131.0
ACT-SC,2025-05-01,HEALTH CENTER,1585.0,152.0,620.0,1354.0,663.0,800.0,394,729.0,30,DISTRICT6,BLISTER,137.0
ART-SUP,2025-08-01,HEALTH CENTER,17.0,20.0,21.0,26.0,,48.0,-584,1.0,2,DISTRICT38,CAPSULE,48.0
ITN,2024-05-01,DISTRICT HOSPITAL,633.0,1029.0,235.0,1476.0,509.0,12.0,-235,441.0,50,DISTRICT33,PIECE,-497.0
SP,2025-02-01,HEALTH CENTER,222.0,26.0,94.0,805.0,,521.0,591,68.0,1000,DISTRICT28,TABLET,521.0
RDT,2025-11-01,HEALTH CENTER,118.0,0.0,12.0,75.0,,22.0,314,14.0,25,DISTRICT28,PIECE,22.0
PYRA-COMP,2024-05-01,HEALTH CENTER,1455.0,982.0,668.0,3648.0,493.0,12217.0,-523,871.0,1,DISTRICT15,TABLET,11724.0
ACT-GC,2025-08-01,HEALTH CENTER,2344.0,0.0,103.0,341.0,,38.0,-339,69.0,30,DISTRICT28,BLISTER,38.0
ART-SUP,2024-08-01,HEALTH CENTER,368.0,9.0,2.0,128.0,267.0,0.0,1160,0.0,2,DISTRICT23,CAPSULE,-267.0
ACT-AD,2024-08-01,HEALTH CENTER,1187.0,108.0,558.0,1169.0,,20.0,-851,227.0,30,DISTRICT2,BLISTER,20.0
SP,2025-08-01,HEALTH CENTER,2549.0,2.0,771.0,2062.0,,0.0,1,564.0,1000,DISTRICT38,TABLET,0.0
PYRA-SAC,2024-11-01,HEALTH CENTER,2104.0,33.0,455.0,1490.0,519.0,1801.0,3,135.0,1,DISTRICT15,SACHET,1282.0
ACT-INF,2024-08-01,HEALTH CENTER,901.0,5.0,186.0,396.0,524.0,2719.0,111,199.0,30,DISTRICT37,BLISTER,2195.0
ART-SUP,2025-11-01,HEALTH CENTER,164.0,774.0,110.0,145.0,,12.0,-235,57.0,2,DISTRICT14,CAPSULE,12.0
ITN,2025-08-01,HEALTH CENTER,104.0,0.0,14.0,3.0,,97.0,-61,11.0,50,DISTRICT36,PIECE,97.0
ACT-SC,2024-02-01,HEALTH CENTER,620.0,147.0,61.0,96.0,,16.0,204,67.0,30,DISTRICT29,BLISTER,16.0
ACT-AD,2024-08-01,REGIONAL HOSPITAL,220.0,52.0,118.0,81.0,,419.0,-233,238.0,30,DISTRICT11,BLISTER,419.0
QUIN,2024-05-01,HEALTH CENTER,76.0,1.0,13.0,184.0,,5.0,791,22.0,1000,DISTRICT10,TABLET,5.0
ACT-SC,2025-05-01,HEALTH CENTER,1497.0,6.0,560.0,1453.0,,194.0,1116,453.0,30,DISTRICT8,BLISTER,194.0
ITN,2025-05-01,HEALTH CENTER,919.0,140.0,107.0,1931.0,,3.0,191,69.0,50,DISTRICT32,PIECE,3.0
PYRA-COMP,2024-08-01,HEALTH CENTER,3883.0,173.0,1305.0,1772.0,,3685.0,805,629.0,1,DISTRICT2,TABLET,3685.0
RDT,2025-05-01,HEALTH CENTER,2676.0,447.0,1095.0,1357.0,,2.0,-754,605.0,25,DISTRICT36,PIECE,2.0
ACT-GC,2024-08-01,HEALTH CENTER,1152.0,1.0,38.0,146.0,494.0,0.0,388,1.0,30,DISTRICT8,BLISTER,-494.0
PYRA-SAC,2024-08-01,HEALTH CENTER,10220.0,208.0,1428.0,8694.0,,130.0,536,795.0,1,DISTRICT5,SACHET,130.0
RDT,2024-02-01,HEALTH CENTER,1400.0,64.0,384.0,830.0,,176.0,588,244.0,25,DISTRICT36,PIECE,176.0
PYRA-COMP,2024-02-01,HEALTH CENTER,994.0,1.0,110.0,2271.0,,0.0,116,39.0,1,DISTRICT2,TABLET,0.0
ACT-INF,2025-05-01,DISTRICT HOSPITAL,495.0,0.0,379.0,648.0,,1490.0,374,702.0,30,DISTRICT29,BLISTER,1490.0
ART-INJ,2024-08-01,DISTRICT HOSPITAL,550.0,0.0,175.0,279.0,1041.0,3024.0,-425,224.0,5,DISTRICT26,VIAL,1983.0
SP,2024-11-01,HEALTH CENTER,309.0,10.0,216.0,98.0,,7.0,83,93.0,1000,DISTRICT10,TABLET,7.0
PYRA-SAC,2024-02-01,HEALTH CENTER,4416.0,44.0,351.0,1268.0,,0.0,98,68.0,1,DISTRICT19,SACHET,0.0
ART-INJ,2024-02-01,HEALTH CENTER,419.0,35.0,302.0,90.0,816.0,1662.0,19,189.0,5,DISTRICT32,VIAL,846.0
ART-SUP,2025-11-01,HEALTH CENTER,84.0,0.0,3.0,14.0,,31.0,369,1.0,2,DISTRICT24,CAPSULE,31.0
RDT,2025-02-01,HEALTH CENTER,1033.0,82.0,350.0,937.0,,4593.0,-143,716.0,25,DISTRICT36,PIECE,4593.0
ART-SUP,2025-08-01,HEALTH CENTER,97.0,96.0,8.0,162.0,,0.0,196,4.0,2,DISTRICT15,CAPSULE,0.0
ART-INJ,2025-11-01,HEALTH CENTER,5.0,120.0,20.0,56.0,,0.0,-430,2.0,5,DISTRICT23,VIAL,0.0
ACT-AD,2024-02-01,HEALTH CENTER,1310.0,1096.0,200.0,3229.0,,2.0,34,48.0,30,DISTRICT10,BLISTER,2.0
ACT-INF,2025-11-01,HEALTH CENTER,1319.0,270.0,645.0,1077.0,,2902.0,-516,1194.0,30,DISTRICT1,BLISTER,2902.0
ACT-AD,2024-11-01,HEALTH CENTER,1948.0,2.0,307.0,1499.0,,0.0,158,278.0,30,DISTRICT20,BLISTER,0.0
ACT-INF,2024-05-01,HEALTH CENTER,768.0,124.0,227.0,1158.0,,1226.0,290,259.0,30,DISTRICT10,BLISTER,1226.0
SP,2025-02-01,HEALTH CENTER,1581.0,0.0,380.0,856.0,,792.0,-289,179.0,1000,DISTRICT32,TABLET,792.0
ACT-GC,2024-11-01,HEALTH CENTER,3223.0,0.0,386.0,717.0,275.0,540.0,720,58.0,30,DISTRICT8,BLISTER,265.0
ACT-INF,2024-11-01,HEALTH CENTER,234.0,268.0,112.0,1317.0,,0.0,-65,19.0,30,DISTRICT25,BLISTER,0.0
RDT,2025-08-01,HEALTH CENTER,33.0,0.0,3.0,61.0,225.0,0.0,133,4.0,25,DISTRICT7,PIECE,-225.0
ACT-SC,2025-05-01,HEALTH CENTER,83.0,1.0,4.0,217.0,,0.0,607,0.0,30,DISTRICT32,BLISTER,0.0
ACT-INF,2025-02-01,HEALTH CENTER,1424.0,1.0,671.0,992.0,,783.0,155,386.0,30,DISTRICT16,BLISTER,783.0
RDT,2024-08-01,DISTRICT HOSPITAL,3416.0,1849.0,1032.0,4591.0,,99.0,-657,1088.0,25,DISTRICT10,PIECE,99.0
ACT-AD,2025-11-01,HEALTH CENTER,1081.0,460.0,422.0,3305.0,702.0,60.0,462,581.0,30,DISTRICT32,BLISTER,-642.0
ART-INJ,2024-11-01,HEALTH CENTER,186.0,1.0,43.0,553.0,,28.0,-620,1.0,5,DISTRICT25,VIAL,28.0
RDT,2024-11-01,DISTRICT HOSPITAL,659.0,0.0,669.0,270.0,,2271.0,-126,519.0,25,DISTRICT9,PIECE,2271.0
RDT,2025-02-01,HEALTH CENTER,3405.0,133.0,729.0,2254.0,1514.0,596.0,272,680.0,25,DISTRICT14,PIECE,-918.0
ACT-AD,2024-05-01,HEALTH CENTER,117.0,0.0,50.0,26.0,1155.0,137.0,-409,51.0,30,DISTRICT3,BLISTER,-1018.0
SP,2024-11-01,HEALTH CENTER,4834.0,0.0,817.0,4225.0,1045.0,548.0,329,687.0,1000,DISTRICT16,TABLET,-497.0
PYRA-SAC,2025-11-01,DISTRICT HOSPITAL,1731.0,0.0,73.0,922.0,,465.0,371,46.0,1,DISTRICT21,SACHET,465.0
RDT,2024-02-01,HEALTH CENTER,95.0,2.0,42.0,31.0,,0.0,-57,25.0,25,DISTRICT15,PIECE,0.0
ACT-GC,2024-05-01,HEALTH CENTER,821.0,5.0,169.0,1226.0,691.0,4.0,-572,131.0,30,DISTRICT20,BLISTER,-687.0
ACT-SC,2024-02-01,DISTRICT HOSPITAL,1278.0,8.0,232.0,1104.0,,1877.0,792,318.0,30,DISTRICT16,BLISTER,1877.0
ACT-GC,2024-02-01,HEALTH CENTER,218.0,0.0,49.0,599.0,811.0,0.0,-155,32.0,30,DISTRICT16,BLISTER,-811.0
SP,2025-05-01,HEALTH CENTER,617.0,26.0,24.0,799.0,,0.0,-314,7.0,1000,DISTRICT35,TABLET,0.0
ACT-SC,2025-05-01,HEALTH CENTER,300.0,0.0,82.0,559.0,639.0,3.0,70,35.0,30,DISTRICT28,BLISTER,-636.0
PYRA-SAC,2024-11-01,HEALTH CENTER,1886.0,0.0,665.0,1133.0,,295.0,-79,805.0,1,DISTRICT20,SACHET,295.0
QUIN,2025-11-01,HEALTH CENTER,924.0,166.0,359.0,2673.0,95.0,51.0,838,231.0,1000,DISTRICT35,TABLET,-44.0
ART-SUP,2024-05-01,DISTRICT HOSPITAL,1324.0,1.0,76.0,1218.0,156.0,0.0,305,13.0,2,DISTRICT21,CAPSULE,-156.0
RDT,2024-11-01,NATIONAL HOSPITAL,16.0,129.0,13.0,345.0,463.0,0.0,-546,3.0,25,DISTRICT29,PIECE,-463.0
QUIN,2024-05-01,HEALTH CENTER,386.0,547.0,365.0,514.0,,2528.0,-54,569.0,1000,DISTRICT9,TABLET,2528.0
RDT,2025-05-01,HEALTH CENTER,26.0,0.0,13.0,79.0,,452.0,291,13.0,25,DISTRICT25,PIECE,452.0
ACT-AD,2025-08-01,HEALTH CENTER,1294.0,14.0,432.0,972.0,,2915.0,476,260.0,30,DISTRICT15,BLISTER,2915.0
RDT,2024-02-01,HEALTH CENTER,82.0,251.0,339.0,1722.0,,0.0,-799,408.0,25,DISTRICT31,PIECE,0.0
QUIN,2024-08-01,HEALTH CENTER,3786.0,0.0,834.0,2142.0,,2.0,1,779.0,1000,DISTRICT20,TABLET,2.0
PYRA-SAC,2025-08-01,NATIONAL HOSPITAL,1899.0,0.0,732.0,510.0,,0.0,15,277.0,1,DISTRICT18,SACHET,0.0
PYRA-SAC,2024-11-01,HEALTH CENTER,51.0,2820.0,169.0,603.0,,1.0,-129,22.0,1,DISTRICT21,SACHET,1.0
ACT-SC,2025-08-01,HEALTH CENTER,64.0,343.0,126.0,90.0,,0.0,-292,70.0,30,DISTRICT16,BLISTER,0.0
ITN,2025-05-01,HEALTH CENTER,338.0,0.0,450.0,67.0,,958.0,-389,124.0,50,DISTRICT26,PIECE,958.0
ACT-GC,2024-05-01,HEALTH CENTER,1719.0,17.0,1279.0,452.0,,5234.0,-169,1268.0,30,DISTRICT31,BLISTER,5234.0
ACT-SC,2025-02-01,HEALTH CENTER,2829.0,905.0,1589.0,5105.0,,8721.0,-287,1905.0,30,DISTRICT37,BLISTER,8721.0
ART-INJ,2025-11-01,HEALTH CENTER,92.0,110.0,64.0,149.0,,977.0,-567,67.0,5,DISTRICT23,VIAL,977.0
ITN,2025-11-01,HEALTH CENTER,4815.0,1364.0,900.0,4852.0,1599.0,1018.0,-121,970.0,50,DISTRICT6,PIECE,-581.0
ART-INJ,2025-11-01,HEALTH CENTER,1258.0,22.0,106.0,495.0,,1.0,402,28.0,5,DISTRICT29,VIAL,1.0
ACT-AD,2025-11-01,REGIONAL HOSPITAL,622.0,0.0,122.0,107.0,,0.0,618,125.0,30,DISTRICT7,BLISTER,0.0
RDT,2025-11-01,HEALTH CENTER,289.0,10.0,34.0,215.0,642.0,622.0,-388,21.0,25,DISTRICT26,PIECE,-20.0
ITN,2024-05-01,HEALTH CENTER,251.0,0.0,71.0,612.0,,0.0,-234,22.0,50,DISTRICT32,PIECE,0.0
ACT-GC,2024-11-01,HEALTH CENTER,413.0,270.0,56.0,698.0,,1.0,-219,164.0,30,DISTRICT24,BLISTER,1.0
ART-INJ,2024-08-01,HEALTH CENTER,194.0,250.0,76.0,826.0,487.0,94.0,490,26.0,5,DISTRICT14,VIAL,-393.0
PYRA-SAC,2024-08-01,HEALTH CENTER,0.0,3.0,2.0,1.0,,0.0,-589,0.0,1,DISTRICT32,SACHET,0.0
SP,2025-02-01,HEALTH CENTER,35.0,0.0,27.0,12.0,,4.0,-384,66.0,1000,DISTRICT29,TABLET,4.0
RDT,2025-11-01,HEALTH CENTER,1474.0,125.0,280.0,543.0,1023.0,29.0,-131,95.0,25,DISTRICT1,PIECE,-994.0
ACT-SC,2025-05-01,HEALTH CENTER,4331.0,138.0,633.0,789.0,,3744.0,751,260.0,30,DISTRICT25,BLISTER,3744.0
ACT-SC,2024-08-01,HEALTH CENTER,2605.0,100.0,692.0,4217.0,846.0,248.0,-233,531.0,30,DISTRICT1,BLISTER,-598.0
ACT-INF,2024-05-01,DISTRICT HOSPITAL,614.0,471.0,226.0,880.0,,5.0,-467,61.0,30,DISTRICT24,BLISTER,5.0
PYRA-COMP,2025-08-01,HEALTH CENTER,463.0,11.0,6.0,459.0,,0.0,-491,0.0,1,DISTRICT23,TABLET,0.0
ACT-SC,2025-08-01,HEALTH CENTER,6498.0,343.0,1321.0,3037.0,639.0,274.0,-341,1374.0,30,DISTRICT33,BLISTER,-365.0
PYRA-SAC,2024-05-01,HEALTH CENTER,867.0,24.0,159.0,546.0,1122.0,5.0,69,752.0,1,DISTRICT29,SACHET,-1117.0
ART-INJ,2024-11-01,HEALTH CENTER,1423.0,0.0,462.0,819.0,755.0,389.0,-509,388.0,5,DISTRICT13,VIAL,-366.0
ACT-INF,2025-05-01,HEALTH CENTER,1799.0,0.0,556.0,357.0,,10754.0,-81,334.0,30,DISTRICT5,BLISTER,10754.0
ACT-GC,2025-05-01,HEALTH CENTER,1061.0,34.0,483.0,541.0,,2070.0,-213,550.0,30,DISTRICT29,BLISTER,2070.0
ITN,2024-08-01,HEALTH CENTER,391.0,0.0,54.0,101.0,,1.0,-458,8.0,50,DISTRICT20,PIECE,1.0
ACT-AD,2024-08-01,HEALTH CENTER,1761.0,410.0,1188.0,4634.0,273.0,0.0,-791,458.0,30,DISTRICT8,BLISTER,-273.0
QUIN,2024-08-01,HEALTH CENTER,917.0,36.0,346.0,2120.0,,246.0,823,458.0,1000,DISTRICT31,TABLET,246.0
ACT-GC,2024-05-01,HEALTH CENTER,540.0,5.0,287.0,481.0,,4217.0,391,416.0,30,DISTRICT33,BLISTER,4217.0
ACT-INF,2024-11-01,HEALTH CENTER,909.0,0.0,36.0,421.0,666.0,0.0,153,4.0,30,DISTRICT21,BLISTER,-666.0
PYRA-SAC,2025-05-01,HEALTH CENTER,396.0,271.0,528.0,380.0,1708.0,4935.0,501,378.0,1,DISTRICT23,SACHET,3227.0
ART-INJ,2024-08-01,HEALTH CENTER,2051.0,62.0,443.0,1956.0,,1.0,-478,861.0,5,DISTRICT13,VIAL,1.0
ART-INJ,2024-11-01,HEALTH CENTER,3949.0,213.0,849.0,8639.0,,6.0,233,601.0,5,DISTRICT25,VIAL,6.0
SP,2024-11-01,HEALTH CENTER,5176.0,2.0,957.0,3283.0,,3752.0,-410,814.0,1000,DISTRICT3,TABLET,3752.0
PYRA-SAC,2024-08-01,DISTRICT HOSPITAL,46.0,84.0,14.0,42.0,508.0,357.0,-380,18.0,1,DISTRICT31,SACHET,-151.0
ACT-GC,2025-08-01,HEALTH CENTER,443.0,0.0,206.0,451.0,,325.0,-169,190.0,30,DISTRICT15,BLISTER,325.0
ACT-GC,2025-08-01,HEALTH CENTER,2274.0,127.0,1334.0,3646.0,,936.0,113,1276.0,30,DISTRICT13,BLISTER,936.0
RDT,2025-11-01,REGIONAL HOSPITAL,799.0,129.0,144.0,1200.0,,749.0,-418,151.0,25,DISTRICT8,PIECE,749.0
PYRA-SAC,2025-02-01,HEALTH CENTER,82.0,84.0,272.0,252.0,,454.0,118,229.0,1,DISTRICT31,SACHET,454.0
ACT-AD,2025-08-01,HEALTH CENTER,7658.0,30.0,568.0,3228.0,,336.0,-174,238.0,30,DISTRICT29,BLISTER,336.0
ACT-SC,2024-11-01,HEALTH CENTER,535.0,0.0,271.0,457.0,876.0,308.0,333,92.0,30,DISTRICT33,BLISTER,-568.0
SP,2025-08-01,HEALTH CENTER,466.0,17.0,308.0,1375.0,,1022.0,162,526.0,1000,DISTRICT1,TABLET,1022.0
ACT-SC,2025-05-01,HEALTH CENTER,1097.0,878.0,1217.0,2521.0,,2876.0,824,983.0,30,DISTRICT33,BLISTER,2876.0
PYRA-COMP,2025-11-01,HEALTH CENTER,893.0,2285.0,295.0,1728.0,233.0,0.0,425,165.0,1,DISTRICT1,TABLET,-233.0
ACT-INF,2025-08-01,HEALTH CENTER,808.0,755.0,506.0,1685.0,,685.0,-457,386.0,30,DISTRICT1,BLISTER,685.0
ACT-SC,2024-08-01,HEALTH CENTER,202.0,112.0,172.0,35.0,663.0,107.0,307,56.0,30,DISTRICT31,BLISTER,-556.0
SP,2024-05-01,HEALTH CENTER,490.0,45.0,154.0,386.0,,0.0,-4,137.0,1000,DISTRICT19,TABLET,0.0
ITN,2024-02-01,HEALTH CENTER,38.0,37.0,44.0,142.0,,1.0,103,3.0,50,DISTRICT19,PIECE,1.0
PYRA-SAC,2024-05-01,HEALTH CENTER,420.0,0.0,193.0,309.0,,5824.0,499,14.0,1,DISTRICT25,SACHET,5824.0
PYRA-SAC,2025-05-01,DISTRICT HOSPITAL,1028.0,79.0,584.0,1308.0,,4160.0,-513,168.0,1,DISTRICT6,SACHET,4160.0
ACT-GC,2025-08-01,HEALTH CENTER,1331.0,19.0,325.0,1492.0,,219.0,-200,156.0,30,DISTRICT23,BLISTER,219.0
RDT,2025-05-01,HEALTH CENTER,18.0,1.0,21.0,324.0,,1.0,-330,7.0,25,DISTRICT33,PIECE,1.0
ACT-AD,2024-05-01,HEALTH CENTER,184.0,1.0,146.0,297.0,,59.0,114,147.0,30,DISTRICT29,BLISTER,59.0
QUIN,2024-02-01,HEALTH CENTER,155.0,4.0,132.0,1799.0,,0.0,-189,59.0,1000,DISTRICT16,TABLET,0.0
PYRA-SAC,2024-08-01,HEALTH CENTER,504.0,1.0,316.0,127.0,492.0,3275.0,920,436.0,1,DISTRICT9,SACHET,2783.0
SP,2024-08-01,HEALTH CENTER,164.0,23.0,81.0,406.0,830.0,0.0,338,112.0,1000,DISTRICT31,TABLET,-830.0
ACT-AD,2024-05-01,HEALTH CENTER,2.0,1.0,1.0,5.0,,1.0,300,0.0,30,DISTRICT23,BLISTER,1.0
ACT-AD,2025-02-01,HEALTH CENTER,3788.0,94.0,521.0,2475.0,2215.0,1.0,41,661.0,30,DISTRICT33,BLISTER,-2214.0
PYRA-SAC,2025-05-01,HEALTH CENTER,2368.0,3.0,558.0,2009.0,,6.0,15,714.0,1,DISTRICT23,SACHET,6.0
ART-SUP,2025-02-01,HEALTH CENTER,3325.0,304.0,419.0,1651.0,,25.0,279,363.0,2,DISTRICT36,CAPSULE,25.0
PYRA-SAC,2024-08-01,HEALTH CENTER,579.0,414.0,95.0,1118.0,,0.0,125,3.0,1,DISTRICT26,SACHET,0.0
QUIN,2025-05-01,HEALTH CENTER,154.0,7.0,87.0,3.0,,0.0,-500,12.0,1000,DISTRICT16,TABLET,0.0
RDT,2024-08-01,HEALTH CENTER,286.0,136.0,54.0,465.0,,525.0,-47,35.0,25,DISTRICT14,PIECE,525.0
ITN,2024-02-01,NATIONAL HOSPITAL,191.0,85.0,25.0,499.0,,7.0,219,1.0,50,DISTRICT19,PIECE,7.0
ITN,2025-05-01,HEALTH CENTER,111.0,2.0,39.0,60.0,133.0,8.0,-1440,6.0,50,DISTRICT25,PIECE,-125.0
RDT,2025-05-01,HEALTH CENTER,2450.0,57.0,689.0,2064.0,,0.0,-132,275.0,25,DISTRICT38,PIECE,0.0
ACT-AD,2024-08-01,HEALTH CENTER,264.0,1102.0,291.0,1247.0,,0.0,-64,271.0,30,DISTRICT1,BLISTER,0.0
ACT-AD,2024-08-01,HEALTH CENTER,1205.0,28.0,287.0,1251.0,,0.0,-504,155.0,30,DISTRICT33,BLISTER,0.0
ITN,2025-11-01,HEALTH CENTER,78.0,51.0,288.0,409.0,,1662.0,-70,65.0,50,DISTRICT3,PIECE,1662.0
ACT-INF,2025-02-01,HEALTH CENTER,8.0,80.0,5.0,75.0,,0.0,-326,1.0,30,DISTRICT38,BLISTER,0.0
QUIN,2024-02-01,HEALTH CENTER,1423.0,1.0,219.0,608.0,,2098.0,-293,341.0,1000,DISTRICT33,TABLET,2098.0
PYRA-COMP,2025-11-01,HEALTH CENTER,80.0,67.0,50.0,302.0,,45.0,-148,101.0,1,DISTRICT3,TABLET,45.0
ACT-SC,2024-08-01,HEALTH CENTER,1353.0,0.0,441.0,465.0,1646.0,310.0,-90,447.0,30,DISTRICT20,BLISTER,-1336.0
ACT-SC,2025-05-01,HEALTH CENTER,65.0,1.0,11.0,74.0,,2443.0,451,19.0,30,DISTRICT38,BLISTER,2443.0
ACT-AD,2025-05-01,HEALTH CENTER,9832.0,138.0,2149.0,5676.0,,17934.0,0,2708.0,30,DISTRICT23,BLISTER,17934.0
ACT-SC,2025-02-01,HEALTH CENTER,205.0,528.0,83.0,1599.0,,0.0,-187,24.0,30,DISTRICT14,BLISTER,0.0
ACT-AD,2024-11-01,HEALTH CENTER,352.0,51.0,97.0,117.0,,243.0,-486,40.0,30,DISTRICT37,BLISTER,243.0
RDT,2024-05-01,HEALTH CENTER,653.0,0.0,167.0,411.0,,3.0,263,66.0,25,DISTRICT24,PIECE,3.0
SP,2025-11-01,HEALTH CENTER,223.0,0.0,4.0,48.0,,0.0,-214,0.0,1000,DISTRICT28,TABLET,0.0
QUIN,2024-02-01,HEALTH CENTER,2055.0,1.0,231.0,879.0,,1.0,-102,38.0,1000,DISTRICT9,TABLET,1.0
ITN,2024-02-01,DISTRICT HOSPITAL,1176.0,0.0,41.0,125.0,843.0,3.0,-221,24.0,50,DISTRICT18,PIECE,-840.0
ACT-GC,2024-08-01,HEALTH CENTER,96.0,1.0,99.0,243.0,,6.0,444,31.0,30,DISTRICT12,BLISTER,6.0
ITN,2025-05-01,HEALTH CENTER,775.0,440.0,225.0,1033.0,120.0,0.0,-347,13.0,50,DISTRICT22,PIECE,-120.0
ACT-GC,2025-05-01,HEALTH CENTER,1099.0,89.0,463.0,996.0,817.0,496.0,-41,541.0,30,DISTRICT2,BLISTER,-321.0
SP,2025-05-01,HEALTH CENTER,2548.0,10.0,219.0,1368.0,661.0,0.0,-386,138.0,1000,DISTRICT29,TABLET,-661.0
ACT-AD,2024-11-01,HEALTH CENTER,71.0,0.0,168.0,29.0,242.0,1.0,101,124.0,30,DISTRICT11,BLISTER,-241.0
ART-SUP,2025-08-01,HEALTH CENTER,0.0,191.0,15.0,5.0,,789.0,-364,11.0,2,DISTRICT31,CAPSULE,789.0
ACT-AD,2025-11-01,HEALTH CENTER,2737.0,99.0,523.0,3134.0,,1836.0,-289,334.0,30,DISTRICT20,BLISTER,1836.0
ACT-GC,2025-11-01,DISTRICT HOSPITAL,43.0,0.0,4.0,61.0,,0.0,180,3.0,30,DISTRICT11,BLISTER,0.0
ART-SUP,2025-11-01,HEALTH CENTER,1.0,491.0,0.0,7.0,,0.0,-490,0.0,2,DISTRICT31,CAPSULE,0.0
RDT,2025-05-01,HEALTH CENTER,146.0,0.0,113.0,248.0,735.0,53.0,351,145.0,25,DISTRICT19,PIECE,-682.0
RDT,2025-11-01,DISTRICT HOSPITAL,2698.0,1.0,74.0,1716.0,185.0,0.0,-631,64.0,25,DISTRICT11,PIECE,-185.0
PYRA-COMP,2024-05-01,HEALTH CENTER,258.0,3.0,9.0,485.0,,0.0,-1024,5.0,1,DISTRICT32,TABLET,0.0
ART-SUP,2024-05-01,HEALTH CENTER,49.0,0.0,5.0,47.0,,0.0,-834,6.0,2,DISTRICT29,CAPSULE,0.0
ACT-INF,2024-11-01,HEALTH CENTER,873.0,0.0,719.0,1099.0,2045.0,443.0,60,343.0,30,DISTRICT29,BLISTER,-1602.0
SP,2025-05-01,HEALTH CENTER,942.0,2.0,58.0,320.0,,220.0,61,28.0,1000,DISTRICT9,TABLET,220.0
PYRA-SAC,2024-11-01,HEALTH CENTER,717.0,26.0,149.0,462.0,,45.0,301,161.0,1,DISTRICT25,SACHET,45.0
ITN,2024-02-01,HEALTH CENTER,3222.0,137.0,569.0,3173.0,,1.0,-53,354.0,50,DISTRICT13,PIECE,1.0
ACT-AD,2024-08-01,HEALTH CENTER,2011.0,0.0,193.0,1344.0,,0.0,631,228.0,30,DISTRICT31,BLISTER,0.0
ACT-AD,2024-11-01,HEALTH CENTER,1675.0,0.0,237.0,482.0,,10.0,179,156.0,30,DISTRICT28,BLISTER,10.0
ACT-AD,2025-05-01,HEALTH CENTER,4076.0,21.0,991.0,3130.0,,1049.0,995,931.0,30,DISTRICT6,BLISTER,1049.0
PYRA-SAC,2025-08-01,HEALTH CENTER,105.0,1.0,60.0,177.0,,12.0,-160,33.0,1,DISTRICT33,SACHET,12.0
PYRA-SAC,2025-08-01,HEALTH CENTER,184.0,434.0,91.0,457.0,,26.0,787,43.0,1,DISTRICT23,SACHET,26.0
ACT-INF,2025-11-01,HEALTH CENTER,3002.0,0.0,205.0,515.0,,16.0,554,161.0,30,DISTRICT32,BLISTER,16.0
ITN,2024-08-01,HEALTH CENTER,107.0,2018.0,68.0,962.0,2129.0,22.0,471,14.0,50,DISTRICT20,PIECE,-2107.0
PYRA-COMP,2024-11-01,HEALTH CENTER,3409.0,123.0,736.0,3151.0,607.0,4263.0,325,715.0,1,DISTRICT9,TABLET,3656.0
ACT-GC,2025-08-01,HEALTH CENTER,5666.0,33.0,722.0,5161.0,,8.0,-361,1048.0,30,DISTRICT9,BLISTER,8.0
ACT-SC,2024-11-01,HEALTH CENTER,1059.0,313.0,393.0,277.0,1819.0,1092.0,-803,539.0,30,DISTRICT24,BLISTER,-727.0
ART-INJ,2024-05-01,HEALTH CENTER,1908.0,114.0,692.0,1602.0,,205.0,336,778.0,5,DISTRICT33,VIAL,205.0
ACT-GC,2025-11-01,DISTRICT HOSPITAL,1359.0,17.0,129.0,572.0,,81.0,-428,76.0,30,DISTRICT36,BLISTER,81.0
ART-SUP,2025-11-01,HEALTH CENTER,402.0,18.0,99.0,290.0,,0.0,664,106.0,2,DISTRICT35,CAPSULE,0.0
SP,2024-11-01,HEALTH CENTER,596.0,0.0,203.0,691.0,,58.0,-38,55.0,1000,DISTRICT30,TABLET,58.0
ACT-GC,2025-05-01,HEALTH CENTER,3616.0,521.0,828.0,1870.0,,77.0,-419,323.0,30,DISTRICT29,BLISTER,77.0
ACT-GC,2025-08-01,HEALTH CENTER,345.0,16.0,102.0,386.0,,1309.0,6,170.0,30,DISTRICT31,BLISTER,1309.0
ITN,2024-08-01,DISTRICT HOSPITAL,4376.0,7.0,852.0,2657.0,,460.0,-593,686.0,50,DISTRICT29,PIECE,460.0
RDT,2024-05-01,HEALTH CENTER,865.0,360.0,275.0,1510.0,,0.0,105,45.0,25,DISTRICT30,PIECE,0.0
ACT-SC,2024-11-01,HEALTH CENTER,276.0,27.0,914.0,702.0,,6084.0,525,309.0,30,DISTRICT32,BLISTER,6084.0
ART-INJ,2024-11-01,HEALTH CENTER,155.0,2.0,115.0,180.0,1668.0,1.0,-402,163.0,5,DISTRICT36,VIAL,-1667.0
SP,2024-05-01,HEALTH CENTER,218.0,0.0,1.0,191.0,,191.0,829,2.0,1000,DISTRICT36,TABLET,191.0
QUIN,2024-08-01,HEALTH CENTER,3596.0,1.0,829.0,3691.0,,2241.0,426,618.0,1000,DISTRICT20,TABLET,2241.0
ACT-SC,2024-02-01,HEALTH CENTER,737.0,313.0,246.0,1905.0,,5.0,-95,187.0,30,DISTRICT36,BLISTER,5.0
PYRA-SAC,2025-08-01,HEALTH CENTER,3134.0,29.0,550.0,2311.0,,291.0,9,369.0,1,DISTRICT9,SACHET,291.0
ART-SUP,2025-05-01,DISTRICT HOSPITAL,223.0,2.0,93.0,638.0,,0.0,300,65.0,2,DISTRICT2,CAPSULE,0.0
ACT-GC,2024-05-01,HEALTH CENTER,138.0,0.0,11.0,1733.0,,0.0,440,6.0,30,DISTRICT3,BLISTER,0.0
QUIN,2024-02-01,HEALTH CENTER,694.0,198.0,457.0,2125.0,,1072.0,-442,795.0,1000,DISTRICT3,TABLET,1072.0
ACT-GC,2025-05-01,DISTRICT HOSPITAL,2087.0,2.0,344.0,1286.0,2004.0,1334.0,133,257.0,30,DISTRICT9,BLISTER,-670.0
ACT-SC,2025-08-01,HEALTH CENTER,55.0,0.0,2.0,13.0,,0.0,205,0.0,30,DISTRICT8,BLISTER,0.0
ACT-SC,2025-02-01,HEALTH CENTER,17.0,61.0,13.0,175.0,,0.0,170,0.0,30,DISTRICT26,BLISTER,0.0
QUIN,2025-08-01,HEALTH CENTER,1791.0,103.0,142.0,2128.0,601.0,37.0,1,143.0,1000,DISTRICT3,TABLET,-564.0
ACT-GC,2025-05-01,HEALTH CENTER,732.0,0.0,53.0,169.0,,2.0,-535,30.0,30,DISTRICT6,BLISTER,2.0
ACT-AD,2025-08-01,HEALTH CENTER,3010.0,151.0,301.0,3263.0,,0.0,168,109.0,30,DISTRICT18,BLISTER,0.0
SP,2025-08-01,HEALTH CENTER,4490.0,495.0,932.0,3289.0,,106.0,75,334.0,1000,DISTRICT15,TABLET,106.0
ACT-SC,2025-08-01,HEALTH CENTER,781.0,25.0,104.0,1131.0,,1604.0,297,291.0,30,DISTRICT32,BLISTER,1604.0
PYRA-SAC,2025-02-01,DISTRICT HOSPITAL,3296.0,1.0,648.0,2725.0,371.0,6.0,296,705.0,1,DISTRICT9,SACHET,-365.0
ITN,2025-02-01,DISTRICT HOSPITAL,2204.0,0.0,51.0,1047.0,1224.0,24.0,-357,40.0,50,DISTRICT36,PIECE,-1200.0
ACT-AD,2024-05-01,HEALTH CENTER,402.0,102.0,19.0,839.0,,20.0,22,2.0,30,DISTRICT14,BLISTER,20.0
ACT-INF,2024-08-01,HEALTH CENTER,122.0,0.0,15.0,80.0,,0.0,432,6.0,30,DISTRICT31,BLISTER,0.0
RDT,2024-05-01,HEALTH CENTER,2971.0,0.0,233.0,2487.0,,0.0,128,168.0,25,DISTRICT23,PIECE,0.0
PYRA-SAC,2025-11-01,HEALTH CENTER,2317.0,0.0,511.0,2452.0,396.0,22.0,-21,658.0,1,DISTRICT20,SACHET,-374.0
PYRA-SAC,2024-11-01,HEALTH CENTER,660.0,12.0,131.0,532.0,,747.0,-1075,81.0,1,DISTRICT36,SACHET,747.0
ACT-INF,2024-11-01,HEALTH CENTER,42.0,106.0,22.0,165.0,,1.0,-336,2.0,30,DISTRICT25,BLISTER,1.0
ACT-INF,2024-11-01,HEALTH CENTER,848.0,0.0,52.0,161.0,235.0,14.0,13,14.0,30,DISTRICT26,BLISTER,-221.0
PYRA-SAC,2025-05-01,HEALTH CENTER,3266.0,110.0,687.0,3942.0,983.0,0.0,-479,337.0,1,DISTRICT2,SACHET,-983.0
ART-SUP,2024-08-01,HEALTH CENTER,296.0,158.0,89.0,872.0,2746.0,2314.0,-403,58.0,2,DISTRICT29,CAPSULE,-432.0
PYRA-COMP,2025-05-01,HEALTH CENTER,2524.0,1822.0,489.0,2054.0,1744.0,17.0,24,113.0,1,DISTRICT15,TABLET,-1727.0
ACT-AD,2024-02-01,HEALTH CENTER,11.0,24.0,14.0,39.0,,272.0,-4,18.0,30,DISTRICT6,BLISTER,272.0
PYRA-COMP,2025-02-01,HEALTH CENTER,91.0,259.0,180.0,289.0,,2984.0,1344,114.0,1,DISTRICT13,TABLET,2984.0
ACT-GC,2024-08-01,HEALTH CENTER,2257.0,1.0,232.0,2299.0,322.0,46.0,94,75.0,30,DISTRICT33,BLISTER,-276.0
RDT,2024-08-01,HEALTH CENTER,63.0,1.0,28.0,51.0,89.0,10.0,-348,16.0,25,DISTRICT13,PIECE,-79.0
ITN,2025-08-01,HEALTH CENTER,1233.0,31.0,418.0,832.0,,1631.0,19,177.0,50,DISTRICT29,PIECE,1631.0
QUIN,2025-11-01,HEALTH CENTER,610.0,165.0,905.0,619.0,,8060.0,-535,514.0,1000,DISTRICT30,TABLET,8060.0
ART-SUP,2024-11-01,HEALTH CENTER,5.0,1451.0,5.0,157.0,,0.0,457,39.0,2,DISTRICT25,CAPSULE,0.0
ART-SUP,2025-05-01,HEALTH CENTER,1940.0,52.0,232.0,1383.0,,14.0,-249,83.0,2,DISTRICT9,CAPSULE,14.0
PYRA-COMP,2025-02-01,HEALTH CENTER,2984.0,0.0,116.0,854.0,311.0,6.0,442,150.0,1,DISTRICT26,TABLET,-305.0
ACT-SC,2025-08-01,HEALTH CENTER,2589.0,0.0,656.0,1471.0,,140.0,144,306.0,30,DISTRICT7,BLISTER,140.0
ACT-GC,2024-02-01,HEALTH CENTER,116.0,0.0,2.0,101.0,,2.0,-99,11.0,30,DISTRICT33,BLISTER,2.0
RDT,2024-08-01,HEALTH CENTER,956.0,114.0,228.0,1515.0,,1032.0,437,109.0,25,DISTRICT13,PIECE,1032.0
ITN,2025-11-01,HEALTH CENTER,260.0,1.0,80.0,134.0,753.0,303.0,930,53.0,50,DISTRICT30,PIECE,-450.0
ACT-INF,2024-02-01,HEALTH CENTER,1996.0,92.0,976.0,2690.0,,151.0,97,760.0,30,DISTRICT1,BLISTER,151.0
PYRA-SAC,2025-11-01,HEALTH CENTER,390.0,226.0,175.0,915.0,,0.0,69,107.0,1,DISTRICT25,SACHET,0.0
RDT,2025-08-01,HEALTH CENTER,8816.0,26.0,989.0,8290.0,972.0,131.0,264,894.0,25,DISTRICT24,PIECE,-841.0
ART-SUP,2025-08-01,HEALTH CENTER,1218.0,1514.0,418.0,2959.0,,4.0,175,443.0,2,DISTRICT23,CAPSULE,4.0
SP,2025-08-01,DISTRICT HOSPITAL,818.0,471.0,671.0,1562.0,,4.0,501,427.0,1000,DISTRICT7,TABLET,4.0
ART-INJ,2025-11-01,HEALTH CENTER,712.0,3.0,97.0,974.0,,327.0,-324,108.0,5,DISTRICT16,VIAL,327.0
ART-SUP,2024-05-01,HEALTH CENTER,35.0,928.0,12.0,742.0,1288.0,0.0,745,5.0,2,DISTRICT1,CAPSULE,-1288.0
QUIN,2025-11-01,HEALTH CENTER,992.0,0.0,333.0,2113.0,785.0,0.0,-99,270.0,1000,DISTRICT19,TABLET,-785.0
ITN,2024-11-01,HEALTH CENTER,2144.0,22.0,174.0,101.0,,314.0,-258,24.0,50,DISTRICT1,PIECE,314.0
QUIN,2024-11-01,HEALTH CENTER,317.0,698.0,159.0,667.0,,274.0,-58,142.0,1000,DISTRICT8,TABLET,274.0
ART-SUP,2025-05-01,HEALTH CENTER,3.0,0.0,0.0,1.0,84.0,394.0,446,0.0,2,DISTRICT29,CAPSULE,310.0
ACT-SC,2024-05-01,HEALTH CENTER,136.0,16.0,10.0,430.0,,0.0,105,25.0,30,DISTRICT35,BLISTER,0.0
ITN,2024-08-01,HEALTH CENTER,1965.0,131.0,861.0,1928.0,,398.0,-40,574.0,50,DISTRICT32,PIECE,398.0
ACT-SC,2024-08-01,HEALTH CENTER,166.0,0.0,18.0,70.0,198.0,0.0,-50,2.0,30,DISTRICT23,BLISTER,-198.0
ART-INJ,2025-05-01,HEALTH CENTER,2094.0,0.0,292.0,2783.0,,0.0,-119,152.0,5,DISTRICT13,VIAL,0.0
SP,2024-11-01,HEALTH CENTER,53.0,60.0,4.0,494.0,,728.0,669,2.0,1000,DISTRICT31,TABLET,728.0
SP,2025-05-01,HEALTH CENTER,2162.0,0.0,912.0,2743.0,,484.0,-169,1168.0,1000,DISTRICT28,TABLET,484.0
SP,2024-02-01,HEALTH CENTER,5987.0,54.0,700.0,4347.0,,0.0,-71,683.0,1000,DISTRICT29,TABLET,0.0
ART-SUP,2024-02-01,HEALTH CENTER,643.0,0.0,43.0,49.0,849.0,23.0,13,38.0,2,DISTRICT7,CAPSULE,-826.0
ART-INJ,2025-11-01,HEALTH CENTER,1883.0,115.0,404.0,5899.0,252.0,56.0,-79,221.0,5,DISTRICT15,VIAL,-196.0
ACT-SC,2025-05-01,HEALTH CENTER,462.0,39.0,203.0,211.0,,8698.0,-428,95.0,30,DISTRICT30,BLISTER,8698.0
ART-INJ,2024-02-01,HEALTH CENTER,25.0,7.0,0.0,77.0,439.0,10.0,-313,0.0,5,DISTRICT13,VIAL,-429.0
PYRA-COMP,2025-02-01,DISTRICT HOSPITAL,458.0,69.0,138.0,467.0,,75.0,-393,66.0,1,DISTRICT28,TABLET,75.0
ACT-SC,2024-05-01,HEALTH CENTER,1288.0,0.0,250.0,1133.0,,77.0,385,228.0,30,DISTRICT33,BLISTER,77.0
ACT-INF,2025-11-01,HEALTH CENTER,1125.0,0.0,578.0,1197.0,,17.0,-6,443.0,30,DISTRICT1,BLISTER,17.0
ITN,2024-11-01,DISTRICT HOSPITAL,222.0,3.0,83.0,232.0,,910.0,266,19.0,50,DISTRICT21,PIECE,910.0
ITN,2025-08-01,HEALTH CENTER,520.0,93.0,221.0,849.0,,208.0,74,136.0,50,DISTRICT37,PIECE,208.0
PYRA-SAC,2024-08-01,HEALTH CENTER,159.0,952.0,170.0,208.0,,6383.0,60,335.0,1,DISTRICT24,SACHET,6383.0
RDT,2025-08-01,HEALTH CENTER,72.0,57.0,331.0,36.0,,195.0,-825,368.0,25,DISTRICT2,PIECE,195.0
ART-INJ,2024-02-01,HEALTH CENTER,88.0,0.0,5.0,71.0,,0.0,33,0.0,5,DISTRICT19,VIAL,0.0
RDT,2024-02-01,HEALTH CENTER,733.0,130.0,9.0,277.0,,0.0,-134,8.0,25,DISTRICT23,PIECE,0.0
ITN,2024-05-01,HEALTH CENTER,427.0,275.0,210.0,234.0,,8.0,-204,8.0,50,DISTRICT9,PIECE,8.0
ACT-AD,2024-08-01,HEALTH CENTER,677.0,55.0,53.0,505.0,703.0,0.0,-534,28.0,30,DISTRICT31,BLISTER,-703.0
ART-SUP,2025-02-01,HEALTH CENTER,325.0,0.0,144.0,360.0,1472.0,1718.0,-492,49.0,2,DISTRICT16,CAPSULE,246.0
PYRA-COMP,2024-02-01,HEALTH CENTER,253.0,0.0,44.0,268.0,136.0,579.0,708,15.0,1,DISTRICT1,TABLET,443.0
ACT-AD,2024-08-01,HEALTH CENTER,4940.0,884.0,1495.0,2678.0,,235.0,-944,608.0,30,DISTRICT15,BLISTER,235.0
QUIN,2025-08-01,HEALTH CENTER,610.0,0.0,83.0,1225.0,,176.0,-779,14.0,1000,DISTRICT1,TABLET,176.0
RDT,2024-05-01,HEALTH CENTER,1034.0,7.0,299.0,1046.0,,143.0,-45,378.0,25,DISTRICT20,PIECE,143.0
PYRA-COMP,2024-05-01,HEALTH CENTER,3366.0,175.0,1391.0,1577.0,,10019.0,-526,1304.0,1,DISTRICT24,TABLET,10019.0
RDT,2024-02-01,HEALTH CENTER,696.0,1.0,112.0,152.0,1116.0,2793.0,-143,114.0,25,DISTRICT28,PIECE,1677.0
ACT-INF,2024-05-01,HEALTH CENTER,4586.0,449.0,841.0,5009.0,2093.0,4854.0,240,640.0,30,DISTRICT24,BLISTER,2761.0
SP,2024-05-01,HEALTH CENTER,157.0,306.0,70.0,507.0,,378.0,-764,58.0,1000,DISTRICT2,TABLET,378.0
ACT-GC,2025-05-01,HEALTH CENTER,1124.0,31.0,195.0,2531.0,,0.0,168,76.0,30,DISTRICT35,BLISTER,0.0
SP,2024-08-01,HEALTH CENTER,195.0,0.0,48.0,538.0,,1.0,35,53.0,1000,DISTRICT28,TABLET,1.0
ITN,2025-02-01,NATIONAL HOSPITAL,287.0,83.0,14.0,996.0,757.0,0.0,-408,30.0,50,DISTRICT7,PIECE,-757.0
ART-SUP,2025-02-01,HEALTH CENTER,2599.0,97.0,306.0,1126.0,,347.0,-509,423.0,2,DISTRICT26,CAPSULE,347.0
ACT-INF,2025-08-01,HEALTH CENTER,78.0,114.0,118.0,61.0,1163.0,2003.0,14,277.0,30,DISTRICT14,BLISTER,840.0
QUIN,2025-11-01,REGIONAL HOSPITAL,568.0,25.0,127.0,913.0,,11.0,24,195.0,1000,DISTRICT6,TABLET,11.0
PYRA-COMP,2025-02-01,HEALTH CENTER,0.0,270.0,4.0,6.0,,0.0,519,2.0,1,DISTRICT10,TABLET,0.0
QUIN,2025-11-01,HEALTH CENTER,848.0,0.0,160.0,306.0,,0.0,117,16.0,1000,DISTRICT17,TABLET,0.0
SP,2024-08-01,HEALTH CENTER,1339.0,10.0,148.0,1135.0,,19.0,-336,32.0,1000,DISTRICT13,TABLET,19.0
ACT-INF,2025-02-01,HEALTH CENTER,1092.0,9.0,432.0,452.0,,4741.0,398,499.0,30,DISTRICT25,BLISTER,4741.0
ACT-GC,2024-11-01,HEALTH CENTER,6757.0,80.0,203.0,4931.0,151.0,0.0,-645,88.0,30,DISTRICT19,BLISTER,-151.0
ACT-SC,2024-11-01,HEALTH CENTER,59.0,78.0,135.0,370.0,,0.0,-289,195.0,30,DISTRICT36,BLISTER,0.0
SP,2024-05-01,HEALTH CENTER,79.0,0.0,36.0,354.0,,0.0,213,3.0,1000,DISTRICT33,TABLET,0.0
PYRA-SAC,2024-11-01,HEALTH CENTER,1916.0,148.0,204.0,1827.0,1494.0,21.0,330,112.0,1,DISTRICT35,SACHET,-1473.0
RDT,2024-08-01,HEALTH CENTER,732.0,236.0,36.0,976.0,,24.0,126,16.0,25,DISTRICT33,PIECE,24.0
ART-SUP,2024-05-01,HEALTH CENTER,2181.0,274.0,876.0,3869.0,,3.0,43,851.0,2,DISTRICT33,CAPSULE,3.0
ACT-GC,2024-08-01,HEALTH CENTER,62.0,2.0,62.0,59.0,795.0,196.0,-44,17.0,30,DISTRICT22,BLISTER,-599.0
ACT-INF,2025-02-01,HEALTH CENTER,270.0,2505.0,295.0,3519.0,,320.0,990,242.0,30,DISTRICT3,BLISTER,320.0
ACT-INF,2024-08-01,HEALTH CENTER,1473.0,164.0,724.0,2842.0,,99.0,-393,277.0,30,DISTRICT14,BLISTER,99.0
RDT,2025-08-01,HEALTH CENTER,0.0,152.0,1.0,2.0,,0.0,-120,0.0,25,DISTRICT29,PIECE,0.0
PYRA-SAC,2025-11-01,HEALTH CENTER,1751.0,597.0,613.0,2747.0,,464.0,62,1190.0,1,DISTRICT15,SACHET,464.0
ACT-INF,2025-02-01,HEALTH CENTER,272.0,13.0,102.0,913.0,488.0,209.0,-694,62.0,30,DISTRICT23,BLISTER,-279.0
ART-SUP,2025-02-01,HEALTH CENTER,67.0,346.0,299.0,127.0,193.0,19.0,90,129.0,2,DISTRICT28,CAPSULE,-174.0
SP,2025-05-01,HEALTH CENTER,72.0,0.0,1.0,140.0,,0.0,575,0.0,1000,DISTRICT6,TABLET,0.0
QUIN,2024-08-01,HEALTH CENTER,1829.0,1696.0,1255.0,7729.0,,336.0,-394,781.0,1000,DISTRICT29,TABLET,336.0
SP,2024-05-01,HEALTH CENTER,1491.0,1534.0,426.0,1424.0,2024.0,436.0,273,294.0,1000,DISTRICT35,TABLET,-1588.0
ACT-AD,2024-05-01,HEALTH CENTER,833.0,191.0,265.0,495.0,775.0,105.0,491,320.0,30,DISTRICT23,BLISTER,-670.0
PYRA-COMP,2024-05-01,HEALTH CENTER,1484.0,0.0,102.0,1411.0,,18.0,-163,111.0,1,DISTRICT32,TABLET,18.0
ACT-SC,2025-05-01,HEALTH CENTER,1198.0,582.0,257.0,3790.0,178.0,0.0,101,108.0,30,DISTRICT35,BLISTER,-178.0
PYRA-COMP,2025-05-01,HEALTH CENTER,499.0,2053.0,285.0,1610.0,,499.0,468,234.0,1,DISTRICT36,TABLET,499.0
ACT-AD,2025-08-01,DISTRICT HOSPITAL,2056.0,0.0,120.0,2230.0,113.0,0.0,703,49.0,30,DISTRICT9,BLISTER,-113.0
ART-INJ,2025-08-01,HEALTH CENTER,2540.0,176.0,440.0,2301.0,,399.0,-53,388.0,5,DISTRICT6,VIAL,399.0
ACT-GC,2025-05-01,HEALTH CENTER,1248.0,285.0,100.0,5431.0,,0.0,460,90.0,30,DISTRICT25,BLISTER,0.0
ITN,2024-08-01,HEALTH CENTER,23.0,0.0,13.0,6.0,,0.0,-82,0.0,50,DISTRICT7,PIECE,0.0
SP,2025-11-01,HEALTH CENTER,204.0,0.0,105.0,47.0,,346.0,285,87.0,1000,DISTRICT19,TABLET,346.0
RDT,2025-08-01,HEALTH CENTER,2230.0,0.0,637.0,3236.0,97.0,0.0,-26,678.0,25,DISTRICT29,PIECE,-97.0
ITN,2024-11-01,HEALTH CENTER,2024.0,0.0,126.0,618.0,,36.0,-243,92.0,50,DISTRICT12,PIECE,36.0
ACT-INF,2024-08-01,HEALTH CENTER,642.0,1.0,43.0,235.0,893.0,319.0,174,179.0,30,DISTRICT31,BLISTER,-574.0
ACT-AD,2024-11-01,HEALTH CENTER,2096.0,652.0,717.0,2141.0,,40.0,93,338.0,30,DISTRICT5,BLISTER,40.0
ACT-AD,2024-08-01,HEALTH CENTER,1466.0,254.0,510.0,2624.0,,722.0,-439,599.0,30,DISTRICT1,BLISTER,722.0
ART-SUP,2025-02-01,HEALTH CENTER,115.0,0.0,13.0,2.0,,0.0,-761,6.0,2,DISTRICT18,CAPSULE,0.0
ITN,2024-05-01,HEALTH CENTER,600.0,281.0,276.0,450.0,,108.0,-426,18.0,50,DISTRICT32,PIECE,108.0
ACT-SC,2025-05-01,HEALTH CENTER,1667.0,1.0,327.0,418.0,,1970.0,-277,120.0,30,DISTRICT29,BLISTER,1970.0
ITN,2024-05-01,DISTRICT HOSPITAL,613.0,2.0,226.0,938.0,1194.0,4974.0,-305,459.0,50,DISTRICT9,PIECE,3780.0
SP,2025-05-01,HEALTH CENTER,1795.0,227.0,490.0,2414.0,2267.0,1932.0,408,735.0,1000,DISTRICT13,TABLET,-335.0
PYRA-COMP,2024-08-01,HEALTH CENTER,6078.0,20.0,935.0,6248.0,,5.0,190,884.0,1,DISTRICT31,TABLET,5.0
ACT-GC,2024-05-01,HEALTH CENTER,633.0,3089.0,509.0,617.0,,566.0,-98,435.0,30,DISTRICT35,BLISTER,566.0
ACT-SC,2024-05-01,HEALTH CENTER,25.0,0.0,3.0,4.0,,1.0,-578,0.0,30,DISTRICT26,BLISTER,1.0
ACT-SC,2024-05-01,HEALTH CENTER,390.0,673.0,438.0,417.0,,239.0,347,198.0,30,DISTRICT3,BLISTER,239.0
PYRA-SAC,2024-08-01,HEALTH CENTER,1813.0,2248.0,600.0,2372.0,,310.0,326,355.0,1,DISTRICT23,SACHET,310.0
PYRA-SAC,2025-05-01,HEALTH CENTER,3143.0,147.0,360.0,1681.0,878.0,10.0,-208,274.0,1,DISTRICT28,SACHET,-868.0
PYRA-COMP,2024-05-01,HEALTH CENTER,1518.0,0.0,84.0,977.0,,0.0,418,14.0,1,DISTRICT32,TABLET,0.0
PYRA-SAC,2024-02-01,HEALTH CENTER,314.0,1348.0,454.0,2539.0,1033.0,11.0,747,396.0,1,DISTRICT24,SACHET,-1022.0
QUIN,2025-05-01,HEALTH CENTER,1168.0,0.0,122.0,270.0,,1027.0,-150,30.0,1000,DISTRICT38,TABLET,1027.0
PYRA-SAC,2024-11-01,HEALTH CENTER,7363.0,11.0,1082.0,4066.0,1032.0,9.0,-136,855.0,1,DISTRICT16,SACHET,-1023.0
PYRA-SAC,2025-11-01,HEALTH CENTER,1422.0,261.0,334.0,1627.0,,5.0,-135,447.0,1,DISTRICT35,SACHET,5.0
ITN,2024-05-01,DISTRICT HOSPITAL,227.0,0.0,80.0,147.0,858.0,18.0,124,120.0,50,DISTRICT3,PIECE,-840.0
ART-INJ,2025-08-01,HEALTH CENTER,865.0,414.0,486.0,1604.0,,8.0,465,517.0,5,DISTRICT13,VIAL,8.0
SP,2025-11-01,HEALTH CENTER,1359.0,0.0,504.0,948.0,,5.0,-50,677.0,1000,DISTRICT13,TABLET,5.0
ART-SUP,2025-02-01,HEALTH CENTER,3765.0,632.0,927.0,4589.0,,57.0,470,891.0,2,DISTRICT24,CAPSULE,57.0
ART-INJ,2025-02-01,HEALTH CENTER,796.0,66.0,238.0,2119.0,,0.0,-192,61.0,5,DISTRICT31,VIAL,0.0
QUIN,2024-05-01,HEALTH CENTER,1245.0,2.0,382.0,610.0,,2129.0,-259,205.0,1000,DISTRICT28,TABLET,2129.0
ITN,2024-05-01,REGIONAL HOSPITAL,20.0,181.0,65.0,1169.0,,0.0,343,6.0,50,DISTRICT15,PIECE,0.0
PYRA-COMP,2024-08-01,HEALTH CENTER,1346.0,0.0,334.0,779.0,,2658.0,77,68.0,1,DISTRICT33,TABLET,2658.0
ITN,2024-02-01,HEALTH CENTER,1330.0,82.0,1147.0,2601.0,,587.0,413,1004.0,50,DISTRICT9,PIECE,587.0
PYRA-COMP,2025-02-01,HEALTH CENTER,494.0,8.0,64.0,616.0,682.0,8.0,271,60.0,1,DISTRICT15,TABLET,-674.0
ACT-INF,2025-08-01,HEALTH CENTER,833.0,114.0,470.0,2251.0,853.0,132.0,51,1062.0,30,DISTRICT28,BLISTER,-721.0
RDT,2025-11-01,HEALTH CENTER,1625.0,91.0,434.0,709.0,,15.0,69,905.0,25,DISTRICT1,PIECE,15.0
RDT,2025-05-01,HEALTH CENTER,706.0,2.0,108.0,1560.0,,0.0,-395,133.0,25,DISTRICT7,PIECE,0.0
RDT,2024-05-01,NATIONAL HOSPITAL,1776.0,1.0,538.0,1994.0,769.0,0.0,-198,315.0,25,DISTRICT9,PIECE,-769.0
ACT-SC,2024-08-01,HEALTH CENTER,908.0,0.0,41.0,717.0,1250.0,7.0,-788,30.0,30,DISTRICT28,BLISTER,-1243.0
SP,2025-02-01,HEALTH CENTER,32.0,19.0,4.0,183.0,,0.0,101,0.0,1000,DISTRICT32,TABLET,0.0
ITN,2024-05-01,HEALTH CENTER,1648.0,123.0,270.0,3349.0,,7.0,-353,219.0,50,DISTRICT31,PIECE,7.0
RDT,2025-08-01,HEALTH CENTER,32.0,0.0,32.0,5.0,,4956.0,-399,81.0,25,DISTRICT1,PIECE,4956.0
ART-SUP,2025-08-01,HEALTH CENTER,1842.0,3.0,902.0,1666.0,,313.0,-284,608.0,2,DISTRICT32,CAPSULE,313.0
ACT-SC,2025-02-01,HEALTH CENTER,901.0,27.0,773.0,2464.0,,784.0,-228,358.0,30,DISTRICT38,BLISTER,784.0
ART-INJ,2025-05-01,HEALTH CENTER,3741.0,222.0,591.0,3954.0,,41.0,-566,514.0,5,DISTRICT9,VIAL,41.0
ACT-GC,2024-11-01,HEALTH CENTER,204.0,409.0,204.0,1342.0,526.0,61.0,-855,166.0,30,DISTRICT8,BLISTER,-465.0
ART-INJ,2024-11-01,REGIONAL HOSPITAL,289.0,0.0,86.0,424.0,333.0,0.0,-452,16.0,5,DISTRICT25,VIAL,-333.0
ART-INJ,2025-02-01,HEALTH CENTER,1711.0,0.0,221.0,1593.0,,0.0,-140,42.0,5,DISTRICT36,VIAL,0.0
PYRA-COMP,2025-11-01,HEALTH CENTER,1023.0,0.0,85.0,335.0,,77.0,386,18.0,1,DISTRICT38,TABLET,77.0
ACT-AD,2025-05-01,HEALTH CENTER,5.0,1.0,2.0,2.0,,0.0,-344,0.0,30,DISTRICT32,BLISTER,0.0
ACT-SC,2024-08-01,HEALTH CENTER,137.0,5.0,24.0,76.0,758.0,3187.0,-1091,155.0,30,DISTRICT31,BLISTER,2429.0
PYRA-COMP,2025-08-01,HEALTH CENTER,9.0,1.0,1.0,8.0,,0.0,531,0.0,1,DISTRICT3,TABLET,0.0
PYRA-COMP,2024-11-01,DISTRICT HOSPITAL,802.0,13.0,321.0,690.0,1437.0,11297.0,524,440.0,1,DISTRICT31,TABLET,9860.0
PYRA-SAC,2024-02-01,HEALTH CENTER,1252.0,0.0,31.0,189.0,,2113.0,-27,53.0,1,DISTRICT11,SACHET,2113.0
ACT-SC,2024-08-01,HEALTH CENTER,833.0,33.0,329.0,609.0,,4.0,-352,47.0,30,DISTRICT13,BLISTER,4.0
ART-SUP,2024-11-01,HEALTH CENTER,1300.0,183.0,427.0,1245.0,,412.0,661,281.0,2,DISTRICT13,CAPSULE,412.0
ACT-INF,2024-11-01,HEALTH CENTER,1426.0,0.0,207.0,2127.0,,0.0,1033,351.0,30,DISTRICT24,BLISTER,0.0
QUIN,2024-05-01,HEALTH CENTER,577.0,0.0,199.0,107.0,,267.0,535,143.0,1000,DISTRICT25,TABLET,267.0
ITN,2025-02-01,HEALTH CENTER,218.0,0.0,8.0,84.0,,332.0,-188,27.0,50,DISTRICT19,PIECE,332.0
ACT-AD,2024-08-01,HEALTH CENTER,833.0,6.0,63.0,1031.0,,2296.0,-423,79.0,30,DISTRICT21,BLISTER,2296.0
ACT-AD,2024-02-01,DISTRICT HOSPITAL,654.0,0.0,226.0,916.0,,2.0,378,198.0,30,DISTRICT28,BLISTER,2.0
PYRA-SAC,2025-08-01,HEALTH CENTER,1.0,94.0,14.0,197.0,,2.0,353,7.0,1,DISTRICT20,SACHET,2.0
ITN,2025-08-01,HEALTH CENTER,21.0,1892.0,94.0,214.0,,0.0,-104,23.0,50,DISTRICT19,PIECE,0.0
PYRA-SAC,2024-02-01,HEALTH CENTER,1387.0,2.0,612.0,1092.0,,19.0,104,506.0,1,DISTRICT33,SACHET,19.0
ART-INJ,2024-02-01,HEALTH CENTER,61.0,298.0,76.0,97.0,,23.0,59,33.0,5,DISTRICT16,VIAL,23.0
QUIN,2024-05-01,HEALTH CENTER,2.0,2.0,6.0,181.0,531.0,0.0,262,1.0,1000,DISTRICT15,TABLET,-531.0
ART-INJ,2024-02-01,HEALTH CENTER,1801.0,1737.0,487.0,4829.0,1314.0,23.0,596,701.0,5,DISTRICT17,VIAL,-1291.0
PYRA-SAC,2025-11-01,HEALTH CENTER,532.0,44.0,290.0,598.0,,1169.0,-526,261.0,1,DISTRICT16,SACHET,1169.0
PYRA-SAC,2024-08-01,HEALTH CENTER,2930.0,33.0,429.0,1421.0,,50.0,-710,418.0,1,DISTRICT10,SACHET,50.0
ACT-AD,2025-08-01,HEALTH CENTER,1698.0,558.0,449.0,1303.0,,248.0,-354,503.0,30,DISTRICT30,BLISTER,248.0
SP,2024-05-01,HEALTH CENTER,8074.0,520.0,1272.0,9499.0,666.0,29.0,-592,1197.0,1000,DISTRICT25,TABLET,-637.0
ACT-SC,2025-02-01,HEALTH CENTER,1020.0,0.0,20.0,100.0,,0.0,-321,1.0,30,DISTRICT38,BLISTER,0.0
ART-INJ,2025-05-01,HEALTH CENTER,1371.0,0.0,707.0,234.0,1043.0,515.0,-415,872.0,5,DISTRICT4,VIAL,-528.0
RDT,2024-08-01,HEALTH CENTER,912.0,78.0,330.0,533.0,,5.0,-309,41.0,25,DISTRICT28,PIECE,5.0
PYRA-SAC,2025-05-01,HEALTH CENTER,509.0,294.0,79.0,1399.0,,0.0,-867,79.0,1,DISTRICT28,SACHET,0.0
ACT-SC,2025-11-01,HEALTH CENTER,229.0,23.0,66.0,1235.0,,36.0,149,99.0,30,DISTRICT30,BLISTER,36.0
ART-SUP,2025-11-01,HEALTH CENTER,635.0,5.0,373.0,134.0,,3052.0,689,96.0,2,DISTRICT31,CAPSULE,3052.0
ITN,2024-11-01,HEALTH CENTER,48.0,229.0,219.0,36.0,449.0,25.0,-986,50.0,50,DISTRICT1,PIECE,-424.0
ART-SUP,2024-08-01,HEALTH CENTER,781.0,100.0,172.0,428.0,,387.0,-762,23.0,2,DISTRICT13,CAPSULE,387.0
ACT-SC,2024-02-01,HEALTH CENTER,4.0,0.0,36.0,43.0,,0.0,1,12.0,30,DISTRICT5,BLISTER,0.0
ACT-GC,2025-08-01,HEALTH CENTER,5387.0,2.0,387.0,2271.0,,177.0,268,673.0,30,DISTRICT31,BLISTER,177.0
ACT-SC,2024-05-01,HEALTH CENTER,830.0,9.0,143.0,247.0,,3.0,74,247.0,30,DISTRICT24,BLISTER,3.0
ART-INJ,2024-02-01,HEALTH CENTER,165.0,38.0,27.0,193.0,,1.0,-402,46.0,5,DISTRICT30,VIAL,1.0
ACT-AD,2025-08-01,HEALTH CENTER,5731.0,38.0,3512.0,8632.0,,2630.0,212,4327.0,30,DISTRICT26,BLISTER,2630.0
ITN,2024-08-01,HEALTH CENTER,2971.0,1063.0,1174.0,3441.0,1210.0,454.0,-165,1015.0,50,DISTRICT29,PIECE,-756.0
PYRA-SAC,2025-11-01,HEALTH CENTER,1334.0,604.0,192.0,454.0,,0.0,-232,128.0,1,DISTRICT32,SACHET,0.0
QUIN,2024-08-01,HEALTH CENTER,37.0,507.0,52.0,191.0,,1.0,-211,89.0,1000,DISTRICT7,TABLET,1.0
ART-INJ,2025-05-01,HEALTH CENTER,0.0,0.0,0.0,19.0,,72.0,697,0.0,5,DISTRICT2,VIAL,72.0
ACT-SC,2025-08-01,HEALTH CENTER,563.0,1503.0,309.0,1047.0,528.0,711.0,250,508.0,30,DISTRICT19,BLISTER,183.0
PYRA-COMP,2024-05-01,HEALTH CENTER,1617.0,0.0,650.0,438.0,,3647.0,591,324.0,1,DISTRICT10,TABLET,3647.0
PYRA-COMP,2025-08-01,HEALTH CENTER,2081.0,13.0,310.0,505.0,,0.0,-754,249.0,1,DISTRICT25,TABLET,0.0
ACT-AD,2024-05-01,HEALTH CENTER,901.0,0.0,41.0,1943.0,,0.0,559,19.0,30,DISTRICT8,BLISTER,0.0
ACT-INF,2024-02-01,HEALTH CENTER,541.0,0.0,38.0,1057.0,,0.0,-102,33.0,30,DISTRICT29,BLISTER,0.0
ITN,2024-05-01,HEALTH CENTER,6.0,52.0,27.0,307.0,259.0,0.0,-153,83.0,50,DISTRICT29,PIECE,-259.0
ITN,2024-11-01,HEALTH CENTER,4402.0,1.0,810.0,3262.0,1450.0,44.0,-334,409.0,50,DISTRICT33,PIECE,-1406.0
ACT-GC,2025-11-01,HEALTH CENTER,2854.0,7.0,520.0,992.0,2310.0,1591.0,-867,358.0,30,DISTRICT32,BLISTER,-719.0
ART-SUP,2025-08-01,HEALTH CENTER,2064.0,1.0,493.0,2434.0,,676.0,361,221.0,2,DISTRICT35,CAPSULE,676.0
SP,2024-11-01,HEALTH CENTER,521.0,64.0,9.0,436.0,149.0,0.0,156,2.0,1000,DISTRICT23,TABLET,-149.0
PYRA-SAC,2025-08-01,DISTRICT HOSPITAL,166.0,366.0,84.0,225.0,,0.0,8,175.0,1,DISTRICT32,SACHET,0.0
ACT-INF,2025-08-01,HEALTH CENTER,326.0,390.0,149.0,861.0,1142.0,61.0,34,145.0,30,DISTRICT15,BLISTER,-1081.0
ITN,2025-05-01,HEALTH CENTER,1797.0,21.0,473.0,2384.0,,518.0,-249,411.0,50,DISTRICT15,PIECE,518.0
PYRA-COMP,2024-11-01,HEALTH CENTER,1477.0,2081.0,698.0,2927.0,1575.0,936.0,191,623.0,1,DISTRICT29,TABLET,-639.0
ACT-SC,2024-08-01,HEALTH CENTER,2113.0,1.0,504.0,1454.0,,4451.0,511,406.0,30,DISTRICT23,BLISTER,4451.0
ACT-INF,2024-11-01,HEALTH CENTER,659.0,0.0,423.0,949.0,,80.0,-337,172.0,30,DISTRICT13,BLISTER,80.0
PYRA-COMP,2024-08-01,HEALTH CENTER,4090.0,1552.0,787.0,3946.0,445.0,0.0,-76,376.0,1,DISTRICT7,TABLET,-445.0
ACT-AD,2024-05-01,HEALTH CENTER,218.0,66.0,12.0,476.0,,4745.0,-260,2.0,30,DISTRICT1,BLISTER,4745.0
ACT-GC,2025-08-01,HEALTH CENTER,459.0,2072.0,490.0,1486.0,,9901.0,-75,940.0,30,DISTRICT23,BLISTER,9901.0
ACT-SC,2024-08-01,HEALTH CENTER,1498.0,228.0,401.0,1781.0,,0.0,-194,92.0,30,DISTRICT1,BLISTER,0.0
ART-SUP,2025-11-01,HEALTH CENTER,151.0,41.0,45.0,469.0,,33.0,-883,14.0,2,DISTRICT37,CAPSULE,33.0
RDT,2024-11-01,HEALTH CENTER,1030.0,0.0,60.0,604.0,,532.0,-681,54.0,25,DISTRICT32,PIECE,532.0
ART-INJ,2024-11-01,HEALTH CENTER,1939.0,1.0,218.0,1589.0,363.0,0.0,104,135.0,5,DISTRICT19,VIAL,-363.0
ACT-INF,2025-11-01,HEALTH CENTER,1083.0,11.0,360.0,1319.0,1008.0,19.0,640,522.0,30,DISTRICT24,BLISTER,-989.0
ACT-AD,2024-05-01,HEALTH CENTER,20.0,23.0,68.0,177.0,,5.0,-733,18.0,30,DISTRICT3,BLISTER,5.0
SP,2025-11-01,HEALTH CENTER,1937.0,0.0,417.0,3077.0,704.0,674.0,-592,162.0,1000,DISTRICT31,TABLET,-30.0
RDT,2024-11-01,HEALTH CENTER,1383.0,25.0,276.0,690.0,,2453.0,-364,426.0,25,DISTRICT29,PIECE,2453.0
ACT-INF,2024-02-01,HEALTH CENTER,68.0,0.0,6.0,13.0,,639.0,315,29.0,30,DISTRICT36,BLISTER,639.0
ACT-AD,2024-02-01,HEALTH CENTER,1025.0,0.0,62.0,384.0,,0.0,-319,3.0,30,DISTRICT33,BLISTER,0.0
SP,2025-08-01,HEALTH CENTER,1640.0,2.0,315.0,2157.0,,3.0,9,285.0,1000,DISTRICT12,TABLET,3.0
QUIN,2024-02-01,HEALTH CENTER,423.0,0.0,64.0,218.0,,5.0,-24,13.0,1000,DISTRICT29,TABLET,5.0
PYRA-SAC,2025-11-01,HEALTH CENTER,1510.0,1.0,193.0,590.0,560.0,1447.0,-135,58.0,1,DISTRICT31,SACHET,887.0
SP,2025-08-01,HEALTH CENTER,401.0,345.0,572.0,1107.0,,439.0,-179,395.0,1000,DISTRICT4,TABLET,439.0
ART-SUP,2025-02-01,HEALTH CENTER,2327.0,729.0,710.0,3061.0,717.0,1496.0,-168,634.0,2,DISTRICT32,CAPSULE,779.0
ART-INJ,2024-11-01,HEALTH CENTER,8.0,4.0,6.0,86.0,,0.0,-185,14.0,5,DISTRICT8,VIAL,0.0
ACT-AD,2025-02-01,HEALTH CENTER,132.0,7.0,1.0,301.0,,0.0,-616,0.0,30,DISTRICT11,BLISTER,0.0
RDT,2025-08-01,HEALTH CENTER,239.0,363.0,36.0,388.0,746.0,2.0,89,29.0,25,DISTRICT25,PIECE,-744.0
ACT-INF,2024-11-01,HEALTH CENTER,3419.0,0.0,104.0,804.0,,830.0,70,67.0,30,DISTRICT38,BLISTER,830.0
ACT-GC,2024-08-01,HEALTH CENTER,178.0,35.0,42.0,102.0,337.0,1.0,-267,57.0,30,DISTRICT38,BLISTER,-336.0
RDT,2025-08-01,HEALTH CENTER,2680.0,0.0,800.0,586.0,,231.0,-716,754.0,25,DISTRICT4,PIECE,231.0
ACT-INF,2025-05-01,HEALTH CENTER,7.0,0.0,1.0,2.0,759.0,188.0,-843,0.0,30,DISTRICT9,BLISTER,-571.0
ITN,2025-11-01,HEALTH CENTER,535.0,0.0,98.0,430.0,,0.0,137,37.0,50,DISTRICT32,PIECE,0.0
QUIN,2024-11-01,HEALTH CENTER,98.0,224.0,198.0,47.0,,157.0,83,29.0,1000,DISTRICT35,TABLET,157.0
PYRA-SAC,2025-11-01,HEALTH CENTER,1184.0,2592.0,720.0,3504.0,,7834.0,9,831.0,1,DISTRICT16,SACHET,7834.0
ACT-INF,2024-05-01,HEALTH CENTER,101.0,337.0,53.0,335.0,,0.0,145,20.0,30,DISTRICT29,BLISTER,0.0
ACT-INF,2025-08-01,HEALTH CENTER,1.0,41.0,3.0,2.0,,0.0,441,0.0,30,DISTRICT4,BLISTER,0.0
ART-INJ,2024-05-01,HEALTH CENTER,168.0,13.0,45.0,1134.0,,37.0,-189,64.0,5,DISTRICT13,VIAL,37.0
ART-SUP,2024-02-01,HEALTH CENTER,538.0,297.0,352.0,735.0,508.0,0.0,946,317.0,2,DISTRICT6,CAPSULE,-508.0
SP,2025-11-01,HEALTH CENTER,218.0,24.0,44.0,731.0,,0.0,50,59.0,1000,DISTRICT5,TABLET,0.0
ITN,2025-11-01,DISTRICT HOSPITAL,2487.0,6.0,569.0,1500.0,486.0,7000.0,-52,390.0,50,DISTRICT37,PIECE,6514.0
PYRA-SAC,2024-02-01,REGIONAL HOSPITAL,520.0,853.0,183.0,428.0,,1.0,396,26.0,1,DISTRICT9,SACHET,1.0
PYRA-COMP,2025-02-01,HEALTH CENTER,148.0,446.0,310.0,123.0,,175.0,-334,314.0,1,DISTRICT14,TABLET,175.0
RDT,2024-08-01,HEALTH CENTER,1130.0,6.0,480.0,1929.0,,533.0,-93,546.0,25,DISTRICT36,PIECE,533.0
RDT,2025-05-01,HEALTH CENTER,182.0,0.0,21.0,124.0,,1.0,442,5.0,25,DISTRICT21,PIECE,1.0
ACT-INF,2025-11-01,HEALTH CENTER,5125.0,11.0,696.0,3459.0,1492.0,1014.0,279,382.0,30,DISTRICT13,BLISTER,-478.0
QUIN,2024-11-01,DISTRICT HOSPITAL,1518.0,3.0,576.0,1236.0,,575.0,524,278.0,1000,DISTRICT35,TABLET,575.0
RDT,2024-05-01,HEALTH CENTER,323.0,3305.0,55.0,2247.0,,0.0,872,34.0,25,DISTRICT1,PIECE,0.0
ACT-AD,2024-11-01,HEALTH CENTER,6374.0,123.0,762.0,4313.0,1147.0,96.0,180,812.0,30,DISTRICT15,BLISTER,-1051.0
ACT-SC,2024-02-01,HEALTH CENTER,19.0,0.0,1.0,1.0,789.0,30.0,-312,0.0,30,DISTRICT33,BLISTER,-759.0
PYRA-COMP,2024-08-01,HEALTH CENTER,471.0,180.0,100.0,213.0,,86.0,241,33.0,1,DISTRICT24,TABLET,86.0
PYRA-SAC,2024-05-01,HEALTH CENTER,3597.0,436.0,1323.0,4039.0,,5050.0,-399,1823.0,1,DISTRICT22,SACHET,5050.0
PYRA-SAC,2025-11-01,HEALTH CENTER,7.0,0.0,19.0,8.0,,2206.0,136,6.0,1,DISTRICT36,SACHET,2206.0
ACT-SC,2024-11-01,DISTRICT HOSPITAL,343.0,524.0,29.0,455.0,,1.0,-232,27.0,30,DISTRICT37,BLISTER,1.0
ACT-GC,2024-08-01,HEALTH CENTER,91.0,84.0,89.0,975.0,,2.0,-721,64.0,30,DISTRICT33,BLISTER,2.0
ACT-AD,2025-11-01,HEALTH CENTER,31.0,0.0,15.0,36.0,,1104.0,-743,5.0,30,DISTRICT3,BLISTER,1104.0
QUIN,2024-08-01,HEALTH CENTER,2580.0,155.0,524.0,1328.0,1033.0,7.0,21,522.0,1000,DISTRICT26,TABLET,-1026.0
PYRA-COMP,2025-02-01,HEALTH CENTER,494.0,0.0,158.0,29.0,262.0,2214.0,-663,206.0,1,DISTRICT6,TABLET,1952.0
ACT-AD,2024-02-01,HEALTH CENTER,180.0,1.0,167.0,116.0,954.0,15.0,-15,268.0,30,DISTRICT3,BLISTER,-939.0
ACT-AD,2025-02-01,HEALTH CENTER,657.0,1.0,125.0,368.0,297.0,2.0,-489,29.0,30,DISTRICT32,BLISTER,-295.0
QUIN,2024-11-01,HEALTH CENTER,4699.0,0.0,508.0,2177.0,,4872.0,62,523.0,1000,DISTRICT4,TABLET,4872.0
ART-SUP,2024-05-01,HEALTH CENTER,107.0,1438.0,42.0,591.0,,0.0,1318,61.0,2,DISTRICT25,CAPSULE,0.0
ITN,2025-02-01,HEALTH CENTER,12.0,132.0,19.0,37.0,,107.0,-80,38.0,50,DISTRICT31,PIECE,107.0
RDT,2025-08-01,HEALTH CENTER,7.0,563.0,13.0,135.0,,0.0,-35,1.0,25,DISTRICT36,PIECE,0.0
RDT,2025-11-01,HEALTH CENTER,1419.0,1.0,155.0,1067.0,393.0,16.0,-147,188.0,25,DISTRICT33,PIECE,-377.0
ACT-GC,2024-02-01,HEALTH CENTER,2752.0,0.0,462.0,1343.0,,335.0,13,901.0,30,DISTRICT37,BLISTER,335.0
PYRA-SAC,2025-05-01,HEALTH CENTER,341.0,225.0,11.0,633.0,,1020.0,145,11.0,1,DISTRICT31,SACHET,1020.0
PYRA-SAC,2024-05-01,HEALTH CENTER,1737.0,227.0,406.0,1057.0,,89.0,-644,252.0,1,DISTRICT38,SACHET,89.0
ART-SUP,2025-11-01,HEALTH CENTER,22.0,0.0,12.0,28.0,685.0,4.0,106,8.0,2,DISTRICT21,CAPSULE,-681.0
ACT-SC,2024-05-01,HEALTH CENTER,763.0,21.0,178.0,1339.0,,0.0,-40,241.0,30,DISTRICT23,BLISTER,0.0
ACT-AD,2025-08-01,HEALTH CENTER,4.0,1644.0,7.0,3.0,,70.0,18,5.0,30,DISTRICT9,BLISTER,70.0
QUIN,2025-11-01,DISTRICT HOSPITAL,1873.0,374.0,37.0,3527.0,637.0,0.0,-562,44.0,1000,DISTRICT30,TABLET,-637.0
ACT-AD,2025-02-01,HEALTH CENTER,4844.0,0.0,1139.0,3257.0,,490.0,-299,773.0,30,DISTRICT16,BLISTER,490.0
ART-INJ,2025-05-01,HEALTH CENTER,353.0,32.0,141.0,240.0,901.0,243.0,189,140.0,5,DISTRICT16,VIAL,-658.0
ACT-GC,2025-05-01,HEALTH CENTER,2187.0,53.0,185.0,1693.0,,0.0,-367,206.0,30,DISTRICT32,BLISTER,0.0
ART-SUP,2024-08-01,HEALTH CENTER,412.0,80.0,6.0,859.0,,0.0,381,8.0,2,DISTRICT31,CAPSULE,0.0
ACT-GC,2025-02-01,HEALTH CENTER,2.0,0.0,17.0,1.0,,2080.0,-692,6.0,30,DISTRICT3,BLISTER,2080.0
ACT-SC,2024-05-01,HEALTH CENTER,2012.0,29.0,191.0,2559.0,,801.0,139,63.0,30,DISTRICT28,BLISTER,801.0
ART-INJ,2024-11-01,HEALTH CENTER,12.0,103.0,3.0,258.0,,0.0,-943,0.0,5,DISTRICT21,VIAL,0.0
ACT-GC,2024-05-01,HEALTH CENTER,4204.0,592.0,1223.0,2874.0,,770.0,-154,1108.0,30,DISTRICT7,BLISTER,770.0
ACT-AD,2025-05-01,HEALTH CENTER,791.0,1.0,131.0,732.0,,41.0,-388,46.0,30,DISTRICT36,BLISTER,41.0
ACT-AD,2025-11-01,HEALTH CENTER,3127.0,24.0,208.0,1316.0,,197.0,363,170.0,30,DISTRICT32,BLISTER,197.0
ART-INJ,2025-11-01,HEALTH CENTER,809.0,172.0,254.0,1105.0,245.0,0.0,184,47.0,5,DISTRICT30,VIAL,-245.0
ITN,2025-11-01,HEALTH CENTER,444.0,7.0,542.0,905.0,,2727.0,80,379.0,50,DISTRICT31,PIECE,2727.0
ACT-SC,2025-02-01,HEALTH CENTER,1684.0,119.0,177.0,477.0,,122.0,-478,224.0,30,DISTRICT20,BLISTER,122.0
RDT,2024-05-01,HEALTH CENTER,6645.0,17.0,1011.0,3566.0,580.0,1076.0,-169,1029.0,25,DISTRICT20,PIECE,496.0
ACT-SC,2025-05-01,HEALTH CENTER,761.0,1083.0,347.0,2139.0,,17.0,421,273.0,30,DISTRICT31,BLISTER,17.0
QUIN,2025-11-01,HEALTH CENTER,532.0,0.0,5.0,287.0,,23.0,-140,2.0,1000,DISTRICT25,TABLET,23.0
ACT-SC,2025-05-01,NATIONAL HOSPITAL,300.0,0.0,15.0,1500.0,,0.0,-311,26.0,30,DISTRICT20,BLISTER,0.0
ACT-SC,2024-11-01,HEALTH CENTER,231.0,0.0,4.0,21.0,,0.0,-418,3.0,30,DISTRICT2,BLISTER,0.0
ART-INJ,2024-05-01,HEALTH CENTER,90.0,6.0,26.0,146.0,,0.0,818,4.0,5,DISTRICT25,VIAL,0.0
ACT-SC,2024-11-01,HEALTH CENTER,2928.0,0.0,440.0,2223.0,1053.0,0.0,170,348.0,30,DISTRICT9,BLISTER,-1053.0
QUIN,2024-11-01,DISTRICT HOSPITAL,3994.0,564.0,703.0,3023.0,306.0,145.0,762,478.0,1000,DISTRICT21,TABLET,-161.0
RDT,2025-11-01,HEALTH CENTER,67.0,642.0,12.0,255.0,,0.0,-171,4.0,25,DISTRICT31,PIECE,0.0
ITN,2024-05-01,HEALTH CENTER,67.0,0.0,1.0,2.0,,5.0,-819,1.0,50,DISTRICT3,PIECE,5.0
RDT,2024-05-01,HEALTH CENTER,101.0,243.0,35.0,380.0,,0.0,848,13.0,25,DISTRICT1,PIECE,0.0
PYRA-COMP,2024-08-01,HEALTH CENTER,1985.0,737.0,298.0,2502.0,,113.0,44,22.0,1,DISTRICT28,TABLET,113.0
PYRA-SAC,2025-08-01,HEALTH CENTER,1100.0,12.0,126.0,948.0,,0.0,693,46.0,1,DISTRICT31,SACHET,0.0
PYRA-COMP,2024-02-01,HEALTH CENTER,4207.0,184.0,325.0,3896.0,,0.0,649,137.0,1,DISTRICT11,TABLET,0.0
ACT-GC,2024-08-01,HEALTH CENTER,475.0,0.0,48.0,197.0,726.0,17.0,-310,35.0,30,DISTRICT19,BLISTER,-709.0
RDT,2025-11-01,HEALTH CENTER,2355.0,1947.0,772.0,4547.0,787.0,319.0,-426,284.0,25,DISTRICT37,PIECE,-468.0
ACT-INF,2024-02-01,HEALTH CENTER,82.0,156.0,102.0,120.0,,55.0,56,5.0,30,DISTRICT20,BLISTER,55.0
SP,2025-02-01,HEALTH CENTER,1565.0,99.0,211.0,1863.0,,7302.0,702,81.0,1000,DISTRICT35,TABLET,7302.0
ACT-SC,2025-11-01,HEALTH CENTER,1351.0,753.0,226.0,2285.0,,0.0,-104,107.0,30,DISTRICT3,BLISTER,0.0
SP,2025-11-01,HEALTH CENTER,899.0,0.0,121.0,1137.0,,0.0,235,33.0,1000,DISTRICT23,TABLET,0.0
ACT-INF,2024-11-01,HEALTH CENTER,261.0,69.0,131.0,208.0,,10.0,176,34.0,30,DISTRICT3,BLISTER,10.0
ACT-GC,2025-02-01,HEALTH CENTER,64.0,27.0,5.0,88.0,764.0,1.0,138,4.0,30,DISTRICT21,BLISTER,-763.0
ACT-GC,2025-08-01,HEALTH CENTER,224.0,0.0,91.0,10.0,,655.0,333,26.0,30,DISTRICT13,BLISTER,655.0
ITN,2025-02-01,HEALTH CENTER,64.0,0.0,15.0,50.0,820.0,23.0,97,13.0,50,DISTRICT15,PIECE,-797.0
ACT-INF,2024-11-01,DISTRICT HOSPITAL,180.0,22.0,60.0,352.0,,0.0,-564,24.0,30,DISTRICT1,BLISTER,0.0
ART-INJ,2024-02-01,HEALTH CENTER,766.0,220.0,118.0,3191.0,314.0,152.0,439,94.0,5,DISTRICT36,VIAL,-162.0
RDT,2025-05-01,HEALTH CENTER,4645.0,2.0,753.0,2517.0,,2.0,125,483.0,25,DISTRICT12,PIECE,2.0
QUIN,2025-05-01,HEALTH CENTER,2672.0,0.0,222.0,2048.0,1638.0,247.0,177,399.0,1000,DISTRICT33,TABLET,-1391.0
ART-INJ,2024-02-01,HEALTH CENTER,1355.0,0.0,47.0,632.0,,2.0,87,60.0,5,DISTRICT29,VIAL,2.0
ITN,2025-05-01,HEALTH CENTER,641.0,230.0,1208.0,739.0,,19766.0,-114,874.0,50,DISTRICT15,PIECE,19766.0
ACT-GC,2024-05-01,HEALTH CENTER,330.0,0.0,5.0,49.0,,0.0,198,0.0,30,DISTRICT20,BLISTER,0.0
PYRA-SAC,2025-05-01,HEALTH CENTER,43.0,1.0,16.0,100.0,,1164.0,-114,15.0,1,DISTRICT9,SACHET,1164.0
ART-SUP,2024-02-01,HEALTH CENTER,972.0,155.0,384.0,2594.0,,58.0,526,363.0,2,DISTRICT36,CAPSULE,58.0
PYRA-SAC,2024-05-01,HEALTH CENTER,50.0,6.0,4.0,47.0,828.0,7.0,160,6.0,1,DISTRICT29,SACHET,-821.0
SP,2025-08-01,HEALTH CENTER,821.0,119.0,145.0,908.0,,17.0,56,34.0,1000,DISTRICT31,TABLET,17.0
ART-INJ,2025-08-01,HEALTH CENTER,259.0,74.0,250.0,751.0,,356.0,-361,76.0,5,DISTRICT29,VIAL,356.0
ITN,2024-08-01,HEALTH CENTER,1068.0,1.0,146.0,1193.0,,0.0,-738,8.0,50,DISTRICT3,PIECE,0.0
PYRA-COMP,2024-02-01,HEALTH CENTER,8.0,499.0,46.0,33.0,,0.0,989,89.0,1,DISTRICT21,TABLET,0.0
ACT-INF,2024-02-01,HEALTH CENTER,1229.0,614.0,604.0,2224.0,1626.0,0.0,-550,273.0,30,DISTRICT33,BLISTER,-1626.0
ART-SUP,2024-11-01,HEALTH CENTER,1435.0,12.0,438.0,1244.0,,1026.0,-198,393.0,2,DISTRICT15,CAPSULE,1026.0
SP,2025-02-01,HEALTH CENTER,312.0,1565.0,545.0,2393.0,,0.0,81,347.0,1000,DISTRICT25,TABLET,0.0
ART-SUP,2025-08-01,DISTRICT HOSPITAL,273.0,48.0,256.0,1599.0,340.0,25.0,-176,227.0,2,DISTRICT13,CAPSULE,-315.0
ACT-INF,2024-05-01,HEALTH CENTER,646.0,306.0,719.0,998.0,,1569.0,-318,751.0,30,DISTRICT24,BLISTER,1569.0
ACT-GC,2024-02-01,HEALTH CENTER,232.0,0.0,37.0,316.0,,1.0,118,56.0,30,DISTRICT9,BLISTER,1.0
ART-SUP,2024-08-01,HEALTH CENTER,2912.0,490.0,1321.0,5014.0,754.0,64.0,666,961.0,2,DISTRICT20,CAPSULE,-690.0
QUIN,2024-11-01,HEALTH CENTER,621.0,106.0,152.0,673.0,,0.0,635,41.0,1000,DISTRICT33,TABLET,0.0
ITN,2025-08-01,HEALTH CENTER,51.0,4.0,91.0,69.0,431.0,1732.0,276,282.0,50,DISTRICT28,PIECE,1301.0
ACT-SC,2025-05-01,HEALTH CENTER,1613.0,0.0,373.0,548.0,601.0,4512.0,58,305.0,30,DISTRICT23,BLISTER,3911.0
QUIN,2024-11-01,HEALTH CENTER,41.0,31.0,12.0,257.0,,1420.0,54,126.0,1000,DISTRICT17,TABLET,1420.0
ITN,2024-05-01,HEALTH CENTER,1508.0,778.0,932.0,1850.0,,3875.0,-45,429.0,50,DISTRICT28,PIECE,3875.0
ART-SUP,2024-02-01,HEALTH CENTER,485.0,0.0,194.0,756.0,,2197.0,-12,459.0,2,DISTRICT26,CAPSULE,2197.0
SP,2025-02-01,HEALTH CENTER,1690.0,168.0,417.0,5259.0,,0.0,-82,251.0,1000,DISTRICT20,TABLET,0.0
QUIN,2025-11-01,HEALTH CENTER,3433.0,0.0,493.0,1867.0,143.0,104.0,508,195.0,1000,DISTRICT12,TABLET,-39.0
PYRA-COMP,2024-02-01,HEALTH CENTER,871.0,4.0,109.0,843.0,1731.0,58.0,966,100.0,1,DISTRICT21,TABLET,-1673.0
ART-INJ,2024-02-01,HEALTH CENTER,1651.0,82.0,355.0,1203.0,,0.0,-877,242.0,5,DISTRICT7,VIAL,0.0
SP,2024-02-01,HEALTH CENTER,356.0,726.0,113.0,598.0,,2.0,415,82.0,1000,DISTRICT10,TABLET,2.0
ACT-SC,2024-02-01,HEALTH CENTER,6.0,188.0,3.0,640.0,,0.0,-300,1.0,30,DISTRICT35,BLISTER,0.0
ITN,2025-08-01,HEALTH CENTER,1039.0,208.0,439.0,1090.0,,0.0,-899,284.0,50,DISTRICT13,PIECE,0.0
PYRA-COMP,2025-02-01,HEALTH CENTER,199.0,24.0,78.0,284.0,,130.0,469,52.0,1,DISTRICT21,TABLET,130.0
SP,2025-02-01,HEALTH CENTER,85.0,33.0,13.0,40.0,,30.0,178,16.0,1000,DISTRICT36,TABLET,30.0
PYRA-SAC,2025-08-01,HEALTH CENTER,886.0,61.0,357.0,2957.0,,1.0,-109,487.0,1,DISTRICT29,SACHET,1.0
ART-INJ,2024-11-01,HEALTH CENTER,22.0,49.0,32.0,82.0,,1.0,-229,6.0,5,DISTRICT23,VIAL,1.0
ACT-AD,2024-02-01,HEALTH CENTER,3669.0,5.0,377.0,761.0,,0.0,-254,377.0,30,DISTRICT30,BLISTER,0.0
ACT-AD,2024-08-01,HEALTH CENTER,923.0,0.0,27.0,191.0,,333.0,183,62.0,30,DISTRICT28,BLISTER,333.0
SP,2025-02-01,HEALTH CENTER,238.0,0.0,26.0,161.0,300.0,0.0,102,8.0,1000,DISTRICT26,TABLET,-300.0
QUIN,2024-02-01,HEALTH CENTER,603.0,31.0,913.0,472.0,1700.0,112.0,-209,645.0,1000,DISTRICT19,TABLET,-1588.0
RDT,2024-05-01,HEALTH CENTER,16.0,2158.0,24.0,926.0,,1.0,-242,48.0,25,DISTRICT5,PIECE,1.0
ACT-AD,2025-08-01,HEALTH CENTER,710.0,3133.0,374.0,4396.0,916.0,1.0,-56,689.0,30,DISTRICT31,BLISTER,-915.0
ACT-AD,2025-05-01,HEALTH CENTER,761.0,3473.0,119.0,403.0,664.0,225.0,-47,10.0,30,DISTRICT28,BLISTER,-439.0
ART-INJ,2025-08-01,HEALTH CENTER,1316.0,1559.0,218.0,1914.0,1006.0,0.0,-374,136.0,5,DISTRICT10,VIAL,-1006.0
ACT-SC,2024-02-01,HEALTH CENTER,1420.0,34.0,675.0,179.0,1987.0,7553.0,178,393.0,30,DISTRICT19,BLISTER,5566.0
ACT-INF,2025-05-01,HEALTH CENTER,1492.0,638.0,487.0,1970.0,594.0,0.0,297,136.0,30,DISTRICT8,BLISTER,-594.0
ACT-AD,2024-11-01,HEALTH CENTER,314.0,236.0,118.0,867.0,,3060.0,-15,365.0,30,DISTRICT33,BLISTER,3060.0
ITN,2024-11-01,HEALTH CENTER,502.0,4.0,225.0,1209.0,,0.0,-449,151.0,50,DISTRICT26,PIECE,0.0
QUIN,2025-05-01,HEALTH CENTER,2183.0,1.0,646.0,2092.0,,2459.0,1078,885.0,1000,DISTRICT15,TABLET,2459.0
RDT,2024-08-01,HEALTH CENTER,1227.0,62.0,463.0,3513.0,1196.0,11.0,486,204.0,25,DISTRICT16,PIECE,-1185.0
ART-SUP,2025-02-01,HEALTH CENTER,35.0,547.0,72.0,462.0,,0.0,-548,113.0,2,DISTRICT36,CAPSULE,0.0
ACT-SC,2024-05-01,HEALTH CENTER,144.0,7.0,15.0,598.0,,5.0,1088,10.0,30,DISTRICT32,BLISTER,5.0
PYRA-SAC,2024-08-01,HEALTH CENTER,1593.0,434.0,547.0,1157.0,586.0,729.0,-243,585.0,1,DISTRICT25,SACHET,143.0
QUIN,2025-11-01,HEALTH CENTER,2479.0,11.0,113.0,3192.0,541.0,0.0,53,90.0,1000,DISTRICT28,TABLET,-541.0
ACT-SC,2025-02-01,HEALTH CENTER,2142.0,868.0,1458.0,4479.0,1199.0,1367.0,-271,2603.0,30,DISTRICT29,BLISTER,168.0
RDT,2024-05-01,HEALTH CENTER,141.0,3.0,5.0,80.0,,0.0,-15,2.0,25,DISTRICT31,PIECE,0.0
ART-SUP,2024-05-01,HEALTH CENTER,50.0,5.0,56.0,45.0,,0.0,561,33.0,2,DISTRICT23,CAPSULE,0.0
SP,2025-08-01,HEALTH CENTER,3729.0,1.0,803.0,2787.0,,3050.0,280,1190.0,1000,DISTRICT11,TABLET,3050.0
ACT-INF,2025-11-01,HEALTH CENTER,58.0,0.0,1.0,164.0,,0.0,-115,0.0,30,DISTRICT18,BLISTER,0.0
PYRA-SAC,2024-08-01,HEALTH CENTER,572.0,14.0,179.0,546.0,1232.0,26.0,106,79.0,1,DISTRICT31,SACHET,-1206.0
PYRA-SAC,2024-05-01,HEALTH CENTER,1171.0,196.0,797.0,1905.0,645.0,0.0,-276,490.0,1,DISTRICT26,SACHET,-645.0
ART-SUP,2025-05-01,HEALTH CENTER,698.0,233.0,570.0,212.0,1720.0,8104.0,594,1159.0,2,DISTRICT28,CAPSULE,6384.0
ACT-SC,2024-02-01,HEALTH CENTER,211.0,2.0,34.0,415.0,,6.0,202,15.0,30,DISTRICT35,BLISTER,6.0
ART-INJ,2024-11-01,HEALTH CENTER,431.0,24.0,28.0,538.0,,1.0,191,6.0,5,DISTRICT19,VIAL,1.0
ACT-INF,2024-02-01,HEALTH CENTER,451.0,127.0,42.0,570.0,,2.0,-6,35.0,30,DISTRICT28,BLISTER,2.0
ACT-GC,2025-05-01,HEALTH CENTER,5.0,0.0,0.0,55.0,,0.0,195,0.0,30,DISTRICT16,BLISTER,0.0
ART-SUP,2025-08-01,HEALTH CENTER,401.0,113.0,191.0,857.0,,4452.0,-156,80.0,2,DISTRICT32,CAPSULE,4452.0
ART-SUP,2025-05-01,HEALTH CENTER,5207.0,636.0,927.0,3611.0,,785.0,-49,539.0,2,DISTRICT33,CAPSULE,785.0
PYRA-SAC,2025-05-01,HEALTH CENTER,71.0,0.0,12.0,40.0,1043.0,0.0,342,10.0,1,DISTRICT36,SACHET,-1043.0
ACT-AD,2024-11-01,HEALTH CENTER,2207.0,0.0,230.0,585.0,,1647.0,667,135.0,30,DISTRICT13,BLISTER,1647.0
ART-SUP,2025-11-01,HEALTH CENTER,48.0,28.0,16.0,184.0,,11.0,-198,4.0,2,DISTRICT25,CAPSULE,11.0
RDT,2024-08-01,HEALTH CENTER,4212.0,1474.0,1052.0,6159.0,,187.0,-492,1661.0,25,DISTRICT23,PIECE,187.0
ACT-INF,2024-08-01,HEALTH CENTER,905.0,443.0,368.0,715.0,,74.0,-215,475.0,30,DISTRICT28,BLISTER,74.0
QUIN,2025-08-01,HEALTH CENTER,31.0,189.0,74.0,269.0,,0.0,239,15.0,1000,DISTRICT21,TABLET,0.0
ITN,2025-08-01,HEALTH CENTER,4841.0,9.0,1045.0,1442.0,,6205.0,348,1377.0,50,DISTRICT2,PIECE,6205.0
ACT-SC,2024-11-01,HEALTH CENTER,37.0,96.0,20.0,77.0,,138.0,-335,5.0,30,DISTRICT20,BLISTER,138.0
ACT-GC,2025-02-01,HEALTH CENTER,2023.0,0.0,596.0,1211.0,300.0,513.0,-118,364.0,30,DISTRICT21,BLISTER,213.0
ACT-AD,2024-05-01,DISTRICT HOSPITAL,664.0,84.0,199.0,343.0,,1.0,-188,121.0,30,DISTRICT28,BLISTER,1.0
QUIN,2024-05-01,HEALTH CENTER,766.0,0.0,208.0,593.0,,1192.0,521,20.0,1000,DISTRICT35,TABLET,1192.0
ACT-GC,2025-02-01,HEALTH CENTER,1386.0,4.0,70.0,3052.0,,0.0,309,19.0,30,DISTRICT31,BLISTER,0.0
PYRA-COMP,2024-05-01,DISTRICT HOSPITAL,3187.0,36.0,464.0,2144.0,,939.0,349,358.0,1,DISTRICT9,TABLET,939.0
QUIN,2025-08-01,HEALTH CENTER,2152.0,3.0,673.0,519.0,,1905.0,-338,716.0,1000,DISTRICT31,TABLET,1905.0
ACT-SC,2024-11-01,HEALTH CENTER,2228.0,0.0,612.0,1885.0,,1.0,-200,534.0,30,DISTRICT32,BLISTER,1.0
ART-SUP,2025-08-01,HEALTH CENTER,103.0,125.0,383.0,121.0,659.0,8314.0,-98,261.0,2,DISTRICT22,CAPSULE,7655.0
SP,2024-08-01,HEALTH CENTER,298.0,4.0,191.0,158.0,354.0,65.0,-575,35.0,1000,DISTRICT29,TABLET,-289.0
PYRA-COMP,2025-08-01,HEALTH CENTER,6330.0,1807.0,1273.0,7549.0,,12.0,-269,1037.0,1,DISTRICT16,TABLET,12.0
QUIN,2025-05-01,HEALTH CENTER,842.0,0.0,317.0,152.0,,2291.0,362,544.0,1000,DISTRICT22,TABLET,2291.0
ACT-INF,2024-02-01,HEALTH CENTER,578.0,0.0,98.0,1178.0,,0.0,22,34.0,30,DISTRICT35,BLISTER,0.0
SP,2024-05-01,HEALTH CENTER,322.0,8.0,390.0,565.0,,372.0,288,303.0,1000,DISTRICT31,TABLET,372.0
ACT-AD,2025-11-01,DISTRICT HOSPITAL,1491.0,20.0,66.0,547.0,1110.0,74.0,-793,15.0,30,DISTRICT31,BLISTER,-1036.0
ACT-GC,2024-08-01,HEALTH CENTER,3086.0,0.0,235.0,1238.0,,1473.0,-812,325.0,30,DISTRICT16,BLISTER,1473.0
ART-INJ,2025-11-01,HEALTH CENTER,294.0,92.0,281.0,528.0,,16.0,15,98.0,5,DISTRICT21,VIAL,16.0
ACT-SC,2024-05-01,HEALTH CENTER,2160.0,3.0,730.0,310.0,,20.0,-308,531.0,30,DISTRICT4,BLISTER,20.0
QUIN,2025-08-01,HEALTH CENTER,730.0,158.0,88.0,373.0,,89.0,286,29.0,1000,DISTRICT26,TABLET,89.0
ACT-AD,2024-05-01,HEALTH CENTER,1398.0,864.0,126.0,2432.0,1245.0,16.0,-93,56.0,30,DISTRICT26,BLISTER,-1229.0
ART-INJ,2024-08-01,HEALTH CENTER,1904.0,1135.0,642.0,4393.0,,1.0,98,374.0,5,DISTRICT37,VIAL,1.0
ITN,2025-05-01,HEALTH CENTER,836.0,883.0,364.0,980.0,758.0,1707.0,531,477.0,50,DISTRICT31,PIECE,949.0
ACT-AD,2024-08-01,HEALTH CENTER,20.0,6.0,28.0,64.0,473.0,2.0,-481,10.0,30,DISTRICT4,BLISTER,-471.0
SP,2025-02-01,HEALTH CENTER,1295.0,21.0,217.0,901.0,,94.0,-510,80.0,1000,DISTRICT14,TABLET,94.0
ACT-INF,2024-02-01,HEALTH CENTER,320.0,553.0,213.0,1163.0,,0.0,460,189.0,30,DISTRICT26,BLISTER,0.0
ART-INJ,2025-08-01,HEALTH CENTER,315.0,2085.0,468.0,1780.0,,0.0,-341,243.0,5,DISTRICT25,VIAL,0.0
ART-SUP,2024-08-01,HEALTH CENTER,996.0,0.0,250.0,2811.0,,64.0,271,438.0,2,DISTRICT6,CAPSULE,64.0
PYRA-COMP,2024-08-01,HEALTH CENTER,370.0,189.0,360.0,651.0,,853.0,415,61.0,1,DISTRICT16,TABLET,853.0
RDT,2024-11-01,HEALTH CENTER,356.0,40.0,353.0,1401.0,702.0,0.0,-274,128.0,25,DISTRICT13,PIECE,-702.0
ACT-INF,2025-02-01,HEALTH CENTER,273.0,86.0,188.0,147.0,,2076.0,507,148.0,30,DISTRICT11,BLISTER,2076.0
ART-SUP,2025-05-01,HEALTH CENTER,0.0,0.0,2.0,1.0,,0.0,-182,1.0,2,DISTRICT19,CAPSULE,0.0
ACT-AD,2024-05-01,HEALTH CENTER,2951.0,95.0,834.0,2411.0,,1015.0,-226,1044.0,30,DISTRICT32,BLISTER,1015.0
ACT-GC,2025-02-01,HEALTH CENTER,1202.0,0.0,134.0,1910.0,481.0,331.0,-190,305.0,30,DISTRICT32,BLISTER,-150.0
RDT,2025-11-01,HEALTH CENTER,760.0,0.0,117.0,178.0,,0.0,274,44.0,25,DISTRICT7,PIECE,0.0
PYRA-SAC,2025-02-01,HEALTH CENTER,4805.0,2756.0,850.0,5423.0,1285.0,2107.0,437,1163.0,1,DISTRICT35,SACHET,822.0
ACT-SC,2024-05-01,HEALTH CENTER,27.0,148.0,108.0,281.0,,822.0,-614,54.0,30,DISTRICT15,BLISTER,822.0
ART-INJ,2025-11-01,HEALTH CENTER,2646.0,218.0,186.0,2784.0,232.0,1.0,662,299.0,5,DISTRICT25,VIAL,-231.0
ACT-GC,2024-02-01,HEALTH CENTER,7.0,21.0,3.0,1.0,388.0,0.0,335,0.0,30,DISTRICT36,BLISTER,-388.0
ART-SUP,2024-08-01,HEALTH CENTER,2675.0,22.0,430.0,2276.0,,78.0,-506,582.0,2,DISTRICT33,CAPSULE,78.0
QUIN,2024-08-01,HEALTH CENTER,6.0,0.0,116.0,6.0,294.0,0.0,40,51.0,1000,DISTRICT9,TABLET,-294.0
QUIN,2024-02-01,HEALTH CENTER,1365.0,198.0,435.0,2624.0,,13.0,-210,162.0,1000,DISTRICT5,TABLET,13.0
ITN,2025-11-01,HEALTH CENTER,169.0,14.0,60.0,94.0,,391.0,292,46.0,50,DISTRICT20,PIECE,391.0
ITN,2025-05-01,HEALTH CENTER,423.0,1.0,250.0,636.0,,2.0,381,106.0,50,DISTRICT33,PIECE,2.0
PYRA-SAC,2025-02-01,HEALTH CENTER,391.0,64.0,213.0,427.0,1088.0,448.0,172,287.0,1,DISTRICT20,SACHET,-640.0
ACT-SC,2025-08-01,HEALTH CENTER,207.0,1.0,76.0,165.0,648.0,184.0,185,67.0,30,DISTRICT2,BLISTER,-464.0
RDT,2025-05-01,HEALTH CENTER,6993.0,30.0,2325.0,2128.0,705.0,556.0,-401,2196.0,25,DISTRICT23,PIECE,-149.0
ART-SUP,2025-11-01,HEALTH CENTER,8.0,331.0,58.0,53.0,,183.0,-139,59.0,2,DISTRICT37,CAPSULE,183.0
RDT,2025-11-01,HEALTH CENTER,2975.0,0.0,396.0,1302.0,,0.0,-57,165.0,25,DISTRICT15,PIECE,0.0
ACT-INF,2024-11-01,HEALTH CENTER,1737.0,7.0,121.0,932.0,705.0,249.0,85,45.0,30,DISTRICT6,BLISTER,-456.0
ACT-AD,2025-05-01,HEALTH CENTER,358.0,7.0,111.0,1244.0,,10.0,547,23.0,30,DISTRICT16,BLISTER,10.0
ART-SUP,2025-11-01,HEALTH CENTER,2530.0,2516.0,424.0,4338.0,,117.0,367,729.0,2,DISTRICT28,CAPSULE,117.0
QUIN,2025-05-01,HEALTH CENTER,1055.0,1.0,136.0,942.0,478.0,467.0,-5,54.0,1000,DISTRICT19,TABLET,-11.0
PYRA-COMP,2025-02-01,HEALTH CENTER,1202.0,403.0,130.0,660.0,,0.0,821,123.0,1,DISTRICT15,TABLET,0.0
PYRA-COMP,2024-08-01,HEALTH CENTER,1366.0,1339.0,605.0,2649.0,,185.0,-81,1013.0,1,DISTRICT23,TABLET,185.0
SP,2025-08-01,HEALTH CENTER,227.0,471.0,267.0,461.0,480.0,48.0,-364,72.0,1000,DISTRICT36,TABLET,-432.0
QUIN,2025-05-01,DISTRICT HOSPITAL,513.0,1.0,61.0,393.0,,64.0,375,34.0,1000,DISTRICT23,TABLET,64.0
ITN,2024-02-01,HEALTH CENTER,18.0,8.0,7.0,8.0,,471.0,-119,6.0,50,DISTRICT36,PIECE,471.0
SP,2025-02-01,HEALTH CENTER,91.0,8.0,78.0,1329.0,,0.0,-365,106.0,1000,DISTRICT29,TABLET,0.0
SP,2025-02-01,HEALTH CENTER,6082.0,59.0,2406.0,5992.0,,1274.0,-307,2421.0,1000,DISTRICT33,TABLET,1274.0
PYRA-SAC,2025-08-01,HEALTH CENTER,1842.0,37.0,263.0,1158.0,,0.0,3,46.0,1,DISTRICT16,SACHET,0.0
PYRA-SAC,2025-02-01,HEALTH CENTER,1334.0,540.0,365.0,1002.0,,7.0,-198,348.0,1,DISTRICT31,SACHET,7.0
ACT-AD,2024-05-01,HEALTH CENTER,136.0,47.0,148.0,497.0,1621.0,3343.0,172,386.0,30,DISTRICT32,BLISTER,1722.0
ACT-AD,2025-08-01,HEALTH CENTER,426.0,13.0,516.0,308.0,,53.0,-237,1069.0,30,DISTRICT19,BLISTER,53.0
QUIN,2024-05-01,HEALTH CENTER,1978.0,0.0,293.0,916.0,,36.0,108,140.0,1000,DISTRICT25,TABLET,36.0
ART-INJ,2024-08-01,HEALTH CENTER,29.0,0.0,60.0,69.0,826.0,0.0,350,1.0,5,DISTRICT29,VIAL,-826.0
ACT-INF,2024-11-01,HEALTH CENTER,4053.0,4.0,1016.0,1576.0,,0.0,-531,451.0,30,DISTRICT32,BLISTER,0.0
ART-SUP,2024-02-01,HEALTH CENTER,3566.0,0.0,116.0,3095.0,,4.0,-36,52.0,2,DISTRICT20,CAPSULE,4.0
ACT-SC,2024-02-01,HEALTH CENTER,152.0,0.0,40.0,340.0,,0.0,328,24.0,30,DISTRICT20,BLISTER,0.0
ART-SUP,2024-08-01,HEALTH CENTER,1960.0,0.0,158.0,913.0,,8.0,555,173.0,2,DISTRICT32,CAPSULE,8.0
ACT-GC,2024-05-01,HEALTH CENTER,321.0,335.0,273.0,533.0,1715.0,676.0,-107,99.0,30,DISTRICT28,BLISTER,-1039.0
QUIN,2025-05-01,HEALTH CENTER,485.0,0.0,102.0,264.0,,2.0,796,56.0,1000,DISTRICT23,TABLET,2.0
PYRA-COMP,2024-11-01,DISTRICT HOSPITAL,713.0,0.0,91.0,749.0,,0.0,-176,129.0,1,DISTRICT5,TABLET,0.0
ART-INJ,2025-11-01,HEALTH CENTER,256.0,357.0,715.0,1324.0,1249.0,1412.0,404,305.0,5,DISTRICT9,VIAL,163.0
PYRA-COMP,2025-05-01,HEALTH CENTER,5341.0,11.0,697.0,4306.0,,444.0,31,367.0,1,DISTRICT24,TABLET,444.0
RDT,2025-08-01,HEALTH CENTER,979.0,3.0,310.0,475.0,,1.0,629,46.0,25,DISTRICT26,PIECE,1.0
ITN,2025-05-01,HEALTH CENTER,290.0,1634.0,227.0,1572.0,,22.0,24,324.0,50,DISTRICT15,PIECE,22.0
ART-SUP,2025-08-01,HEALTH CENTER,1165.0,21.0,269.0,574.0,,0.0,650,84.0,2,DISTRICT2,CAPSULE,0.0
SP,2025-11-01,HEALTH CENTER,545.0,1.0,71.0,740.0,,12.0,653,88.0,1000,DISTRICT13,TABLET,12.0
RDT,2024-08-01,HEALTH CENTER,4486.0,757.0,669.0,4243.0,,5.0,68,588.0,25,DISTRICT25,PIECE,5.0
PYRA-SAC,2024-08-01,HEALTH CENTER,2852.0,12.0,642.0,4145.0,,3004.0,-5,723.0,1,DISTRICT36,SACHET,3004.0
PYRA-COMP,2025-08-01,HEALTH CENTER,18.0,0.0,23.0,25.0,,1.0,-684,3.0,1,DISTRICT9,TABLET,1.0
ART-SUP,2025-11-01,HEALTH CENTER,1350.0,1172.0,192.0,3099.0,,7.0,70,384.0,2,DISTRICT29,CAPSULE,7.0
QUIN,2024-11-01,HEALTH CENTER,160.0,43.0,406.0,570.0,1758.0,9543.0,259,199.0,1000,DISTRICT15,TABLET,7785.0
PYRA-COMP,2025-05-01,DISTRICT HOSPITAL,2174.0,0.0,309.0,465.0,951.0,1180.0,-484,125.0,1,DISTRICT31,TABLET,229.0
PYRA-SAC,2024-05-01,HEALTH CENTER,3911.0,221.0,538.0,6167.0,342.0,0.0,-19,232.0,1,DISTRICT13,SACHET,-342.0
ART-SUP,2025-05-01,HEALTH CENTER,698.0,7.0,322.0,160.0,,2610.0,304,560.0,2,DISTRICT26,CAPSULE,2610.0
SP,2024-05-01,HEALTH CENTER,1562.0,333.0,505.0,1795.0,,0.0,704,231.0,1000,DISTRICT4,TABLET,0.0
QUIN,2025-05-01,HEALTH CENTER,342.0,10.0,445.0,1528.0,,283.0,72,370.0,1000,DISTRICT38,TABLET,283.0
QUIN,2024-05-01,HEALTH CENTER,40.0,3.0,68.0,256.0,535.0,0.0,31,2.0,1000,DISTRICT1,TABLET,-535.0
SP,2025-11-01,HEALTH CENTER,11.0,7.0,33.0,39.0,285.0,0.0,-308,19.0,1000,DISTRICT19,TABLET,-285.0
ACT-SC,2024-02-01,DISTRICT HOSPITAL,1116.0,376.0,542.0,1440.0,,2.0,307,365.0,30,DISTRICT30,BLISTER,2.0
ITN,2025-05-01,HEALTH CENTER,2462.0,637.0,214.0,1080.0,,0.0,-198,55.0,50,DISTRICT15,PIECE,0.0
ACT-AD,2025-02-01,HEALTH CENTER,1680.0,5.0,239.0,1052.0,,21.0,-891,275.0,30,DISTRICT31,BLISTER,21.0
ACT-GC,2024-08-01,HEALTH CENTER,1418.0,215.0,824.0,2224.0,,240.0,222,774.0,30,DISTRICT37,BLISTER,240.0
QUIN,2025-02-01,HEALTH CENTER,52.0,89.0,21.0,640.0,371.0,0.0,-90,18.0,1000,DISTRICT33,TABLET,-371.0
RDT,2024-02-01,HEALTH CENTER,1392.0,1506.0,169.0,3782.0,,0.0,-17,107.0,25,DISTRICT3,PIECE,0.0
ART-SUP,2024-02-01,HEALTH CENTER,1474.0,3.0,119.0,864.0,,7.0,-23,65.0,2,DISTRICT8,CAPSULE,7.0
RDT,2024-11-01,HEALTH CENTER,1914.0,332.0,588.0,1657.0,,3214.0,-206,301.0,25,DISTRICT21,PIECE,3214.0
ITN,2025-02-01,DISTRICT HOSPITAL,3333.0,1153.0,562.0,2609.0,1013.0,9.0,12,520.0,50,DISTRICT31,PIECE,-1004.0
PYRA-COMP,2025-08-01,HEALTH CENTER,334.0,3.0,127.0,792.0,,27.0,-503,166.0,1,DISTRICT3,TABLET,27.0
ART-SUP,2025-08-01,HEALTH CENTER,113.0,304.0,123.0,983.0,,0.0,470,21.0,2,DISTRICT32,CAPSULE,0.0
RDT,2025-08-01,HEALTH CENTER,2806.0,112.0,513.0,1704.0,,9047.0,-213,344.0,25,DISTRICT36,PIECE,9047.0
PYRA-SAC,2025-02-01,HEALTH CENTER,69.0,91.0,260.0,71.0,,24.0,3,448.0,1,DISTRICT32,SACHET,24.0
ACT-GC,2025-11-01,HEALTH CENTER,316.0,9.0,147.0,446.0,,0.0,439,146.0,30,DISTRICT16,BLISTER,0.0
PYRA-COMP,2024-08-01,HEALTH CENTER,1558.0,0.0,24.0,318.0,202.0,6.0,-330,1.0,1,DISTRICT26,TABLET,-196.0
ACT-AD,2025-05-01,HEALTH CENTER,9.0,312.0,2.0,38.0,453.0,0.0,-179,6.0,30,DISTRICT31,BLISTER,-453.0
ACT-AD,2025-11-01,HEALTH CENTER,989.0,43.0,395.0,1503.0,,536.0,-348,204.0,30,DISTRICT13,BLISTER,536.0
ACT-INF,2025-05-01,HEALTH CENTER,866.0,9.0,220.0,1601.0,218.0,54.0,228,140.0,30,DISTRICT24,BLISTER,-164.0
ACT-GC,2025-08-01,HEALTH CENTER,540.0,303.0,684.0,1788.0,,126.0,-186,476.0,30,DISTRICT15,BLISTER,126.0
ART-SUP,2024-08-01,HEALTH CENTER,1084.0,600.0,529.0,2421.0,695.0,208.0,33,439.0,2,DISTRICT12,CAPSULE,-487.0
ACT-GC,2025-11-01,HEALTH CENTER,255.0,6.0,176.0,189.0,,0.0,-249,26.0,30,DISTRICT5,BLISTER,0.0
ACT-SC,2024-05-01,HEALTH CENTER,2067.0,0.0,91.0,1012.0,,24.0,-173,13.0,30,DISTRICT24,BLISTER,24.0
ITN,2025-08-01,HEALTH CENTER,1220.0,5177.0,453.0,1261.0,,4.0,-397,590.0,50,DISTRICT12,PIECE,4.0
ACT-INF,2024-11-01,HEALTH CENTER,172.0,45.0,271.0,1095.0,,175.0,-334,241.0,30,DISTRICT28,BLISTER,175.0
ACT-INF,2025-02-01,HEALTH CENTER,4094.0,1.0,570.0,2752.0,,257.0,-699,387.0,30,DISTRICT12,BLISTER,257.0
QUIN,2024-05-01,HEALTH CENTER,46.0,0.0,421.0,117.0,,35.0,-287,448.0,1000,DISTRICT31,TABLET,35.0
ACT-AD,2025-11-01,HEALTH CENTER,41.0,1.0,42.0,61.0,,4.0,-752,5.0,30,DISTRICT2,BLISTER,4.0
ACT-INF,2024-11-01,HEALTH CENTER,720.0,0.0,195.0,442.0,,217.0,-810,35.0,30,DISTRICT35,BLISTER,217.0
ACT-SC,2024-08-01,HEALTH CENTER,24.0,116.0,77.0,355.0,,298.0,2,27.0,30,DISTRICT36,BLISTER,298.0
RDT,2024-11-01,HEALTH CENTER,1539.0,16.0,277.0,378.0,2578.0,170.0,-45,106.0,25,DISTRICT23,PIECE,-2408.0
SP,2025-02-01,HEALTH CENTER,826.0,64.0,425.0,1557.0,,72.0,-259,264.0,1000,DISTRICT23,TABLET,72.0
ACT-INF,2024-11-01,HEALTH CENTER,1738.0,50.0,309.0,3132.0,374.0,17.0,237,310.0,30,DISTRICT33,BLISTER,-357.0
QUIN,2025-11-01,DISTRICT HOSPITAL,480.0,1.0,18.0,781.0,,0.0,172,9.0,1000,DISTRICT36,TABLET,0.0
PYRA-COMP,2025-05-01,HEALTH CENTER,23.0,0.0,56.0,1.0,,6.0,-132,61.0,1,DISTRICT38,TABLET,6.0
ACT-SC,2025-02-01,HEALTH CENTER,51.0,0.0,52.0,45.0,1125.0,822.0,-288,134.0,30,DISTRICT9,BLISTER,-303.0
ACT-INF,2025-08-01,HEALTH CENTER,3251.0,109.0,242.0,3749.0,,0.0,-263,74.0,30,DISTRICT25,BLISTER,0.0
ACT-INF,2025-11-01,HEALTH CENTER,4414.0,0.0,472.0,2071.0,,1876.0,-347,601.0,30,DISTRICT17,BLISTER,1876.0
ART-SUP,2025-02-01,HEALTH CENTER,2084.0,1120.0,1255.0,989.0,,0.0,-120,484.0,2,DISTRICT6,CAPSULE,0.0
ACT-INF,2025-08-01,HEALTH CENTER,75.0,0.0,25.0,34.0,,2041.0,252,52.0,30,DISTRICT16,BLISTER,2041.0
ACT-GC,2025-08-01,HEALTH CENTER,4300.0,784.0,1534.0,4665.0,912.0,1284.0,355,2188.0,30,DISTRICT24,BLISTER,372.0
ART-INJ,2024-11-01,HEALTH CENTER,15.0,0.0,8.0,36.0,769.0,1.0,279,0.0,5,DISTRICT31,VIAL,-768.0
ACT-GC,2024-05-01,HEALTH CENTER,4000.0,2.0,885.0,5314.0,,1014.0,-94,1144.0,30,DISTRICT29,BLISTER,1014.0
ACT-GC,2024-05-01,HEALTH CENTER,11.0,0.0,1.0,1.0,,1.0,-391,0.0,30,DISTRICT30,BLISTER,1.0
ACT-INF,2025-02-01,HEALTH CENTER,352.0,87.0,213.0,804.0,,19.0,-899,392.0,30,DISTRICT25,BLISTER,19.0
PYRA-SAC,2024-11-01,HEALTH CENTER,707.0,502.0,307.0,4082.0,,5.0,856,254.0,1,DISTRICT36,SACHET,5.0
ART-INJ,2025-02-01,HEALTH CENTER,246.0,2.0,16.0,134.0,,0.0,-382,3.0,5,DISTRICT16,VIAL,0.0
ACT-SC,2024-05-01,NATIONAL HOSPITAL,22.0,177.0,180.0,59.0,,2520.0,653,200.0,30,DISTRICT24,BLISTER,2520.0
QUIN,2024-08-01,HEALTH CENTER,765.0,0.0,39.0,599.0,646.0,234.0,146,41.0,1000,DISTRICT17,TABLET,-412.0
ART-SUP,2025-02-01,HEALTH CENTER,4798.0,0.0,1453.0,4451.0,,967.0,-28,1108.0,2,DISTRICT15,CAPSULE,967.0
PYRA-COMP,2024-08-01,HEALTH CENTER,486.0,15.0,85.0,263.0,421.0,73.0,43,28.0,1,DISTRICT36,TABLET,-348.0
RDT,2025-11-01,HEALTH CENTER,146.0,0.0,31.0,208.0,,0.0,324,31.0,25,DISTRICT3,PIECE,0.0
QUIN,2025-08-01,HEALTH CENTER,2235.0,3.0,195.0,2263.0,,25.0,209,191.0,1000,DISTRICT13,TABLET,25.0
PYRA-COMP,2025-11-01,DISTRICT HOSPITAL,571.0,0.0,148.0,293.0,,0.0,-245,77.0,1,DISTRICT29,TABLET,0.0
RDT,2024-05-01,HEALTH CENTER,1139.0,0.0,17.0,738.0,,0.0,-177,0.0,25,DISTRICT31,PIECE,0.0
ITN,2025-11-01,HEALTH CENTER,1230.0,1036.0,501.0,1278.0,,1888.0,-208,421.0,50,DISTRICT29,PIECE,1888.0
ACT-SC,2025-08-01,HEALTH CENTER,839.0,7.0,204.0,191.0,,3028.0,-387,237.0,30,DISTRICT14,BLISTER,3028.0
RDT,2025-05-01,HEALTH CENTER,766.0,0.0,11.0,232.0,,0.0,-144,11.0,25,DISTRICT28,PIECE,0.0
ART-INJ,2025-05-01,HEALTH CENTER,1131.0,14.0,413.0,158.0,,3.0,149,445.0,5,DISTRICT29,VIAL,3.0
ART-SUP,2024-08-01,HEALTH CENTER,240.0,812.0,410.0,812.0,,0.0,617,145.0,2,DISTRICT7,CAPSULE,0.0
ART-SUP,2024-02-01,HEALTH CENTER,719.0,53.0,400.0,821.0,,40.0,610,293.0,2,DISTRICT1,CAPSULE,40.0
ART-INJ,2024-05-01,HEALTH CENTER,5.0,0.0,83.0,4.0,,1105.0,765,12.0,5,DISTRICT16,VIAL,1105.0
ITN,2025-11-01,HEALTH CENTER,2905.0,1.0,541.0,697.0,,1159.0,-637,429.0,50,DISTRICT19,PIECE,1159.0
RDT,2024-02-01,HEALTH CENTER,342.0,854.0,29.0,463.0,691.0,604.0,171,24.0,25,DISTRICT30,PIECE,-87.0
ART-INJ,2024-05-01,HEALTH CENTER,12.0,0.0,17.0,7.0,,0.0,241,2.0,5,DISTRICT22,VIAL,0.0
ACT-AD,2025-08-01,HEALTH CENTER,6410.0,158.0,688.0,4380.0,,0.0,-15,798.0,30,DISTRICT11,BLISTER,0.0
RDT,2024-02-01,NATIONAL HOSPITAL,1194.0,291.0,324.0,2211.0,,0.0,-966,121.0,25,DISTRICT16,PIECE,0.0
ACT-SC,2024-02-01,HEALTH CENTER,1432.0,19.0,619.0,712.0,659.0,7385.0,336,223.0,30,DISTRICT6,BLISTER,6726.0
RDT,2024-08-01,HEALTH CENTER,492.0,0.0,152.0,206.0,,759.0,-246,86.0,25,DISTRICT33,PIECE,759.0
ITN,2024-02-01,REGIONAL HOSPITAL,397.0,0.0,227.0,132.0,,0.0,537,147.0,50,DISTRICT10,PIECE,0.0
ACT-INF,2025-02-01,HEALTH CENTER,258.0,302.0,189.0,1224.0,562.0,911.0,-926,126.0,30,DISTRICT25,BLISTER,349.0
ACT-SC,2025-11-01,HEALTH CENTER,469.0,0.0,49.0,1201.0,,371.0,-168,23.0,30,DISTRICT25,BLISTER,371.0
QUIN,2025-02-01,DISTRICT HOSPITAL,259.0,23.0,180.0,1325.0,,1.0,-226,123.0,1000,DISTRICT26,TABLET,1.0
RDT,2025-02-01,HEALTH CENTER,498.0,1.0,81.0,171.0,,6.0,-55,16.0,25,DISTRICT1,PIECE,6.0
PYRA-COMP,2025-11-01,HEALTH CENTER,3766.0,69.0,1193.0,3234.0,2594.0,99.0,-560,479.0,1,DISTRICT14,TABLET,-2495.0
ITN,2024-05-01,REGIONAL HOSPITAL,2478.0,0.0,176.0,721.0,,0.0,-104,149.0,50,DISTRICT9,PIECE,0.0
ART-SUP,2024-05-01,HEALTH CENTER,140.0,2.0,107.0,732.0,1575.0,112.0,-310,64.0,2,DISTRICT29,CAPSULE,-1463.0
ART-INJ,2025-08-01,HEALTH CENTER,1148.0,94.0,112.0,908.0,1056.0,37.0,272,49.0,5,DISTRICT1,VIAL,-1019.0
ART-INJ,2025-11-01,HEALTH CENTER,3954.0,0.0,1385.0,1369.0,,712.0,348,1521.0,5,DISTRICT2,VIAL,712.0
ACT-AD,2024-05-01,HEALTH CENTER,4119.0,412.0,1061.0,2115.0,,8.0,813,1200.0,30,DISTRICT7,BLISTER,8.0
SP,2024-02-01,HEALTH CENTER,7328.0,38.0,1425.0,10295.0,,1075.0,-246,1154.0,1000,DISTRICT33,TABLET,1075.0
ART-INJ,2025-11-01,HEALTH CENTER,1555.0,451.0,785.0,1538.0,,1.0,598,440.0,5,DISTRICT11,VIAL,1.0
ACT-AD,2025-08-01,HEALTH CENTER,3621.0,155.0,1385.0,5268.0,1578.0,8.0,-675,1214.0,30,DISTRICT35,BLISTER,-1570.0
ACT-SC,2025-11-01,HEALTH CENTER,2729.0,0.0,346.0,1106.0,,109.0,106,295.0,30,DISTRICT35,BLISTER,109.0
ACT-AD,2025-08-01,HEALTH CENTER,3368.0,38.0,330.0,2779.0,,774.0,-154,249.0,30,DISTRICT3,BLISTER,774.0
SP,2024-05-01,NATIONAL HOSPITAL,1222.0,10.0,182.0,1949.0,,1.0,342,185.0,1000,DISTRICT19,TABLET,1.0
RDT,2025-08-01,HEALTH CENTER,1311.0,0.0,193.0,865.0,,829.0,-66,251.0,25,DISTRICT20,PIECE,829.0
SP,2024-11-01,HEALTH CENTER,2936.0,0.0,79.0,1072.0,,0.0,204,41.0,1000,DISTRICT31,TABLET,0.0
ACT-AD,2025-08-01,HEALTH CENTER,1062.0,1134.0,93.0,914.0,383.0,437.0,-63,24.0,30,DISTRICT29,BLISTER,54.0
QUIN,2024-05-01,HEALTH CENTER,1130.0,0.0,485.0,1017.0,,1052.0,844,409.0,1000,DISTRICT31,TABLET,1052.0
RDT,2024-11-01,HEALTH CENTER,43.0,659.0,56.0,620.0,,0.0,-619,15.0,25,DISTRICT28,PIECE,0.0
ITN,2025-05-01,HEALTH CENTER,3.0,2.0,14.0,36.0,,1.0,-111,2.0,50,DISTRICT3,PIECE,1.0
SP,2024-08-01,HEALTH CENTER,184.0,214.0,21.0,724.0,,0.0,-474,9.0,1000,DISTRICT25,TABLET,0.0
ACT-AD,2025-05-01,HEALTH CENTER,2991.0,182.0,278.0,4121.0,,0.0,-74,123.0,30,DISTRICT16,BLISTER,0.0
ACT-GC,2024-02-01,HEALTH CENTER,2454.0,0.0,162.0,417.0,,1073.0,-912,202.0,30,DISTRICT10,BLISTER,1073.0
QUIN,2025-02-01,HEALTH CENTER,312.0,160.0,26.0,374.0,,88.0,448,19.0,1000,DISTRICT22,TABLET,88.0
ART-SUP,2025-05-01,HEALTH CENTER,24.0,1262.0,26.0,115.0,,11.0,-216,52.0,2,DISTRICT13,CAPSULE,11.0
QUIN,2025-02-01,HEALTH CENTER,5913.0,30.0,1229.0,4515.0,,0.0,-199,1123.0,1000,DISTRICT2,TABLET,0.0
ACT-GC,2024-08-01,HEALTH CENTER,80.0,7.0,103.0,240.0,,94.0,41,127.0,30,DISTRICT36,BLISTER,94.0
ACT-AD,2024-05-01,HEALTH CENTER,5266.0,57.0,840.0,3187.0,,65.0,266,597.0,30,DISTRICT12,BLISTER,65.0
PYRA-COMP,2025-11-01,HEALTH CENTER,341.0,201.0,129.0,1718.0,,0.0,-186,16.0,1,DISTRICT2,TABLET,0.0
ACT-GC,2024-05-01,HEALTH CENTER,1073.0,232.0,419.0,1039.0,1164.0,6367.0,458,410.0,30,DISTRICT9,BLISTER,5203.0
ART-INJ,2025-05-01,HEALTH CENTER,438.0,39.0,126.0,599.0,,1791.0,-44,71.0,5,DISTRICT33,VIAL,1791.0
ART-INJ,2024-11-01,HEALTH CENTER,149.0,0.0,463.0,169.0,,106.0,124,264.0,5,DISTRICT32,VIAL,106.0
ACT-SC,2024-02-01,HEALTH CENTER,262.0,147.0,39.0,308.0,768.0,0.0,-230,5.0,30,DISTRICT14,BLISTER,-768.0
SP,2024-02-01,HEALTH CENTER,93.0,0.0,59.0,361.0,,0.0,181,9.0,1000,DISTRICT25,TABLET,0.0
QUIN,2025-05-01,HEALTH CENTER,8.0,0.0,39.0,27.0,,617.0,895,67.0,1000,DISTRICT6,TABLET,617.0
QUIN,2024-08-01,HEALTH CENTER,174.0,0.0,237.0,136.0,,1742.0,25,144.0,1000,DISTRICT32,TABLET,1742.0
PYRA-COMP,2025-02-01,HEALTH CENTER,0.0,225.0,1.0,2.0,,1.0,-188,1.0,1,DISTRICT32,TABLET,1.0
ART-SUP,2025-08-01,HEALTH CENTER,757.0,52.0,47.0,434.0,,39.0,-376,20.0,2,DISTRICT30,CAPSULE,39.0
PYRA-SAC,2025-08-01,HEALTH CENTER,376.0,2.0,281.0,571.0,1395.0,3.0,-150,207.0,1,DISTRICT20,SACHET,-1392.0
ART-INJ,2025-05-01,HEALTH CENTER,1309.0,144.0,343.0,4257.0,,1.0,-733,82.0,5,DISTRICT8,VIAL,1.0
ACT-AD,2025-08-01,NATIONAL HOSPITAL,1757.0,29.0,106.0,865.0,,5.0,176,60.0,30,DISTRICT28,BLISTER,5.0
ART-SUP,2024-05-01,DISTRICT HOSPITAL,16.0,303.0,1.0,17.0,,0.0,633,2.0,2,DISTRICT12,CAPSULE,0.0
ART-INJ,2025-11-01,HEALTH CENTER,370.0,0.0,39.0,1033.0,,0.0,682,17.0,5,DISTRICT29,VIAL,0.0
PYRA-COMP,2024-08-01,HEALTH CENTER,34.0,16.0,6.0,22.0,,347.0,-24,3.0,1,DISTRICT33,TABLET,347.0
ACT-GC,2024-08-01,HEALTH CENTER,97.0,0.0,258.0,13.0,,13.0,685,100.0,30,DISTRICT1,BLISTER,13.0
ACT-SC,2024-11-01,HEALTH CENTER,3355.0,11.0,1133.0,1868.0,,829.0,-52,665.0,30,DISTRICT3,BLISTER,829.0
PYRA-COMP,2025-11-01,HEALTH CENTER,280.0,311.0,27.0,982.0,1515.0,1301.0,53,29.0,1,DISTRICT20,TABLET,-214.0
ACT-INF,2024-05-01,HEALTH CENTER,2159.0,1.0,918.0,1081.0,,2755.0,129,1043.0,30,DISTRICT30,BLISTER,2755.0
ART-INJ,2025-02-01,HEALTH CENTER,1458.0,615.0,330.0,1505.0,,2424.0,61,289.0,5,DISTRICT31,VIAL,2424.0
ACT-GC,2024-02-01,HEALTH CENTER,101.0,99.0,27.0,361.0,,238.0,298,34.0,30,DISTRICT4,BLISTER,238.0
SP,2025-05-01,HEALTH CENTER,366.0,35.0,46.0,69.0,,1.0,157,4.0,1000,DISTRICT28,TABLET,1.0
ART-SUP,2024-11-01,HEALTH CENTER,267.0,0.0,118.0,148.0,,461.0,-294,251.0,2,DISTRICT30,CAPSULE,461.0
QUIN,2025-11-01,HEALTH CENTER,97.0,3.0,58.0,105.0,,1561.0,-142,44.0,1000,DISTRICT3,TABLET,1561.0
PYRA-SAC,2024-11-01,HEALTH CENTER,3821.0,0.0,195.0,1735.0,,0.0,541,97.0,1,DISTRICT36,SACHET,0.0
ITN,2025-08-01,HEALTH CENTER,1.0,0.0,0.0,1.0,,255.0,-95,0.0,50,DISTRICT30,PIECE,255.0
ACT-AD,2025-05-01,HEALTH CENTER,2801.0,257.0,1044.0,2619.0,1105.0,659.0,-520,306.0,30,DISTRICT13,BLISTER,-446.0
ACT-AD,2025-02-01,HEALTH CENTER,533.0,39.0,576.0,898.0,,1428.0,219,861.0,30,DISTRICT7,BLISTER,1428.0
PYRA-SAC,2025-08-01,HEALTH CENTER,798.0,33.0,90.0,342.0,,0.0,-222,4.0,1,DISTRICT37,SACHET,0.0
ACT-SC,2025-05-01,HEALTH CENTER,2775.0,4.0,825.0,932.0,,108.0,297,418.0,30,DISTRICT26,BLISTER,108.0
PYRA-SAC,2024-08-01,HEALTH CENTER,127.0,54.0,26.0,320.0,2397.0,48.0,-720,5.0,1,DISTRICT16,SACHET,-2349.0
RDT,2025-05-01,HEALTH CENTER,491.0,45.0,273.0,965.0,,0.0,586,184.0,25,DISTRICT5,PIECE,0.0
SP,2025-02-01,HEALTH CENTER,797.0,211.0,341.0,1464.0,934.0,7.0,-765,246.0,1000,DISTRICT15,TABLET,-927.0
ART-INJ,2025-05-01,DISTRICT HOSPITAL,1039.0,9.0,802.0,2906.0,,21.0,-370,689.0,5,DISTRICT25,VIAL,21.0
PYRA-COMP,2024-05-01,HEALTH CENTER,81.0,0.0,10.0,59.0,,34.0,365,0.0,1,DISTRICT29,TABLET,34.0
SP,2024-11-01,HEALTH CENTER,10.0,0.0,47.0,133.0,,0.0,-432,3.0,1000,DISTRICT32,TABLET,0.0
ART-SUP,2024-05-01,HEALTH CENTER,1229.0,0.0,139.0,1693.0,,31.0,-119,126.0,2,DISTRICT20,CAPSULE,31.0
PYRA-COMP,2024-02-01,HEALTH CENTER,1.0,162.0,1.0,8.0,,0.0,128,0.0,1,DISTRICT31,TABLET,0.0
ACT-INF,2024-05-01,HEALTH CENTER,4334.0,0.0,584.0,3016.0,,2.0,616,308.0,30,DISTRICT31,BLISTER,2.0
ACT-INF,2025-11-01,HEALTH CENTER,60.0,11.0,28.0,405.0,476.0,0.0,-79,38.0,30,DISTRICT36,BLISTER,-476.0
ACT-SC,2024-02-01,HEALTH CENTER,985.0,0.0,123.0,58.0,,3.0,-92,103.0,30,DISTRICT22,BLISTER,3.0
ACT-GC,2025-02-01,HEALTH CENTER,1171.0,0.0,458.0,780.0,,2.0,377,295.0,30,DISTRICT28,BLISTER,2.0
ART-INJ,2024-08-01,HEALTH CENTER,50.0,0.0,15.0,162.0,,0.0,461,3.0,5,DISTRICT36,VIAL,0.0
ART-SUP,2024-08-01,HEALTH CENTER,44.0,216.0,114.0,367.0,,0.0,329,15.0,2,DISTRICT1,CAPSULE,0.0
RDT,2025-11-01,HEALTH CENTER,719.0,394.0,403.0,1384.0,,1040.0,405,131.0,25,DISTRICT32,PIECE,1040.0
ACT-GC,2024-11-01,HEALTH CENTER,6969.0,0.0,465.0,5232.0,,1.0,66,129.0,30,DISTRICT8,BLISTER,1.0
ACT-GC,2025-05-01,DISTRICT HOSPITAL,911.0,61.0,281.0,1762.0,,0.0,411,174.0,30,DISTRICT13,BLISTER,0.0
ART-SUP,2025-08-01,HEALTH CENTER,1680.0,1.0,382.0,1031.0,,3.0,587,194.0,2,DISTRICT31,CAPSULE,3.0
RDT,2025-05-01,HEALTH CENTER,1382.0,16.0,344.0,911.0,,1.0,-99,158.0,25,DISTRICT19,PIECE,1.0
ITN,2025-05-01,HEALTH CENTER,5915.0,1458.0,1436.0,7859.0,,0.0,11,671.0,50,DISTRICT37,PIECE,0.0
PYRA-SAC,2025-02-01,HEALTH CENTER,1252.0,405.0,904.0,2365.0,,2.0,-244,547.0,1,DISTRICT20,SACHET,2.0
RDT,2025-08-01,DISTRICT HOSPITAL,2927.0,990.0,610.0,4615.0,,126.0,338,667.0,25,DISTRICT19,PIECE,126.0
ACT-GC,2025-11-01,HEALTH CENTER,2159.0,618.0,469.0,1190.0,1567.0,1077.0,519,1036.0,30,DISTRICT10,BLISTER,-490.0
ACT-INF,2024-02-01,HEALTH CENTER,1080.0,2.0,390.0,807.0,,0.0,136,70.0,30,DISTRICT25,BLISTER,0.0
ACT-INF,2024-11-01,DISTRICT HOSPITAL,1242.0,7.0,67.0,583.0,,223.0,607,221.0,30,DISTRICT32,BLISTER,223.0
ART-INJ,2024-02-01,HEALTH CENTER,1054.0,974.0,343.0,1073.0,,298.0,-964,56.0,5,DISTRICT23,VIAL,298.0
ACT-GC,2024-02-01,HEALTH CENTER,510.0,25.0,229.0,1291.0,1073.0,90.0,-165,56.0,30,DISTRICT18,BLISTER,-983.0
ACT-SC,2025-08-01,HEALTH CENTER,153.0,975.0,899.0,841.0,,13367.0,-594,384.0,30,DISTRICT11,BLISTER,13367.0
SP,2025-02-01,HEALTH CENTER,223.0,2.0,12.0,69.0,,4.0,-582,0.0,1000,DISTRICT38,TABLET,4.0
ACT-AD,2025-08-01,DISTRICT HOSPITAL,4771.0,0.0,713.0,3110.0,,2.0,177,299.0,30,DISTRICT5,BLISTER,2.0
SP,2024-02-01,HEALTH CENTER,727.0,4.0,90.0,475.0,,0.0,387,53.0,1000,DISTRICT32,TABLET,0.0
SP,2024-02-01,HEALTH CENTER,4341.0,0.0,531.0,555.0,,200.0,219,80.0,1000,DISTRICT24,TABLET,200.0
PYRA-SAC,2025-11-01,HEALTH CENTER,1093.0,91.0,522.0,988.0,,0.0,-448,463.0,1,DISTRICT32,SACHET,0.0
PYRA-SAC,2025-05-01,HEALTH CENTER,1165.0,8.0,261.0,974.0,1145.0,0.0,148,64.0,1,DISTRICT2,SACHET,-1145.0
ACT-AD,2025-11-01,DISTRICT HOSPITAL,6654.0,1157.0,2055.0,8391.0,1294.0,426.0,193,1683.0,30,DISTRICT23,BLISTER,-868.0
QUIN,2024-08-01,HEALTH CENTER,609.0,1.0,131.0,231.0,464.0,0.0,208,1.0,1000,DISTRICT9,TABLET,-464.0
ACT-SC,2025-02-01,HEALTH CENTER,108.0,87.0,168.0,37.0,,138.0,232,117.0,30,DISTRICT9,BLISTER,138.0
ACT-AD,2024-08-01,HEALTH CENTER,3099.0,636.0,1649.0,4345.0,,4603.0,-146,1268.0,30,DISTRICT22,BLISTER,4603.0
ACT-SC,2025-11-01,HEALTH CENTER,5963.0,254.0,982.0,8735.0,,0.0,32,845.0,30,DISTRICT13,BLISTER,0.0
ACT-SC,2025-02-01,HEALTH CENTER,2935.0,2.0,294.0,3654.0,1047.0,0.0,-152,73.0,30,DISTRICT36,BLISTER,-1047.0
ITN,2025-05-01,HEALTH CENTER,284.0,95.0,278.0,804.0,,113.0,345,185.0,50,DISTRICT27,PIECE,113.0
PYRA-COMP,2024-11-01,HEALTH CENTER,1470.0,13.0,648.0,2080.0,,11.0,69,587.0,1,DISTRICT19,TABLET,11.0
PYRA-SAC,2025-05-01,HEALTH CENTER,1922.0,215.0,265.0,808.0,,1663.0,-172,258.0,1,DISTRICT21,SACHET,1663.0
SP,2024-02-01,HEALTH CENTER,265.0,8.0,102.0,110.0,,1366.0,327,82.0,1000,DISTRICT16,TABLET,1366.0
ACT-AD,2025-08-01,HEALTH CENTER,5557.0,87.0,1583.0,4542.0,806.0,8707.0,434,1587.0,30,DISTRICT31,BLISTER,7901.0
ART-INJ,2025-05-01,HEALTH CENTER,3585.0,146.0,809.0,2737.0,,3612.0,-39,801.0,5,DISTRICT9,VIAL,3612.0
PYRA-SAC,2024-02-01,HEALTH CENTER,601.0,534.0,379.0,678.0,,1369.0,627,49.0,1,DISTRICT16,SACHET,1369.0
ACT-AD,2024-08-01,HEALTH CENTER,501.0,15.0,73.0,670.0,,931.0,48,44.0,30,DISTRICT29,BLISTER,931.0
ACT-GC,2025-11-01,HEALTH CENTER,81.0,43.0,12.0,116.0,247.0,11.0,234,13.0,30,DISTRICT8,BLISTER,-236.0
RDT,2025-02-01,HEALTH CENTER,911.0,11.0,95.0,422.0,,0.0,-47,22.0,25,DISTRICT24,PIECE,0.0
ACT-AD,2025-02-01,HEALTH CENTER,879.0,12.0,262.0,1012.0,,142.0,-183,57.0,30,DISTRICT25,BLISTER,142.0
QUIN,2025-11-01,HEALTH CENTER,2861.0,0.0,333.0,2611.0,,1.0,1,304.0,1000,DISTRICT18,TABLET,1.0
ACT-INF,2025-11-01,HEALTH CENTER,4265.0,6.0,617.0,3204.0,,279.0,773,711.0,30,DISTRICT28,BLISTER,279.0
QUIN,2024-02-01,HEALTH CENTER,239.0,0.0,43.0,342.0,,6.0,-990,33.0,1000,DISTRICT29,TABLET,6.0
QUIN,2025-05-01,HEALTH CENTER,3930.0,10.0,1079.0,2039.0,716.0,78.0,132,1234.0,1000,DISTRICT28,TABLET,-638.0
ACT-GC,2024-05-01,HEALTH CENTER,107.0,195.0,71.0,705.0,,140.0,-144,13.0,30,DISTRICT33,BLISTER,140.0
ART-INJ,2025-11-01,HEALTH CENTER,865.0,41.0,28.0,475.0,1262.0,0.0,-552,1.0,5,DISTRICT14,VIAL,-1262.0
ART-SUP,2024-05-01,HEALTH CENTER,233.0,1.0,25.0,39.0,,0.0,-1065,1.0,2,DISTRICT20,CAPSULE,0.0
ACT-INF,2025-08-01,HEALTH CENTER,22.0,2.0,14.0,127.0,,0.0,-376,32.0,30,DISTRICT28,BLISTER,0.0
PYRA-SAC,2024-08-01,HEALTH CENTER,360.0,15.0,18.0,332.0,,0.0,-207,2.0,1,DISTRICT13,SACHET,0.0
QUIN,2025-02-01,HEALTH CENTER,133.0,14.0,50.0,570.0,823.0,63.0,-365,6.0,1000,DISTRICT22,TABLET,-760.0
ART-SUP,2025-02-01,HEALTH CENTER,5436.0,220.0,772.0,3351.0,1329.0,21.0,646,372.0,2,DISTRICT20,CAPSULE,-1308.0
ART-INJ,2024-02-01,HEALTH CENTER,46.0,1.0,60.0,220.0,,17.0,-24,3.0,5,DISTRICT26,VIAL,17.0
ITN,2024-11-01,HEALTH CENTER,257.0,6.0,60.0,150.0,443.0,15.0,-9,20.0,50,DISTRICT33,PIECE,-428.0
ACT-AD,2024-11-01,HEALTH CENTER,2298.0,0.0,162.0,404.0,775.0,1445.0,-201,16.0,30,DISTRICT36,BLISTER,670.0
ACT-INF,2024-08-01,HEALTH CENTER,3180.0,54.0,1294.0,5495.0,,501.0,-406,1275.0,30,DISTRICT23,BLISTER,501.0
ITN,2025-11-01,HEALTH CENTER,2794.0,172.0,492.0,3763.0,,0.0,-527,463.0,50,DISTRICT32,PIECE,0.0
QUIN,2025-05-01,HEALTH CENTER,685.0,0.0,66.0,432.0,,1699.0,763,86.0,1000,DISTRICT30,TABLET,1699.0
ACT-GC,2024-08-01,HEALTH CENTER,251.0,2.0,36.0,90.0,,0.0,-459,10.0,30,DISTRICT29,BLISTER,0.0
QUIN,2025-02-01,HEALTH CENTER,93.0,132.0,67.0,1271.0,,12.0,608,104.0,1000,DISTRICT30,TABLET,12.0
ACT-AD,2025-08-01,DISTRICT HOSPITAL,216.0,276.0,8.0,111.0,,358.0,-150,10.0,30,DISTRICT15,BLISTER,358.0
ART-SUP,2024-05-01,HEALTH CENTER,72.0,37.0,96.0,249.0,636.0,22.0,379,10.0,2,DISTRICT21,CAPSULE,-614.0
ACT-INF,2024-08-01,HEALTH CENTER,684.0,6.0,73.0,560.0,,36.0,111,15.0,30,DISTRICT14,BLISTER,36.0
PYRA-SAC,2025-11-01,HEALTH CENTER,1516.0,0.0,385.0,564.0,1697.0,732.0,446,407.0,1,DISTRICT15,SACHET,-965.0
PYRA-COMP,2025-02-01,REGIONAL HOSPITAL,327.0,26.0,191.0,103.0,,4763.0,519,230.0,1,DISTRICT8,TABLET,4763.0
ACT-AD,2025-05-01,HEALTH CENTER,6.0,330.0,27.0,29.0,,0.0,241,3.0,30,DISTRICT31,BLISTER,0.0
ACT-INF,2024-08-01,HEALTH CENTER,1306.0,241.0,323.0,370.0,352.0,391.0,74,115.0,30,DISTRICT28,BLISTER,39.0
SP,2025-02-01,HEALTH CENTER,936.0,66.0,284.0,3575.0,,0.0,347,68.0,1000,DISTRICT28,TABLET,0.0
ART-INJ,2025-11-01,REGIONAL HOSPITAL,36.0,0.0,74.0,27.0,,24.0,211,29.0,5,DISTRICT19,VIAL,24.0
RDT,2025-02-01,HEALTH CENTER,1148.0,642.0,330.0,815.0,,562.0,-12,114.0,25,DISTRICT32,PIECE,562.0
ART-SUP,2025-11-01,HEALTH CENTER,364.0,0.0,59.0,49.0,,337.0,96,49.0,2,DISTRICT20,CAPSULE,337.0
PYRA-SAC,2025-05-01,HEALTH CENTER,1074.0,46.0,315.0,1235.0,,0.0,-565,410.0,1,DISTRICT29,SACHET,0.0
ACT-SC,2024-05-01,HEALTH CENTER,850.0,453.0,496.0,2064.0,,0.0,-282,733.0,30,DISTRICT1,BLISTER,0.0
RDT,2024-02-01,HEALTH CENTER,234.0,16.0,137.0,408.0,1120.0,0.0,664,188.0,25,DISTRICT26,PIECE,-1120.0
ART-SUP,2025-05-01,HEALTH CENTER,2572.0,303.0,583.0,2563.0,,438.0,-889,579.0,2,DISTRICT31,CAPSULE,438.0
ART-SUP,2024-02-01,HEALTH CENTER,403.0,0.0,32.0,109.0,,987.0,490,12.0,2,DISTRICT32,CAPSULE,987.0
SP,2024-02-01,HEALTH CENTER,0.0,0.0,6.0,6.0,207.0,2483.0,302,4.0,1000,DISTRICT26,TABLET,2276.0
ACT-SC,2024-11-01,HEALTH CENTER,240.0,0.0,124.0,168.0,,192.0,257,77.0,30,DISTRICT23,BLISTER,192.0
ACT-AD,2025-05-01,HEALTH CENTER,738.0,30.0,216.0,392.0,,241.0,378,674.0,30,DISTRICT38,BLISTER,241.0
ACT-GC,2024-08-01,DISTRICT HOSPITAL,135.0,355.0,121.0,433.0,96.0,0.0,236,33.0,30,DISTRICT29,BLISTER,-96.0
ACT-INF,2024-02-01,HEALTH CENTER,935.0,468.0,1091.0,2558.0,1517.0,1519.0,504,511.0,30,DISTRICT1,BLISTER,2.0
ART-INJ,2025-08-01,NATIONAL HOSPITAL,211.0,1.0,14.0,653.0,,0.0,559,3.0,5,DISTRICT25,VIAL,0.0
ACT-SC,2025-08-01,HEALTH CENTER,5.0,30.0,113.0,93.0,,3.0,286,43.0,30,DISTRICT28,BLISTER,3.0
ACT-INF,2024-08-01,HEALTH CENTER,16.0,2.0,62.0,118.0,,0.0,6,2.0,30,DISTRICT25,BLISTER,0.0
PYRA-COMP,2024-05-01,HEALTH CENTER,15.0,2.0,5.0,21.0,,0.0,-562,0.0,1,DISTRICT12,TABLET,0.0
QUIN,2024-08-01,HEALTH CENTER,14.0,0.0,14.0,45.0,336.0,0.0,-21,42.0,1000,DISTRICT15,TABLET,-336.0
QUIN,2024-08-01,HEALTH CENTER,448.0,1.0,151.0,488.0,,332.0,848,110.0,1000,DISTRICT33,TABLET,332.0
ART-SUP,2024-11-01,HEALTH CENTER,0.0,196.0,7.0,15.0,1020.0,0.0,690,2.0,2,DISTRICT20,CAPSULE,-1020.0
ACT-SC,2024-02-01,REGIONAL HOSPITAL,3.0,355.0,4.0,46.0,345.0,0.0,298,3.0,30,DISTRICT29,BLISTER,-345.0
ITN,2025-11-01,HEALTH CENTER,1521.0,0.0,308.0,862.0,,89.0,1016,218.0,50,DISTRICT2,PIECE,89.0
PYRA-SAC,2025-11-01,HEALTH CENTER,498.0,2.0,95.0,698.0,,1.0,1085,133.0,1,DISTRICT23,SACHET,1.0
PYRA-SAC,2025-05-01,HEALTH CENTER,908.0,23.0,398.0,1289.0,,1438.0,122,327.0,1,DISTRICT33,SACHET,1438.0
PYRA-COMP,2025-02-01,HEALTH CENTER,844.0,90.0,369.0,1620.0,,3.0,-23,301.0,1,DISTRICT26,TABLET,3.0
ACT-SC,2024-08-01,HEALTH CENTER,678.0,12.0,147.0,732.0,,57.0,-213,14.0,30,DISTRICT25,BLISTER,57.0
QUIN,2025-05-01,HEALTH CENTER,617.0,1280.0,996.0,1431.0,,1042.0,-175,473.0,1000,DISTRICT33,TABLET,1042.0
ACT-AD,2025-02-01,HEALTH CENTER,2720.0,256.0,560.0,2255.0,,3330.0,-345,204.0,30,DISTRICT23,BLISTER,3330.0
ART-INJ,2024-05-01,HEALTH CENTER,3041.0,54.0,751.0,3392.0,,38.0,28,456.0,5,DISTRICT31,VIAL,38.0
SP,2024-02-01,HEALTH CENTER,1108.0,53.0,106.0,2032.0,280.0,0.0,58,13.0,1000,DISTRICT8,TABLET,-280.0
ACT-INF,2025-05-01,HEALTH CENTER,2923.0,37.0,515.0,2334.0,246.0,0.0,-130,549.0,30,DISTRICT1,BLISTER,-246.0
ART-SUP,2024-02-01,HEALTH CENTER,69.0,16.0,103.0,78.0,,30.0,-648,66.0,2,DISTRICT8,CAPSULE,30.0
ART-INJ,2025-08-01,HEALTH CENTER,520.0,72.0,144.0,626.0,,525.0,496,24.0,5,DISTRICT33,VIAL,525.0
QUIN,2024-02-01,HEALTH CENTER,357.0,145.0,845.0,635.0,,72.0,458,724.0,1000,DISTRICT1,TABLET,72.0
QUIN,2024-02-01,HEALTH CENTER,3873.0,18.0,1335.0,2727.0,,2028.0,52,1245.0,1000,DISTRICT31,TABLET,2028.0
SP,2024-08-01,HEALTH CENTER,0.0,2.0,2.0,4.0,,3.0,-123,7.0,1000,DISTRICT26,TABLET,3.0
ACT-SC,2025-08-01,HEALTH CENTER,156.0,0.0,16.0,111.0,,0.0,-569,1.0,30,DISTRICT4,BLISTER,0.0
ACT-AD,2024-02-01,HEALTH CENTER,569.0,0.0,68.0,315.0,,0.0,-340,26.0,30,DISTRICT28,BLISTER,0.0
ACT-SC,2024-02-01,HEALTH CENTER,678.0,0.0,170.0,895.0,,681.0,17,82.0,30,DISTRICT31,BLISTER,681.0
SP,2024-08-01,HEALTH CENTER,20.0,0.0,1.0,2.0,,10.0,-312,1.0,1000,DISTRICT6,TABLET,10.0
ACT-INF,2024-02-01,HEALTH CENTER,903.0,2.0,429.0,785.0,633.0,1.0,-372,349.0,30,DISTRICT33,BLISTER,-632.0
PYRA-COMP,2025-08-01,HEALTH CENTER,4416.0,134.0,326.0,1951.0,1314.0,770.0,-133,107.0,1,DISTRICT9,TABLET,-544.0
ACT-AD,2025-05-01,HEALTH CENTER,4059.0,81.0,1151.0,5698.0,,394.0,80,1039.0,30,DISTRICT9,BLISTER,394.0
PYRA-SAC,2025-02-01,HEALTH CENTER,699.0,0.0,138.0,51.0,,260.0,-798,39.0,1,DISTRICT31,SACHET,260.0
ACT-SC,2025-02-01,HEALTH CENTER,530.0,0.0,59.0,363.0,,0.0,430,4.0,30,DISTRICT35,BLISTER,0.0
PYRA-COMP,2025-08-01,HEALTH CENTER,1481.0,2.0,116.0,672.0,,0.0,226,92.0,1,DISTRICT28,TABLET,0.0
PYRA-COMP,2024-11-01,HEALTH CENTER,1477.0,163.0,591.0,2337.0,,131.0,454,155.0,1,DISTRICT31,TABLET,131.0
ACT-INF,2024-05-01,HEALTH CENTER,59.0,1.0,140.0,11.0,,1465.0,480,112.0,30,DISTRICT10,BLISTER,1465.0
ACT-SC,2024-05-01,HEALTH CENTER,318.0,0.0,430.0,1037.0,336.0,2025.0,-767,273.0,30,DISTRICT23,BLISTER,1689.0
ART-SUP,2024-05-01,HEALTH CENTER,1019.0,1.0,42.0,933.0,,1.0,-517,13.0,2,DISTRICT31,CAPSULE,1.0
ACT-GC,2025-08-01,HEALTH CENTER,244.0,0.0,48.0,477.0,,10.0,91,4.0,30,DISTRICT3,BLISTER,10.0
QUIN,2024-02-01,HEALTH CENTER,476.0,8.0,315.0,62.0,,66.0,-520,190.0,1000,DISTRICT13,TABLET,66.0
ACT-INF,2025-05-01,HEALTH CENTER,2010.0,5.0,545.0,1410.0,,4974.0,-717,225.0,30,DISTRICT29,BLISTER,4974.0
PYRA-COMP,2025-11-01,HEALTH CENTER,147.0,0.0,17.0,843.0,,0.0,500,4.0,1,DISTRICT3,TABLET,0.0
ACT-AD,2024-08-01,HEALTH CENTER,727.0,54.0,133.0,919.0,,0.0,-1151,29.0,30,DISTRICT33,BLISTER,0.0
ACT-AD,2024-02-01,HEALTH CENTER,129.0,0.0,70.0,66.0,,165.0,-178,37.0,30,DISTRICT9,BLISTER,165.0
QUIN,2025-02-01,HEALTH CENTER,1505.0,5.0,122.0,1644.0,1759.0,5450.0,866,69.0,1000,DISTRICT13,TABLET,3691.0
ART-INJ,2025-05-01,HEALTH CENTER,2541.0,97.0,119.0,3898.0,,545.0,314,472.0,5,DISTRICT29,VIAL,545.0
PYRA-SAC,2025-08-01,HEALTH CENTER,843.0,190.0,101.0,2594.0,,0.0,-921,20.0,1,DISTRICT9,SACHET,0.0
ACT-AD,2025-02-01,HEALTH CENTER,615.0,7.0,82.0,906.0,1369.0,4.0,430,163.0,30,DISTRICT38,BLISTER,-1365.0
RDT,2024-11-01,HEALTH CENTER,349.0,13.0,468.0,569.0,1322.0,93.0,-140,246.0,25,DISTRICT38,PIECE,-1229.0
ACT-INF,2024-08-01,HEALTH CENTER,555.0,286.0,138.0,860.0,398.0,43.0,20,54.0,30,DISTRICT24,BLISTER,-355.0
ACT-SC,2024-02-01,HEALTH CENTER,30.0,0.0,8.0,32.0,,5.0,386,48.0,30,DISTRICT38,BLISTER,5.0
PYRA-SAC,2024-11-01,HEALTH CENTER,694.0,165.0,448.0,1395.0,,2225.0,-745,269.0,1,DISTRICT1,SACHET,2225.0
ITN,2025-08-01,HEALTH CENTER,111.0,6.0,23.0,111.0,,614.0,363,39.0,50,DISTRICT23,PIECE,614.0
ACT-SC,2024-02-01,HEALTH CENTER,488.0,91.0,106.0,451.0,,85.0,165,65.0,30,DISTRICT30,BLISTER,85.0
ACT-AD,2025-05-01,HEALTH CENTER,11.0,1037.0,90.0,113.0,1262.0,1.0,-221,167.0,30,DISTRICT23,BLISTER,-1261.0
PYRA-COMP,2024-08-01,DISTRICT HOSPITAL,370.0,8.0,217.0,75.0,,1803.0,93,354.0,1,DISTRICT23,TABLET,1803.0
SP,2024-02-01,HEALTH CENTER,544.0,2.0,215.0,581.0,,0.0,-290,166.0,1000,DISTRICT12,TABLET,0.0
RDT,2025-05-01,HEALTH CENTER,19.0,6.0,4.0,20.0,,0.0,-300,1.0,25,DISTRICT35,PIECE,0.0
ACT-INF,2024-02-01,HEALTH CENTER,127.0,10.0,18.0,24.0,,3.0,-429,4.0,30,DISTRICT15,BLISTER,3.0
ART-SUP,2025-11-01,HEALTH CENTER,723.0,0.0,71.0,825.0,,0.0,-198,1.0,2,DISTRICT28,CAPSULE,0.0
ACT-SC,2025-11-01,HEALTH CENTER,1278.0,200.0,318.0,1473.0,,1.0,-7,164.0,30,DISTRICT36,BLISTER,1.0
QUIN,2024-02-01,HEALTH CENTER,1221.0,448.0,284.0,1902.0,,259.0,-26,182.0,1000,DISTRICT33,TABLET,259.0
RDT,2025-05-01,REGIONAL HOSPITAL,362.0,241.0,268.0,1521.0,,1.0,474,218.0,25,DISTRICT2,PIECE,1.0
ITN,2024-02-01,HEALTH CENTER,1822.0,385.0,276.0,2517.0,,269.0,-993,168.0,50,DISTRICT4,PIECE,269.0
ACT-SC,2025-05-01,HEALTH CENTER,246.0,4.0,87.0,289.0,,3.0,-4,85.0,30,DISTRICT5,BLISTER,3.0
SP,2024-05-01,HEALTH CENTER,2435.0,0.0,262.0,521.0,243.0,0.0,-4,299.0,1000,DISTRICT29,TABLET,-243.0
ACT-SC,2025-08-01,HEALTH CENTER,360.0,34.0,137.0,581.0,1253.0,666.0,836,280.0,30,DISTRICT19,BLISTER,-587.0
ACT-SC,2024-02-01,HEALTH CENTER,2432.0,2.0,182.0,1358.0,,80.0,434,180.0,30,DISTRICT20,BLISTER,80.0
ART-INJ,2024-08-01,HEALTH CENTER,357.0,44.0,51.0,560.0,,1.0,-745,25.0,5,DISTRICT25,VIAL,1.0
ACT-SC,2024-08-01,HEALTH CENTER,1738.0,37.0,545.0,421.0,,14697.0,-342,257.0,30,DISTRICT18,BLISTER,14697.0
QUIN,2024-11-01,HEALTH CENTER,2415.0,12.0,525.0,1564.0,236.0,1949.0,-651,481.0,1000,DISTRICT24,TABLET,1713.0
ACT-AD,2025-02-01,HEALTH CENTER,233.0,337.0,132.0,1046.0,1164.0,110.0,710,166.0,30,DISTRICT10,BLISTER,-1054.0
ACT-SC,2025-05-01,REGIONAL HOSPITAL,304.0,103.0,7.0,143.0,,0.0,19,3.0,30,DISTRICT20,BLISTER,0.0
RDT,2025-02-01,HEALTH CENTER,1481.0,0.0,204.0,1820.0,,0.0,108,187.0,25,DISTRICT13,PIECE,0.0
SP,2024-08-01,HEALTH CENTER,66.0,0.0,16.0,23.0,,802.0,-108,28.0,1000,DISTRICT19,TABLET,802.0
PYRA-COMP,2025-02-01,HEALTH CENTER,199.0,4.0,115.0,94.0,,5777.0,526,47.0,1,DISTRICT28,TABLET,5777.0
ACT-AD,2025-02-01,HEALTH CENTER,531.0,0.0,36.0,281.0,,51.0,453,21.0,30,DISTRICT9,BLISTER,51.0
PYRA-SAC,2024-08-01,HEALTH CENTER,1494.0,0.0,111.0,231.0,226.0,2.0,-565,19.0,1,DISTRICT14,SACHET,-224.0
PYRA-SAC,2024-05-01,DISTRICT HOSPITAL,4.0,2.0,25.0,226.0,,0.0,338,21.0,1,DISTRICT31,SACHET,0.0
ACT-GC,2025-08-01,HEALTH CENTER,7.0,7.0,15.0,77.0,,444.0,-78,2.0,30,DISTRICT25,BLISTER,444.0
ACT-GC,2024-08-01,HEALTH CENTER,834.0,169.0,131.0,118.0,,93.0,-17,18.0,30,DISTRICT8,BLISTER,93.0
ITN,2025-08-01,DISTRICT HOSPITAL,1156.0,209.0,250.0,1826.0,1174.0,456.0,-1083,66.0,50,DISTRICT30,PIECE,-718.0
ACT-GC,2024-11-01,HEALTH CENTER,2.0,50.0,41.0,116.0,61.0,19.0,-3,17.0,30,DISTRICT32,BLISTER,-42.0
ITN,2025-05-01,HEALTH CENTER,306.0,1.0,72.0,466.0,55.0,15.0,-63,191.0,50,DISTRICT25,PIECE,-40.0
ART-INJ,2025-02-01,HEALTH CENTER,550.0,3.0,50.0,501.0,400.0,249.0,45,83.0,5,DISTRICT28,VIAL,-151.0
ACT-SC,2024-08-01,HEALTH CENTER,2704.0,178.0,563.0,4720.0,,1174.0,398,482.0,30,DISTRICT31,BLISTER,1174.0
ART-INJ,2024-08-01,HEALTH CENTER,9.0,7.0,40.0,77.0,,67.0,701,65.0,5,DISTRICT17,VIAL,67.0
RDT,2025-08-01,HEALTH CENTER,48.0,14.0,125.0,75.0,463.0,486.0,-2,46.0,25,DISTRICT24,PIECE,23.0
ACT-INF,2024-05-01,HEALTH CENTER,1165.0,0.0,273.0,516.0,,1880.0,449,47.0,30,DISTRICT33,BLISTER,1880.0
ACT-INF,2024-08-01,HEALTH CENTER,358.0,3.0,72.0,458.0,,1.0,-23,11.0,30,DISTRICT32,BLISTER,1.0
SP,2024-05-01,HEALTH CENTER,145.0,16.0,218.0,328.0,,1084.0,-31,372.0,1000,DISTRICT32,TABLET,1084.0
ACT-INF,2025-02-01,HEALTH CENTER,1213.0,1.0,97.0,165.0,,4.0,-698,73.0,30,DISTRICT4,BLISTER,4.0
ACT-INF,2024-05-01,HEALTH CENTER,520.0,513.0,238.0,1326.0,,43.0,-785,292.0,30,DISTRICT33,BLISTER,43.0
ART-INJ,2024-11-01,HEALTH CENTER,1021.0,182.0,56.0,857.0,2040.0,665.0,-156,93.0,5,DISTRICT32,VIAL,-1375.0
ACT-GC,2024-11-01,HEALTH CENTER,1160.0,0.0,239.0,660.0,,1806.0,-193,249.0,30,DISTRICT33,BLISTER,1806.0
QUIN,2025-05-01,HEALTH CENTER,544.0,7.0,175.0,197.0,,0.0,-194,32.0,1000,DISTRICT9,TABLET,0.0
ACT-SC,2025-08-01,NATIONAL HOSPITAL,1161.0,1.0,151.0,691.0,976.0,133.0,481,117.0,30,DISTRICT23,BLISTER,-843.0
ACT-INF,2024-11-01,HEALTH CENTER,5326.0,201.0,1470.0,4652.0,,2858.0,197,2262.0,30,DISTRICT32,BLISTER,2858.0
ACT-GC,2025-02-01,HEALTH CENTER,18.0,75.0,83.0,56.0,,0.0,-284,15.0,30,DISTRICT28,BLISTER,0.0
QUIN,2025-05-01,REGIONAL HOSPITAL,230.0,0.0,165.0,57.0,,864.0,-785,269.0,1000,DISTRICT2,TABLET,864.0
RDT,2025-02-01,HEALTH CENTER,4347.0,0.0,181.0,1552.0,,2.0,-547,48.0,25,DISTRICT26,PIECE,2.0
ACT-AD,2024-02-01,HEALTH CENTER,237.0,74.0,539.0,390.0,,9174.0,326,149.0,30,DISTRICT28,BLISTER,9174.0
ART-SUP,2024-05-01,HEALTH CENTER,4523.0,512.0,482.0,2371.0,,0.0,18,474.0,2,DISTRICT33,CAPSULE,0.0
QUIN,2025-11-01,HEALTH CENTER,1658.0,0.0,93.0,941.0,367.0,1221.0,328,25.0,1000,DISTRICT25,TABLET,854.0
ACT-GC,2025-11-01,HEALTH CENTER,13.0,163.0,13.0,42.0,,12.0,560,11.0,30,DISTRICT35,BLISTER,12.0
QUIN,2024-11-01,HEALTH CENTER,221.0,158.0,280.0,230.0,,2479.0,-104,36.0,1000,DISTRICT31,TABLET,2479.0
ACT-AD,2025-05-01,HEALTH CENTER,2277.0,348.0,150.0,768.0,,209.0,-538,30.0,30,DISTRICT26,BLISTER,209.0
PYRA-COMP,2025-05-01,HEALTH CENTER,187.0,1.0,75.0,240.0,,1.0,-192,23.0,1,DISTRICT3,TABLET,1.0
ACT-GC,2024-02-01,HEALTH CENTER,1617.0,0.0,686.0,2621.0,,1103.0,-317,458.0,30,DISTRICT22,BLISTER,1103.0
ITN,2024-08-01,HEALTH CENTER,2461.0,7.0,645.0,1304.0,533.0,31.0,721,285.0,50,DISTRICT28,PIECE,-502.0
SP,2024-02-01,HEALTH CENTER,627.0,0.0,308.0,175.0,,9769.0,9,436.0,1000,DISTRICT33,TABLET,9769.0
ACT-INF,2024-08-01,HEALTH CENTER,347.0,313.0,565.0,1030.0,,2514.0,-793,448.0,30,DISTRICT30,BLISTER,2514.0
ACT-SC,2024-11-01,HEALTH CENTER,437.0,0.0,28.0,532.0,,0.0,-850,60.0,30,DISTRICT31,BLISTER,0.0
PYRA-SAC,2024-05-01,HEALTH CENTER,23.0,35.0,21.0,4.0,,0.0,-587,1.0,1,DISTRICT12,SACHET,0.0
ITN,2024-11-01,DISTRICT HOSPITAL,107.0,2.0,54.0,239.0,75.0,48.0,-102,19.0,50,DISTRICT31,PIECE,-27.0
QUIN,2025-11-01,HEALTH CENTER,1379.0,6.0,964.0,1578.0,819.0,5557.0,293,1159.0,1000,DISTRICT19,TABLET,4738.0
ITN,2025-05-01,HEALTH CENTER,45.0,527.0,6.0,253.0,325.0,0.0,309,0.0,50,DISTRICT4,PIECE,-325.0
ART-INJ,2024-08-01,HEALTH CENTER,538.0,112.0,56.0,107.0,,3.0,384,14.0,5,DISTRICT31,VIAL,3.0
PYRA-COMP,2025-02-01,HEALTH CENTER,1072.0,1.0,383.0,324.0,1124.0,1447.0,697,245.0,1,DISTRICT23,TABLET,323.0
PYRA-SAC,2024-02-01,HEALTH CENTER,4547.0,1068.0,856.0,3758.0,,1841.0,109,1140.0,1,DISTRICT15,SACHET,1841.0
ACT-SC,2024-05-01,HEALTH CENTER,839.0,0.0,387.0,625.0,,0.0,546,273.0,30,DISTRICT9,BLISTER,0.0
ACT-GC,2024-11-01,HEALTH CENTER,1153.0,0.0,132.0,2318.0,,0.0,106,42.0,30,DISTRICT26,BLISTER,0.0
ACT-GC,2024-08-01,HEALTH CENTER,3399.0,0.0,417.0,4591.0,,3.0,-229,387.0,30,DISTRICT22,BLISTER,3.0
PYRA-COMP,2024-05-01,HEALTH CENTER,403.0,2.0,8.0,287.0,,0.0,-892,1.0,1,DISTRICT36,TABLET,0.0
RDT,2024-02-01,HEALTH CENTER,1489.0,0.0,271.0,2275.0,756.0,0.0,225,203.0,25,DISTRICT31,PIECE,-756.0
SP,2025-05-01,DISTRICT HOSPITAL,4077.0,15.0,272.0,3692.0,932.0,77.0,-278,568.0,1000,DISTRICT2,TABLET,-855.0
PYRA-COMP,2025-11-01,HEALTH CENTER,750.0,2580.0,366.0,1645.0,1772.0,108.0,-791,224.0,1,DISTRICT37,TABLET,-1664.0
ART-SUP,2025-02-01,HEALTH CENTER,3807.0,607.0,1477.0,2592.0,,6105.0,182,1060.0,2,DISTRICT24,CAPSULE,6105.0
ACT-AD,2025-08-01,HEALTH CENTER,2919.0,347.0,995.0,3696.0,,415.0,255,951.0,30,DISTRICT32,BLISTER,415.0
QUIN,2024-08-01,HEALTH CENTER,1853.0,6.0,340.0,1066.0,,0.0,708,36.0,1000,DISTRICT20,TABLET,0.0
RDT,2024-05-01,HEALTH CENTER,41.0,0.0,25.0,5.0,,6.0,527,2.0,25,DISTRICT1,PIECE,6.0
PYRA-SAC,2025-08-01,HEALTH CENTER,1824.0,980.0,986.0,5514.0,,64.0,145,745.0,1,DISTRICT28,SACHET,64.0
ART-SUP,2025-11-01,HEALTH CENTER,1271.0,0.0,104.0,884.0,,0.0,-185,19.0,2,DISTRICT28,CAPSULE,0.0
PYRA-SAC,2025-02-01,HEALTH CENTER,1261.0,22.0,239.0,2337.0,203.0,1.0,-596,78.0,1,DISTRICT13,SACHET,-202.0
PYRA-SAC,2025-05-01,HEALTH CENTER,2045.0,6.0,442.0,1378.0,,1337.0,242,299.0,1,DISTRICT16,SACHET,1337.0
ART-INJ,2025-11-01,HEALTH CENTER,658.0,1.0,115.0,480.0,763.0,0.0,-667,25.0,5,DISTRICT36,VIAL,-763.0
RDT,2024-05-01,HEALTH CENTER,1472.0,1300.0,196.0,1088.0,1624.0,0.0,-82,24.0,25,DISTRICT33,PIECE,-1624.0
QUIN,2025-02-01,HEALTH CENTER,1799.0,16.0,70.0,1167.0,,108.0,-240,161.0,1000,DISTRICT13,TABLET,108.0
PYRA-COMP,2024-05-01,HEALTH CENTER,477.0,0.0,389.0,179.0,,1048.0,199,848.0,1,DISTRICT7,TABLET,1048.0
RDT,2024-11-01,REGIONAL HOSPITAL,1286.0,6.0,234.0,1568.0,,0.0,-84,296.0,25,DISTRICT23,PIECE,0.0
ACT-INF,2024-05-01,HEALTH CENTER,4395.0,1.0,434.0,2023.0,2040.0,125.0,-111,392.0,30,DISTRICT33,BLISTER,-1915.0
PYRA-COMP,2025-08-01,HEALTH CENTER,5424.0,578.0,778.0,6749.0,,0.0,219,656.0,1,DISTRICT6,TABLET,0.0
QUIN,2024-08-01,HEALTH CENTER,1140.0,334.0,249.0,1713.0,1212.0,4.0,-453,179.0,1000,DISTRICT13,TABLET,-1208.0
SP,2024-02-01,HEALTH CENTER,8.0,0.0,41.0,28.0,1201.0,415.0,325,14.0,1000,DISTRICT21,TABLET,-786.0
ITN,2025-11-01,HEALTH CENTER,12.0,36.0,0.0,31.0,,0.0,26,0.0,50,DISTRICT20,PIECE,0.0
PYRA-SAC,2024-11-01,HEALTH CENTER,228.0,1032.0,446.0,507.0,,856.0,606,373.0,1,DISTRICT7,SACHET,856.0
ART-INJ,2025-08-01,HEALTH CENTER,131.0,3.0,15.0,216.0,,0.0,408,1.0,5,DISTRICT9,VIAL,0.0
SP,2025-02-01,HEALTH CENTER,272.0,0.0,8.0,32.0,100.0,135.0,648,0.0,1000,DISTRICT36,TABLET,35.0
ART-SUP,2025-11-01,HEALTH CENTER,11863.0,846.0,3035.0,5986.0,,1175.0,135,2652.0,2,DISTRICT24,CAPSULE,1175.0
ACT-SC,2025-02-01,DISTRICT HOSPITAL,3729.0,217.0,685.0,3547.0,,15.0,-116,942.0,30,DISTRICT24,BLISTER,15.0
ART-INJ,2024-02-01,HEALTH CENTER,247.0,4.0,150.0,370.0,,492.0,59,76.0,5,DISTRICT13,VIAL,492.0
ACT-SC,2024-11-01,HEALTH CENTER,962.0,0.0,14.0,1143.0,,0.0,910,0.0,30,DISTRICT24,BLISTER,0.0
ACT-GC,2025-08-01,HEALTH CENTER,764.0,75.0,42.0,1578.0,732.0,0.0,-262,8.0,30,DISTRICT32,BLISTER,-732.0
PYRA-SAC,2024-05-01,HEALTH CENTER,1789.0,36.0,691.0,694.0,2115.0,7903.0,-324,1037.0,1,DISTRICT17,SACHET,5788.0
ITN,2025-08-01,HEALTH CENTER,1734.0,146.0,679.0,2442.0,,0.0,47,294.0,50,DISTRICT19,PIECE,0.0
ART-INJ,2024-08-01,HEALTH CENTER,5586.0,39.0,719.0,2564.0,,5293.0,-208,1249.0,5,DISTRICT30,VIAL,5293.0
QUIN,2025-11-01,HEALTH CENTER,45.0,0.0,11.0,84.0,,43.0,-378,17.0,1000,DISTRICT32,TABLET,43.0
ART-INJ,2024-05-01,HEALTH CENTER,6194.0,201.0,1374.0,3750.0,,6586.0,358,1279.0,5,DISTRICT5,VIAL,6586.0
RDT,2024-08-01,HEALTH CENTER,353.0,34.0,405.0,651.0,,2.0,599,105.0,25,DISTRICT35,PIECE,2.0
SP,2024-02-01,HEALTH CENTER,890.0,0.0,426.0,154.0,1650.0,5791.0,-792,367.0,1000,DISTRICT38,TABLET,4141.0
ACT-GC,2024-05-01,HEALTH CENTER,231.0,27.0,167.0,240.0,,360.0,-356,285.0,30,DISTRICT8,BLISTER,360.0
ART-SUP,2024-11-01,HEALTH CENTER,1981.0,4.0,168.0,1523.0,,521.0,-169,118.0,2,DISTRICT3,CAPSULE,521.0
ART-SUP,2025-08-01,HEALTH CENTER,345.0,17.0,338.0,76.0,,0.0,351,118.0,2,DISTRICT33,CAPSULE,0.0
ACT-SC,2024-02-01,HEALTH CENTER,48.0,2.0,68.0,169.0,,615.0,172,14.0,30,DISTRICT25,BLISTER,615.0
PYRA-COMP,2025-08-01,HEALTH CENTER,137.0,3.0,78.0,45.0,,639.0,677,181.0,1,DISTRICT36,TABLET,639.0
PYRA-SAC,2024-08-01,HEALTH CENTER,1555.0,366.0,392.0,504.0,,1009.0,120,181.0,1,DISTRICT15,SACHET,1009.0
ITN,2025-08-01,HEALTH CENTER,1166.0,3.0,272.0,630.0,,16.0,-565,135.0,50,DISTRICT15,PIECE,16.0
QUIN,2025-02-01,HEALTH CENTER,391.0,43.0,153.0,277.0,518.0,288.0,130,236.0,1000,DISTRICT22,TABLET,-230.0
ACT-GC,2025-05-01,HEALTH CENTER,3502.0,2.0,278.0,1528.0,,16.0,-221,222.0,30,DISTRICT26,BLISTER,16.0
ACT-AD,2025-11-01,HEALTH CENTER,1995.0,73.0,547.0,2425.0,,93.0,-527,245.0,30,DISTRICT26,BLISTER,93.0
ART-SUP,2025-05-01,HEALTH CENTER,1688.0,3215.0,247.0,3837.0,849.0,498.0,-227,328.0,2,DISTRICT36,CAPSULE,-351.0
ART-SUP,2024-08-01,HEALTH CENTER,22.0,1.0,53.0,29.0,,737.0,756,38.0,2,DISTRICT30,CAPSULE,737.0
RDT,2025-02-01,HEALTH CENTER,1313.0,258.0,284.0,1952.0,,19.0,-130,441.0,25,DISTRICT29,PIECE,19.0
ART-INJ,2025-11-01,HEALTH CENTER,3082.0,1377.0,799.0,2010.0,,0.0,-323,815.0,5,DISTRICT32,VIAL,0.0
PYRA-COMP,2025-11-01,HEALTH CENTER,2241.0,54.0,288.0,2898.0,578.0,0.0,-163,168.0,1,DISTRICT2,TABLET,-578.0
SP,2024-11-01,HEALTH CENTER,1571.0,1402.0,797.0,4744.0,,351.0,-230,699.0,1000,DISTRICT27,TABLET,351.0
ART-SUP,2025-05-01,HEALTH CENTER,2.0,1.0,17.0,6.0,,0.0,-100,8.0,2,DISTRICT9,CAPSULE,0.0
ART-SUP,2024-11-01,HEALTH CENTER,673.0,18.0,498.0,576.0,,633.0,-686,64.0,2,DISTRICT28,CAPSULE,633.0
QUIN,2024-08-01,HEALTH CENTER,6034.0,294.0,1739.0,3871.0,,5772.0,-601,2217.0,1000,DISTRICT20,TABLET,5772.0
ACT-GC,2025-02-01,HEALTH CENTER,2914.0,100.0,778.0,1994.0,,1885.0,-366,1333.0,30,DISTRICT31,BLISTER,1885.0
QUIN,2024-02-01,HEALTH CENTER,1721.0,1.0,193.0,190.0,,5.0,-180,103.0,1000,DISTRICT26,TABLET,5.0
ACT-SC,2024-08-01,HEALTH CENTER,23.0,1.0,8.0,8.0,,8.0,-252,41.0,30,DISTRICT29,BLISTER,8.0
ART-INJ,2025-02-01,HEALTH CENTER,642.0,1202.0,415.0,1110.0,1189.0,2059.0,39,505.0,5,DISTRICT10,VIAL,870.0
SP,2024-05-01,HEALTH CENTER,1970.0,19.0,474.0,1871.0,,0.0,-15,313.0,1000,DISTRICT24,TABLET,0.0
PYRA-COMP,2025-02-01,HEALTH CENTER,172.0,0.0,1.0,37.0,,0.0,-182,0.0,1,DISTRICT10,TABLET,0.0
ACT-AD,2024-05-01,HEALTH CENTER,42.0,0.0,110.0,38.0,,905.0,-259,10.0,30,DISTRICT33,BLISTER,905.0
ITN,2025-05-01,HEALTH CENTER,4698.0,1137.0,994.0,8914.0,,5.0,353,1043.0,50,DISTRICT29,PIECE,5.0
ACT-SC,2024-11-01,HEALTH CENTER,249.0,2.0,156.0,537.0,502.0,12.0,338,176.0,30,DISTRICT37,BLISTER,-490.0
ACT-GC,2025-08-01,HEALTH CENTER,3116.0,19.0,403.0,2204.0,,185.0,-81,147.0,30,DISTRICT19,BLISTER,185.0
ITN,2025-02-01,HEALTH CENTER,1894.0,59.0,116.0,365.0,,50.0,-439,40.0,50,DISTRICT31,PIECE,50.0
RDT,2024-05-01,HEALTH CENTER,985.0,893.0,219.0,2301.0,,48.0,317,348.0,25,DISTRICT36,PIECE,48.0
ITN,2025-05-01,HEALTH CENTER,1275.0,0.0,315.0,885.0,,0.0,271,247.0,50,DISTRICT16,PIECE,0.0
PYRA-COMP,2025-11-01,HEALTH CENTER,443.0,354.0,500.0,2661.0,,15.0,313,493.0,1,DISTRICT23,TABLET,15.0
SP,2025-08-01,REGIONAL HOSPITAL,1343.0,182.0,421.0,3725.0,,5.0,-412,484.0,1000,DISTRICT16,TABLET,5.0
SP,2024-08-01,HEALTH CENTER,4034.0,2709.0,1818.0,4521.0,,229.0,-759,382.0,1000,DISTRICT3,TABLET,229.0
SP,2024-02-01,DISTRICT HOSPITAL,14.0,0.0,13.0,35.0,,73.0,-137,7.0,1000,DISTRICT10,TABLET,73.0
ACT-GC,2025-05-01,HEALTH CENTER,84.0,0.0,58.0,26.0,,64.0,-565,28.0,30,DISTRICT26,BLISTER,64.0
ACT-GC,2025-02-01,HEALTH CENTER,1779.0,1.0,378.0,1436.0,468.0,700.0,-103,746.0,30,DISTRICT1,BLISTER,232.0
SP,2024-05-01,HEALTH CENTER,41.0,9.0,20.0,361.0,1130.0,237.0,-265,21.0,1000,DISTRICT30,TABLET,-893.0
SP,2025-05-01,HEALTH CENTER,374.0,4.0,209.0,255.0,,5.0,292,233.0,1000,DISTRICT9,TABLET,5.0
ACT-AD,2024-11-01,HEALTH CENTER,289.0,0.0,295.0,78.0,,6.0,-154,314.0,30,DISTRICT28,BLISTER,6.0
ITN,2025-02-01,HEALTH CENTER,4136.0,535.0,612.0,2620.0,,101.0,-249,433.0,50,DISTRICT21,PIECE,101.0
ACT-AD,2025-02-01,HEALTH CENTER,7087.0,10.0,1290.0,5767.0,,5180.0,-620,391.0,30,DISTRICT30,BLISTER,5180.0
ART-INJ,2024-02-01,HEALTH CENTER,265.0,0.0,21.0,326.0,1068.0,2427.0,-7,15.0,5,DISTRICT19,VIAL,1359.0
ART-SUP,2025-11-01,HEALTH CENTER,87.0,4.0,32.0,115.0,,195.0,-406,49.0,2,DISTRICT22,CAPSULE,195.0
ART-SUP,2024-11-01,HEALTH CENTER,556.0,4.0,58.0,1941.0,,0.0,-115,81.0,2,DISTRICT37,CAPSULE,0.0
ITN,2025-05-01,HEALTH CENTER,887.0,676.0,297.0,3496.0,,0.0,-231,265.0,50,DISTRICT21,PIECE,0.0
ACT-AD,2024-02-01,HEALTH CENTER,2854.0,60.0,239.0,759.0,,14.0,-661,194.0,30,DISTRICT17,BLISTER,14.0
ACT-AD,2025-11-01,HEALTH CENTER,1028.0,318.0,843.0,3318.0,,53.0,-601,217.0,30,DISTRICT37,BLISTER,53.0
ACT-INF,2025-11-01,HEALTH CENTER,40.0,8.0,10.0,57.0,,86.0,221,2.0,30,DISTRICT18,BLISTER,86.0
PYRA-SAC,2024-08-01,HEALTH CENTER,27.0,6.0,16.0,36.0,,0.0,-75,8.0,1,DISTRICT10,SACHET,0.0
ACT-GC,2024-02-01,HEALTH CENTER,575.0,473.0,524.0,1718.0,1592.0,5728.0,762,352.0,30,DISTRICT3,BLISTER,4136.0
ACT-INF,2024-02-01,HEALTH CENTER,130.0,0.0,18.0,112.0,,1373.0,176,26.0,30,DISTRICT13,BLISTER,1373.0
ART-INJ,2025-02-01,HEALTH CENTER,2710.0,578.0,826.0,2851.0,1483.0,588.0,-640,606.0,5,DISTRICT28,VIAL,-895.0
ACT-GC,2025-08-01,HEALTH CENTER,444.0,0.0,168.0,261.0,,1404.0,548,232.0,30,DISTRICT14,BLISTER,1404.0
SP,2025-05-01,DISTRICT HOSPITAL,1987.0,41.0,702.0,1626.0,1566.0,2290.0,-181,293.0,1000,DISTRICT4,TABLET,724.0
PYRA-SAC,2025-11-01,HEALTH CENTER,1721.0,5.0,579.0,2133.0,,384.0,382,492.0,1,DISTRICT24,SACHET,384.0
ACT-AD,2024-08-01,HEALTH CENTER,194.0,7.0,35.0,679.0,290.0,0.0,296,34.0,30,DISTRICT28,BLISTER,-290.0
ACT-SC,2024-05-01,HEALTH CENTER,265.0,2.0,70.0,242.0,,253.0,152,5.0,30,DISTRICT3,BLISTER,253.0
ACT-AD,2025-11-01,HEALTH CENTER,1614.0,0.0,351.0,317.0,,1094.0,30,291.0,30,DISTRICT3,BLISTER,1094.0
ACT-GC,2025-11-01,HEALTH CENTER,765.0,0.0,33.0,517.0,,793.0,-12,34.0,30,DISTRICT19,BLISTER,793.0
ACT-INF,2024-02-01,HEALTH CENTER,1519.0,25.0,111.0,1210.0,,717.0,-169,68.0,30,DISTRICT12,BLISTER,717.0
ITN,2024-08-01,HEALTH CENTER,62.0,1.0,8.0,32.0,,1.0,9,3.0,50,DISTRICT4,PIECE,1.0
QUIN,2025-02-01,HEALTH CENTER,2275.0,225.0,276.0,1267.0,,3987.0,-80,166.0,1000,DISTRICT16,TABLET,3987.0
SP,2025-11-01,HEALTH CENTER,93.0,6.0,251.0,616.0,,1.0,-209,119.0,1000,DISTRICT7,TABLET,1.0
ITN,2024-11-01,HEALTH CENTER,529.0,14.0,272.0,235.0,,265.0,-661,332.0,50,DISTRICT7,PIECE,265.0
PYRA-SAC,2024-02-01,HEALTH CENTER,1756.0,401.0,329.0,2279.0,,0.0,-812,319.0,1,DISTRICT31,SACHET,0.0
PYRA-COMP,2025-08-01,HEALTH CENTER,861.0,174.0,223.0,687.0,,486.0,756,275.0,1,DISTRICT5,TABLET,486.0
ART-SUP,2024-02-01,DISTRICT HOSPITAL,620.0,2.0,299.0,792.0,,54.0,576,391.0,2,DISTRICT31,CAPSULE,54.0
QUIN,2024-08-01,HEALTH CENTER,1674.0,0.0,230.0,132.0,,9491.0,26,322.0,1000,DISTRICT23,TABLET,9491.0
QUIN,2024-02-01,HEALTH CENTER,413.0,0.0,68.0,181.0,,5924.0,37,116.0,1000,DISTRICT18,TABLET,5924.0
PYRA-SAC,2025-11-01,HEALTH CENTER,3684.0,0.0,1599.0,3375.0,,3251.0,654,1415.0,1,DISTRICT4,SACHET,3251.0
ITN,2025-08-01,HEALTH CENTER,1300.0,4.0,237.0,577.0,882.0,9.0,-356,94.0,50,DISTRICT32,PIECE,-873.0
ITN,2024-11-01,HEALTH CENTER,278.0,0.0,231.0,817.0,,10.0,237,97.0,50,DISTRICT31,PIECE,10.0
ACT-AD,2025-11-01,HEALTH CENTER,9.0,33.0,10.0,20.0,,3.0,304,3.0,30,DISTRICT9,BLISTER,3.0
ITN,2025-05-01,HEALTH CENTER,423.0,338.0,281.0,1183.0,,3.0,534,63.0,50,DISTRICT28,PIECE,3.0
ACT-INF,2024-11-01,HEALTH CENTER,1525.0,0.0,203.0,1155.0,426.0,2.0,-105,250.0,30,DISTRICT20,BLISTER,-424.0
ACT-INF,2024-05-01,HEALTH CENTER,7900.0,711.0,1284.0,4972.0,621.0,226.0,457,820.0,30,DISTRICT2,BLISTER,-395.0
PYRA-COMP,2024-08-01,HEALTH CENTER,2159.0,2.0,224.0,413.0,,0.0,-77,92.0,1,DISTRICT29,TABLET,0.0
QUIN,2024-11-01,HEALTH CENTER,277.0,0.0,13.0,58.0,,25.0,1006,42.0,1000,DISTRICT35,TABLET,25.0
PYRA-SAC,2025-02-01,HEALTH CENTER,1170.0,0.0,320.0,35.0,,955.0,-283,215.0,1,DISTRICT29,SACHET,955.0
ITN,2024-02-01,HEALTH CENTER,6628.0,45.0,3164.0,5691.0,,2709.0,-602,3050.0,50,DISTRICT28,PIECE,2709.0
ACT-AD,2024-11-01,HEALTH CENTER,393.0,19.0,487.0,1022.0,496.0,1852.0,-694,594.0,30,DISTRICT29,BLISTER,1356.0
QUIN,2025-02-01,HEALTH CENTER,2177.0,15.0,528.0,3805.0,,104.0,555,194.0,1000,DISTRICT15,TABLET,104.0
ART-INJ,2025-02-01,HEALTH CENTER,1695.0,4.0,90.0,1630.0,,70.0,-131,92.0,5,DISTRICT22,VIAL,70.0
ACT-AD,2024-02-01,HEALTH CENTER,281.0,0.0,110.0,246.0,,1.0,-292,49.0,30,DISTRICT36,BLISTER,1.0
ART-SUP,2024-02-01,HEALTH CENTER,704.0,43.0,448.0,581.0,,0.0,174,85.0,2,DISTRICT33,CAPSULE,0.0
ART-SUP,2025-02-01,HEALTH CENTER,49.0,208.0,16.0,128.0,,8.0,-16,6.0,2,DISTRICT8,CAPSULE,8.0
RDT,2025-08-01,HEALTH CENTER,23.0,1152.0,20.0,287.0,,0.0,-146,28.0,25,DISTRICT2,PIECE,0.0
QUIN,2024-08-01,HEALTH CENTER,44.0,0.0,1.0,15.0,,0.0,-264,1.0,1000,DISTRICT1,TABLET,0.0
RDT,2025-11-01,HEALTH CENTER,3082.0,0.0,463.0,1045.0,,4138.0,21,129.0,25,DISTRICT20,PIECE,4138.0
PYRA-COMP,2024-02-01,HEALTH CENTER,346.0,187.0,40.0,1619.0,1003.0,427.0,-973,3.0,1,DISTRICT14,TABLET,-576.0
SP,2025-11-01,HEALTH CENTER,2831.0,1.0,831.0,971.0,,261.0,-194,700.0,1000,DISTRICT16,TABLET,261.0
PYRA-COMP,2025-02-01,HEALTH CENTER,495.0,836.0,235.0,845.0,,607.0,2,46.0,1,DISTRICT33,TABLET,607.0
ACT-GC,2024-11-01,HEALTH CENTER,920.0,0.0,124.0,193.0,,934.0,572,250.0,30,DISTRICT30,BLISTER,934.0
RDT,2024-05-01,HEALTH CENTER,554.0,124.0,160.0,610.0,,0.0,298,466.0,25,DISTRICT23,PIECE,0.0
ART-INJ,2024-02-01,HEALTH CENTER,49.0,186.0,67.0,882.0,,0.0,110,6.0,5,DISTRICT26,VIAL,0.0
ITN,2024-08-01,HEALTH CENTER,131.0,0.0,93.0,431.0,,0.0,-518,65.0,50,DISTRICT9,PIECE,0.0
PYRA-SAC,2024-11-01,HEALTH CENTER,356.0,73.0,66.0,856.0,,76.0,-355,148.0,1,DISTRICT16,SACHET,76.0
ACT-AD,2024-05-01,HEALTH CENTER,500.0,7.0,348.0,585.0,,143.0,-792,211.0,30,DISTRICT29,BLISTER,143.0
SP,2025-08-01,HEALTH CENTER,263.0,132.0,106.0,641.0,,0.0,534,25.0,1000,DISTRICT10,TABLET,0.0
ACT-AD,2024-08-01,HEALTH CENTER,69.0,7.0,9.0,210.0,,1098.0,94,6.0,30,DISTRICT4,BLISTER,1098.0
ART-INJ,2025-11-01,HEALTH CENTER,4073.0,2013.0,930.0,1903.0,,99.0,-388,1471.0,5,DISTRICT28,VIAL,99.0
SP,2025-05-01,HEALTH CENTER,901.0,41.0,488.0,1133.0,,0.0,-445,266.0,1000,DISTRICT20,TABLET,0.0
ART-INJ,2024-11-01,HEALTH CENTER,209.0,0.0,144.0,969.0,,1.0,-262,32.0,5,DISTRICT29,VIAL,1.0
ACT-GC,2025-02-01,HEALTH CENTER,655.0,3.0,301.0,316.0,484.0,27.0,-561,31.0,30,DISTRICT8,BLISTER,-457.0
ART-SUP,2025-05-01,HEALTH CENTER,2135.0,0.0,987.0,343.0,,535.0,-18,767.0,2,DISTRICT17,CAPSULE,535.0
ACT-INF,2024-11-01,HEALTH CENTER,604.0,1.0,55.0,188.0,,1682.0,-134,10.0,30,DISTRICT31,BLISTER,1682.0
ACT-SC,2025-02-01,HEALTH CENTER,453.0,1054.0,277.0,1999.0,,0.0,-195,302.0,30,DISTRICT10,BLISTER,0.0
SP,2024-08-01,HEALTH CENTER,195.0,78.0,94.0,263.0,,0.0,-92,39.0,1000,DISTRICT23,TABLET,0.0
ACT-INF,2024-08-01,HEALTH CENTER,1733.0,561.0,266.0,1213.0,,204.0,-683,163.0,30,DISTRICT11,BLISTER,204.0
ACT-GC,2024-05-01,HEALTH CENTER,6193.0,0.0,717.0,4118.0,,4418.0,-42,327.0,30,DISTRICT7,BLISTER,4418.0
RDT,2025-08-01,HEALTH CENTER,808.0,304.0,267.0,306.0,,2094.0,-86,318.0,25,DISTRICT21,PIECE,2094.0
ACT-GC,2025-05-01,HEALTH CENTER,710.0,0.0,454.0,862.0,1654.0,1025.0,-33,562.0,30,DISTRICT35,BLISTER,-629.0
ACT-INF,2024-02-01,HEALTH CENTER,105.0,0.0,111.0,24.0,,4.0,359,237.0,30,DISTRICT3,BLISTER,4.0
ITN,2024-11-01,HEALTH CENTER,549.0,57.0,174.0,1557.0,,0.0,463,143.0,50,DISTRICT29,PIECE,0.0
QUIN,2025-05-01,HEALTH CENTER,5339.0,16.0,1025.0,4177.0,,417.0,865,935.0,1000,DISTRICT21,TABLET,417.0
ITN,2025-11-01,HEALTH CENTER,3433.0,35.0,838.0,952.0,,306.0,195,1193.0,50,DISTRICT16,PIECE,306.0
ACT-AD,2024-11-01,HEALTH CENTER,1166.0,3.0,81.0,335.0,,0.0,231,80.0,30,DISTRICT4,BLISTER,0.0
SP,2024-11-01,HEALTH CENTER,196.0,7.0,153.0,638.0,,327.0,-59,65.0,1000,DISTRICT22,TABLET,327.0
ART-INJ,2025-02-01,HEALTH CENTER,1556.0,8.0,403.0,2360.0,,340.0,430,244.0,5,DISTRICT1,VIAL,340.0
ART-SUP,2024-02-01,HEALTH CENTER,58.0,725.0,98.0,161.0,,23.0,-161,37.0,2,DISTRICT30,CAPSULE,23.0
PYRA-SAC,2025-02-01,HEALTH CENTER,16.0,0.0,27.0,2.0,,3810.0,-1,38.0,1,DISTRICT13,SACHET,3810.0
ACT-GC,2024-05-01,HEALTH CENTER,1687.0,1.0,149.0,480.0,,13.0,129,69.0,30,DISTRICT3,BLISTER,13.0
SP,2025-05-01,HEALTH CENTER,337.0,41.0,171.0,239.0,,0.0,-1447,87.0,1000,DISTRICT20,TABLET,0.0
ART-SUP,2024-05-01,HEALTH CENTER,464.0,83.0,381.0,657.0,,1.0,355,145.0,2,DISTRICT4,CAPSULE,1.0
ACT-INF,2025-08-01,HEALTH CENTER,1793.0,0.0,63.0,1483.0,,0.0,191,15.0,30,DISTRICT15,BLISTER,0.0
ACT-AD,2025-02-01,HEALTH CENTER,546.0,268.0,93.0,833.0,,0.0,201,9.0,30,DISTRICT10,BLISTER,0.0
PYRA-COMP,2025-05-01,HEALTH CENTER,77.0,0.0,4.0,19.0,,0.0,-613,8.0,1,DISTRICT13,TABLET,0.0
ACT-AD,2024-08-01,HEALTH CENTER,654.0,0.0,32.0,291.0,,0.0,-24,21.0,30,DISTRICT21,BLISTER,0.0
RDT,2024-02-01,HEALTH CENTER,232.0,242.0,8.0,765.0,405.0,3.0,27,17.0,25,DISTRICT24,PIECE,-402.0
ITN,2025-05-01,HEALTH CENTER,71.0,0.0,24.0,51.0,91.0,0.0,985,1.0,50,DISTRICT13,PIECE,-91.0
ART-SUP,2024-11-01,HEALTH CENTER,42.0,13.0,203.0,236.0,1574.0,3850.0,-122,148.0,2,DISTRICT23,CAPSULE,2276.0
ART-SUP,2024-08-01,HEALTH CENTER,234.0,0.0,45.0,47.0,755.0,0.0,159,39.0,2,DISTRICT31,CAPSULE,-755.0
PYRA-SAC,2024-02-01,DISTRICT HOSPITAL,195.0,328.0,242.0,306.0,,1.0,-293,262.0,1,DISTRICT32,SACHET,1.0
ACT-SC,2024-05-01,HEALTH CENTER,137.0,6.0,618.0,380.0,,0.0,-132,158.0,30,DISTRICT16,BLISTER,0.0
ACT-GC,2024-02-01,HEALTH CENTER,64.0,7.0,44.0,54.0,628.0,347.0,82,22.0,30,DISTRICT28,BLISTER,-281.0
ITN,2025-02-01,HEALTH CENTER,2250.0,3.0,434.0,1322.0,,3689.0,-60,129.0,50,DISTRICT5,PIECE,3689.0
PYRA-COMP,2025-11-01,HEALTH CENTER,912.0,79.0,304.0,1463.0,,387.0,-286,337.0,1,DISTRICT24,TABLET,387.0
PYRA-SAC,2024-11-01,HEALTH CENTER,2464.0,58.0,72.0,653.0,288.0,0.0,-203,14.0,1,DISTRICT9,SACHET,-288.0
ACT-AD,2024-11-01,HEALTH CENTER,2039.0,711.0,352.0,2297.0,,1059.0,273,421.0,30,DISTRICT28,BLISTER,1059.0
ART-INJ,2024-02-01,HEALTH CENTER,1127.0,0.0,263.0,188.0,1080.0,4002.0,36,251.0,5,DISTRICT20,VIAL,2922.0
ITN,2024-02-01,HEALTH CENTER,1607.0,6.0,109.0,127.0,,63.0,-421,120.0,50,DISTRICT28,PIECE,63.0
PYRA-SAC,2025-05-01,HEALTH CENTER,1738.0,350.0,583.0,2482.0,935.0,2.0,220,161.0,1,DISTRICT9,SACHET,-933.0
ACT-GC,2024-05-01,HEALTH CENTER,71.0,6.0,49.0,153.0,,225.0,181,29.0,30,DISTRICT21,BLISTER,225.0
SP,2024-05-01,HEALTH CENTER,2143.0,1.0,733.0,532.0,,151.0,209,944.0,1000,DISTRICT14,TABLET,151.0
ACT-SC,2025-02-01,HEALTH CENTER,182.0,3.0,167.0,916.0,,0.0,-140,34.0,30,DISTRICT1,BLISTER,0.0
PYRA-COMP,2025-05-01,HEALTH CENTER,375.0,89.0,192.0,702.0,,0.0,-98,62.0,1,DISTRICT36,TABLET,0.0
ART-INJ,2025-02-01,HEALTH CENTER,1266.0,617.0,573.0,1299.0,1012.0,362.0,-232,238.0,5,DISTRICT4,VIAL,-650.0
ART-SUP,2024-02-01,HEALTH CENTER,3992.0,34.0,534.0,2008.0,,2700.0,-349,844.0,2,DISTRICT30,CAPSULE,2700.0
RDT,2025-05-01,HEALTH CENTER,45.0,0.0,66.0,282.0,253.0,1.0,773,83.0,25,DISTRICT1,PIECE,-252.0
PYRA-SAC,2024-08-01,HEALTH CENTER,2035.0,8.0,381.0,2572.0,1289.0,1077.0,-544,401.0,1,DISTRICT32,SACHET,-212.0
RDT,2025-11-01,HEALTH CENTER,2.0,0.0,1.0,4.0,,388.0,-173,0.0,25,DISTRICT11,PIECE,388.0
ART-SUP,2024-05-01,HEALTH CENTER,1564.0,125.0,260.0,1730.0,1256.0,283.0,-221,464.0,2,DISTRICT8,CAPSULE,-973.0
RDT,2025-11-01,HEALTH CENTER,3482.0,1843.0,230.0,7093.0,575.0,0.0,-284,193.0,25,DISTRICT28,PIECE,-575.0
SP,2024-11-01,HEALTH CENTER,162.0,46.0,42.0,782.0,,0.0,97,73.0,1000,DISTRICT31,TABLET,0.0
ACT-AD,2025-02-01,HEALTH CENTER,89.0,0.0,78.0,54.0,203.0,1048.0,1056,6.0,30,DISTRICT35,BLISTER,845.0
ACT-AD,2024-02-01,NATIONAL HOSPITAL,2558.0,463.0,1553.0,4965.0,1080.0,635.0,-612,1108.0,30,DISTRICT33,BLISTER,-445.0
ITN,2025-08-01,HEALTH CENTER,2230.0,374.0,1055.0,2612.0,,11240.0,-856,1359.0,50,DISTRICT29,PIECE,11240.0
ACT-GC,2025-08-01,HEALTH CENTER,258.0,110.0,72.0,591.0,,1546.0,1022,59.0,30,DISTRICT21,BLISTER,1546.0
ACT-SC,2024-08-01,HEALTH CENTER,3374.0,13.0,403.0,4782.0,504.0,5.0,412,686.0,30,DISTRICT15,BLISTER,-499.0
PYRA-SAC,2025-11-01,HEALTH CENTER,1124.0,3999.0,114.0,5621.0,,366.0,-215,79.0,1,DISTRICT12,SACHET,366.0
ART-SUP,2024-08-01,DISTRICT HOSPITAL,3056.0,0.0,117.0,924.0,501.0,0.0,-867,27.0,2,DISTRICT22,CAPSULE,-501.0
ACT-GC,2024-08-01,HEALTH CENTER,1334.0,16.0,48.0,1080.0,485.0,0.0,183,17.0,30,DISTRICT36,BLISTER,-485.0
ART-INJ,2025-05-01,HEALTH CENTER,910.0,27.0,296.0,865.0,,25.0,-60,261.0,5,DISTRICT10,VIAL,25.0
ACT-AD,2025-05-01,HEALTH CENTER,135.0,33.0,50.0,327.0,786.0,31.0,-193,16.0,30,DISTRICT13,BLISTER,-755.0
QUIN,2025-02-01,HEALTH CENTER,2815.0,48.0,540.0,3179.0,,172.0,-254,573.0,1000,DISTRICT12,TABLET,172.0
ART-SUP,2025-02-01,HEALTH CENTER,986.0,154.0,150.0,437.0,1055.0,907.0,30,253.0,2,DISTRICT9,CAPSULE,-148.0
SP,2025-05-01,HEALTH CENTER,461.0,14.0,70.0,613.0,,15.0,851,88.0,1000,DISTRICT16,TABLET,15.0
ACT-SC,2025-02-01,HEALTH CENTER,257.0,467.0,182.0,393.0,,3.0,-49,142.0,30,DISTRICT1,BLISTER,3.0
ACT-INF,2025-05-01,HEALTH CENTER,104.0,2.0,66.0,981.0,417.0,57.0,879,207.0,30,DISTRICT20,BLISTER,-360.0
PYRA-SAC,2025-02-01,HEALTH CENTER,2910.0,30.0,368.0,2555.0,,300.0,-148,324.0,1,DISTRICT27,SACHET,300.0
PYRA-SAC,2024-08-01,HEALTH CENTER,195.0,291.0,24.0,310.0,,24.0,281,80.0,1,DISTRICT19,SACHET,24.0
ACT-INF,2025-05-01,HEALTH CENTER,846.0,1.0,89.0,291.0,,0.0,-565,62.0,30,DISTRICT15,BLISTER,0.0
ACT-GC,2025-08-01,HEALTH CENTER,2758.0,48.0,607.0,3188.0,,1.0,674,246.0,30,DISTRICT32,BLISTER,1.0
ACT-AD,2024-11-01,HEALTH CENTER,1329.0,2404.0,919.0,4634.0,,390.0,46,887.0,30,DISTRICT16,BLISTER,390.0
RDT,2024-08-01,HEALTH CENTER,1417.0,0.0,77.0,1119.0,,0.0,695,186.0,25,DISTRICT16,PIECE,0.0
ART-SUP,2024-02-01,HEALTH CENTER,237.0,144.0,43.0,263.0,,90.0,-663,40.0,2,DISTRICT15,CAPSULE,90.0
PYRA-COMP,2024-05-01,HEALTH CENTER,80.0,318.0,168.0,962.0,,5.0,-202,143.0,1,DISTRICT35,TABLET,5.0
PYRA-COMP,2025-05-01,HEALTH CENTER,573.0,615.0,61.0,338.0,,311.0,116,58.0,1,DISTRICT33,TABLET,311.0
ACT-SC,2024-02-01,DISTRICT HOSPITAL,1502.0,800.0,842.0,2193.0,,847.0,609,556.0,30,DISTRICT26,BLISTER,847.0
ART-INJ,2025-08-01,HEALTH CENTER,3886.0,69.0,1005.0,5246.0,,2.0,615,473.0,5,DISTRICT36,VIAL,2.0
RDT,2024-08-01,HEALTH CENTER,252.0,0.0,218.0,216.0,,400.0,491,164.0,25,DISTRICT26,PIECE,400.0
RDT,2024-11-01,HEALTH CENTER,1588.0,14.0,97.0,2160.0,,0.0,187,30.0,25,DISTRICT7,PIECE,0.0
ACT-SC,2025-05-01,DISTRICT HOSPITAL,692.0,5.0,23.0,1121.0,,0.0,797,15.0,30,DISTRICT17,BLISTER,0.0
ART-SUP,2024-02-01,HEALTH CENTER,32.0,740.0,171.0,141.0,,1173.0,284,359.0,2,DISTRICT29,CAPSULE,1173.0
ITN,2025-08-01,HEALTH CENTER,83.0,0.0,76.0,141.0,,1.0,870,93.0,50,DISTRICT28,PIECE,1.0
ACT-INF,2025-02-01,HEALTH CENTER,1537.0,351.0,452.0,1626.0,565.0,183.0,-325,530.0,30,DISTRICT1,BLISTER,-382.0
PYRA-COMP,2025-08-01,HEALTH CENTER,5.0,113.0,17.0,220.0,675.0,0.0,1019,5.0,1,DISTRICT21,TABLET,-675.0
ACT-AD,2024-11-01,HEALTH CENTER,1822.0,1.0,275.0,2141.0,551.0,0.0,-654,211.0,30,DISTRICT30,BLISTER,-551.0
ACT-GC,2024-05-01,HEALTH CENTER,487.0,0.0,13.0,780.0,,0.0,814,4.0,30,DISTRICT29,BLISTER,0.0
RDT,2024-02-01,HEALTH CENTER,2.0,58.0,7.0,10.0,121.0,1.0,57,0.0,25,DISTRICT11,PIECE,-120.0
PYRA-SAC,2024-08-01,HEALTH CENTER,819.0,54.0,398.0,1022.0,,2657.0,-571,329.0,1,DISTRICT22,SACHET,2657.0
ITN,2025-02-01,HEALTH CENTER,2444.0,352.0,218.0,1723.0,,0.0,284,80.0,50,DISTRICT20,PIECE,0.0
ITN,2024-08-01,HEALTH CENTER,870.0,0.0,135.0,578.0,,0.0,-569,61.0,50,DISTRICT7,PIECE,0.0
ACT-AD,2024-08-01,HEALTH CENTER,455.0,158.0,185.0,25.0,1258.0,224.0,396,57.0,30,DISTRICT29,BLISTER,-1034.0
ACT-GC,2024-05-01,HEALTH CENTER,667.0,49.0,184.0,549.0,,2.0,247,95.0,30,DISTRICT23,BLISTER,2.0
PYRA-SAC,2024-11-01,HEALTH CENTER,630.0,2268.0,342.0,1745.0,,5.0,-354,557.0,1,DISTRICT36,SACHET,5.0
ART-INJ,2024-08-01,HEALTH CENTER,2605.0,163.0,899.0,2971.0,,156.0,-37,649.0,5,DISTRICT21,VIAL,156.0
PYRA-COMP,2025-02-01,HEALTH CENTER,604.0,1.0,112.0,2062.0,,587.0,885,62.0,1,DISTRICT38,TABLET,587.0
ACT-GC,2025-11-01,HEALTH CENTER,315.0,42.0,89.0,134.0,1107.0,9.0,-472,8.0,30,DISTRICT23,BLISTER,-1098.0
PYRA-COMP,2025-11-01,HEALTH CENTER,2743.0,0.0,291.0,1094.0,,3234.0,827,52.0,1,DISTRICT6,TABLET,3234.0
ITN,2024-02-01,HEALTH CENTER,643.0,430.0,127.0,1344.0,,0.0,-23,77.0,50,DISTRICT1,PIECE,0.0
PYRA-COMP,2024-08-01,HEALTH CENTER,131.0,3.0,24.0,259.0,,13.0,-516,3.0,1,DISTRICT33,TABLET,13.0
PYRA-COMP,2024-05-01,HEALTH CENTER,332.0,27.0,101.0,389.0,,2643.0,718,55.0,1,DISTRICT4,TABLET,2643.0
SP,2024-08-01,NATIONAL HOSPITAL,4723.0,142.0,481.0,2767.0,,0.0,647,306.0,1000,DISTRICT14,TABLET,0.0
ART-INJ,2025-11-01,HEALTH CENTER,886.0,0.0,237.0,542.0,145.0,0.0,-117,185.0,5,DISTRICT14,VIAL,-145.0
ART-SUP,2024-05-01,HEALTH CENTER,664.0,73.0,133.0,256.0,1232.0,0.0,242,26.0,2,DISTRICT16,CAPSULE,-1232.0
ACT-SC,2025-11-01,HEALTH CENTER,42.0,2.0,15.0,95.0,365.0,0.0,452,5.0,30,DISTRICT23,BLISTER,-365.0
ACT-INF,2025-02-01,HEALTH CENTER,1394.0,168.0,422.0,968.0,,524.0,-284,283.0,30,DISTRICT19,BLISTER,524.0
PYRA-SAC,2024-02-01,HEALTH CENTER,226.0,0.0,2.0,36.0,,8.0,-6,1.0,1,DISTRICT8,SACHET,8.0
ACT-SC,2025-02-01,HEALTH CENTER,1529.0,94.0,284.0,1613.0,334.0,160.0,405,324.0,30,DISTRICT29,BLISTER,-174.0
ITN,2025-08-01,HEALTH CENTER,1162.0,0.0,575.0,336.0,,2821.0,158,82.0,50,DISTRICT23,PIECE,2821.0
ITN,2024-11-01,HEALTH CENTER,794.0,0.0,634.0,409.0,,51.0,-361,74.0,50,DISTRICT28,PIECE,51.0
RDT,2025-08-01,HEALTH CENTER,12.0,1.0,9.0,59.0,527.0,608.0,215,2.0,25,DISTRICT9,PIECE,81.0
SP,2025-05-01,HEALTH CENTER,844.0,11.0,25.0,1735.0,,32.0,-491,2.0,1000,DISTRICT18,TABLET,32.0
ART-SUP,2024-08-01,HEALTH CENTER,1034.0,1.0,176.0,1878.0,,0.0,427,62.0,2,DISTRICT20,CAPSULE,0.0
SP,2025-05-01,HEALTH CENTER,98.0,0.0,3.0,91.0,,1.0,-109,9.0,1000,DISTRICT15,TABLET,1.0
RDT,2025-05-01,HEALTH CENTER,1156.0,6.0,29.0,450.0,,251.0,-353,18.0,25,DISTRICT3,PIECE,251.0
RDT,2024-08-01,HEALTH CENTER,184.0,2.0,135.0,682.0,,1.0,172,97.0,25,DISTRICT37,PIECE,1.0
ACT-AD,2024-11-01,HEALTH CENTER,26.0,0.0,36.0,76.0,,11.0,433,3.0,30,DISTRICT28,BLISTER,11.0
ACT-INF,2025-02-01,HEALTH CENTER,2114.0,10.0,429.0,881.0,,619.0,-376,663.0,30,DISTRICT4,BLISTER,619.0
PYRA-COMP,2024-08-01,HEALTH CENTER,587.0,19.0,35.0,84.0,,166.0,-624,63.0,1,DISTRICT12,TABLET,166.0
QUIN,2024-02-01,HEALTH CENTER,1198.0,3.0,342.0,1096.0,427.0,494.0,686,123.0,1000,DISTRICT29,TABLET,67.0
ACT-SC,2025-05-01,HEALTH CENTER,4081.0,23.0,476.0,1272.0,232.0,2.0,-958,114.0,30,DISTRICT26,BLISTER,-230.0
ACT-AD,2024-11-01,HEALTH CENTER,258.0,5.0,303.0,703.0,,0.0,-409,81.0,30,DISTRICT12,BLISTER,0.0
ART-SUP,2024-05-01,HEALTH CENTER,778.0,17.0,49.0,676.0,,0.0,753,12.0,2,DISTRICT31,CAPSULE,0.0
ITN,2024-02-01,HEALTH CENTER,82.0,66.0,40.0,20.0,,1.0,-973,5.0,50,DISTRICT16,PIECE,1.0
QUIN,2025-05-01,HEALTH CENTER,180.0,2.0,47.0,15.0,,1009.0,1,14.0,1000,DISTRICT16,TABLET,1009.0
RDT,2024-05-01,HEALTH CENTER,29.0,3.0,223.0,58.0,436.0,36.0,236,153.0,25,DISTRICT36,PIECE,-400.0
PYRA-SAC,2024-11-01,HEALTH CENTER,1858.0,631.0,109.0,633.0,,758.0,395,41.0,1,DISTRICT30,SACHET,758.0
RDT,2024-02-01,HEALTH CENTER,3.0,35.0,30.0,5.0,607.0,106.0,-788,13.0,25,DISTRICT5,PIECE,-501.0
ART-SUP,2024-05-01,HEALTH CENTER,222.0,210.0,51.0,193.0,,17.0,252,27.0,2,DISTRICT26,CAPSULE,17.0
ACT-AD,2025-05-01,HEALTH CENTER,219.0,0.0,17.0,45.0,,2.0,315,1.0,30,DISTRICT23,BLISTER,2.0
ACT-GC,2024-05-01,HEALTH CENTER,152.0,0.0,36.0,40.0,,676.0,-52,31.0,30,DISTRICT21,BLISTER,676.0
PYRA-COMP,2025-05-01,HEALTH CENTER,9423.0,654.0,1622.0,8568.0,,49.0,-602,1729.0,1,DISTRICT27,TABLET,49.0
RDT,2025-11-01,HEALTH CENTER,2369.0,6.0,425.0,1583.0,530.0,5941.0,-633,240.0,25,DISTRICT11,PIECE,5411.0
ACT-INF,2025-05-01,HEALTH CENTER,2224.0,207.0,575.0,2648.0,2476.0,145.0,-223,384.0,30,DISTRICT21,BLISTER,-2331.0
PYRA-SAC,2025-02-01,HEALTH CENTER,440.0,3.0,122.0,523.0,,71.0,672,10.0,1,DISTRICT21,SACHET,71.0
ACT-GC,2025-02-01,HEALTH CENTER,449.0,1.0,65.0,76.0,,1797.0,-247,13.0,30,DISTRICT10,BLISTER,1797.0
ART-SUP,2024-05-01,HEALTH CENTER,100.0,302.0,400.0,453.0,,3062.0,-269,282.0,2,DISTRICT13,CAPSULE,3062.0
QUIN,2025-08-01,HEALTH CENTER,1989.0,1.0,338.0,915.0,,0.0,-244,463.0,1000,DISTRICT1,TABLET,0.0
ACT-GC,2024-02-01,HEALTH CENTER,1463.0,0.0,87.0,878.0,,0.0,-840,12.0,30,DISTRICT29,BLISTER,0.0
RDT,2025-11-01,HEALTH CENTER,1642.0,120.0,116.0,1163.0,,0.0,-649,103.0,25,DISTRICT24,PIECE,0.0
ACT-SC,2024-11-01,HEALTH CENTER,72.0,0.0,3.0,99.0,,1.0,163,3.0,30,DISTRICT36,BLISTER,1.0
PYRA-SAC,2024-05-01,HEALTH CENTER,1859.0,262.0,1252.0,1977.0,434.0,1013.0,-49,990.0,1,DISTRICT30,SACHET,579.0
ART-SUP,2025-05-01,HEALTH CENTER,302.0,25.0,461.0,168.0,,751.0,-225,259.0,2,DISTRICT26,CAPSULE,751.0
PYRA-COMP,2024-08-01,HEALTH CENTER,984.0,0.0,267.0,280.0,,2.0,-260,112.0,1,DISTRICT13,TABLET,2.0
SP,2025-08-01,HEALTH CENTER,498.0,668.0,301.0,879.0,,3320.0,432,1056.0,1000,DISTRICT25,TABLET,3320.0
ACT-AD,2024-08-01,DISTRICT HOSPITAL,1359.0,1.0,593.0,841.0,,1203.0,-231,454.0,30,DISTRICT5,BLISTER,1203.0
ART-SUP,2025-11-01,HEALTH CENTER,1010.0,5.0,178.0,1125.0,,0.0,-811,78.0,2,DISTRICT26,CAPSULE,0.0
ACT-AD,2024-08-01,HEALTH CENTER,243.0,175.0,24.0,287.0,,0.0,-43,29.0,30,DISTRICT2,BLISTER,0.0
PYRA-SAC,2025-08-01,HEALTH CENTER,763.0,1.0,88.0,2414.0,430.0,4.0,-504,28.0,1,DISTRICT31,SACHET,-426.0
PYRA-COMP,2024-08-01,HEALTH CENTER,1151.0,9.0,76.0,53.0,502.0,0.0,36,46.0,1,DISTRICT25,TABLET,-502.0
QUIN,2025-08-01,HEALTH CENTER,984.0,1.0,237.0,500.0,433.0,1.0,-23,164.0,1000,DISTRICT14,TABLET,-432.0
QUIN,2024-05-01,HEALTH CENTER,5.0,1.0,2.0,29.0,493.0,0.0,366,0.0,1000,DISTRICT7,TABLET,-493.0
PYRA-SAC,2025-02-01,HEALTH CENTER,1095.0,13.0,439.0,1496.0,786.0,217.0,26,332.0,1,DISTRICT29,SACHET,-569.0
ACT-INF,2025-02-01,HEALTH CENTER,1838.0,97.0,811.0,2149.0,1393.0,376.0,240,778.0,30,DISTRICT14,BLISTER,-1017.0
PYRA-SAC,2024-02-01,HEALTH CENTER,103.0,1137.0,92.0,265.0,,252.0,-12,32.0,1,DISTRICT23,SACHET,252.0
ACT-SC,2024-05-01,HEALTH CENTER,595.0,9.0,143.0,442.0,341.0,3.0,-569,29.0,30,DISTRICT20,BLISTER,-338.0
SP,2025-11-01,HEALTH CENTER,1795.0,1.0,304.0,1600.0,258.0,2.0,-265,232.0,1000,DISTRICT15,TABLET,-256.0
ACT-AD,2024-11-01,HEALTH CENTER,82.0,39.0,233.0,522.0,,712.0,-286,232.0,30,DISTRICT25,BLISTER,712.0
QUIN,2024-05-01,HEALTH CENTER,51.0,3.0,48.0,4.0,,133.0,-447,41.0,1000,DISTRICT2,TABLET,133.0
ACT-INF,2024-11-01,HEALTH CENTER,3869.0,0.0,1079.0,3136.0,831.0,3417.0,-138,1327.0,30,DISTRICT9,BLISTER,2586.0
PYRA-SAC,2024-11-01,HEALTH CENTER,122.0,1368.0,134.0,20.0,,247.0,465,37.0,1,DISTRICT16,SACHET,247.0
SP,2024-11-01,HEALTH CENTER,697.0,3.0,99.0,2987.0,1122.0,12.0,175,57.0,1000,DISTRICT20,TABLET,-1110.0
ART-INJ,2024-02-01,HEALTH CENTER,618.0,197.0,219.0,666.0,,0.0,274,92.0,5,DISTRICT33,VIAL,0.0
ACT-INF,2025-05-01,HEALTH CENTER,27.0,0.0,43.0,5.0,,1216.0,29,6.0,30,DISTRICT1,BLISTER,1216.0
ART-INJ,2025-08-01,HEALTH CENTER,535.0,4.0,259.0,985.0,341.0,647.0,289,479.0,5,DISTRICT15,VIAL,306.0
RDT,2025-08-01,HEALTH CENTER,537.0,0.0,45.0,49.0,,32.0,-150,33.0,25,DISTRICT28,PIECE,32.0
ACT-AD,2025-02-01,HEALTH CENTER,2.0,183.0,64.0,90.0,1213.0,597.0,-282,58.0,30,DISTRICT6,BLISTER,-616.0
ITN,2024-05-01,HEALTH CENTER,4.0,14.0,2.0,10.0,,0.0,148,2.0,50,DISTRICT25,PIECE,0.0
ITN,2024-02-01,HEALTH CENTER,909.0,125.0,316.0,819.0,,71.0,-1069,503.0,50,DISTRICT12,PIECE,71.0
ACT-GC,2024-05-01,HEALTH CENTER,623.0,0.0,166.0,956.0,,0.0,-102,68.0,30,DISTRICT3,BLISTER,0.0
ART-INJ,2024-05-01,HEALTH CENTER,188.0,59.0,91.0,145.0,,13.0,-74,190.0,5,DISTRICT28,VIAL,13.0
QUIN,2024-02-01,HEALTH CENTER,268.0,0.0,31.0,140.0,,2753.0,308,23.0,1000,DISTRICT27,TABLET,2753.0
ART-INJ,2024-05-01,HEALTH CENTER,2138.0,0.0,827.0,1278.0,,4852.0,-463,591.0,5,DISTRICT32,VIAL,4852.0
SP,2025-08-01,HEALTH CENTER,942.0,64.0,524.0,517.0,,11869.0,-599,334.0,1000,DISTRICT33,TABLET,11869.0
ACT-GC,2025-05-01,HEALTH CENTER,216.0,497.0,223.0,1143.0,759.0,0.0,-288,91.0,30,DISTRICT4,BLISTER,-759.0
ITN,2025-02-01,HEALTH CENTER,3.0,1.0,0.0,72.0,,0.0,624,0.0,50,DISTRICT31,PIECE,0.0
QUIN,2025-05-01,HEALTH CENTER,392.0,1.0,68.0,390.0,,44.0,-112,27.0,1000,DISTRICT23,TABLET,44.0
QUIN,2024-11-01,HEALTH CENTER,12.0,28.0,161.0,48.0,,97.0,-484,50.0,1000,DISTRICT32,TABLET,97.0
ACT-INF,2025-02-01,HEALTH CENTER,2387.0,225.0,231.0,2213.0,388.0,16.0,-436,344.0,30,DISTRICT26,BLISTER,-372.0
ART-INJ,2025-02-01,HEALTH CENTER,938.0,159.0,319.0,1179.0,708.0,2.0,-202,352.0,5,DISTRICT13,VIAL,-706.0
PYRA-COMP,2024-05-01,HEALTH CENTER,287.0,51.0,86.0,1029.0,,1.0,848,11.0,1,DISTRICT25,TABLET,1.0
PYRA-SAC,2024-08-01,HEALTH CENTER,2071.0,1262.0,439.0,4095.0,,416.0,-386,905.0,1,DISTRICT16,SACHET,416.0
ACT-SC,2025-05-01,HEALTH CENTER,285.0,0.0,86.0,120.0,,131.0,-377,87.0,30,DISTRICT30,BLISTER,131.0
QUIN,2025-05-01,HEALTH CENTER,1545.0,18.0,160.0,1030.0,,0.0,855,172.0,1000,DISTRICT27,TABLET,0.0
ACT-AD,2024-02-01,HEALTH CENTER,836.0,0.0,109.0,132.0,,0.0,732,42.0,30,DISTRICT31,BLISTER,0.0
PYRA-COMP,2025-08-01,DISTRICT HOSPITAL,1760.0,534.0,819.0,2790.0,,855.0,0,1114.0,1,DISTRICT3,TABLET,855.0
ACT-INF,2025-02-01,HEALTH CENTER,5092.0,144.0,1148.0,2277.0,,0.0,554,502.0,30,DISTRICT27,BLISTER,0.0
SP,2025-11-01,HEALTH CENTER,336.0,70.0,99.0,364.0,,9666.0,-232,31.0,1000,DISTRICT8,TABLET,9666.0
PYRA-SAC,2024-11-01,DISTRICT HOSPITAL,713.0,139.0,242.0,1524.0,,54.0,460,59.0,1,DISTRICT10,SACHET,54.0
SP,2024-02-01,HEALTH CENTER,147.0,123.0,171.0,215.0,,1154.0,-956,231.0,1000,DISTRICT38,TABLET,1154.0
ACT-AD,2025-08-01,HEALTH CENTER,145.0,102.0,200.0,260.0,,98.0,203,353.0,30,DISTRICT6,BLISTER,98.0
ART-INJ,2025-02-01,HEALTH CENTER,586.0,2.0,131.0,215.0,,0.0,-255,154.0,5,DISTRICT7,VIAL,0.0
ITN,2024-02-01,HEALTH CENTER,906.0,0.0,131.0,698.0,,212.0,8,304.0,50,DISTRICT6,PIECE,212.0
PYRA-COMP,2025-11-01,HEALTH CENTER,1171.0,2696.0,112.0,2416.0,,0.0,-549,34.0,1,DISTRICT32,TABLET,0.0
PYRA-SAC,2025-11-01,HEALTH CENTER,697.0,60.0,215.0,1097.0,,0.0,-191,11.0,1,DISTRICT28,SACHET,0.0
ITN,2024-05-01,HEALTH CENTER,1412.0,0.0,85.0,440.0,,3.0,473,72.0,50,DISTRICT24,PIECE,3.0
RDT,2025-08-01,HEALTH CENTER,431.0,49.0,216.0,111.0,,7789.0,433,408.0,25,DISTRICT1,PIECE,7789.0
SP,2024-08-01,HEALTH CENTER,29.0,0.0,8.0,31.0,,132.0,934,0.0,1000,DISTRICT24,TABLET,132.0
ACT-AD,2024-08-01,HEALTH CENTER,128.0,16.0,95.0,39.0,1667.0,13441.0,214,112.0,30,DISTRICT5,BLISTER,11774.0
ACT-GC,2025-08-01,HEALTH CENTER,276.0,76.0,150.0,1077.0,,134.0,19,90.0,30,DISTRICT14,BLISTER,134.0
ART-SUP,2024-05-01,HEALTH CENTER,539.0,0.0,110.0,610.0,938.0,113.0,-474,14.0,2,DISTRICT9,CAPSULE,-825.0
ART-SUP,2024-05-01,HEALTH CENTER,1078.0,0.0,258.0,414.0,224.0,1190.0,-66,232.0,2,DISTRICT3,CAPSULE,966.0
ITN,2024-11-01,HEALTH CENTER,439.0,0.0,78.0,168.0,,242.0,233,24.0,50,DISTRICT29,PIECE,242.0
ART-INJ,2024-05-01,HEALTH CENTER,9.0,0.0,4.0,2.0,,40.0,-555,0.0,5,DISTRICT12,VIAL,40.0
QUIN,2025-05-01,HEALTH CENTER,164.0,9.0,60.0,587.0,,5.0,58,33.0,1000,DISTRICT30,TABLET,5.0
PYRA-COMP,2025-08-01,HEALTH CENTER,173.0,25.0,111.0,537.0,,62.0,-430,145.0,1,DISTRICT20,TABLET,62.0
RDT,2024-02-01,HEALTH CENTER,381.0,64.0,271.0,388.0,,2328.0,-296,299.0,25,DISTRICT19,PIECE,2328.0
ITN,2024-05-01,HEALTH CENTER,1078.0,147.0,374.0,3254.0,,858.0,158,290.0,50,DISTRICT20,PIECE,858.0
ART-SUP,2024-08-01,HEALTH CENTER,239.0,4.0,30.0,162.0,1976.0,0.0,446,9.0,2,DISTRICT9,CAPSULE,-1976.0
ART-INJ,2024-08-01,HEALTH CENTER,160.0,227.0,15.0,403.0,,0.0,577,14.0,5,DISTRICT28,VIAL,0.0
ACT-AD,2024-11-01,HEALTH CENTER,1606.0,40.0,347.0,936.0,,0.0,-120,388.0,30,DISTRICT23,BLISTER,0.0
ART-SUP,2024-11-01,DISTRICT HOSPITAL,1584.0,591.0,71.0,980.0,,8.0,-336,77.0,2,DISTRICT19,CAPSULE,8.0
PYRA-COMP,2024-08-01,HEALTH CENTER,1342.0,5.0,248.0,2884.0,,208.0,219,175.0,1,DISTRICT28,TABLET,208.0
ACT-INF,2024-02-01,HEALTH CENTER,589.0,100.0,218.0,4052.0,,57.0,-179,201.0,30,DISTRICT3,BLISTER,57.0
ART-SUP,2025-05-01,HEALTH CENTER,288.0,0.0,22.0,102.0,,931.0,-94,39.0,2,DISTRICT32,CAPSULE,931.0
ART-SUP,2024-05-01,HEALTH CENTER,2426.0,59.0,759.0,2056.0,,7071.0,-172,1071.0,2,DISTRICT17,CAPSULE,7071.0
RDT,2024-02-01,HEALTH CENTER,955.0,219.0,396.0,254.0,,4051.0,69,370.0,25,DISTRICT6,PIECE,4051.0
SP,2025-05-01,HEALTH CENTER,3480.0,42.0,1815.0,2322.0,,29.0,-717,1433.0,1000,DISTRICT19,TABLET,29.0
PYRA-COMP,2025-02-01,HEALTH CENTER,1767.0,1.0,196.0,250.0,,772.0,-227,29.0,1,DISTRICT31,TABLET,772.0
ACT-AD,2025-11-01,HEALTH CENTER,890.0,142.0,577.0,2343.0,,983.0,-639,477.0,30,DISTRICT15,BLISTER,983.0
SP,2025-05-01,HEALTH CENTER,218.0,0.0,12.0,301.0,297.0,0.0,-303,0.0,1000,DISTRICT38,TABLET,-297.0
ACT-GC,2025-02-01,HEALTH CENTER,2206.0,9.0,395.0,810.0,705.0,1213.0,39,571.0,30,DISTRICT1,BLISTER,508.0
ART-INJ,2025-02-01,HEALTH CENTER,675.0,228.0,93.0,432.0,856.0,6.0,-208,10.0,5,DISTRICT30,VIAL,-850.0
PYRA-SAC,2024-02-01,HEALTH CENTER,3223.0,4.0,765.0,2075.0,1170.0,52.0,51,515.0,1,DISTRICT8,SACHET,-1118.0
ITN,2025-08-01,HEALTH CENTER,566.0,118.0,213.0,370.0,,4030.0,840,195.0,50,DISTRICT15,PIECE,4030.0
ART-SUP,2024-05-01,HEALTH CENTER,14.0,49.0,44.0,102.0,525.0,0.0,-622,16.0,2,DISTRICT30,CAPSULE,-525.0
ACT-SC,2025-08-01,HEALTH CENTER,222.0,0.0,100.0,361.0,,1.0,347,100.0,30,DISTRICT35,BLISTER,1.0
ACT-INF,2025-05-01,HEALTH CENTER,1776.0,768.0,371.0,4792.0,,4.0,-413,238.0,30,DISTRICT22,BLISTER,4.0
ART-INJ,2024-02-01,HEALTH CENTER,1470.0,6.0,286.0,1042.0,,0.0,-274,224.0,5,DISTRICT13,VIAL,0.0
ACT-INF,2024-08-01,HEALTH CENTER,0.0,0.0,6.0,29.0,,0.0,467,1.0,30,DISTRICT28,BLISTER,0.0
ACT-SC,2024-02-01,HEALTH CENTER,1146.0,0.0,127.0,1312.0,,2008.0,582,112.0,30,DISTRICT16,BLISTER,2008.0
ACT-AD,2025-08-01,HEALTH CENTER,1037.0,443.0,448.0,2722.0,,68.0,544,229.0,30,DISTRICT31,BLISTER,68.0
RDT,2024-08-01,HEALTH CENTER,3.0,117.0,7.0,7.0,,2732.0,94,2.0,25,DISTRICT27,PIECE,2732.0
ACT-AD,2025-11-01,HEALTH CENTER,1979.0,0.0,523.0,926.0,,11.0,-192,377.0,30,DISTRICT14,BLISTER,11.0
ACT-SC,2025-08-01,HEALTH CENTER,22.0,17.0,17.0,4.0,220.0,48.0,39,2.0,30,DISTRICT13,BLISTER,-172.0
ART-SUP,2024-11-01,HEALTH CENTER,49.0,0.0,5.0,15.0,,100.0,185,0.0,2,DISTRICT3,CAPSULE,100.0
RDT,2024-05-01,HEALTH CENTER,1632.0,0.0,877.0,1461.0,,2654.0,209,490.0,25,DISTRICT32,PIECE,2654.0
RDT,2024-02-01,HEALTH CENTER,271.0,50.0,85.0,512.0,1328.0,16.0,39,20.0,25,DISTRICT36,PIECE,-1312.0
ACT-GC,2025-02-01,HEALTH CENTER,6534.0,149.0,300.0,6285.0,,0.0,326,224.0,30,DISTRICT25,BLISTER,0.0
ACT-SC,2025-11-01,HEALTH CENTER,3108.0,322.0,533.0,2606.0,1072.0,856.0,-228,712.0,30,DISTRICT24,BLISTER,-216.0
PYRA-SAC,2024-05-01,HEALTH CENTER,219.0,284.0,77.0,876.0,160.0,0.0,-113,13.0,1,DISTRICT31,SACHET,-160.0
ITN,2025-02-01,DISTRICT HOSPITAL,1579.0,4.0,832.0,1268.0,772.0,11302.0,-293,1885.0,50,DISTRICT14,PIECE,10530.0
PYRA-COMP,2024-11-01,HEALTH CENTER,520.0,0.0,316.0,2250.0,,0.0,833,36.0,1,DISTRICT10,TABLET,0.0
ART-SUP,2025-02-01,HEALTH CENTER,3660.0,70.0,830.0,3967.0,,391.0,222,1004.0,2,DISTRICT32,CAPSULE,391.0
ACT-INF,2024-08-01,HEALTH CENTER,1263.0,0.0,530.0,504.0,,1021.0,-22,280.0,30,DISTRICT19,BLISTER,1021.0
PYRA-SAC,2025-05-01,HEALTH CENTER,0.0,67.0,0.0,9.0,,1.0,-361,1.0,1,DISTRICT16,SACHET,1.0
ACT-AD,2024-02-01,DISTRICT HOSPITAL,235.0,0.0,108.0,575.0,,143.0,30,73.0,30,DISTRICT32,BLISTER,143.0
ITN,2024-05-01,HEALTH CENTER,970.0,71.0,557.0,2768.0,,0.0,800,337.0,50,DISTRICT35,PIECE,0.0
ACT-SC,2025-02-01,HEALTH CENTER,642.0,9.0,350.0,419.0,,51.0,-571,167.0,30,DISTRICT20,BLISTER,51.0
PYRA-SAC,2025-08-01,HEALTH CENTER,806.0,478.0,260.0,1941.0,,7.0,-1149,63.0,1,DISTRICT9,SACHET,7.0
ART-SUP,2024-11-01,DISTRICT HOSPITAL,521.0,2.0,168.0,203.0,,0.0,326,46.0,2,DISTRICT20,CAPSULE,0.0
ITN,2024-11-01,HEALTH CENTER,554.0,0.0,657.0,330.0,,663.0,-123,803.0,50,DISTRICT8,PIECE,663.0
QUIN,2025-08-01,HEALTH CENTER,2526.0,24.0,457.0,2811.0,2468.0,667.0,-271,726.0,1000,DISTRICT13,TABLET,-1801.0
ACT-GC,2025-05-01,DISTRICT HOSPITAL,233.0,0.0,21.0,92.0,1245.0,1460.0,-945,5.0,30,DISTRICT15,BLISTER,215.0
ITN,2025-02-01,HEALTH CENTER,1229.0,134.0,252.0,3589.0,522.0,0.0,-411,171.0,50,DISTRICT3,PIECE,-522.0
ART-SUP,2024-11-01,REGIONAL HOSPITAL,562.0,228.0,872.0,1532.0,,1838.0,-825,647.0,2,DISTRICT28,CAPSULE,1838.0
ACT-AD,2025-11-01,HEALTH CENTER,6114.0,3.0,1486.0,845.0,1309.0,2385.0,829,1342.0,30,DISTRICT6,BLISTER,1076.0
SP,2025-08-01,HEALTH CENTER,1168.0,0.0,280.0,923.0,722.0,89.0,-56,28.0,1000,DISTRICT20,TABLET,-633.0
ACT-GC,2025-08-01,HEALTH CENTER,387.0,2.0,351.0,185.0,,2602.0,137,116.0,30,DISTRICT8,BLISTER,2602.0
QUIN,2024-08-01,HEALTH CENTER,5.0,0.0,8.0,36.0,,0.0,194,0.0,1000,DISTRICT7,TABLET,0.0
ACT-SC,2025-05-01,HEALTH CENTER,50.0,1.0,3.0,16.0,657.0,0.0,-320,3.0,30,DISTRICT23,BLISTER,-657.0
PYRA-COMP,2024-08-01,HEALTH CENTER,1870.0,0.0,371.0,1116.0,,4325.0,34,237.0,1,DISTRICT8,TABLET,4325.0
ACT-AD,2025-02-01,HEALTH CENTER,74.0,0.0,2.0,6.0,,0.0,-399,0.0,30,DISTRICT17,BLISTER,0.0
ACT-SC,2024-11-01,HEALTH CENTER,21.0,2.0,6.0,9.0,,13.0,-435,4.0,30,DISTRICT37,BLISTER,13.0
RDT,2024-05-01,HEALTH CENTER,256.0,0.0,61.0,434.0,,61.0,399,49.0,25,DISTRICT23,PIECE,61.0
PYRA-SAC,2024-05-01,HEALTH CENTER,561.0,321.0,396.0,2125.0,,176.0,182,498.0,1,DISTRICT9,SACHET,176.0
ART-SUP,2024-08-01,HEALTH CENTER,2.0,7.0,5.0,18.0,857.0,25.0,-501,12.0,2,DISTRICT30,CAPSULE,-832.0
QUIN,2024-11-01,HEALTH CENTER,206.0,1.0,66.0,199.0,562.0,2.0,-163,44.0,1000,DISTRICT31,TABLET,-560.0
ACT-INF,2025-11-01,HEALTH CENTER,593.0,2.0,53.0,917.0,,1.0,547,24.0,30,DISTRICT33,BLISTER,1.0
ACT-SC,2025-08-01,HEALTH CENTER,1044.0,0.0,113.0,319.0,,155.0,-269,70.0,30,DISTRICT21,BLISTER,155.0
SP,2025-05-01,HEALTH CENTER,348.0,3.0,219.0,472.0,,2155.0,678,81.0,1000,DISTRICT29,TABLET,2155.0
ACT-INF,2024-02-01,HEALTH CENTER,552.0,0.0,54.0,141.0,,20.0,-485,12.0,30,DISTRICT31,BLISTER,20.0
ART-SUP,2025-08-01,HEALTH CENTER,1152.0,0.0,198.0,566.0,,21.0,195,128.0,2,DISTRICT7,CAPSULE,21.0
ACT-GC,2025-11-01,HEALTH CENTER,228.0,0.0,55.0,342.0,,3.0,0,18.0,30,DISTRICT28,BLISTER,3.0
PYRA-SAC,2025-08-01,HEALTH CENTER,5126.0,325.0,1382.0,3114.0,,8735.0,-259,1431.0,1,DISTRICT23,SACHET,8735.0
ACT-INF,2024-02-01,HEALTH CENTER,1377.0,91.0,350.0,2355.0,1045.0,115.0,-1050,80.0,30,DISTRICT35,BLISTER,-930.0
QUIN,2024-02-01,HEALTH CENTER,382.0,1.0,55.0,367.0,,0.0,211,68.0,1000,DISTRICT32,TABLET,0.0
ACT-SC,2024-08-01,HEALTH CENTER,301.0,0.0,244.0,172.0,,14.0,-143,64.0,30,DISTRICT31,BLISTER,14.0
PYRA-SAC,2024-08-01,HEALTH CENTER,103.0,1073.0,113.0,70.0,813.0,3.0,-66,64.0,1,DISTRICT33,SACHET,-810.0
PYRA-SAC,2024-11-01,HEALTH CENTER,574.0,0.0,156.0,536.0,,0.0,58,29.0,1,DISTRICT20,SACHET,0.0
ITN,2025-05-01,HEALTH CENTER,714.0,0.0,60.0,139.0,84.0,0.0,-94,13.0,50,DISTRICT31,PIECE,-84.0
ACT-SC,2024-08-01,DISTRICT HOSPITAL,2.0,5.0,7.0,55.0,724.0,0.0,242,3.0,30,DISTRICT21,BLISTER,-724.0
ART-SUP,2025-02-01,HEALTH CENTER,3157.0,66.0,1263.0,3045.0,,7709.0,219,568.0,2,DISTRICT28,CAPSULE,7709.0
SP,2025-08-01,HEALTH CENTER,202.0,67.0,88.0,769.0,,0.0,610,52.0,1000,DISTRICT6,TABLET,0.0
PYRA-SAC,2025-02-01,HEALTH CENTER,660.0,60.0,87.0,598.0,,1.0,169,45.0,1,DISTRICT20,SACHET,1.0
RDT,2024-08-01,HEALTH CENTER,386.0,0.0,49.0,455.0,,1088.0,288,71.0,25,DISTRICT21,PIECE,1088.0
PYRA-COMP,2025-02-01,HEALTH CENTER,114.0,1.0,274.0,5.0,,863.0,101,86.0,1,DISTRICT9,TABLET,863.0
RDT,2025-08-01,HEALTH CENTER,2732.0,3304.0,840.0,10285.0,,240.0,-667,714.0,25,DISTRICT14,PIECE,240.0
ACT-INF,2024-05-01,DISTRICT HOSPITAL,5673.0,294.0,1048.0,4448.0,1831.0,798.0,-197,299.0,30,DISTRICT29,BLISTER,-1033.0
ACT-INF,2024-11-01,HEALTH CENTER,278.0,55.0,255.0,496.0,,12.0,-614,143.0,30,DISTRICT14,BLISTER,12.0
ACT-GC,2025-05-01,HEALTH CENTER,2806.0,0.0,458.0,1944.0,1120.0,61.0,-446,370.0,30,DISTRICT10,BLISTER,-1059.0
QUIN,2025-02-01,HEALTH CENTER,2771.0,53.0,606.0,2464.0,,421.0,610,69.0,1000,DISTRICT30,TABLET,421.0
RDT,2025-11-01,HEALTH CENTER,1241.0,1.0,96.0,392.0,,0.0,178,57.0,25,DISTRICT30,PIECE,0.0
ACT-GC,2025-08-01,HEALTH CENTER,977.0,5.0,263.0,509.0,,78.0,169,116.0,30,DISTRICT23,BLISTER,78.0
ACT-GC,2025-11-01,HEALTH CENTER,3887.0,7.0,733.0,2688.0,,156.0,-401,498.0,30,DISTRICT11,BLISTER,156.0
QUIN,2024-08-01,HEALTH CENTER,72.0,0.0,355.0,38.0,,7111.0,132,219.0,1000,DISTRICT19,TABLET,7111.0
ART-INJ,2025-02-01,HEALTH CENTER,2965.0,1055.0,1350.0,1444.0,1425.0,2968.0,-732,676.0,5,DISTRICT29,VIAL,1543.0
ACT-SC,2024-11-01,HEALTH CENTER,16.0,0.0,4.0,62.0,,1.0,-496,0.0,30,DISTRICT32,BLISTER,1.0
PYRA-SAC,2025-02-01,HEALTH CENTER,2831.0,0.0,187.0,1221.0,234.0,0.0,-387,41.0,1,DISTRICT1,SACHET,-234.0
ITN,2024-05-01,HEALTH CENTER,945.0,1.0,374.0,776.0,414.0,921.0,382,301.0,50,DISTRICT11,PIECE,507.0
ACT-SC,2024-02-01,HEALTH CENTER,2203.0,1.0,93.0,878.0,,0.0,-114,117.0,30,DISTRICT15,BLISTER,0.0
RDT,2024-08-01,DISTRICT HOSPITAL,86.0,22.0,76.0,673.0,,1358.0,563,80.0,25,DISTRICT37,PIECE,1358.0
RDT,2024-11-01,HEALTH CENTER,2387.0,0.0,193.0,3181.0,,541.0,-426,306.0,25,DISTRICT20,PIECE,541.0
PYRA-SAC,2025-02-01,HEALTH CENTER,931.0,2559.0,196.0,1944.0,565.0,0.0,397,95.0,1,DISTRICT29,SACHET,-565.0
ART-INJ,2024-05-01,HEALTH CENTER,1523.0,359.0,496.0,3715.0,,0.0,-302,300.0,5,DISTRICT9,VIAL,0.0
ART-INJ,2025-02-01,HEALTH CENTER,1195.0,1149.0,500.0,1506.0,353.0,0.0,-92,190.0,5,DISTRICT11,VIAL,-353.0
ACT-AD,2025-08-01,HEALTH CENTER,46.0,3.0,89.0,115.0,954.0,1977.0,-446,14.0,30,DISTRICT20,BLISTER,1023.0
PYRA-COMP,2024-05-01,HEALTH CENTER,197.0,252.0,58.0,211.0,,0.0,206,5.0,1,DISTRICT5,TABLET,0.0
ACT-SC,2024-08-01,HEALTH CENTER,4.0,0.0,13.0,19.0,,12.0,918,11.0,30,DISTRICT31,BLISTER,12.0
ART-INJ,2025-02-01,HEALTH CENTER,420.0,0.0,23.0,67.0,,1.0,138,41.0,5,DISTRICT25,VIAL,1.0
ART-SUP,2024-02-01,HEALTH CENTER,109.0,111.0,188.0,1284.0,,18.0,-785,243.0,2,DISTRICT16,CAPSULE,18.0
QUIN,2024-02-01,HEALTH CENTER,570.0,0.0,11.0,1470.0,,426.0,448,2.0,1000,DISTRICT10,TABLET,426.0
ACT-SC,2025-02-01,HEALTH CENTER,3033.0,100.0,227.0,3170.0,284.0,7.0,-115,256.0,30,DISTRICT36,BLISTER,-277.0
ACT-INF,2024-02-01,HEALTH CENTER,180.0,14.0,4.0,109.0,,1223.0,-146,2.0,30,DISTRICT25,BLISTER,1223.0
RDT,2025-11-01,HEALTH CENTER,352.0,109.0,213.0,2304.0,,1.0,147,190.0,25,DISTRICT31,PIECE,1.0
ACT-INF,2025-02-01,DISTRICT HOSPITAL,2774.0,163.0,180.0,3474.0,,0.0,-125,93.0,30,DISTRICT13,BLISTER,0.0
ACT-GC,2024-02-01,HEALTH CENTER,3504.0,558.0,2731.0,8653.0,,6586.0,-522,3171.0,30,DISTRICT1,BLISTER,6586.0
QUIN,2024-05-01,HEALTH CENTER,38.0,2.0,61.0,167.0,,1057.0,574,26.0,1000,DISTRICT31,TABLET,1057.0
ACT-GC,2025-11-01,HEALTH CENTER,3.0,206.0,72.0,63.0,,74.0,1009,22.0,30,DISTRICT23,BLISTER,74.0
ART-SUP,2024-02-01,HEALTH CENTER,1729.0,197.0,713.0,3971.0,,27.0,333,621.0,2,DISTRICT33,CAPSULE,27.0
RDT,2025-08-01,HEALTH CENTER,194.0,0.0,20.0,36.0,704.0,6.0,207,2.0,25,DISTRICT36,PIECE,-698.0
ART-INJ,2025-11-01,HEALTH CENTER,522.0,56.0,421.0,1603.0,,2.0,642,578.0,5,DISTRICT36,VIAL,2.0
SP,2025-08-01,HEALTH CENTER,30.0,444.0,43.0,116.0,,0.0,292,2.0,1000,DISTRICT6,TABLET,0.0
ACT-GC,2024-11-01,HEALTH CENTER,1896.0,20.0,620.0,2570.0,,1.0,-278,334.0,30,DISTRICT11,BLISTER,1.0
ACT-INF,2024-02-01,HEALTH CENTER,85.0,0.0,4.0,6.0,,0.0,411,0.0,30,DISTRICT21,BLISTER,0.0
ACT-INF,2025-05-01,HEALTH CENTER,811.0,1.0,176.0,231.0,,4917.0,460,57.0,30,DISTRICT8,BLISTER,4917.0
QUIN,2025-08-01,HEALTH CENTER,400.0,0.0,10.0,618.0,,0.0,-515,4.0,1000,DISTRICT22,TABLET,0.0
ACT-GC,2025-08-01,HEALTH CENTER,62.0,1010.0,125.0,138.0,,849.0,-169,106.0,30,DISTRICT4,BLISTER,849.0
QUIN,2025-02-01,HEALTH CENTER,1003.0,0.0,80.0,509.0,314.0,10.0,-29,59.0,1000,DISTRICT33,TABLET,-304.0
PYRA-SAC,2024-11-01,HEALTH CENTER,484.0,290.0,351.0,2701.0,669.0,1543.0,441,745.0,1,DISTRICT21,SACHET,874.0
RDT,2024-05-01,HEALTH CENTER,224.0,10.0,62.0,213.0,,0.0,268,71.0,25,DISTRICT10,PIECE,0.0
SP,2024-02-01,HEALTH CENTER,408.0,209.0,193.0,612.0,,0.0,747,78.0,1000,DISTRICT15,TABLET,0.0
ACT-INF,2025-05-01,HEALTH CENTER,1066.0,207.0,736.0,1056.0,601.0,18.0,7,867.0,30,DISTRICT5,BLISTER,-583.0
QUIN,2025-11-01,HEALTH CENTER,155.0,64.0,546.0,347.0,1627.0,950.0,109,371.0,1000,DISTRICT10,TABLET,-677.0
PYRA-COMP,2025-11-01,HEALTH CENTER,16.0,0.0,28.0,12.0,442.0,6.0,1056,6.0,1,DISTRICT21,TABLET,-436.0
PYRA-COMP,2025-11-01,HEALTH CENTER,1865.0,25.0,470.0,2032.0,917.0,272.0,-215,49.0,1,DISTRICT21,TABLET,-645.0
ACT-GC,2025-11-01,HEALTH CENTER,10.0,54.0,59.0,610.0,188.0,403.0,-441,53.0,30,DISTRICT31,BLISTER,215.0
ACT-INF,2025-11-01,HEALTH CENTER,414.0,0.0,74.0,393.0,,2.0,134,15.0,30,DISTRICT9,BLISTER,2.0
QUIN,2025-02-01,HEALTH CENTER,51.0,3.0,75.0,108.0,338.0,2.0,463,61.0,1000,DISTRICT9,TABLET,-336.0
PYRA-COMP,2025-08-01,NATIONAL HOSPITAL,174.0,45.0,42.0,352.0,,1.0,-62,1.0,1,DISTRICT25,TABLET,1.0
PYRA-COMP,2024-11-01,HEALTH CENTER,212.0,3.0,81.0,419.0,296.0,80.0,-382,22.0,1,DISTRICT32,TABLET,-216.0
ACT-GC,2025-08-01,HEALTH CENTER,282.0,856.0,643.0,280.0,,289.0,-315,317.0,30,DISTRICT27,BLISTER,289.0
ART-INJ,2025-08-01,HEALTH CENTER,2635.0,19.0,194.0,1806.0,,0.0,-750,322.0,5,DISTRICT27,VIAL,0.0
PYRA-COMP,2024-05-01,HEALTH CENTER,157.0,2.0,79.0,14.0,584.0,16.0,-46,43.0,1,DISTRICT30,TABLET,-568.0
RDT,2025-11-01,HEALTH CENTER,2815.0,849.0,1250.0,3648.0,,289.0,-121,1165.0,25,DISTRICT32,PIECE,289.0
ACT-AD,2024-08-01,HEALTH CENTER,3134.0,9.0,480.0,1619.0,660.0,43.0,671,356.0,30,DISTRICT23,BLISTER,-617.0
ACT-INF,2025-02-01,HEALTH CENTER,547.0,1.0,155.0,127.0,,544.0,38,72.0,30,DISTRICT28,BLISTER,544.0
ART-SUP,2024-02-01,HEALTH CENTER,101.0,6.0,34.0,3.0,,0.0,170,15.0,2,DISTRICT36,CAPSULE,0.0
QUIN,2025-08-01,HEALTH CENTER,2267.0,1.0,293.0,1455.0,466.0,0.0,-889,185.0,1000,DISTRICT32,TABLET,-466.0
QUIN,2024-11-01,HEALTH CENTER,1051.0,67.0,181.0,895.0,497.0,0.0,-479,5.0,1000,DISTRICT37,TABLET,-497.0
ART-INJ,2024-08-01,HEALTH CENTER,2972.0,0.0,371.0,210.0,,1327.0,-136,601.0,5,DISTRICT32,VIAL,1327.0
PYRA-SAC,2025-11-01,HEALTH CENTER,1597.0,238.0,581.0,5092.0,,0.0,-776,375.0,1,DISTRICT4,SACHET,0.0
PYRA-SAC,2025-08-01,HEALTH CENTER,191.0,30.0,166.0,133.0,,65.0,-548,92.0,1,DISTRICT20,SACHET,65.0
ACT-GC,2024-02-01,HEALTH CENTER,1277.0,16.0,303.0,1103.0,,1119.0,272,111.0,30,DISTRICT28,BLISTER,1119.0
PYRA-COMP,2025-08-01,HEALTH CENTER,971.0,316.0,143.0,2203.0,,0.0,778,54.0,1,DISTRICT24,TABLET,0.0
ACT-INF,2025-11-01,HEALTH CENTER,1770.0,66.0,35.0,1345.0,,0.0,-293,34.0,30,DISTRICT29,BLISTER,0.0
ITN,2025-02-01,HEALTH CENTER,260.0,228.0,77.0,379.0,431.0,0.0,-580,111.0,50,DISTRICT5,PIECE,-431.0
ART-INJ,2024-05-01,HEALTH CENTER,1.0,1119.0,29.0,44.0,,217.0,-98,7.0,5,DISTRICT9,VIAL,217.0
SP,2025-02-01,HEALTH CENTER,142.0,0.0,49.0,126.0,,230.0,210,53.0,1000,DISTRICT20,TABLET,230.0
SP,2024-05-01,HEALTH CENTER,62.0,0.0,2.0,136.0,,0.0,498,0.0,1000,DISTRICT10,TABLET,0.0
ITN,2025-05-01,HEALTH CENTER,2.0,10.0,0.0,26.0,,0.0,188,0.0,50,DISTRICT21,PIECE,0.0
ACT-GC,2025-02-01,HEALTH CENTER,2974.0,1131.0,1024.0,2209.0,,207.0,1095,657.0,30,DISTRICT31,BLISTER,207.0
ACT-SC,2025-11-01,HEALTH CENTER,443.0,782.0,271.0,1070.0,,0.0,73,24.0,30,DISTRICT36,BLISTER,0.0
ACT-GC,2025-11-01,HEALTH CENTER,5.0,0.0,16.0,42.0,,1133.0,-1313,9.0,30,DISTRICT32,BLISTER,1133.0
ACT-SC,2024-11-01,HEALTH CENTER,1512.0,0.0,859.0,1891.0,,230.0,-543,607.0,30,DISTRICT25,BLISTER,230.0
SP,2024-02-01,HEALTH CENTER,4787.0,5.0,371.0,2805.0,789.0,136.0,-29,617.0,1000,DISTRICT20,TABLET,-653.0
RDT,2024-02-01,HEALTH CENTER,3921.0,22.0,325.0,6692.0,,780.0,-170,693.0,25,DISTRICT10,PIECE,780.0
QUIN,2025-02-01,REGIONAL HOSPITAL,237.0,1.0,270.0,1758.0,367.0,10.0,383,408.0,1000,DISTRICT33,TABLET,-357.0
SP,2024-05-01,HEALTH CENTER,3923.0,18.0,1145.0,4331.0,,489.0,234,1301.0,1000,DISTRICT10,TABLET,489.0
RDT,2025-05-01,HEALTH CENTER,429.0,1.0,191.0,387.0,354.0,84.0,-509,153.0,25,DISTRICT15,PIECE,-270.0
ACT-GC,2024-08-01,HEALTH CENTER,188.0,1652.0,36.0,921.0,,0.0,-356,122.0,30,DISTRICT6,BLISTER,0.0
SP,2024-08-01,HEALTH CENTER,19.0,231.0,32.0,46.0,,14.0,-323,79.0,1000,DISTRICT6,TABLET,14.0
ACT-SC,2024-11-01,HEALTH CENTER,888.0,720.0,715.0,1708.0,642.0,22.0,151,747.0,30,DISTRICT26,BLISTER,-620.0
ACT-INF,2024-08-01,HEALTH CENTER,20.0,303.0,63.0,549.0,,260.0,196,161.0,30,DISTRICT11,BLISTER,260.0
ACT-SC,2024-11-01,REGIONAL HOSPITAL,1842.0,6.0,231.0,3083.0,,173.0,397,99.0,30,DISTRICT23,BLISTER,173.0
ACT-INF,2025-02-01,HEALTH CENTER,12.0,0.0,63.0,19.0,336.0,17.0,191,11.0,30,DISTRICT31,BLISTER,-319.0
ACT-INF,2024-08-01,HEALTH CENTER,360.0,80.0,83.0,549.0,315.0,0.0,-76,58.0,30,DISTRICT31,BLISTER,-315.0
QUIN,2024-02-01,HEALTH CENTER,249.0,0.0,171.0,431.0,1060.0,859.0,304,133.0,1000,DISTRICT35,TABLET,-201.0
RDT,2024-08-01,HEALTH CENTER,177.0,0.0,10.0,236.0,,0.0,312,1.0,25,DISTRICT27,PIECE,0.0
ITN,2025-11-01,HEALTH CENTER,1084.0,0.0,106.0,36.0,,0.0,-67,55.0,50,DISTRICT16,PIECE,0.0
ART-SUP,2025-11-01,HEALTH CENTER,789.0,4.0,41.0,239.0,2791.0,2482.0,193,43.0,2,DISTRICT24,CAPSULE,-309.0
RDT,2024-08-01,HEALTH CENTER,485.0,0.0,50.0,135.0,128.0,0.0,-411,27.0,25,DISTRICT28,PIECE,-128.0
PYRA-SAC,2025-05-01,HEALTH CENTER,2322.0,735.0,646.0,2341.0,,7279.0,-440,1746.0,1,DISTRICT31,SACHET,7279.0
ITN,2024-11-01,HEALTH CENTER,8.0,0.0,2.0,7.0,,0.0,205,4.0,50,DISTRICT13,PIECE,0.0
ACT-GC,2024-05-01,HEALTH CENTER,1020.0,29.0,323.0,1188.0,1082.0,6.0,1126,285.0,30,DISTRICT14,BLISTER,-1076.0
ACT-GC,2024-02-01,HEALTH CENTER,550.0,222.0,191.0,620.0,,2.0,-822,101.0,30,DISTRICT29,BLISTER,2.0
PYRA-SAC,2024-08-01,HEALTH CENTER,217.0,1.0,39.0,156.0,,32.0,69,3.0,1,DISTRICT28,SACHET,32.0
ITN,2025-11-01,HEALTH CENTER,242.0,0.0,97.0,22.0,,387.0,-225,140.0,50,DISTRICT9,PIECE,387.0
ART-INJ,2025-11-01,HEALTH CENTER,1462.0,116.0,535.0,340.0,1331.0,4859.0,-414,783.0,5,DISTRICT29,VIAL,3528.0
ART-INJ,2025-05-01,HEALTH CENTER,941.0,949.0,124.0,1691.0,,1.0,257,290.0,5,DISTRICT11,VIAL,1.0
RDT,2024-05-01,HEALTH CENTER,865.0,5.0,441.0,3966.0,,2450.0,-17,389.0,25,DISTRICT36,PIECE,2450.0
SP,2024-02-01,HEALTH CENTER,2674.0,23.0,229.0,2928.0,,320.0,353,93.0,1000,DISTRICT10,TABLET,320.0
PYRA-COMP,2025-11-01,HEALTH CENTER,282.0,418.0,110.0,818.0,,19.0,-411,16.0,1,DISTRICT24,TABLET,19.0
ACT-GC,2025-08-01,HEALTH CENTER,883.0,0.0,346.0,1260.0,795.0,1963.0,540,63.0,30,DISTRICT3,BLISTER,1168.0
ART-SUP,2025-08-01,HEALTH CENTER,5435.0,435.0,1879.0,6024.0,,1.0,-45,2148.0,2,DISTRICT37,CAPSULE,1.0
PYRA-COMP,2025-02-01,HEALTH CENTER,94.0,1.0,76.0,167.0,55.0,0.0,597,10.0,1,DISTRICT28,TABLET,-55.0
ART-INJ,2024-05-01,HEALTH CENTER,258.0,55.0,265.0,429.0,,3.0,356,837.0,5,DISTRICT29,VIAL,3.0
ACT-SC,2025-05-01,HEALTH CENTER,1463.0,326.0,117.0,950.0,,0.0,478,101.0,30,DISTRICT18,BLISTER,0.0
ITN,2025-11-01,HEALTH CENTER,6.0,0.0,23.0,14.0,393.0,5.0,37,22.0,50,DISTRICT21,PIECE,-388.0
ART-SUP,2025-08-01,HEALTH CENTER,617.0,683.0,221.0,2315.0,,44.0,1134,89.0,2,DISTRICT9,CAPSULE,44.0
SP,2024-05-01,HEALTH CENTER,3743.0,0.0,305.0,5337.0,635.0,1.0,279,298.0,1000,DISTRICT15,TABLET,-634.0
ITN,2024-08-01,HEALTH CENTER,2284.0,8.0,355.0,2104.0,,0.0,89,637.0,50,DISTRICT17,PIECE,0.0
PYRA-COMP,2025-02-01,HEALTH CENTER,26.0,0.0,91.0,29.0,,0.0,-176,26.0,1,DISTRICT26,TABLET,0.0
ACT-INF,2024-08-01,HEALTH CENTER,1516.0,9.0,361.0,1223.0,588.0,349.0,-369,322.0,30,DISTRICT13,BLISTER,-239.0
PYRA-SAC,2024-11-01,HEALTH CENTER,2278.0,411.0,551.0,1556.0,,4812.0,282,467.0,1,DISTRICT25,SACHET,4812.0
ACT-GC,2024-11-01,HEALTH CENTER,1814.0,1.0,254.0,447.0,,201.0,-223,151.0,30,DISTRICT28,BLISTER,201.0
ITN,2025-05-01,HEALTH CENTER,69.0,54.0,54.0,1357.0,,1.0,-286,95.0,50,DISTRICT13,PIECE,1.0
RDT,2025-08-01,HEALTH CENTER,2094.0,135.0,301.0,1592.0,223.0,619.0,158,172.0,25,DISTRICT28,PIECE,396.0
ACT-INF,2024-11-01,HEALTH CENTER,656.0,1354.0,455.0,1742.0,,545.0,93,389.0,30,DISTRICT13,BLISTER,545.0
ACT-GC,2025-08-01,HEALTH CENTER,936.0,379.0,757.0,1761.0,416.0,4443.0,-54,685.0,30,DISTRICT1,BLISTER,4027.0
ART-SUP,2024-02-01,HEALTH CENTER,150.0,160.0,124.0,830.0,,395.0,-523,57.0,2,DISTRICT22,CAPSULE,395.0
ART-SUP,2025-02-01,HEALTH CENTER,142.0,4.0,29.0,47.0,,179.0,-624,1.0,2,DISTRICT33,CAPSULE,179.0
ACT-SC,2024-08-01,HEALTH CENTER,649.0,73.0,90.0,856.0,,0.0,682,31.0,30,DISTRICT20,BLISTER,0.0
SP,2025-02-01,HEALTH CENTER,10.0,0.0,108.0,24.0,,38.0,153,127.0,1000,DISTRICT27,TABLET,38.0
ACT-SC,2024-08-01,HEALTH CENTER,2298.0,27.0,827.0,2658.0,497.0,1418.0,-413,341.0,30,DISTRICT9,BLISTER,921.0
ACT-SC,2025-08-01,HEALTH CENTER,552.0,0.0,107.0,49.0,868.0,45.0,-1199,90.0,30,DISTRICT9,BLISTER,-823.0
ACT-SC,2024-05-01,HEALTH CENTER,1242.0,0.0,276.0,938.0,,38.0,109,240.0,30,DISTRICT29,BLISTER,38.0
ART-INJ,2024-02-01,HEALTH CENTER,715.0,275.0,109.0,151.0,,23.0,373,34.0,5,DISTRICT19,VIAL,23.0
ITN,2024-02-01,HEALTH CENTER,150.0,3.0,221.0,95.0,,379.0,60,197.0,50,DISTRICT5,PIECE,379.0
ACT-INF,2024-05-01,HEALTH CENTER,1536.0,0.0,149.0,374.0,,890.0,-143,106.0,30,DISTRICT37,BLISTER,890.0
PYRA-SAC,2024-08-01,HEALTH CENTER,1.0,1.0,1.0,28.0,562.0,0.0,-646,0.0,1,DISTRICT13,SACHET,-562.0
ACT-AD,2025-02-01,HEALTH CENTER,92.0,2.0,10.0,5.0,701.0,2784.0,-236,2.0,30,DISTRICT7,BLISTER,2083.0
ITN,2025-02-01,HEALTH CENTER,106.0,3.0,37.0,19.0,1344.0,1359.0,35,19.0,50,DISTRICT20,PIECE,15.0
RDT,2025-02-01,HEALTH CENTER,41.0,2163.0,85.0,697.0,,1755.0,-250,210.0,25,DISTRICT20,PIECE,1755.0
QUIN,2024-05-01,HEALTH CENTER,184.0,1.0,25.0,104.0,752.0,287.0,150,14.0,1000,DISTRICT9,TABLET,-465.0
RDT,2024-08-01,HEALTH CENTER,2159.0,283.0,512.0,1860.0,,822.0,-479,385.0,25,DISTRICT20,PIECE,822.0
ART-SUP,2024-11-01,HEALTH CENTER,158.0,974.0,22.0,717.0,567.0,0.0,-276,23.0,2,DISTRICT1,CAPSULE,-567.0
RDT,2025-08-01,HEALTH CENTER,1230.0,34.0,517.0,836.0,,4611.0,-192,271.0,25,DISTRICT8,PIECE,4611.0
ITN,2024-11-01,HEALTH CENTER,136.0,3621.0,41.0,503.0,916.0,0.0,214,14.0,50,DISTRICT37,PIECE,-916.0
ART-INJ,2025-11-01,DISTRICT HOSPITAL,1134.0,138.0,73.0,1065.0,,209.0,144,18.0,5,DISTRICT28,VIAL,209.0
RDT,2025-08-01,HEALTH CENTER,868.0,238.0,85.0,315.0,,2835.0,-105,291.0,25,DISTRICT36,PIECE,2835.0
ACT-INF,2025-05-01,HEALTH CENTER,540.0,3.0,597.0,201.0,,0.0,53,55.0,30,DISTRICT3,BLISTER,0.0
ACT-SC,2024-02-01,DISTRICT HOSPITAL,759.0,6.0,95.0,802.0,240.0,84.0,75,101.0,30,DISTRICT24,BLISTER,-156.0
QUIN,2024-02-01,HEALTH CENTER,148.0,53.0,74.0,90.0,,66.0,-80,18.0,1000,DISTRICT28,TABLET,66.0
ART-SUP,2024-02-01,HEALTH CENTER,2846.0,108.0,517.0,2088.0,1026.0,552.0,-6,139.0,2,DISTRICT31,CAPSULE,-474.0
QUIN,2025-11-01,HEALTH CENTER,4200.0,0.0,244.0,458.0,,1153.0,146,560.0,1000,DISTRICT28,TABLET,1153.0
QUIN,2024-11-01,HEALTH CENTER,221.0,0.0,66.0,157.0,,0.0,122,13.0,1000,DISTRICT24,TABLET,0.0
SP,2025-11-01,HEALTH CENTER,2001.0,0.0,441.0,700.0,,566.0,-301,649.0,1000,DISTRICT20,TABLET,566.0
QUIN,2025-08-01,HEALTH CENTER,1316.0,2484.0,634.0,5414.0,,9788.0,28,518.0,1000,DISTRICT5,TABLET,9788.0
ITN,2025-11-01,HEALTH CENTER,1334.0,23.0,348.0,782.0,666.0,62.0,63,194.0,50,DISTRICT24,PIECE,-604.0
PYRA-SAC,2025-05-01,HEALTH CENTER,48.0,15.0,20.0,28.0,,1529.0,266,10.0,1,DISTRICT32,SACHET,1529.0
QUIN,2024-11-01,HEALTH CENTER,532.0,26.0,120.0,369.0,542.0,4.0,-177,120.0,1000,DISTRICT33,TABLET,-538.0
ACT-INF,2024-02-01,HEALTH CENTER,253.0,0.0,116.0,132.0,,539.0,197,31.0,30,DISTRICT25,BLISTER,539.0
ACT-INF,2025-11-01,HEALTH CENTER,287.0,1.0,108.0,275.0,,0.0,-47,335.0,30,DISTRICT36,BLISTER,0.0
ACT-SC,2025-02-01,HEALTH CENTER,1162.0,0.0,71.0,87.0,1171.0,5358.0,-477,36.0,30,DISTRICT19,BLISTER,4187.0
ACT-INF,2024-02-01,HEALTH CENTER,1754.0,0.0,313.0,1669.0,,5239.0,504,132.0,30,DISTRICT32,BLISTER,5239.0
RDT,2024-05-01,HEALTH CENTER,919.0,461.0,848.0,857.0,,502.0,-520,847.0,25,DISTRICT12,PIECE,502.0
RDT,2024-02-01,HEALTH CENTER,1892.0,1630.0,1101.0,3004.0,,4060.0,-811,454.0,25,DISTRICT32,PIECE,4060.0
SP,2025-11-01,HEALTH CENTER,2.0,58.0,93.0,21.0,606.0,20.0,594,7.0,1000,DISTRICT3,TABLET,-586.0
ART-SUP,2024-02-01,HEALTH CENTER,371.0,13.0,128.0,182.0,774.0,841.0,-792,323.0,2,DISTRICT29,CAPSULE,67.0
ACT-AD,2025-02-01,HEALTH CENTER,1501.0,322.0,788.0,3829.0,,17.0,-758,483.0,30,DISTRICT28,BLISTER,17.0
ACT-INF,2025-08-01,HEALTH CENTER,871.0,0.0,102.0,393.0,,980.0,-204,78.0,30,DISTRICT38,BLISTER,980.0
ACT-SC,2024-05-01,DISTRICT HOSPITAL,164.0,0.0,21.0,115.0,,607.0,545,5.0,30,DISTRICT16,BLISTER,607.0
PYRA-COMP,2025-02-01,HEALTH CENTER,1293.0,11.0,423.0,605.0,,190.0,-624,406.0,1,DISTRICT35,TABLET,190.0
PYRA-COMP,2024-11-01,HEALTH CENTER,478.0,0.0,276.0,193.0,,1.0,291,436.0,1,DISTRICT12,TABLET,1.0
ART-SUP,2025-08-01,HEALTH CENTER,647.0,41.0,311.0,308.0,94.0,1.0,-96,230.0,2,DISTRICT6,CAPSULE,-93.0
PYRA-COMP,2024-11-01,HEALTH CENTER,1342.0,6.0,257.0,1782.0,,120.0,288,78.0,1,DISTRICT31,TABLET,120.0
ACT-INF,2025-08-01,HEALTH CENTER,1372.0,0.0,143.0,427.0,761.0,0.0,-694,144.0,30,DISTRICT16,BLISTER,-761.0
ACT-GC,2025-08-01,DISTRICT HOSPITAL,399.0,0.0,217.0,33.0,,3.0,549,130.0,30,DISTRICT26,BLISTER,3.0
RDT,2025-08-01,HEALTH CENTER,1864.0,79.0,525.0,1152.0,,1201.0,-134,412.0,25,DISTRICT31,PIECE,1201.0
ART-INJ,2024-02-01,HEALTH CENTER,7.0,0.0,2.0,10.0,,0.0,-107,5.0,5,DISTRICT23,VIAL,0.0
PYRA-SAC,2024-05-01,HEALTH CENTER,883.0,42.0,106.0,659.0,,0.0,89,29.0,1,DISTRICT12,SACHET,0.0
PYRA-COMP,2025-08-01,HEALTH CENTER,1210.0,149.0,38.0,1944.0,,194.0,-267,54.0,1,DISTRICT10,TABLET,194.0
SP,2025-05-01,HEALTH CENTER,254.0,44.0,153.0,368.0,,55.0,-69,46.0,1000,DISTRICT28,TABLET,55.0
ART-INJ,2025-02-01,HEALTH CENTER,1702.0,669.0,472.0,1353.0,,709.0,-139,203.0,5,DISTRICT5,VIAL,709.0
ITN,2024-11-01,HEALTH CENTER,11.0,33.0,36.0,6.0,,1.0,307,1.0,50,DISTRICT4,PIECE,1.0
ACT-INF,2024-05-01,HEALTH CENTER,3124.0,12.0,740.0,3120.0,,159.0,107,412.0,30,DISTRICT37,BLISTER,159.0
RDT,2025-02-01,HEALTH CENTER,15.0,1.0,70.0,3.0,479.0,1.0,425,109.0,25,DISTRICT5,PIECE,-478.0
ART-INJ,2024-05-01,HEALTH CENTER,1792.0,91.0,599.0,348.0,,17939.0,-301,550.0,5,DISTRICT23,VIAL,17939.0
PYRA-COMP,2025-11-01,HEALTH CENTER,379.0,772.0,122.0,1716.0,,0.0,653,15.0,1,DISTRICT13,TABLET,0.0
QUIN,2025-11-01,HEALTH CENTER,117.0,4.0,37.0,25.0,1054.0,85.0,-428,5.0,1000,DISTRICT28,TABLET,-969.0
ACT-SC,2025-11-01,HEALTH CENTER,2369.0,0.0,904.0,861.0,,33.0,424,907.0,30,DISTRICT36,BLISTER,33.0
ART-SUP,2024-11-01,HEALTH CENTER,101.0,742.0,54.0,794.0,,68.0,803,9.0,2,DISTRICT33,CAPSULE,68.0
PYRA-SAC,2025-02-01,DISTRICT HOSPITAL,15.0,90.0,43.0,189.0,,2019.0,139,33.0,1,DISTRICT30,SACHET,2019.0
RDT,2025-05-01,HEALTH CENTER,156.0,0.0,106.0,77.0,,0.0,-472,16.0,25,DISTRICT32,PIECE,0.0
QUIN,2024-02-01,HEALTH CENTER,739.0,0.0,216.0,494.0,,17.0,-157,104.0,1000,DISTRICT20,TABLET,17.0
PYRA-SAC,2025-02-01,HEALTH CENTER,634.0,895.0,415.0,409.0,2950.0,52652.0,27,186.0,1,DISTRICT23,SACHET,49702.0
ACT-INF,2024-11-01,HEALTH CENTER,453.0,34.0,128.0,1392.0,,1121.0,473,104.0,30,DISTRICT19,BLISTER,1121.0
ACT-GC,2024-05-01,HEALTH CENTER,65.0,1.0,109.0,34.0,,891.0,-506,161.0,30,DISTRICT29,BLISTER,891.0
ACT-SC,2024-11-01,HEALTH CENTER,6327.0,874.0,418.0,2793.0,,4.0,-220,312.0,30,DISTRICT1,BLISTER,4.0
ART-SUP,2025-08-01,HEALTH CENTER,114.0,143.0,12.0,388.0,296.0,289.0,-518,6.0,2,DISTRICT32,CAPSULE,-7.0
PYRA-SAC,2025-02-01,HEALTH CENTER,180.0,9.0,110.0,543.0,804.0,522.0,243,31.0,1,DISTRICT20,SACHET,-282.0
SP,2025-02-01,HEALTH CENTER,7435.0,158.0,208.0,8224.0,,3.0,944,70.0,1000,DISTRICT10,TABLET,3.0
ACT-AD,2025-05-01,HEALTH CENTER,737.0,89.0,106.0,1176.0,,638.0,-401,49.0,30,DISTRICT36,BLISTER,638.0
ART-INJ,2025-11-01,HEALTH CENTER,3392.0,0.0,502.0,5065.0,,0.0,350,441.0,5,DISTRICT16,VIAL,0.0
PYRA-COMP,2024-02-01,HEALTH CENTER,861.0,4013.0,588.0,3739.0,,0.0,-389,321.0,1,DISTRICT21,TABLET,0.0
QUIN,2025-08-01,HEALTH CENTER,171.0,3.0,335.0,494.0,,5.0,602,146.0,1000,DISTRICT22,TABLET,5.0
ACT-GC,2024-08-01,HEALTH CENTER,299.0,811.0,492.0,983.0,,0.0,82,348.0,30,DISTRICT35,BLISTER,0.0
ART-SUP,2024-05-01,HEALTH CENTER,24.0,19.0,5.0,41.0,,955.0,46,3.0,2,DISTRICT3,CAPSULE,955.0
PYRA-COMP,2024-08-01,HEALTH CENTER,2.0,2.0,2.0,7.0,,1.0,-452,5.0,1,DISTRICT23,TABLET,1.0
RDT,2024-08-01,HEALTH CENTER,8616.0,0.0,1087.0,7677.0,121.0,51.0,173,812.0,25,DISTRICT11,PIECE,-70.0
PYRA-COMP,2024-05-01,HEALTH CENTER,523.0,0.0,143.0,116.0,,0.0,-142,133.0,1,DISTRICT24,TABLET,0.0
RDT,2024-08-01,HEALTH CENTER,1443.0,51.0,61.0,1608.0,,5.0,-71,37.0,25,DISTRICT30,PIECE,5.0
ACT-GC,2025-05-01,HEALTH CENTER,1745.0,1473.0,1051.0,2785.0,,1670.0,-715,719.0,30,DISTRICT2,BLISTER,1670.0
ACT-AD,2025-08-01,HEALTH CENTER,1054.0,37.0,459.0,764.0,,1303.0,487,751.0,30,DISTRICT28,BLISTER,1303.0
ACT-SC,2024-02-01,HEALTH CENTER,1999.0,81.0,564.0,1857.0,,174.0,94,354.0,30,DISTRICT25,BLISTER,174.0
ACT-SC,2024-05-01,HEALTH CENTER,2048.0,10.0,672.0,3352.0,,0.0,474,460.0,30,DISTRICT20,BLISTER,0.0
PYRA-COMP,2025-11-01,HEALTH CENTER,60.0,4.0,43.0,42.0,,0.0,-171,15.0,1,DISTRICT14,TABLET,0.0
RDT,2024-08-01,HEALTH CENTER,1515.0,359.0,437.0,1298.0,,1408.0,-1009,564.0,25,DISTRICT22,PIECE,1408.0
PYRA-COMP,2024-02-01,HEALTH CENTER,1811.0,1354.0,462.0,3400.0,914.0,0.0,324,852.0,1,DISTRICT24,TABLET,-914.0
PYRA-SAC,2024-05-01,HEALTH CENTER,1464.0,36.0,271.0,1213.0,,320.0,-163,180.0,1,DISTRICT1,SACHET,320.0
QUIN,2025-11-01,HEALTH CENTER,129.0,690.0,133.0,1339.0,,0.0,-326,51.0,1000,DISTRICT16,TABLET,0.0
ACT-INF,2025-08-01,HEALTH CENTER,26.0,7.0,69.0,346.0,245.0,155.0,-19,93.0,30,DISTRICT10,BLISTER,-90.0
ACT-INF,2024-11-01,HEALTH CENTER,1214.0,0.0,75.0,62.0,,0.0,-578,42.0,30,DISTRICT28,BLISTER,0.0
SP,2025-08-01,DISTRICT HOSPITAL,948.0,1.0,492.0,1572.0,,143.0,442,121.0,1000,DISTRICT25,TABLET,143.0
ACT-AD,2024-11-01,HEALTH CENTER,142.0,62.0,74.0,453.0,,174.0,1088,45.0,30,DISTRICT29,BLISTER,174.0
PYRA-COMP,2024-02-01,HEALTH CENTER,1548.0,0.0,107.0,981.0,,0.0,-325,60.0,1,DISTRICT15,TABLET,0.0
ACT-INF,2025-08-01,HEALTH CENTER,216.0,1090.0,216.0,513.0,1768.0,6150.0,302,159.0,30,DISTRICT6,BLISTER,4382.0
ACT-AD,2024-05-01,HEALTH CENTER,3082.0,137.0,257.0,3165.0,,0.0,166,242.0,30,DISTRICT30,BLISTER,0.0
ACT-SC,2025-02-01,HEALTH CENTER,974.0,1.0,161.0,1543.0,,0.0,582,71.0,30,DISTRICT9,BLISTER,0.0
ART-INJ,2025-11-01,HEALTH CENTER,566.0,1845.0,307.0,288.0,,49.0,-638,232.0,5,DISTRICT16,VIAL,49.0
ACT-SC,2024-05-01,HEALTH CENTER,760.0,270.0,267.0,538.0,475.0,58.0,232,59.0,30,DISTRICT36,BLISTER,-417.0
RDT,2025-02-01,HEALTH CENTER,731.0,2.0,425.0,227.0,,7258.0,-933,521.0,25,DISTRICT17,PIECE,7258.0
ART-SUP,2024-05-01,HEALTH CENTER,1444.0,245.0,648.0,1423.0,,90.0,-118,357.0,2,DISTRICT2,CAPSULE,90.0
QUIN,2024-11-01,HEALTH CENTER,47.0,1185.0,109.0,24.0,,3451.0,81,85.0,1000,DISTRICT9,TABLET,3451.0
RDT,2025-08-01,HEALTH CENTER,1003.0,124.0,659.0,1186.0,,3727.0,375,375.0,25,DISTRICT25,PIECE,3727.0
RDT,2025-11-01,HEALTH CENTER,707.0,30.0,63.0,1279.0,,0.0,-738,41.0,25,DISTRICT32,PIECE,0.0
ACT-SC,2024-08-01,HEALTH CENTER,487.0,272.0,15.0,113.0,373.0,240.0,-17,76.0,30,DISTRICT31,BLISTER,-133.0
ACT-AD,2024-11-01,HEALTH CENTER,572.0,11.0,54.0,530.0,489.0,28.0,-360,48.0,30,DISTRICT16,BLISTER,-461.0
QUIN,2024-08-01,HEALTH CENTER,889.0,0.0,332.0,772.0,449.0,66.0,411,351.0,1000,DISTRICT5,TABLET,-383.0
PYRA-COMP,2024-05-01,HEALTH CENTER,2543.0,126.0,465.0,1380.0,,31.0,273,791.0,1,DISTRICT10,TABLET,31.0
RDT,2025-05-01,HEALTH CENTER,713.0,0.0,18.0,91.0,517.0,3062.0,-1091,37.0,25,DISTRICT2,PIECE,2545.0
QUIN,2024-02-01,HEALTH CENTER,293.0,747.0,387.0,750.0,457.0,0.0,273,418.0,1000,DISTRICT29,TABLET,-457.0
PYRA-SAC,2024-02-01,HEALTH CENTER,1118.0,717.0,553.0,2031.0,,309.0,-610,377.0,1,DISTRICT1,SACHET,309.0
RDT,2024-08-01,HEALTH CENTER,1.0,107.0,0.0,3.0,,0.0,-300,1.0,25,DISTRICT33,PIECE,0.0
ACT-GC,2024-05-01,HEALTH CENTER,1084.0,116.0,385.0,2452.0,,7.0,-19,727.0,30,DISTRICT28,BLISTER,7.0
ACT-AD,2024-02-01,HEALTH CENTER,1159.0,447.0,235.0,2351.0,,0.0,-377,142.0,30,DISTRICT3,BLISTER,0.0
ART-INJ,2025-02-01,HEALTH CENTER,1555.0,22.0,145.0,386.0,,234.0,-50,139.0,5,DISTRICT20,VIAL,234.0
SP,2024-11-01,HEALTH CENTER,6733.0,22.0,2432.0,4571.0,,131.0,-463,3824.0,1000,DISTRICT31,TABLET,131.0
SP,2025-11-01,HEALTH CENTER,43.0,0.0,81.0,301.0,1160.0,1485.0,84,21.0,1000,DISTRICT1,TABLET,325.0
ACT-INF,2025-02-01,HEALTH CENTER,179.0,0.0,23.0,26.0,287.0,1382.0,-264,7.0,30,DISTRICT24,BLISTER,1095.0
PYRA-COMP,2024-02-01,HEALTH CENTER,53.0,428.0,75.0,252.0,,575.0,670,49.0,1,DISTRICT12,TABLET,575.0
ART-INJ,2025-11-01,HEALTH CENTER,490.0,4.0,208.0,1185.0,,2.0,-137,72.0,5,DISTRICT37,VIAL,2.0
ACT-SC,2024-11-01,HEALTH CENTER,1610.0,71.0,394.0,657.0,654.0,2313.0,-4,594.0,30,DISTRICT24,BLISTER,1659.0
ACT-GC,2024-02-01,HEALTH CENTER,2385.0,54.0,656.0,4927.0,,1.0,-95,495.0,30,DISTRICT32,BLISTER,1.0
ACT-AD,2024-11-01,HEALTH CENTER,10.0,71.0,3.0,54.0,,16.0,-647,1.0,30,DISTRICT33,BLISTER,16.0
PYRA-SAC,2025-08-01,HEALTH CENTER,158.0,350.0,75.0,710.0,824.0,1293.0,1051,26.0,1,DISTRICT36,SACHET,469.0
PYRA-COMP,2025-05-01,HEALTH CENTER,56.0,28.0,59.0,166.0,,528.0,70,34.0,1,DISTRICT38,TABLET,528.0
RDT,2025-05-01,HEALTH CENTER,4149.0,34.0,344.0,4812.0,,1133.0,964,812.0,25,DISTRICT8,PIECE,1133.0
ACT-SC,2025-11-01,HEALTH CENTER,652.0,55.0,114.0,765.0,1462.0,0.0,-563,114.0,30,DISTRICT35,BLISTER,-1462.0
RDT,2024-02-01,HEALTH CENTER,768.0,3.0,88.0,75.0,,2.0,-122,18.0,25,DISTRICT20,PIECE,2.0
ITN,2024-08-01,HEALTH CENTER,545.0,228.0,62.0,289.0,519.0,1195.0,68,6.0,50,DISTRICT36,PIECE,676.0
PYRA-SAC,2024-11-01,HEALTH CENTER,424.0,788.0,443.0,181.0,,156.0,879,269.0,1,DISTRICT17,SACHET,156.0
ITN,2025-08-01,HEALTH CENTER,401.0,40.0,73.0,202.0,,120.0,-128,116.0,50,DISTRICT6,PIECE,120.0
PYRA-SAC,2025-08-01,HEALTH CENTER,3288.0,5.0,501.0,2219.0,145.0,82.0,136,269.0,1,DISTRICT22,SACHET,-63.0
ACT-SC,2025-11-01,HEALTH CENTER,2804.0,26.0,565.0,1261.0,,2.0,-852,239.0,30,DISTRICT28,BLISTER,2.0
QUIN,2024-05-01,HEALTH CENTER,669.0,0.0,135.0,443.0,,1.0,-244,88.0,1000,DISTRICT11,TABLET,1.0
ACT-SC,2024-11-01,HEALTH CENTER,103.0,280.0,124.0,323.0,,1056.0,-602,67.0,30,DISTRICT26,BLISTER,1056.0
PYRA-SAC,2025-02-01,DISTRICT HOSPITAL,872.0,589.0,467.0,3697.0,1419.0,3.0,804,615.0,1,DISTRICT33,SACHET,-1416.0
ACT-AD,2025-11-01,HEALTH CENTER,516.0,37.0,376.0,570.0,,36.0,-788,283.0,30,DISTRICT15,BLISTER,36.0
ACT-AD,2025-05-01,DISTRICT HOSPITAL,551.0,26.0,51.0,634.0,,130.0,-547,37.0,30,DISTRICT28,BLISTER,130.0
SP,2025-08-01,HEALTH CENTER,1669.0,2.0,320.0,1412.0,337.0,10.0,-335,653.0,1000,DISTRICT12,TABLET,-327.0
ACT-SC,2024-02-01,HEALTH CENTER,4646.0,0.0,544.0,1670.0,,1007.0,-281,149.0,30,DISTRICT11,BLISTER,1007.0
ART-SUP,2025-08-01,HEALTH CENTER,164.0,7.0,8.0,882.0,,0.0,-119,9.0,2,DISTRICT8,CAPSULE,0.0
QUIN,2025-02-01,HEALTH CENTER,10615.0,9.0,1559.0,10306.0,1243.0,4400.0,766,1090.0,1000,DISTRICT13,TABLET,3157.0
ACT-GC,2025-08-01,HEALTH CENTER,508.0,0.0,49.0,261.0,,25.0,-587,282.0,30,DISTRICT20,BLISTER,25.0
ART-SUP,2025-08-01,HEALTH CENTER,2168.0,379.0,309.0,2960.0,,0.0,545,193.0,2,DISTRICT30,CAPSULE,0.0
ACT-GC,2025-08-01,HEALTH CENTER,2483.0,1.0,2291.0,3737.0,419.0,3960.0,-158,1437.0,30,DISTRICT16,BLISTER,3541.0
ACT-SC,2024-05-01,HEALTH CENTER,10.0,0.0,1.0,4.0,,5.0,764,11.0,30,DISTRICT2,BLISTER,5.0
SP,2024-08-01,HEALTH CENTER,1562.0,44.0,82.0,1252.0,,0.0,-12,64.0,1000,DISTRICT15,TABLET,0.0
ART-SUP,2025-02-01,HEALTH CENTER,1517.0,156.0,383.0,786.0,613.0,151.0,-90,145.0,2,DISTRICT26,CAPSULE,-462.0
ACT-GC,2024-02-01,HEALTH CENTER,524.0,1.0,152.0,661.0,,0.0,-140,20.0,30,DISTRICT8,BLISTER,0.0
PYRA-SAC,2025-08-01,HEALTH CENTER,26.0,126.0,21.0,6.0,,610.0,-10,1.0,1,DISTRICT28,SACHET,610.0
PYRA-SAC,2024-05-01,HEALTH CENTER,1105.0,1438.0,400.0,266.0,,192.0,-100,296.0,1,DISTRICT27,SACHET,192.0
ACT-SC,2025-11-01,HEALTH CENTER,2312.0,270.0,693.0,3530.0,,660.0,-242,728.0,30,DISTRICT32,BLISTER,660.0
SP,2025-05-01,HEALTH CENTER,41.0,0.0,42.0,5.0,,29.0,268,37.0,1000,DISTRICT31,TABLET,29.0
ACT-GC,2025-11-01,HEALTH CENTER,563.0,0.0,6.0,296.0,,0.0,-131,6.0,30,DISTRICT25,BLISTER,0.0
ACT-SC,2024-11-01,HEALTH CENTER,1022.0,0.0,19.0,1033.0,663.0,55.0,118,10.0,30,DISTRICT28,BLISTER,-608.0
ACT-AD,2024-08-01,HEALTH CENTER,77.0,0.0,98.0,4.0,,1633.0,349,102.0,30,DISTRICT4,BLISTER,1633.0
ART-INJ,2025-05-01,HEALTH CENTER,1274.0,263.0,277.0,446.0,1107.0,158.0,237,419.0,5,DISTRICT28,VIAL,-949.0
QUIN,2024-05-01,REGIONAL HOSPITAL,302.0,11.0,2.0,76.0,,0.0,-144,2.0,1000,DISTRICT18,TABLET,0.0
PYRA-SAC,2025-05-01,HEALTH CENTER,36.0,428.0,2.0,300.0,640.0,1.0,177,0.0,1,DISTRICT19,SACHET,-639.0
ITN,2024-08-01,HEALTH CENTER,482.0,9.0,6.0,225.0,,0.0,-299,1.0,50,DISTRICT17,PIECE,0.0
SP,2024-11-01,DISTRICT HOSPITAL,65.0,5.0,65.0,139.0,,17.0,119,121.0,1000,DISTRICT23,TABLET,17.0
ART-INJ,2024-08-01,HEALTH CENTER,3036.0,4.0,599.0,1820.0,394.0,0.0,-349,708.0,5,DISTRICT37,VIAL,-394.0
SP,2025-08-01,HEALTH CENTER,657.0,33.0,108.0,1715.0,,0.0,-482,240.0,1000,DISTRICT32,TABLET,0.0
ART-SUP,2024-05-01,HEALTH CENTER,1697.0,107.0,338.0,1715.0,,358.0,287,70.0,2,DISTRICT5,CAPSULE,358.0
ACT-SC,2024-08-01,HEALTH CENTER,1779.0,598.0,1047.0,1393.0,2570.0,7726.0,551,667.0,30,DISTRICT29,BLISTER,5156.0
ACT-SC,2025-11-01,HEALTH CENTER,341.0,166.0,182.0,597.0,700.0,0.0,329,96.0,30,DISTRICT9,BLISTER,-700.0
ACT-AD,2025-08-01,HEALTH CENTER,1660.0,3.0,312.0,3450.0,,4.0,-78,330.0,30,DISTRICT3,BLISTER,4.0
PYRA-SAC,2025-02-01,DISTRICT HOSPITAL,407.0,112.0,320.0,1455.0,335.0,3189.0,-223,184.0,1,DISTRICT10,SACHET,2854.0
ITN,2025-05-01,HEALTH CENTER,313.0,41.0,285.0,501.0,,1172.0,-187,327.0,50,DISTRICT3,PIECE,1172.0
ART-SUP,2024-08-01,HEALTH CENTER,5382.0,18.0,473.0,1604.0,895.0,21.0,-198,171.0,2,DISTRICT23,CAPSULE,-874.0
PYRA-SAC,2024-11-01,HEALTH CENTER,1790.0,10.0,158.0,642.0,223.0,113.0,459,106.0,1,DISTRICT30,SACHET,-110.0
QUIN,2025-11-01,DISTRICT HOSPITAL,244.0,0.0,175.0,1512.0,,1.0,365,74.0,1000,DISTRICT38,TABLET,1.0
ART-INJ,2024-08-01,HEALTH CENTER,564.0,0.0,142.0,571.0,239.0,99.0,756,170.0,5,DISTRICT29,VIAL,-140.0
ACT-GC,2024-05-01,HEALTH CENTER,1908.0,13.0,650.0,1220.0,,85.0,-664,685.0,30,DISTRICT14,BLISTER,85.0
ACT-SC,2025-02-01,HEALTH CENTER,1.0,4.0,0.0,76.0,442.0,0.0,561,0.0,30,DISTRICT19,BLISTER,-442.0
PYRA-COMP,2024-08-01,HEALTH CENTER,2.0,88.0,14.0,6.0,,1.0,361,3.0,1,DISTRICT33,TABLET,1.0
QUIN,2024-08-01,HEALTH CENTER,201.0,0.0,102.0,203.0,709.0,49.0,-485,94.0,1000,DISTRICT3,TABLET,-660.0
QUIN,2024-08-01,HEALTH CENTER,412.0,387.0,101.0,1184.0,,0.0,-690,49.0,1000,DISTRICT15,TABLET,0.0
SP,2025-02-01,HEALTH CENTER,2341.0,0.0,271.0,899.0,,39.0,846,167.0,1000,DISTRICT26,TABLET,39.0
ACT-AD,2025-11-01,HEALTH CENTER,1308.0,901.0,1466.0,2790.0,,5535.0,-189,690.0,30,DISTRICT1,BLISTER,5535.0
ART-SUP,2025-05-01,HEALTH CENTER,51.0,133.0,125.0,40.0,2071.0,2363.0,-129,87.0,2,DISTRICT38,CAPSULE,292.0
ART-SUP,2024-08-01,HEALTH CENTER,238.0,80.0,303.0,1527.0,,0.0,240,489.0,2,DISTRICT29,CAPSULE,0.0
ACT-INF,2024-05-01,DISTRICT HOSPITAL,718.0,2.0,223.0,959.0,,167.0,120,131.0,30,DISTRICT20,BLISTER,167.0
PYRA-SAC,2025-08-01,HEALTH CENTER,867.0,19.0,130.0,467.0,459.0,0.0,378,118.0,1,DISTRICT7,SACHET,-459.0
ITN,2025-02-01,HEALTH CENTER,492.0,0.0,108.0,248.0,,0.0,475,5.0,50,DISTRICT7,PIECE,0.0
SP,2024-08-01,HEALTH CENTER,498.0,30.0,104.0,448.0,,162.0,421,27.0,1000,DISTRICT29,TABLET,162.0
ITN,2025-11-01,HEALTH CENTER,812.0,517.0,337.0,900.0,,269.0,283,90.0,50,DISTRICT31,PIECE,269.0
QUIN,2024-11-01,HEALTH CENTER,1524.0,0.0,9.0,402.0,,0.0,-478,0.0,1000,DISTRICT12,TABLET,0.0
ACT-INF,2024-08-01,HEALTH CENTER,933.0,0.0,61.0,781.0,,587.0,-9,134.0,30,DISTRICT15,BLISTER,587.0
ART-SUP,2024-11-01,HEALTH CENTER,697.0,0.0,58.0,1095.0,,0.0,-743,95.0,2,DISTRICT31,CAPSULE,0.0
ACT-INF,2025-02-01,HEALTH CENTER,258.0,0.0,111.0,997.0,446.0,312.0,-130,293.0,30,DISTRICT12,BLISTER,-134.0
ACT-SC,2025-11-01,HEALTH CENTER,2613.0,94.0,763.0,3875.0,,7.0,655,670.0,30,DISTRICT27,BLISTER,7.0
PYRA-SAC,2025-11-01,HEALTH CENTER,29.0,4.0,86.0,43.0,,768.0,1206,62.0,1,DISTRICT5,SACHET,768.0
PYRA-COMP,2025-05-01,HEALTH CENTER,1161.0,0.0,75.0,116.0,,2098.0,-467,45.0,1,DISTRICT38,TABLET,2098.0
ACT-SC,2025-11-01,NATIONAL HOSPITAL,2095.0,102.0,424.0,851.0,,4233.0,-852,150.0,30,DISTRICT13,BLISTER,4233.0
SP,2025-11-01,HEALTH CENTER,1473.0,6.0,479.0,2755.0,,3.0,541,477.0,1000,DISTRICT13,TABLET,3.0
SP,2025-02-01,HEALTH CENTER,2.0,0.0,0.0,5.0,,7.0,-847,0.0,1000,DISTRICT25,TABLET,7.0
QUIN,2025-02-01,HEALTH CENTER,1739.0,0.0,192.0,1582.0,,4.0,279,141.0,1000,DISTRICT5,TABLET,4.0
ART-INJ,2025-08-01,HEALTH CENTER,2009.0,217.0,555.0,4241.0,,116.0,506,447.0,5,DISTRICT13,VIAL,116.0
ART-SUP,2024-08-01,HEALTH CENTER,14.0,298.0,174.0,148.0,,3676.0,-929,132.0,2,DISTRICT25,CAPSULE,3676.0
QUIN,2024-11-01,HEALTH CENTER,38.0,1.0,71.0,42.0,,4.0,-332,114.0,1000,DISTRICT33,TABLET,4.0
ITN,2025-02-01,HEALTH CENTER,638.0,0.0,135.0,1262.0,,39.0,190,41.0,50,DISTRICT36,PIECE,39.0
PYRA-COMP,2025-05-01,HEALTH CENTER,317.0,0.0,21.0,186.0,237.0,27.0,262,6.0,1,DISTRICT20,TABLET,-210.0
ACT-AD,2024-08-01,HEALTH CENTER,1889.0,0.0,186.0,883.0,,25.0,107,141.0,30,DISTRICT31,BLISTER,25.0
ART-INJ,2025-11-01,HEALTH CENTER,3652.0,773.0,312.0,1462.0,1016.0,1283.0,-135,257.0,5,DISTRICT23,VIAL,267.0
ITN,2025-11-01,HEALTH CENTER,123.0,0.0,21.0,163.0,,37.0,-167,10.0,50,DISTRICT8,PIECE,37.0
SP,2024-08-01,HEALTH CENTER,41.0,0.0,59.0,17.0,577.0,0.0,-631,46.0,1000,DISTRICT28,TABLET,-577.0
RDT,2024-08-01,HEALTH CENTER,272.0,0.0,4.0,168.0,,19.0,-783,1.0,25,DISTRICT15,PIECE,19.0
PYRA-COMP,2024-08-01,HEALTH CENTER,721.0,1.0,160.0,522.0,,319.0,-787,87.0,1,DISTRICT29,TABLET,319.0
PYRA-SAC,2025-02-01,HEALTH CENTER,697.0,100.0,48.0,975.0,,805.0,240,16.0,1,DISTRICT20,SACHET,805.0
ITN,2025-08-01,HEALTH CENTER,477.0,185.0,18.0,639.0,,1.0,52,2.0,50,DISTRICT13,PIECE,1.0
PYRA-COMP,2025-08-01,HEALTH CENTER,1867.0,6.0,95.0,1140.0,1123.0,0.0,236,28.0,1,DISTRICT36,TABLET,-1123.0
ACT-SC,2024-11-01,HEALTH CENTER,6972.0,1234.0,990.0,9509.0,,0.0,-496,526.0,30,DISTRICT4,BLISTER,0.0
ART-SUP,2025-08-01,HEALTH CENTER,1955.0,0.0,124.0,688.0,,197.0,-317,144.0,2,DISTRICT8,CAPSULE,197.0
ACT-GC,2024-05-01,HEALTH CENTER,2322.0,1.0,596.0,1485.0,,3772.0,42,174.0,30,DISTRICT35,BLISTER,3772.0
ACT-INF,2024-11-01,HEALTH CENTER,628.0,0.0,135.0,159.0,,0.0,3,16.0,30,DISTRICT7,BLISTER,0.0
RDT,2024-05-01,HEALTH CENTER,1118.0,577.0,278.0,1032.0,330.0,0.0,-507,573.0,25,DISTRICT25,PIECE,-330.0
ART-INJ,2025-11-01,HEALTH CENTER,11948.0,18.0,2023.0,7450.0,1191.0,5609.0,-291,1696.0,5,DISTRICT16,VIAL,4418.0
ART-SUP,2024-02-01,HEALTH CENTER,555.0,1.0,382.0,718.0,1298.0,433.0,44,553.0,2,DISTRICT36,CAPSULE,-865.0
ITN,2025-08-01,HEALTH CENTER,1106.0,1.0,519.0,209.0,962.0,3559.0,401,249.0,50,DISTRICT12,PIECE,2597.0
ACT-GC,2025-08-01,HEALTH CENTER,3177.0,0.0,354.0,2553.0,25.0,27.0,-246,343.0,30,DISTRICT23,BLISTER,2.0
RDT,2024-08-01,HEALTH CENTER,62.0,5.0,10.0,115.0,,138.0,-250,16.0,25,DISTRICT15,PIECE,138.0
ART-SUP,2024-08-01,HEALTH CENTER,1443.0,1498.0,87.0,1688.0,,1115.0,-81,109.0,2,DISTRICT23,CAPSULE,1115.0
SP,2025-11-01,HEALTH CENTER,6412.0,31.0,993.0,9323.0,,1.0,50,1527.0,1000,DISTRICT23,TABLET,1.0
ART-SUP,2025-05-01,HEALTH CENTER,2052.0,2.0,83.0,3769.0,,0.0,155,67.0,2,DISTRICT12,CAPSULE,0.0
RDT,2024-05-01,HEALTH CENTER,292.0,0.0,34.0,92.0,,2.0,-161,14.0,25,DISTRICT38,PIECE,2.0
RDT,2024-11-01,HEALTH CENTER,719.0,70.0,67.0,1710.0,204.0,305.0,230,32.0,25,DISTRICT31,PIECE,101.0
ITN,2024-11-01,HEALTH CENTER,323.0,177.0,73.0,243.0,,129.0,-911,51.0,50,DISTRICT26,PIECE,129.0
SP,2025-05-01,HEALTH CENTER,1644.0,99.0,278.0,528.0,,685.0,421,449.0,1000,DISTRICT30,TABLET,685.0
ACT-GC,2025-02-01,HEALTH CENTER,1191.0,11.0,210.0,896.0,,50.0,-135,250.0,30,DISTRICT4,BLISTER,50.0
ACT-AD,2025-08-01,HEALTH CENTER,802.0,0.0,117.0,1088.0,,2.0,311,153.0,30,DISTRICT31,BLISTER,2.0
RDT,2025-08-01,HEALTH CENTER,726.0,194.0,294.0,1337.0,,803.0,56,245.0,25,DISTRICT8,PIECE,803.0
ACT-AD,2025-05-01,HEALTH CENTER,4203.0,0.0,472.0,1190.0,,1865.0,476,110.0,30,DISTRICT13,BLISTER,1865.0
SP,2024-08-01,HEALTH CENTER,2107.0,1.0,979.0,363.0,,7660.0,52,916.0,1000,DISTRICT32,TABLET,7660.0
RDT,2025-02-01,DISTRICT HOSPITAL,387.0,206.0,618.0,1503.0,,4744.0,-508,280.0,25,DISTRICT13,PIECE,4744.0
ACT-AD,2024-05-01,HEALTH CENTER,324.0,4.0,49.0,25.0,,281.0,-101,10.0,30,DISTRICT10,BLISTER,281.0
QUIN,2025-11-01,HEALTH CENTER,284.0,0.0,1.0,61.0,,0.0,186,0.0,1000,DISTRICT31,TABLET,0.0
ACT-INF,2024-11-01,HEALTH CENTER,23.0,10.0,109.0,28.0,,0.0,-234,20.0,30,DISTRICT13,BLISTER,0.0
ACT-SC,2025-11-01,DISTRICT HOSPITAL,1035.0,9.0,63.0,537.0,,2357.0,703,301.0,30,DISTRICT29,BLISTER,2357.0
PYRA-SAC,2024-02-01,HEALTH CENTER,1768.0,13.0,329.0,1704.0,,0.0,-542,24.0,1,DISTRICT35,SACHET,0.0
ITN,2024-02-01,REGIONAL HOSPITAL,143.0,0.0,82.0,41.0,644.0,237.0,-113,52.0,50,DISTRICT38,PIECE,-407.0
SP,2025-08-01,DISTRICT HOSPITAL,874.0,305.0,136.0,1073.0,,9.0,-93,52.0,1000,DISTRICT36,TABLET,9.0
PYRA-COMP,2024-11-01,HEALTH CENTER,1801.0,173.0,279.0,1656.0,410.0,1180.0,443,170.0,1,DISTRICT37,TABLET,770.0
PYRA-COMP,2024-05-01,NATIONAL HOSPITAL,1129.0,49.0,584.0,2189.0,,2424.0,621,345.0,1,DISTRICT11,TABLET,2424.0
ACT-INF,2025-11-01,HEALTH CENTER,583.0,0.0,286.0,127.0,,5089.0,77,173.0,30,DISTRICT29,BLISTER,5089.0
ACT-GC,2024-05-01,HEALTH CENTER,1910.0,153.0,334.0,4350.0,,388.0,-726,376.0,30,DISTRICT12,BLISTER,388.0
PYRA-COMP,2024-08-01,HEALTH CENTER,14.0,0.0,0.0,4.0,,730.0,-320,0.0,1,DISTRICT6,TABLET,730.0
ART-INJ,2025-11-01,HEALTH CENTER,1144.0,101.0,76.0,1644.0,236.0,21.0,527,128.0,5,DISTRICT32,VIAL,-215.0
ACT-SC,2025-02-01,DISTRICT HOSPITAL,930.0,48.0,766.0,1586.0,871.0,2.0,-672,831.0,30,DISTRICT26,BLISTER,-869.0
ITN,2025-05-01,HEALTH CENTER,473.0,6.0,135.0,933.0,,14.0,-69,55.0,50,DISTRICT26,PIECE,14.0
PYRA-COMP,2025-02-01,HEALTH CENTER,202.0,18.0,105.0,964.0,823.0,285.0,447,34.0,1,DISTRICT35,TABLET,-538.0
ART-SUP,2024-05-01,HEALTH CENTER,129.0,0.0,24.0,151.0,,200.0,594,64.0,2,DISTRICT1,CAPSULE,200.0
ART-INJ,2025-11-01,HEALTH CENTER,913.0,438.0,356.0,778.0,,173.0,-61,349.0,5,DISTRICT22,VIAL,173.0
ACT-AD,2025-08-01,NATIONAL HOSPITAL,472.0,26.0,257.0,670.0,,0.0,-376,140.0,30,DISTRICT12,BLISTER,0.0
QUIN,2025-05-01,HEALTH CENTER,101.0,0.0,11.0,173.0,,0.0,-449,2.0,1000,DISTRICT24,TABLET,0.0
ITN,2025-11-01,HEALTH CENTER,232.0,173.0,304.0,261.0,,3232.0,254,137.0,50,DISTRICT31,PIECE,3232.0
PYRA-COMP,2025-02-01,HEALTH CENTER,35.0,716.0,18.0,113.0,2013.0,0.0,-56,5.0,1,DISTRICT31,TABLET,-2013.0
ACT-AD,2024-05-01,HEALTH CENTER,262.0,15.0,181.0,33.0,1113.0,135.0,151,13.0,30,DISTRICT24,BLISTER,-978.0
ACT-AD,2025-11-01,HEALTH CENTER,215.0,1.0,187.0,414.0,,0.0,123,55.0,30,DISTRICT11,BLISTER,0.0
ACT-SC,2025-11-01,HEALTH CENTER,525.0,663.0,376.0,851.0,,12.0,28,513.0,30,DISTRICT9,BLISTER,12.0
ITN,2024-05-01,HEALTH CENTER,1211.0,13.0,76.0,1783.0,852.0,0.0,123,29.0,50,DISTRICT20,PIECE,-852.0
PYRA-SAC,2025-08-01,HEALTH CENTER,2429.0,1146.0,1074.0,6050.0,,0.0,431,432.0,1,DISTRICT27,SACHET,0.0
ACT-GC,2025-08-01,DISTRICT HOSPITAL,115.0,0.0,9.0,6.0,,0.0,-123,0.0,30,DISTRICT31,BLISTER,0.0
ACT-SC,2025-11-01,HEALTH CENTER,1666.0,0.0,567.0,822.0,,0.0,-76,437.0,30,DISTRICT15,BLISTER,0.0
ART-INJ,2024-08-01,HEALTH CENTER,234.0,1289.0,340.0,1207.0,,4773.0,840,202.0,5,DISTRICT15,VIAL,4773.0
ACT-AD,2025-11-01,HEALTH CENTER,256.0,185.0,293.0,462.0,1039.0,2946.0,-427,517.0,30,DISTRICT6,BLISTER,1907.0
RDT,2024-11-01,HEALTH CENTER,1211.0,2.0,138.0,347.0,,6.0,-309,42.0,25,DISTRICT33,PIECE,6.0
ART-SUP,2024-08-01,HEALTH CENTER,348.0,28.0,91.0,113.0,733.0,0.0,-212,53.0,2,DISTRICT32,CAPSULE,-733.0
ACT-SC,2025-05-01,HEALTH CENTER,127.0,1.0,132.0,205.0,,177.0,119,125.0,30,DISTRICT36,BLISTER,177.0
ACT-GC,2025-11-01,HEALTH CENTER,6203.0,0.0,731.0,2422.0,,0.0,-295,262.0,30,DISTRICT28,BLISTER,0.0
PYRA-COMP,2024-08-01,HEALTH CENTER,38.0,0.0,16.0,32.0,,0.0,-648,0.0,1,DISTRICT30,TABLET,0.0
ACT-GC,2024-02-01,HEALTH CENTER,457.0,25.0,501.0,1670.0,,46.0,763,274.0,30,DISTRICT16,BLISTER,46.0
ACT-AD,2025-02-01,HEALTH CENTER,2901.0,0.0,587.0,1688.0,,6843.0,1,773.0,30,DISTRICT37,BLISTER,6843.0
ACT-INF,2024-11-01,HEALTH CENTER,3289.0,34.0,538.0,799.0,,5.0,-159,296.0,30,DISTRICT12,BLISTER,5.0
ITN,2025-02-01,HEALTH CENTER,115.0,0.0,12.0,213.0,,51.0,157,29.0,50,DISTRICT38,PIECE,51.0
ART-INJ,2025-02-01,HEALTH CENTER,97.0,80.0,201.0,31.0,,3599.0,-294,108.0,5,DISTRICT21,VIAL,3599.0
SP,2025-02-01,HEALTH CENTER,1510.0,1.0,293.0,1789.0,,13.0,-808,127.0,1000,DISTRICT19,TABLET,13.0
PYRA-COMP,2024-02-01,HEALTH CENTER,203.0,0.0,38.0,80.0,,979.0,100,49.0,1,DISTRICT21,TABLET,979.0
ITN,2025-02-01,HEALTH CENTER,165.0,124.0,36.0,409.0,,1333.0,240,13.0,50,DISTRICT24,PIECE,1333.0
ITN,2024-08-01,HEALTH CENTER,901.0,1719.0,440.0,2692.0,,2.0,986,225.0,50,DISTRICT33,PIECE,2.0
ART-SUP,2025-11-01,HEALTH CENTER,1193.0,447.0,79.0,207.0,,0.0,-678,7.0,2,DISTRICT28,CAPSULE,0.0
PYRA-COMP,2024-05-01,HEALTH CENTER,656.0,3130.0,942.0,297.0,,1561.0,-294,656.0,1,DISTRICT33,TABLET,1561.0
ITN,2025-05-01,HEALTH CENTER,583.0,23.0,257.0,394.0,,1449.0,-504,111.0,50,DISTRICT16,PIECE,1449.0
QUIN,2024-08-01,HEALTH CENTER,914.0,103.0,199.0,1575.0,675.0,76.0,664,82.0,1000,DISTRICT32,TABLET,-599.0
ACT-SC,2025-08-01,HEALTH CENTER,157.0,47.0,42.0,457.0,,447.0,3,12.0,30,DISTRICT1,BLISTER,447.0
PYRA-COMP,2024-05-01,HEALTH CENTER,280.0,1716.0,42.0,594.0,,0.0,-34,13.0,1,DISTRICT37,TABLET,0.0
SP,2025-08-01,HEALTH CENTER,48.0,140.0,10.0,201.0,438.0,0.0,266,0.0,1000,DISTRICT38,TABLET,-438.0
ACT-INF,2025-02-01,HEALTH CENTER,111.0,12.0,80.0,190.0,,0.0,483,112.0,30,DISTRICT35,BLISTER,0.0
ACT-AD,2024-05-01,HEALTH CENTER,1236.0,2.0,392.0,1133.0,,1063.0,151,347.0,30,DISTRICT2,BLISTER,1063.0
ART-SUP,2024-05-01,HEALTH CENTER,2286.0,104.0,283.0,994.0,,0.0,-410,12.0,2,DISTRICT6,CAPSULE,0.0
QUIN,2025-08-01,HEALTH CENTER,1001.0,0.0,304.0,431.0,711.0,1487.0,-146,537.0,1000,DISTRICT20,TABLET,776.0
RDT,2025-02-01,HEALTH CENTER,326.0,11.0,206.0,180.0,191.0,28.0,152,95.0,25,DISTRICT7,PIECE,-163.0
RDT,2025-05-01,HEALTH CENTER,5857.0,7.0,802.0,7880.0,,0.0,-177,895.0,25,DISTRICT10,PIECE,0.0
ACT-INF,2024-11-01,HEALTH CENTER,795.0,0.0,97.0,515.0,,647.0,954,54.0,30,DISTRICT23,BLISTER,647.0
ACT-GC,2024-11-01,HEALTH CENTER,2021.0,133.0,851.0,4032.0,,429.0,116,730.0,30,DISTRICT32,BLISTER,429.0
ACT-SC,2025-02-01,HEALTH CENTER,223.0,256.0,204.0,1268.0,1007.0,0.0,-110,83.0,30,DISTRICT5,BLISTER,-1007.0
SP,2024-05-01,HEALTH CENTER,54.0,0.0,10.0,52.0,487.0,1.0,-510,2.0,1000,DISTRICT15,TABLET,-486.0
PYRA-SAC,2024-02-01,HEALTH CENTER,394.0,9.0,29.0,602.0,424.0,1.0,-375,12.0,1,DISTRICT26,SACHET,-423.0
ACT-GC,2025-08-01,HEALTH CENTER,48.0,4.0,3.0,47.0,,0.0,-101,0.0,30,DISTRICT36,BLISTER,0.0
ACT-INF,2025-08-01,HEALTH CENTER,207.0,0.0,12.0,74.0,243.0,17.0,-131,28.0,30,DISTRICT33,BLISTER,-226.0
QUIN,2024-05-01,HEALTH CENTER,1332.0,115.0,382.0,2393.0,,38.0,105,525.0,1000,DISTRICT23,TABLET,38.0
PYRA-SAC,2024-02-01,HEALTH CENTER,1008.0,1.0,188.0,1111.0,,236.0,-446,161.0,1,DISTRICT12,SACHET,236.0
ITN,2025-11-01,HEALTH CENTER,3306.0,53.0,485.0,2716.0,1003.0,126.0,-718,741.0,50,DISTRICT23,PIECE,-877.0
ACT-INF,2025-02-01,HEALTH CENTER,2023.0,5.0,638.0,1454.0,,3845.0,193,447.0,30,DISTRICT10,BLISTER,3845.0
ART-INJ,2024-05-01,HEALTH CENTER,1108.0,46.0,166.0,1396.0,,16.0,84,27.0,5,DISTRICT28,VIAL,16.0
ACT-GC,2025-02-01,HEALTH CENTER,2183.0,6.0,1445.0,1425.0,,2954.0,350,1182.0,30,DISTRICT37,BLISTER,2954.0
ACT-SC,2025-02-01,HEALTH CENTER,276.0,0.0,10.0,60.0,,137.0,-25,4.0,30,DISTRICT17,BLISTER,137.0
ITN,2024-11-01,HEALTH CENTER,30.0,2.0,22.0,183.0,,0.0,-128,1.0,50,DISTRICT20,PIECE,0.0
RDT,2024-11-01,HEALTH CENTER,133.0,5.0,62.0,214.0,,13.0,873,7.0,25,DISTRICT37,PIECE,13.0
ACT-SC,2024-11-01,HEALTH CENTER,697.0,1969.0,418.0,900.0,1168.0,56.0,-360,393.0,30,DISTRICT33,BLISTER,-1112.0
ACT-GC,2025-05-01,HEALTH CENTER,2342.0,0.0,304.0,1231.0,529.0,124.0,48,171.0,30,DISTRICT1,BLISTER,-405.0
ACT-GC,2024-08-01,HEALTH CENTER,14.0,13.0,37.0,181.0,,0.0,625,6.0,30,DISTRICT30,BLISTER,0.0
ART-SUP,2025-02-01,HEALTH CENTER,444.0,53.0,315.0,139.0,245.0,313.0,95,186.0,2,DISTRICT33,CAPSULE,68.0
QUIN,2025-05-01,HEALTH CENTER,93.0,0.0,29.0,465.0,,936.0,978,20.0,1000,DISTRICT9,TABLET,936.0
SP,2024-05-01,HEALTH CENTER,207.0,40.0,106.0,598.0,,226.0,-801,99.0,1000,DISTRICT13,TABLET,226.0
ACT-SC,2025-05-01,HEALTH CENTER,1014.0,82.0,417.0,1065.0,,69.0,589,768.0,30,DISTRICT33,BLISTER,69.0
ART-SUP,2024-08-01,REGIONAL HOSPITAL,21.0,137.0,11.0,133.0,,0.0,24,21.0,2,DISTRICT26,CAPSULE,0.0
ACT-GC,2024-08-01,HEALTH CENTER,842.0,16.0,504.0,747.0,,1110.0,-488,383.0,30,DISTRICT36,BLISTER,1110.0
PYRA-COMP,2024-11-01,HEALTH CENTER,485.0,0.0,212.0,1008.0,,6.0,831,48.0,1,DISTRICT3,TABLET,6.0
QUIN,2024-08-01,HEALTH CENTER,91.0,612.0,16.0,710.0,,22.0,1048,52.0,1000,DISTRICT27,TABLET,22.0
QUIN,2024-02-01,HEALTH CENTER,1667.0,7.0,617.0,2359.0,,1.0,253,139.0,1000,DISTRICT13,TABLET,1.0
ART-INJ,2025-05-01,HEALTH CENTER,1775.0,594.0,458.0,1568.0,,75.0,879,558.0,5,DISTRICT33,VIAL,75.0
ART-INJ,2025-11-01,HEALTH CENTER,2867.0,218.0,834.0,3010.0,,1071.0,192,849.0,5,DISTRICT11,VIAL,1071.0
ART-INJ,2024-02-01,HEALTH CENTER,383.0,0.0,55.0,121.0,,3.0,129,12.0,5,DISTRICT11,VIAL,3.0
SP,2025-02-01,HEALTH CENTER,3881.0,0.0,633.0,2432.0,774.0,3524.0,-26,745.0,1000,DISTRICT18,TABLET,2750.0
PYRA-COMP,2024-05-01,HEALTH CENTER,719.0,188.0,96.0,446.0,,1.0,560,4.0,1,DISTRICT25,TABLET,1.0
QUIN,2024-08-01,HEALTH CENTER,788.0,163.0,646.0,2221.0,,0.0,-293,522.0,1000,DISTRICT8,TABLET,0.0
PYRA-COMP,2024-02-01,HEALTH CENTER,1439.0,0.0,307.0,606.0,1230.0,4769.0,1008,287.0,1,DISTRICT1,TABLET,3539.0
ACT-GC,2025-11-01,DISTRICT HOSPITAL,2568.0,29.0,770.0,689.0,,1570.0,463,1294.0,30,DISTRICT1,BLISTER,1570.0
RDT,2025-08-01,HEALTH CENTER,109.0,316.0,619.0,98.0,,46.0,-265,228.0,25,DISTRICT15,PIECE,46.0
RDT,2024-02-01,HEALTH CENTER,7498.0,563.0,761.0,2715.0,,2161.0,-978,501.0,25,DISTRICT24,PIECE,2161.0
ITN,2025-11-01,HEALTH CENTER,61.0,0.0,12.0,3.0,,40.0,-77,12.0,50,DISTRICT29,PIECE,40.0
ART-SUP,2024-08-01,HEALTH CENTER,254.0,0.0,63.0,141.0,177.0,179.0,462,32.0,2,DISTRICT32,CAPSULE,2.0
ART-SUP,2024-08-01,HEALTH CENTER,298.0,2029.0,265.0,423.0,1314.0,1013.0,-331,254.0,2,DISTRICT9,CAPSULE,-301.0
PYRA-SAC,2025-02-01,HEALTH CENTER,624.0,0.0,17.0,19.0,,0.0,-149,20.0,1,DISTRICT33,SACHET,0.0
ART-SUP,2024-02-01,HEALTH CENTER,110.0,29.0,136.0,60.0,437.0,712.0,72,99.0,2,DISTRICT8,CAPSULE,275.0
QUIN,2024-11-01,HEALTH CENTER,203.0,0.0,137.0,401.0,,2439.0,43,150.0,1000,DISTRICT13,TABLET,2439.0
RDT,2025-02-01,HEALTH CENTER,624.0,0.0,4.0,114.0,,0.0,-276,0.0,25,DISTRICT20,PIECE,0.0
SP,2024-11-01,HEALTH CENTER,573.0,0.0,43.0,71.0,1035.0,17.0,211,14.0,1000,DISTRICT16,TABLET,-1018.0
ACT-SC,2025-08-01,HEALTH CENTER,3612.0,1.0,318.0,3718.0,,82.0,-69,212.0,30,DISTRICT20,BLISTER,82.0
ART-SUP,2024-11-01,HEALTH CENTER,638.0,0.0,40.0,182.0,,0.0,-459,7.0,2,DISTRICT23,CAPSULE,0.0
ART-SUP,2024-11-01,HEALTH CENTER,782.0,7.0,132.0,123.0,1000.0,1020.0,329,215.0,2,DISTRICT24,CAPSULE,20.0
ACT-GC,2024-02-01,HEALTH CENTER,2195.0,44.0,245.0,3111.0,,35.0,76,92.0,30,DISTRICT25,BLISTER,35.0
ART-SUP,2024-02-01,HEALTH CENTER,499.0,9.0,172.0,208.0,858.0,1607.0,72,151.0,2,DISTRICT7,CAPSULE,749.0
PYRA-COMP,2024-02-01,HEALTH CENTER,2.0,12.0,33.0,49.0,,7.0,-546,2.0,1,DISTRICT28,TABLET,7.0
ACT-GC,2024-02-01,HEALTH CENTER,170.0,215.0,51.0,198.0,,2.0,156,34.0,30,DISTRICT29,BLISTER,2.0
RDT,2024-05-01,HEALTH CENTER,1331.0,159.0,452.0,1703.0,,3036.0,293,214.0,25,DISTRICT27,PIECE,3036.0
ITN,2025-08-01,HEALTH CENTER,150.0,0.0,3.0,465.0,,0.0,-163,0.0,50,DISTRICT13,PIECE,0.0
ACT-GC,2025-08-01,HEALTH CENTER,841.0,962.0,387.0,4214.0,,363.0,-645,150.0,30,DISTRICT6,BLISTER,363.0
ACT-INF,2025-11-01,HEALTH CENTER,273.0,24.0,62.0,237.0,,0.0,-133,6.0,30,DISTRICT37,BLISTER,0.0
ART-INJ,2025-11-01,DISTRICT HOSPITAL,175.0,478.0,306.0,613.0,,2515.0,-388,343.0,5,DISTRICT19,VIAL,2515.0
PYRA-SAC,2024-05-01,HEALTH CENTER,609.0,34.0,184.0,302.0,,2316.0,-63,77.0,1,DISTRICT38,SACHET,2316.0
ART-INJ,2025-11-01,HEALTH CENTER,5.0,759.0,40.0,30.0,,5.0,280,20.0,5,DISTRICT23,VIAL,5.0
PYRA-SAC,2024-05-01,HEALTH CENTER,5.0,49.0,81.0,45.0,791.0,33.0,83,54.0,1,DISTRICT25,SACHET,-758.0
ITN,2025-08-01,HEALTH CENTER,516.0,163.0,246.0,858.0,,1121.0,466,183.0,50,DISTRICT20,PIECE,1121.0
ART-INJ,2024-08-01,DISTRICT HOSPITAL,1007.0,4.0,338.0,1071.0,,138.0,322,277.0,5,DISTRICT8,VIAL,138.0
ART-SUP,2024-08-01,HEALTH CENTER,0.0,234.0,1.0,15.0,,2.0,187,0.0,2,DISTRICT30,CAPSULE,2.0
ACT-GC,2024-05-01,HEALTH CENTER,132.0,1.0,9.0,272.0,,3.0,-314,9.0,30,DISTRICT29,BLISTER,3.0
ACT-INF,2025-11-01,HEALTH CENTER,303.0,102.0,217.0,1354.0,,932.0,430,47.0,30,DISTRICT35,BLISTER,932.0
ACT-AD,2025-11-01,HEALTH CENTER,450.0,7.0,35.0,363.0,,4.0,-435,32.0,30,DISTRICT1,BLISTER,4.0
ART-INJ,2024-11-01,HEALTH CENTER,2247.0,215.0,266.0,1709.0,,0.0,169,261.0,5,DISTRICT10,VIAL,0.0
ACT-INF,2024-02-01,HEALTH CENTER,1203.0,378.0,183.0,1131.0,,6.0,-674,48.0,30,DISTRICT23,BLISTER,6.0
PYRA-SAC,2025-02-01,HEALTH CENTER,94.0,64.0,21.0,9.0,,0.0,-136,9.0,1,DISTRICT14,SACHET,0.0
ITN,2025-02-01,HEALTH CENTER,183.0,18.0,62.0,122.0,149.0,84.0,-249,17.0,50,DISTRICT35,PIECE,-65.0
ART-INJ,2024-11-01,DISTRICT HOSPITAL,1171.0,118.0,668.0,2045.0,,20.0,-156,424.0,5,DISTRICT36,VIAL,20.0
ACT-AD,2025-02-01,HEALTH CENTER,2112.0,357.0,333.0,3197.0,,57.0,-403,169.0,30,DISTRICT1,BLISTER,57.0
QUIN,2025-08-01,HEALTH CENTER,187.0,91.0,146.0,120.0,1110.0,811.0,37,205.0,1000,DISTRICT27,TABLET,-299.0
SP,2025-11-01,HEALTH CENTER,1784.0,230.0,1098.0,2859.0,,4.0,260,503.0,1000,DISTRICT20,TABLET,4.0
PYRA-SAC,2024-11-01,HEALTH CENTER,11.0,104.0,48.0,37.0,426.0,248.0,-59,200.0,1,DISTRICT9,SACHET,-178.0
PYRA-COMP,2024-05-01,HEALTH CENTER,1706.0,1.0,70.0,528.0,,0.0,-645,20.0,1,DISTRICT28,TABLET,0.0
ACT-INF,2025-08-01,HEALTH CENTER,1527.0,0.0,442.0,4349.0,,4.0,-128,135.0,30,DISTRICT7,BLISTER,4.0
ACT-INF,2024-08-01,HEALTH CENTER,1.0,894.0,75.0,160.0,,29.0,400,60.0,30,DISTRICT38,BLISTER,29.0
PYRA-SAC,2024-11-01,HEALTH CENTER,3927.0,91.0,567.0,3354.0,,1.0,283,652.0,1,DISTRICT20,SACHET,1.0
ART-INJ,2025-02-01,DISTRICT HOSPITAL,1076.0,0.0,171.0,854.0,,299.0,-524,58.0,5,DISTRICT20,VIAL,299.0
PYRA-COMP,2025-08-01,HEALTH CENTER,1103.0,140.0,631.0,2145.0,82.0,4.0,-391,415.0,1,DISTRICT24,TABLET,-78.0
ART-SUP,2024-02-01,HEALTH CENTER,424.0,19.0,34.0,39.0,,159.0,-404,4.0,2,DISTRICT1,CAPSULE,159.0
PYRA-COMP,2025-02-01,HEALTH CENTER,3298.0,9.0,894.0,499.0,,11483.0,303,184.0,1,DISTRICT22,TABLET,11483.0
PYRA-SAC,2024-08-01,HEALTH CENTER,635.0,74.0,83.0,728.0,,0.0,-214,29.0,1,DISTRICT16,SACHET,0.0
ACT-AD,2024-08-01,HEALTH CENTER,1305.0,63.0,563.0,1890.0,,1.0,483,389.0,30,DISTRICT20,BLISTER,1.0
RDT,2024-11-01,HEALTH CENTER,2039.0,24.0,841.0,2800.0,,0.0,-120,299.0,25,DISTRICT11,PIECE,0.0
ART-INJ,2024-02-01,HEALTH CENTER,3820.0,2.0,787.0,4907.0,1098.0,454.0,-285,617.0,5,DISTRICT15,VIAL,-644.0
SP,2025-08-01,HEALTH CENTER,1118.0,2.0,121.0,274.0,233.0,1090.0,-712,308.0,1000,DISTRICT26,TABLET,857.0
PYRA-SAC,2025-08-01,HEALTH CENTER,1983.0,0.0,474.0,311.0,1785.0,284.0,-450,86.0,1,DISTRICT13,SACHET,-1501.0
ART-INJ,2024-02-01,HEALTH CENTER,46.0,0.0,1.0,3.0,,0.0,389,0.0,5,DISTRICT1,VIAL,0.0
ACT-GC,2025-11-01,HEALTH CENTER,4721.0,2549.0,808.0,3301.0,,0.0,-860,454.0,30,DISTRICT16,BLISTER,0.0
ACT-SC,2025-02-01,HEALTH CENTER,3193.0,1314.0,1174.0,2980.0,,3315.0,-317,1051.0,30,DISTRICT10,BLISTER,3315.0
ITN,2024-11-01,HEALTH CENTER,128.0,324.0,18.0,658.0,,0.0,290,1.0,50,DISTRICT36,PIECE,0.0
ACT-SC,2024-05-01,HEALTH CENTER,3373.0,81.0,155.0,1616.0,407.0,64.0,-864,100.0,30,DISTRICT11,BLISTER,-343.0
ART-INJ,2024-05-01,DISTRICT HOSPITAL,508.0,110.0,227.0,961.0,281.0,3.0,112,113.0,5,DISTRICT25,VIAL,-278.0
PYRA-COMP,2024-11-01,HEALTH CENTER,671.0,133.0,248.0,89.0,,205.0,27,340.0,1,DISTRICT23,TABLET,205.0
SP,2024-02-01,HEALTH CENTER,232.0,126.0,154.0,482.0,745.0,0.0,33,203.0,1000,DISTRICT19,TABLET,-745.0
RDT,2025-02-01,HEALTH CENTER,33.0,19.0,22.0,299.0,,201.0,378,17.0,25,DISTRICT3,PIECE,201.0
ACT-SC,2024-11-01,DISTRICT HOSPITAL,3833.0,3409.0,1209.0,4295.0,,1359.0,434,987.0,30,DISTRICT1,BLISTER,1359.0
RDT,2024-11-01,HEALTH CENTER,64.0,0.0,6.0,20.0,,0.0,836,43.0,25,DISTRICT31,PIECE,0.0
ACT-SC,2024-08-01,HEALTH CENTER,513.0,31.0,434.0,1471.0,1070.0,181.0,-283,232.0,30,DISTRICT3,BLISTER,-889.0
QUIN,2024-02-01,HEALTH CENTER,280.0,11.0,140.0,49.0,,9.0,751,232.0,1000,DISTRICT11,TABLET,9.0
ART-INJ,2025-05-01,HEALTH CENTER,710.0,77.0,457.0,1297.0,1050.0,0.0,254,350.0,5,DISTRICT3,VIAL,-1050.0
ART-INJ,2024-11-01,HEALTH CENTER,1103.0,34.0,202.0,162.0,684.0,149.0,-282,551.0,5,DISTRICT15,VIAL,-535.0
ACT-GC,2025-11-01,HEALTH CENTER,1558.0,32.0,588.0,424.0,,995.0,247,413.0,30,DISTRICT9,BLISTER,995.0
QUIN,2025-05-01,HEALTH CENTER,1270.0,5.0,430.0,2047.0,1276.0,271.0,461,211.0,1000,DISTRICT3,TABLET,-1005.0
ACT-INF,2024-05-01,HEALTH CENTER,2006.0,1.0,511.0,601.0,,337.0,103,295.0,30,DISTRICT6,BLISTER,337.0
ACT-AD,2024-02-01,HEALTH CENTER,1178.0,1553.0,407.0,992.0,,1674.0,177,903.0,30,DISTRICT3,BLISTER,1674.0
ART-INJ,2024-11-01,HEALTH CENTER,1172.0,180.0,772.0,1058.0,,3861.0,717,977.0,5,DISTRICT10,VIAL,3861.0
ACT-INF,2024-08-01,HEALTH CENTER,169.0,0.0,7.0,1.0,,2265.0,-255,14.0,30,DISTRICT10,BLISTER,2265.0
ACT-AD,2025-08-01,HEALTH CENTER,207.0,16.0,50.0,1086.0,,1.0,875,65.0,30,DISTRICT31,BLISTER,1.0
PYRA-COMP,2024-11-01,HEALTH CENTER,1083.0,38.0,98.0,559.0,,106.0,199,12.0,1,DISTRICT32,TABLET,106.0
ITN,2025-11-01,HEALTH CENTER,635.0,0.0,318.0,457.0,320.0,269.0,-566,441.0,50,DISTRICT31,PIECE,-51.0
QUIN,2024-11-01,HEALTH CENTER,4697.0,88.0,1171.0,2729.0,,246.0,52,1546.0,1000,DISTRICT13,TABLET,246.0
ART-INJ,2024-05-01,HEALTH CENTER,839.0,28.0,388.0,483.0,,415.0,576,503.0,5,DISTRICT30,VIAL,415.0
ACT-GC,2024-02-01,HEALTH CENTER,148.0,0.0,8.0,803.0,415.0,5.0,-49,1.0,30,DISTRICT13,BLISTER,-410.0
PYRA-SAC,2025-05-01,HEALTH CENTER,2733.0,339.0,489.0,1121.0,,2127.0,-122,553.0,1,DISTRICT15,SACHET,2127.0
ACT-INF,2025-11-01,HEALTH CENTER,21.0,122.0,302.0,235.0,,4080.0,10,489.0,30,DISTRICT31,BLISTER,4080.0
ACT-SC,2025-08-01,HEALTH CENTER,999.0,0.0,735.0,505.0,,0.0,32,521.0,30,DISTRICT23,BLISTER,0.0
ACT-SC,2025-05-01,HEALTH CENTER,393.0,1.0,211.0,190.0,436.0,468.0,78,101.0,30,DISTRICT16,BLISTER,32.0
ART-INJ,2025-05-01,HEALTH CENTER,156.0,130.0,22.0,226.0,,274.0,-259,16.0,5,DISTRICT31,VIAL,274.0
ACT-GC,2025-08-01,HEALTH CENTER,444.0,9.0,58.0,334.0,,5.0,33,14.0,30,DISTRICT13,BLISTER,5.0
ITN,2025-11-01,HEALTH CENTER,611.0,123.0,281.0,1040.0,341.0,0.0,-104,315.0,50,DISTRICT3,PIECE,-341.0
QUIN,2025-02-01,HEALTH CENTER,6945.0,85.0,555.0,5913.0,,0.0,386,244.0,1000,DISTRICT35,TABLET,0.0
ACT-AD,2025-08-01,HEALTH CENTER,47.0,310.0,282.0,108.0,,0.0,-438,64.0,30,DISTRICT18,BLISTER,0.0
ACT-SC,2025-08-01,HEALTH CENTER,2064.0,1511.0,584.0,4571.0,,360.0,446,844.0,30,DISTRICT1,BLISTER,360.0
ACT-GC,2025-11-01,HEALTH CENTER,1674.0,0.0,520.0,312.0,,1465.0,-561,442.0,30,DISTRICT1,BLISTER,1465.0
PYRA-SAC,2025-08-01,HEALTH CENTER,2920.0,0.0,255.0,828.0,314.0,580.0,1178,188.0,1,DISTRICT25,SACHET,266.0
PYRA-SAC,2024-08-01,HEALTH CENTER,103.0,1175.0,48.0,1113.0,,113.0,-214,25.0,1,DISTRICT14,SACHET,113.0
ITN,2024-08-01,HEALTH CENTER,533.0,0.0,40.0,574.0,1688.0,0.0,410,12.0,50,DISTRICT28,PIECE,-1688.0
SP,2025-05-01,HEALTH CENTER,178.0,122.0,38.0,170.0,1210.0,76.0,258,65.0,1000,DISTRICT25,TABLET,-1134.0
ACT-INF,2025-02-01,HEALTH CENTER,1014.0,160.0,566.0,781.0,,1449.0,-141,371.0,30,DISTRICT13,BLISTER,1449.0
ART-SUP,2025-08-01,HEALTH CENTER,2860.0,66.0,621.0,1746.0,,2413.0,168,677.0,2,DISTRICT32,CAPSULE,2413.0
ACT-SC,2025-11-01,HEALTH CENTER,2918.0,0.0,217.0,3868.0,604.0,0.0,480,139.0,30,DISTRICT21,BLISTER,-604.0
SP,2024-05-01,DISTRICT HOSPITAL,1640.0,4.0,260.0,1238.0,,1036.0,124,151.0,1000,DISTRICT20,TABLET,1036.0
ACT-GC,2024-05-01,HEALTH CENTER,0.0,0.0,0.0,1.0,457.0,23.0,-1,0.0,30,DISTRICT26,BLISTER,-434.0
QUIN,2024-08-01,HEALTH CENTER,1124.0,0.0,101.0,210.0,518.0,1476.0,100,125.0,1000,DISTRICT20,TABLET,958.0
ACT-SC,2024-05-01,HEALTH CENTER,2474.0,842.0,457.0,3753.0,1133.0,861.0,24,468.0,30,DISTRICT32,BLISTER,-272.0
SP,2025-08-01,HEALTH CENTER,73.0,0.0,7.0,69.0,,998.0,-937,8.0,1000,DISTRICT20,TABLET,998.0
PYRA-COMP,2025-11-01,HEALTH CENTER,8.0,116.0,42.0,42.0,424.0,7.0,-582,7.0,1,DISTRICT20,TABLET,-417.0
ACT-GC,2024-05-01,HEALTH CENTER,1358.0,67.0,471.0,1177.0,,1359.0,-625,482.0,30,DISTRICT24,BLISTER,1359.0
ACT-GC,2024-02-01,HEALTH CENTER,322.0,0.0,33.0,175.0,,269.0,485,20.0,30,DISTRICT20,BLISTER,269.0
RDT,2025-05-01,HEALTH CENTER,1344.0,80.0,283.0,298.0,1317.0,1534.0,-385,122.0,25,DISTRICT1,PIECE,217.0
ITN,2024-11-01,HEALTH CENTER,172.0,0.0,100.0,264.0,,5058.0,-53,21.0,50,DISTRICT26,PIECE,5058.0
ART-SUP,2024-05-01,HEALTH CENTER,1305.0,14.0,237.0,1394.0,,79.0,735,128.0,2,DISTRICT11,CAPSULE,79.0
ART-INJ,2024-08-01,HEALTH CENTER,3544.0,9.0,1059.0,1266.0,1107.0,4932.0,-429,824.0,5,DISTRICT32,VIAL,3825.0
PYRA-SAC,2024-11-01,HEALTH CENTER,67.0,0.0,93.0,130.0,,771.0,898,53.0,1,DISTRICT13,SACHET,771.0
ART-INJ,2024-08-01,HEALTH CENTER,155.0,8.0,210.0,232.0,,3347.0,273,114.0,5,DISTRICT11,VIAL,3347.0
PYRA-COMP,2025-05-01,HEALTH CENTER,4014.0,150.0,1212.0,4575.0,,21.0,393,1550.0,1,DISTRICT38,TABLET,21.0
ITN,2025-02-01,HEALTH CENTER,683.0,10.0,33.0,229.0,,84.0,-1,32.0,50,DISTRICT2,PIECE,84.0
ACT-SC,2025-05-01,HEALTH CENTER,6.0,1.0,81.0,258.0,,109.0,109,17.0,30,DISTRICT12,BLISTER,109.0
QUIN,2025-11-01,HEALTH CENTER,267.0,541.0,84.0,540.0,,111.0,-34,56.0,1000,DISTRICT33,TABLET,111.0
PYRA-COMP,2024-08-01,HEALTH CENTER,38.0,339.0,24.0,194.0,,1353.0,-793,6.0,1,DISTRICT24,TABLET,1353.0
PYRA-SAC,2025-05-01,HEALTH CENTER,1238.0,0.0,135.0,1497.0,225.0,6.0,-126,158.0,1,DISTRICT37,SACHET,-219.0
ITN,2024-05-01,HEALTH CENTER,2830.0,21.0,265.0,2453.0,895.0,0.0,72,18.0,50,DISTRICT20,PIECE,-895.0
ART-INJ,2025-11-01,HEALTH CENTER,591.0,202.0,85.0,607.0,,0.0,-345,18.0,5,DISTRICT33,VIAL,0.0
PYRA-COMP,2024-08-01,DISTRICT HOSPITAL,428.0,7.0,132.0,83.0,786.0,161.0,-267,84.0,1,DISTRICT1,TABLET,-625.0
PYRA-COMP,2024-05-01,HEALTH CENTER,3240.0,1.0,84.0,688.0,,0.0,-299,24.0,1,DISTRICT31,TABLET,0.0
QUIN,2024-11-01,HEALTH CENTER,926.0,152.0,476.0,3093.0,1214.0,27.0,-65,995.0,1000,DISTRICT9,TABLET,-1187.0
ART-INJ,2025-11-01,HEALTH CENTER,185.0,1.0,248.0,178.0,625.0,771.0,-144,152.0,5,DISTRICT6,VIAL,146.0
QUIN,2025-11-01,HEALTH CENTER,925.0,0.0,294.0,1461.0,,13.0,863,161.0,1000,DISTRICT4,TABLET,13.0
PYRA-SAC,2024-05-01,HEALTH CENTER,2317.0,52.0,386.0,1828.0,1261.0,3.0,220,304.0,1,DISTRICT6,SACHET,-1258.0
PYRA-SAC,2025-05-01,HEALTH CENTER,1070.0,400.0,320.0,1418.0,,145.0,560,239.0,1,DISTRICT23,SACHET,145.0
SP,2025-11-01,HEALTH CENTER,871.0,377.0,313.0,657.0,,0.0,-149,115.0,1000,DISTRICT2,TABLET,0.0
SP,2024-02-01,HEALTH CENTER,2372.0,678.0,558.0,1157.0,,529.0,73,925.0,1000,DISTRICT35,TABLET,529.0
ART-SUP,2025-05-01,HEALTH CENTER,1072.0,2326.0,219.0,2666.0,,3.0,59,224.0,2,DISTRICT5,CAPSULE,3.0
ART-SUP,2024-11-01,HEALTH CENTER,1665.0,0.0,247.0,1387.0,,1.0,-87,66.0,2,DISTRICT4,CAPSULE,1.0
ITN,2024-02-01,HEALTH CENTER,2447.0,1012.0,646.0,2069.0,1206.0,972.0,-134,610.0,50,DISTRICT2,PIECE,-234.0
ITN,2024-02-01,HEALTH CENTER,634.0,17.0,76.0,385.0,,1728.0,304,71.0,50,DISTRICT9,PIECE,1728.0
ACT-SC,2025-08-01,HEALTH CENTER,2140.0,40.0,19.0,1631.0,,0.0,-457,39.0,30,DISTRICT32,BLISTER,0.0
ART-SUP,2024-11-01,HEALTH CENTER,1366.0,0.0,130.0,819.0,,1.0,-345,28.0,2,DISTRICT8,CAPSULE,1.0
ITN,2025-08-01,REGIONAL HOSPITAL,1426.0,900.0,1858.0,1293.0,505.0,3135.0,-184,1766.0,50,DISTRICT29,PIECE,2630.0
ACT-AD,2025-11-01,HEALTH CENTER,14.0,14.0,19.0,28.0,,0.0,291,1.0,30,DISTRICT19,BLISTER,0.0
ACT-SC,2025-02-01,HEALTH CENTER,782.0,1387.0,114.0,1660.0,596.0,688.0,-274,51.0,30,DISTRICT25,BLISTER,92.0
RDT,2024-02-01,HEALTH CENTER,0.0,0.0,0.0,5.0,,2.0,523,0.0,25,DISTRICT35,PIECE,2.0
ART-SUP,2024-08-01,HEALTH CENTER,939.0,0.0,127.0,603.0,,2677.0,-55,12.0,2,DISTRICT13,CAPSULE,2677.0
SP,2025-05-01,HEALTH CENTER,2290.0,6.0,457.0,1307.0,,196.0,131,305.0,1000,DISTRICT4,TABLET,196.0
ACT-INF,2024-08-01,HEALTH CENTER,184.0,9.0,171.0,140.0,,2959.0,116,52.0,30,DISTRICT18,BLISTER,2959.0
ACT-SC,2024-11-01,HEALTH CENTER,185.0,19.0,11.0,645.0,,0.0,-252,16.0,30,DISTRICT9,BLISTER,0.0
ACT-GC,2025-11-01,HEALTH CENTER,3472.0,328.0,1030.0,3592.0,,2343.0,366,615.0,30,DISTRICT9,BLISTER,2343.0
ACT-AD,2024-11-01,HEALTH CENTER,36.0,278.0,74.0,206.0,,1418.0,117,104.0,30,DISTRICT23,BLISTER,1418.0
ACT-GC,2024-11-01,HEALTH CENTER,1115.0,1.0,36.0,953.0,,11.0,170,8.0,30,DISTRICT32,BLISTER,11.0
ACT-AD,2025-02-01,HEALTH CENTER,1334.0,0.0,109.0,1832.0,,0.0,1070,43.0,30,DISTRICT3,BLISTER,0.0
ACT-SC,2025-02-01,HEALTH CENTER,957.0,17.0,191.0,1207.0,1372.0,269.0,368,42.0,30,DISTRICT23,BLISTER,-1103.0
QUIN,2024-08-01,HEALTH CENTER,591.0,16.0,179.0,339.0,83.0,349.0,-188,30.0,1000,DISTRICT25,TABLET,266.0
QUIN,2024-02-01,HEALTH CENTER,799.0,136.0,694.0,1436.0,,3.0,917,352.0,1000,DISTRICT2,TABLET,3.0
ART-SUP,2025-02-01,HEALTH CENTER,2641.0,741.0,708.0,2675.0,,3262.0,-68,211.0,2,DISTRICT23,CAPSULE,3262.0
ART-INJ,2025-05-01,HEALTH CENTER,2597.0,37.0,649.0,2288.0,,1142.0,-448,416.0,5,DISTRICT35,VIAL,1142.0
PYRA-COMP,2025-11-01,HEALTH CENTER,1.0,0.0,0.0,24.0,,9.0,-196,0.0,1,DISTRICT25,TABLET,9.0
QUIN,2025-08-01,HEALTH CENTER,219.0,0.0,114.0,56.0,,531.0,922,8.0,1000,DISTRICT5,TABLET,531.0
ART-INJ,2024-11-01,HEALTH CENTER,371.0,0.0,249.0,257.0,633.0,1956.0,578,137.0,5,DISTRICT31,VIAL,1323.0
RDT,2025-02-01,HEALTH CENTER,1127.0,0.0,248.0,4063.0,,0.0,900,28.0,25,DISTRICT3,PIECE,0.0
RDT,2024-02-01,HEALTH CENTER,1920.0,0.0,159.0,702.0,,0.0,455,165.0,25,DISTRICT29,PIECE,0.0
PYRA-COMP,2024-02-01,HEALTH CENTER,206.0,3.0,110.0,241.0,,0.0,212,120.0,1,DISTRICT38,TABLET,0.0
RDT,2024-02-01,REGIONAL HOSPITAL,2020.0,431.0,538.0,643.0,,6.0,-557,362.0,25,DISTRICT28,PIECE,6.0
ACT-AD,2024-11-01,HEALTH CENTER,2596.0,808.0,893.0,3102.0,,0.0,-470,458.0,30,DISTRICT15,BLISTER,0.0
ITN,2025-02-01,HEALTH CENTER,30.0,12.0,38.0,20.0,929.0,1.0,819,16.0,50,DISTRICT33,PIECE,-928.0
ART-INJ,2025-05-01,HEALTH CENTER,261.0,27.0,149.0,955.0,541.0,12.0,-86,40.0,5,DISTRICT17,VIAL,-529.0
ART-INJ,2025-02-01,HEALTH CENTER,1669.0,1.0,193.0,1601.0,,3.0,239,420.0,5,DISTRICT29,VIAL,3.0
PYRA-SAC,2024-11-01,HEALTH CENTER,2630.0,70.0,977.0,2433.0,,843.0,-359,368.0,1,DISTRICT23,SACHET,843.0
PYRA-SAC,2024-11-01,HEALTH CENTER,1085.0,1466.0,118.0,367.0,,2657.0,410,167.0,1,DISTRICT32,SACHET,2657.0
ACT-GC,2024-05-01,HEALTH CENTER,2218.0,0.0,779.0,1278.0,,1258.0,-200,211.0,30,DISTRICT28,BLISTER,1258.0
SP,2025-05-01,HEALTH CENTER,637.0,0.0,25.0,345.0,,2.0,233,18.0,1000,DISTRICT28,TABLET,2.0
ACT-SC,2025-08-01,REGIONAL HOSPITAL,846.0,55.0,472.0,569.0,586.0,0.0,883,328.0,30,DISTRICT5,BLISTER,-586.0
SP,2024-11-01,HEALTH CENTER,1141.0,23.0,533.0,2102.0,,858.0,37,257.0,1000,DISTRICT36,TABLET,858.0
PYRA-COMP,2024-08-01,HEALTH CENTER,548.0,42.0,334.0,534.0,,403.0,766,311.0,1,DISTRICT9,TABLET,403.0
SP,2025-02-01,HEALTH CENTER,1158.0,2.0,175.0,615.0,,1570.0,-527,303.0,1000,DISTRICT26,TABLET,1570.0
ACT-GC,2024-11-01,HEALTH CENTER,171.0,1.0,27.0,100.0,1087.0,43.0,489,13.0,30,DISTRICT5,BLISTER,-1044.0
SP,2025-02-01,DISTRICT HOSPITAL,969.0,286.0,76.0,1500.0,,0.0,-231,24.0,1000,DISTRICT10,TABLET,0.0
PYRA-COMP,2025-11-01,HEALTH CENTER,191.0,387.0,188.0,1837.0,1254.0,94.0,360,460.0,1,DISTRICT9,TABLET,-1160.0
QUIN,2024-11-01,HEALTH CENTER,362.0,185.0,106.0,1294.0,150.0,0.0,-567,9.0,1000,DISTRICT13,TABLET,-150.0
PYRA-SAC,2024-11-01,HEALTH CENTER,565.0,242.0,78.0,271.0,,13.0,502,163.0,1,DISTRICT25,SACHET,13.0
PYRA-SAC,2024-11-01,HEALTH CENTER,109.0,35.0,36.0,194.0,,1065.0,336,4.0,1,DISTRICT37,SACHET,1065.0
ACT-INF,2025-11-01,HEALTH CENTER,2885.0,152.0,613.0,1916.0,,1639.0,-420,697.0,30,DISTRICT4,BLISTER,1639.0
ART-INJ,2024-02-01,HEALTH CENTER,346.0,130.0,580.0,415.0,892.0,182.0,-443,249.0,5,DISTRICT1,VIAL,-710.0
ACT-INF,2025-05-01,HEALTH CENTER,2798.0,26.0,359.0,830.0,913.0,240.0,39,341.0,30,DISTRICT29,BLISTER,-673.0
ACT-INF,2024-05-01,HEALTH CENTER,50.0,2440.0,35.0,69.0,,0.0,457,139.0,30,DISTRICT18,BLISTER,0.0
ART-SUP,2025-05-01,HEALTH CENTER,1115.0,9.0,153.0,612.0,547.0,3990.0,633,67.0,2,DISTRICT32,CAPSULE,3443.0
ART-INJ,2025-08-01,HEALTH CENTER,1923.0,11.0,460.0,3115.0,,130.0,74,168.0,5,DISTRICT17,VIAL,130.0
ART-INJ,2024-05-01,HEALTH CENTER,1243.0,398.0,339.0,1034.0,,23.0,-37,209.0,5,DISTRICT32,VIAL,23.0
QUIN,2024-05-01,HEALTH CENTER,633.0,26.0,320.0,1155.0,,116.0,-628,454.0,1000,DISTRICT23,TABLET,116.0
ART-INJ,2025-08-01,HEALTH CENTER,2235.0,441.0,173.0,2780.0,,19.0,642,73.0,5,DISTRICT15,VIAL,19.0
ART-SUP,2024-08-01,HEALTH CENTER,5443.0,543.0,1290.0,4211.0,2206.0,1132.0,-607,1143.0,2,DISTRICT16,CAPSULE,-1074.0
RDT,2025-02-01,HEALTH CENTER,3227.0,12.0,841.0,4244.0,331.0,105.0,1,756.0,25,DISTRICT13,PIECE,-226.0
ACT-AD,2024-08-01,HEALTH CENTER,2055.0,308.0,621.0,3085.0,,0.0,351,203.0,30,DISTRICT20,BLISTER,0.0
ACT-INF,2024-05-01,HEALTH CENTER,408.0,326.0,419.0,992.0,,178.0,1048,213.0,30,DISTRICT5,BLISTER,178.0
ART-SUP,2024-05-01,HEALTH CENTER,61.0,116.0,180.0,526.0,,867.0,22,24.0,2,DISTRICT10,CAPSULE,867.0
ACT-AD,2025-05-01,HEALTH CENTER,1502.0,1.0,366.0,1522.0,,949.0,578,375.0,30,DISTRICT30,BLISTER,949.0
ART-SUP,2024-05-01,HEALTH CENTER,928.0,0.0,22.0,35.0,993.0,74.0,-971,8.0,2,DISTRICT20,CAPSULE,-919.0
PYRA-SAC,2024-11-01,HEALTH CENTER,664.0,70.0,174.0,1112.0,,2116.0,1014,50.0,1,DISTRICT7,SACHET,2116.0
ART-INJ,2025-11-01,HEALTH CENTER,943.0,2.0,462.0,615.0,,117.0,514,436.0,5,DISTRICT29,VIAL,117.0
ART-SUP,2024-02-01,HEALTH CENTER,265.0,0.0,253.0,180.0,,92.0,279,174.0,2,DISTRICT5,CAPSULE,92.0
ITN,2025-05-01,HEALTH CENTER,1051.0,159.0,151.0,1077.0,,2916.0,108,77.0,50,DISTRICT28,PIECE,2916.0
QUIN,2024-11-01,HEALTH CENTER,1931.0,56.0,358.0,798.0,476.0,24.0,-710,209.0,1000,DISTRICT28,TABLET,-452.0
RDT,2025-11-01,HEALTH CENTER,905.0,60.0,182.0,1690.0,,0.0,-171,39.0,25,DISTRICT19,PIECE,0.0
QUIN,2024-11-01,HEALTH CENTER,1069.0,0.0,83.0,195.0,,9.0,-514,148.0,1000,DISTRICT38,TABLET,9.0
PYRA-SAC,2024-05-01,HEALTH CENTER,167.0,195.0,189.0,241.0,,2.0,183,216.0,1,DISTRICT30,SACHET,2.0
ART-SUP,2024-11-01,HEALTH CENTER,1325.0,56.0,128.0,681.0,,12.0,-577,208.0,2,DISTRICT23,CAPSULE,12.0
SP,2024-05-01,HEALTH CENTER,774.0,31.0,234.0,1005.0,,2086.0,-155,444.0,1000,DISTRICT20,TABLET,2086.0
ART-INJ,2024-11-01,HEALTH CENTER,337.0,64.0,67.0,1222.0,963.0,19.0,493,45.0,5,DISTRICT14,VIAL,-944.0
ART-SUP,2024-11-01,DISTRICT HOSPITAL,218.0,0.0,61.0,404.0,587.0,480.0,260,53.0,2,DISTRICT15,CAPSULE,-107.0
ACT-AD,2024-02-01,HEALTH CENTER,2.0,0.0,7.0,184.0,251.0,0.0,3,1.0,30,DISTRICT26,BLISTER,-251.0
ACT-INF,2025-11-01,DISTRICT HOSPITAL,216.0,0.0,219.0,310.0,,3991.0,1136,267.0,30,DISTRICT8,BLISTER,3991.0
RDT,2025-11-01,HEALTH CENTER,401.0,0.0,48.0,179.0,,1.0,503,8.0,25,DISTRICT33,PIECE,1.0
SP,2024-11-01,HEALTH CENTER,289.0,41.0,80.0,425.0,,0.0,-331,56.0,1000,DISTRICT13,TABLET,0.0
RDT,2024-05-01,DISTRICT HOSPITAL,6.0,2.0,1.0,141.0,,0.0,-1066,0.0,25,DISTRICT33,PIECE,0.0
ACT-SC,2024-05-01,HEALTH CENTER,101.0,419.0,170.0,140.0,687.0,41.0,92,72.0,30,DISTRICT3,BLISTER,-646.0
ITN,2025-02-01,HEALTH CENTER,3688.0,2416.0,583.0,3614.0,649.0,6.0,29,725.0,50,DISTRICT24,PIECE,-643.0
ACT-GC,2025-02-01,HEALTH CENTER,52.0,419.0,96.0,217.0,,236.0,995,121.0,30,DISTRICT25,BLISTER,236.0
PYRA-COMP,2025-02-01,HEALTH CENTER,756.0,283.0,68.0,421.0,516.0,2.0,-287,57.0,1,DISTRICT13,TABLET,-514.0
ACT-SC,2024-08-01,HEALTH CENTER,1766.0,140.0,180.0,1894.0,1422.0,822.0,-3,27.0,30,DISTRICT3,BLISTER,-600.0
SP,2025-08-01,HEALTH CENTER,330.0,0.0,152.0,23.0,,300.0,-90,34.0,1000,DISTRICT2,TABLET,300.0
QUIN,2025-05-01,DISTRICT HOSPITAL,425.0,0.0,207.0,191.0,525.0,0.0,-375,14.0,1000,DISTRICT14,TABLET,-525.0
ACT-AD,2024-08-01,HEALTH CENTER,6.0,7.0,50.0,23.0,,0.0,-248,266.0,30,DISTRICT33,BLISTER,0.0
PYRA-SAC,2024-02-01,HEALTH CENTER,6227.0,0.0,1700.0,5067.0,1411.0,39.0,-345,1596.0,1,DISTRICT20,SACHET,-1372.0
RDT,2025-05-01,HEALTH CENTER,1411.0,0.0,237.0,2274.0,639.0,1046.0,20,357.0,25,DISTRICT32,PIECE,407.0
ACT-AD,2025-08-01,HEALTH CENTER,2333.0,1559.0,616.0,1209.0,,607.0,-21,434.0,30,DISTRICT9,BLISTER,607.0
ITN,2024-02-01,HEALTH CENTER,1621.0,232.0,270.0,2286.0,,2.0,-350,120.0,50,DISTRICT14,PIECE,2.0
PYRA-COMP,2024-02-01,NATIONAL HOSPITAL,221.0,141.0,35.0,26.0,,11.0,-446,65.0,1,DISTRICT16,TABLET,11.0
ART-SUP,2025-05-01,HEALTH CENTER,19.0,0.0,0.0,36.0,,0.0,-735,0.0,2,DISTRICT28,CAPSULE,0.0
ART-INJ,2024-05-01,HEALTH CENTER,1269.0,0.0,94.0,1237.0,369.0,1.0,627,46.0,5,DISTRICT10,VIAL,-368.0
PYRA-COMP,2024-05-01,HEALTH CENTER,4955.0,190.0,465.0,1404.0,,6274.0,-64,396.0,1,DISTRICT16,TABLET,6274.0
ACT-SC,2025-02-01,HEALTH CENTER,420.0,49.0,535.0,291.0,,943.0,-385,246.0,30,DISTRICT30,BLISTER,943.0
ACT-SC,2024-08-01,HEALTH CENTER,506.0,0.0,352.0,44.0,,5815.0,-1148,112.0,30,DISTRICT20,BLISTER,5815.0
ACT-INF,2024-02-01,HEALTH CENTER,339.0,2.0,712.0,884.0,,2204.0,-20,377.0,30,DISTRICT8,BLISTER,2204.0
ART-SUP,2024-11-01,HEALTH CENTER,1485.0,201.0,422.0,1300.0,1723.0,2377.0,-180,470.0,2,DISTRICT29,CAPSULE,654.0
ACT-AD,2024-11-01,HEALTH CENTER,130.0,673.0,77.0,376.0,,825.0,59,128.0,30,DISTRICT28,BLISTER,825.0
PYRA-SAC,2025-11-01,HEALTH CENTER,56.0,40.0,214.0,57.0,,502.0,24,105.0,1,DISTRICT20,SACHET,502.0
ACT-INF,2024-11-01,HEALTH CENTER,583.0,35.0,217.0,649.0,526.0,1.0,-38,63.0,30,DISTRICT9,BLISTER,-525.0
ACT-SC,2025-11-01,DISTRICT HOSPITAL,1884.0,435.0,903.0,2932.0,,987.0,-445,825.0,30,DISTRICT38,BLISTER,987.0
PYRA-SAC,2024-02-01,HEALTH CENTER,37.0,351.0,90.0,497.0,775.0,30.0,91,10.0,1,DISTRICT9,SACHET,-745.0
SP,2025-02-01,HEALTH CENTER,5486.0,1.0,964.0,3173.0,1985.0,227.0,-52,813.0,1000,DISTRICT13,TABLET,-1758.0
ART-INJ,2024-02-01,HEALTH CENTER,1212.0,0.0,311.0,1315.0,,48.0,74,281.0,5,DISTRICT30,VIAL,48.0
ART-SUP,2024-11-01,HEALTH CENTER,64.0,835.0,107.0,663.0,1439.0,323.0,336,33.0,2,DISTRICT14,CAPSULE,-1116.0
SP,2025-02-01,HEALTH CENTER,42.0,14.0,96.0,168.0,,43.0,92,18.0,1000,DISTRICT13,TABLET,43.0
ART-SUP,2025-05-01,HEALTH CENTER,585.0,36.0,123.0,574.0,,0.0,152,117.0,2,DISTRICT24,CAPSULE,0.0
ART-SUP,2024-08-01,HEALTH CENTER,176.0,0.0,39.0,384.0,,0.0,-460,3.0,2,DISTRICT37,CAPSULE,0.0
PYRA-COMP,2025-08-01,HEALTH CENTER,208.0,12.0,23.0,513.0,467.0,487.0,-263,8.0,1,DISTRICT9,TABLET,20.0
ITN,2024-11-01,HEALTH CENTER,3040.0,0.0,86.0,898.0,,0.0,-86,132.0,50,DISTRICT28,PIECE,0.0
ITN,2025-08-01,HEALTH CENTER,2574.0,1642.0,672.0,4034.0,,609.0,-39,452.0,50,DISTRICT13,PIECE,609.0
PYRA-SAC,2025-02-01,DISTRICT HOSPITAL,1605.0,144.0,636.0,930.0,,2590.0,239,546.0,1,DISTRICT7,SACHET,2590.0
ART-INJ,2024-08-01,HEALTH CENTER,61.0,0.0,11.0,31.0,,755.0,87,55.0,5,DISTRICT12,VIAL,755.0
ART-SUP,2025-11-01,HEALTH CENTER,524.0,64.0,240.0,1087.0,,207.0,344,322.0,2,DISTRICT20,CAPSULE,207.0
QUIN,2025-08-01,HEALTH CENTER,1500.0,0.0,217.0,1272.0,367.0,301.0,-254,34.0,1000,DISTRICT3,TABLET,-66.0
ACT-GC,2024-05-01,HEALTH CENTER,1541.0,5.0,663.0,502.0,,6753.0,-236,463.0,30,DISTRICT31,BLISTER,6753.0
RDT,2025-02-01,HEALTH CENTER,544.0,246.0,585.0,958.0,,139.0,-182,332.0,25,DISTRICT12,PIECE,139.0
ACT-INF,2025-02-01,HEALTH CENTER,251.0,249.0,124.0,327.0,,8537.0,675,625.0,30,DISTRICT3,BLISTER,8537.0
ITN,2024-08-01,HEALTH CENTER,302.0,19.0,375.0,139.0,966.0,595.0,-331,155.0,50,DISTRICT20,PIECE,-371.0
ACT-SC,2024-08-01,HEALTH CENTER,415.0,27.0,541.0,140.0,,3244.0,817,605.0,30,DISTRICT38,BLISTER,3244.0
RDT,2024-02-01,HEALTH CENTER,794.0,2.0,288.0,442.0,600.0,9.0,-298,184.0,25,DISTRICT29,PIECE,-591.0
ART-SUP,2024-02-01,HEALTH CENTER,538.0,6.0,154.0,179.0,1219.0,61.0,-16,87.0,2,DISTRICT29,CAPSULE,-1158.0
ACT-INF,2024-08-01,HEALTH CENTER,949.0,29.0,76.0,1244.0,,344.0,86,227.0,30,DISTRICT3,BLISTER,344.0
QUIN,2025-05-01,HEALTH CENTER,932.0,3.0,95.0,1412.0,219.0,115.0,-445,11.0,1000,DISTRICT29,TABLET,-104.0
ACT-SC,2025-02-01,HEALTH CENTER,1942.0,327.0,516.0,2168.0,679.0,1119.0,159,688.0,30,DISTRICT21,BLISTER,440.0
SP,2025-08-01,HEALTH CENTER,537.0,0.0,325.0,537.0,,1355.0,446,148.0,1000,DISTRICT33,TABLET,1355.0
QUIN,2024-05-01,HEALTH CENTER,813.0,0.0,171.0,992.0,315.0,1171.0,736,54.0,1000,DISTRICT36,TABLET,856.0
ACT-INF,2025-02-01,HEALTH CENTER,91.0,1.0,103.0,38.0,,1.0,-1012,45.0,30,DISTRICT1,BLISTER,1.0
SP,2024-08-01,DISTRICT HOSPITAL,100.0,0.0,45.0,73.0,,194.0,-353,9.0,1000,DISTRICT5,TABLET,194.0
ACT-INF,2025-11-01,DISTRICT HOSPITAL,338.0,33.0,225.0,194.0,,132.0,-148,123.0,30,DISTRICT25,BLISTER,132.0
ITN,2024-05-01,DISTRICT HOSPITAL,76.0,2.0,31.0,307.0,,0.0,-232,13.0,50,DISTRICT22,PIECE,0.0
ACT-GC,2024-11-01,HEALTH CENTER,556.0,42.0,146.0,108.0,,8277.0,-373,64.0,30,DISTRICT10,BLISTER,8277.0
ACT-SC,2025-11-01,HEALTH CENTER,2650.0,48.0,563.0,1399.0,,0.0,-590,467.0,30,DISTRICT32,BLISTER,0.0
ACT-GC,2025-11-01,HEALTH CENTER,882.0,3.0,114.0,88.0,,114.0,-210,135.0,30,DISTRICT17,BLISTER,114.0
PYRA-SAC,2025-08-01,HEALTH CENTER,1711.0,5.0,322.0,226.0,,2967.0,480,153.0,1,DISTRICT15,SACHET,2967.0
RDT,2025-05-01,HEALTH CENTER,1107.0,71.0,245.0,591.0,,4896.0,106,149.0,25,DISTRICT10,PIECE,4896.0
SP,2024-11-01,HEALTH CENTER,3477.0,858.0,801.0,4636.0,,1641.0,-566,828.0,1000,DISTRICT25,TABLET,1641.0
ITN,2024-08-01,HEALTH CENTER,3327.0,27.0,894.0,2809.0,,720.0,273,370.0,50,DISTRICT23,PIECE,720.0
ACT-GC,2024-08-01,HEALTH CENTER,2374.0,2.0,190.0,875.0,268.0,0.0,-776,66.0,30,DISTRICT10,BLISTER,-268.0
ART-INJ,2024-05-01,HEALTH CENTER,252.0,14.0,65.0,166.0,390.0,994.0,60,53.0,5,DISTRICT20,VIAL,604.0
ACT-SC,2024-02-01,HEALTH CENTER,517.0,0.0,55.0,476.0,508.0,4.0,201,36.0,30,DISTRICT30,BLISTER,-504.0
RDT,2025-02-01,HEALTH CENTER,241.0,91.0,97.0,333.0,,2.0,63,241.0,25,DISTRICT1,PIECE,2.0
RDT,2024-08-01,HEALTH CENTER,16.0,1.0,131.0,19.0,,2978.0,-224,159.0,25,DISTRICT33,PIECE,2978.0
ACT-GC,2024-11-01,HEALTH CENTER,69.0,19.0,75.0,83.0,,1385.0,-308,23.0,30,DISTRICT33,BLISTER,1385.0
ACT-AD,2025-02-01,HEALTH CENTER,6769.0,289.0,930.0,7139.0,682.0,227.0,531,746.0,30,DISTRICT16,BLISTER,-455.0
SP,2025-08-01,HEALTH CENTER,1705.0,1.0,790.0,1980.0,,0.0,-743,344.0,1000,DISTRICT9,TABLET,0.0
PYRA-SAC,2024-02-01,HEALTH CENTER,74.0,38.0,152.0,242.0,,0.0,247,24.0,1,DISTRICT14,SACHET,0.0
ACT-SC,2024-08-01,HEALTH CENTER,1017.0,701.0,639.0,1632.0,,187.0,76,580.0,30,DISTRICT35,BLISTER,187.0
ACT-AD,2025-11-01,DISTRICT HOSPITAL,3411.0,0.0,196.0,1958.0,377.0,0.0,-43,105.0,30,DISTRICT13,BLISTER,-377.0
PYRA-SAC,2025-08-01,HEALTH CENTER,75.0,3.0,30.0,63.0,,55.0,-158,5.0,1,DISTRICT31,SACHET,55.0
PYRA-SAC,2024-11-01,HEALTH CENTER,115.0,9.0,150.0,49.0,,37.0,-262,7.0,1,DISTRICT38,SACHET,37.0
RDT,2024-05-01,HEALTH CENTER,2104.0,0.0,398.0,1952.0,438.0,213.0,-548,459.0,25,DISTRICT16,PIECE,-225.0
ACT-GC,2025-05-01,HEALTH CENTER,264.0,138.0,227.0,157.0,,50.0,99,104.0,30,DISTRICT3,BLISTER,50.0
RDT,2025-11-01,HEALTH CENTER,463.0,374.0,100.0,440.0,,1143.0,483,173.0,25,DISTRICT10,PIECE,1143.0
PYRA-SAC,2024-05-01,HEALTH CENTER,304.0,50.0,75.0,103.0,,4.0,-294,30.0,1,DISTRICT25,SACHET,4.0
ACT-INF,2025-02-01,HEALTH CENTER,231.0,8.0,49.0,88.0,,0.0,-208,12.0,30,DISTRICT29,BLISTER,0.0
PYRA-COMP,2024-08-01,HEALTH CENTER,266.0,26.0,271.0,778.0,1872.0,1073.0,446,139.0,1,DISTRICT12,TABLET,-799.0
RDT,2024-08-01,HEALTH CENTER,227.0,119.0,222.0,323.0,446.0,0.0,-22,61.0,25,DISTRICT18,PIECE,-446.0
ACT-INF,2025-02-01,HEALTH CENTER,892.0,0.0,105.0,214.0,272.0,0.0,-576,40.0,30,DISTRICT9,BLISTER,-272.0
ACT-INF,2024-08-01,HEALTH CENTER,8097.0,2556.0,2129.0,8772.0,,3820.0,-539,2293.0,30,DISTRICT23,BLISTER,3820.0
ACT-INF,2025-08-01,HEALTH CENTER,3863.0,223.0,734.0,3433.0,,583.0,-365,880.0,30,DISTRICT8,BLISTER,583.0
ACT-GC,2025-11-01,HEALTH CENTER,2123.0,193.0,744.0,2716.0,,0.0,-31,411.0,30,DISTRICT9,BLISTER,0.0
ACT-GC,2024-02-01,HEALTH CENTER,3868.0,17.0,1002.0,2992.0,780.0,2086.0,61,1152.0,30,DISTRICT5,BLISTER,1306.0
ACT-SC,2024-08-01,HEALTH CENTER,613.0,0.0,82.0,253.0,,411.0,9,112.0,30,DISTRICT1,BLISTER,411.0
QUIN,2024-08-01,HEALTH CENTER,8321.0,28.0,1961.0,4839.0,543.0,272.0,83,1093.0,1000,DISTRICT15,TABLET,-271.0
ART-SUP,2025-05-01,HEALTH CENTER,205.0,29.0,124.0,484.0,,1.0,8,92.0,2,DISTRICT28,CAPSULE,1.0
RDT,2025-05-01,HEALTH CENTER,285.0,175.0,36.0,401.0,,0.0,395,15.0,25,DISTRICT9,PIECE,0.0
RDT,2025-11-01,HEALTH CENTER,352.0,362.0,106.0,346.0,,0.0,127,42.0,25,DISTRICT31,PIECE,0.0
ART-INJ,2024-08-01,HEALTH CENTER,212.0,0.0,79.0,450.0,,1075.0,-31,30.0,5,DISTRICT29,VIAL,1075.0
ITN,2024-02-01,HEALTH CENTER,627.0,0.0,33.0,227.0,,0.0,-94,21.0,50,DISTRICT25,PIECE,0.0
RDT,2025-05-01,HEALTH CENTER,888.0,9.0,335.0,721.0,,594.0,170,260.0,25,DISTRICT1,PIECE,594.0
PYRA-SAC,2024-11-01,HEALTH CENTER,187.0,53.0,211.0,554.0,316.0,6.0,137,119.0,1,DISTRICT35,SACHET,-310.0
ACT-GC,2025-05-01,HEALTH CENTER,1255.0,0.0,28.0,311.0,136.0,0.0,-199,2.0,30,DISTRICT5,BLISTER,-136.0
ART-SUP,2024-02-01,HEALTH CENTER,1864.0,443.0,263.0,2778.0,,10.0,36,65.0,2,DISTRICT33,CAPSULE,10.0
ACT-SC,2024-11-01,HEALTH CENTER,701.0,426.0,910.0,1839.0,738.0,825.0,-168,550.0,30,DISTRICT27,BLISTER,87.0
ART-SUP,2025-05-01,HEALTH CENTER,1716.0,108.0,360.0,2903.0,,989.0,52,272.0,2,DISTRICT3,CAPSULE,989.0
ACT-GC,2025-11-01,HEALTH CENTER,454.0,264.0,181.0,455.0,,22.0,354,39.0,30,DISTRICT13,BLISTER,22.0
ITN,2025-05-01,HEALTH CENTER,1583.0,363.0,414.0,1643.0,,601.0,-176,309.0,50,DISTRICT12,PIECE,601.0
ACT-AD,2024-05-01,HEALTH CENTER,635.0,360.0,83.0,531.0,,32.0,231,60.0,30,DISTRICT21,BLISTER,32.0
PYRA-COMP,2024-05-01,HEALTH CENTER,1108.0,1982.0,199.0,2714.0,,1582.0,-109,134.0,1,DISTRICT27,TABLET,1582.0
ACT-GC,2024-02-01,HEALTH CENTER,244.0,0.0,51.0,244.0,,0.0,-573,20.0,30,DISTRICT29,BLISTER,0.0
ART-INJ,2024-02-01,HEALTH CENTER,38.0,980.0,42.0,697.0,,76.0,70,101.0,5,DISTRICT17,VIAL,76.0
ART-SUP,2024-08-01,HEALTH CENTER,741.0,249.0,39.0,360.0,,31.0,35,39.0,2,DISTRICT21,CAPSULE,31.0
ITN,2025-11-01,DISTRICT HOSPITAL,319.0,214.0,69.0,765.0,,0.0,-218,36.0,50,DISTRICT31,PIECE,0.0
ITN,2024-05-01,HEALTH CENTER,1314.0,30.0,585.0,867.0,,15.0,-416,857.0,50,DISTRICT20,PIECE,15.0
RDT,2024-11-01,HEALTH CENTER,4.0,27.0,2.0,3.0,,443.0,217,0.0,25,DISTRICT19,PIECE,443.0
PYRA-SAC,2025-02-01,HEALTH CENTER,660.0,0.0,262.0,386.0,850.0,240.0,429,342.0,1,DISTRICT33,SACHET,-610.0
PYRA-COMP,2025-11-01,DISTRICT HOSPITAL,247.0,3.0,89.0,339.0,342.0,58.0,-269,9.0,1,DISTRICT38,TABLET,-284.0
ACT-GC,2024-11-01,HEALTH CENTER,438.0,0.0,163.0,391.0,,3727.0,490,146.0,30,DISTRICT18,BLISTER,3727.0
ART-INJ,2025-05-01,HEALTH CENTER,495.0,30.0,179.0,589.0,,2.0,281,347.0,5,DISTRICT33,VIAL,2.0
ART-SUP,2025-11-01,DISTRICT HOSPITAL,1131.0,17.0,90.0,452.0,1392.0,2179.0,232,14.0,2,DISTRICT36,CAPSULE,787.0
ACT-SC,2024-02-01,HEALTH CENTER,583.0,1.0,136.0,1088.0,126.0,0.0,1634,64.0,30,DISTRICT31,BLISTER,-126.0
ACT-INF,2024-02-01,HEALTH CENTER,1134.0,154.0,467.0,2469.0,,400.0,-569,277.0,30,DISTRICT11,BLISTER,400.0
RDT,2025-11-01,HEALTH CENTER,24.0,19.0,33.0,58.0,,2940.0,-754,7.0,25,DISTRICT23,PIECE,2940.0
SP,2025-02-01,HEALTH CENTER,184.0,0.0,143.0,29.0,,24.0,768,26.0,1000,DISTRICT31,TABLET,24.0
ACT-GC,2024-02-01,HEALTH CENTER,1475.0,283.0,420.0,2130.0,,1.0,-16,215.0,30,DISTRICT33,BLISTER,1.0
PYRA-SAC,2024-08-01,HEALTH CENTER,1530.0,322.0,561.0,525.0,,4555.0,29,303.0,1,DISTRICT35,SACHET,4555.0
ACT-SC,2024-11-01,HEALTH CENTER,183.0,5.0,124.0,645.0,369.0,5.0,-62,373.0,30,DISTRICT14,BLISTER,-364.0
PYRA-SAC,2024-05-01,HEALTH CENTER,230.0,79.0,122.0,29.0,716.0,394.0,-780,31.0,1,DISTRICT18,SACHET,-322.0
ART-SUP,2024-05-01,HEALTH CENTER,466.0,0.0,234.0,86.0,,2516.0,369,292.0,2,DISTRICT16,CAPSULE,2516.0
ACT-INF,2025-08-01,HEALTH CENTER,2172.0,43.0,203.0,1010.0,,0.0,33,77.0,30,DISTRICT17,BLISTER,0.0
ACT-AD,2025-08-01,HEALTH CENTER,213.0,219.0,55.0,537.0,,5.0,-392,38.0,30,DISTRICT13,BLISTER,5.0
SP,2025-05-01,HEALTH CENTER,27.0,68.0,38.0,23.0,,403.0,-688,11.0,1000,DISTRICT37,TABLET,403.0
RDT,2024-05-01,HEALTH CENTER,4860.0,2708.0,1478.0,5094.0,,3.0,113,963.0,25,DISTRICT3,PIECE,3.0
ART-SUP,2025-02-01,HEALTH CENTER,1105.0,0.0,25.0,502.0,,1.0,-473,8.0,2,DISTRICT21,CAPSULE,1.0
RDT,2024-02-01,HEALTH CENTER,290.0,371.0,166.0,1890.0,,2045.0,214,237.0,25,DISTRICT36,PIECE,2045.0
ACT-AD,2024-02-01,HEALTH CENTER,71.0,0.0,97.0,20.0,,699.0,307,68.0,30,DISTRICT5,BLISTER,699.0
PYRA-SAC,2025-02-01,HEALTH CENTER,746.0,102.0,647.0,331.0,,15.0,807,52.0,1,DISTRICT23,SACHET,15.0
ACT-INF,2024-11-01,HEALTH CENTER,2396.0,0.0,701.0,716.0,,365.0,-101,1260.0,30,DISTRICT8,BLISTER,365.0
PYRA-COMP,2024-08-01,REGIONAL HOSPITAL,1127.0,12.0,558.0,1100.0,,1404.0,-48,542.0,1,DISTRICT31,TABLET,1404.0
ACT-AD,2024-02-01,HEALTH CENTER,884.0,119.0,135.0,3884.0,,0.0,-190,10.0,30,DISTRICT24,BLISTER,0.0
PYRA-COMP,2024-05-01,HEALTH CENTER,112.0,7.0,72.0,97.0,,31.0,397,37.0,1,DISTRICT36,TABLET,31.0
QUIN,2024-02-01,HEALTH CENTER,9.0,0.0,6.0,10.0,1132.0,1032.0,-119,4.0,1000,DISTRICT23,TABLET,-100.0
SP,2025-02-01,HEALTH CENTER,558.0,548.0,260.0,795.0,,6012.0,-906,132.0,1000,DISTRICT24,TABLET,6012.0
ACT-AD,2025-08-01,HEALTH CENTER,362.0,646.0,321.0,157.0,,9229.0,289,314.0,30,DISTRICT22,BLISTER,9229.0
ACT-GC,2024-11-01,HEALTH CENTER,8.0,404.0,183.0,121.0,,153.0,-594,45.0,30,DISTRICT13,BLISTER,153.0
ACT-INF,2025-02-01,HEALTH CENTER,246.0,145.0,17.0,115.0,,0.0,98,0.0,30,DISTRICT31,BLISTER,0.0
ART-SUP,2025-02-01,HEALTH CENTER,3083.0,0.0,510.0,393.0,243.0,15.0,69,260.0,2,DISTRICT28,CAPSULE,-228.0
ACT-GC,2024-11-01,HEALTH CENTER,174.0,2208.0,259.0,2036.0,,2.0,617,195.0,30,DISTRICT37,BLISTER,2.0
SP,2025-08-01,HEALTH CENTER,544.0,68.0,407.0,1035.0,422.0,143.0,577,79.0,1000,DISTRICT33,TABLET,-279.0
ACT-INF,2024-11-01,HEALTH CENTER,477.0,0.0,17.0,356.0,792.0,193.0,584,26.0,30,DISTRICT20,BLISTER,-599.0
SP,2024-02-01,HEALTH CENTER,300.0,324.0,498.0,1326.0,860.0,5432.0,-291,544.0,1000,DISTRICT19,TABLET,4572.0
ACT-SC,2025-05-01,HEALTH CENTER,541.0,0.0,90.0,1065.0,,2450.0,112,27.0,30,DISTRICT9,BLISTER,2450.0
QUIN,2025-08-01,HEALTH CENTER,35.0,395.0,175.0,232.0,,369.0,247,205.0,1000,DISTRICT5,TABLET,369.0
ACT-GC,2025-11-01,HEALTH CENTER,1105.0,281.0,345.0,1182.0,1701.0,115.0,-33,178.0,30,DISTRICT24,BLISTER,-1586.0
SP,2025-05-01,HEALTH CENTER,12.0,5.0,105.0,5.0,,292.0,86,18.0,1000,DISTRICT31,TABLET,292.0
PYRA-COMP,2024-11-01,DISTRICT HOSPITAL,1807.0,146.0,410.0,1855.0,,77.0,54,139.0,1,DISTRICT5,TABLET,77.0
ACT-GC,2025-02-01,HEALTH CENTER,61.0,83.0,127.0,72.0,443.0,2246.0,208,217.0,30,DISTRICT3,BLISTER,1803.0
PYRA-SAC,2024-08-01,HEALTH CENTER,102.0,13.0,18.0,101.0,887.0,17.0,-135,1.0,1,DISTRICT11,SACHET,-870.0
ART-INJ,2025-11-01,HEALTH CENTER,1363.0,309.0,391.0,1076.0,,3367.0,158,396.0,5,DISTRICT33,VIAL,3367.0
ACT-AD,2024-11-01,HEALTH CENTER,375.0,4.0,59.0,884.0,116.0,3.0,-573,32.0,30,DISTRICT8,BLISTER,-113.0
ACT-GC,2024-11-01,HEALTH CENTER,1240.0,1.0,566.0,266.0,,2470.0,-40,210.0,30,DISTRICT14,BLISTER,2470.0
ART-INJ,2024-08-01,HEALTH CENTER,648.0,2.0,44.0,593.0,,131.0,-867,4.0,5,DISTRICT16,VIAL,131.0
ACT-SC,2025-08-01,HEALTH CENTER,614.0,20.0,62.0,1367.0,,0.0,85,18.0,30,DISTRICT14,BLISTER,0.0
SP,2025-05-01,HEALTH CENTER,113.0,0.0,2.0,23.0,,0.0,284,0.0,1000,DISTRICT20,TABLET,0.0
SP,2024-11-01,HEALTH CENTER,880.0,101.0,61.0,1065.0,,0.0,477,64.0,1000,DISTRICT31,TABLET,0.0
ITN,2024-05-01,HEALTH CENTER,7.0,174.0,46.0,173.0,,0.0,-108,6.0,50,DISTRICT31,PIECE,0.0
ART-SUP,2024-11-01,HEALTH CENTER,19.0,36.0,46.0,6.0,,0.0,1012,10.0,2,DISTRICT38,CAPSULE,0.0
QUIN,2024-02-01,HEALTH CENTER,36.0,1.0,8.0,17.0,206.0,205.0,373,12.0,1000,DISTRICT22,TABLET,-1.0
ACT-GC,2024-11-01,HEALTH CENTER,1393.0,229.0,86.0,1836.0,1086.0,151.0,321,45.0,30,DISTRICT1,BLISTER,-935.0
QUIN,2025-05-01,HEALTH CENTER,783.0,96.0,115.0,1314.0,,559.0,-78,43.0,1000,DISTRICT30,TABLET,559.0
RDT,2025-05-01,HEALTH CENTER,1583.0,380.0,843.0,2100.0,,213.0,-209,827.0,25,DISTRICT1,PIECE,213.0
ACT-GC,2024-08-01,HEALTH CENTER,1.0,2.0,1.0,26.0,824.0,459.0,7,0.0,30,DISTRICT35,BLISTER,-365.0
SP,2025-08-01,HEALTH CENTER,193.0,2.0,101.0,484.0,,0.0,35,65.0,1000,DISTRICT22,TABLET,0.0
ART-SUP,2024-08-01,HEALTH CENTER,1765.0,0.0,531.0,1850.0,211.0,360.0,222,692.0,2,DISTRICT19,CAPSULE,149.0
SP,2025-08-01,HEALTH CENTER,406.0,2.0,136.0,258.0,,117.0,-146,15.0,1000,DISTRICT23,TABLET,117.0
ACT-AD,2025-05-01,HEALTH CENTER,2247.0,5.0,506.0,800.0,242.0,599.0,-219,267.0,30,DISTRICT26,BLISTER,357.0
ART-INJ,2024-05-01,HEALTH CENTER,937.0,1.0,65.0,423.0,76.0,0.0,-56,46.0,5,DISTRICT25,VIAL,-76.0
ITN,2024-02-01,HEALTH CENTER,663.0,161.0,418.0,951.0,969.0,4.0,-83,688.0,50,DISTRICT19,PIECE,-965.0
ACT-INF,2024-11-01,HEALTH CENTER,825.0,45.0,429.0,696.0,,315.0,71,455.0,30,DISTRICT32,BLISTER,315.0
ART-INJ,2025-11-01,HEALTH CENTER,303.0,117.0,99.0,158.0,,0.0,403,35.0,5,DISTRICT7,VIAL,0.0
ACT-INF,2024-05-01,HEALTH CENTER,739.0,2.0,278.0,669.0,,0.0,-564,143.0,30,DISTRICT5,BLISTER,0.0
ART-INJ,2025-02-01,HEALTH CENTER,3236.0,634.0,1685.0,3430.0,899.0,527.0,-457,1188.0,5,DISTRICT25,VIAL,-372.0
ACT-GC,2024-08-01,HEALTH CENTER,934.0,0.0,87.0,278.0,,1503.0,-231,382.0,30,DISTRICT30,BLISTER,1503.0
ART-INJ,2024-11-01,HEALTH CENTER,283.0,0.0,34.0,34.0,,6.0,-387,2.0,5,DISTRICT8,VIAL,6.0
ART-INJ,2025-08-01,HEALTH CENTER,1594.0,75.0,472.0,2705.0,,90.0,-155,310.0,5,DISTRICT8,VIAL,90.0
ACT-GC,2024-08-01,HEALTH CENTER,1231.0,32.0,603.0,637.0,,1783.0,-437,280.0,30,DISTRICT24,BLISTER,1783.0
ART-SUP,2024-08-01,HEALTH CENTER,3790.0,75.0,236.0,1837.0,,1.0,-255,48.0,2,DISTRICT28,CAPSULE,1.0
ACT-AD,2024-08-01,HEALTH CENTER,1439.0,0.0,109.0,1398.0,,0.0,91,31.0,30,DISTRICT15,BLISTER,0.0
PYRA-SAC,2025-05-01,HEALTH CENTER,795.0,7.0,83.0,843.0,,0.0,-285,32.0,1,DISTRICT13,SACHET,0.0
ACT-SC,2025-11-01,HEALTH CENTER,899.0,0.0,5.0,224.0,,0.0,288,3.0,30,DISTRICT27,BLISTER,0.0
ACT-GC,2025-11-01,HEALTH CENTER,274.0,0.0,12.0,762.0,,4.0,-352,14.0,30,DISTRICT20,BLISTER,4.0
ACT-INF,2024-11-01,HEALTH CENTER,957.0,8.0,456.0,1030.0,,1332.0,-548,309.0,30,DISTRICT1,BLISTER,1332.0
ACT-GC,2024-05-01,HEALTH CENTER,240.0,0.0,55.0,65.0,517.0,785.0,505,224.0,30,DISTRICT28,BLISTER,268.0
ACT-INF,2025-05-01,HEALTH CENTER,569.0,0.0,91.0,181.0,,56.0,-150,58.0,30,DISTRICT36,BLISTER,56.0
PYRA-SAC,2025-08-01,HEALTH CENTER,556.0,138.0,113.0,696.0,,0.0,-257,132.0,1,DISTRICT17,SACHET,0.0
ITN,2025-05-01,REGIONAL HOSPITAL,1605.0,821.0,434.0,1494.0,,1258.0,100,600.0,50,DISTRICT13,PIECE,1258.0
ACT-INF,2024-08-01,HEALTH CENTER,3556.0,1.0,166.0,2559.0,322.0,0.0,1056,18.0,30,DISTRICT21,BLISTER,-322.0
ART-INJ,2024-11-01,DISTRICT HOSPITAL,347.0,458.0,101.0,754.0,,174.0,-320,52.0,5,DISTRICT29,VIAL,174.0
PYRA-SAC,2024-11-01,HEALTH CENTER,3673.0,91.0,742.0,1677.0,,329.0,5,932.0,1,DISTRICT9,SACHET,329.0
ART-INJ,2024-05-01,NATIONAL HOSPITAL,72.0,96.0,26.0,57.0,,0.0,122,7.0,5,DISTRICT30,VIAL,0.0
QUIN,2025-08-01,HEALTH CENTER,16.0,52.0,8.0,14.0,,0.0,-608,0.0,1000,DISTRICT31,TABLET,0.0
ART-INJ,2024-05-01,DISTRICT HOSPITAL,1377.0,396.0,310.0,1481.0,1554.0,3250.0,-628,366.0,5,DISTRICT5,VIAL,1696.0
PYRA-COMP,2024-02-01,HEALTH CENTER,196.0,88.0,341.0,503.0,1424.0,3806.0,-107,290.0,1,DISTRICT1,TABLET,2382.0
RDT,2025-11-01,HEALTH CENTER,73.0,249.0,53.0,196.0,1003.0,31.0,542,38.0,25,DISTRICT35,PIECE,-972.0
SP,2024-02-01,HEALTH CENTER,1337.0,4251.0,749.0,701.0,,744.0,-31,489.0,1000,DISTRICT32,TABLET,744.0
ACT-GC,2024-08-01,HEALTH CENTER,159.0,0.0,2.0,28.0,913.0,37.0,-244,0.0,30,DISTRICT28,BLISTER,-876.0
ACT-SC,2024-02-01,HEALTH CENTER,179.0,1.0,141.0,306.0,,137.0,209,53.0,30,DISTRICT7,BLISTER,137.0
ART-SUP,2025-08-01,HEALTH CENTER,427.0,24.0,152.0,209.0,921.0,1564.0,-643,31.0,2,DISTRICT23,CAPSULE,643.0
RDT,2025-05-01,HEALTH CENTER,558.0,158.0,230.0,240.0,,14.0,-446,55.0,25,DISTRICT38,PIECE,14.0
PYRA-SAC,2024-02-01,HEALTH CENTER,869.0,0.0,83.0,62.0,,754.0,-208,44.0,1,DISTRICT21,SACHET,754.0
QUIN,2024-02-01,HEALTH CENTER,99.0,699.0,50.0,39.0,1722.0,244.0,132,15.0,1000,DISTRICT28,TABLET,-1478.0
QUIN,2025-05-01,HEALTH CENTER,554.0,61.0,910.0,2611.0,745.0,0.0,399,1385.0,1000,DISTRICT29,TABLET,-745.0
ART-SUP,2025-05-01,HEALTH CENTER,77.0,81.0,40.0,218.0,246.0,136.0,-162,9.0,2,DISTRICT30,CAPSULE,-110.0
ACT-GC,2025-08-01,HEALTH CENTER,722.0,1077.0,423.0,2635.0,,4.0,-923,98.0,30,DISTRICT36,BLISTER,4.0
ACT-INF,2025-05-01,HEALTH CENTER,1904.0,75.0,351.0,1946.0,,92.0,-73,348.0,30,DISTRICT9,BLISTER,92.0
QUIN,2025-11-01,HEALTH CENTER,1922.0,75.0,288.0,3678.0,,2.0,386,371.0,1000,DISTRICT29,TABLET,2.0
ITN,2024-08-01,HEALTH CENTER,837.0,0.0,137.0,156.0,,0.0,257,95.0,50,DISTRICT31,PIECE,0.0
PYRA-SAC,2025-05-01,HEALTH CENTER,5.0,323.0,137.0,85.0,,1886.0,932,34.0,1,DISTRICT29,SACHET,1886.0
PYRA-SAC,2024-11-01,HEALTH CENTER,36.0,0.0,21.0,52.0,,27.0,427,16.0,1,DISTRICT29,SACHET,27.0
ACT-INF,2024-02-01,HEALTH CENTER,177.0,1.0,131.0,227.0,,49.0,17,143.0,30,DISTRICT16,BLISTER,49.0
ACT-SC,2024-11-01,HEALTH CENTER,649.0,136.0,399.0,303.0,,7354.0,-364,495.0,30,DISTRICT9,BLISTER,7354.0
ACT-SC,2024-11-01,HEALTH CENTER,1629.0,168.0,711.0,1108.0,,1344.0,-129,533.0,30,DISTRICT15,BLISTER,1344.0
RDT,2024-08-01,HEALTH CENTER,715.0,1.0,292.0,1190.0,,194.0,8,187.0,25,DISTRICT4,PIECE,194.0
ACT-GC,2024-11-01,DISTRICT HOSPITAL,349.0,1.0,50.0,958.0,,2.0,-677,16.0,30,DISTRICT29,BLISTER,2.0
ART-SUP,2024-02-01,HEALTH CENTER,13.0,575.0,16.0,497.0,,14.0,-70,4.0,2,DISTRICT8,CAPSULE,14.0
ITN,2024-08-01,HEALTH CENTER,168.0,0.0,7.0,267.0,372.0,0.0,308,10.0,50,DISTRICT10,PIECE,-372.0
PYRA-SAC,2024-11-01,HEALTH CENTER,66.0,385.0,21.0,152.0,,0.0,-276,3.0,1,DISTRICT8,SACHET,0.0
ITN,2025-11-01,HEALTH CENTER,482.0,225.0,69.0,1126.0,339.0,0.0,21,25.0,50,DISTRICT5,PIECE,-339.0
ART-INJ,2024-11-01,HEALTH CENTER,2644.0,263.0,323.0,3358.0,,4.0,-415,252.0,5,DISTRICT21,VIAL,4.0
ACT-AD,2025-02-01,HEALTH CENTER,139.0,7.0,137.0,584.0,551.0,35.0,-67,139.0,30,DISTRICT31,BLISTER,-516.0
SP,2024-08-01,HEALTH CENTER,480.0,68.0,407.0,648.0,,5087.0,217,729.0,1000,DISTRICT10,TABLET,5087.0
ACT-GC,2024-05-01,HEALTH CENTER,64.0,165.0,46.0,436.0,,13.0,-394,65.0,30,DISTRICT25,BLISTER,13.0
ACT-GC,2025-11-01,HEALTH CENTER,133.0,710.0,273.0,1457.0,,46.0,1,49.0,30,DISTRICT4,BLISTER,46.0
SP,2025-05-01,HEALTH CENTER,515.0,23.0,157.0,119.0,,94.0,481,198.0,1000,DISTRICT32,TABLET,94.0
ACT-SC,2024-05-01,DISTRICT HOSPITAL,1.0,2.0,2.0,1.0,,0.0,158,0.0,30,DISTRICT9,BLISTER,0.0
ACT-INF,2024-02-01,HEALTH CENTER,155.0,329.0,28.0,863.0,789.0,503.0,158,32.0,30,DISTRICT32,BLISTER,-286.0
ITN,2024-02-01,REGIONAL HOSPITAL,868.0,394.0,634.0,1341.0,2506.0,2718.0,209,525.0,50,DISTRICT24,PIECE,212.0
PYRA-SAC,2025-02-01,HEALTH CENTER,208.0,242.0,165.0,497.0,,6.0,-43,56.0,1,DISTRICT4,SACHET,6.0
ACT-GC,2025-05-01,HEALTH CENTER,244.0,7.0,34.0,142.0,,4.0,232,9.0,30,DISTRICT13,BLISTER,4.0
ACT-AD,2024-08-01,HEALTH CENTER,311.0,297.0,154.0,1212.0,,2353.0,427,97.0,30,DISTRICT17,BLISTER,2353.0
RDT,2025-02-01,HEALTH CENTER,489.0,0.0,19.0,14.0,,2714.0,-387,26.0,25,DISTRICT22,PIECE,2714.0
QUIN,2024-02-01,HEALTH CENTER,681.0,1.0,206.0,227.0,,146.0,407,70.0,1000,DISTRICT30,TABLET,146.0
RDT,2025-08-01,DISTRICT HOSPITAL,363.0,208.0,109.0,347.0,,0.0,-67,31.0,25,DISTRICT36,PIECE,0.0
PYRA-COMP,2025-08-01,HEALTH CENTER,355.0,79.0,586.0,755.0,,9612.0,595,852.0,1,DISTRICT9,TABLET,9612.0
ITN,2024-11-01,HEALTH CENTER,29.0,0.0,25.0,7.0,543.0,0.0,-248,8.0,50,DISTRICT35,PIECE,-543.0
SP,2025-11-01,HEALTH CENTER,638.0,24.0,270.0,890.0,,510.0,-420,98.0,1000,DISTRICT6,TABLET,510.0
SP,2025-05-01,HEALTH CENTER,798.0,1.0,309.0,1482.0,,18.0,-88,333.0,1000,DISTRICT37,TABLET,18.0
ITN,2025-11-01,HEALTH CENTER,82.0,8.0,161.0,147.0,1263.0,4007.0,612,19.0,50,DISTRICT20,PIECE,2744.0
ACT-INF,2024-02-01,HEALTH CENTER,223.0,57.0,110.0,1048.0,,0.0,-379,93.0,30,DISTRICT31,BLISTER,0.0
ART-SUP,2025-11-01,HEALTH CENTER,391.0,0.0,45.0,81.0,,28.0,388,5.0,2,DISTRICT28,CAPSULE,28.0
ITN,2025-05-01,HEALTH CENTER,1396.0,0.0,421.0,1347.0,,14.0,-202,316.0,50,DISTRICT32,PIECE,14.0
PYRA-SAC,2024-11-01,HEALTH CENTER,1894.0,2.0,975.0,2237.0,,1316.0,273,472.0,1,DISTRICT33,SACHET,1316.0
ACT-GC,2025-05-01,DISTRICT HOSPITAL,12.0,218.0,15.0,19.0,,632.0,-627,33.0,30,DISTRICT31,BLISTER,632.0
ART-INJ,2025-11-01,HEALTH CENTER,430.0,58.0,60.0,713.0,,0.0,218,26.0,5,DISTRICT20,VIAL,0.0
ITN,2024-05-01,HEALTH CENTER,234.0,20.0,13.0,57.0,,5.0,229,40.0,50,DISTRICT37,PIECE,5.0
ACT-INF,2024-11-01,HEALTH CENTER,72.0,74.0,29.0,76.0,,0.0,-491,10.0,30,DISTRICT19,BLISTER,0.0
QUIN,2025-05-01,HEALTH CENTER,34.0,0.0,9.0,2.0,,3394.0,262,34.0,1000,DISTRICT28,TABLET,3394.0
ITN,2024-02-01,HEALTH CENTER,2928.0,746.0,854.0,3548.0,,35.0,-545,1374.0,50,DISTRICT27,PIECE,35.0
RDT,2025-02-01,HEALTH CENTER,831.0,12.0,260.0,1347.0,,799.0,-757,449.0,25,DISTRICT29,PIECE,799.0
ACT-INF,2024-05-01,HEALTH CENTER,4245.0,119.0,967.0,7344.0,1108.0,6.0,-365,1142.0,30,DISTRICT22,BLISTER,-1102.0
ART-SUP,2025-02-01,HEALTH CENTER,2805.0,35.0,305.0,774.0,185.0,56.0,-294,167.0,2,DISTRICT35,CAPSULE,-129.0
ART-SUP,2024-11-01,HEALTH CENTER,1386.0,11.0,103.0,895.0,,1570.0,171,121.0,2,DISTRICT30,CAPSULE,1570.0
ACT-AD,2025-05-01,HEALTH CENTER,204.0,39.0,154.0,656.0,,0.0,32,57.0,30,DISTRICT18,BLISTER,0.0
PYRA-COMP,2025-11-01,HEALTH CENTER,243.0,0.0,44.0,455.0,,573.0,-354,55.0,1,DISTRICT23,TABLET,573.0
SP,2024-05-01,HEALTH CENTER,37.0,0.0,1.0,8.0,,0.0,398,0.0,1000,DISTRICT29,TABLET,0.0
ART-SUP,2025-05-01,HEALTH CENTER,696.0,6.0,221.0,1234.0,,4.0,302,99.0,2,DISTRICT16,CAPSULE,4.0
PYRA-SAC,2025-11-01,HEALTH CENTER,252.0,0.0,27.0,597.0,,0.0,-131,130.0,1,DISTRICT23,SACHET,0.0
ART-SUP,2025-08-01,HEALTH CENTER,566.0,0.0,32.0,444.0,149.0,191.0,284,30.0,2,DISTRICT32,CAPSULE,42.0
ART-INJ,2024-11-01,HEALTH CENTER,329.0,0.0,106.0,244.0,449.0,266.0,-237,23.0,5,DISTRICT27,VIAL,-183.0
ACT-AD,2024-11-01,HEALTH CENTER,368.0,167.0,39.0,826.0,,10.0,-67,43.0,30,DISTRICT23,BLISTER,10.0
ACT-GC,2024-05-01,HEALTH CENTER,512.0,0.0,368.0,1051.0,792.0,47.0,-270,692.0,30,DISTRICT19,BLISTER,-745.0
ACT-INF,2024-08-01,HEALTH CENTER,2850.0,0.0,97.0,1368.0,97.0,1.0,-288,157.0,30,DISTRICT25,BLISTER,-96.0
ART-SUP,2025-05-01,HEALTH CENTER,1093.0,0.0,147.0,587.0,,67.0,692,107.0,2,DISTRICT24,CAPSULE,67.0
ACT-INF,2024-02-01,HEALTH CENTER,142.0,0.0,30.0,189.0,1324.0,92.0,599,9.0,30,DISTRICT1,BLISTER,-1232.0
RDT,2025-05-01,HEALTH CENTER,727.0,46.0,47.0,570.0,,1.0,-46,10.0,25,DISTRICT19,PIECE,1.0
SP,2025-08-01,HEALTH CENTER,836.0,1.0,30.0,472.0,,0.0,-10,17.0,1000,DISTRICT16,TABLET,0.0
ART-INJ,2025-05-01,HEALTH CENTER,1186.0,2.0,193.0,1082.0,,1.0,95,143.0,5,DISTRICT23,VIAL,1.0
ITN,2025-08-01,HEALTH CENTER,3853.0,1.0,558.0,2660.0,,26.0,-364,217.0,50,DISTRICT8,PIECE,26.0
ACT-INF,2025-11-01,HEALTH CENTER,177.0,0.0,37.0,497.0,644.0,179.0,12,29.0,30,DISTRICT32,BLISTER,-465.0
PYRA-COMP,2025-02-01,HEALTH CENTER,138.0,8.0,97.0,216.0,,3.0,254,16.0,1,DISTRICT29,TABLET,3.0
ART-INJ,2024-05-01,HEALTH CENTER,64.0,0.0,25.0,32.0,865.0,37.0,914,4.0,5,DISTRICT35,VIAL,-828.0
ACT-AD,2024-05-01,HEALTH CENTER,2520.0,55.0,321.0,4041.0,2052.0,1021.0,-368,203.0,30,DISTRICT16,BLISTER,-1031.0
ACT-INF,2025-05-01,HEALTH CENTER,125.0,78.0,391.0,810.0,,9034.0,280,303.0,30,DISTRICT19,BLISTER,9034.0
ART-SUP,2024-11-01,HEALTH CENTER,626.0,7.0,28.0,205.0,209.0,3.0,-118,9.0,2,DISTRICT5,CAPSULE,-206.0
ITN,2024-11-01,HEALTH CENTER,1652.0,30.0,293.0,1332.0,,0.0,27,110.0,50,DISTRICT28,PIECE,0.0
ACT-AD,2024-05-01,HEALTH CENTER,697.0,196.0,530.0,1805.0,,79.0,444,564.0,30,DISTRICT29,BLISTER,79.0
ACT-AD,2024-11-01,HEALTH CENTER,2.0,1.0,10.0,12.0,,0.0,-276,1.0,30,DISTRICT18,BLISTER,0.0
PYRA-SAC,2024-11-01,HEALTH CENTER,4736.0,7.0,567.0,4315.0,,33.0,-17,341.0,1,DISTRICT28,SACHET,33.0
SP,2025-08-01,HEALTH CENTER,996.0,45.0,238.0,657.0,,33.0,-551,107.0,1000,DISTRICT19,TABLET,33.0
ACT-AD,2024-11-01,DISTRICT HOSPITAL,751.0,1337.0,701.0,953.0,798.0,10.0,-8,719.0,30,DISTRICT20,BLISTER,-788.0
SP,2025-11-01,HEALTH CENTER,1509.0,2.0,285.0,2248.0,,6.0,1009,229.0,1000,DISTRICT25,TABLET,6.0
RDT,2024-08-01,HEALTH CENTER,273.0,594.0,187.0,920.0,,18.0,905,242.0,25,DISTRICT6,PIECE,18.0
ACT-INF,2025-11-01,DISTRICT HOSPITAL,1850.0,521.0,1072.0,1373.0,,9263.0,223,1047.0,30,DISTRICT20,BLISTER,9263.0
SP,2024-05-01,HEALTH CENTER,4366.0,0.0,784.0,2239.0,380.0,0.0,-136,855.0,1000,DISTRICT29,TABLET,-380.0
QUIN,2025-02-01,HEALTH CENTER,78.0,36.0,77.0,61.0,,309.0,259,21.0,1000,DISTRICT5,TABLET,309.0
ITN,2024-02-01,HEALTH CENTER,63.0,10.0,57.0,196.0,,11576.0,-1005,68.0,50,DISTRICT10,PIECE,11576.0
ACT-INF,2024-11-01,HEALTH CENTER,19.0,4.0,12.0,53.0,,188.0,106,0.0,30,DISTRICT15,BLISTER,188.0
ITN,2024-05-01,DISTRICT HOSPITAL,17.0,0.0,0.0,110.0,,0.0,545,0.0,50,DISTRICT1,PIECE,0.0
ITN,2025-05-01,HEALTH CENTER,960.0,368.0,545.0,1392.0,,521.0,-453,305.0,50,DISTRICT28,PIECE,521.0
SP,2025-05-01,HEALTH CENTER,220.0,0.0,867.0,300.0,746.0,421.0,723,227.0,1000,DISTRICT8,TABLET,-325.0
PYRA-COMP,2025-11-01,HEALTH CENTER,114.0,0.0,24.0,100.0,500.0,2408.0,279,11.0,1,DISTRICT1,TABLET,1908.0
ACT-INF,2024-11-01,HEALTH CENTER,292.0,0.0,35.0,199.0,,1.0,-116,308.0,30,DISTRICT33,BLISTER,1.0
PYRA-COMP,2025-08-01,HEALTH CENTER,2363.0,445.0,238.0,2951.0,,1.0,537,26.0,1,DISTRICT27,TABLET,1.0
ART-SUP,2024-05-01,HEALTH CENTER,396.0,13.0,76.0,986.0,,0.0,859,41.0,2,DISTRICT33,CAPSULE,0.0
ACT-GC,2025-02-01,HEALTH CENTER,284.0,239.0,138.0,925.0,,5.0,-333,68.0,30,DISTRICT31,BLISTER,5.0
PYRA-SAC,2025-11-01,HEALTH CENTER,488.0,1286.0,142.0,1475.0,,12.0,69,8.0,1,DISTRICT5,SACHET,12.0
ART-INJ,2025-11-01,HEALTH CENTER,2.0,40.0,18.0,45.0,,841.0,260,5.0,5,DISTRICT15,VIAL,841.0
PYRA-SAC,2025-02-01,HEALTH CENTER,2526.0,0.0,292.0,47.0,,404.0,32,144.0,1,DISTRICT8,SACHET,404.0
ACT-SC,2024-08-01,HEALTH CENTER,104.0,0.0,10.0,72.0,,593.0,298,11.0,30,DISTRICT20,BLISTER,593.0
ART-SUP,2025-02-01,HEALTH CENTER,67.0,564.0,21.0,437.0,,305.0,-229,1.0,2,DISTRICT21,CAPSULE,305.0
QUIN,2025-08-01,HEALTH CENTER,482.0,9.0,23.0,794.0,,0.0,-223,54.0,1000,DISTRICT9,TABLET,0.0
ACT-SC,2025-11-01,HEALTH CENTER,5684.0,28.0,1437.0,3338.0,,10108.0,-699,1460.0,30,DISTRICT31,BLISTER,10108.0
PYRA-COMP,2025-05-01,HEALTH CENTER,1114.0,0.0,61.0,251.0,,108.0,-338,48.0,1,DISTRICT12,TABLET,108.0
ACT-INF,2025-05-01,HEALTH CENTER,203.0,0.0,23.0,377.0,,0.0,900,16.0,30,DISTRICT22,BLISTER,0.0
QUIN,2025-11-01,HEALTH CENTER,85.0,6.0,400.0,153.0,1066.0,75.0,331,237.0,1000,DISTRICT13,TABLET,-991.0
ACT-INF,2024-05-01,DISTRICT HOSPITAL,2485.0,5.0,843.0,1721.0,1400.0,413.0,-49,703.0,30,DISTRICT10,BLISTER,-987.0
PYRA-SAC,2025-02-01,HEALTH CENTER,1648.0,601.0,487.0,1864.0,942.0,2790.0,433,917.0,1,DISTRICT36,SACHET,1848.0
ART-SUP,2024-05-01,HEALTH CENTER,314.0,7.0,104.0,190.0,1454.0,1948.0,31,28.0,2,DISTRICT33,CAPSULE,494.0
ART-SUP,2025-08-01,HEALTH CENTER,858.0,2.0,250.0,633.0,202.0,0.0,341,31.0,2,DISTRICT33,CAPSULE,-202.0
ART-SUP,2025-11-01,HEALTH CENTER,1073.0,238.0,145.0,1235.0,587.0,0.0,-276,80.0,2,DISTRICT20,CAPSULE,-587.0
PYRA-SAC,2024-11-01,HEALTH CENTER,656.0,0.0,276.0,254.0,894.0,7.0,-206,137.0,1,DISTRICT20,SACHET,-887.0
ACT-INF,2025-02-01,HEALTH CENTER,798.0,395.0,374.0,1668.0,,0.0,-846,335.0,30,DISTRICT29,BLISTER,0.0
ACT-AD,2024-11-01,HEALTH CENTER,423.0,676.0,335.0,644.0,,192.0,-106,139.0,30,DISTRICT33,BLISTER,192.0
ART-SUP,2025-08-01,HEALTH CENTER,180.0,4.0,21.0,329.0,,78.0,-237,4.0,2,DISTRICT30,CAPSULE,78.0
ACT-SC,2024-08-01,HEALTH CENTER,122.0,46.0,34.0,150.0,496.0,47.0,589,17.0,30,DISTRICT31,BLISTER,-449.0
ACT-AD,2024-11-01,HEALTH CENTER,2211.0,47.0,241.0,937.0,,77.0,-44,83.0,30,DISTRICT28,BLISTER,77.0
ACT-AD,2024-08-01,DISTRICT HOSPITAL,375.0,1.0,29.0,115.0,,0.0,-160,17.0,30,DISTRICT37,BLISTER,0.0
ART-INJ,2024-11-01,HEALTH CENTER,1003.0,3274.0,65.0,2960.0,,15.0,-227,34.0,5,DISTRICT19,VIAL,15.0
SP,2024-11-01,DISTRICT HOSPITAL,1209.0,207.0,408.0,490.0,492.0,331.0,-717,177.0,1000,DISTRICT35,TABLET,-161.0
PYRA-SAC,2025-11-01,HEALTH CENTER,144.0,1013.0,91.0,59.0,,0.0,-14,23.0,1,DISTRICT23,SACHET,0.0
ITN,2024-05-01,HEALTH CENTER,600.0,1.0,92.0,420.0,532.0,27.0,-480,64.0,50,DISTRICT33,PIECE,-505.0
ART-INJ,2024-11-01,HEALTH CENTER,631.0,0.0,35.0,59.0,,5.0,-197,25.0,5,DISTRICT1,VIAL,5.0
PYRA-SAC,2025-11-01,HEALTH CENTER,76.0,32.0,27.0,217.0,,826.0,368,120.0,1,DISTRICT37,SACHET,826.0
ACT-GC,2024-05-01,HEALTH CENTER,12.0,0.0,3.0,19.0,,0.0,649,1.0,30,DISTRICT6,BLISTER,0.0
RDT,2025-05-01,HEALTH CENTER,142.0,1.0,115.0,254.0,,2495.0,14,226.0,25,DISTRICT37,PIECE,2495.0
ACT-AD,2024-02-01,HEALTH CENTER,1284.0,42.0,286.0,1788.0,,0.0,448,708.0,30,DISTRICT20,BLISTER,0.0
ACT-SC,2024-11-01,HEALTH CENTER,286.0,17.0,75.0,763.0,,583.0,-186,34.0,30,DISTRICT29,BLISTER,583.0
ACT-INF,2025-11-01,HEALTH CENTER,1687.0,0.0,352.0,1435.0,,0.0,622,23.0,30,DISTRICT3,BLISTER,0.0
PYRA-SAC,2024-11-01,HEALTH CENTER,127.0,2.0,59.0,263.0,,320.0,675,74.0,1,DISTRICT31,SACHET,320.0
PYRA-COMP,2024-08-01,REGIONAL HOSPITAL,174.0,934.0,99.0,408.0,,0.0,446,33.0,1,DISTRICT31,TABLET,0.0
PYRA-SAC,2025-05-01,HEALTH CENTER,7977.0,271.0,385.0,2815.0,541.0,7.0,54,285.0,1,DISTRICT22,SACHET,-534.0
ACT-INF,2025-02-01,HEALTH CENTER,656.0,1.0,86.0,627.0,,271.0,113,50.0,30,DISTRICT20,BLISTER,271.0
ACT-INF,2025-11-01,HEALTH CENTER,1706.0,1546.0,411.0,1641.0,,25.0,-763,215.0,30,DISTRICT22,BLISTER,25.0
SP,2025-05-01,HEALTH CENTER,1272.0,6.0,202.0,1500.0,1055.0,48.0,-284,319.0,1000,DISTRICT5,TABLET,-1007.0
ART-INJ,2024-11-01,HEALTH CENTER,4766.0,56.0,1177.0,1914.0,,14.0,-239,673.0,5,DISTRICT9,VIAL,14.0
ITN,2024-02-01,DISTRICT HOSPITAL,34.0,16.0,199.0,51.0,,1492.0,1183,223.0,50,DISTRICT2,PIECE,1492.0
ACT-AD,2025-11-01,HEALTH CENTER,2197.0,84.0,318.0,1708.0,,80.0,-109,78.0,30,DISTRICT37,BLISTER,80.0
ITN,2024-11-01,HEALTH CENTER,2258.0,1.0,265.0,2792.0,427.0,50.0,-74,105.0,50,DISTRICT31,PIECE,-377.0
QUIN,2024-08-01,HEALTH CENTER,1693.0,573.0,1003.0,1912.0,,1.0,-21,641.0,1000,DISTRICT31,TABLET,1.0
ACT-INF,2025-08-01,HEALTH CENTER,396.0,0.0,37.0,227.0,,0.0,130,12.0,30,DISTRICT24,BLISTER,0.0
SP,2025-11-01,DISTRICT HOSPITAL,2475.0,535.0,1267.0,3315.0,,4534.0,-401,1146.0,1000,DISTRICT16,TABLET,4534.0
RDT,2025-11-01,HEALTH CENTER,876.0,407.0,284.0,579.0,,44.0,-398,168.0,25,DISTRICT15,PIECE,44.0
ACT-INF,2025-05-01,HEALTH CENTER,702.0,48.0,223.0,205.0,,92.0,-340,114.0,30,DISTRICT2,BLISTER,92.0
QUIN,2024-08-01,HEALTH CENTER,788.0,5.0,597.0,1478.0,953.0,236.0,668,382.0,1000,DISTRICT23,TABLET,-717.0
ACT-INF,2025-11-01,HEALTH CENTER,1567.0,7.0,587.0,1947.0,,1559.0,-14,741.0,30,DISTRICT8,BLISTER,1559.0
ACT-GC,2025-08-01,DISTRICT HOSPITAL,6437.0,1.0,1010.0,8302.0,,13.0,-789,669.0,30,DISTRICT3,BLISTER,13.0
ART-INJ,2025-11-01,HEALTH CENTER,1687.0,46.0,497.0,1657.0,,6426.0,389,593.0,5,DISTRICT23,VIAL,6426.0
ACT-AD,2025-02-01,HEALTH CENTER,1208.0,0.0,77.0,615.0,,0.0,190,80.0,30,DISTRICT24,BLISTER,0.0
ART-INJ,2024-02-01,HEALTH CENTER,1712.0,14.0,117.0,293.0,,0.0,-379,35.0,5,DISTRICT15,VIAL,0.0
ACT-GC,2025-02-01,HEALTH CENTER,1303.0,4.0,1058.0,3462.0,2321.0,5718.0,535,1783.0,30,DISTRICT11,BLISTER,3397.0
ACT-GC,2024-02-01,HEALTH CENTER,771.0,107.0,85.0,494.0,,28.0,395,41.0,30,DISTRICT7,BLISTER,28.0
SP,2024-11-01,HEALTH CENTER,582.0,57.0,199.0,801.0,179.0,0.0,384,117.0,1000,DISTRICT13,TABLET,-179.0
ART-SUP,2025-08-01,HEALTH CENTER,832.0,2241.0,294.0,1172.0,,1.0,595,135.0,2,DISTRICT15,CAPSULE,1.0
ART-SUP,2025-11-01,DISTRICT HOSPITAL,357.0,618.0,13.0,798.0,460.0,0.0,-408,2.0,2,DISTRICT28,CAPSULE,-460.0
ART-SUP,2024-05-01,DISTRICT HOSPITAL,833.0,226.0,360.0,3097.0,,0.0,976,451.0,2,DISTRICT15,CAPSULE,0.0
PYRA-SAC,2024-05-01,DISTRICT HOSPITAL,778.0,241.0,115.0,1628.0,,23.0,-157,214.0,1,DISTRICT25,SACHET,23.0
ITN,2025-05-01,DISTRICT HOSPITAL,404.0,0.0,366.0,675.0,401.0,7.0,-165,281.0,50,DISTRICT21,PIECE,-394.0
SP,2025-11-01,HEALTH CENTER,1310.0,3.0,429.0,2166.0,64.0,579.0,449,161.0,1000,DISTRICT22,TABLET,515.0
ACT-SC,2024-02-01,HEALTH CENTER,626.0,0.0,603.0,180.0,,306.0,-81,452.0,30,DISTRICT35,BLISTER,306.0
RDT,2025-02-01,DISTRICT HOSPITAL,380.0,75.0,452.0,770.0,,23.0,-93,282.0,25,DISTRICT27,PIECE,23.0
ACT-GC,2024-02-01,HEALTH CENTER,1343.0,10.0,537.0,850.0,895.0,566.0,-643,547.0,30,DISTRICT19,BLISTER,-329.0
SP,2024-08-01,HEALTH CENTER,121.0,149.0,124.0,60.0,,1.0,-18,67.0,1000,DISTRICT5,TABLET,1.0
ART-SUP,2025-05-01,HEALTH CENTER,370.0,1576.0,223.0,319.0,,30.0,29,31.0,2,DISTRICT31,CAPSULE,30.0
ACT-GC,2024-11-01,HEALTH CENTER,7026.0,36.0,578.0,6477.0,,448.0,192,721.0,30,DISTRICT9,BLISTER,448.0
ACT-INF,2024-08-01,HEALTH CENTER,3287.0,1601.0,1468.0,3031.0,1248.0,129.0,485,1168.0,30,DISTRICT1,BLISTER,-1119.0
ART-INJ,2025-08-01,HEALTH CENTER,476.0,893.0,341.0,1163.0,,0.0,15,32.0,5,DISTRICT15,VIAL,0.0
PYRA-COMP,2025-05-01,HEALTH CENTER,240.0,11.0,392.0,92.0,1225.0,1274.0,266,271.0,1,DISTRICT8,TABLET,49.0
ART-SUP,2025-02-01,HEALTH CENTER,351.0,20.0,487.0,388.0,,85.0,426,800.0,2,DISTRICT16,CAPSULE,85.0
ACT-INF,2025-11-01,HEALTH CENTER,1254.0,274.0,82.0,4141.0,,2.0,398,101.0,30,DISTRICT29,BLISTER,2.0
PYRA-SAC,2024-11-01,HEALTH CENTER,499.0,5.0,87.0,439.0,,0.0,-84,63.0,1,DISTRICT35,SACHET,0.0
ACT-SC,2025-11-01,HEALTH CENTER,16.0,34.0,3.0,55.0,,0.0,-294,0.0,30,DISTRICT30,BLISTER,0.0
ACT-INF,2025-02-01,HEALTH CENTER,755.0,5.0,277.0,1234.0,263.0,1.0,-383,166.0,30,DISTRICT29,BLISTER,-262.0
ART-INJ,2024-05-01,HEALTH CENTER,2515.0,4.0,2011.0,939.0,,1624.0,219,1766.0,5,DISTRICT16,VIAL,1624.0
ACT-SC,2024-02-01,HEALTH CENTER,1647.0,142.0,339.0,489.0,,234.0,238,316.0,30,DISTRICT30,BLISTER,234.0
PYRA-SAC,2024-08-01,HEALTH CENTER,2815.0,35.0,132.0,2157.0,,3.0,-197,408.0,1,DISTRICT23,SACHET,3.0
ACT-SC,2025-02-01,HEALTH CENTER,2661.0,0.0,180.0,896.0,695.0,2.0,70,125.0,30,DISTRICT28,BLISTER,-693.0
ACT-INF,2024-11-01,HEALTH CENTER,3206.0,740.0,1264.0,5797.0,,127.0,545,1038.0,30,DISTRICT28,BLISTER,127.0
ART-SUP,2024-11-01,DISTRICT HOSPITAL,152.0,272.0,280.0,300.0,,906.0,-870,486.0,2,DISTRICT5,CAPSULE,906.0
ART-SUP,2025-02-01,HEALTH CENTER,3084.0,222.0,186.0,1761.0,,12.0,-202,259.0,2,DISTRICT31,CAPSULE,12.0
PYRA-SAC,2025-08-01,HEALTH CENTER,756.0,26.0,618.0,1631.0,1188.0,175.0,-372,327.0,1,DISTRICT33,SACHET,-1013.0
QUIN,2025-05-01,HEALTH CENTER,2422.0,5.0,512.0,4026.0,,1307.0,228,1283.0,1000,DISTRICT29,TABLET,1307.0
ACT-GC,2025-08-01,REGIONAL HOSPITAL,64.0,203.0,234.0,286.0,,1164.0,-756,138.0,30,DISTRICT31,BLISTER,1164.0
RDT,2025-02-01,HEALTH CENTER,532.0,10.0,78.0,634.0,,11.0,-375,49.0,25,DISTRICT31,PIECE,11.0
RDT,2025-11-01,HEALTH CENTER,676.0,208.0,91.0,332.0,,0.0,93,241.0,25,DISTRICT10,PIECE,0.0
ACT-SC,2024-05-01,HEALTH CENTER,600.0,135.0,262.0,424.0,,0.0,154,249.0,30,DISTRICT9,BLISTER,0.0
ACT-SC,2025-08-01,HEALTH CENTER,1505.0,42.0,249.0,1497.0,,8.0,-86,241.0,30,DISTRICT36,BLISTER,8.0
ACT-INF,2025-05-01,HEALTH CENTER,1834.0,8.0,997.0,610.0,,4084.0,-299,1044.0,30,DISTRICT25,BLISTER,4084.0
ITN,2025-05-01,DISTRICT HOSPITAL,5861.0,1.0,711.0,5555.0,,31.0,-254,730.0,50,DISTRICT33,PIECE,31.0
SP,2024-05-01,HEALTH CENTER,367.0,0.0,5.0,325.0,,0.0,527,2.0,1000,DISTRICT23,TABLET,0.0
ART-INJ,2024-08-01,HEALTH CENTER,968.0,14.0,695.0,838.0,419.0,226.0,148,604.0,5,DISTRICT9,VIAL,-193.0
ACT-SC,2024-05-01,HEALTH CENTER,317.0,1.0,36.0,109.0,,57.0,-135,41.0,30,DISTRICT5,BLISTER,57.0
ACT-SC,2024-05-01,HEALTH CENTER,0.0,2.0,0.0,5.0,,2105.0,-74,0.0,30,DISTRICT33,BLISTER,2105.0
PYRA-SAC,2024-08-01,HEALTH CENTER,211.0,129.0,177.0,1394.0,,7.0,495,66.0,1,DISTRICT23,SACHET,7.0
ACT-INF,2025-02-01,HEALTH CENTER,2921.0,31.0,347.0,2602.0,,519.0,317,162.0,30,DISTRICT36,BLISTER,519.0
PYRA-SAC,2024-05-01,HEALTH CENTER,1024.0,1071.0,269.0,1522.0,,0.0,44,130.0,1,DISTRICT23,SACHET,0.0
PYRA-COMP,2025-11-01,DISTRICT HOSPITAL,1151.0,1151.0,561.0,5397.0,,7324.0,497,628.0,1,DISTRICT3,TABLET,7324.0
SP,2025-02-01,HEALTH CENTER,5.0,21.0,116.0,14.0,386.0,2.0,425,28.0,1000,DISTRICT11,TABLET,-384.0
SP,2025-08-01,HEALTH CENTER,846.0,0.0,2.0,220.0,215.0,129.0,-814,11.0,1000,DISTRICT3,TABLET,-86.0
ART-SUP,2024-02-01,HEALTH CENTER,812.0,106.0,40.0,1086.0,,0.0,-872,10.0,2,DISTRICT19,CAPSULE,0.0
ART-INJ,2025-08-01,HEALTH CENTER,20.0,0.0,20.0,9.0,457.0,0.0,-379,1.0,5,DISTRICT25,VIAL,-457.0
ACT-GC,2025-02-01,HEALTH CENTER,906.0,32.0,244.0,773.0,1031.0,3406.0,494,182.0,30,DISTRICT33,BLISTER,2375.0
QUIN,2024-08-01,HEALTH CENTER,5654.0,251.0,1328.0,5385.0,1813.0,2407.0,250,867.0,1000,DISTRICT13,TABLET,594.0
ACT-INF,2025-08-01,HEALTH CENTER,2584.0,0.0,398.0,723.0,738.0,114.0,-140,225.0,30,DISTRICT13,BLISTER,-624.0
ACT-INF,2024-02-01,HEALTH CENTER,4730.0,141.0,823.0,4492.0,,80.0,578,638.0,30,DISTRICT30,BLISTER,80.0
QUIN,2024-05-01,HEALTH CENTER,378.0,4.0,79.0,1446.0,601.0,2.0,104,10.0,1000,DISTRICT26,TABLET,-599.0
ITN,2025-02-01,HEALTH CENTER,601.0,0.0,116.0,89.0,,727.0,332,63.0,50,DISTRICT30,PIECE,727.0
ACT-AD,2025-11-01,HEALTH CENTER,22.0,5.0,27.0,150.0,,37.0,275,26.0,30,DISTRICT28,BLISTER,37.0
ART-SUP,2025-11-01,HEALTH CENTER,1841.0,0.0,957.0,1409.0,,2563.0,466,452.0,2,DISTRICT25,CAPSULE,2563.0
PYRA-SAC,2024-08-01,HEALTH CENTER,417.0,47.0,504.0,605.0,,3716.0,-1182,324.0,1,DISTRICT19,SACHET,3716.0
ACT-INF,2025-11-01,HEALTH CENTER,266.0,169.0,90.0,762.0,,2.0,-190,64.0,30,DISTRICT7,BLISTER,2.0
ART-INJ,2024-02-01,HEALTH CENTER,587.0,112.0,110.0,547.0,,22.0,670,122.0,5,DISTRICT32,VIAL,22.0
PYRA-SAC,2024-11-01,HEALTH CENTER,2.0,383.0,82.0,30.0,,11.0,9,16.0,1,DISTRICT32,SACHET,11.0
ACT-SC,2025-08-01,HEALTH CENTER,50.0,0.0,6.0,130.0,,3.0,762,3.0,30,DISTRICT33,BLISTER,3.0
PYRA-COMP,2025-05-01,HEALTH CENTER,852.0,700.0,65.0,1815.0,,169.0,92,77.0,1,DISTRICT20,TABLET,169.0
PYRA-COMP,2024-02-01,HEALTH CENTER,296.0,5.0,54.0,943.0,538.0,0.0,-17,87.0,1,DISTRICT23,TABLET,-538.0
PYRA-COMP,2025-02-01,HEALTH CENTER,66.0,361.0,42.0,128.0,1025.0,2.0,27,1.0,1,DISTRICT7,TABLET,-1023.0
ART-SUP,2025-11-01,DISTRICT HOSPITAL,1301.0,0.0,399.0,1051.0,,135.0,70,267.0,2,DISTRICT3,CAPSULE,135.0
PYRA-SAC,2024-11-01,HEALTH CENTER,149.0,247.0,221.0,385.0,,1982.0,1281,84.0,1,DISTRICT23,SACHET,1982.0
ACT-AD,2025-02-01,HEALTH CENTER,1116.0,159.0,564.0,855.0,,8.0,-190,233.0,30,DISTRICT5,BLISTER,8.0
ART-SUP,2024-05-01,HEALTH CENTER,3532.0,25.0,661.0,2729.0,,1281.0,410,415.0,2,DISTRICT23,CAPSULE,1281.0
ART-INJ,2025-08-01,HEALTH CENTER,536.0,445.0,50.0,279.0,,0.0,-269,1.0,5,DISTRICT23,VIAL,0.0
ACT-GC,2025-08-01,HEALTH CENTER,783.0,267.0,58.0,120.0,526.0,0.0,24,11.0,30,DISTRICT33,BLISTER,-526.0
ACT-INF,2024-05-01,HEALTH CENTER,2004.0,3.0,142.0,754.0,,4.0,-600,148.0,30,DISTRICT29,BLISTER,4.0
QUIN,2025-08-01,HEALTH CENTER,52.0,0.0,86.0,238.0,,80.0,636,30.0,1000,DISTRICT25,TABLET,80.0
ART-INJ,2025-05-01,HEALTH CENTER,92.0,217.0,48.0,570.0,150.0,2.0,-26,2.0,5,DISTRICT19,VIAL,-148.0
SP,2024-05-01,NATIONAL HOSPITAL,714.0,1418.0,602.0,1445.0,,272.0,455,373.0,1000,DISTRICT10,TABLET,272.0
QUIN,2024-08-01,HEALTH CENTER,175.0,534.0,111.0,57.0,934.0,4416.0,-236,117.0,1000,DISTRICT7,TABLET,3482.0
ART-SUP,2024-11-01,HEALTH CENTER,92.0,0.0,11.0,171.0,,13.0,415,11.0,2,DISTRICT31,CAPSULE,13.0
PYRA-COMP,2024-08-01,HEALTH CENTER,735.0,1.0,164.0,224.0,,0.0,-571,8.0,1,DISTRICT32,TABLET,0.0
ACT-GC,2024-08-01,HEALTH CENTER,1762.0,0.0,99.0,1659.0,,16.0,-528,91.0,30,DISTRICT11,BLISTER,16.0
SP,2025-02-01,DISTRICT HOSPITAL,914.0,0.0,154.0,1240.0,,2.0,-648,97.0,1000,DISTRICT33,TABLET,2.0
ART-SUP,2025-05-01,HEALTH CENTER,2850.0,1.0,261.0,331.0,,1.0,395,67.0,2,DISTRICT3,CAPSULE,1.0
ACT-GC,2025-08-01,HEALTH CENTER,1033.0,92.0,102.0,479.0,,647.0,488,180.0,30,DISTRICT4,BLISTER,647.0
ACT-INF,2024-05-01,HEALTH CENTER,5163.0,15.0,484.0,2739.0,,4436.0,-164,401.0,30,DISTRICT20,BLISTER,4436.0
RDT,2024-11-01,HEALTH CENTER,119.0,89.0,13.0,96.0,,382.0,-644,8.0,25,DISTRICT32,PIECE,382.0
PYRA-SAC,2025-05-01,HEALTH CENTER,20.0,12.0,1.0,118.0,,0.0,332,1.0,1,DISTRICT6,SACHET,0.0
ACT-AD,2025-11-01,HEALTH CENTER,4113.0,410.0,1077.0,3933.0,,1697.0,710,788.0,30,DISTRICT13,BLISTER,1697.0
ACT-INF,2025-02-01,HEALTH CENTER,1613.0,0.0,61.0,2430.0,192.0,36.0,-218,50.0,30,DISTRICT13,BLISTER,-156.0
ART-INJ,2024-02-01,HEALTH CENTER,1784.0,100.0,79.0,243.0,916.0,12.0,-160,18.0,5,DISTRICT4,VIAL,-904.0
ACT-AD,2024-02-01,HEALTH CENTER,956.0,8.0,98.0,1192.0,,0.0,356,15.0,30,DISTRICT24,BLISTER,0.0
QUIN,2025-02-01,HEALTH CENTER,3755.0,861.0,816.0,4272.0,147.0,307.0,70,398.0,1000,DISTRICT26,TABLET,160.0
ACT-AD,2025-02-01,HEALTH CENTER,173.0,0.0,29.0,50.0,1510.0,901.0,-468,15.0,30,DISTRICT9,BLISTER,-609.0
RDT,2025-02-01,HEALTH CENTER,392.0,241.0,429.0,1978.0,,0.0,280,456.0,25,DISTRICT24,PIECE,0.0
PYRA-COMP,2024-11-01,HEALTH CENTER,4861.0,47.0,887.0,1592.0,,1965.0,65,488.0,1,DISTRICT32,TABLET,1965.0
ART-SUP,2024-05-01,HEALTH CENTER,32.0,417.0,30.0,186.0,,6.0,145,35.0,2,DISTRICT3,CAPSULE,6.0
ACT-AD,2025-05-01,HEALTH CENTER,136.0,52.0,242.0,142.0,,3101.0,254,151.0,30,DISTRICT10,BLISTER,3101.0
RDT,2025-08-01,HEALTH CENTER,878.0,15.0,250.0,370.0,,0.0,356,100.0,25,DISTRICT30,PIECE,0.0
ACT-AD,2024-05-01,HEALTH CENTER,293.0,6.0,20.0,763.0,,21.0,611,18.0,30,DISTRICT31,BLISTER,21.0
ACT-GC,2025-11-01,HEALTH CENTER,1579.0,347.0,618.0,4091.0,,104.0,396,311.0,30,DISTRICT28,BLISTER,104.0
ACT-SC,2024-05-01,HEALTH CENTER,78.0,2.0,47.0,321.0,1050.0,74.0,-118,21.0,30,DISTRICT13,BLISTER,-976.0
ACT-INF,2024-05-01,HEALTH CENTER,1508.0,150.0,702.0,2137.0,,9.0,266,480.0,30,DISTRICT13,BLISTER,9.0
PYRA-COMP,2025-02-01,HEALTH CENTER,542.0,4.0,153.0,367.0,590.0,32.0,-235,102.0,1,DISTRICT12,TABLET,-558.0
PYRA-COMP,2025-02-01,HEALTH CENTER,151.0,0.0,13.0,64.0,,39.0,-430,30.0,1,DISTRICT33,TABLET,39.0
ACT-INF,2024-11-01,HEALTH CENTER,1631.0,654.0,788.0,3271.0,206.0,143.0,514,817.0,30,DISTRICT35,BLISTER,-63.0
RDT,2025-05-01,HEALTH CENTER,1189.0,134.0,544.0,823.0,,10.0,-810,486.0,25,DISTRICT13,PIECE,10.0
ART-SUP,2025-02-01,HEALTH CENTER,1825.0,0.0,263.0,1199.0,546.0,26.0,209,135.0,2,DISTRICT24,CAPSULE,-520.0
ACT-SC,2025-05-01,HEALTH CENTER,1024.0,1.0,339.0,349.0,,5278.0,21,376.0,30,DISTRICT1,BLISTER,5278.0
ART-SUP,2024-08-01,HEALTH CENTER,1395.0,3.0,562.0,458.0,,19.0,-66,1132.0,2,DISTRICT19,CAPSULE,19.0
ACT-INF,2025-05-01,HEALTH CENTER,1794.0,0.0,154.0,1263.0,,54.0,322,67.0,30,DISTRICT24,BLISTER,54.0
ITN,2024-05-01,HEALTH CENTER,1280.0,31.0,547.0,1093.0,,833.0,-160,402.0,50,DISTRICT19,PIECE,833.0
PYRA-COMP,2025-05-01,HEALTH CENTER,290.0,5006.0,416.0,2122.0,,1041.0,40,605.0,1,DISTRICT31,TABLET,1041.0
ART-SUP,2025-02-01,HEALTH CENTER,246.0,9.0,10.0,292.0,,0.0,-805,1.0,2,DISTRICT24,CAPSULE,0.0
ART-INJ,2025-05-01,HEALTH CENTER,234.0,81.0,485.0,810.0,657.0,5.0,128,171.0,5,DISTRICT11,VIAL,-652.0
RDT,2024-08-01,HEALTH CENTER,514.0,244.0,133.0,1500.0,,0.0,237,12.0,25,DISTRICT35,PIECE,0.0
RDT,2025-08-01,DISTRICT HOSPITAL,525.0,1.0,112.0,203.0,,0.0,-255,26.0,25,DISTRICT10,PIECE,0.0
SP,2025-05-01,HEALTH CENTER,754.0,974.0,750.0,1483.0,,2848.0,487,703.0,1000,DISTRICT9,TABLET,2848.0
ART-SUP,2024-08-01,HEALTH CENTER,839.0,1.0,176.0,433.0,237.0,3.0,-822,41.0,2,DISTRICT3,CAPSULE,-234.0
ACT-SC,2024-11-01,HEALTH CENTER,81.0,2.0,26.0,69.0,953.0,406.0,-76,23.0,30,DISTRICT35,BLISTER,-547.0
PYRA-COMP,2024-05-01,HEALTH CENTER,825.0,0.0,10.0,394.0,,0.0,50,2.0,1,DISTRICT24,TABLET,0.0
ART-INJ,2024-08-01,HEALTH CENTER,469.0,95.0,441.0,526.0,,793.0,257,321.0,5,DISTRICT15,VIAL,793.0
ACT-GC,2024-11-01,HEALTH CENTER,1156.0,4.0,963.0,1875.0,,495.0,209,615.0,30,DISTRICT11,BLISTER,495.0
SP,2025-11-01,HEALTH CENTER,889.0,2990.0,611.0,2263.0,,0.0,590,759.0,1000,DISTRICT1,TABLET,0.0
SP,2024-08-01,HEALTH CENTER,1551.0,299.0,415.0,765.0,,13.0,431,337.0,1000,DISTRICT38,TABLET,13.0
ITN,2025-05-01,HEALTH CENTER,740.0,0.0,217.0,788.0,,66.0,260,62.0,50,DISTRICT14,PIECE,66.0
ART-INJ,2025-08-01,HEALTH CENTER,690.0,13.0,199.0,945.0,,555.0,-33,238.0,5,DISTRICT29,VIAL,555.0
SP,2025-11-01,HEALTH CENTER,4857.0,3039.0,2924.0,4932.0,2844.0,4063.0,340,2233.0,1000,DISTRICT6,TABLET,1219.0
ACT-SC,2024-08-01,HEALTH CENTER,946.0,1.0,349.0,723.0,,12806.0,-651,311.0,30,DISTRICT36,BLISTER,12806.0
PYRA-SAC,2024-05-01,HEALTH CENTER,2987.0,263.0,473.0,1312.0,661.0,5187.0,-344,366.0,1,DISTRICT35,SACHET,4526.0
ACT-INF,2025-05-01,HEALTH CENTER,486.0,0.0,472.0,943.0,679.0,8.0,-232,257.0,30,DISTRICT31,BLISTER,-671.0
ART-SUP,2025-05-01,HEALTH CENTER,269.0,1088.0,253.0,912.0,,187.0,294,181.0,2,DISTRICT13,CAPSULE,187.0
ACT-INF,2024-02-01,HEALTH CENTER,2634.0,157.0,114.0,3213.0,,0.0,-192,171.0,30,DISTRICT24,BLISTER,0.0
PYRA-COMP,2024-02-01,HEALTH CENTER,5.0,1266.0,1.0,75.0,,0.0,-495,0.0,1,DISTRICT21,TABLET,0.0
QUIN,2025-05-01,HEALTH CENTER,1799.0,1146.0,725.0,5920.0,,1.0,-38,1098.0,1000,DISTRICT9,TABLET,1.0
ACT-SC,2025-08-01,HEALTH CENTER,826.0,0.0,279.0,1373.0,,475.0,-674,313.0,30,DISTRICT36,BLISTER,475.0
ITN,2025-08-01,HEALTH CENTER,109.0,33.0,5.0,938.0,62.0,0.0,262,17.0,50,DISTRICT32,PIECE,-62.0
ITN,2024-08-01,HEALTH CENTER,1.0,17.0,14.0,33.0,,0.0,295,7.0,50,DISTRICT24,PIECE,0.0
ACT-SC,2024-02-01,HEALTH CENTER,3627.0,488.0,1171.0,3836.0,521.0,0.0,-226,658.0,30,DISTRICT23,BLISTER,-521.0
ACT-INF,2025-05-01,HEALTH CENTER,76.0,3.0,47.0,25.0,,321.0,-219,5.0,30,DISTRICT28,BLISTER,321.0
QUIN,2024-08-01,HEALTH CENTER,1787.0,1.0,120.0,563.0,345.0,0.0,206,109.0,1000,DISTRICT9,TABLET,-345.0
PYRA-SAC,2025-11-01,DISTRICT HOSPITAL,22.0,2.0,19.0,157.0,,14.0,761,4.0,1,DISTRICT38,SACHET,14.0
QUIN,2025-11-01,HEALTH CENTER,1957.0,0.0,350.0,2526.0,,118.0,313,762.0,1000,DISTRICT10,TABLET,118.0
PYRA-COMP,2025-05-01,HEALTH CENTER,1932.0,305.0,201.0,853.0,230.0,0.0,-888,124.0,1,DISTRICT21,TABLET,-230.0
SP,2024-08-01,HEALTH CENTER,3397.0,204.0,826.0,5233.0,1493.0,175.0,886,528.0,1000,DISTRICT28,TABLET,-1318.0
ITN,2025-02-01,HEALTH CENTER,2139.0,19.0,589.0,799.0,,2910.0,-621,526.0,50,DISTRICT13,PIECE,2910.0
ACT-GC,2025-02-01,HEALTH CENTER,1522.0,0.0,278.0,1533.0,,0.0,210,473.0,30,DISTRICT16,BLISTER,0.0
ART-INJ,2024-05-01,HEALTH CENTER,370.0,87.0,111.0,917.0,617.0,692.0,-180,40.0,5,DISTRICT20,VIAL,75.0
PYRA-SAC,2025-08-01,HEALTH CENTER,663.0,0.0,142.0,290.0,,830.0,29,31.0,1,DISTRICT29,SACHET,830.0
ACT-AD,2025-08-01,REGIONAL HOSPITAL,498.0,165.0,313.0,1316.0,,11.0,197,296.0,30,DISTRICT13,BLISTER,11.0
QUIN,2025-05-01,HEALTH CENTER,3009.0,368.0,585.0,2852.0,,11.0,-460,509.0,1000,DISTRICT20,TABLET,11.0
ART-INJ,2025-08-01,DISTRICT HOSPITAL,1020.0,1.0,194.0,565.0,,241.0,618,98.0,5,DISTRICT15,VIAL,241.0
ACT-INF,2024-11-01,HEALTH CENTER,1345.0,1.0,1101.0,1999.0,,0.0,216,662.0,30,DISTRICT36,BLISTER,0.0
PYRA-SAC,2025-02-01,HEALTH CENTER,20.0,1.0,21.0,13.0,,347.0,323,5.0,1,DISTRICT5,SACHET,347.0
ART-INJ,2025-11-01,HEALTH CENTER,1089.0,11.0,234.0,3242.0,,0.0,-198,151.0,5,DISTRICT13,VIAL,0.0
ACT-GC,2025-08-01,HEALTH CENTER,95.0,0.0,7.0,62.0,152.0,0.0,-403,4.0,30,DISTRICT33,BLISTER,-152.0
PYRA-SAC,2024-08-01,HEALTH CENTER,1500.0,252.0,205.0,1911.0,,33.0,-365,173.0,1,DISTRICT37,SACHET,33.0
ART-INJ,2024-02-01,HEALTH CENTER,224.0,0.0,40.0,94.0,,3464.0,-361,6.0,5,DISTRICT33,VIAL,3464.0
ACT-GC,2025-02-01,HEALTH CENTER,4335.0,449.0,1327.0,9321.0,,1313.0,704,1135.0,30,DISTRICT16,BLISTER,1313.0
ACT-INF,2024-02-01,HEALTH CENTER,854.0,0.0,18.0,248.0,,0.0,-179,16.0,30,DISTRICT29,BLISTER,0.0
ITN,2024-05-01,HEALTH CENTER,5359.0,566.0,1743.0,4823.0,,75.0,-461,1113.0,50,DISTRICT23,PIECE,75.0
ACT-SC,2024-02-01,HEALTH CENTER,845.0,242.0,393.0,2277.0,,0.0,-203,176.0,30,DISTRICT29,BLISTER,0.0
ACT-AD,2025-02-01,HEALTH CENTER,4854.0,87.0,779.0,2995.0,,105.0,31,1152.0,30,DISTRICT8,BLISTER,105.0
ART-INJ,2025-08-01,HEALTH CENTER,694.0,602.0,332.0,2380.0,,0.0,-97,171.0,5,DISTRICT33,VIAL,0.0
ACT-INF,2025-02-01,HEALTH CENTER,5766.0,6.0,517.0,3118.0,432.0,151.0,-18,625.0,30,DISTRICT32,BLISTER,-281.0
ACT-GC,2025-08-01,HEALTH CENTER,578.0,1.0,152.0,1251.0,,14.0,263,185.0,30,DISTRICT30,BLISTER,14.0
PYRA-SAC,2024-02-01,HEALTH CENTER,411.0,8.0,49.0,988.0,,0.0,17,7.0,1,DISTRICT10,SACHET,0.0
RDT,2024-02-01,HEALTH CENTER,1.0,4.0,13.0,6.0,,0.0,238,3.0,25,DISTRICT35,PIECE,0.0
PYRA-COMP,2024-05-01,HEALTH CENTER,4097.0,8.0,1145.0,1862.0,,1916.0,-458,587.0,1,DISTRICT25,TABLET,1916.0
QUIN,2025-05-01,HEALTH CENTER,120.0,0.0,7.0,37.0,774.0,0.0,119,1.0,1000,DISTRICT24,TABLET,-774.0
SP,2024-11-01,DISTRICT HOSPITAL,1425.0,100.0,81.0,3433.0,,0.0,427,47.0,1000,DISTRICT2,TABLET,0.0
ART-SUP,2025-11-01,DISTRICT HOSPITAL,1377.0,203.0,536.0,2020.0,,13919.0,402,94.0,2,DISTRICT4,CAPSULE,13919.0
ACT-SC,2024-02-01,HEALTH CENTER,759.0,0.0,80.0,397.0,,0.0,-401,52.0,30,DISTRICT2,BLISTER,0.0
ACT-GC,2025-08-01,HEALTH CENTER,2360.0,0.0,155.0,299.0,,0.0,-227,34.0,30,DISTRICT9,BLISTER,0.0
RDT,2025-08-01,HEALTH CENTER,350.0,0.0,127.0,149.0,771.0,4.0,-171,22.0,25,DISTRICT33,PIECE,-767.0
PYRA-SAC,2025-02-01,HEALTH CENTER,2585.0,65.0,401.0,3440.0,,68.0,38,249.0,1,DISTRICT2,SACHET,68.0
PYRA-SAC,2025-08-01,DISTRICT HOSPITAL,1200.0,0.0,100.0,765.0,,0.0,-406,127.0,1,DISTRICT33,SACHET,0.0
ACT-GC,2025-11-01,HEALTH CENTER,64.0,1298.0,187.0,103.0,,0.0,-1004,197.0,30,DISTRICT16,BLISTER,0.0
ART-INJ,2025-08-01,HEALTH CENTER,506.0,0.0,17.0,142.0,454.0,0.0,-467,30.0,5,DISTRICT30,VIAL,-454.0
PYRA-SAC,2025-08-01,HEALTH CENTER,976.0,595.0,94.0,3142.0,482.0,0.0,-428,10.0,1,DISTRICT19,SACHET,-482.0
ART-SUP,2024-05-01,HEALTH CENTER,1796.0,1534.0,833.0,4102.0,,2314.0,104,396.0,2,DISTRICT14,CAPSULE,2314.0
ART-INJ,2025-05-01,HEALTH CENTER,961.0,0.0,567.0,978.0,163.0,0.0,-16,229.0,5,DISTRICT9,VIAL,-163.0
RDT,2025-11-01,HEALTH CENTER,1356.0,0.0,418.0,831.0,,1715.0,72,471.0,25,DISTRICT31,PIECE,1715.0
PYRA-SAC,2024-05-01,HEALTH CENTER,264.0,37.0,107.0,178.0,,878.0,-56,36.0,1,DISTRICT6,SACHET,878.0
PYRA-SAC,2024-11-01,HEALTH CENTER,454.0,204.0,64.0,699.0,1498.0,0.0,-232,10.0,1,DISTRICT21,SACHET,-1498.0
ACT-GC,2024-05-01,HEALTH CENTER,2037.0,0.0,280.0,729.0,,624.0,-517,368.0,30,DISTRICT38,BLISTER,624.0
ART-SUP,2024-05-01,HEALTH CENTER,637.0,0.0,198.0,81.0,,5312.0,374,187.0,2,DISTRICT19,CAPSULE,5312.0
PYRA-SAC,2025-02-01,HEALTH CENTER,666.0,195.0,240.0,425.0,804.0,1082.0,118,252.0,1,DISTRICT3,SACHET,278.0
ACT-AD,2025-11-01,HEALTH CENTER,165.0,107.0,25.0,79.0,,0.0,348,11.0,30,DISTRICT24,BLISTER,0.0
PYRA-SAC,2024-05-01,HEALTH CENTER,52.0,2.0,21.0,119.0,,2650.0,-13,9.0,1,DISTRICT3,SACHET,2650.0
ACT-AD,2025-11-01,HEALTH CENTER,4674.0,6.0,1083.0,3216.0,708.0,3290.0,-878,808.0,30,DISTRICT26,BLISTER,2582.0
ACT-GC,2024-05-01,HEALTH CENTER,55.0,29.0,5.0,87.0,,1341.0,622,0.0,30,DISTRICT33,BLISTER,1341.0
QUIN,2024-02-01,HEALTH CENTER,4869.0,18.0,735.0,3510.0,732.0,14.0,-289,340.0,1000,DISTRICT31,TABLET,-718.0
QUIN,2025-11-01,HEALTH CENTER,107.0,2.0,208.0,167.0,1047.0,840.0,448,950.0,1000,DISTRICT21,TABLET,-207.0
RDT,2025-08-01,HEALTH CENTER,1475.0,0.0,152.0,732.0,301.0,0.0,-202,35.0,25,DISTRICT22,PIECE,-301.0
ACT-AD,2024-02-01,DISTRICT HOSPITAL,1921.0,13.0,699.0,1514.0,,1771.0,-554,782.0,30,DISTRICT18,BLISTER,1771.0
PYRA-COMP,2024-02-01,HEALTH CENTER,1168.0,108.0,602.0,401.0,,711.0,442,539.0,1,DISTRICT29,TABLET,711.0
ART-SUP,2024-11-01,HEALTH CENTER,7427.0,53.0,1576.0,6113.0,904.0,30.0,-573,1649.0,2,DISTRICT14,CAPSULE,-874.0
ACT-INF,2025-08-01,HEALTH CENTER,105.0,398.0,90.0,420.0,598.0,1979.0,345,74.0,30,DISTRICT28,BLISTER,1381.0
ITN,2024-05-01,HEALTH CENTER,668.0,0.0,87.0,510.0,,1.0,-304,69.0,50,DISTRICT10,PIECE,1.0
SP,2025-11-01,HEALTH CENTER,435.0,4.0,148.0,412.0,,3.0,895,29.0,1000,DISTRICT26,TABLET,3.0
ACT-SC,2024-08-01,DISTRICT HOSPITAL,260.0,1.0,173.0,145.0,,1.0,192,80.0,30,DISTRICT36,BLISTER,1.0
PYRA-COMP,2025-02-01,HEALTH CENTER,362.0,10.0,141.0,644.0,,20.0,184,39.0,1,DISTRICT20,TABLET,20.0
ITN,2024-11-01,HEALTH CENTER,364.0,0.0,80.0,189.0,,0.0,-740,10.0,50,DISTRICT32,PIECE,0.0
ACT-INF,2025-11-01,HEALTH CENTER,310.0,124.0,86.0,774.0,,372.0,-534,21.0,30,DISTRICT31,BLISTER,372.0
ACT-SC,2025-08-01,HEALTH CENTER,143.0,2218.0,138.0,563.0,,0.0,-26,163.0,30,DISTRICT27,BLISTER,0.0
QUIN,2024-08-01,HEALTH CENTER,97.0,0.0,67.0,62.0,,1.0,33,4.0,1000,DISTRICT22,TABLET,1.0
ACT-SC,2025-11-01,HEALTH CENTER,2.0,1.0,2.0,10.0,,16.0,-285,1.0,30,DISTRICT1,BLISTER,16.0
SP,2024-08-01,HEALTH CENTER,1324.0,740.0,173.0,2143.0,,0.0,-610,116.0,1000,DISTRICT12,TABLET,0.0
ART-SUP,2024-05-01,HEALTH CENTER,93.0,165.0,71.0,150.0,,3993.0,-329,25.0,2,DISTRICT14,CAPSULE,3993.0
QUIN,2024-05-01,HEALTH CENTER,1178.0,23.0,342.0,1569.0,,0.0,-190,177.0,1000,DISTRICT2,TABLET,0.0
ART-SUP,2024-02-01,HEALTH CENTER,3992.0,0.0,447.0,1938.0,111.0,4.0,-365,254.0,2,DISTRICT11,CAPSULE,-107.0
SP,2025-08-01,HEALTH CENTER,2933.0,147.0,1111.0,5433.0,1194.0,197.0,211,1019.0,1000,DISTRICT33,TABLET,-997.0
ACT-INF,2025-02-01,DISTRICT HOSPITAL,109.0,25.0,62.0,81.0,,197.0,-213,12.0,30,DISTRICT28,BLISTER,197.0
ART-INJ,2025-05-01,HEALTH CENTER,1047.0,175.0,121.0,1492.0,637.0,0.0,-719,12.0,5,DISTRICT12,VIAL,-637.0
ACT-AD,2024-08-01,HEALTH CENTER,13.0,0.0,3.0,2.0,,73.0,49,0.0,30,DISTRICT36,BLISTER,73.0
ACT-GC,2025-05-01,HEALTH CENTER,441.0,0.0,153.0,238.0,,800.0,186,143.0,30,DISTRICT33,BLISTER,800.0
ART-INJ,2025-08-01,HEALTH CENTER,2625.0,5.0,95.0,525.0,,0.0,59,226.0,5,DISTRICT8,VIAL,0.0
ART-INJ,2024-11-01,HEALTH CENTER,1121.0,1.0,248.0,1241.0,,1579.0,-409,431.0,5,DISTRICT30,VIAL,1579.0
PYRA-COMP,2024-08-01,HEALTH CENTER,1017.0,352.0,358.0,2882.0,,5.0,-712,187.0,1,DISTRICT24,TABLET,5.0
SP,2025-08-01,HEALTH CENTER,4626.0,2.0,1192.0,9670.0,,0.0,-213,1305.0,1000,DISTRICT37,TABLET,0.0
ACT-SC,2024-11-01,HEALTH CENTER,807.0,3.0,202.0,982.0,,0.0,-304,108.0,30,DISTRICT20,BLISTER,0.0
QUIN,2024-11-01,HEALTH CENTER,354.0,0.0,36.0,124.0,205.0,136.0,-90,105.0,1000,DISTRICT23,TABLET,-69.0
ACT-AD,2024-05-01,HEALTH CENTER,2725.0,0.0,525.0,1970.0,,0.0,-80,275.0,30,DISTRICT25,BLISTER,0.0
ACT-SC,2024-05-01,HEALTH CENTER,679.0,0.0,76.0,251.0,,0.0,600,3.0,30,DISTRICT32,BLISTER,0.0
ACT-INF,2024-08-01,HEALTH CENTER,814.0,132.0,1042.0,2620.0,877.0,733.0,817,663.0,30,DISTRICT29,BLISTER,-144.0
RDT,2025-05-01,HEALTH CENTER,1026.0,0.0,160.0,527.0,1440.0,375.0,-139,17.0,25,DISTRICT32,PIECE,-1065.0
ITN,2025-02-01,HEALTH CENTER,159.0,0.0,55.0,196.0,,2744.0,-326,81.0,50,DISTRICT10,PIECE,2744.0
ART-SUP,2025-11-01,HEALTH CENTER,54.0,806.0,118.0,358.0,,334.0,851,47.0,2,DISTRICT35,CAPSULE,334.0
SP,2024-08-01,HEALTH CENTER,1947.0,12.0,992.0,1080.0,1124.0,7645.0,388,449.0,1000,DISTRICT1,TABLET,6521.0
ART-INJ,2025-05-01,HEALTH CENTER,842.0,0.0,188.0,147.0,,13578.0,117,110.0,5,DISTRICT24,VIAL,13578.0
SP,2025-05-01,HEALTH CENTER,1454.0,1.0,160.0,890.0,,0.0,-587,38.0,1000,DISTRICT27,TABLET,0.0
ART-SUP,2024-02-01,HEALTH CENTER,3256.0,0.0,654.0,2157.0,1733.0,2610.0,-292,551.0,2,DISTRICT29,CAPSULE,877.0
QUIN,2025-08-01,HEALTH CENTER,28.0,0.0,188.0,26.0,288.0,0.0,507,120.0,1000,DISTRICT4,TABLET,-288.0
PYRA-COMP,2025-02-01,DISTRICT HOSPITAL,479.0,1122.0,192.0,126.0,,3297.0,-499,288.0,1,DISTRICT15,TABLET,3297.0
ART-INJ,2025-11-01,HEALTH CENTER,274.0,17.0,49.0,173.0,,1.0,410,12.0,5,DISTRICT1,VIAL,1.0
ART-INJ,2024-11-01,HEALTH CENTER,105.0,1.0,298.0,131.0,,5.0,710,128.0,5,DISTRICT31,VIAL,5.0
RDT,2025-02-01,HEALTH CENTER,181.0,720.0,169.0,499.0,1256.0,351.0,152,181.0,25,DISTRICT17,PIECE,-905.0
SP,2025-02-01,HEALTH CENTER,4691.0,239.0,847.0,2235.0,,0.0,563,426.0,1000,DISTRICT33,TABLET,0.0
SP,2024-05-01,HEALTH CENTER,515.0,131.0,193.0,1106.0,,2.0,-247,36.0,1000,DISTRICT28,TABLET,2.0
SP,2024-08-01,HEALTH CENTER,965.0,1949.0,584.0,2062.0,757.0,626.0,-402,156.0,1000,DISTRICT30,TABLET,-131.0
ART-SUP,2024-11-01,HEALTH CENTER,23.0,0.0,5.0,5.0,,1.0,-111,4.0,2,DISTRICT35,CAPSULE,1.0
ART-INJ,2025-11-01,HEALTH CENTER,942.0,0.0,282.0,414.0,,505.0,-274,214.0,5,DISTRICT31,VIAL,505.0
ACT-AD,2025-02-01,HEALTH CENTER,6.0,30.0,32.0,10.0,988.0,0.0,583,4.0,30,DISTRICT14,BLISTER,-988.0
PYRA-COMP,2024-11-01,HEALTH CENTER,3608.0,2862.0,1674.0,5536.0,,0.0,-361,1100.0,1,DISTRICT27,TABLET,0.0
ART-SUP,2025-05-01,HEALTH CENTER,3005.0,113.0,808.0,2704.0,,5945.0,-647,763.0,2,DISTRICT32,CAPSULE,5945.0
QUIN,2024-08-01,HEALTH CENTER,3501.0,59.0,1147.0,3577.0,974.0,2.0,-127,1495.0,1000,DISTRICT20,TABLET,-972.0
QUIN,2025-08-01,HEALTH CENTER,21.0,41.0,12.0,35.0,,361.0,556,1.0,1000,DISTRICT25,TABLET,361.0
PYRA-COMP,2025-02-01,HEALTH CENTER,6.0,72.0,4.0,4.0,,1.0,343,0.0,1,DISTRICT36,TABLET,1.0
ACT-GC,2025-08-01,HEALTH CENTER,143.0,1660.0,392.0,740.0,,8779.0,579,582.0,30,DISTRICT38,BLISTER,8779.0
PYRA-COMP,2024-11-01,HEALTH CENTER,697.0,0.0,232.0,1179.0,,0.0,-140,152.0,1,DISTRICT33,TABLET,0.0
ART-SUP,2024-08-01,HEALTH CENTER,1641.0,32.0,811.0,1129.0,,4186.0,-499,405.0,2,DISTRICT33,CAPSULE,4186.0
QUIN,2025-11-01,HEALTH CENTER,2396.0,0.0,851.0,1426.0,,6984.0,-332,721.0,1000,DISTRICT3,TABLET,6984.0
SP,2024-08-01,HEALTH CENTER,154.0,0.0,43.0,122.0,,0.0,-244,10.0,1000,DISTRICT4,TABLET,0.0
ACT-AD,2025-08-01,HEALTH CENTER,389.0,5.0,69.0,115.0,,0.0,-283,27.0,30,DISTRICT16,BLISTER,0.0
QUIN,2025-05-01,HEALTH CENTER,1968.0,207.0,201.0,3595.0,,1.0,618,176.0,1000,DISTRICT3,TABLET,1.0
ACT-SC,2025-08-01,HEALTH CENTER,424.0,4.0,48.0,1175.0,,345.0,-166,9.0,30,DISTRICT28,BLISTER,345.0
ITN,2024-11-01,HEALTH CENTER,726.0,182.0,450.0,1008.0,,17.0,-335,270.0,50,DISTRICT8,PIECE,17.0
SP,2024-08-01,HEALTH CENTER,2299.0,590.0,946.0,3972.0,,329.0,-393,455.0,1000,DISTRICT25,TABLET,329.0
ACT-SC,2024-08-01,HEALTH CENTER,1549.0,1191.0,435.0,2063.0,,1723.0,-519,468.0,30,DISTRICT22,BLISTER,1723.0
ACT-INF,2024-05-01,HEALTH CENTER,76.0,0.0,15.0,352.0,,0.0,-10,4.0,30,DISTRICT3,BLISTER,0.0
ACT-SC,2025-02-01,HEALTH CENTER,53.0,0.0,18.0,11.0,465.0,3786.0,117,5.0,30,DISTRICT9,BLISTER,3321.0
ITN,2024-08-01,HEALTH CENTER,2109.0,0.0,341.0,1646.0,294.0,2.0,319,127.0,50,DISTRICT2,PIECE,-292.0
ACT-SC,2024-02-01,HEALTH CENTER,34.0,0.0,17.0,385.0,,0.0,1095,43.0,30,DISTRICT9,BLISTER,0.0
ACT-GC,2024-11-01,HEALTH CENTER,312.0,1.0,122.0,442.0,,6.0,81,49.0,30,DISTRICT22,BLISTER,6.0
QUIN,2024-02-01,DISTRICT HOSPITAL,414.0,0.0,153.0,138.0,615.0,10.0,-15,147.0,1000,DISTRICT31,TABLET,-605.0
ACT-GC,2025-02-01,HEALTH CENTER,234.0,345.0,121.0,526.0,,902.0,-300,46.0,30,DISTRICT15,BLISTER,902.0
QUIN,2025-11-01,HEALTH CENTER,2363.0,7.0,1148.0,1985.0,417.0,161.0,127,1026.0,1000,DISTRICT23,TABLET,-256.0
ACT-AD,2025-08-01,HEALTH CENTER,4906.0,67.0,1366.0,4925.0,,101.0,-308,969.0,30,DISTRICT26,BLISTER,101.0
ACT-INF,2025-05-01,HEALTH CENTER,1813.0,839.0,465.0,4854.0,,1652.0,-99,435.0,30,DISTRICT15,BLISTER,1652.0
ART-INJ,2024-05-01,HEALTH CENTER,64.0,0.0,18.0,12.0,340.0,31.0,484,7.0,5,DISTRICT14,VIAL,-309.0
RDT,2024-11-01,HEALTH CENTER,451.0,25.0,274.0,173.0,1308.0,126.0,299,193.0,25,DISTRICT7,PIECE,-1182.0
RDT,2024-02-01,HEALTH CENTER,1019.0,22.0,358.0,1358.0,,0.0,-194,604.0,25,DISTRICT22,PIECE,0.0
ACT-AD,2024-08-01,HEALTH CENTER,7993.0,20.0,929.0,4037.0,,1624.0,-493,919.0,30,DISTRICT11,BLISTER,1624.0
SP,2025-08-01,HEALTH CENTER,1024.0,0.0,108.0,255.0,706.0,0.0,149,50.0,1000,DISTRICT14,TABLET,-706.0
ACT-GC,2025-02-01,DISTRICT HOSPITAL,2953.0,0.0,340.0,1876.0,,0.0,465,231.0,30,DISTRICT29,BLISTER,0.0
QUIN,2024-08-01,HEALTH CENTER,121.0,1.0,85.0,4.0,485.0,2918.0,-318,40.0,1000,DISTRICT31,TABLET,2433.0
SP,2024-08-01,HEALTH CENTER,3919.0,138.0,615.0,2961.0,758.0,8066.0,-149,344.0,1000,DISTRICT23,TABLET,7308.0
ACT-GC,2024-02-01,HEALTH CENTER,614.0,0.0,47.0,213.0,,188.0,-364,28.0,30,DISTRICT5,BLISTER,188.0
ACT-INF,2025-08-01,HEALTH CENTER,1263.0,0.0,1042.0,293.0,,3440.0,-214,1421.0,30,DISTRICT29,BLISTER,3440.0
ACT-GC,2024-02-01,HEALTH CENTER,1721.0,127.0,627.0,1056.0,1119.0,0.0,113,1068.0,30,DISTRICT8,BLISTER,-1119.0
ACT-INF,2025-08-01,HEALTH CENTER,265.0,285.0,154.0,2256.0,,0.0,-678,70.0,30,DISTRICT28,BLISTER,0.0
ITN,2025-02-01,DISTRICT HOSPITAL,3289.0,5.0,476.0,2230.0,,3.0,-34,470.0,50,DISTRICT22,PIECE,3.0
ITN,2024-11-01,DISTRICT HOSPITAL,766.0,51.0,1393.0,767.0,536.0,8554.0,358,891.0,50,DISTRICT31,PIECE,8018.0
QUIN,2024-11-01,HEALTH CENTER,999.0,248.0,785.0,1630.0,,2.0,114,494.0,1000,DISTRICT29,TABLET,2.0
ART-INJ,2025-05-01,HEALTH CENTER,1703.0,1512.0,581.0,2154.0,,13.0,-153,218.0,5,DISTRICT3,VIAL,13.0
ACT-GC,2025-02-01,HEALTH CENTER,745.0,18.0,241.0,308.0,,872.0,165,282.0,30,DISTRICT8,BLISTER,872.0
ACT-AD,2025-11-01,HEALTH CENTER,191.0,20.0,48.0,97.0,,0.0,-174,40.0,30,DISTRICT9,BLISTER,0.0
ACT-INF,2024-11-01,HEALTH CENTER,189.0,99.0,95.0,434.0,247.0,0.0,-470,39.0,30,DISTRICT38,BLISTER,-247.0
QUIN,2025-11-01,HEALTH CENTER,223.0,0.0,244.0,216.0,,0.0,505,41.0,1000,DISTRICT22,TABLET,0.0
PYRA-SAC,2025-05-01,HEALTH CENTER,255.0,0.0,25.0,73.0,,273.0,-422,2.0,1,DISTRICT25,SACHET,273.0
ACT-INF,2024-08-01,HEALTH CENTER,1123.0,1051.0,1140.0,1761.0,,6824.0,15,2291.0,30,DISTRICT33,BLISTER,6824.0
PYRA-COMP,2025-08-01,HEALTH CENTER,927.0,0.0,127.0,253.0,,161.0,-76,69.0,1,DISTRICT33,TABLET,161.0
ART-SUP,2024-02-01,HEALTH CENTER,3488.0,57.0,826.0,1657.0,,407.0,22,1429.0,2,DISTRICT30,CAPSULE,407.0
SP,2025-11-01,HEALTH CENTER,196.0,4.0,95.0,1048.0,,0.0,536,146.0,1000,DISTRICT7,TABLET,0.0
PYRA-COMP,2025-11-01,HEALTH CENTER,1.0,2268.0,9.0,10.0,598.0,0.0,-4,8.0,1,DISTRICT18,TABLET,-598.0
ACT-GC,2025-05-01,HEALTH CENTER,2877.0,229.0,897.0,4174.0,,47.0,-238,1236.0,30,DISTRICT8,BLISTER,47.0
ACT-GC,2025-11-01,HEALTH CENTER,475.0,0.0,140.0,157.0,1333.0,24.0,-11,70.0,30,DISTRICT8,BLISTER,-1309.0
ART-INJ,2025-05-01,HEALTH CENTER,407.0,903.0,258.0,1854.0,,4.0,589,134.0,5,DISTRICT17,VIAL,4.0
ACT-INF,2025-05-01,HEALTH CENTER,1372.0,535.0,574.0,1563.0,,4308.0,-562,242.0,30,DISTRICT21,BLISTER,4308.0
ITN,2025-11-01,HEALTH CENTER,905.0,437.0,118.0,948.0,,99.0,-702,263.0,50,DISTRICT13,PIECE,99.0
RDT,2024-11-01,HEALTH CENTER,325.0,21.0,89.0,1150.0,,0.0,-98,80.0,25,DISTRICT31,PIECE,0.0
ACT-SC,2024-08-01,HEALTH CENTER,2.0,40.0,7.0,8.0,,1.0,90,0.0,30,DISTRICT28,BLISTER,1.0
ACT-INF,2025-02-01,HEALTH CENTER,2149.0,58.0,300.0,997.0,793.0,21.0,593,311.0,30,DISTRICT3,BLISTER,-772.0
ACT-INF,2025-11-01,HEALTH CENTER,2510.0,473.0,386.0,2069.0,,0.0,-820,278.0,30,DISTRICT1,BLISTER,0.0
RDT,2024-11-01,HEALTH CENTER,1668.0,85.0,720.0,1875.0,,139.0,-173,311.0,25,DISTRICT31,PIECE,139.0
ACT-SC,2024-02-01,HEALTH CENTER,36.0,21.0,9.0,233.0,,0.0,1,0.0,30,DISTRICT2,BLISTER,0.0
QUIN,2024-05-01,HEALTH CENTER,1009.0,0.0,26.0,760.0,,77.0,-46,1.0,1000,DISTRICT15,TABLET,77.0
PYRA-SAC,2025-05-01,HEALTH CENTER,512.0,54.0,33.0,277.0,,0.0,-451,11.0,1,DISTRICT19,SACHET,0.0
ACT-GC,2024-08-01,DISTRICT HOSPITAL,108.0,1.0,36.0,80.0,460.0,0.0,318,21.0,30,DISTRICT9,BLISTER,-460.0
ACT-INF,2024-11-01,DISTRICT HOSPITAL,49.0,0.0,10.0,108.0,,2.0,258,17.0,30,DISTRICT24,BLISTER,2.0
RDT,2024-02-01,HEALTH CENTER,268.0,685.0,138.0,591.0,1410.0,35.0,212,86.0,25,DISTRICT28,PIECE,-1375.0
ACT-GC,2025-11-01,HEALTH CENTER,1081.0,19.0,187.0,1759.0,,8.0,-163,170.0,30,DISTRICT13,BLISTER,8.0
ART-INJ,2024-02-01,HEALTH CENTER,405.0,0.0,236.0,697.0,,6.0,160,167.0,5,DISTRICT9,VIAL,6.0
ACT-AD,2024-02-01,HEALTH CENTER,297.0,0.0,161.0,47.0,,6422.0,671,56.0,30,DISTRICT36,BLISTER,6422.0
ACT-SC,2025-02-01,HEALTH CENTER,79.0,62.0,368.0,895.0,1125.0,63.0,-516,223.0,30,DISTRICT28,BLISTER,-1062.0
ACT-GC,2025-02-01,HEALTH CENTER,2181.0,0.0,209.0,555.0,353.0,54.0,-129,49.0,30,DISTRICT5,BLISTER,-299.0
ITN,2024-08-01,HEALTH CENTER,4860.0,0.0,310.0,3433.0,1364.0,1.0,206,100.0,50,DISTRICT21,PIECE,-1363.0
ART-SUP,2024-02-01,HEALTH CENTER,201.0,106.0,161.0,229.0,,73.0,40,31.0,2,DISTRICT14,CAPSULE,73.0
PYRA-SAC,2025-02-01,HEALTH CENTER,534.0,1709.0,143.0,782.0,,1.0,-373,16.0,1,DISTRICT33,SACHET,1.0
PYRA-COMP,2024-05-01,HEALTH CENTER,658.0,1.0,836.0,284.0,,2169.0,-1164,434.0,1,DISTRICT16,TABLET,2169.0
ACT-SC,2025-02-01,HEALTH CENTER,693.0,787.0,427.0,3409.0,,2803.0,-303,145.0,30,DISTRICT19,BLISTER,2803.0
PYRA-COMP,2025-02-01,HEALTH CENTER,1919.0,0.0,840.0,1313.0,409.0,1.0,382,621.0,1,DISTRICT35,TABLET,-408.0
ART-SUP,2024-05-01,HEALTH CENTER,273.0,160.0,212.0,703.0,1023.0,2.0,556,68.0,2,DISTRICT19,CAPSULE,-1021.0
ACT-INF,2024-11-01,HEALTH CENTER,195.0,0.0,26.0,41.0,,428.0,-706,56.0,30,DISTRICT15,BLISTER,428.0
SP,2024-05-01,HEALTH CENTER,925.0,2.0,89.0,440.0,,172.0,-153,24.0,1000,DISTRICT37,TABLET,172.0
SP,2024-11-01,HEALTH CENTER,1119.0,0.0,156.0,214.0,298.0,0.0,-516,50.0,1000,DISTRICT25,TABLET,-298.0
PYRA-SAC,2025-02-01,HEALTH CENTER,921.0,2.0,1045.0,2637.0,,27.0,169,466.0,1,DISTRICT35,SACHET,27.0
ACT-GC,2024-02-01,HEALTH CENTER,2240.0,0.0,743.0,164.0,1639.0,2704.0,661,424.0,30,DISTRICT3,BLISTER,1065.0
PYRA-SAC,2025-05-01,HEALTH CENTER,292.0,682.0,13.0,1027.0,,678.0,-319,7.0,1,DISTRICT28,SACHET,678.0
ITN,2025-05-01,HEALTH CENTER,313.0,22.0,365.0,422.0,,949.0,-127,904.0,50,DISTRICT19,PIECE,949.0
SP,2025-05-01,HEALTH CENTER,323.0,2.0,200.0,82.0,,70.0,202,167.0,1000,DISTRICT28,TABLET,70.0
SP,2024-11-01,HEALTH CENTER,817.0,0.0,111.0,420.0,687.0,346.0,507,39.0,1000,DISTRICT20,TABLET,-341.0
RDT,2024-05-01,HEALTH CENTER,625.0,0.0,116.0,896.0,,18.0,425,39.0,25,DISTRICT9,PIECE,18.0
ACT-INF,2025-11-01,HEALTH CENTER,572.0,5.0,179.0,1085.0,,379.0,-297,62.0,30,DISTRICT15,BLISTER,379.0
ART-SUP,2024-05-01,HEALTH CENTER,1640.0,0.0,230.0,838.0,714.0,104.0,-245,294.0,2,DISTRICT9,CAPSULE,-610.0
ART-SUP,2025-02-01,HEALTH CENTER,413.0,1746.0,453.0,1659.0,,1394.0,-135,442.0,2,DISTRICT16,CAPSULE,1394.0
ACT-AD,2025-02-01,HEALTH CENTER,166.0,265.0,110.0,98.0,,3702.0,298,33.0,30,DISTRICT31,BLISTER,3702.0
SP,2024-11-01,HEALTH CENTER,2520.0,142.0,468.0,1020.0,,2886.0,238,423.0,1000,DISTRICT19,TABLET,2886.0
ITN,2025-02-01,HEALTH CENTER,1441.0,3.0,232.0,2664.0,,564.0,-871,43.0,50,DISTRICT15,PIECE,564.0
ACT-AD,2025-11-01,HEALTH CENTER,5522.0,376.0,522.0,3274.0,,643.0,-599,830.0,30,DISTRICT31,BLISTER,643.0
ART-SUP,2024-08-01,HEALTH CENTER,1208.0,5.0,207.0,190.0,552.0,2555.0,-602,171.0,2,DISTRICT9,CAPSULE,2003.0
ART-INJ,2024-11-01,HEALTH CENTER,138.0,2.0,35.0,95.0,96.0,1364.0,372,6.0,5,DISTRICT24,VIAL,1268.0
ART-INJ,2024-02-01,HEALTH CENTER,263.0,84.0,34.0,136.0,,8.0,-756,9.0,5,DISTRICT35,VIAL,8.0
ACT-GC,2025-05-01,HEALTH CENTER,223.0,0.0,68.0,12.0,2257.0,2353.0,-299,18.0,30,DISTRICT24,BLISTER,96.0
PYRA-SAC,2024-08-01,HEALTH CENTER,3564.0,11.0,1103.0,3088.0,,242.0,-165,1465.0,1,DISTRICT17,SACHET,242.0
ACT-SC,2024-05-01,HEALTH CENTER,1663.0,0.0,284.0,372.0,,259.0,-698,112.0,30,DISTRICT13,BLISTER,259.0
PYRA-SAC,2024-05-01,HEALTH CENTER,705.0,0.0,433.0,203.0,,9162.0,919,344.0,1,DISTRICT31,SACHET,9162.0
ACT-GC,2025-05-01,HEALTH CENTER,1327.0,726.0,402.0,824.0,826.0,2549.0,12,219.0,30,DISTRICT33,BLISTER,1723.0
ART-SUP,2024-02-01,HEALTH CENTER,237.0,6.0,166.0,133.0,,15.0,-236,90.0,2,DISTRICT15,CAPSULE,15.0
ACT-SC,2024-05-01,HEALTH CENTER,11.0,13.0,5.0,156.0,,5.0,79,2.0,30,DISTRICT6,BLISTER,5.0
RDT,2025-11-01,HEALTH CENTER,3.0,0.0,4.0,5.0,453.0,0.0,297,7.0,25,DISTRICT23,PIECE,-453.0
ACT-INF,2025-05-01,HEALTH CENTER,3097.0,615.0,725.0,4178.0,,84.0,-401,541.0,30,DISTRICT31,BLISTER,84.0
QUIN,2024-02-01,HEALTH CENTER,2882.0,0.0,284.0,1442.0,,3050.0,59,176.0,1000,DISTRICT25,TABLET,3050.0
ACT-GC,2025-02-01,HEALTH CENTER,366.0,171.0,261.0,437.0,,3466.0,-7,333.0,30,DISTRICT20,BLISTER,3466.0
ITN,2025-11-01,HEALTH CENTER,1589.0,4.0,448.0,790.0,,7444.0,-456,402.0,50,DISTRICT12,PIECE,7444.0
SP,2025-05-01,HEALTH CENTER,276.0,362.0,459.0,874.0,,364.0,339,257.0,1000,DISTRICT3,TABLET,364.0
ART-SUP,2025-05-01,HEALTH CENTER,1478.0,370.0,299.0,2696.0,,400.0,410,263.0,2,DISTRICT28,CAPSULE,400.0
ACT-INF,2024-05-01,HEALTH CENTER,1303.0,53.0,368.0,1964.0,,77.0,-54,81.0,30,DISTRICT16,BLISTER,77.0
PYRA-SAC,2024-05-01,HEALTH CENTER,921.0,45.0,64.0,132.0,,1430.0,-73,34.0,1,DISTRICT11,SACHET,1430.0
SP,2025-05-01,HEALTH CENTER,156.0,46.0,165.0,166.0,,1979.0,79,370.0,1000,DISTRICT23,TABLET,1979.0
PYRA-SAC,2025-08-01,HEALTH CENTER,551.0,1461.0,350.0,2004.0,,497.0,30,198.0,1,DISTRICT10,SACHET,497.0
ACT-AD,2025-02-01,HEALTH CENTER,780.0,46.0,178.0,1613.0,,0.0,-348,96.0,30,DISTRICT1,BLISTER,0.0
ACT-INF,2025-05-01,HEALTH CENTER,325.0,371.0,492.0,960.0,,3579.0,110,322.0,30,DISTRICT29,BLISTER,3579.0
QUIN,2025-11-01,HEALTH CENTER,206.0,17.0,54.0,28.0,,69.0,-287,21.0,1000,DISTRICT17,TABLET,69.0
PYRA-SAC,2025-05-01,HEALTH CENTER,4396.0,7.0,873.0,5414.0,,4207.0,-172,1437.0,1,DISTRICT26,SACHET,4207.0
ART-INJ,2024-11-01,HEALTH CENTER,8.0,0.0,7.0,2.0,79.0,2.0,-399,0.0,5,DISTRICT30,VIAL,-77.0
RDT,2025-02-01,HEALTH CENTER,544.0,62.0,319.0,625.0,,2335.0,-220,287.0,25,DISTRICT31,PIECE,2335.0
ART-INJ,2025-11-01,HEALTH CENTER,39.0,751.0,27.0,17.0,,0.0,94,3.0,5,DISTRICT3,VIAL,0.0
ACT-GC,2024-02-01,HEALTH CENTER,475.0,23.0,350.0,1074.0,,8.0,-60,134.0,30,DISTRICT5,BLISTER,8.0
RDT,2025-11-01,HEALTH CENTER,2986.0,250.0,334.0,3397.0,1591.0,0.0,101,434.0,25,DISTRICT3,PIECE,-1591.0
ART-INJ,2025-05-01,HEALTH CENTER,89.0,0.0,236.0,130.0,,12097.0,208,124.0,5,DISTRICT26,VIAL,12097.0
RDT,2025-02-01,HEALTH CENTER,886.0,56.0,136.0,1726.0,,0.0,256,85.0,25,DISTRICT10,PIECE,0.0
RDT,2025-08-01,HEALTH CENTER,165.0,10.0,264.0,185.0,,4781.0,-222,156.0,25,DISTRICT28,PIECE,4781.0
ART-SUP,2024-08-01,HEALTH CENTER,638.0,0.0,96.0,1520.0,1203.0,0.0,-430,100.0,2,DISTRICT5,CAPSULE,-1203.0
QUIN,2024-11-01,HEALTH CENTER,1112.0,1.0,114.0,1186.0,,1088.0,-70,83.0,1000,DISTRICT30,TABLET,1088.0
SP,2025-05-01,HEALTH CENTER,6339.0,153.0,1201.0,3764.0,,10687.0,-586,777.0,1000,DISTRICT20,TABLET,10687.0
PYRA-SAC,2025-08-01,HEALTH CENTER,49.0,13.0,98.0,311.0,,984.0,-92,10.0,1,DISTRICT8,SACHET,984.0
ART-INJ,2025-02-01,HEALTH CENTER,1622.0,635.0,981.0,4008.0,489.0,326.0,-731,809.0,5,DISTRICT17,VIAL,-163.0
ACT-AD,2025-05-01,HEALTH CENTER,120.0,495.0,133.0,483.0,,9.0,-237,85.0,30,DISTRICT29,BLISTER,9.0
ACT-INF,2024-02-01,HEALTH CENTER,575.0,0.0,105.0,90.0,,1233.0,431,82.0,30,DISTRICT14,BLISTER,1233.0
ACT-AD,2025-08-01,HEALTH CENTER,816.0,271.0,428.0,524.0,,0.0,553,405.0,30,DISTRICT36,BLISTER,0.0
SP,2025-05-01,HEALTH CENTER,676.0,19.0,335.0,1757.0,,0.0,-262,246.0,1000,DISTRICT9,TABLET,0.0
ITN,2024-11-01,HEALTH CENTER,345.0,1658.0,225.0,835.0,,308.0,188,135.0,50,DISTRICT37,PIECE,308.0
SP,2025-08-01,HEALTH CENTER,3249.0,29.0,709.0,2208.0,580.0,144.0,-886,659.0,1000,DISTRICT3,TABLET,-436.0
SP,2024-11-01,HEALTH CENTER,33.0,1596.0,50.0,787.0,580.0,0.0,-276,29.0,1000,DISTRICT27,TABLET,-580.0
ACT-SC,2025-11-01,HEALTH CENTER,88.0,9.0,138.0,1309.0,,91.0,664,162.0,30,DISTRICT14,BLISTER,91.0
ART-SUP,2025-05-01,DISTRICT HOSPITAL,49.0,681.0,23.0,70.0,,1088.0,-189,35.0,2,DISTRICT6,CAPSULE,1088.0
PYRA-COMP,2024-05-01,HEALTH CENTER,2930.0,0.0,948.0,1972.0,,2.0,-133,746.0,1,DISTRICT21,TABLET,2.0
SP,2024-02-01,HEALTH CENTER,3286.0,54.0,885.0,4004.0,,0.0,-351,467.0,1000,DISTRICT29,TABLET,0.0
ITN,2024-08-01,HEALTH CENTER,95.0,1.0,99.0,65.0,,1150.0,391,118.0,50,DISTRICT32,PIECE,1150.0
ITN,2024-02-01,DISTRICT HOSPITAL,296.0,318.0,157.0,343.0,,2.0,407,184.0,50,DISTRICT5,PIECE,2.0
QUIN,2024-02-01,HEALTH CENTER,544.0,0.0,16.0,300.0,,1.0,-258,3.0,1000,DISTRICT16,TABLET,1.0
ACT-AD,2025-02-01,HEALTH CENTER,1493.0,0.0,267.0,2115.0,,2367.0,-272,373.0,30,DISTRICT37,BLISTER,2367.0
ACT-INF,2025-02-01,HEALTH CENTER,3261.0,216.0,1344.0,6023.0,,20456.0,-539,1338.0,30,DISTRICT1,BLISTER,20456.0
RDT,2025-02-01,HEALTH CENTER,83.0,304.0,302.0,511.0,,2.0,55,355.0,25,DISTRICT36,PIECE,2.0
SP,2025-05-01,HEALTH CENTER,687.0,1.0,469.0,481.0,,1333.0,653,455.0,1000,DISTRICT8,TABLET,1333.0
ACT-SC,2024-08-01,HEALTH CENTER,1620.0,600.0,332.0,2260.0,,2.0,-669,375.0,30,DISTRICT9,BLISTER,2.0
ART-SUP,2025-02-01,HEALTH CENTER,188.0,0.0,10.0,99.0,386.0,7.0,189,1.0,2,DISTRICT20,CAPSULE,-379.0
ACT-AD,2025-08-01,HEALTH CENTER,3556.0,1832.0,837.0,4963.0,,1126.0,120,272.0,30,DISTRICT1,BLISTER,1126.0
ITN,2025-08-01,HEALTH CENTER,413.0,113.0,349.0,1133.0,,3.0,8,251.0,50,DISTRICT30,PIECE,3.0
RDT,2025-02-01,HEALTH CENTER,773.0,67.0,465.0,447.0,,223.0,-333,276.0,25,DISTRICT30,PIECE,223.0
ART-INJ,2025-05-01,DISTRICT HOSPITAL,605.0,1.0,179.0,1098.0,,305.0,-49,160.0,5,DISTRICT1,VIAL,305.0
QUIN,2025-02-01,HEALTH CENTER,940.0,24.0,224.0,1375.0,609.0,8.0,447,67.0,1000,DISTRICT23,TABLET,-601.0
RDT,2024-08-01,HEALTH CENTER,1115.0,0.0,245.0,366.0,,1184.0,-518,111.0,25,DISTRICT20,PIECE,1184.0
ITN,2025-08-01,HEALTH CENTER,1.0,0.0,1.0,10.0,,0.0,-164,0.0,50,DISTRICT1,PIECE,0.0
ART-INJ,2024-02-01,HEALTH CENTER,786.0,0.0,64.0,756.0,117.0,0.0,225,6.0,5,DISTRICT38,VIAL,-117.0
ACT-GC,2025-11-01,HEALTH CENTER,4788.0,1168.0,912.0,3791.0,1107.0,2482.0,-526,885.0,30,DISTRICT1,BLISTER,1375.0
ACT-SC,2024-02-01,HEALTH CENTER,1220.0,642.0,498.0,4411.0,,0.0,-204,280.0,30,DISTRICT8,BLISTER,0.0
PYRA-COMP,2025-11-01,HEALTH CENTER,103.0,0.0,14.0,57.0,,0.0,180,5.0,1,DISTRICT15,TABLET,0.0
SP,2024-08-01,HEALTH CENTER,1571.0,1.0,13.0,136.0,,30.0,-974,3.0,1000,DISTRICT23,TABLET,30.0
ART-INJ,2025-11-01,HEALTH CENTER,213.0,0.0,22.0,540.0,,0.0,715,22.0,5,DISTRICT28,VIAL,0.0
ACT-INF,2024-05-01,HEALTH CENTER,1330.0,61.0,864.0,1740.0,,3.0,711,314.0,30,DISTRICT37,BLISTER,3.0
ART-INJ,2024-02-01,HEALTH CENTER,1425.0,0.0,345.0,1230.0,,1.0,0,212.0,5,DISTRICT23,VIAL,1.0
ACT-INF,2025-05-01,HEALTH CENTER,10.0,135.0,80.0,107.0,,1650.0,171,42.0,30,DISTRICT20,BLISTER,1650.0
ACT-GC,2025-05-01,HEALTH CENTER,96.0,193.0,81.0,449.0,,65.0,-666,32.0,30,DISTRICT25,BLISTER,65.0
ACT-INF,2025-05-01,DISTRICT HOSPITAL,40.0,15.0,2.0,305.0,,0.0,308,0.0,30,DISTRICT33,BLISTER,0.0
ITN,2025-02-01,HEALTH CENTER,528.0,1.0,104.0,271.0,,36.0,718,72.0,50,DISTRICT28,PIECE,36.0
ART-SUP,2025-11-01,HEALTH CENTER,1266.0,2.0,281.0,235.0,,4233.0,116,387.0,2,DISTRICT11,CAPSULE,4233.0
ITN,2024-05-01,HEALTH CENTER,113.0,24.0,78.0,438.0,1333.0,42.0,32,16.0,50,DISTRICT38,PIECE,-1291.0
ACT-INF,2024-11-01,HEALTH CENTER,2017.0,9.0,243.0,1045.0,871.0,3.0,-365,39.0,30,DISTRICT20,BLISTER,-868.0
SP,2024-08-01,HEALTH CENTER,99.0,0.0,23.0,63.0,,24.0,310,11.0,1000,DISTRICT5,TABLET,24.0
PYRA-SAC,2025-11-01,HEALTH CENTER,174.0,2.0,29.0,19.0,,0.0,-155,63.0,1,DISTRICT1,SACHET,0.0
ACT-SC,2024-05-01,HEALTH CENTER,397.0,540.0,280.0,574.0,,586.0,139,72.0,30,DISTRICT38,BLISTER,586.0
RDT,2025-08-01,HEALTH CENTER,55.0,0.0,24.0,213.0,621.0,0.0,881,91.0,25,DISTRICT25,PIECE,-621.0
PYRA-SAC,2025-05-01,DISTRICT HOSPITAL,885.0,9.0,240.0,687.0,610.0,421.0,-13,221.0,1,DISTRICT20,SACHET,-189.0
ART-SUP,2025-08-01,HEALTH CENTER,9.0,190.0,39.0,82.0,,2.0,-382,8.0,2,DISTRICT25,CAPSULE,2.0
ART-SUP,2025-08-01,HEALTH CENTER,109.0,74.0,183.0,128.0,,4.0,374,196.0,2,DISTRICT18,CAPSULE,4.0
ART-SUP,2025-05-01,HEALTH CENTER,186.0,9.0,23.0,26.0,,0.0,-578,20.0,2,DISTRICT36,CAPSULE,0.0
QUIN,2025-11-01,HEALTH CENTER,1677.0,527.0,462.0,1692.0,,24.0,367,342.0,1000,DISTRICT6,TABLET,24.0
PYRA-SAC,2025-05-01,HEALTH CENTER,316.0,27.0,121.0,655.0,,42.0,-632,39.0,1,DISTRICT13,SACHET,42.0
ACT-SC,2025-08-01,HEALTH CENTER,82.0,1.0,64.0,361.0,537.0,14.0,2,25.0,30,DISTRICT19,BLISTER,-523.0
ACT-INF,2024-05-01,HEALTH CENTER,1287.0,89.0,388.0,2492.0,319.0,0.0,-65,178.0,30,DISTRICT20,BLISTER,-319.0
ACT-AD,2025-11-01,HEALTH CENTER,758.0,5.0,230.0,666.0,,1769.0,-13,218.0,30,DISTRICT7,BLISTER,1769.0
RDT,2024-02-01,HEALTH CENTER,4298.0,1.0,1184.0,862.0,,8272.0,831,1481.0,25,DISTRICT30,PIECE,8272.0
ACT-INF,2024-11-01,HEALTH CENTER,2085.0,0.0,35.0,623.0,,0.0,-1351,17.0,30,DISTRICT14,BLISTER,0.0
RDT,2024-11-01,HEALTH CENTER,116.0,19.0,10.0,80.0,864.0,0.0,438,1.0,25,DISTRICT20,PIECE,-864.0
ACT-AD,2025-05-01,HEALTH CENTER,4457.0,21.0,1497.0,1954.0,,8263.0,-184,1281.0,30,DISTRICT12,BLISTER,8263.0
ITN,2025-11-01,HEALTH CENTER,2334.0,42.0,184.0,836.0,,0.0,-451,115.0,50,DISTRICT26,PIECE,0.0
ART-INJ,2025-11-01,DISTRICT HOSPITAL,1373.0,157.0,135.0,1693.0,,185.0,-465,120.0,5,DISTRICT29,VIAL,185.0
QUIN,2024-08-01,HEALTH CENTER,976.0,192.0,144.0,975.0,414.0,24.0,-834,99.0,1000,DISTRICT15,TABLET,-390.0
SP,2024-08-01,HEALTH CENTER,1684.0,0.0,576.0,1184.0,,1785.0,590,479.0,1000,DISTRICT16,TABLET,1785.0
ACT-AD,2024-02-01,HEALTH CENTER,2935.0,220.0,720.0,2051.0,,3208.0,-400,269.0,30,DISTRICT36,BLISTER,3208.0
RDT,2024-11-01,DISTRICT HOSPITAL,2578.0,2.0,481.0,2025.0,,1973.0,272,815.0,25,DISTRICT26,PIECE,1973.0
QUIN,2025-05-01,HEALTH CENTER,12.0,127.0,99.0,31.0,,0.0,-182,37.0,1000,DISTRICT9,TABLET,0.0
ART-SUP,2025-08-01,HEALTH CENTER,391.0,1742.0,209.0,1025.0,1403.0,12.0,-233,33.0,2,DISTRICT31,CAPSULE,-1391.0
ACT-GC,2025-08-01,HEALTH CENTER,3761.0,14.0,363.0,3516.0,,0.0,329,342.0,30,DISTRICT36,BLISTER,0.0
QUIN,2025-02-01,HEALTH CENTER,652.0,92.0,619.0,988.0,937.0,156.0,51,440.0,1000,DISTRICT14,TABLET,-781.0
QUIN,2025-11-01,HEALTH CENTER,3026.0,17.0,270.0,3474.0,,2.0,-67,757.0,1000,DISTRICT31,TABLET,2.0
ITN,2025-05-01,HEALTH CENTER,172.0,0.0,19.0,26.0,,137.0,-73,8.0,50,DISTRICT17,PIECE,137.0
ACT-INF,2024-05-01,HEALTH CENTER,466.0,0.0,75.0,463.0,264.0,0.0,-561,77.0,30,DISTRICT25,BLISTER,-264.0
SP,2024-05-01,HEALTH CENTER,46.0,20.0,101.0,232.0,,0.0,32,7.0,1000,DISTRICT38,TABLET,0.0
ACT-INF,2024-05-01,HEALTH CENTER,1009.0,28.0,201.0,965.0,,0.0,330,45.0,30,DISTRICT23,BLISTER,0.0
PYRA-COMP,2024-08-01,HEALTH CENTER,66.0,261.0,6.0,122.0,,0.0,53,4.0,1,DISTRICT1,TABLET,0.0
ART-SUP,2025-08-01,HEALTH CENTER,140.0,12.0,35.0,229.0,,0.0,-56,7.0,2,DISTRICT26,CAPSULE,0.0
ACT-SC,2024-11-01,HEALTH CENTER,1038.0,0.0,424.0,408.0,,16464.0,-373,196.0,30,DISTRICT17,BLISTER,16464.0
ACT-SC,2024-02-01,HEALTH CENTER,2448.0,626.0,560.0,3464.0,,909.0,250,442.0,30,DISTRICT24,BLISTER,909.0
PYRA-SAC,2024-02-01,HEALTH CENTER,1004.0,2249.0,296.0,1291.0,,1387.0,-1005,103.0,1,DISTRICT30,SACHET,1387.0
ITN,2025-05-01,HEALTH CENTER,2393.0,199.0,467.0,3530.0,,9.0,433,286.0,50,DISTRICT15,PIECE,9.0
SP,2025-11-01,HEALTH CENTER,222.0,0.0,95.0,852.0,,18.0,141,263.0,1000,DISTRICT13,TABLET,18.0
QUIN,2025-08-01,HEALTH CENTER,3.0,41.0,64.0,113.0,,5039.0,-769,45.0,1000,DISTRICT26,TABLET,5039.0
PYRA-SAC,2025-02-01,HEALTH CENTER,1983.0,3.0,193.0,461.0,,52.0,68,264.0,1,DISTRICT35,SACHET,52.0
ACT-AD,2025-05-01,HEALTH CENTER,369.0,436.0,229.0,553.0,,0.0,299,120.0,30,DISTRICT33,BLISTER,0.0
QUIN,2024-11-01,HEALTH CENTER,524.0,105.0,202.0,996.0,,3507.0,-155,242.0,1000,DISTRICT15,TABLET,3507.0
ITN,2024-08-01,HEALTH CENTER,707.0,15.0,139.0,1058.0,347.0,0.0,506,96.0,50,DISTRICT5,PIECE,-347.0
PYRA-COMP,2025-05-01,DISTRICT HOSPITAL,2084.0,1.0,529.0,476.0,369.0,0.0,222,373.0,1,DISTRICT36,TABLET,-369.0
ACT-GC,2025-11-01,HEALTH CENTER,1143.0,0.0,61.0,604.0,,316.0,727,59.0,30,DISTRICT23,BLISTER,316.0
PYRA-COMP,2025-11-01,HEALTH CENTER,2180.0,912.0,519.0,2158.0,,304.0,332,602.0,1,DISTRICT22,TABLET,304.0
SP,2025-11-01,HEALTH CENTER,2057.0,1.0,87.0,484.0,,0.0,-456,36.0,1000,DISTRICT24,TABLET,0.0
RDT,2025-02-01,HEALTH CENTER,1712.0,103.0,845.0,766.0,423.0,169.0,30,803.0,25,DISTRICT13,PIECE,-254.0
ART-SUP,2025-11-01,HEALTH CENTER,1081.0,980.0,384.0,511.0,1353.0,544.0,-77,98.0,2,DISTRICT13,CAPSULE,-809.0
ACT-AD,2024-08-01,HEALTH CENTER,477.0,13.0,265.0,394.0,,10.0,-500,297.0,30,DISTRICT20,BLISTER,10.0
ACT-GC,2025-08-01,HEALTH CENTER,46.0,0.0,155.0,106.0,,769.0,221,52.0,30,DISTRICT31,BLISTER,769.0
PYRA-COMP,2024-02-01,HEALTH CENTER,508.0,0.0,49.0,653.0,,0.0,379,110.0,1,DISTRICT37,TABLET,0.0
ART-INJ,2024-05-01,HEALTH CENTER,1954.0,0.0,81.0,1702.0,,2799.0,93,152.0,5,DISTRICT9,VIAL,2799.0
PYRA-SAC,2025-11-01,HEALTH CENTER,221.0,0.0,134.0,348.0,,3624.0,-594,421.0,1,DISTRICT5,SACHET,3624.0
ACT-AD,2025-11-01,HEALTH CENTER,378.0,0.0,46.0,250.0,563.0,1.0,-615,1.0,30,DISTRICT29,BLISTER,-562.0
ART-SUP,2025-02-01,HEALTH CENTER,4882.0,0.0,618.0,1107.0,,384.0,-168,357.0,2,DISTRICT20,CAPSULE,384.0
PYRA-SAC,2025-02-01,HEALTH CENTER,2864.0,26.0,392.0,737.0,,137.0,-155,165.0,1,DISTRICT19,SACHET,137.0
ITN,2024-02-01,HEALTH CENTER,32.0,3868.0,181.0,252.0,1710.0,4330.0,-184,121.0,50,DISTRICT24,PIECE,2620.0
PYRA-COMP,2025-02-01,HEALTH CENTER,1252.0,257.0,91.0,1325.0,,70.0,36,64.0,1,DISTRICT14,TABLET,70.0
ACT-AD,2024-02-01,HEALTH CENTER,103.0,1.0,24.0,86.0,819.0,0.0,278,6.0,30,DISTRICT24,BLISTER,-819.0
ACT-SC,2025-05-01,HEALTH CENTER,280.0,2.0,86.0,564.0,,5.0,8,60.0,30,DISTRICT23,BLISTER,5.0
QUIN,2024-05-01,HEALTH CENTER,486.0,0.0,55.0,285.0,,0.0,428,12.0,1000,DISTRICT14,TABLET,0.0
PYRA-SAC,2025-11-01,HEALTH CENTER,287.0,0.0,77.0,444.0,582.0,9.0,278,28.0,1,DISTRICT36,SACHET,-573.0
PYRA-COMP,2025-11-01,HEALTH CENTER,803.0,393.0,69.0,662.0,,0.0,-589,32.0,1,DISTRICT28,TABLET,0.0
ART-INJ,2025-02-01,HEALTH CENTER,113.0,158.0,45.0,671.0,319.0,0.0,-743,49.0,5,DISTRICT8,VIAL,-319.0
ACT-SC,2025-11-01,DISTRICT HOSPITAL,3783.0,616.0,680.0,2169.0,,5106.0,-196,374.0,30,DISTRICT6,BLISTER,5106.0
ART-SUP,2024-08-01,HEALTH CENTER,772.0,0.0,53.0,25.0,,57.0,374,4.0,2,DISTRICT4,CAPSULE,57.0
PYRA-SAC,2024-05-01,HEALTH CENTER,71.0,155.0,9.0,154.0,,7.0,551,6.0,1,DISTRICT3,SACHET,7.0
ART-SUP,2025-02-01,HEALTH CENTER,31.0,0.0,40.0,52.0,312.0,421.0,182,30.0,2,DISTRICT10,CAPSULE,109.0
ACT-AD,2025-05-01,DISTRICT HOSPITAL,52.0,29.0,32.0,152.0,,2.0,-35,1.0,30,DISTRICT32,BLISTER,2.0
ART-SUP,2025-08-01,HEALTH CENTER,839.0,0.0,222.0,559.0,,0.0,-71,120.0,2,DISTRICT19,CAPSULE,0.0
RDT,2025-05-01,HEALTH CENTER,1156.0,73.0,188.0,3211.0,,0.0,-783,27.0,25,DISTRICT20,PIECE,0.0
ART-SUP,2025-05-01,HEALTH CENTER,765.0,103.0,234.0,1755.0,1046.0,0.0,-287,143.0,2,DISTRICT8,CAPSULE,-1046.0
ACT-AD,2025-05-01,HEALTH CENTER,1620.0,1941.0,856.0,5199.0,,444.0,149,549.0,30,DISTRICT38,BLISTER,444.0
SP,2025-08-01,HEALTH CENTER,3172.0,0.0,60.0,1755.0,247.0,0.0,109,6.0,1000,DISTRICT9,TABLET,-247.0
ART-SUP,2025-02-01,HEALTH CENTER,978.0,25.0,93.0,963.0,1059.0,4.0,199,71.0,2,DISTRICT1,CAPSULE,-1055.0
ART-INJ,2024-08-01,HEALTH CENTER,956.0,34.0,404.0,792.0,,1137.0,303,336.0,5,DISTRICT12,VIAL,1137.0
SP,2024-02-01,HEALTH CENTER,209.0,0.0,20.0,62.0,,1219.0,-959,6.0,1000,DISTRICT38,TABLET,1219.0
QUIN,2024-02-01,HEALTH CENTER,19.0,0.0,2.0,2.0,,1205.0,-402,2.0,1000,DISTRICT32,TABLET,1205.0
SP,2025-02-01,HEALTH CENTER,2008.0,0.0,645.0,2083.0,,521.0,-181,164.0,1000,DISTRICT25,TABLET,521.0
RDT,2025-11-01,HEALTH CENTER,1812.0,1.0,318.0,491.0,,1841.0,385,97.0,25,DISTRICT26,PIECE,1841.0
ACT-AD,2024-05-01,HEALTH CENTER,138.0,110.0,55.0,84.0,,5370.0,-435,84.0,30,DISTRICT31,BLISTER,5370.0
RDT,2024-11-01,HEALTH CENTER,783.0,233.0,1097.0,849.0,,1148.0,147,955.0,25,DISTRICT16,PIECE,1148.0
SP,2024-08-01,HEALTH CENTER,702.0,11.0,296.0,3074.0,,98.0,23,470.0,1000,DISTRICT18,TABLET,98.0
ACT-GC,2024-08-01,HEALTH CENTER,560.0,203.0,65.0,1090.0,,0.0,-32,18.0,30,DISTRICT37,BLISTER,0.0
QUIN,2025-02-01,HEALTH CENTER,370.0,0.0,60.0,414.0,,0.0,-249,15.0,1000,DISTRICT32,TABLET,0.0
PYRA-COMP,2025-08-01,HEALTH CENTER,1588.0,562.0,357.0,674.0,,9.0,-403,264.0,1,DISTRICT10,TABLET,9.0
ACT-GC,2024-08-01,HEALTH CENTER,1397.0,0.0,299.0,303.0,958.0,38.0,370,317.0,30,DISTRICT1,BLISTER,-920.0
ITN,2025-05-01,HEALTH CENTER,178.0,930.0,198.0,666.0,,5.0,139,326.0,50,DISTRICT9,PIECE,5.0
ART-SUP,2025-05-01,HEALTH CENTER,148.0,0.0,69.0,22.0,1004.0,2.0,434,6.0,2,DISTRICT28,CAPSULE,-1002.0
ART-INJ,2025-02-01,HEALTH CENTER,203.0,0.0,37.0,138.0,,2207.0,471,15.0,5,DISTRICT1,VIAL,2207.0
SP,2024-11-01,HEALTH CENTER,3720.0,35.0,676.0,1825.0,,1.0,274,386.0,1000,DISTRICT23,TABLET,1.0
QUIN,2025-05-01,HEALTH CENTER,129.0,0.0,128.0,30.0,,0.0,-122,86.0,1000,DISTRICT38,TABLET,0.0
ACT-SC,2024-08-01,HEALTH CENTER,161.0,30.0,18.0,465.0,,2.0,-479,7.0,30,DISTRICT28,BLISTER,2.0
ITN,2025-02-01,HEALTH CENTER,139.0,0.0,11.0,20.0,,9.0,102,1.0,50,DISTRICT28,PIECE,9.0
QUIN,2024-05-01,HEALTH CENTER,1219.0,0.0,271.0,69.0,,509.0,-54,363.0,1000,DISTRICT26,TABLET,509.0
PYRA-SAC,2024-05-01,HEALTH CENTER,132.0,1.0,45.0,225.0,,0.0,192,7.0,1,DISTRICT25,SACHET,0.0
ART-SUP,2025-08-01,HEALTH CENTER,2129.0,0.0,614.0,2125.0,509.0,528.0,-116,549.0,2,DISTRICT19,CAPSULE,19.0
ACT-INF,2025-02-01,HEALTH CENTER,133.0,0.0,73.0,79.0,770.0,3985.0,23,155.0,30,DISTRICT18,BLISTER,3215.0
PYRA-COMP,2025-08-01,HEALTH CENTER,1055.0,0.0,32.0,257.0,,1.0,549,87.0,1,DISTRICT13,TABLET,1.0
ACT-GC,2025-05-01,HEALTH CENTER,918.0,0.0,83.0,1384.0,,0.0,61,6.0,30,DISTRICT19,BLISTER,0.0
PYRA-COMP,2025-02-01,HEALTH CENTER,27.0,0.0,8.0,19.0,,198.0,57,9.0,1,DISTRICT21,TABLET,198.0
PYRA-COMP,2025-02-01,HEALTH CENTER,1835.0,213.0,456.0,4654.0,,0.0,803,193.0,1,DISTRICT17,TABLET,0.0
RDT,2025-08-01,HEALTH CENTER,538.0,94.0,367.0,2515.0,228.0,28.0,416,162.0,25,DISTRICT13,PIECE,-200.0
ART-INJ,2025-02-01,HEALTH CENTER,1158.0,0.0,94.0,809.0,,200.0,170,49.0,5,DISTRICT28,VIAL,200.0
ACT-AD,2025-02-01,HEALTH CENTER,1672.0,75.0,218.0,374.0,,47.0,-616,134.0,30,DISTRICT28,BLISTER,47.0
ACT-INF,2024-02-01,HEALTH CENTER,220.0,13.0,78.0,555.0,445.0,2.0,-876,265.0,30,DISTRICT20,BLISTER,-443.0
ART-SUP,2025-05-01,DISTRICT HOSPITAL,109.0,2036.0,563.0,757.0,1012.0,770.0,498,490.0,2,DISTRICT14,CAPSULE,-242.0
ACT-GC,2024-05-01,HEALTH CENTER,6512.0,70.0,1129.0,3322.0,,2846.0,369,932.0,30,DISTRICT2,BLISTER,2846.0
ACT-GC,2024-08-01,HEALTH CENTER,385.0,1.0,182.0,345.0,,326.0,-611,82.0,30,DISTRICT7,BLISTER,326.0
SP,2024-02-01,HEALTH CENTER,1601.0,0.0,653.0,780.0,,52.0,-372,393.0,1000,DISTRICT26,TABLET,52.0
RDT,2024-11-01,HEALTH CENTER,540.0,128.0,165.0,1087.0,1577.0,44.0,215,133.0,25,DISTRICT9,PIECE,-1533.0
ART-INJ,2024-05-01,HEALTH CENTER,1323.0,3783.0,1053.0,1394.0,,99.0,256,1013.0,5,DISTRICT35,VIAL,99.0
ACT-INF,2025-11-01,HEALTH CENTER,526.0,4.0,466.0,857.0,1613.0,677.0,-15,344.0,30,DISTRICT1,BLISTER,-936.0
ACT-GC,2024-02-01,REGIONAL HOSPITAL,139.0,4.0,5.0,296.0,291.0,0.0,22,0.0,30,DISTRICT21,BLISTER,-291.0
RDT,2024-11-01,HEALTH CENTER,2990.0,40.0,550.0,1293.0,,438.0,-404,878.0,25,DISTRICT9,PIECE,438.0
PYRA-COMP,2025-11-01,HEALTH CENTER,1498.0,1.0,45.0,191.0,854.0,3.0,208,25.0,1,DISTRICT10,TABLET,-851.0
ART-SUP,2025-08-01,HEALTH CENTER,1128.0,1.0,66.0,513.0,1212.0,0.0,987,54.0,2,DISTRICT23,CAPSULE,-1212.0
ART-INJ,2024-11-01,HEALTH CENTER,173.0,241.0,44.0,975.0,,0.0,82,12.0,5,DISTRICT29,VIAL,0.0
QUIN,2025-11-01,HEALTH CENTER,1617.0,0.0,344.0,360.0,,2029.0,-538,145.0,1000,DISTRICT35,TABLET,2029.0
ACT-AD,2024-02-01,DISTRICT HOSPITAL,7.0,135.0,15.0,105.0,,2702.0,-72,2.0,30,DISTRICT31,BLISTER,2702.0
SP,2025-08-01,HEALTH CENTER,431.0,76.0,513.0,354.0,,3139.0,101,544.0,1000,DISTRICT33,TABLET,3139.0
ACT-AD,2024-05-01,HEALTH CENTER,1839.0,661.0,375.0,2029.0,531.0,1625.0,-37,739.0,30,DISTRICT32,BLISTER,1094.0
RDT,2025-11-01,HEALTH CENTER,6.0,410.0,6.0,29.0,592.0,0.0,394,4.0,25,DISTRICT33,PIECE,-592.0
ACT-INF,2025-08-01,HEALTH CENTER,39.0,213.0,55.0,39.0,1079.0,1943.0,1039,21.0,30,DISTRICT5,BLISTER,864.0
PYRA-COMP,2024-05-01,HEALTH CENTER,202.0,57.0,122.0,148.0,,2967.0,-249,180.0,1,DISTRICT28,TABLET,2967.0
ACT-AD,2024-08-01,HEALTH CENTER,312.0,157.0,84.0,928.0,,0.0,50,14.0,30,DISTRICT13,BLISTER,0.0
ACT-AD,2024-05-01,HEALTH CENTER,3008.0,762.0,692.0,5252.0,,405.0,195,241.0,30,DISTRICT15,BLISTER,405.0
SP,2024-08-01,HEALTH CENTER,2030.0,0.0,478.0,1863.0,,609.0,86,609.0,1000,DISTRICT20,TABLET,609.0
ACT-SC,2025-11-01,HEALTH CENTER,2270.0,168.0,528.0,2053.0,,87.0,-634,818.0,30,DISTRICT29,BLISTER,87.0
RDT,2024-08-01,HEALTH CENTER,12.0,17.0,23.0,8.0,753.0,59.0,-203,3.0,25,DISTRICT35,PIECE,-694.0
RDT,2025-02-01,HEALTH CENTER,480.0,516.0,376.0,102.0,435.0,0.0,-152,182.0,25,DISTRICT1,PIECE,-435.0
ACT-SC,2024-05-01,HEALTH CENTER,6207.0,133.0,1435.0,4755.0,,216.0,-124,811.0,30,DISTRICT23,BLISTER,216.0
ART-INJ,2025-11-01,HEALTH CENTER,263.0,13.0,672.0,274.0,,1443.0,-431,726.0,5,DISTRICT33,VIAL,1443.0
SP,2024-05-01,HEALTH CENTER,1761.0,24.0,420.0,1191.0,666.0,1945.0,-342,369.0,1000,DISTRICT33,TABLET,1279.0
ACT-AD,2025-08-01,DISTRICT HOSPITAL,2793.0,0.0,100.0,673.0,,0.0,-149,23.0,30,DISTRICT25,BLISTER,0.0
PYRA-COMP,2025-08-01,HEALTH CENTER,731.0,0.0,11.0,606.0,,0.0,-575,1.0,1,DISTRICT9,TABLET,0.0
PYRA-COMP,2024-11-01,HEALTH CENTER,792.0,3.0,346.0,497.0,,52.0,630,243.0,1,DISTRICT16,TABLET,52.0
SP,2024-11-01,HEALTH CENTER,724.0,317.0,176.0,1845.0,,5190.0,-255,344.0,1000,DISTRICT4,TABLET,5190.0
RDT,2024-08-01,HEALTH CENTER,337.0,969.0,221.0,656.0,1330.0,0.0,248,115.0,25,DISTRICT25,PIECE,-1330.0
ACT-AD,2025-05-01,HEALTH CENTER,199.0,4.0,7.0,153.0,375.0,65.0,645,6.0,30,DISTRICT30,BLISTER,-310.0
ACT-AD,2024-11-01,HEALTH CENTER,215.0,0.0,117.0,81.0,,6045.0,-477,199.0,30,DISTRICT38,BLISTER,6045.0
ACT-INF,2024-02-01,HEALTH CENTER,1436.0,0.0,114.0,1809.0,,4.0,-198,62.0,30,DISTRICT8,BLISTER,4.0
PYRA-SAC,2025-02-01,HEALTH CENTER,26.0,217.0,18.0,12.0,,0.0,-232,10.0,1,DISTRICT38,SACHET,0.0
ART-INJ,2025-11-01,HEALTH CENTER,520.0,1.0,195.0,246.0,,6482.0,-146,242.0,5,DISTRICT36,VIAL,6482.0
ACT-GC,2024-05-01,HEALTH CENTER,1640.0,3.0,198.0,1185.0,,1.0,-60,203.0,30,DISTRICT13,BLISTER,1.0
ACT-AD,2024-02-01,HEALTH CENTER,3880.0,0.0,161.0,1561.0,,432.0,-150,82.0,30,DISTRICT6,BLISTER,432.0
ACT-AD,2025-11-01,HEALTH CENTER,70.0,2.0,104.0,101.0,,0.0,-263,21.0,30,DISTRICT24,BLISTER,0.0
ACT-GC,2025-05-01,HEALTH CENTER,510.0,0.0,267.0,301.0,576.0,1409.0,251,177.0,30,DISTRICT31,BLISTER,833.0
ACT-AD,2025-05-01,HEALTH CENTER,631.0,1.0,234.0,473.0,,159.0,-1046,106.0,30,DISTRICT15,BLISTER,159.0
ACT-SC,2025-05-01,HEALTH CENTER,346.0,58.0,206.0,442.0,,1.0,650,345.0,30,DISTRICT16,BLISTER,1.0
ACT-INF,2025-11-01,HEALTH CENTER,1271.0,0.0,516.0,995.0,1090.0,0.0,80,326.0,30,DISTRICT4,BLISTER,-1090.0
ART-SUP,2025-05-01,HEALTH CENTER,9921.0,1.0,2498.0,7097.0,,1723.0,917,2918.0,2,DISTRICT8,CAPSULE,1723.0
ART-INJ,2024-11-01,HEALTH CENTER,437.0,651.0,176.0,1422.0,,487.0,151,144.0,5,DISTRICT32,VIAL,487.0
SP,2025-05-01,HEALTH CENTER,2188.0,0.0,804.0,2170.0,,5076.0,-578,1174.0,1000,DISTRICT25,TABLET,5076.0
ACT-GC,2025-05-01,HEALTH CENTER,2179.0,57.0,302.0,642.0,,19.0,-195,103.0,30,DISTRICT36,BLISTER,19.0
ITN,2025-05-01,HEALTH CENTER,895.0,41.0,307.0,1730.0,,19.0,604,479.0,50,DISTRICT6,PIECE,19.0
PYRA-SAC,2025-08-01,HEALTH CENTER,142.0,19.0,30.0,230.0,711.0,0.0,302,1.0,1,DISTRICT19,SACHET,-711.0
ACT-INF,2024-02-01,HEALTH CENTER,1341.0,247.0,272.0,541.0,,63.0,29,57.0,30,DISTRICT14,BLISTER,63.0
ITN,2024-05-01,HEALTH CENTER,2.0,0.0,2.0,2.0,,13.0,-303,0.0,50,DISTRICT16,PIECE,13.0
ACT-SC,2025-02-01,HEALTH CENTER,1795.0,162.0,1256.0,3867.0,210.0,38.0,156,719.0,30,DISTRICT15,BLISTER,-172.0
ITN,2025-05-01,HEALTH CENTER,5438.0,0.0,1726.0,2167.0,,11950.0,-659,2017.0,50,DISTRICT25,PIECE,11950.0
ACT-GC,2024-08-01,HEALTH CENTER,1754.0,8.0,311.0,1228.0,,279.0,-466,219.0,30,DISTRICT8,BLISTER,279.0
ACT-AD,2024-08-01,HEALTH CENTER,58.0,0.0,12.0,2.0,390.0,0.0,-419,30.0,30,DISTRICT23,BLISTER,-390.0
PYRA-SAC,2024-05-01,HEALTH CENTER,680.0,117.0,23.0,441.0,1428.0,1830.0,-117,3.0,1,DISTRICT5,SACHET,402.0
ITN,2024-11-01,HEALTH CENTER,32.0,7.0,6.0,12.0,,0.0,-31,3.0,50,DISTRICT3,PIECE,0.0
SP,2025-08-01,HEALTH CENTER,6.0,1.0,24.0,40.0,,169.0,584,19.0,1000,DISTRICT20,TABLET,169.0
ACT-INF,2025-05-01,HEALTH CENTER,1279.0,17.0,354.0,3856.0,,7.0,18,251.0,30,DISTRICT8,BLISTER,7.0
ACT-AD,2025-02-01,HEALTH CENTER,78.0,47.0,29.0,126.0,641.0,436.0,229,7.0,30,DISTRICT31,BLISTER,-205.0
ART-SUP,2024-11-01,HEALTH CENTER,853.0,707.0,133.0,210.0,,13.0,215,55.0,2,DISTRICT25,CAPSULE,13.0
ACT-SC,2025-11-01,HEALTH CENTER,891.0,0.0,110.0,499.0,,1.0,621,37.0,30,DISTRICT19,BLISTER,1.0
ITN,2025-08-01,DISTRICT HOSPITAL,2491.0,311.0,1173.0,2447.0,752.0,119.0,167,1868.0,50,DISTRICT33,PIECE,-633.0
QUIN,2024-11-01,HEALTH CENTER,60.0,13.0,2.0,62.0,,2.0,105,1.0,1000,DISTRICT23,TABLET,2.0
ACT-AD,2025-11-01,HEALTH CENTER,1736.0,0.0,233.0,405.0,1954.0,2.0,98,68.0,30,DISTRICT32,BLISTER,-1952.0
RDT,2025-02-01,HEALTH CENTER,700.0,2.0,423.0,729.0,,0.0,1030,324.0,25,DISTRICT22,PIECE,0.0
ITN,2025-08-01,HEALTH CENTER,2104.0,188.0,637.0,1716.0,,4.0,-500,568.0,50,DISTRICT36,PIECE,4.0
ACT-AD,2025-02-01,DISTRICT HOSPITAL,303.0,0.0,44.0,111.0,,4.0,-538,128.0,30,DISTRICT26,BLISTER,4.0
PYRA-COMP,2025-08-01,HEALTH CENTER,1522.0,0.0,174.0,1047.0,,85.0,-1200,10.0,1,DISTRICT23,TABLET,85.0
ACT-SC,2024-11-01,HEALTH CENTER,2936.0,0.0,708.0,4135.0,,1108.0,-235,303.0,30,DISTRICT8,BLISTER,1108.0
ITN,2024-11-01,HEALTH CENTER,537.0,2153.0,300.0,1882.0,,29.0,80,396.0,50,DISTRICT2,PIECE,29.0
PYRA-COMP,2025-02-01,HEALTH CENTER,1347.0,20.0,298.0,432.0,99.0,0.0,-522,127.0,1,DISTRICT23,TABLET,-99.0
PYRA-COMP,2025-02-01,HEALTH CENTER,4733.0,6.0,590.0,1369.0,127.0,3.0,-662,208.0,1,DISTRICT15,TABLET,-124.0
RDT,2024-11-01,HEALTH CENTER,1736.0,398.0,334.0,2055.0,,1.0,32,256.0,25,DISTRICT1,PIECE,1.0
ACT-INF,2025-02-01,HEALTH CENTER,276.0,352.0,125.0,1731.0,,0.0,-573,62.0,30,DISTRICT37,BLISTER,0.0
SP,2024-02-01,HEALTH CENTER,333.0,0.0,41.0,228.0,1104.0,24.0,-174,53.0,1000,DISTRICT29,TABLET,-1080.0
RDT,2025-11-01,HEALTH CENTER,135.0,19.0,89.0,251.0,,4.0,204,17.0,25,DISTRICT21,PIECE,4.0
SP,2025-11-01,HEALTH CENTER,386.0,1.0,90.0,186.0,,207.0,-839,166.0,1000,DISTRICT11,TABLET,207.0
PYRA-SAC,2024-11-01,HEALTH CENTER,268.0,802.0,400.0,1670.0,,124.0,512,200.0,1,DISTRICT11,SACHET,124.0
ACT-SC,2024-02-01,HEALTH CENTER,618.0,0.0,36.0,46.0,982.0,458.0,-298,13.0,30,DISTRICT3,BLISTER,-524.0
ACT-AD,2024-08-01,HEALTH CENTER,523.0,621.0,246.0,1278.0,986.0,0.0,-122,321.0,30,DISTRICT8,BLISTER,-986.0
ACT-AD,2024-11-01,HEALTH CENTER,3057.0,1357.0,586.0,2859.0,,52.0,780,383.0,30,DISTRICT7,BLISTER,52.0
ACT-INF,2024-08-01,HEALTH CENTER,1192.0,0.0,336.0,623.0,1509.0,1.0,35,468.0,30,DISTRICT4,BLISTER,-1508.0
ACT-INF,2024-11-01,DISTRICT HOSPITAL,71.0,0.0,15.0,17.0,,0.0,-510,5.0,30,DISTRICT20,BLISTER,0.0
ART-SUP,2025-08-01,HEALTH CENTER,3569.0,957.0,1574.0,2493.0,,3079.0,970,2222.0,2,DISTRICT33,CAPSULE,3079.0
PYRA-SAC,2024-11-01,HEALTH CENTER,60.0,81.0,30.0,66.0,,280.0,-237,32.0,1,DISTRICT2,SACHET,280.0
SP,2024-11-01,HEALTH CENTER,1996.0,0.0,434.0,742.0,543.0,27.0,15,235.0,1000,DISTRICT21,TABLET,-516.0
QUIN,2024-02-01,DISTRICT HOSPITAL,15.0,0.0,1.0,7.0,,0.0,329,2.0,1000,DISTRICT15,TABLET,0.0
ART-SUP,2024-05-01,HEALTH CENTER,1655.0,611.0,795.0,5724.0,,1163.0,814,960.0,2,DISTRICT35,CAPSULE,1163.0
SP,2024-02-01,HEALTH CENTER,3.0,71.0,8.0,1.0,,1.0,-419,2.0,1000,DISTRICT25,TABLET,1.0
ACT-SC,2024-02-01,HEALTH CENTER,0.0,1.0,0.0,1.0,,117.0,18,0.0,30,DISTRICT13,BLISTER,117.0
ITN,2025-05-01,HEALTH CENTER,45.0,1436.0,144.0,179.0,,90.0,-285,66.0,50,DISTRICT10,PIECE,90.0
ART-SUP,2024-05-01,HEALTH CENTER,2011.0,49.0,356.0,2348.0,,360.0,-193,314.0,2,DISTRICT25,CAPSULE,360.0
PYRA-COMP,2025-05-01,HEALTH CENTER,104.0,65.0,22.0,313.0,,61.0,425,33.0,1,DISTRICT5,TABLET,61.0
ACT-GC,2024-11-01,HEALTH CENTER,238.0,10.0,233.0,188.0,,14.0,-315,105.0,30,DISTRICT35,BLISTER,14.0
ART-SUP,2025-05-01,HEALTH CENTER,2212.0,587.0,196.0,1443.0,,0.0,-566,239.0,2,DISTRICT7,CAPSULE,0.0
ACT-SC,2025-05-01,HEALTH CENTER,1333.0,367.0,368.0,1274.0,,0.0,-643,100.0,30,DISTRICT8,BLISTER,0.0
ITN,2025-08-01,HEALTH CENTER,1238.0,0.0,102.0,683.0,,0.0,-17,72.0,50,DISTRICT33,PIECE,0.0
PYRA-SAC,2025-05-01,HEALTH CENTER,141.0,294.0,80.0,421.0,,535.0,-130,37.0,1,DISTRICT29,SACHET,535.0
SP,2024-11-01,HEALTH CENTER,1405.0,10.0,191.0,1406.0,,1.0,172,144.0,1000,DISTRICT14,TABLET,1.0
ACT-SC,2025-02-01,DISTRICT HOSPITAL,4637.0,85.0,368.0,4450.0,,683.0,-484,104.0,30,DISTRICT36,BLISTER,683.0
ITN,2024-11-01,HEALTH CENTER,1565.0,7.0,532.0,1285.0,,2248.0,47,456.0,50,DISTRICT1,PIECE,2248.0
ART-INJ,2025-11-01,HEALTH CENTER,1081.0,34.0,839.0,1977.0,,80.0,503,616.0,5,DISTRICT36,VIAL,80.0
ACT-INF,2025-08-01,HEALTH CENTER,1773.0,0.0,53.0,69.0,,2.0,-895,5.0,30,DISTRICT23,BLISTER,2.0
SP,2024-08-01,HEALTH CENTER,445.0,8.0,212.0,556.0,,15.0,336,363.0,1000,DISTRICT12,TABLET,15.0
PYRA-COMP,2025-02-01,HEALTH CENTER,1649.0,0.0,398.0,741.0,,0.0,802,214.0,1,DISTRICT28,TABLET,0.0
PYRA-COMP,2024-08-01,HEALTH CENTER,203.0,0.0,47.0,36.0,557.0,3.0,418,9.0,1,DISTRICT28,TABLET,-554.0
ART-SUP,2025-05-01,HEALTH CENTER,56.0,0.0,22.0,124.0,200.0,0.0,761,2.0,2,DISTRICT32,CAPSULE,-200.0
ITN,2025-08-01,HEALTH CENTER,3625.0,4.0,775.0,1142.0,,1.0,-170,451.0,50,DISTRICT16,PIECE,1.0
ACT-INF,2024-08-01,HEALTH CENTER,3436.0,1.0,636.0,3295.0,,0.0,-126,612.0,30,DISTRICT14,BLISTER,0.0
PYRA-COMP,2024-08-01,HEALTH CENTER,26.0,1.0,33.0,86.0,,0.0,375,14.0,1,DISTRICT22,TABLET,0.0
ITN,2025-08-01,HEALTH CENTER,1774.0,18.0,350.0,1404.0,,0.0,-150,458.0,50,DISTRICT36,PIECE,0.0
PYRA-COMP,2024-05-01,HEALTH CENTER,217.0,2515.0,496.0,621.0,,1.0,212,304.0,1,DISTRICT38,TABLET,1.0
SP,2025-08-01,HEALTH CENTER,83.0,5.0,17.0,124.0,,4.0,657,1.0,1000,DISTRICT14,TABLET,4.0
PYRA-COMP,2024-08-01,DISTRICT HOSPITAL,328.0,113.0,59.0,544.0,492.0,0.0,539,29.0,1,DISTRICT14,TABLET,-492.0
PYRA-SAC,2025-02-01,HEALTH CENTER,1374.0,166.0,198.0,501.0,,33.0,75,325.0,1,DISTRICT35,SACHET,33.0
RDT,2024-11-01,HEALTH CENTER,994.0,171.0,821.0,1270.0,,870.0,-146,1016.0,25,DISTRICT19,PIECE,870.0
ACT-SC,2024-05-01,HEALTH CENTER,251.0,0.0,109.0,152.0,,0.0,-769,46.0,30,DISTRICT13,BLISTER,0.0
PYRA-COMP,2025-08-01,HEALTH CENTER,419.0,15.0,107.0,59.0,1031.0,10.0,285,28.0,1,DISTRICT5,TABLET,-1021.0
PYRA-COMP,2025-08-01,HEALTH CENTER,216.0,0.0,62.0,199.0,,1.0,-183,53.0,1,DISTRICT24,TABLET,1.0
ACT-AD,2025-08-01,HEALTH CENTER,244.0,0.0,59.0,343.0,,426.0,-628,12.0,30,DISTRICT38,BLISTER,426.0
RDT,2025-02-01,HEALTH CENTER,20.0,183.0,47.0,4.0,,1371.0,487,60.0,25,DISTRICT12,PIECE,1371.0
ITN,2025-08-01,HEALTH CENTER,1197.0,0.0,108.0,1010.0,,0.0,-125,32.0,50,DISTRICT31,PIECE,0.0
ACT-GC,2025-05-01,HEALTH CENTER,383.0,0.0,27.0,32.0,,0.0,565,1.0,30,DISTRICT16,BLISTER,0.0
ART-SUP,2024-11-01,HEALTH CENTER,236.0,475.0,93.0,850.0,,3.0,-224,57.0,2,DISTRICT4,CAPSULE,3.0
ART-INJ,2024-08-01,HEALTH CENTER,99.0,495.0,95.0,662.0,,3957.0,-480,215.0,5,DISTRICT16,VIAL,3957.0
SP,2025-05-01,HEALTH CENTER,1291.0,441.0,520.0,1514.0,,27.0,267,133.0,1000,DISTRICT36,TABLET,27.0
ITN,2025-08-01,HEALTH CENTER,108.0,61.0,200.0,661.0,,292.0,33,128.0,50,DISTRICT36,PIECE,292.0
ACT-GC,2025-08-01,HEALTH CENTER,559.0,0.0,271.0,110.0,,1328.0,407,110.0,30,DISTRICT8,BLISTER,1328.0
SP,2025-08-01,HEALTH CENTER,275.0,84.0,78.0,725.0,,6.0,19,300.0,1000,DISTRICT25,TABLET,6.0
ART-INJ,2025-02-01,HEALTH CENTER,715.0,1227.0,59.0,1325.0,,0.0,-369,36.0,5,DISTRICT23,VIAL,0.0
RDT,2024-11-01,HEALTH CENTER,437.0,3.0,90.0,128.0,,3134.0,-773,59.0,25,DISTRICT10,PIECE,3134.0
SP,2025-05-01,HEALTH CENTER,1366.0,364.0,296.0,918.0,,0.0,-980,305.0,1000,DISTRICT20,TABLET,0.0
PYRA-SAC,2024-11-01,DISTRICT HOSPITAL,608.0,38.0,327.0,184.0,120.0,31.0,113,721.0,1,DISTRICT28,SACHET,-89.0
PYRA-COMP,2024-08-01,HEALTH CENTER,149.0,443.0,279.0,481.0,,2612.0,58,113.0,1,DISTRICT38,TABLET,2612.0
RDT,2025-11-01,HEALTH CENTER,929.0,0.0,250.0,121.0,,603.0,-212,615.0,25,DISTRICT20,PIECE,603.0
ACT-GC,2025-02-01,HEALTH CENTER,682.0,2.0,47.0,821.0,,0.0,-150,72.0,30,DISTRICT38,BLISTER,0.0
RDT,2025-11-01,HEALTH CENTER,2450.0,85.0,793.0,2116.0,,797.0,-302,1093.0,25,DISTRICT2,PIECE,797.0
ACT-AD,2025-02-01,HEALTH CENTER,1026.0,14.0,566.0,1474.0,,5697.0,277,511.0,30,DISTRICT15,BLISTER,5697.0
ART-SUP,2025-02-01,HEALTH CENTER,130.0,26.0,43.0,157.0,519.0,0.0,117,35.0,2,DISTRICT14,CAPSULE,-519.0
PYRA-COMP,2024-02-01,HEALTH CENTER,481.0,0.0,229.0,105.0,,1972.0,-20,77.0,1,DISTRICT15,TABLET,1972.0
ACT-INF,2025-11-01,REGIONAL HOSPITAL,2809.0,27.0,1035.0,1004.0,2014.0,6599.0,-116,1863.0,30,DISTRICT30,BLISTER,4585.0
RDT,2024-11-01,HEALTH CENTER,3522.0,1619.0,727.0,2547.0,,2279.0,-316,226.0,25,DISTRICT16,PIECE,2279.0
SP,2025-05-01,HEALTH CENTER,340.0,3.0,36.0,415.0,,0.0,262,7.0,1000,DISTRICT17,TABLET,0.0
ACT-INF,2025-11-01,HEALTH CENTER,137.0,109.0,8.0,363.0,521.0,1.0,-501,32.0,30,DISTRICT9,BLISTER,-520.0
ACT-AD,2025-05-01,DISTRICT HOSPITAL,799.0,0.0,114.0,329.0,,0.0,21,74.0,30,DISTRICT7,BLISTER,0.0
ART-SUP,2025-08-01,HEALTH CENTER,1842.0,786.0,612.0,3053.0,,0.0,-44,259.0,2,DISTRICT11,CAPSULE,0.0
SP,2025-05-01,HEALTH CENTER,1014.0,266.0,256.0,798.0,,7.0,-524,295.0,1000,DISTRICT25,TABLET,7.0
ART-SUP,2024-08-01,HEALTH CENTER,61.0,5.0,4.0,43.0,,440.0,-194,7.0,2,DISTRICT33,CAPSULE,440.0
PYRA-SAC,2024-02-01,HEALTH CENTER,493.0,25.0,77.0,616.0,,16.0,-30,14.0,1,DISTRICT5,SACHET,16.0
ACT-INF,2025-02-01,HEALTH CENTER,2891.0,8.0,191.0,522.0,1083.0,486.0,-599,65.0,30,DISTRICT20,BLISTER,-597.0
PYRA-SAC,2025-02-01,HEALTH CENTER,1904.0,37.0,225.0,2749.0,,1.0,-1031,189.0,1,DISTRICT31,SACHET,1.0
ART-INJ,2024-08-01,HEALTH CENTER,1219.0,112.0,465.0,3613.0,,465.0,116,852.0,5,DISTRICT1,VIAL,465.0
SP,2024-05-01,HEALTH CENTER,2088.0,0.0,328.0,235.0,,7882.0,-185,290.0,1000,DISTRICT15,TABLET,7882.0
PYRA-SAC,2025-08-01,HEALTH CENTER,890.0,67.0,242.0,1190.0,1379.0,0.0,108,218.0,1,DISTRICT13,SACHET,-1379.0
ACT-INF,2024-08-01,HEALTH CENTER,2516.0,279.0,724.0,2186.0,,468.0,-11,409.0,30,DISTRICT33,BLISTER,468.0
ACT-INF,2024-05-01,HEALTH CENTER,1637.0,0.0,30.0,717.0,,5.0,-215,64.0,30,DISTRICT23,BLISTER,5.0
QUIN,2024-08-01,HEALTH CENTER,816.0,1.0,335.0,524.0,,152.0,480,88.0,1000,DISTRICT16,TABLET,152.0
ITN,2024-11-01,DISTRICT HOSPITAL,115.0,6.0,16.0,45.0,,0.0,-92,2.0,50,DISTRICT8,PIECE,0.0
PYRA-SAC,2024-05-01,HEALTH CENTER,1258.0,3.0,200.0,596.0,,4.0,-574,58.0,1,DISTRICT30,SACHET,4.0
ITN,2024-08-01,HEALTH CENTER,5142.0,95.0,239.0,2158.0,,549.0,-105,186.0,50,DISTRICT29,PIECE,549.0
ACT-SC,2024-02-01,HEALTH CENTER,310.0,67.0,112.0,5.0,,4530.0,-291,101.0,30,DISTRICT24,BLISTER,4530.0
ITN,2024-02-01,HEALTH CENTER,1976.0,572.0,734.0,1712.0,,507.0,254,1071.0,50,DISTRICT11,PIECE,507.0
ACT-SC,2025-08-01,HEALTH CENTER,748.0,0.0,69.0,939.0,,1.0,-25,9.0,30,DISTRICT32,BLISTER,1.0
SP,2025-11-01,HEALTH CENTER,2189.0,24.0,1040.0,1026.0,,6428.0,-470,1536.0,1000,DISTRICT25,TABLET,6428.0
PYRA-COMP,2025-05-01,DISTRICT HOSPITAL,77.0,73.0,129.0,50.0,,1316.0,-180,13.0,1,DISTRICT36,TABLET,1316.0
ACT-GC,2025-05-01,HEALTH CENTER,294.0,0.0,29.0,160.0,,0.0,-86,15.0,30,DISTRICT18,BLISTER,0.0
RDT,2024-02-01,HEALTH CENTER,1508.0,290.0,138.0,2126.0,197.0,0.0,-849,87.0,25,DISTRICT29,PIECE,-197.0
ACT-GC,2025-08-01,REGIONAL HOSPITAL,190.0,6.0,337.0,104.0,505.0,292.0,353,253.0,30,DISTRICT14,BLISTER,-213.0
ACT-INF,2024-02-01,HEALTH CENTER,1314.0,55.0,214.0,523.0,,19.0,-467,81.0,30,DISTRICT25,BLISTER,19.0
ACT-INF,2024-11-01,HEALTH CENTER,413.0,0.0,7.0,397.0,,14.0,311,5.0,30,DISTRICT32,BLISTER,14.0
ITN,2024-11-01,HEALTH CENTER,7.0,27.0,3.0,7.0,539.0,2.0,-548,0.0,50,DISTRICT25,PIECE,-537.0
RDT,2025-11-01,HEALTH CENTER,2068.0,1.0,525.0,665.0,,10233.0,-374,689.0,25,DISTRICT20,PIECE,10233.0
PYRA-SAC,2025-02-01,HEALTH CENTER,746.0,144.0,757.0,554.0,,202.0,-643,477.0,1,DISTRICT16,SACHET,202.0
ART-INJ,2025-02-01,HEALTH CENTER,131.0,0.0,112.0,208.0,,3294.0,436,58.0,5,DISTRICT9,VIAL,3294.0
ACT-GC,2025-05-01,HEALTH CENTER,404.0,22.0,74.0,1280.0,,1110.0,-220,61.0,30,DISTRICT26,BLISTER,1110.0
ART-SUP,2025-05-01,HEALTH CENTER,843.0,658.0,219.0,985.0,,157.0,81,256.0,2,DISTRICT13,CAPSULE,157.0
ACT-AD,2025-08-01,HEALTH CENTER,1133.0,0.0,1.0,255.0,307.0,0.0,208,3.0,30,DISTRICT31,BLISTER,-307.0
ACT-AD,2024-05-01,HEALTH CENTER,51.0,3.0,14.0,42.0,153.0,0.0,570,0.0,30,DISTRICT23,BLISTER,-153.0
ART-INJ,2024-02-01,HEALTH CENTER,6069.0,297.0,793.0,3509.0,,551.0,61,911.0,5,DISTRICT22,VIAL,551.0
RDT,2025-11-01,HEALTH CENTER,272.0,171.0,93.0,199.0,286.0,4.0,875,22.0,25,DISTRICT11,PIECE,-282.0
ITN,2025-05-01,HEALTH CENTER,4700.0,223.0,1386.0,7224.0,848.0,1.0,-817,1024.0,50,DISTRICT26,PIECE,-847.0
RDT,2024-02-01,HEALTH CENTER,1986.0,14.0,194.0,409.0,,251.0,116,241.0,25,DISTRICT12,PIECE,251.0
ITN,2024-05-01,DISTRICT HOSPITAL,325.0,2.0,23.0,245.0,,0.0,728,51.0,50,DISTRICT3,PIECE,0.0
RDT,2025-08-01,HEALTH CENTER,1016.0,10.0,55.0,971.0,581.0,446.0,-421,19.0,25,DISTRICT33,PIECE,-135.0
ACT-SC,2024-02-01,HEALTH CENTER,87.0,76.0,21.0,153.0,,6.0,-366,2.0,30,DISTRICT20,BLISTER,6.0
ART-SUP,2024-05-01,DISTRICT HOSPITAL,2.0,0.0,15.0,50.0,,2.0,572,3.0,2,DISTRICT29,CAPSULE,2.0
SP,2025-05-01,DISTRICT HOSPITAL,4292.0,4.0,746.0,1849.0,,10.0,-112,701.0,1000,DISTRICT5,TABLET,10.0
RDT,2024-11-01,HEALTH CENTER,421.0,17.0,5.0,770.0,,0.0,-8,0.0,25,DISTRICT33,PIECE,0.0
RDT,2024-02-01,HEALTH CENTER,24.0,209.0,64.0,123.0,,0.0,372,11.0,25,DISTRICT1,PIECE,0.0
ACT-AD,2025-11-01,HEALTH CENTER,2.0,4.0,0.0,2.0,,4.0,385,0.0,30,DISTRICT32,BLISTER,4.0
PYRA-SAC,2025-11-01,HEALTH CENTER,59.0,0.0,13.0,7.0,422.0,0.0,-454,1.0,1,DISTRICT16,SACHET,-422.0
ACT-AD,2024-05-01,HEALTH CENTER,4626.0,51.0,790.0,4890.0,,108.0,-109,329.0,30,DISTRICT14,BLISTER,108.0
ACT-INF,2025-05-01,HEALTH CENTER,1511.0,1.0,401.0,1767.0,1418.0,12.0,-311,398.0,30,DISTRICT31,BLISTER,-1406.0
ACT-AD,2024-02-01,HEALTH CENTER,554.0,23.0,375.0,239.0,,1497.0,194,80.0,30,DISTRICT25,BLISTER,1497.0
ACT-INF,2025-11-01,HEALTH CENTER,300.0,6.0,20.0,258.0,,1919.0,550,35.0,30,DISTRICT20,BLISTER,1919.0
ART-INJ,2025-11-01,HEALTH CENTER,578.0,145.0,141.0,251.0,,8.0,-513,37.0,5,DISTRICT38,VIAL,8.0
PYRA-SAC,2024-08-01,HEALTH CENTER,79.0,605.0,102.0,81.0,,2503.0,309,47.0,1,DISTRICT25,SACHET,2503.0
ACT-SC,2024-11-01,HEALTH CENTER,618.0,12.0,188.0,650.0,739.0,467.0,-107,236.0,30,DISTRICT29,BLISTER,-272.0
ACT-AD,2024-11-01,HEALTH CENTER,2090.0,0.0,579.0,2138.0,,23.0,-414,591.0,30,DISTRICT1,BLISTER,23.0
ACT-SC,2024-11-01,HEALTH CENTER,261.0,0.0,323.0,322.0,,281.0,-20,174.0,30,DISTRICT5,BLISTER,281.0
ACT-INF,2025-11-01,HEALTH CENTER,1010.0,23.0,452.0,336.0,589.0,883.0,196,344.0,30,DISTRICT28,BLISTER,294.0
QUIN,2024-08-01,HEALTH CENTER,2429.0,183.0,470.0,2735.0,479.0,0.0,-53,360.0,1000,DISTRICT18,TABLET,-479.0
PYRA-COMP,2024-02-01,HEALTH CENTER,895.0,144.0,147.0,923.0,,2108.0,57,20.0,1,DISTRICT32,TABLET,2108.0
SP,2024-02-01,HEALTH CENTER,2563.0,0.0,343.0,1099.0,,0.0,-569,291.0,1000,DISTRICT20,TABLET,0.0
ART-INJ,2024-05-01,DISTRICT HOSPITAL,240.0,146.0,30.0,808.0,515.0,8.0,397,33.0,5,DISTRICT8,VIAL,-507.0
ART-INJ,2024-02-01,HEALTH CENTER,614.0,433.0,572.0,2039.0,861.0,1118.0,454,778.0,5,DISTRICT5,VIAL,257.0
RDT,2025-11-01,HEALTH CENTER,974.0,0.0,96.0,1428.0,,0.0,414,48.0,25,DISTRICT19,PIECE,0.0
SP,2025-02-01,HEALTH CENTER,837.0,207.0,202.0,767.0,,6.0,146,204.0,1000,DISTRICT1,TABLET,6.0
QUIN,2025-02-01,HEALTH CENTER,173.0,5.0,27.0,982.0,,8.0,-82,61.0,1000,DISTRICT20,TABLET,8.0
PYRA-COMP,2025-11-01,HEALTH CENTER,1562.0,444.0,714.0,2439.0,404.0,2173.0,-40,669.0,1,DISTRICT31,TABLET,1769.0
ACT-SC,2024-08-01,DISTRICT HOSPITAL,2.0,0.0,0.0,2.0,,0.0,516,0.0,30,DISTRICT28,BLISTER,0.0
ART-INJ,2024-02-01,HEALTH CENTER,1072.0,4.0,365.0,756.0,,2628.0,-266,424.0,5,DISTRICT23,VIAL,2628.0
ITN,2025-11-01,HEALTH CENTER,670.0,52.0,480.0,124.0,,20.0,174,396.0,50,DISTRICT29,PIECE,20.0
QUIN,2024-05-01,HEALTH CENTER,48.0,115.0,198.0,363.0,,311.0,316,230.0,1000,DISTRICT4,TABLET,311.0
ACT-AD,2024-02-01,HEALTH CENTER,15.0,0.0,268.0,29.0,2273.0,1654.0,531,147.0,30,DISTRICT1,BLISTER,-619.0
ART-SUP,2025-05-01,HEALTH CENTER,2895.0,53.0,355.0,3868.0,,7.0,-254,204.0,2,DISTRICT13,CAPSULE,7.0
QUIN,2024-02-01,HEALTH CENTER,925.0,46.0,296.0,1519.0,1067.0,69.0,-814,262.0,1000,DISTRICT28,TABLET,-998.0
ART-SUP,2025-05-01,HEALTH CENTER,2554.0,0.0,607.0,715.0,,3415.0,-186,327.0,2,DISTRICT37,CAPSULE,3415.0
ACT-GC,2024-11-01,HEALTH CENTER,387.0,0.0,118.0,30.0,,1306.0,-232,218.0,30,DISTRICT24,BLISTER,1306.0
PYRA-COMP,2025-02-01,HEALTH CENTER,2197.0,1012.0,889.0,2420.0,,3487.0,-192,550.0,1,DISTRICT15,TABLET,3487.0
PYRA-COMP,2025-02-01,HEALTH CENTER,1228.0,455.0,250.0,1248.0,,26.0,-590,183.0,1,DISTRICT13,TABLET,26.0
ITN,2025-08-01,HEALTH CENTER,2145.0,7.0,1277.0,1594.0,,2819.0,-20,811.0,50,DISTRICT25,PIECE,2819.0
ART-SUP,2024-02-01,HEALTH CENTER,2026.0,163.0,621.0,1627.0,856.0,2539.0,-8,823.0,2,DISTRICT23,CAPSULE,1683.0
RDT,2025-11-01,HEALTH CENTER,383.0,250.0,355.0,1492.0,1156.0,46.0,-122,102.0,25,DISTRICT25,PIECE,-1110.0
QUIN,2024-11-01,HEALTH CENTER,431.0,24.0,84.0,272.0,,0.0,25,159.0,1000,DISTRICT32,TABLET,0.0
QUIN,2024-02-01,HEALTH CENTER,2345.0,72.0,229.0,2525.0,,3291.0,95,180.0,1000,DISTRICT33,TABLET,3291.0
ACT-GC,2025-05-01,HEALTH CENTER,2188.0,306.0,37.0,3034.0,,0.0,14,1.0,30,DISTRICT22,BLISTER,0.0
SP,2025-08-01,HEALTH CENTER,2223.0,0.0,220.0,303.0,,3471.0,-894,22.0,1000,DISTRICT15,TABLET,3471.0
QUIN,2025-02-01,HEALTH CENTER,2772.0,0.0,457.0,1359.0,,116.0,138,510.0,1000,DISTRICT36,TABLET,116.0
SP,2025-02-01,HEALTH CENTER,59.0,0.0,52.0,108.0,,214.0,251,94.0,1000,DISTRICT28,TABLET,214.0
RDT,2025-08-01,HEALTH CENTER,93.0,8.0,0.0,18.0,,0.0,-289,0.0,25,DISTRICT31,PIECE,0.0
ACT-GC,2025-05-01,HEALTH CENTER,286.0,145.0,80.0,284.0,988.0,165.0,277,203.0,30,DISTRICT1,BLISTER,-823.0
ACT-INF,2025-05-01,HEALTH CENTER,2924.0,29.0,985.0,2600.0,690.0,247.0,-495,519.0,30,DISTRICT31,BLISTER,-443.0
ART-SUP,2025-08-01,HEALTH CENTER,65.0,1061.0,74.0,249.0,164.0,0.0,-313,33.0,2,DISTRICT19,CAPSULE,-164.0
ACT-INF,2025-08-01,HEALTH CENTER,400.0,34.0,21.0,196.0,,0.0,-142,5.0,30,DISTRICT32,BLISTER,0.0
QUIN,2025-05-01,HEALTH CENTER,5544.0,23.0,560.0,6344.0,,0.0,516,308.0,1000,DISTRICT10,TABLET,0.0
QUIN,2024-02-01,HEALTH CENTER,655.0,8.0,347.0,269.0,,2885.0,-513,445.0,1000,DISTRICT24,TABLET,2885.0
PYRA-SAC,2025-02-01,HEALTH CENTER,6.0,2716.0,12.0,23.0,518.0,50.0,241,4.0,1,DISTRICT17,SACHET,-468.0
SP,2024-02-01,DISTRICT HOSPITAL,1194.0,1.0,355.0,516.0,,6.0,-30,260.0,1000,DISTRICT9,TABLET,6.0
ART-SUP,2024-02-01,HEALTH CENTER,1589.0,1359.0,408.0,4225.0,,3.0,183,463.0,2,DISTRICT13,CAPSULE,3.0
ART-INJ,2025-08-01,HEALTH CENTER,2184.0,70.0,424.0,1726.0,,9.0,-369,174.0,5,DISTRICT20,VIAL,9.0
ACT-AD,2024-11-01,HEALTH CENTER,548.0,0.0,191.0,264.0,1106.0,9903.0,-754,218.0,30,DISTRICT1,BLISTER,8797.0
SP,2025-02-01,HEALTH CENTER,1089.0,155.0,406.0,3055.0,449.0,0.0,29,127.0,1000,DISTRICT5,TABLET,-449.0
PYRA-COMP,2025-11-01,HEALTH CENTER,14.0,2.0,4.0,57.0,,0.0,523,1.0,1,DISTRICT25,TABLET,0.0
ACT-AD,2025-05-01,DISTRICT HOSPITAL,1046.0,0.0,182.0,226.0,,2516.0,36,91.0,30,DISTRICT31,BLISTER,2516.0
QUIN,2025-11-01,HEALTH CENTER,318.0,18.0,87.0,606.0,,1.0,-22,192.0,1000,DISTRICT10,TABLET,1.0
ACT-SC,2024-08-01,HEALTH CENTER,278.0,0.0,115.0,1181.0,419.0,121.0,63,18.0,30,DISTRICT31,BLISTER,-298.0
ART-INJ,2025-08-01,HEALTH CENTER,87.0,772.0,141.0,391.0,1453.0,6575.0,-332,54.0,5,DISTRICT17,VIAL,5122.0
ITN,2025-08-01,HEALTH CENTER,558.0,15.0,33.0,463.0,,0.0,-351,53.0,50,DISTRICT2,PIECE,0.0
PYRA-SAC,2025-05-01,HEALTH CENTER,3394.0,24.0,333.0,2022.0,,640.0,357,978.0,1,DISTRICT2,SACHET,640.0
SP,2025-02-01,HEALTH CENTER,138.0,783.0,613.0,651.0,,12126.0,300,107.0,1000,DISTRICT21,TABLET,12126.0
PYRA-SAC,2025-02-01,HEALTH CENTER,38.0,0.0,3.0,85.0,,8.0,443,0.0,1,DISTRICT9,SACHET,8.0
ACT-GC,2024-05-01,HEALTH CENTER,157.0,224.0,243.0,301.0,,2480.0,-250,260.0,30,DISTRICT9,BLISTER,2480.0
ART-SUP,2024-05-01,HEALTH CENTER,435.0,199.0,102.0,977.0,,0.0,-261,39.0,2,DISTRICT22,CAPSULE,0.0
ART-SUP,2025-11-01,HEALTH CENTER,4973.0,273.0,1079.0,2171.0,1379.0,1.0,153,698.0,2,DISTRICT3,CAPSULE,-1378.0
SP,2025-02-01,HEALTH CENTER,1835.0,0.0,344.0,982.0,,145.0,-243,400.0,1000,DISTRICT5,TABLET,145.0
ART-INJ,2025-05-01,HEALTH CENTER,256.0,174.0,549.0,388.0,,492.0,-73,273.0,5,DISTRICT6,VIAL,492.0
ACT-SC,2025-08-01,HEALTH CENTER,733.0,0.0,300.0,75.0,,0.0,-761,158.0,30,DISTRICT24,BLISTER,0.0
ITN,2025-08-01,HEALTH CENTER,152.0,18.0,54.0,356.0,,0.0,-617,60.0,50,DISTRICT31,PIECE,0.0
PYRA-COMP,2025-11-01,HEALTH CENTER,3319.0,136.0,325.0,3286.0,444.0,0.0,198,114.0,1,DISTRICT9,TABLET,-444.0
ITN,2025-02-01,HEALTH CENTER,946.0,273.0,477.0,3140.0,,16.0,-49,364.0,50,DISTRICT9,PIECE,16.0
SP,2024-08-01,HEALTH CENTER,496.0,5.0,30.0,33.0,,10.0,117,98.0,1000,DISTRICT16,TABLET,10.0
ACT-SC,2025-05-01,HEALTH CENTER,1165.0,6.0,291.0,1800.0,,6.0,291,309.0,30,DISTRICT16,BLISTER,6.0
ACT-GC,2025-08-01,HEALTH CENTER,2985.0,107.0,820.0,1965.0,,232.0,-1129,725.0,30,DISTRICT20,BLISTER,232.0
ART-SUP,2024-08-01,HEALTH CENTER,271.0,546.0,185.0,386.0,684.0,55.0,-617,90.0,2,DISTRICT23,CAPSULE,-629.0
ACT-INF,2025-02-01,HEALTH CENTER,269.0,757.0,87.0,969.0,,0.0,-423,31.0,30,DISTRICT31,BLISTER,0.0
PYRA-COMP,2024-05-01,HEALTH CENTER,814.0,63.0,187.0,785.0,209.0,28.0,35,216.0,1,DISTRICT22,TABLET,-181.0
SP,2025-11-01,HEALTH CENTER,290.0,5.0,432.0,272.0,,5083.0,728,112.0,1000,DISTRICT30,TABLET,5083.0
ACT-INF,2024-11-01,HEALTH CENTER,2582.0,5.0,674.0,1815.0,,4.0,-358,520.0,30,DISTRICT24,BLISTER,4.0
SP,2024-02-01,HEALTH CENTER,1451.0,9.0,537.0,305.0,838.0,353.0,-693,533.0,1000,DISTRICT31,TABLET,-485.0
RDT,2024-11-01,HEALTH CENTER,440.0,15.0,8.0,439.0,487.0,4.0,-408,2.0,25,DISTRICT33,PIECE,-483.0
QUIN,2025-02-01,HEALTH CENTER,803.0,0.0,102.0,613.0,202.0,6.0,-144,9.0,1000,DISTRICT36,TABLET,-196.0
RDT,2024-05-01,HEALTH CENTER,449.0,54.0,121.0,1473.0,,22.0,-572,73.0,25,DISTRICT18,PIECE,22.0
ACT-AD,2025-05-01,HEALTH CENTER,76.0,1.0,6.0,13.0,,276.0,361,0.0,30,DISTRICT12,BLISTER,276.0
ACT-SC,2024-08-01,HEALTH CENTER,1024.0,122.0,156.0,778.0,,444.0,-22,103.0,30,DISTRICT9,BLISTER,444.0
RDT,2024-08-01,HEALTH CENTER,1474.0,0.0,6.0,308.0,,0.0,-106,8.0,25,DISTRICT15,PIECE,0.0
SP,2025-11-01,HEALTH CENTER,78.0,9.0,8.0,380.0,,0.0,326,1.0,1000,DISTRICT35,TABLET,0.0
ACT-GC,2025-02-01,HEALTH CENTER,3105.0,5006.0,1801.0,5626.0,2401.0,2559.0,176,2262.0,30,DISTRICT12,BLISTER,158.0
ART-INJ,2025-02-01,HEALTH CENTER,3234.0,429.0,1123.0,2781.0,,138.0,145,891.0,5,DISTRICT32,VIAL,138.0
ACT-AD,2024-11-01,NATIONAL HOSPITAL,472.0,15.0,147.0,1932.0,,0.0,-346,92.0,30,DISTRICT31,BLISTER,0.0
ITN,2024-02-01,HEALTH CENTER,1580.0,51.0,239.0,846.0,,56.0,-983,97.0,50,DISTRICT33,PIECE,56.0
ITN,2025-11-01,HEALTH CENTER,4816.0,442.0,724.0,4105.0,,227.0,11,496.0,50,DISTRICT30,PIECE,227.0
ACT-INF,2025-05-01,HEALTH CENTER,193.0,792.0,81.0,1209.0,1440.0,3.0,-147,65.0,30,DISTRICT38,BLISTER,-1437.0
ACT-AD,2025-05-01,HEALTH CENTER,2707.0,386.0,365.0,954.0,1020.0,3163.0,410,351.0,30,DISTRICT15,BLISTER,2143.0
ACT-INF,2024-11-01,HEALTH CENTER,2754.0,1.0,900.0,556.0,,1528.0,-450,1369.0,30,DISTRICT14,BLISTER,1528.0
SP,2025-08-01,HEALTH CENTER,3237.0,15.0,984.0,3905.0,,3192.0,136,889.0,1000,DISTRICT26,TABLET,3192.0
ACT-INF,2024-11-01,HEALTH CENTER,299.0,1.0,22.0,375.0,,0.0,124,16.0,30,DISTRICT6,BLISTER,0.0
ACT-INF,2025-02-01,HEALTH CENTER,146.0,379.0,232.0,903.0,,1.0,-374,241.0,30,DISTRICT31,BLISTER,1.0
ACT-SC,2025-11-01,HEALTH CENTER,385.0,4.0,116.0,444.0,,2.0,-119,203.0,30,DISTRICT33,BLISTER,2.0
ACT-GC,2025-08-01,HEALTH CENTER,4421.0,556.0,717.0,2023.0,1050.0,1099.0,-349,474.0,30,DISTRICT24,BLISTER,49.0
SP,2024-11-01,HEALTH CENTER,2193.0,1.0,593.0,2256.0,,189.0,264,527.0,1000,DISTRICT26,TABLET,189.0
ACT-GC,2025-05-01,HEALTH CENTER,133.0,308.0,562.0,449.0,1083.0,8429.0,-82,500.0,30,DISTRICT9,BLISTER,7346.0
ART-INJ,2025-05-01,DISTRICT HOSPITAL,3963.0,0.0,518.0,2622.0,,13.0,-498,262.0,5,DISTRICT16,VIAL,13.0
ART-SUP,2025-11-01,DISTRICT HOSPITAL,393.0,16.0,38.0,42.0,1585.0,76.0,-35,15.0,2,DISTRICT19,CAPSULE,-1509.0
ITN,2024-08-01,DISTRICT HOSPITAL,1231.0,1.0,133.0,530.0,,1.0,-385,135.0,50,DISTRICT29,PIECE,1.0
RDT,2024-02-01,HEALTH CENTER,201.0,1.0,1.0,226.0,,1.0,-223,0.0,25,DISTRICT23,PIECE,1.0
ART-SUP,2025-11-01,HEALTH CENTER,965.0,338.0,263.0,1105.0,,2.0,-263,283.0,2,DISTRICT1,CAPSULE,2.0
ART-SUP,2025-08-01,HEALTH CENTER,129.0,328.0,640.0,920.0,933.0,355.0,-18,380.0,2,DISTRICT35,CAPSULE,-578.0
QUIN,2024-05-01,HEALTH CENTER,1486.0,0.0,420.0,395.0,,2068.0,-222,130.0,1000,DISTRICT10,TABLET,2068.0
ACT-GC,2025-05-01,HEALTH CENTER,482.0,0.0,372.0,220.0,,2.0,-584,170.0,30,DISTRICT26,BLISTER,2.0
ACT-AD,2025-08-01,HEALTH CENTER,200.0,41.0,298.0,416.0,,1795.0,-2,383.0,30,DISTRICT5,BLISTER,1795.0
SP,2024-02-01,HEALTH CENTER,198.0,882.0,160.0,141.0,1006.0,0.0,677,77.0,1000,DISTRICT21,TABLET,-1006.0
ACT-INF,2024-08-01,HEALTH CENTER,378.0,0.0,284.0,985.0,,1288.0,157,130.0,30,DISTRICT1,BLISTER,1288.0
PYRA-COMP,2024-02-01,HEALTH CENTER,223.0,269.0,401.0,176.0,,16.0,174,508.0,1,DISTRICT9,TABLET,16.0
ACT-INF,2024-05-01,HEALTH CENTER,408.0,577.0,191.0,1437.0,,46.0,664,167.0,30,DISTRICT20,BLISTER,46.0
QUIN,2025-08-01,HEALTH CENTER,1546.0,1.0,252.0,511.0,,0.0,384,20.0,1000,DISTRICT23,TABLET,0.0
ACT-INF,2025-11-01,HEALTH CENTER,2992.0,309.0,688.0,3133.0,,0.0,-538,581.0,30,DISTRICT15,BLISTER,0.0
ACT-SC,2024-05-01,HEALTH CENTER,832.0,33.0,127.0,962.0,252.0,62.0,-647,53.0,30,DISTRICT3,BLISTER,-190.0
ART-SUP,2024-05-01,HEALTH CENTER,307.0,0.0,105.0,256.0,224.0,5.0,195,32.0,2,DISTRICT20,CAPSULE,-219.0
ACT-GC,2025-02-01,HEALTH CENTER,1135.0,38.0,225.0,195.0,479.0,1.0,-96,71.0,30,DISTRICT11,BLISTER,-478.0
QUIN,2025-11-01,HEALTH CENTER,32.0,0.0,94.0,83.0,,205.0,-351,34.0,1000,DISTRICT3,TABLET,205.0
RDT,2025-02-01,HEALTH CENTER,74.0,0.0,15.0,54.0,1008.0,69.0,485,14.0,25,DISTRICT12,PIECE,-939.0
ART-SUP,2024-02-01,HEALTH CENTER,374.0,0.0,81.0,53.0,,404.0,283,17.0,2,DISTRICT26,CAPSULE,404.0
RDT,2024-05-01,HEALTH CENTER,3951.0,0.0,315.0,3198.0,,1.0,474,314.0,25,DISTRICT15,PIECE,1.0
ART-INJ,2025-05-01,HEALTH CENTER,537.0,331.0,248.0,268.0,,168.0,-896,153.0,5,DISTRICT15,VIAL,168.0
PYRA-SAC,2024-02-01,HEALTH CENTER,67.0,0.0,55.0,8.0,,0.0,-182,10.0,1,DISTRICT25,SACHET,0.0
PYRA-COMP,2024-02-01,HEALTH CENTER,473.0,0.0,53.0,439.0,,6.0,-211,18.0,1,DISTRICT19,TABLET,6.0
ACT-AD,2025-08-01,HEALTH CENTER,202.0,240.0,313.0,946.0,,54.0,-623,234.0,30,DISTRICT6,BLISTER,54.0
ACT-INF,2024-05-01,DISTRICT HOSPITAL,969.0,2463.0,644.0,1611.0,,0.0,-420,1087.0,30,DISTRICT37,BLISTER,0.0
RDT,2024-05-01,HEALTH CENTER,724.0,25.0,88.0,1759.0,,50.0,115,5.0,25,DISTRICT38,PIECE,50.0
ACT-SC,2024-05-01,HEALTH CENTER,480.0,0.0,255.0,196.0,,11839.0,62,247.0,30,DISTRICT35,BLISTER,11839.0
RDT,2025-11-01,HEALTH CENTER,6.0,448.0,87.0,591.0,,935.0,7,69.0,25,DISTRICT25,PIECE,935.0
ACT-SC,2025-05-01,HEALTH CENTER,836.0,20.0,496.0,876.0,,0.0,-52,225.0,30,DISTRICT7,BLISTER,0.0
PYRA-SAC,2024-02-01,HEALTH CENTER,608.0,118.0,539.0,2671.0,623.0,4.0,-439,602.0,1,DISTRICT19,SACHET,-619.0
SP,2024-11-01,DISTRICT HOSPITAL,23.0,21.0,57.0,321.0,,2.0,261,56.0,1000,DISTRICT8,TABLET,2.0
ACT-INF,2025-08-01,HEALTH CENTER,257.0,9.0,112.0,175.0,,144.0,267,32.0,30,DISTRICT25,BLISTER,144.0
QUIN,2025-02-01,HEALTH CENTER,1073.0,236.0,472.0,1646.0,,261.0,-37,458.0,1000,DISTRICT33,TABLET,261.0
RDT,2024-02-01,HEALTH CENTER,81.0,5.0,34.0,505.0,,199.0,-221,6.0,25,DISTRICT13,PIECE,199.0
ACT-SC,2024-11-01,DISTRICT HOSPITAL,1923.0,31.0,555.0,1005.0,325.0,191.0,-648,171.0,30,DISTRICT1,BLISTER,-134.0
QUIN,2024-05-01,REGIONAL HOSPITAL,550.0,14.0,743.0,1868.0,,968.0,-766,481.0,1000,DISTRICT14,TABLET,968.0
QUIN,2025-08-01,HEALTH CENTER,600.0,15.0,274.0,280.0,160.0,1520.0,309,205.0,1000,DISTRICT9,TABLET,1360.0
ITN,2024-05-01,HEALTH CENTER,2173.0,1.0,211.0,1429.0,,8.0,-261,825.0,50,DISTRICT38,PIECE,8.0
ACT-INF,2024-08-01,HEALTH CENTER,321.0,1.0,43.0,715.0,790.0,706.0,313,44.0,30,DISTRICT38,BLISTER,-84.0
ART-INJ,2024-05-01,HEALTH CENTER,1446.0,7.0,380.0,1543.0,,30.0,-864,212.0,5,DISTRICT22,VIAL,30.0
ACT-AD,2024-02-01,HEALTH CENTER,3146.0,134.0,512.0,2109.0,,26.0,77,347.0,30,DISTRICT3,BLISTER,26.0
QUIN,2025-11-01,HEALTH CENTER,1400.0,23.0,362.0,1238.0,,1.0,-44,339.0,1000,DISTRICT32,TABLET,1.0
SP,2024-11-01,HEALTH CENTER,1422.0,58.0,1279.0,1201.0,594.0,3931.0,643,1574.0,1000,DISTRICT22,TABLET,3337.0
ACT-INF,2025-08-01,HEALTH CENTER,947.0,82.0,666.0,745.0,,561.0,895,677.0,30,DISTRICT20,BLISTER,561.0
ART-SUP,2025-11-01,DISTRICT HOSPITAL,1236.0,19.0,595.0,398.0,,888.0,516,456.0,2,DISTRICT22,CAPSULE,888.0
ACT-INF,2024-08-01,HEALTH CENTER,378.0,0.0,144.0,634.0,1500.0,1698.0,38,142.0,30,DISTRICT9,BLISTER,198.0
ACT-GC,2025-02-01,HEALTH CENTER,210.0,3.0,181.0,618.0,,3727.0,396,449.0,30,DISTRICT29,BLISTER,3727.0
ART-SUP,2024-05-01,HEALTH CENTER,220.0,471.0,181.0,91.0,,1441.0,-777,198.0,2,DISTRICT36,CAPSULE,1441.0
PYRA-SAC,2025-02-01,HEALTH CENTER,69.0,1763.0,29.0,727.0,747.0,0.0,1335,16.0,1,DISTRICT33,SACHET,-747.0
PYRA-COMP,2025-02-01,HEALTH CENTER,23.0,1.0,11.0,161.0,470.0,137.0,-273,18.0,1,DISTRICT37,TABLET,-333.0
ACT-SC,2025-02-01,HEALTH CENTER,8364.0,2.0,1269.0,1612.0,642.0,9.0,-832,793.0,30,DISTRICT8,BLISTER,-633.0
ACT-GC,2024-02-01,HEALTH CENTER,153.0,0.0,19.0,416.0,,0.0,-82,8.0,30,DISTRICT9,BLISTER,0.0
ITN,2024-08-01,HEALTH CENTER,422.0,435.0,191.0,1240.0,,2145.0,-257,45.0,50,DISTRICT15,PIECE,2145.0
ACT-SC,2025-11-01,HEALTH CENTER,779.0,145.0,62.0,968.0,699.0,837.0,-567,57.0,30,DISTRICT3,BLISTER,138.0
PYRA-SAC,2025-11-01,HEALTH CENTER,1193.0,11.0,381.0,207.0,1038.0,1653.0,225,299.0,1,DISTRICT8,SACHET,615.0
RDT,2025-11-01,HEALTH CENTER,1129.0,2.0,114.0,1277.0,205.0,49.0,-681,190.0,25,DISTRICT24,PIECE,-156.0
RDT,2024-08-01,HEALTH CENTER,333.0,0.0,132.0,329.0,,1.0,-261,186.0,25,DISTRICT13,PIECE,1.0
PYRA-SAC,2024-02-01,HEALTH CENTER,7243.0,403.0,726.0,2353.0,1212.0,1508.0,-566,767.0,1,DISTRICT31,SACHET,296.0
ACT-SC,2024-05-01,HEALTH CENTER,993.0,221.0,88.0,141.0,,1214.0,-190,49.0,30,DISTRICT29,BLISTER,1214.0
PYRA-COMP,2024-05-01,HEALTH CENTER,98.0,643.0,11.0,791.0,,0.0,1175,33.0,1,DISTRICT2,TABLET,0.0
ACT-SC,2024-08-01,DISTRICT HOSPITAL,1.0,1.0,15.0,3.0,579.0,110.0,500,5.0,30,DISTRICT26,BLISTER,-469.0
PYRA-SAC,2025-11-01,HEALTH CENTER,2672.0,774.0,621.0,2727.0,,0.0,-855,313.0,1,DISTRICT11,SACHET,0.0
RDT,2024-08-01,HEALTH CENTER,67.0,15.0,74.0,989.0,,3.0,265,28.0,25,DISTRICT23,PIECE,3.0
ITN,2025-02-01,HEALTH CENTER,679.0,628.0,273.0,219.0,1738.0,385.0,84,203.0,50,DISTRICT13,PIECE,-1353.0
QUIN,2025-02-01,DISTRICT HOSPITAL,2490.0,8.0,1024.0,1840.0,,6.0,-902,703.0,1000,DISTRICT17,TABLET,6.0
ACT-SC,2025-11-01,HEALTH CENTER,348.0,1.0,159.0,301.0,,151.0,702,261.0,30,DISTRICT10,BLISTER,151.0
ACT-GC,2024-08-01,HEALTH CENTER,228.0,0.0,113.0,16.0,,6569.0,-301,62.0,30,DISTRICT37,BLISTER,6569.0
PYRA-COMP,2024-11-01,HEALTH CENTER,911.0,75.0,408.0,346.0,378.0,39.0,13,293.0,1,DISTRICT16,TABLET,-339.0
QUIN,2024-08-01,HEALTH CENTER,563.0,0.0,108.0,284.0,,30.0,306,57.0,1000,DISTRICT31,TABLET,30.0
QUIN,2025-11-01,HEALTH CENTER,2119.0,1.0,953.0,812.0,584.0,419.0,790,608.0,1000,DISTRICT20,TABLET,-165.0
ACT-GC,2024-05-01,HEALTH CENTER,359.0,607.0,226.0,438.0,,2183.0,-212,235.0,30,DISTRICT25,BLISTER,2183.0
ART-INJ,2025-02-01,HEALTH CENTER,3921.0,964.0,884.0,3099.0,,180.0,-187,1256.0,5,DISTRICT3,VIAL,180.0
ITN,2025-11-01,HEALTH CENTER,129.0,2.0,160.0,366.0,,413.0,-214,168.0,50,DISTRICT6,PIECE,413.0
QUIN,2025-08-01,HEALTH CENTER,371.0,1.0,356.0,153.0,487.0,11.0,221,318.0,1000,DISTRICT11,TABLET,-476.0
ACT-GC,2024-08-01,HEALTH CENTER,425.0,218.0,104.0,1426.0,,3.0,157,11.0,30,DISTRICT31,BLISTER,3.0
ACT-AD,2024-02-01,HEALTH CENTER,9.0,1.0,88.0,137.0,,3078.0,-238,134.0,30,DISTRICT19,BLISTER,3078.0
ACT-SC,2025-05-01,HEALTH CENTER,41.0,236.0,15.0,101.0,420.0,0.0,129,6.0,30,DISTRICT3,BLISTER,-420.0
ITN,2025-08-01,HEALTH CENTER,103.0,9.0,107.0,359.0,,804.0,893,270.0,50,DISTRICT6,PIECE,804.0
ART-SUP,2025-02-01,HEALTH CENTER,1039.0,31.0,119.0,275.0,,0.0,-574,73.0,2,DISTRICT13,CAPSULE,0.0
ACT-AD,2025-02-01,HEALTH CENTER,11.0,1.0,4.0,9.0,,1.0,-544,0.0,30,DISTRICT14,BLISTER,1.0
ACT-SC,2024-05-01,HEALTH CENTER,1789.0,191.0,655.0,1890.0,,171.0,-78,2017.0,30,DISTRICT3,BLISTER,171.0
ACT-AD,2024-11-01,HEALTH CENTER,1633.0,0.0,176.0,247.0,,3.0,111,70.0,30,DISTRICT9,BLISTER,3.0
QUIN,2025-05-01,HEALTH CENTER,2463.0,0.0,353.0,1342.0,,1.0,-40,107.0,1000,DISTRICT19,TABLET,1.0
ITN,2024-05-01,HEALTH CENTER,1798.0,5.0,545.0,836.0,,69.0,-952,176.0,50,DISTRICT5,PIECE,69.0
ACT-SC,2025-05-01,HEALTH CENTER,1530.0,0.0,234.0,169.0,,575.0,-801,187.0,30,DISTRICT3,BLISTER,575.0
RDT,2025-08-01,HEALTH CENTER,578.0,283.0,20.0,460.0,,0.0,-182,4.0,25,DISTRICT29,PIECE,0.0
ACT-AD,2025-11-01,HEALTH CENTER,2326.0,33.0,380.0,1042.0,,1031.0,-464,69.0,30,DISTRICT26,BLISTER,1031.0
RDT,2024-11-01,HEALTH CENTER,1558.0,1.0,233.0,2186.0,,3.0,-143,151.0,25,DISTRICT29,PIECE,3.0
ACT-AD,2025-08-01,HEALTH CENTER,2931.0,0.0,233.0,614.0,,3.0,-316,188.0,30,DISTRICT22,BLISTER,3.0
ITN,2024-11-01,HEALTH CENTER,1090.0,3.0,206.0,519.0,,0.0,166,106.0,50,DISTRICT10,PIECE,0.0
QUIN,2024-11-01,HEALTH CENTER,30.0,0.0,48.0,47.0,,762.0,-748,13.0,1000,DISTRICT20,TABLET,762.0
PYRA-SAC,2025-11-01,HEALTH CENTER,26.0,0.0,34.0,21.0,,582.0,206,35.0,1,DISTRICT30,SACHET,582.0
ART-INJ,2025-02-01,HEALTH CENTER,2.0,13.0,37.0,16.0,152.0,0.0,458,3.0,5,DISTRICT16,VIAL,-152.0
ART-INJ,2024-11-01,HEALTH CENTER,318.0,0.0,175.0,51.0,,537.0,936,267.0,5,DISTRICT19,VIAL,537.0
ACT-SC,2025-11-01,HEALTH CENTER,1849.0,0.0,128.0,865.0,,14.0,48,127.0,30,DISTRICT2,BLISTER,14.0
PYRA-SAC,2025-05-01,HEALTH CENTER,640.0,1.0,19.0,134.0,,1.0,-11,13.0,1,DISTRICT31,SACHET,1.0
ART-SUP,2025-02-01,HEALTH CENTER,1931.0,247.0,355.0,2998.0,,0.0,-543,172.0,2,DISTRICT28,CAPSULE,0.0
ART-SUP,2025-05-01,HEALTH CENTER,1006.0,61.0,357.0,186.0,605.0,4635.0,-425,209.0,2,DISTRICT26,CAPSULE,4030.0
ACT-GC,2025-05-01,HEALTH CENTER,649.0,15.0,107.0,1053.0,,0.0,50,53.0,30,DISTRICT23,BLISTER,0.0
SP,2025-05-01,HEALTH CENTER,559.0,34.0,131.0,398.0,,814.0,700,205.0,1000,DISTRICT36,TABLET,814.0
ACT-INF,2024-08-01,HEALTH CENTER,3659.0,906.0,328.0,3940.0,,0.0,342,281.0,30,DISTRICT26,BLISTER,0.0
SP,2024-11-01,HEALTH CENTER,87.0,81.0,72.0,1099.0,,41.0,11,102.0,1000,DISTRICT27,TABLET,41.0
ACT-INF,2024-05-01,HEALTH CENTER,103.0,215.0,13.0,517.0,,87.0,405,5.0,30,DISTRICT13,BLISTER,87.0
QUIN,2024-05-01,HEALTH CENTER,471.0,18.0,185.0,984.0,,60.0,198,37.0,1000,DISTRICT22,TABLET,60.0
PYRA-SAC,2025-02-01,HEALTH CENTER,20.0,0.0,1.0,17.0,,0.0,188,0.0,1,DISTRICT21,SACHET,0.0
ACT-GC,2024-08-01,HEALTH CENTER,648.0,51.0,327.0,2477.0,,0.0,-44,182.0,30,DISTRICT1,BLISTER,0.0
ART-SUP,2024-02-01,REGIONAL HOSPITAL,1125.0,10.0,138.0,941.0,,0.0,334,261.0,2,DISTRICT24,CAPSULE,0.0
PYRA-COMP,2024-08-01,DISTRICT HOSPITAL,1023.0,10.0,113.0,546.0,519.0,4.0,35,51.0,1,DISTRICT23,TABLET,-515.0
ACT-SC,2025-08-01,HEALTH CENTER,1008.0,19.0,871.0,1278.0,946.0,293.0,-273,185.0,30,DISTRICT20,BLISTER,-653.0
ART-INJ,2025-08-01,DISTRICT HOSPITAL,2924.0,542.0,588.0,4667.0,719.0,0.0,180,905.0,5,DISTRICT31,VIAL,-719.0
SP,2024-02-01,HEALTH CENTER,507.0,124.0,438.0,143.0,,8720.0,754,279.0,1000,DISTRICT33,TABLET,8720.0
ART-INJ,2024-05-01,HEALTH CENTER,1657.0,149.0,605.0,407.0,,45.0,-630,555.0,5,DISTRICT6,VIAL,45.0
ART-SUP,2024-05-01,HEALTH CENTER,1151.0,1383.0,360.0,2259.0,,182.0,-365,446.0,2,DISTRICT13,CAPSULE,182.0
PYRA-COMP,2024-05-01,HEALTH CENTER,92.0,5.0,70.0,65.0,,1939.0,1127,75.0,1,DISTRICT15,TABLET,1939.0
PYRA-COMP,2024-08-01,HEALTH CENTER,205.0,5.0,57.0,293.0,,0.0,1157,17.0,1,DISTRICT20,TABLET,0.0
ACT-GC,2025-08-01,HEALTH CENTER,1209.0,308.0,465.0,2874.0,,0.0,46,377.0,30,DISTRICT6,BLISTER,0.0
QUIN,2025-05-01,HEALTH CENTER,295.0,0.0,113.0,32.0,,3.0,625,118.0,1000,DISTRICT32,TABLET,3.0
ITN,2024-08-01,HEALTH CENTER,1900.0,197.0,1642.0,2862.0,,132.0,-16,542.0,50,DISTRICT11,PIECE,132.0
PYRA-COMP,2025-08-01,HEALTH CENTER,837.0,337.0,252.0,937.0,,210.0,550,465.0,1,DISTRICT14,TABLET,210.0
SP,2024-05-01,HEALTH CENTER,463.0,0.0,11.0,46.0,,32.0,-344,20.0,1000,DISTRICT23,TABLET,32.0
PYRA-SAC,2025-05-01,HEALTH CENTER,345.0,30.0,185.0,580.0,,306.0,406,287.0,1,DISTRICT13,SACHET,306.0
ACT-AD,2024-05-01,HEALTH CENTER,3180.0,50.0,751.0,7783.0,,889.0,-49,1082.0,30,DISTRICT14,BLISTER,889.0
ACT-GC,2025-11-01,HEALTH CENTER,696.0,210.0,589.0,1574.0,905.0,185.0,-34,531.0,30,DISTRICT30,BLISTER,-720.0
ACT-SC,2024-05-01,HEALTH CENTER,128.0,0.0,25.0,108.0,511.0,835.0,265,9.0,30,DISTRICT26,BLISTER,324.0
ACT-AD,2025-02-01,HEALTH CENTER,7.0,73.0,14.0,3.0,,64.0,-675,2.0,30,DISTRICT18,BLISTER,64.0
ACT-INF,2024-08-01,HEALTH CENTER,697.0,13.0,161.0,2137.0,,308.0,32,195.0,30,DISTRICT31,BLISTER,308.0
ITN,2024-08-01,HEALTH CENTER,873.0,27.0,238.0,2337.0,186.0,0.0,-560,116.0,50,DISTRICT1,PIECE,-186.0
ITN,2024-05-01,HEALTH CENTER,452.0,0.0,33.0,267.0,,0.0,-345,42.0,50,DISTRICT33,PIECE,0.0
ITN,2025-02-01,HEALTH CENTER,5.0,2.0,8.0,22.0,352.0,114.0,-594,20.0,50,DISTRICT28,PIECE,-238.0
ACT-SC,2025-05-01,HEALTH CENTER,2.0,0.0,2.0,93.0,,0.0,56,0.0,30,DISTRICT21,BLISTER,0.0
ACT-AD,2024-02-01,HEALTH CENTER,1114.0,16.0,220.0,968.0,,23.0,-261,370.0,30,DISTRICT14,BLISTER,23.0
RDT,2024-05-01,HEALTH CENTER,2626.0,787.0,739.0,1534.0,,3016.0,433,865.0,25,DISTRICT31,PIECE,3016.0
ART-INJ,2024-05-01,HEALTH CENTER,171.0,408.0,120.0,1229.0,,0.0,749,111.0,5,DISTRICT17,VIAL,0.0
QUIN,2024-08-01,DISTRICT HOSPITAL,311.0,64.0,370.0,247.0,,1927.0,-675,653.0,1000,DISTRICT18,TABLET,1927.0
ACT-GC,2024-11-01,HEALTH CENTER,402.0,0.0,134.0,534.0,,844.0,424,147.0,30,DISTRICT16,BLISTER,844.0
PYRA-SAC,2024-11-01,HEALTH CENTER,1613.0,2637.0,190.0,3219.0,,176.0,616,204.0,1,DISTRICT30,SACHET,176.0
QUIN,2025-02-01,HEALTH CENTER,5.0,0.0,7.0,6.0,666.0,1.0,-406,7.0,1000,DISTRICT32,TABLET,-665.0
ACT-INF,2025-11-01,HEALTH CENTER,1220.0,267.0,699.0,1714.0,,8.0,-1,361.0,30,DISTRICT28,BLISTER,8.0
ITN,2025-08-01,HEALTH CENTER,1324.0,1076.0,128.0,2522.0,41.0,10.0,180,42.0,50,DISTRICT7,PIECE,-31.0
SP,2025-08-01,HEALTH CENTER,411.0,21.0,112.0,374.0,,0.0,-97,43.0,1000,DISTRICT24,TABLET,0.0
PYRA-SAC,2024-05-01,HEALTH CENTER,959.0,13.0,50.0,753.0,,16.0,-144,196.0,1,DISTRICT23,SACHET,16.0
ACT-GC,2025-11-01,HEALTH CENTER,2571.0,9.0,486.0,993.0,,194.0,284,530.0,30,DISTRICT6,BLISTER,194.0
ART-INJ,2024-02-01,HEALTH CENTER,1779.0,278.0,293.0,1785.0,2575.0,8.0,-1140,104.0,5,DISTRICT26,VIAL,-2567.0
ACT-AD,2024-08-01,HEALTH CENTER,3311.0,0.0,685.0,3521.0,,2874.0,-552,1090.0,30,DISTRICT25,BLISTER,2874.0
PYRA-COMP,2024-11-01,HEALTH CENTER,281.0,229.0,178.0,723.0,643.0,2.0,581,184.0,1,DISTRICT14,TABLET,-641.0
PYRA-COMP,2024-02-01,HEALTH CENTER,721.0,3.0,446.0,525.0,,61.0,-165,807.0,1,DISTRICT26,TABLET,61.0
ACT-INF,2025-08-01,HEALTH CENTER,309.0,123.0,95.0,413.0,,4.0,503,92.0,30,DISTRICT33,BLISTER,4.0
RDT,2024-11-01,HEALTH CENTER,13.0,24.0,35.0,119.0,,5.0,151,32.0,25,DISTRICT25,PIECE,5.0
SP,2025-02-01,HEALTH CENTER,1764.0,0.0,462.0,1597.0,419.0,31.0,-448,75.0,1000,DISTRICT13,TABLET,-388.0
QUIN,2025-05-01,HEALTH CENTER,756.0,0.0,262.0,395.0,883.0,43.0,329,342.0,1000,DISTRICT19,TABLET,-840.0
ART-INJ,2024-11-01,HEALTH CENTER,3298.0,57.0,536.0,1724.0,,58.0,-138,286.0,5,DISTRICT28,VIAL,58.0
PYRA-SAC,2025-02-01,HEALTH CENTER,216.0,1256.0,361.0,964.0,,4152.0,102,235.0,1,DISTRICT11,SACHET,4152.0
ACT-SC,2025-02-01,HEALTH CENTER,1364.0,0.0,201.0,548.0,,450.0,-83,235.0,30,DISTRICT12,BLISTER,450.0
ART-INJ,2024-08-01,HEALTH CENTER,168.0,29.0,41.0,470.0,416.0,83.0,-89,19.0,5,DISTRICT25,VIAL,-333.0
ACT-AD,2024-08-01,HEALTH CENTER,576.0,2.0,203.0,770.0,,332.0,374,165.0,30,DISTRICT23,BLISTER,332.0
SP,2025-05-01,HEALTH CENTER,1207.0,0.0,114.0,1559.0,,0.0,-554,136.0,1000,DISTRICT12,TABLET,0.0
PYRA-COMP,2024-11-01,HEALTH CENTER,308.0,0.0,351.0,66.0,,1689.0,528,384.0,1,DISTRICT23,TABLET,1689.0
SP,2025-02-01,HEALTH CENTER,63.0,0.0,4.0,6.0,,4753.0,-1107,13.0,1000,DISTRICT14,TABLET,4753.0
ITN,2025-11-01,HEALTH CENTER,3.0,0.0,0.0,30.0,,0.0,217,2.0,50,DISTRICT29,PIECE,0.0
ITN,2024-08-01,HEALTH CENTER,132.0,52.0,169.0,333.0,,1.0,106,169.0,50,DISTRICT26,PIECE,1.0
SP,2025-02-01,HEALTH CENTER,464.0,47.0,89.0,719.0,,0.0,728,24.0,1000,DISTRICT28,TABLET,0.0
ACT-AD,2024-11-01,DISTRICT HOSPITAL,1696.0,213.0,305.0,146.0,,297.0,56,324.0,30,DISTRICT25,BLISTER,297.0
ACT-SC,2024-02-01,HEALTH CENTER,26.0,0.0,7.0,49.0,368.0,9.0,330,0.0,30,DISTRICT38,BLISTER,-359.0
ACT-GC,2024-11-01,DISTRICT HOSPITAL,92.0,0.0,4.0,54.0,,106.0,183,2.0,30,DISTRICT14,BLISTER,106.0
ART-SUP,2025-02-01,HEALTH CENTER,802.0,1438.0,399.0,1573.0,689.0,2649.0,137,693.0,2,DISTRICT19,CAPSULE,1960.0
ACT-INF,2025-11-01,HEALTH CENTER,499.0,0.0,123.0,422.0,,1007.0,298,30.0,30,DISTRICT8,BLISTER,1007.0
QUIN,2024-08-01,HEALTH CENTER,23.0,0.0,5.0,26.0,,0.0,-75,6.0,1000,DISTRICT8,TABLET,0.0
SP,2025-02-01,HEALTH CENTER,1342.0,0.0,128.0,716.0,,0.0,-45,33.0,1000,DISTRICT28,TABLET,0.0
ART-SUP,2024-05-01,HEALTH CENTER,29.0,355.0,31.0,808.0,,1123.0,49,2.0,2,DISTRICT8,CAPSULE,1123.0
QUIN,2025-05-01,HEALTH CENTER,1554.0,0.0,121.0,701.0,,0.0,-557,24.0,1000,DISTRICT36,TABLET,0.0
ART-SUP,2025-11-01,DISTRICT HOSPITAL,1162.0,10.0,9.0,206.0,426.0,9.0,-377,2.0,2,DISTRICT29,CAPSULE,-417.0
ART-SUP,2025-08-01,HEALTH CENTER,1822.0,25.0,1098.0,863.0,,4960.0,-119,1443.0,2,DISTRICT33,CAPSULE,4960.0
ACT-AD,2024-08-01,HEALTH CENTER,594.0,24.0,249.0,1418.0,,0.0,-98,61.0,30,DISTRICT25,BLISTER,0.0
RDT,2024-02-01,HEALTH CENTER,329.0,320.0,426.0,91.0,,294.0,396,119.0,25,DISTRICT16,PIECE,294.0
QUIN,2025-05-01,DISTRICT HOSPITAL,4431.0,67.0,361.0,3896.0,,88.0,-41,77.0,1000,DISTRICT8,TABLET,88.0
PYRA-COMP,2025-08-01,HEALTH CENTER,1227.0,0.0,437.0,1051.0,,745.0,-446,494.0,1,DISTRICT15,TABLET,745.0
ACT-AD,2025-05-01,HEALTH CENTER,502.0,0.0,62.0,207.0,,10.0,405,147.0,30,DISTRICT20,BLISTER,10.0
ACT-GC,2024-11-01,HEALTH CENTER,2277.0,309.0,181.0,2243.0,1965.0,2673.0,-13,100.0,30,DISTRICT24,BLISTER,708.0
ACT-INF,2024-11-01,HEALTH CENTER,1781.0,1.0,277.0,1678.0,,6.0,-286,77.0,30,DISTRICT2,BLISTER,6.0
ACT-SC,2025-11-01,HEALTH CENTER,772.0,18.0,102.0,178.0,,4.0,376,131.0,30,DISTRICT20,BLISTER,4.0
ACT-AD,2024-05-01,REGIONAL HOSPITAL,72.0,2231.0,332.0,287.0,,3912.0,-475,286.0,30,DISTRICT16,BLISTER,3912.0
ACT-AD,2024-05-01,HEALTH CENTER,35.0,367.0,178.0,96.0,1743.0,7.0,-48,31.0,30,DISTRICT28,BLISTER,-1736.0
RDT,2024-05-01,HEALTH CENTER,201.0,5.0,36.0,418.0,,416.0,-283,5.0,25,DISTRICT28,PIECE,416.0
PYRA-COMP,2025-11-01,HEALTH CENTER,2532.0,13.0,105.0,2651.0,,0.0,22,47.0,1,DISTRICT36,TABLET,0.0
ACT-AD,2024-08-01,HEALTH CENTER,1202.0,188.0,572.0,913.0,,406.0,468,456.0,30,DISTRICT13,BLISTER,406.0
ACT-AD,2025-08-01,REGIONAL HOSPITAL,192.0,0.0,42.0,87.0,,0.0,-274,10.0,30,DISTRICT33,BLISTER,0.0
ART-INJ,2025-02-01,HEALTH CENTER,2555.0,0.0,575.0,2619.0,,0.0,-228,108.0,5,DISTRICT2,VIAL,0.0
ACT-AD,2025-08-01,HEALTH CENTER,3501.0,1407.0,700.0,2975.0,,270.0,756,539.0,30,DISTRICT9,BLISTER,270.0
SP,2025-05-01,HEALTH CENTER,293.0,42.0,177.0,139.0,645.0,5762.0,242,112.0,1000,DISTRICT28,TABLET,5117.0
PYRA-SAC,2025-05-01,HEALTH CENTER,1749.0,316.0,780.0,1016.0,917.0,15.0,400,1447.0,1,DISTRICT33,SACHET,-902.0
ACT-AD,2024-05-01,HEALTH CENTER,1301.0,7.0,125.0,560.0,,1.0,-655,147.0,30,DISTRICT31,BLISTER,1.0
ITN,2024-08-01,HEALTH CENTER,602.0,41.0,216.0,1142.0,,0.0,-415,206.0,50,DISTRICT9,PIECE,0.0
ACT-INF,2025-08-01,HEALTH CENTER,2284.0,0.0,615.0,1549.0,,152.0,-368,771.0,30,DISTRICT31,BLISTER,152.0
ACT-SC,2024-05-01,HEALTH CENTER,85.0,197.0,5.0,111.0,275.0,0.0,178,1.0,30,DISTRICT28,BLISTER,-275.0
ART-SUP,2024-11-01,HEALTH CENTER,159.0,58.0,31.0,51.0,,1047.0,356,8.0,2,DISTRICT16,CAPSULE,1047.0
SP,2024-02-01,HEALTH CENTER,831.0,221.0,279.0,1110.0,,0.0,266,55.0,1000,DISTRICT17,TABLET,0.0
ITN,2025-11-01,HEALTH CENTER,549.0,71.0,203.0,1195.0,,1692.0,-322,69.0,50,DISTRICT33,PIECE,1692.0
ART-SUP,2024-08-01,HEALTH CENTER,864.0,702.0,349.0,1062.0,514.0,90.0,-111,153.0,2,DISTRICT25,CAPSULE,-424.0
ITN,2024-11-01,HEALTH CENTER,76.0,22.0,32.0,773.0,,30.0,-80,25.0,50,DISTRICT1,PIECE,30.0
ACT-INF,2025-11-01,HEALTH CENTER,265.0,0.0,11.0,223.0,,11.0,322,4.0,30,DISTRICT17,BLISTER,11.0
QUIN,2025-08-01,HEALTH CENTER,20.0,7.0,135.0,56.0,620.0,2.0,-336,17.0,1000,DISTRICT26,TABLET,-618.0
SP,2025-02-01,HEALTH CENTER,958.0,0.0,18.0,263.0,355.0,0.0,-640,4.0,1000,DISTRICT38,TABLET,-355.0
RDT,2025-11-01,HEALTH CENTER,652.0,25.0,411.0,1180.0,,3442.0,80,122.0,25,DISTRICT28,PIECE,3442.0
ACT-AD,2024-05-01,HEALTH CENTER,1979.0,582.0,1538.0,1210.0,,11375.0,-525,1394.0,30,DISTRICT6,BLISTER,11375.0
SP,2025-11-01,HEALTH CENTER,71.0,3.0,91.0,73.0,,1.0,333,166.0,1000,DISTRICT1,TABLET,1.0
ACT-GC,2024-08-01,HEALTH CENTER,1071.0,0.0,92.0,253.0,,76.0,-94,45.0,30,DISTRICT31,BLISTER,76.0
PYRA-SAC,2024-02-01,HEALTH CENTER,520.0,290.0,182.0,269.0,843.0,156.0,-409,107.0,1,DISTRICT20,SACHET,-687.0
ACT-AD,2024-05-01,HEALTH CENTER,558.0,0.0,93.0,336.0,,105.0,-216,47.0,30,DISTRICT23,BLISTER,105.0
RDT,2024-05-01,HEALTH CENTER,1228.0,332.0,228.0,795.0,,1247.0,316,281.0,25,DISTRICT19,PIECE,1247.0
SP,2025-05-01,HEALTH CENTER,331.0,1.0,27.0,151.0,155.0,0.0,-466,2.0,1000,DISTRICT20,TABLET,-155.0
PYRA-COMP,2024-02-01,HEALTH CENTER,49.0,25.0,173.0,674.0,,542.0,67,17.0,1,DISTRICT4,TABLET,542.0
QUIN,2024-11-01,HEALTH CENTER,1460.0,0.0,293.0,1074.0,,4.0,756,396.0,1000,DISTRICT3,TABLET,4.0
ACT-INF,2024-02-01,HEALTH CENTER,749.0,9.0,294.0,953.0,,5.0,483,106.0,30,DISTRICT22,BLISTER,5.0
ITN,2024-02-01,HEALTH CENTER,2024.0,4.0,421.0,857.0,,1080.0,-113,434.0,50,DISTRICT37,PIECE,1080.0
PYRA-SAC,2025-02-01,HEALTH CENTER,1612.0,348.0,513.0,1372.0,1565.0,269.0,498,504.0,1,DISTRICT29,SACHET,-1296.0
ACT-INF,2025-08-01,HEALTH CENTER,30.0,0.0,6.0,23.0,,272.0,-283,4.0,30,DISTRICT16,BLISTER,272.0
ART-SUP,2025-05-01,HEALTH CENTER,1835.0,126.0,399.0,1075.0,,5743.0,-94,169.0,2,DISTRICT15,CAPSULE,5743.0
ART-SUP,2025-05-01,HEALTH CENTER,640.0,145.0,124.0,1172.0,,1004.0,-42,102.0,2,DISTRICT2,CAPSULE,1004.0
ACT-INF,2025-02-01,HEALTH CENTER,121.0,30.0,135.0,542.0,,1.0,-4,14.0,30,DISTRICT36,BLISTER,1.0
QUIN,2024-11-01,HEALTH CENTER,292.0,0.0,311.0,709.0,,3.0,1274,56.0,1000,DISTRICT16,TABLET,3.0
ACT-SC,2025-08-01,HEALTH CENTER,6203.0,32.0,355.0,2797.0,,0.0,-49,285.0,30,DISTRICT14,BLISTER,0.0
QUIN,2024-08-01,HEALTH CENTER,1384.0,628.0,124.0,682.0,,1.0,-264,42.0,1000,DISTRICT18,TABLET,1.0
ITN,2024-11-01,HEALTH CENTER,1216.0,0.0,413.0,1668.0,,154.0,-519,53.0,50,DISTRICT2,PIECE,154.0
ACT-AD,2024-11-01,HEALTH CENTER,289.0,0.0,7.0,235.0,455.0,0.0,-260,1.0,30,DISTRICT8,BLISTER,-455.0
ACT-GC,2024-05-01,HEALTH CENTER,202.0,3.0,65.0,563.0,,29.0,7,2.0,30,DISTRICT1,BLISTER,29.0
ACT-INF,2024-08-01,HEALTH CENTER,86.0,0.0,33.0,236.0,,2.0,-370,4.0,30,DISTRICT35,BLISTER,2.0
ACT-INF,2024-11-01,HEALTH CENTER,10.0,126.0,29.0,190.0,,493.0,-70,3.0,30,DISTRICT30,BLISTER,493.0
ART-SUP,2025-08-01,HEALTH CENTER,3151.0,2.0,197.0,1572.0,,0.0,-347,58.0,2,DISTRICT10,CAPSULE,0.0
ART-INJ,2025-02-01,HEALTH CENTER,2625.0,973.0,614.0,3730.0,1095.0,17.0,-214,234.0,5,DISTRICT1,VIAL,-1078.0
SP,2024-08-01,HEALTH CENTER,1266.0,0.0,320.0,259.0,,58.0,-4,274.0,1000,DISTRICT8,TABLET,58.0
ACT-INF,2024-05-01,HEALTH CENTER,216.0,1.0,31.0,308.0,,67.0,-1056,10.0,30,DISTRICT25,BLISTER,67.0
ART-SUP,2025-05-01,HEALTH CENTER,381.0,15.0,198.0,55.0,,697.0,-37,227.0,2,DISTRICT33,CAPSULE,697.0
ART-INJ,2025-02-01,HEALTH CENTER,1430.0,278.0,552.0,1630.0,,1522.0,336,251.0,5,DISTRICT30,VIAL,1522.0
SP,2025-11-01,HEALTH CENTER,342.0,21.0,72.0,680.0,,52.0,-186,51.0,1000,DISTRICT25,TABLET,52.0
SP,2025-02-01,HEALTH CENTER,85.0,0.0,4.0,87.0,232.0,0.0,-83,4.0,1000,DISTRICT3,TABLET,-232.0
SP,2024-02-01,DISTRICT HOSPITAL,1125.0,0.0,159.0,490.0,,1.0,983,223.0,1000,DISTRICT14,TABLET,1.0
PYRA-SAC,2025-02-01,HEALTH CENTER,5.0,2085.0,50.0,280.0,,6403.0,805,33.0,1,DISTRICT31,SACHET,6403.0
PYRA-SAC,2024-05-01,HEALTH CENTER,4974.0,19.0,664.0,3356.0,983.0,292.0,110,1425.0,1,DISTRICT32,SACHET,-691.0
PYRA-SAC,2024-11-01,HEALTH CENTER,284.0,0.0,16.0,596.0,,431.0,551,29.0,1,DISTRICT15,SACHET,431.0
ART-INJ,2024-08-01,DISTRICT HOSPITAL,1718.0,1.0,243.0,2033.0,,17.0,-23,20.0,5,DISTRICT32,VIAL,17.0
ART-SUP,2025-05-01,HEALTH CENTER,1939.0,1091.0,520.0,3334.0,1031.0,2863.0,329,219.0,2,DISTRICT33,CAPSULE,1832.0
ART-INJ,2025-02-01,HEALTH CENTER,2254.0,70.0,602.0,2559.0,,115.0,-202,362.0,5,DISTRICT19,VIAL,115.0
RDT,2024-11-01,HEALTH CENTER,1370.0,465.0,252.0,1360.0,405.0,1.0,-114,44.0,25,DISTRICT15,PIECE,-404.0
ART-INJ,2024-08-01,HEALTH CENTER,4808.0,292.0,474.0,5133.0,,3.0,15,437.0,5,DISTRICT24,VIAL,3.0
ART-INJ,2024-11-01,HEALTH CENTER,1566.0,0.0,81.0,849.0,160.0,0.0,-29,101.0,5,DISTRICT3,VIAL,-160.0
PYRA-COMP,2024-02-01,HEALTH CENTER,264.0,1.0,7.0,181.0,,0.0,-174,1.0,1,DISTRICT9,TABLET,0.0
SP,2025-11-01,HEALTH CENTER,16.0,276.0,113.0,34.0,,156.0,-166,144.0,1000,DISTRICT33,TABLET,156.0
SP,2025-08-01,HEALTH CENTER,597.0,0.0,54.0,11.0,151.0,0.0,-707,7.0,1000,DISTRICT15,TABLET,-151.0
ACT-SC,2024-08-01,HEALTH CENTER,1038.0,1.0,148.0,232.0,,0.0,162,88.0,30,DISTRICT7,BLISTER,0.0
PYRA-SAC,2025-05-01,HEALTH CENTER,6.0,4.0,0.0,3.0,,4.0,-220,0.0,1,DISTRICT29,SACHET,4.0
ACT-AD,2024-05-01,HEALTH CENTER,750.0,17.0,184.0,1119.0,,0.0,-150,302.0,30,DISTRICT30,BLISTER,0.0
ACT-GC,2024-05-01,HEALTH CENTER,2199.0,13.0,989.0,1431.0,,2088.0,-312,926.0,30,DISTRICT25,BLISTER,2088.0
ACT-GC,2024-08-01,HEALTH CENTER,108.0,73.0,26.0,399.0,,3.0,-264,39.0,30,DISTRICT9,BLISTER,3.0
SP,2024-11-01,HEALTH CENTER,75.0,182.0,193.0,1089.0,801.0,251.0,296,174.0,1000,DISTRICT36,TABLET,-550.0
ACT-AD,2025-02-01,HEALTH CENTER,735.0,9.0,76.0,358.0,,10.0,-269,103.0,30,DISTRICT30,BLISTER,10.0
ITN,2025-02-01,HEALTH CENTER,721.0,0.0,118.0,1355.0,,0.0,-9,32.0,50,DISTRICT30,PIECE,0.0
ACT-INF,2024-11-01,HEALTH CENTER,239.0,11.0,27.0,171.0,,0.0,13,40.0,30,DISTRICT29,BLISTER,0.0
ACT-INF,2024-08-01,HEALTH CENTER,3449.0,1147.0,518.0,2175.0,,275.0,32,713.0,30,DISTRICT5,BLISTER,275.0
PYRA-COMP,2024-05-01,HEALTH CENTER,195.0,12.0,1.0,263.0,,0.0,-384,0.0,1,DISTRICT12,TABLET,0.0
ACT-INF,2025-02-01,HEALTH CENTER,372.0,58.0,268.0,288.0,,0.0,256,182.0,30,DISTRICT19,BLISTER,0.0
ACT-SC,2025-11-01,DISTRICT HOSPITAL,7210.0,33.0,1712.0,8854.0,1429.0,1169.0,264,2401.0,30,DISTRICT6,BLISTER,-260.0
RDT,2025-11-01,HEALTH CENTER,113.0,0.0,2.0,676.0,,0.0,1090,1.0,25,DISTRICT17,PIECE,0.0
PYRA-COMP,2024-11-01,HEALTH CENTER,730.0,20.0,190.0,1241.0,,15.0,-390,28.0,1,DISTRICT33,TABLET,15.0
QUIN,2025-02-01,HEALTH CENTER,209.0,52.0,52.0,1067.0,,0.0,927,17.0,1000,DISTRICT14,TABLET,0.0
RDT,2024-05-01,HEALTH CENTER,715.0,0.0,28.0,1611.0,1758.0,41.0,60,35.0,25,DISTRICT16,PIECE,-1717.0
ART-SUP,2025-02-01,HEALTH CENTER,86.0,1132.0,96.0,658.0,,6.0,613,99.0,2,DISTRICT10,CAPSULE,6.0
ACT-INF,2025-02-01,HEALTH CENTER,1274.0,15.0,29.0,606.0,,36.0,-478,7.0,30,DISTRICT1,BLISTER,36.0
ACT-SC,2025-02-01,HEALTH CENTER,134.0,2.0,33.0,58.0,,2.0,-171,4.0,30,DISTRICT33,BLISTER,2.0
PYRA-COMP,2025-02-01,HEALTH CENTER,825.0,89.0,95.0,1001.0,356.0,0.0,45,25.0,1,DISTRICT9,TABLET,-356.0
ACT-AD,2024-05-01,HEALTH CENTER,270.0,0.0,13.0,3.0,254.0,0.0,-533,1.0,30,DISTRICT11,BLISTER,-254.0
PYRA-SAC,2025-11-01,HEALTH CENTER,157.0,1164.0,104.0,1204.0,,16.0,217,32.0,1,DISTRICT9,SACHET,16.0
ACT-AD,2025-08-01,HEALTH CENTER,11.0,9.0,10.0,33.0,649.0,834.0,338,1.0,30,DISTRICT20,BLISTER,185.0
PYRA-SAC,2025-11-01,HEALTH CENTER,352.0,99.0,96.0,1558.0,,110.0,527,90.0,1,DISTRICT28,SACHET,110.0
ACT-AD,2024-05-01,HEALTH CENTER,7.0,1.0,0.0,6.0,,0.0,-1057,0.0,30,DISTRICT14,BLISTER,0.0
ACT-GC,2024-05-01,HEALTH CENTER,1764.0,833.0,625.0,1111.0,535.0,0.0,-567,669.0,30,DISTRICT38,BLISTER,-535.0
SP,2024-08-01,REGIONAL HOSPITAL,218.0,1.0,26.0,178.0,702.0,1.0,312,5.0,1000,DISTRICT38,TABLET,-701.0
ACT-SC,2025-08-01,HEALTH CENTER,1040.0,9.0,115.0,774.0,,10.0,272,40.0,30,DISTRICT7,BLISTER,10.0
ACT-GC,2024-02-01,HEALTH CENTER,532.0,0.0,18.0,552.0,,125.0,7,171.0,30,DISTRICT26,BLISTER,125.0
RDT,2024-11-01,HEALTH CENTER,25.0,2.0,23.0,5.0,482.0,43.0,24,3.0,25,DISTRICT18,PIECE,-439.0
SP,2024-05-01,HEALTH CENTER,616.0,172.0,915.0,530.0,959.0,599.0,-284,1186.0,1000,DISTRICT26,TABLET,-360.0
ACT-INF,2025-02-01,HEALTH CENTER,952.0,9.0,97.0,188.0,,0.0,274,5.0,30,DISTRICT16,BLISTER,0.0
ACT-AD,2024-11-01,HEALTH CENTER,99.0,519.0,87.0,603.0,,418.0,-192,157.0,30,DISTRICT33,BLISTER,418.0
PYRA-COMP,2025-08-01,HEALTH CENTER,1384.0,200.0,311.0,2046.0,686.0,7.0,-335,161.0,1,DISTRICT29,TABLET,-679.0
RDT,2025-05-01,HEALTH CENTER,149.0,188.0,120.0,149.0,475.0,100.0,-300,43.0,25,DISTRICT23,PIECE,-375.0
ACT-AD,2025-11-01,HEALTH CENTER,687.0,0.0,43.0,641.0,,0.0,-379,5.0,30,DISTRICT14,BLISTER,0.0
ART-SUP,2024-02-01,HEALTH CENTER,658.0,137.0,470.0,1853.0,,1926.0,551,533.0,2,DISTRICT28,CAPSULE,1926.0
ITN,2025-05-01,HEALTH CENTER,923.0,0.0,69.0,471.0,177.0,1.0,-380,1.0,50,DISTRICT37,PIECE,-176.0
ITN,2024-02-01,HEALTH CENTER,700.0,101.0,363.0,1029.0,,0.0,-240,206.0,50,DISTRICT38,PIECE,0.0
RDT,2025-08-01,DISTRICT HOSPITAL,967.0,4.0,280.0,680.0,,0.0,325,70.0,25,DISTRICT21,PIECE,0.0
RDT,2024-11-01,HEALTH CENTER,1730.0,428.0,514.0,707.0,,716.0,195,749.0,25,DISTRICT16,PIECE,716.0
PYRA-SAC,2024-05-01,HEALTH CENTER,1239.0,842.0,36.0,1155.0,302.0,81.0,880,8.0,1,DISTRICT18,SACHET,-221.0
PYRA-COMP,2025-08-01,HEALTH CENTER,2295.0,1029.0,713.0,432.0,,10952.0,200,264.0,1,DISTRICT23,TABLET,10952.0
PYRA-SAC,2025-02-01,HEALTH CENTER,1841.0,707.0,319.0,1073.0,,174.0,718,182.0,1,DISTRICT28,SACHET,174.0
ACT-AD,2024-08-01,HEALTH CENTER,479.0,245.0,351.0,95.0,,13196.0,99,313.0,30,DISTRICT33,BLISTER,13196.0
ACT-INF,2025-08-01,HEALTH CENTER,1344.0,44.0,433.0,950.0,,4770.0,-329,645.0,30,DISTRICT13,BLISTER,4770.0
ACT-INF,2025-05-01,HEALTH CENTER,562.0,135.0,380.0,290.0,,1243.0,-387,411.0,30,DISTRICT15,BLISTER,1243.0
ITN,2024-05-01,HEALTH CENTER,2095.0,7.0,372.0,793.0,520.0,78.0,9,557.0,50,DISTRICT8,PIECE,-442.0
PYRA-SAC,2025-08-01,HEALTH CENTER,2550.0,512.0,468.0,4087.0,,100.0,-380,492.0,1,DISTRICT9,SACHET,100.0
ART-INJ,2025-05-01,HEALTH CENTER,144.0,710.0,51.0,184.0,,1564.0,-261,158.0,5,DISTRICT28,VIAL,1564.0
ITN,2024-11-01,HEALTH CENTER,287.0,1.0,48.0,473.0,,51.0,-340,10.0,50,DISTRICT32,PIECE,51.0
ACT-INF,2024-08-01,HEALTH CENTER,1118.0,574.0,53.0,1334.0,1342.0,21.0,-43,38.0,30,DISTRICT38,BLISTER,-1321.0
ART-SUP,2024-08-01,HEALTH CENTER,5005.0,1668.0,2098.0,5203.0,,14710.0,-6,3110.0,2,DISTRICT16,CAPSULE,14710.0
PYRA-COMP,2024-02-01,HEALTH CENTER,145.0,8.0,135.0,9.0,,2536.0,-329,160.0,1,DISTRICT28,TABLET,2536.0
SP,2024-11-01,HEALTH CENTER,1208.0,268.0,184.0,1794.0,855.0,444.0,-145,182.0,1000,DISTRICT24,TABLET,-411.0
ACT-INF,2024-11-01,HEALTH CENTER,1053.0,242.0,304.0,1055.0,,1291.0,-466,273.0,30,DISTRICT2,BLISTER,1291.0
ITN,2024-11-01,HEALTH CENTER,275.0,1.0,17.0,160.0,,0.0,14,7.0,50,DISTRICT32,PIECE,0.0
PYRA-SAC,2025-05-01,DISTRICT HOSPITAL,1027.0,351.0,403.0,1016.0,,292.0,-118,237.0,1,DISTRICT37,SACHET,292.0
ART-INJ,2024-05-01,HEALTH CENTER,1973.0,455.0,1081.0,4656.0,254.0,160.0,-617,775.0,5,DISTRICT24,VIAL,-94.0
ACT-GC,2025-05-01,HEALTH CENTER,73.0,3.0,19.0,21.0,,228.0,-311,6.0,30,DISTRICT20,BLISTER,228.0
ART-INJ,2024-05-01,HEALTH CENTER,297.0,4.0,182.0,620.0,,0.0,-203,6.0,5,DISTRICT25,VIAL,0.0
ACT-INF,2024-08-01,HEALTH CENTER,481.0,16.0,307.0,562.0,,1295.0,-283,103.0,30,DISTRICT14,BLISTER,1295.0
ART-INJ,2025-05-01,HEALTH CENTER,508.0,328.0,196.0,575.0,,15.0,261,84.0,5,DISTRICT19,VIAL,15.0
ACT-INF,2025-02-01,HEALTH CENTER,234.0,0.0,2.0,88.0,570.0,0.0,263,5.0,30,DISTRICT1,BLISTER,-570.0
ITN,2024-02-01,HEALTH CENTER,1580.0,126.0,252.0,1436.0,533.0,151.0,633,20.0,50,DISTRICT23,PIECE,-382.0
SP,2024-05-01,HEALTH CENTER,10091.0,538.0,2167.0,14230.0,,3.0,108,2579.0,1000,DISTRICT31,TABLET,3.0
ART-INJ,2024-11-01,HEALTH CENTER,2685.0,108.0,1051.0,1878.0,,6396.0,-405,1681.0,5,DISTRICT7,VIAL,6396.0
SP,2025-08-01,HEALTH CENTER,1053.0,2554.0,590.0,1712.0,,48.0,-804,343.0,1000,DISTRICT8,TABLET,48.0
ACT-GC,2025-11-01,HEALTH CENTER,825.0,0.0,120.0,838.0,1010.0,13.0,-377,26.0,30,DISTRICT31,BLISTER,-997.0
ACT-GC,2025-02-01,HEALTH CENTER,4817.0,0.0,584.0,1172.0,668.0,2609.0,-423,972.0,30,DISTRICT32,BLISTER,1941.0
QUIN,2025-08-01,HEALTH CENTER,191.0,0.0,216.0,434.0,,3232.0,306,172.0,1000,DISTRICT30,TABLET,3232.0
SP,2024-05-01,HEALTH CENTER,922.0,582.0,719.0,1845.0,,2193.0,-752,353.0,1000,DISTRICT29,TABLET,2193.0
ACT-INF,2025-02-01,HEALTH CENTER,358.0,0.0,8.0,6.0,244.0,0.0,37,0.0,30,DISTRICT33,BLISTER,-244.0
ART-SUP,2025-08-01,DISTRICT HOSPITAL,155.0,254.0,140.0,159.0,,0.0,-924,352.0,2,DISTRICT25,CAPSULE,0.0
ITN,2024-08-01,HEALTH CENTER,3265.0,575.0,1339.0,2366.0,,12.0,11,886.0,50,DISTRICT35,PIECE,12.0
ACT-GC,2025-02-01,HEALTH CENTER,6.0,0.0,29.0,204.0,,0.0,56,5.0,30,DISTRICT10,BLISTER,0.0
ITN,2024-02-01,HEALTH CENTER,247.0,0.0,34.0,10.0,,88.0,217,43.0,50,DISTRICT24,PIECE,88.0
QUIN,2025-11-01,HEALTH CENTER,1037.0,0.0,248.0,36.0,,4157.0,-357,230.0,1000,DISTRICT15,TABLET,4157.0
QUIN,2024-11-01,HEALTH CENTER,5167.0,0.0,1031.0,2189.0,,4562.0,82,690.0,1000,DISTRICT22,TABLET,4562.0
ACT-SC,2025-11-01,HEALTH CENTER,1740.0,1.0,239.0,872.0,,397.0,537,139.0,30,DISTRICT24,BLISTER,397.0
ART-INJ,2025-08-01,HEALTH CENTER,4808.0,35.0,1131.0,7008.0,,557.0,-116,1651.0,5,DISTRICT24,VIAL,557.0
ACT-GC,2024-08-01,HEALTH CENTER,704.0,0.0,288.0,537.0,,1437.0,290,323.0,30,DISTRICT20,BLISTER,1437.0
ACT-GC,2025-11-01,HEALTH CENTER,757.0,14.0,180.0,575.0,,17.0,-1155,197.0,30,DISTRICT9,BLISTER,17.0
ACT-INF,2025-05-01,HEALTH CENTER,550.0,6.0,78.0,954.0,,0.0,85,7.0,30,DISTRICT17,BLISTER,0.0
PYRA-COMP,2025-11-01,HEALTH CENTER,508.0,2458.0,595.0,1550.0,871.0,2556.0,-59,797.0,1,DISTRICT22,TABLET,1685.0
ART-INJ,2025-11-01,HEALTH CENTER,1647.0,1.0,241.0,570.0,,0.0,514,396.0,5,DISTRICT29,VIAL,0.0
ITN,2025-11-01,HEALTH CENTER,1029.0,30.0,180.0,1207.0,,0.0,-180,16.0,50,DISTRICT3,PIECE,0.0
ART-INJ,2025-11-01,HEALTH CENTER,475.0,622.0,162.0,1411.0,794.0,2.0,-95,54.0,5,DISTRICT14,VIAL,-792.0
ITN,2025-02-01,HEALTH CENTER,1718.0,77.0,852.0,1839.0,1760.0,146.0,895,434.0,50,DISTRICT9,PIECE,-1614.0
ITN,2025-02-01,HEALTH CENTER,2408.0,0.0,987.0,277.0,,1532.0,631,1099.0,50,DISTRICT9,PIECE,1532.0
PYRA-SAC,2024-11-01,HEALTH CENTER,2.0,22.0,3.0,8.0,172.0,200.0,462,0.0,1,DISTRICT20,SACHET,28.0
PYRA-SAC,2025-05-01,HEALTH CENTER,222.0,310.0,196.0,728.0,,1905.0,351,96.0,1,DISTRICT15,SACHET,1905.0
PYRA-SAC,2025-08-01,HEALTH CENTER,220.0,474.0,32.0,196.0,,510.0,142,91.0,1,DISTRICT22,SACHET,510.0
ACT-SC,2024-11-01,HEALTH CENTER,128.0,0.0,43.0,17.0,,606.0,86,26.0,30,DISTRICT31,BLISTER,606.0
ACT-GC,2025-08-01,HEALTH CENTER,1683.0,7.0,191.0,4048.0,,0.0,-740,151.0,30,DISTRICT36,BLISTER,0.0
ART-SUP,2024-11-01,DISTRICT HOSPITAL,176.0,20.0,80.0,151.0,,0.0,86,84.0,2,DISTRICT13,CAPSULE,0.0
RDT,2024-11-01,HEALTH CENTER,76.0,6.0,49.0,731.0,,0.0,772,50.0,25,DISTRICT16,PIECE,0.0
ACT-INF,2025-11-01,HEALTH CENTER,498.0,3172.0,448.0,987.0,,2.0,310,227.0,30,DISTRICT7,BLISTER,2.0
ITN,2024-02-01,HEALTH CENTER,292.0,2.0,87.0,425.0,,7.0,11,19.0,50,DISTRICT17,PIECE,7.0
ACT-AD,2024-05-01,HEALTH CENTER,1437.0,1598.0,637.0,2001.0,887.0,5.0,-419,658.0,30,DISTRICT1,BLISTER,-882.0
PYRA-COMP,2024-02-01,HEALTH CENTER,1494.0,21.0,593.0,1294.0,,6986.0,458,587.0,1,DISTRICT19,TABLET,6986.0
ART-INJ,2024-08-01,HEALTH CENTER,2298.0,1.0,100.0,264.0,,25.0,-435,58.0,5,DISTRICT21,VIAL,25.0
ITN,2025-02-01,HEALTH CENTER,494.0,856.0,62.0,274.0,1355.0,1.0,-691,3.0,50,DISTRICT20,PIECE,-1354.0
ACT-GC,2024-05-01,HEALTH CENTER,1748.0,32.0,115.0,2814.0,,3.0,-431,146.0,30,DISTRICT33,BLISTER,3.0
ACT-AD,2024-11-01,HEALTH CENTER,46.0,0.0,10.0,65.0,,1.0,-268,1.0,30,DISTRICT14,BLISTER,1.0
PYRA-COMP,2025-05-01,HEALTH CENTER,1023.0,76.0,194.0,1695.0,,34.0,-437,77.0,1,DISTRICT38,TABLET,34.0
PYRA-SAC,2024-08-01,HEALTH CENTER,674.0,51.0,35.0,908.0,,2.0,-481,47.0,1,DISTRICT30,SACHET,2.0
ART-SUP,2025-11-01,HEALTH CENTER,434.0,2447.0,415.0,1265.0,,0.0,284,261.0,2,DISTRICT7,CAPSULE,0.0
ACT-GC,2024-02-01,HEALTH CENTER,2349.0,0.0,133.0,2067.0,155.0,0.0,-623,157.0,30,DISTRICT33,BLISTER,-155.0
PYRA-COMP,2024-08-01,DISTRICT HOSPITAL,8.0,0.0,1.0,2.0,233.0,561.0,-129,1.0,1,DISTRICT26,TABLET,328.0
ITN,2025-11-01,HEALTH CENTER,82.0,5.0,52.0,116.0,,1.0,-143,94.0,50,DISTRICT33,PIECE,1.0
ACT-SC,2025-02-01,HEALTH CENTER,52.0,1.0,212.0,446.0,,398.0,287,57.0,30,DISTRICT26,BLISTER,398.0
ART-SUP,2024-02-01,HEALTH CENTER,4137.0,0.0,448.0,340.0,762.0,4294.0,129,422.0,2,DISTRICT20,CAPSULE,3532.0
PYRA-COMP,2025-05-01,HEALTH CENTER,2247.0,5.0,543.0,608.0,402.0,127.0,-859,435.0,1,DISTRICT20,TABLET,-275.0
PYRA-COMP,2024-02-01,HEALTH CENTER,274.0,20.0,17.0,284.0,,7.0,241,8.0,1,DISTRICT28,TABLET,7.0
ART-INJ,2024-05-01,HEALTH CENTER,1884.0,1.0,388.0,546.0,,48.0,-546,95.0,5,DISTRICT28,VIAL,48.0
ART-INJ,2024-11-01,HEALTH CENTER,1366.0,149.0,82.0,2207.0,546.0,204.0,667,25.0,5,DISTRICT10,VIAL,-342.0
RDT,2025-11-01,HEALTH CENTER,3334.0,0.0,287.0,2272.0,1209.0,4096.0,194,378.0,25,DISTRICT16,PIECE,2887.0
ACT-GC,2025-08-01,HEALTH CENTER,308.0,1.0,491.0,2029.0,,0.0,-663,103.0,30,DISTRICT29,BLISTER,0.0
PYRA-COMP,2024-05-01,HEALTH CENTER,734.0,9.0,174.0,783.0,655.0,796.0,-227,63.0,1,DISTRICT14,TABLET,141.0
ACT-SC,2024-08-01,HEALTH CENTER,175.0,6.0,181.0,102.0,,1668.0,-265,77.0,30,DISTRICT36,BLISTER,1668.0
SP,2024-02-01,HEALTH CENTER,2498.0,1.0,580.0,3133.0,639.0,2.0,-172,296.0,1000,DISTRICT20,TABLET,-637.0
ITN,2025-11-01,HEALTH CENTER,882.0,0.0,56.0,136.0,,241.0,-898,91.0,50,DISTRICT5,PIECE,241.0
ACT-INF,2025-05-01,HEALTH CENTER,110.0,1.0,88.0,662.0,,7.0,320,42.0,30,DISTRICT15,BLISTER,7.0
ACT-GC,2025-11-01,HEALTH CENTER,2106.0,0.0,149.0,356.0,,0.0,-235,12.0,30,DISTRICT24,BLISTER,0.0
SP,2025-08-01,DISTRICT HOSPITAL,1390.0,29.0,253.0,3545.0,,705.0,-222,259.0,1000,DISTRICT30,TABLET,705.0
PYRA-SAC,2025-11-01,HEALTH CENTER,2258.0,221.0,831.0,2272.0,,108.0,152,422.0,1,DISTRICT33,SACHET,108.0
ACT-SC,2025-02-01,HEALTH CENTER,1508.0,39.0,226.0,1439.0,,0.0,293,43.0,30,DISTRICT36,BLISTER,0.0
ACT-INF,2025-08-01,HEALTH CENTER,36.0,1.0,29.0,42.0,,0.0,-270,12.0,30,DISTRICT16,BLISTER,0.0
ACT-GC,2024-11-01,DISTRICT HOSPITAL,550.0,0.0,60.0,897.0,440.0,1.0,444,53.0,30,DISTRICT29,BLISTER,-439.0
ACT-INF,2025-05-01,HEALTH CENTER,2038.0,0.0,96.0,1230.0,,62.0,-271,57.0,30,DISTRICT24,BLISTER,62.0
ACT-GC,2024-05-01,HEALTH CENTER,180.0,10.0,10.0,283.0,,0.0,346,0.0,30,DISTRICT32,BLISTER,0.0
ART-SUP,2025-08-01,HEALTH CENTER,71.0,1026.0,233.0,241.0,,16.0,603,388.0,2,DISTRICT23,CAPSULE,16.0
PYRA-COMP,2025-11-01,DISTRICT HOSPITAL,1615.0,0.0,367.0,933.0,,974.0,-280,246.0,1,DISTRICT13,TABLET,974.0
ITN,2025-02-01,HEALTH CENTER,1.0,15.0,1.0,8.0,,2.0,-127,2.0,50,DISTRICT32,PIECE,2.0
QUIN,2025-05-01,HEALTH CENTER,763.0,530.0,700.0,5362.0,,0.0,117,594.0,1000,DISTRICT20,TABLET,0.0
RDT,2024-05-01,HEALTH CENTER,56.0,32.0,27.0,176.0,,0.0,124,1.0,25,DISTRICT25,PIECE,0.0
ACT-SC,2024-11-01,HEALTH CENTER,8295.0,4249.0,2560.0,11182.0,,33.0,-95,1442.0,30,DISTRICT25,BLISTER,33.0
ART-INJ,2024-08-01,HEALTH CENTER,822.0,0.0,75.0,334.0,,0.0,-398,112.0,5,DISTRICT20,VIAL,0.0
ACT-GC,2025-11-01,HEALTH CENTER,1595.0,0.0,388.0,1102.0,,0.0,459,576.0,30,DISTRICT20,BLISTER,0.0
QUIN,2025-02-01,HEALTH CENTER,35.0,0.0,40.0,260.0,,0.0,421,4.0,1000,DISTRICT31,TABLET,0.0
SP,2025-11-01,HEALTH CENTER,2506.0,0.0,27.0,437.0,,1.0,-326,31.0,1000,DISTRICT9,TABLET,1.0
ART-INJ,2025-05-01,HEALTH CENTER,1614.0,188.0,1662.0,3604.0,,2816.0,928,1301.0,5,DISTRICT12,VIAL,2816.0
ART-SUP,2025-02-01,HEALTH CENTER,1109.0,393.0,327.0,1407.0,,128.0,-35,378.0,2,DISTRICT9,CAPSULE,128.0
SP,2024-05-01,HEALTH CENTER,160.0,0.0,17.0,60.0,,4.0,146,19.0,1000,DISTRICT4,TABLET,4.0
RDT,2025-05-01,HEALTH CENTER,13.0,0.0,4.0,11.0,126.0,0.0,-386,2.0,25,DISTRICT17,PIECE,-126.0
ITN,2024-02-01,HEALTH CENTER,319.0,11.0,30.0,398.0,437.0,0.0,316,28.0,50,DISTRICT12,PIECE,-437.0
PYRA-COMP,2025-11-01,HEALTH CENTER,1284.0,143.0,185.0,517.0,,31.0,-216,109.0,1,DISTRICT15,TABLET,31.0
SP,2025-08-01,HEALTH CENTER,1598.0,0.0,293.0,404.0,452.0,377.0,736,346.0,1000,DISTRICT1,TABLET,-75.0
SP,2025-05-01,HEALTH CENTER,6315.0,133.0,1365.0,3393.0,,103.0,-545,708.0,1000,DISTRICT5,TABLET,103.0
PYRA-COMP,2025-11-01,HEALTH CENTER,60.0,339.0,11.0,669.0,,0.0,-224,21.0,1,DISTRICT26,TABLET,0.0
ART-SUP,2025-05-01,REGIONAL HOSPITAL,266.0,21.0,44.0,463.0,,11.0,-316,54.0,2,DISTRICT36,CAPSULE,11.0
PYRA-SAC,2024-11-01,DISTRICT HOSPITAL,458.0,4.0,28.0,1726.0,306.0,0.0,232,0.0,1,DISTRICT28,SACHET,-306.0
ART-INJ,2024-05-01,HEALTH CENTER,14.0,274.0,12.0,191.0,,0.0,1158,1.0,5,DISTRICT14,VIAL,0.0
ACT-AD,2025-08-01,HEALTH CENTER,29.0,0.0,2.0,12.0,,3.0,-197,2.0,30,DISTRICT25,BLISTER,3.0
PYRA-SAC,2025-02-01,HEALTH CENTER,739.0,1231.0,1300.0,1314.0,,22.0,235,983.0,1,DISTRICT1,SACHET,22.0
PYRA-SAC,2025-05-01,HEALTH CENTER,359.0,0.0,26.0,517.0,416.0,1.0,-278,1.0,1,DISTRICT31,SACHET,-415.0
SP,2024-11-01,HEALTH CENTER,432.0,0.0,225.0,529.0,248.0,0.0,-386,132.0,1000,DISTRICT19,TABLET,-248.0
ART-SUP,2025-11-01,HEALTH CENTER,825.0,829.0,154.0,593.0,,45.0,-240,180.0,2,DISTRICT27,CAPSULE,45.0
ART-SUP,2024-11-01,HEALTH CENTER,795.0,821.0,601.0,2746.0,,0.0,310,254.0,2,DISTRICT6,CAPSULE,0.0
ART-INJ,2024-08-01,HEALTH CENTER,106.0,51.0,7.0,220.0,,0.0,-245,1.0,5,DISTRICT16,VIAL,0.0
ACT-SC,2025-11-01,HEALTH CENTER,717.0,2.0,123.0,118.0,,0.0,-95,112.0,30,DISTRICT9,BLISTER,0.0
QUIN,2025-02-01,HEALTH CENTER,68.0,0.0,6.0,4.0,,25.0,182,0.0,1000,DISTRICT3,TABLET,25.0
PYRA-COMP,2025-05-01,HEALTH CENTER,373.0,1.0,211.0,112.0,455.0,24.0,-309,53.0,1,DISTRICT21,TABLET,-431.0
PYRA-SAC,2025-05-01,HEALTH CENTER,2218.0,754.0,719.0,3743.0,,244.0,-200,452.0,1,DISTRICT9,SACHET,244.0
ART-INJ,2024-02-01,HEALTH CENTER,438.0,56.0,281.0,1509.0,,429.0,-116,694.0,5,DISTRICT13,VIAL,429.0
SP,2025-11-01,HEALTH CENTER,288.0,0.0,19.0,484.0,955.0,17.0,777,154.0,1000,DISTRICT31,TABLET,-938.0
SP,2024-05-01,HEALTH CENTER,2238.0,3.0,648.0,2076.0,414.0,837.0,245,891.0,1000,DISTRICT4,TABLET,423.0
QUIN,2024-11-01,HEALTH CENTER,209.0,59.0,508.0,640.0,,1.0,-135,275.0,1000,DISTRICT26,TABLET,1.0
ACT-AD,2025-08-01,HEALTH CENTER,1082.0,166.0,215.0,2180.0,,2.0,-97,200.0,30,DISTRICT29,BLISTER,2.0
ART-INJ,2024-11-01,HEALTH CENTER,84.0,9.0,11.0,42.0,,241.0,-453,4.0,5,DISTRICT28,VIAL,241.0
ACT-INF,2025-08-01,HEALTH CENTER,3016.0,80.0,856.0,5723.0,,65.0,190,886.0,30,DISTRICT32,BLISTER,65.0
ACT-GC,2024-05-01,HEALTH CENTER,549.0,17.0,349.0,616.0,,181.0,-1054,299.0,30,DISTRICT20,BLISTER,181.0
QUIN,2025-11-01,HEALTH CENTER,2608.0,11.0,375.0,993.0,,190.0,742,192.0,1000,DISTRICT1,TABLET,190.0
ART-SUP,2024-05-01,HEALTH CENTER,313.0,594.0,73.0,943.0,,2784.0,-212,47.0,2,DISTRICT31,CAPSULE,2784.0
ART-SUP,2025-11-01,HEALTH CENTER,143.0,25.0,54.0,338.0,,54.0,-452,43.0,2,DISTRICT6,CAPSULE,54.0
ACT-GC,2024-02-01,HEALTH CENTER,5758.0,113.0,589.0,2986.0,,5087.0,-541,545.0,30,DISTRICT28,BLISTER,5087.0
ART-SUP,2024-02-01,HEALTH CENTER,2229.0,1.0,208.0,1132.0,935.0,10.0,-149,349.0,2,DISTRICT33,CAPSULE,-925.0
QUIN,2024-11-01,HEALTH CENTER,80.0,0.0,7.0,131.0,327.0,0.0,-72,1.0,1000,DISTRICT13,TABLET,-327.0
ITN,2025-11-01,DISTRICT HOSPITAL,2268.0,1.0,363.0,711.0,,54.0,80,443.0,50,DISTRICT9,PIECE,54.0
ITN,2025-11-01,HEALTH CENTER,1428.0,553.0,671.0,2210.0,346.0,2.0,-163,248.0,50,DISTRICT3,PIECE,-344.0
ACT-INF,2025-08-01,HEALTH CENTER,2287.0,0.0,789.0,3585.0,,473.0,-320,633.0,30,DISTRICT19,BLISTER,473.0
RDT,2024-08-01,HEALTH CENTER,102.0,166.0,26.0,157.0,,1.0,-485,23.0,25,DISTRICT27,PIECE,1.0
ACT-SC,2025-11-01,DISTRICT HOSPITAL,231.0,1.0,543.0,127.0,,1829.0,-241,388.0,30,DISTRICT29,BLISTER,1829.0
ACT-SC,2024-08-01,HEALTH CENTER,1887.0,179.0,583.0,1073.0,,4975.0,357,706.0,30,DISTRICT27,BLISTER,4975.0
ACT-INF,2025-08-01,HEALTH CENTER,2162.0,4.0,501.0,1353.0,,1411.0,700,413.0,30,DISTRICT29,BLISTER,1411.0
SP,2024-11-01,HEALTH CENTER,700.0,173.0,225.0,2090.0,,2.0,571,139.0,1000,DISTRICT9,TABLET,2.0
RDT,2024-05-01,HEALTH CENTER,1886.0,1.0,550.0,1332.0,210.0,9.0,83,705.0,25,DISTRICT32,PIECE,-201.0
SP,2025-05-01,HEALTH CENTER,553.0,7.0,186.0,435.0,,0.0,-446,69.0,1000,DISTRICT35,TABLET,0.0
PYRA-SAC,2025-11-01,HEALTH CENTER,762.0,90.0,229.0,769.0,,0.0,673,425.0,1,DISTRICT25,SACHET,0.0
PYRA-SAC,2024-08-01,HEALTH CENTER,251.0,26.0,34.0,293.0,,0.0,138,6.0,1,DISTRICT38,SACHET,0.0
SP,2024-08-01,HEALTH CENTER,370.0,14.0,126.0,1429.0,,4.0,-390,55.0,1000,DISTRICT31,TABLET,4.0
SP,2024-05-01,HEALTH CENTER,1269.0,140.0,245.0,2206.0,,0.0,810,318.0,1000,DISTRICT31,TABLET,0.0
ACT-AD,2025-11-01,HEALTH CENTER,293.0,1.0,154.0,153.0,428.0,335.0,721,98.0,30,DISTRICT37,BLISTER,-93.0
ACT-AD,2024-02-01,HEALTH CENTER,484.0,853.0,787.0,3776.0,,14.0,382,340.0,30,DISTRICT27,BLISTER,14.0
ART-SUP,2025-05-01,HEALTH CENTER,18.0,1.0,16.0,8.0,,0.0,-76,1.0,2,DISTRICT1,CAPSULE,0.0
ART-INJ,2025-11-01,HEALTH CENTER,71.0,0.0,83.0,30.0,,0.0,328,14.0,5,DISTRICT28,VIAL,0.0
ACT-AD,2024-11-01,HEALTH CENTER,257.0,33.0,36.0,342.0,1084.0,1189.0,-489,1.0,30,DISTRICT30,BLISTER,105.0
ART-SUP,2024-08-01,HEALTH CENTER,1182.0,110.0,262.0,943.0,898.0,399.0,6,243.0,2,DISTRICT35,CAPSULE,-499.0
ACT-GC,2024-02-01,HEALTH CENTER,333.0,54.0,755.0,497.0,1209.0,768.0,83,1238.0,30,DISTRICT31,BLISTER,-441.0
ITN,2025-02-01,HEALTH CENTER,85.0,52.0,85.0,980.0,,281.0,-384,101.0,50,DISTRICT35,PIECE,281.0
PYRA-SAC,2024-08-01,HEALTH CENTER,550.0,253.0,391.0,505.0,1170.0,2165.0,-19,113.0,1,DISTRICT18,SACHET,995.0
ACT-GC,2024-02-01,HEALTH CENTER,1037.0,243.0,596.0,1904.0,,306.0,694,286.0,30,DISTRICT20,BLISTER,306.0
SP,2024-05-01,HEALTH CENTER,307.0,2577.0,619.0,767.0,,42.0,-42,600.0,1000,DISTRICT11,TABLET,42.0
QUIN,2024-11-01,HEALTH CENTER,2234.0,54.0,650.0,1921.0,,56.0,-180,412.0,1000,DISTRICT5,TABLET,56.0
ACT-SC,2025-02-01,HEALTH CENTER,1715.0,32.0,266.0,518.0,,65.0,-187,100.0,30,DISTRICT8,BLISTER,65.0
ACT-SC,2025-05-01,HEALTH CENTER,4421.0,36.0,564.0,2689.0,,11.0,103,539.0,30,DISTRICT1,BLISTER,11.0
RDT,2025-05-01,DISTRICT HOSPITAL,92.0,10.0,46.0,217.0,,10.0,388,8.0,25,DISTRICT32,PIECE,10.0
SP,2025-02-01,HEALTH CENTER,1181.0,29.0,326.0,1055.0,,0.0,437,307.0,1000,DISTRICT3,TABLET,0.0
ITN,2025-02-01,HEALTH CENTER,1127.0,0.0,259.0,389.0,1114.0,13.0,-648,477.0,50,DISTRICT9,PIECE,-1101.0
ACT-GC,2025-02-01,DISTRICT HOSPITAL,2594.0,599.0,785.0,2343.0,,3343.0,-392,222.0,30,DISTRICT36,BLISTER,3343.0
PYRA-SAC,2025-05-01,HEALTH CENTER,28.0,104.0,285.0,36.0,,2.0,235,115.0,1,DISTRICT21,SACHET,2.0
SP,2025-08-01,HEALTH CENTER,2722.0,0.0,908.0,704.0,,981.0,-219,289.0,1000,DISTRICT16,TABLET,981.0
ACT-GC,2025-02-01,HEALTH CENTER,103.0,0.0,144.0,200.0,,30.0,154,130.0,30,DISTRICT29,BLISTER,30.0
ACT-GC,2025-05-01,HEALTH CENTER,3078.0,266.0,583.0,3396.0,268.0,21.0,369,319.0,30,DISTRICT37,BLISTER,-247.0
ITN,2025-05-01,HEALTH CENTER,320.0,6.0,136.0,599.0,648.0,2179.0,0,42.0,50,DISTRICT31,PIECE,1531.0
QUIN,2024-11-01,HEALTH CENTER,51.0,4.0,68.0,581.0,,0.0,69,51.0,1000,DISTRICT23,TABLET,0.0
SP,2025-08-01,HEALTH CENTER,105.0,0.0,82.0,426.0,,4.0,89,195.0,1000,DISTRICT28,TABLET,4.0
ITN,2025-02-01,HEALTH CENTER,194.0,196.0,287.0,546.0,,44.0,-116,241.0,50,DISTRICT33,PIECE,44.0
QUIN,2024-11-01,HEALTH CENTER,1180.0,0.0,104.0,450.0,,94.0,275,158.0,1000,DISTRICT36,TABLET,94.0
QUIN,2024-08-01,DISTRICT HOSPITAL,1255.0,1.0,516.0,1588.0,,0.0,-423,540.0,1000,DISTRICT31,TABLET,0.0
ITN,2024-05-01,HEALTH CENTER,644.0,0.0,17.0,103.0,,0.0,-261,11.0,50,DISTRICT10,PIECE,0.0
QUIN,2024-05-01,HEALTH CENTER,1786.0,316.0,466.0,1454.0,,1999.0,446,618.0,1000,DISTRICT14,TABLET,1999.0
PYRA-COMP,2024-08-01,HEALTH CENTER,302.0,260.0,77.0,376.0,,6.0,13,31.0,1,DISTRICT36,TABLET,6.0
ACT-INF,2025-08-01,HEALTH CENTER,518.0,0.0,10.0,1132.0,,0.0,604,24.0,30,DISTRICT23,BLISTER,0.0
PYRA-COMP,2025-05-01,HEALTH CENTER,1358.0,66.0,55.0,1124.0,,14.0,-560,48.0,1,DISTRICT13,TABLET,14.0
PYRA-SAC,2024-11-01,HEALTH CENTER,389.0,105.0,343.0,746.0,,184.0,-137,173.0,1,DISTRICT6,SACHET,184.0
RDT,2024-05-01,HEALTH CENTER,854.0,90.0,123.0,3244.0,546.0,4.0,285,63.0,25,DISTRICT25,PIECE,-542.0
PYRA-SAC,2024-05-01,HEALTH CENTER,870.0,199.0,79.0,387.0,,89.0,-145,66.0,1,DISTRICT21,SACHET,89.0
ACT-SC,2024-02-01,HEALTH CENTER,75.0,0.0,7.0,6.0,877.0,45.0,-144,13.0,30,DISTRICT2,BLISTER,-832.0
ITN,2024-08-01,HEALTH CENTER,2210.0,2.0,355.0,2568.0,,4.0,184,601.0,50,DISTRICT22,PIECE,4.0
SP,2024-08-01,HEALTH CENTER,1893.0,39.0,364.0,3098.0,338.0,4.0,96,364.0,1000,DISTRICT23,TABLET,-334.0
ART-SUP,2025-08-01,HEALTH CENTER,459.0,6.0,58.0,165.0,,0.0,-246,23.0,2,DISTRICT1,CAPSULE,0.0
ACT-AD,2025-08-01,HEALTH CENTER,611.0,3.0,292.0,2077.0,,3.0,-812,226.0,30,DISTRICT22,BLISTER,3.0
ACT-SC,2024-11-01,HEALTH CENTER,1229.0,1.0,413.0,1211.0,,104.0,576,506.0,30,DISTRICT30,BLISTER,104.0
ITN,2024-05-01,HEALTH CENTER,1314.0,121.0,317.0,1220.0,770.0,56.0,-158,517.0,50,DISTRICT35,PIECE,-714.0
SP,2024-08-01,HEALTH CENTER,536.0,0.0,111.0,690.0,,41.0,-737,63.0,1000,DISTRICT21,TABLET,41.0
ART-SUP,2025-02-01,HEALTH CENTER,1589.0,192.0,461.0,1361.0,,819.0,272,33.0,2,DISTRICT26,CAPSULE,819.0
PYRA-SAC,2024-02-01,HEALTH CENTER,1147.0,162.0,153.0,1332.0,,0.0,-6,206.0,1,DISTRICT31,SACHET,0.0
PYRA-COMP,2025-02-01,HEALTH CENTER,2661.0,54.0,1155.0,3085.0,,2877.0,23,594.0,1,DISTRICT31,TABLET,2877.0
ITN,2024-08-01,HEALTH CENTER,4066.0,2241.0,2796.0,3248.0,,4027.0,-356,3505.0,50,DISTRICT36,PIECE,4027.0
ART-SUP,2025-08-01,HEALTH CENTER,68.0,1153.0,162.0,468.0,521.0,50.0,641,43.0,2,DISTRICT28,CAPSULE,-471.0
ACT-GC,2025-11-01,HEALTH CENTER,7834.0,348.0,2190.0,7493.0,,885.0,236,2078.0,30,DISTRICT8,BLISTER,885.0
ART-SUP,2025-11-01,HEALTH CENTER,534.0,39.0,108.0,652.0,,944.0,71,115.0,2,DISTRICT9,CAPSULE,944.0
ART-SUP,2025-11-01,HEALTH CENTER,118.0,209.0,286.0,819.0,,20.0,297,232.0,2,DISTRICT25,CAPSULE,20.0
ACT-GC,2024-02-01,HEALTH CENTER,115.0,261.0,134.0,367.0,222.0,0.0,-327,136.0,30,DISTRICT23,BLISTER,-222.0
ACT-AD,2024-08-01,HEALTH CENTER,699.0,21.0,180.0,398.0,,1.0,639,65.0,30,DISTRICT13,BLISTER,1.0
ART-SUP,2025-05-01,HEALTH CENTER,1197.0,2.0,119.0,22.0,446.0,925.0,-290,123.0,2,DISTRICT11,CAPSULE,479.0
ACT-INF,2025-05-01,HEALTH CENTER,762.0,42.0,766.0,2076.0,,1274.0,468,914.0,30,DISTRICT13,BLISTER,1274.0
ACT-INF,2025-02-01,HEALTH CENTER,1594.0,0.0,257.0,1422.0,,329.0,-192,372.0,30,DISTRICT33,BLISTER,329.0
ART-INJ,2025-08-01,HEALTH CENTER,3658.0,3.0,671.0,2130.0,169.0,2.0,-670,552.0,5,DISTRICT32,VIAL,-167.0
PYRA-COMP,2024-02-01,HEALTH CENTER,1829.0,16.0,373.0,2228.0,,23.0,591,295.0,1,DISTRICT31,TABLET,23.0
RDT,2025-11-01,HEALTH CENTER,591.0,0.0,26.0,440.0,,0.0,658,1.0,25,DISTRICT28,PIECE,0.0
QUIN,2024-02-01,HEALTH CENTER,829.0,0.0,356.0,213.0,,1584.0,-301,275.0,1000,DISTRICT29,TABLET,1584.0
ART-SUP,2024-02-01,HEALTH CENTER,230.0,0.0,75.0,300.0,525.0,110.0,-662,48.0,2,DISTRICT27,CAPSULE,-415.0
ART-INJ,2024-11-01,HEALTH CENTER,76.0,7.0,64.0,197.0,412.0,0.0,400,7.0,5,DISTRICT8,VIAL,-412.0
ITN,2025-08-01,HEALTH CENTER,1138.0,52.0,226.0,432.0,,0.0,-317,103.0,50,DISTRICT3,PIECE,0.0
QUIN,2024-11-01,HEALTH CENTER,4146.0,0.0,337.0,99.0,,48.0,-322,585.0,1000,DISTRICT9,TABLET,48.0
ACT-AD,2024-11-01,HEALTH CENTER,1167.0,111.0,152.0,1116.0,,0.0,-708,18.0,30,DISTRICT31,BLISTER,0.0
RDT,2025-08-01,HEALTH CENTER,506.0,0.0,114.0,76.0,1283.0,67.0,255,105.0,25,DISTRICT19,PIECE,-1216.0
PYRA-COMP,2024-05-01,HEALTH CENTER,96.0,0.0,9.0,206.0,811.0,0.0,-265,1.0,1,DISTRICT24,TABLET,-811.0
ART-INJ,2024-11-01,HEALTH CENTER,59.0,179.0,53.0,342.0,,1.0,392,8.0,5,DISTRICT8,VIAL,1.0
QUIN,2024-11-01,HEALTH CENTER,3910.0,0.0,1123.0,2207.0,381.0,0.0,555,1052.0,1000,DISTRICT29,TABLET,-381.0
ART-SUP,2024-11-01,HEALTH CENTER,2692.0,153.0,635.0,1215.0,,473.0,-254,574.0,2,DISTRICT30,CAPSULE,473.0
ITN,2024-02-01,HEALTH CENTER,2316.0,8.0,121.0,1793.0,,139.0,238,50.0,50,DISTRICT23,PIECE,139.0
ITN,2024-11-01,HEALTH CENTER,750.0,144.0,261.0,2203.0,,0.0,-19,102.0,50,DISTRICT29,PIECE,0.0
ITN,2025-05-01,HEALTH CENTER,3536.0,5.0,626.0,2396.0,,6.0,103,608.0,50,DISTRICT12,PIECE,6.0
ITN,2025-08-01,DISTRICT HOSPITAL,627.0,1.0,93.0,587.0,258.0,0.0,-129,7.0,50,DISTRICT16,PIECE,-258.0
RDT,2024-05-01,HEALTH CENTER,846.0,261.0,524.0,1806.0,1284.0,58.0,-319,317.0,25,DISTRICT8,PIECE,-1226.0
PYRA-COMP,2025-08-01,HEALTH CENTER,155.0,1.0,56.0,87.0,549.0,0.0,-125,81.0,1,DISTRICT33,TABLET,-549.0
PYRA-SAC,2025-08-01,HEALTH CENTER,141.0,0.0,161.0,8.0,,3.0,269,45.0,1,DISTRICT20,SACHET,3.0
ACT-GC,2025-02-01,HEALTH CENTER,1292.0,12.0,472.0,2399.0,322.0,0.0,-584,367.0,30,DISTRICT6,BLISTER,-322.0
PYRA-SAC,2025-02-01,HEALTH CENTER,2306.0,381.0,637.0,1669.0,,929.0,-659,627.0,1,DISTRICT2,SACHET,929.0
PYRA-SAC,2024-05-01,HEALTH CENTER,2289.0,1.0,200.0,626.0,,333.0,463,128.0,1,DISTRICT3,SACHET,333.0
PYRA-SAC,2024-05-01,HEALTH CENTER,211.0,0.0,31.0,45.0,1080.0,1337.0,-337,25.0,1,DISTRICT20,SACHET,257.0
ACT-GC,2024-02-01,HEALTH CENTER,872.0,197.0,99.0,541.0,,910.0,-196,116.0,30,DISTRICT11,BLISTER,910.0
ACT-AD,2024-08-01,HEALTH CENTER,37.0,88.0,57.0,259.0,,2.0,356,41.0,30,DISTRICT19,BLISTER,2.0
ACT-AD,2024-08-01,HEALTH CENTER,2555.0,375.0,868.0,5270.0,,19.0,256,585.0,30,DISTRICT17,BLISTER,19.0
ACT-INF,2025-05-01,HEALTH CENTER,355.0,0.0,169.0,1435.0,,6.0,-960,134.0,30,DISTRICT32,BLISTER,6.0
ACT-AD,2025-11-01,DISTRICT HOSPITAL,501.0,24.0,261.0,164.0,1042.0,3.0,811,125.0,30,DISTRICT32,BLISTER,-1039.0
ITN,2024-02-01,HEALTH CENTER,1539.0,0.0,487.0,629.0,,2041.0,-709,310.0,50,DISTRICT27,PIECE,2041.0
RDT,2025-02-01,HEALTH CENTER,4.0,40.0,13.0,41.0,,55.0,-751,2.0,25,DISTRICT37,PIECE,55.0
QUIN,2025-08-01,HEALTH CENTER,1054.0,2.0,94.0,761.0,,2.0,703,74.0,1000,DISTRICT16,TABLET,2.0
ACT-INF,2024-11-01,HEALTH CENTER,511.0,54.0,133.0,732.0,153.0,0.0,400,63.0,30,DISTRICT10,BLISTER,-153.0
ITN,2024-08-01,HEALTH CENTER,282.0,0.0,11.0,142.0,,0.0,-812,1.0,50,DISTRICT9,PIECE,0.0
ART-INJ,2025-11-01,HEALTH CENTER,1522.0,28.0,436.0,1690.0,,1.0,-366,225.0,5,DISTRICT30,VIAL,1.0
ART-INJ,2025-02-01,HEALTH CENTER,1534.0,0.0,306.0,1582.0,752.0,4767.0,-189,246.0,5,DISTRICT36,VIAL,4015.0
ACT-SC,2025-08-01,HEALTH CENTER,1238.0,0.0,314.0,4487.0,,0.0,-440,89.0,30,DISTRICT31,BLISTER,0.0
SP,2025-08-01,HEALTH CENTER,3507.0,203.0,1201.0,3684.0,2016.0,4415.0,-56,1675.0,1000,DISTRICT16,TABLET,2399.0
QUIN,2024-05-01,HEALTH CENTER,275.0,3.0,201.0,752.0,466.0,6679.0,305,334.0,1000,DISTRICT16,TABLET,6213.0
SP,2024-05-01,HEALTH CENTER,767.0,0.0,40.0,332.0,,3.0,-244,12.0,1000,DISTRICT28,TABLET,3.0
ACT-SC,2024-08-01,HEALTH CENTER,255.0,48.0,114.0,339.0,,6.0,-849,98.0,30,DISTRICT38,BLISTER,6.0
ACT-AD,2025-11-01,HEALTH CENTER,24.0,41.0,109.0,665.0,,5550.0,9,124.0,30,DISTRICT4,BLISTER,5550.0
RDT,2024-08-01,HEALTH CENTER,194.0,1.0,26.0,129.0,,0.0,-174,13.0,25,DISTRICT23,PIECE,0.0
PYRA-COMP,2024-11-01,HEALTH CENTER,4.0,40.0,13.0,57.0,,0.0,239,12.0,1,DISTRICT29,TABLET,0.0
ART-SUP,2024-05-01,HEALTH CENTER,131.0,65.0,77.0,217.0,,33.0,839,16.0,2,DISTRICT13,CAPSULE,33.0
ACT-AD,2024-08-01,HEALTH CENTER,1511.0,86.0,271.0,311.0,,521.0,1095,54.0,30,DISTRICT30,BLISTER,521.0
QUIN,2025-02-01,HEALTH CENTER,803.0,356.0,130.0,1266.0,,1.0,-109,72.0,1000,DISTRICT18,TABLET,1.0
ACT-INF,2024-08-01,HEALTH CENTER,2520.0,990.0,507.0,4365.0,,69.0,384,281.0,30,DISTRICT2,BLISTER,69.0
ACT-GC,2024-05-01,HEALTH CENTER,1768.0,1.0,620.0,2435.0,,116.0,-114,593.0,30,DISTRICT21,BLISTER,116.0
ACT-INF,2025-02-01,HEALTH CENTER,1065.0,36.0,128.0,781.0,934.0,0.0,2,73.0,30,DISTRICT25,BLISTER,-934.0
PYRA-SAC,2025-11-01,HEALTH CENTER,6.0,1.0,0.0,9.0,,0.0,-304,1.0,1,DISTRICT15,SACHET,0.0
ACT-INF,2025-05-01,HEALTH CENTER,1157.0,0.0,636.0,1121.0,,2569.0,100,215.0,30,DISTRICT23,BLISTER,2569.0
ACT-AD,2025-02-01,HEALTH CENTER,1108.0,298.0,267.0,1297.0,,293.0,177,181.0,30,DISTRICT36,BLISTER,293.0
ACT-INF,2025-08-01,HEALTH CENTER,305.0,0.0,51.0,175.0,,3.0,-114,25.0,30,DISTRICT32,BLISTER,3.0
RDT,2025-11-01,HEALTH CENTER,226.0,0.0,374.0,295.0,,252.0,426,264.0,25,DISTRICT21,PIECE,252.0
QUIN,2025-02-01,HEALTH CENTER,6302.0,38.0,1239.0,2108.0,,2268.0,39,1026.0,1000,DISTRICT19,TABLET,2268.0
ACT-SC,2024-11-01,NATIONAL HOSPITAL,901.0,149.0,149.0,1301.0,,56.0,160,44.0,30,DISTRICT32,BLISTER,56.0
PYRA-COMP,2024-11-01,HEALTH CENTER,857.0,0.0,177.0,673.0,,3.0,-3,126.0,1,DISTRICT4,TABLET,3.0
ACT-INF,2024-08-01,HEALTH CENTER,83.0,0.0,14.0,13.0,,0.0,230,2.0,30,DISTRICT38,BLISTER,0.0
ACT-SC,2025-08-01,HEALTH CENTER,1864.0,102.0,610.0,623.0,718.0,721.0,-110,483.0,30,DISTRICT11,BLISTER,3.0
ACT-AD,2025-02-01,HEALTH CENTER,968.0,1495.0,286.0,3076.0,,0.0,904,189.0,30,DISTRICT29,BLISTER,0.0
PYRA-COMP,2025-11-01,HEALTH CENTER,30.0,0.0,61.0,3.0,,939.0,694,11.0,1,DISTRICT5,TABLET,939.0
ART-SUP,2025-08-01,HEALTH CENTER,141.0,135.0,3.0,169.0,803.0,6.0,376,6.0,2,DISTRICT25,CAPSULE,-797.0
ITN,2025-08-01,REGIONAL HOSPITAL,38.0,5.0,11.0,7.0,,141.0,-1160,39.0,50,DISTRICT9,PIECE,141.0
PYRA-COMP,2024-02-01,HEALTH CENTER,167.0,23.0,98.0,169.0,776.0,790.0,532,112.0,1,DISTRICT28,TABLET,14.0
ACT-INF,2025-11-01,HEALTH CENTER,471.0,5.0,287.0,1459.0,686.0,2734.0,356,317.0,30,DISTRICT19,BLISTER,2048.0
ACT-SC,2024-08-01,HEALTH CENTER,939.0,6.0,290.0,1532.0,,2.0,656,389.0,30,DISTRICT21,BLISTER,2.0
PYRA-SAC,2025-11-01,HEALTH CENTER,101.0,54.0,42.0,389.0,161.0,13.0,109,18.0,1,DISTRICT16,SACHET,-148.0
ART-INJ,2024-11-01,HEALTH CENTER,527.0,0.0,102.0,34.0,394.0,3415.0,53,113.0,5,DISTRICT23,VIAL,3021.0
ART-INJ,2025-08-01,HEALTH CENTER,700.0,27.0,59.0,265.0,333.0,0.0,326,23.0,5,DISTRICT22,VIAL,-333.0
ACT-SC,2024-05-01,HEALTH CENTER,16.0,0.0,3.0,55.0,,30.0,-295,0.0,30,DISTRICT20,BLISTER,30.0
SP,2024-11-01,HEALTH CENTER,744.0,0.0,45.0,348.0,,3.0,-629,77.0,1000,DISTRICT9,TABLET,3.0
ITN,2025-11-01,HEALTH CENTER,193.0,0.0,10.0,127.0,,91.0,-385,10.0,50,DISTRICT9,PIECE,91.0
QUIN,2024-11-01,HEALTH CENTER,224.0,12.0,120.0,107.0,,12.0,-97,41.0,1000,DISTRICT1,TABLET,12.0
RDT,2025-02-01,HEALTH CENTER,1408.0,719.0,406.0,1111.0,251.0,156.0,-65,482.0,25,DISTRICT13,PIECE,-95.0
ART-SUP,2024-05-01,HEALTH CENTER,988.0,35.0,61.0,1489.0,,0.0,346,37.0,2,DISTRICT21,CAPSULE,0.0
PYRA-COMP,2024-11-01,HEALTH CENTER,2959.0,1044.0,973.0,2228.0,,736.0,7,562.0,1,DISTRICT9,TABLET,736.0
PYRA-COMP,2024-08-01,HEALTH CENTER,2007.0,60.0,607.0,3978.0,,187.0,62,921.0,1,DISTRICT3,TABLET,187.0
ART-INJ,2025-05-01,DISTRICT HOSPITAL,2071.0,0.0,292.0,2107.0,988.0,372.0,-174,267.0,5,DISTRICT32,VIAL,-616.0
ART-INJ,2025-02-01,HEALTH CENTER,993.0,250.0,541.0,2098.0,2340.0,2346.0,-633,346.0,5,DISTRICT24,VIAL,6.0
PYRA-SAC,2025-05-01,HEALTH CENTER,942.0,198.0,603.0,297.0,,934.0,-284,626.0,1,DISTRICT7,SACHET,934.0
ART-INJ,2024-05-01,HEALTH CENTER,2300.0,8.0,297.0,1437.0,,6333.0,1170,378.0,5,DISTRICT19,VIAL,6333.0
ACT-GC,2025-08-01,HEALTH CENTER,26.0,0.0,9.0,7.0,,0.0,359,4.0,30,DISTRICT33,BLISTER,0.0
ACT-INF,2025-05-01,HEALTH CENTER,2816.0,1445.0,969.0,3964.0,,27.0,156,909.0,30,DISTRICT3,BLISTER,27.0
QUIN,2024-08-01,DISTRICT HOSPITAL,580.0,34.0,109.0,1143.0,,491.0,-846,217.0,1000,DISTRICT23,TABLET,491.0
ACT-GC,2024-02-01,HEALTH CENTER,2362.0,0.0,379.0,686.0,601.0,107.0,562,182.0,30,DISTRICT14,BLISTER,-494.0
ACT-AD,2024-11-01,HEALTH CENTER,3769.0,0.0,240.0,3043.0,322.0,1.0,415,197.0,30,DISTRICT20,BLISTER,-321.0
SP,2024-02-01,HEALTH CENTER,272.0,7.0,140.0,1062.0,,933.0,101,155.0,1000,DISTRICT8,TABLET,933.0
PYRA-COMP,2024-11-01,HEALTH CENTER,1639.0,539.0,543.0,865.0,,1046.0,268,352.0,1,DISTRICT38,TABLET,1046.0
ACT-SC,2025-08-01,HEALTH CENTER,670.0,4.0,176.0,1186.0,1477.0,0.0,-125,89.0,30,DISTRICT32,BLISTER,-1477.0
ACT-INF,2024-08-01,HEALTH CENTER,1309.0,0.0,358.0,1538.0,,485.0,54,352.0,30,DISTRICT22,BLISTER,485.0
ART-SUP,2025-05-01,HEALTH CENTER,2975.0,59.0,500.0,834.0,828.0,31.0,2,331.0,2,DISTRICT7,CAPSULE,-797.0
ACT-GC,2025-02-01,HEALTH CENTER,1520.0,65.0,955.0,2038.0,,8.0,-550,566.0,30,DISTRICT1,BLISTER,8.0
QUIN,2025-11-01,HEALTH CENTER,3400.0,170.0,1947.0,1152.0,,1.0,466,1553.0,1000,DISTRICT33,TABLET,1.0
ITN,2025-08-01,HEALTH CENTER,58.0,2.0,41.0,918.0,,0.0,345,19.0,50,DISTRICT31,PIECE,0.0
RDT,2024-02-01,HEALTH CENTER,337.0,1037.0,538.0,1254.0,,6259.0,-434,456.0,25,DISTRICT31,PIECE,6259.0
ACT-GC,2024-11-01,HEALTH CENTER,169.0,7.0,92.0,359.0,,46.0,-493,22.0,30,DISTRICT5,BLISTER,46.0
ACT-SC,2025-02-01,HEALTH CENTER,1311.0,73.0,423.0,1562.0,,1920.0,298,153.0,30,DISTRICT15,BLISTER,1920.0
SP,2024-02-01,HEALTH CENTER,110.0,0.0,11.0,70.0,,0.0,-167,1.0,1000,DISTRICT13,TABLET,0.0
RDT,2024-02-01,HEALTH CENTER,129.0,1.0,11.0,92.0,474.0,3.0,587,3.0,25,DISTRICT25,PIECE,-471.0
ART-SUP,2025-08-01,DISTRICT HOSPITAL,2503.0,92.0,643.0,2134.0,,1897.0,-394,201.0,2,DISTRICT35,CAPSULE,1897.0
ART-SUP,2025-02-01,HEALTH CENTER,18.0,357.0,66.0,822.0,,123.0,-74,4.0,2,DISTRICT21,CAPSULE,123.0
ART-SUP,2025-05-01,HEALTH CENTER,885.0,366.0,351.0,1439.0,,2.0,656,238.0,2,DISTRICT10,CAPSULE,2.0
SP,2025-05-01,HEALTH CENTER,1065.0,3.0,312.0,1479.0,1228.0,0.0,125,394.0,1000,DISTRICT35,TABLET,-1228.0
ART-INJ,2024-08-01,HEALTH CENTER,4039.0,1146.0,912.0,3390.0,,17.0,-156,680.0,5,DISTRICT16,VIAL,17.0
ACT-INF,2025-08-01,HEALTH CENTER,1017.0,0.0,259.0,266.0,245.0,2.0,-636,297.0,30,DISTRICT32,BLISTER,-243.0
RDT,2025-02-01,HEALTH CENTER,660.0,2050.0,852.0,1893.0,,24.0,-44,647.0,25,DISTRICT10,PIECE,24.0
ACT-SC,2025-02-01,HEALTH CENTER,1405.0,0.0,403.0,408.0,,82.0,-447,334.0,30,DISTRICT10,BLISTER,82.0
RDT,2025-11-01,HEALTH CENTER,5681.0,184.0,2253.0,4707.0,,1315.0,251,1838.0,25,DISTRICT8,PIECE,1315.0
ART-SUP,2025-02-01,HEALTH CENTER,311.0,0.0,7.0,49.0,651.0,87.0,144,6.0,2,DISTRICT28,CAPSULE,-564.0
ACT-AD,2024-11-01,HEALTH CENTER,111.0,31.0,52.0,124.0,293.0,1671.0,-132,128.0,30,DISTRICT16,BLISTER,1378.0
PYRA-COMP,2025-08-01,HEALTH CENTER,93.0,47.0,21.0,186.0,,0.0,438,11.0,1,DISTRICT13,TABLET,0.0
RDT,2024-11-01,HEALTH CENTER,14.0,6.0,2.0,8.0,,657.0,-72,1.0,25,DISTRICT31,PIECE,657.0
ITN,2025-05-01,HEALTH CENTER,3976.0,1.0,600.0,3111.0,,650.0,-21,432.0,50,DISTRICT38,PIECE,650.0
PYRA-COMP,2025-08-01,HEALTH CENTER,1843.0,0.0,440.0,729.0,,2183.0,71,416.0,1,DISTRICT32,TABLET,2183.0
ITN,2024-05-01,HEALTH CENTER,2297.0,13.0,464.0,2309.0,981.0,147.0,475,269.0,50,DISTRICT16,PIECE,-834.0
PYRA-SAC,2025-11-01,HEALTH CENTER,2462.0,2692.0,307.0,4504.0,,139.0,-36,49.0,1,DISTRICT13,SACHET,139.0
ART-INJ,2024-02-01,HEALTH CENTER,303.0,31.0,122.0,525.0,,205.0,277,68.0,5,DISTRICT35,VIAL,205.0
ACT-SC,2025-08-01,DISTRICT HOSPITAL,147.0,0.0,4.0,7.0,165.0,1.0,-817,1.0,30,DISTRICT21,BLISTER,-164.0
ACT-AD,2025-11-01,HEALTH CENTER,296.0,123.0,219.0,245.0,,0.0,-131,433.0,30,DISTRICT9,BLISTER,0.0
ACT-GC,2025-02-01,HEALTH CENTER,231.0,0.0,14.0,265.0,,3.0,14,11.0,30,DISTRICT36,BLISTER,3.0
ACT-INF,2025-05-01,HEALTH CENTER,23.0,4.0,38.0,46.0,,0.0,795,5.0,30,DISTRICT30,BLISTER,0.0
ART-INJ,2025-05-01,HEALTH CENTER,705.0,43.0,51.0,776.0,,0.0,-308,138.0,5,DISTRICT26,VIAL,0.0
ITN,2025-02-01,HEALTH CENTER,41.0,71.0,5.0,286.0,,15.0,-103,0.0,50,DISTRICT31,PIECE,15.0
ART-SUP,2025-08-01,HEALTH CENTER,881.0,1.0,187.0,1299.0,,2.0,294,247.0,2,DISTRICT36,CAPSULE,2.0
ITN,2025-05-01,HEALTH CENTER,882.0,9.0,55.0,59.0,,213.0,-200,33.0,50,DISTRICT24,PIECE,213.0
ART-INJ,2024-11-01,HEALTH CENTER,485.0,24.0,406.0,591.0,222.0,0.0,-268,234.0,5,DISTRICT1,VIAL,-222.0
ITN,2024-08-01,HEALTH CENTER,883.0,0.0,41.0,294.0,1114.0,0.0,-103,20.0,50,DISTRICT24,PIECE,-1114.0
ACT-SC,2025-05-01,HEALTH CENTER,584.0,1.0,77.0,623.0,,98.0,246,19.0,30,DISTRICT36,BLISTER,98.0
ACT-SC,2025-08-01,HEALTH CENTER,3558.0,1457.0,687.0,6271.0,882.0,224.0,424,469.0,30,DISTRICT8,BLISTER,-658.0
ACT-SC,2025-02-01,HEALTH CENTER,2015.0,24.0,423.0,2959.0,,0.0,-373,649.0,30,DISTRICT15,BLISTER,0.0
ART-INJ,2024-11-01,HEALTH CENTER,182.0,0.0,4.0,21.0,,0.0,-460,0.0,5,DISTRICT23,VIAL,0.0
ACT-SC,2024-05-01,HEALTH CENTER,986.0,3.0,217.0,413.0,,272.0,-10,133.0,30,DISTRICT17,BLISTER,272.0
PYRA-COMP,2024-08-01,HEALTH CENTER,33.0,1471.0,340.0,178.0,,2236.0,8,114.0,1,DISTRICT24,TABLET,2236.0
ACT-AD,2025-02-01,HEALTH CENTER,1275.0,77.0,374.0,2954.0,,50.0,178,341.0,30,DISTRICT31,BLISTER,50.0
ACT-GC,2024-11-01,HEALTH CENTER,265.0,0.0,47.0,486.0,,698.0,550,51.0,30,DISTRICT25,BLISTER,698.0
ACT-INF,2025-02-01,HEALTH CENTER,4079.0,219.0,1037.0,2993.0,,239.0,-676,1628.0,30,DISTRICT28,BLISTER,239.0
ACT-INF,2025-02-01,HEALTH CENTER,1199.0,126.0,874.0,1176.0,733.0,7758.0,-229,821.0,30,DISTRICT13,BLISTER,7025.0
ACT-SC,2025-11-01,HEALTH CENTER,354.0,8.0,87.0,39.0,,1294.0,-85,28.0,30,DISTRICT37,BLISTER,1294.0
PYRA-COMP,2025-11-01,HEALTH CENTER,9.0,86.0,11.0,138.0,,764.0,961,1.0,1,DISTRICT1,TABLET,764.0
QUIN,2025-11-01,HEALTH CENTER,439.0,1319.0,207.0,916.0,,546.0,124,175.0,1000,DISTRICT10,TABLET,546.0
PYRA-COMP,2025-08-01,HEALTH CENTER,61.0,83.0,115.0,833.0,397.0,1.0,340,11.0,1,DISTRICT9,TABLET,-396.0
ACT-SC,2024-11-01,HEALTH CENTER,5744.0,2042.0,2108.0,6190.0,,58.0,159,1869.0,30,DISTRICT2,BLISTER,58.0
ART-SUP,2025-08-01,HEALTH CENTER,8201.0,829.0,1359.0,2442.0,1404.0,172.0,-528,865.0,2,DISTRICT16,CAPSULE,-1232.0
ART-SUP,2024-11-01,HEALTH CENTER,2428.0,1128.0,161.0,1728.0,,113.0,-150,129.0,2,DISTRICT29,CAPSULE,113.0
QUIN,2025-05-01,HEALTH CENTER,613.0,17.0,270.0,2051.0,,224.0,-698,306.0,1000,DISTRICT32,TABLET,224.0
ACT-GC,2024-02-01,HEALTH CENTER,677.0,10.0,132.0,87.0,,6109.0,-584,387.0,30,DISTRICT13,BLISTER,6109.0
PYRA-SAC,2025-08-01,DISTRICT HOSPITAL,214.0,24.0,115.0,705.0,,1184.0,24,130.0,1,DISTRICT20,SACHET,1184.0
SP,2025-11-01,HEALTH CENTER,914.0,544.0,688.0,358.0,,929.0,-351,666.0,1000,DISTRICT36,TABLET,929.0
ACT-GC,2024-08-01,HEALTH CENTER,750.0,199.0,108.0,374.0,,566.0,12,80.0,30,DISTRICT23,BLISTER,566.0
PYRA-COMP,2024-08-01,HEALTH CENTER,1514.0,1059.0,895.0,1472.0,,3574.0,-88,460.0,1,DISTRICT15,TABLET,3574.0
ACT-GC,2024-11-01,HEALTH CENTER,1811.0,0.0,143.0,1366.0,616.0,54.0,501,138.0,30,DISTRICT21,BLISTER,-562.0
ACT-AD,2025-02-01,HEALTH CENTER,191.0,276.0,104.0,392.0,,769.0,-362,5.0,30,DISTRICT21,BLISTER,769.0
QUIN,2024-08-01,HEALTH CENTER,116.0,90.0,132.0,18.0,,2869.0,738,84.0,1000,DISTRICT20,TABLET,2869.0
QUIN,2024-11-01,HEALTH CENTER,1539.0,16.0,397.0,1184.0,917.0,180.0,-198,599.0,1000,DISTRICT24,TABLET,-737.0
ACT-GC,2025-05-01,HEALTH CENTER,780.0,5.0,643.0,601.0,,3.0,231,327.0,30,DISTRICT9,BLISTER,3.0
PYRA-COMP,2025-02-01,HEALTH CENTER,208.0,17.0,339.0,850.0,1920.0,29.0,357,232.0,1,DISTRICT25,TABLET,-1891.0
ACT-GC,2024-05-01,HEALTH CENTER,292.0,0.0,66.0,101.0,,43.0,98,34.0,30,DISTRICT19,BLISTER,43.0
ACT-AD,2025-02-01,HEALTH CENTER,14.0,88.0,5.0,42.0,,0.0,-71,1.0,30,DISTRICT23,BLISTER,0.0
ITN,2025-11-01,HEALTH CENTER,837.0,0.0,194.0,145.0,420.0,84.0,88,222.0,50,DISTRICT29,PIECE,-336.0
SP,2024-11-01,HEALTH CENTER,11.0,0.0,50.0,46.0,870.0,943.0,-761,47.0,1000,DISTRICT4,TABLET,73.0
ACT-GC,2025-02-01,HEALTH CENTER,2780.0,0.0,319.0,2621.0,,6.0,194,40.0,30,DISTRICT27,BLISTER,6.0
ACT-GC,2025-11-01,HEALTH CENTER,351.0,16.0,267.0,1543.0,,1021.0,83,395.0,30,DISTRICT16,BLISTER,1021.0
ACT-GC,2025-11-01,HEALTH CENTER,2899.0,25.0,969.0,1005.0,1244.0,5352.0,-234,1246.0,30,DISTRICT28,BLISTER,4108.0
SP,2025-08-01,HEALTH CENTER,1607.0,405.0,999.0,3102.0,,17.0,295,273.0,1000,DISTRICT4,TABLET,17.0
ACT-SC,2024-08-01,HEALTH CENTER,193.0,0.0,358.0,583.0,,0.0,-699,98.0,30,DISTRICT10,BLISTER,0.0
ACT-SC,2024-11-01,HEALTH CENTER,2856.0,74.0,336.0,2091.0,334.0,113.0,-219,314.0,30,DISTRICT19,BLISTER,-221.0
ACT-AD,2025-02-01,HEALTH CENTER,52.0,37.0,21.0,116.0,,1.0,-81,5.0,30,DISTRICT36,BLISTER,1.0
ITN,2024-05-01,HEALTH CENTER,89.0,0.0,15.0,13.0,,2.0,-450,0.0,50,DISTRICT28,PIECE,2.0
QUIN,2025-11-01,HEALTH CENTER,477.0,5.0,48.0,206.0,790.0,0.0,204,25.0,1000,DISTRICT23,TABLET,-790.0
ACT-AD,2025-08-01,HEALTH CENTER,11.0,0.0,21.0,8.0,,677.0,447,2.0,30,DISTRICT35,BLISTER,677.0
ACT-SC,2025-11-01,HEALTH CENTER,475.0,3.0,123.0,1329.0,,0.0,-200,132.0,30,DISTRICT32,BLISTER,0.0
PYRA-COMP,2025-05-01,HEALTH CENTER,1353.0,298.0,185.0,359.0,,33.0,222,50.0,1,DISTRICT36,TABLET,33.0
ACT-SC,2025-08-01,HEALTH CENTER,934.0,568.0,203.0,1903.0,,17.0,-1195,224.0,30,DISTRICT13,BLISTER,17.0
PYRA-COMP,2024-05-01,HEALTH CENTER,59.0,0.0,1.0,15.0,,19.0,-793,0.0,1,DISTRICT8,TABLET,19.0
ART-INJ,2024-02-01,HEALTH CENTER,569.0,502.0,642.0,745.0,,240.0,216,909.0,5,DISTRICT19,VIAL,240.0
RDT,2025-11-01,HEALTH CENTER,8386.0,615.0,2271.0,6694.0,771.0,92.0,-240,1780.0,25,DISTRICT21,PIECE,-679.0
RDT,2024-05-01,HEALTH CENTER,1377.0,0.0,277.0,859.0,,23.0,804,122.0,25,DISTRICT35,PIECE,23.0
ACT-GC,2024-08-01,HEALTH CENTER,3437.0,70.0,1419.0,2609.0,,4854.0,-418,1087.0,30,DISTRICT26,BLISTER,4854.0
SP,2024-08-01,HEALTH CENTER,177.0,16.0,7.0,612.0,,0.0,-457,3.0,1000,DISTRICT25,TABLET,0.0
ACT-SC,2024-11-01,REGIONAL HOSPITAL,20.0,1.0,9.0,10.0,,517.0,131,5.0,30,DISTRICT10,BLISTER,517.0
ACT-AD,2025-05-01,HEALTH CENTER,417.0,27.0,100.0,242.0,,2999.0,-466,71.0,30,DISTRICT29,BLISTER,2999.0
ITN,2025-05-01,HEALTH CENTER,1546.0,379.0,466.0,3872.0,571.0,700.0,420,97.0,50,DISTRICT28,PIECE,129.0
PYRA-SAC,2024-11-01,HEALTH CENTER,1051.0,20.0,355.0,242.0,,747.0,-361,93.0,1,DISTRICT36,SACHET,747.0
PYRA-SAC,2024-11-01,REGIONAL HOSPITAL,151.0,58.0,27.0,492.0,,146.0,263,49.0,1,DISTRICT24,SACHET,146.0
ITN,2024-02-01,HEALTH CENTER,36.0,0.0,33.0,38.0,,101.0,-671,19.0,50,DISTRICT16,PIECE,101.0
ITN,2025-05-01,HEALTH CENTER,526.0,1222.0,178.0,498.0,1722.0,3390.0,-37,562.0,50,DISTRICT36,PIECE,1668.0
ACT-AD,2024-05-01,HEALTH CENTER,215.0,5.0,18.0,199.0,156.0,54.0,-199,10.0,30,DISTRICT32,BLISTER,-102.0
ACT-INF,2024-08-01,HEALTH CENTER,420.0,4.0,91.0,375.0,,0.0,87,85.0,30,DISTRICT15,BLISTER,0.0
ACT-INF,2024-05-01,DISTRICT HOSPITAL,20.0,0.0,44.0,76.0,,0.0,167,252.0,30,DISTRICT13,BLISTER,0.0
RDT,2025-08-01,HEALTH CENTER,4736.0,555.0,1163.0,4050.0,,0.0,-203,1694.0,25,DISTRICT13,PIECE,0.0
ART-SUP,2024-08-01,HEALTH CENTER,335.0,34.0,196.0,1168.0,806.0,260.0,90,103.0,2,DISTRICT4,CAPSULE,-546.0
RDT,2025-05-01,HEALTH CENTER,2441.0,1.0,474.0,2472.0,,5.0,191,245.0,25,DISTRICT14,PIECE,5.0
ACT-INF,2024-02-01,HEALTH CENTER,512.0,172.0,148.0,741.0,,1456.0,80,70.0,30,DISTRICT18,BLISTER,1456.0
ITN,2024-05-01,HEALTH CENTER,241.0,360.0,46.0,118.0,,1374.0,-369,11.0,50,DISTRICT16,PIECE,1374.0
ITN,2024-11-01,HEALTH CENTER,157.0,0.0,40.0,23.0,,3403.0,-575,45.0,50,DISTRICT10,PIECE,3403.0
ACT-SC,2025-08-01,HEALTH CENTER,244.0,0.0,210.0,1294.0,,0.0,-369,88.0,30,DISTRICT32,BLISTER,0.0
QUIN,2024-02-01,HEALTH CENTER,42.0,0.0,1.0,43.0,,0.0,144,0.0,1000,DISTRICT19,TABLET,0.0
PYRA-SAC,2025-02-01,HEALTH CENTER,42.0,2794.0,168.0,1106.0,,0.0,100,149.0,1,DISTRICT1,SACHET,0.0
ACT-INF,2025-05-01,HEALTH CENTER,412.0,110.0,357.0,521.0,961.0,99.0,579,447.0,30,DISTRICT15,BLISTER,-862.0
ACT-INF,2025-11-01,HEALTH CENTER,2.0,193.0,54.0,96.0,462.0,94.0,180,23.0,30,DISTRICT32,BLISTER,-368.0
ACT-AD,2025-05-01,HEALTH CENTER,3091.0,170.0,177.0,1415.0,812.0,1116.0,-677,237.0,30,DISTRICT33,BLISTER,304.0
ACT-SC,2024-02-01,HEALTH CENTER,1244.0,460.0,857.0,2274.0,,2792.0,583,332.0,30,DISTRICT25,BLISTER,2792.0
ACT-SC,2024-05-01,REGIONAL HOSPITAL,4897.0,79.0,722.0,3334.0,930.0,1321.0,398,425.0,30,DISTRICT13,BLISTER,391.0
ACT-INF,2025-08-01,HEALTH CENTER,1756.0,98.0,547.0,4839.0,,3.0,415,554.0,30,DISTRICT31,BLISTER,3.0
RDT,2024-11-01,HEALTH CENTER,6.0,0.0,5.0,69.0,,0.0,385,0.0,25,DISTRICT18,PIECE,0.0
ACT-GC,2025-05-01,HEALTH CENTER,43.0,38.0,39.0,192.0,,0.0,-381,2.0,30,DISTRICT13,BLISTER,0.0
RDT,2025-05-01,HEALTH CENTER,232.0,95.0,217.0,648.0,130.0,20.0,301,157.0,25,DISTRICT16,PIECE,-110.0
ITN,2024-05-01,HEALTH CENTER,1200.0,0.0,150.0,42.0,1845.0,3017.0,982,52.0,50,DISTRICT10,PIECE,1172.0
ACT-SC,2025-08-01,HEALTH CENTER,33.0,2.0,195.0,50.0,873.0,7298.0,472,167.0,30,DISTRICT22,BLISTER,6425.0
ITN,2025-05-01,HEALTH CENTER,636.0,0.0,505.0,417.0,899.0,219.0,257,196.0,50,DISTRICT10,PIECE,-680.0
RDT,2024-05-01,HEALTH CENTER,328.0,29.0,102.0,491.0,,0.0,-283,2.0,25,DISTRICT31,PIECE,0.0
ACT-SC,2025-08-01,DISTRICT HOSPITAL,167.0,1.0,185.0,256.0,,239.0,164,106.0,30,DISTRICT32,BLISTER,239.0
ITN,2024-11-01,REGIONAL HOSPITAL,677.0,0.0,116.0,272.0,,4.0,314,82.0,50,DISTRICT13,PIECE,4.0
SP,2024-05-01,HEALTH CENTER,54.0,152.0,135.0,1664.0,421.0,0.0,254,93.0,1000,DISTRICT13,TABLET,-421.0
ACT-SC,2024-11-01,HEALTH CENTER,41.0,0.0,7.0,15.0,,874.0,-459,3.0,30,DISTRICT29,BLISTER,874.0
ACT-GC,2025-11-01,HEALTH CENTER,587.0,1.0,47.0,294.0,444.0,7.0,164,2.0,30,DISTRICT19,BLISTER,-437.0
ART-SUP,2024-02-01,HEALTH CENTER,202.0,113.0,273.0,1416.0,,56.0,534,76.0,2,DISTRICT24,CAPSULE,56.0
ACT-INF,2025-11-01,HEALTH CENTER,1174.0,0.0,169.0,1242.0,,75.0,-210,192.0,30,DISTRICT3,BLISTER,75.0
ACT-SC,2025-05-01,HEALTH CENTER,129.0,8.0,155.0,430.0,,1627.0,-369,34.0,30,DISTRICT25,BLISTER,1627.0
RDT,2025-08-01,HEALTH CENTER,1047.0,14.0,180.0,967.0,,3547.0,804,149.0,25,DISTRICT25,PIECE,3547.0
QUIN,2025-08-01,HEALTH CENTER,962.0,0.0,167.0,651.0,,65.0,154,233.0,1000,DISTRICT8,TABLET,65.0
ACT-AD,2025-11-01,HEALTH CENTER,784.0,44.0,270.0,391.0,412.0,441.0,402,190.0,30,DISTRICT18,BLISTER,29.0
ART-INJ,2024-05-01,HEALTH CENTER,435.0,433.0,80.0,594.0,,0.0,42,84.0,5,DISTRICT32,VIAL,0.0
ART-SUP,2025-05-01,HEALTH CENTER,140.0,108.0,229.0,838.0,,0.0,-102,73.0,2,DISTRICT4,CAPSULE,0.0
ACT-GC,2024-02-01,HEALTH CENTER,2405.0,17.0,878.0,2844.0,,1355.0,-497,658.0,30,DISTRICT24,BLISTER,1355.0
QUIN,2025-11-01,HEALTH CENTER,241.0,30.0,215.0,42.0,543.0,97.0,202,197.0,1000,DISTRICT32,TABLET,-446.0
ITN,2024-11-01,HEALTH CENTER,242.0,7.0,50.0,276.0,661.0,263.0,266,17.0,50,DISTRICT23,PIECE,-398.0
QUIN,2024-05-01,HEALTH CENTER,519.0,222.0,71.0,838.0,,1.0,292,51.0,1000,DISTRICT12,TABLET,1.0
ART-SUP,2025-11-01,HEALTH CENTER,4170.0,9.0,657.0,4113.0,,0.0,-4,161.0,2,DISTRICT32,CAPSULE,0.0
PYRA-SAC,2025-11-01,HEALTH CENTER,1114.0,76.0,359.0,2244.0,711.0,123.0,-37,228.0,1,DISTRICT32,SACHET,-588.0
ART-SUP,2025-08-01,HEALTH CENTER,2634.0,71.0,746.0,1675.0,,14.0,-338,856.0,2,DISTRICT15,CAPSULE,14.0
ACT-INF,2024-11-01,HEALTH CENTER,172.0,140.0,311.0,339.0,322.0,1351.0,588,271.0,30,DISTRICT28,BLISTER,1029.0
ACT-SC,2025-08-01,HEALTH CENTER,578.0,1117.0,132.0,3912.0,253.0,10.0,-116,36.0,30,DISTRICT7,BLISTER,-243.0
ACT-GC,2024-02-01,HEALTH CENTER,710.0,575.0,420.0,1810.0,837.0,25.0,289,225.0,30,DISTRICT1,BLISTER,-812.0
SP,2025-08-01,HEALTH CENTER,171.0,148.0,167.0,752.0,,3.0,-480,67.0,1000,DISTRICT24,TABLET,3.0
ACT-SC,2025-08-01,HEALTH CENTER,78.0,0.0,26.0,129.0,,1.0,-289,12.0,30,DISTRICT16,BLISTER,1.0
ACT-INF,2024-11-01,HEALTH CENTER,3.0,2.0,4.0,2.0,820.0,0.0,919,0.0,30,DISTRICT11,BLISTER,-820.0
ACT-INF,2024-02-01,HEALTH CENTER,184.0,0.0,194.0,19.0,,526.0,545,148.0,30,DISTRICT32,BLISTER,526.0
ART-INJ,2025-02-01,HEALTH CENTER,1738.0,30.0,309.0,2661.0,531.0,21.0,739,544.0,5,DISTRICT25,VIAL,-510.0
ART-SUP,2025-11-01,HEALTH CENTER,811.0,83.0,138.0,644.0,,772.0,512,174.0,2,DISTRICT25,CAPSULE,772.0
ITN,2024-02-01,HEALTH CENTER,9327.0,1021.0,939.0,3830.0,929.0,0.0,112,1105.0,50,DISTRICT29,PIECE,-929.0
ACT-SC,2025-05-01,HEALTH CENTER,1642.0,0.0,94.0,112.0,75.0,0.0,88,37.0,30,DISTRICT29,BLISTER,-75.0
ART-SUP,2025-05-01,HEALTH CENTER,1203.0,243.0,134.0,851.0,,0.0,-663,80.0,2,DISTRICT23,CAPSULE,0.0
ART-INJ,2024-11-01,HEALTH CENTER,1144.0,36.0,240.0,1339.0,,0.0,-502,75.0,5,DISTRICT4,VIAL,0.0
ACT-SC,2024-05-01,HEALTH CENTER,1157.0,48.0,423.0,3260.0,,8.0,-49,262.0,30,DISTRICT25,BLISTER,8.0
ACT-INF,2024-08-01,HEALTH CENTER,43.0,7.0,171.0,147.0,,169.0,96,47.0,30,DISTRICT32,BLISTER,169.0
ART-INJ,2024-02-01,HEALTH CENTER,2243.0,0.0,476.0,1970.0,,252.0,100,502.0,5,DISTRICT22,VIAL,252.0
ACT-SC,2025-11-01,HEALTH CENTER,185.0,10.0,47.0,165.0,,2.0,177,31.0,30,DISTRICT19,BLISTER,2.0
ART-SUP,2025-05-01,HEALTH CENTER,407.0,3.0,126.0,259.0,,25.0,-338,129.0,2,DISTRICT9,CAPSULE,25.0
ACT-AD,2024-02-01,HEALTH CENTER,859.0,26.0,144.0,792.0,,53.0,-244,91.0,30,DISTRICT5,BLISTER,53.0
PYRA-COMP,2025-02-01,HEALTH CENTER,7.0,0.0,6.0,29.0,,185.0,141,1.0,1,DISTRICT7,TABLET,185.0
RDT,2024-02-01,HEALTH CENTER,2075.0,1.0,729.0,2334.0,,1354.0,-388,480.0,25,DISTRICT36,PIECE,1354.0
PYRA-SAC,2025-08-01,HEALTH CENTER,1150.0,866.0,338.0,2752.0,338.0,4.0,549,263.0,1,DISTRICT15,SACHET,-334.0
QUIN,2025-11-01,HEALTH CENTER,166.0,56.0,300.0,685.0,,116.0,126,272.0,1000,DISTRICT24,TABLET,116.0
ITN,2025-02-01,HEALTH CENTER,4374.0,309.0,731.0,3972.0,,10.0,-995,943.0,50,DISTRICT29,PIECE,10.0
PYRA-COMP,2024-02-01,HEALTH CENTER,128.0,735.0,104.0,480.0,,0.0,282,209.0,1,DISTRICT31,TABLET,0.0
ITN,2025-02-01,HEALTH CENTER,6.0,0.0,6.0,3.0,,9.0,-506,1.0,50,DISTRICT30,PIECE,9.0
ACT-AD,2025-05-01,HEALTH CENTER,58.0,167.0,180.0,165.0,,25.0,-49,120.0,30,DISTRICT23,BLISTER,25.0
ART-SUP,2024-08-01,HEALTH CENTER,803.0,0.0,19.0,209.0,,0.0,-53,5.0,2,DISTRICT16,CAPSULE,0.0
ACT-GC,2024-02-01,HEALTH CENTER,878.0,779.0,350.0,1847.0,,3.0,-474,391.0,30,DISTRICT20,BLISTER,3.0
ITN,2024-02-01,HEALTH CENTER,649.0,1609.0,270.0,2806.0,,1.0,139,133.0,50,DISTRICT25,PIECE,1.0
QUIN,2025-08-01,HEALTH CENTER,3860.0,1.0,550.0,2578.0,1245.0,0.0,-298,187.0,1000,DISTRICT26,TABLET,-1245.0
ACT-AD,2025-05-01,HEALTH CENTER,547.0,39.0,190.0,1224.0,,0.0,84,266.0,30,DISTRICT33,BLISTER,0.0
QUIN,2025-08-01,DISTRICT HOSPITAL,413.0,217.0,357.0,289.0,331.0,2426.0,-405,391.0,1000,DISTRICT1,TABLET,2095.0
SP,2024-02-01,HEALTH CENTER,443.0,0.0,276.0,43.0,464.0,1.0,316,67.0,1000,DISTRICT32,TABLET,-463.0
ACT-INF,2025-02-01,HEALTH CENTER,47.0,81.0,16.0,265.0,,0.0,-431,5.0,30,DISTRICT28,BLISTER,0.0
ITN,2024-11-01,HEALTH CENTER,4252.0,103.0,913.0,4676.0,592.0,1.0,229,624.0,50,DISTRICT33,PIECE,-591.0
QUIN,2024-05-01,HEALTH CENTER,4096.0,38.0,296.0,2825.0,1253.0,0.0,-397,55.0,1000,DISTRICT16,TABLET,-1253.0
SP,2025-05-01,HEALTH CENTER,221.0,0.0,18.0,12.0,,128.0,65,5.0,1000,DISTRICT9,TABLET,128.0
ITN,2025-05-01,HEALTH CENTER,1062.0,93.0,663.0,474.0,,6135.0,11,869.0,50,DISTRICT9,PIECE,6135.0
ITN,2025-08-01,REGIONAL HOSPITAL,1000.0,2.0,280.0,154.0,,1886.0,-152,297.0,50,DISTRICT23,PIECE,1886.0
RDT,2024-08-01,HEALTH CENTER,1772.0,595.0,200.0,2632.0,,882.0,424,192.0,25,DISTRICT30,PIECE,882.0
ART-SUP,2025-11-01,HEALTH CENTER,234.0,0.0,189.0,551.0,876.0,0.0,300,92.0,2,DISTRICT4,CAPSULE,-876.0
ART-INJ,2024-05-01,HEALTH CENTER,645.0,300.0,231.0,553.0,,26.0,-173,116.0,5,DISTRICT35,VIAL,26.0
ACT-SC,2025-08-01,HEALTH CENTER,117.0,350.0,39.0,167.0,,1.0,-703,57.0,30,DISTRICT8,BLISTER,1.0
ART-SUP,2024-02-01,DISTRICT HOSPITAL,31.0,139.0,6.0,232.0,350.0,0.0,394,1.0,2,DISTRICT19,CAPSULE,-350.0
ITN,2024-08-01,HEALTH CENTER,5171.0,17.0,1017.0,3223.0,320.0,412.0,207,724.0,50,DISTRICT20,PIECE,92.0
ACT-AD,2024-08-01,DISTRICT HOSPITAL,1836.0,0.0,262.0,617.0,,269.0,272,115.0,30,DISTRICT32,BLISTER,269.0
PYRA-COMP,2024-11-01,NATIONAL HOSPITAL,93.0,361.0,36.0,367.0,,0.0,-382,8.0,1,DISTRICT19,TABLET,0.0
PYRA-COMP,2025-11-01,HEALTH CENTER,1736.0,2872.0,1175.0,5022.0,,67.0,-411,432.0,1,DISTRICT12,TABLET,67.0
RDT,2024-08-01,HEALTH CENTER,344.0,0.0,225.0,104.0,,0.0,51,73.0,25,DISTRICT28,PIECE,0.0
RDT,2024-08-01,HEALTH CENTER,489.0,0.0,271.0,521.0,,227.0,-385,155.0,25,DISTRICT20,PIECE,227.0
RDT,2025-05-01,HEALTH CENTER,189.0,4.0,174.0,699.0,,8.0,76,195.0,25,DISTRICT36,PIECE,8.0
ACT-SC,2025-02-01,HEALTH CENTER,13.0,0.0,36.0,46.0,,528.0,-1007,3.0,30,DISTRICT24,BLISTER,528.0
RDT,2025-05-01,HEALTH CENTER,3978.0,64.0,835.0,5029.0,813.0,864.0,-13,429.0,25,DISTRICT13,PIECE,51.0
PYRA-COMP,2024-02-01,HEALTH CENTER,836.0,0.0,154.0,73.0,240.0,308.0,562,95.0,1,DISTRICT1,TABLET,68.0
ART-INJ,2024-08-01,HEALTH CENTER,2092.0,0.0,309.0,1172.0,,93.0,240,422.0,5,DISTRICT33,VIAL,93.0
PYRA-SAC,2025-08-01,HEALTH CENTER,144.0,61.0,322.0,437.0,,499.0,-188,106.0,1,DISTRICT2,SACHET,499.0
QUIN,2025-08-01,HEALTH CENTER,378.0,0.0,92.0,101.0,,0.0,-126,309.0,1000,DISTRICT16,TABLET,0.0
PYRA-COMP,2025-11-01,HEALTH CENTER,1644.0,0.0,581.0,411.0,530.0,631.0,-235,214.0,1,DISTRICT14,TABLET,101.0
PYRA-COMP,2024-08-01,HEALTH CENTER,0.0,6.0,11.0,2.0,741.0,112.0,407,3.0,1,DISTRICT23,TABLET,-629.0
QUIN,2024-08-01,HEALTH CENTER,1537.0,945.0,1125.0,3432.0,,12918.0,-365,1022.0,1000,DISTRICT25,TABLET,12918.0
ART-INJ,2025-08-01,HEALTH CENTER,441.0,491.0,592.0,2262.0,941.0,28.0,-36,438.0,5,DISTRICT6,VIAL,-913.0
PYRA-SAC,2024-11-01,HEALTH CENTER,1654.0,100.0,181.0,3763.0,,99.0,601,74.0,1,DISTRICT23,SACHET,99.0
ART-SUP,2024-08-01,HEALTH CENTER,1654.0,116.0,673.0,1174.0,,59.0,339,203.0,2,DISTRICT15,CAPSULE,59.0
SP,2025-02-01,HEALTH CENTER,2161.0,3.0,147.0,541.0,183.0,1.0,219,44.0,1000,DISTRICT13,TABLET,-182.0
ACT-SC,2025-11-01,HEALTH CENTER,280.0,0.0,206.0,284.0,367.0,423.0,384,199.0,30,DISTRICT26,BLISTER,56.0
PYRA-COMP,2024-05-01,HEALTH CENTER,1088.0,433.0,345.0,848.0,,9.0,-380,128.0,1,DISTRICT11,TABLET,9.0
ACT-GC,2024-02-01,HEALTH CENTER,991.0,0.0,101.0,896.0,538.0,0.0,366,95.0,30,DISTRICT1,BLISTER,-538.0
PYRA-SAC,2025-02-01,HEALTH CENTER,68.0,10.0,23.0,222.0,,7.0,364,10.0,1,DISTRICT8,SACHET,7.0
RDT,2025-05-01,HEALTH CENTER,36.0,43.0,114.0,84.0,,3454.0,817,157.0,25,DISTRICT1,PIECE,3454.0
ART-INJ,2024-11-01,HEALTH CENTER,138.0,37.0,27.0,190.0,,0.0,-336,36.0,5,DISTRICT17,VIAL,0.0
QUIN,2024-08-01,HEALTH CENTER,147.0,31.0,115.0,519.0,,3.0,524,93.0,1000,DISTRICT27,TABLET,3.0
ACT-AD,2025-08-01,HEALTH CENTER,440.0,237.0,225.0,1193.0,,0.0,166,100.0,30,DISTRICT29,BLISTER,0.0
ACT-SC,2025-02-01,HEALTH CENTER,713.0,206.0,345.0,811.0,,0.0,228,142.0,30,DISTRICT33,BLISTER,0.0
ACT-GC,2024-08-01,HEALTH CENTER,979.0,5.0,383.0,853.0,,19.0,-214,436.0,30,DISTRICT33,BLISTER,19.0
QUIN,2025-02-01,HEALTH CENTER,1162.0,0.0,43.0,179.0,,5.0,-203,54.0,1000,DISTRICT35,TABLET,5.0
QUIN,2025-08-01,HEALTH CENTER,2509.0,51.0,798.0,4987.0,,1.0,187,1137.0,1000,DISTRICT35,TABLET,1.0
ACT-INF,2024-05-01,HEALTH CENTER,439.0,46.0,97.0,1996.0,446.0,59.0,134,56.0,30,DISTRICT17,BLISTER,-387.0
ART-SUP,2024-11-01,HEALTH CENTER,74.0,64.0,216.0,1106.0,,775.0,622,287.0,2,DISTRICT9,CAPSULE,775.0
ART-INJ,2025-02-01,HEALTH CENTER,2472.0,636.0,405.0,2008.0,,804.0,-681,104.0,5,DISTRICT36,VIAL,804.0
ACT-GC,2024-08-01,HEALTH CENTER,1578.0,2088.0,505.0,1921.0,1291.0,1657.0,-504,520.0,30,DISTRICT26,BLISTER,366.0
ACT-INF,2024-02-01,HEALTH CENTER,375.0,263.0,251.0,472.0,,10.0,-65,157.0,30,DISTRICT12,BLISTER,10.0
ACT-SC,2024-11-01,HEALTH CENTER,445.0,2.0,23.0,254.0,327.0,17.0,-82,5.0,30,DISTRICT12,BLISTER,-310.0
RDT,2024-11-01,HEALTH CENTER,846.0,13.0,136.0,1732.0,,1.0,976,69.0,25,DISTRICT24,PIECE,1.0
ACT-SC,2025-08-01,HEALTH CENTER,378.0,1530.0,367.0,582.0,,0.0,-71,316.0,30,DISTRICT32,BLISTER,0.0
ACT-GC,2024-02-01,HEALTH CENTER,78.0,0.0,80.0,13.0,,1685.0,329,67.0,30,DISTRICT25,BLISTER,1685.0
QUIN,2025-08-01,HEALTH CENTER,220.0,0.0,71.0,112.0,,108.0,-221,16.0,1000,DISTRICT14,TABLET,108.0
RDT,2025-08-01,HEALTH CENTER,2828.0,110.0,921.0,2829.0,386.0,17.0,-390,382.0,25,DISTRICT29,PIECE,-369.0
QUIN,2024-02-01,HEALTH CENTER,1028.0,5.0,786.0,2288.0,,1288.0,463,771.0,1000,DISTRICT9,TABLET,1288.0
QUIN,2024-05-01,HEALTH CENTER,862.0,25.0,663.0,1425.0,775.0,2811.0,-88,505.0,1000,DISTRICT29,TABLET,2036.0
ART-SUP,2025-02-01,HEALTH CENTER,161.0,552.0,126.0,435.0,,3103.0,-248,304.0,2,DISTRICT32,CAPSULE,3103.0
ART-SUP,2025-05-01,HEALTH CENTER,5.0,39.0,0.0,101.0,453.0,0.0,468,0.0,2,DISTRICT37,CAPSULE,-453.0
ACT-INF,2025-02-01,HEALTH CENTER,91.0,12.0,26.0,419.0,,283.0,310,7.0,30,DISTRICT9,BLISTER,283.0
ACT-AD,2024-05-01,DISTRICT HOSPITAL,1623.0,356.0,149.0,1492.0,268.0,9.0,-229,182.0,30,DISTRICT33,BLISTER,-259.0
ACT-INF,2025-02-01,HEALTH CENTER,249.0,21.0,467.0,1200.0,,2265.0,212,518.0,30,DISTRICT33,BLISTER,2265.0
QUIN,2025-11-01,HEALTH CENTER,215.0,0.0,261.0,148.0,,1732.0,683,219.0,1000,DISTRICT32,TABLET,1732.0
PYRA-SAC,2025-11-01,HEALTH CENTER,514.0,3.0,111.0,259.0,333.0,365.0,-222,81.0,1,DISTRICT32,SACHET,32.0
ITN,2025-05-01,HEALTH CENTER,458.0,3.0,65.0,40.0,,0.0,179,89.0,50,DISTRICT20,PIECE,0.0
RDT,2024-08-01,HEALTH CENTER,227.0,3.0,48.0,89.0,,8.0,-10,90.0,25,DISTRICT14,PIECE,8.0
ART-SUP,2024-11-01,HEALTH CENTER,1148.0,0.0,31.0,255.0,259.0,0.0,761,86.0,2,DISTRICT23,CAPSULE,-259.0
ACT-INF,2025-05-01,HEALTH CENTER,1062.0,185.0,396.0,974.0,2320.0,1342.0,1113,903.0,30,DISTRICT13,BLISTER,-978.0
SP,2024-02-01,HEALTH CENTER,268.0,0.0,6.0,114.0,,29.0,118,9.0,1000,DISTRICT31,TABLET,29.0
ACT-AD,2024-02-01,HEALTH CENTER,116.0,13.0,251.0,126.0,,103.0,674,490.0,30,DISTRICT37,BLISTER,103.0
QUIN,2024-02-01,HEALTH CENTER,4060.0,0.0,719.0,2720.0,,0.0,2,848.0,1000,DISTRICT19,TABLET,0.0
QUIN,2025-08-01,HEALTH CENTER,4495.0,97.0,489.0,6379.0,,0.0,-292,377.0,1000,DISTRICT32,TABLET,0.0
PYRA-COMP,2025-11-01,HEALTH CENTER,281.0,0.0,99.0,11.0,,1.0,474,91.0,1,DISTRICT16,TABLET,1.0
ACT-AD,2025-11-01,HEALTH CENTER,0.0,6.0,6.0,3.0,,153.0,-586,2.0,30,DISTRICT32,BLISTER,153.0
ACT-AD,2025-11-01,HEALTH CENTER,500.0,144.0,210.0,1456.0,,855.0,271,246.0,30,DISTRICT31,BLISTER,855.0
ART-SUP,2025-02-01,HEALTH CENTER,774.0,14.0,300.0,1294.0,801.0,814.0,761,201.0,2,DISTRICT31,CAPSULE,13.0
QUIN,2025-11-01,HEALTH CENTER,771.0,0.0,377.0,220.0,,39.0,501,337.0,1000,DISTRICT18,TABLET,39.0
ART-SUP,2024-02-01,HEALTH CENTER,584.0,86.0,70.0,656.0,,0.0,-31,280.0,2,DISTRICT19,CAPSULE,0.0
QUIN,2025-08-01,HEALTH CENTER,1675.0,0.0,250.0,2072.0,,260.0,622,171.0,1000,DISTRICT29,TABLET,260.0
ACT-AD,2024-08-01,HEALTH CENTER,437.0,818.0,251.0,451.0,,0.0,450,65.0,30,DISTRICT21,BLISTER,0.0
ACT-INF,2025-02-01,HEALTH CENTER,193.0,57.0,88.0,184.0,,28.0,-699,88.0,30,DISTRICT32,BLISTER,28.0
ITN,2025-11-01,HEALTH CENTER,1258.0,222.0,176.0,2148.0,,865.0,436,322.0,50,DISTRICT13,PIECE,865.0
SP,2025-02-01,HEALTH CENTER,2838.0,11.0,867.0,1781.0,,31.0,-124,597.0,1000,DISTRICT13,TABLET,31.0
ITN,2025-08-01,HEALTH CENTER,0.0,508.0,29.0,45.0,,1229.0,-223,25.0,50,DISTRICT5,PIECE,1229.0
ART-INJ,2024-11-01,HEALTH CENTER,52.0,136.0,9.0,790.0,,0.0,169,11.0,5,DISTRICT19,VIAL,0.0
PYRA-COMP,2025-08-01,HEALTH CENTER,70.0,2.0,91.0,198.0,,0.0,40,14.0,1,DISTRICT23,TABLET,0.0
PYRA-COMP,2025-02-01,DISTRICT HOSPITAL,1903.0,13.0,820.0,3239.0,,16.0,344,353.0,1,DISTRICT16,TABLET,16.0
QUIN,2024-11-01,HEALTH CENTER,3895.0,1.0,539.0,1891.0,,1.0,-802,410.0,1000,DISTRICT21,TABLET,1.0
ACT-GC,2024-05-01,HEALTH CENTER,89.0,0.0,4.0,189.0,196.0,0.0,479,1.0,30,DISTRICT26,BLISTER,-196.0
ITN,2024-11-01,HEALTH CENTER,1448.0,1102.0,610.0,2892.0,,814.0,348,462.0,50,DISTRICT30,PIECE,814.0
ACT-GC,2024-11-01,HEALTH CENTER,2407.0,71.0,193.0,2925.0,2384.0,0.0,-676,113.0,30,DISTRICT11,BLISTER,-2384.0
QUIN,2024-08-01,REGIONAL HOSPITAL,5566.0,1468.0,1764.0,11769.0,,2786.0,-393,2324.0,1000,DISTRICT28,TABLET,2786.0
ART-INJ,2024-02-01,HEALTH CENTER,838.0,458.0,341.0,1995.0,,213.0,-150,221.0,5,DISTRICT3,VIAL,213.0
PYRA-SAC,2025-05-01,HEALTH CENTER,712.0,212.0,90.0,620.0,,21.0,-145,153.0,1,DISTRICT33,SACHET,21.0
PYRA-COMP,2025-08-01,HEALTH CENTER,1266.0,321.0,243.0,1858.0,1185.0,1700.0,37,112.0,1,DISTRICT7,TABLET,515.0
PYRA-COMP,2025-08-01,HEALTH CENTER,107.0,4.0,166.0,97.0,,244.0,72,46.0,1,DISTRICT23,TABLET,244.0
ACT-SC,2024-02-01,HEALTH CENTER,3187.0,38.0,456.0,2356.0,,324.0,282,420.0,30,DISTRICT28,BLISTER,324.0
ACT-GC,2024-11-01,HEALTH CENTER,733.0,2.0,869.0,808.0,,1753.0,-130,718.0,30,DISTRICT33,BLISTER,1753.0
ITN,2025-02-01,HEALTH CENTER,709.0,9.0,199.0,294.0,,54.0,-149,65.0,50,DISTRICT8,PIECE,54.0
ACT-SC,2025-11-01,REGIONAL HOSPITAL,303.0,659.0,245.0,289.0,,405.0,-872,100.0,30,DISTRICT23,BLISTER,405.0
ART-SUP,2024-02-01,HEALTH CENTER,856.0,0.0,192.0,1911.0,,1007.0,239,140.0,2,DISTRICT9,CAPSULE,1007.0
ACT-GC,2024-11-01,HEALTH CENTER,3256.0,100.0,391.0,2899.0,716.0,1.0,-489,400.0,30,DISTRICT10,BLISTER,-715.0
ART-SUP,2025-11-01,HEALTH CENTER,503.0,373.0,122.0,254.0,,558.0,-49,48.0,2,DISTRICT12,CAPSULE,558.0
RDT,2025-08-01,HEALTH CENTER,50.0,1.0,3.0,9.0,,0.0,406,0.0,25,DISTRICT4,PIECE,0.0
ACT-GC,2024-02-01,HEALTH CENTER,13.0,1.0,6.0,15.0,,931.0,86,2.0,30,DISTRICT31,BLISTER,931.0
ITN,2024-02-01,HEALTH CENTER,1346.0,2.0,737.0,1106.0,,2981.0,-739,981.0,50,DISTRICT6,PIECE,2981.0
ART-INJ,2025-08-01,HEALTH CENTER,22.0,0.0,68.0,129.0,,211.0,137,68.0,5,DISTRICT36,VIAL,211.0
ACT-AD,2024-11-01,HEALTH CENTER,17.0,0.0,1.0,3.0,,52.0,143,0.0,30,DISTRICT28,BLISTER,52.0
SP,2024-05-01,HEALTH CENTER,4961.0,76.0,851.0,4072.0,664.0,64.0,521,1149.0,1000,DISTRICT17,TABLET,-600.0
RDT,2025-08-01,HEALTH CENTER,2632.0,114.0,772.0,6035.0,,19.0,-889,491.0,25,DISTRICT6,PIECE,19.0
SP,2025-02-01,HEALTH CENTER,4156.0,145.0,1115.0,3436.0,,0.0,241,866.0,1000,DISTRICT36,TABLET,0.0
SP,2025-05-01,HEALTH CENTER,1863.0,94.0,250.0,1102.0,,4214.0,159,239.0,1000,DISTRICT1,TABLET,4214.0
ACT-SC,2025-05-01,HEALTH CENTER,1910.0,558.0,712.0,1970.0,,510.0,-367,482.0,30,DISTRICT11,BLISTER,510.0
ART-INJ,2025-05-01,HEALTH CENTER,1483.0,51.0,468.0,1208.0,1016.0,239.0,153,373.0,5,DISTRICT8,VIAL,-777.0
ACT-GC,2024-08-01,HEALTH CENTER,1254.0,0.0,707.0,1087.0,,3441.0,-188,644.0,30,DISTRICT29,BLISTER,3441.0
ITN,2024-02-01,DISTRICT HOSPITAL,129.0,2.0,6.0,9.0,,29.0,447,15.0,50,DISTRICT33,PIECE,29.0
ACT-GC,2025-02-01,HEALTH CENTER,299.0,7.0,116.0,327.0,,8.0,28,64.0,30,DISTRICT8,BLISTER,8.0
QUIN,2024-08-01,HEALTH CENTER,374.0,0.0,182.0,87.0,562.0,2568.0,-13,250.0,1000,DISTRICT1,TABLET,2006.0
SP,2025-08-01,HEALTH CENTER,250.0,0.0,244.0,105.0,1250.0,4640.0,660,270.0,1000,DISTRICT8,TABLET,3390.0
RDT,2025-08-01,HEALTH CENTER,677.0,264.0,26.0,1178.0,,0.0,-32,24.0,25,DISTRICT7,PIECE,0.0
SP,2025-11-01,HEALTH CENTER,1249.0,0.0,36.0,1864.0,805.0,8.0,190,58.0,1000,DISTRICT7,TABLET,-797.0
ART-SUP,2025-08-01,HEALTH CENTER,743.0,18.0,260.0,256.0,,158.0,399,387.0,2,DISTRICT32,CAPSULE,158.0
ACT-AD,2025-08-01,HEALTH CENTER,5151.0,1044.0,1248.0,6974.0,,1.0,91,909.0,30,DISTRICT23,BLISTER,1.0
ACT-AD,2025-05-01,HEALTH CENTER,2792.0,359.0,718.0,1462.0,,6.0,23,527.0,30,DISTRICT38,BLISTER,6.0
ACT-INF,2025-08-01,HEALTH CENTER,2330.0,7.0,662.0,1699.0,980.0,291.0,663,507.0,30,DISTRICT35,BLISTER,-689.0
PYRA-COMP,2025-11-01,HEALTH CENTER,339.0,266.0,183.0,644.0,664.0,0.0,-197,227.0,1,DISTRICT4,TABLET,-664.0
RDT,2025-02-01,HEALTH CENTER,141.0,47.0,221.0,579.0,453.0,0.0,-260,159.0,25,DISTRICT15,PIECE,-453.0
ITN,2024-11-01,HEALTH CENTER,3866.0,198.0,858.0,4697.0,,1189.0,-16,660.0,50,DISTRICT10,PIECE,1189.0
ITN,2025-08-01,DISTRICT HOSPITAL,584.0,125.0,102.0,1075.0,735.0,0.0,-131,134.0,50,DISTRICT35,PIECE,-735.0
ACT-GC,2025-05-01,HEALTH CENTER,105.0,19.0,312.0,474.0,,2100.0,935,341.0,30,DISTRICT3,BLISTER,2100.0
PYRA-SAC,2025-02-01,HEALTH CENTER,2191.0,405.0,916.0,4856.0,,332.0,-734,599.0,1,DISTRICT17,SACHET,332.0
PYRA-SAC,2024-05-01,HEALTH CENTER,874.0,0.0,72.0,514.0,,54.0,-300,50.0,1,DISTRICT5,SACHET,54.0
ART-INJ,2025-08-01,HEALTH CENTER,1053.0,27.0,435.0,518.0,,15.0,18,258.0,5,DISTRICT31,VIAL,15.0
RDT,2025-02-01,HEALTH CENTER,2663.0,277.0,902.0,1645.0,,7129.0,186,561.0,25,DISTRICT30,PIECE,7129.0
ITN,2025-11-01,HEALTH CENTER,708.0,420.0,785.0,724.0,,5309.0,83,831.0,50,DISTRICT33,PIECE,5309.0
ART-SUP,2024-08-01,HEALTH CENTER,904.0,36.0,479.0,1015.0,,0.0,-547,463.0,2,DISTRICT15,CAPSULE,0.0
ACT-INF,2025-05-01,HEALTH CENTER,6615.0,0.0,739.0,6137.0,482.0,1.0,-175,510.0,30,DISTRICT23,BLISTER,-481.0
PYRA-SAC,2024-02-01,HEALTH CENTER,364.0,298.0,430.0,765.0,,15.0,-381,265.0,1,DISTRICT3,SACHET,15.0
ACT-SC,2025-11-01,HEALTH CENTER,338.0,0.0,49.0,299.0,,29.0,-405,75.0,30,DISTRICT28,BLISTER,29.0
ACT-INF,2025-05-01,HEALTH CENTER,268.0,6.0,26.0,788.0,663.0,585.0,-368,5.0,30,DISTRICT22,BLISTER,-78.0
ACT-AD,2025-11-01,DISTRICT HOSPITAL,2232.0,307.0,925.0,2525.0,,13971.0,-187,1417.0,30,DISTRICT31,BLISTER,13971.0
ACT-INF,2025-02-01,HEALTH CENTER,6044.0,4.0,837.0,2229.0,929.0,17.0,-747,538.0,30,DISTRICT31,BLISTER,-912.0
ITN,2025-08-01,HEALTH CENTER,24.0,0.0,4.0,3.0,,57.0,314,0.0,50,DISTRICT8,PIECE,57.0
ACT-SC,2024-02-01,HEALTH CENTER,237.0,8.0,251.0,193.0,,36.0,-394,336.0,30,DISTRICT13,BLISTER,36.0
RDT,2025-11-01,HEALTH CENTER,688.0,64.0,167.0,474.0,,1.0,814,38.0,25,DISTRICT17,PIECE,1.0
ITN,2024-05-01,HEALTH CENTER,128.0,529.0,388.0,365.0,,10.0,623,560.0,50,DISTRICT25,PIECE,10.0
QUIN,2024-08-01,DISTRICT HOSPITAL,2551.0,209.0,407.0,2747.0,,8.0,573,383.0,1000,DISTRICT26,TABLET,8.0
ITN,2024-05-01,HEALTH CENTER,170.0,0.0,2.0,5.0,,0.0,-629,0.0,50,DISTRICT37,PIECE,0.0
ACT-SC,2025-02-01,DISTRICT HOSPITAL,811.0,9.0,85.0,169.0,,181.0,-45,50.0,30,DISTRICT28,BLISTER,181.0
ACT-SC,2024-11-01,HEALTH CENTER,142.0,102.0,256.0,1548.0,,8.0,1480,49.0,30,DISTRICT37,BLISTER,8.0
ITN,2025-02-01,HEALTH CENTER,1070.0,2.0,297.0,388.0,,5309.0,-416,181.0,50,DISTRICT5,PIECE,5309.0
RDT,2025-08-01,HEALTH CENTER,1053.0,0.0,423.0,469.0,,5826.0,-239,109.0,25,DISTRICT10,PIECE,5826.0
ACT-INF,2025-11-01,HEALTH CENTER,77.0,11.0,85.0,125.0,,1.0,-249,16.0,30,DISTRICT9,BLISTER,1.0
ACT-SC,2025-11-01,HEALTH CENTER,923.0,0.0,336.0,462.0,,15.0,-826,88.0,30,DISTRICT1,BLISTER,15.0
PYRA-SAC,2024-02-01,HEALTH CENTER,1787.0,45.0,248.0,3008.0,,0.0,13,60.0,1,DISTRICT32,SACHET,0.0
PYRA-COMP,2025-05-01,HEALTH CENTER,492.0,0.0,41.0,681.0,,0.0,195,6.0,1,DISTRICT33,TABLET,0.0
SP,2025-11-01,HEALTH CENTER,1988.0,0.0,226.0,2002.0,,0.0,-625,180.0,1000,DISTRICT18,TABLET,0.0
SP,2025-08-01,HEALTH CENTER,4259.0,3.0,344.0,1089.0,,190.0,651,168.0,1000,DISTRICT35,TABLET,190.0
ART-SUP,2025-11-01,HEALTH CENTER,551.0,267.0,160.0,1151.0,,2.0,-753,70.0,2,DISTRICT22,CAPSULE,2.0
ACT-AD,2025-11-01,HEALTH CENTER,249.0,18.0,106.0,1094.0,,97.0,154,47.0,30,DISTRICT10,BLISTER,97.0
ACT-AD,2025-05-01,HEALTH CENTER,15.0,67.0,143.0,29.0,,752.0,-226,23.0,30,DISTRICT36,BLISTER,752.0
ACT-AD,2024-05-01,HEALTH CENTER,1046.0,31.0,23.0,541.0,1543.0,0.0,-167,12.0,30,DISTRICT32,BLISTER,-1543.0
RDT,2024-11-01,HEALTH CENTER,903.0,81.0,405.0,1055.0,978.0,653.0,-280,341.0,25,DISTRICT36,PIECE,-325.0
PYRA-COMP,2025-08-01,HEALTH CENTER,1025.0,0.0,6.0,445.0,515.0,0.0,419,0.0,1,DISTRICT4,TABLET,-515.0
ART-SUP,2024-08-01,HEALTH CENTER,4.0,317.0,54.0,8.0,,40.0,-455,38.0,2,DISTRICT35,CAPSULE,40.0
PYRA-SAC,2025-08-01,HEALTH CENTER,996.0,200.0,150.0,1532.0,,1981.0,-33,159.0,1,DISTRICT27,SACHET,1981.0
PYRA-COMP,2024-08-01,HEALTH CENTER,1754.0,3.0,410.0,1092.0,,88.0,-34,353.0,1,DISTRICT6,TABLET,88.0
PYRA-COMP,2024-02-01,HEALTH CENTER,571.0,0.0,36.0,86.0,,27.0,-46,33.0,1,DISTRICT19,TABLET,27.0
QUIN,2024-02-01,HEALTH CENTER,6736.0,0.0,2033.0,2934.0,,4797.0,235,1393.0,1000,DISTRICT35,TABLET,4797.0
ACT-INF,2024-02-01,HEALTH CENTER,2164.0,0.0,388.0,1467.0,364.0,1.0,133,141.0,30,DISTRICT9,BLISTER,-363.0
ITN,2025-05-01,HEALTH CENTER,676.0,13.0,658.0,2720.0,1339.0,3109.0,202,492.0,50,DISTRICT31,PIECE,1770.0
ACT-AD,2024-08-01,HEALTH CENTER,3141.0,0.0,128.0,1710.0,,373.0,310,14.0,30,DISTRICT36,BLISTER,373.0
ACT-SC,2025-02-01,HEALTH CENTER,92.0,135.0,64.0,124.0,,0.0,499,4.0,30,DISTRICT37,BLISTER,0.0
PYRA-SAC,2025-02-01,HEALTH CENTER,750.0,1524.0,208.0,2427.0,,117.0,768,126.0,1,DISTRICT4,SACHET,117.0
QUIN,2025-02-01,HEALTH CENTER,878.0,0.0,820.0,1365.0,438.0,28.0,-244,366.0,1000,DISTRICT1,TABLET,-410.0
SP,2025-11-01,HEALTH CENTER,591.0,0.0,57.0,531.0,,0.0,-121,17.0,1000,DISTRICT35,TABLET,0.0
ART-SUP,2025-08-01,HEALTH CENTER,388.0,1255.0,669.0,3255.0,200.0,276.0,5,405.0,2,DISTRICT16,CAPSULE,76.0
ACT-SC,2024-08-01,HEALTH CENTER,25.0,10.0,44.0,749.0,1157.0,2145.0,11,17.0,30,DISTRICT25,BLISTER,988.0
ITN,2025-11-01,HEALTH CENTER,1817.0,1.0,288.0,208.0,,1126.0,149,216.0,50,DISTRICT37,PIECE,1126.0
QUIN,2025-11-01,HEALTH CENTER,390.0,354.0,276.0,1945.0,,3.0,-906,198.0,1000,DISTRICT14,TABLET,3.0
PYRA-SAC,2024-02-01,HEALTH CENTER,204.0,32.0,237.0,155.0,,1198.0,257,166.0,1,DISTRICT25,SACHET,1198.0
ACT-SC,2024-05-01,HEALTH CENTER,199.0,29.0,123.0,286.0,,2752.0,-386,166.0,30,DISTRICT31,BLISTER,2752.0
ACT-SC,2024-11-01,HEALTH CENTER,679.0,1.0,56.0,1331.0,,0.0,-542,16.0,30,DISTRICT30,BLISTER,0.0
ACT-INF,2024-08-01,HEALTH CENTER,605.0,0.0,431.0,694.0,,484.0,551,253.0,30,DISTRICT12,BLISTER,484.0
RDT,2024-05-01,HEALTH CENTER,204.0,0.0,4.0,44.0,,0.0,-176,0.0,25,DISTRICT12,PIECE,0.0
ACT-GC,2025-05-01,DISTRICT HOSPITAL,387.0,58.0,78.0,503.0,,12278.0,-1105,58.0,30,DISTRICT23,BLISTER,12278.0
PYRA-COMP,2025-08-01,HEALTH CENTER,31.0,13.0,16.0,493.0,,10.0,270,23.0,1,DISTRICT16,TABLET,10.0
ACT-INF,2024-08-01,HEALTH CENTER,859.0,467.0,60.0,857.0,815.0,93.0,-406,34.0,30,DISTRICT20,BLISTER,-722.0
PYRA-SAC,2025-11-01,HEALTH CENTER,34.0,1.0,19.0,64.0,727.0,956.0,-26,6.0,1,DISTRICT8,SACHET,229.0
PYRA-SAC,2025-08-01,HEALTH CENTER,1232.0,170.0,342.0,1694.0,,50.0,123,422.0,1,DISTRICT29,SACHET,50.0
SP,2024-08-01,HEALTH CENTER,1592.0,151.0,23.0,1721.0,,1.0,168,8.0,1000,DISTRICT32,TABLET,1.0
SP,2025-08-01,HEALTH CENTER,347.0,127.0,59.0,202.0,,32.0,90,96.0,1000,DISTRICT29,TABLET,32.0
ACT-AD,2024-02-01,HEALTH CENTER,34.0,31.0,108.0,93.0,,0.0,355,67.0,30,DISTRICT28,BLISTER,0.0
SP,2025-02-01,HEALTH CENTER,252.0,7.0,44.0,121.0,,101.0,-1,33.0,1000,DISTRICT12,TABLET,101.0
RDT,2024-11-01,HEALTH CENTER,541.0,135.0,110.0,956.0,,180.0,479,79.0,25,DISTRICT9,PIECE,180.0
RDT,2024-02-01,HEALTH CENTER,3212.0,2.0,468.0,821.0,1326.0,16.0,-586,215.0,25,DISTRICT14,PIECE,-1310.0
ACT-INF,2024-02-01,HEALTH CENTER,829.0,0.0,349.0,686.0,,18.0,42,378.0,30,DISTRICT32,BLISTER,18.0
ACT-AD,2024-08-01,HEALTH CENTER,112.0,8.0,122.0,191.0,,0.0,781,15.0,30,DISTRICT13,BLISTER,0.0
QUIN,2024-11-01,HEALTH CENTER,4333.0,26.0,648.0,5098.0,,3655.0,-156,648.0,1000,DISTRICT32,TABLET,3655.0
SP,2024-11-01,HEALTH CENTER,1060.0,3.0,257.0,2566.0,591.0,177.0,75,234.0,1000,DISTRICT26,TABLET,-414.0
ITN,2024-05-01,HEALTH CENTER,2149.0,4.0,687.0,1120.0,,195.0,-40,624.0,50,DISTRICT13,PIECE,195.0
ACT-SC,2024-11-01,HEALTH CENTER,108.0,9.0,60.0,522.0,,0.0,-296,6.0,30,DISTRICT20,BLISTER,0.0
ART-INJ,2025-05-01,HEALTH CENTER,360.0,16.0,128.0,188.0,,76.0,-351,131.0,5,DISTRICT14,VIAL,76.0
ACT-AD,2024-08-01,HEALTH CENTER,120.0,104.0,46.0,59.0,,1.0,-169,10.0,30,DISTRICT38,BLISTER,1.0
ACT-AD,2025-11-01,HEALTH CENTER,1423.0,0.0,74.0,496.0,,0.0,23,35.0,30,DISTRICT11,BLISTER,0.0
ACT-INF,2024-02-01,HEALTH CENTER,581.0,0.0,123.0,145.0,148.0,32.0,790,95.0,30,DISTRICT1,BLISTER,-116.0
ACT-AD,2025-02-01,HEALTH CENTER,2652.0,0.0,178.0,2068.0,,13.0,-252,237.0,30,DISTRICT8,BLISTER,13.0
ITN,2025-05-01,HEALTH CENTER,1372.0,153.0,429.0,692.0,,24.0,203,223.0,50,DISTRICT12,PIECE,24.0
ART-SUP,2025-02-01,HEALTH CENTER,1570.0,5.0,521.0,635.0,,7605.0,589,394.0,2,DISTRICT33,CAPSULE,7605.0
RDT,2025-05-01,HEALTH CENTER,27.0,0.0,39.0,237.0,,7.0,-115,21.0,25,DISTRICT23,PIECE,7.0
ITN,2025-11-01,HEALTH CENTER,1027.0,15.0,51.0,128.0,,23.0,-9,3.0,50,DISTRICT3,PIECE,23.0
SP,2025-05-01,HEALTH CENTER,5.0,0.0,3.0,4.0,,1.0,553,0.0,1000,DISTRICT26,TABLET,1.0
ART-INJ,2024-05-01,HEALTH CENTER,1258.0,832.0,685.0,1675.0,,1.0,-230,601.0,5,DISTRICT1,VIAL,1.0
SP,2024-11-01,HEALTH CENTER,17.0,0.0,17.0,4.0,,10.0,-443,17.0,1000,DISTRICT26,TABLET,10.0
ITN,2024-02-01,HEALTH CENTER,5248.0,338.0,1301.0,5377.0,,2259.0,-723,1167.0,50,DISTRICT29,PIECE,2259.0
QUIN,2024-02-01,HEALTH CENTER,898.0,0.0,170.0,814.0,112.0,0.0,-134,178.0,1000,DISTRICT4,TABLET,-112.0
ACT-GC,2025-08-01,HEALTH CENTER,1360.0,11.0,311.0,670.0,,270.0,2,315.0,30,DISTRICT3,BLISTER,270.0
ART-INJ,2024-11-01,HEALTH CENTER,579.0,158.0,215.0,229.0,,1601.0,73,205.0,5,DISTRICT35,VIAL,1601.0
ACT-INF,2025-11-01,HEALTH CENTER,428.0,0.0,23.0,108.0,,2.0,706,7.0,30,DISTRICT19,BLISTER,2.0
ART-INJ,2024-11-01,HEALTH CENTER,411.0,157.0,260.0,463.0,,0.0,-449,106.0,5,DISTRICT4,VIAL,0.0
ART-SUP,2025-08-01,HEALTH CENTER,2030.0,740.0,534.0,2301.0,,1488.0,-839,600.0,2,DISTRICT14,CAPSULE,1488.0
ACT-INF,2024-11-01,HEALTH CENTER,656.0,183.0,204.0,1086.0,,178.0,-260,221.0,30,DISTRICT23,BLISTER,178.0
ART-SUP,2024-08-01,HEALTH CENTER,359.0,127.0,50.0,549.0,,14.0,-552,26.0,2,DISTRICT35,CAPSULE,14.0
ACT-GC,2024-11-01,HEALTH CENTER,4455.0,0.0,1126.0,3165.0,,4129.0,32,1544.0,30,DISTRICT23,BLISTER,4129.0
SP,2024-11-01,HEALTH CENTER,473.0,594.0,547.0,513.0,,58.0,127,408.0,1000,DISTRICT6,TABLET,58.0
ART-INJ,2025-05-01,HEALTH CENTER,883.0,0.0,115.0,85.0,,672.0,308,82.0,5,DISTRICT10,VIAL,672.0
PYRA-SAC,2024-11-01,HEALTH CENTER,1022.0,345.0,1002.0,1483.0,,405.0,57,1239.0,1,DISTRICT24,SACHET,405.0
ACT-SC,2025-05-01,HEALTH CENTER,1522.0,0.0,158.0,484.0,,3343.0,-44,141.0,30,DISTRICT24,BLISTER,3343.0
PYRA-COMP,2024-02-01,HEALTH CENTER,1921.0,762.0,463.0,1046.0,,1560.0,-364,290.0,1,DISTRICT20,TABLET,1560.0
ACT-INF,2024-02-01,HEALTH CENTER,3212.0,0.0,254.0,530.0,1005.0,988.0,-266,56.0,30,DISTRICT33,BLISTER,-17.0
ART-INJ,2024-08-01,HEALTH CENTER,2627.0,0.0,1061.0,1655.0,,2192.0,-490,689.0,5,DISTRICT36,VIAL,2192.0
QUIN,2025-08-01,HEALTH CENTER,135.0,4.0,126.0,147.0,,6.0,407,34.0,1000,DISTRICT5,TABLET,6.0
PYRA-SAC,2025-02-01,HEALTH CENTER,267.0,592.0,32.0,536.0,429.0,0.0,-27,23.0,1,DISTRICT10,SACHET,-429.0
RDT,2024-05-01,HEALTH CENTER,742.0,30.0,60.0,1426.0,,66.0,401,103.0,25,DISTRICT32,PIECE,66.0
ACT-GC,2025-05-01,HEALTH CENTER,604.0,0.0,38.0,1764.0,,0.0,-392,9.0,30,DISTRICT30,BLISTER,0.0
ACT-INF,2024-02-01,HEALTH CENTER,891.0,438.0,522.0,312.0,832.0,0.0,-546,122.0,30,DISTRICT31,BLISTER,-832.0
QUIN,2024-08-01,HEALTH CENTER,10.0,1.0,1.0,4.0,,0.0,-498,0.0,1000,DISTRICT35,TABLET,0.0
PYRA-SAC,2025-05-01,HEALTH CENTER,3075.0,8.0,887.0,1855.0,,3071.0,-28,341.0,1,DISTRICT35,SACHET,3071.0
ITN,2025-11-01,HEALTH CENTER,2939.0,278.0,559.0,2366.0,,0.0,-103,355.0,50,DISTRICT25,PIECE,0.0
PYRA-COMP,2024-08-01,HEALTH CENTER,84.0,5.0,59.0,22.0,,4.0,59,38.0,1,DISTRICT17,TABLET,4.0
QUIN,2025-05-01,HEALTH CENTER,1555.0,0.0,248.0,1634.0,,0.0,314,318.0,1000,DISTRICT31,TABLET,0.0
RDT,2024-02-01,HEALTH CENTER,7045.0,0.0,1895.0,6289.0,,8863.0,377,1299.0,25,DISTRICT23,PIECE,8863.0
ACT-GC,2025-11-01,HEALTH CENTER,969.0,0.0,104.0,680.0,201.0,3.0,-252,170.0,30,DISTRICT25,BLISTER,-198.0
ART-SUP,2024-02-01,HEALTH CENTER,515.0,448.0,61.0,1744.0,2901.0,273.0,-41,31.0,2,DISTRICT36,CAPSULE,-2628.0
ART-SUP,2024-02-01,HEALTH CENTER,536.0,3.0,461.0,771.0,1365.0,149.0,-70,474.0,2,DISTRICT30,CAPSULE,-1216.0
SP,2024-05-01,HEALTH CENTER,1393.0,145.0,225.0,882.0,534.0,0.0,422,134.0,1000,DISTRICT23,TABLET,-534.0
ITN,2025-11-01,HEALTH CENTER,3593.0,1057.0,354.0,916.0,,2.0,-1103,107.0,50,DISTRICT19,PIECE,2.0
ACT-GC,2024-02-01,HEALTH CENTER,2583.0,423.0,273.0,3226.0,,246.0,-224,393.0,30,DISTRICT29,BLISTER,246.0
PYRA-COMP,2025-11-01,HEALTH CENTER,515.0,241.0,232.0,1190.0,,0.0,-162,299.0,1,DISTRICT19,TABLET,0.0
ITN,2025-05-01,HEALTH CENTER,35.0,29.0,0.0,21.0,230.0,0.0,-348,0.0,50,DISTRICT30,PIECE,-230.0
ART-INJ,2025-02-01,HEALTH CENTER,92.0,1030.0,296.0,2331.0,,12.0,-25,331.0,5,DISTRICT31,VIAL,12.0
RDT,2024-08-01,HEALTH CENTER,328.0,12.0,48.0,61.0,,488.0,-67,15.0,25,DISTRICT33,PIECE,488.0
ACT-INF,2024-08-01,HEALTH CENTER,2258.0,29.0,331.0,2710.0,,2.0,-178,231.0,30,DISTRICT14,BLISTER,2.0
PYRA-SAC,2025-05-01,HEALTH CENTER,4.0,50.0,4.0,39.0,,0.0,376,0.0,1,DISTRICT21,SACHET,0.0
PYRA-SAC,2025-08-01,HEALTH CENTER,894.0,1352.0,203.0,1914.0,,0.0,156,95.0,1,DISTRICT31,SACHET,0.0
ACT-GC,2024-05-01,HEALTH CENTER,218.0,0.0,26.0,121.0,341.0,0.0,153,14.0,30,DISTRICT33,BLISTER,-341.0
PYRA-SAC,2025-02-01,HEALTH CENTER,157.0,26.0,45.0,43.0,,32.0,405,36.0,1,DISTRICT29,SACHET,32.0
PYRA-SAC,2025-11-01,HEALTH CENTER,727.0,680.0,565.0,790.0,,4102.0,-183,212.0,1,DISTRICT9,SACHET,4102.0
ACT-INF,2024-02-01,HEALTH CENTER,5232.0,158.0,958.0,3011.0,,423.0,-737,702.0,30,DISTRICT33,BLISTER,423.0
ACT-INF,2025-02-01,HEALTH CENTER,489.0,7.0,147.0,70.0,166.0,1698.0,-642,49.0,30,DISTRICT33,BLISTER,1532.0
ART-SUP,2024-05-01,HEALTH CENTER,70.0,0.0,32.0,101.0,,0.0,932,14.0,2,DISTRICT4,CAPSULE,0.0
PYRA-SAC,2025-11-01,HEALTH CENTER,626.0,450.0,187.0,294.0,,68.0,154,195.0,1,DISTRICT33,SACHET,68.0
ACT-INF,2025-11-01,HEALTH CENTER,1428.0,0.0,393.0,190.0,,1438.0,633,207.0,30,DISTRICT12,BLISTER,1438.0
ART-INJ,2024-05-01,HEALTH CENTER,1027.0,556.0,58.0,690.0,,18.0,462,54.0,5,DISTRICT17,VIAL,18.0
RDT,2024-05-01,HEALTH CENTER,522.0,250.0,315.0,468.0,1560.0,164.0,-206,248.0,25,DISTRICT19,PIECE,-1396.0
ACT-SC,2024-05-01,HEALTH CENTER,347.0,11.0,10.0,309.0,151.0,0.0,-286,2.0,30,DISTRICT20,BLISTER,-151.0
ART-SUP,2024-02-01,HEALTH CENTER,273.0,88.0,222.0,283.0,,786.0,-110,124.0,2,DISTRICT19,CAPSULE,786.0
ACT-SC,2024-11-01,HEALTH CENTER,1671.0,46.0,606.0,401.0,,416.0,193,1129.0,30,DISTRICT24,BLISTER,416.0
ART-INJ,2024-08-01,HEALTH CENTER,56.0,0.0,51.0,49.0,509.0,2.0,-70,17.0,5,DISTRICT25,VIAL,-507.0
PYRA-SAC,2025-02-01,HEALTH CENTER,350.0,0.0,60.0,404.0,,0.0,76,7.0,1,DISTRICT23,SACHET,0.0
ACT-SC,2024-08-01,HEALTH CENTER,1490.0,0.0,248.0,231.0,,170.0,249,218.0,30,DISTRICT29,BLISTER,170.0
ART-INJ,2024-11-01,HEALTH CENTER,2450.0,13.0,420.0,2025.0,125.0,0.0,486,89.0,5,DISTRICT5,VIAL,-125.0
PYRA-SAC,2024-08-01,HEALTH CENTER,573.0,872.0,265.0,562.0,,4216.0,-462,503.0,1,DISTRICT36,SACHET,4216.0
ACT-GC,2025-02-01,HEALTH CENTER,322.0,239.0,87.0,1129.0,,0.0,-24,60.0,30,DISTRICT9,BLISTER,0.0
ART-SUP,2025-08-01,HEALTH CENTER,4.0,0.0,3.0,3.0,,140.0,-360,1.0,2,DISTRICT3,CAPSULE,140.0
ART-INJ,2025-02-01,HEALTH CENTER,181.0,53.0,121.0,76.0,,1531.0,-621,114.0,5,DISTRICT25,VIAL,1531.0
ART-INJ,2024-08-01,HEALTH CENTER,1040.0,1.0,142.0,1280.0,406.0,44.0,27,301.0,5,DISTRICT15,VIAL,-362.0
ACT-SC,2024-11-01,HEALTH CENTER,988.0,0.0,146.0,326.0,,0.0,124,69.0,30,DISTRICT31,BLISTER,0.0
ITN,2024-02-01,HEALTH CENTER,787.0,0.0,418.0,855.0,599.0,980.0,466,383.0,50,DISTRICT20,PIECE,381.0
PYRA-SAC,2024-08-01,HEALTH CENTER,69.0,39.0,62.0,18.0,,65.0,97,8.0,1,DISTRICT16,SACHET,65.0
ART-INJ,2024-08-01,HEALTH CENTER,2066.0,18.0,400.0,2187.0,573.0,517.0,541,475.0,5,DISTRICT13,VIAL,-56.0
SP,2024-08-01,HEALTH CENTER,1334.0,112.0,130.0,850.0,,0.0,747,142.0,1000,DISTRICT13,TABLET,0.0
PYRA-SAC,2025-08-01,HEALTH CENTER,68.0,22.0,105.0,68.0,,73.0,362,6.0,1,DISTRICT37,SACHET,73.0
PYRA-SAC,2025-08-01,HEALTH CENTER,70.0,1.0,102.0,3.0,,2610.0,34,39.0,1,DISTRICT25,SACHET,2610.0
ART-INJ,2024-02-01,HEALTH CENTER,142.0,1.0,16.0,15.0,,604.0,73,15.0,5,DISTRICT23,VIAL,604.0
SP,2025-05-01,REGIONAL HOSPITAL,337.0,1.0,483.0,126.0,824.0,4161.0,-960,549.0,1000,DISTRICT15,TABLET,3337.0
ACT-GC,2025-02-01,HEALTH CENTER,2110.0,4.0,852.0,1633.0,,10948.0,-101,1235.0,30,DISTRICT36,BLISTER,10948.0
ART-INJ,2024-08-01,HEALTH CENTER,634.0,131.0,301.0,1371.0,,3.0,88,310.0,5,DISTRICT25,VIAL,3.0
ITN,2025-02-01,HEALTH CENTER,894.0,23.0,215.0,774.0,,2511.0,-677,315.0,50,DISTRICT28,PIECE,2511.0
ART-SUP,2024-08-01,HEALTH CENTER,165.0,0.0,71.0,4.0,,246.0,-589,112.0,2,DISTRICT32,CAPSULE,246.0
ACT-GC,2025-05-01,HEALTH CENTER,265.0,10.0,26.0,83.0,,0.0,-333,30.0,30,DISTRICT23,BLISTER,0.0
ACT-AD,2024-11-01,HEALTH CENTER,52.0,364.0,71.0,91.0,,284.0,-75,179.0,30,DISTRICT31,BLISTER,284.0
ACT-GC,2025-02-01,HEALTH CENTER,550.0,70.0,9.0,167.0,152.0,0.0,282,1.0,30,DISTRICT11,BLISTER,-152.0
ACT-SC,2024-11-01,HEALTH CENTER,458.0,13.0,458.0,796.0,,1366.0,-10,478.0,30,DISTRICT32,BLISTER,1366.0
ACT-INF,2024-05-01,HEALTH CENTER,898.0,112.0,527.0,732.0,,3376.0,499,252.0,30,DISTRICT11,BLISTER,3376.0
ACT-AD,2025-02-01,HEALTH CENTER,358.0,5.0,8.0,456.0,,0.0,991,1.0,30,DISTRICT28,BLISTER,0.0
QUIN,2024-02-01,HEALTH CENTER,2144.0,0.0,415.0,1823.0,,230.0,27,1029.0,1000,DISTRICT20,TABLET,230.0
QUIN,2024-02-01,HEALTH CENTER,563.0,21.0,217.0,1369.0,258.0,1015.0,-57,244.0,1000,DISTRICT9,TABLET,757.0
ACT-GC,2025-08-01,HEALTH CENTER,2117.0,679.0,242.0,2847.0,,0.0,-110,258.0,30,DISTRICT31,BLISTER,0.0
QUIN,2025-08-01,HEALTH CENTER,48.0,377.0,251.0,835.0,,674.0,-149,442.0,1000,DISTRICT4,TABLET,674.0
ACT-SC,2024-11-01,HEALTH CENTER,1536.0,0.0,231.0,430.0,,3.0,-91,85.0,30,DISTRICT10,BLISTER,3.0
RDT,2024-05-01,HEALTH CENTER,181.0,0.0,45.0,57.0,,79.0,-14,27.0,25,DISTRICT38,PIECE,79.0
SP,2025-08-01,HEALTH CENTER,1673.0,213.0,219.0,2366.0,,8.0,-489,190.0,1000,DISTRICT12,TABLET,8.0
PYRA-SAC,2024-08-01,HEALTH CENTER,160.0,16.0,154.0,119.0,,125.0,744,23.0,1,DISTRICT25,SACHET,125.0
PYRA-COMP,2024-08-01,HEALTH CENTER,42.0,10.0,38.0,282.0,,8.0,714,2.0,1,DISTRICT13,TABLET,8.0
RDT,2024-05-01,REGIONAL HOSPITAL,171.0,149.0,171.0,277.0,,7165.0,-163,200.0,25,DISTRICT37,PIECE,7165.0
PYRA-COMP,2024-05-01,HEALTH CENTER,102.0,475.0,169.0,280.0,293.0,26.0,-131,201.0,1,DISTRICT25,TABLET,-267.0
ART-INJ,2025-11-01,HEALTH CENTER,1107.0,238.0,170.0,1329.0,,154.0,-202,127.0,5,DISTRICT12,VIAL,154.0
ACT-GC,2024-11-01,HEALTH CENTER,184.0,0.0,53.0,104.0,,170.0,-492,27.0,30,DISTRICT25,BLISTER,170.0
SP,2024-08-01,HEALTH CENTER,5359.0,62.0,605.0,2096.0,,968.0,-606,324.0,1000,DISTRICT2,TABLET,968.0
ART-INJ,2024-11-01,HEALTH CENTER,385.0,462.0,351.0,507.0,,1434.0,-291,714.0,5,DISTRICT32,VIAL,1434.0
ACT-GC,2024-08-01,HEALTH CENTER,1319.0,14.0,292.0,1285.0,1050.0,1.0,867,313.0,30,DISTRICT31,BLISTER,-1049.0
PYRA-SAC,2024-05-01,HEALTH CENTER,967.0,2.0,468.0,848.0,,213.0,-620,121.0,1,DISTRICT13,SACHET,213.0
ACT-AD,2025-05-01,HEALTH CENTER,174.0,140.0,162.0,31.0,,3667.0,-284,83.0,30,DISTRICT27,BLISTER,3667.0
ACT-SC,2025-11-01,HEALTH CENTER,25.0,25.0,43.0,58.0,,120.0,385,26.0,30,DISTRICT30,BLISTER,120.0
QUIN,2025-08-01,HEALTH CENTER,876.0,642.0,430.0,1276.0,,195.0,662,555.0,1000,DISTRICT16,TABLET,195.0
ACT-GC,2024-08-01,HEALTH CENTER,228.0,0.0,504.0,57.0,,202.0,373,177.0,30,DISTRICT32,BLISTER,202.0
ACT-INF,2025-02-01,HEALTH CENTER,17.0,0.0,34.0,2.0,,3430.0,-370,37.0,30,DISTRICT7,BLISTER,3430.0
ACT-GC,2024-11-01,HEALTH CENTER,752.0,52.0,123.0,1401.0,,0.0,-363,126.0,30,DISTRICT32,BLISTER,0.0
ITN,2025-08-01,HEALTH CENTER,1781.0,69.0,1348.0,2478.0,,779.0,-813,1615.0,50,DISTRICT3,PIECE,779.0
ART-INJ,2025-08-01,HEALTH CENTER,393.0,55.0,114.0,406.0,,557.0,119,345.0,5,DISTRICT38,VIAL,557.0
QUIN,2025-05-01,HEALTH CENTER,732.0,1.0,257.0,630.0,1647.0,32.0,-170,86.0,1000,DISTRICT20,TABLET,-1615.0
ITN,2025-05-01,HEALTH CENTER,141.0,19.0,171.0,348.0,,477.0,213,102.0,50,DISTRICT26,PIECE,477.0
ACT-AD,2024-11-01,HEALTH CENTER,136.0,647.0,207.0,161.0,,3244.0,-364,50.0,30,DISTRICT23,BLISTER,3244.0
PYRA-COMP,2025-05-01,HEALTH CENTER,60.0,0.0,117.0,170.0,,77.0,506,197.0,1,DISTRICT10,TABLET,77.0
ACT-INF,2025-05-01,HEALTH CENTER,589.0,88.0,281.0,422.0,,4.0,-272,257.0,30,DISTRICT14,BLISTER,4.0
ACT-GC,2025-08-01,DISTRICT HOSPITAL,146.0,1.0,4.0,13.0,,0.0,493,1.0,30,DISTRICT31,BLISTER,0.0
ACT-INF,2024-05-01,HEALTH CENTER,457.0,30.0,75.0,375.0,,62.0,-163,20.0,30,DISTRICT37,BLISTER,62.0
ITN,2024-02-01,HEALTH CENTER,3859.0,100.0,231.0,2478.0,,0.0,-589,211.0,50,DISTRICT25,PIECE,0.0
ART-INJ,2025-02-01,HEALTH CENTER,5520.0,391.0,1820.0,5456.0,2235.0,8136.0,326,2231.0,5,DISTRICT30,VIAL,5901.0
ACT-SC,2025-11-01,NATIONAL HOSPITAL,603.0,0.0,116.0,285.0,701.0,2034.0,-320,115.0,30,DISTRICT29,BLISTER,1333.0
PYRA-SAC,2024-08-01,HEALTH CENTER,191.0,12.0,130.0,66.0,,2048.0,776,142.0,1,DISTRICT12,SACHET,2048.0
ART-INJ,2025-02-01,HEALTH CENTER,1561.0,117.0,33.0,1785.0,283.0,10.0,322,3.0,5,DISTRICT31,VIAL,-273.0
RDT,2024-05-01,HEALTH CENTER,160.0,0.0,14.0,60.0,242.0,0.0,-186,2.0,25,DISTRICT23,PIECE,-242.0
PYRA-COMP,2024-08-01,HEALTH CENTER,935.0,33.0,120.0,248.0,497.0,0.0,85,30.0,1,DISTRICT10,TABLET,-497.0
ITN,2025-05-01,HEALTH CENTER,15.0,1.0,131.0,533.0,,4.0,98,71.0,50,DISTRICT29,PIECE,4.0
ART-SUP,2025-02-01,HEALTH CENTER,795.0,34.0,107.0,1193.0,,69.0,-173,16.0,2,DISTRICT24,CAPSULE,69.0
ACT-INF,2024-08-01,DISTRICT HOSPITAL,1374.0,2.0,438.0,911.0,,26.0,298,196.0,30,DISTRICT16,BLISTER,26.0
PYRA-SAC,2025-11-01,HEALTH CENTER,919.0,2.0,122.0,242.0,25.0,0.0,88,37.0,1,DISTRICT21,SACHET,-25.0
ACT-SC,2025-11-01,HEALTH CENTER,195.0,0.0,14.0,51.0,,0.0,353,10.0,30,DISTRICT16,BLISTER,0.0
ART-INJ,2024-05-01,HEALTH CENTER,65.0,3.0,4.0,61.0,,1401.0,-477,7.0,5,DISTRICT38,VIAL,1401.0
ACT-AD,2024-02-01,HEALTH CENTER,247.0,9.0,27.0,62.0,,20.0,-404,48.0,30,DISTRICT1,BLISTER,20.0
ART-INJ,2025-02-01,HEALTH CENTER,2298.0,246.0,472.0,1074.0,,741.0,-163,281.0,5,DISTRICT32,VIAL,741.0
QUIN,2024-11-01,HEALTH CENTER,148.0,5.0,208.0,171.0,,0.0,-334,59.0,1000,DISTRICT13,TABLET,0.0
ITN,2024-11-01,HEALTH CENTER,5901.0,21.0,169.0,4323.0,1563.0,0.0,303,117.0,50,DISTRICT33,PIECE,-1563.0
ITN,2024-08-01,HEALTH CENTER,7.0,106.0,10.0,27.0,511.0,0.0,-308,1.0,50,DISTRICT13,PIECE,-511.0
PYRA-SAC,2025-02-01,DISTRICT HOSPITAL,3879.0,56.0,726.0,2627.0,2040.0,2293.0,414,654.0,1,DISTRICT24,SACHET,253.0
ART-INJ,2025-02-01,HEALTH CENTER,2895.0,11.0,437.0,1364.0,553.0,68.0,-247,211.0,5,DISTRICT10,VIAL,-485.0
ACT-AD,2024-05-01,DISTRICT HOSPITAL,761.0,716.0,265.0,1309.0,928.0,1.0,693,152.0,30,DISTRICT33,BLISTER,-927.0
ART-INJ,2025-02-01,HEALTH CENTER,514.0,107.0,83.0,977.0,,1152.0,784,67.0,5,DISTRICT26,VIAL,1152.0
ACT-INF,2024-08-01,DISTRICT HOSPITAL,1392.0,0.0,154.0,2266.0,,38.0,-510,73.0,30,DISTRICT19,BLISTER,38.0
PYRA-COMP,2025-05-01,HEALTH CENTER,2552.0,1396.0,418.0,1596.0,,124.0,45,312.0,1,DISTRICT1,TABLET,124.0
RDT,2025-08-01,HEALTH CENTER,552.0,0.0,132.0,78.0,,315.0,-80,152.0,25,DISTRICT7,PIECE,315.0
RDT,2024-02-01,HEALTH CENTER,722.0,1246.0,259.0,2403.0,,14.0,8,60.0,25,DISTRICT9,PIECE,14.0
RDT,2024-05-01,HEALTH CENTER,1229.0,0.0,386.0,713.0,,12.0,5,107.0,25,DISTRICT31,PIECE,12.0
ACT-SC,2024-02-01,REGIONAL HOSPITAL,832.0,0.0,34.0,356.0,,0.0,-440,16.0,30,DISTRICT13,BLISTER,0.0
ART-INJ,2025-08-01,HEALTH CENTER,1450.0,1824.0,752.0,2425.0,,196.0,35,1238.0,5,DISTRICT9,VIAL,196.0
ACT-AD,2024-05-01,HEALTH CENTER,180.0,53.0,74.0,181.0,1269.0,1703.0,-229,45.0,30,DISTRICT29,BLISTER,434.0
RDT,2024-11-01,HEALTH CENTER,237.0,304.0,513.0,320.0,,2158.0,-403,336.0,25,DISTRICT13,PIECE,2158.0
ACT-AD,2024-05-01,HEALTH CENTER,1178.0,507.0,424.0,5147.0,,14.0,-612,296.0,30,DISTRICT4,BLISTER,14.0
PYRA-COMP,2025-08-01,HEALTH CENTER,291.0,143.0,221.0,2866.0,,14766.0,-1145,398.0,1,DISTRICT32,TABLET,14766.0
PYRA-SAC,2025-08-01,HEALTH CENTER,1451.0,252.0,597.0,1342.0,,22.0,-601,116.0,1,DISTRICT25,SACHET,22.0
QUIN,2024-02-01,HEALTH CENTER,1616.0,1239.0,198.0,893.0,,70.0,-428,162.0,1000,DISTRICT31,TABLET,70.0
ACT-AD,2025-08-01,HEALTH CENTER,781.0,1.0,280.0,892.0,,0.0,-164,248.0,30,DISTRICT29,BLISTER,0.0
QUIN,2024-02-01,HEALTH CENTER,358.0,569.0,493.0,908.0,,80.0,269,294.0,1000,DISTRICT26,TABLET,80.0
QUIN,2024-05-01,HEALTH CENTER,1397.0,11.0,812.0,1151.0,,3.0,27,522.0,1000,DISTRICT20,TABLET,3.0
ITN,2024-08-01,HEALTH CENTER,119.0,570.0,44.0,42.0,873.0,0.0,-165,48.0,50,DISTRICT3,PIECE,-873.0
ACT-AD,2024-05-01,HEALTH CENTER,960.0,0.0,74.0,826.0,,0.0,-52,14.0,30,DISTRICT26,BLISTER,0.0
ART-SUP,2025-05-01,HEALTH CENTER,833.0,492.0,234.0,1342.0,,90.0,-327,174.0,2,DISTRICT20,CAPSULE,90.0
SP,2025-11-01,HEALTH CENTER,925.0,362.0,155.0,599.0,893.0,41.0,262,74.0,1000,DISTRICT9,TABLET,-852.0
RDT,2024-05-01,DISTRICT HOSPITAL,7.0,0.0,20.0,2.0,,809.0,389,3.0,25,DISTRICT29,PIECE,809.0
ACT-AD,2024-08-01,HEALTH CENTER,229.0,110.0,239.0,260.0,,1029.0,-149,113.0,30,DISTRICT14,BLISTER,1029.0
PYRA-SAC,2024-11-01,HEALTH CENTER,2622.0,68.0,338.0,601.0,643.0,17.0,-226,615.0,1,DISTRICT15,SACHET,-626.0
ACT-INF,2024-02-01,HEALTH CENTER,8.0,4.0,6.0,103.0,826.0,74.0,217,0.0,30,DISTRICT36,BLISTER,-752.0
ART-INJ,2025-02-01,HEALTH CENTER,4660.0,334.0,569.0,2945.0,,362.0,-516,525.0,5,DISTRICT29,VIAL,362.0
ITN,2024-02-01,HEALTH CENTER,2302.0,110.0,539.0,1506.0,,120.0,-82,685.0,50,DISTRICT19,PIECE,120.0
ACT-SC,2025-05-01,HEALTH CENTER,3252.0,2.0,374.0,1781.0,,0.0,-55,152.0,30,DISTRICT12,BLISTER,0.0
PYRA-COMP,2024-05-01,HEALTH CENTER,19998.0,113.0,4337.0,15912.0,,4292.0,-429,4224.0,1,DISTRICT1,TABLET,4292.0
ITN,2024-08-01,HEALTH CENTER,1301.0,3504.0,831.0,4609.0,,5.0,242,870.0,50,DISTRICT5,PIECE,5.0
ART-INJ,2025-08-01,HEALTH CENTER,3003.0,901.0,1020.0,4292.0,456.0,0.0,-353,485.0,5,DISTRICT3,VIAL,-456.0
ACT-GC,2024-11-01,HEALTH CENTER,6918.0,3.0,1014.0,3221.0,608.0,3690.0,-366,889.0,30,DISTRICT27,BLISTER,3082.0
QUIN,2024-05-01,HEALTH CENTER,115.0,0.0,67.0,362.0,1916.0,28.0,13,39.0,1000,DISTRICT26,TABLET,-1888.0
ART-SUP,2025-02-01,HEALTH CENTER,543.0,444.0,809.0,1642.0,,412.0,-304,693.0,2,DISTRICT26,CAPSULE,412.0
ART-SUP,2025-08-01,HEALTH CENTER,34.0,297.0,15.0,54.0,923.0,60.0,-958,65.0,2,DISTRICT31,CAPSULE,-863.0
SP,2024-02-01,REGIONAL HOSPITAL,3310.0,21.0,210.0,1526.0,,12.0,-242,116.0,1000,DISTRICT14,TABLET,12.0
ART-INJ,2024-11-01,HEALTH CENTER,967.0,0.0,111.0,283.0,474.0,1400.0,-121,93.0,5,DISTRICT20,VIAL,926.0
QUIN,2025-08-01,HEALTH CENTER,4759.0,1599.0,1561.0,9511.0,1050.0,2271.0,260,1298.0,1000,DISTRICT15,TABLET,1221.0
ACT-AD,2024-11-01,HEALTH CENTER,1943.0,205.0,156.0,703.0,,0.0,-354,84.0,30,DISTRICT17,BLISTER,0.0
ACT-SC,2025-08-01,DISTRICT HOSPITAL,1513.0,11.0,168.0,686.0,,0.0,-57,109.0,30,DISTRICT32,BLISTER,0.0
ART-SUP,2025-08-01,HEALTH CENTER,2595.0,7.0,821.0,2403.0,1368.0,6385.0,443,1280.0,2,DISTRICT1,CAPSULE,5017.0
ART-INJ,2025-11-01,HEALTH CENTER,6.0,0.0,3.0,11.0,,0.0,-484,10.0,5,DISTRICT28,VIAL,0.0
ACT-GC,2024-08-01,HEALTH CENTER,59.0,126.0,91.0,673.0,,47.0,282,15.0,30,DISTRICT27,BLISTER,47.0
ART-INJ,2025-11-01,HEALTH CENTER,2171.0,100.0,579.0,3135.0,707.0,0.0,30,571.0,5,DISTRICT10,VIAL,-707.0
ACT-GC,2025-05-01,HEALTH CENTER,2424.0,452.0,661.0,3679.0,,2.0,144,329.0,30,DISTRICT11,BLISTER,2.0
ART-INJ,2024-05-01,HEALTH CENTER,870.0,0.0,51.0,506.0,,295.0,-531,12.0,5,DISTRICT23,VIAL,295.0
ACT-INF,2025-02-01,HEALTH CENTER,211.0,0.0,148.0,637.0,,0.0,139,42.0,30,DISTRICT13,BLISTER,0.0
ITN,2024-05-01,HEALTH CENTER,20.0,1398.0,152.0,199.0,,1.0,-115,15.0,50,DISTRICT25,PIECE,1.0
ACT-INF,2024-11-01,HEALTH CENTER,540.0,0.0,41.0,175.0,,216.0,-694,56.0,30,DISTRICT18,BLISTER,216.0
ACT-SC,2024-11-01,HEALTH CENTER,65.0,27.0,87.0,325.0,839.0,1138.0,170,54.0,30,DISTRICT36,BLISTER,299.0
ART-INJ,2024-02-01,HEALTH CENTER,415.0,0.0,5.0,124.0,799.0,3.0,-116,0.0,5,DISTRICT3,VIAL,-796.0
ACT-SC,2025-05-01,HEALTH CENTER,489.0,0.0,170.0,762.0,196.0,265.0,322,310.0,30,DISTRICT24,BLISTER,69.0
PYRA-SAC,2025-02-01,HEALTH CENTER,4770.0,20.0,606.0,1789.0,,0.0,409,366.0,1,DISTRICT16,SACHET,0.0
RDT,2024-05-01,HEALTH CENTER,146.0,0.0,89.0,39.0,609.0,5064.0,65,86.0,25,DISTRICT29,PIECE,4455.0
ACT-GC,2024-08-01,HEALTH CENTER,271.0,21.0,107.0,221.0,,8.0,-398,65.0,30,DISTRICT6,BLISTER,8.0
RDT,2024-08-01,HEALTH CENTER,3279.0,0.0,653.0,1718.0,553.0,932.0,427,282.0,25,DISTRICT32,PIECE,379.0
ACT-SC,2024-05-01,HEALTH CENTER,1309.0,3.0,659.0,1245.0,,1389.0,-584,651.0,30,DISTRICT14,BLISTER,1389.0
ART-SUP,2024-11-01,HEALTH CENTER,1398.0,38.0,746.0,735.0,,3211.0,-677,632.0,2,DISTRICT13,CAPSULE,3211.0
ART-INJ,2024-11-01,HEALTH CENTER,862.0,1.0,26.0,278.0,,40.0,-213,41.0,5,DISTRICT25,VIAL,40.0
SP,2025-08-01,HEALTH CENTER,958.0,259.0,637.0,1292.0,,7.0,-103,445.0,1000,DISTRICT36,TABLET,7.0
ITN,2025-02-01,HEALTH CENTER,828.0,36.0,232.0,706.0,,10862.0,539,108.0,50,DISTRICT1,PIECE,10862.0
ITN,2025-02-01,HEALTH CENTER,351.0,5.0,71.0,109.0,,25.0,-914,207.0,50,DISTRICT38,PIECE,25.0
ART-INJ,2024-05-01,HEALTH CENTER,279.0,0.0,145.0,58.0,,0.0,99,173.0,5,DISTRICT20,VIAL,0.0
ART-SUP,2025-05-01,HEALTH CENTER,946.0,10.0,142.0,412.0,,0.0,-406,139.0,2,DISTRICT23,CAPSULE,0.0
PYRA-SAC,2024-08-01,HEALTH CENTER,30.0,71.0,88.0,5.0,725.0,40.0,-672,65.0,1,DISTRICT33,SACHET,-685.0
PYRA-SAC,2024-05-01,HEALTH CENTER,2456.0,72.0,186.0,1947.0,,492.0,-154,325.0,1,DISTRICT19,SACHET,492.0
ACT-INF,2024-05-01,HEALTH CENTER,742.0,0.0,74.0,354.0,,1.0,426,33.0,30,DISTRICT31,BLISTER,1.0
ACT-SC,2024-02-01,HEALTH CENTER,161.0,94.0,35.0,513.0,,0.0,-530,3.0,30,DISTRICT36,BLISTER,0.0
ITN,2024-08-01,HEALTH CENTER,823.0,494.0,489.0,1791.0,,31.0,-93,261.0,50,DISTRICT31,PIECE,31.0
ACT-AD,2025-11-01,HEALTH CENTER,1802.0,373.0,292.0,1109.0,,112.0,-115,100.0,30,DISTRICT17,BLISTER,112.0
PYRA-SAC,2024-02-01,HEALTH CENTER,1647.0,863.0,919.0,4086.0,854.0,4617.0,283,1043.0,1,DISTRICT9,SACHET,3763.0
ACT-INF,2025-02-01,HEALTH CENTER,583.0,6.0,198.0,1627.0,,0.0,119,59.0,30,DISTRICT11,BLISTER,0.0
ART-SUP,2024-08-01,HEALTH CENTER,898.0,10.0,74.0,1015.0,245.0,57.0,-9,146.0,2,DISTRICT30,CAPSULE,-188.0
QUIN,2025-11-01,HEALTH CENTER,10.0,62.0,19.0,110.0,,0.0,-330,3.0,1000,DISTRICT8,TABLET,0.0
QUIN,2025-05-01,HEALTH CENTER,112.0,3.0,98.0,493.0,,7.0,206,49.0,1000,DISTRICT36,TABLET,7.0
QUIN,2025-08-01,HEALTH CENTER,737.0,16.0,69.0,218.0,,0.0,160,39.0,1000,DISTRICT29,TABLET,0.0
ART-INJ,2025-11-01,HEALTH CENTER,226.0,0.0,129.0,618.0,,0.0,587,29.0,5,DISTRICT19,VIAL,0.0
ART-INJ,2024-08-01,HEALTH CENTER,2448.0,241.0,674.0,2095.0,,258.0,244,351.0,5,DISTRICT23,VIAL,258.0
ACT-SC,2025-02-01,HEALTH CENTER,2911.0,0.0,1988.0,3154.0,,8984.0,-639,1549.0,30,DISTRICT19,BLISTER,8984.0
ACT-SC,2025-05-01,DISTRICT HOSPITAL,397.0,18.0,136.0,330.0,,36.0,443,134.0,30,DISTRICT20,BLISTER,36.0
ART-INJ,2024-05-01,HEALTH CENTER,3990.0,0.0,743.0,2409.0,,8.0,555,521.0,5,DISTRICT28,VIAL,8.0
ITN,2025-11-01,HEALTH CENTER,1141.0,0.0,220.0,1140.0,,205.0,-533,117.0,50,DISTRICT18,PIECE,205.0
PYRA-COMP,2024-05-01,HEALTH CENTER,4548.0,48.0,589.0,4269.0,778.0,163.0,244,1097.0,1,DISTRICT38,TABLET,-615.0
ART-SUP,2025-11-01,HEALTH CENTER,1362.0,0.0,14.0,459.0,,6.0,285,23.0,2,DISTRICT1,CAPSULE,6.0
PYRA-COMP,2025-08-01,HEALTH CENTER,29.0,807.0,264.0,142.0,,3226.0,425,269.0,1,DISTRICT5,TABLET,3226.0
ACT-AD,2024-08-01,HEALTH CENTER,84.0,0.0,3.0,36.0,,12.0,310,0.0,30,DISTRICT23,BLISTER,12.0
ACT-SC,2025-11-01,HEALTH CENTER,158.0,0.0,6.0,82.0,,0.0,622,1.0,30,DISTRICT32,BLISTER,0.0
RDT,2024-08-01,HEALTH CENTER,3225.0,23.0,639.0,3546.0,574.0,393.0,-473,593.0,25,DISTRICT25,PIECE,-181.0
ART-SUP,2024-08-01,HEALTH CENTER,693.0,0.0,67.0,132.0,,17.0,-155,5.0,2,DISTRICT31,CAPSULE,17.0
PYRA-SAC,2025-11-01,HEALTH CENTER,985.0,627.0,324.0,1320.0,,615.0,-398,94.0,1,DISTRICT15,SACHET,615.0
QUIN,2025-08-01,NATIONAL HOSPITAL,1333.0,12.0,198.0,177.0,,0.0,-281,99.0,1000,DISTRICT36,TABLET,0.0
PYRA-COMP,2024-11-01,HEALTH CENTER,855.0,1.0,72.0,563.0,,9.0,426,13.0,1,DISTRICT31,TABLET,9.0
RDT,2025-05-01,HEALTH CENTER,277.0,7.0,45.0,361.0,,0.0,-988,8.0,25,DISTRICT5,PIECE,0.0
ITN,2025-05-01,HEALTH CENTER,2309.0,2.0,595.0,469.0,,7826.0,-341,1144.0,50,DISTRICT33,PIECE,7826.0
ACT-AD,2024-02-01,HEALTH CENTER,1460.0,681.0,248.0,676.0,1518.0,997.0,835,505.0,30,DISTRICT8,BLISTER,-521.0
PYRA-SAC,2025-11-01,HEALTH CENTER,3685.0,56.0,219.0,2000.0,,687.0,-345,346.0,1,DISTRICT33,SACHET,687.0
PYRA-COMP,2024-08-01,HEALTH CENTER,1378.0,0.0,237.0,776.0,,83.0,-284,331.0,1,DISTRICT25,TABLET,83.0
ACT-SC,2025-08-01,HEALTH CENTER,863.0,6.0,221.0,63.0,,181.0,406,102.0,30,DISTRICT36,BLISTER,181.0
RDT,2025-02-01,HEALTH CENTER,1123.0,10.0,212.0,969.0,117.0,216.0,432,131.0,25,DISTRICT26,PIECE,99.0
ART-SUP,2024-05-01,HEALTH CENTER,78.0,383.0,118.0,414.0,876.0,7.0,-181,166.0,2,DISTRICT37,CAPSULE,-869.0
ITN,2025-11-01,HEALTH CENTER,301.0,0.0,30.0,451.0,,0.0,290,26.0,50,DISTRICT29,PIECE,0.0
RDT,2024-08-01,HEALTH CENTER,1136.0,265.0,145.0,2365.0,,17.0,468,394.0,25,DISTRICT11,PIECE,17.0
PYRA-COMP,2025-05-01,HEALTH CENTER,4732.0,613.0,1558.0,3330.0,,53.0,334,1502.0,1,DISTRICT29,TABLET,53.0
ART-SUP,2024-11-01,REGIONAL HOSPITAL,1347.0,1009.0,742.0,1069.0,,466.0,-229,641.0,2,DISTRICT36,CAPSULE,466.0
ART-SUP,2024-02-01,HEALTH CENTER,1708.0,10.0,252.0,689.0,457.0,14.0,235,142.0,2,DISTRICT28,CAPSULE,-443.0
ART-INJ,2025-02-01,HEALTH CENTER,23.0,0.0,3.0,3.0,,126.0,1125,1.0,5,DISTRICT9,VIAL,126.0
ACT-SC,2024-11-01,HEALTH CENTER,11.0,9.0,99.0,334.0,,1.0,-532,33.0,30,DISTRICT30,BLISTER,1.0
RDT,2024-05-01,HEALTH CENTER,1831.0,13.0,208.0,1419.0,,0.0,-1246,145.0,25,DISTRICT30,PIECE,0.0
RDT,2024-05-01,DISTRICT HOSPITAL,1082.0,171.0,548.0,1689.0,,214.0,-473,231.0,25,DISTRICT23,PIECE,214.0
ART-SUP,2025-08-01,HEALTH CENTER,1779.0,136.0,453.0,718.0,,1262.0,45,142.0,2,DISTRICT9,CAPSULE,1262.0
ACT-AD,2025-02-01,HEALTH CENTER,58.0,28.0,196.0,283.0,248.0,0.0,583,42.0,30,DISTRICT13,BLISTER,-248.0
ART-INJ,2024-05-01,HEALTH CENTER,1941.0,8.0,335.0,392.0,,6278.0,-201,785.0,5,DISTRICT14,VIAL,6278.0
ACT-GC,2025-11-01,HEALTH CENTER,289.0,11.0,30.0,30.0,,175.0,923,3.0,30,DISTRICT35,BLISTER,175.0
ACT-SC,2025-02-01,DISTRICT HOSPITAL,659.0,28.0,57.0,2426.0,,5.0,488,137.0,30,DISTRICT31,BLISTER,5.0
ART-INJ,2025-05-01,HEALTH CENTER,1124.0,58.0,73.0,373.0,,30.0,218,87.0,5,DISTRICT9,VIAL,30.0
ACT-INF,2025-05-01,HEALTH CENTER,979.0,216.0,272.0,1037.0,,15.0,-370,277.0,30,DISTRICT23,BLISTER,15.0
PYRA-SAC,2025-05-01,HEALTH CENTER,611.0,248.0,340.0,2464.0,,0.0,-870,70.0,1,DISTRICT24,SACHET,0.0
ITN,2025-08-01,HEALTH CENTER,1294.0,313.0,522.0,2037.0,,826.0,-425,673.0,50,DISTRICT15,PIECE,826.0
PYRA-COMP,2024-11-01,HEALTH CENTER,75.0,38.0,130.0,172.0,,3.0,-224,113.0,1,DISTRICT31,TABLET,3.0
ITN,2024-02-01,HEALTH CENTER,1909.0,0.0,269.0,922.0,180.0,10.0,272,201.0,50,DISTRICT7,PIECE,-170.0
ART-INJ,2025-05-01,HEALTH CENTER,425.0,45.0,287.0,675.0,441.0,0.0,-181,140.0,5,DISTRICT5,VIAL,-441.0
QUIN,2025-02-01,HEALTH CENTER,173.0,0.0,243.0,1058.0,1525.0,16.0,225,286.0,1000,DISTRICT22,TABLET,-1509.0
ACT-AD,2025-11-01,HEALTH CENTER,3428.0,970.0,864.0,2762.0,2372.0,973.0,-85,477.0,30,DISTRICT22,BLISTER,-1399.0
SP,2025-05-01,HEALTH CENTER,763.0,9.0,243.0,885.0,745.0,444.0,-191,248.0,1000,DISTRICT12,TABLET,-301.0
ART-INJ,2024-08-01,HEALTH CENTER,3.0,12.0,9.0,66.0,,0.0,-667,9.0,5,DISTRICT29,VIAL,0.0
ACT-GC,2024-02-01,HEALTH CENTER,807.0,21.0,147.0,684.0,514.0,0.0,-581,32.0,30,DISTRICT16,BLISTER,-514.0
SP,2024-05-01,HEALTH CENTER,364.0,66.0,160.0,329.0,,84.0,-355,167.0,1000,DISTRICT9,TABLET,84.0
ITN,2025-08-01,HEALTH CENTER,1898.0,610.0,633.0,740.0,,293.0,894,700.0,50,DISTRICT24,PIECE,293.0
PYRA-COMP,2024-08-01,HEALTH CENTER,252.0,1.0,57.0,226.0,,486.0,-202,2.0,1,DISTRICT29,TABLET,486.0
ACT-SC,2025-02-01,HEALTH CENTER,1932.0,1.0,887.0,4312.0,,802.0,-501,898.0,30,DISTRICT13,BLISTER,802.0
ITN,2025-08-01,HEALTH CENTER,709.0,9.0,202.0,953.0,758.0,316.0,-405,245.0,50,DISTRICT13,PIECE,-442.0
ACT-AD,2025-02-01,HEALTH CENTER,492.0,6.0,26.0,341.0,970.0,1233.0,-259,62.0,30,DISTRICT31,BLISTER,263.0
ART-SUP,2025-02-01,HEALTH CENTER,368.0,0.0,109.0,682.0,842.0,34.0,653,13.0,2,DISTRICT8,CAPSULE,-808.0
QUIN,2025-05-01,HEALTH CENTER,1378.0,24.0,397.0,1862.0,,0.0,-135,351.0,1000,DISTRICT14,TABLET,0.0
ACT-AD,2025-08-01,HEALTH CENTER,142.0,1.0,432.0,80.0,317.0,291.0,616,292.0,30,DISTRICT13,BLISTER,-26.0
ACT-SC,2024-05-01,HEALTH CENTER,1760.0,0.0,146.0,71.0,,34.0,208,86.0,30,DISTRICT16,BLISTER,34.0
ACT-AD,2024-08-01,HEALTH CENTER,74.0,74.0,77.0,855.0,807.0,75.0,-581,37.0,30,DISTRICT36,BLISTER,-732.0
ART-SUP,2025-05-01,DISTRICT HOSPITAL,1138.0,8.0,207.0,638.0,1573.0,33.0,-200,103.0,2,DISTRICT23,CAPSULE,-1540.0
ART-SUP,2025-05-01,DISTRICT HOSPITAL,209.0,0.0,54.0,321.0,740.0,283.0,-321,34.0,2,DISTRICT12,CAPSULE,-457.0
ART-SUP,2024-08-01,HEALTH CENTER,1439.0,32.0,447.0,964.0,,5101.0,197,368.0,2,DISTRICT38,CAPSULE,5101.0
ART-SUP,2024-02-01,HEALTH CENTER,633.0,2.0,149.0,270.0,,0.0,26,61.0,2,DISTRICT38,CAPSULE,0.0
QUIN,2024-08-01,HEALTH CENTER,1223.0,0.0,436.0,431.0,,2078.0,174,382.0,1000,DISTRICT32,TABLET,2078.0
ACT-GC,2024-02-01,HEALTH CENTER,1787.0,0.0,1168.0,576.0,,5227.0,-301,1057.0,30,DISTRICT9,BLISTER,5227.0
QUIN,2025-02-01,DISTRICT HOSPITAL,4848.0,0.0,563.0,3628.0,,0.0,-665,262.0,1000,DISTRICT15,TABLET,0.0
ACT-AD,2025-08-01,HEALTH CENTER,230.0,4.0,21.0,364.0,297.0,361.0,-154,18.0,30,DISTRICT36,BLISTER,64.0
ACT-AD,2025-05-01,HEALTH CENTER,95.0,2.0,8.0,172.0,,1.0,187,2.0,30,DISTRICT29,BLISTER,1.0
ACT-SC,2025-05-01,HEALTH CENTER,382.0,311.0,92.0,466.0,,5.0,-67,36.0,30,DISTRICT33,BLISTER,5.0
RDT,2025-02-01,HEALTH CENTER,2834.0,9.0,477.0,1263.0,,2359.0,206,126.0,25,DISTRICT22,PIECE,2359.0
ACT-AD,2024-05-01,HEALTH CENTER,467.0,4.0,106.0,547.0,,18.0,-402,22.0,30,DISTRICT4,BLISTER,18.0
ACT-GC,2024-02-01,HEALTH CENTER,86.0,2152.0,484.0,931.0,2070.0,5230.0,-34,380.0,30,DISTRICT24,BLISTER,3160.0
ACT-AD,2025-02-01,HEALTH CENTER,809.0,0.0,120.0,616.0,124.0,79.0,117,75.0,30,DISTRICT29,BLISTER,-45.0
ART-INJ,2024-05-01,HEALTH CENTER,472.0,79.0,26.0,1092.0,,0.0,49,9.0,5,DISTRICT29,VIAL,0.0
RDT,2024-11-01,HEALTH CENTER,1914.0,9.0,313.0,586.0,,0.0,126,94.0,25,DISTRICT31,PIECE,0.0
ART-SUP,2025-08-01,HEALTH CENTER,472.0,1249.0,138.0,452.0,,0.0,-255,221.0,2,DISTRICT3,CAPSULE,0.0
ACT-SC,2024-11-01,HEALTH CENTER,779.0,4.0,388.0,1935.0,,34.0,-242,329.0,30,DISTRICT1,BLISTER,34.0
QUIN,2025-02-01,DISTRICT HOSPITAL,1316.0,23.0,358.0,1354.0,784.0,2673.0,-242,339.0,1000,DISTRICT36,TABLET,1889.0
SP,2024-02-01,HEALTH CENTER,36.0,0.0,3.0,57.0,,32.0,-353,0.0,1000,DISTRICT28,TABLET,32.0
ART-INJ,2024-05-01,HEALTH CENTER,115.0,0.0,13.0,99.0,,0.0,-249,6.0,5,DISTRICT28,VIAL,0.0
RDT,2024-02-01,HEALTH CENTER,2719.0,1.0,210.0,2175.0,,833.0,62,76.0,25,DISTRICT11,PIECE,833.0
PYRA-SAC,2025-11-01,HEALTH CENTER,5416.0,175.0,679.0,5269.0,,879.0,-888,262.0,1,DISTRICT25,SACHET,879.0
ART-INJ,2025-02-01,HEALTH CENTER,621.0,0.0,442.0,1681.0,,807.0,518,225.0,5,DISTRICT15,VIAL,807.0
SP,2024-11-01,HEALTH CENTER,356.0,20.0,98.0,575.0,,2.0,-158,31.0,1000,DISTRICT31,TABLET,2.0
ART-INJ,2024-08-01,HEALTH CENTER,54.0,0.0,10.0,36.0,,6.0,-130,5.0,5,DISTRICT9,VIAL,6.0
ACT-GC,2025-02-01,HEALTH CENTER,132.0,0.0,16.0,127.0,324.0,0.0,496,4.0,30,DISTRICT33,BLISTER,-324.0
ART-SUP,2025-11-01,HEALTH CENTER,15.0,9.0,26.0,43.0,,78.0,-134,21.0,2,DISTRICT16,CAPSULE,78.0
ART-INJ,2024-11-01,HEALTH CENTER,189.0,0.0,33.0,745.0,,0.0,-996,19.0,5,DISTRICT36,VIAL,0.0
ACT-GC,2025-02-01,HEALTH CENTER,1153.0,5.0,176.0,829.0,580.0,2.0,-9,354.0,30,DISTRICT15,BLISTER,-578.0
PYRA-COMP,2024-11-01,HEALTH CENTER,1334.0,2862.0,522.0,1803.0,1350.0,6.0,156,145.0,1,DISTRICT15,TABLET,-1344.0
PYRA-SAC,2024-02-01,HEALTH CENTER,73.0,503.0,6.0,372.0,,0.0,-19,2.0,1,DISTRICT35,SACHET,0.0
ART-INJ,2025-02-01,HEALTH CENTER,862.0,65.0,569.0,746.0,367.0,254.0,-54,803.0,5,DISTRICT32,VIAL,-113.0
PYRA-COMP,2024-08-01,HEALTH CENTER,1709.0,405.0,688.0,1987.0,,193.0,-169,605.0,1,DISTRICT20,TABLET,193.0
ART-INJ,2024-05-01,HEALTH CENTER,1175.0,22.0,208.0,276.0,,1440.0,687,173.0,5,DISTRICT31,VIAL,1440.0
ACT-AD,2024-02-01,HEALTH CENTER,233.0,388.0,231.0,880.0,1000.0,6.0,36,22.0,30,DISTRICT23,BLISTER,-994.0
RDT,2024-02-01,HEALTH CENTER,131.0,154.0,18.0,402.0,452.0,0.0,528,1.0,25,DISTRICT32,PIECE,-452.0
QUIN,2025-05-01,HEALTH CENTER,590.0,0.0,204.0,631.0,,2208.0,-489,129.0,1000,DISTRICT11,TABLET,2208.0
ACT-GC,2024-11-01,HEALTH CENTER,2031.0,0.0,430.0,1144.0,,1574.0,155,375.0,30,DISTRICT11,BLISTER,1574.0
ACT-GC,2024-02-01,HEALTH CENTER,108.0,0.0,85.0,11.0,,3.0,794,4.0,30,DISTRICT32,BLISTER,3.0
PYRA-COMP,2024-11-01,HEALTH CENTER,21.0,0.0,4.0,12.0,,0.0,434,11.0,1,DISTRICT37,TABLET,0.0
ACT-INF,2024-02-01,HEALTH CENTER,336.0,0.0,67.0,29.0,,2.0,334,23.0,30,DISTRICT21,BLISTER,2.0
QUIN,2025-05-01,HEALTH CENTER,1792.0,107.0,246.0,1414.0,,4.0,-20,426.0,1000,DISTRICT19,TABLET,4.0
ACT-INF,2024-05-01,HEALTH CENTER,135.0,0.0,90.0,3.0,,221.0,-591,42.0,30,DISTRICT33,BLISTER,221.0
PYRA-COMP,2025-02-01,HEALTH CENTER,738.0,44.0,163.0,1090.0,474.0,2.0,77,165.0,1,DISTRICT11,TABLET,-472.0
ACT-AD,2025-05-01,HEALTH CENTER,8.0,0.0,7.0,191.0,1100.0,0.0,592,8.0,30,DISTRICT23,BLISTER,-1100.0
ART-INJ,2024-02-01,HEALTH CENTER,381.0,3.0,258.0,176.0,914.0,2269.0,-225,45.0,5,DISTRICT23,VIAL,1355.0
PYRA-SAC,2024-05-01,HEALTH CENTER,628.0,92.0,92.0,318.0,,122.0,-696,20.0,1,DISTRICT26,SACHET,122.0
ITN,2025-02-01,HEALTH CENTER,2612.0,5.0,454.0,956.0,,1.0,-296,442.0,50,DISTRICT20,PIECE,1.0
QUIN,2024-05-01,HEALTH CENTER,20.0,0.0,3.0,12.0,114.0,247.0,-51,35.0,1000,DISTRICT28,TABLET,133.0
ART-SUP,2025-05-01,HEALTH CENTER,1630.0,0.0,447.0,397.0,,105.0,435,239.0,2,DISTRICT15,CAPSULE,105.0
ITN,2024-08-01,HEALTH CENTER,3017.0,270.0,468.0,1564.0,,161.0,-748,251.0,50,DISTRICT13,PIECE,161.0
ACT-SC,2024-05-01,HEALTH CENTER,2114.0,22.0,382.0,4278.0,1145.0,0.0,-876,271.0,30,DISTRICT22,BLISTER,-1145.0
SP,2025-05-01,DISTRICT HOSPITAL,27.0,3.0,2.0,125.0,,0.0,231,1.0,1000,DISTRICT7,TABLET,0.0
SP,2024-11-01,HEALTH CENTER,1229.0,0.0,107.0,42.0,,891.0,90,82.0,1000,DISTRICT16,TABLET,891.0
ART-SUP,2024-02-01,HEALTH CENTER,123.0,5.0,58.0,417.0,620.0,0.0,-185,52.0,2,DISTRICT13,CAPSULE,-620.0
PYRA-COMP,2024-11-01,HEALTH CENTER,1036.0,0.0,322.0,1080.0,,0.0,-63,59.0,1,DISTRICT3,TABLET,0.0
ART-SUP,2024-05-01,HEALTH CENTER,374.0,9.0,104.0,1172.0,,113.0,-1,174.0,2,DISTRICT22,CAPSULE,113.0
QUIN,2025-02-01,DISTRICT HOSPITAL,80.0,0.0,29.0,571.0,,22.0,-275,52.0,1000,DISTRICT24,TABLET,22.0
RDT,2025-08-01,HEALTH CENTER,1206.0,4.0,113.0,1074.0,,0.0,-437,46.0,25,DISTRICT15,PIECE,0.0
PYRA-SAC,2025-08-01,HEALTH CENTER,935.0,130.0,642.0,448.0,,4833.0,-154,496.0,1,DISTRICT14,SACHET,4833.0
ACT-INF,2025-08-01,HEALTH CENTER,260.0,0.0,21.0,199.0,354.0,9.0,929,63.0,30,DISTRICT7,BLISTER,-345.0
QUIN,2024-02-01,HEALTH CENTER,1912.0,48.0,1110.0,3125.0,,931.0,177,1425.0,1000,DISTRICT3,TABLET,931.0
ACT-AD,2024-02-01,HEALTH CENTER,728.0,54.0,637.0,1319.0,941.0,46.0,167,805.0,30,DISTRICT14,BLISTER,-895.0
ACT-GC,2024-02-01,REGIONAL HOSPITAL,159.0,6.0,74.0,438.0,616.0,136.0,-130,24.0,30,DISTRICT9,BLISTER,-480.0
SP,2024-11-01,HEALTH CENTER,6217.0,74.0,1132.0,2857.0,,2337.0,140,1124.0,1000,DISTRICT15,TABLET,2337.0
PYRA-COMP,2024-11-01,HEALTH CENTER,9443.0,34.0,2066.0,5687.0,,10643.0,807,1900.0,1,DISTRICT6,TABLET,10643.0
ITN,2025-11-01,HEALTH CENTER,671.0,581.0,396.0,413.0,255.0,1.0,653,200.0,50,DISTRICT2,PIECE,-254.0
ACT-AD,2024-02-01,HEALTH CENTER,58.0,317.0,24.0,415.0,507.0,0.0,-545,19.0,30,DISTRICT37,BLISTER,-507.0
ACT-GC,2024-08-01,DISTRICT HOSPITAL,748.0,346.0,418.0,864.0,,0.0,-1170,450.0,30,DISTRICT20,BLISTER,0.0
RDT,2025-11-01,HEALTH CENTER,2195.0,50.0,239.0,1470.0,,153.0,263,127.0,25,DISTRICT2,PIECE,153.0
SP,2025-02-01,DISTRICT HOSPITAL,297.0,31.0,151.0,474.0,,3121.0,-490,314.0,1000,DISTRICT24,TABLET,3121.0
PYRA-COMP,2024-05-01,HEALTH CENTER,331.0,780.0,33.0,335.0,516.0,92.0,343,8.0,1,DISTRICT24,TABLET,-424.0
PYRA-SAC,2025-11-01,HEALTH CENTER,647.0,0.0,96.0,278.0,,27.0,-36,45.0,1,DISTRICT8,SACHET,27.0
ART-SUP,2025-11-01,HEALTH CENTER,1098.0,0.0,26.0,296.0,,1.0,66,13.0,2,DISTRICT9,CAPSULE,1.0
ART-SUP,2025-02-01,HEALTH CENTER,2.0,0.0,14.0,23.0,,383.0,600,1.0,2,DISTRICT11,CAPSULE,383.0
ACT-INF,2025-02-01,HEALTH CENTER,1.0,135.0,3.0,328.0,,0.0,404,4.0,30,DISTRICT15,BLISTER,0.0
ART-SUP,2025-02-01,HEALTH CENTER,1077.0,0.0,319.0,576.0,,0.0,385,129.0,2,DISTRICT32,CAPSULE,0.0
ITN,2025-08-01,HEALTH CENTER,79.0,1.0,79.0,627.0,,27.0,-38,135.0,50,DISTRICT3,PIECE,27.0
SP,2024-08-01,HEALTH CENTER,1422.0,77.0,277.0,857.0,1421.0,56.0,419,61.0,1000,DISTRICT15,TABLET,-1365.0
PYRA-SAC,2024-05-01,HEALTH CENTER,531.0,8.0,79.0,1036.0,,0.0,-491,14.0,1,DISTRICT33,SACHET,0.0
ACT-INF,2024-05-01,HEALTH CENTER,2451.0,520.0,726.0,2054.0,,365.0,83,676.0,30,DISTRICT31,BLISTER,365.0
ITN,2024-11-01,HEALTH CENTER,6622.0,0.0,569.0,1791.0,137.0,499.0,-611,548.0,50,DISTRICT15,PIECE,362.0
ACT-INF,2025-11-01,HEALTH CENTER,2396.0,793.0,665.0,4432.0,864.0,0.0,556,1062.0,30,DISTRICT13,BLISTER,-864.0
ACT-INF,2024-11-01,HEALTH CENTER,521.0,0.0,124.0,11.0,,3550.0,100,245.0,30,DISTRICT9,BLISTER,3550.0
ACT-SC,2024-11-01,HEALTH CENTER,806.0,7.0,515.0,608.0,,928.0,-134,256.0,30,DISTRICT29,BLISTER,928.0
ACT-GC,2025-05-01,HEALTH CENTER,455.0,1.0,436.0,851.0,,219.0,306,132.0,30,DISTRICT7,BLISTER,219.0
SP,2024-05-01,HEALTH CENTER,341.0,10.0,88.0,877.0,,1.0,-189,26.0,1000,DISTRICT23,TABLET,1.0
ACT-INF,2024-08-01,HEALTH CENTER,3068.0,38.0,964.0,1134.0,,1801.0,324,845.0,30,DISTRICT15,BLISTER,1801.0
ACT-GC,2024-11-01,HEALTH CENTER,1289.0,0.0,643.0,771.0,491.0,1947.0,678,562.0,30,DISTRICT10,BLISTER,1456.0
ART-INJ,2025-08-01,DISTRICT HOSPITAL,2969.0,5.0,721.0,3595.0,276.0,1210.0,-115,359.0,5,DISTRICT5,VIAL,934.0
ART-SUP,2024-11-01,HEALTH CENTER,77.0,204.0,91.0,219.0,,8.0,142,65.0,2,DISTRICT9,CAPSULE,8.0
PYRA-SAC,2024-08-01,HEALTH CENTER,409.0,287.0,1219.0,370.0,,3559.0,166,648.0,1,DISTRICT20,SACHET,3559.0
ITN,2024-05-01,HEALTH CENTER,818.0,4.0,187.0,572.0,,2888.0,-295,60.0,50,DISTRICT3,PIECE,2888.0
ACT-GC,2025-08-01,HEALTH CENTER,342.0,279.0,80.0,1679.0,,0.0,383,33.0,30,DISTRICT9,BLISTER,0.0
SP,2024-02-01,HEALTH CENTER,717.0,0.0,184.0,775.0,,3652.0,206,562.0,1000,DISTRICT31,TABLET,3652.0
RDT,2025-05-01,HEALTH CENTER,879.0,47.0,363.0,1620.0,,16.0,-1050,212.0,25,DISTRICT35,PIECE,16.0
SP,2025-02-01,HEALTH CENTER,241.0,0.0,145.0,153.0,803.0,69.0,506,55.0,1000,DISTRICT22,TABLET,-734.0
ITN,2024-08-01,HEALTH CENTER,2109.0,37.0,33.0,1638.0,856.0,0.0,114,51.0,50,DISTRICT36,PIECE,-856.0
ITN,2024-02-01,HEALTH CENTER,1903.0,9.0,1297.0,623.0,675.0,3870.0,338,1040.0,50,DISTRICT31,PIECE,3195.0
ACT-SC,2024-02-01,HEALTH CENTER,2219.0,6.0,729.0,1474.0,648.0,729.0,212,698.0,30,DISTRICT9,BLISTER,81.0
RDT,2025-11-01,HEALTH CENTER,5211.0,428.0,1496.0,9032.0,,6202.0,66,1606.0,25,DISTRICT20,PIECE,6202.0
ACT-SC,2024-11-01,HEALTH CENTER,177.0,1.0,81.0,237.0,891.0,0.0,27,11.0,30,DISTRICT23,BLISTER,-891.0
QUIN,2025-11-01,HEALTH CENTER,1654.0,2.0,311.0,436.0,1194.0,4.0,-906,413.0,1000,DISTRICT36,TABLET,-1190.0
ACT-INF,2025-05-01,HEALTH CENTER,188.0,0.0,169.0,278.0,,5875.0,367,93.0,30,DISTRICT10,BLISTER,5875.0
ACT-INF,2025-08-01,HEALTH CENTER,1093.0,910.0,243.0,1657.0,,0.0,-825,193.0,30,DISTRICT24,BLISTER,0.0
ACT-AD,2025-02-01,HEALTH CENTER,490.0,112.0,444.0,435.0,,248.0,-99,601.0,30,DISTRICT27,BLISTER,248.0
ACT-GC,2025-02-01,HEALTH CENTER,1211.0,0.0,96.0,939.0,,1042.0,-623,202.0,30,DISTRICT10,BLISTER,1042.0
ACT-GC,2024-05-01,HEALTH CENTER,482.0,1.0,132.0,466.0,,3886.0,110,364.0,30,DISTRICT33,BLISTER,3886.0
ACT-INF,2024-05-01,HEALTH CENTER,2114.0,537.0,462.0,1114.0,,3192.0,-288,223.0,30,DISTRICT10,BLISTER,3192.0
ACT-GC,2025-05-01,HEALTH CENTER,1133.0,1.0,379.0,974.0,,0.0,125,71.0,30,DISTRICT26,BLISTER,0.0
ART-SUP,2025-08-01,HEALTH CENTER,1819.0,247.0,503.0,1720.0,,26.0,-140,254.0,2,DISTRICT28,CAPSULE,26.0
ART-SUP,2025-05-01,HEALTH CENTER,1045.0,13.0,119.0,998.0,,5.0,-133,109.0,2,DISTRICT6,CAPSULE,5.0
ACT-INF,2025-08-01,HEALTH CENTER,154.0,20.0,28.0,2.0,,73.0,110,29.0,30,DISTRICT29,BLISTER,73.0
QUIN,2024-11-01,HEALTH CENTER,1505.0,0.0,182.0,651.0,,2253.0,-475,69.0,1000,DISTRICT26,TABLET,2253.0
ACT-AD,2025-02-01,HEALTH CENTER,454.0,73.0,444.0,712.0,,3643.0,48,365.0,30,DISTRICT3,BLISTER,3643.0
ACT-SC,2024-11-01,HEALTH CENTER,518.0,0.0,196.0,141.0,,18.0,233,230.0,30,DISTRICT10,BLISTER,18.0
ACT-AD,2025-05-01,HEALTH CENTER,104.0,0.0,85.0,1.0,,3.0,-1095,106.0,30,DISTRICT32,BLISTER,3.0
ART-INJ,2024-05-01,HEALTH CENTER,850.0,376.0,475.0,1672.0,,172.0,395,434.0,5,DISTRICT16,VIAL,172.0
SP,2024-02-01,HEALTH CENTER,3922.0,0.0,2278.0,5284.0,,15539.0,487,2086.0,1000,DISTRICT15,TABLET,15539.0
ACT-AD,2025-05-01,HEALTH CENTER,1325.0,378.0,1484.0,2225.0,,9534.0,-333,983.0,30,DISTRICT19,BLISTER,9534.0
PYRA-SAC,2024-08-01,HEALTH CENTER,1860.0,0.0,174.0,1703.0,333.0,7.0,-423,335.0,1,DISTRICT9,SACHET,-326.0
PYRA-SAC,2024-05-01,HEALTH CENTER,565.0,917.0,94.0,2922.0,,0.0,1195,77.0,1,DISTRICT7,SACHET,0.0
ACT-INF,2025-05-01,HEALTH CENTER,275.0,63.0,97.0,1156.0,,62.0,345,210.0,30,DISTRICT21,BLISTER,62.0
ART-SUP,2025-02-01,HEALTH CENTER,2023.0,346.0,1374.0,1860.0,,5180.0,485,725.0,2,DISTRICT33,CAPSULE,5180.0
SP,2025-05-01,HEALTH CENTER,723.0,208.0,170.0,1355.0,510.0,5.0,197,224.0,1000,DISTRICT5,TABLET,-505.0
ACT-AD,2025-05-01,HEALTH CENTER,439.0,110.0,333.0,337.0,,2064.0,586,721.0,30,DISTRICT33,BLISTER,2064.0
ITN,2024-11-01,HEALTH CENTER,13.0,68.0,6.0,37.0,,0.0,-178,6.0,50,DISTRICT20,PIECE,0.0
QUIN,2025-05-01,HEALTH CENTER,7.0,0.0,0.0,5.0,207.0,0.0,116,0.0,1000,DISTRICT31,TABLET,-207.0
ACT-INF,2025-08-01,HEALTH CENTER,15.0,0.0,2.0,20.0,,0.0,458,6.0,30,DISTRICT36,BLISTER,0.0
PYRA-SAC,2025-08-01,HEALTH CENTER,148.0,126.0,6.0,81.0,878.0,0.0,326,13.0,1,DISTRICT29,SACHET,-878.0
QUIN,2025-08-01,HEALTH CENTER,1749.0,96.0,599.0,2251.0,595.0,4405.0,67,849.0,1000,DISTRICT27,TABLET,3810.0
ACT-AD,2024-08-01,HEALTH CENTER,5703.0,124.0,1528.0,4836.0,,3606.0,-478,1537.0,30,DISTRICT3,BLISTER,3606.0
ACT-GC,2024-08-01,HEALTH CENTER,2966.0,44.0,308.0,3491.0,,0.0,232,229.0,30,DISTRICT26,BLISTER,0.0
PYRA-SAC,2024-02-01,HEALTH CENTER,53.0,117.0,110.0,15.0,1123.0,1078.0,-299,49.0,1,DISTRICT25,SACHET,-45.0
PYRA-SAC,2024-02-01,HEALTH CENTER,1755.0,2031.0,481.0,2069.0,742.0,8.0,91,162.0,1,DISTRICT6,SACHET,-734.0
RDT,2024-11-01,DISTRICT HOSPITAL,763.0,32.0,182.0,254.0,331.0,1362.0,-362,99.0,25,DISTRICT30,PIECE,1031.0
ART-SUP,2025-02-01,HEALTH CENTER,3755.0,12.0,1082.0,2769.0,,5634.0,848,720.0,2,DISTRICT31,CAPSULE,5634.0
ACT-GC,2025-11-01,HEALTH CENTER,1413.0,1.0,156.0,1460.0,845.0,384.0,316,160.0,30,DISTRICT30,BLISTER,-461.0
ITN,2024-11-01,HEALTH CENTER,95.0,77.0,323.0,178.0,,2675.0,393,104.0,50,DISTRICT1,PIECE,2675.0
ACT-SC,2025-05-01,HEALTH CENTER,732.0,0.0,54.0,791.0,1361.0,196.0,186,41.0,30,DISTRICT13,BLISTER,-1165.0
RDT,2025-02-01,HEALTH CENTER,1046.0,343.0,577.0,777.0,939.0,151.0,-160,273.0,25,DISTRICT23,PIECE,-788.0
RDT,2024-11-01,HEALTH CENTER,2308.0,684.0,718.0,2794.0,,1.0,499,471.0,25,DISTRICT29,PIECE,1.0
ART-INJ,2024-08-01,HEALTH CENTER,2594.0,5.0,1088.0,1716.0,,1229.0,-398,1086.0,5,DISTRICT32,VIAL,1229.0
ACT-INF,2024-11-01,HEALTH CENTER,2057.0,101.0,220.0,1051.0,,11.0,-293,90.0,30,DISTRICT15,BLISTER,11.0
RDT,2025-05-01,HEALTH CENTER,2776.0,1849.0,450.0,5573.0,,0.0,189,374.0,25,DISTRICT30,PIECE,0.0
ACT-SC,2024-11-01,HEALTH CENTER,145.0,21.0,104.0,78.0,,0.0,-26,22.0,30,DISTRICT29,BLISTER,0.0
ACT-GC,2025-11-01,HEALTH CENTER,2989.0,0.0,320.0,1893.0,304.0,3.0,510,309.0,30,DISTRICT13,BLISTER,-301.0
RDT,2025-08-01,REGIONAL HOSPITAL,651.0,0.0,184.0,2015.0,,0.0,-417,190.0,25,DISTRICT26,PIECE,0.0
ITN,2025-08-01,DISTRICT HOSPITAL,186.0,0.0,13.0,16.0,,0.0,-524,6.0,50,DISTRICT21,PIECE,0.0
ITN,2025-02-01,REGIONAL HOSPITAL,984.0,18.0,242.0,1973.0,,18.0,324,323.0,50,DISTRICT22,PIECE,18.0
QUIN,2024-05-01,HEALTH CENTER,93.0,7.0,20.0,65.0,596.0,0.0,508,32.0,1000,DISTRICT31,TABLET,-596.0
PYRA-COMP,2025-05-01,HEALTH CENTER,113.0,1569.0,44.0,496.0,772.0,8.0,-164,53.0,1,DISTRICT23,TABLET,-764.0
RDT,2024-08-01,HEALTH CENTER,2844.0,111.0,562.0,1355.0,1336.0,4.0,170,605.0,25,DISTRICT16,PIECE,-1332.0
ACT-INF,2025-11-01,HEALTH CENTER,8672.0,2.0,936.0,6261.0,,28.0,180,305.0,30,DISTRICT14,BLISTER,28.0
ART-INJ,2025-02-01,HEALTH CENTER,4216.0,219.0,1377.0,4467.0,1517.0,3937.0,780,1554.0,5,DISTRICT32,VIAL,2420.0
ACT-GC,2025-11-01,HEALTH CENTER,866.0,0.0,338.0,195.0,,2960.0,242,390.0,30,DISTRICT35,BLISTER,2960.0
PYRA-SAC,2024-02-01,HEALTH CENTER,4808.0,553.0,702.0,3288.0,,0.0,608,477.0,1,DISTRICT25,SACHET,0.0
ACT-AD,2024-11-01,HEALTH CENTER,146.0,36.0,130.0,982.0,,0.0,472,226.0,30,DISTRICT33,BLISTER,0.0
ACT-SC,2025-02-01,HEALTH CENTER,30.0,48.0,25.0,384.0,,0.0,156,1.0,30,DISTRICT32,BLISTER,0.0
ART-INJ,2025-08-01,HEALTH CENTER,1069.0,7.0,144.0,507.0,,1.0,112,83.0,5,DISTRICT36,VIAL,1.0
ACT-SC,2025-08-01,HEALTH CENTER,1305.0,2.0,289.0,1916.0,599.0,1992.0,114,199.0,30,DISTRICT1,BLISTER,1393.0
ITN,2024-08-01,HEALTH CENTER,2728.0,33.0,384.0,1809.0,293.0,12.0,-459,655.0,50,DISTRICT37,PIECE,-281.0
PYRA-COMP,2024-02-01,HEALTH CENTER,84.0,75.0,13.0,293.0,,0.0,608,13.0,1,DISTRICT19,TABLET,0.0
ACT-INF,2025-02-01,HEALTH CENTER,1159.0,347.0,73.0,653.0,,1.0,-888,170.0,30,DISTRICT3,BLISTER,1.0
PYRA-SAC,2024-11-01,HEALTH CENTER,790.0,977.0,194.0,834.0,,970.0,300,292.0,1,DISTRICT9,SACHET,970.0
QUIN,2025-05-01,HEALTH CENTER,101.0,65.0,120.0,614.0,,3.0,-604,111.0,1000,DISTRICT13,TABLET,3.0
ITN,2024-08-01,HEALTH CENTER,6916.0,81.0,586.0,3068.0,,7.0,169,246.0,50,DISTRICT1,PIECE,7.0
ACT-AD,2024-05-01,HEALTH CENTER,142.0,13.0,18.0,35.0,691.0,0.0,-63,16.0,30,DISTRICT38,BLISTER,-691.0
SP,2024-02-01,HEALTH CENTER,1581.0,0.0,117.0,640.0,,4.0,549,49.0,1000,DISTRICT35,TABLET,4.0
PYRA-COMP,2025-11-01,HEALTH CENTER,259.0,17.0,213.0,560.0,461.0,3.0,373,85.0,1,DISTRICT21,TABLET,-458.0
QUIN,2024-05-01,HEALTH CENTER,43.0,0.0,8.0,73.0,,11.0,486,4.0,1000,DISTRICT29,TABLET,11.0
SP,2024-08-01,HEALTH CENTER,934.0,0.0,336.0,157.0,,218.0,-696,430.0,1000,DISTRICT12,TABLET,218.0
QUIN,2025-08-01,REGIONAL HOSPITAL,121.0,208.0,189.0,156.0,1011.0,166.0,-427,177.0,1000,DISTRICT14,TABLET,-845.0
ART-SUP,2025-02-01,HEALTH CENTER,523.0,403.0,18.0,359.0,,405.0,-225,100.0,2,DISTRICT21,CAPSULE,405.0
ACT-INF,2025-05-01,HEALTH CENTER,178.0,4.0,73.0,332.0,1098.0,752.0,-473,5.0,30,DISTRICT20,BLISTER,-346.0
QUIN,2024-11-01,HEALTH CENTER,30.0,98.0,92.0,329.0,,40.0,140,18.0,1000,DISTRICT27,TABLET,40.0
ITN,2025-08-01,HEALTH CENTER,3178.0,351.0,471.0,1616.0,,103.0,-250,302.0,50,DISTRICT33,PIECE,103.0
ACT-INF,2025-02-01,HEALTH CENTER,1454.0,0.0,211.0,786.0,206.0,171.0,-302,203.0,30,DISTRICT28,BLISTER,-35.0
ITN,2024-05-01,HEALTH CENTER,176.0,0.0,128.0,67.0,,233.0,142,158.0,50,DISTRICT29,PIECE,233.0
ACT-AD,2025-08-01,HEALTH CENTER,344.0,97.0,45.0,822.0,,0.0,-125,18.0,30,DISTRICT25,BLISTER,0.0
PYRA-SAC,2024-11-01,HEALTH CENTER,510.0,374.0,253.0,606.0,,2.0,225,198.0,1,DISTRICT14,SACHET,2.0
ACT-GC,2025-05-01,HEALTH CENTER,849.0,0.0,16.0,440.0,184.0,0.0,-604,2.0,30,DISTRICT23,BLISTER,-184.0
ART-INJ,2025-08-01,HEALTH CENTER,1371.0,0.0,352.0,402.0,412.0,7.0,258,305.0,5,DISTRICT31,VIAL,-405.0
ART-SUP,2025-11-01,HEALTH CENTER,821.0,42.0,232.0,1136.0,,5.0,-818,339.0,2,DISTRICT26,CAPSULE,5.0
ART-INJ,2025-11-01,HEALTH CENTER,2.0,7.0,51.0,3.0,,325.0,-371,64.0,5,DISTRICT9,VIAL,325.0
PYRA-SAC,2024-08-01,HEALTH CENTER,637.0,93.0,83.0,601.0,,0.0,-116,40.0,1,DISTRICT29,SACHET,0.0
PYRA-SAC,2024-08-01,HEALTH CENTER,710.0,52.0,62.0,832.0,,0.0,-335,12.0,1,DISTRICT11,SACHET,0.0
PYRA-SAC,2025-05-01,HEALTH CENTER,101.0,80.0,56.0,105.0,,2.0,-148,28.0,1,DISTRICT5,SACHET,2.0
RDT,2025-11-01,HEALTH CENTER,4275.0,4.0,635.0,1622.0,517.0,604.0,-173,247.0,25,DISTRICT13,PIECE,87.0
ART-SUP,2024-02-01,HEALTH CENTER,643.0,47.0,219.0,1069.0,464.0,5.0,-88,161.0,2,DISTRICT13,CAPSULE,-459.0
QUIN,2025-08-01,HEALTH CENTER,273.0,49.0,145.0,528.0,,0.0,298,134.0,1000,DISTRICT21,TABLET,0.0
PYRA-SAC,2024-08-01,HEALTH CENTER,291.0,0.0,13.0,11.0,555.0,10.0,128,13.0,1,DISTRICT2,SACHET,-545.0
ITN,2024-11-01,HEALTH CENTER,1487.0,0.0,454.0,659.0,,2.0,-833,421.0,50,DISTRICT31,PIECE,2.0
ACT-INF,2024-05-01,HEALTH CENTER,765.0,1384.0,134.0,1400.0,,0.0,-57,224.0,30,DISTRICT4,BLISTER,0.0
ACT-SC,2025-05-01,HEALTH CENTER,14.0,350.0,28.0,91.0,,71.0,236,16.0,30,DISTRICT25,BLISTER,71.0
ART-SUP,2025-11-01,HEALTH CENTER,337.0,3151.0,88.0,1111.0,,0.0,-287,41.0,2,DISTRICT30,CAPSULE,0.0
SP,2025-11-01,HEALTH CENTER,795.0,0.0,297.0,242.0,777.0,4733.0,-123,146.0,1000,DISTRICT33,TABLET,3956.0
RDT,2025-11-01,HEALTH CENTER,326.0,269.0,257.0,653.0,1135.0,74.0,-546,253.0,25,DISTRICT8,PIECE,-1061.0
PYRA-SAC,2024-05-01,HEALTH CENTER,954.0,0.0,196.0,554.0,,229.0,-305,441.0,1,DISTRICT3,SACHET,229.0
SP,2025-11-01,HEALTH CENTER,859.0,1057.0,257.0,1175.0,,97.0,270,164.0,1000,DISTRICT15,TABLET,97.0
ACT-GC,2025-11-01,HEALTH CENTER,2445.0,172.0,236.0,2751.0,,5946.0,304,346.0,30,DISTRICT25,BLISTER,5946.0
ART-INJ,2024-05-01,HEALTH CENTER,335.0,382.0,25.0,340.0,,23.0,34,61.0,5,DISTRICT36,VIAL,23.0
PYRA-COMP,2024-02-01,HEALTH CENTER,342.0,439.0,170.0,100.0,,269.0,130,135.0,1,DISTRICT6,TABLET,269.0
ACT-SC,2025-11-01,HEALTH CENTER,2183.0,11.0,236.0,3075.0,,0.0,285,286.0,30,DISTRICT16,BLISTER,0.0
ITN,2025-11-01,HEALTH CENTER,37.0,30.0,16.0,101.0,1476.0,0.0,-169,3.0,50,DISTRICT5,PIECE,-1476.0
ACT-SC,2024-08-01,HEALTH CENTER,454.0,15.0,79.0,342.0,,1068.0,210,86.0,30,DISTRICT33,BLISTER,1068.0
RDT,2024-02-01,HEALTH CENTER,223.0,4.0,49.0,814.0,,651.0,24,45.0,25,DISTRICT13,PIECE,651.0
ART-INJ,2025-05-01,NATIONAL HOSPITAL,1486.0,27.0,332.0,673.0,,507.0,257,171.0,5,DISTRICT10,VIAL,507.0
RDT,2024-02-01,HEALTH CENTER,2533.0,229.0,824.0,3090.0,,33.0,365,337.0,25,DISTRICT9,PIECE,33.0
ACT-SC,2025-08-01,HEALTH CENTER,117.0,546.0,159.0,577.0,,0.0,697,30.0,30,DISTRICT23,BLISTER,0.0
ACT-AD,2024-05-01,HEALTH CENTER,388.0,772.0,480.0,1539.0,,445.0,-489,1037.0,30,DISTRICT29,BLISTER,445.0
ART-INJ,2024-08-01,HEALTH CENTER,110.0,0.0,420.0,115.0,,195.0,568,442.0,5,DISTRICT3,VIAL,195.0
RDT,2025-11-01,HEALTH CENTER,3279.0,45.0,1099.0,5379.0,,12.0,85,1424.0,25,DISTRICT16,PIECE,12.0
RDT,2025-08-01,HEALTH CENTER,2154.0,460.0,193.0,1337.0,,40.0,-296,88.0,25,DISTRICT29,PIECE,40.0
ART-INJ,2025-11-01,HEALTH CENTER,633.0,115.0,147.0,1483.0,,14.0,-361,187.0,5,DISTRICT36,VIAL,14.0
ART-SUP,2025-11-01,HEALTH CENTER,203.0,10.0,70.0,1065.0,,124.0,-318,176.0,2,DISTRICT3,CAPSULE,124.0
ACT-GC,2025-11-01,HEALTH CENTER,2490.0,334.0,994.0,3305.0,996.0,3394.0,11,680.0,30,DISTRICT8,BLISTER,2398.0
ART-INJ,2025-02-01,HEALTH CENTER,539.0,991.0,350.0,1617.0,,10.0,-5,355.0,5,DISTRICT36,VIAL,10.0
ART-INJ,2025-02-01,HEALTH CENTER,10.0,13.0,135.0,42.0,,1276.0,-43,124.0,5,DISTRICT6,VIAL,1276.0
SP,2025-05-01,HEALTH CENTER,222.0,1.0,105.0,928.0,,0.0,-306,29.0,1000,DISTRICT7,TABLET,0.0
RDT,2025-11-01,HEALTH CENTER,2424.0,422.0,1166.0,1434.0,,13378.0,288,1126.0,25,DISTRICT29,PIECE,13378.0
PYRA-COMP,2025-02-01,HEALTH CENTER,2400.0,456.0,657.0,1308.0,2001.0,250.0,-587,423.0,1,DISTRICT31,TABLET,-1751.0
ACT-AD,2025-05-01,HEALTH CENTER,812.0,0.0,283.0,1647.0,,552.0,495,235.0,30,DISTRICT31,BLISTER,552.0
PYRA-SAC,2025-05-01,HEALTH CENTER,846.0,147.0,227.0,362.0,,13.0,251,138.0,1,DISTRICT13,SACHET,13.0
ACT-GC,2025-02-01,HEALTH CENTER,945.0,14.0,554.0,251.0,,266.0,46,207.0,30,DISTRICT1,BLISTER,266.0
QUIN,2025-08-01,HEALTH CENTER,152.0,0.0,37.0,541.0,279.0,1.0,264,23.0,1000,DISTRICT8,TABLET,-278.0
SP,2024-05-01,HEALTH CENTER,2315.0,0.0,1430.0,405.0,2013.0,9733.0,-66,1073.0,1000,DISTRICT16,TABLET,7720.0
ART-SUP,2025-08-01,HEALTH CENTER,636.0,49.0,169.0,884.0,,0.0,-541,138.0,2,DISTRICT38,CAPSULE,0.0
QUIN,2025-08-01,HEALTH CENTER,12.0,1.0,83.0,111.0,,64.0,459,124.0,1000,DISTRICT2,TABLET,64.0
ACT-AD,2024-11-01,HEALTH CENTER,509.0,946.0,511.0,3673.0,,0.0,953,272.0,30,DISTRICT20,BLISTER,0.0
ITN,2024-08-01,HEALTH CENTER,3007.0,24.0,957.0,1967.0,,770.0,29,864.0,50,DISTRICT6,PIECE,770.0
ART-SUP,2024-05-01,HEALTH CENTER,3678.0,373.0,646.0,3324.0,827.0,1.0,-526,285.0,2,DISTRICT32,CAPSULE,-826.0
RDT,2025-08-01,HEALTH CENTER,1043.0,42.0,160.0,845.0,1255.0,93.0,79,98.0,25,DISTRICT37,PIECE,-1162.0
ACT-GC,2024-02-01,HEALTH CENTER,146.0,0.0,33.0,115.0,,0.0,358,27.0,30,DISTRICT33,BLISTER,0.0
ACT-INF,2024-05-01,HEALTH CENTER,548.0,453.0,427.0,1096.0,579.0,23.0,310,427.0,30,DISTRICT16,BLISTER,-556.0
QUIN,2025-02-01,HEALTH CENTER,270.0,43.0,85.0,181.0,1036.0,0.0,-509,5.0,1000,DISTRICT19,TABLET,-1036.0
ACT-GC,2025-05-01,HEALTH CENTER,2.0,0.0,6.0,19.0,,0.0,807,1.0,30,DISTRICT1,BLISTER,0.0
RDT,2025-08-01,HEALTH CENTER,191.0,187.0,34.0,178.0,,0.0,-403,2.0,25,DISTRICT13,PIECE,0.0
PYRA-SAC,2025-05-01,HEALTH CENTER,1576.0,27.0,242.0,1672.0,,231.0,316,433.0,1,DISTRICT29,SACHET,231.0
ART-INJ,2024-08-01,HEALTH CENTER,337.0,46.0,27.0,116.0,,7.0,-1076,9.0,5,DISTRICT23,VIAL,7.0
ACT-GC,2024-08-01,HEALTH CENTER,1.0,20.0,8.0,6.0,219.0,0.0,111,3.0,30,DISTRICT28,BLISTER,-219.0
ART-SUP,2024-02-01,HEALTH CENTER,177.0,2.0,8.0,36.0,,7987.0,-758,1.0,2,DISTRICT19,CAPSULE,7987.0
PYRA-SAC,2025-11-01,HEALTH CENTER,2634.0,1298.0,975.0,3685.0,,18.0,491,424.0,1,DISTRICT35,SACHET,18.0
ART-INJ,2025-08-01,HEALTH CENTER,846.0,1.0,249.0,236.0,,104.0,393,38.0,5,DISTRICT9,VIAL,104.0
SP,2025-05-01,HEALTH CENTER,114.0,0.0,8.0,34.0,,298.0,-453,3.0,1000,DISTRICT8,TABLET,298.0
ACT-GC,2025-11-01,HEALTH CENTER,2186.0,0.0,134.0,1266.0,,6.0,-43,57.0,30,DISTRICT7,BLISTER,6.0
ART-SUP,2025-02-01,HEALTH CENTER,900.0,1265.0,193.0,1238.0,,0.0,192,66.0,2,DISTRICT10,CAPSULE,0.0
ART-SUP,2025-08-01,HEALTH CENTER,2615.0,0.0,477.0,223.0,695.0,6839.0,-398,770.0,2,DISTRICT3,CAPSULE,6144.0
ART-SUP,2024-11-01,HEALTH CENTER,2236.0,1092.0,83.0,496.0,,167.0,-27,109.0,2,DISTRICT24,CAPSULE,167.0
ACT-AD,2025-11-01,HEALTH CENTER,477.0,4.0,181.0,786.0,830.0,227.0,-178,396.0,30,DISTRICT33,BLISTER,-603.0
ACT-AD,2025-05-01,HEALTH CENTER,178.0,19.0,6.0,279.0,,0.0,836,4.0,30,DISTRICT21,BLISTER,0.0
QUIN,2024-05-01,HEALTH CENTER,102.0,0.0,10.0,242.0,,0.0,251,14.0,1000,DISTRICT15,TABLET,0.0
ACT-GC,2025-11-01,HEALTH CENTER,36.0,68.0,25.0,141.0,,3046.0,-341,44.0,30,DISTRICT26,BLISTER,3046.0
ART-SUP,2024-11-01,HEALTH CENTER,8.0,32.0,14.0,309.0,,10.0,498,20.0,2,DISTRICT12,CAPSULE,10.0
SP,2025-02-01,HEALTH CENTER,451.0,123.0,321.0,528.0,,161.0,119,604.0,1000,DISTRICT30,TABLET,161.0
ART-SUP,2025-05-01,HEALTH CENTER,868.0,34.0,815.0,1386.0,,24.0,275,642.0,2,DISTRICT19,CAPSULE,24.0
RDT,2025-11-01,HEALTH CENTER,1397.0,240.0,274.0,1393.0,,0.0,-451,121.0,25,DISTRICT6,PIECE,0.0
PYRA-COMP,2024-08-01,DISTRICT HOSPITAL,1201.0,9.0,167.0,321.0,561.0,1265.0,-299,144.0,1,DISTRICT37,TABLET,704.0
QUIN,2025-08-01,HEALTH CENTER,1199.0,0.0,106.0,231.0,,1253.0,-14,31.0,1000,DISTRICT10,TABLET,1253.0
QUIN,2025-05-01,HEALTH CENTER,447.0,0.0,210.0,10.0,512.0,842.0,308,70.0,1000,DISTRICT9,TABLET,330.0
ACT-AD,2025-08-01,HEALTH CENTER,2985.0,317.0,960.0,1367.0,1335.0,12407.0,523,1439.0,30,DISTRICT1,BLISTER,11072.0
PYRA-SAC,2024-05-01,HEALTH CENTER,3452.0,0.0,413.0,958.0,1731.0,7.0,-542,406.0,1,DISTRICT3,SACHET,-1724.0
ACT-GC,2024-11-01,HEALTH CENTER,2346.0,0.0,277.0,1478.0,,10.0,147,246.0,30,DISTRICT27,BLISTER,10.0
PYRA-SAC,2025-08-01,HEALTH CENTER,6395.0,145.0,1129.0,3539.0,,42.0,39,1125.0,1,DISTRICT33,SACHET,42.0
ACT-AD,2025-08-01,HEALTH CENTER,60.0,0.0,1.0,19.0,,0.0,301,0.0,30,DISTRICT9,BLISTER,0.0
RDT,2025-11-01,HEALTH CENTER,100.0,1.0,716.0,307.0,,18123.0,-384,866.0,25,DISTRICT2,PIECE,18123.0
SP,2025-05-01,HEALTH CENTER,2944.0,358.0,541.0,2236.0,,0.0,-558,806.0,1000,DISTRICT33,TABLET,0.0
SP,2024-05-01,HEALTH CENTER,1056.0,1.0,417.0,852.0,921.0,1255.0,-165,560.0,1000,DISTRICT20,TABLET,334.0
ITN,2024-08-01,HEALTH CENTER,435.0,0.0,373.0,157.0,,17046.0,386,166.0,50,DISTRICT24,PIECE,17046.0
ACT-AD,2024-02-01,HEALTH CENTER,745.0,854.0,274.0,441.0,1268.0,0.0,111,153.0,30,DISTRICT7,BLISTER,-1268.0
ITN,2024-05-01,HEALTH CENTER,1510.0,14.0,195.0,787.0,1656.0,72.0,-58,155.0,50,DISTRICT28,PIECE,-1584.0
RDT,2025-11-01,HEALTH CENTER,1254.0,4.0,262.0,148.0,,0.0,241,116.0,25,DISTRICT30,PIECE,0.0
ART-SUP,2024-05-01,HEALTH CENTER,848.0,95.0,227.0,257.0,1019.0,2227.0,-27,340.0,2,DISTRICT7,CAPSULE,1208.0
ART-SUP,2024-11-01,HEALTH CENTER,4192.0,0.0,1057.0,644.0,,26.0,-911,953.0,2,DISTRICT23,CAPSULE,26.0
ACT-SC,2025-02-01,HEALTH CENTER,2296.0,1361.0,642.0,4554.0,1856.0,6458.0,165,912.0,30,DISTRICT29,BLISTER,4602.0
ITN,2024-02-01,HEALTH CENTER,81.0,1.0,13.0,35.0,,0.0,520,3.0,50,DISTRICT13,PIECE,0.0
ART-INJ,2024-11-01,HEALTH CENTER,111.0,8.0,51.0,85.0,,0.0,-431,9.0,5,DISTRICT20,VIAL,0.0
SP,2025-05-01,HEALTH CENTER,269.0,0.0,57.0,646.0,,1171.0,226,1.0,1000,DISTRICT19,TABLET,1171.0
QUIN,2025-11-01,HEALTH CENTER,2150.0,15.0,944.0,1547.0,838.0,90.0,-37,687.0,1000,DISTRICT23,TABLET,-748.0
RDT,2024-02-01,REGIONAL HOSPITAL,1716.0,1.0,242.0,2407.0,,28.0,219,206.0,25,DISTRICT32,PIECE,28.0
PYRA-SAC,2025-11-01,HEALTH CENTER,2376.0,88.0,336.0,1241.0,,681.0,-43,316.0,1,DISTRICT28,SACHET,681.0
ACT-INF,2024-05-01,HEALTH CENTER,162.0,0.0,17.0,20.0,,10.0,-311,1.0,30,DISTRICT9,BLISTER,10.0
ART-INJ,2024-11-01,HEALTH CENTER,530.0,201.0,378.0,621.0,1395.0,2.0,45,272.0,5,DISTRICT30,VIAL,-1393.0
SP,2024-02-01,HEALTH CENTER,511.0,174.0,120.0,1252.0,,5.0,49,155.0,1000,DISTRICT21,TABLET,5.0
ART-SUP,2024-05-01,HEALTH CENTER,177.0,1.0,276.0,522.0,,52.0,866,78.0,2,DISTRICT31,CAPSULE,52.0
ART-INJ,2024-05-01,HEALTH CENTER,651.0,197.0,168.0,1295.0,,0.0,-1403,409.0,5,DISTRICT8,VIAL,0.0
PYRA-SAC,2025-05-01,HEALTH CENTER,1794.0,305.0,353.0,2620.0,,0.0,-51,683.0,1,DISTRICT14,SACHET,0.0
RDT,2025-02-01,HEALTH CENTER,100.0,45.0,112.0,264.0,,5.0,334,22.0,25,DISTRICT19,PIECE,5.0
ACT-INF,2024-08-01,HEALTH CENTER,87.0,1343.0,124.0,1190.0,,1509.0,208,126.0,30,DISTRICT28,BLISTER,1509.0
SP,2025-05-01,HEALTH CENTER,13.0,0.0,74.0,12.0,590.0,1327.0,-262,46.0,1000,DISTRICT37,TABLET,737.0
PYRA-COMP,2025-02-01,DISTRICT HOSPITAL,708.0,3415.0,844.0,1918.0,,140.0,963,925.0,1,DISTRICT9,TABLET,140.0
QUIN,2025-11-01,HEALTH CENTER,875.0,0.0,108.0,210.0,,840.0,265,119.0,1000,DISTRICT33,TABLET,840.0
QUIN,2024-05-01,HEALTH CENTER,160.0,0.0,1.0,83.0,,1.0,100,1.0,1000,DISTRICT18,TABLET,1.0
ITN,2025-05-01,HEALTH CENTER,66.0,1.0,42.0,375.0,1247.0,0.0,244,3.0,50,DISTRICT10,PIECE,-1247.0
ACT-AD,2025-08-01,HEALTH CENTER,1379.0,0.0,44.0,489.0,,0.0,-162,38.0,30,DISTRICT12,BLISTER,0.0
QUIN,2025-02-01,REGIONAL HOSPITAL,58.0,0.0,22.0,54.0,263.0,0.0,-940,1.0,1000,DISTRICT38,TABLET,-263.0
ACT-INF,2025-05-01,HEALTH CENTER,3508.0,23.0,593.0,1307.0,,4.0,9,167.0,30,DISTRICT32,BLISTER,4.0
ACT-SC,2024-11-01,HEALTH CENTER,15.0,23.0,15.0,103.0,,0.0,-150,5.0,30,DISTRICT25,BLISTER,0.0
ART-SUP,2025-05-01,HEALTH CENTER,71.0,0.0,24.0,156.0,,454.0,-332,49.0,2,DISTRICT10,CAPSULE,454.0
ACT-GC,2024-08-01,HEALTH CENTER,2456.0,0.0,82.0,1510.0,,0.0,254,123.0,30,DISTRICT36,BLISTER,0.0
ART-INJ,2024-08-01,HEALTH CENTER,2887.0,0.0,668.0,1494.0,860.0,400.0,-64,742.0,5,DISTRICT14,VIAL,-460.0
ACT-AD,2024-02-01,HEALTH CENTER,369.0,60.0,6.0,99.0,,0.0,-290,1.0,30,DISTRICT27,BLISTER,0.0
SP,2025-02-01,HEALTH CENTER,1156.0,0.0,827.0,549.0,521.0,1691.0,-897,693.0,1000,DISTRICT30,TABLET,1170.0
ITN,2024-08-01,HEALTH CENTER,453.0,23.0,271.0,154.0,,2066.0,-834,505.0,50,DISTRICT31,PIECE,2066.0
ART-INJ,2025-05-01,HEALTH CENTER,884.0,0.0,172.0,1003.0,481.0,1171.0,467,198.0,5,DISTRICT9,VIAL,690.0
RDT,2025-11-01,HEALTH CENTER,857.0,40.0,71.0,198.0,,0.0,-528,23.0,25,DISTRICT29,PIECE,0.0
PYRA-COMP,2024-02-01,HEALTH CENTER,128.0,2.0,6.0,161.0,,0.0,156,0.0,1,DISTRICT29,TABLET,0.0
ACT-GC,2024-11-01,HEALTH CENTER,1485.0,140.0,152.0,1027.0,,3.0,-122,46.0,30,DISTRICT29,BLISTER,3.0
ACT-AD,2024-05-01,HEALTH CENTER,62.0,16.0,70.0,300.0,,535.0,-88,12.0,30,DISTRICT8,BLISTER,535.0
SP,2025-08-01,HEALTH CENTER,116.0,7.0,134.0,27.0,,9.0,406,53.0,1000,DISTRICT15,TABLET,9.0
ACT-SC,2024-05-01,HEALTH CENTER,23.0,4.0,6.0,24.0,412.0,0.0,268,1.0,30,DISTRICT29,BLISTER,-412.0
RDT,2024-02-01,HEALTH CENTER,808.0,91.0,224.0,521.0,,116.0,-1,149.0,25,DISTRICT28,PIECE,116.0
ITN,2025-08-01,HEALTH CENTER,3701.0,31.0,789.0,1248.0,,91.0,66,529.0,50,DISTRICT26,PIECE,91.0
ART-INJ,2025-08-01,HEALTH CENTER,1462.0,0.0,137.0,519.0,,5067.0,-204,51.0,5,DISTRICT19,VIAL,5067.0
ITN,2024-11-01,HEALTH CENTER,1118.0,19.0,427.0,491.0,,2596.0,-115,719.0,50,DISTRICT38,PIECE,2596.0
ACT-SC,2024-05-01,DISTRICT HOSPITAL,292.0,92.0,196.0,501.0,,6124.0,580,58.0,30,DISTRICT6,BLISTER,6124.0
PYRA-COMP,2024-02-01,HEALTH CENTER,742.0,268.0,129.0,592.0,,0.0,-486,25.0,1,DISTRICT33,TABLET,0.0
ACT-AD,2024-08-01,HEALTH CENTER,2022.0,1.0,300.0,1938.0,1210.0,1812.0,-221,81.0,30,DISTRICT32,BLISTER,602.0
ACT-INF,2024-05-01,HEALTH CENTER,1255.0,0.0,269.0,1127.0,,2434.0,412,274.0,30,DISTRICT28,BLISTER,2434.0
ART-INJ,2025-05-01,HEALTH CENTER,216.0,696.0,327.0,825.0,,65.0,-34,155.0,5,DISTRICT16,VIAL,65.0
ACT-SC,2025-05-01,HEALTH CENTER,766.0,17.0,111.0,193.0,,427.0,-305,224.0,30,DISTRICT23,BLISTER,427.0
PYRA-SAC,2024-11-01,HEALTH CENTER,113.0,407.0,82.0,186.0,,1.0,-174,69.0,1,DISTRICT20,SACHET,1.0
ACT-INF,2024-08-01,HEALTH CENTER,5888.0,119.0,432.0,6550.0,,2641.0,-541,328.0,30,DISTRICT12,BLISTER,2641.0
ART-INJ,2025-05-01,HEALTH CENTER,2565.0,1.0,649.0,2395.0,610.0,159.0,230,756.0,5,DISTRICT3,VIAL,-451.0
ART-INJ,2024-02-01,DISTRICT HOSPITAL,218.0,477.0,64.0,476.0,,0.0,398,121.0,5,DISTRICT15,VIAL,0.0
ACT-INF,2024-05-01,HEALTH CENTER,166.0,50.0,216.0,990.0,,268.0,-334,150.0,30,DISTRICT3,BLISTER,268.0
ACT-AD,2024-05-01,HEALTH CENTER,107.0,0.0,27.0,86.0,677.0,0.0,-233,16.0,30,DISTRICT23,BLISTER,-677.0
RDT,2024-05-01,HEALTH CENTER,1583.0,0.0,315.0,722.0,,5109.0,600,409.0,25,DISTRICT2,PIECE,5109.0
ART-SUP,2024-05-01,HEALTH CENTER,366.0,0.0,74.0,114.0,,0.0,883,26.0,2,DISTRICT33,CAPSULE,0.0
QUIN,2024-05-01,HEALTH CENTER,50.0,0.0,147.0,159.0,,54.0,-327,126.0,1000,DISTRICT36,TABLET,54.0
ART-INJ,2025-02-01,HEALTH CENTER,363.0,118.0,397.0,145.0,527.0,7513.0,219,370.0,5,DISTRICT33,VIAL,6986.0
QUIN,2024-05-01,HEALTH CENTER,29.0,0.0,25.0,40.0,,8.0,602,4.0,1000,DISTRICT30,TABLET,8.0
ART-SUP,2024-05-01,DISTRICT HOSPITAL,97.0,186.0,149.0,76.0,,7.0,-83,283.0,2,DISTRICT15,CAPSULE,7.0
ART-SUP,2025-08-01,HEALTH CENTER,35.0,20.0,58.0,78.0,,527.0,-15,56.0,2,DISTRICT27,CAPSULE,527.0
QUIN,2024-11-01,HEALTH CENTER,754.0,1890.0,335.0,3686.0,,6.0,896,69.0,1000,DISTRICT11,TABLET,6.0
PYRA-SAC,2025-08-01,HEALTH CENTER,84.0,3.0,196.0,73.0,,2756.0,-719,375.0,1,DISTRICT28,SACHET,2756.0
ITN,2025-05-01,HEALTH CENTER,1261.0,0.0,215.0,779.0,,1302.0,-552,81.0,50,DISTRICT35,PIECE,1302.0
ART-SUP,2025-05-01,HEALTH CENTER,183.0,10.0,17.0,43.0,,0.0,421,2.0,2,DISTRICT37,CAPSULE,0.0
QUIN,2025-08-01,HEALTH CENTER,4538.0,102.0,1168.0,3322.0,,98.0,-348,494.0,1000,DISTRICT23,TABLET,98.0
ACT-SC,2025-11-01,HEALTH CENTER,2476.0,46.0,979.0,3773.0,,8.0,755,771.0,30,DISTRICT3,BLISTER,8.0
ART-INJ,2024-11-01,DISTRICT HOSPITAL,192.0,32.0,53.0,203.0,,0.0,-466,10.0,5,DISTRICT36,VIAL,0.0
ART-SUP,2025-08-01,HEALTH CENTER,286.0,19.0,106.0,512.0,498.0,184.0,462,91.0,2,DISTRICT5,CAPSULE,-314.0
RDT,2024-11-01,HEALTH CENTER,1317.0,1.0,331.0,538.0,1098.0,557.0,127,512.0,25,DISTRICT24,PIECE,-541.0
ART-INJ,2024-05-01,HEALTH CENTER,1252.0,9.0,285.0,340.0,737.0,0.0,14,266.0,5,DISTRICT27,VIAL,-737.0
ACT-GC,2025-08-01,HEALTH CENTER,438.0,0.0,21.0,150.0,,0.0,-144,6.0,30,DISTRICT36,BLISTER,0.0
ACT-GC,2024-11-01,HEALTH CENTER,319.0,20.0,519.0,546.0,,193.0,452,337.0,30,DISTRICT24,BLISTER,193.0
ACT-GC,2025-11-01,DISTRICT HOSPITAL,195.0,46.0,111.0,519.0,995.0,227.0,-39,74.0,30,DISTRICT33,BLISTER,-768.0
ACT-GC,2024-05-01,HEALTH CENTER,1583.0,0.0,28.0,451.0,351.0,0.0,-304,96.0,30,DISTRICT28,BLISTER,-351.0
ACT-SC,2024-11-01,HEALTH CENTER,435.0,0.0,367.0,249.0,716.0,870.0,589,470.0,30,DISTRICT36,BLISTER,154.0
ACT-INF,2025-08-01,DISTRICT HOSPITAL,6171.0,792.0,1891.0,4851.0,498.0,4186.0,477,1827.0,30,DISTRICT1,BLISTER,3688.0
ACT-AD,2025-02-01,HEALTH CENTER,581.0,3.0,9.0,649.0,557.0,0.0,617,4.0,30,DISTRICT14,BLISTER,-557.0
SP,2025-08-01,DISTRICT HOSPITAL,666.0,1.0,36.0,386.0,,133.0,857,116.0,1000,DISTRICT26,TABLET,133.0
ART-SUP,2024-02-01,HEALTH CENTER,2384.0,2012.0,474.0,3077.0,417.0,0.0,-693,607.0,2,DISTRICT32,CAPSULE,-417.0
PYRA-COMP,2025-11-01,DISTRICT HOSPITAL,314.0,3.0,140.0,168.0,,2626.0,-436,160.0,1,DISTRICT21,TABLET,2626.0
ART-SUP,2025-02-01,HEALTH CENTER,530.0,71.0,172.0,2061.0,,0.0,128,103.0,2,DISTRICT30,CAPSULE,0.0
RDT,2024-11-01,HEALTH CENTER,948.0,759.0,787.0,500.0,,120.0,-147,564.0,25,DISTRICT24,PIECE,120.0
PYRA-SAC,2024-02-01,HEALTH CENTER,3.0,271.0,1.0,103.0,522.0,0.0,218,0.0,1,DISTRICT10,SACHET,-522.0
ACT-GC,2024-05-01,HEALTH CENTER,253.0,5.0,227.0,123.0,,1.0,-441,94.0,30,DISTRICT33,BLISTER,1.0
PYRA-COMP,2024-11-01,HEALTH CENTER,1326.0,681.0,623.0,4648.0,,8946.0,297,392.0,1,DISTRICT29,TABLET,8946.0
ITN,2025-05-01,HEALTH CENTER,151.0,0.0,183.0,29.0,880.0,6707.0,-134,42.0,50,DISTRICT22,PIECE,5827.0
QUIN,2024-08-01,HEALTH CENTER,3.0,0.0,6.0,71.0,,2.0,388,4.0,1000,DISTRICT26,TABLET,2.0
ART-SUP,2024-08-01,HEALTH CENTER,2082.0,612.0,270.0,2230.0,,13.0,-1014,340.0,2,DISTRICT28,CAPSULE,13.0
ART-INJ,2024-08-01,HEALTH CENTER,131.0,133.0,58.0,281.0,,677.0,490,9.0,5,DISTRICT6,VIAL,677.0
ACT-GC,2025-05-01,HEALTH CENTER,3599.0,153.0,876.0,3940.0,519.0,0.0,-508,781.0,30,DISTRICT28,BLISTER,-519.0
ACT-INF,2024-02-01,HEALTH CENTER,1781.0,16.0,301.0,110.0,493.0,200.0,261,183.0,30,DISTRICT20,BLISTER,-293.0
SP,2025-11-01,HEALTH CENTER,6501.0,290.0,1350.0,3901.0,,74.0,-572,1585.0,1000,DISTRICT10,TABLET,74.0
ITN,2025-05-01,HEALTH CENTER,618.0,494.0,720.0,1791.0,794.0,12487.0,-205,394.0,50,DISTRICT28,PIECE,11693.0
ACT-SC,2024-02-01,HEALTH CENTER,1014.0,0.0,175.0,812.0,,2211.0,-110,157.0,30,DISTRICT23,BLISTER,2211.0
SP,2024-11-01,HEALTH CENTER,2045.0,0.0,156.0,867.0,,491.0,-406,128.0,1000,DISTRICT14,TABLET,491.0
ART-SUP,2024-02-01,HEALTH CENTER,78.0,0.0,44.0,41.0,,0.0,-137,4.0,2,DISTRICT20,CAPSULE,0.0
ART-SUP,2025-05-01,HEALTH CENTER,2880.0,165.0,461.0,869.0,,293.0,-395,549.0,2,DISTRICT9,CAPSULE,293.0
PYRA-COMP,2025-11-01,HEALTH CENTER,927.0,65.0,212.0,796.0,,77.0,164,353.0,1,DISTRICT29,TABLET,77.0
ITN,2025-05-01,HEALTH CENTER,427.0,219.0,417.0,605.0,,5485.0,198,291.0,50,DISTRICT5,PIECE,5485.0
ACT-AD,2025-05-01,HEALTH CENTER,3468.0,2269.0,1385.0,5149.0,1116.0,9.0,-58,1139.0,30,DISTRICT36,BLISTER,-1107.0
PYRA-COMP,2024-02-01,HEALTH CENTER,57.0,252.0,16.0,176.0,,3117.0,-133,13.0,1,DISTRICT25,TABLET,3117.0
RDT,2024-08-01,HEALTH CENTER,49.0,280.0,187.0,803.0,761.0,2147.0,-181,66.0,25,DISTRICT2,PIECE,1386.0
PYRA-SAC,2024-08-01,DISTRICT HOSPITAL,2708.0,56.0,211.0,918.0,,0.0,-798,29.0,1,DISTRICT19,SACHET,0.0
ART-SUP,2025-02-01,HEALTH CENTER,786.0,10.0,193.0,598.0,,9.0,-687,172.0,2,DISTRICT16,CAPSULE,9.0
ART-INJ,2024-11-01,HEALTH CENTER,451.0,681.0,249.0,1738.0,,0.0,163,331.0,5,DISTRICT28,VIAL,0.0
SP,2025-11-01,HEALTH CENTER,674.0,0.0,60.0,175.0,319.0,2.0,97,40.0,1000,DISTRICT12,TABLET,-317.0
RDT,2025-05-01,HEALTH CENTER,119.0,0.0,23.0,142.0,,145.0,477,23.0,25,DISTRICT19,PIECE,145.0
ITN,2024-05-01,HEALTH CENTER,181.0,1.0,41.0,183.0,,49.0,-441,140.0,50,DISTRICT14,PIECE,49.0
PYRA-COMP,2025-05-01,HEALTH CENTER,2474.0,203.0,389.0,2044.0,,0.0,-3,499.0,1,DISTRICT21,TABLET,0.0
ACT-AD,2024-08-01,HEALTH CENTER,54.0,0.0,6.0,5.0,,28.0,-741,0.0,30,DISTRICT35,BLISTER,28.0
ACT-GC,2024-05-01,HEALTH CENTER,334.0,0.0,5.0,29.0,,0.0,-653,1.0,30,DISTRICT24,BLISTER,0.0
ACT-AD,2024-02-01,HEALTH CENTER,405.0,1037.0,42.0,379.0,,27.0,38,32.0,30,DISTRICT13,BLISTER,27.0
RDT,2024-02-01,HEALTH CENTER,348.0,0.0,285.0,202.0,504.0,3006.0,367,344.0,25,DISTRICT33,PIECE,2502.0
ART-INJ,2024-11-01,REGIONAL HOSPITAL,1811.0,29.0,186.0,1247.0,,33.0,-820,52.0,5,DISTRICT37,VIAL,33.0
ACT-AD,2025-11-01,HEALTH CENTER,213.0,642.0,94.0,107.0,,72.0,-419,95.0,30,DISTRICT14,BLISTER,72.0
RDT,2024-05-01,HEALTH CENTER,6998.0,1.0,1194.0,1518.0,,17.0,-69,1022.0,25,DISTRICT26,PIECE,17.0
PYRA-COMP,2025-08-01,HEALTH CENTER,5826.0,1103.0,678.0,2892.0,,1228.0,166,591.0,1,DISTRICT35,TABLET,1228.0
ART-SUP,2025-08-01,HEALTH CENTER,1164.0,194.0,211.0,1437.0,,37.0,191,93.0,2,DISTRICT16,CAPSULE,37.0
ACT-INF,2025-11-01,HEALTH CENTER,835.0,100.0,164.0,648.0,,49.0,213,349.0,30,DISTRICT8,BLISTER,49.0
ACT-GC,2024-11-01,HEALTH CENTER,1590.0,0.0,350.0,384.0,543.0,3.0,-118,30.0,30,DISTRICT14,BLISTER,-540.0
ACT-GC,2025-08-01,HEALTH CENTER,615.0,71.0,215.0,377.0,,3.0,387,197.0,30,DISTRICT37,BLISTER,3.0
QUIN,2025-05-01,HEALTH CENTER,1032.0,1162.0,281.0,2060.0,892.0,707.0,-188,249.0,1000,DISTRICT25,TABLET,-185.0
ART-INJ,2024-08-01,HEALTH CENTER,310.0,2439.0,1077.0,2182.0,,2685.0,511,710.0,5,DISTRICT22,VIAL,2685.0
ART-INJ,2024-02-01,HEALTH CENTER,150.0,532.0,36.0,34.0,,2.0,79,66.0,5,DISTRICT17,VIAL,2.0
ART-SUP,2024-11-01,HEALTH CENTER,2976.0,33.0,793.0,2542.0,,408.0,-243,906.0,2,DISTRICT32,CAPSULE,408.0
ART-SUP,2025-08-01,HEALTH CENTER,2313.0,612.0,747.0,4313.0,,3523.0,261,1706.0,2,DISTRICT13,CAPSULE,3523.0
SP,2024-08-01,HEALTH CENTER,713.0,0.0,27.0,280.0,178.0,0.0,853,0.0,1000,DISTRICT13,TABLET,-178.0
PYRA-COMP,2024-02-01,HEALTH CENTER,12.0,1.0,2.0,21.0,,583.0,-301,3.0,1,DISTRICT28,TABLET,583.0
ACT-AD,2025-08-01,HEALTH CENTER,5066.0,609.0,1130.0,2676.0,,2176.0,204,1336.0,30,DISTRICT13,BLISTER,2176.0
ACT-AD,2025-05-01,HEALTH CENTER,70.0,613.0,49.0,635.0,,0.0,605,50.0,30,DISTRICT2,BLISTER,0.0
ART-INJ,2025-08-01,HEALTH CENTER,187.0,17.0,1.0,59.0,,0.0,295,1.0,5,DISTRICT20,VIAL,0.0
ACT-INF,2024-02-01,HEALTH CENTER,398.0,0.0,11.0,478.0,746.0,0.0,-562,6.0,30,DISTRICT1,BLISTER,-746.0
ACT-SC,2024-08-01,HEALTH CENTER,1004.0,105.0,242.0,969.0,,3.0,-143,195.0,30,DISTRICT17,BLISTER,3.0
ART-INJ,2025-05-01,HEALTH CENTER,6901.0,1069.0,2068.0,7634.0,113.0,192.0,-308,2835.0,5,DISTRICT37,VIAL,79.0
SP,2025-02-01,HEALTH CENTER,95.0,33.0,120.0,1335.0,,2048.0,189,51.0,1000,DISTRICT24,TABLET,2048.0
ACT-AD,2025-02-01,HEALTH CENTER,57.0,118.0,42.0,343.0,642.0,622.0,191,35.0,30,DISTRICT20,BLISTER,-20.0
ACT-SC,2024-11-01,HEALTH CENTER,1258.0,0.0,38.0,1018.0,,39.0,153,56.0,30,DISTRICT18,BLISTER,39.0
ART-SUP,2024-11-01,HEALTH CENTER,1443.0,309.0,250.0,3015.0,,0.0,-109,327.0,2,DISTRICT2,CAPSULE,0.0
ACT-INF,2025-02-01,HEALTH CENTER,881.0,0.0,69.0,102.0,287.0,7.0,-266,65.0,30,DISTRICT28,BLISTER,-280.0
ART-INJ,2025-05-01,HEALTH CENTER,245.0,5.0,109.0,7.0,1080.0,461.0,-224,19.0,5,DISTRICT25,VIAL,-619.0
ACT-AD,2025-11-01,REGIONAL HOSPITAL,108.0,2484.0,41.0,53.0,1245.0,0.0,43,22.0,30,DISTRICT16,BLISTER,-1245.0
PYRA-COMP,2025-02-01,HEALTH CENTER,958.0,808.0,666.0,2244.0,,10209.0,729,303.0,1,DISTRICT26,TABLET,10209.0
ART-INJ,2024-02-01,HEALTH CENTER,4545.0,19.0,351.0,2030.0,,385.0,251,274.0,5,DISTRICT9,VIAL,385.0
ART-INJ,2025-02-01,DISTRICT HOSPITAL,170.0,1.0,159.0,64.0,,3133.0,428,310.0,5,DISTRICT5,VIAL,3133.0
ITN,2025-05-01,HEALTH CENTER,1024.0,15.0,273.0,2599.0,,0.0,277,53.0,50,DISTRICT24,PIECE,0.0
RDT,2024-11-01,HEALTH CENTER,529.0,260.0,172.0,528.0,,0.0,-13,234.0,25,DISTRICT26,PIECE,0.0
RDT,2025-11-01,HEALTH CENTER,315.0,2.0,20.0,110.0,,0.0,-503,0.0,25,DISTRICT4,PIECE,0.0
RDT,2025-08-01,HEALTH CENTER,116.0,12.0,159.0,255.0,,43.0,286,72.0,25,DISTRICT16,PIECE,43.0
PYRA-SAC,2025-02-01,HEALTH CENTER,654.0,288.0,608.0,1330.0,,0.0,623,757.0,1,DISTRICT36,SACHET,0.0
ACT-SC,2024-11-01,HEALTH CENTER,602.0,459.0,288.0,690.0,,40.0,-205,75.0,30,DISTRICT3,BLISTER,40.0
ACT-INF,2025-02-01,HEALTH CENTER,1504.0,2.0,667.0,158.0,,690.0,-406,1069.0,30,DISTRICT20,BLISTER,690.0
PYRA-COMP,2025-05-01,DISTRICT HOSPITAL,4050.0,91.0,927.0,1865.0,,393.0,395,488.0,1,DISTRICT18,TABLET,393.0
PYRA-COMP,2025-08-01,HEALTH CENTER,147.0,0.0,358.0,107.0,948.0,5681.0,603,229.0,1,DISTRICT5,TABLET,4733.0
ACT-SC,2025-11-01,HEALTH CENTER,2038.0,49.0,426.0,3385.0,,0.0,62,207.0,30,DISTRICT6,BLISTER,0.0
PYRA-COMP,2024-08-01,HEALTH CENTER,1854.0,37.0,534.0,1059.0,,9.0,212,169.0,1,DISTRICT26,TABLET,9.0
PYRA-SAC,2024-08-01,HEALTH CENTER,1074.0,1.0,101.0,169.0,,0.0,-452,58.0,1,DISTRICT33,SACHET,0.0
PYRA-SAC,2025-02-01,HEALTH CENTER,333.0,456.0,29.0,991.0,,0.0,65,26.0,1,DISTRICT4,SACHET,0.0
ART-SUP,2025-11-01,HEALTH CENTER,378.0,5.0,74.0,211.0,,0.0,-71,17.0,2,DISTRICT35,CAPSULE,0.0
ART-INJ,2025-08-01,DISTRICT HOSPITAL,832.0,1759.0,430.0,2098.0,,14.0,42,289.0,5,DISTRICT20,VIAL,14.0
ACT-SC,2025-11-01,HEALTH CENTER,466.0,409.0,279.0,818.0,593.0,261.0,57,437.0,30,DISTRICT33,BLISTER,-332.0
RDT,2025-08-01,HEALTH CENTER,129.0,1.0,83.0,16.0,,201.0,55,27.0,25,DISTRICT32,PIECE,201.0
PYRA-COMP,2025-02-01,HEALTH CENTER,1295.0,0.0,241.0,1403.0,,11.0,230,316.0,1,DISTRICT5,TABLET,11.0
QUIN,2024-08-01,HEALTH CENTER,204.0,2.0,72.0,52.0,,2944.0,-191,13.0,1000,DISTRICT19,TABLET,2944.0
PYRA-SAC,2024-02-01,HEALTH CENTER,466.0,0.0,9.0,205.0,,32.0,953,1.0,1,DISTRICT25,SACHET,32.0
ITN,2024-05-01,HEALTH CENTER,382.0,1.0,121.0,2021.0,879.0,142.0,90,384.0,50,DISTRICT36,PIECE,-737.0
PYRA-COMP,2025-02-01,HEALTH CENTER,390.0,609.0,189.0,219.0,402.0,2846.0,120,88.0,1,DISTRICT28,TABLET,2444.0
ACT-SC,2024-08-01,HEALTH CENTER,980.0,151.0,222.0,1176.0,430.0,105.0,-131,264.0,30,DISTRICT36,BLISTER,-325.0
ART-SUP,2025-08-01,HEALTH CENTER,4582.0,32.0,580.0,3131.0,,0.0,65,176.0,2,DISTRICT19,CAPSULE,0.0
PYRA-SAC,2024-05-01,HEALTH CENTER,514.0,0.0,383.0,217.0,868.0,334.0,-55,162.0,1,DISTRICT20,SACHET,-534.0
ART-INJ,2024-02-01,HEALTH CENTER,12.0,10.0,18.0,17.0,1490.0,156.0,38,2.0,5,DISTRICT32,VIAL,-1334.0
RDT,2025-08-01,HEALTH CENTER,228.0,6.0,68.0,122.0,,0.0,369,29.0,25,DISTRICT15,PIECE,0.0
SP,2024-05-01,HEALTH CENTER,1372.0,16.0,163.0,392.0,177.0,795.0,-151,84.0,1000,DISTRICT26,TABLET,618.0
QUIN,2024-02-01,HEALTH CENTER,502.0,0.0,73.0,1132.0,,0.0,-219,17.0,1000,DISTRICT23,TABLET,0.0
ART-SUP,2025-05-01,HEALTH CENTER,2579.0,2449.0,457.0,3116.0,,0.0,139,85.0,2,DISTRICT28,CAPSULE,0.0
ACT-SC,2025-11-01,HEALTH CENTER,1359.0,29.0,182.0,647.0,,332.0,39,556.0,30,DISTRICT26,BLISTER,332.0
PYRA-SAC,2024-08-01,HEALTH CENTER,1064.0,10.0,271.0,1368.0,,1.0,-439,122.0,1,DISTRICT5,SACHET,1.0
ACT-SC,2025-11-01,DISTRICT HOSPITAL,7006.0,0.0,1185.0,4791.0,,506.0,-160,670.0,30,DISTRICT13,BLISTER,506.0
ITN,2025-11-01,HEALTH CENTER,407.0,973.0,12.0,876.0,,0.0,290,3.0,50,DISTRICT25,PIECE,0.0
ACT-AD,2025-02-01,HEALTH CENTER,1096.0,986.0,368.0,2865.0,,0.0,-423,138.0,30,DISTRICT29,BLISTER,0.0
ART-SUP,2024-05-01,HEALTH CENTER,1482.0,288.0,191.0,1813.0,1143.0,649.0,-238,160.0,2,DISTRICT20,CAPSULE,-494.0
PYRA-SAC,2025-02-01,HEALTH CENTER,105.0,36.0,203.0,60.0,,8543.0,634,128.0,1,DISTRICT18,SACHET,8543.0
ACT-GC,2025-05-01,HEALTH CENTER,257.0,2.0,137.0,274.0,,0.0,-343,105.0,30,DISTRICT11,BLISTER,0.0
ACT-GC,2025-08-01,HEALTH CENTER,2500.0,136.0,760.0,2060.0,,3132.0,45,807.0,30,DISTRICT31,BLISTER,3132.0
PYRA-SAC,2025-11-01,HEALTH CENTER,1489.0,252.0,172.0,542.0,,438.0,-205,24.0,1,DISTRICT8,SACHET,438.0
ACT-GC,2025-05-01,HEALTH CENTER,1911.0,154.0,598.0,1617.0,,844.0,-409,559.0,30,DISTRICT33,BLISTER,844.0
RDT,2024-08-01,HEALTH CENTER,570.0,137.0,280.0,631.0,,0.0,449,97.0,25,DISTRICT32,PIECE,0.0
SP,2024-08-01,HEALTH CENTER,3238.0,106.0,491.0,1791.0,,1111.0,-481,381.0,1000,DISTRICT1,TABLET,1111.0
ART-INJ,2025-11-01,HEALTH CENTER,26.0,0.0,61.0,6.0,,0.0,-617,18.0,5,DISTRICT12,VIAL,0.0
RDT,2024-11-01,HEALTH CENTER,1018.0,77.0,117.0,48.0,873.0,8269.0,-129,89.0,25,DISTRICT32,PIECE,7396.0
ACT-INF,2025-11-01,HEALTH CENTER,169.0,61.0,13.0,98.0,,0.0,-432,3.0,30,DISTRICT32,BLISTER,0.0
QUIN,2024-11-01,HEALTH CENTER,5068.0,600.0,1803.0,5863.0,,8.0,-525,1592.0,1000,DISTRICT13,TABLET,8.0
ACT-GC,2025-08-01,HEALTH CENTER,395.0,6.0,154.0,279.0,,0.0,537,28.0,30,DISTRICT25,BLISTER,0.0
ACT-INF,2024-05-01,HEALTH CENTER,4373.0,3.0,547.0,2469.0,,0.0,-555,393.0,30,DISTRICT5,BLISTER,0.0
PYRA-COMP,2024-05-01,HEALTH CENTER,70.0,70.0,90.0,88.0,,1087.0,75,42.0,1,DISTRICT30,TABLET,1087.0
ART-SUP,2025-11-01,HEALTH CENTER,1381.0,473.0,89.0,619.0,,104.0,159,36.0,2,DISTRICT14,CAPSULE,104.0
RDT,2024-11-01,HEALTH CENTER,1349.0,14.0,156.0,663.0,,604.0,-31,159.0,25,DISTRICT27,PIECE,604.0
ACT-GC,2024-11-01,HEALTH CENTER,1882.0,1303.0,258.0,1691.0,,8.0,158,88.0,30,DISTRICT38,BLISTER,8.0
RDT,2025-08-01,HEALTH CENTER,1921.0,529.0,491.0,1776.0,,134.0,445,183.0,25,DISTRICT1,PIECE,134.0
PYRA-COMP,2024-05-01,HEALTH CENTER,233.0,657.0,61.0,346.0,,3.0,-28,27.0,1,DISTRICT14,TABLET,3.0
PYRA-SAC,2024-02-01,HEALTH CENTER,273.0,129.0,48.0,161.0,1074.0,263.0,545,35.0,1,DISTRICT3,SACHET,-811.0
ACT-INF,2024-05-01,HEALTH CENTER,3713.0,67.0,983.0,6671.0,1352.0,22.0,235,1756.0,30,DISTRICT2,BLISTER,-1330.0
ART-SUP,2024-02-01,HEALTH CENTER,0.0,0.0,0.0,1.0,,7.0,210,0.0,2,DISTRICT19,CAPSULE,7.0
ACT-GC,2024-05-01,HEALTH CENTER,1800.0,109.0,356.0,2587.0,,28.0,77,247.0,30,DISTRICT25,BLISTER,28.0
SP,2025-02-01,DISTRICT HOSPITAL,341.0,326.0,114.0,2111.0,,2290.0,264,112.0,1000,DISTRICT30,TABLET,2290.0
QUIN,2025-08-01,HEALTH CENTER,3920.0,114.0,531.0,2310.0,,0.0,216,229.0,1000,DISTRICT38,TABLET,0.0
ACT-AD,2024-02-01,HEALTH CENTER,465.0,361.0,369.0,871.0,,834.0,308,440.0,30,DISTRICT32,BLISTER,834.0
ACT-GC,2024-05-01,HEALTH CENTER,87.0,3.0,23.0,904.0,,1.0,82,27.0,30,DISTRICT15,BLISTER,1.0
ACT-SC,2024-11-01,HEALTH CENTER,94.0,8.0,174.0,368.0,,95.0,-122,145.0,30,DISTRICT14,BLISTER,95.0
ACT-GC,2024-11-01,HEALTH CENTER,3174.0,110.0,664.0,3371.0,867.0,0.0,186,347.0,30,DISTRICT25,BLISTER,-867.0
SP,2025-02-01,HEALTH CENTER,248.0,4.0,316.0,437.0,761.0,5105.0,524,257.0,1000,DISTRICT24,TABLET,4344.0
PYRA-COMP,2024-08-01,HEALTH CENTER,160.0,0.0,5.0,33.0,582.0,10063.0,71,2.0,1,DISTRICT26,TABLET,9481.0
ART-SUP,2024-11-01,HEALTH CENTER,2113.0,1.0,206.0,1017.0,1582.0,28.0,491,93.0,2,DISTRICT9,CAPSULE,-1554.0
PYRA-SAC,2024-05-01,DISTRICT HOSPITAL,18.0,659.0,185.0,226.0,949.0,1686.0,125,83.0,1,DISTRICT3,SACHET,737.0
ART-SUP,2024-02-01,HEALTH CENTER,930.0,0.0,382.0,722.0,527.0,0.0,-565,302.0,2,DISTRICT31,CAPSULE,-527.0
PYRA-SAC,2024-02-01,HEALTH CENTER,93.0,18.0,0.0,88.0,,0.0,261,0.0,1,DISTRICT23,SACHET,0.0
RDT,2025-05-01,HEALTH CENTER,2858.0,27.0,581.0,5590.0,826.0,194.0,395,390.0,25,DISTRICT26,PIECE,-632.0
ACT-GC,2024-08-01,HEALTH CENTER,1217.0,0.0,216.0,1894.0,743.0,1134.0,-251,202.0,30,DISTRICT2,BLISTER,391.0
PYRA-COMP,2024-02-01,HEALTH CENTER,1182.0,6.0,145.0,2034.0,,0.0,178,189.0,1,DISTRICT29,TABLET,0.0
QUIN,2024-02-01,HEALTH CENTER,4632.0,617.0,1151.0,3306.0,,193.0,156,1260.0,1000,DISTRICT23,TABLET,193.0
SP,2024-02-01,HEALTH CENTER,2576.0,22.0,1148.0,2944.0,,259.0,372,905.0,1000,DISTRICT22,TABLET,259.0
ACT-INF,2024-02-01,DISTRICT HOSPITAL,470.0,1558.0,429.0,2214.0,,1065.0,-259,742.0,30,DISTRICT9,BLISTER,1065.0
ACT-SC,2024-02-01,HEALTH CENTER,1850.0,17.0,309.0,806.0,1503.0,12.0,-87,114.0,30,DISTRICT9,BLISTER,-1491.0
RDT,2024-08-01,DISTRICT HOSPITAL,634.0,38.0,143.0,727.0,,439.0,-379,81.0,25,DISTRICT30,PIECE,439.0
SP,2024-11-01,REGIONAL HOSPITAL,1515.0,40.0,1129.0,994.0,,6.0,-174,889.0,1000,DISTRICT13,TABLET,6.0
ART-INJ,2024-08-01,HEALTH CENTER,123.0,5.0,35.0,55.0,370.0,6.0,-39,7.0,5,DISTRICT1,VIAL,-364.0
PYRA-COMP,2024-11-01,HEALTH CENTER,1145.0,2.0,111.0,1467.0,92.0,0.0,-384,35.0,1,DISTRICT35,TABLET,-92.0
PYRA-SAC,2024-11-01,DISTRICT HOSPITAL,4109.0,1378.0,211.0,2167.0,,0.0,-378,191.0,1,DISTRICT29,SACHET,0.0
ACT-AD,2024-02-01,DISTRICT HOSPITAL,4770.0,1266.0,1332.0,4081.0,1133.0,516.0,-200,1170.0,30,DISTRICT9,BLISTER,-617.0
SP,2025-05-01,HEALTH CENTER,9043.0,192.0,2160.0,6760.0,,709.0,-291,2117.0,1000,DISTRICT6,TABLET,709.0
SP,2025-11-01,HEALTH CENTER,5592.0,241.0,649.0,5285.0,,0.0,510,282.0,1000,DISTRICT26,TABLET,0.0
PYRA-COMP,2024-08-01,HEALTH CENTER,3219.0,474.0,201.0,3164.0,,0.0,-112,139.0,1,DISTRICT20,TABLET,0.0
ACT-INF,2024-02-01,HEALTH CENTER,25.0,8.0,196.0,146.0,,249.0,-192,146.0,30,DISTRICT9,BLISTER,249.0
ACT-GC,2024-11-01,HEALTH CENTER,1556.0,1.0,304.0,1559.0,,31.0,616,244.0,30,DISTRICT12,BLISTER,31.0
PYRA-COMP,2024-08-01,HEALTH CENTER,227.0,69.0,400.0,681.0,,4127.0,-147,242.0,1,DISTRICT3,TABLET,4127.0
ART-INJ,2024-02-01,HEALTH CENTER,562.0,268.0,119.0,739.0,1718.0,40.0,122,138.0,5,DISTRICT21,VIAL,-1678.0
ACT-SC,2025-11-01,HEALTH CENTER,357.0,0.0,82.0,221.0,,2413.0,-261,63.0,30,DISTRICT24,BLISTER,2413.0
RDT,2025-08-01,HEALTH CENTER,369.0,5.0,326.0,473.0,,2070.0,993,145.0,25,DISTRICT29,PIECE,2070.0
SP,2024-11-01,HEALTH CENTER,30.0,0.0,1.0,1.0,,55.0,-29,0.0,1000,DISTRICT11,TABLET,55.0
ACT-GC,2025-11-01,HEALTH CENTER,3176.0,0.0,344.0,1725.0,,18.0,179,113.0,30,DISTRICT33,BLISTER,18.0
RDT,2025-08-01,HEALTH CENTER,199.0,178.0,380.0,192.0,,885.0,68,325.0,25,DISTRICT5,PIECE,885.0
ACT-INF,2024-05-01,REGIONAL HOSPITAL,1292.0,15.0,615.0,2640.0,,1309.0,-76,706.0,30,DISTRICT23,BLISTER,1309.0
ART-INJ,2025-02-01,HEALTH CENTER,820.0,2.0,361.0,1017.0,475.0,0.0,-642,114.0,5,DISTRICT5,VIAL,-475.0
SP,2024-05-01,HEALTH CENTER,3.0,0.0,0.0,15.0,,0.0,514,0.0,1000,DISTRICT16,TABLET,0.0
PYRA-COMP,2025-11-01,HEALTH CENTER,71.0,0.0,21.0,81.0,,21.0,-1117,8.0,1,DISTRICT30,TABLET,21.0
ACT-GC,2024-08-01,HEALTH CENTER,496.0,684.0,568.0,1854.0,,9.0,623,632.0,30,DISTRICT37,BLISTER,9.0
ACT-INF,2024-05-01,NATIONAL HOSPITAL,722.0,21.0,476.0,1007.0,,584.0,-103,339.0,30,DISTRICT28,BLISTER,584.0
ITN,2025-11-01,HEALTH CENTER,767.0,24.0,428.0,775.0,,18.0,-145,291.0,50,DISTRICT6,PIECE,18.0
ART-SUP,2024-08-01,HEALTH CENTER,2699.0,39.0,475.0,485.0,,0.0,1,198.0,2,DISTRICT25,CAPSULE,0.0
ACT-GC,2024-08-01,HEALTH CENTER,13.0,0.0,3.0,89.0,,0.0,-385,3.0,30,DISTRICT12,BLISTER,0.0
ITN,2024-08-01,HEALTH CENTER,653.0,111.0,87.0,470.0,,71.0,-158,53.0,50,DISTRICT22,PIECE,71.0
QUIN,2025-02-01,REGIONAL HOSPITAL,320.0,832.0,390.0,882.0,,114.0,-106,136.0,1000,DISTRICT15,TABLET,114.0
RDT,2024-08-01,HEALTH CENTER,1493.0,185.0,584.0,1454.0,,450.0,133,572.0,25,DISTRICT9,PIECE,450.0
ACT-AD,2024-11-01,DISTRICT HOSPITAL,744.0,282.0,78.0,558.0,,0.0,-367,56.0,30,DISTRICT29,BLISTER,0.0
ART-SUP,2025-05-01,HEALTH CENTER,2101.0,1797.0,160.0,4488.0,993.0,0.0,-371,136.0,2,DISTRICT1,CAPSULE,-993.0
ACT-GC,2024-11-01,HEALTH CENTER,2767.0,33.0,668.0,3463.0,,1328.0,370,390.0,30,DISTRICT30,BLISTER,1328.0
ACT-SC,2024-02-01,REGIONAL HOSPITAL,2144.0,165.0,536.0,904.0,,3.0,-196,458.0,30,DISTRICT32,BLISTER,3.0
SP,2024-05-01,HEALTH CENTER,1535.0,2233.0,889.0,3576.0,,137.0,640,1889.0,1000,DISTRICT21,TABLET,137.0
ITN,2025-02-01,HEALTH CENTER,940.0,524.0,192.0,2730.0,195.0,0.0,313,91.0,50,DISTRICT31,PIECE,-195.0
ART-INJ,2024-08-01,HEALTH CENTER,600.0,59.0,13.0,1321.0,460.0,0.0,742,3.0,5,DISTRICT3,VIAL,-460.0
ACT-GC,2024-08-01,HEALTH CENTER,2062.0,306.0,569.0,1247.0,,815.0,146,482.0,30,DISTRICT31,BLISTER,815.0
SP,2025-08-01,HEALTH CENTER,2002.0,39.0,342.0,1867.0,1326.0,237.0,483,41.0,1000,DISTRICT30,TABLET,-1089.0
ITN,2024-08-01,HEALTH CENTER,336.0,83.0,53.0,1495.0,,92.0,89,17.0,50,DISTRICT28,PIECE,92.0
PYRA-COMP,2025-02-01,HEALTH CENTER,6481.0,10.0,527.0,2427.0,,5.0,15,455.0,1,DISTRICT18,TABLET,5.0
PYRA-SAC,2025-02-01,HEALTH CENTER,1108.0,612.0,253.0,1316.0,,1384.0,-438,214.0,1,DISTRICT28,SACHET,1384.0
ACT-INF,2024-02-01,HEALTH CENTER,989.0,4.0,63.0,461.0,,28.0,-163,51.0,30,DISTRICT32,BLISTER,28.0
PYRA-SAC,2024-05-01,HEALTH CENTER,65.0,709.0,52.0,19.0,333.0,1.0,-19,20.0,1,DISTRICT13,SACHET,-332.0
SP,2025-11-01,HEALTH CENTER,637.0,23.0,114.0,672.0,265.0,0.0,622,23.0,1000,DISTRICT3,TABLET,-265.0
ITN,2024-11-01,HEALTH CENTER,882.0,430.0,30.0,1568.0,870.0,0.0,467,7.0,50,DISTRICT29,PIECE,-870.0
ART-SUP,2025-05-01,HEALTH CENTER,109.0,54.0,18.0,463.0,2012.0,2284.0,-136,19.0,2,DISTRICT33,CAPSULE,272.0
SP,2024-11-01,HEALTH CENTER,370.0,291.0,189.0,842.0,,0.0,-148,102.0,1000,DISTRICT2,TABLET,0.0
ACT-INF,2024-11-01,HEALTH CENTER,152.0,0.0,89.0,26.0,,580.0,-410,38.0,30,DISTRICT29,BLISTER,580.0
SP,2024-11-01,HEALTH CENTER,306.0,0.0,88.0,88.0,,0.0,450,231.0,1000,DISTRICT13,TABLET,0.0
PYRA-SAC,2025-08-01,HEALTH CENTER,1831.0,346.0,1402.0,3216.0,,734.0,-333,1496.0,1,DISTRICT9,SACHET,734.0
PYRA-COMP,2025-08-01,HEALTH CENTER,215.0,82.0,86.0,179.0,,295.0,531,163.0,1,DISTRICT37,TABLET,295.0
QUIN,2025-08-01,HEALTH CENTER,136.0,53.0,44.0,293.0,283.0,25.0,103,13.0,1000,DISTRICT18,TABLET,-258.0
ACT-GC,2025-02-01,HEALTH CENTER,5.0,0.0,38.0,4.0,,2064.0,242,20.0,30,DISTRICT33,BLISTER,2064.0
QUIN,2024-08-01,HEALTH CENTER,28.0,0.0,23.0,92.0,,378.0,-233,25.0,1000,DISTRICT28,TABLET,378.0
ART-INJ,2025-05-01,DISTRICT HOSPITAL,253.0,562.0,97.0,234.0,,3.0,73,72.0,5,DISTRICT1,VIAL,3.0
QUIN,2025-11-01,HEALTH CENTER,4978.0,0.0,391.0,2682.0,,406.0,-927,281.0,1000,DISTRICT16,TABLET,406.0
ACT-SC,2025-02-01,HEALTH CENTER,10661.0,8.0,748.0,3804.0,,10.0,-707,440.0,30,DISTRICT32,BLISTER,10.0
ART-SUP,2025-02-01,HEALTH CENTER,826.0,139.0,173.0,1985.0,513.0,0.0,296,108.0,2,DISTRICT30,CAPSULE,-513.0
ACT-AD,2024-02-01,HEALTH CENTER,2121.0,0.0,137.0,1015.0,,51.0,-482,49.0,30,DISTRICT14,BLISTER,51.0
ACT-INF,2024-05-01,HEALTH CENTER,980.0,568.0,296.0,963.0,,648.0,657,588.0,30,DISTRICT14,BLISTER,648.0
PYRA-SAC,2024-02-01,HEALTH CENTER,2896.0,714.0,453.0,2579.0,709.0,0.0,85,316.0,1,DISTRICT19,SACHET,-709.0
QUIN,2025-05-01,HEALTH CENTER,67.0,787.0,27.0,333.0,,1.0,-302,4.0,1000,DISTRICT31,TABLET,1.0
RDT,2025-11-01,DISTRICT HOSPITAL,1648.0,25.0,264.0,2055.0,,0.0,-65,118.0,25,DISTRICT9,PIECE,0.0
ACT-AD,2025-11-01,HEALTH CENTER,5.0,0.0,1.0,1.0,,0.0,6,0.0,30,DISTRICT31,BLISTER,0.0
ACT-INF,2024-02-01,HEALTH CENTER,211.0,833.0,171.0,1079.0,195.0,1.0,195,72.0,30,DISTRICT3,BLISTER,-194.0
PYRA-SAC,2024-11-01,HEALTH CENTER,251.0,15.0,421.0,223.0,312.0,560.0,622,219.0,1,DISTRICT28,SACHET,248.0
ACT-SC,2024-08-01,HEALTH CENTER,1683.0,1023.0,195.0,3348.0,,0.0,-427,229.0,30,DISTRICT15,BLISTER,0.0
ACT-SC,2024-05-01,HEALTH CENTER,563.0,612.0,132.0,1881.0,,3.0,661,52.0,30,DISTRICT20,BLISTER,3.0
RDT,2025-02-01,HEALTH CENTER,7590.0,1924.0,2607.0,8039.0,,0.0,557,1407.0,25,DISTRICT28,PIECE,0.0
ACT-AD,2025-02-01,HEALTH CENTER,67.0,3.0,95.0,65.0,,0.0,-404,34.0,30,DISTRICT21,BLISTER,0.0
SP,2025-05-01,REGIONAL HOSPITAL,755.0,6.0,848.0,1338.0,,1242.0,289,602.0,1000,DISTRICT2,TABLET,1242.0
ACT-GC,2025-05-01,DISTRICT HOSPITAL,1812.0,7.0,108.0,446.0,,0.0,334,132.0,30,DISTRICT1,BLISTER,0.0
SP,2025-11-01,HEALTH CENTER,58.0,0.0,47.0,13.0,,2320.0,366,59.0,1000,DISTRICT14,TABLET,2320.0
ACT-SC,2024-05-01,HEALTH CENTER,2283.0,44.0,411.0,3743.0,656.0,0.0,-472,374.0,30,DISTRICT14,BLISTER,-656.0
SP,2025-05-01,HEALTH CENTER,644.0,66.0,18.0,781.0,592.0,0.0,17,1.0,1000,DISTRICT32,TABLET,-592.0
ACT-AD,2025-02-01,HEALTH CENTER,48.0,13.0,13.0,10.0,,429.0,320,22.0,30,DISTRICT6,BLISTER,429.0
ACT-SC,2025-11-01,HEALTH CENTER,2528.0,3.0,1114.0,1064.0,,1860.0,670,881.0,30,DISTRICT7,BLISTER,1860.0
QUIN,2025-05-01,NATIONAL HOSPITAL,90.0,0.0,18.0,20.0,1301.0,14.0,-222,36.0,1000,DISTRICT20,TABLET,-1287.0
ACT-INF,2024-02-01,HEALTH CENTER,962.0,27.0,1095.0,1990.0,,2025.0,24,1434.0,30,DISTRICT29,BLISTER,2025.0
ITN,2025-02-01,HEALTH CENTER,255.0,187.0,239.0,169.0,,483.0,183,210.0,50,DISTRICT30,PIECE,483.0
RDT,2025-05-01,DISTRICT HOSPITAL,1372.0,430.0,1665.0,1860.0,,3699.0,16,1624.0,25,DISTRICT23,PIECE,3699.0
ART-INJ,2025-05-01,HEALTH CENTER,141.0,34.0,63.0,155.0,388.0,57.0,521,42.0,5,DISTRICT30,VIAL,-331.0
ACT-GC,2025-08-01,HEALTH CENTER,436.0,1.0,378.0,699.0,,727.0,-64,431.0,30,DISTRICT11,BLISTER,727.0
ITN,2024-05-01,HEALTH CENTER,383.0,0.0,90.0,83.0,,1.0,-367,138.0,50,DISTRICT32,PIECE,1.0
PYRA-SAC,2024-05-01,HEALTH CENTER,2000.0,1003.0,433.0,1379.0,,339.0,-492,250.0,1,DISTRICT35,SACHET,339.0
ACT-GC,2024-11-01,HEALTH CENTER,534.0,0.0,295.0,997.0,525.0,101.0,-161,356.0,30,DISTRICT20,BLISTER,-424.0
ACT-GC,2025-05-01,HEALTH CENTER,3204.0,1213.0,437.0,4114.0,,46.0,-283,317.0,30,DISTRICT13,BLISTER,46.0
ACT-AD,2025-02-01,HEALTH CENTER,724.0,6.0,87.0,865.0,,0.0,-438,2.0,30,DISTRICT20,BLISTER,0.0
ACT-SC,2024-08-01,HEALTH CENTER,112.0,51.0,18.0,674.0,,0.0,-150,0.0,30,DISTRICT38,BLISTER,0.0
RDT,2025-02-01,HEALTH CENTER,1447.0,0.0,134.0,479.0,,1866.0,252,132.0,25,DISTRICT32,PIECE,1866.0
ACT-INF,2025-05-01,DISTRICT HOSPITAL,449.0,3.0,111.0,2447.0,,329.0,-386,272.0,30,DISTRICT36,BLISTER,329.0
ART-INJ,2024-08-01,HEALTH CENTER,334.0,29.0,14.0,975.0,608.0,231.0,-97,9.0,5,DISTRICT25,VIAL,-377.0
ACT-SC,2024-05-01,HEALTH CENTER,1016.0,53.0,148.0,562.0,,38.0,-547,168.0,30,DISTRICT23,BLISTER,38.0
ART-SUP,2024-08-01,HEALTH CENTER,1240.0,0.0,163.0,1218.0,,2762.0,-604,372.0,2,DISTRICT23,CAPSULE,2762.0
ACT-INF,2024-02-01,DISTRICT HOSPITAL,97.0,9.0,13.0,52.0,,15.0,75,5.0,30,DISTRICT33,BLISTER,15.0
SP,2024-05-01,HEALTH CENTER,348.0,42.0,631.0,179.0,,8968.0,765,459.0,1000,DISTRICT13,TABLET,8968.0
ACT-INF,2025-02-01,HEALTH CENTER,74.0,0.0,4.0,1.0,,199.0,-546,13.0,30,DISTRICT19,BLISTER,199.0
PYRA-COMP,2024-05-01,HEALTH CENTER,1249.0,106.0,429.0,2015.0,982.0,15.0,137,548.0,1,DISTRICT33,TABLET,-967.0
ACT-AD,2024-05-01,HEALTH CENTER,643.0,110.0,260.0,891.0,,246.0,269,374.0,30,DISTRICT33,BLISTER,246.0
ACT-GC,2025-02-01,HEALTH CENTER,61.0,41.0,5.0,65.0,,0.0,78,1.0,30,DISTRICT8,BLISTER,0.0
RDT,2024-02-01,HEALTH CENTER,2699.0,1.0,687.0,1159.0,,0.0,167,378.0,25,DISTRICT31,PIECE,0.0
ART-SUP,2025-08-01,HEALTH CENTER,209.0,1420.0,997.0,1633.0,,5814.0,552,958.0,2,DISTRICT31,CAPSULE,5814.0
ITN,2025-11-01,HEALTH CENTER,28.0,6.0,13.0,27.0,,0.0,199,4.0,50,DISTRICT33,PIECE,0.0
SP,2024-05-01,HEALTH CENTER,1.0,0.0,1.0,2.0,830.0,1.0,252,1.0,1000,DISTRICT30,TABLET,-829.0
ACT-AD,2024-11-01,HEALTH CENTER,661.0,5.0,148.0,376.0,,406.0,-93,50.0,30,DISTRICT1,BLISTER,406.0
ACT-SC,2024-08-01,HEALTH CENTER,835.0,2.0,276.0,351.0,,8.0,-233,144.0,30,DISTRICT29,BLISTER,8.0
PYRA-COMP,2024-11-01,HEALTH CENTER,82.0,68.0,85.0,303.0,,0.0,-383,271.0,1,DISTRICT32,TABLET,0.0
ART-INJ,2025-05-01,HEALTH CENTER,82.0,230.0,16.0,7.0,,2.0,-454,3.0,5,DISTRICT18,VIAL,2.0
ACT-GC,2024-02-01,REGIONAL HOSPITAL,563.0,43.0,267.0,1512.0,,2.0,-199,468.0,30,DISTRICT31,BLISTER,2.0
SP,2025-02-01,HEALTH CENTER,4781.0,1.0,988.0,1595.0,,5992.0,-277,1091.0,1000,DISTRICT25,TABLET,5992.0
ACT-AD,2024-05-01,HEALTH CENTER,3858.0,18.0,937.0,2436.0,,79.0,228,668.0,30,DISTRICT26,BLISTER,79.0
ACT-GC,2025-11-01,HEALTH CENTER,121.0,75.0,218.0,833.0,278.0,0.0,-977,179.0,30,DISTRICT28,BLISTER,-278.0
PYRA-SAC,2025-08-01,HEALTH CENTER,292.0,53.0,129.0,1432.0,,10.0,67,64.0,1,DISTRICT20,SACHET,10.0
QUIN,2025-02-01,HEALTH CENTER,108.0,21.0,158.0,559.0,,1708.0,469,293.0,1000,DISTRICT2,TABLET,1708.0
ART-SUP,2025-11-01,DISTRICT HOSPITAL,742.0,3.0,154.0,354.0,401.0,0.0,-245,354.0,2,DISTRICT28,CAPSULE,-401.0
ACT-AD,2024-05-01,HEALTH CENTER,5114.0,22.0,1930.0,3428.0,,7254.0,15,1835.0,30,DISTRICT32,BLISTER,7254.0
ACT-SC,2025-11-01,HEALTH CENTER,704.0,93.0,240.0,251.0,,1308.0,121,374.0,30,DISTRICT26,BLISTER,1308.0
ART-SUP,2024-02-01,HEALTH CENTER,2372.0,40.0,228.0,3389.0,,16.0,310,9.0,2,DISTRICT31,CAPSULE,16.0
SP,2025-11-01,HEALTH CENTER,1029.0,272.0,910.0,3768.0,,248.0,-189,542.0,1000,DISTRICT31,TABLET,248.0
ART-INJ,2025-11-01,NATIONAL HOSPITAL,1824.0,1.0,505.0,1511.0,,51.0,141,340.0,5,DISTRICT22,VIAL,51.0
ART-SUP,2024-02-01,DISTRICT HOSPITAL,87.0,472.0,113.0,169.0,1279.0,0.0,1,29.0,2,DISTRICT1,CAPSULE,-1279.0
PYRA-SAC,2024-05-01,HEALTH CENTER,73.0,0.0,7.0,56.0,,1641.0,214,8.0,1,DISTRICT28,SACHET,1641.0
ACT-AD,2025-02-01,HEALTH CENTER,543.0,73.0,267.0,988.0,,0.0,-306,145.0,30,DISTRICT8,BLISTER,0.0
PYRA-SAC,2024-08-01,NATIONAL HOSPITAL,1948.0,350.0,365.0,1687.0,,0.0,120,396.0,1,DISTRICT8,SACHET,0.0
RDT,2025-02-01,HEALTH CENTER,11135.0,52.0,2844.0,6131.0,,84.0,-816,2272.0,25,DISTRICT28,PIECE,84.0
ACT-SC,2025-02-01,HEALTH CENTER,526.0,49.0,523.0,363.0,,913.0,-102,178.0,30,DISTRICT36,BLISTER,913.0
SP,2024-05-01,HEALTH CENTER,28.0,0.0,29.0,56.0,,0.0,-565,2.0,1000,DISTRICT29,TABLET,0.0
PYRA-SAC,2024-11-01,HEALTH CENTER,68.0,1410.0,135.0,311.0,,0.0,-209,17.0,1,DISTRICT12,SACHET,0.0
ART-SUP,2024-11-01,HEALTH CENTER,1341.0,1.0,294.0,229.0,,8.0,-182,61.0,2,DISTRICT38,CAPSULE,8.0
ACT-AD,2025-08-01,REGIONAL HOSPITAL,633.0,268.0,291.0,838.0,488.0,0.0,-495,154.0,30,DISTRICT32,BLISTER,-488.0
ART-SUP,2025-02-01,HEALTH CENTER,3.0,0.0,14.0,28.0,114.0,0.0,-425,7.0,2,DISTRICT11,CAPSULE,-114.0
ITN,2024-11-01,HEALTH CENTER,21.0,1.0,7.0,109.0,,548.0,-577,8.0,50,DISTRICT28,PIECE,548.0
QUIN,2024-05-01,HEALTH CENTER,3198.0,0.0,271.0,1386.0,,138.0,134,107.0,1000,DISTRICT33,TABLET,138.0
ART-INJ,2024-11-01,HEALTH CENTER,58.0,8.0,59.0,259.0,,379.0,115,31.0,5,DISTRICT32,VIAL,379.0
RDT,2025-02-01,HEALTH CENTER,267.0,19.0,193.0,191.0,391.0,4157.0,309,88.0,25,DISTRICT28,PIECE,3766.0
QUIN,2024-11-01,HEALTH CENTER,970.0,0.0,80.0,787.0,452.0,1.0,521,17.0,1000,DISTRICT38,TABLET,-451.0
ITN,2024-11-01,HEALTH CENTER,930.0,56.0,365.0,1582.0,,2.0,499,461.0,50,DISTRICT7,PIECE,2.0
RDT,2024-05-01,DISTRICT HOSPITAL,1694.0,61.0,434.0,839.0,290.0,307.0,-576,682.0,25,DISTRICT2,PIECE,17.0
ACT-INF,2024-02-01,HEALTH CENTER,1161.0,26.0,138.0,3168.0,226.0,0.0,-7,82.0,30,DISTRICT6,BLISTER,-226.0
PYRA-SAC,2024-08-01,HEALTH CENTER,3680.0,14.0,758.0,1565.0,1400.0,1201.0,62,614.0,1,DISTRICT32,SACHET,-199.0
QUIN,2024-11-01,HEALTH CENTER,4294.0,11.0,392.0,3918.0,344.0,0.0,61,381.0,1000,DISTRICT9,TABLET,-344.0
QUIN,2025-05-01,HEALTH CENTER,409.0,2.0,174.0,174.0,,167.0,407,221.0,1000,DISTRICT12,TABLET,167.0
ACT-SC,2024-05-01,DISTRICT HOSPITAL,45.0,18.0,26.0,6.0,,328.0,378,10.0,30,DISTRICT1,BLISTER,328.0
ACT-SC,2024-05-01,HEALTH CENTER,3013.0,516.0,441.0,960.0,,3312.0,-233,746.0,30,DISTRICT7,BLISTER,3312.0
PYRA-COMP,2024-11-01,HEALTH CENTER,53.0,6.0,8.0,1.0,,1100.0,5,0.0,1,DISTRICT9,TABLET,1100.0
ITN,2025-11-01,HEALTH CENTER,460.0,0.0,78.0,191.0,796.0,927.0,54,10.0,50,DISTRICT33,PIECE,131.0
ITN,2025-08-01,HEALTH CENTER,2909.0,14.0,416.0,880.0,,8.0,-924,171.0,50,DISTRICT5,PIECE,8.0
QUIN,2025-08-01,HEALTH CENTER,2820.0,44.0,1081.0,3754.0,,34.0,63,427.0,1000,DISTRICT28,TABLET,34.0
SP,2025-08-01,HEALTH CENTER,1116.0,0.0,343.0,1642.0,546.0,0.0,-669,327.0,1000,DISTRICT20,TABLET,-546.0
ACT-INF,2025-05-01,HEALTH CENTER,3780.0,33.0,1575.0,4258.0,,48.0,-517,1396.0,30,DISTRICT20,BLISTER,48.0
ITN,2025-11-01,HEALTH CENTER,321.0,991.0,273.0,762.0,,38.0,290,147.0,50,DISTRICT31,PIECE,38.0
ACT-INF,2025-11-01,HEALTH CENTER,234.0,4.0,98.0,371.0,,85.0,-10,55.0,30,DISTRICT36,BLISTER,85.0
ACT-GC,2025-02-01,HEALTH CENTER,2256.0,15.0,520.0,408.0,,2955.0,358,366.0,30,DISTRICT9,BLISTER,2955.0
PYRA-COMP,2025-02-01,HEALTH CENTER,165.0,0.0,26.0,59.0,,0.0,7,0.0,1,DISTRICT33,TABLET,0.0
ACT-INF,2024-08-01,HEALTH CENTER,332.0,0.0,71.0,596.0,,1018.0,10,80.0,30,DISTRICT16,BLISTER,1018.0
SP,2024-02-01,HEALTH CENTER,321.0,2.0,190.0,319.0,,53.0,-546,116.0,1000,DISTRICT15,TABLET,53.0
ART-SUP,2024-11-01,DISTRICT HOSPITAL,485.0,2.0,29.0,1601.0,,0.0,-243,56.0,2,DISTRICT11,CAPSULE,0.0
ACT-INF,2025-08-01,HEALTH CENTER,1072.0,44.0,350.0,1405.0,,0.0,151,139.0,30,DISTRICT25,BLISTER,0.0
RDT,2024-08-01,REGIONAL HOSPITAL,72.0,19.0,65.0,143.0,,149.0,-356,30.0,25,DISTRICT10,PIECE,149.0
QUIN,2025-08-01,HEALTH CENTER,2072.0,0.0,191.0,491.0,,0.0,-330,76.0,1000,DISTRICT25,TABLET,0.0
SP,2025-11-01,HEALTH CENTER,941.0,212.0,552.0,438.0,,793.0,-139,764.0,1000,DISTRICT38,TABLET,793.0
ART-INJ,2025-11-01,HEALTH CENTER,301.0,114.0,461.0,596.0,,7.0,-104,214.0,5,DISTRICT22,VIAL,7.0
RDT,2024-08-01,HEALTH CENTER,1160.0,742.0,138.0,633.0,,17.0,600,201.0,25,DISTRICT11,PIECE,17.0
QUIN,2025-08-01,HEALTH CENTER,31.0,12.0,12.0,8.0,,0.0,788,0.0,1000,DISTRICT30,TABLET,0.0
ACT-SC,2025-05-01,HEALTH CENTER,656.0,80.0,1253.0,1815.0,,2343.0,320,1292.0,30,DISTRICT16,BLISTER,2343.0
ACT-GC,2024-05-01,HEALTH CENTER,4469.0,1574.0,806.0,3253.0,,16.0,299,648.0,30,DISTRICT18,BLISTER,16.0
PYRA-COMP,2025-11-01,HEALTH CENTER,227.0,3.0,169.0,1495.0,,50.0,826,131.0,1,DISTRICT8,TABLET,50.0
QUIN,2025-02-01,HEALTH CENTER,7.0,3.0,4.0,7.0,343.0,1.0,-235,0.0,1000,DISTRICT33,TABLET,-342.0
RDT,2024-11-01,HEALTH CENTER,2917.0,0.0,398.0,259.0,,137.0,42,878.0,25,DISTRICT20,PIECE,137.0
ITN,2024-05-01,HEALTH CENTER,357.0,0.0,220.0,3584.0,,3173.0,-273,239.0,50,DISTRICT28,PIECE,3173.0
ACT-SC,2025-02-01,HEALTH CENTER,40.0,5.0,27.0,503.0,151.0,203.0,-734,5.0,30,DISTRICT20,BLISTER,52.0
ACT-SC,2024-05-01,HEALTH CENTER,86.0,0.0,11.0,105.0,,0.0,69,3.0,30,DISTRICT31,BLISTER,0.0
ACT-AD,2024-05-01,HEALTH CENTER,1028.0,339.0,523.0,768.0,,29.0,-98,545.0,30,DISTRICT28,BLISTER,29.0
RDT,2024-08-01,HEALTH CENTER,674.0,1561.0,143.0,686.0,,1.0,636,91.0,25,DISTRICT35,PIECE,1.0
ACT-INF,2025-08-01,HEALTH CENTER,1809.0,51.0,494.0,1385.0,,147.0,-364,285.0,30,DISTRICT12,BLISTER,147.0
SP,2025-05-01,HEALTH CENTER,1126.0,0.0,342.0,2134.0,,208.0,-48,678.0,1000,DISTRICT35,TABLET,208.0
ACT-INF,2024-02-01,HEALTH CENTER,16.0,10.0,41.0,268.0,501.0,0.0,-166,3.0,30,DISTRICT31,BLISTER,-501.0
ART-INJ,2024-05-01,HEALTH CENTER,50.0,1.0,28.0,10.0,,132.0,63,61.0,5,DISTRICT28,VIAL,132.0
QUIN,2025-11-01,HEALTH CENTER,258.0,2.0,327.0,356.0,242.0,0.0,70,107.0,1000,DISTRICT29,TABLET,-242.0
PYRA-SAC,2024-11-01,HEALTH CENTER,3202.0,23.0,217.0,2699.0,1355.0,45.0,910,249.0,1,DISTRICT27,SACHET,-1310.0
ACT-INF,2025-02-01,HEALTH CENTER,441.0,4.0,18.0,120.0,,1.0,-279,2.0,30,DISTRICT5,BLISTER,1.0
ACT-GC,2024-02-01,HEALTH CENTER,219.0,1.0,309.0,78.0,,0.0,105,96.0,30,DISTRICT33,BLISTER,0.0
SP,2024-02-01,HEALTH CENTER,1464.0,2.0,175.0,1640.0,,0.0,-776,138.0,1000,DISTRICT5,TABLET,0.0
ART-INJ,2025-02-01,HEALTH CENTER,813.0,189.0,89.0,766.0,,0.0,363,71.0,5,DISTRICT32,VIAL,0.0
ART-INJ,2024-11-01,HEALTH CENTER,911.0,1.0,187.0,126.0,566.0,1640.0,-82,183.0,5,DISTRICT23,VIAL,1074.0
SP,2024-02-01,HEALTH CENTER,1444.0,72.0,235.0,436.0,163.0,1.0,94,86.0,1000,DISTRICT1,TABLET,-162.0
ACT-GC,2024-11-01,HEALTH CENTER,1241.0,715.0,1143.0,2598.0,1974.0,9795.0,707,1083.0,30,DISTRICT25,BLISTER,7821.0
ACT-AD,2024-02-01,HEALTH CENTER,24.0,125.0,137.0,486.0,270.0,5.0,406,140.0,30,DISTRICT5,BLISTER,-265.0
RDT,2025-02-01,HEALTH CENTER,606.0,1.0,345.0,732.0,,3309.0,-341,141.0,25,DISTRICT36,PIECE,3309.0
SP,2024-08-01,HEALTH CENTER,19.0,45.0,76.0,264.0,,3.0,-15,40.0,1000,DISTRICT32,TABLET,3.0
ACT-INF,2025-08-01,HEALTH CENTER,638.0,1901.0,237.0,3061.0,,551.0,612,632.0,30,DISTRICT29,BLISTER,551.0
ART-SUP,2024-08-01,HEALTH CENTER,151.0,4.0,69.0,43.0,774.0,1.0,430,87.0,2,DISTRICT5,CAPSULE,-773.0
QUIN,2024-05-01,HEALTH CENTER,38.0,0.0,16.0,14.0,,0.0,202,33.0,1000,DISTRICT6,TABLET,0.0
RDT,2024-08-01,HEALTH CENTER,258.0,0.0,33.0,577.0,,4610.0,231,77.0,25,DISTRICT1,PIECE,4610.0
ACT-GC,2025-02-01,HEALTH CENTER,491.0,106.0,209.0,391.0,,0.0,-309,174.0,30,DISTRICT20,BLISTER,0.0
ACT-INF,2024-08-01,DISTRICT HOSPITAL,2.0,18.0,146.0,110.0,,0.0,-122,42.0,30,DISTRICT28,BLISTER,0.0
RDT,2024-08-01,HEALTH CENTER,802.0,0.0,82.0,488.0,650.0,148.0,-213,119.0,25,DISTRICT26,PIECE,-502.0
PYRA-SAC,2024-11-01,HEALTH CENTER,2829.0,495.0,1436.0,4330.0,,296.0,-4,2460.0,1,DISTRICT30,SACHET,296.0
ITN,2024-11-01,HEALTH CENTER,42.0,0.0,19.0,26.0,53.0,0.0,-10,0.0,50,DISTRICT6,PIECE,-53.0
ART-SUP,2025-11-01,HEALTH CENTER,1043.0,911.0,109.0,1704.0,609.0,931.0,72,5.0,2,DISTRICT29,CAPSULE,322.0
ART-INJ,2025-08-01,DISTRICT HOSPITAL,419.0,494.0,87.0,349.0,,0.0,-103,101.0,5,DISTRICT37,VIAL,0.0
RDT,2025-02-01,DISTRICT HOSPITAL,390.0,207.0,321.0,530.0,,12543.0,513,575.0,25,DISTRICT3,PIECE,12543.0
ACT-GC,2025-05-01,HEALTH CENTER,1758.0,0.0,381.0,575.0,,2177.0,-327,260.0,30,DISTRICT15,BLISTER,2177.0
ART-INJ,2025-02-01,HEALTH CENTER,731.0,1.0,21.0,905.0,,206.0,174,20.0,5,DISTRICT6,VIAL,206.0
SP,2025-05-01,HEALTH CENTER,2157.0,400.0,706.0,3343.0,,267.0,-267,592.0,1000,DISTRICT13,TABLET,267.0
SP,2025-11-01,HEALTH CENTER,2121.0,114.0,118.0,293.0,,0.0,134,190.0,1000,DISTRICT15,TABLET,0.0
ACT-SC,2025-02-01,HEALTH CENTER,412.0,1723.0,511.0,438.0,1436.0,1144.0,-170,116.0,30,DISTRICT22,BLISTER,-292.0
ACT-GC,2024-05-01,HEALTH CENTER,19.0,0.0,48.0,84.0,150.0,56.0,-427,18.0,30,DISTRICT20,BLISTER,-94.0
RDT,2025-02-01,HEALTH CENTER,396.0,108.0,106.0,87.0,742.0,228.0,100,57.0,25,DISTRICT13,PIECE,-514.0
ACT-AD,2024-05-01,HEALTH CENTER,246.0,86.0,38.0,320.0,,0.0,913,38.0,30,DISTRICT28,BLISTER,0.0
RDT,2025-08-01,HEALTH CENTER,551.0,4.0,276.0,533.0,,5.0,60,271.0,25,DISTRICT9,PIECE,5.0
PYRA-SAC,2024-05-01,HEALTH CENTER,801.0,2287.0,496.0,2930.0,,624.0,579,291.0,1,DISTRICT14,SACHET,624.0
ACT-SC,2024-02-01,HEALTH CENTER,871.0,159.0,365.0,879.0,,1143.0,541,91.0,30,DISTRICT13,BLISTER,1143.0
SP,2024-05-01,HEALTH CENTER,9.0,0.0,120.0,14.0,669.0,1294.0,-150,33.0,1000,DISTRICT17,TABLET,625.0
ITN,2025-02-01,HEALTH CENTER,27.0,0.0,14.0,1.0,,832.0,399,2.0,50,DISTRICT24,PIECE,832.0
ART-SUP,2025-02-01,HEALTH CENTER,56.0,56.0,10.0,412.0,,0.0,364,3.0,2,DISTRICT33,CAPSULE,0.0
ART-INJ,2025-08-01,HEALTH CENTER,670.0,0.0,25.0,146.0,248.0,0.0,-598,6.0,5,DISTRICT3,VIAL,-248.0
ART-INJ,2025-02-01,HEALTH CENTER,984.0,18.0,203.0,1803.0,160.0,35.0,106,220.0,5,DISTRICT24,VIAL,-125.0
QUIN,2024-08-01,HEALTH CENTER,949.0,1.0,317.0,430.0,,66.0,-903,88.0,1000,DISTRICT31,TABLET,66.0
QUIN,2025-08-01,HEALTH CENTER,2060.0,0.0,411.0,1687.0,,24.0,580,487.0,1000,DISTRICT31,TABLET,24.0
ART-INJ,2025-05-01,HEALTH CENTER,189.0,0.0,8.0,647.0,,207.0,258,10.0,5,DISTRICT9,VIAL,207.0
ART-INJ,2025-11-01,DISTRICT HOSPITAL,865.0,13.0,110.0,159.0,,10.0,382,16.0,5,DISTRICT24,VIAL,10.0
ART-SUP,2025-05-01,HEALTH CENTER,531.0,26.0,95.0,182.0,,2469.0,-258,39.0,2,DISTRICT11,CAPSULE,2469.0
ITN,2024-05-01,HEALTH CENTER,306.0,38.0,228.0,260.0,,126.0,692,12.0,50,DISTRICT25,PIECE,126.0
PYRA-COMP,2025-05-01,HEALTH CENTER,2032.0,0.0,1052.0,791.0,,6833.0,216,1036.0,1,DISTRICT9,TABLET,6833.0
ART-INJ,2024-11-01,HEALTH CENTER,363.0,2.0,26.0,192.0,271.0,107.0,-217,2.0,5,DISTRICT29,VIAL,-164.0
SP,2024-05-01,HEALTH CENTER,84.0,13.0,34.0,378.0,,283.0,-541,24.0,1000,DISTRICT13,TABLET,283.0
ACT-GC,2024-08-01,HEALTH CENTER,4258.0,5.0,1665.0,2493.0,594.0,317.0,410,1081.0,30,DISTRICT33,BLISTER,-277.0
ACT-GC,2025-02-01,HEALTH CENTER,3256.0,13.0,852.0,2997.0,281.0,1483.0,-287,420.0,30,DISTRICT35,BLISTER,1202.0
SP,2024-11-01,HEALTH CENTER,747.0,11.0,344.0,1377.0,911.0,2400.0,373,136.0,1000,DISTRICT22,TABLET,1489.0
ART-SUP,2024-05-01,HEALTH CENTER,16.0,21.0,19.0,152.0,,478.0,5,11.0,2,DISTRICT33,CAPSULE,478.0
ACT-AD,2024-11-01,HEALTH CENTER,553.0,30.0,461.0,219.0,503.0,4200.0,117,263.0,30,DISTRICT18,BLISTER,3697.0
ACT-SC,2024-02-01,HEALTH CENTER,66.0,136.0,88.0,43.0,,64.0,7,138.0,30,DISTRICT22,BLISTER,64.0
ACT-INF,2025-11-01,HEALTH CENTER,922.0,3.0,222.0,717.0,1039.0,65.0,-250,192.0,30,DISTRICT20,BLISTER,-974.0
ACT-GC,2025-02-01,DISTRICT HOSPITAL,1877.0,565.0,279.0,2158.0,,2743.0,573,243.0,30,DISTRICT29,BLISTER,2743.0
ACT-AD,2024-02-01,HEALTH CENTER,1444.0,105.0,101.0,210.0,,23.0,-155,45.0,30,DISTRICT11,BLISTER,23.0
ITN,2025-08-01,DISTRICT HOSPITAL,494.0,0.0,32.0,42.0,,165.0,-135,7.0,50,DISTRICT33,PIECE,165.0
ART-INJ,2025-11-01,HEALTH CENTER,1008.0,2.0,184.0,64.0,,237.0,475,85.0,5,DISTRICT30,VIAL,237.0
ACT-GC,2024-08-01,HEALTH CENTER,3366.0,0.0,1874.0,2537.0,,5901.0,405,2938.0,30,DISTRICT12,BLISTER,5901.0
QUIN,2024-05-01,HEALTH CENTER,901.0,93.0,95.0,1089.0,,1.0,-164,119.0,1000,DISTRICT26,TABLET,1.0
ACT-AD,2025-02-01,HEALTH CENTER,1452.0,1.0,388.0,188.0,,2914.0,872,433.0,30,DISTRICT1,BLISTER,2914.0
ART-SUP,2025-02-01,HEALTH CENTER,234.0,271.0,343.0,701.0,219.0,0.0,-93,73.0,2,DISTRICT9,CAPSULE,-219.0
ACT-GC,2025-11-01,HEALTH CENTER,599.0,4.0,290.0,281.0,948.0,945.0,237,64.0,30,DISTRICT15,BLISTER,-3.0
ART-SUP,2025-11-01,HEALTH CENTER,1051.0,487.0,847.0,518.0,,622.0,-416,601.0,2,DISTRICT7,CAPSULE,622.0
PYRA-COMP,2024-11-01,HEALTH CENTER,6.0,437.0,14.0,182.0,985.0,22.0,315,18.0,1,DISTRICT32,TABLET,-963.0
PYRA-COMP,2024-11-01,HEALTH CENTER,833.0,572.0,175.0,1296.0,,606.0,189,145.0,1,DISTRICT33,TABLET,606.0
ACT-AD,2025-08-01,HEALTH CENTER,1515.0,854.0,719.0,1608.0,,0.0,-179,361.0,30,DISTRICT20,BLISTER,0.0
ACT-AD,2025-08-01,HEALTH CENTER,299.0,0.0,103.0,91.0,,58.0,58,19.0,30,DISTRICT25,BLISTER,58.0
RDT,2025-11-01,HEALTH CENTER,232.0,0.0,34.0,88.0,,15.0,336,13.0,25,DISTRICT19,PIECE,15.0
ACT-INF,2025-11-01,HEALTH CENTER,1293.0,536.0,761.0,2960.0,902.0,11.0,-393,645.0,30,DISTRICT6,BLISTER,-891.0
ACT-GC,2025-11-01,HEALTH CENTER,1870.0,6.0,1051.0,1657.0,,24.0,-18,967.0,30,DISTRICT32,BLISTER,24.0
ART-SUP,2025-05-01,HEALTH CENTER,1116.0,0.0,288.0,298.0,,5.0,-73,315.0,2,DISTRICT24,CAPSULE,5.0
RDT,2025-08-01,HEALTH CENTER,1579.0,1.0,209.0,958.0,,30.0,520,209.0,25,DISTRICT8,PIECE,30.0
PYRA-COMP,2025-08-01,HEALTH CENTER,793.0,0.0,21.0,112.0,,0.0,-506,22.0,1,DISTRICT7,TABLET,0.0
ACT-INF,2024-08-01,HEALTH CENTER,345.0,0.0,139.0,303.0,,7.0,-155,53.0,30,DISTRICT9,BLISTER,7.0
ACT-SC,2025-02-01,HEALTH CENTER,271.0,1.0,4.0,66.0,,1.0,348,1.0,30,DISTRICT27,BLISTER,1.0
ACT-AD,2025-05-01,HEALTH CENTER,1146.0,172.0,368.0,1638.0,547.0,47.0,279,169.0,30,DISTRICT29,BLISTER,-500.0
ACT-GC,2024-05-01,HEALTH CENTER,1501.0,0.0,165.0,57.0,,3857.0,-1090,128.0,30,DISTRICT19,BLISTER,3857.0
QUIN,2025-11-01,HEALTH CENTER,1934.0,56.0,1135.0,1686.0,621.0,826.0,-331,1923.0,1000,DISTRICT30,TABLET,205.0
SP,2025-08-01,HEALTH CENTER,1315.0,0.0,172.0,1245.0,266.0,0.0,-154,158.0,1000,DISTRICT19,TABLET,-266.0
RDT,2024-08-01,HEALTH CENTER,653.0,2.0,32.0,88.0,,774.0,556,211.0,25,DISTRICT15,PIECE,774.0
ART-INJ,2025-05-01,HEALTH CENTER,22.0,25.0,29.0,56.0,,0.0,-355,14.0,5,DISTRICT33,VIAL,0.0
ACT-SC,2024-05-01,HEALTH CENTER,217.0,0.0,193.0,146.0,,34.0,16,197.0,30,DISTRICT12,BLISTER,34.0
ACT-GC,2025-05-01,HEALTH CENTER,3012.0,11.0,385.0,1123.0,,0.0,-230,111.0,30,DISTRICT12,BLISTER,0.0
PYRA-SAC,2025-11-01,HEALTH CENTER,1440.0,712.0,408.0,1028.0,,3.0,125,98.0,1,DISTRICT25,SACHET,3.0
QUIN,2024-05-01,HEALTH CENTER,6.0,0.0,0.0,1.0,764.0,15.0,206,0.0,1000,DISTRICT31,TABLET,-749.0
QUIN,2024-11-01,DISTRICT HOSPITAL,4269.0,113.0,521.0,3431.0,,2.0,23,409.0,1000,DISTRICT14,TABLET,2.0
SP,2024-08-01,HEALTH CENTER,4713.0,2.0,503.0,3346.0,,1.0,-369,420.0,1000,DISTRICT32,TABLET,1.0
ART-SUP,2025-05-01,HEALTH CENTER,785.0,0.0,16.0,14.0,,365.0,410,17.0,2,DISTRICT5,CAPSULE,365.0
ACT-SC,2025-05-01,HEALTH CENTER,2758.0,0.0,416.0,77.0,370.0,944.0,-109,593.0,30,DISTRICT22,BLISTER,574.0
ART-INJ,2024-08-01,HEALTH CENTER,3351.0,541.0,2200.0,6422.0,,13115.0,853,3107.0,5,DISTRICT30,VIAL,13115.0
ITN,2024-11-01,HEALTH CENTER,656.0,1.0,169.0,372.0,,53.0,428,120.0,50,DISTRICT9,PIECE,53.0
ACT-AD,2025-08-01,HEALTH CENTER,507.0,0.0,72.0,653.0,2630.0,8.0,222,21.0,30,DISTRICT30,BLISTER,-2622.0
ACT-SC,2025-11-01,HEALTH CENTER,111.0,0.0,33.0,230.0,862.0,0.0,75,14.0,30,DISTRICT7,BLISTER,-862.0
QUIN,2024-02-01,HEALTH CENTER,3473.0,5.0,571.0,4543.0,682.0,318.0,-737,413.0,1000,DISTRICT9,TABLET,-364.0
ART-SUP,2025-05-01,HEALTH CENTER,2496.0,0.0,712.0,2161.0,1228.0,148.0,-698,850.0,2,DISTRICT28,CAPSULE,-1080.0
ACT-INF,2024-02-01,HEALTH CENTER,14.0,2.0,9.0,24.0,,98.0,-524,12.0,30,DISTRICT31,BLISTER,98.0
ACT-INF,2024-08-01,HEALTH CENTER,1247.0,0.0,186.0,601.0,817.0,313.0,306,183.0,30,DISTRICT15,BLISTER,-504.0
ACT-SC,2025-02-01,HEALTH CENTER,429.0,130.0,22.0,109.0,,78.0,-334,2.0,30,DISTRICT4,BLISTER,78.0
ITN,2024-08-01,DISTRICT HOSPITAL,2189.0,667.0,418.0,1695.0,,5.0,-60,56.0,50,DISTRICT35,PIECE,5.0
ACT-AD,2024-11-01,HEALTH CENTER,941.0,248.0,277.0,619.0,,27.0,-113,367.0,30,DISTRICT16,BLISTER,27.0
QUIN,2025-05-01,HEALTH CENTER,434.0,0.0,211.0,334.0,,125.0,378,179.0,1000,DISTRICT11,TABLET,125.0
ITN,2025-08-01,HEALTH CENTER,309.0,3.0,42.0,1385.0,510.0,0.0,361,16.0,50,DISTRICT37,PIECE,-510.0
ACT-AD,2025-05-01,HEALTH CENTER,2640.0,8.0,257.0,2500.0,,0.0,76,47.0,30,DISTRICT9,BLISTER,0.0
PYRA-SAC,2025-11-01,HEALTH CENTER,322.0,1056.0,94.0,640.0,,237.0,473,24.0,1,DISTRICT2,SACHET,237.0
ACT-INF,2024-05-01,HEALTH CENTER,216.0,0.0,6.0,159.0,,1276.0,-94,9.0,30,DISTRICT4,BLISTER,1276.0
QUIN,2024-02-01,HEALTH CENTER,1027.0,1.0,333.0,642.0,,1.0,-382,211.0,1000,DISTRICT2,TABLET,1.0
QUIN,2024-08-01,HEALTH CENTER,3192.0,1.0,428.0,2341.0,,2.0,-191,272.0,1000,DISTRICT10,TABLET,2.0
ACT-GC,2025-05-01,HEALTH CENTER,815.0,14.0,260.0,1355.0,,12.0,156,664.0,30,DISTRICT19,BLISTER,12.0
ACT-GC,2024-02-01,HEALTH CENTER,446.0,118.0,135.0,694.0,492.0,5.0,588,90.0,30,DISTRICT14,BLISTER,-487.0
PYRA-COMP,2024-11-01,HEALTH CENTER,4502.0,372.0,518.0,1605.0,1395.0,72.0,139,259.0,1,DISTRICT28,TABLET,-1323.0
QUIN,2024-08-01,HEALTH CENTER,85.0,442.0,96.0,448.0,,236.0,-57,24.0,1000,DISTRICT31,TABLET,236.0
ACT-GC,2025-02-01,HEALTH CENTER,1106.0,1.0,106.0,519.0,,133.0,48,231.0,30,DISTRICT37,BLISTER,133.0
PYRA-COMP,2025-02-01,HEALTH CENTER,175.0,1.0,46.0,15.0,,4665.0,66,43.0,1,DISTRICT13,TABLET,4665.0
ITN,2024-02-01,HEALTH CENTER,1917.0,2169.0,754.0,3415.0,,59.0,392,976.0,50,DISTRICT32,PIECE,59.0
ART-SUP,2024-08-01,HEALTH CENTER,4359.0,0.0,302.0,1694.0,1350.0,0.0,-160,173.0,2,DISTRICT29,CAPSULE,-1350.0
SP,2025-11-01,HEALTH CENTER,364.0,42.0,546.0,518.0,,5.0,-77,279.0,1000,DISTRICT23,TABLET,5.0
ACT-AD,2025-11-01,HEALTH CENTER,1915.0,4.0,390.0,472.0,,190.0,-165,230.0,30,DISTRICT28,BLISTER,190.0
ACT-INF,2025-11-01,DISTRICT HOSPITAL,169.0,0.0,17.0,35.0,,10600.0,-442,5.0,30,DISTRICT16,BLISTER,10600.0
PYRA-SAC,2025-02-01,HEALTH CENTER,2546.0,9.0,266.0,1841.0,870.0,0.0,296,357.0,1,DISTRICT23,SACHET,-870.0
ACT-INF,2024-05-01,HEALTH CENTER,733.0,112.0,111.0,1086.0,,3.0,-728,131.0,30,DISTRICT23,BLISTER,3.0
QUIN,2024-02-01,HEALTH CENTER,1.0,146.0,25.0,10.0,,1857.0,306,2.0,1000,DISTRICT17,TABLET,1857.0
QUIN,2025-05-01,HEALTH CENTER,71.0,15.0,181.0,386.0,,0.0,-380,236.0,1000,DISTRICT25,TABLET,0.0
SP,2025-05-01,HEALTH CENTER,33.0,53.0,47.0,2.0,,17259.0,107,8.0,1000,DISTRICT31,TABLET,17259.0
ART-SUP,2024-08-01,HEALTH CENTER,1286.0,199.0,484.0,962.0,,154.0,-426,327.0,2,DISTRICT10,CAPSULE,154.0
SP,2024-05-01,HEALTH CENTER,976.0,12.0,598.0,1562.0,,515.0,-88,314.0,1000,DISTRICT9,TABLET,515.0
ACT-INF,2024-02-01,HEALTH CENTER,222.0,0.0,12.0,126.0,,5.0,810,1.0,30,DISTRICT35,BLISTER,5.0
ACT-GC,2024-05-01,HEALTH CENTER,476.0,14.0,632.0,1166.0,,1119.0,-366,453.0,30,DISTRICT10,BLISTER,1119.0
ACT-GC,2025-05-01,HEALTH CENTER,2138.0,15.0,135.0,1415.0,,1.0,-740,218.0,30,DISTRICT15,BLISTER,1.0
PYRA-SAC,2025-08-01,HEALTH CENTER,287.0,621.0,128.0,755.0,,2.0,-1318,119.0,1,DISTRICT31,SACHET,2.0
ART-SUP,2024-11-01,HEALTH CENTER,184.0,241.0,18.0,43.0,,1.0,-180,1.0,2,DISTRICT17,CAPSULE,1.0
SP,2024-05-01,HEALTH CENTER,1776.0,171.0,349.0,2208.0,,0.0,-49,268.0,1000,DISTRICT3,TABLET,0.0
ART-SUP,2024-02-01,HEALTH CENTER,3365.0,0.0,437.0,786.0,,27.0,21,398.0,2,DISTRICT10,CAPSULE,27.0
RDT,2025-11-01,HEALTH CENTER,30.0,241.0,19.0,138.0,,19.0,214,0.0,25,DISTRICT31,PIECE,19.0
ACT-GC,2025-11-01,HEALTH CENTER,1182.0,1.0,435.0,2272.0,,460.0,716,435.0,30,DISTRICT28,BLISTER,460.0
PYRA-COMP,2024-05-01,HEALTH CENTER,1683.0,49.0,537.0,1298.0,,78.0,-401,100.0,1,DISTRICT3,TABLET,78.0
ACT-SC,2025-08-01,HEALTH CENTER,1388.0,6.0,299.0,724.0,589.0,1057.0,133,208.0,30,DISTRICT32,BLISTER,468.0
ACT-SC,2025-02-01,HEALTH CENTER,1237.0,0.0,514.0,766.0,,0.0,289,344.0,30,DISTRICT12,BLISTER,0.0
ART-SUP,2025-11-01,HEALTH CENTER,81.0,364.0,47.0,187.0,,15.0,-105,69.0,2,DISTRICT24,CAPSULE,15.0
ACT-GC,2024-08-01,HEALTH CENTER,4081.0,20.0,682.0,3327.0,444.0,0.0,-221,309.0,30,DISTRICT1,BLISTER,-444.0
ACT-INF,2024-08-01,HEALTH CENTER,141.0,634.0,30.0,59.0,169.0,13.0,43,13.0,30,DISTRICT9,BLISTER,-156.0
ITN,2025-02-01,HEALTH CENTER,7934.0,43.0,511.0,6110.0,,12.0,505,382.0,50,DISTRICT31,PIECE,12.0
ACT-SC,2025-02-01,HEALTH CENTER,318.0,176.0,159.0,1093.0,,847.0,-271,82.0,30,DISTRICT33,BLISTER,847.0
SP,2025-08-01,HEALTH CENTER,466.0,0.0,95.0,272.0,,1.0,34,61.0,1000,DISTRICT14,TABLET,1.0
ART-INJ,2025-05-01,DISTRICT HOSPITAL,4412.0,0.0,462.0,1999.0,,196.0,-376,205.0,5,DISTRICT14,VIAL,196.0
PYRA-COMP,2024-08-01,HEALTH CENTER,1639.0,33.0,181.0,1700.0,,0.0,-566,251.0,1,DISTRICT6,TABLET,0.0
ACT-SC,2024-02-01,HEALTH CENTER,1112.0,1380.0,241.0,914.0,,3856.0,145,344.0,30,DISTRICT13,BLISTER,3856.0
PYRA-SAC,2024-05-01,DISTRICT HOSPITAL,2714.0,1.0,533.0,1531.0,,1217.0,-357,388.0,1,DISTRICT7,SACHET,1217.0
ACT-GC,2024-08-01,HEALTH CENTER,1890.0,0.0,263.0,847.0,,3071.0,10,293.0,30,DISTRICT23,BLISTER,3071.0
ACT-SC,2024-05-01,HEALTH CENTER,959.0,12.0,122.0,1047.0,,0.0,457,14.0,30,DISTRICT16,BLISTER,0.0
ART-INJ,2025-05-01,HEALTH CENTER,283.0,0.0,32.0,164.0,153.0,0.0,-454,2.0,5,DISTRICT13,VIAL,-153.0
ACT-INF,2024-02-01,HEALTH CENTER,94.0,0.0,15.0,21.0,,0.0,-765,4.0,30,DISTRICT32,BLISTER,0.0
PYRA-SAC,2024-11-01,HEALTH CENTER,173.0,294.0,73.0,634.0,,4.0,-750,52.0,1,DISTRICT19,SACHET,4.0
RDT,2024-11-01,HEALTH CENTER,245.0,0.0,126.0,61.0,,1.0,-171,20.0,25,DISTRICT26,PIECE,1.0
ACT-GC,2025-05-01,HEALTH CENTER,8904.0,57.0,1589.0,8032.0,,7.0,-743,2151.0,30,DISTRICT3,BLISTER,7.0
ACT-INF,2025-02-01,HEALTH CENTER,26.0,286.0,188.0,175.0,585.0,1032.0,-917,37.0,30,DISTRICT16,BLISTER,447.0
ITN,2024-02-01,HEALTH CENTER,632.0,713.0,272.0,1421.0,,10.0,298,390.0,50,DISTRICT16,PIECE,10.0
RDT,2024-05-01,HEALTH CENTER,869.0,0.0,146.0,515.0,160.0,2.0,-368,189.0,25,DISTRICT15,PIECE,-158.0
ART-INJ,2025-11-01,HEALTH CENTER,567.0,421.0,45.0,255.0,1150.0,1.0,157,3.0,5,DISTRICT36,VIAL,-1149.0
ACT-AD,2025-05-01,HEALTH CENTER,974.0,12.0,213.0,116.0,,2.0,744,234.0,30,DISTRICT29,BLISTER,2.0
QUIN,2025-05-01,DISTRICT HOSPITAL,1106.0,0.0,498.0,1068.0,,33.0,-308,52.0,1000,DISTRICT25,TABLET,33.0
ART-SUP,2024-11-01,HEALTH CENTER,1525.0,0.0,186.0,526.0,422.0,4.0,-228,35.0,2,DISTRICT5,CAPSULE,-418.0
ART-INJ,2025-05-01,HEALTH CENTER,0.0,0.0,2.0,2.0,307.0,6.0,747,0.0,5,DISTRICT30,VIAL,-301.0
ART-INJ,2025-05-01,HEALTH CENTER,2481.0,29.0,929.0,2642.0,,315.0,-194,880.0,5,DISTRICT23,VIAL,315.0
QUIN,2024-08-01,HEALTH CENTER,282.0,0.0,75.0,574.0,441.0,0.0,172,114.0,1000,DISTRICT13,TABLET,-441.0
ACT-GC,2025-11-01,HEALTH CENTER,1327.0,364.0,614.0,801.0,,2003.0,-12,650.0,30,DISTRICT19,BLISTER,2003.0
SP,2024-11-01,HEALTH CENTER,1752.0,211.0,755.0,1631.0,,46.0,102,408.0,1000,DISTRICT6,TABLET,46.0
ACT-SC,2025-02-01,HEALTH CENTER,107.0,101.0,134.0,122.0,,1684.0,-379,95.0,30,DISTRICT2,BLISTER,1684.0
PYRA-SAC,2025-02-01,DISTRICT HOSPITAL,203.0,210.0,387.0,415.0,,344.0,291,31.0,1,DISTRICT20,SACHET,344.0
ACT-SC,2024-02-01,HEALTH CENTER,0.0,49.0,5.0,4.0,540.0,10.0,548,1.0,30,DISTRICT5,BLISTER,-530.0
RDT,2025-02-01,HEALTH CENTER,449.0,0.0,82.0,357.0,,169.0,424,279.0,25,DISTRICT25,PIECE,169.0
ACT-INF,2024-08-01,HEALTH CENTER,487.0,30.0,61.0,250.0,,6.0,-913,135.0,30,DISTRICT36,BLISTER,6.0
RDT,2025-11-01,HEALTH CENTER,191.0,4.0,27.0,449.0,,61.0,-525,3.0,25,DISTRICT31,PIECE,61.0
RDT,2025-05-01,HEALTH CENTER,215.0,0.0,48.0,298.0,,49.0,186,60.0,25,DISTRICT26,PIECE,49.0
ACT-SC,2024-05-01,HEALTH CENTER,1958.0,310.0,522.0,1965.0,,4738.0,188,542.0,30,DISTRICT1,BLISTER,4738.0
QUIN,2024-05-01,HEALTH CENTER,852.0,0.0,349.0,422.0,,309.0,96,137.0,1000,DISTRICT15,TABLET,309.0
PYRA-COMP,2024-08-01,HEALTH CENTER,496.0,146.0,194.0,1200.0,360.0,0.0,560,72.0,1,DISTRICT29,TABLET,-360.0
ACT-AD,2024-02-01,HEALTH CENTER,1091.0,164.0,440.0,1415.0,,5.0,698,207.0,30,DISTRICT32,BLISTER,5.0
ACT-INF,2024-02-01,HEALTH CENTER,711.0,29.0,272.0,786.0,678.0,86.0,690,382.0,30,DISTRICT24,BLISTER,-592.0
ART-SUP,2024-11-01,HEALTH CENTER,33.0,157.0,7.0,520.0,,0.0,348,0.0,2,DISTRICT24,CAPSULE,0.0
ACT-SC,2024-11-01,HEALTH CENTER,21.0,0.0,0.0,9.0,,0.0,-307,1.0,30,DISTRICT25,BLISTER,0.0
