product,product_group,facility_type,reporting_month,High_Transmission_Preparation,zone_type,beginning_balance,quantity_received,quantity_dispensed,total_losses_and_adjustments,stock_in_hand,months_of_stock,stock_status,amc,quantity_approved
PYRA-COMP,PYRA,HEALTH CENTER,May,YES,URBAN,3510.0,6.0,437.0,246,1426.0,9.4,Overstock,151.0,0.0
ACT-GC,ACT,HEALTH CENTER,May,YES,URBAN,89.0,1.0,57.0,209,65.0,3.2,Adequate,20.0,620.0
ACT-AD,ACT,HEALTH CENTER,February,NO,RURAL,4125.0,2604.0,1423.0,-179,6554.0,4.5,Adequate,1464.0,13.0
ART-SUP,ART,HEALTH CENTER,August,YES,RURAL,20.0,0.0,2.0,-456,185.0,,Unknown,0.0,0.0
RDT,DIAG,HEALTH CENTER,February,NO,URBAN,2243.0,0.0,535.0,420,2167.0,3.7,Adequate,583.0,319.0
ACT-SC,ACT,HEALTH CENTER,May,YES,RURAL,1346.0,0.0,82.0,-278,600.0,18.2,Overstock,33.0,2.0
ACT-INF,ACT,HEALTH CENTER,November,NO,URBAN,796.0,418.0,244.0,598,453.0,20.6,Overstock,22.0,12.0
ART-INJ,ART,HEALTH CENTER,August,YES,RURAL,719.0,43.0,293.0,112,2401.0,5.7,Overstock,420.0,424.0
ART-INJ,ART,HEALTH CENTER,February,NO,RURAL,885.0,0.0,268.0,461,541.0,6.6,Overstock,82.0,2398.0
RDT,DIAG,HEALTH CENTER,May,YES,RURAL,1.0,0.0,0.0,-30,2.0,,Unknown,0.0,0.0
ACT-INF,ACT,HEALTH CENTER,August,YES,RURAL,173.0,0.0,42.0,138,852.0,213.0,Overstock,4.0,499.0
ART-INJ,ART,HEALTH CENTER,August,YES,RURAL,3435.0,2.0,875.0,271,1321.0,2.7,Low,489.0,2677.0
ITN,PREV,HOSPITAL,November,NO,URBAN,211.0,0.0,17.0,-745,173.0,4.8,Adequate,36.0,241.0
ART-INJ,ART,HOSPITAL,November,NO,URBAN,959.0,31.0,176.0,-483,779.0,14.7,Overstock,53.0,25.0
QUIN,SP,HEALTH CENTER,August,YES,RURAL,23.0,0.0,51.0,-209,1.0,0.0,Stockout,72.0,1.0
ACT-GC,ACT,HEALTH CENTER,February,NO,RURAL,983.0,0.0,225.0,-109,1166.0,13.0,Overstock,90.0,1106.0
ART-SUP,ART,HEALTH CENTER,February,NO,RURAL,56.0,399.0,69.0,712,727.0,9.4,Overstock,77.0,0.0
ITN,PREV,HEALTH CENTER,August,YES,URBAN,3461.0,0.0,827.0,-234,2041.0,2.5,Low,802.0,2287.0
ACT-GC,ACT,HEALTH CENTER,May,YES,RURAL,3960.0,0.0,558.0,8,1227.0,9.7,Overstock,126.0,275.0
ACT-INF,ACT,HEALTH CENTER,May,YES,URBAN,7757.0,1215.0,1688.0,86,5216.0,3.6,Adequate,1441.0,405.0
SP,SP,HEALTH CENTER,February,NO,URBAN,432.0,0.0,98.0,-407,153.0,1.7,Low,92.0,24.0
PYRA-SAC,PYRA,HEALTH CENTER,November,NO,RURAL,4617.0,54.0,459.0,-104,3797.0,12.7,Overstock,299.0,78.0
ACT-SC,ACT,HEALTH CENTER,February,NO,RURAL,379.0,293.0,606.0,-256,325.0,0.9,Critical,351.0,2051.0
ACT-GC,ACT,HEALTH CENTER,May,YES,RURAL,215.0,25.0,400.0,133,370.0,1.1,Low,336.0,1188.0
PYRA-COMP,PYRA,HEALTH CENTER,November,NO,RURAL,2748.0,35.0,776.0,-368,1642.0,3.7,Adequate,439.0,9736.0
RDT,DIAG,HEALTH CENTER,February,NO,URBAN,722.0,0.0,61.0,-158,367.0,6.9,Overstock,53.0,734.0
ART-SUP,ART,HEALTH CENTER,May,YES,URBAN,12.0,0.0,50.0,-68,39.0,0.3,Critical,114.0,0.0
ACT-GC,ACT,HEALTH CENTER,August,YES,URBAN,1470.0,10.0,165.0,160,1300.0,12.9,Overstock,101.0,59.0
SP,SP,HEALTH CENTER,November,NO,RURAL,1166.0,44.0,766.0,-246,1867.0,2.9,Low,644.0,224.0
ACT-SC,ACT,HEALTH CENTER,August,YES,RURAL,1013.0,32.0,568.0,-34,1007.0,1.3,Low,779.0,707.0
ACT-AD,ACT,HEALTH CENTER,February,NO,RURAL,1623.0,505.0,1202.0,235,1726.0,1.9,Low,886.0,6403.0
ART-INJ,ART,HEALTH CENTER,February,NO,RURAL,5416.0,0.0,805.0,141,2971.0,3.8,Adequate,780.0,269.0
ITN,PREV,HEALTH CENTER,August,YES,URBAN,224.0,3.0,194.0,75,600.0,3.0,Adequate,200.0,2059.0
ACT-GC,ACT,HEALTH CENTER,February,NO,RURAL,2609.0,0.0,708.0,912,495.0,0.5,Critical,954.0,1361.0
ART-SUP,ART,HEALTH CENTER,May,YES,URBAN,409.0,0.0,164.0,200,95.0,1.6,Low,60.0,742.0
SP,SP,HEALTH CENTER,August,YES,RURAL,4648.0,663.0,1309.0,-259,4935.0,5.0,Adequate,983.0,92.0
ACT-INF,ACT,HEALTH CENTER,August,YES,RURAL,3173.0,46.0,600.0,177,3621.0,27.0,Overstock,134.0,444.0
ACT-INF,ACT,HEALTH CENTER,May,YES,URBAN,488.0,3.0,296.0,-566,934.0,14.4,Overstock,65.0,25.0
ACT-AD,ACT,HEALTH CENTER,May,YES,RURAL,665.0,7.0,218.0,439,1091.0,14.0,Overstock,78.0,10.0
PYRA-COMP,PYRA,HEALTH CENTER,August,YES,URBAN,658.0,0.0,140.0,-610,205.0,8.2,Overstock,25.0,16.0
ACT-INF,ACT,HEALTH CENTER,November,NO,RURAL,706.0,9.0,508.0,661,2228.0,6.1,Overstock,367.0,2086.0
PYRA-COMP,PYRA,HEALTH CENTER,November,NO,URBAN,627.0,201.0,90.0,-168,640.0,5.7,Overstock,112.0,951.0
QUIN,SP,HEALTH CENTER,May,YES,RURAL,4948.0,69.0,1758.0,226,2663.0,1.3,Low,2105.0,65.0
ACT-AD,ACT,HOSPITAL,November,NO,RURAL,340.0,122.0,284.0,-215,84.0,0.2,Critical,382.0,13294.0
ART-INJ,ART,HEALTH CENTER,May,YES,RURAL,536.0,289.0,573.0,-1089,1715.0,6.0,Overstock,285.0,35.0
PYRA-COMP,PYRA,HEALTH CENTER,May,YES,RURAL,660.0,227.0,320.0,-82,815.0,2.9,Low,278.0,230.0
ART-INJ,ART,HEALTH CENTER,February,NO,RURAL,6242.0,588.0,1440.0,634,4487.0,2.4,Low,1852.0,1155.0
ACT-AD,ACT,HEALTH CENTER,May,YES,RURAL,3957.0,63.0,866.0,489,4544.0,8.4,Overstock,544.0,154.0
QUIN,SP,HEALTH CENTER,August,YES,URBAN,481.0,82.0,101.0,-1029,470.0,11.5,Overstock,41.0,153.0
ACT-INF,ACT,HEALTH CENTER,August,YES,URBAN,1445.0,0.0,255.0,-94,1906.0,8.9,Overstock,215.0,0.0
RDT,DIAG,HEALTH CENTER,May,YES,RURAL,627.0,13.0,56.0,221,625.0,25.0,Overstock,25.0,0.0
ACT-INF,ACT,HEALTH CENTER,November,NO,RURAL,908.0,2.0,29.0,-795,633.0,63.3,Overstock,10.0,11.0
ACT-GC,ACT,HEALTH CENTER,February,NO,RURAL,417.0,24.0,237.0,405,341.0,1.3,Low,257.0,3.0
PYRA-SAC,PYRA,HEALTH CENTER,February,NO,RURAL,3.0,19.0,32.0,-223,29.0,1.6,Low,18.0,114.0
ACT-SC,ACT,HEALTH CENTER,May,YES,RURAL,122.0,0.0,233.0,-102,220.0,0.7,Critical,307.0,728.0
ART-SUP,ART,HEALTH CENTER,August,YES,RURAL,946.0,87.0,439.0,-715,1311.0,2.7,Low,487.0,9039.0
ACT-SC,ACT,HEALTH CENTER,November,NO,RURAL,3425.0,502.0,1398.0,173,5671.0,3.3,Adequate,1700.0,0.0
PYRA-COMP,PYRA,HEALTH CENTER,February,NO,RURAL,44.0,0.0,8.0,-630,217.0,54.2,Overstock,4.0,7.0
ITN,PREV,HEALTH CENTER,February,NO,URBAN,1601.0,26.0,307.0,-112,1319.0,13.9,Overstock,95.0,42.0
RDT,DIAG,HEALTH CENTER,February,NO,URBAN,1826.0,29.0,315.0,-632,1495.0,7.7,Overstock,193.0,1841.0
SP,SP,HEALTH CENTER,August,YES,RURAL,1235.0,3.0,337.0,294,1392.0,27.3,Overstock,51.0,5.0
ACT-INF,ACT,HEALTH CENTER,November,NO,RURAL,2189.0,56.0,1037.0,461,3698.0,4.9,Adequate,753.0,2447.0
ART-SUP,ART,HEALTH CENTER,November,NO,RURAL,2691.0,175.0,215.0,-30,3990.0,47.5,Overstock,84.0,0.0
SP,SP,HEALTH CENTER,May,YES,URBAN,74.0,0.0,29.0,128,130.0,14.4,Overstock,9.0,0.0
ACT-SC,ACT,HEALTH CENTER,November,NO,RURAL,291.0,367.0,915.0,-735,1866.0,1.9,Low,966.0,1372.0
ACT-AD,ACT,HEALTH CENTER,February,NO,URBAN,1869.0,17.0,632.0,420,2183.0,3.2,Adequate,672.0,31.0
ART-SUP,ART,HEALTH CENTER,May,YES,RURAL,1848.0,1023.0,966.0,-617,4438.0,5.1,Overstock,869.0,26.0
SP,SP,HEALTH CENTER,November,NO,RURAL,2709.0,343.0,351.0,-512,2891.0,6.4,Overstock,452.0,0.0
SP,SP,HEALTH CENTER,August,YES,RURAL,1665.0,5.0,161.0,-123,840.0,12.0,Overstock,70.0,148.0
ART-SUP,ART,HEALTH CENTER,November,NO,URBAN,1307.0,12.0,662.0,-614,1016.0,2.2,Low,452.0,7.0
QUIN,SP,HEALTH CENTER,May,YES,URBAN,92.0,0.0,0.0,-303,62.0,,Unknown,0.0,0.0
SP,SP,HEALTH CENTER,February,NO,RURAL,11.0,0.0,1.0,71,40.0,40.0,Overstock,1.0,0.0
ART-SUP,ART,HEALTH CENTER,May,YES,RURAL,1352.0,27.0,52.0,-566,978.0,65.2,Overstock,15.0,0.0
PYRA-COMP,PYRA,HEALTH CENTER,February,NO,RURAL,1073.0,2100.0,422.0,15,1426.0,5.1,Overstock,278.0,1.0
PYRA-COMP,PYRA,HEALTH CENTER,February,NO,RURAL,205.0,105.0,184.0,-22,175.0,87.5,Overstock,2.0,8.0
SP,SP,HEALTH CENTER,February,NO,URBAN,53.0,565.0,58.0,433,273.0,2.1,Low,130.0,239.0
RDT,DIAG,HEALTH CENTER,August,YES,RURAL,491.0,0.0,12.0,-387,198.0,16.5,Overstock,12.0,258.0
ART-SUP,ART,HEALTH CENTER,February,NO,RURAL,35.0,2.0,2.0,-279,351.0,,Unknown,0.0,488.0
RDT,DIAG,HEALTH CENTER,November,NO,RURAL,1356.0,29.0,87.0,71,1173.0,3.0,Adequate,391.0,135.0
ACT-GC,ACT,HEALTH CENTER,February,NO,URBAN,303.0,5.0,111.0,-154,726.0,19.6,Overstock,37.0,8.0
ACT-GC,ACT,HEALTH CENTER,November,NO,RURAL,1517.0,5.0,226.0,436,405.0,2.1,Low,193.0,42.0
ART-INJ,ART,HEALTH CENTER,November,NO,RURAL,153.0,34.0,100.0,347,170.0,2.8,Low,60.0,175.0
RDT,DIAG,HEALTH CENTER,May,YES,RURAL,1243.0,159.0,656.0,492,610.0,2.3,Low,264.0,16.0
ART-INJ,ART,HOSPITAL,November,NO,RURAL,2029.0,233.0,285.0,773,2351.0,6.4,Overstock,370.0,0.0
QUIN,SP,HEALTH CENTER,November,NO,RURAL,450.0,0.0,9.0,230,11.0,,Unknown,0.0,0.0
ACT-SC,ACT,HEALTH CENTER,November,NO,RURAL,194.0,159.0,35.0,136,147.0,18.4,Overstock,8.0,0.0
ART-INJ,ART,HEALTH CENTER,August,YES,URBAN,1645.0,1.0,54.0,15,1255.0,29.2,Overstock,43.0,0.0
PYRA-SAC,PYRA,HEALTH CENTER,August,YES,RURAL,3195.0,55.0,690.0,-282,2519.0,4.4,Adequate,573.0,1742.0
ART-INJ,ART,HOSPITAL,May,YES,RURAL,8.0,0.0,19.0,803,145.0,36.2,Overstock,4.0,0.0
SP,SP,HEALTH CENTER,August,YES,RURAL,10.0,193.0,30.0,51,21.0,3.5,Adequate,6.0,33.0
PYRA-SAC,PYRA,HEALTH CENTER,May,YES,URBAN,138.0,0.0,12.0,-1021,95.0,11.9,Overstock,8.0,6.0
SP,SP,HOSPITAL,February,NO,URBAN,162.0,0.0,32.0,180,230.0,2.4,Low,94.0,114.0
ACT-AD,ACT,HEALTH CENTER,February,NO,URBAN,1945.0,29.0,289.0,-475,1876.0,5.5,Overstock,341.0,36.0
PYRA-COMP,PYRA,HEALTH CENTER,May,YES,URBAN,244.0,2397.0,63.0,-473,822.0,82.2,Overstock,10.0,0.0
ITN,PREV,HEALTH CENTER,May,YES,RURAL,333.0,1817.0,57.0,-364,895.0,13.6,Overstock,66.0,819.0
ACT-AD,ACT,HOSPITAL,February,NO,URBAN,1554.0,0.0,614.0,-189,1190.0,1.4,Low,846.0,228.0
ACT-AD,ACT,HEALTH CENTER,May,YES,URBAN,573.0,1109.0,159.0,64,2811.0,20.4,Overstock,138.0,9.0
ITN,PREV,HEALTH CENTER,May,YES,RURAL,3087.0,21.0,412.0,348,1786.0,7.0,Overstock,254.0,24.0
RDT,DIAG,HEALTH CENTER,November,NO,URBAN,5473.0,31.0,1032.0,-228,2793.0,2.3,Low,1224.0,158.0
ACT-GC,ACT,HEALTH CENTER,February,NO,URBAN,2704.0,752.0,634.0,-488,902.0,1.2,Low,757.0,107.0
PYRA-SAC,PYRA,HEALTH CENTER,August,YES,RURAL,1280.0,3619.0,241.0,321,956.0,3.8,Adequate,250.0,0.0
ACT-AD,ACT,HEALTH CENTER,November,NO,URBAN,1678.0,32.0,716.0,548,1524.0,2.3,Low,666.0,161.0
RDT,DIAG,HEALTH CENTER,February,NO,RURAL,707.0,41.0,170.0,322,675.0,7.4,Overstock,91.0,2044.0
ACT-GC,ACT,HEALTH CENTER,February,NO,URBAN,646.0,0.0,104.0,-452,396.0,2.3,Low,175.0,4475.0
ACT-AD,ACT,HEALTH CENTER,November,NO,URBAN,224.0,446.0,122.0,108,2515.0,20.4,Overstock,123.0,0.0
ACT-GC,ACT,HEALTH CENTER,August,YES,RURAL,2032.0,611.0,159.0,-58,2276.0,8.7,Overstock,263.0,1.0
ART-INJ,ART,HEALTH CENTER,February,NO,URBAN,132.0,1.0,52.0,376,388.0,5.5,Overstock,71.0,4.0
ART-INJ,ART,HOSPITAL,May,YES,RURAL,2.0,1.0,1.0,192,1.0,,Unknown,0.0,0.0
ACT-SC,ACT,HEALTH CENTER,August,YES,RURAL,12.0,137.0,28.0,-13,51.0,2.2,Low,23.0,0.0
ART-INJ,ART,HEALTH CENTER,February,NO,RURAL,239.0,1.0,109.0,-163,63.0,0.7,Critical,89.0,5736.0
ART-SUP,ART,HEALTH CENTER,August,YES,URBAN,199.0,0.0,19.0,505,66.0,9.4,Overstock,7.0,985.0
RDT,DIAG,HEALTH CENTER,November,NO,URBAN,2.0,3.0,31.0,213,73.0,2.0,Low,36.0,3562.0
ACT-GC,ACT,HEALTH CENTER,May,YES,RURAL,1364.0,2.0,173.0,-518,638.0,4.2,Adequate,152.0,85.0
SP,SP,HEALTH CENTER,May,YES,RURAL,1036.0,367.0,485.0,732,1106.0,1.5,Low,733.0,120.0
ART-SUP,ART,HEALTH CENTER,November,NO,RURAL,2020.0,0.0,912.0,461,1756.0,3.0,Adequate,587.0,846.0
ITN,PREV,HEALTH CENTER,February,NO,RURAL,413.0,0.0,4.0,-641,75.0,,Unknown,0.0,223.0
SP,SP,HEALTH CENTER,February,NO,RURAL,437.0,206.0,651.0,55,1067.0,2.3,Low,464.0,2305.0
PYRA-COMP,PYRA,HEALTH CENTER,May,YES,RURAL,924.0,0.0,279.0,-419,874.0,1.8,Low,480.0,210.0
ACT-SC,ACT,HEALTH CENTER,August,YES,URBAN,302.0,12.0,104.0,21,480.0,13.7,Overstock,35.0,11.0
ACT-SC,ACT,HEALTH CENTER,August,YES,RURAL,4105.0,0.0,266.0,-903,1578.0,9.1,Overstock,173.0,414.0
SP,SP,HEALTH CENTER,August,YES,RURAL,323.0,0.0,32.0,331,29.0,7.2,Overstock,4.0,0.0
ACT-AD,ACT,HEALTH CENTER,August,YES,RURAL,645.0,385.0,664.0,735,2033.0,4.0,Adequate,503.0,1029.0
RDT,DIAG,HEALTH CENTER,August,YES,URBAN,1940.0,821.0,1016.0,-484,3281.0,3.8,Adequate,862.0,2134.0
PYRA-SAC,PYRA,HOSPITAL,February,NO,RURAL,2515.0,695.0,292.0,91,2686.0,25.3,Overstock,106.0,1.0
ACT-GC,ACT,HEALTH CENTER,February,NO,URBAN,26.0,0.0,8.0,-182,87.0,43.5,Overstock,2.0,0.0
ART-INJ,ART,HEALTH CENTER,August,YES,RURAL,892.0,85.0,138.0,1065,887.0,2.0,Low,448.0,89.0
SP,SP,HEALTH CENTER,February,NO,URBAN,133.0,0.0,30.0,-119,80.0,40.0,Overstock,2.0,0.0
ACT-SC,ACT,HEALTH CENTER,August,YES,URBAN,3.0,57.0,15.0,275,3.0,0.5,Critical,6.0,0.0
ACT-INF,ACT,HEALTH CENTER,February,NO,RURAL,99.0,0.0,6.0,526,20.0,1.3,Low,15.0,1603.0
QUIN,SP,HEALTH CENTER,August,YES,RURAL,364.0,6.0,40.0,-802,70.0,3.2,Adequate,22.0,162.0
ITN,PREV,HEALTH CENTER,August,YES,RURAL,18.0,0.0,29.0,-209,3.0,0.1,Critical,47.0,6415.0
QUIN,SP,HEALTH CENTER,February,NO,RURAL,281.0,0.0,85.0,317,187.0,0.7,Critical,258.0,3.0
PYRA-COMP,PYRA,HEALTH CENTER,May,YES,RURAL,101.0,3305.0,40.0,337,184.0,6.8,Overstock,27.0,1.0
ART-INJ,ART,HEALTH CENTER,August,YES,RURAL,868.0,10.0,342.0,459,1269.0,1.4,Low,904.0,10.0
QUIN,SP,HEALTH CENTER,May,YES,URBAN,1197.0,188.0,88.0,-485,2148.0,19.9,Overstock,108.0,0.0
RDT,DIAG,HEALTH CENTER,November,NO,RURAL,728.0,91.0,69.0,-472,390.0,12.2,Overstock,32.0,1.0
QUIN,SP,HEALTH CENTER,February,NO,RURAL,1254.0,0.0,62.0,-530,689.0,38.3,Overstock,18.0,2.0
ACT-SC,ACT,HEALTH CENTER,November,NO,URBAN,845.0,301.0,224.0,229,586.0,2.4,Low,241.0,1.0
ACT-AD,ACT,HEALTH CENTER,November,NO,URBAN,498.0,55.0,229.0,304,118.0,0.3,Critical,447.0,3351.0
QUIN,SP,HEALTH CENTER,May,YES,URBAN,605.0,0.0,370.0,-42,2357.0,12.3,Overstock,192.0,1670.0
RDT,DIAG,HEALTH CENTER,November,NO,URBAN,285.0,1.0,95.0,210,22.0,0.5,Critical,44.0,707.0
QUIN,SP,HEALTH CENTER,February,NO,RURAL,315.0,9.0,175.0,183,479.0,9.6,Overstock,50.0,0.0
PYRA-SAC,PYRA,HEALTH CENTER,May,YES,URBAN,3351.0,283.0,655.0,-67,3578.0,13.7,Overstock,262.0,1702.0
ACT-GC,ACT,HEALTH CENTER,November,NO,RURAL,342.0,817.0,153.0,-1092,669.0,5.2,Overstock,129.0,354.0
ACT-SC,ACT,HEALTH CENTER,November,NO,URBAN,1290.0,153.0,529.0,-351,1903.0,3.0,Adequate,643.0,6256.0
ACT-INF,ACT,HEALTH CENTER,November,NO,RURAL,726.0,0.0,21.0,150,523.0,65.4,Overstock,8.0,0.0
ACT-INF,ACT,HEALTH CENTER,February,NO,RURAL,939.0,1.0,20.0,-657,114.0,3.5,Adequate,33.0,3.0
ACT-INF,ACT,HOSPITAL,November,NO,RURAL,312.0,0.0,251.0,-207,255.0,2.2,Low,116.0,110.0
ART-INJ,ART,HEALTH CENTER,August,YES,RURAL,5194.0,1.0,916.0,-1083,1927.0,1.2,Low,1564.0,9022.0
ART-INJ,ART,HEALTH CENTER,February,NO,URBAN,715.0,0.0,124.0,-14,1103.0,20.4,Overstock,54.0,305.0
ACT-SC,ACT,HEALTH CENTER,November,NO,RURAL,3031.0,65.0,1019.0,371,1649.0,1.5,Low,1127.0,816.0
ACT-INF,ACT,HEALTH CENTER,February,NO,RURAL,1497.0,0.0,245.0,1,1204.0,7.5,Overstock,160.0,45.0
ART-SUP,ART,HEALTH CENTER,February,NO,RURAL,463.0,7.0,16.0,-364,142.0,6.8,Overstock,21.0,2.0
ITN,PREV,HEALTH CENTER,August,YES,URBAN,190.0,139.0,28.0,-173,1631.0,108.7,Overstock,15.0,23.0
QUIN,SP,HEALTH CENTER,May,YES,RURAL,63.0,0.0,20.0,-406,61.0,7.6,Overstock,8.0,31.0
RDT,DIAG,HEALTH CENTER,February,NO,URBAN,744.0,12.0,297.0,267,430.0,0.9,Critical,467.0,69.0
ACT-SC,ACT,HEALTH CENTER,February,NO,RURAL,381.0,13.0,51.0,-315,386.0,9.0,Overstock,43.0,1.0
ACT-SC,ACT,HEALTH CENTER,February,NO,RURAL,657.0,648.0,190.0,-43,2410.0,56.0,Overstock,43.0,0.0
ACT-AD,ACT,HEALTH CENTER,August,YES,RURAL,1888.0,6.0,73.0,-635,896.0,448.0,Overstock,2.0,0.0
RDT,DIAG,HEALTH CENTER,May,YES,RURAL,1461.0,0.0,440.0,-321,1222.0,8.2,Overstock,149.0,159.0
RDT,DIAG,HEALTH CENTER,November,NO,RURAL,81.0,365.0,478.0,-81,184.0,0.4,Critical,461.0,1196.0
ACT-AD,ACT,HEALTH CENTER,November,NO,RURAL,242.0,0.0,14.0,-197,162.0,81.0,Overstock,2.0,2.0
ART-SUP,ART,HOSPITAL,May,YES,RURAL,2006.0,0.0,133.0,-331,1910.0,37.5,Overstock,51.0,0.0
ITN,PREV,HEALTH CENTER,May,YES,URBAN,56.0,0.0,7.0,-318,139.0,3.3,Adequate,42.0,3.0
ACT-GC,ACT,HEALTH CENTER,November,NO,RURAL,9.0,1.0,2.0,79,97.0,,Unknown,0.0,0.0
ITN,PREV,HEALTH CENTER,November,NO,URBAN,25.0,0.0,16.0,176,74.0,37.0,Overstock,2.0,3.0
ART-SUP,ART,HEALTH CENTER,August,YES,URBAN,865.0,24.0,333.0,-229,1178.0,8.5,Overstock,138.0,214.0
RDT,DIAG,HEALTH CENTER,November,NO,URBAN,817.0,0.0,296.0,-74,207.0,0.7,Critical,287.0,2493.0
ART-INJ,ART,HEALTH CENTER,February,NO,RURAL,1125.0,125.0,726.0,151,664.0,2.1,Low,318.0,7871.0
PYRA-SAC,PYRA,HEALTH CENTER,August,YES,RURAL,15.0,95.0,56.0,389,70.0,2.8,Low,25.0,31.0
PYRA-SAC,PYRA,HEALTH CENTER,August,YES,URBAN,613.0,1618.0,27.0,247,875.0,23.6,Overstock,37.0,611.0
RDT,DIAG,HEALTH CENTER,May,YES,RURAL,132.0,21.0,13.0,-44,504.0,252.0,Overstock,2.0,236.0
ACT-AD,ACT,HEALTH CENTER,February,NO,URBAN,479.0,430.0,99.0,-85,2055.0,85.6,Overstock,24.0,0.0
QUIN,SP,HEALTH CENTER,May,YES,RURAL,31.0,0.0,1.0,-732,5.0,5.0,Adequate,1.0,0.0
ART-INJ,ART,HEALTH CENTER,May,YES,RURAL,316.0,637.0,139.0,-147,518.0,9.2,Overstock,56.0,0.0
SP,SP,HEALTH CENTER,February,NO,RURAL,2870.0,250.0,991.0,614,3222.0,10.6,Overstock,304.0,1.0
ACT-AD,ACT,HEALTH CENTER,November,NO,RURAL,2191.0,31.0,152.0,60,540.0,6.7,Overstock,81.0,46.0
RDT,DIAG,HEALTH CENTER,November,NO,RURAL,382.0,1711.0,292.0,-266,2080.0,19.4,Overstock,107.0,10.0
PYRA-COMP,PYRA,HEALTH CENTER,August,YES,RURAL,216.0,113.0,88.0,-117,366.0,30.5,Overstock,12.0,184.0
ACT-GC,ACT,HEALTH CENTER,February,NO,RURAL,6813.0,0.0,1803.0,-134,3721.0,2.0,Low,1868.0,2273.0
ART-INJ,ART,HOSPITAL,November,NO,RURAL,881.0,159.0,865.0,624,1208.0,1.6,Low,771.0,1385.0
ACT-GC,ACT,HEALTH CENTER,February,NO,RURAL,140.0,0.0,79.0,137,206.0,0.5,Critical,406.0,100.0
PYRA-SAC,PYRA,HEALTH CENTER,May,YES,URBAN,1461.0,2.0,678.0,-611,1058.0,1.9,Low,544.0,4012.0
QUIN,SP,HOSPITAL,May,YES,RURAL,202.0,2.0,105.0,190,1177.0,16.3,Overstock,72.0,0.0
ART-INJ,ART,HEALTH CENTER,August,YES,RURAL,259.0,251.0,208.0,321,334.0,3.2,Adequate,105.0,4306.0
ACT-GC,ACT,HEALTH CENTER,February,NO,URBAN,4005.0,2.0,830.0,-126,2214.0,2.8,Low,780.0,14.0
ACT-SC,ACT,HEALTH CENTER,August,YES,URBAN,1081.0,22.0,265.0,79,959.0,4.5,Adequate,213.0,8466.0
RDT,DIAG,HEALTH CENTER,November,NO,RURAL,638.0,140.0,288.0,-70,859.0,3.5,Adequate,248.0,80.0
ACT-INF,ACT,HEALTH CENTER,February,NO,URBAN,1001.0,69.0,270.0,740,1111.0,2.5,Low,447.0,0.0
PYRA-COMP,PYRA,HEALTH CENTER,August,YES,RURAL,789.0,3.0,357.0,767,113.0,0.8,Critical,149.0,4622.0
ART-INJ,ART,HEALTH CENTER,May,YES,RURAL,293.0,1.0,83.0,257,234.0,6.2,Overstock,38.0,129.0
ACT-SC,ACT,HEALTH CENTER,November,NO,RURAL,1.0,0.0,0.0,541,1.0,,Unknown,0.0,0.0
QUIN,SP,HEALTH CENTER,August,YES,RURAL,2703.0,0.0,669.0,363,4313.0,6.9,Overstock,623.0,35.0
PYRA-SAC,PYRA,HOSPITAL,August,YES,RURAL,809.0,474.0,125.0,-214,1288.0,17.6,Overstock,73.0,0.0
RDT,DIAG,HEALTH CENTER,May,YES,URBAN,144.0,593.0,114.0,8,1044.0,17.7,Overstock,59.0,140.0
RDT,DIAG,HEALTH CENTER,February,NO,URBAN,2178.0,1.0,367.0,453,770.0,2.8,Low,272.0,4.0
PYRA-COMP,PYRA,HEALTH CENTER,August,YES,RURAL,112.0,0.0,30.0,-48,561.0,56.1,Overstock,10.0,0.0
ACT-GC,ACT,HEALTH CENTER,May,YES,RURAL,905.0,7.0,271.0,298,1481.0,19.0,Overstock,78.0,0.0
ITN,PREV,HEALTH CENTER,November,NO,RURAL,693.0,436.0,129.0,252,1239.0,33.5,Overstock,37.0,73.0
ACT-SC,ACT,HOSPITAL,May,YES,URBAN,296.0,0.0,116.0,-864,500.0,2.5,Low,204.0,521.0
ITN,PREV,HEALTH CENTER,August,YES,URBAN,402.0,124.0,153.0,224,267.0,3.5,Adequate,77.0,223.0
ACT-GC,ACT,HEALTH CENTER,February,NO,RURAL,810.0,171.0,715.0,343,355.0,0.3,Critical,1067.0,6135.0
ART-INJ,ART,HEALTH CENTER,August,YES,RURAL,167.0,19.0,117.0,75,72.0,1.0,Critical,74.0,12.0
ACT-INF,ACT,HEALTH CENTER,May,YES,RURAL,26.0,2.0,75.0,12,66.0,0.5,Critical,125.0,54.0
PYRA-SAC,PYRA,HEALTH CENTER,May,YES,RURAL,8.0,10.0,4.0,944,85.0,14.2,Overstock,6.0,0.0
ART-SUP,ART,HEALTH CENTER,May,YES,RURAL,1201.0,0.0,97.0,92,151.0,6.0,Overstock,25.0,569.0
PYRA-SAC,PYRA,HEALTH CENTER,November,NO,RURAL,1232.0,2283.0,392.0,408,5157.0,31.6,Overstock,163.0,0.0
RDT,DIAG,HEALTH CENTER,August,YES,RURAL,3295.0,0.0,299.0,-84,3317.0,32.2,Overstock,103.0,0.0
ACT-AD,ACT,HEALTH CENTER,May,YES,RURAL,1475.0,0.0,280.0,-474,711.0,6.0,Overstock,118.0,91.0
ITN,PREV,HEALTH CENTER,February,NO,URBAN,72.0,34.0,66.0,-578,247.0,24.7,Overstock,10.0,0.0
ACT-INF,ACT,HEALTH CENTER,May,YES,RURAL,4949.0,0.0,422.0,-171,2271.0,8.7,Overstock,261.0,4.0
ACT-SC,ACT,HEALTH CENTER,February,NO,RURAL,14.0,59.0,3.0,-738,65.0,,Unknown,0.0,6.0
SP,SP,HEALTH CENTER,May,YES,URBAN,1283.0,0.0,138.0,65,10.0,0.1,Critical,78.0,331.0
PYRA-SAC,PYRA,HEALTH CENTER,November,NO,RURAL,502.0,119.0,35.0,149,1452.0,9.7,Overstock,149.0,682.0
ACT-INF,ACT,HEALTH CENTER,November,NO,RURAL,2873.0,0.0,529.0,-206,651.0,0.9,Critical,714.0,2363.0
ACT-INF,ACT,HEALTH CENTER,November,NO,RURAL,761.0,0.0,18.0,381,747.0,74.7,Overstock,10.0,31.0
ART-INJ,ART,HEALTH CENTER,May,YES,RURAL,327.0,529.0,74.0,130,854.0,15.2,Overstock,56.0,0.0
ACT-INF,ACT,HEALTH CENTER,February,NO,RURAL,80.0,2.0,46.0,-412,215.0,16.5,Overstock,13.0,22.0
ART-INJ,ART,HEALTH CENTER,November,NO,RURAL,251.0,1.0,89.0,441,586.0,4.3,Adequate,136.0,1.0
ACT-AD,ACT,HEALTH CENTER,February,NO,RURAL,2066.0,637.0,723.0,334,3269.0,6.5,Overstock,502.0,0.0
RDT,DIAG,HEALTH CENTER,May,YES,URBAN,64.0,0.0,132.0,-168,523.0,4.8,Adequate,108.0,176.0
ACT-AD,ACT,HEALTH CENTER,November,NO,RURAL,29.0,0.0,53.0,909,50.0,2.1,Low,24.0,37.0
RDT,DIAG,HEALTH CENTER,November,NO,RURAL,63.0,51.0,90.0,57,16.0,0.2,Critical,66.0,3970.0
ART-INJ,ART,HEALTH CENTER,August,YES,RURAL,2431.0,0.0,559.0,448,642.0,1.6,Low,403.0,205.0
QUIN,SP,HEALTH CENTER,February,NO,URBAN,50.0,37.0,41.0,642,188.0,15.7,Overstock,12.0,1670.0
ACT-AD,ACT,HEALTH CENTER,February,NO,RURAL,690.0,0.0,87.0,669,342.0,57.0,Overstock,6.0,0.0
ACT-SC,ACT,HEALTH CENTER,May,YES,RURAL,463.0,398.0,220.0,-158,1173.0,3.5,Adequate,336.0,126.0
ITN,PREV,HEALTH CENTER,November,NO,RURAL,0.0,150.0,5.0,271,29.0,7.2,Overstock,4.0,82.0
PYRA-SAC,PYRA,HEALTH CENTER,November,NO,URBAN,1088.0,204.0,298.0,196,489.0,2.9,Low,170.0,0.0
ART-INJ,ART,HEALTH CENTER,November,NO,RURAL,7155.0,14.0,900.0,-840,2593.0,3.1,Adequate,845.0,185.0
ACT-AD,ACT,HEALTH CENTER,February,NO,RURAL,1297.0,4.0,660.0,-106,380.0,0.6,Critical,632.0,2001.0
SP,SP,HEALTH CENTER,August,YES,URBAN,39.0,32.0,4.0,-284,194.0,194.0,Overstock,1.0,0.0
PYRA-COMP,PYRA,HEALTH CENTER,May,YES,URBAN,53.0,75.0,99.0,-353,346.0,7.4,Overstock,47.0,0.0
ACT-INF,ACT,HEALTH CENTER,February,NO,URBAN,877.0,0.0,200.0,239,113.0,0.8,Critical,133.0,0.0
ART-SUP,ART,HEALTH CENTER,August,YES,URBAN,180.0,290.0,218.0,-107,376.0,2.8,Low,136.0,24.0
RDT,DIAG,HOSPITAL,May,YES,URBAN,583.0,235.0,147.0,-119,920.0,9.5,Overstock,97.0,451.0
ART-SUP,ART,HEALTH CENTER,May,YES,URBAN,55.0,1370.0,183.0,280,243.0,1.3,Low,188.0,3453.0
SP,SP,HOSPITAL,August,YES,RURAL,579.0,0.0,96.0,-385,55.0,1.7,Low,32.0,0.0
ITN,PREV,HEALTH CENTER,August,YES,URBAN,424.0,41.0,159.0,168,1348.0,4.3,Adequate,310.0,0.0
ITN,PREV,HOSPITAL,November,NO,URBAN,1357.0,7.0,422.0,741,2082.0,2.7,Low,774.0,282.0
ART-INJ,ART,HEALTH CENTER,August,YES,URBAN,978.0,28.0,577.0,185,1486.0,5.1,Overstock,290.0,127.0
QUIN,SP,HEALTH CENTER,November,NO,RURAL,1257.0,1335.0,650.0,-376,1823.0,12.8,Overstock,142.0,37.0
ACT-INF,ACT,HEALTH CENTER,November,NO,RURAL,574.0,0.0,136.0,713,680.0,13.6,Overstock,50.0,0.0
QUIN,SP,HEALTH CENTER,February,NO,URBAN,1448.0,2473.0,1096.0,-381,2363.0,1.5,Low,1553.0,656.0
ACT-GC,ACT,HEALTH CENTER,August,YES,URBAN,231.0,9.0,21.0,-432,130.0,6.8,Overstock,19.0,0.0
ACT-SC,ACT,HEALTH CENTER,May,YES,RURAL,1210.0,0.0,174.0,-72,629.0,4.7,Adequate,135.0,23.0
ACT-GC,ACT,HEALTH CENTER,February,NO,RURAL,10429.0,46.0,1767.0,233,8818.0,4.2,Adequate,2101.0,96.0
ACT-GC,ACT,HEALTH CENTER,February,NO,RURAL,13.0,0.0,70.0,-36,52.0,2.2,Low,24.0,11.0
ART-SUP,ART,HEALTH CENTER,May,YES,RURAL,59.0,444.0,46.0,369,18.0,9.0,Overstock,2.0,175.0
RDT,DIAG,HEALTH CENTER,February,NO,RURAL,58.0,209.0,58.0,-225,122.0,2.3,Low,54.0,637.0
ART-SUP,ART,HEALTH CENTER,February,NO,RURAL,1742.0,1.0,163.0,-905,1850.0,18.5,Overstock,100.0,0.0
ACT-SC,ACT,HEALTH CENTER,August,YES,RURAL,1287.0,3.0,719.0,-1,2064.0,4.0,Adequate,513.0,877.0
RDT,DIAG,HEALTH CENTER,February,NO,RURAL,890.0,2950.0,397.0,32,1569.0,6.3,Overstock,248.0,956.0
ACT-INF,ACT,HEALTH CENTER,November,NO,URBAN,999.0,488.0,850.0,-260,1993.0,1.9,Low,1034.0,231.0
RDT,DIAG,HEALTH CENTER,February,NO,URBAN,5783.0,1.0,528.0,-159,3722.0,8.6,Overstock,432.0,63.0
RDT,DIAG,HEALTH CENTER,August,YES,URBAN,2176.0,6.0,199.0,-1051,549.0,6.9,Overstock,79.0,0.0
ACT-SC,ACT,HOSPITAL,February,NO,RURAL,2678.0,0.0,1190.0,203,849.0,0.5,Critical,1693.0,521.0
ACT-GC,ACT,HEALTH CENTER,February,NO,URBAN,512.0,172.0,396.0,-336,1023.0,9.7,Overstock,106.0,225.0
PYRA-COMP,PYRA,HOSPITAL,August,YES,RURAL,184.0,24.0,326.0,-503,127.0,0.8,Critical,151.0,2.0
ACT-AD,ACT,HEALTH CENTER,November,NO,RURAL,323.0,152.0,326.0,164,441.0,2.6,Low,170.0,83.0
SP,SP,HEALTH CENTER,February,NO,RURAL,1548.0,685.0,776.0,-371,1566.0,6.3,Overstock,247.0,494.0
PYRA-COMP,PYRA,HEALTH CENTER,November,NO,URBAN,2235.0,0.0,742.0,467,1679.0,3.0,Adequate,558.0,10941.0
ACT-GC,ACT,HEALTH CENTER,August,YES,RURAL,395.0,0.0,276.0,-584,38.0,0.4,Critical,106.0,16.0
PYRA-COMP,PYRA,HEALTH CENTER,August,YES,URBAN,4894.0,1882.0,982.0,-219,4500.0,5.7,Overstock,783.0,19.0
SP,SP,HEALTH CENTER,August,YES,URBAN,2677.0,1.0,189.0,-564,1694.0,6.4,Overstock,264.0,0.0
PYRA-COMP,PYRA,HEALTH CENTER,February,NO,RURAL,109.0,2.0,6.0,-634,344.0,15.6,Overstock,22.0,1477.0
RDT,DIAG,HOSPITAL,February,NO,URBAN,1815.0,8.0,104.0,-418,1552.0,4.7,Adequate,333.0,0.0
SP,SP,HEALTH CENTER,November,NO,RURAL,747.0,4.0,560.0,399,1787.0,2.5,Low,716.0,34.0
RDT,DIAG,HEALTH CENTER,May,YES,RURAL,930.0,24.0,180.0,105,982.0,14.2,Overstock,69.0,642.0
QUIN,SP,HEALTH CENTER,August,YES,URBAN,6554.0,86.0,794.0,-477,3083.0,5.4,Overstock,567.0,217.0
ACT-GC,ACT,HEALTH CENTER,May,YES,URBAN,304.0,0.0,198.0,-445,29.0,0.3,Critical,114.0,1290.0
ART-SUP,ART,HEALTH CENTER,November,NO,RURAL,301.0,0.0,147.0,34,265.0,2.9,Low,90.0,55.0
PYRA-COMP,PYRA,HEALTH CENTER,May,YES,RURAL,1243.0,1139.0,578.0,-615,3084.0,4.2,Adequate,731.0,30.0
QUIN,SP,HEALTH CENTER,May,YES,URBAN,20.0,0.0,5.0,98,101.0,,Unknown,0.0,2.0
ART-INJ,ART,HEALTH CENTER,November,NO,URBAN,2312.0,0.0,269.0,-710,2000.0,5.4,Overstock,371.0,253.0
ART-INJ,ART,HEALTH CENTER,May,YES,URBAN,74.0,380.0,294.0,-50,683.0,1.2,Low,590.0,47.0
ART-SUP,ART,HOSPITAL,February,NO,RURAL,1238.0,511.0,133.0,-912,1335.0,22.6,Overstock,59.0,0.0
ACT-AD,ACT,HEALTH CENTER,August,YES,RURAL,900.0,3.0,390.0,-120,390.0,1.3,Low,300.0,106.0
ART-INJ,ART,HEALTH CENTER,May,YES,URBAN,139.0,515.0,21.0,-724,954.0,,Unknown,0.0,0.0
QUIN,SP,HEALTH CENTER,May,YES,RURAL,1465.0,45.0,434.0,-99,1101.0,9.6,Overstock,115.0,8.0
ACT-SC,ACT,HEALTH CENTER,February,NO,URBAN,1072.0,9.0,135.0,466,380.0,31.7,Overstock,12.0,3298.0
SP,SP,HEALTH CENTER,May,YES,RURAL,292.0,8.0,65.0,-184,51.0,17.0,Overstock,3.0,0.0
ART-SUP,ART,HEALTH CENTER,May,YES,RURAL,1827.0,99.0,407.0,542,2982.0,5.4,Overstock,555.0,2.0
ACT-INF,ACT,HEALTH CENTER,May,YES,RURAL,1256.0,182.0,421.0,-100,1144.0,1.7,Low,674.0,0.0
SP,SP,HEALTH CENTER,August,YES,RURAL,294.0,10.0,98.0,-362,301.0,2.4,Low,126.0,4.0
ITN,PREV,HEALTH CENTER,August,YES,RURAL,815.0,388.0,254.0,-70,2131.0,8.4,Overstock,254.0,30.0
ART-SUP,ART,HEALTH CENTER,November,NO,RURAL,201.0,0.0,39.0,56,160.0,14.5,Overstock,11.0,0.0
QUIN,SP,HEALTH CENTER,November,NO,URBAN,304.0,1.0,599.0,-245,1152.0,2.9,Low,394.0,2.0
ACT-INF,ACT,HEALTH CENTER,May,YES,RURAL,1423.0,2.0,365.0,-47,3905.0,10.8,Overstock,363.0,97.0
PYRA-COMP,PYRA,HEALTH CENTER,August,YES,RURAL,239.0,421.0,661.0,-205,2072.0,3.8,Adequate,545.0,3.0
ACT-INF,ACT,HEALTH CENTER,August,YES,URBAN,155.0,1440.0,438.0,209,1013.0,11.3,Overstock,90.0,10.0
ACT-SC,ACT,HEALTH CENTER,May,YES,RURAL,304.0,13.0,214.0,269,385.0,1.5,Low,263.0,108.0
ITN,PREV,HEALTH CENTER,May,YES,RURAL,1453.0,21.0,150.0,108,369.0,3.3,Adequate,111.0,2062.0
ITN,PREV,HEALTH CENTER,August,YES,RURAL,6913.0,66.0,721.0,-328,2237.0,8.9,Overstock,250.0,665.0
SP,SP,HEALTH CENTER,February,NO,RURAL,422.0,0.0,288.0,-87,158.0,0.9,Critical,180.0,1762.0
ITN,PREV,HEALTH CENTER,November,NO,URBAN,1351.0,4.0,148.0,-24,765.0,6.2,Overstock,123.0,118.0
ITN,PREV,HEALTH CENTER,November,NO,RURAL,5.0,0.0,9.0,412,19.0,19.0,Overstock,1.0,83.0
RDT,DIAG,HEALTH CENTER,August,YES,RURAL,1345.0,0.0,618.0,-429,904.0,5.4,Overstock,166.0,12.0
SP,SP,HEALTH CENTER,May,YES,RURAL,363.0,0.0,162.0,-371,513.0,4.1,Adequate,124.0,496.0
ACT-AD,ACT,HEALTH CENTER,November,NO,URBAN,407.0,8.0,261.0,378,449.0,8.2,Overstock,55.0,0.0
ITN,PREV,HEALTH CENTER,February,NO,RURAL,314.0,1384.0,75.0,292,1462.0,4.9,Adequate,300.0,3388.0
PYRA-SAC,PYRA,HEALTH CENTER,August,YES,RURAL,2630.0,1.0,855.0,-218,1391.0,2.4,Low,571.0,6546.0
SP,SP,HEALTH CENTER,August,YES,RURAL,1449.0,13.0,270.0,417,949.0,4.4,Adequate,217.0,0.0
ACT-SC,ACT,HOSPITAL,February,NO,RURAL,3.0,146.0,3.0,-145,82.0,27.3,Overstock,3.0,10.0
QUIN,SP,HEALTH CENTER,November,NO,RURAL,522.0,1.0,51.0,581,1140.0,47.5,Overstock,24.0,0.0
QUIN,SP,HEALTH CENTER,May,YES,URBAN,21.0,0.0,1.0,601,41.0,,Unknown,0.0,0.0
ART-INJ,ART,HEALTH CENTER,May,YES,RURAL,1317.0,17.0,379.0,27,250.0,0.4,Critical,630.0,1173.0
PYRA-SAC,PYRA,HEALTH CENTER,November,NO,RURAL,64.0,733.0,49.0,346,53.0,1.2,Low,46.0,21.0
ART-INJ,ART,HEALTH CENTER,February,NO,URBAN,35.0,0.0,9.0,-221,19.0,19.0,Overstock,1.0,0.0
ACT-INF,ACT,HEALTH CENTER,August,YES,URBAN,230.0,0.0,32.0,7,62.0,62.0,Overstock,1.0,0.0
RDT,DIAG,HEALTH CENTER,November,NO,RURAL,1097.0,87.0,824.0,318,2052.0,4.1,Adequate,502.0,155.0
ACT-INF,ACT,HOSPITAL,February,NO,RURAL,24.0,0.0,6.0,-413,19.0,19.0,Overstock,1.0,0.0
RDT,DIAG,HEALTH CENTER,November,NO,URBAN,203.0,316.0,493.0,605,329.0,1.1,Low,299.0,2236.0
ACT-INF,ACT,HEALTH CENTER,February,NO,RURAL,382.0,151.0,40.0,159,553.0,29.1,Overstock,19.0,60.0
ACT-GC,ACT,HEALTH CENTER,November,NO,URBAN,378.0,13.0,37.0,-246,181.0,5.5,Overstock,33.0,2307.0
ART-INJ,ART,HEALTH CENTER,November,NO,URBAN,1504.0,32.0,550.0,-372,1980.0,3.1,Adequate,638.0,3063.0
ACT-GC,ACT,HEALTH CENTER,May,YES,RURAL,1.0,9.0,13.0,598,6.0,6.0,Overstock,1.0,0.0
RDT,DIAG,HEALTH CENTER,February,NO,URBAN,2028.0,539.0,481.0,-226,727.0,1.6,Low,449.0,332.0
ACT-INF,ACT,HEALTH CENTER,May,YES,RURAL,25.0,4.0,11.0,-120,37.0,5.3,Overstock,7.0,0.0
PYRA-SAC,PYRA,HEALTH CENTER,May,YES,URBAN,578.0,557.0,211.0,803,2048.0,102.4,Overstock,20.0,20.0
RDT,DIAG,HEALTH CENTER,May,YES,RURAL,351.0,0.0,54.0,-351,878.0,16.0,Overstock,55.0,7.0
ACT-AD,ACT,HEALTH CENTER,August,YES,RURAL,322.0,0.0,101.0,76,498.0,3.7,Adequate,134.0,4.0
RDT,DIAG,HOSPITAL,February,NO,RURAL,1402.0,616.0,846.0,972,2828.0,1.9,Low,1490.0,1297.0
PYRA-SAC,PYRA,HEALTH CENTER,November,NO,RURAL,11.0,156.0,24.0,-285,238.0,,Unknown,0.0,0.0
RDT,DIAG,HOSPITAL,November,NO,RURAL,391.0,20.0,241.0,162,1196.0,1.9,Low,622.0,1004.0
ACT-SC,ACT,HEALTH CENTER,November,NO,RURAL,133.0,0.0,37.0,-138,139.0,9.9,Overstock,14.0,130.0
ACT-INF,ACT,HEALTH CENTER,August,YES,URBAN,1905.0,0.0,235.0,-207,674.0,6.7,Overstock,100.0,2.0
SP,SP,HEALTH CENTER,November,NO,RURAL,5314.0,124.0,1888.0,-229,4665.0,4.4,Adequate,1064.0,1595.0
SP,SP,HEALTH CENTER,May,YES,RURAL,2100.0,13.0,661.0,69,1716.0,1.6,Low,1107.0,9562.0
ACT-INF,ACT,HEALTH CENTER,November,NO,RURAL,4033.0,0.0,807.0,244,1991.0,3.7,Adequate,537.0,57.0
ART-SUP,ART,HEALTH CENTER,February,NO,RURAL,96.0,0.0,48.0,157,127.0,1.4,Low,93.0,29.0
ACT-GC,ACT,HEALTH CENTER,February,NO,RURAL,1432.0,795.0,462.0,66,1781.0,3.2,Adequate,554.0,408.0
ACT-GC,ACT,HOSPITAL,November,NO,RURAL,631.0,511.0,791.0,-626,1121.0,2.6,Low,436.0,293.0
SP,SP,HEALTH CENTER,November,NO,RURAL,111.0,0.0,10.0,575,13.0,3.2,Adequate,4.0,197.0
PYRA-COMP,PYRA,HEALTH CENTER,February,NO,RURAL,1086.0,980.0,144.0,-571,1378.0,17.7,Overstock,78.0,1.0
QUIN,SP,HEALTH CENTER,August,YES,RURAL,166.0,11.0,319.0,599,242.0,0.4,Critical,564.0,29.0
PYRA-COMP,PYRA,HEALTH CENTER,May,YES,RURAL,1710.0,2.0,491.0,-102,1960.0,5.6,Overstock,352.0,117.0
ITN,PREV,HEALTH CENTER,August,YES,URBAN,1633.0,549.0,478.0,-395,712.0,2.4,Low,301.0,2351.0
PYRA-SAC,PYRA,HEALTH CENTER,May,YES,RURAL,70.0,16.0,97.0,214,86.0,0.6,Critical,148.0,552.0
PYRA-COMP,PYRA,HEALTH CENTER,November,NO,URBAN,519.0,0.0,111.0,603,560.0,7.9,Overstock,71.0,261.0
QUIN,SP,HEALTH CENTER,November,NO,URBAN,442.0,0.0,140.0,-259,304.0,5.2,Overstock,58.0,1799.0
ITN,PREV,HEALTH CENTER,November,NO,URBAN,312.0,0.0,5.0,-234,125.0,13.9,Overstock,9.0,0.0
RDT,DIAG,HEALTH CENTER,November,NO,URBAN,264.0,33.0,79.0,-124,69.0,0.4,Critical,162.0,6719.0
ACT-GC,ACT,HEALTH CENTER,February,NO,RURAL,478.0,86.0,99.0,-219,660.0,26.4,Overstock,25.0,69.0
ITN,PREV,HEALTH CENTER,May,YES,URBAN,81.0,2.0,38.0,695,58.0,0.8,Critical,75.0,9.0
PYRA-COMP,PYRA,HEALTH CENTER,November,NO,URBAN,1289.0,0.0,161.0,-482,822.0,13.5,Overstock,61.0,1.0
QUIN,SP,HEALTH CENTER,May,YES,URBAN,1636.0,4.0,83.0,-209,755.0,30.2,Overstock,25.0,0.0
ITN,PREV,HEALTH CENTER,August,YES,URBAN,671.0,9.0,48.0,43,560.0,31.1,Overstock,18.0,2.0
ACT-GC,ACT,HOSPITAL,February,NO,URBAN,126.0,14.0,288.0,-104,484.0,5.5,Overstock,88.0,1027.0
QUIN,SP,HEALTH CENTER,February,NO,RURAL,905.0,0.0,28.0,-136,341.0,34.1,Overstock,10.0,1.0
ACT-INF,ACT,HEALTH CENTER,August,YES,URBAN,3333.0,25.0,326.0,-114,1322.0,3.8,Adequate,350.0,222.0
ACT-GC,ACT,HEALTH CENTER,August,YES,RURAL,1267.0,824.0,95.0,-1505,1986.0,165.5,Overstock,12.0,0.0
PYRA-SAC,PYRA,HEALTH CENTER,August,YES,RURAL,719.0,1147.0,266.0,435,2118.0,17.9,Overstock,118.0,0.0
ACT-AD,ACT,HEALTH CENTER,August,YES,RURAL,1112.0,1.0,228.0,127,1661.0,276.8,Overstock,6.0,0.0
ACT-SC,ACT,HEALTH CENTER,February,NO,RURAL,1014.0,455.0,1367.0,-189,2326.0,2.9,Low,808.0,2.0
ACT-GC,ACT,HEALTH CENTER,August,YES,RURAL,82.0,1.0,54.0,137,220.0,36.7,Overstock,6.0,0.0
SP,SP,HEALTH CENTER,November,NO,URBAN,1134.0,0.0,113.0,-709,157.0,31.4,Overstock,5.0,1.0
ART-INJ,ART,HEALTH CENTER,November,NO,RURAL,389.0,4.0,57.0,1186,499.0,11.3,Overstock,44.0,0.0
ACT-SC,ACT,HEALTH CENTER,November,NO,RURAL,371.0,0.0,150.0,-957,146.0,1.3,Low,111.0,44.0
ACT-INF,ACT,HEALTH CENTER,August,YES,RURAL,1559.0,0.0,350.0,48,337.0,1.1,Low,307.0,528.0
QUIN,SP,HEALTH CENTER,November,NO,URBAN,169.0,265.0,102.0,-428,620.0,5.8,Overstock,107.0,0.0
RDT,DIAG,HEALTH CENTER,August,YES,URBAN,392.0,0.0,51.0,214,118.0,3.4,Adequate,35.0,0.0
QUIN,SP,HEALTH CENTER,November,NO,RURAL,1815.0,35.0,296.0,48,1548.0,1.7,Low,913.0,344.0
SP,SP,HEALTH CENTER,August,YES,RURAL,1157.0,0.0,31.0,155,348.0,43.5,Overstock,8.0,1.0
SP,SP,HEALTH CENTER,November,NO,URBAN,72.0,0.0,17.0,-154,72.0,,Unknown,0.0,0.0
ACT-SC,ACT,HEALTH CENTER,May,YES,RURAL,338.0,61.0,35.0,760,58.0,8.3,Overstock,7.0,37.0
ACT-INF,ACT,HEALTH CENTER,August,YES,RURAL,420.0,24.0,526.0,521,647.0,1.0,Critical,655.0,715.0
ACT-GC,ACT,HEALTH CENTER,February,NO,URBAN,289.0,1334.0,329.0,381,1097.0,2.0,Low,561.0,1575.0
ITN,PREV,HEALTH CENTER,May,YES,URBAN,234.0,0.0,31.0,-416,122.0,122.0,Overstock,1.0,0.0
ART-SUP,ART,HEALTH CENTER,November,NO,URBAN,773.0,1525.0,728.0,46,3252.0,3.9,Adequate,832.0,0.0
ART-INJ,ART,HEALTH CENTER,February,NO,RURAL,82.0,44.0,135.0,33,82.0,0.7,Critical,121.0,2.0
ART-SUP,ART,HEALTH CENTER,August,YES,URBAN,119.0,50.0,45.0,104,321.0,26.8,Overstock,12.0,332.0
ITN,PREV,HEALTH CENTER,August,YES,RURAL,2127.0,121.0,175.0,141,1991.0,14.3,Overstock,139.0,0.0
ITN,PREV,HEALTH CENTER,February,NO,URBAN,3216.0,12.0,116.0,93,2462.0,46.5,Overstock,53.0,62.0
PYRA-SAC,PYRA,HEALTH CENTER,May,YES,RURAL,3625.0,896.0,747.0,-124,3732.0,14.8,Overstock,253.0,0.0
ACT-AD,ACT,HEALTH CENTER,May,YES,RURAL,2270.0,32.0,46.0,-205,553.0,27.6,Overstock,20.0,26.0
PYRA-COMP,PYRA,HEALTH CENTER,February,NO,RURAL,228.0,21.0,119.0,43,366.0,4.3,Adequate,85.0,53.0
ACT-AD,ACT,HEALTH CENTER,August,YES,RURAL,2186.0,297.0,639.0,-390,2634.0,2.6,Low,998.0,0.0
PYRA-SAC,PYRA,HEALTH CENTER,November,NO,RURAL,4144.0,0.0,671.0,117,1989.0,2.2,Low,911.0,12339.0
PYRA-COMP,PYRA,HEALTH CENTER,August,YES,URBAN,811.0,128.0,494.0,729,479.0,1.0,Critical,459.0,5869.0
ART-SUP,ART,HEALTH CENTER,November,NO,RURAL,359.0,381.0,259.0,94,926.0,4.7,Adequate,199.0,7.0
ACT-INF,ACT,HEALTH CENTER,February,NO,RURAL,1083.0,0.0,96.0,-381,132.0,5.5,Overstock,24.0,91.0
ITN,PREV,HOSPITAL,August,YES,RURAL,86.0,68.0,42.0,261,272.0,19.4,Overstock,14.0,827.0
QUIN,SP,HEALTH CENTER,February,NO,URBAN,112.0,0.0,92.0,117,372.0,2.4,Low,155.0,0.0
ART-SUP,ART,HEALTH CENTER,May,YES,RURAL,23.0,6.0,19.0,157,2.0,2.0,Low,1.0,114.0
PYRA-COMP,PYRA,HEALTH CENTER,May,YES,RURAL,677.0,117.0,194.0,-668,69.0,0.5,Critical,152.0,0.0
ACT-GC,ACT,HOSPITAL,August,YES,RURAL,7.0,0.0,19.0,-52,14.0,2.0,Low,7.0,2.0
QUIN,SP,HEALTH CENTER,November,NO,URBAN,613.0,12.0,410.0,669,376.0,0.9,Critical,408.0,75.0
ACT-AD,ACT,HEALTH CENTER,November,NO,RURAL,119.0,0.0,127.0,-643,30.0,0.2,Critical,149.0,43.0
QUIN,SP,HEALTH CENTER,May,YES,RURAL,77.0,53.0,89.0,959,80.0,0.7,Critical,116.0,220.0
ACT-AD,ACT,HEALTH CENTER,May,YES,RURAL,1108.0,339.0,579.0,279,856.0,1.3,Low,640.0,59.0
QUIN,SP,HEALTH CENTER,November,NO,URBAN,1832.0,0.0,223.0,-86,448.0,1.7,Low,257.0,4.0
ACT-AD,ACT,HEALTH CENTER,February,NO,URBAN,1831.0,48.0,676.0,57,1443.0,2.4,Low,593.0,2866.0
RDT,DIAG,HEALTH CENTER,August,YES,URBAN,80.0,0.0,1.0,-340,3.0,,Unknown,0.0,0.0
ART-SUP,ART,HEALTH CENTER,February,NO,URBAN,131.0,2.0,29.0,504,1048.0,87.3,Overstock,12.0,0.0
RDT,DIAG,HEALTH CENTER,August,YES,URBAN,116.0,1.0,42.0,421,99.0,1.1,Low,93.0,381.0
ITN,PREV,HEALTH CENTER,May,YES,RURAL,106.0,2.0,45.0,349,158.0,4.8,Adequate,33.0,41.0
PYRA-SAC,PYRA,HEALTH CENTER,May,YES,RURAL,1220.0,0.0,30.0,-756,296.0,6.2,Overstock,48.0,0.0
ACT-INF,ACT,HEALTH CENTER,November,NO,URBAN,855.0,26.0,99.0,135,173.0,1.8,Low,94.0,6.0
ACT-INF,ACT,HEALTH CENTER,May,YES,RURAL,1060.0,0.0,248.0,-1208,1215.0,7.1,Overstock,170.0,7.0
QUIN,SP,HEALTH CENTER,August,YES,RURAL,798.0,31.0,112.0,-634,1109.0,16.1,Overstock,69.0,0.0
PYRA-SAC,PYRA,HEALTH CENTER,November,NO,RURAL,149.0,19.0,116.0,512,511.0,6.3,Overstock,81.0,0.0
SP,SP,HEALTH CENTER,February,NO,RURAL,2617.0,0.0,475.0,182,1108.0,1.0,Critical,1084.0,3351.0
PYRA-COMP,PYRA,HOSPITAL,August,YES,RURAL,236.0,125.0,39.0,255,1255.0,39.2,Overstock,32.0,33.0
RDT,DIAG,HEALTH CENTER,May,YES,RURAL,896.0,2.0,238.0,-80,1607.0,15.0,Overstock,107.0,0.0
ACT-SC,ACT,HEALTH CENTER,August,YES,RURAL,147.0,41.0,86.0,-376,261.0,7.7,Overstock,34.0,2.0
PYRA-COMP,PYRA,HEALTH CENTER,February,NO,URBAN,5699.0,114.0,1188.0,688,4321.0,5.2,Overstock,824.0,0.0
ART-INJ,ART,HEALTH CENTER,May,YES,RURAL,1009.0,691.0,586.0,167,1152.0,2.7,Low,424.0,2315.0
ITN,PREV,HEALTH CENTER,May,YES,RURAL,640.0,2.0,18.0,-1056,481.0,80.2,Overstock,6.0,0.0
ITN,PREV,HEALTH CENTER,August,YES,RURAL,452.0,10.0,88.0,-8,538.0,26.9,Overstock,20.0,1410.0
RDT,DIAG,HEALTH CENTER,November,NO,URBAN,744.0,67.0,452.0,-188,147.0,1.7,Low,86.0,622.0
ITN,PREV,HEALTH CENTER,August,YES,RURAL,15.0,3.0,8.0,-111,53.0,3.3,Adequate,16.0,79.0
ITN,PREV,HEALTH CENTER,August,YES,RURAL,1302.0,539.0,670.0,-378,225.0,0.5,Critical,446.0,0.0
SP,SP,HEALTH CENTER,August,YES,URBAN,1285.0,29.0,192.0,323,1468.0,40.8,Overstock,36.0,0.0
ART-INJ,ART,HEALTH CENTER,May,YES,URBAN,291.0,332.0,121.0,-430,715.0,14.0,Overstock,51.0,0.0
ACT-SC,ACT,HEALTH CENTER,February,NO,RURAL,0.0,299.0,10.0,-231,5.0,0.1,Critical,40.0,248.0
PYRA-COMP,PYRA,HOSPITAL,November,NO,RURAL,672.0,43.0,214.0,-336,1330.0,12.5,Overstock,106.0,0.0
ART-SUP,ART,HEALTH CENTER,February,NO,RURAL,53.0,433.0,159.0,231,1163.0,35.2,Overstock,33.0,251.0
ACT-GC,ACT,HEALTH CENTER,May,YES,RURAL,901.0,0.0,65.0,-534,159.0,5.3,Overstock,30.0,95.0
QUIN,SP,HOSPITAL,February,NO,URBAN,782.0,1.0,130.0,424,811.0,6.5,Overstock,125.0,0.0
ACT-SC,ACT,HEALTH CENTER,August,YES,RURAL,1465.0,3.0,231.0,-256,2575.0,11.4,Overstock,225.0,0.0
ART-SUP,ART,HEALTH CENTER,August,YES,RURAL,3793.0,41.0,301.0,383,2093.0,4.8,Adequate,437.0,5.0
PYRA-SAC,PYRA,HEALTH CENTER,August,YES,URBAN,2357.0,4.0,390.0,-136,562.0,3.2,Adequate,178.0,236.0
ACT-AD,ACT,HEALTH CENTER,August,YES,URBAN,2154.0,2412.0,596.0,442,2638.0,3.6,Adequate,723.0,8271.0
ART-SUP,ART,HEALTH CENTER,November,NO,RURAL,1277.0,114.0,575.0,371,714.0,0.7,Critical,1038.0,665.0
ACT-INF,ACT,HEALTH CENTER,February,NO,URBAN,2639.0,112.0,497.0,-121,3479.0,9.7,Overstock,357.0,0.0
QUIN,SP,HEALTH CENTER,November,NO,RURAL,649.0,0.0,640.0,-323,489.0,0.7,Critical,716.0,2213.0
QUIN,SP,HEALTH CENTER,August,YES,URBAN,4268.0,0.0,534.0,-239,2098.0,6.4,Overstock,328.0,991.0
ACT-GC,ACT,HEALTH CENTER,February,NO,RURAL,1086.0,14.0,345.0,-440,161.0,0.5,Critical,325.0,0.0
PYRA-SAC,PYRA,HEALTH CENTER,February,NO,RURAL,3394.0,0.0,710.0,1428,987.0,0.9,Critical,1046.0,246.0
PYRA-COMP,PYRA,HEALTH CENTER,August,YES,URBAN,442.0,162.0,51.0,702,381.0,16.6,Overstock,23.0,0.0
ACT-GC,ACT,HEALTH CENTER,August,YES,RURAL,3328.0,0.0,705.0,-677,2135.0,3.5,Adequate,612.0,372.0
ACT-AD,ACT,HEALTH CENTER,August,YES,RURAL,911.0,0.0,15.0,-492,501.0,83.5,Overstock,6.0,0.0
ART-INJ,ART,HEALTH CENTER,February,NO,URBAN,726.0,3.0,12.0,-202,233.0,77.7,Overstock,3.0,42.0
ACT-GC,ACT,HEALTH CENTER,November,NO,RURAL,1146.0,35.0,191.0,357,1603.0,5.0,Adequate,321.0,0.0
ART-INJ,ART,HEALTH CENTER,November,NO,RURAL,1083.0,0.0,47.0,528,1242.0,621.0,Overstock,2.0,0.0
ACT-INF,ACT,HEALTH CENTER,August,YES,URBAN,4962.0,33.0,1658.0,-1019,1539.0,1.0,Critical,1562.0,321.0
RDT,DIAG,HEALTH CENTER,May,YES,RURAL,359.0,1.0,12.0,965,180.0,90.0,Overstock,2.0,64.0
SP,SP,HEALTH CENTER,May,YES,URBAN,524.0,100.0,472.0,309,860.0,18.7,Overstock,46.0,0.0
RDT,DIAG,HOSPITAL,May,YES,URBAN,217.0,22.0,3.0,-88,166.0,23.7,Overstock,7.0,13.0
ACT-SC,ACT,HEALTH CENTER,May,YES,RURAL,728.0,7.0,118.0,71,668.0,66.8,Overstock,10.0,1.0
ART-SUP,ART,HEALTH CENTER,February,NO,RURAL,1027.0,6.0,13.0,-280,1100.0,550.0,Overstock,2.0,0.0
ART-INJ,ART,HEALTH CENTER,November,NO,RURAL,19.0,11.0,55.0,438,95.0,0.5,Critical,175.0,105.0
ITN,PREV,HEALTH CENTER,February,NO,RURAL,2043.0,0.0,638.0,167,1037.0,2.6,Low,406.0,1117.0
ACT-AD,ACT,HEALTH CENTER,February,NO,URBAN,81.0,0.0,96.0,287,34.0,0.2,Critical,218.0,2059.0
ACT-INF,ACT,HEALTH CENTER,August,YES,RURAL,480.0,32.0,59.0,-396,167.0,33.4,Overstock,5.0,156.0
ART-SUP,ART,HEALTH CENTER,February,NO,RURAL,110.0,0.0,62.0,162,332.0,9.5,Overstock,35.0,2989.0
ITN,PREV,HEALTH CENTER,August,YES,RURAL,754.0,4.0,77.0,557,736.0,3.6,Adequate,206.0,0.0
ITN,PREV,HEALTH CENTER,February,NO,RURAL,237.0,1.0,120.0,399,604.0,2.8,Low,217.0,5.0
RDT,DIAG,HEALTH CENTER,May,YES,RURAL,1733.0,308.0,798.0,-568,729.0,1.5,Low,500.0,2965.0
ACT-SC,ACT,HOSPITAL,November,NO,URBAN,67.0,1.0,19.0,-193,50.0,1.2,Low,42.0,73.0
ACT-INF,ACT,HEALTH CENTER,May,YES,RURAL,3442.0,0.0,887.0,355,2082.0,3.3,Adequate,640.0,0.0
ART-INJ,ART,HOSPITAL,August,YES,RURAL,197.0,3.0,103.0,-588,201.0,2.1,Low,98.0,1.0
ART-INJ,ART,HEALTH CENTER,November,NO,RURAL,3701.0,89.0,391.0,-212,4211.0,16.0,Overstock,264.0,11.0
ACT-SC,ACT,HEALTH CENTER,February,NO,URBAN,749.0,47.0,57.0,129,1900.0,32.8,Overstock,58.0,0.0
ITN,PREV,HEALTH CENTER,February,NO,RURAL,1060.0,370.0,264.0,-93,670.0,2.0,Low,338.0,2859.0
ACT-SC,ACT,HOSPITAL,May,YES,RURAL,1231.0,0.0,86.0,-337,1627.0,203.4,Overstock,8.0,1203.0
QUIN,SP,HOSPITAL,February,NO,URBAN,444.0,28.0,355.0,787,925.0,4.4,Adequate,211.0,2439.0
PYRA-COMP,PYRA,HEALTH CENTER,May,YES,RURAL,560.0,0.0,28.0,-196,94.0,15.7,Overstock,6.0,0.0
QUIN,SP,HEALTH CENTER,February,NO,URBAN,6992.0,1.0,759.0,-249,5435.0,5.6,Overstock,962.0,2012.0
PYRA-SAC,PYRA,HEALTH CENTER,August,YES,RURAL,575.0,1490.0,214.0,-586,468.0,5.0,Adequate,94.0,6926.0
RDT,DIAG,HEALTH CENTER,August,YES,RURAL,5037.0,95.0,856.0,-887,2940.0,4.4,Adequate,664.0,28.0
PYRA-COMP,PYRA,HEALTH CENTER,August,YES,RURAL,450.0,0.0,38.0,128,56.0,6.2,Overstock,9.0,0.0
PYRA-SAC,PYRA,HEALTH CENTER,August,YES,URBAN,881.0,46.0,504.0,0,1022.0,3.6,Adequate,287.0,362.0
ITN,PREV,HEALTH CENTER,February,NO,RURAL,1181.0,0.0,37.0,221,843.0,140.5,Overstock,6.0,2.0
ACT-SC,ACT,HEALTH CENTER,November,NO,URBAN,246.0,1.0,73.0,83,52.0,7.4,Overstock,7.0,1179.0
PYRA-SAC,PYRA,HEALTH CENTER,May,YES,RURAL,1752.0,32.0,181.0,36,800.0,5.7,Overstock,140.0,589.0
ART-SUP,ART,HEALTH CENTER,November,NO,RURAL,143.0,144.0,47.0,-333,148.0,6.2,Overstock,24.0,206.0
ACT-INF,ACT,HEALTH CENTER,February,NO,RURAL,2592.0,104.0,284.0,296,1677.0,28.9,Overstock,58.0,131.0
PYRA-SAC,PYRA,HEALTH CENTER,May,YES,URBAN,242.0,4.0,7.0,-572,17.0,2.4,Low,7.0,0.0
RDT,DIAG,HEALTH CENTER,February,NO,URBAN,838.0,160.0,25.0,-85,1670.0,835.0,Overstock,2.0,0.0
ACT-INF,ACT,HEALTH CENTER,November,NO,RURAL,40.0,0.0,21.0,-311,149.0,21.3,Overstock,7.0,4064.0
PYRA-COMP,PYRA,HEALTH CENTER,May,YES,RURAL,42.0,55.0,149.0,-1248,103.0,2.3,Low,45.0,3.0
ART-INJ,ART,HEALTH CENTER,May,YES,RURAL,2997.0,3.0,768.0,-468,2842.0,3.3,Adequate,852.0,9.0
RDT,DIAG,HEALTH CENTER,November,NO,RURAL,1933.0,2.0,537.0,-509,1630.0,10.7,Overstock,152.0,14.0
ACT-AD,ACT,HEALTH CENTER,May,YES,RURAL,1618.0,10.0,542.0,-33,714.0,1.1,Low,678.0,188.0
ACT-AD,ACT,HEALTH CENTER,November,NO,URBAN,290.0,6.0,125.0,587,147.0,2.4,Low,61.0,4.0
RDT,DIAG,HEALTH CENTER,May,YES,URBAN,108.0,0.0,12.0,78,43.0,3.9,Adequate,11.0,0.0
QUIN,SP,HEALTH CENTER,May,YES,URBAN,1111.0,183.0,887.0,277,1120.0,3.0,Adequate,373.0,0.0
PYRA-SAC,PYRA,HEALTH CENTER,February,NO,RURAL,23.0,205.0,48.0,-129,23.0,3.3,Adequate,7.0,5.0
SP,SP,HEALTH CENTER,November,NO,RURAL,466.0,66.0,104.0,451,662.0,4.5,Adequate,146.0,31.0
ACT-INF,ACT,HEALTH CENTER,February,NO,RURAL,331.0,1.0,235.0,223,743.0,4.6,Adequate,161.0,75.0
SP,SP,HEALTH CENTER,November,NO,URBAN,1275.0,103.0,218.0,-255,1583.0,7.1,Overstock,222.0,260.0
ITN,PREV,HEALTH CENTER,November,NO,RURAL,207.0,1.0,37.0,353,44.0,5.5,Overstock,8.0,24.0
ACT-GC,ACT,HEALTH CENTER,August,YES,RURAL,1704.0,75.0,380.0,190,1468.0,4.2,Adequate,347.0,2.0
ART-INJ,ART,HEALTH CENTER,February,NO,RURAL,2197.0,64.0,314.0,-125,1474.0,5.8,Overstock,253.0,2458.0
RDT,DIAG,HEALTH CENTER,November,NO,URBAN,447.0,0.0,333.0,-466,509.0,3.2,Adequate,158.0,6324.0
SP,SP,HOSPITAL,February,NO,URBAN,1639.0,913.0,181.0,-360,2994.0,8.2,Overstock,364.0,321.0
PYRA-COMP,PYRA,HEALTH CENTER,November,NO,URBAN,277.0,0.0,22.0,-196,246.0,123.0,Overstock,2.0,10.0
ACT-INF,ACT,HEALTH CENTER,August,YES,RURAL,954.0,723.0,264.0,785,1039.0,2.5,Low,412.0,2026.0
ITN,PREV,HEALTH CENTER,August,YES,URBAN,148.0,26.0,52.0,66,770.0,45.3,Overstock,17.0,2.0
ART-SUP,ART,HEALTH CENTER,February,NO,RURAL,745.0,0.0,153.0,-425,103.0,0.4,Critical,231.0,258.0
ITN,PREV,HEALTH CENTER,November,NO,RURAL,977.0,25.0,424.0,732,2593.0,7.5,Overstock,346.0,3562.0
ACT-INF,ACT,HEALTH CENTER,May,YES,RURAL,1067.0,876.0,260.0,343,1342.0,6.7,Overstock,200.0,1091.0
ACT-GC,ACT,HEALTH CENTER,August,YES,URBAN,1457.0,0.0,510.0,-203,1335.0,5.1,Overstock,262.0,8516.0
RDT,DIAG,HEALTH CENTER,February,NO,RURAL,193.0,0.0,102.0,384,63.0,2.3,Low,27.0,189.0
ITN,PREV,HEALTH CENTER,August,YES,RURAL,2516.0,17.0,470.0,311,2812.0,5.3,Overstock,533.0,256.0
SP,SP,HEALTH CENTER,August,YES,RURAL,371.0,0.0,108.0,19,228.0,2.2,Low,104.0,217.0
SP,SP,HEALTH CENTER,May,YES,URBAN,32.0,14.0,117.0,-60,136.0,0.8,Critical,160.0,168.0
RDT,DIAG,HEALTH CENTER,February,NO,RURAL,235.0,0.0,17.0,234,538.0,14.2,Overstock,38.0,0.0
ITN,PREV,HEALTH CENTER,May,YES,RURAL,58.0,1.0,103.0,375,83.0,0.7,Critical,121.0,4078.0
QUIN,SP,HEALTH CENTER,February,NO,RURAL,879.0,0.0,164.0,-803,654.0,2.5,Low,264.0,10.0
ACT-INF,ACT,HEALTH CENTER,November,NO,RURAL,3729.0,147.0,613.0,-757,4722.0,27.5,Overstock,172.0,0.0
ACT-SC,ACT,HEALTH CENTER,May,YES,RURAL,151.0,803.0,129.0,-264,1084.0,10.1,Overstock,107.0,1526.0
PYRA-SAC,PYRA,HOSPITAL,August,YES,URBAN,177.0,725.0,158.0,-92,912.0,10.5,Overstock,87.0,0.0
ACT-INF,ACT,HEALTH CENTER,November,NO,RURAL,5.0,0.0,2.0,181,46.0,46.0,Overstock,1.0,121.0
RDT,DIAG,HEALTH CENTER,May,YES,RURAL,195.0,0.0,13.0,-264,60.0,20.0,Overstock,3.0,40.0
ACT-AD,ACT,HEALTH CENTER,November,NO,RURAL,1497.0,0.0,280.0,144,504.0,2.6,Low,192.0,1368.0
SP,SP,HEALTH CENTER,February,NO,URBAN,3348.0,0.0,1397.0,23,705.0,0.6,Critical,1154.0,5751.0
PYRA-SAC,PYRA,HEALTH CENTER,February,NO,RURAL,343.0,21.0,71.0,18,426.0,7.2,Overstock,59.0,429.0
PYRA-SAC,PYRA,HEALTH CENTER,August,YES,RURAL,2816.0,1350.0,1241.0,-100,2978.0,2.1,Low,1436.0,0.0
ACT-AD,ACT,HOSPITAL,February,NO,URBAN,111.0,8.0,138.0,-581,241.0,2.2,Low,108.0,0.0
ART-SUP,ART,HEALTH CENTER,February,NO,RURAL,103.0,95.0,35.0,206,1215.0,52.8,Overstock,23.0,0.0
PYRA-SAC,PYRA,HOSPITAL,August,YES,URBAN,658.0,1274.0,78.0,224,3642.0,35.0,Overstock,104.0,3507.0
ART-SUP,ART,HEALTH CENTER,August,YES,RURAL,513.0,99.0,32.0,-609,79.0,1.1,Low,70.0,0.0
ART-SUP,ART,HEALTH CENTER,August,YES,RURAL,142.0,5.0,121.0,-721,30.0,0.6,Critical,50.0,0.0
PYRA-COMP,PYRA,HEALTH CENTER,February,NO,RURAL,934.0,1.0,206.0,84,845.0,4.1,Adequate,204.0,985.0
RDT,DIAG,HEALTH CENTER,November,NO,RURAL,264.0,8.0,96.0,-434,165.0,2.8,Low,58.0,2353.0
RDT,DIAG,HEALTH CENTER,August,YES,RURAL,1084.0,0.0,126.0,141,316.0,26.3,Overstock,12.0,32.0
RDT,DIAG,HEALTH CENTER,May,YES,RURAL,191.0,70.0,64.0,-570,979.0,75.3,Overstock,13.0,15.0
PYRA-COMP,PYRA,HEALTH CENTER,August,YES,URBAN,360.0,1.0,376.0,-4,358.0,1.1,Low,337.0,73.0
QUIN,SP,HEALTH CENTER,May,YES,URBAN,429.0,0.0,167.0,13,1226.0,21.9,Overstock,56.0,0.0
PYRA-SAC,PYRA,HEALTH CENTER,May,YES,RURAL,463.0,652.0,74.0,-269,163.0,3.4,Adequate,48.0,0.0
ACT-INF,ACT,HEALTH CENTER,November,NO,URBAN,4176.0,0.0,204.0,132,1951.0,10.8,Overstock,180.0,4.0
PYRA-SAC,PYRA,HEALTH CENTER,February,NO,URBAN,109.0,21.0,45.0,118,53.0,2.8,Low,19.0,9600.0
ART-INJ,ART,HEALTH CENTER,November,NO,RURAL,0.0,0.0,8.0,-181,1.0,,Unknown,0.0,17.0
RDT,DIAG,HEALTH CENTER,February,NO,RURAL,209.0,18.0,76.0,-171,120.0,6.0,Overstock,20.0,938.0
ACT-SC,ACT,HOSPITAL,February,NO,URBAN,5231.0,0.0,509.0,-923,2607.0,25.1,Overstock,104.0,275.0
ART-SUP,ART,HEALTH CENTER,November,NO,URBAN,1110.0,0.0,313.0,-168,508.0,2.2,Low,235.0,26.0
ART-SUP,ART,HEALTH CENTER,August,YES,RURAL,102.0,0.0,30.0,352,35.0,8.8,Overstock,4.0,69.0
ACT-INF,ACT,HEALTH CENTER,August,YES,RURAL,955.0,0.0,68.0,18,652.0,14.5,Overstock,45.0,27.0
ACT-SC,ACT,HEALTH CENTER,August,YES,URBAN,1704.0,0.0,835.0,218,816.0,1.2,Low,692.0,33.0
ACT-AD,ACT,HEALTH CENTER,November,NO,RURAL,52.0,8.0,255.0,443,91.0,1.0,Critical,92.0,32.0
ART-INJ,ART,HEALTH CENTER,May,YES,RURAL,301.0,25.0,99.0,187,266.0,5.5,Overstock,48.0,0.0
RDT,DIAG,HEALTH CENTER,May,YES,URBAN,49.0,0.0,106.0,298,293.0,12.7,Overstock,23.0,24.0
PYRA-COMP,PYRA,HEALTH CENTER,November,NO,RURAL,9.0,0.0,0.0,-32,6.0,,Unknown,0.0,17.0
ART-SUP,ART,HEALTH CENTER,August,YES,RURAL,43.0,64.0,29.0,-849,237.0,39.5,Overstock,6.0,60.0
ITN,PREV,HEALTH CENTER,August,YES,URBAN,1948.0,13.0,190.0,-411,806.0,15.5,Overstock,52.0,2.0
ITN,PREV,HEALTH CENTER,August,YES,RURAL,5313.0,0.0,319.0,-36,2976.0,6.2,Overstock,480.0,0.0
RDT,DIAG,HEALTH CENTER,August,YES,URBAN,1145.0,2.0,283.0,-776,693.0,3.2,Adequate,218.0,472.0
ACT-SC,ACT,HEALTH CENTER,November,NO,URBAN,4284.0,0.0,604.0,-178,1452.0,1.7,Low,843.0,183.0
PYRA-SAC,PYRA,HOSPITAL,November,NO,URBAN,59.0,124.0,31.0,-518,126.0,42.0,Overstock,3.0,1.0
SP,SP,HEALTH CENTER,February,NO,RURAL,83.0,182.0,79.0,199,137.0,2.5,Low,55.0,0.0
ACT-INF,ACT,HEALTH CENTER,August,YES,URBAN,1882.0,850.0,841.0,863,3197.0,4.8,Adequate,660.0,1713.0
QUIN,SP,HEALTH CENTER,February,NO,URBAN,289.0,2.0,132.0,-345,718.0,9.6,Overstock,75.0,61.0
ACT-INF,ACT,HEALTH CENTER,November,NO,URBAN,4167.0,70.0,1770.0,649,4178.0,3.6,Adequate,1157.0,3400.0
RDT,DIAG,HEALTH CENTER,May,YES,RURAL,920.0,20.0,88.0,-116,1712.0,24.8,Overstock,69.0,4.0
ART-SUP,ART,HEALTH CENTER,August,YES,RURAL,2273.0,51.0,1083.0,379,1657.0,2.1,Low,774.0,1134.0
ART-INJ,ART,HEALTH CENTER,August,YES,URBAN,3729.0,700.0,1037.0,-569,3542.0,2.4,Low,1449.0,17.0
PYRA-SAC,PYRA,HOSPITAL,August,YES,RURAL,838.0,653.0,424.0,216,2219.0,14.0,Overstock,158.0,149.0
SP,SP,HEALTH CENTER,May,YES,RURAL,5948.0,522.0,1217.0,785,8314.0,6.7,Overstock,1243.0,84.0
ART-SUP,ART,HEALTH CENTER,February,NO,RURAL,1274.0,21.0,100.0,-806,624.0,6.2,Overstock,101.0,7.0
ACT-GC,ACT,HEALTH CENTER,May,YES,URBAN,4117.0,194.0,1337.0,-302,2132.0,1.1,Low,1861.0,2023.0
ACT-INF,ACT,HOSPITAL,August,YES,URBAN,603.0,28.0,49.0,-148,815.0,62.7,Overstock,13.0,21.0
ACT-GC,ACT,HEALTH CENTER,May,YES,RURAL,3281.0,5.0,881.0,-280,1740.0,1.5,Low,1192.0,9799.0
PYRA-COMP,PYRA,HEALTH CENTER,May,YES,RURAL,154.0,1048.0,130.0,145,270.0,3.5,Adequate,77.0,12.0
ART-SUP,ART,HEALTH CENTER,November,NO,URBAN,1597.0,2.0,505.0,892,1337.0,6.9,Overstock,195.0,1418.0
ART-SUP,ART,HEALTH CENTER,May,YES,RURAL,2050.0,1.0,153.0,135,878.0,9.5,Overstock,92.0,257.0
PYRA-COMP,PYRA,HEALTH CENTER,May,YES,URBAN,3680.0,65.0,1823.0,400,3065.0,2.0,Low,1559.0,8478.0
ART-INJ,ART,HEALTH CENTER,May,YES,RURAL,421.0,152.0,376.0,-156,812.0,2.6,Low,307.0,163.0
ACT-AD,ACT,HEALTH CENTER,February,NO,RURAL,305.0,25.0,221.0,-187,823.0,5.5,Overstock,149.0,46.0
ACT-INF,ACT,HOSPITAL,February,NO,RURAL,16.0,11.0,0.0,-408,3.0,,Unknown,0.0,0.0
SP,SP,HEALTH CENTER,November,NO,URBAN,3722.0,25.0,320.0,155,1779.0,12.6,Overstock,141.0,10.0
ITN,PREV,HEALTH CENTER,May,YES,URBAN,80.0,74.0,133.0,229,101.0,1.0,Critical,104.0,3501.0
ACT-INF,ACT,HEALTH CENTER,February,NO,RURAL,22.0,0.0,79.0,-259,147.0,16.3,Overstock,9.0,119.0
SP,SP,HEALTH CENTER,August,YES,RURAL,113.0,0.0,14.0,91,467.0,467.0,Overstock,1.0,0.0
RDT,DIAG,HEALTH CENTER,February,NO,RURAL,22.0,68.0,8.0,-171,109.0,,Unknown,0.0,7.0
ACT-GC,ACT,HEALTH CENTER,May,YES,RURAL,872.0,92.0,277.0,-116,1391.0,3.0,Adequate,470.0,3333.0
ITN,PREV,HEALTH CENTER,February,NO,RURAL,26.0,3.0,34.0,570,148.0,4.8,Adequate,31.0,0.0
RDT,DIAG,HEALTH CENTER,August,YES,RURAL,710.0,0.0,179.0,371,1672.0,19.9,Overstock,84.0,1.0
PYRA-SAC,PYRA,HEALTH CENTER,August,YES,URBAN,2753.0,1104.0,756.0,88,2350.0,4.5,Adequate,526.0,357.0
ACT-SC,ACT,HEALTH CENTER,February,NO,RURAL,406.0,0.0,4.0,-719,262.0,,Unknown,0.0,0.0
QUIN,SP,HEALTH CENTER,February,NO,RURAL,4793.0,1204.0,1073.0,994,5060.0,7.7,Overstock,661.0,3.0
ACT-AD,ACT,HEALTH CENTER,February,NO,RURAL,4.0,0.0,28.0,-212,5.0,2.5,Low,2.0,1.0
ACT-GC,ACT,HEALTH CENTER,May,YES,URBAN,301.0,2.0,7.0,296,602.0,602.0,Overstock,1.0,0.0
ART-INJ,ART,HEALTH CENTER,August,YES,RURAL,559.0,1.0,54.0,504,646.0,22.3,Overstock,29.0,1.0
QUIN,SP,HOSPITAL,August,YES,RURAL,2628.0,185.0,352.0,-445,1625.0,7.1,Overstock,228.0,0.0
ART-INJ,ART,HEALTH CENTER,February,NO,RURAL,596.0,220.0,617.0,265,2242.0,5.4,Overstock,413.0,0.0
ART-INJ,ART,HEALTH CENTER,November,NO,RURAL,150.0,15.0,183.0,652,570.0,17.3,Overstock,33.0,285.0
PYRA-SAC,PYRA,HEALTH CENTER,November,NO,URBAN,499.0,2.0,14.0,250,512.0,39.4,Overstock,13.0,0.0
ACT-SC,ACT,HEALTH CENTER,May,YES,RURAL,24.0,791.0,15.0,-510,50.0,2.1,Low,24.0,0.0
SP,SP,HEALTH CENTER,November,NO,RURAL,190.0,2.0,48.0,32,426.0,16.4,Overstock,26.0,0.0
ART-INJ,ART,HEALTH CENTER,November,NO,RURAL,2930.0,2.0,668.0,439,1294.0,8.3,Overstock,155.0,20887.0
PYRA-COMP,PYRA,HEALTH CENTER,November,NO,RURAL,1494.0,163.0,656.0,-226,535.0,1.1,Low,505.0,1305.0
ACT-AD,ACT,HOSPITAL,November,NO,RURAL,181.0,1036.0,129.0,-636,2025.0,21.1,Overstock,96.0,1.0
ACT-GC,ACT,HEALTH CENTER,November,NO,RURAL,2587.0,139.0,610.0,-741,1727.0,4.4,Adequate,389.0,5.0
ACT-GC,ACT,HEALTH CENTER,November,NO,RURAL,2350.0,70.0,600.0,-862,4487.0,9.8,Overstock,457.0,26.0
ACT-AD,ACT,HEALTH CENTER,November,NO,RURAL,91.0,104.0,61.0,612,521.0,130.2,Overstock,4.0,0.0
ART-SUP,ART,HEALTH CENTER,August,YES,RURAL,1472.0,0.0,186.0,961,535.0,21.4,Overstock,25.0,410.0
RDT,DIAG,HEALTH CENTER,August,YES,RURAL,3894.0,24.0,759.0,386,7399.0,11.9,Overstock,622.0,107.0
ACT-AD,ACT,HEALTH CENTER,February,NO,URBAN,667.0,482.0,366.0,-185,1626.0,5.5,Overstock,297.0,78.0
ACT-SC,ACT,HEALTH CENTER,May,YES,RURAL,2007.0,31.0,390.0,665,498.0,1.7,Low,287.0,0.0
PYRA-COMP,PYRA,HEALTH CENTER,February,NO,URBAN,56.0,153.0,65.0,313,210.0,26.2,Overstock,8.0,168.0
ART-INJ,ART,HEALTH CENTER,August,YES,URBAN,686.0,0.0,14.0,4,850.0,850.0,Overstock,1.0,0.0
PYRA-SAC,PYRA,HEALTH CENTER,May,YES,URBAN,423.0,22.0,75.0,-30,715.0,143.0,Overstock,5.0,0.0
SP,SP,HEALTH CENTER,February,NO,RURAL,5612.0,2.0,485.0,-329,2001.0,3.7,Adequate,546.0,62.0
PYRA-SAC,PYRA,HEALTH CENTER,May,YES,RURAL,183.0,6.0,191.0,-32,158.0,0.5,Critical,336.0,49.0
RDT,DIAG,HEALTH CENTER,November,NO,RURAL,232.0,9.0,13.0,202,442.0,26.0,Overstock,17.0,0.0
ACT-GC,ACT,HOSPITAL,November,NO,URBAN,1980.0,2.0,588.0,177,6507.0,9.5,Overstock,683.0,143.0
PYRA-SAC,PYRA,HEALTH CENTER,May,YES,URBAN,580.0,544.0,184.0,-838,759.0,10.0,Overstock,76.0,317.0
ART-SUP,ART,HEALTH CENTER,November,NO,URBAN,3474.0,0.0,794.0,158,2657.0,2.8,Low,958.0,10263.0
ACT-SC,ACT,HEALTH CENTER,May,YES,RURAL,3133.0,35.0,252.0,-211,3271.0,10.7,Overstock,306.0,9.0
ACT-INF,ACT,HEALTH CENTER,August,YES,RURAL,579.0,0.0,59.0,-373,123.0,3.3,Adequate,37.0,0.0
SP,SP,HEALTH CENTER,November,NO,RURAL,1779.0,0.0,292.0,-1235,687.0,4.5,Adequate,153.0,4711.0
QUIN,SP,HEALTH CENTER,February,NO,RURAL,346.0,0.0,258.0,-431,419.0,1.9,Low,216.0,1263.0
ART-INJ,ART,HEALTH CENTER,August,YES,URBAN,655.0,0.0,54.0,373,689.0,10.3,Overstock,67.0,1.0
ACT-AD,ACT,HEALTH CENTER,May,YES,RURAL,574.0,0.0,267.0,225,503.0,4.8,Adequate,104.0,29.0
RDT,DIAG,HEALTH CENTER,February,NO,URBAN,1011.0,33.0,353.0,29,1581.0,10.1,Overstock,157.0,7.0
ACT-GC,ACT,HEALTH CENTER,August,YES,RURAL,1194.0,1.0,254.0,-231,500.0,2.1,Low,242.0,187.0
RDT,DIAG,HEALTH CENTER,February,NO,RURAL,3171.0,0.0,1269.0,-314,2852.0,3.5,Adequate,812.0,3071.0
ACT-AD,ACT,HEALTH CENTER,August,YES,URBAN,2636.0,0.0,170.0,-588,1905.0,35.3,Overstock,54.0,321.0
QUIN,SP,HEALTH CENTER,August,YES,URBAN,757.0,1.0,689.0,89,474.0,1.0,Critical,468.0,13339.0
RDT,DIAG,HEALTH CENTER,November,NO,URBAN,1388.0,559.0,699.0,-348,1206.0,1.6,Low,760.0,7281.0
QUIN,SP,HEALTH CENTER,August,YES,URBAN,265.0,45.0,47.0,-54,88.0,1.2,Low,73.0,3.0
ITN,PREV,HOSPITAL,August,YES,URBAN,317.0,1.0,173.0,-793,599.0,3.2,Adequate,190.0,3496.0
PYRA-SAC,PYRA,HEALTH CENTER,May,YES,RURAL,4390.0,464.0,988.0,527,2644.0,2.8,Low,949.0,59.0
ACT-INF,ACT,HEALTH CENTER,November,NO,RURAL,469.0,9.0,30.0,-239,1053.0,52.6,Overstock,20.0,0.0
ART-SUP,ART,HEALTH CENTER,May,YES,RURAL,1587.0,153.0,313.0,-439,1137.0,13.2,Overstock,86.0,517.0
ACT-INF,ACT,HEALTH CENTER,May,YES,URBAN,276.0,0.0,83.0,-322,586.0,2.5,Low,231.0,0.0
RDT,DIAG,HEALTH CENTER,August,YES,RURAL,2793.0,17.0,295.0,94,1624.0,4.9,Adequate,331.0,3981.0
ART-INJ,ART,HEALTH CENTER,November,NO,URBAN,45.0,743.0,31.0,371,761.0,17.7,Overstock,43.0,0.0
SP,SP,HEALTH CENTER,February,NO,RURAL,411.0,493.0,209.0,796,1803.0,6.4,Overstock,281.0,0.0
ACT-GC,ACT,HEALTH CENTER,November,NO,URBAN,3661.0,44.0,726.0,-92,4816.0,6.7,Overstock,719.0,812.0
ACT-SC,ACT,HEALTH CENTER,November,NO,RURAL,2052.0,20.0,345.0,-509,1516.0,4.9,Adequate,308.0,12.0
ACT-AD,ACT,HOSPITAL,February,NO,RURAL,1740.0,211.0,88.0,-211,616.0,14.7,Overstock,42.0,21.0
ART-INJ,ART,HEALTH CENTER,February,NO,URBAN,424.0,35.0,262.0,210,677.0,4.9,Adequate,139.0,0.0
ACT-GC,ACT,HEALTH CENTER,August,YES,RURAL,2004.0,761.0,835.0,119,2425.0,6.3,Overstock,387.0,213.0
ACT-GC,ACT,HEALTH CENTER,August,YES,RURAL,2706.0,228.0,1930.0,-215,1756.0,1.3,Low,1327.0,20596.0
PYRA-SAC,PYRA,HEALTH CENTER,February,NO,RURAL,3194.0,35.0,658.0,-31,1013.0,1.2,Low,820.0,1146.0
ART-INJ,ART,HEALTH CENTER,November,NO,RURAL,116.0,0.0,16.0,-9,201.0,201.0,Overstock,1.0,0.0
ACT-SC,ACT,HEALTH CENTER,May,YES,RURAL,4804.0,71.0,311.0,25,5066.0,9.0,Overstock,561.0,0.0
ART-SUP,ART,HEALTH CENTER,November,NO,RURAL,1307.0,55.0,621.0,-748,881.0,2.4,Low,368.0,7645.0
PYRA-SAC,PYRA,HEALTH CENTER,February,NO,URBAN,67.0,91.0,175.0,-86,444.0,7.8,Overstock,57.0,5.0
QUIN,SP,HEALTH CENTER,August,YES,RURAL,254.0,67.0,247.0,160,56.0,0.2,Critical,282.0,304.0
PYRA-COMP,PYRA,HEALTH CENTER,November,NO,URBAN,348.0,38.0,27.0,-516,993.0,31.0,Overstock,32.0,19.0
PYRA-SAC,PYRA,HEALTH CENTER,November,NO,RURAL,1816.0,25.0,445.0,-144,2789.0,22.7,Overstock,123.0,680.0
ACT-GC,ACT,HEALTH CENTER,May,YES,URBAN,1271.0,40.0,372.0,-228,202.0,1.0,Critical,200.0,28.0
ACT-GC,ACT,HEALTH CENTER,May,YES,URBAN,1742.0,19.0,269.0,-368,688.0,5.5,Overstock,126.0,5433.0
RDT,DIAG,HEALTH CENTER,February,NO,URBAN,5307.0,0.0,1344.0,-129,1144.0,0.9,Critical,1226.0,2229.0
SP,SP,HEALTH CENTER,November,NO,RURAL,454.0,51.0,382.0,58,1427.0,3.1,Adequate,467.0,426.0
PYRA-COMP,PYRA,HEALTH CENTER,May,YES,RURAL,715.0,160.0,380.0,288,365.0,1.6,Low,227.0,5780.0
ACT-AD,ACT,HEALTH CENTER,August,YES,RURAL,47.0,63.0,15.0,-422,508.0,169.3,Overstock,3.0,0.0
ART-INJ,ART,HEALTH CENTER,August,YES,RURAL,585.0,1926.0,427.0,573,2368.0,19.6,Overstock,121.0,0.0
SP,SP,HEALTH CENTER,May,YES,RURAL,714.0,0.0,108.0,-910,1268.0,115.3,Overstock,11.0,0.0
QUIN,SP,HOSPITAL,August,YES,URBAN,3287.0,264.0,904.0,-561,3241.0,2.3,Low,1414.0,985.0
ITN,PREV,HEALTH CENTER,May,YES,RURAL,1453.0,2468.0,493.0,1147,3876.0,11.5,Overstock,338.0,1.0
ITN,PREV,HEALTH CENTER,November,NO,URBAN,2973.0,1.0,630.0,76,781.0,1.0,Critical,808.0,84.0
QUIN,SP,HEALTH CENTER,August,YES,RURAL,2246.0,2.0,604.0,-603,2970.0,3.0,Adequate,982.0,401.0
PYRA-COMP,PYRA,HEALTH CENTER,November,NO,RURAL,462.0,2231.0,278.0,-145,1096.0,11.9,Overstock,92.0,3590.0
ART-INJ,ART,HEALTH CENTER,February,NO,RURAL,285.0,1.0,42.0,401,163.0,18.1,Overstock,9.0,12.0
RDT,DIAG,HEALTH CENTER,November,NO,RURAL,2729.0,42.0,570.0,558,1150.0,1.6,Low,736.0,742.0
ITN,PREV,HEALTH CENTER,February,NO,RURAL,170.0,83.0,351.0,-321,157.0,0.6,Critical,251.0,2944.0
ACT-INF,ACT,HEALTH CENTER,August,YES,URBAN,321.0,0.0,23.0,-9,106.0,3.8,Adequate,28.0,0.0
ART-SUP,ART,HEALTH CENTER,November,NO,RURAL,1084.0,101.0,485.0,1034,2404.0,4.1,Adequate,587.0,39.0
ACT-SC,ACT,HEALTH CENTER,August,YES,URBAN,1387.0,94.0,864.0,153,1018.0,1.9,Low,549.0,0.0
ART-SUP,ART,HEALTH CENTER,May,YES,RURAL,178.0,0.0,61.0,-202,396.0,99.0,Overstock,4.0,345.0
PYRA-SAC,PYRA,HEALTH CENTER,August,YES,URBAN,8.0,25.0,6.0,-108,22.0,2.8,Low,8.0,0.0
ACT-GC,ACT,HEALTH CENTER,August,YES,RURAL,955.0,1042.0,346.0,263,1877.0,4.0,Adequate,467.0,3.0
QUIN,SP,HEALTH CENTER,May,YES,URBAN,105.0,0.0,36.0,56,166.0,33.2,Overstock,5.0,0.0
ART-SUP,ART,HEALTH CENTER,August,YES,RURAL,45.0,18.0,50.0,-410,272.0,11.3,Overstock,24.0,0.0
QUIN,SP,HEALTH CENTER,May,YES,RURAL,3893.0,248.0,661.0,455,3011.0,6.8,Overstock,440.0,1154.0
ART-INJ,ART,HEALTH CENTER,February,NO,URBAN,643.0,0.0,145.0,323,1057.0,8.7,Overstock,122.0,0.0
ITN,PREV,HEALTH CENTER,May,YES,URBAN,28.0,17.0,23.0,-342,158.0,12.2,Overstock,13.0,0.0
RDT,DIAG,HEALTH CENTER,August,YES,RURAL,111.0,664.0,11.0,36,328.0,109.3,Overstock,3.0,0.0
ACT-GC,ACT,HOSPITAL,August,YES,RURAL,246.0,5.0,83.0,168,34.0,0.4,Critical,88.0,14055.0
ART-SUP,ART,HEALTH CENTER,August,YES,URBAN,1298.0,318.0,898.0,302,2257.0,6.0,Overstock,375.0,272.0
SP,SP,HEALTH CENTER,May,YES,RURAL,124.0,2.0,38.0,-76,34.0,0.3,Critical,98.0,185.0
ART-INJ,ART,HEALTH CENTER,February,NO,URBAN,2377.0,2960.0,872.0,988,4530.0,4.9,Adequate,918.0,135.0
ART-INJ,ART,HEALTH CENTER,November,NO,RURAL,754.0,0.0,125.0,39,145.0,5.4,Overstock,27.0,145.0
ART-SUP,ART,HEALTH CENTER,November,NO,RURAL,378.0,0.0,191.0,221,477.0,7.5,Overstock,64.0,20.0
SP,SP,HEALTH CENTER,February,NO,RURAL,279.0,3.0,77.0,149,100.0,1.6,Low,63.0,44.0
ITN,PREV,HEALTH CENTER,November,NO,RURAL,24.0,147.0,2.0,-179,10.0,,Unknown,0.0,0.0
ACT-AD,ACT,HEALTH CENTER,August,YES,RURAL,242.0,4012.0,300.0,-334,782.0,6.9,Overstock,114.0,639.0
ART-INJ,ART,HEALTH CENTER,November,NO,URBAN,1556.0,194.0,191.0,-369,819.0,39.0,Overstock,21.0,181.0
ACT-SC,ACT,HEALTH CENTER,February,NO,RURAL,755.0,0.0,63.0,-99,390.0,6.0,Overstock,65.0,231.0
ITN,PREV,HEALTH CENTER,November,NO,RURAL,28.0,0.0,8.0,-724,330.0,66.0,Overstock,5.0,0.0
ACT-AD,ACT,HEALTH CENTER,May,YES,URBAN,896.0,114.0,307.0,-36,674.0,2.8,Low,240.0,3737.0
RDT,DIAG,HOSPITAL,May,YES,RURAL,54.0,1789.0,82.0,774,302.0,10.8,Overstock,28.0,10.0
RDT,DIAG,HEALTH CENTER,February,NO,RURAL,195.0,85.0,52.0,483,866.0,37.7,Overstock,23.0,0.0
ACT-INF,ACT,HEALTH CENTER,November,NO,RURAL,944.0,59.0,221.0,363,2801.0,43.1,Overstock,65.0,0.0
QUIN,SP,HEALTH CENTER,November,NO,RURAL,272.0,80.0,78.0,-677,630.0,14.3,Overstock,44.0,35.0
ACT-GC,ACT,HEALTH CENTER,February,NO,RURAL,256.0,47.0,62.0,749,317.0,3.6,Adequate,87.0,690.0
PYRA-COMP,PYRA,HEALTH CENTER,August,YES,RURAL,1560.0,0.0,114.0,301,1048.0,11.4,Overstock,92.0,129.0
PYRA-SAC,PYRA,HEALTH CENTER,May,YES,RURAL,251.0,87.0,78.0,290,220.0,16.9,Overstock,13.0,1405.0
ACT-INF,ACT,HEALTH CENTER,May,YES,RURAL,974.0,99.0,210.0,-114,1327.0,23.7,Overstock,56.0,2.0
QUIN,SP,HEALTH CENTER,November,NO,URBAN,984.0,1.0,542.0,-454,658.0,2.5,Low,263.0,2.0
ACT-SC,ACT,HEALTH CENTER,February,NO,RURAL,632.0,322.0,102.0,212,1703.0,53.2,Overstock,32.0,91.0
PYRA-COMP,PYRA,HEALTH CENTER,August,YES,RURAL,2700.0,156.0,549.0,-635,1953.0,2.2,Low,905.0,13.0
ART-SUP,ART,HEALTH CENTER,November,NO,RURAL,1163.0,1549.0,695.0,666,3429.0,4.2,Adequate,822.0,1005.0
ITN,PREV,HEALTH CENTER,May,YES,RURAL,1801.0,522.0,983.0,-527,509.0,0.4,Critical,1182.0,4452.0
QUIN,SP,HEALTH CENTER,August,YES,RURAL,1320.0,8.0,558.0,562,2561.0,10.5,Overstock,244.0,39.0
PYRA-COMP,PYRA,HEALTH CENTER,August,YES,RURAL,2.0,83.0,1.0,-644,6.0,6.0,Overstock,1.0,5.0
PYRA-COMP,PYRA,HEALTH CENTER,February,NO,RURAL,835.0,17.0,128.0,64,1023.0,7.8,Overstock,132.0,20.0
ACT-INF,ACT,HEALTH CENTER,May,YES,URBAN,706.0,0.0,23.0,422,37.0,3.4,Adequate,11.0,1.0
ITN,PREV,HEALTH CENTER,November,NO,RURAL,6382.0,672.0,794.0,-1260,8641.0,46.7,Overstock,185.0,0.0
ACT-GC,ACT,HEALTH CENTER,February,NO,URBAN,4136.0,7.0,1463.0,209,1784.0,1.3,Low,1413.0,89.0
ITN,PREV,HEALTH CENTER,February,NO,URBAN,817.0,0.0,163.0,39,776.0,5.1,Overstock,151.0,2564.0
SP,SP,HEALTH CENTER,November,NO,URBAN,362.0,0.0,31.0,79,149.0,21.3,Overstock,7.0,0.0
SP,SP,HEALTH CENTER,November,NO,RURAL,873.0,30.0,947.0,-435,715.0,2.4,Low,299.0,2507.0
ACT-SC,ACT,HEALTH CENTER,August,YES,URBAN,465.0,287.0,22.0,-834,1460.0,112.3,Overstock,13.0,0.0
PYRA-SAC,PYRA,HEALTH CENTER,August,YES,URBAN,95.0,886.0,88.0,356,2468.0,21.1,Overstock,117.0,0.0
ART-INJ,ART,HEALTH CENTER,May,YES,URBAN,801.0,88.0,343.0,237,951.0,3.5,Adequate,273.0,152.0
SP,SP,HEALTH CENTER,February,NO,URBAN,337.0,293.0,79.0,106,523.0,9.7,Overstock,54.0,52.0
ACT-INF,ACT,HEALTH CENTER,February,NO,RURAL,5.0,9.0,8.0,393,113.0,8.7,Overstock,13.0,0.0
ACT-INF,ACT,HEALTH CENTER,May,YES,RURAL,2339.0,0.0,548.0,-79,785.0,2.6,Low,306.0,101.0
ACT-GC,ACT,HEALTH CENTER,February,NO,RURAL,256.0,0.0,334.0,428,66.0,0.1,Critical,566.0,11443.0
RDT,DIAG,HEALTH CENTER,November,NO,URBAN,552.0,183.0,330.0,-582,2428.0,9.4,Overstock,258.0,9.0
ACT-AD,ACT,HEALTH CENTER,May,YES,RURAL,225.0,159.0,74.0,430,969.0,10.3,Overstock,94.0,0.0
QUIN,SP,HEALTH CENTER,May,YES,RURAL,18.0,1.0,168.0,542,469.0,3.6,Adequate,130.0,192.0
RDT,DIAG,HEALTH CENTER,May,YES,RURAL,365.0,4.0,23.0,-4,141.0,1.7,Low,83.0,0.0
RDT,DIAG,HEALTH CENTER,February,NO,RURAL,930.0,66.0,144.0,-172,1179.0,11.0,Overstock,107.0,55.0
SP,SP,HEALTH CENTER,May,YES,RURAL,1822.0,0.0,118.0,-303,1031.0,2.8,Low,368.0,197.0
ACT-GC,ACT,HEALTH CENTER,May,YES,RURAL,330.0,4.0,51.0,-400,759.0,20.5,Overstock,37.0,4086.0
QUIN,SP,HEALTH CENTER,May,YES,URBAN,320.0,1.0,321.0,-276,348.0,1.0,Critical,348.0,278.0
PYRA-COMP,PYRA,HEALTH CENTER,February,NO,URBAN,2073.0,1820.0,178.0,-237,727.0,3.0,Adequate,243.0,85.0
ART-INJ,ART,HEALTH CENTER,November,NO,RURAL,2040.0,17.0,205.0,-660,2113.0,8.0,Overstock,263.0,1.0
QUIN,SP,HEALTH CENTER,February,NO,URBAN,4897.0,259.0,1528.0,287,5274.0,5.1,Overstock,1030.0,496.0
ITN,PREV,HEALTH CENTER,November,NO,RURAL,217.0,4.0,74.0,-323,119.0,4.1,Adequate,29.0,0.0
SP,SP,HEALTH CENTER,February,NO,RURAL,476.0,53.0,434.0,-291,947.0,2.5,Low,384.0,4862.0
ACT-GC,ACT,HEALTH CENTER,May,YES,RURAL,584.0,0.0,63.0,-209,360.0,24.0,Overstock,15.0,12.0
ITN,PREV,HEALTH CENTER,August,YES,URBAN,393.0,0.0,359.0,164,1206.0,7.0,Overstock,172.0,64.0
ACT-GC,ACT,HOSPITAL,August,YES,URBAN,1087.0,323.0,757.0,126,1867.0,3.8,Adequate,494.0,443.0
ACT-GC,ACT,HEALTH CENTER,November,NO,URBAN,1543.0,897.0,177.0,-670,1577.0,17.5,Overstock,90.0,1401.0
ACT-GC,ACT,HEALTH CENTER,May,YES,URBAN,599.0,2.0,294.0,2,790.0,4.8,Adequate,166.0,658.0
RDT,DIAG,HEALTH CENTER,May,YES,URBAN,949.0,115.0,611.0,310,2473.0,10.4,Overstock,237.0,73.0
ART-INJ,ART,HEALTH CENTER,February,NO,RURAL,3677.0,0.0,530.0,-352,2593.0,8.0,Overstock,323.0,3834.0
ACT-SC,ACT,HEALTH CENTER,May,YES,RURAL,2472.0,211.0,321.0,-122,1433.0,6.0,Overstock,237.0,1592.0
RDT,DIAG,HEALTH CENTER,November,NO,URBAN,1572.0,1367.0,839.0,-66,3168.0,5.5,Overstock,578.0,42.0
ITN,PREV,HOSPITAL,August,YES,URBAN,55.0,349.0,78.0,482,209.0,6.3,Overstock,33.0,933.0
SP,SP,HOSPITAL,August,YES,URBAN,65.0,1.0,2.0,341,28.0,,Unknown,0.0,0.0
ACT-AD,ACT,HEALTH CENTER,February,NO,RURAL,1221.0,1.0,720.0,207,1854.0,7.0,Overstock,263.0,14572.0
ACT-SC,ACT,HEALTH CENTER,May,YES,RURAL,4798.0,8.0,545.0,565,4429.0,9.4,Overstock,472.0,2.0
RDT,DIAG,HEALTH CENTER,November,NO,RURAL,2042.0,8.0,714.0,565,1438.0,4.6,Adequate,316.0,638.0
ACT-SC,ACT,HEALTH CENTER,August,YES,RURAL,4395.0,46.0,263.0,-1290,578.0,4.6,Adequate,125.0,6.0
RDT,DIAG,HEALTH CENTER,November,NO,RURAL,329.0,8.0,56.0,-112,54.0,0.8,Critical,65.0,820.0
ITN,PREV,HEALTH CENTER,February,NO,URBAN,453.0,0.0,174.0,35,613.0,3.1,Adequate,195.0,64.0
RDT,DIAG,HEALTH CENTER,November,NO,URBAN,229.0,1036.0,423.0,-242,202.0,1.3,Low,160.0,1191.0
RDT,DIAG,HEALTH CENTER,May,YES,RURAL,75.0,0.0,54.0,553,79.0,8.8,Overstock,9.0,5.0
PYRA-SAC,PYRA,HEALTH CENTER,May,YES,RURAL,2240.0,186.0,1110.0,-90,4342.0,5.3,Overstock,817.0,1204.0
ITN,PREV,HEALTH CENTER,November,NO,RURAL,4332.0,1.0,883.0,-393,4844.0,6.3,Overstock,773.0,413.0
ACT-GC,ACT,HEALTH CENTER,May,YES,URBAN,248.0,0.0,46.0,-736,172.0,2.2,Low,80.0,17.0
QUIN,SP,HEALTH CENTER,November,NO,RURAL,569.0,1.0,531.0,495,799.0,2.2,Low,362.0,0.0
SP,SP,HEALTH CENTER,February,NO,URBAN,1887.0,681.0,217.0,317,1180.0,18.2,Overstock,65.0,135.0
ACT-INF,ACT,HEALTH CENTER,May,YES,RURAL,5.0,0.0,0.0,207,9.0,,Unknown,0.0,3.0
PYRA-COMP,PYRA,HEALTH CENTER,August,YES,RURAL,148.0,297.0,117.0,250,838.0,18.6,Overstock,45.0,274.0
ACT-INF,ACT,HEALTH CENTER,November,NO,RURAL,175.0,0.0,202.0,553,9.0,0.1,Critical,61.0,0.0
ACT-GC,ACT,HEALTH CENTER,November,NO,URBAN,5490.0,0.0,460.0,-304,1785.0,5.6,Overstock,320.0,0.0
ACT-GC,ACT,HEALTH CENTER,May,YES,RURAL,551.0,20.0,65.0,-291,1352.0,13.3,Overstock,102.0,186.0
ACT-AD,ACT,HEALTH CENTER,May,YES,RURAL,408.0,1.0,98.0,-57,361.0,36.1,Overstock,10.0,39.0
PYRA-COMP,PYRA,HEALTH CENTER,May,YES,RURAL,695.0,67.0,314.0,388,823.0,2.1,Low,392.0,15089.0
ART-SUP,ART,HEALTH CENTER,February,NO,RURAL,144.0,93.0,115.0,252,44.0,8.8,Overstock,5.0,28.0
ART-INJ,ART,HEALTH CENTER,May,YES,URBAN,1011.0,34.0,70.0,-463,623.0,69.2,Overstock,9.0,0.0
RDT,DIAG,HEALTH CENTER,August,YES,URBAN,796.0,1.0,179.0,394,112.0,1.6,Low,72.0,92.0
ART-INJ,ART,HEALTH CENTER,May,YES,RURAL,881.0,0.0,135.0,-403,259.0,1.3,Low,200.0,23.0
QUIN,SP,HEALTH CENTER,August,YES,RURAL,498.0,27.0,217.0,-196,480.0,2.6,Low,187.0,0.0
PYRA-COMP,PYRA,HEALTH CENTER,February,NO,RURAL,91.0,320.0,80.0,-470,423.0,4.7,Adequate,90.0,15.0
PYRA-SAC,PYRA,HEALTH CENTER,May,YES,RURAL,2403.0,536.0,659.0,-41,6466.0,6.6,Overstock,977.0,255.0
ART-SUP,ART,HEALTH CENTER,February,NO,RURAL,748.0,1.0,186.0,-457,417.0,3.5,Adequate,120.0,4.0
ART-SUP,ART,HEALTH CENTER,February,NO,URBAN,5499.0,2683.0,1967.0,315,9004.0,8.6,Overstock,1043.0,1028.0
ACT-GC,ACT,HEALTH CENTER,May,YES,RURAL,1398.0,6.0,353.0,-468,1447.0,24.5,Overstock,59.0,0.0
ACT-AD,ACT,HEALTH CENTER,November,NO,RURAL,1.0,155.0,94.0,1103,93.0,0.9,Critical,99.0,0.0
ART-SUP,ART,HEALTH CENTER,February,NO,RURAL,431.0,262.0,301.0,781,921.0,14.0,Overstock,66.0,131.0
ACT-INF,ACT,HEALTH CENTER,May,YES,URBAN,3745.0,78.0,745.0,408,2641.0,7.9,Overstock,333.0,0.0
ACT-SC,ACT,HEALTH CENTER,August,YES,URBAN,461.0,38.0,146.0,388,934.0,3.8,Adequate,248.0,156.0
QUIN,SP,HEALTH CENTER,August,YES,RURAL,363.0,581.0,404.0,152,653.0,1.1,Low,609.0,6700.0
PYRA-SAC,PYRA,HEALTH CENTER,February,NO,URBAN,3101.0,3.0,545.0,-67,1673.0,18.4,Overstock,91.0,1.0
ART-INJ,ART,HEALTH CENTER,February,NO,URBAN,398.0,0.0,26.0,-771,436.0,145.3,Overstock,3.0,0.0
ART-SUP,ART,HEALTH CENTER,November,NO,RURAL,174.0,2.0,74.0,90,48.0,4.0,Adequate,12.0,951.0
ACT-INF,ACT,HEALTH CENTER,May,YES,URBAN,1019.0,0.0,250.0,1234,470.0,1.4,Low,333.0,2382.0
ITN,PREV,HEALTH CENTER,February,NO,URBAN,230.0,7.0,37.0,554,138.0,19.7,Overstock,7.0,8.0
ART-SUP,ART,HEALTH CENTER,February,NO,RURAL,438.0,194.0,380.0,241,1304.0,4.1,Adequate,316.0,3.0
ACT-GC,ACT,HEALTH CENTER,February,NO,RURAL,63.0,75.0,24.0,422,37.0,5.3,Overstock,7.0,7.0
RDT,DIAG,HEALTH CENTER,May,YES,RURAL,8484.0,662.0,1376.0,-468,7667.0,8.8,Overstock,867.0,1.0
ACT-GC,ACT,HEALTH CENTER,February,NO,RURAL,205.0,230.0,821.0,504,1311.0,1.5,Low,894.0,2821.0
ACT-INF,ACT,HEALTH CENTER,August,YES,RURAL,107.0,43.0,68.0,-211,68.0,0.6,Critical,121.0,1557.0
SP,SP,HEALTH CENTER,August,YES,RURAL,53.0,33.0,20.0,260,1100.0,23.4,Overstock,47.0,0.0
ACT-SC,ACT,HEALTH CENTER,February,NO,URBAN,511.0,107.0,80.0,136,367.0,22.9,Overstock,16.0,1035.0
RDT,DIAG,HEALTH CENTER,November,NO,RURAL,4914.0,622.0,2420.0,82,4592.0,2.4,Low,1914.0,6851.0
QUIN,SP,HOSPITAL,November,NO,RURAL,3220.0,38.0,847.0,199,2064.0,3.5,Adequate,597.0,834.0
RDT,DIAG,HEALTH CENTER,May,YES,RURAL,742.0,175.0,250.0,-599,902.0,1.9,Low,486.0,148.0
ITN,PREV,HEALTH CENTER,November,NO,RURAL,230.0,0.0,55.0,70,35.0,0.7,Critical,50.0,18.0
ACT-SC,ACT,HEALTH CENTER,August,YES,RURAL,642.0,0.0,11.0,166,57.0,7.1,Overstock,8.0,106.0
ART-INJ,ART,HEALTH CENTER,May,YES,RURAL,573.0,7.0,67.0,-778,524.0,9.0,Overstock,58.0,1.0
ACT-INF,ACT,HEALTH CENTER,May,YES,RURAL,543.0,0.0,35.0,32,243.0,121.5,Overstock,2.0,0.0
SP,SP,HEALTH CENTER,November,NO,URBAN,722.0,0.0,107.0,-289,1102.0,25.0,Overstock,44.0,894.0
ACT-SC,ACT,HEALTH CENTER,May,YES,URBAN,450.0,421.0,79.0,-439,898.0,19.1,Overstock,47.0,5780.0
PYRA-COMP,PYRA,HEALTH CENTER,February,NO,RURAL,171.0,0.0,25.0,-261,140.0,1.5,Low,95.0,260.0
ACT-SC,ACT,HEALTH CENTER,February,NO,URBAN,2226.0,0.0,355.0,553,1684.0,14.8,Overstock,114.0,1.0
RDT,DIAG,HEALTH CENTER,May,YES,RURAL,329.0,0.0,75.0,-74,140.0,0.8,Critical,177.0,501.0
QUIN,SP,HEALTH CENTER,May,YES,RURAL,1590.0,12.0,334.0,-547,1380.0,2.6,Low,527.0,6.0
ACT-SC,ACT,HEALTH CENTER,May,YES,URBAN,220.0,335.0,49.0,25,20.0,1.3,Low,15.0,2876.0
ART-SUP,ART,HEALTH CENTER,February,NO,RURAL,5202.0,510.0,996.0,-911,4017.0,3.8,Adequate,1056.0,0.0
ACT-SC,ACT,HEALTH CENTER,November,NO,RURAL,806.0,0.0,120.0,135,282.0,5.9,Overstock,48.0,5549.0
QUIN,SP,HEALTH CENTER,August,YES,RURAL,1141.0,1.0,1117.0,-402,959.0,1.5,Low,621.0,5290.0
QUIN,SP,HEALTH CENTER,November,NO,RURAL,1374.0,27.0,50.0,-440,946.0,12.1,Overstock,78.0,0.0
ACT-GC,ACT,HEALTH CENTER,May,YES,URBAN,1719.0,0.0,307.0,-579,1184.0,6.7,Overstock,176.0,5864.0
PYRA-COMP,PYRA,HEALTH CENTER,February,NO,URBAN,232.0,266.0,39.0,33,79.0,4.4,Adequate,18.0,418.0
QUIN,SP,HEALTH CENTER,February,NO,RURAL,286.0,0.0,444.0,5,109.0,0.2,Critical,446.0,119.0
PYRA-SAC,PYRA,HEALTH CENTER,November,NO,URBAN,2.0,1.0,3.0,296,9.0,9.0,Overstock,1.0,95.0
ACT-AD,ACT,HEALTH CENTER,May,YES,URBAN,1474.0,61.0,112.0,437,124.0,0.8,Critical,158.0,123.0
QUIN,SP,HEALTH CENTER,August,YES,RURAL,983.0,116.0,16.0,-82,1497.0,748.5,Overstock,2.0,0.0
ART-SUP,ART,HEALTH CENTER,November,NO,URBAN,363.0,54.0,166.0,104,1083.0,15.7,Overstock,69.0,0.0
ACT-INF,ACT,HEALTH CENTER,August,YES,RURAL,914.0,0.0,272.0,390,1059.0,4.7,Adequate,226.0,2436.0
SP,SP,HEALTH CENTER,May,YES,RURAL,997.0,245.0,246.0,-414,4359.0,16.2,Overstock,269.0,0.0
QUIN,SP,HEALTH CENTER,February,NO,RURAL,694.0,0.0,52.0,385,155.0,22.1,Overstock,7.0,78.0
ACT-SC,ACT,HEALTH CENTER,August,YES,RURAL,384.0,21.0,181.0,832,507.0,3.4,Adequate,150.0,17.0
PYRA-SAC,PYRA,HEALTH CENTER,November,NO,RURAL,2650.0,0.0,244.0,-137,493.0,3.4,Adequate,147.0,660.0
SP,SP,HEALTH CENTER,February,NO,RURAL,1467.0,0.0,132.0,-209,1192.0,13.1,Overstock,91.0,0.0
ART-INJ,ART,HEALTH CENTER,February,NO,RURAL,2160.0,121.0,672.0,255,2172.0,6.3,Overstock,346.0,75.0
SP,SP,HEALTH CENTER,November,NO,RURAL,190.0,2.0,169.0,-515,180.0,1.8,Low,99.0,5.0
ACT-GC,ACT,HEALTH CENTER,August,YES,RURAL,4.0,0.0,3.0,846,19.0,19.0,Overstock,1.0,0.0
ITN,PREV,HEALTH CENTER,August,YES,RURAL,5230.0,61.0,1781.0,465,2938.0,1.1,Low,2752.0,3969.0
PYRA-SAC,PYRA,HEALTH CENTER,May,YES,URBAN,2768.0,1505.0,1631.0,-600,3198.0,2.7,Low,1169.0,2304.0
ART-INJ,ART,HEALTH CENTER,February,NO,RURAL,726.0,1.0,57.0,438,644.0,8.6,Overstock,75.0,0.0
ITN,PREV,HEALTH CENTER,May,YES,URBAN,371.0,0.0,69.0,-115,701.0,43.8,Overstock,16.0,3.0
ART-SUP,ART,HEALTH CENTER,August,YES,RURAL,2334.0,3178.0,582.0,-420,4360.0,8.5,Overstock,510.0,0.0
RDT,DIAG,HEALTH CENTER,August,YES,URBAN,1248.0,41.0,333.0,440,1018.0,2.7,Low,379.0,351.0
ART-INJ,ART,HOSPITAL,May,YES,RURAL,151.0,5.0,5.0,-166,391.0,6.5,Overstock,60.0,0.0
ACT-AD,ACT,HEALTH CENTER,February,NO,RURAL,2409.0,0.0,528.0,145,510.0,0.9,Critical,546.0,8704.0
ART-INJ,ART,HEALTH CENTER,May,YES,RURAL,111.0,0.0,18.0,651,274.0,24.9,Overstock,11.0,0.0
QUIN,SP,HEALTH CENTER,February,NO,RURAL,17.0,15.0,16.0,-214,50.0,3.3,Adequate,15.0,13.0
ACT-GC,ACT,HEALTH CENTER,November,NO,RURAL,309.0,81.0,266.0,-229,2102.0,25.0,Overstock,84.0,0.0
ART-SUP,ART,HEALTH CENTER,August,YES,RURAL,7028.0,184.0,673.0,363,6244.0,8.9,Overstock,704.0,10.0
PYRA-COMP,PYRA,HEALTH CENTER,May,YES,URBAN,1223.0,1668.0,259.0,1001,2200.0,13.5,Overstock,163.0,81.0
SP,SP,HEALTH CENTER,May,YES,RURAL,2900.0,1.0,902.0,-333,2408.0,11.0,Overstock,218.0,1017.0
RDT,DIAG,HEALTH CENTER,May,YES,RURAL,334.0,79.0,180.0,217,510.0,2.2,Low,234.0,718.0
ACT-SC,ACT,HEALTH CENTER,February,NO,URBAN,1767.0,0.0,911.0,-30,681.0,1.0,Critical,685.0,183.0
ACT-INF,ACT,HEALTH CENTER,February,NO,URBAN,1829.0,1.0,340.0,546,772.0,1.3,Low,574.0,271.0
RDT,DIAG,HEALTH CENTER,November,NO,RURAL,2162.0,5.0,1067.0,-27,909.0,1.2,Low,776.0,7480.0
ART-INJ,ART,HEALTH CENTER,February,NO,URBAN,92.0,99.0,97.0,230,62.0,0.6,Critical,105.0,1650.0
ACT-AD,ACT,HEALTH CENTER,February,NO,URBAN,1.0,0.0,26.0,397,4.0,1.3,Low,3.0,4683.0
ACT-INF,ACT,HEALTH CENTER,August,YES,RURAL,1682.0,52.0,431.0,-1078,345.0,2.0,Low,175.0,457.0
ITN,PREV,HEALTH CENTER,May,YES,URBAN,1470.0,8.0,320.0,157,596.0,4.9,Adequate,121.0,849.0
ACT-AD,ACT,HEALTH CENTER,November,NO,RURAL,300.0,275.0,193.0,-50,837.0,2.9,Low,285.0,0.0
ACT-SC,ACT,HEALTH CENTER,February,NO,URBAN,1076.0,290.0,262.0,-182,3284.0,53.0,Overstock,62.0,188.0
RDT,DIAG,HEALTH CENTER,May,YES,RURAL,966.0,688.0,225.0,969,1857.0,5.5,Overstock,340.0,0.0
PYRA-COMP,PYRA,HEALTH CENTER,February,NO,RURAL,1398.0,69.0,132.0,-339,1234.0,12.3,Overstock,100.0,8628.0
ACT-GC,ACT,HOSPITAL,May,YES,RURAL,1181.0,7.0,518.0,227,1183.0,1.6,Low,732.0,5.0
ACT-GC,ACT,HEALTH CENTER,November,NO,URBAN,1521.0,2.0,160.0,764,932.0,16.1,Overstock,58.0,2035.0
ACT-AD,ACT,HEALTH CENTER,February,NO,RURAL,949.0,24.0,434.0,439,2150.0,9.1,Overstock,237.0,64.0
ACT-SC,ACT,HEALTH CENTER,November,NO,URBAN,1264.0,0.0,936.0,938,1509.0,1.0,Critical,1536.0,8184.0
ART-INJ,ART,HEALTH CENTER,August,YES,URBAN,5078.0,116.0,585.0,219,3054.0,4.2,Adequate,724.0,47.0
ACT-SC,ACT,HEALTH CENTER,August,YES,RURAL,400.0,2.0,132.0,43,168.0,4.9,Adequate,34.0,0.0
PYRA-COMP,PYRA,HEALTH CENTER,November,NO,RURAL,845.0,64.0,273.0,396,639.0,6.2,Overstock,103.0,2315.0
RDT,DIAG,HEALTH CENTER,May,YES,URBAN,96.0,0.0,19.0,188,31.0,0.9,Critical,36.0,490.0
ACT-SC,ACT,HEALTH CENTER,November,NO,URBAN,1101.0,264.0,365.0,470,1415.0,4.9,Adequate,287.0,444.0
QUIN,SP,HEALTH CENTER,May,YES,RURAL,30.0,0.0,1.0,-6,2.0,0.2,Critical,9.0,18.0
RDT,DIAG,HEALTH CENTER,August,YES,URBAN,169.0,0.0,22.0,313,29.0,1.2,Low,25.0,1284.0
SP,SP,HEALTH CENTER,February,NO,URBAN,2537.0,0.0,672.0,-574,1302.0,2.6,Low,508.0,68.0
RDT,DIAG,HEALTH CENTER,February,NO,URBAN,301.0,1.0,60.0,-228,140.0,6.4,Overstock,22.0,0.0
ART-INJ,ART,HEALTH CENTER,February,NO,RURAL,448.0,0.0,113.0,584,120.0,0.8,Critical,146.0,13.0
QUIN,SP,HEALTH CENTER,August,YES,RURAL,118.0,0.0,11.0,309,31.0,7.8,Overstock,4.0,0.0
SP,SP,HOSPITAL,February,NO,URBAN,3589.0,8.0,604.0,490,4103.0,6.6,Overstock,626.0,0.0
ITN,PREV,HEALTH CENTER,August,YES,URBAN,1583.0,3.0,725.0,-479,496.0,0.9,Critical,552.0,7771.0
ACT-AD,ACT,HOSPITAL,February,NO,RURAL,1175.0,771.0,105.0,771,1645.0,15.4,Overstock,107.0,19.0
ART-INJ,ART,HEALTH CENTER,February,NO,RURAL,528.0,0.0,101.0,-253,340.0,1.7,Low,196.0,2.0
ACT-AD,ACT,HEALTH CENTER,November,NO,URBAN,1706.0,0.0,136.0,-271,2162.0,16.8,Overstock,129.0,0.0
PYRA-SAC,PYRA,HEALTH CENTER,November,NO,RURAL,470.0,6.0,105.0,459,113.0,0.8,Critical,146.0,0.0
QUIN,SP,HEALTH CENTER,May,YES,URBAN,10.0,0.0,5.0,185,2.0,0.3,Critical,7.0,246.0
ACT-GC,ACT,HEALTH CENTER,August,YES,RURAL,760.0,0.0,12.0,-1029,314.0,314.0,Overstock,1.0,0.0
SP,SP,HEALTH CENTER,February,NO,RURAL,410.0,182.0,229.0,1110,537.0,10.3,Overstock,52.0,8.0
QUIN,SP,HEALTH CENTER,August,YES,RURAL,154.0,19.0,109.0,213,290.0,7.2,Overstock,40.0,69.0
ART-INJ,ART,HEALTH CENTER,November,NO,URBAN,1775.0,172.0,686.0,-73,2418.0,5.8,Overstock,419.0,62.0
ACT-GC,ACT,HEALTH CENTER,August,YES,RURAL,124.0,0.0,28.0,115,19.0,4.8,Adequate,4.0,0.0
PYRA-COMP,PYRA,HEALTH CENTER,February,NO,RURAL,294.0,0.0,140.0,-92,425.0,1.0,Critical,434.0,4.0
QUIN,SP,HEALTH CENTER,November,NO,RURAL,835.0,14.0,55.0,37,394.0,13.6,Overstock,29.0,0.0
PYRA-COMP,PYRA,HEALTH CENTER,May,YES,RURAL,370.0,131.0,930.0,129,1321.0,2.0,Low,662.0,457.0
RDT,DIAG,HEALTH CENTER,February,NO,URBAN,642.0,1280.0,85.0,-439,2546.0,45.5,Overstock,56.0,0.0
ART-SUP,ART,HOSPITAL,February,NO,URBAN,93.0,3.0,23.0,-154,14.0,0.8,Critical,18.0,4491.0
ACT-GC,ACT,HEALTH CENTER,August,YES,RURAL,298.0,9.0,198.0,269,320.0,1.0,Critical,308.0,6.0
ACT-AD,ACT,HEALTH CENTER,May,YES,RURAL,672.0,2091.0,177.0,387,1799.0,27.7,Overstock,65.0,0.0
ACT-INF,ACT,HEALTH CENTER,August,YES,URBAN,33.0,1.0,100.0,130,288.0,4.1,Adequate,70.0,1054.0
SP,SP,HEALTH CENTER,August,YES,URBAN,3597.0,20.0,440.0,-1028,3384.0,19.9,Overstock,170.0,0.0
ART-SUP,ART,HEALTH CENTER,November,NO,URBAN,590.0,253.0,167.0,-484,504.0,1.1,Low,446.0,67.0
ACT-SC,ACT,HEALTH CENTER,May,YES,URBAN,6900.0,60.0,1307.0,-75,5482.0,4.2,Adequate,1294.0,453.0
ACT-GC,ACT,HEALTH CENTER,February,NO,RURAL,30.0,21.0,12.0,588,2.0,0.2,Critical,10.0,3.0
PYRA-SAC,PYRA,HEALTH CENTER,August,YES,RURAL,1009.0,0.0,253.0,420,801.0,8.1,Overstock,99.0,113.0
ITN,PREV,HOSPITAL,August,YES,RURAL,1120.0,168.0,253.0,-332,483.0,1.4,Low,338.0,5766.0
PYRA-SAC,PYRA,HEALTH CENTER,May,YES,RURAL,1867.0,11.0,382.0,37,1797.0,3.8,Adequate,479.0,1771.0
PYRA-COMP,PYRA,HEALTH CENTER,August,YES,RURAL,2222.0,230.0,385.0,-77,2336.0,9.3,Overstock,252.0,159.0
ACT-INF,ACT,HEALTH CENTER,November,NO,RURAL,6991.0,631.0,1551.0,224,8655.0,4.8,Adequate,1817.0,378.0
PYRA-COMP,PYRA,HEALTH CENTER,August,YES,URBAN,1014.0,6.0,80.0,767,672.0,10.0,Overstock,67.0,0.0
SP,SP,HEALTH CENTER,November,NO,RURAL,2044.0,146.0,519.0,-49,1585.0,4.8,Adequate,328.0,496.0
QUIN,SP,HEALTH CENTER,February,NO,RURAL,319.0,1188.0,420.0,-1,2544.0,8.7,Overstock,293.0,4.0
PYRA-COMP,PYRA,HEALTH CENTER,February,NO,RURAL,288.0,0.0,21.0,-128,96.0,2.8,Low,34.0,3.0
QUIN,SP,HEALTH CENTER,November,NO,RURAL,35.0,5.0,98.0,-443,128.0,0.6,Critical,201.0,364.0
ACT-AD,ACT,HEALTH CENTER,February,NO,RURAL,789.0,0.0,18.0,-286,1327.0,265.4,Overstock,5.0,0.0
ITN,PREV,HEALTH CENTER,May,YES,URBAN,385.0,24.0,384.0,148,203.0,0.7,Critical,298.0,876.0
PYRA-SAC,PYRA,HEALTH CENTER,February,NO,RURAL,365.0,134.0,533.0,425,384.0,1.9,Low,199.0,1054.0
PYRA-SAC,PYRA,HEALTH CENTER,August,YES,RURAL,1164.0,44.0,140.0,-371,506.0,1.2,Low,412.0,2731.0
QUIN,SP,HEALTH CENTER,May,YES,RURAL,2743.0,0.0,116.0,48,1088.0,12.4,Overstock,88.0,0.0
PYRA-COMP,PYRA,HEALTH CENTER,August,YES,RURAL,3958.0,825.0,998.0,-743,2886.0,4.8,Adequate,599.0,0.0
PYRA-COMP,PYRA,HEALTH CENTER,May,YES,URBAN,4627.0,736.0,2574.0,107,3570.0,2.1,Low,1727.0,1189.0
ART-SUP,ART,HEALTH CENTER,May,YES,RURAL,1203.0,0.0,120.0,-409,262.0,2.5,Low,105.0,5398.0
ACT-INF,ACT,HEALTH CENTER,February,NO,RURAL,301.0,0.0,61.0,-523,74.0,0.6,Critical,126.0,45.0
ART-INJ,ART,HEALTH CENTER,August,YES,RURAL,539.0,0.0,241.0,310,123.0,6.8,Overstock,18.0,9.0
ACT-SC,ACT,HEALTH CENTER,November,NO,URBAN,310.0,0.0,72.0,-618,45.0,1.3,Low,35.0,102.0
QUIN,SP,HEALTH CENTER,February,NO,URBAN,864.0,115.0,445.0,-790,1833.0,2.2,Low,823.0,79.0
ACT-GC,ACT,HEALTH CENTER,February,NO,RURAL,1558.0,89.0,590.0,1007,3504.0,6.2,Overstock,566.0,2909.0
SP,SP,HEALTH CENTER,August,YES,RURAL,1303.0,2.0,299.0,-931,683.0,2.2,Low,314.0,235.0
ACT-INF,ACT,HEALTH CENTER,November,NO,URBAN,385.0,566.0,346.0,805,955.0,10.5,Overstock,91.0,152.0
ITN,PREV,HEALTH CENTER,August,YES,RURAL,5594.0,0.0,1567.0,-179,1417.0,0.9,Critical,1554.0,3865.0
ART-INJ,ART,HEALTH CENTER,November,NO,RURAL,6001.0,19.0,1102.0,413,1817.0,3.1,Adequate,586.0,133.0
PYRA-SAC,PYRA,HEALTH CENTER,May,YES,RURAL,591.0,0.0,62.0,361,65.0,5.0,Adequate,13.0,1.0
PYRA-COMP,PYRA,HEALTH CENTER,August,YES,RURAL,1288.0,29.0,45.0,-470,1572.0,92.5,Overstock,17.0,0.0
PYRA-COMP,PYRA,HEALTH CENTER,February,NO,RURAL,142.0,0.0,58.0,291,88.0,3.8,Adequate,23.0,0.0
RDT,DIAG,HEALTH CENTER,May,YES,URBAN,1244.0,549.0,118.0,-257,1852.0,97.5,Overstock,19.0,3.0
ACT-SC,ACT,HEALTH CENTER,August,YES,URBAN,16.0,2.0,1.0,-41,10.0,,Unknown,0.0,0.0
QUIN,SP,HEALTH CENTER,February,NO,URBAN,137.0,557.0,26.0,279,668.0,13.4,Overstock,50.0,0.0
ACT-INF,ACT,HEALTH CENTER,November,NO,RURAL,1200.0,0.0,55.0,-279,318.0,6.6,Overstock,48.0,0.0
PYRA-SAC,PYRA,HEALTH CENTER,August,YES,RURAL,2284.0,0.0,165.0,109,1107.0,14.6,Overstock,76.0,0.0
ART-SUP,ART,HEALTH CENTER,November,NO,RURAL,2067.0,0.0,423.0,-779,1197.0,2.5,Low,481.0,1700.0
SP,SP,HEALTH CENTER,February,NO,URBAN,668.0,0.0,99.0,7,102.0,2.8,Low,36.0,1596.0
ART-SUP,ART,HEALTH CENTER,February,NO,URBAN,5202.0,2.0,753.0,-321,2894.0,6.5,Overstock,443.0,0.0
PYRA-SAC,PYRA,HEALTH CENTER,August,YES,URBAN,786.0,21.0,349.0,685,474.0,2.9,Low,166.0,256.0
ART-SUP,ART,HEALTH CENTER,May,YES,URBAN,106.0,109.0,63.0,58,107.0,8.9,Overstock,12.0,4717.0
ACT-INF,ACT,HEALTH CENTER,August,YES,RURAL,772.0,51.0,72.0,1004,1066.0,82.0,Overstock,13.0,8.0
ART-SUP,ART,HEALTH CENTER,May,YES,URBAN,233.0,862.0,138.0,-89,484.0,6.0,Overstock,81.0,14.0
ACT-SC,ACT,HOSPITAL,November,NO,RURAL,2283.0,415.0,249.0,-115,3598.0,39.5,Overstock,91.0,0.0
QUIN,SP,HEALTH CENTER,November,NO,RURAL,429.0,80.0,253.0,-223,348.0,1.5,Low,225.0,1074.0
RDT,DIAG,HEALTH CENTER,August,YES,RURAL,423.0,0.0,106.0,-522,921.0,11.2,Overstock,82.0,0.0
ART-SUP,ART,HEALTH CENTER,August,YES,RURAL,217.0,15.0,40.0,-541,92.0,46.0,Overstock,2.0,26.0
ITN,PREV,HEALTH CENTER,November,NO,RURAL,0.0,0.0,0.0,-321,3.0,,Unknown,0.0,0.0
RDT,DIAG,HEALTH CENTER,February,NO,RURAL,599.0,1808.0,174.0,29,1671.0,21.7,Overstock,77.0,67.0
PYRA-COMP,PYRA,HEALTH CENTER,May,YES,RURAL,6.0,0.0,1.0,227,43.0,,Unknown,0.0,0.0
PYRA-COMP,PYRA,HEALTH CENTER,November,NO,RURAL,2600.0,17.0,985.0,152,2306.0,8.6,Overstock,268.0,79.0
RDT,DIAG,HEALTH CENTER,May,YES,URBAN,2142.0,133.0,390.0,-621,1698.0,6.2,Overstock,275.0,110.0
ACT-SC,ACT,HEALTH CENTER,February,NO,RURAL,48.0,0.0,44.0,-3,172.0,34.4,Overstock,5.0,6.0
ITN,PREV,HEALTH CENTER,February,NO,URBAN,56.0,35.0,399.0,-36,15.0,0.0,Stockout,319.0,63.0
ACT-AD,ACT,HEALTH CENTER,May,YES,RURAL,673.0,1.0,129.0,-138,87.0,0.9,Critical,93.0,6162.0
ITN,PREV,HEALTH CENTER,August,YES,RURAL,15.0,199.0,14.0,424,64.0,12.8,Overstock,5.0,0.0
QUIN,SP,HEALTH CENTER,August,YES,URBAN,6.0,156.0,18.0,-215,94.0,3.1,Adequate,30.0,16.0
ART-INJ,ART,HEALTH CENTER,May,YES,RURAL,0.0,0.0,7.0,553,12.0,3.0,Adequate,4.0,1194.0
PYRA-SAC,PYRA,HEALTH CENTER,August,YES,RURAL,458.0,223.0,276.0,30,1272.0,5.3,Overstock,240.0,0.0
ART-SUP,ART,HEALTH CENTER,August,YES,RURAL,7117.0,1182.0,1986.0,-6,6210.0,4.8,Adequate,1287.0,10.0
SP,SP,HEALTH CENTER,May,YES,RURAL,4567.0,409.0,1517.0,-99,4285.0,5.0,Adequate,849.0,4559.0
ART-SUP,ART,HOSPITAL,May,YES,RURAL,132.0,576.0,88.0,133,358.0,2.3,Low,156.0,0.0
ITN,PREV,HEALTH CENTER,February,NO,RURAL,1.0,4.0,83.0,907,3.0,,Unknown,0.0,0.0
ACT-GC,ACT,HEALTH CENTER,November,NO,RURAL,142.0,0.0,10.0,-325,399.0,199.5,Overstock,2.0,0.0
ACT-INF,ACT,HEALTH CENTER,May,YES,URBAN,2142.0,4.0,757.0,-137,3053.0,3.9,Adequate,790.0,1949.0
ACT-SC,ACT,HEALTH CENTER,August,YES,RURAL,969.0,342.0,72.0,65,1599.0,145.4,Overstock,11.0,0.0
SP,SP,HEALTH CENTER,August,YES,RURAL,129.0,0.0,134.0,-187,55.0,0.3,Critical,177.0,2432.0
ACT-GC,ACT,HEALTH CENTER,February,NO,RURAL,325.0,94.0,106.0,-253,181.0,1.6,Low,112.0,583.0
ACT-AD,ACT,HOSPITAL,February,NO,URBAN,525.0,881.0,959.0,-292,2149.0,1.7,Low,1269.0,995.0
ACT-AD,ACT,HEALTH CENTER,August,YES,RURAL,241.0,147.0,118.0,527,219.0,2.4,Low,93.0,1.0
ACT-GC,ACT,HOSPITAL,November,NO,RURAL,484.0,0.0,32.0,-186,546.0,23.7,Overstock,23.0,0.0
ITN,PREV,HEALTH CENTER,February,NO,RURAL,270.0,13.0,93.0,86,83.0,2.2,Low,37.0,5994.0
ACT-AD,ACT,HEALTH CENTER,February,NO,URBAN,26.0,1.0,130.0,99,15.0,0.4,Critical,42.0,1404.0
ACT-GC,ACT,HEALTH CENTER,May,YES,RURAL,1046.0,128.0,698.0,130,1450.0,3.1,Adequate,464.0,1623.0
QUIN,SP,HEALTH CENTER,May,YES,RURAL,502.0,1.0,72.0,-367,475.0,20.7,Overstock,23.0,0.0
ART-INJ,ART,HEALTH CENTER,February,NO,RURAL,942.0,5.0,417.0,-520,1189.0,3.1,Adequate,387.0,327.0
ART-INJ,ART,HEALTH CENTER,May,YES,URBAN,442.0,0.0,113.0,-196,316.0,5.2,Overstock,61.0,728.0
PYRA-SAC,PYRA,HOSPITAL,November,NO,RURAL,34.0,118.0,11.0,355,80.0,2.3,Low,35.0,93.0
ACT-AD,ACT,HEALTH CENTER,November,NO,URBAN,326.0,65.0,682.0,276,456.0,1.6,Low,278.0,1.0
RDT,DIAG,HEALTH CENTER,August,YES,RURAL,1632.0,1.0,100.0,-118,1012.0,12.5,Overstock,81.0,97.0
ACT-SC,ACT,HEALTH CENTER,May,YES,URBAN,988.0,4.0,479.0,166,820.0,6.0,Overstock,136.0,346.0
ART-INJ,ART,HEALTH CENTER,February,NO,URBAN,773.0,46.0,439.0,-193,696.0,1.3,Low,522.0,8.0
ART-SUP,ART,HEALTH CENTER,August,YES,URBAN,447.0,16.0,54.0,-398,1479.0,12.8,Overstock,116.0,579.0
QUIN,SP,HEALTH CENTER,February,NO,RURAL,299.0,0.0,258.0,-543,179.0,2.7,Low,67.0,949.0
RDT,DIAG,HEALTH CENTER,August,YES,URBAN,1840.0,5.0,321.0,-814,1033.0,6.1,Overstock,170.0,2342.0
PYRA-SAC,PYRA,HEALTH CENTER,August,YES,RURAL,352.0,105.0,155.0,396,413.0,59.0,Overstock,7.0,3.0
ACT-SC,ACT,HEALTH CENTER,May,YES,URBAN,2347.0,88.0,673.0,-431,3087.0,17.2,Overstock,180.0,0.0
ACT-SC,ACT,HEALTH CENTER,August,YES,RURAL,2272.0,1.0,1086.0,751,2091.0,2.6,Low,801.0,733.0
QUIN,SP,HEALTH CENTER,November,NO,RURAL,1616.0,0.0,42.0,-376,584.0,14.2,Overstock,41.0,0.0
ART-SUP,ART,HEALTH CENTER,August,YES,URBAN,626.0,391.0,213.0,-233,1479.0,4.2,Adequate,356.0,0.0
ACT-INF,ACT,HEALTH CENTER,February,NO,RURAL,782.0,0.0,68.0,-124,111.0,2.4,Low,46.0,2255.0
QUIN,SP,HEALTH CENTER,May,YES,RURAL,862.0,82.0,199.0,-525,947.0,4.2,Adequate,223.0,62.0
PYRA-SAC,PYRA,HEALTH CENTER,May,YES,RURAL,1613.0,1.0,366.0,-545,332.0,1.4,Low,244.0,1.0
SP,SP,HEALTH CENTER,May,YES,RURAL,598.0,534.0,106.0,59,839.0,42.0,Overstock,20.0,6.0
ACT-AD,ACT,HEALTH CENTER,May,YES,RURAL,453.0,149.0,53.0,19,361.0,5.2,Overstock,69.0,0.0
ACT-AD,ACT,HEALTH CENTER,May,YES,RURAL,109.0,0.0,59.0,443,168.0,3.0,Adequate,56.0,92.0
PYRA-SAC,PYRA,HEALTH CENTER,February,NO,RURAL,490.0,62.0,1050.0,228,380.0,0.5,Critical,811.0,552.0
SP,SP,HEALTH CENTER,November,NO,URBAN,460.0,1.0,44.0,-59,235.0,2.9,Low,82.0,4.0
SP,SP,HEALTH CENTER,November,NO,URBAN,549.0,79.0,111.0,-209,584.0,3.0,Adequate,195.0,0.0
ACT-AD,ACT,HEALTH CENTER,May,YES,URBAN,1009.0,15.0,415.0,-135,1363.0,9.4,Overstock,145.0,19.0
ITN,PREV,HEALTH CENTER,May,YES,URBAN,1186.0,0.0,244.0,-862,604.0,7.5,Overstock,81.0,5444.0
ITN,PREV,HEALTH CENTER,May,YES,URBAN,1863.0,3.0,318.0,1000,988.0,4.5,Adequate,220.0,166.0
ACT-AD,ACT,HEALTH CENTER,November,NO,RURAL,3303.0,79.0,660.0,-515,1404.0,1.6,Low,902.0,2374.0
ITN,PREV,HEALTH CENTER,May,YES,RURAL,729.0,21.0,416.0,-8,1106.0,4.7,Adequate,236.0,187.0
ACT-AD,ACT,HEALTH CENTER,February,NO,RURAL,149.0,0.0,64.0,37,252.0,3.7,Adequate,69.0,0.0
ART-INJ,ART,HOSPITAL,May,YES,RURAL,572.0,230.0,477.0,32,637.0,2.7,Low,240.0,8.0
QUIN,SP,HEALTH CENTER,August,YES,RURAL,970.0,0.0,390.0,-125,243.0,0.7,Critical,335.0,7206.0
QUIN,SP,HEALTH CENTER,May,YES,URBAN,364.0,9.0,82.0,-49,1179.0,14.2,Overstock,83.0,4.0
ACT-SC,ACT,HEALTH CENTER,May,YES,RURAL,288.0,2.0,110.0,-177,764.0,9.9,Overstock,77.0,0.0
QUIN,SP,HEALTH CENTER,February,NO,RURAL,153.0,16.0,41.0,-115,595.0,35.0,Overstock,17.0,29.0
PYRA-SAC,PYRA,HEALTH CENTER,November,NO,URBAN,4387.0,766.0,383.0,-414,4137.0,17.1,Overstock,242.0,0.0
RDT,DIAG,HEALTH CENTER,February,NO,RURAL,2157.0,48.0,296.0,-426,2405.0,21.9,Overstock,110.0,0.0
ACT-SC,ACT,HOSPITAL,May,YES,RURAL,2199.0,0.0,958.0,137,2438.0,7.1,Overstock,342.0,161.0
PYRA-SAC,PYRA,HEALTH CENTER,February,NO,RURAL,601.0,28.0,207.0,34,2053.0,6.3,Overstock,324.0,42.0
ACT-INF,ACT,HEALTH CENTER,August,YES,URBAN,3.0,0.0,15.0,-309,3.0,0.6,Critical,5.0,11939.0
ACT-GC,ACT,HEALTH CENTER,May,YES,RURAL,52.0,0.0,10.0,-353,26.0,,Unknown,0.0,0.0
ART-SUP,ART,HEALTH CENTER,August,YES,URBAN,1079.0,55.0,213.0,311,545.0,1.9,Low,288.0,0.0
ITN,PREV,HEALTH CENTER,August,YES,RURAL,17.0,0.0,22.0,531,92.0,,Unknown,0.0,0.0
ACT-AD,ACT,HEALTH CENTER,May,YES,RURAL,254.0,310.0,87.0,-414,482.0,7.5,Overstock,64.0,1169.0
RDT,DIAG,HEALTH CENTER,February,NO,RURAL,8390.0,198.0,729.0,-139,3858.0,8.6,Overstock,451.0,2.0
PYRA-COMP,PYRA,HEALTH CENTER,February,NO,RURAL,608.0,1.0,310.0,378,1076.0,2.1,Low,508.0,6.0
ITN,PREV,HEALTH CENTER,November,NO,URBAN,538.0,167.0,233.0,-692,873.0,1.6,Low,544.0,27.0
ART-INJ,ART,HEALTH CENTER,May,YES,RURAL,868.0,0.0,72.0,383,131.0,32.8,Overstock,4.0,1.0
ITN,PREV,HEALTH CENTER,November,NO,URBAN,16.0,607.0,159.0,395,28.0,0.1,Critical,209.0,3285.0
ACT-INF,ACT,HEALTH CENTER,May,YES,RURAL,0.0,205.0,2.0,316,9.0,4.5,Adequate,2.0,0.0
RDT,DIAG,HEALTH CENTER,August,YES,RURAL,2763.0,0.0,469.0,93,1395.0,19.1,Overstock,73.0,0.0
PYRA-COMP,PYRA,HOSPITAL,May,YES,RURAL,992.0,0.0,533.0,50,825.0,3.4,Adequate,240.0,88.0
ART-SUP,ART,HEALTH CENTER,February,NO,RURAL,29.0,32.0,44.0,697,128.0,5.3,Overstock,24.0,0.0
QUIN,SP,HEALTH CENTER,May,YES,URBAN,817.0,749.0,432.0,-126,1878.0,6.5,Overstock,287.0,1.0
ACT-SC,ACT,HEALTH CENTER,February,NO,RURAL,2017.0,2513.0,951.0,90,2204.0,2.0,Low,1088.0,3545.0
ACT-GC,ACT,HEALTH CENTER,May,YES,RURAL,2185.0,0.0,79.0,-582,429.0,9.1,Overstock,47.0,1.0
ART-SUP,ART,HEALTH CENTER,May,YES,URBAN,518.0,270.0,448.0,-553,1579.0,5.4,Overstock,295.0,80.0
ITN,PREV,HEALTH CENTER,August,YES,RURAL,32.0,21.0,35.0,-449,284.0,6.0,Overstock,47.0,85.0
ACT-GC,ACT,HEALTH CENTER,February,NO,URBAN,750.0,16.0,483.0,392,1406.0,5.8,Overstock,244.0,1.0
ACT-INF,ACT,HEALTH CENTER,February,NO,RURAL,1810.0,105.0,361.0,-4,753.0,2.3,Low,322.0,435.0
QUIN,SP,HEALTH CENTER,August,YES,RURAL,1388.0,4.0,323.0,-30,1065.0,9.5,Overstock,112.0,0.0
ACT-SC,ACT,HEALTH CENTER,August,YES,URBAN,672.0,0.0,170.0,-305,1049.0,25.0,Overstock,42.0,95.0
SP,SP,HEALTH CENTER,May,YES,RURAL,946.0,0.0,721.0,277,1588.0,4.3,Adequate,371.0,13.0
SP,SP,HEALTH CENTER,May,YES,RURAL,1887.0,17.0,920.0,39,3369.0,3.6,Adequate,949.0,267.0
ACT-INF,ACT,HOSPITAL,February,NO,RURAL,213.0,3.0,29.0,-386,121.0,40.3,Overstock,3.0,0.0
RDT,DIAG,HEALTH CENTER,February,NO,RURAL,523.0,1.0,87.0,-132,318.0,13.2,Overstock,24.0,109.0
ACT-GC,ACT,HEALTH CENTER,August,YES,RURAL,2622.0,281.0,504.0,302,1279.0,2.3,Low,563.0,37.0
ACT-AD,ACT,HEALTH CENTER,November,NO,URBAN,774.0,2.0,223.0,-130,1090.0,16.8,Overstock,65.0,116.0
ART-SUP,ART,HEALTH CENTER,May,YES,RURAL,501.0,14.0,46.0,110,708.0,78.7,Overstock,9.0,0.0
ART-SUP,ART,HEALTH CENTER,May,YES,RURAL,1217.0,208.0,121.0,-859,1665.0,11.2,Overstock,148.0,12.0
ACT-INF,ACT,HEALTH CENTER,August,YES,RURAL,10.0,3.0,17.0,1124,256.0,64.0,Overstock,4.0,333.0
PYRA-COMP,PYRA,HEALTH CENTER,May,YES,RURAL,680.0,0.0,214.0,261,295.0,2.6,Low,113.0,3964.0
ART-INJ,ART,HEALTH CENTER,August,YES,RURAL,1703.0,324.0,467.0,-273,1321.0,1.6,Low,821.0,2.0
RDT,DIAG,HOSPITAL,February,NO,RURAL,25.0,0.0,7.0,293,43.0,,Unknown,0.0,223.0
PYRA-COMP,PYRA,HOSPITAL,November,NO,RURAL,2462.0,0.0,390.0,114,1168.0,2.4,Low,483.0,37.0
ACT-SC,ACT,HEALTH CENTER,August,YES,URBAN,218.0,117.0,27.0,350,364.0,15.2,Overstock,24.0,0.0
QUIN,SP,HEALTH CENTER,May,YES,RURAL,853.0,0.0,254.0,-55,232.0,3.8,Adequate,61.0,206.0
PYRA-COMP,PYRA,HEALTH CENTER,November,NO,RURAL,1334.0,38.0,116.0,226,122.0,2.7,Low,46.0,14.0
PYRA-COMP,PYRA,HOSPITAL,August,YES,RURAL,28.0,0.0,20.0,26,17.0,1.1,Low,16.0,240.0
ITN,PREV,HEALTH CENTER,August,YES,RURAL,448.0,123.0,256.0,279,361.0,0.9,Critical,408.0,50.0
PYRA-SAC,PYRA,HEALTH CENTER,August,YES,RURAL,1598.0,578.0,1109.0,-72,2297.0,1.3,Low,1808.0,8672.0
ACT-GC,ACT,HEALTH CENTER,November,NO,RURAL,1383.0,4.0,614.0,-599,1636.0,2.4,Low,679.0,93.0
RDT,DIAG,HEALTH CENTER,February,NO,RURAL,2446.0,255.0,658.0,-377,1362.0,2.7,Low,505.0,68.0
PYRA-COMP,PYRA,HEALTH CENTER,November,NO,RURAL,1954.0,0.0,158.0,-350,768.0,20.2,Overstock,38.0,791.0
ITN,PREV,HEALTH CENTER,May,YES,RURAL,121.0,0.0,74.0,167,8.0,0.2,Critical,39.0,1710.0
RDT,DIAG,HEALTH CENTER,November,NO,URBAN,228.0,1.0,92.0,-193,383.0,3.4,Adequate,112.0,0.0
PYRA-SAC,PYRA,HEALTH CENTER,November,NO,URBAN,777.0,2208.0,352.0,437,3015.0,16.3,Overstock,185.0,0.0
ART-INJ,ART,HEALTH CENTER,May,YES,RURAL,376.0,0.0,16.0,126,41.0,5.9,Overstock,7.0,15.0
ITN,PREV,HEALTH CENTER,February,NO,RURAL,1424.0,49.0,900.0,-607,641.0,1.0,Critical,632.0,7514.0
ART-INJ,ART,HEALTH CENTER,November,NO,RURAL,1363.0,0.0,472.0,608,1001.0,5.8,Overstock,173.0,1027.0
RDT,DIAG,HEALTH CENTER,February,NO,URBAN,124.0,1.0,4.0,-261,257.0,64.2,Overstock,4.0,0.0
ACT-AD,ACT,HEALTH CENTER,November,NO,URBAN,144.0,8.0,0.0,-553,177.0,,Unknown,0.0,0.0
RDT,DIAG,HEALTH CENTER,May,YES,RURAL,3377.0,80.0,933.0,-524,2343.0,2.1,Low,1120.0,839.0
ACT-AD,ACT,HEALTH CENTER,February,NO,RURAL,328.0,0.0,28.0,-77,18.0,6.0,Overstock,3.0,105.0
PYRA-SAC,PYRA,HEALTH CENTER,November,NO,RURAL,28.0,1584.0,280.0,-409,56.0,0.4,Critical,131.0,383.0
ACT-INF,ACT,HEALTH CENTER,November,NO,URBAN,324.0,0.0,195.0,-846,140.0,0.4,Critical,344.0,3948.0
ITN,PREV,HEALTH CENTER,May,YES,RURAL,2559.0,1117.0,575.0,-338,2823.0,4.2,Adequate,671.0,71.0
PYRA-COMP,PYRA,HOSPITAL,May,YES,RURAL,220.0,38.0,29.0,263,1010.0,18.0,Overstock,56.0,5070.0
ACT-INF,ACT,HEALTH CENTER,November,NO,RURAL,235.0,16.0,26.0,-480,429.0,429.0,Overstock,1.0,0.0
QUIN,SP,HEALTH CENTER,November,NO,URBAN,401.0,4.0,225.0,-219,794.0,11.2,Overstock,71.0,10.0
ITN,PREV,HOSPITAL,May,YES,RURAL,4290.0,235.0,1293.0,-259,3739.0,1.9,Low,1976.0,3896.0
RDT,DIAG,HEALTH CENTER,November,NO,URBAN,449.0,0.0,51.0,-437,579.0,115.8,Overstock,5.0,0.0
ITN,PREV,HEALTH CENTER,November,NO,RURAL,4.0,168.0,11.0,-180,9.0,0.4,Critical,25.0,162.0
QUIN,SP,HEALTH CENTER,August,YES,URBAN,897.0,8.0,469.0,524,835.0,1.6,Low,518.0,41.0
ACT-SC,ACT,HOSPITAL,May,YES,RURAL,181.0,2.0,92.0,238,125.0,1.0,Critical,129.0,7174.0
ART-SUP,ART,HEALTH CENTER,August,YES,RURAL,1628.0,92.0,119.0,127,627.0,9.8,Overstock,64.0,0.0
SP,SP,HEALTH CENTER,November,NO,URBAN,70.0,1.0,32.0,285,239.0,8.9,Overstock,27.0,0.0
QUIN,SP,HEALTH CENTER,November,NO,RURAL,3131.0,0.0,1902.0,98,1740.0,0.8,Critical,2273.0,1614.0
ACT-GC,ACT,HEALTH CENTER,August,YES,RURAL,24.0,67.0,34.0,674,19.0,9.5,Overstock,2.0,0.0
PYRA-COMP,PYRA,HEALTH CENTER,August,YES,RURAL,1513.0,25.0,559.0,556,2073.0,3.3,Adequate,626.0,3.0
ACT-GC,ACT,HEALTH CENTER,February,NO,URBAN,25.0,0.0,94.0,199,104.0,1.2,Low,87.0,2306.0
ACT-SC,ACT,HEALTH CENTER,February,NO,RURAL,78.0,195.0,26.0,-681,73.0,10.4,Overstock,7.0,1795.0
RDT,DIAG,HEALTH CENTER,August,YES,RURAL,823.0,105.0,30.0,16,1381.0,106.2,Overstock,13.0,21.0
ART-SUP,ART,HEALTH CENTER,May,YES,URBAN,1629.0,391.0,231.0,541,3262.0,11.9,Overstock,275.0,4.0
ACT-AD,ACT,HEALTH CENTER,August,YES,RURAL,723.0,108.0,151.0,445,367.0,3.1,Adequate,120.0,5.0
PYRA-COMP,PYRA,HEALTH CENTER,November,NO,RURAL,1033.0,360.0,132.0,405,563.0,7.0,Overstock,81.0,0.0
ACT-SC,ACT,HEALTH CENTER,November,NO,RURAL,2289.0,1194.0,692.0,880,2270.0,12.8,Overstock,177.0,229.0
ACT-INF,ACT,HEALTH CENTER,February,NO,RURAL,4196.0,13.0,679.0,281,4065.0,6.5,Overstock,628.0,49.0
QUIN,SP,HEALTH CENTER,May,YES,RURAL,696.0,247.0,473.0,-324,1490.0,7.3,Overstock,203.0,36.0
ART-INJ,ART,HEALTH CENTER,May,YES,RURAL,41.0,284.0,83.0,162,86.0,1.0,Critical,84.0,541.0
QUIN,SP,HEALTH CENTER,May,YES,RURAL,4194.0,0.0,645.0,-167,4164.0,5.5,Overstock,754.0,223.0
PYRA-COMP,PYRA,HEALTH CENTER,May,YES,RURAL,103.0,0.0,16.0,525,32.0,6.4,Overstock,5.0,339.0
RDT,DIAG,HEALTH CENTER,May,YES,URBAN,304.0,1.0,316.0,-469,741.0,1.6,Low,466.0,13.0
ACT-AD,ACT,HEALTH CENTER,May,YES,RURAL,419.0,2205.0,233.0,-320,1682.0,25.1,Overstock,67.0,0.0
ART-SUP,ART,HEALTH CENTER,May,YES,RURAL,893.0,0.0,71.0,444,934.0,22.2,Overstock,42.0,41.0
ACT-GC,ACT,HEALTH CENTER,August,YES,RURAL,417.0,5.0,133.0,485,614.0,6.0,Overstock,103.0,1674.0
ACT-SC,ACT,HOSPITAL,August,YES,URBAN,44.0,1.0,65.0,578,157.0,1.7,Low,90.0,254.0
ACT-INF,ACT,HEALTH CENTER,February,NO,RURAL,1680.0,1.0,129.0,438,382.0,1.6,Low,240.0,1596.0
ART-INJ,ART,HEALTH CENTER,August,YES,RURAL,752.0,0.0,118.0,-245,1033.0,27.2,Overstock,38.0,0.0
PYRA-SAC,PYRA,HEALTH CENTER,August,YES,RURAL,1051.0,269.0,355.0,355,436.0,3.6,Adequate,120.0,2.0
PYRA-SAC,PYRA,HEALTH CENTER,November,NO,RURAL,1154.0,0.0,111.0,-276,430.0,7.3,Overstock,59.0,5.0
QUIN,SP,HEALTH CENTER,August,YES,RURAL,185.0,2.0,52.0,-96,68.0,3.4,Adequate,20.0,14.0
ART-SUP,ART,HEALTH CENTER,February,NO,RURAL,0.0,0.0,0.0,-562,1.0,,Unknown,0.0,1602.0
ART-SUP,ART,HEALTH CENTER,August,YES,RURAL,44.0,60.0,21.0,475,591.0,65.7,Overstock,9.0,0.0
ACT-GC,ACT,HEALTH CENTER,November,NO,RURAL,922.0,40.0,623.0,68,1329.0,5.4,Overstock,248.0,0.0
ACT-INF,ACT,HEALTH CENTER,February,NO,RURAL,1.0,0.0,4.0,-65,1.0,1.0,Critical,1.0,18.0
RDT,DIAG,HOSPITAL,May,YES,RURAL,3276.0,1.0,552.0,-46,3076.0,12.0,Overstock,257.0,1.0
ACT-GC,ACT,HEALTH CENTER,August,YES,RURAL,329.0,11.0,288.0,-165,280.0,1.3,Low,220.0,3.0
ART-SUP,ART,HEALTH CENTER,May,YES,RURAL,11.0,594.0,42.0,82,170.0,10.6,Overstock,16.0,0.0
ACT-INF,ACT,HEALTH CENTER,February,NO,URBAN,3644.0,235.0,370.0,571,2791.0,7.4,Overstock,375.0,4816.0
ACT-AD,ACT,HEALTH CENTER,February,NO,RURAL,794.0,6.0,52.0,761,276.0,12.0,Overstock,23.0,31.0
RDT,DIAG,HEALTH CENTER,May,YES,URBAN,1042.0,2336.0,621.0,-706,1091.0,5.0,Adequate,218.0,1.0
RDT,DIAG,HEALTH CENTER,November,NO,RURAL,1249.0,549.0,471.0,-507,1940.0,4.2,Adequate,461.0,3.0
PYRA-SAC,PYRA,HOSPITAL,August,YES,URBAN,1996.0,0.0,505.0,136,1574.0,12.2,Overstock,129.0,0.0
ACT-AD,ACT,HEALTH CENTER,August,YES,RURAL,434.0,0.0,136.0,-319,811.0,8.0,Overstock,102.0,193.0
ACT-AD,ACT,HEALTH CENTER,May,YES,RURAL,1464.0,0.0,202.0,227,613.0,17.0,Overstock,36.0,583.0
ACT-AD,ACT,HEALTH CENTER,November,NO,RURAL,257.0,2.0,8.0,169,73.0,4.1,Adequate,18.0,44.0
SP,SP,HEALTH CENTER,May,YES,URBAN,87.0,0.0,19.0,405,17.0,1.7,Low,10.0,1717.0
ACT-GC,ACT,HEALTH CENTER,February,NO,RURAL,1999.0,264.0,940.0,317,1648.0,2.7,Low,620.0,752.0
ACT-SC,ACT,HEALTH CENTER,May,YES,URBAN,868.0,587.0,385.0,560,641.0,7.9,Overstock,81.0,1540.0
RDT,DIAG,HEALTH CENTER,November,NO,URBAN,345.0,140.0,2.0,-886,182.0,45.5,Overstock,4.0,0.0
ACT-SC,ACT,HEALTH CENTER,August,YES,RURAL,757.0,201.0,348.0,-776,1105.0,3.7,Adequate,300.0,0.0
SP,SP,HEALTH CENTER,February,NO,URBAN,965.0,1.0,266.0,97,1181.0,8.3,Overstock,143.0,18.0
ITN,PREV,HEALTH CENTER,November,NO,RURAL,14.0,2.0,35.0,-306,95.0,7.9,Overstock,12.0,291.0
PYRA-SAC,PYRA,HEALTH CENTER,November,NO,URBAN,484.0,0.0,51.0,-14,380.0,34.5,Overstock,11.0,0.0
ACT-INF,ACT,HEALTH CENTER,November,NO,URBAN,0.0,0.0,3.0,372,1.0,,Unknown,0.0,21.0
ACT-GC,ACT,HEALTH CENTER,February,NO,RURAL,781.0,0.0,65.0,-185,193.0,4.9,Adequate,39.0,59.0
PYRA-SAC,PYRA,HEALTH CENTER,November,NO,RURAL,2035.0,5.0,249.0,-39,2001.0,22.5,Overstock,89.0,1.0
ACT-AD,ACT,HEALTH CENTER,August,YES,RURAL,472.0,279.0,590.0,-60,282.0,0.6,Critical,458.0,6130.0
PYRA-SAC,PYRA,HOSPITAL,August,YES,RURAL,1697.0,176.0,234.0,-159,1301.0,7.0,Overstock,187.0,1276.0
ACT-INF,ACT,HEALTH CENTER,May,YES,RURAL,1752.0,26.0,302.0,-646,910.0,1.8,Low,494.0,1170.0
ACT-INF,ACT,HEALTH CENTER,May,YES,RURAL,563.0,7.0,103.0,-61,488.0,37.5,Overstock,13.0,0.0
ART-INJ,ART,HEALTH CENTER,February,NO,RURAL,3378.0,5.0,765.0,320,1032.0,1.7,Low,590.0,5888.0
ACT-INF,ACT,HEALTH CENTER,February,NO,RURAL,4722.0,30.0,448.0,-127,2060.0,40.4,Overstock,51.0,167.0
ACT-SC,ACT,HEALTH CENTER,November,NO,URBAN,1097.0,366.0,194.0,755,2709.0,10.2,Overstock,265.0,0.0
PYRA-SAC,PYRA,HEALTH CENTER,November,NO,RURAL,7.0,5.0,9.0,-535,37.0,,Unknown,0.0,0.0
SP,SP,HEALTH CENTER,February,NO,URBAN,1494.0,5.0,390.0,72,1277.0,13.6,Overstock,94.0,0.0
ACT-INF,ACT,HOSPITAL,May,YES,RURAL,1501.0,244.0,1209.0,481,3854.0,4.0,Adequate,954.0,346.0
ACT-GC,ACT,HEALTH CENTER,August,YES,RURAL,90.0,114.0,316.0,41,1332.0,8.2,Overstock,163.0,3870.0
ACT-GC,ACT,HEALTH CENTER,November,NO,RURAL,3648.0,17.0,1003.0,301,1398.0,1.2,Low,1155.0,10745.0
ITN,PREV,HEALTH CENTER,November,NO,RURAL,4563.0,1475.0,1136.0,148,6062.0,6.1,Overstock,989.0,2452.0
PYRA-SAC,PYRA,HEALTH CENTER,May,YES,RURAL,1368.0,84.0,351.0,166,2631.0,10.1,Overstock,261.0,38.0
QUIN,SP,HEALTH CENTER,August,YES,URBAN,74.0,0.0,21.0,188,35.0,7.0,Overstock,5.0,3.0
ART-SUP,ART,HEALTH CENTER,August,YES,RURAL,1289.0,1.0,40.0,429,669.0,16.3,Overstock,41.0,0.0
PYRA-COMP,PYRA,HEALTH CENTER,November,NO,URBAN,841.0,1.0,182.0,-305,229.0,2.5,Low,93.0,10.0
QUIN,SP,HOSPITAL,February,NO,RURAL,253.0,29.0,90.0,511,1098.0,5.8,Overstock,190.0,3.0
ACT-SC,ACT,HEALTH CENTER,November,NO,RURAL,2775.0,0.0,553.0,-263,1262.0,6.1,Overstock,207.0,1559.0
ART-SUP,ART,HEALTH CENTER,November,NO,URBAN,476.0,14.0,31.0,16,889.0,80.8,Overstock,11.0,0.0
SP,SP,HEALTH CENTER,February,NO,URBAN,2139.0,8.0,674.0,-456,1294.0,5.0,Adequate,261.0,1.0
QUIN,SP,HEALTH CENTER,May,YES,RURAL,92.0,0.0,145.0,177,45.0,0.8,Critical,60.0,0.0
PYRA-SAC,PYRA,HEALTH CENTER,November,NO,RURAL,1677.0,52.0,370.0,-200,3570.0,10.9,Overstock,329.0,0.0
PYRA-SAC,PYRA,HEALTH CENTER,May,YES,RURAL,87.0,1765.0,150.0,-291,76.0,2.1,Low,37.0,5.0
ITN,PREV,HEALTH CENTER,August,YES,RURAL,972.0,12.0,228.0,-1903,1602.0,5.0,Adequate,322.0,0.0
PYRA-COMP,PYRA,HEALTH CENTER,August,YES,URBAN,1917.0,121.0,794.0,-389,2782.0,6.2,Overstock,447.0,919.0
ACT-GC,ACT,HEALTH CENTER,May,YES,URBAN,3509.0,1.0,729.0,170,1872.0,3.8,Adequate,491.0,1272.0
ACT-INF,ACT,HEALTH CENTER,February,NO,RURAL,825.0,8.0,103.0,993,126.0,1.3,Low,95.0,1313.0
ACT-INF,ACT,HEALTH CENTER,August,YES,RURAL,4935.0,467.0,977.0,397,3718.0,5.1,Overstock,726.0,0.0
ITN,PREV,HOSPITAL,November,NO,RURAL,3002.0,9.0,775.0,-438,2222.0,1.9,Low,1149.0,8843.0
ART-SUP,ART,HEALTH CENTER,May,YES,RURAL,18.0,12.0,2.0,482,28.0,,Unknown,0.0,0.0
PYRA-SAC,PYRA,HEALTH CENTER,August,YES,RURAL,720.0,650.0,583.0,171,2999.0,17.3,Overstock,173.0,141.0
ACT-SC,ACT,HEALTH CENTER,August,YES,URBAN,1420.0,2797.0,589.0,-82,4167.0,4.9,Adequate,858.0,0.0
ART-SUP,ART,HEALTH CENTER,May,YES,RURAL,1578.0,0.0,328.0,-150,641.0,2.9,Low,218.0,434.0
PYRA-SAC,PYRA,HOSPITAL,May,YES,RURAL,219.0,170.0,359.0,400,1257.0,8.1,Overstock,156.0,1393.0
ACT-SC,ACT,HEALTH CENTER,May,YES,URBAN,1313.0,203.0,361.0,-302,1932.0,2.7,Low,717.0,449.0
ACT-INF,ACT,HEALTH CENTER,May,YES,URBAN,5887.0,69.0,1039.0,-122,3841.0,6.4,Overstock,602.0,11.0
PYRA-COMP,PYRA,HOSPITAL,May,YES,RURAL,203.0,157.0,154.0,594,479.0,59.9,Overstock,8.0,74.0
PYRA-COMP,PYRA,HEALTH CENTER,May,YES,RURAL,16.0,14.0,30.0,358,143.0,143.0,Overstock,1.0,0.0
QUIN,SP,HEALTH CENTER,August,YES,RURAL,9.0,0.0,24.0,339,44.0,3.4,Adequate,13.0,217.0
ACT-AD,ACT,HEALTH CENTER,November,NO,RURAL,0.0,46.0,10.0,562,5.0,0.4,Critical,12.0,4456.0
PYRA-COMP,PYRA,HEALTH CENTER,May,YES,RURAL,1271.0,0.0,134.0,280,407.0,8.7,Overstock,47.0,2.0
ACT-SC,ACT,HEALTH CENTER,February,NO,RURAL,488.0,0.0,28.0,126,101.0,10.1,Overstock,10.0,1.0
ACT-SC,ACT,HEALTH CENTER,February,NO,URBAN,539.0,2.0,31.0,465,467.0,11.4,Overstock,41.0,1.0
QUIN,SP,HEALTH CENTER,November,NO,RURAL,810.0,7.0,346.0,-92,1677.0,10.5,Overstock,159.0,104.0
ACT-GC,ACT,HEALTH CENTER,May,YES,RURAL,790.0,0.0,168.0,62,1015.0,19.9,Overstock,51.0,4119.0
ITN,PREV,HEALTH CENTER,November,NO,URBAN,3878.0,0.0,176.0,-258,1436.0,16.5,Overstock,87.0,0.0
ACT-SC,ACT,HEALTH CENTER,February,NO,RURAL,1353.0,0.0,565.0,-307,436.0,0.5,Critical,856.0,2899.0
PYRA-COMP,PYRA,HEALTH CENTER,February,NO,RURAL,1182.0,736.0,132.0,-535,706.0,5.6,Overstock,126.0,453.0
RDT,DIAG,HEALTH CENTER,May,YES,RURAL,2313.0,1.0,200.0,-43,2390.0,8.4,Overstock,286.0,1.0
ACT-AD,ACT,HEALTH CENTER,May,YES,RURAL,973.0,192.0,226.0,-243,2383.0,17.8,Overstock,134.0,1.0
SP,SP,HEALTH CENTER,May,YES,URBAN,583.0,0.0,22.0,1293,845.0,76.8,Overstock,11.0,40.0
ACT-GC,ACT,HEALTH CENTER,November,NO,URBAN,192.0,139.0,4.0,304,760.0,63.3,Overstock,12.0,0.0
RDT,DIAG,HEALTH CENTER,February,NO,URBAN,2656.0,351.0,394.0,168,2825.0,4.4,Adequate,646.0,1.0
ACT-GC,ACT,HEALTH CENTER,November,NO,RURAL,218.0,1.0,323.0,418,51.0,0.4,Critical,128.0,418.0
ACT-AD,ACT,HEALTH CENTER,November,NO,RURAL,664.0,0.0,13.0,447,459.0,459.0,Overstock,1.0,0.0
PYRA-COMP,PYRA,HEALTH CENTER,May,YES,RURAL,8.0,0.0,0.0,-218,13.0,,Unknown,0.0,2.0
ACT-GC,ACT,HEALTH CENTER,November,NO,RURAL,2279.0,91.0,456.0,-296,1362.0,5.6,Overstock,242.0,86.0
ACT-GC,ACT,HEALTH CENTER,May,YES,RURAL,146.0,0.0,3.0,-698,55.0,7.9,Overstock,7.0,0.0
ACT-GC,ACT,HEALTH CENTER,May,YES,RURAL,749.0,1960.0,340.0,126,4114.0,8.0,Overstock,513.0,0.0
ART-SUP,ART,HEALTH CENTER,November,NO,RURAL,5.0,67.0,4.0,573,144.0,,Unknown,0.0,0.0
QUIN,SP,HEALTH CENTER,August,YES,URBAN,236.0,8.0,75.0,-265,265.0,26.5,Overstock,10.0,1577.0
RDT,DIAG,HEALTH CENTER,May,YES,RURAL,1250.0,0.0,269.0,-578,457.0,2.9,Low,159.0,115.0
ACT-INF,ACT,HEALTH CENTER,February,NO,RURAL,56.0,0.0,77.0,105,25.0,1.0,Critical,24.0,0.0
PYRA-COMP,PYRA,HEALTH CENTER,May,YES,RURAL,5034.0,0.0,354.0,-556,1766.0,6.2,Overstock,285.0,65.0
ACT-SC,ACT,HEALTH CENTER,February,NO,URBAN,1474.0,1225.0,687.0,307,3473.0,2.5,Low,1366.0,1982.0
RDT,DIAG,HOSPITAL,November,NO,RURAL,241.0,0.0,18.0,-4,24.0,8.0,Overstock,3.0,354.0
ACT-AD,ACT,HEALTH CENTER,August,YES,RURAL,864.0,733.0,348.0,268,1111.0,2.4,Low,458.0,7.0
SP,SP,HEALTH CENTER,August,YES,RURAL,134.0,0.0,7.0,-349,147.0,13.4,Overstock,11.0,19.0
ACT-GC,ACT,HEALTH CENTER,November,NO,RURAL,173.0,114.0,239.0,3,192.0,1.2,Low,161.0,0.0
PYRA-COMP,PYRA,HEALTH CENTER,November,NO,RURAL,1361.0,3510.0,760.0,107,1458.0,1.0,Critical,1508.0,2543.0
ACT-AD,ACT,HOSPITAL,February,NO,URBAN,9719.0,2519.0,1575.0,-264,10878.0,10.2,Overstock,1062.0,5112.0
ACT-AD,ACT,HEALTH CENTER,February,NO,RURAL,143.0,1.0,111.0,-511,127.0,1.0,Critical,121.0,0.0
ART-INJ,ART,HEALTH CENTER,August,YES,RURAL,433.0,552.0,75.0,-86,687.0,22.2,Overstock,31.0,139.0
RDT,DIAG,HEALTH CENTER,November,NO,RURAL,362.0,341.0,538.0,938,1270.0,5.9,Overstock,214.0,109.0
QUIN,SP,HEALTH CENTER,November,NO,URBAN,4.0,0.0,10.0,141,64.0,10.7,Overstock,6.0,23.0
ACT-INF,ACT,HEALTH CENTER,May,YES,RURAL,383.0,408.0,640.0,-134,486.0,0.9,Critical,526.0,2931.0
PYRA-COMP,PYRA,HEALTH CENTER,August,YES,RURAL,558.0,49.0,38.0,-301,362.0,3.9,Adequate,94.0,9.0
ACT-INF,ACT,HEALTH CENTER,August,YES,RURAL,489.0,1.0,158.0,-548,676.0,11.7,Overstock,58.0,109.0
ACT-AD,ACT,HOSPITAL,May,YES,URBAN,3100.0,326.0,241.0,124,1255.0,8.8,Overstock,143.0,21.0
QUIN,SP,HEALTH CENTER,November,NO,RURAL,898.0,445.0,143.0,-201,1775.0,15.6,Overstock,114.0,2.0
SP,SP,HEALTH CENTER,August,YES,RURAL,28.0,27.0,15.0,-737,44.0,7.3,Overstock,6.0,0.0
ITN,PREV,HEALTH CENTER,May,YES,URBAN,2334.0,129.0,497.0,-212,1661.0,7.2,Overstock,231.0,1514.0
QUIN,SP,HEALTH CENTER,August,YES,RURAL,1324.0,0.0,459.0,25,953.0,3.8,Adequate,249.0,657.0
ART-INJ,ART,HEALTH CENTER,February,NO,RURAL,517.0,15.0,294.0,-79,1623.0,7.3,Overstock,221.0,958.0
ITN,PREV,HEALTH CENTER,February,NO,URBAN,300.0,9.0,190.0,1013,291.0,3.2,Adequate,92.0,40.0
ITN,PREV,HEALTH CENTER,May,YES,RURAL,56.0,37.0,42.0,-196,254.0,4.2,Adequate,60.0,177.0
ITN,PREV,HEALTH CENTER,May,YES,RURAL,348.0,0.0,34.0,372,152.0,6.1,Overstock,25.0,64.0
ACT-AD,ACT,HEALTH CENTER,November,NO,RURAL,76.0,493.0,260.0,-187,305.0,6.5,Overstock,47.0,9156.0
PYRA-COMP,PYRA,HEALTH CENTER,November,NO,URBAN,381.0,343.0,36.0,-115,244.0,30.5,Overstock,8.0,0.0
ACT-INF,ACT,HEALTH CENTER,November,NO,URBAN,1365.0,0.0,238.0,-146,1151.0,10.3,Overstock,112.0,505.0
PYRA-COMP,PYRA,HOSPITAL,February,NO,RURAL,214.0,0.0,73.0,305,197.0,24.6,Overstock,8.0,38.0
ACT-GC,ACT,HEALTH CENTER,May,YES,RURAL,5516.0,0.0,1092.0,-258,5030.0,4.9,Adequate,1028.0,633.0
ART-SUP,ART,HEALTH CENTER,May,YES,URBAN,1799.0,240.0,604.0,111,1299.0,3.4,Adequate,381.0,112.0
ART-SUP,ART,HEALTH CENTER,November,NO,RURAL,305.0,660.0,515.0,-68,818.0,7.2,Overstock,114.0,0.0
ITN,PREV,HEALTH CENTER,February,NO,RURAL,326.0,1.0,199.0,365,441.0,1.6,Low,282.0,40.0
PYRA-COMP,PYRA,HEALTH CENTER,November,NO,URBAN,64.0,195.0,91.0,448,281.0,6.9,Overstock,41.0,686.0
ART-SUP,ART,HEALTH CENTER,February,NO,RURAL,437.0,146.0,88.0,-198,1487.0,10.1,Overstock,147.0,285.0
RDT,DIAG,HEALTH CENTER,February,NO,RURAL,2690.0,1203.0,366.0,66,1440.0,3.6,Adequate,398.0,1.0
QUIN,SP,HEALTH CENTER,November,NO,RURAL,314.0,187.0,271.0,-350,261.0,1.0,Critical,256.0,110.0
ACT-AD,ACT,HEALTH CENTER,May,YES,URBAN,2922.0,508.0,382.0,-518,2731.0,8.6,Overstock,319.0,1.0
ACT-INF,ACT,HEALTH CENTER,February,NO,URBAN,3655.0,1.0,819.0,-76,2793.0,2.6,Low,1086.0,18.0
QUIN,SP,HEALTH CENTER,May,YES,RURAL,99.0,1.0,23.0,728,537.0,537.0,Overstock,1.0,0.0
ACT-GC,ACT,HEALTH CENTER,February,NO,URBAN,2665.0,6.0,705.0,212,1800.0,3.2,Adequate,569.0,1440.0
ACT-AD,ACT,HEALTH CENTER,August,YES,RURAL,40.0,90.0,19.0,-91,152.0,152.0,Overstock,1.0,0.0
PYRA-COMP,PYRA,HEALTH CENTER,August,YES,RURAL,1402.0,26.0,545.0,634,1469.0,4.6,Adequate,319.0,1156.0
SP,SP,HEALTH CENTER,May,YES,URBAN,123.0,5.0,131.0,-254,356.0,12.7,Overstock,28.0,5.0
PYRA-COMP,PYRA,HEALTH CENTER,February,NO,RURAL,1705.0,2.0,281.0,-19,2184.0,15.2,Overstock,144.0,0.0
SP,SP,HEALTH CENTER,February,NO,URBAN,137.0,2.0,317.0,-91,1198.0,6.9,Overstock,173.0,2887.0
PYRA-SAC,PYRA,HEALTH CENTER,August,YES,URBAN,2153.0,2989.0,717.0,821,5404.0,13.5,Overstock,401.0,221.0
RDT,DIAG,HEALTH CENTER,August,YES,RURAL,778.0,3.0,191.0,650,855.0,9.4,Overstock,91.0,870.0
QUIN,SP,HEALTH CENTER,February,NO,RURAL,2761.0,0.0,466.0,-293,1361.0,10.8,Overstock,126.0,23.0
ACT-SC,ACT,HEALTH CENTER,February,NO,RURAL,566.0,57.0,117.0,291,1190.0,56.7,Overstock,21.0,1.0
ART-SUP,ART,HEALTH CENTER,November,NO,RURAL,224.0,179.0,134.0,148,400.0,5.2,Overstock,77.0,0.0
PYRA-SAC,PYRA,HEALTH CENTER,February,NO,URBAN,1381.0,736.0,560.0,297,2233.0,5.7,Overstock,394.0,2.0
ART-SUP,ART,HEALTH CENTER,November,NO,RURAL,1795.0,1.0,214.0,-795,880.0,16.0,Overstock,55.0,6.0
SP,SP,HOSPITAL,February,NO,RURAL,1141.0,0.0,100.0,123,745.0,8.9,Overstock,84.0,0.0
PYRA-SAC,PYRA,HEALTH CENTER,November,NO,RURAL,2049.0,0.0,56.0,-108,966.0,27.6,Overstock,35.0,0.0
ACT-AD,ACT,HEALTH CENTER,November,NO,RURAL,1198.0,397.0,59.0,136,278.0,5.7,Overstock,49.0,3.0
ACT-GC,ACT,HEALTH CENTER,May,YES,URBAN,351.0,416.0,48.0,266,1572.0,10.6,Overstock,148.0,0.0
RDT,DIAG,HEALTH CENTER,November,NO,RURAL,2078.0,3006.0,396.0,-678,3197.0,4.8,Adequate,673.0,438.0
ART-INJ,ART,HEALTH CENTER,August,YES,RURAL,279.0,482.0,166.0,-45,636.0,18.7,Overstock,34.0,1.0
ACT-GC,ACT,HOSPITAL,February,NO,URBAN,1810.0,70.0,301.0,914,1588.0,14.4,Overstock,110.0,742.0
SP,SP,HEALTH CENTER,May,YES,RURAL,561.0,795.0,123.0,-413,982.0,13.6,Overstock,72.0,55.0
ACT-SC,ACT,HEALTH CENTER,May,YES,RURAL,2432.0,2810.0,515.0,233,2394.0,6.1,Overstock,391.0,9.0
PYRA-SAC,PYRA,HEALTH CENTER,May,YES,RURAL,617.0,406.0,328.0,4,1300.0,8.4,Overstock,154.0,0.0
ITN,PREV,HEALTH CENTER,August,YES,URBAN,896.0,4.0,251.0,107,1502.0,10.2,Overstock,147.0,4527.0
ACT-INF,ACT,HEALTH CENTER,November,NO,URBAN,117.0,12.0,93.0,756,412.0,8.1,Overstock,51.0,54.0
PYRA-SAC,PYRA,HEALTH CENTER,August,YES,RURAL,485.0,1.0,137.0,123,548.0,6.1,Overstock,90.0,4.0
RDT,DIAG,HEALTH CENTER,November,NO,RURAL,792.0,0.0,173.0,-900,632.0,1.1,Low,557.0,0.0
SP,SP,HEALTH CENTER,August,YES,URBAN,1225.0,0.0,90.0,-919,436.0,19.8,Overstock,22.0,75.0
PYRA-COMP,PYRA,HEALTH CENTER,August,YES,URBAN,40.0,1683.0,123.0,-593,68.0,0.5,Critical,138.0,1012.0
ACT-AD,ACT,HEALTH CENTER,February,NO,RURAL,600.0,4.0,70.0,72,396.0,4.4,Adequate,91.0,223.0
QUIN,SP,HEALTH CENTER,August,YES,URBAN,26.0,66.0,10.0,18,187.0,187.0,Overstock,1.0,0.0
RDT,DIAG,HEALTH CENTER,February,NO,URBAN,21.0,0.0,0.0,-698,2.0,,Unknown,0.0,1.0
ACT-GC,ACT,HEALTH CENTER,August,YES,RURAL,1241.0,75.0,249.0,861,2364.0,13.4,Overstock,177.0,30.0
ACT-AD,ACT,HEALTH CENTER,February,NO,RURAL,120.0,166.0,31.0,-15,179.0,9.0,Overstock,20.0,0.0
ART-SUP,ART,HEALTH CENTER,November,NO,RURAL,2547.0,127.0,661.0,-152,1215.0,5.3,Overstock,231.0,6.0
PYRA-SAC,PYRA,HEALTH CENTER,November,NO,RURAL,750.0,557.0,976.0,-302,761.0,1.5,Low,507.0,1.0
ACT-GC,ACT,HEALTH CENTER,May,YES,URBAN,511.0,777.0,103.0,-286,663.0,12.1,Overstock,55.0,18.0
ITN,PREV,HEALTH CENTER,November,NO,RURAL,684.0,1554.0,600.0,48,3402.0,14.4,Overstock,236.0,98.0
ART-SUP,ART,HEALTH CENTER,August,YES,RURAL,4455.0,107.0,846.0,213,1681.0,3.4,Adequate,501.0,397.0
RDT,DIAG,HEALTH CENTER,August,YES,RURAL,1229.0,2.0,236.0,315,1910.0,53.1,Overstock,36.0,1.0
ACT-INF,ACT,HEALTH CENTER,May,YES,RURAL,245.0,178.0,168.0,-803,952.0,6.4,Overstock,149.0,147.0
SP,SP,HOSPITAL,May,YES,RURAL,738.0,4.0,219.0,-377,272.0,2.3,Low,117.0,1802.0
QUIN,SP,HEALTH CENTER,November,NO,URBAN,2515.0,2.0,219.0,-189,1705.0,18.5,Overstock,92.0,50.0
RDT,DIAG,HEALTH CENTER,February,NO,URBAN,974.0,1.0,85.0,329,953.0,39.7,Overstock,24.0,6.0
RDT,DIAG,HEALTH CENTER,November,NO,RURAL,1757.0,291.0,116.0,549,1854.0,71.3,Overstock,26.0,30.0
PYRA-SAC,PYRA,HOSPITAL,August,YES,RURAL,1327.0,152.0,257.0,-615,1579.0,5.1,Overstock,310.0,1.0
ACT-AD,ACT,HEALTH CENTER,August,YES,URBAN,311.0,2.0,17.0,-225,706.0,100.9,Overstock,7.0,1.0
ART-INJ,ART,HEALTH CENTER,May,YES,RURAL,4.0,0.0,20.0,222,2.0,0.3,Critical,7.0,1349.0
ART-SUP,ART,HEALTH CENTER,August,YES,RURAL,3320.0,8.0,544.0,186,2092.0,2.7,Low,765.0,7789.0
RDT,DIAG,HEALTH CENTER,August,YES,RURAL,353.0,5.0,392.0,-498,54.0,0.1,Critical,404.0,3932.0
ART-INJ,ART,HEALTH CENTER,November,NO,RURAL,126.0,0.0,48.0,175,71.0,14.2,Overstock,5.0,6.0
ACT-GC,ACT,HEALTH CENTER,November,NO,RURAL,229.0,0.0,69.0,383,59.0,6.6,Overstock,9.0,1230.0
ART-SUP,ART,HEALTH CENTER,August,YES,RURAL,1094.0,4.0,327.0,480,354.0,2.5,Low,143.0,0.0
ACT-AD,ACT,HEALTH CENTER,August,YES,RURAL,785.0,4566.0,609.0,284,834.0,1.8,Low,475.0,621.0
SP,SP,HEALTH CENTER,November,NO,RURAL,6.0,41.0,6.0,84,70.0,70.0,Overstock,1.0,19.0
ART-SUP,ART,HEALTH CENTER,November,NO,RURAL,1999.0,12.0,240.0,-20,1690.0,120.7,Overstock,14.0,422.0
PYRA-SAC,PYRA,HEALTH CENTER,May,YES,RURAL,1072.0,356.0,172.0,-460,2520.0,16.9,Overstock,149.0,0.0
ACT-SC,ACT,HEALTH CENTER,November,NO,URBAN,2844.0,962.0,1067.0,214,2424.0,1.8,Low,1331.0,8774.0
QUIN,SP,HOSPITAL,November,NO,URBAN,1255.0,0.0,292.0,-8,815.0,2.2,Low,368.0,6.0
PYRA-COMP,PYRA,HEALTH CENTER,May,YES,URBAN,1379.0,48.0,41.0,186,831.0,25.2,Overstock,33.0,0.0
ACT-AD,ACT,HEALTH CENTER,February,NO,URBAN,1737.0,4.0,65.0,194,1028.0,17.4,Overstock,59.0,65.0
SP,SP,HEALTH CENTER,February,NO,URBAN,952.0,54.0,141.0,-102,1237.0,8.2,Overstock,150.0,0.0
ACT-AD,ACT,HEALTH CENTER,November,NO,RURAL,386.0,0.0,27.0,-260,44.0,1.8,Low,24.0,1.0
ACT-INF,ACT,HEALTH CENTER,November,NO,URBAN,939.0,98.0,52.0,-84,611.0,12.2,Overstock,50.0,606.0
ACT-AD,ACT,HEALTH CENTER,May,YES,URBAN,198.0,28.0,99.0,340,632.0,21.1,Overstock,30.0,1835.0
ACT-GC,ACT,HEALTH CENTER,May,YES,RURAL,3051.0,611.0,694.0,-987,3402.0,9.3,Overstock,366.0,2083.0
ACT-GC,ACT,HEALTH CENTER,May,YES,URBAN,2912.0,324.0,1743.0,225,3857.0,3.1,Adequate,1263.0,4.0
ART-SUP,ART,HEALTH CENTER,November,NO,RURAL,107.0,0.0,175.0,-213,650.0,27.1,Overstock,24.0,11.0
ART-SUP,ART,HEALTH CENTER,November,NO,RURAL,327.0,204.0,85.0,-647,574.0,5.4,Overstock,106.0,8.0
ART-SUP,ART,HEALTH CENTER,November,NO,RURAL,225.0,75.0,84.0,272,112.0,1.6,Low,69.0,87.0
PYRA-SAC,PYRA,HEALTH CENTER,August,YES,URBAN,360.0,623.0,206.0,-481,313.0,3.6,Adequate,86.0,1459.0
RDT,DIAG,HEALTH CENTER,February,NO,RURAL,716.0,427.0,214.0,-308,1923.0,7.9,Overstock,244.0,2.0
ART-SUP,ART,HEALTH CENTER,November,NO,RURAL,294.0,422.0,290.0,-300,717.0,1.2,Low,583.0,4481.0
ART-INJ,ART,HOSPITAL,May,YES,RURAL,4176.0,11.0,256.0,-544,633.0,5.1,Overstock,123.0,1589.0
PYRA-SAC,PYRA,HOSPITAL,August,YES,RURAL,735.0,87.0,221.0,267,1442.0,6.8,Overstock,211.0,351.0
ACT-INF,ACT,HEALTH CENTER,February,NO,RURAL,185.0,0.0,143.0,1334,21.0,4.2,Adequate,5.0,0.0
ACT-AD,ACT,HEALTH CENTER,November,NO,RURAL,56.0,2322.0,37.0,-85,422.0,3.8,Adequate,112.0,1664.0
ACT-INF,ACT,HEALTH CENTER,May,YES,RURAL,820.0,0.0,88.0,-386,689.0,3.2,Adequate,216.0,180.0
ACT-SC,ACT,HEALTH CENTER,November,NO,RURAL,23.0,167.0,117.0,127,5.0,0.5,Critical,10.0,15.0
PYRA-COMP,PYRA,HEALTH CENTER,February,NO,RURAL,1462.0,366.0,262.0,517,3125.0,21.1,Overstock,148.0,23.0
ART-SUP,ART,HEALTH CENTER,August,YES,RURAL,21.0,1.0,3.0,-149,13.0,0.9,Critical,15.0,3.0
ART-SUP,ART,HEALTH CENTER,November,NO,RURAL,1112.0,54.0,305.0,-331,439.0,2.2,Low,196.0,108.0
PYRA-SAC,PYRA,HEALTH CENTER,August,YES,RURAL,3188.0,10.0,98.0,-447,511.0,3.0,Adequate,171.0,72.0
PYRA-SAC,PYRA,HEALTH CENTER,August,YES,RURAL,3522.0,1969.0,871.0,712,9236.0,9.4,Overstock,984.0,13.0
PYRA-COMP,PYRA,HEALTH CENTER,August,YES,URBAN,1269.0,48.0,345.0,-756,1913.0,3.1,Adequate,622.0,239.0
ACT-INF,ACT,HEALTH CENTER,February,NO,RURAL,535.0,1603.0,254.0,-722,2095.0,6.5,Overstock,321.0,2.0
ACT-GC,ACT,HEALTH CENTER,May,YES,URBAN,153.0,1626.0,389.0,446,2060.0,6.1,Overstock,340.0,286.0
ART-INJ,ART,HEALTH CENTER,May,YES,URBAN,3265.0,1039.0,1537.0,-457,7502.0,6.9,Overstock,1094.0,395.0
ART-SUP,ART,HOSPITAL,February,NO,RURAL,433.0,31.0,89.0,69,276.0,3.8,Adequate,72.0,264.0
ACT-AD,ACT,HEALTH CENTER,May,YES,RURAL,518.0,92.0,136.0,643,258.0,1.8,Low,144.0,62.0
PYRA-SAC,PYRA,HOSPITAL,August,YES,URBAN,1276.0,1.0,10.0,-256,1388.0,21.0,Overstock,66.0,0.0
RDT,DIAG,HEALTH CENTER,November,NO,URBAN,412.0,0.0,266.0,-604,33.0,0.2,Critical,173.0,3.0
ART-INJ,ART,HEALTH CENTER,November,NO,RURAL,209.0,1.0,333.0,-334,228.0,0.7,Critical,320.0,15.0
PYRA-COMP,PYRA,HEALTH CENTER,August,YES,RURAL,734.0,3.0,117.0,-8,136.0,0.5,Critical,285.0,24.0
ART-SUP,ART,HEALTH CENTER,February,NO,RURAL,1967.0,108.0,708.0,214,1824.0,3.8,Adequate,481.0,55.0
QUIN,SP,HOSPITAL,May,YES,RURAL,206.0,2.0,28.0,296,193.0,8.4,Overstock,23.0,5.0
ACT-INF,ACT,HEALTH CENTER,February,NO,RURAL,1879.0,1.0,335.0,555,1358.0,7.5,Overstock,180.0,856.0
ACT-INF,ACT,HEALTH CENTER,February,NO,RURAL,2459.0,38.0,253.0,-784,1866.0,6.8,Overstock,275.0,8.0
QUIN,SP,HEALTH CENTER,February,NO,RURAL,2188.0,0.0,325.0,-10,3171.0,19.7,Overstock,161.0,8.0
ACT-SC,ACT,HEALTH CENTER,May,YES,URBAN,5056.0,2814.0,367.0,-1303,760.0,3.1,Adequate,247.0,32.0
RDT,DIAG,HEALTH CENTER,August,YES,RURAL,108.0,11.0,29.0,230,329.0,47.0,Overstock,7.0,0.0
ART-INJ,ART,HEALTH CENTER,February,NO,URBAN,602.0,1328.0,392.0,150,1255.0,4.4,Adequate,284.0,3080.0
ART-INJ,ART,HEALTH CENTER,November,NO,RURAL,3220.0,1384.0,1133.0,4,7573.0,6.3,Overstock,1195.0,2102.0
PYRA-COMP,PYRA,HEALTH CENTER,May,YES,RURAL,136.0,13.0,2.0,231,228.0,,Unknown,0.0,143.0
ART-SUP,ART,HEALTH CENTER,November,NO,RURAL,208.0,0.0,1.0,402,153.0,,Unknown,0.0,7.0
PYRA-COMP,PYRA,HEALTH CENTER,August,YES,RURAL,87.0,29.0,155.0,-586,70.0,0.5,Critical,146.0,53.0
ACT-AD,ACT,HEALTH CENTER,May,YES,RURAL,76.0,442.0,74.0,-239,249.0,17.8,Overstock,14.0,709.0
ART-SUP,ART,HEALTH CENTER,November,NO,URBAN,999.0,14.0,318.0,-70,997.0,2.6,Low,388.0,6178.0
RDT,DIAG,HEALTH CENTER,November,NO,RURAL,275.0,17.0,141.0,-526,403.0,4.2,Adequate,96.0,8.0
PYRA-SAC,PYRA,HEALTH CENTER,August,YES,URBAN,26.0,21.0,7.0,-1116,14.0,7.0,Overstock,2.0,43.0
QUIN,SP,HEALTH CENTER,August,YES,RURAL,50.0,2.0,190.0,99,24.0,0.1,Critical,216.0,206.0
ACT-AD,ACT,HEALTH CENTER,November,NO,RURAL,3371.0,401.0,123.0,-1007,1240.0,7.4,Overstock,167.0,251.0
SP,SP,HEALTH CENTER,May,YES,RURAL,3914.0,0.0,324.0,-833,1324.0,10.9,Overstock,122.0,0.0
ART-INJ,ART,HEALTH CENTER,November,NO,RURAL,1483.0,4.0,125.0,-143,499.0,2.7,Low,187.0,9.0
ACT-GC,ACT,HEALTH CENTER,November,NO,URBAN,1036.0,5.0,95.0,136,427.0,10.4,Overstock,41.0,0.0
RDT,DIAG,HOSPITAL,August,YES,RURAL,392.0,0.0,44.0,-657,410.0,205.0,Overstock,2.0,0.0
ACT-AD,ACT,HEALTH CENTER,August,YES,RURAL,83.0,124.0,98.0,-9,457.0,3.2,Adequate,143.0,1068.0
SP,SP,HEALTH CENTER,November,NO,RURAL,119.0,16.0,13.0,-161,457.0,228.5,Overstock,2.0,0.0
ACT-INF,ACT,HEALTH CENTER,February,NO,RURAL,4573.0,490.0,2089.0,164,3047.0,1.2,Low,2610.0,3314.0
PYRA-COMP,PYRA,HEALTH CENTER,November,NO,RURAL,1838.0,0.0,209.0,10,1367.0,85.4,Overstock,16.0,3.0
QUIN,SP,HEALTH CENTER,August,YES,URBAN,782.0,15.0,584.0,-200,1891.0,2.6,Low,717.0,158.0
ART-INJ,ART,HEALTH CENTER,November,NO,RURAL,1222.0,83.0,510.0,388,637.0,3.4,Adequate,187.0,74.0
ACT-GC,ACT,HEALTH CENTER,August,YES,URBAN,226.0,0.0,68.0,-420,1099.0,27.5,Overstock,40.0,2.0
ACT-AD,ACT,HOSPITAL,November,NO,RURAL,3642.0,96.0,123.0,439,1670.0,23.9,Overstock,70.0,0.0
ITN,PREV,HEALTH CENTER,February,NO,URBAN,2999.0,1.0,1112.0,-391,1899.0,2.0,Low,965.0,7725.0
ACT-GC,ACT,HEALTH CENTER,November,NO,RURAL,9.0,338.0,35.0,-83,56.0,1.3,Low,43.0,108.0
QUIN,SP,HEALTH CENTER,November,NO,RURAL,782.0,0.0,451.0,484,992.0,1.4,Low,728.0,1115.0
ACT-SC,ACT,HEALTH CENTER,August,YES,RURAL,34.0,2.0,30.0,-308,43.0,8.6,Overstock,5.0,2096.0
QUIN,SP,HEALTH CENTER,August,YES,RURAL,1081.0,0.0,773.0,223,1109.0,1.5,Low,749.0,588.0
ITN,PREV,HEALTH CENTER,August,YES,RURAL,40.0,1.0,22.0,-57,6.0,0.1,Critical,54.0,0.0
PYRA-SAC,PYRA,HEALTH CENTER,February,NO,RURAL,302.0,4.0,37.0,-510,192.0,4.8,Adequate,40.0,4451.0
ACT-AD,ACT,HEALTH CENTER,August,YES,RURAL,2.0,34.0,2.0,-92,1.0,,Unknown,0.0,0.0
ACT-INF,ACT,HEALTH CENTER,February,NO,URBAN,1105.0,97.0,711.0,728,1672.0,3.8,Adequate,441.0,2483.0
ITN,PREV,HEALTH CENTER,February,NO,RURAL,223.0,131.0,321.0,619,394.0,1.8,Low,215.0,0.0
PYRA-SAC,PYRA,HEALTH CENTER,August,YES,URBAN,2.0,1.0,0.0,482,35.0,,Unknown,0.0,0.0
PYRA-COMP,PYRA,HEALTH CENTER,November,NO,RURAL,1076.0,205.0,372.0,-69,1751.0,5.4,Overstock,322.0,4221.0
PYRA-SAC,PYRA,HEALTH CENTER,May,YES,URBAN,3476.0,59.0,1616.0,800,2330.0,2.1,Low,1092.0,219.0
ACT-SC,ACT,HEALTH CENTER,February,NO,RURAL,87.0,0.0,5.0,-66,481.0,240.5,Overstock,2.0,66.0
ACT-SC,ACT,HEALTH CENTER,August,YES,RURAL,195.0,0.0,26.0,493,897.0,74.8,Overstock,12.0,0.0
ACT-AD,ACT,HOSPITAL,February,NO,RURAL,363.0,74.0,116.0,813,209.0,10.4,Overstock,20.0,93.0
QUIN,SP,HEALTH CENTER,May,YES,URBAN,2852.0,88.0,183.0,347,2037.0,5.2,Overstock,391.0,593.0
QUIN,SP,HEALTH CENTER,February,NO,URBAN,929.0,672.0,436.0,-436,1543.0,4.7,Adequate,331.0,68.0
ACT-GC,ACT,HEALTH CENTER,February,NO,URBAN,131.0,0.0,58.0,-358,63.0,0.8,Critical,79.0,1547.0
ACT-SC,ACT,HEALTH CENTER,May,YES,RURAL,1008.0,263.0,580.0,455,918.0,1.3,Low,708.0,7762.0
QUIN,SP,HEALTH CENTER,February,NO,RURAL,1969.0,5.0,727.0,-446,588.0,1.2,Low,476.0,620.0
ACT-INF,ACT,HEALTH CENTER,February,NO,RURAL,1136.0,139.0,394.0,875,2198.0,16.7,Overstock,132.0,18.0
PYRA-COMP,PYRA,HEALTH CENTER,November,NO,RURAL,1515.0,45.0,650.0,-593,1490.0,2.4,Low,627.0,282.0
ACT-SC,ACT,HEALTH CENTER,November,NO,URBAN,902.0,1.0,203.0,181,362.0,5.4,Overstock,67.0,1259.0
SP,SP,HEALTH CENTER,August,YES,RURAL,1619.0,2.0,981.0,-361,2273.0,3.6,Adequate,639.0,11.0
ACT-INF,ACT,HEALTH CENTER,August,YES,RURAL,939.0,35.0,468.0,421,1282.0,3.5,Adequate,371.0,1668.0
ACT-INF,ACT,HEALTH CENTER,February,NO,RURAL,682.0,110.0,194.0,8,1114.0,7.6,Overstock,147.0,2.0
ITN,PREV,HEALTH CENTER,August,YES,RURAL,162.0,1.0,8.0,-60,67.0,,Unknown,0.0,13.0
ACT-GC,ACT,HEALTH CENTER,February,NO,RURAL,543.0,266.0,415.0,-3,1067.0,8.5,Overstock,125.0,656.0
RDT,DIAG,HEALTH CENTER,November,NO,RURAL,592.0,0.0,430.0,73,793.0,2.2,Low,356.0,6.0
ACT-AD,ACT,HOSPITAL,May,YES,RURAL,1400.0,0.0,262.0,330,728.0,2.2,Low,336.0,1.0
PYRA-COMP,PYRA,HEALTH CENTER,November,NO,RURAL,211.0,0.0,270.0,-746,87.0,0.5,Critical,177.0,838.0
SP,SP,HEALTH CENTER,August,YES,URBAN,298.0,0.0,383.0,625,578.0,2.3,Low,251.0,7.0
ITN,PREV,HEALTH CENTER,February,NO,RURAL,45.0,0.0,154.0,104,16.0,0.2,Critical,68.0,10777.0
PYRA-COMP,PYRA,HEALTH CENTER,August,YES,URBAN,3316.0,45.0,1159.0,-579,1654.0,1.9,Low,866.0,336.0
ITN,PREV,HEALTH CENTER,November,NO,URBAN,9783.0,21.0,2298.0,-255,7130.0,2.6,Low,2709.0,9661.0
SP,SP,HEALTH CENTER,November,NO,RURAL,3982.0,100.0,561.0,290,3031.0,6.4,Overstock,472.0,2.0
RDT,DIAG,HEALTH CENTER,August,YES,RURAL,66.0,0.0,6.0,152,6.0,6.0,Overstock,1.0,3.0
RDT,DIAG,HEALTH CENTER,August,YES,RURAL,5321.0,447.0,509.0,-317,4388.0,7.5,Overstock,585.0,2.0
SP,SP,HOSPITAL,May,YES,URBAN,0.0,0.0,1.0,322,4.0,2.0,Low,2.0,41.0
PYRA-SAC,PYRA,HEALTH CENTER,November,NO,URBAN,552.0,0.0,68.0,-573,446.0,1.4,Low,312.0,137.0
QUIN,SP,HEALTH CENTER,August,YES,RURAL,338.0,303.0,185.0,-400,840.0,5.8,Overstock,145.0,0.0
QUIN,SP,HEALTH CENTER,February,NO,RURAL,223.0,0.0,37.0,43,54.0,4.5,Adequate,12.0,588.0
ART-SUP,ART,HOSPITAL,November,NO,RURAL,1345.0,43.0,973.0,-69,943.0,1.3,Low,745.0,4215.0
SP,SP,HEALTH CENTER,November,NO,RURAL,1185.0,30.0,226.0,216,626.0,1.8,Low,345.0,456.0
ART-INJ,ART,HEALTH CENTER,August,YES,URBAN,15.0,143.0,0.0,217,10.0,,Unknown,0.0,0.0
QUIN,SP,HEALTH CENTER,May,YES,RURAL,1316.0,1.0,236.0,311,1438.0,4.1,Adequate,348.0,8.0
ART-INJ,ART,HEALTH CENTER,February,NO,RURAL,316.0,0.0,85.0,-493,108.0,0.9,Critical,115.0,416.0
QUIN,SP,HOSPITAL,November,NO,RURAL,494.0,197.0,253.0,-133,321.0,0.6,Critical,510.0,640.0
ACT-SC,ACT,HEALTH CENTER,February,NO,URBAN,467.0,70.0,131.0,548,165.0,3.1,Adequate,53.0,0.0
ACT-GC,ACT,HEALTH CENTER,May,YES,URBAN,75.0,0.0,37.0,5,352.0,176.0,Overstock,2.0,59.0
ACT-GC,ACT,HEALTH CENTER,November,NO,RURAL,130.0,1.0,22.0,295,240.0,4.6,Adequate,52.0,2.0
ACT-AD,ACT,HEALTH CENTER,August,YES,URBAN,6055.0,10.0,1248.0,-189,3912.0,4.0,Adequate,971.0,2630.0
ART-SUP,ART,HEALTH CENTER,November,NO,RURAL,2577.0,0.0,242.0,534,1142.0,3.2,Adequate,358.0,361.0
SP,SP,HEALTH CENTER,November,NO,RURAL,4522.0,997.0,946.0,147,5831.0,9.1,Overstock,642.0,475.0
ART-SUP,ART,HOSPITAL,May,YES,URBAN,3.0,0.0,6.0,-208,35.0,17.5,Overstock,2.0,1.0
ACT-SC,ACT,HEALTH CENTER,August,YES,RURAL,487.0,10.0,294.0,539,776.0,10.2,Overstock,76.0,0.0
ACT-AD,ACT,HEALTH CENTER,May,YES,URBAN,1416.0,3.0,125.0,-544,1393.0,3.0,Adequate,458.0,5229.0
ART-SUP,ART,HOSPITAL,February,NO,URBAN,65.0,0.0,29.0,89,51.0,51.0,Overstock,1.0,5.0
ACT-INF,ACT,HEALTH CENTER,February,NO,RURAL,5.0,65.0,21.0,363,38.0,1.7,Low,23.0,30.0
ITN,PREV,HEALTH CENTER,November,NO,URBAN,1243.0,0.0,694.0,-265,518.0,0.4,Critical,1367.0,1842.0
PYRA-SAC,PYRA,HOSPITAL,February,NO,RURAL,908.0,212.0,108.0,-190,1480.0,12.0,Overstock,123.0,5.0
ACT-AD,ACT,HOSPITAL,February,NO,RURAL,1286.0,264.0,661.0,-66,563.0,2.1,Low,268.0,37.0
QUIN,SP,HEALTH CENTER,November,NO,RURAL,2973.0,0.0,198.0,-342,890.0,4.7,Adequate,189.0,640.0
PYRA-SAC,PYRA,HOSPITAL,February,NO,URBAN,1937.0,674.0,642.0,707,2217.0,3.0,Adequate,742.0,339.0
QUIN,SP,HEALTH CENTER,November,NO,URBAN,4.0,0.0,15.0,-240,127.0,4.1,Adequate,31.0,1389.0
ACT-GC,ACT,HEALTH CENTER,November,NO,RURAL,2235.0,496.0,280.0,-35,1667.0,7.1,Overstock,236.0,128.0
ACT-SC,ACT,HEALTH CENTER,August,YES,URBAN,5.0,0.0,6.0,-264,186.0,,Unknown,0.0,41.0
ITN,PREV,HEALTH CENTER,February,NO,URBAN,3492.0,150.0,674.0,-283,1744.0,5.1,Overstock,340.0,50.0
PYRA-SAC,PYRA,HEALTH CENTER,August,YES,URBAN,979.0,4554.0,751.0,-422,1692.0,1.9,Low,898.0,17004.0
ACT-SC,ACT,HOSPITAL,August,YES,RURAL,855.0,574.0,296.0,9,2412.0,16.0,Overstock,151.0,483.0
QUIN,SP,HEALTH CENTER,August,YES,RURAL,232.0,0.0,110.0,-307,264.0,2.4,Low,108.0,20.0
ITN,PREV,HEALTH CENTER,May,YES,URBAN,1019.0,2.0,337.0,-348,182.0,0.5,Critical,384.0,0.0
QUIN,SP,HEALTH CENTER,May,YES,RURAL,90.0,0.0,23.0,207,891.0,46.9,Overstock,19.0,0.0
ACT-GC,ACT,HEALTH CENTER,May,YES,RURAL,1896.0,0.0,253.0,193,1717.0,5.0,Adequate,342.0,0.0
ACT-AD,ACT,HEALTH CENTER,May,YES,URBAN,384.0,0.0,170.0,268,33.0,0.3,Critical,111.0,412.0
ITN,PREV,HEALTH CENTER,May,YES,RURAL,766.0,0.0,178.0,768,463.0,2.0,Low,235.0,444.0
PYRA-SAC,PYRA,HEALTH CENTER,February,NO,RURAL,557.0,545.0,115.0,-123,1763.0,38.3,Overstock,46.0,0.0
RDT,DIAG,HOSPITAL,August,YES,RURAL,40.0,224.0,53.0,366,88.0,9.8,Overstock,9.0,0.0
ART-INJ,ART,HEALTH CENTER,May,YES,RURAL,203.0,1257.0,198.0,-452,1599.0,7.7,Overstock,208.0,460.0
SP,SP,HEALTH CENTER,May,YES,RURAL,315.0,0.0,187.0,104,395.0,7.1,Overstock,56.0,1795.0
QUIN,SP,HEALTH CENTER,May,YES,RURAL,652.0,710.0,260.0,4,2368.0,18.8,Overstock,126.0,0.0
QUIN,SP,HEALTH CENTER,February,NO,RURAL,234.0,2.0,16.0,407,81.0,3.4,Adequate,24.0,0.0
ACT-AD,ACT,HEALTH CENTER,August,YES,RURAL,39.0,64.0,3.0,153,117.0,117.0,Overstock,1.0,0.0
ART-SUP,ART,HEALTH CENTER,August,YES,RURAL,87.0,7.0,19.0,-671,100.0,25.0,Overstock,4.0,0.0
ITN,PREV,HEALTH CENTER,August,YES,RURAL,59.0,0.0,23.0,33,121.0,11.0,Overstock,11.0,0.0
ITN,PREV,HEALTH CENTER,May,YES,URBAN,47.0,0.0,43.0,-310,35.0,8.8,Overstock,4.0,0.0
ACT-SC,ACT,HEALTH CENTER,May,YES,URBAN,577.0,3.0,91.0,811,556.0,2.8,Low,196.0,1932.0
QUIN,SP,HEALTH CENTER,August,YES,RURAL,2657.0,67.0,500.0,836,960.0,1.4,Low,674.0,16.0
PYRA-SAC,PYRA,HEALTH CENTER,February,NO,URBAN,692.0,1522.0,506.0,801,1115.0,2.6,Low,428.0,24.0
PYRA-SAC,PYRA,HEALTH CENTER,May,YES,RURAL,555.0,24.0,41.0,-26,877.0,62.6,Overstock,14.0,176.0
ACT-INF,ACT,HEALTH CENTER,February,NO,RURAL,1695.0,7.0,263.0,-128,1305.0,9.7,Overstock,134.0,23.0
ACT-GC,ACT,HEALTH CENTER,November,NO,URBAN,1490.0,3.0,813.0,70,294.0,0.5,Critical,538.0,21.0
ACT-GC,ACT,HEALTH CENTER,November,NO,RURAL,629.0,194.0,201.0,643,536.0,5.1,Overstock,105.0,0.0
ITN,PREV,HEALTH CENTER,November,NO,RURAL,1498.0,0.0,886.0,-37,1374.0,1.1,Low,1263.0,6920.0
ACT-SC,ACT,HEALTH CENTER,November,NO,RURAL,637.0,0.0,31.0,-211,616.0,154.0,Overstock,4.0,0.0
ART-SUP,ART,HEALTH CENTER,August,YES,RURAL,840.0,159.0,301.0,61,498.0,1.4,Low,363.0,7429.0
RDT,DIAG,HEALTH CENTER,February,NO,RURAL,1090.0,9.0,367.0,-146,272.0,0.8,Critical,332.0,3.0
ITN,PREV,HEALTH CENTER,May,YES,RURAL,4233.0,480.0,1555.0,-826,5522.0,4.2,Adequate,1323.0,3240.0
ACT-SC,ACT,HEALTH CENTER,May,YES,RURAL,167.0,5.0,77.0,-628,474.0,8.9,Overstock,53.0,0.0
ACT-AD,ACT,HEALTH CENTER,May,YES,RURAL,200.0,0.0,19.0,145,55.0,6.9,Overstock,8.0,0.0
ART-INJ,ART,HEALTH CENTER,November,NO,URBAN,3405.0,555.0,1094.0,499,2081.0,2.5,Low,844.0,0.0
RDT,DIAG,HOSPITAL,August,YES,URBAN,1798.0,0.0,224.0,-275,578.0,7.4,Overstock,78.0,0.0
ART-SUP,ART,HEALTH CENTER,August,YES,URBAN,90.0,2.0,78.0,206,171.0,17.1,Overstock,10.0,17.0
RDT,DIAG,HEALTH CENTER,February,NO,URBAN,455.0,0.0,180.0,-1019,116.0,0.7,Critical,172.0,82.0
PYRA-COMP,PYRA,HEALTH CENTER,November,NO,RURAL,948.0,7.0,171.0,-43,1984.0,32.5,Overstock,61.0,389.0
ACT-INF,ACT,HEALTH CENTER,May,YES,RURAL,85.0,0.0,96.0,-61,242.0,9.3,Overstock,26.0,199.0
QUIN,SP,HEALTH CENTER,November,NO,RURAL,4712.0,1.0,478.0,-147,3029.0,8.4,Overstock,362.0,590.0
SP,SP,HEALTH CENTER,August,YES,URBAN,1385.0,1.0,18.0,735,1067.0,1067.0,Overstock,1.0,0.0
ART-INJ,ART,HEALTH CENTER,November,NO,RURAL,2508.0,0.0,437.0,269,3952.0,5.3,Overstock,742.0,41.0
RDT,DIAG,HEALTH CENTER,November,NO,RURAL,323.0,74.0,1196.0,278,619.0,1.3,Low,472.0,1447.0
ACT-GC,ACT,HEALTH CENTER,August,YES,URBAN,821.0,155.0,409.0,-314,1378.0,3.0,Adequate,457.0,371.0
RDT,DIAG,HEALTH CENTER,November,NO,URBAN,332.0,80.0,47.0,295,952.0,14.4,Overstock,66.0,59.0
ART-INJ,ART,HEALTH CENTER,May,YES,URBAN,556.0,0.0,76.0,-43,575.0,26.1,Overstock,22.0,0.0
ACT-AD,ACT,HEALTH CENTER,May,YES,URBAN,2394.0,1.0,357.0,-621,1911.0,7.6,Overstock,253.0,0.0
RDT,DIAG,HEALTH CENTER,February,NO,URBAN,219.0,31.0,127.0,338,570.0,8.9,Overstock,64.0,43.0
ACT-AD,ACT,HEALTH CENTER,May,YES,RURAL,1969.0,74.0,270.0,269,1221.0,2.2,Low,548.0,0.0
RDT,DIAG,HEALTH CENTER,February,NO,URBAN,585.0,22.0,177.0,1470,201.0,5.4,Overstock,37.0,0.0
PYRA-SAC,PYRA,HEALTH CENTER,May,YES,RURAL,635.0,533.0,345.0,86,1327.0,4.4,Adequate,301.0,0.0
SP,SP,HEALTH CENTER,February,NO,RURAL,2.0,0.0,1.0,666,12.0,,Unknown,0.0,0.0
ART-INJ,ART,HEALTH CENTER,August,YES,RURAL,214.0,2.0,133.0,-462,624.0,10.1,Overstock,62.0,3.0
ACT-AD,ACT,HEALTH CENTER,February,NO,URBAN,1531.0,0.0,233.0,675,422.0,1.7,Low,255.0,2086.0
ART-INJ,ART,HEALTH CENTER,November,NO,URBAN,1103.0,292.0,403.0,-298,1081.0,2.6,Low,416.0,1.0
PYRA-COMP,PYRA,HEALTH CENTER,February,NO,RURAL,1665.0,24.0,142.0,-1644,219.0,10.0,Overstock,22.0,549.0
RDT,DIAG,HEALTH CENTER,August,YES,RURAL,149.0,500.0,223.0,-125,50.0,0.2,Critical,203.0,348.0
ART-SUP,ART,HEALTH CENTER,February,NO,RURAL,420.0,32.0,352.0,38,1177.0,6.8,Overstock,174.0,4.0
ACT-GC,ACT,HEALTH CENTER,May,YES,URBAN,985.0,43.0,405.0,-176,1210.0,4.6,Adequate,265.0,0.0
ACT-INF,ACT,HEALTH CENTER,August,YES,RURAL,4080.0,212.0,721.0,-221,1682.0,3.9,Adequate,433.0,6.0
ACT-SC,ACT,HEALTH CENTER,February,NO,URBAN,267.0,1.0,21.0,-245,250.0,17.9,Overstock,14.0,0.0
ART-INJ,ART,HOSPITAL,August,YES,URBAN,86.0,28.0,6.0,-28,321.0,,Unknown,0.0,0.0
ACT-AD,ACT,HEALTH CENTER,February,NO,RURAL,228.0,4.0,121.0,-144,913.0,5.8,Overstock,158.0,58.0
QUIN,SP,HEALTH CENTER,February,NO,RURAL,67.0,931.0,102.0,-438,345.0,5.8,Overstock,60.0,539.0
PYRA-COMP,PYRA,HEALTH CENTER,November,NO,URBAN,2278.0,530.0,189.0,-252,1073.0,8.9,Overstock,121.0,65.0
PYRA-COMP,PYRA,HEALTH CENTER,November,NO,RURAL,1672.0,608.0,346.0,101,2330.0,6.0,Overstock,388.0,2.0
PYRA-COMP,PYRA,HEALTH CENTER,August,YES,RURAL,868.0,0.0,737.0,593,288.0,0.4,Critical,673.0,2238.0
ITN,PREV,HEALTH CENTER,August,YES,RURAL,2092.0,92.0,196.0,117,1103.0,6.9,Overstock,159.0,6.0
ART-INJ,ART,HEALTH CENTER,November,NO,RURAL,18.0,1.0,1.0,-313,584.0,,Unknown,0.0,0.0
SP,SP,HEALTH CENTER,November,NO,RURAL,3199.0,21.0,630.0,-404,901.0,0.8,Critical,1160.0,3305.0
ACT-SC,ACT,HEALTH CENTER,August,YES,URBAN,178.0,353.0,105.0,115,421.0,7.4,Overstock,57.0,6.0
PYRA-SAC,PYRA,HEALTH CENTER,November,NO,RURAL,7501.0,6.0,1104.0,291,5622.0,7.9,Overstock,713.0,2046.0
PYRA-SAC,PYRA,HEALTH CENTER,May,YES,RURAL,190.0,56.0,378.0,288,322.0,0.4,Critical,892.0,13833.0
QUIN,SP,HEALTH CENTER,August,YES,RURAL,2412.0,0.0,163.0,92,2208.0,15.1,Overstock,146.0,211.0
QUIN,SP,HEALTH CENTER,May,YES,URBAN,34.0,0.0,32.0,289,18.0,1.1,Low,16.0,5865.0
ACT-INF,ACT,HEALTH CENTER,August,YES,URBAN,231.0,0.0,8.0,168,365.0,182.5,Overstock,2.0,0.0
ACT-INF,ACT,HOSPITAL,May,YES,RURAL,921.0,0.0,146.0,-48,605.0,50.4,Overstock,12.0,0.0
ACT-GC,ACT,HEALTH CENTER,November,NO,RURAL,1442.0,0.0,289.0,124,134.0,1.2,Low,108.0,7.0
PYRA-COMP,PYRA,HEALTH CENTER,May,YES,URBAN,148.0,257.0,64.0,-171,977.0,32.6,Overstock,30.0,69.0
RDT,DIAG,HEALTH CENTER,May,YES,RURAL,2354.0,508.0,873.0,330,1066.0,0.9,Critical,1187.0,89.0
QUIN,SP,HEALTH CENTER,November,NO,RURAL,14.0,5.0,2.0,-4,112.0,,Unknown,0.0,0.0
PYRA-COMP,PYRA,HEALTH CENTER,November,NO,URBAN,2098.0,695.0,1345.0,593,2210.0,1.9,Low,1145.0,3073.0
ART-SUP,ART,HEALTH CENTER,May,YES,URBAN,1611.0,488.0,621.0,-396,1941.0,7.0,Overstock,278.0,1622.0
RDT,DIAG,HEALTH CENTER,February,NO,RURAL,975.0,144.0,487.0,-673,2196.0,2.8,Low,776.0,1025.0
SP,SP,HEALTH CENTER,November,NO,URBAN,863.0,0.0,407.0,-168,1518.0,6.1,Overstock,249.0,0.0
ACT-SC,ACT,HEALTH CENTER,August,YES,URBAN,8.0,1306.0,28.0,460,59.0,4.2,Adequate,14.0,13.0
ART-SUP,ART,HEALTH CENTER,August,YES,RURAL,851.0,0.0,333.0,244,848.0,1.9,Low,458.0,256.0
ITN,PREV,HEALTH CENTER,August,YES,RURAL,175.0,57.0,7.0,-498,83.0,8.3,Overstock,10.0,1.0
PYRA-SAC,PYRA,HEALTH CENTER,August,YES,RURAL,8.0,214.0,31.0,99,746.0,53.3,Overstock,14.0,22.0
ART-SUP,ART,HEALTH CENTER,May,YES,URBAN,223.0,558.0,484.0,10,1305.0,2.7,Low,483.0,1244.0
RDT,DIAG,HEALTH CENTER,August,YES,URBAN,992.0,2.0,359.0,780,1889.0,3.9,Adequate,486.0,2489.0
QUIN,SP,HEALTH CENTER,November,NO,RURAL,1696.0,958.0,101.0,351,5146.0,84.4,Overstock,61.0,0.0
ACT-AD,ACT,HEALTH CENTER,February,NO,RURAL,154.0,0.0,28.0,-112,85.0,5.7,Overstock,15.0,212.0
SP,SP,HEALTH CENTER,November,NO,RURAL,1087.0,589.0,811.0,-722,1604.0,2.5,Low,633.0,8080.0
QUIN,SP,HEALTH CENTER,February,NO,RURAL,4034.0,2.0,523.0,-46,2699.0,11.7,Overstock,231.0,272.0
ART-INJ,ART,HEALTH CENTER,November,NO,URBAN,255.0,2.0,57.0,160,298.0,4.7,Adequate,63.0,0.0
PYRA-COMP,PYRA,HEALTH CENTER,November,NO,RURAL,657.0,0.0,539.0,-345,638.0,1.1,Low,584.0,2212.0
ART-SUP,ART,HEALTH CENTER,August,YES,RURAL,150.0,2.0,169.0,274,306.0,15.3,Overstock,20.0,37.0
PYRA-COMP,PYRA,HOSPITAL,August,YES,URBAN,966.0,269.0,195.0,13,1387.0,15.4,Overstock,90.0,22.0
SP,SP,HEALTH CENTER,November,NO,RURAL,48.0,484.0,176.0,-387,1054.0,6.8,Overstock,154.0,918.0
ACT-AD,ACT,HOSPITAL,August,YES,RURAL,4576.0,943.0,479.0,390,6748.0,21.4,Overstock,315.0,0.0
ACT-INF,ACT,HEALTH CENTER,November,NO,RURAL,832.0,0.0,405.0,159,242.0,0.8,Critical,289.0,4185.0
ITN,PREV,HEALTH CENTER,November,NO,URBAN,753.0,0.0,244.0,-78,953.0,4.2,Adequate,227.0,0.0
ART-INJ,ART,HEALTH CENTER,August,YES,URBAN,297.0,72.0,51.0,-431,313.0,104.3,Overstock,3.0,12.0
ACT-AD,ACT,HEALTH CENTER,February,NO,RURAL,55.0,0.0,1.0,587,222.0,,Unknown,0.0,0.0
ACT-SC,ACT,HEALTH CENTER,August,YES,URBAN,724.0,2.0,312.0,12,325.0,2.4,Low,134.0,530.0
SP,SP,HEALTH CENTER,May,YES,URBAN,2359.0,149.0,845.0,370,2485.0,3.7,Adequate,668.0,830.0
ACT-INF,ACT,HEALTH CENTER,August,YES,RURAL,109.0,2.0,29.0,-18,170.0,3.3,Adequate,51.0,2109.0
ACT-INF,ACT,HEALTH CENTER,May,YES,RURAL,535.0,134.0,330.0,90,350.0,1.7,Low,209.0,2364.0
ACT-INF,ACT,HEALTH CENTER,May,YES,RURAL,530.0,614.0,353.0,-166,415.0,2.1,Low,201.0,1554.0
ART-INJ,ART,HEALTH CENTER,May,YES,RURAL,515.0,2237.0,438.0,255,1228.0,1.7,Low,703.0,516.0
QUIN,SP,HEALTH CENTER,May,YES,RURAL,788.0,0.0,328.0,39,224.0,0.9,Critical,253.0,0.0
ART-SUP,ART,HEALTH CENTER,February,NO,RURAL,377.0,168.0,346.0,-532,380.0,0.8,Critical,494.0,741.0
ACT-AD,ACT,HEALTH CENTER,February,NO,RURAL,938.0,0.0,319.0,-256,2094.0,18.2,Overstock,115.0,231.0
SP,SP,HEALTH CENTER,May,YES,RURAL,432.0,183.0,140.0,334,458.0,6.4,Overstock,72.0,0.0
ITN,PREV,HEALTH CENTER,February,NO,RURAL,5220.0,0.0,757.0,-192,995.0,1.3,Low,795.0,780.0
ACT-INF,ACT,HEALTH CENTER,February,NO,URBAN,3213.0,3.0,575.0,301,2164.0,3.2,Adequate,681.0,682.0
SP,SP,HEALTH CENTER,August,YES,URBAN,119.0,82.0,44.0,499,294.0,98.0,Overstock,3.0,0.0
RDT,DIAG,HEALTH CENTER,August,YES,RURAL,1153.0,0.0,349.0,-145,699.0,1.6,Low,436.0,0.0
ART-SUP,ART,HEALTH CENTER,February,NO,RURAL,394.0,886.0,125.0,338,1312.0,6.8,Overstock,194.0,2.0
ACT-AD,ACT,HEALTH CENTER,November,NO,RURAL,2189.0,3111.0,1081.0,156,2049.0,3.6,Adequate,562.0,20.0
ACT-GC,ACT,HEALTH CENTER,February,NO,RURAL,178.0,7.0,194.0,-471,643.0,3.6,Adequate,177.0,2.0
QUIN,SP,HEALTH CENTER,February,NO,RURAL,3793.0,344.0,952.0,-55,4871.0,6.5,Overstock,753.0,3072.0
ART-SUP,ART,HOSPITAL,August,YES,URBAN,1144.0,0.0,69.0,-370,717.0,7.8,Overstock,92.0,27.0
ITN,PREV,HEALTH CENTER,February,NO,RURAL,1799.0,59.0,561.0,497,1785.0,4.5,Adequate,393.0,1020.0
RDT,DIAG,HEALTH CENTER,November,NO,RURAL,1765.0,25.0,233.0,209,545.0,7.7,Overstock,71.0,0.0
ACT-GC,ACT,HEALTH CENTER,August,YES,RURAL,927.0,0.0,198.0,689,1897.0,16.6,Overstock,114.0,136.0
QUIN,SP,HEALTH CENTER,February,NO,RURAL,641.0,17.0,210.0,-280,313.0,1.9,Low,161.0,38.0
ACT-SC,ACT,HEALTH CENTER,February,NO,RURAL,377.0,0.0,105.0,35,215.0,6.3,Overstock,34.0,0.0
RDT,DIAG,HEALTH CENTER,February,NO,RURAL,1447.0,121.0,905.0,40,1652.0,1.6,Low,1065.0,3472.0
QUIN,SP,HOSPITAL,November,NO,RURAL,142.0,1.0,137.0,566,378.0,6.0,Overstock,63.0,1.0
ART-SUP,ART,HEALTH CENTER,November,NO,RURAL,111.0,967.0,95.0,-132,876.0,46.1,Overstock,19.0,0.0
ACT-AD,ACT,HEALTH CENTER,August,YES,URBAN,95.0,14.0,129.0,381,259.0,6.6,Overstock,39.0,0.0
ACT-AD,ACT,HOSPITAL,November,NO,RURAL,2.0,1.0,2.0,-310,1.0,,Unknown,0.0,591.0
ACT-SC,ACT,HEALTH CENTER,August,YES,URBAN,81.0,2.0,266.0,-108,541.0,1.8,Low,302.0,0.0
ACT-INF,ACT,HEALTH CENTER,February,NO,RURAL,1205.0,0.0,210.0,250,818.0,5.7,Overstock,143.0,0.0
RDT,DIAG,HEALTH CENTER,August,YES,URBAN,1440.0,0.0,268.0,61,588.0,1.9,Low,310.0,0.0
PYRA-SAC,PYRA,HEALTH CENTER,August,YES,URBAN,983.0,2.0,308.0,-55,215.0,1.9,Low,111.0,991.0
RDT,DIAG,HEALTH CENTER,November,NO,URBAN,1344.0,0.0,312.0,184,2179.0,16.0,Overstock,136.0,0.0
ART-INJ,ART,HOSPITAL,November,NO,URBAN,696.0,27.0,287.0,225,2999.0,5.8,Overstock,515.0,35.0
ACT-SC,ACT,HEALTH CENTER,November,NO,URBAN,3797.0,12.0,464.0,-292,3289.0,11.7,Overstock,280.0,5.0
QUIN,SP,HEALTH CENTER,February,NO,RURAL,3229.0,0.0,518.0,310,1368.0,4.2,Adequate,324.0,864.0
ACT-AD,ACT,HEALTH CENTER,November,NO,URBAN,2875.0,384.0,277.0,82,2148.0,5.7,Overstock,375.0,1.0
QUIN,SP,HEALTH CENTER,May,YES,URBAN,150.0,0.0,80.0,-684,161.0,5.2,Overstock,31.0,0.0
RDT,DIAG,HEALTH CENTER,May,YES,RURAL,43.0,26.0,40.0,69,181.0,1.9,Low,93.0,152.0
PYRA-SAC,PYRA,HEALTH CENTER,August,YES,RURAL,537.0,2.0,190.0,-66,964.0,4.6,Adequate,208.0,0.0
ART-INJ,ART,HOSPITAL,February,NO,URBAN,130.0,64.0,117.0,-276,307.0,4.1,Adequate,75.0,677.0
ART-INJ,ART,HEALTH CENTER,February,NO,RURAL,0.0,0.0,0.0,-325,1.0,,Unknown,0.0,273.0
PYRA-SAC,PYRA,HEALTH CENTER,August,YES,RURAL,508.0,2415.0,176.0,-513,1469.0,16.7,Overstock,88.0,24.0
QUIN,SP,HEALTH CENTER,February,NO,RURAL,703.0,29.0,107.0,244,688.0,45.9,Overstock,15.0,116.0
ACT-INF,ACT,HEALTH CENTER,May,YES,URBAN,1.0,129.0,26.0,303,26.0,4.3,Adequate,6.0,0.0
ART-SUP,ART,HEALTH CENTER,November,NO,URBAN,1620.0,413.0,169.0,4,3277.0,7.0,Overstock,468.0,3445.0
QUIN,SP,HEALTH CENTER,November,NO,RURAL,895.0,8.0,475.0,452,2451.0,3.8,Adequate,643.0,37.0
PYRA-SAC,PYRA,HEALTH CENTER,February,NO,RURAL,378.0,0.0,76.0,153,106.0,2.2,Low,49.0,81.0
PYRA-COMP,PYRA,HEALTH CENTER,February,NO,RURAL,1.0,0.0,14.0,74,34.0,,Unknown,0.0,1368.0
ACT-AD,ACT,HEALTH CENTER,August,YES,URBAN,73.0,563.0,41.0,13,337.0,37.4,Overstock,9.0,0.0
ACT-AD,ACT,HEALTH CENTER,November,NO,RURAL,2153.0,39.0,330.0,431,2044.0,11.5,Overstock,178.0,5.0
SP,SP,HEALTH CENTER,August,YES,RURAL,727.0,0.0,232.0,-56,853.0,6.5,Overstock,132.0,0.0
RDT,DIAG,HEALTH CENTER,February,NO,URBAN,318.0,470.0,129.0,-542,821.0,7.7,Overstock,106.0,697.0
RDT,DIAG,HEALTH CENTER,May,YES,RURAL,1627.0,0.0,547.0,66,334.0,1.3,Low,261.0,82.0
ART-SUP,ART,HEALTH CENTER,February,NO,RURAL,185.0,175.0,213.0,-998,118.0,1.1,Low,106.0,780.0
PYRA-SAC,PYRA,HEALTH CENTER,February,NO,URBAN,18.0,0.0,27.0,-414,171.0,4.0,Adequate,43.0,2889.0
ART-INJ,ART,HEALTH CENTER,August,YES,RURAL,1658.0,1256.0,341.0,424,7207.0,28.3,Overstock,255.0,0.0
PYRA-COMP,PYRA,HEALTH CENTER,November,NO,RURAL,1583.0,1655.0,763.0,-92,1066.0,3.0,Adequate,353.0,120.0
SP,SP,HEALTH CENTER,February,NO,URBAN,535.0,563.0,208.0,594,168.0,0.6,Critical,301.0,18.0
SP,SP,HEALTH CENTER,August,YES,RURAL,2799.0,0.0,116.0,-555,3462.0,203.6,Overstock,17.0,0.0
ITN,PREV,HEALTH CENTER,August,YES,URBAN,848.0,94.0,394.0,76,1059.0,5.0,Adequate,212.0,323.0
ITN,PREV,HEALTH CENTER,August,YES,RURAL,1428.0,0.0,98.0,-198,320.0,4.3,Adequate,75.0,433.0
ACT-SC,ACT,HEALTH CENTER,February,NO,URBAN,688.0,110.0,52.0,587,1984.0,40.5,Overstock,49.0,172.0
ART-SUP,ART,HEALTH CENTER,November,NO,RURAL,875.0,0.0,115.0,31,367.0,3.7,Adequate,98.0,0.0
ACT-GC,ACT,HEALTH CENTER,November,NO,URBAN,1462.0,7.0,602.0,-57,1432.0,3.4,Adequate,421.0,15.0
ACT-INF,ACT,HEALTH CENTER,February,NO,RURAL,3460.0,4.0,443.0,-77,659.0,1.1,Low,621.0,1.0
ACT-INF,ACT,HEALTH CENTER,August,YES,URBAN,1993.0,18.0,513.0,170,1083.0,1.7,Low,637.0,1304.0
QUIN,SP,HEALTH CENTER,August,YES,URBAN,62.0,1.0,139.0,-1085,512.0,2.8,Low,184.0,4.0
ART-INJ,ART,HEALTH CENTER,February,NO,URBAN,435.0,9.0,230.0,150,183.0,1.2,Low,149.0,1826.0
QUIN,SP,HEALTH CENTER,February,NO,URBAN,22.0,374.0,33.0,49,23.0,1.8,Low,13.0,0.0
ACT-SC,ACT,HEALTH CENTER,November,NO,URBAN,252.0,3.0,365.0,-46,337.0,0.8,Critical,416.0,2668.0
ACT-INF,ACT,HEALTH CENTER,February,NO,RURAL,334.0,2.0,80.0,133,35.0,0.1,Critical,293.0,2628.0
RDT,DIAG,HEALTH CENTER,February,NO,RURAL,3307.0,48.0,611.0,-585,1561.0,1.5,Low,1061.0,100.0
PYRA-COMP,PYRA,HEALTH CENTER,May,YES,URBAN,177.0,347.0,100.0,-365,1111.0,44.4,Overstock,25.0,40.0
PYRA-COMP,PYRA,HEALTH CENTER,November,NO,RURAL,25.0,5.0,12.0,725,14.0,1.2,Low,12.0,2.0
RDT,DIAG,HEALTH CENTER,November,NO,RURAL,1398.0,183.0,390.0,1100,1220.0,4.3,Adequate,282.0,1516.0
ACT-AD,ACT,HEALTH CENTER,May,YES,RURAL,1850.0,250.0,468.0,311,5215.0,16.5,Overstock,316.0,278.0
PYRA-SAC,PYRA,HEALTH CENTER,February,NO,RURAL,449.0,200.0,298.0,189,190.0,0.6,Critical,311.0,3941.0
ACT-SC,ACT,HEALTH CENTER,February,NO,URBAN,938.0,0.0,273.0,351,1568.0,2.7,Low,581.0,0.0
PYRA-COMP,PYRA,HEALTH CENTER,February,NO,RURAL,211.0,1.0,42.0,456,1227.0,14.1,Overstock,87.0,0.0
ART-SUP,ART,HEALTH CENTER,August,YES,RURAL,3335.0,719.0,719.0,231,3114.0,3.5,Adequate,887.0,7.0
SP,SP,HEALTH CENTER,May,YES,RURAL,3298.0,453.0,888.0,181,3638.0,9.0,Overstock,403.0,0.0
ART-SUP,ART,HEALTH CENTER,August,YES,RURAL,1031.0,0.0,167.0,-403,310.0,7.0,Overstock,44.0,466.0
PYRA-COMP,PYRA,HEALTH CENTER,February,NO,RURAL,244.0,397.0,551.0,964,843.0,3.5,Adequate,242.0,0.0
PYRA-SAC,PYRA,HOSPITAL,May,YES,URBAN,158.0,92.0,202.0,-808,40.0,0.2,Critical,229.0,1743.0
ART-INJ,ART,HEALTH CENTER,May,YES,URBAN,1542.0,44.0,345.0,-368,1715.0,6.2,Overstock,275.0,3404.0
ITN,PREV,HEALTH CENTER,May,YES,URBAN,1348.0,33.0,311.0,11,4088.0,19.3,Overstock,212.0,1.0
ACT-SC,ACT,HEALTH CENTER,February,NO,RURAL,2929.0,73.0,904.0,-317,3544.0,2.9,Low,1231.0,2321.0
ITN,PREV,HEALTH CENTER,August,YES,RURAL,264.0,0.0,112.0,598,122.0,1.5,Low,79.0,499.0
ACT-AD,ACT,HEALTH CENTER,February,NO,RURAL,1339.0,0.0,123.0,-221,585.0,12.7,Overstock,46.0,2210.0
ITN,PREV,HEALTH CENTER,May,YES,RURAL,141.0,919.0,78.0,-618,356.0,27.4,Overstock,13.0,12.0
ART-INJ,ART,HEALTH CENTER,February,NO,RURAL,7208.0,891.0,1036.0,-703,6848.0,8.1,Overstock,844.0,59.0
PYRA-SAC,PYRA,HEALTH CENTER,May,YES,RURAL,232.0,50.0,509.0,-536,1035.0,1.8,Low,583.0,2.0
ART-INJ,ART,HEALTH CENTER,November,NO,RURAL,506.0,2.0,112.0,-31,91.0,15.2,Overstock,6.0,0.0
ACT-AD,ACT,HEALTH CENTER,August,YES,URBAN,505.0,398.0,180.0,-158,1278.0,4.8,Adequate,269.0,956.0
ACT-AD,ACT,HEALTH CENTER,May,YES,RURAL,321.0,0.0,64.0,-340,103.0,0.4,Critical,267.0,105.0
ITN,PREV,HEALTH CENTER,May,YES,RURAL,4084.0,12.0,511.0,125,2481.0,4.1,Adequate,604.0,313.0
ITN,PREV,HEALTH CENTER,February,NO,RURAL,145.0,0.0,32.0,-153,8.0,0.4,Critical,18.0,109.0
RDT,DIAG,HEALTH CENTER,August,YES,URBAN,1749.0,245.0,130.0,462,1270.0,60.5,Overstock,21.0,0.0
QUIN,SP,HEALTH CENTER,November,NO,URBAN,2105.0,0.0,143.0,62,269.0,3.2,Adequate,84.0,0.0
QUIN,SP,HEALTH CENTER,August,YES,RURAL,1380.0,6.0,100.0,72,694.0,0.8,Critical,890.0,49.0
SP,SP,HEALTH CENTER,February,NO,RURAL,463.0,0.0,1.0,118,53.0,26.5,Overstock,2.0,0.0
PYRA-SAC,PYRA,HEALTH CENTER,February,NO,URBAN,796.0,754.0,713.0,-154,3604.0,6.4,Overstock,561.0,417.0
ITN,PREV,HEALTH CENTER,August,YES,RURAL,432.0,2.0,35.0,-396,409.0,58.4,Overstock,7.0,2247.0
PYRA-COMP,PYRA,HEALTH CENTER,May,YES,RURAL,711.0,0.0,168.0,-778,678.0,6.1,Overstock,112.0,12.0
PYRA-SAC,PYRA,HEALTH CENTER,February,NO,URBAN,181.0,419.0,58.0,-174,906.0,129.4,Overstock,7.0,0.0
ACT-SC,ACT,HOSPITAL,August,YES,RURAL,13.0,108.0,12.0,-449,222.0,44.4,Overstock,5.0,0.0
ACT-INF,ACT,HEALTH CENTER,February,NO,RURAL,13.0,0.0,6.0,125,3.0,1.0,Critical,3.0,25.0
ART-SUP,ART,HOSPITAL,August,YES,RURAL,1595.0,0.0,253.0,5,833.0,6.5,Overstock,128.0,1.0
ACT-GC,ACT,HEALTH CENTER,November,NO,RURAL,2162.0,1823.0,517.0,-100,3862.0,8.3,Overstock,465.0,612.0
QUIN,SP,HEALTH CENTER,August,YES,RURAL,3.0,15.0,0.0,-755,3.0,,Unknown,0.0,0.0
ART-INJ,ART,HOSPITAL,February,NO,RURAL,3467.0,12.0,284.0,-474,1972.0,15.8,Overstock,125.0,0.0
ITN,PREV,HEALTH CENTER,February,NO,RURAL,651.0,59.0,300.0,-477,944.0,3.7,Adequate,253.0,2841.0
RDT,DIAG,HEALTH CENTER,February,NO,RURAL,122.0,8.0,306.0,443,99.0,0.5,Critical,200.0,810.0
ACT-GC,ACT,HEALTH CENTER,November,NO,RURAL,1165.0,350.0,363.0,339,1671.0,44.0,Overstock,38.0,15.0
SP,SP,HEALTH CENTER,August,YES,RURAL,19.0,663.0,92.0,-495,1094.0,42.1,Overstock,26.0,0.0
RDT,DIAG,HEALTH CENTER,May,YES,RURAL,2122.0,154.0,1268.0,-614,3015.0,3.6,Adequate,838.0,744.0
ACT-AD,ACT,HEALTH CENTER,February,NO,URBAN,109.0,69.0,344.0,480,185.0,1.5,Low,126.0,3356.0
ITN,PREV,HEALTH CENTER,May,YES,RURAL,1429.0,165.0,201.0,-263,1229.0,7.1,Overstock,172.0,257.0
PYRA-COMP,PYRA,HEALTH CENTER,August,YES,URBAN,1794.0,162.0,391.0,66,2856.0,26.7,Overstock,107.0,23.0
ACT-SC,ACT,HEALTH CENTER,February,NO,RURAL,173.0,33.0,127.0,70,389.0,2.3,Low,169.0,3852.0
ART-INJ,ART,HEALTH CENTER,May,YES,URBAN,782.0,968.0,303.0,227,3132.0,31.6,Overstock,99.0,0.0
ART-SUP,ART,HEALTH CENTER,May,YES,URBAN,2437.0,405.0,871.0,-505,1747.0,1.2,Low,1407.0,713.0
ART-SUP,ART,HEALTH CENTER,February,NO,RURAL,11.0,0.0,1.0,-32,2.0,2.0,Low,1.0,0.0
ACT-AD,ACT,HEALTH CENTER,November,NO,RURAL,587.0,2.0,53.0,-661,299.0,6.5,Overstock,46.0,0.0
ACT-INF,ACT,HOSPITAL,February,NO,RURAL,188.0,0.0,9.0,993,132.0,66.0,Overstock,2.0,0.0
ART-INJ,ART,HEALTH CENTER,November,NO,URBAN,441.0,627.0,365.0,228,891.0,5.2,Overstock,173.0,3.0
RDT,DIAG,HEALTH CENTER,February,NO,URBAN,0.0,4.0,0.0,-1168,1.0,,Unknown,0.0,0.0
ACT-INF,ACT,HEALTH CENTER,February,NO,URBAN,654.0,2.0,54.0,-222,242.0,12.7,Overstock,19.0,1.0
ACT-AD,ACT,HEALTH CENTER,February,NO,RURAL,0.0,0.0,1.0,344,5.0,,Unknown,0.0,319.0
RDT,DIAG,HEALTH CENTER,August,YES,URBAN,167.0,536.0,101.0,-560,401.0,12.5,Overstock,32.0,3.0
ACT-AD,ACT,HOSPITAL,November,NO,RURAL,957.0,14.0,80.0,-354,848.0,24.9,Overstock,34.0,597.0
PYRA-COMP,PYRA,HEALTH CENTER,May,YES,RURAL,2892.0,1026.0,768.0,85,2359.0,3.5,Adequate,665.0,142.0
ART-INJ,ART,HEALTH CENTER,February,NO,RURAL,345.0,55.0,258.0,207,1103.0,3.4,Adequate,326.0,403.0
ART-INJ,ART,HEALTH CENTER,August,YES,RURAL,57.0,45.0,256.0,-98,477.0,3.9,Adequate,122.0,121.0
RDT,DIAG,HEALTH CENTER,November,NO,URBAN,0.0,13.0,1.0,332,2.0,,Unknown,0.0,15.0
ACT-AD,ACT,HEALTH CENTER,August,YES,URBAN,422.0,295.0,198.0,213,701.0,10.8,Overstock,65.0,1.0
ART-SUP,ART,HEALTH CENTER,August,YES,URBAN,0.0,0.0,0.0,-2,5.0,,Unknown,0.0,0.0
ACT-SC,ACT,HEALTH CENTER,May,YES,RURAL,1118.0,26.0,213.0,-630,957.0,4.7,Adequate,204.0,2761.0
ACT-INF,ACT,HEALTH CENTER,February,NO,RURAL,264.0,57.0,575.0,111,966.0,2.1,Low,451.0,436.0
ACT-INF,ACT,HEALTH CENTER,August,YES,URBAN,2171.0,1.0,440.0,27,2034.0,5.4,Overstock,374.0,2927.0
ACT-INF,ACT,HEALTH CENTER,August,YES,URBAN,84.0,5.0,2.0,-45,233.0,,Unknown,0.0,0.0
ART-INJ,ART,HEALTH CENTER,May,YES,RURAL,8222.0,0.0,1083.0,100,4341.0,3.8,Adequate,1140.0,196.0
ART-SUP,ART,HEALTH CENTER,February,NO,URBAN,227.0,0.0,119.0,190,7.0,0.1,Critical,109.0,95.0
ACT-INF,ACT,HEALTH CENTER,February,NO,RURAL,3380.0,465.0,1293.0,109,1921.0,1.6,Low,1188.0,58.0
ACT-INF,ACT,HEALTH CENTER,May,YES,RURAL,1427.0,0.0,387.0,227,1994.0,4.6,Adequate,432.0,24.0
PYRA-SAC,PYRA,HEALTH CENTER,February,NO,RURAL,1437.0,7.0,480.0,287,512.0,0.7,Critical,684.0,2837.0
PYRA-COMP,PYRA,HEALTH CENTER,November,NO,URBAN,237.0,55.0,219.0,551,774.0,9.0,Overstock,86.0,1613.0
ART-INJ,ART,HEALTH CENTER,August,YES,RURAL,2265.0,1039.0,1126.0,115,2376.0,1.3,Low,1857.0,10612.0
ART-INJ,ART,HEALTH CENTER,August,YES,URBAN,1048.0,300.0,463.0,-589,2803.0,16.7,Overstock,168.0,0.0
ART-SUP,ART,HEALTH CENTER,November,NO,URBAN,777.0,75.0,89.0,-34,749.0,3.8,Adequate,196.0,10.0
ACT-GC,ACT,HEALTH CENTER,August,YES,URBAN,53.0,58.0,9.0,338,43.0,7.2,Overstock,6.0,1.0
QUIN,SP,HEALTH CENTER,November,NO,URBAN,82.0,28.0,196.0,-8,376.0,2.0,Low,190.0,917.0
ACT-GC,ACT,HEALTH CENTER,February,NO,RURAL,1304.0,0.0,104.0,-595,588.0,9.2,Overstock,64.0,0.0
ART-INJ,ART,HEALTH CENTER,February,NO,RURAL,1988.0,0.0,44.0,-165,449.0,7.6,Overstock,59.0,13.0
QUIN,SP,HEALTH CENTER,May,YES,URBAN,107.0,0.0,9.0,-291,36.0,36.0,Overstock,1.0,290.0
ART-SUP,ART,HOSPITAL,August,YES,RURAL,2590.0,372.0,896.0,348,2569.0,7.4,Overstock,347.0,3.0
QUIN,SP,HEALTH CENTER,November,NO,RURAL,244.0,1.0,255.0,1053,1560.0,14.3,Overstock,109.0,7.0
PYRA-SAC,PYRA,HEALTH CENTER,August,YES,URBAN,1222.0,5.0,161.0,-21,455.0,9.5,Overstock,48.0,822.0
ACT-SC,ACT,HEALTH CENTER,May,YES,RURAL,35.0,2099.0,137.0,-433,305.0,9.0,Overstock,34.0,14.0
ACT-GC,ACT,HEALTH CENTER,August,YES,RURAL,283.0,385.0,271.0,650,363.0,1.0,Critical,360.0,8.0
ART-INJ,ART,HEALTH CENTER,May,YES,RURAL,1180.0,1.0,321.0,198,1553.0,4.7,Adequate,333.0,290.0
ITN,PREV,HEALTH CENTER,May,YES,RURAL,1660.0,0.0,992.0,410,1576.0,1.3,Low,1229.0,3828.0
ITN,PREV,HEALTH CENTER,February,NO,RURAL,541.0,1.0,264.0,860,707.0,4.4,Adequate,160.0,2084.0
ACT-INF,ACT,HEALTH CENTER,February,NO,URBAN,498.0,1.0,105.0,114,330.0,3.8,Adequate,86.0,127.0
SP,SP,HEALTH CENTER,May,YES,URBAN,1638.0,0.0,161.0,-529,457.0,76.2,Overstock,6.0,0.0
ACT-INF,ACT,HEALTH CENTER,February,NO,RURAL,114.0,12.0,16.0,223,122.0,,Unknown,0.0,0.0
ACT-INF,ACT,HEALTH CENTER,May,YES,RURAL,30.0,30.0,4.0,556,129.0,25.8,Overstock,5.0,420.0
ACT-SC,ACT,HEALTH CENTER,February,NO,RURAL,1441.0,0.0,569.0,19,731.0,0.9,Critical,797.0,4506.0
ITN,PREV,HEALTH CENTER,May,YES,URBAN,415.0,397.0,197.0,-25,739.0,3.0,Adequate,244.0,3.0
ACT-INF,ACT,HEALTH CENTER,February,NO,URBAN,202.0,1563.0,38.0,427,961.0,120.1,Overstock,8.0,0.0
QUIN,SP,HEALTH CENTER,November,NO,RURAL,960.0,14.0,226.0,-156,328.0,4.5,Adequate,73.0,295.0
PYRA-SAC,PYRA,HEALTH CENTER,August,YES,RURAL,1178.0,0.0,393.0,-424,2330.0,27.7,Overstock,84.0,52.0
SP,SP,HEALTH CENTER,February,NO,URBAN,725.0,1.0,385.0,-175,554.0,1.3,Low,420.0,3.0
ACT-GC,ACT,HEALTH CENTER,February,NO,RURAL,1083.0,45.0,682.0,521,821.0,2.5,Low,331.0,2850.0
ART-SUP,ART,HEALTH CENTER,August,YES,RURAL,765.0,1976.0,558.0,-411,853.0,2.5,Low,341.0,12.0
ITN,PREV,HEALTH CENTER,February,NO,URBAN,338.0,42.0,56.0,-322,321.0,8.9,Overstock,36.0,80.0
ITN,PREV,HEALTH CENTER,August,YES,URBAN,522.0,222.0,210.0,-673,248.0,0.5,Critical,503.0,7982.0
ACT-AD,ACT,HEALTH CENTER,November,NO,RURAL,247.0,0.0,393.0,-341,738.0,2.0,Low,370.0,379.0
QUIN,SP,HEALTH CENTER,November,NO,RURAL,15.0,0.0,2.0,280,24.0,,Unknown,0.0,3.0
QUIN,SP,HEALTH CENTER,February,NO,URBAN,558.0,22.0,13.0,-357,396.0,13.2,Overstock,30.0,3.0
ACT-SC,ACT,HEALTH CENTER,August,YES,RURAL,1775.0,40.0,333.0,569,1793.0,21.1,Overstock,85.0,946.0
ITN,PREV,HEALTH CENTER,August,YES,RURAL,1373.0,18.0,370.0,58,2560.0,6.8,Overstock,374.0,114.0
ART-INJ,ART,HOSPITAL,February,NO,RURAL,2623.0,52.0,492.0,-246,2111.0,10.5,Overstock,201.0,197.0
ACT-GC,ACT,HEALTH CENTER,August,YES,URBAN,40.0,64.0,58.0,475,623.0,4.6,Adequate,136.0,0.0
ART-SUP,ART,HEALTH CENTER,May,YES,URBAN,37.0,414.0,203.0,389,708.0,7.4,Overstock,96.0,5.0
ACT-SC,ACT,HEALTH CENTER,August,YES,RURAL,3395.0,164.0,875.0,-420,802.0,2.2,Low,368.0,4.0
RDT,DIAG,HEALTH CENTER,November,NO,RURAL,380.0,1157.0,638.0,-117,1741.0,2.6,Low,667.0,1.0
ART-INJ,ART,HEALTH CENTER,August,YES,RURAL,604.0,238.0,277.0,198,733.0,8.1,Overstock,90.0,0.0
ACT-AD,ACT,HEALTH CENTER,February,NO,RURAL,877.0,0.0,218.0,608,217.0,2.7,Low,80.0,87.0
ART-INJ,ART,HEALTH CENTER,August,YES,URBAN,14.0,10.0,93.0,-326,41.0,5.1,Overstock,8.0,344.0
ART-INJ,ART,HEALTH CENTER,May,YES,URBAN,4308.0,8.0,1023.0,-329,2020.0,1.6,Low,1237.0,5812.0
ACT-SC,ACT,HEALTH CENTER,May,YES,URBAN,2309.0,0.0,102.0,-160,719.0,8.2,Overstock,88.0,2793.0
ACT-INF,ACT,HEALTH CENTER,February,NO,RURAL,2440.0,606.0,716.0,413,2442.0,6.7,Overstock,364.0,4944.0
ACT-AD,ACT,HEALTH CENTER,May,YES,URBAN,399.0,1.0,243.0,381,905.0,4.6,Adequate,197.0,165.0
ACT-AD,ACT,HEALTH CENTER,November,NO,URBAN,1234.0,16.0,311.0,367,908.0,2.6,Low,349.0,1131.0
ACT-SC,ACT,HEALTH CENTER,November,NO,URBAN,1796.0,83.0,478.0,-488,570.0,1.2,Low,464.0,16.0
PYRA-COMP,PYRA,HEALTH CENTER,August,YES,RURAL,97.0,98.0,95.0,632,243.0,4.7,Adequate,52.0,544.0
ITN,PREV,HEALTH CENTER,November,NO,URBAN,4090.0,182.0,687.0,-416,3821.0,5.5,Overstock,689.0,86.0
ACT-INF,ACT,HEALTH CENTER,November,NO,URBAN,118.0,4.0,179.0,157,81.0,1.3,Low,62.0,1030.0
ART-SUP,ART,HEALTH CENTER,February,NO,RURAL,446.0,4.0,116.0,-634,287.0,19.1,Overstock,15.0,0.0
SP,SP,HEALTH CENTER,February,NO,URBAN,1341.0,73.0,153.0,544,1075.0,153.6,Overstock,7.0,1.0
ITN,PREV,HEALTH CENTER,February,NO,RURAL,941.0,4.0,187.0,205,1479.0,12.2,Overstock,121.0,4.0
SP,SP,HEALTH CENTER,May,YES,URBAN,168.0,1.0,46.0,76,146.0,73.0,Overstock,2.0,391.0
ACT-AD,ACT,HEALTH CENTER,May,YES,RURAL,1000.0,7.0,236.0,-18,275.0,3.6,Adequate,77.0,8344.0
ACT-SC,ACT,HOSPITAL,November,NO,URBAN,4.0,106.0,18.0,717,82.0,5.9,Overstock,14.0,29.0
QUIN,SP,HEALTH CENTER,May,YES,RURAL,144.0,0.0,150.0,-252,165.0,0.8,Critical,200.0,1766.0
SP,SP,HEALTH CENTER,February,NO,RURAL,671.0,1.0,120.0,321,1555.0,13.9,Overstock,112.0,161.0
ACT-GC,ACT,HEALTH CENTER,November,NO,URBAN,675.0,11.0,399.0,-595,1997.0,8.4,Overstock,237.0,1.0
ACT-GC,ACT,HEALTH CENTER,November,NO,RURAL,118.0,0.0,42.0,613,152.0,12.7,Overstock,12.0,0.0
PYRA-SAC,PYRA,HEALTH CENTER,May,YES,URBAN,735.0,64.0,90.0,484,1351.0,10.2,Overstock,133.0,15.0
ACT-AD,ACT,HOSPITAL,November,NO,RURAL,0.0,0.0,0.0,-120,1.0,,Unknown,0.0,27.0
ART-SUP,ART,HOSPITAL,November,NO,RURAL,2250.0,75.0,161.0,-1165,1963.0,17.7,Overstock,111.0,0.0
ACT-INF,ACT,HEALTH CENTER,February,NO,RURAL,196.0,128.0,184.0,124,711.0,6.4,Overstock,111.0,56.0
PYRA-COMP,PYRA,HEALTH CENTER,February,NO,RURAL,635.0,1.0,308.0,-354,182.0,2.0,Low,91.0,324.0
SP,SP,HEALTH CENTER,February,NO,URBAN,1770.0,64.0,279.0,-27,2070.0,14.9,Overstock,139.0,33.0
ART-SUP,ART,HEALTH CENTER,February,NO,RURAL,262.0,683.0,666.0,-34,674.0,1.3,Low,522.0,100.0
ACT-SC,ACT,HEALTH CENTER,February,NO,URBAN,1132.0,546.0,1102.0,289,1986.0,4.1,Adequate,485.0,0.0
SP,SP,HOSPITAL,May,YES,RURAL,1225.0,428.0,385.0,-988,1371.0,6.1,Overstock,226.0,37.0
ITN,PREV,HEALTH CENTER,August,YES,URBAN,582.0,1.0,153.0,805,117.0,0.8,Critical,148.0,9643.0
ART-SUP,ART,HEALTH CENTER,February,NO,RURAL,218.0,18.0,276.0,-59,473.0,2.5,Low,186.0,0.0
ART-SUP,ART,HEALTH CENTER,February,NO,RURAL,206.0,0.0,63.0,411,20.0,1.0,Critical,20.0,2322.0
QUIN,SP,HEALTH CENTER,August,YES,RURAL,790.0,22.0,140.0,52,1284.0,35.7,Overstock,36.0,0.0
ACT-INF,ACT,HEALTH CENTER,November,NO,RURAL,1341.0,261.0,147.0,68,2322.0,32.2,Overstock,72.0,0.0
QUIN,SP,HEALTH CENTER,August,YES,RURAL,9.0,71.0,36.0,617,25.0,0.8,Critical,32.0,118.0
ACT-INF,ACT,HEALTH CENTER,May,YES,RURAL,212.0,0.0,8.0,219,191.0,,Unknown,0.0,0.0
PYRA-COMP,PYRA,HEALTH CENTER,August,YES,RURAL,700.0,127.0,92.0,166,220.0,14.7,Overstock,15.0,0.0
ACT-GC,ACT,HEALTH CENTER,August,YES,RURAL,134.0,9.0,20.0,117,27.0,4.5,Adequate,6.0,988.0
ACT-INF,ACT,HEALTH CENTER,May,YES,RURAL,4107.0,24.0,829.0,-227,7020.0,13.1,Overstock,535.0,1302.0
ITN,PREV,HEALTH CENTER,November,NO,RURAL,1897.0,46.0,257.0,-396,1873.0,3.6,Adequate,520.0,6042.0
ACT-GC,ACT,HEALTH CENTER,August,YES,RURAL,1949.0,86.0,792.0,222,2148.0,2.5,Low,864.0,4781.0
ACT-AD,ACT,HEALTH CENTER,November,NO,RURAL,2368.0,732.0,546.0,-132,1479.0,5.5,Overstock,268.0,3.0
ART-INJ,ART,HEALTH CENTER,February,NO,RURAL,6866.0,0.0,673.0,113,3563.0,4.8,Adequate,750.0,0.0
ACT-GC,ACT,HEALTH CENTER,August,YES,URBAN,2.0,23.0,16.0,2,26.0,26.0,Overstock,1.0,93.0
RDT,DIAG,HEALTH CENTER,February,NO,URBAN,1117.0,0.0,120.0,234,234.0,15.6,Overstock,15.0,657.0
QUIN,SP,HEALTH CENTER,May,YES,RURAL,539.0,1397.0,515.0,-296,921.0,4.4,Adequate,208.0,1441.0
SP,SP,HEALTH CENTER,November,NO,RURAL,391.0,170.0,118.0,440,322.0,1.0,Critical,330.0,0.0
RDT,DIAG,HEALTH CENTER,November,NO,RURAL,2153.0,196.0,353.0,413,1165.0,5.1,Overstock,229.0,150.0
RDT,DIAG,HEALTH CENTER,November,NO,RURAL,522.0,1335.0,843.0,71,1973.0,1.5,Low,1296.0,5281.0
ART-SUP,ART,HEALTH CENTER,November,NO,URBAN,136.0,0.0,11.0,-18,160.0,,Unknown,0.0,0.0
ACT-AD,ACT,HEALTH CENTER,February,NO,RURAL,53.0,2.0,3.0,46,126.0,,Unknown,0.0,0.0
RDT,DIAG,HEALTH CENTER,February,NO,RURAL,362.0,4.0,56.0,-332,397.0,26.5,Overstock,15.0,10.0
PYRA-COMP,PYRA,HEALTH CENTER,February,NO,RURAL,136.0,12.0,33.0,47,128.0,16.0,Overstock,8.0,5.0
ART-INJ,ART,HEALTH CENTER,February,NO,URBAN,646.0,536.0,293.0,104,1261.0,34.1,Overstock,37.0,4.0
PYRA-SAC,PYRA,HEALTH CENTER,May,YES,RURAL,4292.0,109.0,886.0,214,1300.0,1.0,Critical,1239.0,6655.0
ART-INJ,ART,HEALTH CENTER,February,NO,RURAL,1840.0,127.0,274.0,-119,1216.0,4.6,Adequate,267.0,25.0
SP,SP,HEALTH CENTER,November,NO,RURAL,15.0,0.0,3.0,-506,5.0,1.0,Critical,5.0,228.0
ACT-INF,ACT,HEALTH CENTER,May,YES,RURAL,42.0,0.0,49.0,1088,55.0,5.0,Adequate,11.0,38.0
ACT-INF,ACT,HEALTH CENTER,November,NO,RURAL,885.0,45.0,293.0,132,812.0,2.9,Low,284.0,6.0
PYRA-SAC,PYRA,HEALTH CENTER,November,NO,RURAL,1614.0,0.0,85.0,787,709.0,33.8,Overstock,21.0,38.0
PYRA-SAC,PYRA,HEALTH CENTER,May,YES,RURAL,653.0,0.0,47.0,-66,605.0,5.6,Overstock,109.0,26.0
ACT-INF,ACT,HEALTH CENTER,November,NO,RURAL,1086.0,35.0,147.0,34,431.0,2.3,Low,190.0,485.0
PYRA-COMP,PYRA,HEALTH CENTER,August,YES,RURAL,1606.0,2.0,315.0,-389,672.0,1.5,Low,453.0,11.0
ACT-INF,ACT,HEALTH CENTER,November,NO,URBAN,521.0,105.0,174.0,-206,716.0,23.9,Overstock,30.0,0.0
ACT-INF,ACT,HEALTH CENTER,February,NO,RURAL,4170.0,46.0,1988.0,-527,4644.0,4.6,Adequate,1019.0,753.0
PYRA-COMP,PYRA,HEALTH CENTER,February,NO,RURAL,702.0,3.0,41.0,-85,485.0,22.0,Overstock,22.0,0.0
SP,SP,HEALTH CENTER,November,NO,URBAN,1087.0,1.0,162.0,-1012,141.0,0.8,Critical,168.0,2.0
PYRA-SAC,PYRA,HEALTH CENTER,May,YES,RURAL,558.0,16.0,144.0,193,583.0,14.9,Overstock,39.0,1.0
PYRA-COMP,PYRA,HEALTH CENTER,May,YES,URBAN,11653.0,434.0,1832.0,-576,7997.0,4.2,Adequate,1899.0,39.0
ACT-SC,ACT,HEALTH CENTER,May,YES,URBAN,3.0,9.0,25.0,270,42.0,10.5,Overstock,4.0,1.0
ART-INJ,ART,HEALTH CENTER,August,YES,URBAN,680.0,0.0,241.0,98,542.0,7.2,Overstock,75.0,11.0
PYRA-SAC,PYRA,HEALTH CENTER,August,YES,RURAL,149.0,80.0,10.0,603,154.0,,Unknown,0.0,0.0
ART-SUP,ART,HEALTH CENTER,August,YES,RURAL,117.0,1252.0,277.0,139,1126.0,3.9,Adequate,292.0,2507.0
ACT-SC,ACT,HEALTH CENTER,August,YES,RURAL,86.0,41.0,2.0,97,599.0,,Unknown,0.0,0.0
QUIN,SP,HEALTH CENTER,February,NO,RURAL,1129.0,0.0,124.0,-573,811.0,16.9,Overstock,48.0,2.0
ACT-AD,ACT,HEALTH CENTER,May,YES,RURAL,2618.0,0.0,13.0,-400,1668.0,151.6,Overstock,11.0,443.0
SP,SP,HEALTH CENTER,November,NO,URBAN,8.0,0.0,53.0,943,13.0,13.0,Overstock,1.0,915.0
PYRA-COMP,PYRA,HEALTH CENTER,May,YES,RURAL,3235.0,335.0,577.0,-552,2046.0,5.2,Overstock,392.0,497.0
ACT-SC,ACT,HEALTH CENTER,May,YES,URBAN,1567.0,0.0,512.0,172,784.0,2.5,Low,319.0,1818.0
ACT-AD,ACT,HEALTH CENTER,August,YES,RURAL,3073.0,34.0,1244.0,95,5084.0,5.0,Adequate,1015.0,22.0
PYRA-SAC,PYRA,HEALTH CENTER,February,NO,URBAN,310.0,111.0,137.0,-43,203.0,5.3,Overstock,38.0,192.0
SP,SP,HEALTH CENTER,November,NO,RURAL,1467.0,0.0,198.0,-257,148.0,8.7,Overstock,17.0,37.0
ACT-INF,ACT,HEALTH CENTER,May,YES,RURAL,85.0,0.0,113.0,7,249.0,5.5,Overstock,45.0,59.0
ACT-GC,ACT,HEALTH CENTER,May,YES,URBAN,1514.0,7.0,351.0,585,506.0,1.2,Low,428.0,4563.0
ACT-SC,ACT,HEALTH CENTER,August,YES,URBAN,1186.0,0.0,389.0,-347,1006.0,4.9,Adequate,206.0,19.0
ART-INJ,ART,HEALTH CENTER,May,YES,URBAN,17.0,0.0,23.0,-780,33.0,33.0,Overstock,1.0,465.0
PYRA-SAC,PYRA,HEALTH CENTER,February,NO,RURAL,155.0,613.0,131.0,104,1102.0,45.9,Overstock,24.0,1218.0
ITN,PREV,HEALTH CENTER,August,YES,RURAL,55.0,808.0,11.0,314,60.0,30.0,Overstock,2.0,0.0
QUIN,SP,HOSPITAL,November,NO,RURAL,2245.0,0.0,280.0,-407,2398.0,21.2,Overstock,113.0,3.0
PYRA-COMP,PYRA,HEALTH CENTER,November,NO,RURAL,446.0,9.0,26.0,-240,344.0,12.3,Overstock,28.0,19.0
RDT,DIAG,HEALTH CENTER,February,NO,RURAL,2463.0,395.0,293.0,739,1042.0,10.1,Overstock,103.0,253.0
ACT-SC,ACT,HEALTH CENTER,May,YES,RURAL,1001.0,12.0,545.0,419,672.0,1.4,Low,485.0,10.0
PYRA-COMP,PYRA,HEALTH CENTER,August,YES,URBAN,176.0,375.0,149.0,-216,214.0,5.8,Overstock,37.0,119.0
SP,SP,HEALTH CENTER,November,NO,RURAL,517.0,0.0,19.0,-112,342.0,42.8,Overstock,8.0,40.0
RDT,DIAG,HEALTH CENTER,May,YES,RURAL,32.0,0.0,103.0,-6,132.0,1.9,Low,69.0,38.0
ACT-INF,ACT,HEALTH CENTER,November,NO,RURAL,3301.0,6.0,393.0,-809,1031.0,5.4,Overstock,191.0,0.0
RDT,DIAG,HOSPITAL,November,NO,URBAN,119.0,1250.0,347.0,-466,529.0,2.5,Low,213.0,272.0
ART-SUP,ART,HEALTH CENTER,May,YES,URBAN,311.0,1.0,210.0,277,210.0,1.4,Low,148.0,1641.0
ART-INJ,ART,HEALTH CENTER,February,NO,RURAL,3.0,0.0,4.0,-284,31.0,,Unknown,0.0,0.0
QUIN,SP,HOSPITAL,February,NO,RURAL,1375.0,2.0,89.0,121,2427.0,33.7,Overstock,72.0,0.0
PYRA-COMP,PYRA,HEALTH CENTER,November,NO,URBAN,847.0,11.0,529.0,-600,1439.0,4.7,Adequate,305.0,106.0
ACT-INF,ACT,HEALTH CENTER,August,YES,RURAL,18.0,1.0,1.0,681,35.0,,Unknown,0.0,0.0
ACT-AD,ACT,HEALTH CENTER,May,YES,RURAL,56.0,0.0,6.0,-364,154.0,154.0,Overstock,1.0,0.0
ITN,PREV,HEALTH CENTER,February,NO,RURAL,1614.0,134.0,164.0,701,1002.0,31.3,Overstock,32.0,10.0
QUIN,SP,HEALTH CENTER,August,YES,RURAL,236.0,5.0,94.0,-311,317.0,6.5,Overstock,49.0,0.0
ART-SUP,ART,HEALTH CENTER,August,YES,RURAL,1476.0,3.0,139.0,295,1148.0,95.7,Overstock,12.0,59.0
ART-SUP,ART,HEALTH CENTER,November,NO,RURAL,158.0,1.0,63.0,199,133.0,6.0,Overstock,22.0,2263.0
ACT-SC,ACT,HEALTH CENTER,February,NO,URBAN,2322.0,410.0,1020.0,270,1897.0,1.2,Low,1546.0,4581.0
ART-INJ,ART,HEALTH CENTER,November,NO,URBAN,127.0,1.0,3.0,502,156.0,,Unknown,0.0,0.0
RDT,DIAG,HOSPITAL,August,YES,RURAL,2404.0,138.0,199.0,-280,2743.0,13.1,Overstock,209.0,0.0
ART-SUP,ART,HEALTH CENTER,August,YES,URBAN,247.0,144.0,97.0,-204,1590.0,11.7,Overstock,136.0,1576.0
QUIN,SP,HEALTH CENTER,August,YES,RURAL,243.0,0.0,347.0,-169,124.0,0.4,Critical,315.0,153.0
ACT-INF,ACT,HEALTH CENTER,August,YES,RURAL,693.0,0.0,150.0,-61,876.0,54.8,Overstock,16.0,0.0
QUIN,SP,HEALTH CENTER,November,NO,RURAL,411.0,0.0,201.0,-2,194.0,0.8,Critical,233.0,2923.0
ACT-GC,ACT,HOSPITAL,August,YES,RURAL,1109.0,30.0,553.0,823,2132.0,10.2,Overstock,209.0,4.0
ITN,PREV,HEALTH CENTER,August,YES,RURAL,2667.0,1.0,1517.0,126,1040.0,1.3,Low,818.0,56.0
ART-INJ,ART,HEALTH CENTER,February,NO,RURAL,181.0,0.0,6.0,310,215.0,107.5,Overstock,2.0,0.0
ACT-SC,ACT,HEALTH CENTER,February,NO,RURAL,1211.0,0.0,260.0,491,409.0,5.2,Overstock,78.0,0.0
QUIN,SP,HEALTH CENTER,February,NO,RURAL,610.0,2.0,123.0,-372,1584.0,25.1,Overstock,63.0,68.0
PYRA-SAC,PYRA,HEALTH CENTER,May,YES,URBAN,153.0,0.0,40.0,362,40.0,2.1,Low,19.0,1677.0
SP,SP,HOSPITAL,August,YES,URBAN,1413.0,22.0,180.0,407,3015.0,91.4,Overstock,33.0,76.0
PYRA-COMP,PYRA,HEALTH CENTER,August,YES,RURAL,340.0,893.0,23.0,-393,2857.0,2857.0,Overstock,1.0,0.0
ITN,PREV,HEALTH CENTER,November,NO,RURAL,598.0,0.0,51.0,233,612.0,11.3,Overstock,54.0,0.0
ART-SUP,ART,HOSPITAL,November,NO,URBAN,26.0,1620.0,59.0,-74,222.0,1.3,Low,169.0,2302.0
ITN,PREV,HEALTH CENTER,November,NO,URBAN,845.0,180.0,72.0,-644,1681.0,14.0,Overstock,120.0,327.0
PYRA-COMP,PYRA,HEALTH CENTER,November,NO,RURAL,604.0,239.0,310.0,536,1028.0,9.8,Overstock,105.0,25.0
PYRA-SAC,PYRA,HEALTH CENTER,November,NO,RURAL,126.0,0.0,2.0,414,606.0,303.0,Overstock,2.0,3.0
PYRA-SAC,PYRA,HEALTH CENTER,November,NO,RURAL,29.0,0.0,8.0,247,72.0,6.5,Overstock,11.0,470.0
ACT-GC,ACT,HOSPITAL,May,YES,URBAN,4216.0,28.0,910.0,-785,1283.0,2.1,Low,610.0,0.0
RDT,DIAG,HEALTH CENTER,May,YES,URBAN,1104.0,53.0,299.0,56,631.0,2.8,Low,229.0,0.0
ACT-INF,ACT,HOSPITAL,November,NO,RURAL,274.0,4099.0,82.0,-774,446.0,17.8,Overstock,25.0,0.0
ACT-SC,ACT,HEALTH CENTER,November,NO,RURAL,39.0,694.0,33.0,259,175.0,7.6,Overstock,23.0,0.0
PYRA-SAC,PYRA,HEALTH CENTER,November,NO,RURAL,847.0,662.0,168.0,114,1205.0,7.1,Overstock,169.0,773.0
QUIN,SP,HEALTH CENTER,November,NO,URBAN,3095.0,0.0,300.0,187,266.0,2.4,Low,109.0,5.0
ACT-AD,ACT,HEALTH CENTER,May,YES,RURAL,0.0,0.0,0.0,-7,1.0,,Unknown,0.0,127.0
ACT-SC,ACT,HEALTH CENTER,November,NO,RURAL,1899.0,0.0,100.0,687,568.0,12.3,Overstock,46.0,0.0
ACT-GC,ACT,HOSPITAL,November,NO,RURAL,380.0,9.0,93.0,-253,2051.0,28.1,Overstock,73.0,184.0
ART-INJ,ART,HEALTH CENTER,November,NO,URBAN,423.0,1022.0,311.0,573,1214.0,3.9,Adequate,312.0,299.0
RDT,DIAG,HEALTH CENTER,August,YES,RURAL,14.0,3.0,7.0,-289,3.0,0.6,Critical,5.0,4.0
ART-SUP,ART,HEALTH CENTER,February,NO,RURAL,171.0,1.0,22.0,577,1029.0,343.0,Overstock,3.0,0.0
ITN,PREV,HEALTH CENTER,August,YES,RURAL,87.0,37.0,368.0,309,271.0,1.1,Low,236.0,1421.0
ART-INJ,ART,HEALTH CENTER,August,YES,RURAL,721.0,2130.0,429.0,-405,4133.0,7.2,Overstock,578.0,1.0
QUIN,SP,HEALTH CENTER,February,NO,RURAL,2668.0,0.0,857.0,-266,2299.0,3.4,Adequate,686.0,46.0
ACT-SC,ACT,HEALTH CENTER,February,NO,RURAL,1070.0,0.0,51.0,250,93.0,3.2,Adequate,29.0,0.0
RDT,DIAG,HEALTH CENTER,November,NO,RURAL,42.0,617.0,24.0,48,239.0,1.5,Low,161.0,0.0
ACT-INF,ACT,HEALTH CENTER,February,NO,RURAL,81.0,0.0,31.0,-801,89.0,11.1,Overstock,8.0,2.0
QUIN,SP,HEALTH CENTER,August,YES,RURAL,54.0,1.0,133.0,-121,50.0,7.1,Overstock,7.0,36.0
ITN,PREV,HEALTH CENTER,February,NO,URBAN,1032.0,117.0,247.0,-444,512.0,4.5,Adequate,114.0,0.0
ART-SUP,ART,HEALTH CENTER,November,NO,RURAL,1.0,32.0,24.0,394,252.0,18.0,Overstock,14.0,0.0
ART-SUP,ART,HEALTH CENTER,November,NO,RURAL,19.0,2546.0,7.0,-255,682.0,682.0,Overstock,1.0,882.0
ART-INJ,ART,HEALTH CENTER,May,YES,RURAL,538.0,170.0,414.0,442,1714.0,3.8,Adequate,457.0,1325.0
ITN,PREV,HEALTH CENTER,February,NO,RURAL,396.0,50.0,165.0,-196,892.0,3.9,Adequate,231.0,0.0
ACT-INF,ACT,HEALTH CENTER,February,NO,RURAL,18.0,3.0,31.0,523,87.0,1.1,Low,82.0,269.0
ITN,PREV,HEALTH CENTER,August,YES,URBAN,79.0,0.0,4.0,-254,54.0,,Unknown,0.0,16.0
ACT-SC,ACT,HEALTH CENTER,August,YES,RURAL,350.0,39.0,42.0,-878,644.0,13.4,Overstock,48.0,7.0
ACT-AD,ACT,HEALTH CENTER,May,YES,RURAL,2585.0,1633.0,346.0,645,1656.0,11.5,Overstock,144.0,1363.0
ART-INJ,ART,HEALTH CENTER,May,YES,RURAL,1453.0,1.0,157.0,-531,995.0,25.5,Overstock,39.0,389.0
PYRA-SAC,PYRA,HEALTH CENTER,May,YES,RURAL,1539.0,5.0,279.0,459,2003.0,10.9,Overstock,183.0,286.0
ACT-AD,ACT,HEALTH CENTER,August,YES,URBAN,2954.0,0.0,820.0,100,3586.0,9.6,Overstock,372.0,0.0
SP,SP,HEALTH CENTER,August,YES,RURAL,810.0,26.0,227.0,132,590.0,3.3,Adequate,178.0,83.0
PYRA-COMP,PYRA,HEALTH CENTER,August,YES,URBAN,736.0,0.0,49.0,-390,412.0,19.6,Overstock,21.0,0.0
ACT-SC,ACT,HEALTH CENTER,February,NO,URBAN,428.0,1.0,97.0,-1045,404.0,2.3,Low,172.0,1.0
PYRA-COMP,PYRA,HEALTH CENTER,February,NO,RURAL,601.0,13.0,53.0,-490,292.0,5.1,Overstock,57.0,24.0
ART-SUP,ART,HEALTH CENTER,May,YES,RURAL,63.0,459.0,53.0,-114,136.0,4.7,Adequate,29.0,7.0
ACT-SC,ACT,HEALTH CENTER,February,NO,RURAL,1358.0,3.0,196.0,-288,1850.0,11.5,Overstock,161.0,0.0
PYRA-SAC,PYRA,HEALTH CENTER,August,YES,RURAL,97.0,0.0,2.0,54,34.0,,Unknown,0.0,0.0
ACT-AD,ACT,HEALTH CENTER,August,YES,RURAL,347.0,15.0,125.0,261,360.0,22.5,Overstock,16.0,0.0
ART-SUP,ART,HEALTH CENTER,August,YES,RURAL,2362.0,196.0,233.0,-466,1082.0,3.5,Adequate,309.0,6106.0
ITN,PREV,HEALTH CENTER,February,NO,URBAN,1275.0,1514.0,1237.0,-104,3291.0,3.6,Adequate,908.0,4.0
RDT,DIAG,HEALTH CENTER,February,NO,RURAL,4255.0,6.0,384.0,490,2609.0,5.0,Adequate,525.0,1702.0
SP,SP,HEALTH CENTER,November,NO,RURAL,2403.0,0.0,450.0,-329,2008.0,7.1,Overstock,282.0,342.0
ART-SUP,ART,HEALTH CENTER,August,YES,RURAL,935.0,0.0,553.0,446,322.0,0.5,Critical,680.0,330.0
PYRA-SAC,PYRA,HEALTH CENTER,August,YES,RURAL,182.0,24.0,162.0,431,583.0,14.9,Overstock,39.0,834.0
ART-INJ,ART,HEALTH CENTER,February,NO,RURAL,477.0,0.0,38.0,453,593.0,15.6,Overstock,38.0,35.0
ACT-INF,ACT,HEALTH CENTER,August,YES,URBAN,127.0,74.0,88.0,-324,759.0,26.2,Overstock,29.0,113.0
ACT-AD,ACT,HEALTH CENTER,August,YES,URBAN,2808.0,0.0,412.0,-854,558.0,0.9,Critical,596.0,1968.0
ITN,PREV,HEALTH CENTER,May,YES,RURAL,2335.0,6.0,699.0,-199,3257.0,5.7,Overstock,574.0,42.0
ART-INJ,ART,HOSPITAL,May,YES,RURAL,3804.0,41.0,434.0,-94,3287.0,32.2,Overstock,102.0,1.0
QUIN,SP,HEALTH CENTER,May,YES,RURAL,108.0,1.0,60.0,285,337.0,3.0,Adequate,114.0,18.0
ACT-SC,ACT,HEALTH CENTER,November,NO,RURAL,859.0,5.0,233.0,395,1205.0,66.9,Overstock,18.0,0.0
ITN,PREV,HEALTH CENTER,August,YES,RURAL,1459.0,0.0,281.0,-316,549.0,3.2,Adequate,171.0,312.0
ART-INJ,ART,HEALTH CENTER,May,YES,RURAL,82.0,2.0,5.0,-8,39.0,39.0,Overstock,1.0,0.0
ART-SUP,ART,HEALTH CENTER,November,NO,URBAN,2406.0,170.0,499.0,800,2407.0,4.5,Adequate,532.0,820.0
ITN,PREV,HEALTH CENTER,February,NO,RURAL,809.0,95.0,178.0,-768,356.0,3.3,Adequate,109.0,1174.0
PYRA-SAC,PYRA,HEALTH CENTER,August,YES,RURAL,4926.0,99.0,1626.0,-346,4194.0,4.7,Adequate,890.0,14748.0
ACT-INF,ACT,HEALTH CENTER,November,NO,RURAL,7627.0,834.0,1000.0,-110,7583.0,11.3,Overstock,672.0,2517.0
PYRA-COMP,PYRA,HEALTH CENTER,February,NO,RURAL,259.0,493.0,14.0,-59,164.0,,Unknown,0.0,1.0
ACT-AD,ACT,HEALTH CENTER,August,YES,RURAL,148.0,0.0,120.0,-715,21.0,0.2,Critical,100.0,37.0
QUIN,SP,HEALTH CENTER,May,YES,RURAL,82.0,0.0,3.0,-600,224.0,44.8,Overstock,5.0,0.0
PYRA-SAC,PYRA,HEALTH CENTER,February,NO,RURAL,696.0,1.0,54.0,-119,12.0,1.7,Low,7.0,0.0
RDT,DIAG,HEALTH CENTER,August,YES,URBAN,497.0,1.0,100.0,-11,183.0,3.2,Adequate,57.0,0.0
SP,SP,HEALTH CENTER,May,YES,RURAL,1763.0,0.0,325.0,-60,12.0,0.1,Critical,105.0,853.0
ACT-AD,ACT,HEALTH CENTER,February,NO,RURAL,1095.0,175.0,94.0,9,1886.0,24.8,Overstock,76.0,3260.0
RDT,DIAG,HEALTH CENTER,May,YES,URBAN,947.0,216.0,48.0,-550,564.0,40.3,Overstock,14.0,25.0
PYRA-COMP,PYRA,HEALTH CENTER,August,YES,RURAL,46.0,37.0,57.0,410,219.0,15.6,Overstock,14.0,10.0
ACT-SC,ACT,HEALTH CENTER,November,NO,RURAL,39.0,158.0,21.0,572,218.0,72.7,Overstock,3.0,9.0
ART-SUP,ART,HEALTH CENTER,February,NO,URBAN,2.0,1.0,2.0,299,3.0,,Unknown,0.0,0.0
QUIN,SP,HEALTH CENTER,August,YES,URBAN,1677.0,0.0,173.0,618,1462.0,11.6,Overstock,126.0,119.0
PYRA-SAC,PYRA,HEALTH CENTER,August,YES,RURAL,533.0,27.0,224.0,-633,1229.0,16.4,Overstock,75.0,0.0
PYRA-COMP,PYRA,HEALTH CENTER,May,YES,URBAN,2410.0,1739.0,395.0,-300,4132.0,35.3,Overstock,117.0,0.0
ACT-INF,ACT,HEALTH CENTER,February,NO,URBAN,967.0,199.0,411.0,-488,1046.0,3.2,Adequate,330.0,3024.0
RDT,DIAG,HEALTH CENTER,February,NO,RURAL,225.0,1743.0,183.0,305,749.0,24.2,Overstock,31.0,18.0
QUIN,SP,HEALTH CENTER,August,YES,URBAN,277.0,33.0,153.0,29,629.0,89.9,Overstock,7.0,1.0
ART-INJ,ART,HEALTH CENTER,February,NO,RURAL,1573.0,1.0,619.0,746,1429.0,3.4,Adequate,424.0,0.0
ACT-SC,ACT,HEALTH CENTER,May,YES,RURAL,2243.0,42.0,565.0,-521,797.0,2.1,Low,375.0,801.0
ACT-INF,ACT,HEALTH CENTER,August,YES,RURAL,306.0,4.0,192.0,-224,188.0,1.2,Low,161.0,4806.0
ACT-INF,ACT,HEALTH CENTER,November,NO,RURAL,33.0,0.0,9.0,436,27.0,9.0,Overstock,3.0,1763.0
SP,SP,HEALTH CENTER,May,YES,RURAL,1082.0,3295.0,238.0,-587,2923.0,12.7,Overstock,231.0,5081.0
ACT-GC,ACT,HOSPITAL,November,NO,RURAL,1161.0,2.0,91.0,250,1004.0,13.6,Overstock,74.0,63.0
PYRA-COMP,PYRA,HEALTH CENTER,August,YES,RURAL,72.0,0.0,40.0,-604,114.0,22.8,Overstock,5.0,0.0
ACT-INF,ACT,HEALTH CENTER,August,YES,URBAN,4500.0,58.0,614.0,-766,2881.0,3.3,Adequate,864.0,27.0
ACT-AD,ACT,HEALTH CENTER,November,NO,URBAN,26.0,3.0,24.0,-144,127.0,15.9,Overstock,8.0,125.0
ACT-INF,ACT,HEALTH CENTER,November,NO,RURAL,1258.0,95.0,587.0,38,537.0,1.0,Critical,531.0,191.0
PYRA-COMP,PYRA,HEALTH CENTER,November,NO,URBAN,322.0,54.0,15.0,-952,157.0,3.9,Adequate,40.0,0.0
ITN,PREV,HEALTH CENTER,August,YES,RURAL,1876.0,0.0,314.0,-158,458.0,0.8,Critical,564.0,4835.0
QUIN,SP,HOSPITAL,August,YES,RURAL,644.0,0.0,182.0,500,134.0,2.2,Low,60.0,0.0
ACT-GC,ACT,HEALTH CENTER,February,NO,URBAN,787.0,6.0,295.0,-49,571.0,5.7,Overstock,101.0,0.0
PYRA-SAC,PYRA,HEALTH CENTER,February,NO,RURAL,4828.0,1549.0,1379.0,-266,5916.0,1.9,Low,3074.0,780.0
ACT-SC,ACT,HEALTH CENTER,February,NO,URBAN,2143.0,443.0,770.0,-111,2519.0,3.7,Adequate,689.0,505.0
PYRA-COMP,PYRA,HEALTH CENTER,May,YES,RURAL,85.0,1264.0,88.0,507,634.0,7.6,Overstock,83.0,0.0
ACT-AD,ACT,HEALTH CENTER,August,YES,RURAL,2407.0,1044.0,562.0,856,6112.0,13.1,Overstock,465.0,0.0
PYRA-COMP,PYRA,HEALTH CENTER,February,NO,RURAL,866.0,272.0,68.0,205,1695.0,16.5,Overstock,103.0,1867.0
ART-SUP,ART,HEALTH CENTER,February,NO,RURAL,2725.0,4.0,365.0,234,1966.0,5.4,Overstock,367.0,177.0
PYRA-SAC,PYRA,HOSPITAL,February,NO,RURAL,5611.0,33.0,1334.0,-40,6208.0,5.4,Overstock,1151.0,257.0
ACT-INF,ACT,HEALTH CENTER,February,NO,RURAL,1901.0,55.0,970.0,-785,1422.0,1.3,Low,1102.0,340.0
RDT,DIAG,HEALTH CENTER,August,YES,RURAL,1521.0,309.0,481.0,344,4633.0,21.9,Overstock,212.0,69.0
ACT-INF,ACT,HEALTH CENTER,May,YES,RURAL,3574.0,1.0,467.0,704,2724.0,7.8,Overstock,351.0,2759.0
PYRA-COMP,PYRA,HEALTH CENTER,November,NO,RURAL,230.0,309.0,315.0,-82,536.0,7.4,Overstock,72.0,5.0
ACT-SC,ACT,HEALTH CENTER,February,NO,RURAL,664.0,0.0,126.0,-154,400.0,3.9,Adequate,102.0,79.0
PYRA-COMP,PYRA,HEALTH CENTER,February,NO,RURAL,1277.0,1.0,478.0,-85,1681.0,1.9,Low,863.0,2467.0
QUIN,SP,HEALTH CENTER,May,YES,RURAL,523.0,2.0,246.0,24,397.0,3.1,Adequate,127.0,267.0
PYRA-COMP,PYRA,HEALTH CENTER,February,NO,RURAL,1174.0,3.0,190.0,138,1205.0,1.9,Low,626.0,7.0
QUIN,SP,HEALTH CENTER,May,YES,URBAN,2947.0,12.0,628.0,63,3338.0,5.5,Overstock,609.0,4724.0
RDT,DIAG,HEALTH CENTER,August,YES,RURAL,613.0,330.0,161.0,691,1327.0,7.2,Overstock,185.0,10.0
SP,SP,HEALTH CENTER,August,YES,RURAL,4057.0,108.0,1985.0,-62,3379.0,2.7,Low,1274.0,14.0
QUIN,SP,HEALTH CENTER,November,NO,RURAL,3602.0,1523.0,1187.0,590,5117.0,7.1,Overstock,720.0,0.0
ACT-GC,ACT,HEALTH CENTER,February,NO,URBAN,5154.0,0.0,443.0,-546,1605.0,5.0,Adequate,324.0,0.0
QUIN,SP,HEALTH CENTER,February,NO,URBAN,7263.0,4217.0,2079.0,227,15105.0,5.6,Overstock,2694.0,20.0
QUIN,SP,HEALTH CENTER,February,NO,RURAL,997.0,503.0,278.0,249,2075.0,76.9,Overstock,27.0,1.0
ACT-SC,ACT,HEALTH CENTER,August,YES,RURAL,206.0,0.0,10.0,134,35.0,,Unknown,0.0,0.0
ART-SUP,ART,HEALTH CENTER,November,NO,RURAL,131.0,103.0,105.0,-404,617.0,16.2,Overstock,38.0,1045.0
ACT-SC,ACT,HEALTH CENTER,February,NO,RURAL,1012.0,0.0,175.0,-153,159.0,3.5,Adequate,45.0,18.0
RDT,DIAG,HEALTH CENTER,August,YES,URBAN,2391.0,0.0,110.0,488,426.0,17.0,Overstock,25.0,50.0
ACT-SC,ACT,HEALTH CENTER,August,YES,URBAN,6.0,0.0,1.0,-635,1.0,,Unknown,0.0,0.0
PYRA-COMP,PYRA,HEALTH CENTER,August,YES,RURAL,10.0,69.0,12.0,339,38.0,9.5,Overstock,4.0,675.0
QUIN,SP,HEALTH CENTER,November,NO,RURAL,2494.0,308.0,997.0,-85,5524.0,7.7,Overstock,715.0,3227.0
ACT-SC,ACT,HEALTH CENTER,November,NO,URBAN,3090.0,155.0,745.0,-145,1329.0,2.3,Low,576.0,2131.0
QUIN,SP,HEALTH CENTER,May,YES,URBAN,1396.0,19.0,120.0,712,670.0,4.3,Adequate,156.0,6.0
ART-INJ,ART,HEALTH CENTER,May,YES,RURAL,2600.0,104.0,547.0,-153,1398.0,4.4,Adequate,316.0,127.0
ART-INJ,ART,HEALTH CENTER,May,YES,URBAN,520.0,145.0,374.0,532,256.0,1.0,Critical,252.0,1380.0
PYRA-SAC,PYRA,HEALTH CENTER,February,NO,RURAL,445.0,1.0,141.0,247,372.0,2.1,Low,177.0,1943.0
ACT-INF,ACT,HEALTH CENTER,November,NO,RURAL,117.0,0.0,13.0,-314,20.0,1.5,Low,13.0,58.0
ITN,PREV,HEALTH CENTER,November,NO,URBAN,37.0,17.0,162.0,-575,262.0,2.3,Low,114.0,2.0
PYRA-COMP,PYRA,HEALTH CENTER,November,NO,RURAL,3567.0,49.0,494.0,-66,1898.0,10.8,Overstock,175.0,7.0
RDT,DIAG,HEALTH CENTER,November,NO,RURAL,751.0,24.0,261.0,29,772.0,3.3,Adequate,235.0,377.0
QUIN,SP,HEALTH CENTER,November,NO,URBAN,36.0,117.0,138.0,158,205.0,6.6,Overstock,31.0,1.0
ACT-SC,ACT,HOSPITAL,November,NO,RURAL,366.0,3.0,17.0,-504,49.0,1.4,Low,34.0,22.0
QUIN,SP,HOSPITAL,February,NO,RURAL,688.0,3.0,46.0,-7,759.0,7.8,Overstock,97.0,1000.0
SP,SP,HEALTH CENTER,November,NO,URBAN,33.0,0.0,10.0,650,28.0,1.2,Low,24.0,0.0
PYRA-COMP,PYRA,HEALTH CENTER,November,NO,RURAL,2018.0,44.0,1500.0,-22,3782.0,2.4,Low,1585.0,10774.0
ACT-INF,ACT,HEALTH CENTER,August,YES,RURAL,784.0,544.0,217.0,885,854.0,17.8,Overstock,48.0,235.0
ACT-GC,ACT,HEALTH CENTER,February,NO,RURAL,902.0,0.0,199.0,668,373.0,5.3,Overstock,70.0,0.0
PYRA-SAC,PYRA,HEALTH CENTER,May,YES,RURAL,179.0,1150.0,237.0,456,578.0,13.4,Overstock,43.0,0.0
ART-SUP,ART,HEALTH CENTER,May,YES,RURAL,293.0,18.0,101.0,217,420.0,21.0,Overstock,20.0,1.0
ITN,PREV,HEALTH CENTER,February,NO,RURAL,484.0,679.0,493.0,-521,563.0,1.2,Low,482.0,2482.0
ACT-GC,ACT,HEALTH CENTER,November,NO,RURAL,3851.0,0.0,301.0,285,393.0,1.5,Low,254.0,303.0
ACT-GC,ACT,HEALTH CENTER,August,YES,RURAL,2034.0,77.0,312.0,-813,1949.0,16.8,Overstock,116.0,719.0
ACT-GC,ACT,HEALTH CENTER,May,YES,RURAL,373.0,32.0,84.0,361,1683.0,12.8,Overstock,131.0,0.0
PYRA-SAC,PYRA,HEALTH CENTER,May,YES,RURAL,2651.0,6.0,746.0,-222,1353.0,1.3,Low,1081.0,4272.0
ART-INJ,ART,HEALTH CENTER,November,NO,RURAL,128.0,0.0,8.0,126,5.0,1.0,Critical,5.0,9.0
ART-INJ,ART,HEALTH CENTER,February,NO,URBAN,5503.0,605.0,1425.0,275,3274.0,3.5,Adequate,929.0,6126.0
ACT-INF,ACT,HOSPITAL,November,NO,RURAL,1673.0,1.0,656.0,191,223.0,0.4,Critical,595.0,1866.0
ACT-INF,ACT,HEALTH CENTER,May,YES,RURAL,2549.0,3.0,324.0,-204,1576.0,5.6,Overstock,281.0,8.0
ACT-SC,ACT,HEALTH CENTER,May,YES,URBAN,86.0,1.0,23.0,-206,49.0,3.3,Adequate,15.0,681.0
ITN,PREV,HEALTH CENTER,May,YES,RURAL,5333.0,280.0,1107.0,129,4916.0,2.0,Low,2511.0,5.0
RDT,DIAG,HEALTH CENTER,February,NO,RURAL,754.0,225.0,497.0,-179,2026.0,2.8,Low,730.0,1253.0
SP,SP,HEALTH CENTER,February,NO,RURAL,28.0,3.0,73.0,-9,55.0,1.4,Low,39.0,588.0
SP,SP,HEALTH CENTER,August,YES,RURAL,221.0,15.0,408.0,-291,211.0,0.9,Critical,246.0,0.0
ART-SUP,ART,HEALTH CENTER,November,NO,RURAL,262.0,0.0,24.0,392,27.0,1.8,Low,15.0,65.0
ITN,PREV,HEALTH CENTER,May,YES,RURAL,128.0,82.0,39.0,-44,273.0,13.6,Overstock,20.0,472.0
PYRA-SAC,PYRA,HEALTH CENTER,February,NO,URBAN,991.0,62.0,105.0,-719,691.0,23.0,Overstock,30.0,37.0
ACT-AD,ACT,HEALTH CENTER,May,YES,URBAN,1150.0,32.0,585.0,313,1422.0,3.3,Adequate,431.0,1206.0
ACT-AD,ACT,HEALTH CENTER,August,YES,RURAL,82.0,12.0,4.0,-107,158.0,22.6,Overstock,7.0,10.0
RDT,DIAG,HEALTH CENTER,November,NO,RURAL,1673.0,710.0,107.0,341,2611.0,14.3,Overstock,183.0,0.0
ACT-SC,ACT,HEALTH CENTER,August,YES,RURAL,1710.0,159.0,956.0,95,1957.0,2.6,Low,752.0,222.0
SP,SP,HEALTH CENTER,February,NO,RURAL,356.0,0.0,299.0,677,130.0,0.6,Critical,226.0,43.0
RDT,DIAG,HEALTH CENTER,May,YES,URBAN,1514.0,9.0,90.0,-227,866.0,34.6,Overstock,25.0,0.0
PYRA-SAC,PYRA,HEALTH CENTER,February,NO,RURAL,747.0,10.0,1155.0,539,1101.0,1.2,Low,903.0,15866.0
ART-SUP,ART,HOSPITAL,August,YES,RURAL,912.0,0.0,92.0,-457,616.0,205.3,Overstock,3.0,0.0
PYRA-COMP,PYRA,HEALTH CENTER,November,NO,RURAL,1300.0,86.0,574.0,120,2332.0,4.8,Adequate,483.0,219.0
ACT-INF,ACT,HEALTH CENTER,February,NO,RURAL,423.0,26.0,369.0,193,175.0,0.6,Critical,271.0,202.0
QUIN,SP,HOSPITAL,November,NO,RURAL,1660.0,1192.0,908.0,350,1555.0,2.6,Low,601.0,3562.0
PYRA-SAC,PYRA,HOSPITAL,May,YES,RURAL,322.0,693.0,311.0,-248,728.0,25.1,Overstock,29.0,98.0
ART-INJ,ART,HEALTH CENTER,November,NO,RURAL,637.0,154.0,240.0,783,302.0,3.6,Adequate,83.0,0.0
QUIN,SP,HEALTH CENTER,August,YES,URBAN,1.0,102.0,1.0,711,2.0,1.0,Critical,2.0,2.0
PYRA-COMP,PYRA,HEALTH CENTER,February,NO,RURAL,4094.0,0.0,35.0,537,1462.0,292.4,Overstock,5.0,0.0
ART-INJ,ART,HEALTH CENTER,February,NO,RURAL,1848.0,90.0,131.0,-606,1582.0,25.9,Overstock,61.0,2.0
PYRA-COMP,PYRA,HEALTH CENTER,November,NO,RURAL,131.0,791.0,66.0,-351,592.0,26.9,Overstock,22.0,4.0
RDT,DIAG,HEALTH CENTER,August,YES,RURAL,371.0,2.0,170.0,-119,230.0,5.2,Overstock,44.0,4750.0
SP,SP,HEALTH CENTER,May,YES,RURAL,867.0,59.0,313.0,-263,718.0,3.5,Adequate,204.0,35.0
PYRA-SAC,PYRA,HEALTH CENTER,November,NO,URBAN,73.0,0.0,73.0,533,239.0,7.5,Overstock,32.0,112.0
ACT-INF,ACT,HEALTH CENTER,May,YES,URBAN,2007.0,401.0,709.0,-246,2025.0,3.9,Adequate,525.0,189.0
ACT-SC,ACT,HEALTH CENTER,May,YES,RURAL,0.0,0.0,1.0,36,29.0,,Unknown,0.0,138.0
ART-INJ,ART,HEALTH CENTER,February,NO,RURAL,191.0,9.0,149.0,511,22.0,0.4,Critical,55.0,21.0
ART-SUP,ART,HEALTH CENTER,August,YES,RURAL,2093.0,601.0,439.0,-360,1240.0,2.3,Low,537.0,331.0
PYRA-SAC,PYRA,HOSPITAL,August,YES,RURAL,6932.0,9.0,1285.0,286,4390.0,8.8,Overstock,499.0,8940.0
QUIN,SP,HEALTH CENTER,May,YES,RURAL,1161.0,42.0,568.0,-8,2755.0,4.0,Adequate,682.0,16189.0
PYRA-COMP,PYRA,HEALTH CENTER,May,YES,RURAL,144.0,72.0,122.0,117,38.0,0.3,Critical,127.0,4859.0
PYRA-COMP,PYRA,HEALTH CENTER,February,NO,RURAL,2729.0,0.0,272.0,370,301.0,1.6,Low,187.0,969.0
RDT,DIAG,HEALTH CENTER,November,NO,RURAL,577.0,0.0,88.0,11,543.0,9.0,Overstock,60.0,0.0
SP,SP,HEALTH CENTER,November,NO,RURAL,502.0,35.0,523.0,371,910.0,2.2,Low,409.0,198.0
ART-INJ,ART,HEALTH CENTER,February,NO,RURAL,369.0,77.0,63.0,189,1130.0,70.6,Overstock,16.0,0.0
PYRA-COMP,PYRA,HEALTH CENTER,May,YES,URBAN,2855.0,21.0,449.0,272,1790.0,6.3,Overstock,284.0,234.0
ART-INJ,ART,HEALTH CENTER,November,NO,URBAN,2217.0,81.0,134.0,488,507.0,14.5,Overstock,35.0,0.0
ACT-GC,ACT,HEALTH CENTER,May,YES,RURAL,2714.0,0.0,358.0,-132,911.0,6.2,Overstock,148.0,8770.0
ART-INJ,ART,HEALTH CENTER,February,NO,RURAL,184.0,457.0,83.0,203,394.0,7.0,Overstock,56.0,0.0
ACT-AD,ACT,HEALTH CENTER,August,YES,RURAL,40.0,99.0,25.0,-976,147.0,21.0,Overstock,7.0,10.0
ART-INJ,ART,HEALTH CENTER,February,NO,RURAL,1370.0,167.0,119.0,395,1970.0,27.7,Overstock,71.0,0.0
PYRA-SAC,PYRA,HEALTH CENTER,August,YES,RURAL,234.0,369.0,178.0,407,256.0,0.9,Critical,287.0,129.0
RDT,DIAG,HEALTH CENTER,November,NO,RURAL,585.0,43.0,216.0,-586,206.0,0.6,Critical,339.0,2656.0
PYRA-SAC,PYRA,HEALTH CENTER,November,NO,RURAL,91.0,67.0,89.0,417,496.0,5.9,Overstock,84.0,330.0
PYRA-SAC,PYRA,HOSPITAL,May,YES,RURAL,488.0,143.0,65.0,521,581.0,32.3,Overstock,18.0,6.0
ART-SUP,ART,HEALTH CENTER,August,YES,RURAL,825.0,4.0,106.0,-931,668.0,51.4,Overstock,13.0,36.0
ART-SUP,ART,HEALTH CENTER,May,YES,URBAN,2391.0,0.0,197.0,97,1341.0,3.0,Adequate,442.0,343.0
RDT,DIAG,HEALTH CENTER,May,YES,URBAN,532.0,18.0,15.0,346,178.0,12.7,Overstock,14.0,1.0
ACT-AD,ACT,HEALTH CENTER,February,NO,URBAN,459.0,331.0,156.0,-281,122.0,1.4,Low,87.0,702.0
ACT-GC,ACT,HEALTH CENTER,November,NO,RURAL,1079.0,194.0,54.0,-890,254.0,63.5,Overstock,4.0,46.0
ACT-SC,ACT,HOSPITAL,February,NO,URBAN,794.0,0.0,31.0,-524,860.0,28.7,Overstock,30.0,0.0
ART-INJ,ART,HEALTH CENTER,August,YES,RURAL,2488.0,30.0,703.0,830,871.0,1.6,Low,546.0,2866.0
SP,SP,HEALTH CENTER,May,YES,URBAN,2091.0,0.0,471.0,23,2016.0,11.7,Overstock,173.0,0.0
PYRA-COMP,PYRA,HEALTH CENTER,November,NO,RURAL,1810.0,2.0,267.0,218,1666.0,9.6,Overstock,174.0,0.0
ACT-GC,ACT,HEALTH CENTER,May,YES,RURAL,328.0,1043.0,344.0,701,809.0,9.2,Overstock,88.0,156.0
ACT-GC,ACT,HEALTH CENTER,May,YES,RURAL,103.0,10.0,49.0,-605,3.0,0.1,Critical,55.0,1905.0
ACT-AD,ACT,HEALTH CENTER,May,YES,RURAL,816.0,51.0,131.0,-447,204.0,1.3,Low,156.0,38.0
ACT-GC,ACT,HEALTH CENTER,May,YES,RURAL,1826.0,914.0,802.0,103,872.0,2.1,Low,418.0,3663.0
ART-INJ,ART,HEALTH CENTER,November,NO,RURAL,256.0,552.0,110.0,508,247.0,2.3,Low,107.0,35.0
ART-SUP,ART,HEALTH CENTER,February,NO,URBAN,2656.0,0.0,213.0,159,1323.0,13.8,Overstock,96.0,0.0
PYRA-COMP,PYRA,HEALTH CENTER,August,YES,URBAN,603.0,155.0,376.0,-285,727.0,3.5,Adequate,205.0,17.0
ACT-SC,ACT,HEALTH CENTER,November,NO,URBAN,716.0,2.0,539.0,209,250.0,0.9,Critical,279.0,1236.0
PYRA-COMP,PYRA,HEALTH CENTER,February,NO,RURAL,2538.0,88.0,521.0,-232,1247.0,10.8,Overstock,116.0,324.0
SP,SP,HEALTH CENTER,May,YES,URBAN,697.0,0.0,266.0,728,567.0,1.6,Low,347.0,886.0
RDT,DIAG,HEALTH CENTER,August,YES,RURAL,3260.0,0.0,373.0,324,1803.0,6.7,Overstock,268.0,30.0
ART-SUP,ART,HEALTH CENTER,November,NO,RURAL,407.0,10.0,33.0,-19,115.0,28.8,Overstock,4.0,1487.0
ACT-GC,ACT,HEALTH CENTER,February,NO,URBAN,899.0,0.0,710.0,14,266.0,0.5,Critical,487.0,192.0
PYRA-COMP,PYRA,HEALTH CENTER,February,NO,RURAL,181.0,819.0,94.0,-149,366.0,19.3,Overstock,19.0,1038.0
ACT-AD,ACT,HEALTH CENTER,August,YES,RURAL,651.0,2.0,72.0,267,1476.0,21.7,Overstock,68.0,6.0
PYRA-COMP,PYRA,HEALTH CENTER,November,NO,RURAL,1246.0,18.0,629.0,990,454.0,2.5,Low,185.0,1424.0
ACT-AD,ACT,HEALTH CENTER,November,NO,RURAL,2977.0,50.0,438.0,-13,1251.0,4.8,Adequate,260.0,10177.0
SP,SP,HEALTH CENTER,May,YES,RURAL,575.0,238.0,531.0,-91,739.0,1.8,Low,405.0,414.0
SP,SP,HEALTH CENTER,November,NO,URBAN,2838.0,0.0,628.0,12,2442.0,22.2,Overstock,110.0,26.0
QUIN,SP,HEALTH CENTER,November,NO,RURAL,224.0,0.0,58.0,102,465.0,232.5,Overstock,2.0,1.0
ACT-GC,ACT,HEALTH CENTER,November,NO,RURAL,261.0,0.0,214.0,744,580.0,12.9,Overstock,45.0,60.0
ART-SUP,ART,HEALTH CENTER,May,YES,URBAN,1018.0,0.0,231.0,113,614.0,6.1,Overstock,100.0,4.0
RDT,DIAG,HEALTH CENTER,February,NO,RURAL,2951.0,285.0,1008.0,-590,4178.0,6.4,Overstock,654.0,4742.0
PYRA-SAC,PYRA,HEALTH CENTER,May,YES,RURAL,387.0,8.0,4.0,-351,96.0,,Unknown,0.0,0.0
QUIN,SP,HEALTH CENTER,February,NO,URBAN,72.0,0.0,217.0,-482,41.0,0.7,Critical,57.0,1303.0
ACT-INF,ACT,HEALTH CENTER,August,YES,RURAL,567.0,2.0,652.0,56,952.0,1.7,Low,574.0,2251.0
RDT,DIAG,HEALTH CENTER,August,YES,RURAL,394.0,0.0,18.0,153,292.0,292.0,Overstock,1.0,0.0
PYRA-SAC,PYRA,HEALTH CENTER,May,YES,RURAL,3809.0,1926.0,863.0,417,2788.0,3.2,Adequate,884.0,145.0
ACT-INF,ACT,HOSPITAL,May,YES,RURAL,644.0,523.0,193.0,-912,446.0,2.2,Low,203.0,0.0
PYRA-COMP,PYRA,HEALTH CENTER,August,YES,URBAN,1048.0,428.0,348.0,324,715.0,2.0,Low,351.0,100.0
RDT,DIAG,HEALTH CENTER,May,YES,URBAN,3062.0,127.0,387.0,-302,6462.0,12.7,Overstock,507.0,0.0
ART-SUP,ART,HEALTH CENTER,May,YES,RURAL,234.0,0.0,36.0,396,202.0,28.9,Overstock,7.0,1.0
PYRA-SAC,PYRA,HEALTH CENTER,November,NO,RURAL,444.0,194.0,150.0,147,521.0,12.7,Overstock,41.0,2655.0
ITN,PREV,HEALTH CENTER,August,YES,RURAL,1412.0,17.0,641.0,383,1330.0,1.4,Low,938.0,343.0
ACT-INF,ACT,HEALTH CENTER,August,YES,RURAL,295.0,96.0,183.0,-376,506.0,1.6,Low,316.0,4365.0
ACT-INF,ACT,HEALTH CENTER,November,NO,RURAL,52.0,258.0,62.0,624,40.0,0.7,Critical,58.0,776.0
ACT-GC,ACT,HEALTH CENTER,February,NO,URBAN,425.0,2.0,62.0,-176,165.0,8.2,Overstock,20.0,4917.0
ACT-INF,ACT,HEALTH CENTER,May,YES,RURAL,503.0,28.0,303.0,203,483.0,3.0,Adequate,163.0,15.0
PYRA-SAC,PYRA,HOSPITAL,May,YES,RURAL,5228.0,2118.0,990.0,155,3042.0,10.9,Overstock,280.0,871.0
QUIN,SP,HEALTH CENTER,February,NO,RURAL,599.0,73.0,73.0,-881,453.0,3.5,Adequate,129.0,0.0
ITN,PREV,HOSPITAL,November,NO,URBAN,2977.0,393.0,206.0,-700,3257.0,41.2,Overstock,79.0,0.0
ACT-INF,ACT,HEALTH CENTER,November,NO,RURAL,2199.0,1.0,777.0,198,1677.0,2.0,Low,844.0,315.0
PYRA-COMP,PYRA,HEALTH CENTER,May,YES,URBAN,4367.0,1259.0,963.0,-195,3588.0,5.0,Adequate,712.0,728.0
ITN,PREV,HEALTH CENTER,February,NO,URBAN,5876.0,132.0,1676.0,553,4330.0,1.8,Low,2361.0,637.0
ACT-AD,ACT,HEALTH CENTER,November,NO,RURAL,1132.0,0.0,363.0,444,2030.0,5.7,Overstock,358.0,0.0
ACT-AD,ACT,HEALTH CENTER,November,NO,RURAL,1.0,796.0,58.0,-59,16.0,0.3,Critical,48.0,17.0
ART-INJ,ART,HEALTH CENTER,February,NO,RURAL,1406.0,153.0,291.0,-323,1314.0,4.1,Adequate,318.0,83.0
ACT-GC,ACT,HEALTH CENTER,May,YES,RURAL,903.0,18.0,548.0,-10,382.0,1.2,Low,332.0,31.0
PYRA-SAC,PYRA,HEALTH CENTER,August,YES,RURAL,343.0,1.0,100.0,-209,1295.0,6.3,Overstock,206.0,3062.0
ACT-GC,ACT,HEALTH CENTER,February,NO,RURAL,626.0,0.0,225.0,-606,232.0,1.4,Low,165.0,110.0
ART-SUP,ART,HEALTH CENTER,August,YES,RURAL,638.0,1.0,191.0,-681,191.0,4.9,Adequate,39.0,5.0
SP,SP,HEALTH CENTER,May,YES,RURAL,1684.0,0.0,295.0,251,3042.0,10.7,Overstock,284.0,1870.0
ART-INJ,ART,HEALTH CENTER,November,NO,RURAL,749.0,1260.0,688.0,495,2806.0,8.7,Overstock,321.0,5245.0
ACT-AD,ACT,HEALTH CENTER,August,YES,RURAL,5361.0,286.0,185.0,-75,4175.0,11.5,Overstock,362.0,72.0
QUIN,SP,HOSPITAL,May,YES,URBAN,682.0,2.0,291.0,8,2181.0,13.6,Overstock,160.0,491.0
PYRA-COMP,PYRA,HEALTH CENTER,February,NO,URBAN,360.0,22.0,405.0,457,692.0,1.7,Low,398.0,1611.0
ART-SUP,ART,HEALTH CENTER,November,NO,RURAL,3282.0,5.0,677.0,-253,1395.0,2.0,Low,687.0,1286.0
ACT-GC,ACT,HEALTH CENTER,May,YES,RURAL,2162.0,0.0,316.0,714,487.0,8.0,Overstock,61.0,0.0
ACT-GC,ACT,HEALTH CENTER,August,YES,RURAL,286.0,40.0,296.0,387,522.0,2.3,Low,226.0,4737.0
PYRA-COMP,PYRA,HEALTH CENTER,February,NO,RURAL,1137.0,4.0,197.0,-539,949.0,10.0,Overstock,95.0,4069.0
ART-SUP,ART,HEALTH CENTER,November,NO,RURAL,4688.0,1140.0,1158.0,471,7146.0,3.1,Adequate,2340.0,2108.0
ITN,PREV,HEALTH CENTER,November,NO,URBAN,0.0,1.0,3.0,631,2.0,2.0,Low,1.0,494.0
QUIN,SP,HEALTH CENTER,November,NO,RURAL,2762.0,0.0,300.0,-238,304.0,0.6,Critical,472.0,996.0
ITN,PREV,HEALTH CENTER,November,NO,RURAL,644.0,211.0,132.0,-343,1002.0,125.2,Overstock,8.0,17.0
ART-SUP,ART,HEALTH CENTER,November,NO,RURAL,3641.0,285.0,2521.0,524,4099.0,1.4,Low,2896.0,182.0
QUIN,SP,HOSPITAL,February,NO,RURAL,1876.0,45.0,277.0,108,1708.0,7.3,Overstock,235.0,11.0
ACT-INF,ACT,HEALTH CENTER,May,YES,URBAN,1778.0,415.0,1094.0,402,3372.0,4.7,Adequate,710.0,887.0
ART-INJ,ART,HEALTH CENTER,February,NO,RURAL,721.0,1.0,204.0,-704,211.0,1.0,Critical,214.0,30.0
PYRA-COMP,PYRA,HEALTH CENTER,February,NO,RURAL,3051.0,860.0,692.0,-558,1960.0,6.5,Overstock,300.0,806.0
ACT-SC,ACT,HEALTH CENTER,May,YES,URBAN,598.0,0.0,176.0,-600,233.0,1.4,Low,162.0,18.0
ART-SUP,ART,HEALTH CENTER,February,NO,RURAL,109.0,36.0,25.0,-82,268.0,22.3,Overstock,12.0,1891.0
PYRA-COMP,PYRA,HOSPITAL,February,NO,RURAL,1261.0,51.0,449.0,273,1671.0,2.2,Low,745.0,24.0
RDT,DIAG,HEALTH CENTER,August,YES,RURAL,333.0,0.0,124.0,-295,203.0,8.5,Overstock,24.0,0.0
ART-SUP,ART,HEALTH CENTER,May,YES,RURAL,653.0,25.0,42.0,83,532.0,10.6,Overstock,50.0,39.0
PYRA-COMP,PYRA,HEALTH CENTER,May,YES,URBAN,1348.0,7.0,284.0,-80,987.0,13.0,Overstock,76.0,0.0
PYRA-COMP,PYRA,HEALTH CENTER,November,NO,URBAN,36.0,0.0,27.0,654,67.0,5.2,Overstock,13.0,0.0
PYRA-SAC,PYRA,HEALTH CENTER,August,YES,RURAL,686.0,1933.0,691.0,-460,1592.0,2.6,Low,623.0,45.0
ACT-SC,ACT,HEALTH CENTER,May,YES,RURAL,51.0,341.0,11.0,-692,288.0,,Unknown,0.0,0.0
ART-SUP,ART,HEALTH CENTER,May,YES,RURAL,159.0,1447.0,234.0,369,416.0,3.6,Adequate,115.0,0.0
ACT-AD,ACT,HEALTH CENTER,February,NO,URBAN,205.0,75.0,200.0,509,464.0,3.3,Adequate,141.0,142.0
ACT-INF,ACT,HEALTH CENTER,May,YES,RURAL,527.0,47.0,434.0,52,761.0,5.4,Overstock,140.0,1475.0
QUIN,SP,HEALTH CENTER,August,YES,RURAL,135.0,117.0,172.0,35,358.0,5.7,Overstock,63.0,261.0
ITN,PREV,HEALTH CENTER,February,NO,RURAL,364.0,44.0,191.0,89,851.0,3.3,Adequate,261.0,545.0
ITN,PREV,HOSPITAL,August,YES,RURAL,228.0,3.0,127.0,24,421.0,26.3,Overstock,16.0,35.0
PYRA-COMP,PYRA,HEALTH CENTER,February,NO,RURAL,5292.0,82.0,1675.0,-188,7355.0,3.3,Adequate,2217.0,2271.0
PYRA-COMP,PYRA,HOSPITAL,May,YES,RURAL,185.0,122.0,638.0,530,178.0,0.3,Critical,586.0,23.0
ACT-AD,ACT,HEALTH CENTER,May,YES,URBAN,1046.0,237.0,619.0,853,1130.0,2.6,Low,434.0,1166.0
ACT-SC,ACT,HEALTH CENTER,August,YES,RURAL,2011.0,382.0,323.0,-318,1124.0,1.9,Low,607.0,2868.0
PYRA-SAC,PYRA,HEALTH CENTER,August,YES,RURAL,156.0,351.0,232.0,-90,365.0,19.2,Overstock,19.0,0.0
ACT-SC,ACT,HEALTH CENTER,November,NO,URBAN,83.0,0.0,11.0,-723,20.0,3.3,Adequate,6.0,20.0
ART-SUP,ART,HEALTH CENTER,August,YES,RURAL,210.0,49.0,351.0,-131,476.0,3.0,Adequate,157.0,6844.0
PYRA-COMP,PYRA,HEALTH CENTER,November,NO,URBAN,123.0,95.0,39.0,-132,111.0,27.8,Overstock,4.0,0.0
ACT-AD,ACT,HOSPITAL,February,NO,URBAN,1349.0,539.0,79.0,661,748.0,5.3,Overstock,140.0,1.0
QUIN,SP,HEALTH CENTER,May,YES,RURAL,2797.0,2.0,272.0,560,2593.0,15.0,Overstock,173.0,0.0
QUIN,SP,HEALTH CENTER,November,NO,URBAN,96.0,0.0,77.0,-103,215.0,6.9,Overstock,31.0,0.0
RDT,DIAG,HEALTH CENTER,May,YES,URBAN,287.0,64.0,52.0,-98,38.0,4.2,Adequate,9.0,585.0
SP,SP,HEALTH CENTER,November,NO,RURAL,1594.0,1.0,152.0,-222,1587.0,18.9,Overstock,84.0,1.0
SP,SP,HEALTH CENTER,February,NO,RURAL,881.0,0.0,28.0,398,491.0,18.2,Overstock,27.0,0.0
ACT-SC,ACT,HEALTH CENTER,February,NO,URBAN,1447.0,0.0,43.0,-223,2098.0,15.8,Overstock,133.0,1.0
ACT-SC,ACT,HEALTH CENTER,August,YES,RURAL,5301.0,36.0,1173.0,-59,2242.0,5.2,Overstock,429.0,0.0
ART-SUP,ART,HOSPITAL,November,NO,RURAL,2523.0,440.0,358.0,478,4673.0,22.4,Overstock,209.0,174.0
ACT-AD,ACT,HEALTH CENTER,August,YES,RURAL,394.0,4.0,240.0,-419,675.0,5.0,Adequate,135.0,669.0
PYRA-SAC,PYRA,HEALTH CENTER,November,NO,RURAL,3463.0,1023.0,436.0,131,3341.0,10.9,Overstock,307.0,66.0
ITN,PREV,HEALTH CENTER,November,NO,URBAN,16.0,0.0,8.0,530,13.0,13.0,Overstock,1.0,169.0
PYRA-COMP,PYRA,HEALTH CENTER,May,YES,URBAN,4072.0,48.0,263.0,-593,1083.0,11.4,Overstock,95.0,56.0
ITN,PREV,HEALTH CENTER,February,NO,RURAL,131.0,0.0,65.0,505,170.0,6.5,Overstock,26.0,0.0
ACT-AD,ACT,HEALTH CENTER,August,YES,URBAN,859.0,237.0,254.0,-187,908.0,34.9,Overstock,26.0,140.0
ART-INJ,ART,HEALTH CENTER,February,NO,URBAN,1024.0,2742.0,419.0,204,4000.0,13.1,Overstock,305.0,4.0
QUIN,SP,HEALTH CENTER,August,YES,URBAN,615.0,0.0,402.0,-713,588.0,6.9,Overstock,85.0,34.0
RDT,DIAG,HEALTH CENTER,February,NO,RURAL,613.0,0.0,888.0,-300,1262.0,3.0,Adequate,418.0,2947.0
ART-INJ,ART,HEALTH CENTER,August,YES,RURAL,967.0,25.0,221.0,121,952.0,4.5,Adequate,210.0,581.0
PYRA-COMP,PYRA,HEALTH CENTER,February,NO,URBAN,1229.0,42.0,265.0,-17,1201.0,4.9,Adequate,246.0,5257.0
ART-INJ,ART,HEALTH CENTER,November,NO,RURAL,3225.0,3.0,732.0,-455,2033.0,2.5,Low,815.0,7.0
ITN,PREV,HEALTH CENTER,November,NO,RURAL,2450.0,114.0,406.0,-237,2124.0,13.5,Overstock,157.0,510.0
ITN,PREV,HEALTH CENTER,February,NO,RURAL,4085.0,4.0,1498.0,-1067,4384.0,4.9,Adequate,888.0,1365.0
PYRA-SAC,PYRA,HEALTH CENTER,November,NO,RURAL,429.0,246.0,173.0,209,154.0,6.7,Overstock,23.0,70.0
ART-SUP,ART,HEALTH CENTER,May,YES,RURAL,2139.0,45.0,470.0,-386,1408.0,2.5,Low,566.0,12468.0
ACT-INF,ACT,HOSPITAL,November,NO,URBAN,112.0,77.0,65.0,-656,363.0,51.9,Overstock,7.0,5.0
QUIN,SP,HEALTH CENTER,February,NO,RURAL,3118.0,0.0,237.0,194,2457.0,21.9,Overstock,112.0,0.0
PYRA-COMP,PYRA,HEALTH CENTER,August,YES,URBAN,37.0,47.0,67.0,-244,629.0,9.0,Overstock,70.0,7.0
ART-SUP,ART,HEALTH CENTER,February,NO,RURAL,239.0,5542.0,251.0,-91,880.0,9.3,Overstock,95.0,0.0
ART-INJ,ART,HEALTH CENTER,August,YES,RURAL,185.0,0.0,137.0,64,157.0,0.9,Critical,174.0,0.0
ACT-INF,ACT,HEALTH CENTER,February,NO,RURAL,1772.0,49.0,614.0,230,383.0,0.7,Critical,582.0,5224.0
ITN,PREV,HEALTH CENTER,May,YES,RURAL,817.0,22.0,573.0,392,446.0,1.1,Low,411.0,748.0
ART-SUP,ART,HEALTH CENTER,February,NO,RURAL,324.0,233.0,23.0,-229,350.0,14.6,Overstock,24.0,1.0
RDT,DIAG,HEALTH CENTER,February,NO,RURAL,1187.0,375.0,626.0,-314,1050.0,3.3,Adequate,321.0,1776.0
RDT,DIAG,HEALTH CENTER,February,NO,RURAL,1183.0,0.0,211.0,-544,384.0,2.7,Low,142.0,7.0
ITN,PREV,HEALTH CENTER,February,NO,RURAL,32.0,14.0,15.0,78,32.0,5.3,Overstock,6.0,29.0
ITN,PREV,HEALTH CENTER,May,YES,URBAN,1034.0,0.0,94.0,150,305.0,2.8,Low,109.0,0.0
RDT,DIAG,HEALTH CENTER,February,NO,RURAL,2332.0,659.0,468.0,626,2687.0,9.2,Overstock,291.0,1020.0
QUIN,SP,HEALTH CENTER,May,YES,RURAL,104.0,0.0,29.0,-692,27.0,5.4,Overstock,5.0,305.0
ACT-AD,ACT,HEALTH CENTER,August,YES,RURAL,22.0,0.0,0.0,-295,166.0,,Unknown,0.0,0.0
ART-SUP,ART,HEALTH CENTER,May,YES,RURAL,44.0,0.0,156.0,543,78.0,1.3,Low,62.0,2.0
ITN,PREV,HEALTH CENTER,August,YES,URBAN,3067.0,2366.0,857.0,-135,5616.0,5.1,Overstock,1101.0,14.0
PYRA-SAC,PYRA,HEALTH CENTER,August,YES,RURAL,706.0,2.0,41.0,-35,223.0,3.0,Adequate,74.0,2.0
QUIN,SP,HEALTH CENTER,May,YES,URBAN,123.0,48.0,62.0,330,205.0,14.6,Overstock,14.0,0.0
SP,SP,HEALTH CENTER,August,YES,URBAN,923.0,193.0,743.0,-300,2447.0,5.4,Overstock,449.0,174.0
ACT-SC,ACT,HEALTH CENTER,February,NO,RURAL,1036.0,8.0,158.0,-55,1384.0,9.9,Overstock,140.0,0.0
ACT-AD,ACT,HOSPITAL,August,YES,RURAL,403.0,126.0,203.0,-340,139.0,1.1,Low,124.0,3172.0
ART-INJ,ART,HEALTH CENTER,February,NO,URBAN,505.0,35.0,507.0,-146,284.0,2.0,Low,142.0,4046.0
ART-INJ,ART,HEALTH CENTER,November,NO,RURAL,1617.0,7.0,41.0,-362,248.0,3.8,Adequate,66.0,0.0
RDT,DIAG,HEALTH CENTER,May,YES,RURAL,154.0,667.0,44.0,151,350.0,25.0,Overstock,14.0,34.0
ACT-AD,ACT,HEALTH CENTER,November,NO,RURAL,523.0,132.0,282.0,303,787.0,2.9,Low,273.0,527.0
PYRA-COMP,PYRA,HEALTH CENTER,February,NO,RURAL,2149.0,1149.0,425.0,-126,3647.0,11.6,Overstock,314.0,1.0
ACT-GC,ACT,HEALTH CENTER,May,YES,RURAL,5697.0,247.0,364.0,362,3232.0,35.9,Overstock,90.0,17.0
ACT-INF,ACT,HEALTH CENTER,August,YES,URBAN,2035.0,823.0,714.0,-254,2042.0,13.5,Overstock,151.0,1.0
ACT-INF,ACT,HEALTH CENTER,February,NO,RURAL,190.0,0.0,175.0,-320,123.0,3.4,Adequate,36.0,62.0
QUIN,SP,HEALTH CENTER,August,YES,RURAL,1014.0,209.0,202.0,290,1184.0,6.0,Overstock,196.0,0.0
PYRA-SAC,PYRA,HEALTH CENTER,May,YES,URBAN,72.0,622.0,45.0,87,82.0,1.4,Low,58.0,0.0
ACT-AD,ACT,HEALTH CENTER,November,NO,URBAN,757.0,0.0,128.0,903,1156.0,17.5,Overstock,66.0,410.0
ACT-INF,ACT,HEALTH CENTER,November,NO,RURAL,445.0,0.0,262.0,-863,123.0,0.4,Critical,279.0,1451.0
ART-INJ,ART,HEALTH CENTER,February,NO,RURAL,2559.0,83.0,803.0,-125,3343.0,6.9,Overstock,485.0,5143.0
QUIN,SP,HEALTH CENTER,November,NO,RURAL,1.0,2.0,2.0,305,3.0,3.0,Adequate,1.0,254.0
ACT-GC,ACT,HEALTH CENTER,August,YES,RURAL,4519.0,37.0,223.0,27,1054.0,3.8,Adequate,277.0,246.0
SP,SP,HEALTH CENTER,May,YES,URBAN,1513.0,19.0,1160.0,123,1945.0,2.7,Low,711.0,2359.0
SP,SP,HEALTH CENTER,February,NO,RURAL,48.0,1.0,17.0,-310,40.0,40.0,Overstock,1.0,76.0
ART-SUP,ART,HEALTH CENTER,November,NO,RURAL,722.0,4.0,151.0,-79,855.0,12.8,Overstock,67.0,625.0
PYRA-SAC,PYRA,HEALTH CENTER,February,NO,URBAN,780.0,9.0,19.0,-198,1425.0,356.2,Overstock,4.0,13.0
PYRA-COMP,PYRA,HEALTH CENTER,August,YES,URBAN,155.0,327.0,237.0,-724,1116.0,8.0,Overstock,139.0,1080.0
SP,SP,HEALTH CENTER,May,YES,RURAL,3048.0,12.0,253.0,-496,1489.0,4.9,Adequate,301.0,29.0
ACT-GC,ACT,HEALTH CENTER,November,NO,RURAL,854.0,548.0,218.0,-160,966.0,10.0,Overstock,97.0,3.0
ART-INJ,ART,HEALTH CENTER,May,YES,RURAL,324.0,11.0,14.0,-781,72.0,3.4,Adequate,21.0,0.0
SP,SP,HEALTH CENTER,February,NO,RURAL,7.0,0.0,17.0,621,24.0,24.0,Overstock,1.0,3.0
ACT-AD,ACT,HOSPITAL,August,YES,RURAL,1766.0,65.0,281.0,-191,1335.0,5.5,Overstock,243.0,355.0
ART-INJ,ART,HEALTH CENTER,February,NO,URBAN,2004.0,11.0,611.0,323,1559.0,5.1,Overstock,303.0,2948.0
SP,SP,HEALTH CENTER,February,NO,RURAL,933.0,554.0,249.0,-118,922.0,2.5,Low,369.0,437.0
RDT,DIAG,HEALTH CENTER,February,NO,RURAL,1442.0,171.0,398.0,773,2384.0,15.1,Overstock,158.0,0.0
PYRA-SAC,PYRA,HEALTH CENTER,May,YES,RURAL,615.0,15.0,478.0,-352,1544.0,5.4,Overstock,285.0,10.0
ART-INJ,ART,HEALTH CENTER,August,YES,RURAL,408.0,0.0,32.0,-292,606.0,15.9,Overstock,38.0,0.0
ART-SUP,ART,HEALTH CENTER,November,NO,URBAN,1034.0,1.0,51.0,-174,1189.0,24.8,Overstock,48.0,0.0
ACT-SC,ACT,HEALTH CENTER,August,YES,RURAL,2398.0,104.0,727.0,418,3590.0,11.3,Overstock,318.0,16.0
ITN,PREV,HEALTH CENTER,November,NO,URBAN,110.0,35.0,96.0,-405,17.0,0.4,Critical,43.0,1510.0
ACT-INF,ACT,HEALTH CENTER,February,NO,RURAL,2648.0,119.0,230.0,575,4562.0,55.0,Overstock,83.0,0.0
QUIN,SP,HOSPITAL,May,YES,RURAL,322.0,2.0,54.0,346,1512.0,8.6,Overstock,176.0,118.0
QUIN,SP,HEALTH CENTER,May,YES,URBAN,23.0,153.0,134.0,278,414.0,8.6,Overstock,48.0,1851.0
SP,SP,HEALTH CENTER,November,NO,RURAL,2842.0,65.0,406.0,601,3610.0,13.4,Overstock,269.0,0.0
ART-SUP,ART,HEALTH CENTER,May,YES,RURAL,1422.0,325.0,405.0,698,3136.0,8.1,Overstock,386.0,0.0
ACT-AD,ACT,HEALTH CENTER,May,YES,RURAL,2439.0,183.0,486.0,-335,2174.0,3.8,Adequate,576.0,25.0
ITN,PREV,HEALTH CENTER,May,YES,RURAL,168.0,25.0,11.0,44,144.0,72.0,Overstock,2.0,0.0
ACT-SC,ACT,HEALTH CENTER,May,YES,URBAN,114.0,43.0,55.0,152,1256.0,32.2,Overstock,39.0,263.0
RDT,DIAG,HEALTH CENTER,February,NO,RURAL,67.0,0.0,3.0,101,7.0,,Unknown,0.0,8.0
PYRA-COMP,PYRA,HEALTH CENTER,February,NO,RURAL,77.0,0.0,111.0,156,268.0,5.6,Overstock,48.0,0.0
ACT-SC,ACT,HEALTH CENTER,November,NO,RURAL,459.0,18.0,114.0,392,638.0,10.0,Overstock,64.0,213.0
ART-SUP,ART,HOSPITAL,May,YES,URBAN,298.0,86.0,65.0,189,268.0,7.9,Overstock,34.0,355.0
ART-INJ,ART,HEALTH CENTER,August,YES,URBAN,218.0,696.0,63.0,-465,770.0,385.0,Overstock,2.0,0.0
PYRA-SAC,PYRA,HEALTH CENTER,May,YES,URBAN,2303.0,1747.0,487.0,-242,1954.0,13.0,Overstock,150.0,0.0
ACT-GC,ACT,HEALTH CENTER,November,NO,RURAL,2.0,0.0,3.0,-2,9.0,,Unknown,0.0,7.0
QUIN,SP,HEALTH CENTER,August,YES,URBAN,157.0,0.0,92.0,532,71.0,2.4,Low,29.0,0.0
ART-SUP,ART,HEALTH CENTER,May,YES,URBAN,580.0,0.0,156.0,-53,287.0,2.4,Low,119.0,222.0
RDT,DIAG,HEALTH CENTER,August,YES,RURAL,68.0,159.0,78.0,-60,222.0,3.2,Adequate,70.0,2.0
ACT-SC,ACT,HEALTH CENTER,November,NO,RURAL,86.0,2.0,0.0,-246,137.0,,Unknown,0.0,0.0
ACT-GC,ACT,HEALTH CENTER,November,NO,RURAL,324.0,5.0,103.0,-93,351.0,70.2,Overstock,5.0,2086.0
ART-SUP,ART,HEALTH CENTER,May,YES,RURAL,235.0,18.0,283.0,126,1095.0,4.5,Adequate,244.0,5.0
ACT-GC,ACT,HEALTH CENTER,May,YES,RURAL,260.0,1.0,66.0,235,706.0,2.3,Low,304.0,412.0
ACT-INF,ACT,HEALTH CENTER,May,YES,RURAL,61.0,1.0,36.0,-67,34.0,3.1,Adequate,11.0,20.0
QUIN,SP,HEALTH CENTER,May,YES,RURAL,1871.0,0.0,572.0,384,1387.0,2.9,Low,476.0,27.0
PYRA-SAC,PYRA,HOSPITAL,November,NO,URBAN,216.0,1622.0,43.0,-373,1600.0,800.0,Overstock,2.0,0.0
RDT,DIAG,HEALTH CENTER,November,NO,URBAN,365.0,1.0,107.0,-537,492.0,2.6,Low,191.0,0.0
ART-SUP,ART,HEALTH CENTER,February,NO,RURAL,14.0,10.0,24.0,814,102.0,3.4,Adequate,30.0,101.0
QUIN,SP,HEALTH CENTER,May,YES,URBAN,87.0,0.0,9.0,-389,21.0,7.0,Overstock,3.0,0.0
PYRA-COMP,PYRA,HEALTH CENTER,November,NO,URBAN,295.0,450.0,102.0,-415,1798.0,17.0,Overstock,106.0,0.0
PYRA-COMP,PYRA,HEALTH CENTER,February,NO,RURAL,1318.0,74.0,943.0,12,2140.0,4.2,Adequate,514.0,1585.0
SP,SP,HOSPITAL,May,YES,RURAL,2909.0,573.0,696.0,183,3318.0,5.9,Overstock,558.0,202.0
ART-SUP,ART,HEALTH CENTER,August,YES,URBAN,1400.0,1545.0,357.0,-682,2009.0,16.9,Overstock,119.0,0.0
ART-INJ,ART,HEALTH CENTER,February,NO,RURAL,1125.0,90.0,291.0,-171,283.0,1.1,Low,252.0,44.0
ART-INJ,ART,HEALTH CENTER,February,NO,URBAN,4189.0,256.0,1230.0,-585,2339.0,1.6,Low,1471.0,9814.0
ART-SUP,ART,HEALTH CENTER,August,YES,RURAL,85.0,0.0,39.0,311,5.0,0.1,Critical,82.0,147.0
QUIN,SP,HEALTH CENTER,February,NO,URBAN,7.0,1.0,16.0,342,18.0,1.6,Low,11.0,3.0
QUIN,SP,HEALTH CENTER,November,NO,URBAN,2397.0,3.0,309.0,-214,979.0,6.6,Overstock,148.0,162.0
QUIN,SP,HEALTH CENTER,August,YES,RURAL,1193.0,309.0,238.0,65,902.0,13.7,Overstock,66.0,2.0
SP,SP,HEALTH CENTER,February,NO,RURAL,839.0,0.0,137.0,-258,510.0,28.3,Overstock,18.0,0.0
PYRA-SAC,PYRA,HEALTH CENTER,February,NO,RURAL,480.0,958.0,832.0,112,1343.0,2.4,Low,558.0,1144.0
ITN,PREV,HEALTH CENTER,May,YES,RURAL,425.0,5.0,38.0,-547,837.0,6.4,Overstock,130.0,69.0
SP,SP,HEALTH CENTER,May,YES,RURAL,842.0,0.0,159.0,273,491.0,5.5,Overstock,89.0,1120.0
ART-INJ,ART,HEALTH CENTER,February,NO,RURAL,643.0,4.0,332.0,-429,1739.0,5.1,Overstock,343.0,11980.0
PYRA-COMP,PYRA,HEALTH CENTER,May,YES,RURAL,659.0,53.0,467.0,10,734.0,2.5,Low,295.0,1.0
ITN,PREV,HEALTH CENTER,November,NO,RURAL,191.0,0.0,28.0,996,540.0,25.7,Overstock,21.0,0.0
ACT-INF,ACT,HEALTH CENTER,February,NO,URBAN,945.0,251.0,505.0,465,1159.0,4.3,Adequate,270.0,2.0
ART-INJ,ART,HEALTH CENTER,February,NO,RURAL,687.0,0.0,99.0,-68,1528.0,8.3,Overstock,183.0,101.0
PYRA-COMP,PYRA,HEALTH CENTER,August,YES,RURAL,307.0,583.0,83.0,-797,785.0,43.6,Overstock,18.0,4.0
PYRA-SAC,PYRA,HEALTH CENTER,November,NO,RURAL,4329.0,14.0,425.0,-267,1570.0,7.5,Overstock,209.0,0.0
ART-INJ,ART,HEALTH CENTER,May,YES,RURAL,647.0,0.0,85.0,-592,416.0,9.9,Overstock,42.0,191.0
ITN,PREV,HEALTH CENTER,August,YES,RURAL,792.0,2.0,168.0,72,1141.0,4.8,Adequate,237.0,292.0
ITN,PREV,HEALTH CENTER,November,NO,RURAL,7557.0,9.0,744.0,-43,2152.0,8.3,Overstock,259.0,2306.0
QUIN,SP,HEALTH CENTER,February,NO,RURAL,991.0,31.0,317.0,-167,1642.0,6.6,Overstock,248.0,37.0
SP,SP,HEALTH CENTER,August,YES,RURAL,1354.0,12.0,480.0,400,501.0,2.3,Low,222.0,8.0
SP,SP,HOSPITAL,August,YES,RURAL,93.0,0.0,114.0,-257,13.0,0.1,Critical,142.0,2405.0
PYRA-SAC,PYRA,HEALTH CENTER,November,NO,RURAL,289.0,0.0,53.0,-432,136.0,0.6,Critical,219.0,105.0
ACT-AD,ACT,HEALTH CENTER,August,YES,RURAL,1076.0,66.0,142.0,-91,1082.0,25.8,Overstock,42.0,0.0
QUIN,SP,HEALTH CENTER,February,NO,URBAN,599.0,1806.0,236.0,554,1168.0,8.7,Overstock,135.0,1364.0
ART-INJ,ART,HEALTH CENTER,May,YES,RURAL,358.0,53.0,193.0,167,259.0,7.4,Overstock,35.0,32.0
ART-INJ,ART,HEALTH CENTER,November,NO,RURAL,850.0,1.0,155.0,-33,493.0,4.2,Adequate,117.0,1.0
PYRA-SAC,PYRA,HEALTH CENTER,February,NO,RURAL,26.0,21.0,53.0,149,103.0,0.6,Critical,163.0,703.0
ACT-GC,ACT,HEALTH CENTER,August,YES,RURAL,108.0,0.0,97.0,-282,212.0,2.2,Low,95.0,0.0
ITN,PREV,HEALTH CENTER,August,YES,RURAL,3552.0,580.0,461.0,-8,3829.0,3.1,Adequate,1251.0,81.0
PYRA-COMP,PYRA,HEALTH CENTER,November,NO,URBAN,3214.0,1.0,757.0,-692,1526.0,1.3,Low,1187.0,10589.0
ITN,PREV,HEALTH CENTER,February,NO,RURAL,24.0,67.0,138.0,528,893.0,18.6,Overstock,48.0,4.0
RDT,DIAG,HEALTH CENTER,August,YES,URBAN,2.0,0.0,0.0,139,4.0,,Unknown,0.0,0.0
ACT-SC,ACT,HEALTH CENTER,August,YES,RURAL,1364.0,0.0,359.0,-506,334.0,1.6,Low,210.0,0.0
ACT-AD,ACT,HEALTH CENTER,May,YES,RURAL,193.0,0.0,26.0,272,23.0,23.0,Overstock,1.0,3.0
ACT-GC,ACT,HEALTH CENTER,August,YES,RURAL,163.0,2.0,165.0,-166,99.0,0.4,Critical,257.0,0.0
ACT-SC,ACT,HEALTH CENTER,February,NO,URBAN,230.0,232.0,290.0,-1,1343.0,6.2,Overstock,215.0,1413.0
SP,SP,HOSPITAL,November,NO,RURAL,2262.0,49.0,197.0,-549,2642.0,33.4,Overstock,79.0,0.0
ITN,PREV,HEALTH CENTER,August,YES,RURAL,871.0,1307.0,314.0,44,874.0,1.5,Low,564.0,3.0
ITN,PREV,HEALTH CENTER,May,YES,RURAL,267.0,90.0,170.0,211,73.0,4.1,Adequate,18.0,0.0
QUIN,SP,HEALTH CENTER,August,YES,RURAL,7.0,0.0,17.0,-704,2.0,0.7,Critical,3.0,265.0
ITN,PREV,HEALTH CENTER,February,NO,URBAN,1490.0,4.0,210.0,-377,1820.0,14.1,Overstock,129.0,0.0
ACT-SC,ACT,HEALTH CENTER,August,YES,RURAL,50.0,0.0,8.0,1250,37.0,18.5,Overstock,2.0,0.0
RDT,DIAG,HEALTH CENTER,February,NO,URBAN,2327.0,1.0,429.0,49,2052.0,7.2,Overstock,286.0,162.0
ART-INJ,ART,HEALTH CENTER,May,YES,URBAN,127.0,0.0,68.0,410,1181.0,4.5,Adequate,262.0,108.0
ACT-SC,ACT,HEALTH CENTER,November,NO,RURAL,356.0,16.0,76.0,0,892.0,10.5,Overstock,85.0,2.0
PYRA-SAC,PYRA,HEALTH CENTER,August,YES,RURAL,367.0,1.0,238.0,121,248.0,2.8,Low,88.0,11136.0
ART-INJ,ART,HEALTH CENTER,February,NO,RURAL,1673.0,1173.0,353.0,310,1498.0,9.1,Overstock,165.0,30.0
ACT-AD,ACT,HEALTH CENTER,February,NO,RURAL,178.0,11.0,83.0,-816,517.0,3.0,Adequate,175.0,254.0
ITN,PREV,HEALTH CENTER,February,NO,RURAL,371.0,214.0,186.0,329,340.0,6.2,Overstock,55.0,2308.0
SP,SP,HOSPITAL,August,YES,URBAN,1813.0,0.0,414.0,-106,1391.0,4.7,Adequate,296.0,1.0
ART-SUP,ART,HEALTH CENTER,November,NO,RURAL,1304.0,7.0,746.0,-374,1477.0,5.7,Overstock,261.0,767.0
ART-INJ,ART,HEALTH CENTER,May,YES,RURAL,1581.0,502.0,479.0,476,2408.0,9.1,Overstock,266.0,169.0
QUIN,SP,HEALTH CENTER,February,NO,RURAL,20.0,2.0,13.0,-20,20.0,1.2,Low,16.0,77.0
ACT-SC,ACT,HEALTH CENTER,February,NO,URBAN,743.0,0.0,497.0,-165,68.0,0.2,Critical,356.0,3387.0
PYRA-SAC,PYRA,HEALTH CENTER,November,NO,RURAL,1433.0,1822.0,1207.0,-20,747.0,0.8,Critical,967.0,2651.0
ITN,PREV,HEALTH CENTER,February,NO,RURAL,2920.0,553.0,953.0,-120,5193.0,4.4,Adequate,1169.0,2.0
ACT-SC,ACT,HEALTH CENTER,August,YES,RURAL,148.0,37.0,141.0,-478,215.0,1.7,Low,125.0,0.0
ACT-INF,ACT,HEALTH CENTER,November,NO,URBAN,107.0,100.0,52.0,-174,40.0,2.5,Low,16.0,1777.0
ART-SUP,ART,HEALTH CENTER,November,NO,RURAL,12750.0,838.0,2457.0,-68,10233.0,3.2,Adequate,3188.0,131.0
QUIN,SP,HOSPITAL,November,NO,RURAL,3782.0,134.0,782.0,-15,5186.0,16.3,Overstock,319.0,9.0
ITN,PREV,HEALTH CENTER,May,YES,RURAL,2843.0,337.0,901.0,688,1946.0,2.6,Low,742.0,2538.0
ACT-GC,ACT,HOSPITAL,August,YES,URBAN,845.0,94.0,412.0,-40,769.0,2.8,Low,273.0,6341.0
QUIN,SP,HEALTH CENTER,February,NO,URBAN,246.0,349.0,114.0,455,1567.0,10.4,Overstock,151.0,1866.0
QUIN,SP,HEALTH CENTER,February,NO,RURAL,490.0,0.0,640.0,99,381.0,0.6,Critical,629.0,4124.0
ACT-AD,ACT,HEALTH CENTER,May,YES,RURAL,609.0,111.0,261.0,1032,1433.0,9.5,Overstock,151.0,204.0
ACT-INF,ACT,HEALTH CENTER,August,YES,RURAL,1503.0,2.0,471.0,-27,686.0,3.1,Adequate,220.0,1.0
PYRA-SAC,PYRA,HOSPITAL,August,YES,RURAL,174.0,3.0,34.0,-345,61.0,3.0,Adequate,20.0,1.0
ACT-SC,ACT,HEALTH CENTER,May,YES,URBAN,1279.0,3.0,79.0,-395,643.0,10.2,Overstock,63.0,1235.0
ACT-AD,ACT,HEALTH CENTER,November,NO,RURAL,606.0,19.0,334.0,2,336.0,25.8,Overstock,13.0,235.0
ACT-SC,ACT,HEALTH CENTER,February,NO,RURAL,1637.0,89.0,287.0,138,1786.0,4.7,Adequate,384.0,8.0
PYRA-SAC,PYRA,HOSPITAL,November,NO,RURAL,798.0,1474.0,143.0,-119,1150.0,12.5,Overstock,92.0,731.0
SP,SP,HEALTH CENTER,May,YES,RURAL,104.0,0.0,40.0,-399,108.0,3.0,Adequate,36.0,0.0
ACT-AD,ACT,HEALTH CENTER,August,YES,RURAL,2502.0,0.0,482.0,753,2641.0,23.8,Overstock,111.0,0.0
ACT-AD,ACT,HEALTH CENTER,February,NO,RURAL,1052.0,728.0,947.0,436,579.0,1.2,Low,495.0,13542.0
RDT,DIAG,HEALTH CENTER,February,NO,RURAL,194.0,78.0,132.0,231,218.0,2.0,Low,108.0,3950.0
ITN,PREV,HEALTH CENTER,May,YES,URBAN,4.0,0.0,12.0,152,140.0,20.0,Overstock,7.0,105.0
ACT-GC,ACT,HEALTH CENTER,May,YES,RURAL,466.0,0.0,39.0,32,442.0,88.4,Overstock,5.0,13.0
RDT,DIAG,HEALTH CENTER,May,YES,RURAL,3.0,43.0,0.0,68,19.0,,Unknown,0.0,0.0
SP,SP,HEALTH CENTER,May,YES,RURAL,1784.0,14.0,273.0,-405,1560.0,7.9,Overstock,197.0,45.0
ACT-AD,ACT,HEALTH CENTER,August,YES,RURAL,813.0,1429.0,441.0,446,1875.0,25.3,Overstock,74.0,20.0
QUIN,SP,HEALTH CENTER,August,YES,RURAL,1063.0,0.0,19.0,42,994.0,45.2,Overstock,22.0,0.0
ACT-AD,ACT,HEALTH CENTER,May,YES,RURAL,37.0,0.0,1.0,-79,3.0,1.5,Low,2.0,730.0
ITN,PREV,HEALTH CENTER,May,YES,URBAN,1157.0,11.0,1299.0,874,905.0,3.0,Adequate,304.0,80.0
ACT-INF,ACT,HEALTH CENTER,February,NO,URBAN,1290.0,0.0,134.0,-539,2581.0,22.4,Overstock,115.0,0.0
ART-INJ,ART,HEALTH CENTER,February,NO,URBAN,1367.0,1.0,382.0,-157,1039.0,3.0,Adequate,347.0,506.0
ART-INJ,ART,HEALTH CENTER,November,NO,RURAL,5749.0,2065.0,1049.0,449,4577.0,4.9,Adequate,932.0,5112.0
ITN,PREV,HEALTH CENTER,August,YES,RURAL,1920.0,19.0,496.0,568,2537.0,15.6,Overstock,163.0,209.0
ART-SUP,ART,HEALTH CENTER,May,YES,RURAL,611.0,0.0,69.0,-226,441.0,2.4,Low,181.0,10839.0
PYRA-SAC,PYRA,HEALTH CENTER,February,NO,RURAL,150.0,215.0,75.0,301,409.0,102.2,Overstock,4.0,2.0
ACT-GC,ACT,HEALTH CENTER,November,NO,RURAL,5720.0,0.0,786.0,192,2013.0,6.7,Overstock,300.0,5373.0
ART-SUP,ART,HOSPITAL,August,YES,RURAL,3932.0,33.0,443.0,89,3477.0,7.2,Overstock,483.0,23.0
RDT,DIAG,HEALTH CENTER,August,YES,URBAN,2088.0,709.0,874.0,628,3339.0,5.1,Overstock,650.0,4886.0
ART-INJ,ART,HEALTH CENTER,November,NO,URBAN,0.0,0.0,5.0,548,39.0,5.6,Overstock,7.0,75.0
ACT-GC,ACT,HEALTH CENTER,August,YES,RURAL,10.0,1.0,100.0,91,15.0,0.1,Critical,197.0,1124.0
ACT-AD,ACT,HEALTH CENTER,May,YES,RURAL,669.0,2.0,262.0,-131,190.0,1.8,Low,104.0,584.0
ACT-GC,ACT,HEALTH CENTER,November,NO,URBAN,1009.0,739.0,183.0,-742,206.0,1.7,Low,121.0,1.0
ACT-INF,ACT,HEALTH CENTER,August,YES,RURAL,7765.0,68.0,1281.0,175,7258.0,11.0,Overstock,657.0,0.0
PYRA-COMP,PYRA,HEALTH CENTER,November,NO,RURAL,11.0,0.0,39.0,173,24.0,4.8,Adequate,5.0,42.0
QUIN,SP,HEALTH CENTER,February,NO,RURAL,274.0,1.0,101.0,-317,443.0,6.3,Overstock,70.0,3.0
ITN,PREV,HEALTH CENTER,November,NO,RURAL,753.0,218.0,329.0,0,2513.0,12.6,Overstock,199.0,243.0
PYRA-SAC,PYRA,HEALTH CENTER,August,YES,URBAN,148.0,238.0,17.0,-28,28.0,2.5,Low,11.0,124.0
PYRA-SAC,PYRA,HEALTH CENTER,May,YES,RURAL,36.0,0.0,18.0,94,3.0,1.5,Low,2.0,919.0
ITN,PREV,HEALTH CENTER,May,YES,URBAN,396.0,1438.0,54.0,-506,1020.0,56.7,Overstock,18.0,1.0
PYRA-SAC,PYRA,HEALTH CENTER,November,NO,RURAL,1134.0,156.0,64.0,-615,705.0,8.6,Overstock,82.0,11.0
ART-SUP,ART,HEALTH CENTER,May,YES,RURAL,3462.0,992.0,930.0,351,4956.0,3.8,Adequate,1295.0,1737.0
ART-SUP,ART,HEALTH CENTER,August,YES,RURAL,539.0,4.0,47.0,682,188.0,5.7,Overstock,33.0,0.0
ART-SUP,ART,HEALTH CENTER,November,NO,RURAL,54.0,292.0,30.0,-384,109.0,3.8,Adequate,29.0,248.0
ITN,PREV,HOSPITAL,August,YES,RURAL,33.0,767.0,341.0,928,1033.0,5.3,Overstock,196.0,684.0
QUIN,SP,HEALTH CENTER,August,YES,URBAN,107.0,0.0,93.0,-284,75.0,1.9,Low,40.0,232.0
RDT,DIAG,HEALTH CENTER,August,YES,RURAL,413.0,16.0,113.0,-403,213.0,1.8,Low,118.0,659.0
ACT-GC,ACT,HEALTH CENTER,February,NO,RURAL,604.0,3.0,378.0,225,897.0,9.3,Overstock,96.0,3.0
QUIN,SP,HEALTH CENTER,February,NO,URBAN,262.0,3.0,145.0,-849,298.0,1.7,Low,179.0,539.0
PYRA-SAC,PYRA,HEALTH CENTER,November,NO,RURAL,4108.0,0.0,234.0,-680,1496.0,14.7,Overstock,102.0,1262.0
RDT,DIAG,HEALTH CENTER,August,YES,RURAL,269.0,0.0,578.0,150,197.0,0.5,Critical,400.0,392.0
ACT-AD,ACT,HEALTH CENTER,February,NO,RURAL,219.0,0.0,14.0,206,4.0,4.0,Adequate,1.0,2845.0
ACT-SC,ACT,HEALTH CENTER,May,YES,URBAN,1295.0,2.0,125.0,-81,1634.0,8.6,Overstock,191.0,129.0
ITN,PREV,HEALTH CENTER,May,YES,RURAL,425.0,0.0,10.0,696,109.0,54.5,Overstock,2.0,0.0
ART-SUP,ART,HEALTH CENTER,May,YES,URBAN,479.0,0.0,42.0,86,38.0,0.3,Critical,148.0,0.0
ART-INJ,ART,HOSPITAL,August,YES,RURAL,1407.0,689.0,432.0,-570,1137.0,3.4,Adequate,334.0,0.0
PYRA-COMP,PYRA,HOSPITAL,May,YES,RURAL,327.0,100.0,163.0,-41,1385.0,30.1,Overstock,46.0,24.0
QUIN,SP,HEALTH CENTER,May,YES,RURAL,1616.0,580.0,258.0,83,3408.0,46.7,Overstock,73.0,0.0
ITN,PREV,HEALTH CENTER,November,NO,RURAL,616.0,29.0,178.0,-689,1709.0,11.6,Overstock,147.0,45.0
PYRA-SAC,PYRA,HEALTH CENTER,February,NO,URBAN,2.0,9.0,20.0,249,2.0,0.2,Critical,10.0,23.0
ACT-GC,ACT,HEALTH CENTER,August,YES,RURAL,2052.0,1.0,719.0,51,3223.0,5.6,Overstock,571.0,418.0
ART-SUP,ART,HEALTH CENTER,November,NO,URBAN,37.0,0.0,12.0,-538,112.0,112.0,Overstock,1.0,492.0
ACT-INF,ACT,HEALTH CENTER,August,YES,RURAL,1654.0,131.0,690.0,255,3687.0,4.1,Adequate,894.0,442.0
RDT,DIAG,HEALTH CENTER,November,NO,URBAN,1569.0,372.0,231.0,-280,1532.0,4.5,Adequate,344.0,12.0
RDT,DIAG,HEALTH CENTER,May,YES,RURAL,418.0,1.0,123.0,-79,440.0,4.1,Adequate,108.0,109.0
RDT,DIAG,HEALTH CENTER,May,YES,URBAN,323.0,4.0,139.0,51,388.0,2.7,Low,144.0,1441.0
ACT-GC,ACT,HEALTH CENTER,November,NO,RURAL,56.0,484.0,320.0,-136,252.0,2.8,Low,89.0,208.0
QUIN,SP,HEALTH CENTER,May,YES,RURAL,47.0,0.0,2.0,-190,96.0,19.2,Overstock,5.0,0.0
PYRA-COMP,PYRA,HEALTH CENTER,August,YES,RURAL,136.0,42.0,197.0,150,388.0,1.4,Low,274.0,8.0
ACT-SC,ACT,HEALTH CENTER,February,NO,URBAN,337.0,486.0,210.0,-520,377.0,23.6,Overstock,16.0,0.0
ACT-INF,ACT,HEALTH CENTER,May,YES,RURAL,818.0,18.0,190.0,-434,383.0,2.0,Low,189.0,91.0
SP,SP,HEALTH CENTER,August,YES,RURAL,778.0,0.0,181.0,367,1126.0,4.1,Adequate,272.0,0.0
ACT-SC,ACT,HEALTH CENTER,February,NO,URBAN,172.0,13.0,246.0,514,639.0,1.4,Low,448.0,80.0
ART-INJ,ART,HEALTH CENTER,August,YES,RURAL,301.0,1595.0,299.0,-281,1784.0,22.3,Overstock,80.0,0.0
ART-SUP,ART,HEALTH CENTER,August,YES,URBAN,1660.0,1.0,277.0,567,2507.0,21.6,Overstock,116.0,3.0
SP,SP,HEALTH CENTER,February,NO,URBAN,3690.0,11.0,486.0,211,3003.0,13.1,Overstock,230.0,1.0
RDT,DIAG,HEALTH CENTER,November,NO,URBAN,1328.0,1.0,451.0,448,339.0,1.9,Low,178.0,263.0
ART-INJ,ART,HEALTH CENTER,May,YES,URBAN,206.0,0.0,120.0,-101,48.0,0.5,Critical,99.0,425.0
PYRA-SAC,PYRA,HEALTH CENTER,February,NO,RURAL,14.0,10.0,78.0,33,530.0,7.0,Overstock,76.0,2330.0
ACT-SC,ACT,HEALTH CENTER,August,YES,RURAL,1200.0,37.0,421.0,-224,967.0,5.7,Overstock,171.0,5.0
PYRA-COMP,PYRA,HEALTH CENTER,November,NO,RURAL,812.0,288.0,73.0,-246,482.0,2.3,Low,214.0,6.0
SP,SP,HEALTH CENTER,August,YES,RURAL,840.0,0.0,123.0,689,1323.0,26.5,Overstock,50.0,0.0
ACT-AD,ACT,HEALTH CENTER,November,NO,URBAN,293.0,170.0,61.0,-1415,1077.0,215.4,Overstock,5.0,16.0
PYRA-COMP,PYRA,HEALTH CENTER,November,NO,RURAL,349.0,49.0,552.0,-372,783.0,4.6,Adequate,172.0,140.0
ACT-SC,ACT,HEALTH CENTER,May,YES,URBAN,159.0,288.0,124.0,-57,152.0,3.4,Adequate,45.0,3070.0
RDT,DIAG,HEALTH CENTER,November,NO,URBAN,1240.0,4.0,605.0,-83,851.0,3.1,Adequate,272.0,377.0
SP,SP,HEALTH CENTER,August,YES,RURAL,108.0,33.0,5.0,317,101.0,5.0,Adequate,20.0,206.0
ITN,PREV,HEALTH CENTER,May,YES,RURAL,4194.0,1.0,741.0,-143,2561.0,2.6,Low,972.0,646.0
ACT-INF,ACT,HEALTH CENTER,February,NO,RURAL,941.0,4.0,81.0,153,24.0,0.8,Critical,31.0,71.0
ART-INJ,ART,HEALTH CENTER,February,NO,URBAN,387.0,4.0,24.0,-253,52.0,17.3,Overstock,3.0,6.0
PYRA-SAC,PYRA,HEALTH CENTER,May,YES,URBAN,279.0,14.0,35.0,25,747.0,149.4,Overstock,5.0,0.0
SP,SP,HEALTH CENTER,February,NO,URBAN,81.0,4.0,11.0,-60,103.0,2.2,Low,46.0,0.0
SP,SP,HEALTH CENTER,November,NO,RURAL,373.0,0.0,104.0,411,63.0,3.3,Adequate,19.0,19.0
ART-SUP,ART,HEALTH CENTER,August,YES,URBAN,571.0,626.0,328.0,169,829.0,4.0,Adequate,207.0,11.0
ART-INJ,ART,HEALTH CENTER,May,YES,RURAL,746.0,0.0,88.0,278,104.0,2.9,Low,36.0,195.0
RDT,DIAG,HEALTH CENTER,May,YES,URBAN,23.0,3.0,28.0,-30,52.0,1.2,Low,45.0,342.0
ACT-SC,ACT,HEALTH CENTER,November,NO,URBAN,327.0,0.0,218.0,599,557.0,6.6,Overstock,85.0,1176.0
ART-SUP,ART,HEALTH CENTER,August,YES,RURAL,359.0,357.0,58.0,1065,2439.0,487.8,Overstock,5.0,0.0
ART-INJ,ART,HEALTH CENTER,August,YES,RURAL,7.0,8.0,19.0,625,244.0,2.0,Low,122.0,1.0
ACT-INF,ACT,HEALTH CENTER,November,NO,RURAL,293.0,16.0,101.0,537,580.0,5.5,Overstock,105.0,0.0
PYRA-SAC,PYRA,HOSPITAL,May,YES,URBAN,160.0,67.0,32.0,-126,451.0,23.7,Overstock,19.0,179.0
ACT-INF,ACT,HEALTH CENTER,November,NO,RURAL,1682.0,51.0,830.0,-214,1126.0,1.2,Low,940.0,3.0
ACT-INF,ACT,HEALTH CENTER,August,YES,URBAN,40.0,4.0,96.0,-49,182.0,5.7,Overstock,32.0,7.0
ART-INJ,ART,HEALTH CENTER,November,NO,URBAN,227.0,0.0,43.0,-139,331.0,7.4,Overstock,45.0,1.0
SP,SP,HEALTH CENTER,February,NO,URBAN,50.0,16.0,132.0,1260,160.0,0.9,Critical,175.0,2762.0
ITN,PREV,HEALTH CENTER,May,YES,RURAL,68.0,0.0,2.0,-224,22.0,4.4,Adequate,5.0,0.0
ART-SUP,ART,HOSPITAL,November,NO,URBAN,908.0,0.0,141.0,440,1483.0,11.7,Overstock,127.0,27.0
ACT-INF,ACT,HEALTH CENTER,November,NO,RURAL,1007.0,612.0,140.0,479,2631.0,82.2,Overstock,32.0,50.0
QUIN,SP,HEALTH CENTER,February,NO,URBAN,19.0,0.0,1.0,-34,9.0,,Unknown,0.0,0.0
ACT-GC,ACT,HEALTH CENTER,February,NO,RURAL,2324.0,5.0,524.0,-127,1724.0,3.4,Adequate,502.0,3707.0
SP,SP,HEALTH CENTER,February,NO,RURAL,1187.0,1.0,334.0,141,354.0,2.0,Low,175.0,1.0
ART-INJ,ART,HEALTH CENTER,November,NO,URBAN,736.0,1225.0,363.0,-277,615.0,1.7,Low,372.0,4710.0
QUIN,SP,HEALTH CENTER,May,YES,RURAL,3476.0,42.0,710.0,-129,4404.0,12.9,Overstock,342.0,2.0
ACT-AD,ACT,HEALTH CENTER,August,YES,RURAL,31.0,294.0,81.0,108,112.0,2.2,Low,52.0,3.0
ART-INJ,ART,HEALTH CENTER,August,YES,RURAL,308.0,11.0,192.0,198,111.0,1.3,Low,86.0,0.0
PYRA-SAC,PYRA,HEALTH CENTER,February,NO,URBAN,1195.0,428.0,542.0,-243,3657.0,17.3,Overstock,211.0,26.0
PYRA-COMP,PYRA,HEALTH CENTER,February,NO,RURAL,408.0,0.0,81.0,682,95.0,1.0,Critical,99.0,0.0
PYRA-COMP,PYRA,HEALTH CENTER,August,YES,RURAL,11622.0,1259.0,1660.0,-559,5471.0,3.2,Adequate,1685.0,52.0
SP,SP,HEALTH CENTER,February,NO,RURAL,916.0,8.0,238.0,291,421.0,4.8,Adequate,88.0,480.0
PYRA-SAC,PYRA,HEALTH CENTER,November,NO,RURAL,80.0,723.0,103.0,229,218.0,1.2,Low,186.0,115.0
ART-SUP,ART,HEALTH CENTER,February,NO,RURAL,372.0,3.0,31.0,-626,189.0,47.2,Overstock,4.0,0.0
ITN,PREV,HEALTH CENTER,November,NO,RURAL,314.0,176.0,90.0,-254,50.0,1.3,Low,38.0,309.0
SP,SP,HEALTH CENTER,November,NO,URBAN,121.0,1.0,456.0,-185,115.0,0.5,Critical,228.0,72.0
ART-SUP,ART,HOSPITAL,May,YES,RURAL,773.0,0.0,158.0,-136,92.0,1.2,Low,80.0,3.0
ART-INJ,ART,HEALTH CENTER,February,NO,RURAL,315.0,0.0,304.0,322,270.0,2.8,Low,98.0,419.0
ACT-INF,ACT,HEALTH CENTER,February,NO,RURAL,522.0,0.0,116.0,-1129,125.0,2.6,Low,49.0,1251.0
PYRA-SAC,PYRA,HEALTH CENTER,November,NO,RURAL,4098.0,819.0,1066.0,121,3601.0,4.5,Adequate,806.0,10522.0
SP,SP,HEALTH CENTER,February,NO,URBAN,672.0,0.0,691.0,-235,415.0,0.6,Critical,709.0,2260.0
PYRA-SAC,PYRA,HEALTH CENTER,August,YES,URBAN,4877.0,333.0,1448.0,-95,3654.0,4.2,Adequate,864.0,13521.0
SP,SP,HEALTH CENTER,August,YES,RURAL,662.0,0.0,292.0,-248,57.0,0.5,Critical,115.0,170.0
RDT,DIAG,HEALTH CENTER,May,YES,URBAN,388.0,0.0,12.0,-445,126.0,14.0,Overstock,9.0,20.0
RDT,DIAG,HOSPITAL,May,YES,RURAL,3.0,234.0,2.0,-230,30.0,4.3,Adequate,7.0,0.0
ACT-SC,ACT,HEALTH CENTER,August,YES,RURAL,52.0,0.0,56.0,1184,589.0,6.5,Overstock,91.0,2571.0
RDT,DIAG,HEALTH CENTER,May,YES,RURAL,1650.0,268.0,1169.0,-145,562.0,0.6,Critical,891.0,5004.0
QUIN,SP,HEALTH CENTER,November,NO,RURAL,425.0,1.0,103.0,-311,238.0,3.3,Adequate,73.0,1298.0
ACT-INF,ACT,HEALTH CENTER,May,YES,URBAN,556.0,9.0,399.0,-257,193.0,0.8,Critical,252.0,545.0
ITN,PREV,HEALTH CENTER,November,NO,URBAN,180.0,103.0,56.0,573,509.0,39.2,Overstock,13.0,6.0
ACT-GC,ACT,HEALTH CENTER,November,NO,RURAL,2122.0,25.0,618.0,-150,1060.0,2.2,Low,482.0,2344.0
ART-INJ,ART,HEALTH CENTER,February,NO,URBAN,2901.0,191.0,629.0,380,4603.0,16.8,Overstock,274.0,0.0
ACT-SC,ACT,HEALTH CENTER,February,NO,RURAL,143.0,3.0,236.0,475,327.0,0.8,Critical,400.0,280.0
ACT-INF,ACT,HEALTH CENTER,May,YES,URBAN,323.0,4.0,191.0,-530,133.0,2.2,Low,61.0,2527.0
ACT-INF,ACT,HEALTH CENTER,August,YES,URBAN,18.0,13.0,61.0,-56,426.0,9.7,Overstock,44.0,9.0
PYRA-SAC,PYRA,HEALTH CENTER,February,NO,URBAN,863.0,29.0,112.0,-685,474.0,11.3,Overstock,42.0,6.0
ACT-SC,ACT,HEALTH CENTER,November,NO,RURAL,2830.0,0.0,563.0,422,2065.0,5.6,Overstock,367.0,194.0
PYRA-SAC,PYRA,HEALTH CENTER,May,YES,URBAN,904.0,149.0,284.0,525,1034.0,5.4,Overstock,190.0,4359.0
SP,SP,HEALTH CENTER,May,YES,RURAL,722.0,0.0,30.0,-200,222.0,222.0,Overstock,1.0,0.0
SP,SP,HEALTH CENTER,August,YES,RURAL,1412.0,0.0,312.0,-534,365.0,2.7,Low,134.0,73.0
ART-INJ,ART,HEALTH CENTER,February,NO,RURAL,923.0,0.0,155.0,473,1082.0,4.2,Adequate,257.0,25.0
ACT-GC,ACT,HEALTH CENTER,February,NO,URBAN,657.0,1.0,51.0,-147,441.0,20.0,Overstock,22.0,0.0
ACT-AD,ACT,HEALTH CENTER,May,YES,RURAL,107.0,0.0,49.0,-300,474.0,20.6,Overstock,23.0,3.0
ACT-INF,ACT,HEALTH CENTER,August,YES,URBAN,4217.0,0.0,589.0,123,1954.0,3.8,Adequate,512.0,797.0
PYRA-SAC,PYRA,HEALTH CENTER,November,NO,URBAN,6052.0,625.0,1873.0,-147,3102.0,2.4,Low,1269.0,4931.0
QUIN,SP,HEALTH CENTER,February,NO,RURAL,3875.0,0.0,560.0,8,1140.0,2.0,Low,559.0,576.0
PYRA-SAC,PYRA,HEALTH CENTER,August,YES,RURAL,244.0,31.0,605.0,439,697.0,0.7,Critical,934.0,1222.0
ART-INJ,ART,HEALTH CENTER,August,YES,RURAL,2163.0,550.0,476.0,333,2906.0,6.6,Overstock,442.0,540.0
RDT,DIAG,HEALTH CENTER,November,NO,RURAL,1872.0,2.0,500.0,264,2121.0,2.8,Low,746.0,1710.0
RDT,DIAG,HEALTH CENTER,November,NO,RURAL,566.0,139.0,368.0,-152,448.0,2.2,Low,208.0,855.0
ACT-INF,ACT,HEALTH CENTER,November,NO,URBAN,617.0,0.0,776.0,3,264.0,0.4,Critical,657.0,10060.0
ACT-GC,ACT,HEALTH CENTER,February,NO,URBAN,79.0,0.0,78.0,715,438.0,5.3,Overstock,83.0,0.0
ACT-SC,ACT,HEALTH CENTER,May,YES,RURAL,6342.0,0.0,712.0,-165,2804.0,13.3,Overstock,211.0,35.0
PYRA-SAC,PYRA,HOSPITAL,November,NO,RURAL,510.0,622.0,200.0,161,1373.0,15.6,Overstock,88.0,82.0
ART-SUP,ART,HEALTH CENTER,November,NO,RURAL,271.0,2.0,4.0,31,217.0,,Unknown,0.0,1424.0
ITN,PREV,HEALTH CENTER,November,NO,URBAN,3719.0,540.0,858.0,-664,3313.0,2.8,Low,1196.0,1.0
ACT-GC,ACT,HOSPITAL,February,NO,RURAL,3883.0,0.0,631.0,-1016,796.0,1.1,Low,749.0,1016.0
ACT-AD,ACT,HEALTH CENTER,November,NO,RURAL,582.0,0.0,388.0,-465,1048.0,2.9,Low,360.0,8360.0
ART-INJ,ART,HEALTH CENTER,May,YES,RURAL,19.0,0.0,3.0,-564,5.0,1.2,Low,4.0,3.0
PYRA-SAC,PYRA,HEALTH CENTER,November,NO,RURAL,9.0,16.0,2.0,-253,15.0,15.0,Overstock,1.0,0.0
PYRA-COMP,PYRA,HEALTH CENTER,November,NO,URBAN,4817.0,2.0,1351.0,374,6007.0,7.3,Overstock,827.0,589.0
ITN,PREV,HEALTH CENTER,August,YES,RURAL,5.0,53.0,7.0,3,4.0,4.0,Adequate,1.0,35.0
PYRA-SAC,PYRA,HEALTH CENTER,November,NO,RURAL,1322.0,0.0,371.0,364,358.0,2.1,Low,174.0,742.0
ACT-INF,ACT,HEALTH CENTER,February,NO,RURAL,272.0,55.0,243.0,166,73.0,0.6,Critical,132.0,2650.0
ACT-GC,ACT,HEALTH CENTER,February,NO,RURAL,176.0,11.0,166.0,130,248.0,0.5,Critical,461.0,0.0
ACT-SC,ACT,HEALTH CENTER,November,NO,RURAL,1999.0,24.0,283.0,122,482.0,3.5,Adequate,139.0,46.0
ACT-GC,ACT,HEALTH CENTER,November,NO,RURAL,1275.0,122.0,123.0,-182,1106.0,11.4,Overstock,97.0,149.0
ACT-SC,ACT,HEALTH CENTER,November,NO,URBAN,12.0,2.0,2.0,84,14.0,14.0,Overstock,1.0,0.0
ART-INJ,ART,HEALTH CENTER,May,YES,URBAN,9.0,3.0,4.0,247,5.0,,Unknown,0.0,4.0
ACT-AD,ACT,HEALTH CENTER,November,NO,RURAL,0.0,1.0,1.0,-305,2.0,,Unknown,0.0,95.0
ACT-SC,ACT,HEALTH CENTER,August,YES,RURAL,169.0,320.0,117.0,627,28.0,0.3,Critical,86.0,3478.0
ART-INJ,ART,HEALTH CENTER,February,NO,URBAN,2.0,0.0,34.0,684,12.0,6.0,Overstock,2.0,1.0
ACT-SC,ACT,HEALTH CENTER,August,YES,RURAL,916.0,17.0,548.0,-301,1718.0,8.7,Overstock,198.0,104.0
PYRA-COMP,PYRA,HEALTH CENTER,February,NO,RURAL,0.0,2162.0,12.0,-333,16.0,1.6,Low,10.0,1.0
SP,SP,HEALTH CENTER,February,NO,RURAL,50.0,5.0,15.0,-482,521.0,173.7,Overstock,3.0,0.0
PYRA-SAC,PYRA,HEALTH CENTER,February,NO,URBAN,2276.0,31.0,216.0,-646,2204.0,14.2,Overstock,155.0,0.0
ART-SUP,ART,HEALTH CENTER,November,NO,RURAL,495.0,23.0,263.0,328,297.0,4.8,Adequate,62.0,5091.0
ACT-SC,ACT,HEALTH CENTER,November,NO,RURAL,1883.0,22.0,163.0,-27,825.0,17.2,Overstock,48.0,0.0
ACT-GC,ACT,HEALTH CENTER,May,YES,URBAN,33.0,3.0,6.0,-135,69.0,3.6,Adequate,19.0,7.0
ART-INJ,ART,HOSPITAL,February,NO,RURAL,12.0,9.0,39.0,248,458.0,9.7,Overstock,47.0,0.0
ITN,PREV,HEALTH CENTER,November,NO,RURAL,268.0,1.0,300.0,-146,225.0,0.9,Critical,248.0,94.0
ITN,PREV,HEALTH CENTER,February,NO,RURAL,5909.0,4.0,1893.0,-415,5418.0,4.1,Adequate,1331.0,278.0
ACT-AD,ACT,HEALTH CENTER,February,NO,RURAL,1511.0,142.0,288.0,-110,1528.0,10.6,Overstock,144.0,6.0
RDT,DIAG,HEALTH CENTER,August,YES,RURAL,2327.0,6.0,723.0,30,2190.0,6.1,Overstock,357.0,136.0
ACT-GC,ACT,HOSPITAL,August,YES,RURAL,1908.0,0.0,231.0,-657,363.0,20.2,Overstock,18.0,12.0
ITN,PREV,HEALTH CENTER,May,YES,RURAL,603.0,0.0,105.0,480,108.0,6.0,Overstock,18.0,0.0
ITN,PREV,HEALTH CENTER,August,YES,URBAN,395.0,89.0,332.0,380,856.0,1.9,Low,457.0,3228.0
ACT-GC,ACT,HEALTH CENTER,November,NO,RURAL,111.0,1.0,134.0,-522,237.0,4.0,Adequate,60.0,0.0
ACT-SC,ACT,HEALTH CENTER,August,YES,URBAN,718.0,14.0,277.0,524,962.0,15.8,Overstock,61.0,571.0
ACT-SC,ACT,HEALTH CENTER,November,NO,RURAL,117.0,0.0,34.0,-623,176.0,35.2,Overstock,5.0,0.0
ART-INJ,ART,HOSPITAL,November,NO,URBAN,466.0,287.0,107.0,-298,592.0,2.8,Low,215.0,57.0
ART-SUP,ART,HEALTH CENTER,May,YES,RURAL,465.0,925.0,296.0,55,1110.0,3.1,Adequate,354.0,742.0
ACT-GC,ACT,HEALTH CENTER,February,NO,RURAL,316.0,67.0,487.0,-469,925.0,1.4,Low,671.0,2730.0
ART-INJ,ART,HEALTH CENTER,May,YES,URBAN,243.0,10.0,173.0,352,30.0,0.1,Critical,357.0,309.0
ACT-AD,ACT,HEALTH CENTER,August,YES,RURAL,584.0,451.0,110.0,211,886.0,42.2,Overstock,21.0,41.0
PYRA-SAC,PYRA,HOSPITAL,August,YES,RURAL,338.0,300.0,80.0,-81,1151.0,34.9,Overstock,33.0,0.0
ACT-SC,ACT,HEALTH CENTER,August,YES,RURAL,813.0,1.0,297.0,187,205.0,2.0,Low,103.0,400.0
SP,SP,HEALTH CENTER,August,YES,URBAN,891.0,381.0,36.0,397,1724.0,33.8,Overstock,51.0,3.0
ACT-GC,ACT,HEALTH CENTER,November,NO,RURAL,1503.0,1.0,870.0,-573,2995.0,5.3,Overstock,569.0,0.0
ACT-GC,ACT,HEALTH CENTER,February,NO,URBAN,1275.0,0.0,221.0,-115,505.0,2.5,Low,202.0,3.0
ACT-AD,ACT,HEALTH CENTER,May,YES,URBAN,1203.0,0.0,167.0,334,381.0,3.1,Adequate,121.0,0.0
PYRA-SAC,PYRA,HEALTH CENTER,November,NO,URBAN,5659.0,5.0,1157.0,147,2782.0,2.5,Low,1106.0,3155.0
QUIN,SP,HEALTH CENTER,November,NO,RURAL,6420.0,143.0,1205.0,-704,6305.0,3.6,Adequate,1747.0,4152.0
QUIN,SP,HOSPITAL,February,NO,RURAL,22.0,0.0,0.0,999,7.0,,Unknown,0.0,16.0
ACT-SC,ACT,HEALTH CENTER,February,NO,RURAL,3514.0,99.0,897.0,-93,2067.0,2.2,Low,953.0,23.0
RDT,DIAG,HEALTH CENTER,August,YES,URBAN,3036.0,1159.0,892.0,187,3574.0,5.2,Overstock,687.0,503.0
QUIN,SP,HEALTH CENTER,May,YES,RURAL,800.0,0.0,210.0,549,268.0,1.5,Low,184.0,8071.0
RDT,DIAG,HEALTH CENTER,May,YES,RURAL,629.0,1.0,388.0,249,591.0,4.3,Adequate,139.0,3.0
PYRA-SAC,PYRA,HEALTH CENTER,November,NO,URBAN,313.0,242.0,87.0,-533,584.0,6.3,Overstock,93.0,0.0
ACT-INF,ACT,HEALTH CENTER,November,NO,URBAN,430.0,1.0,31.0,479,48.0,4.4,Adequate,11.0,478.0
ACT-SC,ACT,HEALTH CENTER,May,YES,RURAL,97.0,554.0,52.0,-544,876.0,25.0,Overstock,35.0,1.0
ACT-GC,ACT,HEALTH CENTER,May,YES,RURAL,1772.0,8.0,194.0,115,1287.0,11.9,Overstock,108.0,1.0
ART-INJ,ART,HEALTH CENTER,November,NO,RURAL,59.0,2.0,115.0,619,416.0,9.7,Overstock,43.0,0.0
QUIN,SP,HEALTH CENTER,February,NO,RURAL,518.0,80.0,244.0,191,1398.0,5.6,Overstock,249.0,1308.0
ACT-INF,ACT,HEALTH CENTER,August,YES,RURAL,411.0,0.0,549.0,295,493.0,1.0,Critical,507.0,830.0
SP,SP,HEALTH CENTER,May,YES,RURAL,1939.0,0.0,538.0,496,838.0,1.4,Low,610.0,1.0
ACT-AD,ACT,HEALTH CENTER,May,YES,RURAL,244.0,1872.0,89.0,-522,419.0,3.3,Adequate,126.0,3529.0
ACT-GC,ACT,HEALTH CENTER,May,YES,RURAL,3615.0,0.0,631.0,18,1811.0,3.4,Adequate,534.0,1531.0
QUIN,SP,HEALTH CENTER,November,NO,RURAL,410.0,0.0,64.0,-28,222.0,1.0,Critical,224.0,0.0
ITN,PREV,HEALTH CENTER,August,YES,RURAL,895.0,272.0,212.0,365,985.0,2.0,Low,494.0,1.0
PYRA-COMP,PYRA,HOSPITAL,August,YES,RURAL,1262.0,14.0,214.0,124,761.0,5.2,Overstock,146.0,0.0
QUIN,SP,HEALTH CENTER,May,YES,RURAL,7.0,29.0,81.0,380,122.0,3.3,Adequate,37.0,1799.0
PYRA-SAC,PYRA,HOSPITAL,August,YES,RURAL,2856.0,682.0,574.0,185,3772.0,4.8,Adequate,793.0,0.0
ACT-AD,ACT,HEALTH CENTER,November,NO,RURAL,1739.0,545.0,1550.0,701,1221.0,0.9,Critical,1302.0,10870.0
ACT-GC,ACT,HEALTH CENTER,February,NO,URBAN,856.0,0.0,40.0,-41,188.0,13.4,Overstock,14.0,0.0
ACT-INF,ACT,HEALTH CENTER,May,YES,RURAL,590.0,0.0,89.0,-703,678.0,32.3,Overstock,21.0,1.0
ART-INJ,ART,HEALTH CENTER,May,YES,URBAN,176.0,120.0,139.0,242,135.0,1.8,Low,75.0,131.0
SP,SP,HEALTH CENTER,May,YES,RURAL,43.0,0.0,24.0,180,5.0,0.8,Critical,6.0,0.0
ACT-AD,ACT,HEALTH CENTER,August,YES,URBAN,19.0,1499.0,23.0,-334,133.0,13.3,Overstock,10.0,4.0
PYRA-COMP,PYRA,HEALTH CENTER,August,YES,URBAN,6877.0,594.0,2308.0,743,6125.0,2.2,Low,2790.0,65.0
ACT-GC,ACT,HEALTH CENTER,May,YES,RURAL,3.0,3.0,18.0,812,76.0,10.9,Overstock,7.0,64.0
ART-INJ,ART,HEALTH CENTER,February,NO,RURAL,1459.0,0.0,112.0,442,454.0,11.6,Overstock,39.0,210.0
ACT-AD,ACT,HEALTH CENTER,August,YES,URBAN,5387.0,277.0,953.0,-80,5499.0,7.3,Overstock,754.0,350.0
RDT,DIAG,HEALTH CENTER,May,YES,URBAN,97.0,2.0,104.0,528,22.0,1.7,Low,13.0,0.0
RDT,DIAG,HEALTH CENTER,May,YES,RURAL,180.0,2.0,89.0,370,371.0,10.6,Overstock,35.0,32.0
ACT-AD,ACT,HEALTH CENTER,February,NO,URBAN,429.0,2.0,33.0,-288,116.0,12.9,Overstock,9.0,42.0
SP,SP,HEALTH CENTER,May,YES,URBAN,740.0,250.0,349.0,203,1346.0,5.9,Overstock,229.0,6.0
ACT-AD,ACT,HEALTH CENTER,November,NO,RURAL,895.0,35.0,71.0,192,583.0,116.6,Overstock,5.0,5.0
RDT,DIAG,HEALTH CENTER,May,YES,RURAL,1.0,0.0,2.0,-546,1.0,,Unknown,0.0,1.0
SP,SP,HOSPITAL,August,YES,RURAL,386.0,0.0,157.0,360,1033.0,4.5,Adequate,230.0,0.0
ACT-GC,ACT,HEALTH CENTER,November,NO,URBAN,191.0,606.0,183.0,-154,505.0,2.4,Low,208.0,0.0
ACT-GC,ACT,HEALTH CENTER,February,NO,RURAL,88.0,1.0,54.0,-857,35.0,0.4,Critical,79.0,140.0
QUIN,SP,HEALTH CENTER,November,NO,RURAL,948.0,1.0,196.0,225,1216.0,16.7,Overstock,73.0,15.0
SP,SP,HEALTH CENTER,August,YES,RURAL,59.0,0.0,5.0,258,113.0,28.2,Overstock,4.0,0.0
ACT-INF,ACT,HEALTH CENTER,May,YES,RURAL,1416.0,15.0,679.0,-371,1185.0,2.7,Low,432.0,8518.0
ACT-GC,ACT,HEALTH CENTER,November,NO,URBAN,35.0,220.0,23.0,223,54.0,13.5,Overstock,4.0,132.0
ART-INJ,ART,HEALTH CENTER,November,NO,RURAL,2704.0,6.0,488.0,-85,3204.0,20.4,Overstock,157.0,43.0
ART-SUP,ART,HEALTH CENTER,November,NO,RURAL,2823.0,593.0,747.0,201,2162.0,3.4,Adequate,642.0,6.0
QUIN,SP,HEALTH CENTER,August,YES,RURAL,639.0,999.0,289.0,-82,2673.0,5.7,Overstock,467.0,6648.0
PYRA-SAC,PYRA,HEALTH CENTER,August,YES,RURAL,1083.0,0.0,171.0,-41,133.0,0.3,Critical,504.0,1877.0
ART-SUP,ART,HEALTH CENTER,February,NO,URBAN,1486.0,1.0,100.0,815,713.0,356.5,Overstock,2.0,1.0
ACT-GC,ACT,HOSPITAL,August,YES,URBAN,1430.0,102.0,51.0,-600,528.0,5.1,Overstock,104.0,0.0
ITN,PREV,HEALTH CENTER,May,YES,RURAL,4674.0,1869.0,1301.0,-182,6276.0,6.9,Overstock,913.0,2.0
RDT,DIAG,HEALTH CENTER,May,YES,RURAL,228.0,13.0,116.0,-114,144.0,2.0,Low,72.0,2.0
ART-INJ,ART,HEALTH CENTER,November,NO,URBAN,322.0,34.0,57.0,25,708.0,12.6,Overstock,56.0,7.0
PYRA-SAC,PYRA,HEALTH CENTER,February,NO,RURAL,1086.0,209.0,120.0,-768,1952.0,33.1,Overstock,59.0,42.0
ACT-INF,ACT,HEALTH CENTER,August,YES,RURAL,1025.0,0.0,542.0,372,1872.0,2.3,Low,829.0,169.0
ACT-SC,ACT,HEALTH CENTER,August,YES,RURAL,3417.0,3.0,434.0,-43,3537.0,52.8,Overstock,67.0,0.0
ACT-GC,ACT,HEALTH CENTER,November,NO,RURAL,894.0,2941.0,479.0,-198,1300.0,4.3,Adequate,299.0,95.0
ACT-INF,ACT,HEALTH CENTER,August,YES,RURAL,578.0,0.0,555.0,194,1444.0,5.7,Overstock,254.0,0.0
ITN,PREV,HEALTH CENTER,August,YES,RURAL,13.0,0.0,1.0,209,12.0,6.0,Overstock,2.0,16.0
RDT,DIAG,HEALTH CENTER,August,YES,RURAL,18.0,0.0,38.0,375,22.0,0.5,Critical,47.0,66.0
PYRA-COMP,PYRA,HOSPITAL,February,NO,RURAL,3397.0,31.0,950.0,167,2548.0,16.2,Overstock,157.0,15.0
ACT-AD,ACT,HEALTH CENTER,August,YES,RURAL,341.0,0.0,334.0,-188,271.0,0.6,Critical,451.0,111.0
ITN,PREV,HEALTH CENTER,August,YES,URBAN,146.0,166.0,6.0,168,716.0,47.7,Overstock,15.0,1.0
ART-INJ,ART,HEALTH CENTER,August,YES,RURAL,431.0,2125.0,142.0,-264,922.0,4.9,Adequate,188.0,56.0
ART-INJ,ART,HEALTH CENTER,August,YES,URBAN,620.0,851.0,599.0,487,2279.0,9.9,Overstock,230.0,881.0
RDT,DIAG,HEALTH CENTER,May,YES,RURAL,87.0,833.0,4.0,-409,104.0,52.0,Overstock,2.0,0.0
ART-INJ,ART,HEALTH CENTER,November,NO,RURAL,311.0,0.0,160.0,-230,193.0,1.3,Low,153.0,46.0
PYRA-SAC,PYRA,HEALTH CENTER,November,NO,RURAL,3951.0,517.0,1145.0,-469,6108.0,5.2,Overstock,1177.0,136.0
ACT-SC,ACT,HEALTH CENTER,August,YES,RURAL,7580.0,75.0,1231.0,601,5624.0,8.5,Overstock,660.0,0.0
ART-SUP,ART,HEALTH CENTER,May,YES,RURAL,1205.0,150.0,88.0,-625,916.0,15.8,Overstock,58.0,101.0
ACT-AD,ACT,HEALTH CENTER,February,NO,RURAL,137.0,56.0,105.0,113,1508.0,62.8,Overstock,24.0,0.0
RDT,DIAG,HEALTH CENTER,February,NO,RURAL,171.0,0.0,11.0,112,143.0,71.5,Overstock,2.0,81.0
SP,SP,HEALTH CENTER,August,YES,RURAL,1692.0,52.0,335.0,-97,1311.0,6.2,Overstock,211.0,0.0
SP,SP,HEALTH CENTER,August,YES,RURAL,6.0,0.0,109.0,344,24.0,0.2,Critical,116.0,7177.0
ACT-INF,ACT,HEALTH CENTER,May,YES,RURAL,436.0,0.0,176.0,465,310.0,7.6,Overstock,41.0,855.0
SP,SP,HEALTH CENTER,May,YES,RURAL,2855.0,0.0,663.0,-365,1974.0,2.0,Low,997.0,5854.0
ITN,PREV,HEALTH CENTER,February,NO,RURAL,752.0,497.0,23.0,-1046,100.0,9.1,Overstock,11.0,0.0
ART-INJ,ART,HEALTH CENTER,August,YES,RURAL,682.0,116.0,756.0,-106,1090.0,4.4,Adequate,247.0,5178.0
PYRA-SAC,PYRA,HEALTH CENTER,February,NO,URBAN,1749.0,3.0,319.0,-76,809.0,1.8,Low,450.0,118.0
ACT-AD,ACT,HEALTH CENTER,November,NO,RURAL,128.0,17.0,36.0,388,161.0,53.7,Overstock,3.0,0.0
QUIN,SP,HEALTH CENTER,February,NO,RURAL,3258.0,54.0,290.0,-36,3753.0,22.5,Overstock,167.0,48.0
RDT,DIAG,HEALTH CENTER,November,NO,RURAL,193.0,39.0,26.0,-292,140.0,5.8,Overstock,24.0,0.0
ART-SUP,ART,HEALTH CENTER,November,NO,URBAN,3316.0,242.0,777.0,172,2831.0,4.8,Adequate,594.0,9.0
RDT,DIAG,HEALTH CENTER,November,NO,URBAN,2839.0,0.0,364.0,-355,2193.0,8.4,Overstock,261.0,1100.0
ACT-SC,ACT,HEALTH CENTER,November,NO,RURAL,512.0,0.0,28.0,-155,669.0,22.3,Overstock,30.0,0.0
ART-SUP,ART,HEALTH CENTER,August,YES,RURAL,537.0,273.0,153.0,75,1371.0,17.1,Overstock,80.0,0.0
SP,SP,HOSPITAL,August,YES,RURAL,563.0,22.0,199.0,776,653.0,3.4,Adequate,193.0,0.0
ART-SUP,ART,HEALTH CENTER,November,NO,URBAN,18.0,8.0,9.0,107,4.0,4.0,Adequate,1.0,4.0
QUIN,SP,HEALTH CENTER,November,NO,URBAN,1537.0,0.0,98.0,-117,1431.0,37.7,Overstock,38.0,173.0
ACT-AD,ACT,HEALTH CENTER,November,NO,URBAN,1550.0,0.0,216.0,-212,398.0,3.1,Adequate,128.0,47.0
PYRA-COMP,PYRA,HEALTH CENTER,November,NO,RURAL,254.0,1798.0,134.0,-352,2347.0,22.8,Overstock,103.0,134.0
ACT-AD,ACT,HEALTH CENTER,August,YES,URBAN,1214.0,66.0,568.0,288,1514.0,3.5,Adequate,435.0,114.0
ITN,PREV,HEALTH CENTER,May,YES,RURAL,3938.0,0.0,373.0,-306,2729.0,19.4,Overstock,141.0,2.0
ACT-AD,ACT,HEALTH CENTER,November,NO,URBAN,2.0,29.0,35.0,2,39.0,2.4,Low,16.0,699.0
ITN,PREV,HEALTH CENTER,August,YES,URBAN,11263.0,26.0,1560.0,740,6936.0,6.5,Overstock,1066.0,158.0
ACT-AD,ACT,HEALTH CENTER,November,NO,RURAL,776.0,2.0,207.0,482,542.0,9.0,Overstock,60.0,27.0
PYRA-COMP,PYRA,HEALTH CENTER,November,NO,RURAL,98.0,0.0,46.0,-30,51.0,1.8,Low,29.0,27.0
ACT-INF,ACT,HEALTH CENTER,August,YES,URBAN,3151.0,1044.0,1539.0,51,1304.0,1.1,Low,1239.0,8181.0
ACT-AD,ACT,HEALTH CENTER,February,NO,RURAL,2568.0,1.0,924.0,-1255,165.0,0.4,Critical,443.0,0.0
ACT-INF,ACT,HEALTH CENTER,May,YES,RURAL,153.0,0.0,47.0,-30,718.0,26.6,Overstock,27.0,1.0
ART-SUP,ART,HEALTH CENTER,May,YES,URBAN,713.0,64.0,124.0,-694,435.0,2.1,Low,206.0,3126.0
ACT-INF,ACT,HEALTH CENTER,May,YES,RURAL,1913.0,0.0,448.0,207,446.0,0.8,Critical,572.0,583.0
RDT,DIAG,HOSPITAL,May,YES,RURAL,15.0,0.0,15.0,-315,4.0,0.3,Critical,12.0,20.0
ART-SUP,ART,HEALTH CENTER,August,YES,URBAN,1242.0,22.0,169.0,-479,652.0,5.1,Overstock,127.0,38.0
ACT-AD,ACT,HEALTH CENTER,February,NO,RURAL,2920.0,0.0,69.0,328,3460.0,14.8,Overstock,233.0,0.0
ACT-AD,ACT,HEALTH CENTER,November,NO,URBAN,5832.0,71.0,1019.0,-397,3820.0,4.0,Adequate,944.0,15128.0
ITN,PREV,HEALTH CENTER,August,YES,URBAN,2082.0,466.0,517.0,252,3688.0,18.1,Overstock,204.0,590.0
ART-INJ,ART,HEALTH CENTER,February,NO,URBAN,310.0,64.0,229.0,-651,95.0,0.3,Critical,357.0,1956.0
QUIN,SP,HEALTH CENTER,February,NO,RURAL,310.0,0.0,200.0,-403,200.0,1.3,Low,149.0,576.0
ACT-GC,ACT,HOSPITAL,February,NO,RURAL,652.0,53.0,67.0,326,163.0,2.2,Low,75.0,43.0
ART-SUP,ART,HEALTH CENTER,November,NO,URBAN,224.0,395.0,298.0,-269,345.0,6.4,Overstock,54.0,204.0
PYRA-COMP,PYRA,HEALTH CENTER,August,YES,RURAL,1176.0,248.0,587.0,692,435.0,0.6,Critical,750.0,174.0
ACT-AD,ACT,HEALTH CENTER,May,YES,URBAN,102.0,336.0,16.0,-53,85.0,9.4,Overstock,9.0,539.0
ACT-AD,ACT,HEALTH CENTER,May,YES,URBAN,78.0,613.0,79.0,-276,73.0,0.9,Critical,82.0,249.0
RDT,DIAG,HEALTH CENTER,February,NO,RURAL,1664.0,1107.0,318.0,-46,1882.0,23.8,Overstock,79.0,4.0
ITN,PREV,HEALTH CENTER,February,NO,RURAL,52.0,0.0,49.0,531,202.0,2.3,Low,88.0,342.0
RDT,DIAG,HEALTH CENTER,August,YES,RURAL,1809.0,958.0,731.0,-44,3156.0,3.1,Adequate,1031.0,351.0
SP,SP,HEALTH CENTER,February,NO,URBAN,676.0,0.0,549.0,710,471.0,0.8,Critical,587.0,8214.0
ACT-SC,ACT,HEALTH CENTER,May,YES,URBAN,380.0,78.0,402.0,325,120.0,0.3,Critical,461.0,65.0
ITN,PREV,HEALTH CENTER,May,YES,RURAL,2051.0,281.0,1315.0,-706,1778.0,1.2,Low,1437.0,697.0
ACT-SC,ACT,HEALTH CENTER,May,YES,RURAL,513.0,16.0,383.0,-867,292.0,0.8,Critical,345.0,0.0
ACT-INF,ACT,HEALTH CENTER,August,YES,RURAL,3585.0,33.0,208.0,216,2837.0,28.4,Overstock,100.0,217.0
RDT,DIAG,HEALTH CENTER,February,NO,RURAL,3198.0,1.0,410.0,-492,2221.0,7.9,Overstock,282.0,34.0
ACT-SC,ACT,HEALTH CENTER,August,YES,RURAL,18.0,0.0,5.0,1110,22.0,22.0,Overstock,1.0,17.0
ACT-AD,ACT,HEALTH CENTER,May,YES,RURAL,1528.0,607.0,487.0,231,823.0,2.8,Low,292.0,75.0
ART-INJ,ART,HEALTH CENTER,November,NO,RURAL,94.0,10.0,116.0,748,795.0,16.9,Overstock,47.0,1.0
ACT-AD,ACT,HEALTH CENTER,August,YES,RURAL,2299.0,306.0,672.0,-365,813.0,1.4,Low,588.0,154.0
ACT-SC,ACT,HEALTH CENTER,August,YES,RURAL,996.0,0.0,67.0,135,822.0,137.0,Overstock,6.0,39.0
PYRA-SAC,PYRA,HEALTH CENTER,February,NO,RURAL,50.0,293.0,17.0,329,70.0,11.7,Overstock,6.0,48.0
ACT-SC,ACT,HEALTH CENTER,February,NO,RURAL,956.0,0.0,304.0,215,1068.0,6.7,Overstock,159.0,30.0
PYRA-SAC,PYRA,HEALTH CENTER,May,YES,RURAL,105.0,0.0,20.0,424,171.0,5.7,Overstock,30.0,5.0
ACT-SC,ACT,HEALTH CENTER,November,NO,RURAL,2845.0,894.0,1324.0,446,5400.0,6.2,Overstock,864.0,105.0
PYRA-COMP,PYRA,HEALTH CENTER,August,YES,RURAL,658.0,1098.0,522.0,49,1559.0,4.0,Adequate,385.0,1.0
SP,SP,HEALTH CENTER,February,NO,RURAL,1741.0,38.0,792.0,-44,721.0,1.2,Low,587.0,2995.0
ACT-INF,ACT,HEALTH CENTER,May,YES,RURAL,3146.0,105.0,593.0,357,1674.0,2.7,Low,621.0,6260.0
ART-INJ,ART,HEALTH CENTER,May,YES,URBAN,2030.0,203.0,674.0,-1066,2250.0,4.7,Adequate,476.0,39.0
ITN,PREV,HEALTH CENTER,February,NO,RURAL,167.0,2.0,518.0,-179,139.0,0.7,Critical,212.0,2704.0
ART-SUP,ART,HEALTH CENTER,February,NO,RURAL,1667.0,10.0,590.0,-456,2322.0,5.3,Overstock,435.0,125.0
SP,SP,HEALTH CENTER,August,YES,URBAN,1069.0,34.0,228.0,-926,442.0,1.5,Low,298.0,833.0
PYRA-SAC,PYRA,HOSPITAL,May,YES,RURAL,4311.0,610.0,841.0,396,2352.0,2.8,Low,843.0,4754.0
ART-SUP,ART,HEALTH CENTER,February,NO,RURAL,2038.0,602.0,1147.0,-471,2950.0,2.1,Low,1376.0,3377.0
ACT-GC,ACT,HEALTH CENTER,May,YES,URBAN,2493.0,1.0,256.0,206,1936.0,50.9,Overstock,38.0,0.0
QUIN,SP,HEALTH CENTER,August,YES,RURAL,1493.0,5.0,256.0,-435,927.0,5.9,Overstock,158.0,1.0
SP,SP,HEALTH CENTER,August,YES,RURAL,6303.0,6.0,2051.0,-142,6467.0,3.0,Adequate,2153.0,7058.0
ART-SUP,ART,HEALTH CENTER,February,NO,RURAL,288.0,0.0,253.0,345,223.0,1.3,Low,170.0,1.0
ACT-INF,ACT,HEALTH CENTER,August,YES,URBAN,3832.0,677.0,1015.0,-838,6571.0,6.4,Overstock,1026.0,66.0
SP,SP,HEALTH CENTER,May,YES,RURAL,1029.0,96.0,187.0,-428,707.0,7.1,Overstock,100.0,4.0
ACT-GC,ACT,HEALTH CENTER,November,NO,RURAL,208.0,21.0,493.0,577,249.0,0.6,Critical,418.0,4971.0
ACT-GC,ACT,HEALTH CENTER,August,YES,RURAL,1770.0,112.0,531.0,-222,2645.0,6.0,Overstock,438.0,2940.0
QUIN,SP,HEALTH CENTER,February,NO,URBAN,473.0,4.0,118.0,-356,1119.0,559.5,Overstock,2.0,0.0
ART-INJ,ART,HEALTH CENTER,November,NO,RURAL,1161.0,0.0,184.0,347,108.0,0.6,Critical,191.0,3.0
PYRA-COMP,PYRA,HEALTH CENTER,May,YES,RURAL,165.0,550.0,102.0,645,229.0,2.9,Low,79.0,449.0
ACT-INF,ACT,HEALTH CENTER,February,NO,URBAN,6210.0,64.0,1142.0,314,5145.0,5.7,Overstock,895.0,4.0
ITN,PREV,HEALTH CENTER,November,NO,RURAL,36.0,15.0,16.0,-194,21.0,7.0,Overstock,3.0,0.0
PYRA-SAC,PYRA,HEALTH CENTER,November,NO,URBAN,4.0,0.0,13.0,-52,2.0,0.2,Critical,8.0,1.0
ACT-GC,ACT,HEALTH CENTER,November,NO,RURAL,2546.0,20.0,780.0,58,329.0,0.4,Critical,822.0,13268.0
SP,SP,HEALTH CENTER,August,YES,RURAL,1247.0,0.0,30.0,-43,243.0,5.9,Overstock,41.0,0.0
ACT-AD,ACT,HEALTH CENTER,August,YES,URBAN,176.0,0.0,58.0,330,43.0,0.4,Critical,119.0,548.0
ITN,PREV,HEALTH CENTER,November,NO,RURAL,356.0,19.0,98.0,-376,2606.0,113.3,Overstock,23.0,0.0
RDT,DIAG,HOSPITAL,November,NO,RURAL,158.0,921.0,354.0,-501,1011.0,2.5,Low,403.0,5.0
ACT-INF,ACT,HEALTH CENTER,August,YES,RURAL,868.0,1.0,253.0,-114,862.0,9.5,Overstock,91.0,7581.0
RDT,DIAG,HEALTH CENTER,August,YES,RURAL,776.0,0.0,147.0,-194,52.0,5.8,Overstock,9.0,2.0
ACT-GC,ACT,HEALTH CENTER,August,YES,RURAL,765.0,92.0,191.0,22,1326.0,39.0,Overstock,34.0,3.0
ACT-AD,ACT,HOSPITAL,November,NO,RURAL,287.0,2.0,128.0,120,1464.0,29.9,Overstock,49.0,4.0
QUIN,SP,HEALTH CENTER,February,NO,RURAL,76.0,12.0,165.0,63,435.0,0.7,Critical,632.0,2261.0
ACT-GC,ACT,HEALTH CENTER,February,NO,RURAL,2767.0,578.0,629.0,-40,2137.0,7.4,Overstock,289.0,1152.0
PYRA-SAC,PYRA,HEALTH CENTER,February,NO,URBAN,1378.0,0.0,38.0,-427,204.0,5.8,Overstock,35.0,90.0
ACT-SC,ACT,HEALTH CENTER,November,NO,RURAL,0.0,1.0,0.0,483,2.0,,Unknown,0.0,0.0
ACT-GC,ACT,HEALTH CENTER,August,YES,RURAL,2093.0,0.0,1056.0,-12,735.0,1.0,Critical,768.0,56.0
ACT-GC,ACT,HEALTH CENTER,May,YES,RURAL,1.0,16.0,14.0,-604,46.0,23.0,Overstock,2.0,4.0
ART-INJ,ART,HEALTH CENTER,May,YES,RURAL,605.0,365.0,102.0,-57,1464.0,21.2,Overstock,69.0,555.0
ITN,PREV,HEALTH CENTER,November,NO,URBAN,339.0,1.0,45.0,-215,246.0,30.8,Overstock,8.0,1.0
ACT-AD,ACT,HEALTH CENTER,May,YES,RURAL,9062.0,14.0,2219.0,-861,5705.0,4.3,Adequate,1332.0,277.0
ART-SUP,ART,HEALTH CENTER,November,NO,URBAN,3328.0,1556.0,1550.0,-875,3004.0,2.1,Low,1426.0,4.0
QUIN,SP,HEALTH CENTER,August,YES,URBAN,328.0,1.0,140.0,-158,437.0,3.2,Adequate,135.0,66.0
ART-SUP,ART,HEALTH CENTER,November,NO,URBAN,3362.0,231.0,386.0,-28,1036.0,8.5,Overstock,122.0,862.0
SP,SP,HEALTH CENTER,February,NO,RURAL,2865.0,0.0,383.0,246,4605.0,31.8,Overstock,145.0,109.0
RDT,DIAG,HEALTH CENTER,February,NO,RURAL,1551.0,1.0,696.0,-206,2184.0,7.3,Overstock,300.0,119.0
PYRA-SAC,PYRA,HEALTH CENTER,November,NO,URBAN,511.0,35.0,126.0,691,901.0,24.4,Overstock,37.0,0.0
RDT,DIAG,HEALTH CENTER,February,NO,URBAN,1426.0,177.0,351.0,405,1780.0,4.4,Adequate,402.0,1788.0
ART-SUP,ART,HEALTH CENTER,February,NO,URBAN,945.0,5.0,72.0,247,411.0,6.5,Overstock,63.0,1586.0
ACT-SC,ACT,HEALTH CENTER,May,YES,RURAL,4954.0,1259.0,2348.0,-811,3867.0,1.1,Low,3487.0,15383.0
ITN,PREV,HEALTH CENTER,November,NO,RURAL,1460.0,963.0,185.0,541,3064.0,71.3,Overstock,43.0,0.0
ACT-GC,ACT,HEALTH CENTER,November,NO,RURAL,3955.0,7.0,615.0,640,5619.0,7.1,Overstock,788.0,0.0
ACT-GC,ACT,HEALTH CENTER,February,NO,RURAL,168.0,26.0,20.0,-261,13.0,1.2,Low,11.0,0.0
ART-SUP,ART,HEALTH CENTER,August,YES,RURAL,539.0,1.0,215.0,-440,386.0,0.8,Critical,481.0,4.0
ITN,PREV,HOSPITAL,February,NO,URBAN,729.0,212.0,406.0,-334,631.0,5.8,Overstock,109.0,1.0
PYRA-COMP,PYRA,HEALTH CENTER,May,YES,URBAN,708.0,636.0,339.0,342,1698.0,6.6,Overstock,259.0,860.0
ART-SUP,ART,HEALTH CENTER,May,YES,RURAL,3.0,9.0,12.0,-150,51.0,4.6,Adequate,11.0,48.0
SP,SP,HEALTH CENTER,May,YES,RURAL,20.0,75.0,1.0,269,22.0,22.0,Overstock,1.0,21.0
ITN,PREV,HEALTH CENTER,August,YES,URBAN,57.0,1.0,77.0,-7,8.0,0.2,Critical,45.0,1964.0
RDT,DIAG,HEALTH CENTER,November,NO,URBAN,3077.0,0.0,315.0,-719,319.0,0.6,Critical,518.0,2448.0
ITN,PREV,HEALTH CENTER,November,NO,RURAL,338.0,241.0,49.0,550,358.0,19.9,Overstock,18.0,2.0
ACT-SC,ACT,HEALTH CENTER,August,YES,URBAN,594.0,582.0,463.0,335,580.0,0.7,Critical,875.0,0.0
PYRA-SAC,PYRA,HEALTH CENTER,February,NO,RURAL,447.0,19.0,246.0,444,495.0,3.5,Adequate,141.0,2.0
ART-INJ,ART,HEALTH CENTER,February,NO,URBAN,1405.0,23.0,757.0,-871,1199.0,1.6,Low,747.0,5606.0
ACT-AD,ACT,HEALTH CENTER,May,YES,URBAN,667.0,1.0,15.0,-624,733.0,733.0,Overstock,1.0,2.0
SP,SP,HEALTH CENTER,May,YES,URBAN,244.0,10.0,19.0,-294,65.0,5.4,Overstock,12.0,1.0
ACT-AD,ACT,HEALTH CENTER,May,YES,URBAN,5.0,41.0,71.0,0,82.0,0.9,Critical,96.0,42.0
ART-INJ,ART,HEALTH CENTER,May,YES,RURAL,80.0,45.0,102.0,143,187.0,7.8,Overstock,24.0,2415.0
PYRA-SAC,PYRA,HEALTH CENTER,May,YES,URBAN,1726.0,10.0,290.0,264,1357.0,12.1,Overstock,112.0,636.0
ITN,PREV,HEALTH CENTER,November,NO,URBAN,1040.0,0.0,192.0,-495,371.0,1.4,Low,269.0,646.0
ART-INJ,ART,HEALTH CENTER,May,YES,RURAL,80.0,238.0,130.0,-502,580.0,20.0,Overstock,29.0,23.0
RDT,DIAG,HEALTH CENTER,August,YES,URBAN,879.0,1040.0,947.0,66,2550.0,3.3,Adequate,779.0,177.0
ACT-SC,ACT,HEALTH CENTER,May,YES,URBAN,5.0,0.0,1.0,-137,6.0,,Unknown,0.0,391.0
SP,SP,HEALTH CENTER,November,NO,URBAN,714.0,0.0,238.0,-468,296.0,1.4,Low,212.0,49.0
ACT-GC,ACT,HEALTH CENTER,November,NO,RURAL,10831.0,8.0,1212.0,10,8070.0,14.6,Overstock,553.0,0.0
SP,SP,HEALTH CENTER,February,NO,RURAL,1518.0,0.0,128.0,194,459.0,2.2,Low,210.0,0.0
RDT,DIAG,HEALTH CENTER,November,NO,URBAN,5.0,1.0,3.0,-3,18.0,9.0,Overstock,2.0,0.0
ACT-SC,ACT,HEALTH CENTER,August,YES,RURAL,2922.0,37.0,282.0,110,3221.0,19.9,Overstock,162.0,0.0
ART-INJ,ART,HEALTH CENTER,May,YES,RURAL,578.0,0.0,116.0,469,74.0,0.3,Critical,241.0,989.0
ITN,PREV,HEALTH CENTER,May,YES,RURAL,2570.0,345.0,1235.0,982,8066.0,3.3,Adequate,2441.0,2477.0
PYRA-COMP,PYRA,HEALTH CENTER,November,NO,RURAL,710.0,0.0,156.0,380,69.0,0.8,Critical,87.0,71.0
RDT,DIAG,HEALTH CENTER,February,NO,RURAL,891.0,5.0,620.0,572,382.0,0.7,Critical,573.0,2296.0
ACT-INF,ACT,HEALTH CENTER,February,NO,RURAL,8.0,13.0,29.0,213,127.0,6.0,Overstock,21.0,1.0
RDT,DIAG,HEALTH CENTER,February,NO,URBAN,69.0,211.0,137.0,292,286.0,1.8,Low,161.0,762.0
PYRA-COMP,PYRA,HEALTH CENTER,May,YES,RURAL,2901.0,407.0,860.0,341,1521.0,5.2,Overstock,291.0,122.0
PYRA-COMP,PYRA,HEALTH CENTER,May,YES,RURAL,3177.0,59.0,1109.0,414,1382.0,1.0,Critical,1367.0,12926.0
SP,SP,HEALTH CENTER,August,YES,URBAN,8559.0,66.0,1795.0,-236,6138.0,2.6,Low,2361.0,4450.0
RDT,DIAG,HEALTH CENTER,August,YES,RURAL,1200.0,999.0,374.0,-55,2429.0,7.3,Overstock,332.0,0.0
ACT-SC,ACT,HEALTH CENTER,November,NO,RURAL,664.0,1.0,598.0,-207,397.0,0.9,Critical,443.0,226.0
ART-INJ,ART,HEALTH CENTER,November,NO,RURAL,400.0,1.0,55.0,437,251.0,31.4,Overstock,8.0,0.0
ACT-INF,ACT,HEALTH CENTER,August,YES,RURAL,14.0,0.0,12.0,597,90.0,90.0,Overstock,1.0,4119.0
ART-INJ,ART,HEALTH CENTER,November,NO,RURAL,1357.0,43.0,337.0,-91,636.0,3.2,Adequate,201.0,0.0
ITN,PREV,HEALTH CENTER,May,YES,RURAL,13.0,3.0,40.0,180,45.0,1.2,Low,36.0,0.0
ACT-INF,ACT,HEALTH CENTER,May,YES,RURAL,43.0,286.0,27.0,-295,177.0,17.7,Overstock,10.0,0.0
ACT-GC,ACT,HEALTH CENTER,February,NO,URBAN,452.0,407.0,66.0,-591,2542.0,16.6,Overstock,153.0,0.0
ACT-SC,ACT,HEALTH CENTER,August,YES,RURAL,1270.0,1.0,276.0,134,2732.0,28.2,Overstock,97.0,28.0
RDT,DIAG,HEALTH CENTER,February,NO,URBAN,2329.0,8.0,236.0,32,874.0,2.7,Low,320.0,3973.0
ACT-GC,ACT,HEALTH CENTER,August,YES,URBAN,0.0,0.0,28.0,319,1.0,0.2,Critical,4.0,17.0
ART-INJ,ART,HEALTH CENTER,November,NO,RURAL,131.0,908.0,66.0,122,381.0,76.2,Overstock,5.0,29.0
ART-SUP,ART,HEALTH CENTER,February,NO,RURAL,240.0,6.0,61.0,-196,14.0,0.3,Critical,55.0,4358.0
ACT-GC,ACT,HEALTH CENTER,May,YES,RURAL,990.0,1.0,314.0,1326,1930.0,22.4,Overstock,86.0,571.0
PYRA-SAC,PYRA,HEALTH CENTER,November,NO,RURAL,25.0,72.0,82.0,245,71.0,0.6,Critical,124.0,714.0
QUIN,SP,HEALTH CENTER,August,YES,RURAL,3935.0,1.0,792.0,455,5484.0,10.6,Overstock,516.0,229.0
ACT-SC,ACT,HEALTH CENTER,November,NO,RURAL,813.0,0.0,104.0,-172,169.0,1.5,Low,112.0,0.0
PYRA-COMP,PYRA,HEALTH CENTER,May,YES,RURAL,1724.0,509.0,213.0,204,1357.0,10.4,Overstock,130.0,120.0
ACT-GC,ACT,HEALTH CENTER,August,YES,RURAL,1959.0,1948.0,212.0,505,1356.0,7.3,Overstock,187.0,0.0
SP,SP,HEALTH CENTER,May,YES,RURAL,515.0,221.0,88.0,58,1520.0,30.4,Overstock,50.0,15.0
ACT-GC,ACT,HEALTH CENTER,May,YES,RURAL,5.0,0.0,6.0,-82,163.0,163.0,Overstock,1.0,0.0
ART-SUP,ART,HOSPITAL,November,NO,RURAL,1659.0,82.0,944.0,-452,1310.0,2.5,Low,515.0,0.0
ITN,PREV,HEALTH CENTER,August,YES,RURAL,2645.0,8.0,167.0,-318,1378.0,12.4,Overstock,111.0,1.0
ART-SUP,ART,HEALTH CENTER,May,YES,RURAL,906.0,0.0,530.0,-500,205.0,0.5,Critical,395.0,858.0
SP,SP,HEALTH CENTER,November,NO,RURAL,405.0,410.0,152.0,890,1237.0,9.7,Overstock,127.0,21.0
PYRA-COMP,PYRA,HEALTH CENTER,November,NO,RURAL,421.0,12.0,234.0,449,518.0,1.2,Low,426.0,1869.0
ACT-AD,ACT,HEALTH CENTER,November,NO,URBAN,584.0,0.0,17.0,-131,518.0,172.7,Overstock,3.0,0.0
RDT,DIAG,HEALTH CENTER,February,NO,RURAL,319.0,150.0,49.0,-105,645.0,33.9,Overstock,19.0,22.0
ART-INJ,ART,HEALTH CENTER,May,YES,RURAL,2794.0,0.0,412.0,-360,2968.0,14.7,Overstock,202.0,1.0
RDT,DIAG,HEALTH CENTER,November,NO,URBAN,7665.0,0.0,1146.0,50,1297.0,2.2,Low,598.0,1042.0
PYRA-COMP,PYRA,HEALTH CENTER,February,NO,URBAN,566.0,24.0,61.0,-158,503.0,13.2,Overstock,38.0,0.0
ACT-GC,ACT,HEALTH CENTER,November,NO,RURAL,230.0,0.0,10.0,163,9.0,1.8,Low,5.0,0.0
ART-INJ,ART,HEALTH CENTER,May,YES,RURAL,1041.0,0.0,109.0,-655,947.0,9.1,Overstock,104.0,45.0
RDT,DIAG,HEALTH CENTER,May,YES,URBAN,612.0,43.0,148.0,-526,301.0,4.9,Adequate,62.0,91.0
ACT-SC,ACT,HEALTH CENTER,May,YES,RURAL,624.0,1.0,156.0,906,264.0,10.2,Overstock,26.0,0.0
ART-INJ,ART,HEALTH CENTER,August,YES,RURAL,1698.0,20.0,667.0,77,3627.0,6.0,Overstock,602.0,16.0
ART-INJ,ART,HEALTH CENTER,August,YES,RURAL,0.0,1.0,2.0,-738,3.0,0.4,Critical,7.0,17.0
ACT-SC,ACT,HEALTH CENTER,November,NO,RURAL,1523.0,3.0,379.0,-15,2233.0,32.4,Overstock,69.0,14.0
SP,SP,HEALTH CENTER,May,YES,RURAL,263.0,0.0,36.0,492,1185.0,1185.0,Overstock,1.0,0.0
QUIN,SP,HEALTH CENTER,August,YES,URBAN,76.0,4.0,105.0,197,146.0,1.7,Low,88.0,0.0
PYRA-COMP,PYRA,HEALTH CENTER,May,YES,RURAL,10.0,109.0,27.0,209,845.0,13.0,Overstock,65.0,0.0
ITN,PREV,HEALTH CENTER,November,NO,RURAL,570.0,148.0,209.0,257,705.0,7.9,Overstock,89.0,119.0
QUIN,SP,HEALTH CENTER,May,YES,RURAL,4477.0,0.0,1391.0,-390,2317.0,2.3,Low,1008.0,1764.0
RDT,DIAG,HEALTH CENTER,November,NO,RURAL,942.0,7.0,190.0,345,1102.0,13.0,Overstock,85.0,0.0
QUIN,SP,HEALTH CENTER,November,NO,RURAL,542.0,64.0,424.0,-8,1967.0,6.2,Overstock,317.0,151.0
ACT-INF,ACT,HEALTH CENTER,May,YES,RURAL,1626.0,138.0,156.0,293,1266.0,6.4,Overstock,198.0,82.0
ACT-AD,ACT,HEALTH CENTER,May,YES,URBAN,6284.0,1083.0,1316.0,197,8120.0,19.2,Overstock,424.0,0.0
ACT-INF,ACT,HEALTH CENTER,November,NO,URBAN,2629.0,5.0,566.0,-400,955.0,4.6,Adequate,209.0,556.0
ART-INJ,ART,HEALTH CENTER,August,YES,URBAN,291.0,96.0,83.0,-430,128.0,2.6,Low,50.0,6.0
RDT,DIAG,HEALTH CENTER,August,YES,RURAL,605.0,108.0,238.0,7,888.0,3.0,Adequate,295.0,134.0
ACT-SC,ACT,HEALTH CENTER,November,NO,RURAL,489.0,0.0,110.0,57,272.0,3.5,Adequate,77.0,0.0
PYRA-SAC,PYRA,HEALTH CENTER,November,NO,URBAN,2782.0,0.0,581.0,-833,1779.0,7.4,Overstock,242.0,1672.0
ACT-GC,ACT,HEALTH CENTER,November,NO,URBAN,36.0,0.0,25.0,130,26.0,26.0,Overstock,1.0,6.0
SP,SP,HEALTH CENTER,February,NO,RURAL,2652.0,10.0,130.0,532,669.0,3.1,Adequate,213.0,1023.0
SP,SP,HEALTH CENTER,August,YES,RURAL,1882.0,20.0,444.0,384,2267.0,7.0,Overstock,323.0,4.0
ITN,PREV,HEALTH CENTER,November,NO,URBAN,1924.0,45.0,259.0,117,1132.0,12.3,Overstock,92.0,814.0
ART-INJ,ART,HEALTH CENTER,May,YES,RURAL,1907.0,142.0,416.0,-35,3182.0,12.7,Overstock,250.0,201.0
QUIN,SP,HEALTH CENTER,August,YES,RURAL,1097.0,0.0,187.0,-230,477.0,2.6,Low,181.0,547.0
ACT-INF,ACT,HEALTH CENTER,November,NO,RURAL,68.0,495.0,26.0,-448,195.0,13.9,Overstock,14.0,15.0
QUIN,SP,HEALTH CENTER,August,YES,URBAN,4244.0,0.0,224.0,-151,1691.0,27.7,Overstock,61.0,276.0
ACT-GC,ACT,HEALTH CENTER,February,NO,RURAL,129.0,0.0,34.0,408,12.0,1.5,Low,8.0,963.0
QUIN,SP,HEALTH CENTER,August,YES,RURAL,632.0,0.0,271.0,431,1348.0,2.3,Low,580.0,4039.0
PYRA-COMP,PYRA,HOSPITAL,August,YES,URBAN,1051.0,51.0,659.0,-128,1582.0,3.1,Adequate,506.0,0.0
RDT,DIAG,HOSPITAL,November,NO,RURAL,1779.0,6.0,453.0,-280,989.0,2.0,Low,506.0,24.0
ART-SUP,ART,HEALTH CENTER,May,YES,URBAN,6.0,0.0,12.0,118,238.0,,Unknown,0.0,0.0
PYRA-COMP,PYRA,HEALTH CENTER,November,NO,RURAL,656.0,346.0,92.0,-150,1262.0,29.3,Overstock,43.0,238.0
RDT,DIAG,HEALTH CENTER,February,NO,RURAL,552.0,0.0,158.0,-183,490.0,2.5,Low,195.0,12.0
ART-INJ,ART,HEALTH CENTER,February,NO,RURAL,1060.0,973.0,607.0,1018,1645.0,3.4,Adequate,486.0,631.0
ITN,PREV,HEALTH CENTER,November,NO,URBAN,3272.0,0.0,312.0,-547,1140.0,2.1,Low,538.0,112.0
ITN,PREV,HEALTH CENTER,August,YES,RURAL,52.0,3.0,1.0,-187,52.0,17.3,Overstock,3.0,0.0
ART-SUP,ART,HEALTH CENTER,November,NO,URBAN,189.0,4.0,29.0,-897,574.0,191.3,Overstock,3.0,0.0
PYRA-SAC,PYRA,HEALTH CENTER,May,YES,RURAL,308.0,386.0,538.0,621,719.0,2.7,Low,267.0,6.0
QUIN,SP,HEALTH CENTER,February,NO,URBAN,1277.0,3.0,411.0,-109,617.0,1.8,Low,352.0,349.0
PYRA-COMP,PYRA,HEALTH CENTER,May,YES,RURAL,76.0,0.0,11.0,672,228.0,7.1,Overstock,32.0,13.0
RDT,DIAG,HEALTH CENTER,November,NO,RURAL,1849.0,0.0,1004.0,-588,792.0,0.8,Critical,983.0,581.0
ACT-GC,ACT,HEALTH CENTER,May,YES,URBAN,3294.0,2.0,1020.0,562,1888.0,3.7,Adequate,511.0,1017.0
PYRA-SAC,PYRA,HEALTH CENTER,February,NO,RURAL,1830.0,0.0,328.0,193,1291.0,32.3,Overstock,40.0,0.0
ART-INJ,ART,HEALTH CENTER,August,YES,RURAL,1558.0,694.0,567.0,-7,1667.0,3.2,Adequate,518.0,423.0
PYRA-COMP,PYRA,HEALTH CENTER,November,NO,RURAL,237.0,165.0,240.0,482,477.0,1.6,Low,290.0,2941.0
PYRA-COMP,PYRA,HEALTH CENTER,August,YES,RURAL,782.0,271.0,287.0,1073,1236.0,9.2,Overstock,134.0,1034.0
PYRA-COMP,PYRA,HEALTH CENTER,August,YES,RURAL,27.0,0.0,20.0,392,18.0,1.2,Low,15.0,1931.0
SP,SP,HEALTH CENTER,August,YES,URBAN,0.0,0.0,5.0,492,2.0,,Unknown,0.0,1.0
PYRA-SAC,PYRA,HEALTH CENTER,August,YES,RURAL,560.0,0.0,80.0,-239,323.0,4.0,Adequate,81.0,1.0
ITN,PREV,HEALTH CENTER,November,NO,URBAN,2397.0,2583.0,1490.0,-134,5781.0,4.6,Adequate,1247.0,14.0
ART-INJ,ART,HOSPITAL,November,NO,URBAN,231.0,144.0,84.0,-86,722.0,17.6,Overstock,41.0,1479.0
ITN,PREV,HEALTH CENTER,August,YES,RURAL,119.0,1.0,122.0,448,348.0,4.8,Adequate,72.0,12.0
RDT,DIAG,HEALTH CENTER,February,NO,RURAL,41.0,3.0,1.0,1139,12.0,,Unknown,0.0,2.0
ACT-SC,ACT,HEALTH CENTER,February,NO,URBAN,183.0,342.0,167.0,-16,1339.0,14.1,Overstock,95.0,240.0
QUIN,SP,HEALTH CENTER,May,YES,RURAL,2623.0,2.0,831.0,-374,2094.0,2.7,Low,784.0,192.0
RDT,DIAG,HEALTH CENTER,February,NO,URBAN,30.0,1.0,48.0,152,178.0,4.1,Adequate,43.0,37.0
QUIN,SP,HEALTH CENTER,February,NO,RURAL,814.0,1.0,12.0,-76,236.0,236.0,Overstock,1.0,0.0
ACT-INF,ACT,HEALTH CENTER,February,NO,RURAL,138.0,0.0,118.0,805,550.0,3.8,Adequate,143.0,2.0
PYRA-COMP,PYRA,HEALTH CENTER,February,NO,RURAL,3053.0,61.0,394.0,-339,2715.0,16.8,Overstock,162.0,0.0
SP,SP,HEALTH CENTER,August,YES,URBAN,2447.0,171.0,280.0,16,942.0,6.7,Overstock,141.0,0.0
ART-INJ,ART,HEALTH CENTER,November,NO,RURAL,335.0,0.0,47.0,-331,209.0,4.1,Adequate,51.0,8156.0
ACT-AD,ACT,HEALTH CENTER,May,YES,URBAN,2715.0,20.0,471.0,-273,2119.0,5.5,Overstock,382.0,759.0
PYRA-SAC,PYRA,HEALTH CENTER,February,NO,URBAN,713.0,10.0,63.0,-574,605.0,6.9,Overstock,88.0,10.0
ACT-AD,ACT,HOSPITAL,August,YES,RURAL,258.0,0.0,312.0,66,240.0,0.6,Critical,434.0,1.0
RDT,DIAG,HEALTH CENTER,May,YES,RURAL,199.0,655.0,167.0,-46,234.0,1.7,Low,137.0,2162.0
ACT-SC,ACT,HEALTH CENTER,May,YES,RURAL,417.0,0.0,69.0,-504,59.0,4.5,Adequate,13.0,0.0
ART-INJ,ART,HEALTH CENTER,February,NO,RURAL,1427.0,4.0,86.0,297,438.0,2.8,Low,157.0,56.0
ACT-GC,ACT,HEALTH CENTER,February,NO,RURAL,94.0,0.0,21.0,-43,25.0,1.6,Low,16.0,616.0
ACT-SC,ACT,HEALTH CENTER,August,YES,URBAN,2942.0,284.0,159.0,-552,1870.0,53.4,Overstock,35.0,2.0
ITN,PREV,HEALTH CENTER,May,YES,RURAL,11.0,6.0,13.0,376,13.0,1.2,Low,11.0,184.0
RDT,DIAG,HEALTH CENTER,May,YES,URBAN,56.0,5.0,109.0,-583,264.0,37.7,Overstock,7.0,0.0
QUIN,SP,HEALTH CENTER,November,NO,RURAL,814.0,0.0,30.0,-232,810.0,35.2,Overstock,23.0,0.0
ART-SUP,ART,HEALTH CENTER,February,NO,URBAN,4798.0,2146.0,801.0,-730,6324.0,10.8,Overstock,584.0,27.0
ACT-INF,ACT,HEALTH CENTER,November,NO,RURAL,1327.0,3.0,619.0,74,2003.0,5.8,Overstock,346.0,4.0
ART-SUP,ART,HEALTH CENTER,November,NO,RURAL,930.0,177.0,193.0,-11,1139.0,26.5,Overstock,43.0,2.0
QUIN,SP,HOSPITAL,August,YES,URBAN,302.0,0.0,75.0,284,97.0,12.1,Overstock,8.0,703.0
ACT-INF,ACT,HEALTH CENTER,May,YES,URBAN,1378.0,59.0,215.0,80,1639.0,7.1,Overstock,231.0,620.0
ACT-SC,ACT,HOSPITAL,August,YES,URBAN,0.0,70.0,1.0,-263,1.0,,Unknown,0.0,317.0
ACT-AD,ACT,HEALTH CENTER,May,YES,RURAL,560.0,1002.0,381.0,-179,1456.0,6.2,Overstock,233.0,448.0
QUIN,SP,HEALTH CENTER,February,NO,RURAL,124.0,2.0,59.0,74,27.0,0.7,Critical,41.0,378.0
ACT-AD,ACT,HEALTH CENTER,November,NO,URBAN,840.0,0.0,146.0,-162,593.0,2.0,Low,302.0,5441.0
ITN,PREV,HOSPITAL,May,YES,RURAL,262.0,1877.0,98.0,242,955.0,10.4,Overstock,92.0,76.0
ART-SUP,ART,HEALTH CENTER,February,NO,URBAN,1563.0,1426.0,387.0,23,1767.0,8.7,Overstock,204.0,1760.0
PYRA-SAC,PYRA,HEALTH CENTER,May,YES,RURAL,6.0,65.0,16.0,1198,68.0,22.7,Overstock,3.0,16.0
RDT,DIAG,HEALTH CENTER,February,NO,URBAN,15.0,0.0,10.0,-148,16.0,5.3,Overstock,3.0,0.0
ART-SUP,ART,HEALTH CENTER,August,YES,URBAN,116.0,0.0,79.0,-601,106.0,2.4,Low,44.0,20.0
RDT,DIAG,HEALTH CENTER,November,NO,URBAN,684.0,379.0,233.0,-505,1600.0,4.9,Adequate,326.0,99.0
ACT-INF,ACT,HEALTH CENTER,November,NO,RURAL,294.0,0.0,69.0,-27,36.0,0.5,Critical,67.0,247.0
ART-SUP,ART,HEALTH CENTER,February,NO,URBAN,2913.0,517.0,484.0,433,1935.0,3.3,Adequate,590.0,395.0
RDT,DIAG,HEALTH CENTER,November,NO,URBAN,1847.0,93.0,716.0,737,2130.0,4.9,Adequate,433.0,1.0
SP,SP,HEALTH CENTER,November,NO,URBAN,238.0,70.0,253.0,152,181.0,7.5,Overstock,24.0,6299.0
PYRA-COMP,PYRA,HOSPITAL,November,NO,URBAN,283.0,184.0,111.0,-480,76.0,0.5,Critical,167.0,1612.0
SP,SP,HEALTH CENTER,November,NO,RURAL,166.0,0.0,36.0,-240,219.0,7.3,Overstock,30.0,337.0
PYRA-COMP,PYRA,HEALTH CENTER,February,NO,RURAL,59.0,0.0,57.0,274,20.0,0.6,Critical,35.0,14.0
SP,SP,HEALTH CENTER,November,NO,URBAN,2755.0,24.0,1231.0,-56,3535.0,2.7,Low,1313.0,12933.0
ACT-SC,ACT,HEALTH CENTER,August,YES,RURAL,1617.0,1409.0,621.0,25,922.0,2.3,Low,401.0,3541.0
PYRA-COMP,PYRA,HEALTH CENTER,August,YES,RURAL,1750.0,0.0,175.0,-59,299.0,3.0,Adequate,100.0,54.0
ART-INJ,ART,HEALTH CENTER,May,YES,RURAL,479.0,445.0,694.0,133,919.0,2.1,Low,447.0,882.0
ART-SUP,ART,HEALTH CENTER,November,NO,RURAL,15.0,176.0,18.0,304,67.0,11.2,Overstock,6.0,20.0
SP,SP,HEALTH CENTER,May,YES,URBAN,637.0,3.0,754.0,-501,265.0,0.3,Critical,903.0,12100.0
QUIN,SP,HEALTH CENTER,February,NO,URBAN,4841.0,0.0,991.0,-521,1517.0,1.3,Low,1181.0,9.0
QUIN,SP,HEALTH CENTER,May,YES,RURAL,156.0,11.0,262.0,59,35.0,0.3,Critical,107.0,383.0
PYRA-SAC,PYRA,HEALTH CENTER,November,NO,RURAL,1725.0,27.0,297.0,993,1643.0,4.4,Adequate,374.0,2.0
ITN,PREV,HEALTH CENTER,August,YES,RURAL,410.0,0.0,37.0,-267,713.0,15.2,Overstock,47.0,6.0
SP,SP,HEALTH CENTER,February,NO,RURAL,1273.0,9.0,208.0,-101,1557.0,4.0,Adequate,386.0,5120.0
QUIN,SP,HEALTH CENTER,May,YES,RURAL,1106.0,31.0,835.0,226,1181.0,2.5,Low,478.0,11.0
QUIN,SP,HEALTH CENTER,May,YES,URBAN,2364.0,0.0,565.0,31,1093.0,3.8,Adequate,284.0,515.0
ART-INJ,ART,HEALTH CENTER,February,NO,RURAL,514.0,710.0,678.0,827,504.0,1.1,Low,467.0,110.0
ACT-GC,ACT,HEALTH CENTER,May,YES,RURAL,373.0,10.0,158.0,-500,832.0,3.2,Adequate,260.0,156.0
ITN,PREV,HEALTH CENTER,August,YES,RURAL,605.0,74.0,835.0,1435,1452.0,1.9,Low,753.0,1569.0
SP,SP,HEALTH CENTER,February,NO,URBAN,3674.0,1481.0,2207.0,-78,6367.0,4.2,Adequate,1520.0,371.0
SP,SP,HEALTH CENTER,February,NO,URBAN,184.0,0.0,25.0,469,59.0,2.5,Low,24.0,13.0
ACT-SC,ACT,HEALTH CENTER,February,NO,RURAL,1135.0,528.0,115.0,-478,1473.0,10.5,Overstock,140.0,174.0
QUIN,SP,HEALTH CENTER,November,NO,URBAN,394.0,0.0,58.0,-449,587.0,58.7,Overstock,10.0,7.0
ART-INJ,ART,HEALTH CENTER,August,YES,RURAL,315.0,184.0,303.0,110,242.0,0.8,Critical,291.0,2322.0
ACT-AD,ACT,HEALTH CENTER,May,YES,URBAN,797.0,47.0,33.0,215,1295.0,30.1,Overstock,43.0,417.0
ACT-SC,ACT,HEALTH CENTER,August,YES,RURAL,6392.0,71.0,1460.0,148,2540.0,2.0,Low,1252.0,3757.0
SP,SP,HEALTH CENTER,May,YES,URBAN,127.0,0.0,19.0,281,606.0,303.0,Overstock,2.0,0.0
ART-SUP,ART,HEALTH CENTER,February,NO,RURAL,754.0,169.0,125.0,50,1765.0,14.3,Overstock,123.0,51.0
QUIN,SP,HEALTH CENTER,February,NO,RURAL,201.0,0.0,26.0,-681,224.0,224.0,Overstock,1.0,0.0
RDT,DIAG,HEALTH CENTER,August,YES,RURAL,618.0,405.0,187.0,-74,264.0,2.1,Low,127.0,100.0
SP,SP,HEALTH CENTER,May,YES,RURAL,2912.0,0.0,703.0,1124,571.0,1.0,Critical,566.0,3634.0
PYRA-SAC,PYRA,HEALTH CENTER,May,YES,URBAN,1354.0,47.0,355.0,-59,1497.0,6.2,Overstock,242.0,0.0
QUIN,SP,HOSPITAL,November,NO,RURAL,50.0,0.0,5.0,-33,11.0,1.6,Low,7.0,17.0
ACT-INF,ACT,HEALTH CENTER,August,YES,URBAN,1117.0,0.0,41.0,123,547.0,6.1,Overstock,90.0,73.0
ACT-SC,ACT,HEALTH CENTER,November,NO,RURAL,595.0,0.0,113.0,-247,311.0,2.8,Low,110.0,83.0
ACT-SC,ACT,HEALTH CENTER,February,NO,URBAN,1087.0,3855.0,1067.0,100,3251.0,3.5,Adequate,936.0,1840.0
ACT-INF,ACT,HEALTH CENTER,May,YES,RURAL,401.0,1.0,36.0,-570,539.0,14.2,Overstock,38.0,0.0
QUIN,SP,HEALTH CENTER,February,NO,RURAL,1796.0,5.0,65.0,451,1144.0,52.0,Overstock,22.0,0.0
PYRA-SAC,PYRA,HEALTH CENTER,August,YES,RURAL,115.0,0.0,12.0,264,67.0,67.0,Overstock,1.0,0.0
ACT-GC,ACT,HEALTH CENTER,February,NO,RURAL,4087.0,1.0,1279.0,-310,3721.0,5.3,Overstock,702.0,1150.0
ACT-GC,ACT,HEALTH CENTER,November,NO,URBAN,96.0,0.0,31.0,686,29.0,2.6,Low,11.0,756.0
ACT-GC,ACT,HEALTH CENTER,February,NO,URBAN,1405.0,155.0,230.0,345,1419.0,25.8,Overstock,55.0,0.0
ACT-SC,ACT,HEALTH CENTER,August,YES,URBAN,1879.0,1851.0,704.0,-315,2919.0,4.6,Adequate,632.0,227.0
ACT-INF,ACT,HEALTH CENTER,February,NO,RURAL,73.0,0.0,9.0,332,108.0,108.0,Overstock,1.0,0.0
ITN,PREV,HEALTH CENTER,May,YES,RURAL,31.0,0.0,83.0,402,52.0,1.4,Low,38.0,4.0
ACT-AD,ACT,HEALTH CENTER,February,NO,RURAL,261.0,0.0,62.0,-214,194.0,12.9,Overstock,15.0,1.0
QUIN,SP,HEALTH CENTER,August,YES,URBAN,149.0,0.0,20.0,-215,319.0,159.5,Overstock,2.0,0.0
ART-SUP,ART,HEALTH CENTER,February,NO,URBAN,960.0,219.0,257.0,178,362.0,1.9,Low,188.0,1.0
ART-SUP,ART,HEALTH CENTER,November,NO,RURAL,10.0,192.0,70.0,-370,399.0,8.7,Overstock,46.0,97.0
ART-INJ,ART,HEALTH CENTER,November,NO,URBAN,86.0,1193.0,388.0,676,490.0,1.8,Low,267.0,196.0
ITN,PREV,HEALTH CENTER,November,NO,RURAL,1496.0,145.0,627.0,117,2065.0,3.0,Adequate,691.0,3193.0
ACT-GC,ACT,HEALTH CENTER,May,YES,URBAN,55.0,1.0,21.0,-32,220.0,55.0,Overstock,4.0,2.0
ACT-AD,ACT,HEALTH CENTER,November,NO,RURAL,258.0,1.0,278.0,-343,130.0,1.1,Low,119.0,99.0
PYRA-COMP,PYRA,HEALTH CENTER,May,YES,URBAN,601.0,63.0,248.0,336,1344.0,6.1,Overstock,222.0,21.0
PYRA-COMP,PYRA,HEALTH CENTER,August,YES,URBAN,5475.0,247.0,570.0,-786,1242.0,4.5,Adequate,277.0,2.0
PYRA-SAC,PYRA,HEALTH CENTER,May,YES,RURAL,1439.0,5.0,240.0,403,1758.0,10.7,Overstock,164.0,88.0
ACT-GC,ACT,HEALTH CENTER,August,YES,RURAL,2063.0,1.0,164.0,-552,802.0,22.3,Overstock,36.0,0.0
ITN,PREV,HEALTH CENTER,November,NO,RURAL,1436.0,6.0,160.0,-82,2017.0,8.0,Overstock,253.0,674.0
RDT,DIAG,HEALTH CENTER,May,YES,RURAL,976.0,64.0,331.0,139,438.0,1.1,Low,389.0,210.0
ART-INJ,ART,HEALTH CENTER,November,NO,RURAL,705.0,78.0,497.0,-213,1211.0,2.2,Low,544.0,581.0
ART-SUP,ART,HEALTH CENTER,May,YES,RURAL,1704.0,402.0,121.0,120,1508.0,18.0,Overstock,84.0,2642.0
RDT,DIAG,HEALTH CENTER,November,NO,RURAL,183.0,0.0,316.0,258,227.0,7.6,Overstock,30.0,1834.0
ACT-GC,ACT,HEALTH CENTER,February,NO,URBAN,412.0,0.0,191.0,302,346.0,13.8,Overstock,25.0,11.0
ACT-INF,ACT,HEALTH CENTER,February,NO,RURAL,653.0,0.0,83.0,-365,814.0,5.5,Overstock,149.0,8788.0
RDT,DIAG,HEALTH CENTER,August,YES,RURAL,259.0,13.0,128.0,642,569.0,12.9,Overstock,44.0,2.0
ACT-AD,ACT,HEALTH CENTER,November,NO,RURAL,288.0,0.0,12.0,-3,49.0,9.8,Overstock,5.0,6.0
RDT,DIAG,HEALTH CENTER,November,NO,RURAL,559.0,71.0,473.0,-77,1285.0,3.0,Adequate,434.0,160.0
QUIN,SP,HEALTH CENTER,February,NO,RURAL,67.0,0.0,44.0,-457,146.0,29.2,Overstock,5.0,0.0
ACT-GC,ACT,HEALTH CENTER,May,YES,URBAN,71.0,10.0,0.0,-285,323.0,,Unknown,0.0,0.0
RDT,DIAG,HEALTH CENTER,November,NO,RURAL,954.0,0.0,341.0,-382,635.0,4.3,Adequate,146.0,48.0
RDT,DIAG,HEALTH CENTER,August,YES,RURAL,3349.0,456.0,731.0,274,4594.0,10.0,Overstock,461.0,94.0
ART-SUP,ART,HEALTH CENTER,February,NO,URBAN,58.0,764.0,301.0,188,425.0,1.7,Low,249.0,4581.0
ITN,PREV,HEALTH CENTER,May,YES,RURAL,5129.0,2104.0,1138.0,708,4890.0,5.8,Overstock,840.0,134.0
ACT-SC,ACT,HEALTH CENTER,August,YES,RURAL,650.0,533.0,78.0,-422,1455.0,33.1,Overstock,44.0,0.0
ART-INJ,ART,HEALTH CENTER,November,NO,RURAL,797.0,37.0,575.0,51,1230.0,2.6,Low,468.0,43.0
ART-INJ,ART,HEALTH CENTER,November,NO,URBAN,1211.0,37.0,873.0,-221,2071.0,1.9,Low,1103.0,1.0
QUIN,SP,HEALTH CENTER,August,YES,RURAL,234.0,0.0,155.0,-448,566.0,10.9,Overstock,52.0,0.0
ACT-AD,ACT,HOSPITAL,May,YES,URBAN,35.0,176.0,215.0,-106,10.0,0.0,Stockout,284.0,91.0
PYRA-SAC,PYRA,HEALTH CENTER,August,YES,URBAN,1438.0,567.0,395.0,-453,3052.0,16.1,Overstock,189.0,2324.0
ITN,PREV,HEALTH CENTER,August,YES,RURAL,895.0,50.0,302.0,-107,1040.0,10.1,Overstock,103.0,1.0
RDT,DIAG,HEALTH CENTER,February,NO,RURAL,313.0,17.0,40.0,-821,457.0,26.9,Overstock,17.0,76.0
ART-INJ,ART,HEALTH CENTER,February,NO,RURAL,11.0,202.0,31.0,-22,90.0,22.5,Overstock,4.0,874.0
ACT-GC,ACT,HEALTH CENTER,November,NO,URBAN,4932.0,1098.0,1357.0,-477,3890.0,4.4,Adequate,891.0,353.0
PYRA-COMP,PYRA,HEALTH CENTER,August,YES,RURAL,58.0,12.0,127.0,191,92.0,1.8,Low,51.0,208.0
SP,SP,HEALTH CENTER,February,NO,RURAL,2056.0,3.0,179.0,-797,143.0,0.8,Critical,185.0,268.0
RDT,DIAG,HEALTH CENTER,August,YES,RURAL,288.0,15.0,616.0,-101,598.0,1.1,Low,562.0,265.0
ACT-SC,ACT,HEALTH CENTER,August,YES,RURAL,418.0,366.0,212.0,-1093,227.0,1.6,Low,139.0,4.0
PYRA-COMP,PYRA,HEALTH CENTER,August,YES,RURAL,727.0,1.0,328.0,-131,1180.0,7.4,Overstock,160.0,627.0
RDT,DIAG,HEALTH CENTER,May,YES,URBAN,1776.0,1.0,709.0,-51,2372.0,3.8,Adequate,627.0,633.0
ACT-INF,ACT,HEALTH CENTER,February,NO,RURAL,159.0,108.0,95.0,309,383.0,5.0,Adequate,77.0,1349.0
ACT-AD,ACT,HEALTH CENTER,February,NO,RURAL,796.0,12.0,178.0,-55,939.0,2.4,Low,387.0,1863.0
ITN,PREV,HEALTH CENTER,May,YES,URBAN,4050.0,0.0,970.0,-390,2277.0,4.5,Adequate,509.0,287.0
QUIN,SP,HOSPITAL,May,YES,URBAN,314.0,14.0,97.0,34,1044.0,16.8,Overstock,62.0,0.0
ART-INJ,ART,HEALTH CENTER,May,YES,RURAL,208.0,18.0,162.0,347,333.0,2.5,Low,133.0,10932.0
RDT,DIAG,HEALTH CENTER,August,YES,RURAL,589.0,171.0,271.0,-591,784.0,2.5,Low,312.0,351.0
ACT-GC,ACT,HEALTH CENTER,May,YES,RURAL,190.0,0.0,50.0,447,408.0,11.3,Overstock,36.0,2.0
ART-INJ,ART,HEALTH CENTER,February,NO,RURAL,2690.0,0.0,452.0,-381,1292.0,5.5,Overstock,237.0,67.0
ART-SUP,ART,HEALTH CENTER,May,YES,RURAL,1252.0,1109.0,336.0,-210,1586.0,2.6,Low,605.0,4011.0
ART-SUP,ART,HEALTH CENTER,November,NO,RURAL,5423.0,632.0,1117.0,-197,8698.0,4.9,Adequate,1779.0,609.0
RDT,DIAG,HEALTH CENTER,November,NO,RURAL,64.0,638.0,17.0,83,884.0,442.0,Overstock,2.0,0.0
ACT-GC,ACT,HEALTH CENTER,November,NO,RURAL,2899.0,142.0,420.0,-455,2639.0,5.2,Overstock,506.0,0.0
ART-SUP,ART,HEALTH CENTER,May,YES,RURAL,181.0,1.0,32.0,-230,302.0,151.0,Overstock,2.0,3.0
ART-SUP,ART,HEALTH CENTER,August,YES,RURAL,38.0,149.0,154.0,-349,32.0,0.3,Critical,124.0,895.0
RDT,DIAG,HEALTH CENTER,August,YES,RURAL,1243.0,2.0,229.0,63,579.0,1.9,Low,300.0,5141.0
RDT,DIAG,HEALTH CENTER,November,NO,RURAL,1249.0,17.0,521.0,627,1193.0,1.7,Low,694.0,0.0
RDT,DIAG,HEALTH CENTER,May,YES,URBAN,416.0,1.0,27.0,-7,730.0,31.7,Overstock,23.0,0.0
ACT-GC,ACT,HEALTH CENTER,August,YES,RURAL,1899.0,0.0,821.0,71,657.0,0.5,Critical,1201.0,1012.0
ACT-AD,ACT,HEALTH CENTER,February,NO,URBAN,1607.0,186.0,355.0,393,466.0,1.1,Low,435.0,34.0
ACT-INF,ACT,HEALTH CENTER,August,YES,RURAL,620.0,605.0,483.0,-1000,1324.0,5.9,Overstock,224.0,13.0
RDT,DIAG,HEALTH CENTER,May,YES,URBAN,677.0,0.0,281.0,387,556.0,6.9,Overstock,81.0,87.0
ITN,PREV,HEALTH CENTER,November,NO,RURAL,2038.0,0.0,521.0,364,1379.0,1.8,Low,783.0,639.0
ITN,PREV,HEALTH CENTER,February,NO,RURAL,180.0,181.0,178.0,-325,2242.0,38.7,Overstock,58.0,0.0
ITN,PREV,HEALTH CENTER,February,NO,URBAN,361.0,1.0,211.0,-336,847.0,2.1,Low,405.0,943.0
RDT,DIAG,HEALTH CENTER,May,YES,RURAL,68.0,277.0,184.0,460,177.0,1.2,Low,145.0,302.0
ART-INJ,ART,HEALTH CENTER,November,NO,RURAL,1082.0,26.0,399.0,-136,4919.0,26.9,Overstock,183.0,0.0
QUIN,SP,HEALTH CENTER,November,NO,RURAL,152.0,0.0,68.0,791,847.0,40.3,Overstock,21.0,156.0
ART-INJ,ART,HEALTH CENTER,November,NO,RURAL,3573.0,686.0,369.0,121,2889.0,12.2,Overstock,237.0,3.0
PYRA-SAC,PYRA,HEALTH CENTER,May,YES,RURAL,1743.0,258.0,101.0,-739,1988.0,51.0,Overstock,39.0,0.0
ACT-INF,ACT,HEALTH CENTER,February,NO,RURAL,1691.0,123.0,1131.0,-445,4244.0,2.8,Low,1541.0,0.0
RDT,DIAG,HEALTH CENTER,August,YES,URBAN,65.0,0.0,6.0,314,161.0,,Unknown,0.0,0.0
ACT-AD,ACT,HEALTH CENTER,May,YES,RURAL,203.0,0.0,51.0,174,100.0,6.2,Overstock,16.0,4.0
ACT-SC,ACT,HEALTH CENTER,May,YES,URBAN,587.0,0.0,71.0,-278,272.0,4.0,Adequate,68.0,1.0
ACT-AD,ACT,HEALTH CENTER,August,YES,RURAL,249.0,42.0,101.0,139,420.0,6.8,Overstock,62.0,957.0
SP,SP,HOSPITAL,February,NO,RURAL,1069.0,224.0,927.0,581,1764.0,5.1,Overstock,349.0,2.0
QUIN,SP,HEALTH CENTER,August,YES,RURAL,1487.0,7.0,63.0,385,588.0,5.2,Overstock,114.0,39.0
ACT-GC,ACT,HEALTH CENTER,May,YES,RURAL,882.0,10.0,306.0,-221,902.0,3.1,Adequate,287.0,3570.0
ACT-INF,ACT,HEALTH CENTER,May,YES,RURAL,940.0,0.0,153.0,-498,31.0,1.0,Critical,31.0,236.0
QUIN,SP,HEALTH CENTER,February,NO,RURAL,845.0,218.0,783.0,34,2545.0,5.6,Overstock,452.0,229.0
ART-SUP,ART,HEALTH CENTER,November,NO,RURAL,93.0,0.0,29.0,126,63.0,9.0,Overstock,7.0,0.0
ITN,PREV,HEALTH CENTER,November,NO,URBAN,1322.0,171.0,306.0,23,808.0,8.0,Overstock,101.0,18.0
ACT-GC,ACT,HEALTH CENTER,November,NO,RURAL,427.0,65.0,62.0,0,527.0,87.8,Overstock,6.0,15.0
ACT-SC,ACT,HEALTH CENTER,November,NO,URBAN,3443.0,43.0,799.0,-384,1583.0,1.2,Low,1328.0,4987.0
ACT-GC,ACT,HEALTH CENTER,August,YES,RURAL,967.0,8.0,196.0,-845,977.0,4.5,Adequate,219.0,595.0
ART-INJ,ART,HEALTH CENTER,May,YES,RURAL,295.0,1.0,300.0,301,824.0,4.2,Adequate,195.0,412.0
PYRA-COMP,PYRA,HEALTH CENTER,August,YES,URBAN,2303.0,1.0,199.0,-555,1056.0,18.9,Overstock,56.0,2.0
ART-SUP,ART,HEALTH CENTER,November,NO,RURAL,374.0,136.0,109.0,190,917.0,23.5,Overstock,39.0,2.0
ART-SUP,ART,HEALTH CENTER,February,NO,RURAL,450.0,434.0,77.0,-952,817.0,26.4,Overstock,31.0,1.0
ITN,PREV,HOSPITAL,February,NO,URBAN,1127.0,197.0,141.0,-313,2609.0,10.4,Overstock,251.0,0.0
ITN,PREV,HEALTH CENTER,February,NO,URBAN,1383.0,0.0,127.0,82,485.0,3.5,Adequate,138.0,293.0
ITN,PREV,HEALTH CENTER,February,NO,URBAN,174.0,0.0,44.0,203,105.0,26.2,Overstock,4.0,0.0
RDT,DIAG,HEALTH CENTER,May,YES,URBAN,175.0,1.0,23.0,29,400.0,100.0,Overstock,4.0,1479.0
PYRA-SAC,PYRA,HEALTH CENTER,November,NO,RURAL,267.0,760.0,50.0,408,920.0,11.5,Overstock,80.0,0.0
ACT-GC,ACT,HEALTH CENTER,May,YES,URBAN,164.0,0.0,173.0,420,107.0,0.6,Critical,190.0,1053.0
ACT-SC,ACT,HEALTH CENTER,November,NO,RURAL,1849.0,1.0,681.0,-185,1877.0,3.5,Adequate,543.0,0.0
SP,SP,HEALTH CENTER,November,NO,URBAN,2877.0,2.0,256.0,-22,814.0,2.9,Low,277.0,2421.0
ACT-GC,ACT,HEALTH CENTER,February,NO,URBAN,2127.0,22.0,322.0,156,787.0,9.6,Overstock,82.0,691.0
PYRA-SAC,PYRA,HEALTH CENTER,February,NO,RURAL,627.0,96.0,315.0,-138,873.0,2.2,Low,398.0,3174.0
QUIN,SP,HEALTH CENTER,November,NO,URBAN,590.0,0.0,73.0,633,340.0,3.0,Adequate,112.0,21.0
ACT-AD,ACT,HEALTH CENTER,February,NO,RURAL,1288.0,0.0,288.0,-832,659.0,6.9,Overstock,95.0,381.0
PYRA-COMP,PYRA,HEALTH CENTER,August,YES,URBAN,400.0,20.0,44.0,790,12.0,0.7,Critical,18.0,1.0
SP,SP,HEALTH CENTER,May,YES,RURAL,355.0,14.0,285.0,79,797.0,3.2,Adequate,248.0,3532.0
ACT-AD,ACT,HEALTH CENTER,May,YES,RURAL,1206.0,1.0,361.0,-706,1166.0,3.2,Adequate,369.0,239.0
RDT,DIAG,HEALTH CENTER,November,NO,RURAL,509.0,43.0,172.0,-92,373.0,3.2,Adequate,116.0,0.0
ACT-AD,ACT,HEALTH CENTER,August,YES,RURAL,27.0,112.0,20.0,263,105.0,2.9,Low,36.0,0.0
ART-SUP,ART,HEALTH CENTER,August,YES,RURAL,1.0,5.0,1.0,429,20.0,,Unknown,0.0,345.0
ACT-GC,ACT,HEALTH CENTER,February,NO,URBAN,34.0,1.0,24.0,-257,44.0,14.7,Overstock,3.0,158.0
ITN,PREV,HEALTH CENTER,November,NO,RURAL,40.0,1.0,48.0,145,30.0,0.9,Critical,34.0,19.0
ACT-GC,ACT,HEALTH CENTER,February,NO,RURAL,331.0,1.0,214.0,135,792.0,4.6,Adequate,173.0,8.0
PYRA-COMP,PYRA,HEALTH CENTER,May,YES,URBAN,69.0,0.0,1.0,-237,40.0,,Unknown,0.0,0.0
SP,SP,HEALTH CENTER,May,YES,URBAN,209.0,35.0,338.0,-122,405.0,1.1,Low,378.0,950.0
PYRA-SAC,PYRA,HEALTH CENTER,August,YES,RURAL,433.0,1.0,2.0,-411,263.0,263.0,Overstock,1.0,0.0
ITN,PREV,HOSPITAL,November,NO,URBAN,611.0,83.0,166.0,-128,421.0,2.2,Low,188.0,5544.0
ACT-SC,ACT,HEALTH CENTER,February,NO,RURAL,4.0,8.0,3.0,410,28.0,28.0,Overstock,1.0,48.0
PYRA-COMP,PYRA,HEALTH CENTER,August,YES,RURAL,1312.0,458.0,265.0,-369,2606.0,68.6,Overstock,38.0,0.0
ITN,PREV,HOSPITAL,August,YES,RURAL,139.0,830.0,87.0,337,496.0,11.8,Overstock,42.0,3.0
ITN,PREV,HEALTH CENTER,August,YES,RURAL,12.0,190.0,21.0,-297,210.0,42.0,Overstock,5.0,0.0
PYRA-COMP,PYRA,HEALTH CENTER,November,NO,RURAL,661.0,18.0,293.0,-85,691.0,2.2,Low,309.0,1130.0
QUIN,SP,HOSPITAL,November,NO,RURAL,3.0,6.0,30.0,-321,3.0,0.4,Critical,8.0,4.0
ACT-AD,ACT,HEALTH CENTER,May,YES,RURAL,2310.0,279.0,839.0,-428,1649.0,5.4,Overstock,303.0,5.0
ART-INJ,ART,HEALTH CENTER,November,NO,RURAL,3813.0,0.0,502.0,409,2617.0,18.6,Overstock,141.0,0.0
ACT-AD,ACT,HEALTH CENTER,February,NO,RURAL,1096.0,155.0,573.0,553,963.0,2.1,Low,455.0,3467.0
ACT-GC,ACT,HEALTH CENTER,August,YES,URBAN,1553.0,269.0,385.0,-450,1734.0,25.9,Overstock,67.0,0.0
PYRA-COMP,PYRA,HEALTH CENTER,August,YES,RURAL,1225.0,132.0,322.0,590,1401.0,10.6,Overstock,132.0,3.0
PYRA-COMP,PYRA,HEALTH CENTER,November,NO,RURAL,3123.0,347.0,101.0,474,1999.0,17.7,Overstock,113.0,0.0
ACT-INF,ACT,HOSPITAL,November,NO,RURAL,1079.0,19.0,69.0,-288,914.0,8.5,Overstock,107.0,5.0
ART-INJ,ART,HEALTH CENTER,May,YES,RURAL,598.0,12.0,144.0,-157,182.0,1.6,Low,117.0,0.0
ITN,PREV,HEALTH CENTER,May,YES,RURAL,1742.0,86.0,55.0,211,801.0,160.2,Overstock,5.0,0.0
ART-INJ,ART,HEALTH CENTER,May,YES,RURAL,76.0,133.0,117.0,-162,438.0,24.3,Overstock,18.0,0.0
PYRA-SAC,PYRA,HEALTH CENTER,August,YES,RURAL,1064.0,354.0,635.0,-331,1923.0,3.5,Adequate,546.0,2.0
ART-SUP,ART,HEALTH CENTER,August,YES,URBAN,123.0,17.0,60.0,-622,9.0,0.2,Critical,49.0,203.0
PYRA-SAC,PYRA,HEALTH CENTER,August,YES,URBAN,3980.0,2.0,250.0,-508,748.0,1.7,Low,448.0,6859.0
SP,SP,HEALTH CENTER,August,YES,URBAN,4187.0,983.0,982.0,763,5050.0,4.6,Adequate,1087.0,191.0
ACT-INF,ACT,HEALTH CENTER,November,NO,RURAL,214.0,0.0,5.0,-373,630.0,,Unknown,0.0,0.0
QUIN,SP,HEALTH CENTER,August,YES,RURAL,21.0,0.0,10.0,-158,40.0,8.0,Overstock,5.0,0.0
ITN,PREV,HEALTH CENTER,February,NO,RURAL,666.0,0.0,140.0,-266,76.0,2.4,Low,32.0,3445.0
ART-INJ,ART,HEALTH CENTER,May,YES,RURAL,26.0,0.0,5.0,-202,30.0,30.0,Overstock,1.0,12.0
ART-INJ,ART,HEALTH CENTER,August,YES,RURAL,746.0,0.0,44.0,37,38.0,4.2,Adequate,9.0,0.0
SP,SP,HEALTH CENTER,February,NO,RURAL,3710.0,2.0,964.0,48,2117.0,2.3,Low,914.0,325.0
QUIN,SP,HEALTH CENTER,November,NO,URBAN,371.0,0.0,170.0,546,22.0,0.4,Critical,57.0,74.0
SP,SP,HEALTH CENTER,February,NO,URBAN,1515.0,532.0,726.0,1465,3712.0,14.9,Overstock,249.0,212.0
ART-SUP,ART,HEALTH CENTER,August,YES,RURAL,22.0,37.0,5.0,-320,8.0,,Unknown,0.0,0.0
ITN,PREV,HEALTH CENTER,February,NO,RURAL,7.0,27.0,15.0,-667,34.0,34.0,Overstock,1.0,1.0
ACT-SC,ACT,HEALTH CENTER,November,NO,URBAN,849.0,349.0,570.0,263,3400.0,6.7,Overstock,509.0,12.0
ACT-AD,ACT,HEALTH CENTER,February,NO,RURAL,1088.0,1.0,571.0,-250,651.0,0.6,Critical,1024.0,292.0
QUIN,SP,HEALTH CENTER,February,NO,RURAL,5370.0,0.0,1213.0,-95,2976.0,2.1,Low,1395.0,723.0
ACT-SC,ACT,HEALTH CENTER,November,NO,RURAL,312.0,16.0,125.0,-32,122.0,0.7,Critical,176.0,2849.0
PYRA-COMP,PYRA,HEALTH CENTER,August,YES,URBAN,1083.0,506.0,687.0,-143,1582.0,2.3,Low,682.0,1156.0
ART-INJ,ART,HEALTH CENTER,February,NO,URBAN,3611.0,137.0,786.0,56,1016.0,1.3,Low,792.0,220.0
ART-SUP,ART,HEALTH CENTER,August,YES,RURAL,157.0,0.0,134.0,70,335.0,6.8,Overstock,49.0,1.0
PYRA-SAC,PYRA,HEALTH CENTER,November,NO,RURAL,710.0,194.0,75.0,17,2695.0,37.4,Overstock,72.0,0.0
ACT-GC,ACT,HEALTH CENTER,May,YES,RURAL,650.0,0.0,55.0,-1041,82.0,10.2,Overstock,8.0,1166.0
RDT,DIAG,HEALTH CENTER,August,YES,RURAL,3508.0,192.0,1267.0,-202,4347.0,7.8,Overstock,557.0,780.0
ACT-INF,ACT,HEALTH CENTER,November,NO,URBAN,2392.0,1161.0,287.0,-256,3001.0,13.2,Overstock,227.0,95.0
ART-SUP,ART,HOSPITAL,November,NO,RURAL,2113.0,0.0,100.0,313,2179.0,109.0,Overstock,20.0,0.0
SP,SP,HEALTH CENTER,November,NO,RURAL,2038.0,6.0,641.0,118,3719.0,7.0,Overstock,531.0,21.0
RDT,DIAG,HEALTH CENTER,February,NO,RURAL,148.0,166.0,32.0,-445,77.0,38.5,Overstock,2.0,6.0
ACT-INF,ACT,HEALTH CENTER,August,YES,URBAN,421.0,7.0,325.0,-318,766.0,4.5,Adequate,170.0,4.0
ACT-GC,ACT,HEALTH CENTER,February,NO,RURAL,82.0,4.0,134.0,305,129.0,0.6,Critical,232.0,539.0
RDT,DIAG,HEALTH CENTER,May,YES,RURAL,344.0,2.0,49.0,401,454.0,10.1,Overstock,45.0,43.0
ACT-INF,ACT,HEALTH CENTER,May,YES,RURAL,6.0,0.0,47.0,276,7.0,0.4,Critical,18.0,0.0
SP,SP,HEALTH CENTER,February,NO,URBAN,2136.0,192.0,173.0,-324,974.0,16.8,Overstock,58.0,0.0
PYRA-COMP,PYRA,HEALTH CENTER,February,NO,RURAL,1171.0,127.0,510.0,-670,201.0,0.4,Critical,504.0,4249.0
ACT-SC,ACT,HEALTH CENTER,August,YES,RURAL,20.0,0.0,34.0,312,134.0,1.4,Low,99.0,1631.0
ACT-AD,ACT,HEALTH CENTER,February,NO,RURAL,126.0,606.0,46.0,-249,124.0,4.3,Adequate,29.0,0.0
ART-INJ,ART,HEALTH CENTER,May,YES,RURAL,2063.0,107.0,268.0,415,1965.0,5.9,Overstock,335.0,0.0
ACT-INF,ACT,HEALTH CENTER,February,NO,RURAL,635.0,0.0,62.0,-550,556.0,19.2,Overstock,29.0,1537.0
ART-INJ,ART,HEALTH CENTER,August,YES,RURAL,705.0,0.0,59.0,163,740.0,2.6,Low,289.0,257.0
ITN,PREV,HEALTH CENTER,February,NO,RURAL,1055.0,76.0,230.0,-193,1637.0,33.4,Overstock,49.0,3.0
ACT-AD,ACT,HEALTH CENTER,May,YES,RURAL,212.0,4.0,140.0,-146,40.0,0.9,Critical,46.0,841.0
PYRA-COMP,PYRA,HEALTH CENTER,May,YES,URBAN,774.0,16.0,91.0,495,339.0,2.4,Low,139.0,2.0
ACT-AD,ACT,HEALTH CENTER,May,YES,RURAL,388.0,125.0,44.0,-308,108.0,18.0,Overstock,6.0,0.0
ACT-AD,ACT,HEALTH CENTER,August,YES,RURAL,187.0,32.0,60.0,531,46.0,2.9,Low,16.0,0.0
ACT-GC,ACT,HEALTH CENTER,August,YES,URBAN,445.0,0.0,47.0,632,18.0,1.4,Low,13.0,0.0
ITN,PREV,HEALTH CENTER,November,NO,RURAL,1477.0,0.0,612.0,-205,876.0,3.0,Adequate,291.0,862.0
RDT,DIAG,HEALTH CENTER,May,YES,RURAL,3695.0,426.0,769.0,-260,3591.0,4.6,Adequate,777.0,128.0
ACT-INF,ACT,HEALTH CENTER,May,YES,RURAL,2026.0,1.0,183.0,229,2980.0,35.9,Overstock,83.0,18.0
SP,SP,HEALTH CENTER,August,YES,RURAL,716.0,38.0,104.0,-340,310.0,23.8,Overstock,13.0,0.0
PYRA-COMP,PYRA,HOSPITAL,August,YES,URBAN,451.0,85.0,153.0,-14,753.0,5.0,Adequate,150.0,1.0
ACT-INF,ACT,HEALTH CENTER,February,NO,URBAN,507.0,9.0,200.0,450,309.0,1.2,Low,251.0,5149.0
SP,SP,HEALTH CENTER,August,YES,RURAL,4532.0,6.0,1270.0,184,4043.0,2.6,Low,1576.0,1934.0
ACT-SC,ACT,HEALTH CENTER,May,YES,RURAL,603.0,1.0,167.0,519,1385.0,14.0,Overstock,99.0,889.0
PYRA-SAC,PYRA,HEALTH CENTER,August,YES,RURAL,98.0,5.0,4.0,958,100.0,50.0,Overstock,2.0,0.0
RDT,DIAG,HEALTH CENTER,May,YES,RURAL,2325.0,3.0,947.0,-843,736.0,1.4,Low,511.0,1600.0
ART-INJ,ART,HEALTH CENTER,May,YES,RURAL,475.0,555.0,573.0,223,929.0,1.8,Low,516.0,3723.0
SP,SP,HOSPITAL,November,NO,RURAL,74.0,131.0,9.0,35,104.0,104.0,Overstock,1.0,0.0
ACT-AD,ACT,HEALTH CENTER,February,NO,RURAL,1504.0,0.0,247.0,610,570.0,2.4,Low,241.0,0.0
PYRA-SAC,PYRA,HEALTH CENTER,May,YES,RURAL,1064.0,0.0,133.0,-58,94.0,0.7,Critical,137.0,11068.0
ITN,PREV,HEALTH CENTER,May,YES,URBAN,380.0,4.0,257.0,461,1215.0,16.2,Overstock,75.0,778.0
ACT-GC,ACT,HEALTH CENTER,February,NO,RURAL,464.0,0.0,21.0,355,656.0,656.0,Overstock,1.0,0.0
ACT-SC,ACT,HEALTH CENTER,November,NO,RURAL,47.0,955.0,274.0,732,1328.0,3.6,Adequate,372.0,14.0
ACT-INF,ACT,HEALTH CENTER,February,NO,RURAL,99.0,3.0,26.0,814,293.0,6.1,Overstock,48.0,58.0
ACT-GC,ACT,HOSPITAL,November,NO,RURAL,1223.0,6.0,782.0,-246,2447.0,2.3,Low,1073.0,1079.0
ACT-INF,ACT,HEALTH CENTER,November,NO,URBAN,129.0,0.0,61.0,465,355.0,2.3,Low,152.0,24.0
ART-SUP,ART,HEALTH CENTER,August,YES,RURAL,7778.0,27.0,993.0,-749,2720.0,5.5,Overstock,494.0,835.0
ACT-AD,ACT,HEALTH CENTER,November,NO,URBAN,2468.0,0.0,599.0,-280,4289.0,10.9,Overstock,394.0,6.0
ART-INJ,ART,HOSPITAL,November,NO,RURAL,1688.0,0.0,703.0,23,880.0,2.5,Low,359.0,98.0
ACT-INF,ACT,HEALTH CENTER,February,NO,RURAL,424.0,285.0,381.0,-338,1771.0,12.7,Overstock,139.0,245.0
PYRA-SAC,PYRA,HEALTH CENTER,February,NO,URBAN,1442.0,1442.0,979.0,35,3580.0,5.7,Overstock,625.0,1372.0
QUIN,SP,HEALTH CENTER,May,YES,RURAL,96.0,0.0,131.0,-218,1205.0,9.9,Overstock,122.0,196.0
ITN,PREV,HEALTH CENTER,February,NO,RURAL,116.0,0.0,4.0,238,33.0,16.5,Overstock,2.0,7.0
SP,SP,HEALTH CENTER,August,YES,URBAN,8.0,16.0,10.0,269,123.0,123.0,Overstock,1.0,29.0
ACT-AD,ACT,HEALTH CENTER,November,NO,RURAL,3285.0,64.0,348.0,-314,854.0,3.6,Adequate,234.0,151.0
ACT-INF,ACT,HEALTH CENTER,August,YES,URBAN,2356.0,132.0,407.0,557,1593.0,12.8,Overstock,124.0,448.0
PYRA-COMP,PYRA,HEALTH CENTER,February,NO,RURAL,88.0,1190.0,257.0,125,718.0,3.9,Adequate,182.0,248.0
ACT-GC,ACT,HEALTH CENTER,May,YES,URBAN,129.0,233.0,21.0,26,176.0,13.5,Overstock,13.0,29.0
PYRA-SAC,PYRA,HEALTH CENTER,February,NO,URBAN,2076.0,294.0,468.0,245,253.0,0.7,Critical,347.0,596.0
ACT-AD,ACT,HEALTH CENTER,November,NO,RURAL,3847.0,206.0,336.0,660,992.0,3.6,Adequate,273.0,101.0
ART-SUP,ART,HEALTH CENTER,November,NO,RURAL,426.0,29.0,21.0,-280,300.0,30.0,Overstock,10.0,0.0
ITN,PREV,HOSPITAL,February,NO,RURAL,1555.0,359.0,456.0,-314,3236.0,15.1,Overstock,215.0,0.0
ITN,PREV,HEALTH CENTER,November,NO,URBAN,3309.0,1.0,746.0,-79,1452.0,5.6,Overstock,258.0,556.0
ITN,PREV,HEALTH CENTER,February,NO,URBAN,0.0,4.0,80.0,-93,5.0,0.4,Critical,12.0,1311.0
RDT,DIAG,HEALTH CENTER,November,NO,URBAN,2217.0,5.0,568.0,583,2837.0,5.9,Overstock,483.0,957.0
RDT,DIAG,HEALTH CENTER,August,YES,RURAL,6107.0,165.0,1367.0,-351,2389.0,1.1,Low,2131.0,1381.0
ACT-SC,ACT,HOSPITAL,May,YES,RURAL,4735.0,188.0,456.0,399,3446.0,20.6,Overstock,167.0,0.0
PYRA-COMP,PYRA,HEALTH CENTER,August,YES,URBAN,731.0,7.0,136.0,-564,164.0,2.3,Low,70.0,3146.0
PYRA-SAC,PYRA,HEALTH CENTER,May,YES,RURAL,18.0,3.0,224.0,785,184.0,1.5,Low,120.0,6355.0
RDT,DIAG,HEALTH CENTER,May,YES,RURAL,862.0,1.0,566.0,-368,597.0,0.8,Critical,705.0,0.0
ART-SUP,ART,HEALTH CENTER,August,YES,URBAN,1161.0,78.0,566.0,339,2118.0,1.8,Low,1156.0,67.0
QUIN,SP,HEALTH CENTER,August,YES,RURAL,43.0,0.0,17.0,82,69.0,69.0,Overstock,1.0,0.0
ACT-GC,ACT,HEALTH CENTER,May,YES,RURAL,1325.0,0.0,256.0,-150,759.0,13.3,Overstock,57.0,1.0
ACT-AD,ACT,HEALTH CENTER,February,NO,RURAL,904.0,29.0,213.0,392,3775.0,25.9,Overstock,146.0,14.0
ART-SUP,ART,HEALTH CENTER,May,YES,RURAL,1.0,393.0,3.0,-652,59.0,,Unknown,0.0,9.0
RDT,DIAG,HEALTH CENTER,February,NO,URBAN,1699.0,6.0,444.0,883,497.0,1.3,Low,371.0,5.0
PYRA-COMP,PYRA,HEALTH CENTER,November,NO,RURAL,1593.0,22.0,68.0,54,831.0,20.8,Overstock,40.0,2.0
ART-SUP,ART,HEALTH CENTER,February,NO,RURAL,642.0,641.0,195.0,777,225.0,2.1,Low,107.0,0.0
ART-SUP,ART,HEALTH CENTER,May,YES,URBAN,536.0,1.0,27.0,-326,79.0,8.8,Overstock,9.0,10.0
ITN,PREV,HEALTH CENTER,August,YES,URBAN,2879.0,42.0,723.0,-74,2653.0,9.0,Overstock,294.0,0.0
ACT-AD,ACT,HEALTH CENTER,August,YES,RURAL,424.0,126.0,99.0,-157,278.0,2.8,Low,100.0,12.0
PYRA-COMP,PYRA,HEALTH CENTER,May,YES,URBAN,3028.0,430.0,650.0,607,2051.0,6.6,Overstock,313.0,144.0
ART-SUP,ART,HEALTH CENTER,November,NO,URBAN,248.0,172.0,69.0,639,343.0,14.3,Overstock,24.0,0.0
ACT-INF,ACT,HEALTH CENTER,May,YES,RURAL,4766.0,287.0,899.0,500,3014.0,4.9,Adequate,613.0,2014.0
ART-SUP,ART,HEALTH CENTER,May,YES,URBAN,558.0,0.0,6.0,348,178.0,89.0,Overstock,2.0,0.0
ACT-AD,ACT,HEALTH CENTER,May,YES,URBAN,12.0,11.0,8.0,-70,38.0,5.4,Overstock,7.0,0.0
ITN,PREV,HEALTH CENTER,August,YES,RURAL,1834.0,339.0,301.0,-113,1068.0,6.7,Overstock,160.0,185.0
ACT-AD,ACT,HEALTH CENTER,May,YES,RURAL,162.0,0.0,124.0,-276,12.0,0.1,Critical,104.0,1362.0
ITN,PREV,HEALTH CENTER,May,YES,URBAN,7431.0,330.0,1596.0,11,2446.0,1.5,Low,1587.0,7355.0
ACT-GC,ACT,HEALTH CENTER,May,YES,RURAL,106.0,0.0,60.0,-658,296.0,49.3,Overstock,6.0,5.0
ACT-AD,ACT,HEALTH CENTER,May,YES,RURAL,828.0,0.0,60.0,309,333.0,55.5,Overstock,6.0,0.0
ACT-GC,ACT,HEALTH CENTER,February,NO,RURAL,120.0,2.0,93.0,-46,138.0,15.3,Overstock,9.0,11276.0
PYRA-COMP,PYRA,HEALTH CENTER,November,NO,RURAL,6069.0,1.0,1595.0,-1,4956.0,3.9,Adequate,1277.0,6541.0
ART-SUP,ART,HEALTH CENTER,May,YES,RURAL,563.0,331.0,52.0,26,568.0,27.0,Overstock,21.0,259.0
ACT-AD,ACT,HEALTH CENTER,February,NO,URBAN,31.0,1422.0,14.0,438,156.0,22.3,Overstock,7.0,6.0
ACT-GC,ACT,HEALTH CENTER,February,NO,RURAL,84.0,19.0,42.0,-83,10.0,0.5,Critical,21.0,0.0
PYRA-COMP,PYRA,HEALTH CENTER,November,NO,RURAL,176.0,52.0,183.0,-95,162.0,2.2,Low,73.0,2.0
ITN,PREV,HEALTH CENTER,February,NO,URBAN,3530.0,6.0,797.0,-265,1417.0,1.6,Low,880.0,270.0
ART-INJ,ART,HEALTH CENTER,August,YES,URBAN,359.0,61.0,125.0,-520,544.0,45.3,Overstock,12.0,23.0
ACT-AD,ACT,HEALTH CENTER,May,YES,RURAL,886.0,528.0,106.0,147,495.0,5.8,Overstock,86.0,29.0
ACT-AD,ACT,HEALTH CENTER,February,NO,URBAN,88.0,2.0,93.0,29,508.0,4.9,Adequate,103.0,411.0
ITN,PREV,HEALTH CENTER,May,YES,RURAL,3928.0,11.0,683.0,-145,5783.0,18.9,Overstock,306.0,25.0
ITN,PREV,HEALTH CENTER,November,NO,URBAN,2782.0,133.0,1216.0,-79,985.0,1.4,Low,719.0,93.0
QUIN,SP,HEALTH CENTER,November,NO,RURAL,4105.0,25.0,626.0,-233,2848.0,7.2,Overstock,393.0,14.0
ACT-GC,ACT,HEALTH CENTER,May,YES,RURAL,1099.0,28.0,242.0,701,523.0,0.7,Critical,704.0,9574.0
ART-INJ,ART,HEALTH CENTER,August,YES,RURAL,629.0,1.0,307.0,-246,1057.0,4.3,Adequate,246.0,1.0
ART-SUP,ART,HEALTH CENTER,May,YES,URBAN,3169.0,290.0,439.0,394,5404.0,25.0,Overstock,216.0,17.0
ACT-GC,ACT,HEALTH CENTER,February,NO,URBAN,2331.0,0.0,698.0,-274,1268.0,3.5,Adequate,361.0,589.0
ACT-AD,ACT,HEALTH CENTER,November,NO,RURAL,1089.0,22.0,528.0,178,1457.0,2.7,Low,539.0,1905.0
ART-SUP,ART,HEALTH CENTER,November,NO,URBAN,1722.0,0.0,23.0,104,2730.0,303.3,Overstock,9.0,0.0
PYRA-COMP,PYRA,HOSPITAL,August,YES,RURAL,2580.0,172.0,545.0,-172,1246.0,4.5,Adequate,278.0,363.0
ACT-INF,ACT,HEALTH CENTER,August,YES,RURAL,6451.0,4.0,580.0,257,2304.0,9.3,Overstock,247.0,362.0
ACT-INF,ACT,HEALTH CENTER,May,YES,RURAL,265.0,2.0,211.0,-240,542.0,5.0,Adequate,109.0,1412.0
PYRA-COMP,PYRA,HOSPITAL,May,YES,RURAL,1507.0,167.0,434.0,211,917.0,1.7,Low,551.0,80.0
ITN,PREV,HEALTH CENTER,February,NO,URBAN,1551.0,87.0,560.0,954,1235.0,4.3,Adequate,287.0,20.0
RDT,DIAG,HEALTH CENTER,August,YES,RURAL,634.0,569.0,213.0,1160,1244.0,4.4,Adequate,284.0,105.0
ACT-INF,ACT,HOSPITAL,May,YES,URBAN,5763.0,265.0,827.0,-6,3848.0,3.5,Adequate,1105.0,333.0
RDT,DIAG,HEALTH CENTER,May,YES,RURAL,521.0,45.0,519.0,690,2057.0,8.9,Overstock,231.0,587.0
QUIN,SP,HEALTH CENTER,May,YES,RURAL,370.0,73.0,357.0,1166,552.0,1.4,Low,386.0,2079.0
ART-INJ,ART,HOSPITAL,November,NO,URBAN,1026.0,3086.0,1052.0,201,2839.0,3.3,Adequate,864.0,30146.0
ACT-GC,ACT,HEALTH CENTER,February,NO,RURAL,3678.0,2751.0,828.0,-1207,5732.0,7.8,Overstock,735.0,11.0
ACT-AD,ACT,HEALTH CENTER,May,YES,URBAN,1676.0,0.0,324.0,192,870.0,1.6,Low,561.0,0.0
PYRA-COMP,PYRA,HEALTH CENTER,May,YES,URBAN,221.0,1.0,199.0,-82,175.0,0.8,Critical,207.0,503.0
ACT-AD,ACT,HEALTH CENTER,August,YES,RURAL,4762.0,603.0,729.0,652,1658.0,2.9,Low,572.0,948.0
ACT-AD,ACT,HEALTH CENTER,August,YES,RURAL,0.0,1.0,0.0,-470,2.0,,Unknown,0.0,0.0
PYRA-COMP,PYRA,HOSPITAL,May,YES,RURAL,29.0,1.0,22.0,-771,312.0,104.0,Overstock,3.0,136.0
RDT,DIAG,HEALTH CENTER,February,NO,RURAL,3112.0,72.0,714.0,119,4854.0,27.7,Overstock,175.0,0.0
ACT-GC,ACT,HEALTH CENTER,November,NO,RURAL,1.0,1.0,4.0,201,5.0,1.2,Low,4.0,745.0
ART-SUP,ART,HEALTH CENTER,November,NO,RURAL,4979.0,899.0,1048.0,-149,3841.0,3.1,Adequate,1229.0,1119.0
SP,SP,HEALTH CENTER,August,YES,RURAL,887.0,550.0,636.0,-174,1635.0,2.6,Low,629.0,10559.0
ART-INJ,ART,HOSPITAL,May,YES,RURAL,238.0,0.0,500.0,316,377.0,1.5,Low,258.0,410.0
PYRA-COMP,PYRA,HEALTH CENTER,November,NO,RURAL,1762.0,261.0,146.0,-899,866.0,20.1,Overstock,43.0,554.0
ART-SUP,ART,HEALTH CENTER,August,YES,RURAL,286.0,0.0,26.0,77,159.0,53.0,Overstock,3.0,42.0
ACT-GC,ACT,HEALTH CENTER,August,YES,RURAL,429.0,0.0,53.0,230,69.0,69.0,Overstock,1.0,1.0
ITN,PREV,HEALTH CENTER,February,NO,RURAL,155.0,0.0,11.0,-819,262.0,7.7,Overstock,34.0,0.0
ACT-AD,ACT,HOSPITAL,August,YES,URBAN,542.0,208.0,364.0,-11,250.0,0.6,Critical,409.0,4898.0
QUIN,SP,HEALTH CENTER,November,NO,RURAL,115.0,0.0,21.0,393,331.0,,Unknown,0.0,0.0
QUIN,SP,HOSPITAL,August,YES,RURAL,719.0,0.0,256.0,159,1784.0,19.2,Overstock,93.0,7.0
ACT-SC,ACT,HEALTH CENTER,May,YES,URBAN,40.0,16.0,16.0,-519,23.0,1.6,Low,14.0,256.0
SP,SP,HEALTH CENTER,February,NO,RURAL,408.0,129.0,559.0,393,1757.0,5.1,Overstock,343.0,3.0
QUIN,SP,HOSPITAL,February,NO,RURAL,1983.0,1.0,647.0,56,2018.0,4.2,Adequate,479.0,1.0
ITN,PREV,HEALTH CENTER,August,YES,RURAL,2296.0,31.0,795.0,232,3307.0,6.5,Overstock,505.0,0.0
ACT-GC,ACT,HEALTH CENTER,November,NO,RURAL,231.0,0.0,4.0,-62,47.0,47.0,Overstock,1.0,0.0
PYRA-COMP,PYRA,HEALTH CENTER,August,YES,URBAN,1437.0,3.0,131.0,-157,1444.0,10.2,Overstock,141.0,0.0
ITN,PREV,HEALTH CENTER,May,YES,RURAL,643.0,66.0,194.0,-104,314.0,1.6,Low,199.0,5.0
ART-SUP,ART,HEALTH CENTER,May,YES,RURAL,690.0,1073.0,154.0,257,1606.0,5.0,Adequate,321.0,1.0
ITN,PREV,HEALTH CENTER,August,YES,URBAN,1971.0,1271.0,486.0,-806,3507.0,14.9,Overstock,235.0,0.0
PYRA-COMP,PYRA,HEALTH CENTER,August,YES,RURAL,10013.0,363.0,1927.0,25,5655.0,2.3,Low,2500.0,4758.0
ACT-INF,ACT,HEALTH CENTER,August,YES,RURAL,770.0,263.0,730.0,-97,1902.0,6.1,Overstock,312.0,12.0
PYRA-COMP,PYRA,HEALTH CENTER,May,YES,RURAL,286.0,1264.0,61.0,1153,945.0,8.4,Overstock,112.0,15.0
ITN,PREV,HEALTH CENTER,November,NO,RURAL,3563.0,0.0,64.0,-137,652.0,17.2,Overstock,38.0,1272.0
ART-SUP,ART,HEALTH CENTER,February,NO,RURAL,2876.0,484.0,574.0,-668,2116.0,3.5,Adequate,599.0,1122.0
ACT-AD,ACT,HEALTH CENTER,February,NO,RURAL,107.0,11.0,61.0,469,716.0,37.7,Overstock,19.0,0.0
ART-INJ,ART,HEALTH CENTER,February,NO,RURAL,279.0,8.0,182.0,481,185.0,0.5,Critical,393.0,290.0
ITN,PREV,HEALTH CENTER,August,YES,URBAN,159.0,2092.0,559.0,448,1953.0,7.0,Overstock,279.0,9013.0
ITN,PREV,HEALTH CENTER,February,NO,URBAN,3668.0,0.0,223.0,-410,2150.0,6.8,Overstock,318.0,1022.0
ACT-AD,ACT,HEALTH CENTER,November,NO,RURAL,9.0,226.0,10.0,-468,34.0,3.4,Adequate,10.0,36.0
RDT,DIAG,HEALTH CENTER,May,YES,RURAL,1988.0,111.0,266.0,76,2573.0,18.6,Overstock,138.0,5.0
ACT-AD,ACT,HEALTH CENTER,February,NO,RURAL,2093.0,0.0,19.0,-594,1069.0,267.2,Overstock,4.0,0.0
ART-INJ,ART,HEALTH CENTER,May,YES,RURAL,321.0,186.0,321.0,178,615.0,1.7,Low,353.0,548.0
RDT,DIAG,HEALTH CENTER,February,NO,RURAL,54.0,55.0,296.0,-617,410.0,3.6,Adequate,113.0,335.0
ITN,PREV,HEALTH CENTER,August,YES,URBAN,263.0,2.0,15.0,-85,258.0,18.4,Overstock,14.0,28.0
ITN,PREV,HEALTH CENTER,November,NO,RURAL,657.0,0.0,38.0,-613,199.0,11.1,Overstock,18.0,0.0
ITN,PREV,HEALTH CENTER,May,YES,RURAL,42.0,42.0,4.0,37,171.0,85.5,Overstock,2.0,0.0
SP,SP,HEALTH CENTER,August,YES,RURAL,507.0,0.0,59.0,-247,148.0,8.7,Overstock,17.0,39.0
PYRA-SAC,PYRA,HEALTH CENTER,August,YES,RURAL,854.0,120.0,184.0,-475,538.0,3.2,Adequate,169.0,18.0
PYRA-COMP,PYRA,HEALTH CENTER,February,NO,RURAL,856.0,145.0,229.0,-487,295.0,0.5,Critical,608.0,2694.0
ACT-INF,ACT,HEALTH CENTER,November,NO,RURAL,480.0,222.0,96.0,-375,306.0,6.5,Overstock,47.0,8.0
PYRA-COMP,PYRA,HEALTH CENTER,August,YES,URBAN,76.0,21.0,16.0,221,148.0,2.6,Low,58.0,5087.0
PYRA-COMP,PYRA,HEALTH CENTER,February,NO,RURAL,1319.0,1.0,102.0,-419,900.0,4.9,Adequate,182.0,417.0
ITN,PREV,HEALTH CENTER,November,NO,RURAL,3026.0,0.0,569.0,-185,3517.0,8.2,Overstock,429.0,8149.0
ACT-SC,ACT,HEALTH CENTER,May,YES,RURAL,144.0,3.0,198.0,171,293.0,6.2,Overstock,47.0,12.0
SP,SP,HEALTH CENTER,August,YES,RURAL,394.0,71.0,102.0,-131,366.0,4.6,Adequate,79.0,0.0
SP,SP,HEALTH CENTER,November,NO,RURAL,77.0,0.0,48.0,-149,3.0,0.8,Critical,4.0,3.0
PYRA-SAC,PYRA,HEALTH CENTER,August,YES,URBAN,755.0,107.0,384.0,-236,1081.0,2.8,Low,380.0,2301.0
ART-SUP,ART,HEALTH CENTER,August,YES,URBAN,819.0,6.0,470.0,47,856.0,2.9,Low,294.0,908.0
QUIN,SP,HEALTH CENTER,November,NO,RURAL,1195.0,3271.0,977.0,375,5176.0,4.2,Adequate,1234.0,948.0
PYRA-COMP,PYRA,HEALTH CENTER,August,YES,URBAN,43.0,80.0,347.0,488,878.0,8.7,Overstock,101.0,5.0
ACT-AD,ACT,HEALTH CENTER,August,YES,URBAN,606.0,111.0,500.0,-238,1732.0,2.7,Low,652.0,1.0
ACT-SC,ACT,HEALTH CENTER,August,YES,RURAL,1733.0,150.0,320.0,-219,2861.0,7.4,Overstock,388.0,109.0
ART-INJ,ART,HEALTH CENTER,August,YES,RURAL,22.0,37.0,16.0,229,332.0,17.5,Overstock,19.0,153.0
PYRA-SAC,PYRA,HEALTH CENTER,November,NO,URBAN,114.0,0.0,59.0,806,87.0,0.2,Critical,352.0,126.0
ART-INJ,ART,HEALTH CENTER,February,NO,RURAL,908.0,106.0,284.0,-189,806.0,3.5,Adequate,230.0,17.0
ART-SUP,ART,HEALTH CENTER,May,YES,URBAN,1692.0,171.0,1287.0,-235,1994.0,2.0,Low,995.0,53.0
ART-INJ,ART,HOSPITAL,February,NO,RURAL,373.0,0.0,9.0,109,172.0,,Unknown,0.0,0.0
ACT-AD,ACT,HEALTH CENTER,May,YES,RURAL,723.0,0.0,105.0,184,291.0,3.5,Adequate,83.0,152.0
ACT-INF,ACT,HEALTH CENTER,May,YES,RURAL,1934.0,1.0,179.0,351,2216.0,21.7,Overstock,102.0,295.0
ACT-AD,ACT,HEALTH CENTER,November,NO,RURAL,2413.0,362.0,255.0,541,2630.0,13.4,Overstock,197.0,101.0
SP,SP,HEALTH CENTER,August,YES,RURAL,848.0,122.0,141.0,-687,1662.0,7.1,Overstock,234.0,0.0
ACT-INF,ACT,HEALTH CENTER,February,NO,URBAN,108.0,23.0,12.0,243,81.0,11.6,Overstock,7.0,189.0
ACT-INF,ACT,HEALTH CENTER,August,YES,RURAL,15.0,6.0,106.0,-169,31.0,0.4,Critical,77.0,1104.0
ACT-SC,ACT,HEALTH CENTER,February,NO,RURAL,6109.0,4.0,1027.0,-148,5279.0,7.2,Overstock,733.0,8.0
PYRA-COMP,PYRA,HOSPITAL,February,NO,RURAL,2557.0,4.0,354.0,-218,1559.0,3.6,Adequate,433.0,755.0
ITN,PREV,HEALTH CENTER,February,NO,RURAL,3156.0,1280.0,643.0,-41,2007.0,3.1,Adequate,656.0,134.0
ART-INJ,ART,HEALTH CENTER,February,NO,URBAN,1346.0,0.0,134.0,-263,398.0,8.0,Overstock,50.0,1.0
ART-INJ,ART,HEALTH CENTER,August,YES,RURAL,2674.0,19.0,248.0,847,716.0,20.5,Overstock,35.0,12.0
PYRA-SAC,PYRA,HOSPITAL,August,YES,RURAL,1067.0,19.0,45.0,409,1892.0,135.1,Overstock,14.0,0.0
QUIN,SP,HEALTH CENTER,August,YES,RURAL,1082.0,2.0,437.0,434,1465.0,3.3,Adequate,446.0,3736.0
ACT-AD,ACT,HEALTH CENTER,May,YES,RURAL,42.0,2.0,70.0,-575,522.0,65.2,Overstock,8.0,970.0
RDT,DIAG,HEALTH CENTER,August,YES,RURAL,2842.0,570.0,522.0,36,7198.0,28.9,Overstock,249.0,5.0
ACT-AD,ACT,HEALTH CENTER,February,NO,URBAN,566.0,3.0,69.0,-429,146.0,29.2,Overstock,5.0,0.0
ART-SUP,ART,HOSPITAL,May,YES,URBAN,1989.0,551.0,459.0,-914,1234.0,3.0,Adequate,413.0,594.0
ACT-GC,ACT,HEALTH CENTER,August,YES,RURAL,1712.0,152.0,533.0,-457,2804.0,20.5,Overstock,137.0,7.0
SP,SP,HEALTH CENTER,August,YES,URBAN,389.0,36.0,372.0,-169,440.0,0.9,Critical,472.0,1013.0
ACT-GC,ACT,HEALTH CENTER,May,YES,URBAN,5826.0,566.0,886.0,-84,7530.0,18.7,Overstock,403.0,1.0
ACT-AD,ACT,HEALTH CENTER,May,YES,URBAN,34.0,0.0,9.0,455,132.0,132.0,Overstock,1.0,0.0
PYRA-COMP,PYRA,HEALTH CENTER,May,YES,RURAL,2930.0,6.0,260.0,288,4234.0,27.7,Overstock,153.0,5.0
ACT-SC,ACT,HEALTH CENTER,November,NO,RURAL,3147.0,2.0,181.0,378,1484.0,5.9,Overstock,253.0,1.0
ITN,PREV,HEALTH CENTER,February,NO,URBAN,3278.0,15.0,1677.0,337,4165.0,1.7,Low,2388.0,268.0
ART-INJ,ART,HEALTH CENTER,February,NO,URBAN,1052.0,2.0,390.0,154,1285.0,5.5,Overstock,232.0,5237.0
QUIN,SP,HOSPITAL,November,NO,URBAN,1434.0,4.0,10.0,105,161.0,,Unknown,0.0,0.0
ITN,PREV,HEALTH CENTER,February,NO,RURAL,591.0,276.0,237.0,-526,475.0,6.2,Overstock,76.0,1.0
SP,SP,HOSPITAL,May,YES,RURAL,21.0,2.0,7.0,-1203,17.0,,Unknown,0.0,14.0
ACT-INF,ACT,HEALTH CENTER,August,YES,URBAN,1697.0,260.0,831.0,80,644.0,1.4,Low,463.0,115.0
SP,SP,HEALTH CENTER,November,NO,RURAL,1986.0,413.0,277.0,-388,4479.0,26.8,Overstock,167.0,0.0
ART-INJ,ART,HEALTH CENTER,February,NO,RURAL,4.0,0.0,5.0,-215,18.0,9.0,Overstock,2.0,234.0
ART-SUP,ART,HEALTH CENTER,May,YES,RURAL,5455.0,577.0,1459.0,204,5972.0,8.6,Overstock,692.0,52.0
PYRA-COMP,PYRA,HEALTH CENTER,February,NO,RURAL,103.0,0.0,31.0,149,215.0,35.8,Overstock,6.0,0.0
RDT,DIAG,HEALTH CENTER,November,NO,URBAN,102.0,0.0,71.0,-93,53.0,3.8,Adequate,14.0,5.0
SP,SP,HEALTH CENTER,August,YES,RURAL,10.0,0.0,8.0,-59,78.0,6.0,Overstock,13.0,400.0
ART-INJ,ART,HEALTH CENTER,May,YES,URBAN,1623.0,93.0,174.0,24,2183.0,18.7,Overstock,117.0,0.0
ART-INJ,ART,HEALTH CENTER,May,YES,URBAN,481.0,162.0,100.0,-140,294.0,22.6,Overstock,13.0,9.0
ITN,PREV,HEALTH CENTER,November,NO,RURAL,3363.0,462.0,591.0,-106,3181.0,7.4,Overstock,429.0,462.0
ITN,PREV,HEALTH CENTER,May,YES,RURAL,1364.0,0.0,380.0,65,447.0,7.4,Overstock,60.0,707.0
PYRA-COMP,PYRA,HEALTH CENTER,February,NO,RURAL,1456.0,1412.0,564.0,180,1803.0,4.5,Adequate,405.0,613.0
ART-INJ,ART,HEALTH CENTER,May,YES,URBAN,402.0,76.0,95.0,62,1971.0,82.1,Overstock,24.0,21.0
ACT-SC,ACT,HEALTH CENTER,August,YES,RURAL,11.0,0.0,1.0,-115,39.0,,Unknown,0.0,14.0
ITN,PREV,HEALTH CENTER,November,NO,RURAL,188.0,0.0,45.0,-355,186.0,15.5,Overstock,12.0,0.0
ART-INJ,ART,HEALTH CENTER,November,NO,RURAL,61.0,1.0,152.0,262,54.0,0.9,Critical,59.0,1736.0
QUIN,SP,HEALTH CENTER,November,NO,RURAL,147.0,76.0,69.0,-1082,224.0,28.0,Overstock,8.0,0.0
ACT-GC,ACT,HEALTH CENTER,November,NO,RURAL,1349.0,3.0,274.0,436,215.0,2.2,Low,100.0,7193.0
ART-INJ,ART,HEALTH CENTER,November,NO,URBAN,301.0,1618.0,357.0,467,2376.0,10.9,Overstock,217.0,30.0
ACT-INF,ACT,HEALTH CENTER,November,NO,URBAN,3074.0,0.0,605.0,953,658.0,1.6,Low,405.0,5593.0
ACT-INF,ACT,HEALTH CENTER,May,YES,RURAL,503.0,5.0,217.0,-308,53.0,0.2,Critical,306.0,27.0
ACT-AD,ACT,HEALTH CENTER,May,YES,RURAL,709.0,13.0,124.0,-92,1208.0,2.7,Low,455.0,1316.0
RDT,DIAG,HEALTH CENTER,February,NO,RURAL,2.0,0.0,17.0,-466,3.0,3.0,Adequate,1.0,0.0
PYRA-SAC,PYRA,HEALTH CENTER,May,YES,RURAL,176.0,66.0,252.0,-241,489.0,5.7,Overstock,86.0,1.0
ACT-INF,ACT,HEALTH CENTER,February,NO,RURAL,407.0,0.0,149.0,1040,1192.0,4.3,Adequate,278.0,38.0
ACT-SC,ACT,HEALTH CENTER,August,YES,URBAN,42.0,115.0,62.0,328,141.0,14.1,Overstock,10.0,0.0
PYRA-SAC,PYRA,HEALTH CENTER,February,NO,URBAN,3309.0,71.0,1038.0,728,2583.0,8.3,Overstock,313.0,251.0
ACT-AD,ACT,HEALTH CENTER,November,NO,URBAN,987.0,2350.0,220.0,-316,926.0,3.5,Adequate,263.0,69.0
PYRA-SAC,PYRA,HEALTH CENTER,May,YES,URBAN,785.0,45.0,157.0,260,648.0,4.7,Adequate,139.0,2715.0
SP,SP,HEALTH CENTER,November,NO,RURAL,261.0,560.0,80.0,287,1099.0,109.9,Overstock,10.0,0.0
ACT-AD,ACT,HEALTH CENTER,May,YES,RURAL,34.0,51.0,25.0,364,29.0,29.0,Overstock,1.0,0.0
RDT,DIAG,HEALTH CENTER,August,YES,RURAL,1112.0,879.0,91.0,-150,938.0,93.8,Overstock,10.0,0.0
ACT-AD,ACT,HEALTH CENTER,May,YES,RURAL,207.0,87.0,50.0,656,594.0,118.8,Overstock,5.0,0.0
RDT,DIAG,HEALTH CENTER,August,YES,RURAL,119.0,0.0,71.0,468,317.0,6.9,Overstock,46.0,2.0
RDT,DIAG,HEALTH CENTER,August,YES,RURAL,885.0,17.0,373.0,-72,126.0,0.8,Critical,158.0,12802.0
ACT-GC,ACT,HOSPITAL,August,YES,RURAL,77.0,252.0,1.0,-265,76.0,,Unknown,0.0,0.0
QUIN,SP,HEALTH CENTER,February,NO,RURAL,126.0,0.0,48.0,-264,1136.0,45.4,Overstock,25.0,0.0
SP,SP,HEALTH CENTER,May,YES,RURAL,3149.0,1.0,554.0,-31,476.0,2.5,Low,192.0,4748.0
RDT,DIAG,HEALTH CENTER,February,NO,URBAN,2736.0,66.0,547.0,537,1114.0,4.1,Adequate,274.0,4151.0
ART-INJ,ART,HEALTH CENTER,February,NO,URBAN,509.0,4313.0,205.0,557,1281.0,14.7,Overstock,87.0,0.0
RDT,DIAG,HEALTH CENTER,February,NO,URBAN,2529.0,137.0,393.0,-390,2212.0,15.9,Overstock,139.0,2.0
SP,SP,HEALTH CENTER,November,NO,URBAN,279.0,0.0,17.0,423,92.0,15.3,Overstock,6.0,0.0
ACT-SC,ACT,HEALTH CENTER,August,YES,URBAN,1732.0,454.0,881.0,756,1480.0,1.8,Low,804.0,873.0
ACT-INF,ACT,HEALTH CENTER,November,NO,RURAL,579.0,1.0,59.0,66,192.0,6.4,Overstock,30.0,67.0
ACT-GC,ACT,HEALTH CENTER,November,NO,RURAL,5477.0,316.0,1325.0,-228,6314.0,8.0,Overstock,787.0,55.0
ACT-GC,ACT,HEALTH CENTER,May,YES,URBAN,424.0,65.0,123.0,-331,122.0,2.3,Low,53.0,331.0
RDT,DIAG,HEALTH CENTER,May,YES,URBAN,3488.0,306.0,1109.0,154,1576.0,1.6,Low,957.0,662.0
PYRA-SAC,PYRA,HEALTH CENTER,August,YES,URBAN,55.0,1093.0,26.0,82,283.0,25.7,Overstock,11.0,0.0
PYRA-SAC,PYRA,HEALTH CENTER,August,YES,RURAL,1741.0,0.0,441.0,536,2056.0,9.6,Overstock,215.0,287.0
RDT,DIAG,HEALTH CENTER,November,NO,URBAN,4.0,0.0,4.0,-129,77.0,,Unknown,0.0,719.0
QUIN,SP,HEALTH CENTER,August,YES,RURAL,306.0,7.0,101.0,-713,1544.0,41.7,Overstock,37.0,941.0
SP,SP,HEALTH CENTER,August,YES,RURAL,4091.0,293.0,313.0,266,1921.0,10.9,Overstock,177.0,1.0
ACT-GC,ACT,HEALTH CENTER,May,YES,RURAL,79.0,65.0,64.0,-874,11.0,1.1,Low,10.0,2.0
ART-INJ,ART,HEALTH CENTER,February,NO,RURAL,2636.0,80.0,414.0,673,4391.0,6.3,Overstock,692.0,2.0
ACT-SC,ACT,HEALTH CENTER,August,YES,URBAN,59.0,0.0,115.0,-59,232.0,4.1,Adequate,57.0,34.0
QUIN,SP,HEALTH CENTER,February,NO,RURAL,44.0,575.0,98.0,-146,216.0,72.0,Overstock,3.0,0.0
PYRA-SAC,PYRA,HEALTH CENTER,August,YES,URBAN,742.0,46.0,74.0,-41,899.0,112.4,Overstock,8.0,0.0
ACT-INF,ACT,HOSPITAL,August,YES,URBAN,1267.0,0.0,759.0,342,677.0,1.4,Low,498.0,6331.0
ART-INJ,ART,HEALTH CENTER,May,YES,URBAN,470.0,0.0,103.0,-140,33.0,1.3,Low,26.0,1543.0
RDT,DIAG,HEALTH CENTER,August,YES,RURAL,1035.0,160.0,219.0,-151,2880.0,14.0,Overstock,205.0,90.0
ART-SUP,ART,HOSPITAL,May,YES,RURAL,318.0,0.0,56.0,682,1370.0,38.1,Overstock,36.0,8.0
ITN,PREV,HEALTH CENTER,August,YES,RURAL,1092.0,128.0,767.0,-1010,1824.0,3.7,Adequate,497.0,0.0
PYRA-SAC,PYRA,HEALTH CENTER,February,NO,URBAN,1159.0,1490.0,312.0,174,1804.0,11.8,Overstock,153.0,0.0
ITN,PREV,HEALTH CENTER,May,YES,URBAN,698.0,1.0,213.0,-349,591.0,9.8,Overstock,60.0,85.0
ACT-AD,ACT,HEALTH CENTER,August,YES,RURAL,1677.0,2602.0,644.0,-187,992.0,8.4,Overstock,118.0,0.0
ITN,PREV,HEALTH CENTER,August,YES,RURAL,1470.0,0.0,206.0,-1164,860.0,17.9,Overstock,48.0,135.0
RDT,DIAG,HEALTH CENTER,May,YES,RURAL,1265.0,4.0,36.0,-79,918.0,45.9,Overstock,20.0,0.0
ART-SUP,ART,HEALTH CENTER,May,YES,RURAL,740.0,0.0,236.0,-168,460.0,4.7,Adequate,98.0,3.0
PYRA-COMP,PYRA,HEALTH CENTER,May,YES,URBAN,51.0,1229.0,34.0,-83,43.0,5.4,Overstock,8.0,7.0
SP,SP,HEALTH CENTER,November,NO,URBAN,379.0,0.0,193.0,-786,222.0,4.2,Adequate,53.0,125.0
ART-SUP,ART,HEALTH CENTER,February,NO,RURAL,272.0,599.0,21.0,-146,837.0,,Unknown,0.0,0.0
ACT-GC,ACT,HEALTH CENTER,August,YES,RURAL,206.0,0.0,56.0,-267,51.0,0.6,Critical,82.0,387.0
ART-INJ,ART,HEALTH CENTER,November,NO,RURAL,610.0,2.0,257.0,-18,678.0,5.0,Adequate,135.0,7196.0
SP,SP,HEALTH CENTER,February,NO,RURAL,1473.0,0.0,45.0,-213,430.0,86.0,Overstock,5.0,0.0
ART-INJ,ART,HEALTH CENTER,November,NO,RURAL,1772.0,5.0,178.0,186,1791.0,5.3,Overstock,337.0,7.0
ACT-INF,ACT,HEALTH CENTER,August,YES,RURAL,904.0,1573.0,441.0,180,1638.0,3.5,Adequate,466.0,360.0
QUIN,SP,HEALTH CENTER,February,NO,URBAN,605.0,354.0,51.0,52,231.0,3.4,Adequate,68.0,27.0
ACT-GC,ACT,HEALTH CENTER,August,YES,RURAL,144.0,99.0,221.0,-58,92.0,0.5,Critical,200.0,527.0
ART-SUP,ART,HEALTH CENTER,August,YES,RURAL,2753.0,30.0,414.0,736,243.0,1.4,Low,170.0,538.0
RDT,DIAG,HEALTH CENTER,May,YES,URBAN,513.0,0.0,127.0,132,487.0,9.2,Overstock,53.0,5.0
ACT-GC,ACT,HEALTH CENTER,February,NO,URBAN,888.0,0.0,90.0,318,57.0,0.3,Critical,197.0,92.0
ART-SUP,ART,HEALTH CENTER,August,YES,URBAN,864.0,0.0,223.0,-817,256.0,15.1,Overstock,17.0,4591.0
ACT-GC,ACT,HEALTH CENTER,May,YES,URBAN,934.0,0.0,183.0,-333,744.0,10.8,Overstock,69.0,0.0
ACT-INF,ACT,HEALTH CENTER,November,NO,RURAL,920.0,58.0,391.0,-289,455.0,1.4,Low,331.0,16373.0
PYRA-SAC,PYRA,HEALTH CENTER,August,YES,URBAN,3312.0,1384.0,389.0,277,3813.0,35.6,Overstock,107.0,0.0
QUIN,SP,HEALTH CENTER,August,YES,RURAL,5.0,6.0,4.0,5,41.0,,Unknown,0.0,0.0
PYRA-COMP,PYRA,HEALTH CENTER,May,YES,RURAL,683.0,1.0,239.0,122,269.0,1.8,Low,151.0,2.0
ACT-INF,ACT,HEALTH CENTER,November,NO,RURAL,3000.0,34.0,716.0,570,2972.0,15.2,Overstock,195.0,8.0
ACT-GC,ACT,HEALTH CENTER,February,NO,RURAL,1732.0,2.0,375.0,-332,172.0,0.7,Critical,245.0,552.0
PYRA-COMP,PYRA,HEALTH CENTER,August,YES,RURAL,192.0,780.0,238.0,131,170.0,1.5,Low,112.0,0.0
ART-SUP,ART,HEALTH CENTER,November,NO,RURAL,90.0,0.0,11.0,485,95.0,3.5,Adequate,27.0,2.0
ITN,PREV,HEALTH CENTER,November,NO,URBAN,5082.0,663.0,635.0,517,6586.0,7.3,Overstock,905.0,2.0
ART-INJ,ART,HEALTH CENTER,November,NO,URBAN,824.0,729.0,310.0,349,1712.0,14.4,Overstock,119.0,141.0
ART-INJ,ART,HEALTH CENTER,February,NO,URBAN,167.0,0.0,17.0,-232,80.0,40.0,Overstock,2.0,326.0
ART-INJ,ART,HEALTH CENTER,November,NO,URBAN,0.0,6.0,10.0,825,4.0,4.0,Adequate,1.0,8.0
RDT,DIAG,HEALTH CENTER,May,YES,RURAL,8.0,63.0,2.0,-324,275.0,275.0,Overstock,1.0,0.0
ART-INJ,ART,HEALTH CENTER,August,YES,RURAL,2112.0,304.0,730.0,-176,1460.0,4.2,Adequate,350.0,7279.0
ACT-INF,ACT,HOSPITAL,November,NO,URBAN,728.0,0.0,132.0,-208,547.0,9.0,Overstock,61.0,90.0
ACT-SC,ACT,HOSPITAL,February,NO,RURAL,581.0,6.0,158.0,-260,2087.0,189.7,Overstock,11.0,0.0
ART-INJ,ART,HEALTH CENTER,May,YES,URBAN,909.0,0.0,310.0,88,315.0,4.5,Adequate,70.0,0.0
PYRA-COMP,PYRA,HEALTH CENTER,May,YES,RURAL,4188.0,839.0,762.0,217,2885.0,10.7,Overstock,269.0,2411.0
RDT,DIAG,HEALTH CENTER,November,NO,RURAL,2117.0,46.0,306.0,144,2333.0,5.8,Overstock,404.0,0.0
QUIN,SP,HEALTH CENTER,May,YES,URBAN,51.0,19.0,122.0,-7,38.0,3.2,Adequate,12.0,131.0
ACT-SC,ACT,HEALTH CENTER,May,YES,RURAL,1585.0,152.0,620.0,394,1354.0,1.9,Low,729.0,800.0
ART-SUP,ART,HEALTH CENTER,August,YES,RURAL,17.0,20.0,21.0,-584,26.0,26.0,Overstock,1.0,48.0
ITN,PREV,HOSPITAL,May,YES,RURAL,633.0,1029.0,235.0,-235,1476.0,3.3,Adequate,441.0,12.0
SP,SP,HEALTH CENTER,February,NO,URBAN,222.0,26.0,94.0,591,805.0,11.8,Overstock,68.0,521.0
RDT,DIAG,HEALTH CENTER,November,NO,URBAN,118.0,0.0,12.0,314,75.0,5.4,Overstock,14.0,22.0
PYRA-COMP,PYRA,HEALTH CENTER,May,YES,URBAN,1455.0,982.0,668.0,-523,3648.0,4.2,Adequate,871.0,12217.0
ACT-GC,ACT,HEALTH CENTER,August,YES,URBAN,2344.0,0.0,103.0,-339,341.0,4.9,Adequate,69.0,38.0
ART-SUP,ART,HEALTH CENTER,August,YES,RURAL,368.0,9.0,2.0,1160,128.0,,Unknown,0.0,0.0
ACT-AD,ACT,HEALTH CENTER,August,YES,RURAL,1187.0,108.0,558.0,-851,1169.0,5.1,Overstock,227.0,20.0
SP,SP,HEALTH CENTER,August,YES,RURAL,2549.0,2.0,771.0,1,2062.0,3.7,Adequate,564.0,0.0
PYRA-SAC,PYRA,HEALTH CENTER,November,NO,URBAN,2104.0,33.0,455.0,3,1490.0,11.0,Overstock,135.0,1801.0
ACT-INF,ACT,HEALTH CENTER,August,YES,URBAN,901.0,5.0,186.0,111,396.0,2.0,Low,199.0,2719.0
ART-SUP,ART,HEALTH CENTER,November,NO,RURAL,164.0,774.0,110.0,-235,145.0,2.5,Low,57.0,12.0
ITN,PREV,HEALTH CENTER,August,YES,RURAL,104.0,0.0,14.0,-61,3.0,0.3,Critical,11.0,97.0
ACT-SC,ACT,HEALTH CENTER,February,NO,URBAN,620.0,147.0,61.0,204,96.0,1.4,Low,67.0,16.0
ACT-AD,ACT,HOSPITAL,August,YES,RURAL,220.0,52.0,118.0,-233,81.0,0.3,Critical,238.0,419.0
QUIN,SP,HEALTH CENTER,May,YES,RURAL,76.0,1.0,13.0,791,184.0,8.4,Overstock,22.0,5.0
ACT-SC,ACT,HEALTH CENTER,May,YES,RURAL,1497.0,6.0,560.0,1116,1453.0,3.2,Adequate,453.0,194.0
ITN,PREV,HEALTH CENTER,May,YES,RURAL,919.0,140.0,107.0,191,1931.0,28.0,Overstock,69.0,3.0
PYRA-COMP,PYRA,HEALTH CENTER,August,YES,RURAL,3883.0,173.0,1305.0,805,1772.0,2.8,Low,629.0,3685.0
RDT,DIAG,HEALTH CENTER,May,YES,RURAL,2676.0,447.0,1095.0,-754,1357.0,2.2,Low,605.0,2.0
ACT-GC,ACT,HEALTH CENTER,August,YES,RURAL,1152.0,1.0,38.0,388,146.0,146.0,Overstock,1.0,0.0
PYRA-SAC,PYRA,HEALTH CENTER,August,YES,RURAL,10220.0,208.0,1428.0,536,8694.0,10.9,Overstock,795.0,130.0
RDT,DIAG,HEALTH CENTER,February,NO,RURAL,1400.0,64.0,384.0,588,830.0,3.4,Adequate,244.0,176.0
PYRA-COMP,PYRA,HEALTH CENTER,February,NO,RURAL,994.0,1.0,110.0,116,2271.0,58.2,Overstock,39.0,0.0
ACT-INF,ACT,HOSPITAL,May,YES,URBAN,495.0,0.0,379.0,374,648.0,0.9,Critical,702.0,1490.0
ART-INJ,ART,HOSPITAL,August,YES,RURAL,550.0,0.0,175.0,-425,279.0,1.2,Low,224.0,3024.0
SP,SP,HEALTH CENTER,November,NO,RURAL,309.0,10.0,216.0,83,98.0,1.1,Low,93.0,7.0
PYRA-SAC,PYRA,HEALTH CENTER,February,NO,RURAL,4416.0,44.0,351.0,98,1268.0,18.6,Overstock,68.0,0.0
ART-INJ,ART,HEALTH CENTER,February,NO,RURAL,419.0,35.0,302.0,19,90.0,0.5,Critical,189.0,1662.0
ART-SUP,ART,HEALTH CENTER,November,NO,RURAL,84.0,0.0,3.0,369,14.0,14.0,Overstock,1.0,31.0
RDT,DIAG,HEALTH CENTER,February,NO,RURAL,1033.0,82.0,350.0,-143,937.0,1.3,Low,716.0,4593.0
ART-SUP,ART,HEALTH CENTER,August,YES,URBAN,97.0,96.0,8.0,196,162.0,40.5,Overstock,4.0,0.0
ART-INJ,ART,HEALTH CENTER,November,NO,RURAL,5.0,120.0,20.0,-430,56.0,28.0,Overstock,2.0,0.0
ACT-AD,ACT,HEALTH CENTER,February,NO,RURAL,1310.0,1096.0,200.0,34,3229.0,67.3,Overstock,48.0,2.0
ACT-INF,ACT,HEALTH CENTER,November,NO,RURAL,1319.0,270.0,645.0,-516,1077.0,0.9,Critical,1194.0,2902.0
ACT-AD,ACT,HEALTH CENTER,November,NO,URBAN,1948.0,2.0,307.0,158,1499.0,5.4,Overstock,278.0,0.0
ACT-INF,ACT,HEALTH CENTER,May,YES,RURAL,768.0,124.0,227.0,290,1158.0,4.5,Adequate,259.0,1226.0
SP,SP,HEALTH CENTER,February,NO,RURAL,1581.0,0.0,380.0,-289,856.0,4.8,Adequate,179.0,792.0
ACT-GC,ACT,HEALTH CENTER,November,NO,RURAL,3223.0,0.0,386.0,720,717.0,12.4,Overstock,58.0,540.0
ACT-INF,ACT,HEALTH CENTER,November,NO,URBAN,234.0,268.0,112.0,-65,1317.0,69.3,Overstock,19.0,0.0
RDT,DIAG,HEALTH CENTER,August,YES,URBAN,33.0,0.0,3.0,133,61.0,15.2,Overstock,4.0,0.0
ACT-SC,ACT,HEALTH CENTER,May,YES,RURAL,83.0,1.0,4.0,607,217.0,,Unknown,0.0,0.0
ACT-INF,ACT,HEALTH CENTER,February,NO,RURAL,1424.0,1.0,671.0,155,992.0,2.6,Low,386.0,783.0
RDT,DIAG,HOSPITAL,August,YES,RURAL,3416.0,1849.0,1032.0,-657,4591.0,4.2,Adequate,1088.0,99.0
ACT-AD,ACT,HEALTH CENTER,November,NO,RURAL,1081.0,460.0,422.0,462,3305.0,5.7,Overstock,581.0,60.0
ART-INJ,ART,HEALTH CENTER,November,NO,URBAN,186.0,1.0,43.0,-620,553.0,553.0,Overstock,1.0,28.0
RDT,DIAG,HOSPITAL,November,NO,RURAL,659.0,0.0,669.0,-126,270.0,0.5,Critical,519.0,2271.0
RDT,DIAG,HEALTH CENTER,February,NO,RURAL,3405.0,133.0,729.0,272,2254.0,3.3,Adequate,680.0,596.0
ACT-AD,ACT,HEALTH CENTER,May,YES,URBAN,117.0,0.0,50.0,-409,26.0,0.5,Critical,51.0,137.0
SP,SP,HEALTH CENTER,November,NO,RURAL,4834.0,0.0,817.0,329,4225.0,6.1,Overstock,687.0,548.0
PYRA-SAC,PYRA,HOSPITAL,November,NO,RURAL,1731.0,0.0,73.0,371,922.0,20.0,Overstock,46.0,465.0
RDT,DIAG,HEALTH CENTER,February,NO,URBAN,95.0,2.0,42.0,-57,31.0,1.2,Low,25.0,0.0
ACT-GC,ACT,HEALTH CENTER,May,YES,URBAN,821.0,5.0,169.0,-572,1226.0,9.4,Overstock,131.0,4.0
ACT-SC,ACT,HOSPITAL,February,NO,RURAL,1278.0,8.0,232.0,792,1104.0,3.5,Adequate,318.0,1877.0
ACT-GC,ACT,HEALTH CENTER,February,NO,RURAL,218.0,0.0,49.0,-155,599.0,18.7,Overstock,32.0,0.0
SP,SP,HEALTH CENTER,May,YES,RURAL,617.0,26.0,24.0,-314,799.0,114.1,Overstock,7.0,0.0
ACT-SC,ACT,HEALTH CENTER,May,YES,URBAN,300.0,0.0,82.0,70,559.0,16.0,Overstock,35.0,3.0
PYRA-SAC,PYRA,HEALTH CENTER,November,NO,URBAN,1886.0,0.0,665.0,-79,1133.0,1.4,Low,805.0,295.0
QUIN,SP,HEALTH CENTER,November,NO,RURAL,924.0,166.0,359.0,838,2673.0,11.6,Overstock,231.0,51.0
ART-SUP,ART,HOSPITAL,May,YES,RURAL,1324.0,1.0,76.0,305,1218.0,93.7,Overstock,13.0,0.0
RDT,DIAG,HOSPITAL,November,NO,URBAN,16.0,129.0,13.0,-546,345.0,115.0,Overstock,3.0,0.0
QUIN,SP,HEALTH CENTER,May,YES,RURAL,386.0,547.0,365.0,-54,514.0,0.9,Critical,569.0,2528.0
RDT,DIAG,HEALTH CENTER,May,YES,URBAN,26.0,0.0,13.0,291,79.0,6.1,Overstock,13.0,452.0
ACT-AD,ACT,HEALTH CENTER,August,YES,URBAN,1294.0,14.0,432.0,476,972.0,3.7,Adequate,260.0,2915.0
RDT,DIAG,HEALTH CENTER,February,NO,URBAN,82.0,251.0,339.0,-799,1722.0,4.2,Adequate,408.0,0.0
QUIN,SP,HEALTH CENTER,August,YES,URBAN,3786.0,0.0,834.0,1,2142.0,2.7,Low,779.0,2.0
PYRA-SAC,PYRA,HOSPITAL,August,YES,RURAL,1899.0,0.0,732.0,15,510.0,1.8,Low,277.0,0.0
PYRA-SAC,PYRA,HEALTH CENTER,November,NO,RURAL,51.0,2820.0,169.0,-129,603.0,27.4,Overstock,22.0,1.0
ACT-SC,ACT,HEALTH CENTER,August,YES,RURAL,64.0,343.0,126.0,-292,90.0,1.3,Low,70.0,0.0
ITN,PREV,HEALTH CENTER,May,YES,RURAL,338.0,0.0,450.0,-389,67.0,0.5,Critical,124.0,958.0
ACT-GC,ACT,HEALTH CENTER,May,YES,URBAN,1719.0,17.0,1279.0,-169,452.0,0.4,Critical,1268.0,5234.0
ACT-SC,ACT,HEALTH CENTER,February,NO,URBAN,2829.0,905.0,1589.0,-287,5105.0,2.7,Low,1905.0,8721.0
ART-INJ,ART,HEALTH CENTER,November,NO,RURAL,92.0,110.0,64.0,-567,149.0,2.2,Low,67.0,977.0
ITN,PREV,HEALTH CENTER,November,NO,RURAL,4815.0,1364.0,900.0,-121,4852.0,5.0,Adequate,970.0,1018.0
ART-INJ,ART,HEALTH CENTER,November,NO,URBAN,1258.0,22.0,106.0,402,495.0,17.7,Overstock,28.0,1.0
ACT-AD,ACT,HOSPITAL,November,NO,URBAN,622.0,0.0,122.0,618,107.0,0.9,Critical,125.0,0.0
RDT,DIAG,HEALTH CENTER,November,NO,RURAL,289.0,10.0,34.0,-388,215.0,10.2,Overstock,21.0,622.0
ITN,PREV,HEALTH CENTER,May,YES,RURAL,251.0,0.0,71.0,-234,612.0,27.8,Overstock,22.0,0.0
ACT-GC,ACT,HEALTH CENTER,November,NO,RURAL,413.0,270.0,56.0,-219,698.0,4.3,Adequate,164.0,1.0
ART-INJ,ART,HEALTH CENTER,August,YES,RURAL,194.0,250.0,76.0,490,826.0,31.8,Overstock,26.0,94.0
PYRA-SAC,PYRA,HEALTH CENTER,August,YES,RURAL,0.0,3.0,2.0,-589,1.0,,Unknown,0.0,0.0
SP,SP,HEALTH CENTER,February,NO,URBAN,35.0,0.0,27.0,-384,12.0,0.2,Critical,66.0,4.0
RDT,DIAG,HEALTH CENTER,November,NO,RURAL,1474.0,125.0,280.0,-131,543.0,5.7,Overstock,95.0,29.0
ACT-SC,ACT,HEALTH CENTER,May,YES,URBAN,4331.0,138.0,633.0,751,789.0,3.0,Adequate,260.0,3744.0
ACT-SC,ACT,HEALTH CENTER,August,YES,RURAL,2605.0,100.0,692.0,-233,4217.0,7.9,Overstock,531.0,248.0
ACT-INF,ACT,HOSPITAL,May,YES,RURAL,614.0,471.0,226.0,-467,880.0,14.4,Overstock,61.0,5.0
PYRA-COMP,PYRA,HEALTH CENTER,August,YES,RURAL,463.0,11.0,6.0,-491,459.0,,Unknown,0.0,0.0
ACT-SC,ACT,HEALTH CENTER,August,YES,RURAL,6498.0,343.0,1321.0,-341,3037.0,2.2,Low,1374.0,274.0
PYRA-SAC,PYRA,HEALTH CENTER,May,YES,URBAN,867.0,24.0,159.0,69,546.0,0.7,Critical,752.0,5.0
ART-INJ,ART,HEALTH CENTER,November,NO,RURAL,1423.0,0.0,462.0,-509,819.0,2.1,Low,388.0,389.0
ACT-INF,ACT,HEALTH CENTER,May,YES,RURAL,1799.0,0.0,556.0,-81,357.0,1.1,Low,334.0,10754.0
ACT-GC,ACT,HEALTH CENTER,May,YES,URBAN,1061.0,34.0,483.0,-213,541.0,1.0,Critical,550.0,2070.0
ITN,PREV,HEALTH CENTER,August,YES,URBAN,391.0,0.0,54.0,-458,101.0,12.6,Overstock,8.0,1.0
ACT-AD,ACT,HEALTH CENTER,August,YES,RURAL,1761.0,410.0,1188.0,-791,4634.0,10.1,Overstock,458.0,0.0
QUIN,SP,HEALTH CENTER,August,YES,URBAN,917.0,36.0,346.0,823,2120.0,4.6,Adequate,458.0,246.0
ACT-GC,ACT,HEALTH CENTER,May,YES,RURAL,540.0,5.0,287.0,391,481.0,1.2,Low,416.0,4217.0
ACT-INF,ACT,HEALTH CENTER,November,NO,RURAL,909.0,0.0,36.0,153,421.0,105.2,Overstock,4.0,0.0
PYRA-SAC,PYRA,HEALTH CENTER,May,YES,RURAL,396.0,271.0,528.0,501,380.0,1.0,Critical,378.0,4935.0
ART-INJ,ART,HEALTH CENTER,August,YES,RURAL,2051.0,62.0,443.0,-478,1956.0,2.3,Low,861.0,1.0
ART-INJ,ART,HEALTH CENTER,November,NO,URBAN,3949.0,213.0,849.0,233,8639.0,14.4,Overstock,601.0,6.0
SP,SP,HEALTH CENTER,November,NO,URBAN,5176.0,2.0,957.0,-410,3283.0,4.0,Adequate,814.0,3752.0
PYRA-SAC,PYRA,HOSPITAL,August,YES,URBAN,46.0,84.0,14.0,-380,42.0,2.3,Low,18.0,357.0
ACT-GC,ACT,HEALTH CENTER,August,YES,URBAN,443.0,0.0,206.0,-169,451.0,2.4,Low,190.0,325.0
ACT-GC,ACT,HEALTH CENTER,August,YES,RURAL,2274.0,127.0,1334.0,113,3646.0,2.9,Low,1276.0,936.0
RDT,DIAG,HOSPITAL,November,NO,RURAL,799.0,129.0,144.0,-418,1200.0,7.9,Overstock,151.0,749.0
PYRA-SAC,PYRA,HEALTH CENTER,February,NO,URBAN,82.0,84.0,272.0,118,252.0,1.1,Low,229.0,454.0
ACT-AD,ACT,HEALTH CENTER,August,YES,URBAN,7658.0,30.0,568.0,-174,3228.0,13.6,Overstock,238.0,336.0
ACT-SC,ACT,HEALTH CENTER,November,NO,RURAL,535.0,0.0,271.0,333,457.0,5.0,Adequate,92.0,308.0
SP,SP,HEALTH CENTER,August,YES,RURAL,466.0,17.0,308.0,162,1375.0,2.6,Low,526.0,1022.0
ACT-SC,ACT,HEALTH CENTER,May,YES,RURAL,1097.0,878.0,1217.0,824,2521.0,2.6,Low,983.0,2876.0
PYRA-COMP,PYRA,HEALTH CENTER,November,NO,RURAL,893.0,2285.0,295.0,425,1728.0,10.5,Overstock,165.0,0.0
ACT-INF,ACT,HEALTH CENTER,August,YES,RURAL,808.0,755.0,506.0,-457,1685.0,4.4,Adequate,386.0,685.0
ACT-SC,ACT,HEALTH CENTER,August,YES,URBAN,202.0,112.0,172.0,307,35.0,0.6,Critical,56.0,107.0
SP,SP,HEALTH CENTER,May,YES,RURAL,490.0,45.0,154.0,-4,386.0,2.8,Low,137.0,0.0
ITN,PREV,HEALTH CENTER,February,NO,RURAL,38.0,37.0,44.0,103,142.0,47.3,Overstock,3.0,1.0
PYRA-SAC,PYRA,HEALTH CENTER,May,YES,URBAN,420.0,0.0,193.0,499,309.0,22.1,Overstock,14.0,5824.0
PYRA-SAC,PYRA,HOSPITAL,May,YES,RURAL,1028.0,79.0,584.0,-513,1308.0,7.8,Overstock,168.0,4160.0
ACT-GC,ACT,HEALTH CENTER,August,YES,RURAL,1331.0,19.0,325.0,-200,1492.0,9.6,Overstock,156.0,219.0
RDT,DIAG,HEALTH CENTER,May,YES,RURAL,18.0,1.0,21.0,-330,324.0,46.3,Overstock,7.0,1.0
ACT-AD,ACT,HEALTH CENTER,May,YES,URBAN,184.0,1.0,146.0,114,297.0,2.0,Low,147.0,59.0
QUIN,SP,HEALTH CENTER,February,NO,RURAL,155.0,4.0,132.0,-189,1799.0,30.5,Overstock,59.0,0.0
PYRA-SAC,PYRA,HEALTH CENTER,August,YES,RURAL,504.0,1.0,316.0,920,127.0,0.3,Critical,436.0,3275.0
SP,SP,HEALTH CENTER,August,YES,URBAN,164.0,23.0,81.0,338,406.0,3.6,Adequate,112.0,0.0
ACT-AD,ACT,HEALTH CENTER,May,YES,RURAL,2.0,1.0,1.0,300,5.0,,Unknown,0.0,1.0
ACT-AD,ACT,HEALTH CENTER,February,NO,RURAL,3788.0,94.0,521.0,41,2475.0,3.7,Adequate,661.0,1.0
PYRA-SAC,PYRA,HEALTH CENTER,May,YES,RURAL,2368.0,3.0,558.0,15,2009.0,2.8,Low,714.0,6.0
ART-SUP,ART,HEALTH CENTER,February,NO,RURAL,3325.0,304.0,419.0,279,1651.0,4.5,Adequate,363.0,25.0
PYRA-SAC,PYRA,HEALTH CENTER,August,YES,RURAL,579.0,414.0,95.0,125,1118.0,372.7,Overstock,3.0,0.0
QUIN,SP,HEALTH CENTER,May,YES,RURAL,154.0,7.0,87.0,-500,3.0,0.2,Critical,12.0,0.0
RDT,DIAG,HEALTH CENTER,August,YES,RURAL,286.0,136.0,54.0,-47,465.0,13.3,Overstock,35.0,525.0
ITN,PREV,HOSPITAL,February,NO,RURAL,191.0,85.0,25.0,219,499.0,499.0,Overstock,1.0,7.0
ITN,PREV,HEALTH CENTER,May,YES,URBAN,111.0,2.0,39.0,-1440,60.0,10.0,Overstock,6.0,8.0
RDT,DIAG,HEALTH CENTER,May,YES,RURAL,2450.0,57.0,689.0,-132,2064.0,7.5,Overstock,275.0,0.0
ACT-AD,ACT,HEALTH CENTER,August,YES,RURAL,264.0,1102.0,291.0,-64,1247.0,4.6,Adequate,271.0,0.0
ACT-AD,ACT,HEALTH CENTER,August,YES,RURAL,1205.0,28.0,287.0,-504,1251.0,8.1,Overstock,155.0,0.0
ITN,PREV,HEALTH CENTER,November,NO,URBAN,78.0,51.0,288.0,-70,409.0,6.3,Overstock,65.0,1662.0
ACT-INF,ACT,HEALTH CENTER,February,NO,RURAL,8.0,80.0,5.0,-326,75.0,75.0,Overstock,1.0,0.0
QUIN,SP,HEALTH CENTER,February,NO,RURAL,1423.0,1.0,219.0,-293,608.0,1.8,Low,341.0,2098.0
PYRA-COMP,PYRA,HEALTH CENTER,November,NO,URBAN,80.0,67.0,50.0,-148,302.0,3.0,Adequate,101.0,45.0
ACT-SC,ACT,HEALTH CENTER,August,YES,URBAN,1353.0,0.0,441.0,-90,465.0,1.0,Critical,447.0,310.0
ACT-SC,ACT,HEALTH CENTER,May,YES,RURAL,65.0,1.0,11.0,451,74.0,3.9,Adequate,19.0,2443.0
ACT-AD,ACT,HEALTH CENTER,May,YES,RURAL,9832.0,138.0,2149.0,0,5676.0,2.1,Low,2708.0,17934.0
ACT-SC,ACT,HEALTH CENTER,February,NO,RURAL,205.0,528.0,83.0,-187,1599.0,66.6,Overstock,24.0,0.0
ACT-AD,ACT,HEALTH CENTER,November,NO,URBAN,352.0,51.0,97.0,-486,117.0,2.9,Low,40.0,243.0
RDT,DIAG,HEALTH CENTER,May,YES,RURAL,653.0,0.0,167.0,263,411.0,6.2,Overstock,66.0,3.0
SP,SP,HEALTH CENTER,November,NO,URBAN,223.0,0.0,4.0,-214,48.0,,Unknown,0.0,0.0
QUIN,SP,HEALTH CENTER,February,NO,RURAL,2055.0,1.0,231.0,-102,879.0,23.1,Overstock,38.0,1.0
ITN,PREV,HOSPITAL,February,NO,RURAL,1176.0,0.0,41.0,-221,125.0,5.2,Overstock,24.0,3.0
ACT-GC,ACT,HEALTH CENTER,August,YES,RURAL,96.0,1.0,99.0,444,243.0,7.8,Overstock,31.0,6.0
ITN,PREV,HEALTH CENTER,May,YES,RURAL,775.0,440.0,225.0,-347,1033.0,79.5,Overstock,13.0,0.0
ACT-GC,ACT,HEALTH CENTER,May,YES,RURAL,1099.0,89.0,463.0,-41,996.0,1.8,Low,541.0,496.0
SP,SP,HEALTH CENTER,May,YES,URBAN,2548.0,10.0,219.0,-386,1368.0,9.9,Overstock,138.0,0.0
ACT-AD,ACT,HEALTH CENTER,November,NO,RURAL,71.0,0.0,168.0,101,29.0,0.2,Critical,124.0,1.0
ART-SUP,ART,HEALTH CENTER,August,YES,URBAN,0.0,191.0,15.0,-364,5.0,0.5,Critical,11.0,789.0
ACT-AD,ACT,HEALTH CENTER,November,NO,URBAN,2737.0,99.0,523.0,-289,3134.0,9.4,Overstock,334.0,1836.0
ACT-GC,ACT,HOSPITAL,November,NO,RURAL,43.0,0.0,4.0,180,61.0,20.3,Overstock,3.0,0.0
ART-SUP,ART,HEALTH CENTER,November,NO,URBAN,1.0,491.0,0.0,-490,7.0,,Unknown,0.0,0.0
RDT,DIAG,HEALTH CENTER,May,YES,RURAL,146.0,0.0,113.0,351,248.0,1.7,Low,145.0,53.0
RDT,DIAG,HOSPITAL,November,NO,RURAL,2698.0,1.0,74.0,-631,1716.0,26.8,Overstock,64.0,0.0
PYRA-COMP,PYRA,HEALTH CENTER,May,YES,RURAL,258.0,3.0,9.0,-1024,485.0,97.0,Overstock,5.0,0.0
ART-SUP,ART,HEALTH CENTER,May,YES,URBAN,49.0,0.0,5.0,-834,47.0,7.8,Overstock,6.0,0.0
ACT-INF,ACT,HEALTH CENTER,November,NO,URBAN,873.0,0.0,719.0,60,1099.0,3.2,Adequate,343.0,443.0
SP,SP,HEALTH CENTER,May,YES,RURAL,942.0,2.0,58.0,61,320.0,11.4,Overstock,28.0,220.0
PYRA-SAC,PYRA,HEALTH CENTER,November,NO,URBAN,717.0,26.0,149.0,301,462.0,2.9,Low,161.0,45.0
ITN,PREV,HEALTH CENTER,February,NO,RURAL,3222.0,137.0,569.0,-53,3173.0,9.0,Overstock,354.0,1.0
ACT-AD,ACT,HEALTH CENTER,August,YES,URBAN,2011.0,0.0,193.0,631,1344.0,5.9,Overstock,228.0,0.0
ACT-AD,ACT,HEALTH CENTER,November,NO,URBAN,1675.0,0.0,237.0,179,482.0,3.1,Adequate,156.0,10.0
ACT-AD,ACT,HEALTH CENTER,May,YES,RURAL,4076.0,21.0,991.0,995,3130.0,3.4,Adequate,931.0,1049.0
PYRA-SAC,PYRA,HEALTH CENTER,August,YES,RURAL,105.0,1.0,60.0,-160,177.0,5.4,Overstock,33.0,12.0
PYRA-SAC,PYRA,HEALTH CENTER,August,YES,RURAL,184.0,434.0,91.0,787,457.0,10.6,Overstock,43.0,26.0
ACT-INF,ACT,HEALTH CENTER,November,NO,RURAL,3002.0,0.0,205.0,554,515.0,3.2,Adequate,161.0,16.0
ITN,PREV,HEALTH CENTER,August,YES,URBAN,107.0,2018.0,68.0,471,962.0,68.7,Overstock,14.0,22.0
PYRA-COMP,PYRA,HEALTH CENTER,November,NO,RURAL,3409.0,123.0,736.0,325,3151.0,4.4,Adequate,715.0,4263.0
ACT-GC,ACT,HEALTH CENTER,August,YES,RURAL,5666.0,33.0,722.0,-361,5161.0,4.9,Adequate,1048.0,8.0
ACT-SC,ACT,HEALTH CENTER,November,NO,RURAL,1059.0,313.0,393.0,-803,277.0,0.5,Critical,539.0,1092.0
ART-INJ,ART,HEALTH CENTER,May,YES,RURAL,1908.0,114.0,692.0,336,1602.0,2.1,Low,778.0,205.0
ACT-GC,ACT,HOSPITAL,November,NO,RURAL,1359.0,17.0,129.0,-428,572.0,7.5,Overstock,76.0,81.0
ART-SUP,ART,HEALTH CENTER,November,NO,RURAL,402.0,18.0,99.0,664,290.0,2.7,Low,106.0,0.0
SP,SP,HEALTH CENTER,November,NO,RURAL,596.0,0.0,203.0,-38,691.0,12.6,Overstock,55.0,58.0
ACT-GC,ACT,HEALTH CENTER,May,YES,URBAN,3616.0,521.0,828.0,-419,1870.0,5.8,Overstock,323.0,77.0
ACT-GC,ACT,HEALTH CENTER,August,YES,URBAN,345.0,16.0,102.0,6,386.0,2.3,Low,170.0,1309.0
ITN,PREV,HOSPITAL,August,YES,URBAN,4376.0,7.0,852.0,-593,2657.0,3.9,Adequate,686.0,460.0
RDT,DIAG,HEALTH CENTER,May,YES,RURAL,865.0,360.0,275.0,105,1510.0,33.6,Overstock,45.0,0.0
ACT-SC,ACT,HEALTH CENTER,November,NO,RURAL,276.0,27.0,914.0,525,702.0,2.3,Low,309.0,6084.0
ART-INJ,ART,HEALTH CENTER,November,NO,RURAL,155.0,2.0,115.0,-402,180.0,1.1,Low,163.0,1.0
SP,SP,HEALTH CENTER,May,YES,RURAL,218.0,0.0,1.0,829,191.0,95.5,Overstock,2.0,191.0
QUIN,SP,HEALTH CENTER,August,YES,URBAN,3596.0,1.0,829.0,426,3691.0,6.0,Overstock,618.0,2241.0
ACT-SC,ACT,HEALTH CENTER,February,NO,RURAL,737.0,313.0,246.0,-95,1905.0,10.2,Overstock,187.0,5.0
PYRA-SAC,PYRA,HEALTH CENTER,August,YES,RURAL,3134.0,29.0,550.0,9,2311.0,6.3,Overstock,369.0,291.0
ART-SUP,ART,HOSPITAL,May,YES,RURAL,223.0,2.0,93.0,300,638.0,9.8,Overstock,65.0,0.0
ACT-GC,ACT,HEALTH CENTER,May,YES,URBAN,138.0,0.0,11.0,440,1733.0,288.8,Overstock,6.0,0.0
QUIN,SP,HEALTH CENTER,February,NO,URBAN,694.0,198.0,457.0,-442,2125.0,2.7,Low,795.0,1072.0
ACT-GC,ACT,HOSPITAL,May,YES,RURAL,2087.0,2.0,344.0,133,1286.0,5.0,Adequate,257.0,1334.0
ACT-SC,ACT,HEALTH CENTER,August,YES,RURAL,55.0,0.0,2.0,205,13.0,,Unknown,0.0,0.0
ACT-SC,ACT,HEALTH CENTER,February,NO,RURAL,17.0,61.0,13.0,170,175.0,,Unknown,0.0,0.0
QUIN,SP,HEALTH CENTER,August,YES,URBAN,1791.0,103.0,142.0,1,2128.0,14.9,Overstock,143.0,37.0
ACT-GC,ACT,HEALTH CENTER,May,YES,RURAL,732.0,0.0,53.0,-535,169.0,5.6,Overstock,30.0,2.0
ACT-AD,ACT,HEALTH CENTER,August,YES,RURAL,3010.0,151.0,301.0,168,3263.0,29.9,Overstock,109.0,0.0
SP,SP,HEALTH CENTER,August,YES,URBAN,4490.0,495.0,932.0,75,3289.0,9.8,Overstock,334.0,106.0
ACT-SC,ACT,HEALTH CENTER,August,YES,RURAL,781.0,25.0,104.0,297,1131.0,3.9,Adequate,291.0,1604.0
PYRA-SAC,PYRA,HOSPITAL,February,NO,RURAL,3296.0,1.0,648.0,296,2725.0,3.9,Adequate,705.0,6.0
ITN,PREV,HOSPITAL,February,NO,RURAL,2204.0,0.0,51.0,-357,1047.0,26.2,Overstock,40.0,24.0
ACT-AD,ACT,HEALTH CENTER,May,YES,RURAL,402.0,102.0,19.0,22,839.0,419.5,Overstock,2.0,20.0
ACT-INF,ACT,HEALTH CENTER,August,YES,URBAN,122.0,0.0,15.0,432,80.0,13.3,Overstock,6.0,0.0
RDT,DIAG,HEALTH CENTER,May,YES,RURAL,2971.0,0.0,233.0,128,2487.0,14.8,Overstock,168.0,0.0
PYRA-SAC,PYRA,HEALTH CENTER,November,NO,URBAN,2317.0,0.0,511.0,-21,2452.0,3.7,Adequate,658.0,22.0
PYRA-SAC,PYRA,HEALTH CENTER,November,NO,RURAL,660.0,12.0,131.0,-1075,532.0,6.6,Overstock,81.0,747.0
ACT-INF,ACT,HEALTH CENTER,November,NO,URBAN,42.0,106.0,22.0,-336,165.0,82.5,Overstock,2.0,1.0
ACT-INF,ACT,HEALTH CENTER,November,NO,RURAL,848.0,0.0,52.0,13,161.0,11.5,Overstock,14.0,14.0
PYRA-SAC,PYRA,HEALTH CENTER,May,YES,RURAL,3266.0,110.0,687.0,-479,3942.0,11.7,Overstock,337.0,0.0
ART-SUP,ART,HEALTH CENTER,August,YES,URBAN,296.0,158.0,89.0,-403,872.0,15.0,Overstock,58.0,2314.0
PYRA-COMP,PYRA,HEALTH CENTER,May,YES,URBAN,2524.0,1822.0,489.0,24,2054.0,18.2,Overstock,113.0,17.0
ACT-AD,ACT,HEALTH CENTER,February,NO,RURAL,11.0,24.0,14.0,-4,39.0,2.2,Low,18.0,272.0
PYRA-COMP,PYRA,HEALTH CENTER,February,NO,RURAL,91.0,259.0,180.0,1344,289.0,2.5,Low,114.0,2984.0
ACT-GC,ACT,HEALTH CENTER,August,YES,RURAL,2257.0,1.0,232.0,94,2299.0,30.7,Overstock,75.0,46.0
RDT,DIAG,HEALTH CENTER,August,YES,RURAL,63.0,1.0,28.0,-348,51.0,3.2,Adequate,16.0,10.0
ITN,PREV,HEALTH CENTER,August,YES,URBAN,1233.0,31.0,418.0,19,832.0,4.7,Adequate,177.0,1631.0
QUIN,SP,HEALTH CENTER,November,NO,RURAL,610.0,165.0,905.0,-535,619.0,1.2,Low,514.0,8060.0
ART-SUP,ART,HEALTH CENTER,November,NO,URBAN,5.0,1451.0,5.0,457,157.0,4.0,Adequate,39.0,0.0
ART-SUP,ART,HEALTH CENTER,May,YES,RURAL,1940.0,52.0,232.0,-249,1383.0,16.7,Overstock,83.0,14.0
PYRA-COMP,PYRA,HEALTH CENTER,February,NO,RURAL,2984.0,0.0,116.0,442,854.0,5.7,Overstock,150.0,6.0
ACT-SC,ACT,HEALTH CENTER,August,YES,URBAN,2589.0,0.0,656.0,144,1471.0,4.8,Adequate,306.0,140.0
ACT-GC,ACT,HEALTH CENTER,February,NO,RURAL,116.0,0.0,2.0,-99,101.0,9.2,Overstock,11.0,2.0
RDT,DIAG,HEALTH CENTER,August,YES,RURAL,956.0,114.0,228.0,437,1515.0,13.9,Overstock,109.0,1032.0
ITN,PREV,HEALTH CENTER,November,NO,RURAL,260.0,1.0,80.0,930,134.0,2.5,Low,53.0,303.0
ACT-INF,ACT,HEALTH CENTER,February,NO,RURAL,1996.0,92.0,976.0,97,2690.0,3.5,Adequate,760.0,151.0
PYRA-SAC,PYRA,HEALTH CENTER,November,NO,URBAN,390.0,226.0,175.0,69,915.0,8.6,Overstock,107.0,0.0
RDT,DIAG,HEALTH CENTER,August,YES,RURAL,8816.0,26.0,989.0,264,8290.0,9.3,Overstock,894.0,131.0
ART-SUP,ART,HEALTH CENTER,August,YES,RURAL,1218.0,1514.0,418.0,175,2959.0,6.7,Overstock,443.0,4.0
SP,SP,HOSPITAL,August,YES,URBAN,818.0,471.0,671.0,501,1562.0,3.7,Adequate,427.0,4.0
ART-INJ,ART,HEALTH CENTER,November,NO,RURAL,712.0,3.0,97.0,-324,974.0,9.0,Overstock,108.0,327.0
ART-SUP,ART,HEALTH CENTER,May,YES,RURAL,35.0,928.0,12.0,745,742.0,148.4,Overstock,5.0,0.0
QUIN,SP,HEALTH CENTER,November,NO,RURAL,992.0,0.0,333.0,-99,2113.0,7.8,Overstock,270.0,0.0
ITN,PREV,HEALTH CENTER,November,NO,RURAL,2144.0,22.0,174.0,-258,101.0,4.2,Adequate,24.0,314.0
QUIN,SP,HEALTH CENTER,November,NO,RURAL,317.0,698.0,159.0,-58,667.0,4.7,Adequate,142.0,274.0
ART-SUP,ART,HEALTH CENTER,May,YES,URBAN,3.0,0.0,0.0,446,1.0,,Unknown,0.0,394.0
ACT-SC,ACT,HEALTH CENTER,May,YES,RURAL,136.0,16.0,10.0,105,430.0,17.2,Overstock,25.0,0.0
ITN,PREV,HEALTH CENTER,August,YES,RURAL,1965.0,131.0,861.0,-40,1928.0,3.4,Adequate,574.0,398.0
ACT-SC,ACT,HEALTH CENTER,August,YES,RURAL,166.0,0.0,18.0,-50,70.0,35.0,Overstock,2.0,0.0
ART-INJ,ART,HEALTH CENTER,May,YES,RURAL,2094.0,0.0,292.0,-119,2783.0,18.3,Overstock,152.0,0.0
SP,SP,HEALTH CENTER,November,NO,URBAN,53.0,60.0,4.0,669,494.0,247.0,Overstock,2.0,728.0
SP,SP,HEALTH CENTER,May,YES,URBAN,2162.0,0.0,912.0,-169,2743.0,2.3,Low,1168.0,484.0
SP,SP,HEALTH CENTER,February,NO,URBAN,5987.0,54.0,700.0,-71,4347.0,6.4,Overstock,683.0,0.0
ART-SUP,ART,HEALTH CENTER,February,NO,URBAN,643.0,0.0,43.0,13,49.0,1.3,Low,38.0,23.0
ART-INJ,ART,HEALTH CENTER,November,NO,URBAN,1883.0,115.0,404.0,-79,5899.0,26.7,Overstock,221.0,56.0
ACT-SC,ACT,HEALTH CENTER,May,YES,RURAL,462.0,39.0,203.0,-428,211.0,2.2,Low,95.0,8698.0
ART-INJ,ART,HEALTH CENTER,February,NO,RURAL,25.0,7.0,0.0,-313,77.0,,Unknown,0.0,10.0
PYRA-COMP,PYRA,HOSPITAL,February,NO,URBAN,458.0,69.0,138.0,-393,467.0,7.1,Overstock,66.0,75.0
ACT-SC,ACT,HEALTH CENTER,May,YES,RURAL,1288.0,0.0,250.0,385,1133.0,5.0,Adequate,228.0,77.0
ACT-INF,ACT,HEALTH CENTER,November,NO,RURAL,1125.0,0.0,578.0,-6,1197.0,2.7,Low,443.0,17.0
ITN,PREV,HOSPITAL,November,NO,RURAL,222.0,3.0,83.0,266,232.0,12.2,Overstock,19.0,910.0
ITN,PREV,HEALTH CENTER,August,YES,URBAN,520.0,93.0,221.0,74,849.0,6.2,Overstock,136.0,208.0
PYRA-SAC,PYRA,HEALTH CENTER,August,YES,RURAL,159.0,952.0,170.0,60,208.0,0.6,Critical,335.0,6383.0
RDT,DIAG,HEALTH CENTER,August,YES,RURAL,72.0,57.0,331.0,-825,36.0,0.1,Critical,368.0,195.0
ART-INJ,ART,HEALTH CENTER,February,NO,RURAL,88.0,0.0,5.0,33,71.0,,Unknown,0.0,0.0
RDT,DIAG,HEALTH CENTER,February,NO,RURAL,733.0,130.0,9.0,-134,277.0,34.6,Overstock,8.0,0.0
ITN,PREV,HEALTH CENTER,May,YES,RURAL,427.0,275.0,210.0,-204,234.0,29.2,Overstock,8.0,8.0
ACT-AD,ACT,HEALTH CENTER,August,YES,URBAN,677.0,55.0,53.0,-534,505.0,18.0,Overstock,28.0,0.0
ART-SUP,ART,HEALTH CENTER,February,NO,RURAL,325.0,0.0,144.0,-492,360.0,7.3,Overstock,49.0,1718.0
PYRA-COMP,PYRA,HEALTH CENTER,February,NO,RURAL,253.0,0.0,44.0,708,268.0,17.9,Overstock,15.0,579.0
ACT-AD,ACT,HEALTH CENTER,August,YES,URBAN,4940.0,884.0,1495.0,-944,2678.0,4.4,Adequate,608.0,235.0
QUIN,SP,HEALTH CENTER,August,YES,RURAL,610.0,0.0,83.0,-779,1225.0,87.5,Overstock,14.0,176.0
RDT,DIAG,HEALTH CENTER,May,YES,URBAN,1034.0,7.0,299.0,-45,1046.0,2.8,Low,378.0,143.0
PYRA-COMP,PYRA,HEALTH CENTER,May,YES,RURAL,3366.0,175.0,1391.0,-526,1577.0,1.2,Low,1304.0,10019.0
RDT,DIAG,HEALTH CENTER,February,NO,URBAN,696.0,1.0,112.0,-143,152.0,1.3,Low,114.0,2793.0
ACT-INF,ACT,HEALTH CENTER,May,YES,RURAL,4586.0,449.0,841.0,240,5009.0,7.8,Overstock,640.0,4854.0
SP,SP,HEALTH CENTER,May,YES,RURAL,157.0,306.0,70.0,-764,507.0,8.7,Overstock,58.0,378.0
ACT-GC,ACT,HEALTH CENTER,May,YES,RURAL,1124.0,31.0,195.0,168,2531.0,33.3,Overstock,76.0,0.0
SP,SP,HEALTH CENTER,August,YES,URBAN,195.0,0.0,48.0,35,538.0,10.2,Overstock,53.0,1.0
ITN,PREV,HOSPITAL,February,NO,URBAN,287.0,83.0,14.0,-408,996.0,33.2,Overstock,30.0,0.0
ART-SUP,ART,HEALTH CENTER,February,NO,RURAL,2599.0,97.0,306.0,-509,1126.0,2.7,Low,423.0,347.0
ACT-INF,ACT,HEALTH CENTER,August,YES,RURAL,78.0,114.0,118.0,14,61.0,0.2,Critical,277.0,2003.0
QUIN,SP,HOSPITAL,November,NO,RURAL,568.0,25.0,127.0,24,913.0,4.7,Adequate,195.0,11.0
PYRA-COMP,PYRA,HEALTH CENTER,February,NO,RURAL,0.0,270.0,4.0,519,6.0,3.0,Adequate,2.0,0.0
QUIN,SP,HEALTH CENTER,November,NO,RURAL,848.0,0.0,160.0,117,306.0,19.1,Overstock,16.0,0.0
SP,SP,HEALTH CENTER,August,YES,RURAL,1339.0,10.0,148.0,-336,1135.0,35.5,Overstock,32.0,19.0
ACT-INF,ACT,HEALTH CENTER,February,NO,URBAN,1092.0,9.0,432.0,398,452.0,0.9,Critical,499.0,4741.0
ACT-GC,ACT,HEALTH CENTER,November,NO,RURAL,6757.0,80.0,203.0,-645,4931.0,56.0,Overstock,88.0,0.0
ACT-SC,ACT,HEALTH CENTER,November,NO,RURAL,59.0,78.0,135.0,-289,370.0,1.9,Low,195.0,0.0
SP,SP,HEALTH CENTER,May,YES,RURAL,79.0,0.0,36.0,213,354.0,118.0,Overstock,3.0,0.0
PYRA-SAC,PYRA,HEALTH CENTER,November,NO,RURAL,1916.0,148.0,204.0,330,1827.0,16.3,Overstock,112.0,21.0
RDT,DIAG,HEALTH CENTER,August,YES,RURAL,732.0,236.0,36.0,126,976.0,61.0,Overstock,16.0,24.0
ART-SUP,ART,HEALTH CENTER,May,YES,RURAL,2181.0,274.0,876.0,43,3869.0,4.5,Adequate,851.0,3.0
ACT-GC,ACT,HEALTH CENTER,August,YES,RURAL,62.0,2.0,62.0,-44,59.0,3.5,Adequate,17.0,196.0
ACT-INF,ACT,HEALTH CENTER,February,NO,URBAN,270.0,2505.0,295.0,990,3519.0,14.5,Overstock,242.0,320.0
ACT-INF,ACT,HEALTH CENTER,August,YES,RURAL,1473.0,164.0,724.0,-393,2842.0,10.3,Overstock,277.0,99.0
RDT,DIAG,HEALTH CENTER,August,YES,URBAN,0.0,152.0,1.0,-120,2.0,,Unknown,0.0,0.0
PYRA-SAC,PYRA,HEALTH CENTER,November,NO,URBAN,1751.0,597.0,613.0,62,2747.0,2.3,Low,1190.0,464.0
ACT-INF,ACT,HEALTH CENTER,February,NO,RURAL,272.0,13.0,102.0,-694,913.0,14.7,Overstock,62.0,209.0
ART-SUP,ART,HEALTH CENTER,February,NO,URBAN,67.0,346.0,299.0,90,127.0,1.0,Critical,129.0,19.0
SP,SP,HEALTH CENTER,May,YES,RURAL,72.0,0.0,1.0,575,140.0,,Unknown,0.0,0.0
QUIN,SP,HEALTH CENTER,August,YES,URBAN,1829.0,1696.0,1255.0,-394,7729.0,9.9,Overstock,781.0,336.0
SP,SP,HEALTH CENTER,May,YES,RURAL,1491.0,1534.0,426.0,273,1424.0,4.8,Adequate,294.0,436.0
ACT-AD,ACT,HEALTH CENTER,May,YES,RURAL,833.0,191.0,265.0,491,495.0,1.5,Low,320.0,105.0
PYRA-COMP,PYRA,HEALTH CENTER,May,YES,RURAL,1484.0,0.0,102.0,-163,1411.0,12.7,Overstock,111.0,18.0
ACT-SC,ACT,HEALTH CENTER,May,YES,RURAL,1198.0,582.0,257.0,101,3790.0,35.1,Overstock,108.0,0.0
PYRA-COMP,PYRA,HEALTH CENTER,May,YES,RURAL,499.0,2053.0,285.0,468,1610.0,6.9,Overstock,234.0,499.0
ACT-AD,ACT,HOSPITAL,August,YES,RURAL,2056.0,0.0,120.0,703,2230.0,45.5,Overstock,49.0,0.0
ART-INJ,ART,HEALTH CENTER,August,YES,RURAL,2540.0,176.0,440.0,-53,2301.0,5.9,Overstock,388.0,399.0
ACT-GC,ACT,HEALTH CENTER,May,YES,URBAN,1248.0,285.0,100.0,460,5431.0,60.3,Overstock,90.0,0.0
ITN,PREV,HEALTH CENTER,August,YES,URBAN,23.0,0.0,13.0,-82,6.0,,Unknown,0.0,0.0
SP,SP,HEALTH CENTER,November,NO,RURAL,204.0,0.0,105.0,285,47.0,0.5,Critical,87.0,346.0
RDT,DIAG,HEALTH CENTER,August,YES,URBAN,2230.0,0.0,637.0,-26,3236.0,4.8,Adequate,678.0,0.0
ITN,PREV,HEALTH CENTER,November,NO,RURAL,2024.0,0.0,126.0,-243,618.0,6.7,Overstock,92.0,36.0
ACT-INF,ACT,HEALTH CENTER,August,YES,URBAN,642.0,1.0,43.0,174,235.0,1.3,Low,179.0,319.0
ACT-AD,ACT,HEALTH CENTER,November,NO,RURAL,2096.0,652.0,717.0,93,2141.0,6.3,Overstock,338.0,40.0
ACT-AD,ACT,HEALTH CENTER,August,YES,RURAL,1466.0,254.0,510.0,-439,2624.0,4.4,Adequate,599.0,722.0
ART-SUP,ART,HEALTH CENTER,February,NO,RURAL,115.0,0.0,13.0,-761,2.0,0.3,Critical,6.0,0.0
ITN,PREV,HEALTH CENTER,May,YES,RURAL,600.0,281.0,276.0,-426,450.0,25.0,Overstock,18.0,108.0
ACT-SC,ACT,HEALTH CENTER,May,YES,URBAN,1667.0,1.0,327.0,-277,418.0,3.5,Adequate,120.0,1970.0
ITN,PREV,HOSPITAL,May,YES,RURAL,613.0,2.0,226.0,-305,938.0,2.0,Low,459.0,4974.0
SP,SP,HEALTH CENTER,May,YES,RURAL,1795.0,227.0,490.0,408,2414.0,3.3,Adequate,735.0,1932.0
PYRA-COMP,PYRA,HEALTH CENTER,August,YES,URBAN,6078.0,20.0,935.0,190,6248.0,7.1,Overstock,884.0,5.0
ACT-GC,ACT,HEALTH CENTER,May,YES,RURAL,633.0,3089.0,509.0,-98,617.0,1.4,Low,435.0,566.0
ACT-SC,ACT,HEALTH CENTER,May,YES,RURAL,25.0,0.0,3.0,-578,4.0,,Unknown,0.0,1.0
ACT-SC,ACT,HEALTH CENTER,May,YES,URBAN,390.0,673.0,438.0,347,417.0,2.1,Low,198.0,239.0
PYRA-SAC,PYRA,HEALTH CENTER,August,YES,RURAL,1813.0,2248.0,600.0,326,2372.0,6.7,Overstock,355.0,310.0
PYRA-SAC,PYRA,HEALTH CENTER,May,YES,URBAN,3143.0,147.0,360.0,-208,1681.0,6.1,Overstock,274.0,10.0
PYRA-COMP,PYRA,HEALTH CENTER,May,YES,RURAL,1518.0,0.0,84.0,418,977.0,69.8,Overstock,14.0,0.0
PYRA-SAC,PYRA,HEALTH CENTER,February,NO,RURAL,314.0,1348.0,454.0,747,2539.0,6.4,Overstock,396.0,11.0
QUIN,SP,HEALTH CENTER,May,YES,RURAL,1168.0,0.0,122.0,-150,270.0,9.0,Overstock,30.0,1027.0
PYRA-SAC,PYRA,HEALTH CENTER,November,NO,RURAL,7363.0,11.0,1082.0,-136,4066.0,4.8,Adequate,855.0,9.0
PYRA-SAC,PYRA,HEALTH CENTER,November,NO,RURAL,1422.0,261.0,334.0,-135,1627.0,3.6,Adequate,447.0,5.0
ITN,PREV,HOSPITAL,May,YES,URBAN,227.0,0.0,80.0,124,147.0,1.2,Low,120.0,18.0
ART-INJ,ART,HEALTH CENTER,August,YES,RURAL,865.0,414.0,486.0,465,1604.0,3.1,Adequate,517.0,8.0
SP,SP,HEALTH CENTER,November,NO,RURAL,1359.0,0.0,504.0,-50,948.0,1.4,Low,677.0,5.0
ART-SUP,ART,HEALTH CENTER,February,NO,RURAL,3765.0,632.0,927.0,470,4589.0,5.2,Overstock,891.0,57.0
ART-INJ,ART,HEALTH CENTER,February,NO,URBAN,796.0,66.0,238.0,-192,2119.0,34.7,Overstock,61.0,0.0
QUIN,SP,HEALTH CENTER,May,YES,URBAN,1245.0,2.0,382.0,-259,610.0,3.0,Adequate,205.0,2129.0
ITN,PREV,HOSPITAL,May,YES,URBAN,20.0,181.0,65.0,343,1169.0,194.8,Overstock,6.0,0.0
PYRA-COMP,PYRA,HEALTH CENTER,August,YES,RURAL,1346.0,0.0,334.0,77,779.0,11.5,Overstock,68.0,2658.0
ITN,PREV,HEALTH CENTER,February,NO,RURAL,1330.0,82.0,1147.0,413,2601.0,2.6,Low,1004.0,587.0
PYRA-COMP,PYRA,HEALTH CENTER,February,NO,URBAN,494.0,8.0,64.0,271,616.0,10.3,Overstock,60.0,8.0
ACT-INF,ACT,HEALTH CENTER,August,YES,URBAN,833.0,114.0,470.0,51,2251.0,2.1,Low,1062.0,132.0
RDT,DIAG,HEALTH CENTER,November,NO,RURAL,1625.0,91.0,434.0,69,709.0,0.8,Critical,905.0,15.0
RDT,DIAG,HEALTH CENTER,May,YES,URBAN,706.0,2.0,108.0,-395,1560.0,11.7,Overstock,133.0,0.0
RDT,DIAG,HOSPITAL,May,YES,RURAL,1776.0,1.0,538.0,-198,1994.0,6.3,Overstock,315.0,0.0
ACT-SC,ACT,HEALTH CENTER,August,YES,URBAN,908.0,0.0,41.0,-788,717.0,23.9,Overstock,30.0,7.0
SP,SP,HEALTH CENTER,February,NO,RURAL,32.0,19.0,4.0,101,183.0,,Unknown,0.0,0.0
ITN,PREV,HEALTH CENTER,May,YES,URBAN,1648.0,123.0,270.0,-353,3349.0,15.3,Overstock,219.0,7.0
RDT,DIAG,HEALTH CENTER,August,YES,RURAL,32.0,0.0,32.0,-399,5.0,0.1,Critical,81.0,4956.0
ART-SUP,ART,HEALTH CENTER,August,YES,RURAL,1842.0,3.0,902.0,-284,1666.0,2.7,Low,608.0,313.0
ACT-SC,ACT,HEALTH CENTER,February,NO,RURAL,901.0,27.0,773.0,-228,2464.0,6.9,Overstock,358.0,784.0
ART-INJ,ART,HEALTH CENTER,May,YES,RURAL,3741.0,222.0,591.0,-566,3954.0,7.7,Overstock,514.0,41.0
ACT-GC,ACT,HEALTH CENTER,November,NO,RURAL,204.0,409.0,204.0,-855,1342.0,8.1,Overstock,166.0,61.0
ART-INJ,ART,HOSPITAL,November,NO,URBAN,289.0,0.0,86.0,-452,424.0,26.5,Overstock,16.0,0.0
ART-INJ,ART,HEALTH CENTER,February,NO,RURAL,1711.0,0.0,221.0,-140,1593.0,37.9,Overstock,42.0,0.0
PYRA-COMP,PYRA,HEALTH CENTER,November,NO,RURAL,1023.0,0.0,85.0,386,335.0,18.6,Overstock,18.0,77.0
ACT-AD,ACT,HEALTH CENTER,May,YES,RURAL,5.0,1.0,2.0,-344,2.0,,Unknown,0.0,0.0
ACT-SC,ACT,HEALTH CENTER,August,YES,URBAN,137.0,5.0,24.0,-1091,76.0,0.5,Critical,155.0,3187.0
PYRA-COMP,PYRA,HEALTH CENTER,August,YES,URBAN,9.0,1.0,1.0,531,8.0,,Unknown,0.0,0.0
PYRA-COMP,PYRA,HOSPITAL,November,NO,URBAN,802.0,13.0,321.0,524,690.0,1.6,Low,440.0,11297.0
PYRA-SAC,PYRA,HEALTH CENTER,February,NO,RURAL,1252.0,0.0,31.0,-27,189.0,3.6,Adequate,53.0,2113.0
ACT-SC,ACT,HEALTH CENTER,August,YES,RURAL,833.0,33.0,329.0,-352,609.0,13.0,Overstock,47.0,4.0
ART-SUP,ART,HEALTH CENTER,November,NO,RURAL,1300.0,183.0,427.0,661,1245.0,4.4,Adequate,281.0,412.0
ACT-INF,ACT,HEALTH CENTER,November,NO,RURAL,1426.0,0.0,207.0,1033,2127.0,6.1,Overstock,351.0,0.0
QUIN,SP,HEALTH CENTER,May,YES,URBAN,577.0,0.0,199.0,535,107.0,0.7,Critical,143.0,267.0
ITN,PREV,HEALTH CENTER,February,NO,RURAL,218.0,0.0,8.0,-188,84.0,3.1,Adequate,27.0,332.0
ACT-AD,ACT,HEALTH CENTER,August,YES,RURAL,833.0,6.0,63.0,-423,1031.0,13.1,Overstock,79.0,2296.0
ACT-AD,ACT,HOSPITAL,February,NO,URBAN,654.0,0.0,226.0,378,916.0,4.6,Adequate,198.0,2.0
PYRA-SAC,PYRA,HEALTH CENTER,August,YES,URBAN,1.0,94.0,14.0,353,197.0,28.1,Overstock,7.0,2.0
ITN,PREV,HEALTH CENTER,August,YES,RURAL,21.0,1892.0,94.0,-104,214.0,9.3,Overstock,23.0,0.0
PYRA-SAC,PYRA,HEALTH CENTER,February,NO,RURAL,1387.0,2.0,612.0,104,1092.0,2.2,Low,506.0,19.0
ART-INJ,ART,HEALTH CENTER,February,NO,RURAL,61.0,298.0,76.0,59,97.0,2.9,Low,33.0,23.0
QUIN,SP,HEALTH CENTER,May,YES,URBAN,2.0,2.0,6.0,262,181.0,181.0,Overstock,1.0,0.0
ART-INJ,ART,HEALTH CENTER,February,NO,RURAL,1801.0,1737.0,487.0,596,4829.0,6.9,Overstock,701.0,23.0
PYRA-SAC,PYRA,HEALTH CENTER,November,NO,RURAL,532.0,44.0,290.0,-526,598.0,2.3,Low,261.0,1169.0
PYRA-SAC,PYRA,HEALTH CENTER,August,YES,RURAL,2930.0,33.0,429.0,-710,1421.0,3.4,Adequate,418.0,50.0
ACT-AD,ACT,HEALTH CENTER,August,YES,RURAL,1698.0,558.0,449.0,-354,1303.0,2.6,Low,503.0,248.0
SP,SP,HEALTH CENTER,May,YES,URBAN,8074.0,520.0,1272.0,-592,9499.0,7.9,Overstock,1197.0,29.0
ACT-SC,ACT,HEALTH CENTER,February,NO,RURAL,1020.0,0.0,20.0,-321,100.0,100.0,Overstock,1.0,0.0
ART-INJ,ART,HEALTH CENTER,May,YES,RURAL,1371.0,0.0,707.0,-415,234.0,0.3,Critical,872.0,515.0
RDT,DIAG,HEALTH CENTER,August,YES,URBAN,912.0,78.0,330.0,-309,533.0,13.0,Overstock,41.0,5.0
PYRA-SAC,PYRA,HEALTH CENTER,May,YES,URBAN,509.0,294.0,79.0,-867,1399.0,17.7,Overstock,79.0,0.0
ACT-SC,ACT,HEALTH CENTER,November,NO,RURAL,229.0,23.0,66.0,149,1235.0,12.5,Overstock,99.0,36.0
ART-SUP,ART,HEALTH CENTER,November,NO,URBAN,635.0,5.0,373.0,689,134.0,1.4,Low,96.0,3052.0
ITN,PREV,HEALTH CENTER,November,NO,RURAL,48.0,229.0,219.0,-986,36.0,0.7,Critical,50.0,25.0
ART-SUP,ART,HEALTH CENTER,August,YES,RURAL,781.0,100.0,172.0,-762,428.0,18.6,Overstock,23.0,387.0
ACT-SC,ACT,HEALTH CENTER,February,NO,RURAL,4.0,0.0,36.0,1,43.0,3.6,Adequate,12.0,0.0
ACT-GC,ACT,HEALTH CENTER,August,YES,URBAN,5387.0,2.0,387.0,268,2271.0,3.4,Adequate,673.0,177.0
ACT-SC,ACT,HEALTH CENTER,May,YES,RURAL,830.0,9.0,143.0,74,247.0,1.0,Critical,247.0,3.0
ART-INJ,ART,HEALTH CENTER,February,NO,RURAL,165.0,38.0,27.0,-402,193.0,4.2,Adequate,46.0,1.0
ACT-AD,ACT,HEALTH CENTER,August,YES,RURAL,5731.0,38.0,3512.0,212,8632.0,2.0,Low,4327.0,2630.0
ITN,PREV,HEALTH CENTER,August,YES,URBAN,2971.0,1063.0,1174.0,-165,3441.0,3.4,Adequate,1015.0,454.0
PYRA-SAC,PYRA,HEALTH CENTER,November,NO,RURAL,1334.0,604.0,192.0,-232,454.0,3.5,Adequate,128.0,0.0
QUIN,SP,HEALTH CENTER,August,YES,URBAN,37.0,507.0,52.0,-211,191.0,2.1,Low,89.0,1.0
ART-INJ,ART,HEALTH CENTER,May,YES,RURAL,0.0,0.0,0.0,697,19.0,,Unknown,0.0,72.0
ACT-SC,ACT,HEALTH CENTER,August,YES,RURAL,563.0,1503.0,309.0,250,1047.0,2.1,Low,508.0,711.0
PYRA-COMP,PYRA,HEALTH CENTER,May,YES,RURAL,1617.0,0.0,650.0,591,438.0,1.4,Low,324.0,3647.0
PYRA-COMP,PYRA,HEALTH CENTER,August,YES,URBAN,2081.0,13.0,310.0,-754,505.0,2.0,Low,249.0,0.0
ACT-AD,ACT,HEALTH CENTER,May,YES,RURAL,901.0,0.0,41.0,559,1943.0,102.3,Overstock,19.0,0.0
ACT-INF,ACT,HEALTH CENTER,February,NO,URBAN,541.0,0.0,38.0,-102,1057.0,32.0,Overstock,33.0,0.0
ITN,PREV,HEALTH CENTER,May,YES,URBAN,6.0,52.0,27.0,-153,307.0,3.7,Adequate,83.0,0.0
ITN,PREV,HEALTH CENTER,November,NO,RURAL,4402.0,1.0,810.0,-334,3262.0,8.0,Overstock,409.0,44.0
ACT-GC,ACT,HEALTH CENTER,November,NO,RURAL,2854.0,7.0,520.0,-867,992.0,2.8,Low,358.0,1591.0
ART-SUP,ART,HEALTH CENTER,August,YES,RURAL,2064.0,1.0,493.0,361,2434.0,11.0,Overstock,221.0,676.0
SP,SP,HEALTH CENTER,November,NO,RURAL,521.0,64.0,9.0,156,436.0,218.0,Overstock,2.0,0.0
PYRA-SAC,PYRA,HOSPITAL,August,YES,RURAL,166.0,366.0,84.0,8,225.0,1.3,Low,175.0,0.0
ACT-INF,ACT,HEALTH CENTER,August,YES,URBAN,326.0,390.0,149.0,34,861.0,5.9,Overstock,145.0,61.0
ITN,PREV,HEALTH CENTER,May,YES,URBAN,1797.0,21.0,473.0,-249,2384.0,5.8,Overstock,411.0,518.0
PYRA-COMP,PYRA,HEALTH CENTER,November,NO,URBAN,1477.0,2081.0,698.0,191,2927.0,4.7,Adequate,623.0,936.0
ACT-SC,ACT,HEALTH CENTER,August,YES,RURAL,2113.0,1.0,504.0,511,1454.0,3.6,Adequate,406.0,4451.0
ACT-INF,ACT,HEALTH CENTER,November,NO,RURAL,659.0,0.0,423.0,-337,949.0,5.5,Overstock,172.0,80.0
PYRA-COMP,PYRA,HEALTH CENTER,August,YES,URBAN,4090.0,1552.0,787.0,-76,3946.0,10.5,Overstock,376.0,0.0
ACT-AD,ACT,HEALTH CENTER,May,YES,RURAL,218.0,66.0,12.0,-260,476.0,238.0,Overstock,2.0,4745.0
ACT-GC,ACT,HEALTH CENTER,August,YES,RURAL,459.0,2072.0,490.0,-75,1486.0,1.6,Low,940.0,9901.0
ACT-SC,ACT,HEALTH CENTER,August,YES,RURAL,1498.0,228.0,401.0,-194,1781.0,19.4,Overstock,92.0,0.0
ART-SUP,ART,HEALTH CENTER,November,NO,URBAN,151.0,41.0,45.0,-883,469.0,33.5,Overstock,14.0,33.0
RDT,DIAG,HEALTH CENTER,November,NO,RURAL,1030.0,0.0,60.0,-681,604.0,11.2,Overstock,54.0,532.0
ART-INJ,ART,HEALTH CENTER,November,NO,RURAL,1939.0,1.0,218.0,104,1589.0,11.8,Overstock,135.0,0.0
ACT-INF,ACT,HEALTH CENTER,November,NO,RURAL,1083.0,11.0,360.0,640,1319.0,2.5,Low,522.0,19.0
ACT-AD,ACT,HEALTH CENTER,May,YES,URBAN,20.0,23.0,68.0,-733,177.0,9.8,Overstock,18.0,5.0
SP,SP,HEALTH CENTER,November,NO,URBAN,1937.0,0.0,417.0,-592,3077.0,19.0,Overstock,162.0,674.0
RDT,DIAG,HEALTH CENTER,November,NO,URBAN,1383.0,25.0,276.0,-364,690.0,1.6,Low,426.0,2453.0
ACT-INF,ACT,HEALTH CENTER,February,NO,RURAL,68.0,0.0,6.0,315,13.0,0.4,Critical,29.0,639.0
ACT-AD,ACT,HEALTH CENTER,February,NO,RURAL,1025.0,0.0,62.0,-319,384.0,128.0,Overstock,3.0,0.0
SP,SP,HEALTH CENTER,August,YES,RURAL,1640.0,2.0,315.0,9,2157.0,7.6,Overstock,285.0,3.0
QUIN,SP,HEALTH CENTER,February,NO,URBAN,423.0,0.0,64.0,-24,218.0,16.8,Overstock,13.0,5.0
PYRA-SAC,PYRA,HEALTH CENTER,November,NO,URBAN,1510.0,1.0,193.0,-135,590.0,10.2,Overstock,58.0,1447.0
SP,SP,HEALTH CENTER,August,YES,RURAL,401.0,345.0,572.0,-179,1107.0,2.8,Low,395.0,439.0
ART-SUP,ART,HEALTH CENTER,February,NO,RURAL,2327.0,729.0,710.0,-168,3061.0,4.8,Adequate,634.0,1496.0
ART-INJ,ART,HEALTH CENTER,November,NO,RURAL,8.0,4.0,6.0,-185,86.0,6.1,Overstock,14.0,0.0
ACT-AD,ACT,HEALTH CENTER,February,NO,RURAL,132.0,7.0,1.0,-616,301.0,,Unknown,0.0,0.0
RDT,DIAG,HEALTH CENTER,August,YES,URBAN,239.0,363.0,36.0,89,388.0,13.4,Overstock,29.0,2.0
ACT-INF,ACT,HEALTH CENTER,November,NO,RURAL,3419.0,0.0,104.0,70,804.0,12.0,Overstock,67.0,830.0
ACT-GC,ACT,HEALTH CENTER,August,YES,RURAL,178.0,35.0,42.0,-267,102.0,1.8,Low,57.0,1.0
RDT,DIAG,HEALTH CENTER,August,YES,RURAL,2680.0,0.0,800.0,-716,586.0,0.8,Critical,754.0,231.0
ACT-INF,ACT,HEALTH CENTER,May,YES,RURAL,7.0,0.0,1.0,-843,2.0,,Unknown,0.0,188.0
ITN,PREV,HEALTH CENTER,November,NO,RURAL,535.0,0.0,98.0,137,430.0,11.6,Overstock,37.0,0.0
QUIN,SP,HEALTH CENTER,November,NO,RURAL,98.0,224.0,198.0,83,47.0,1.6,Low,29.0,157.0
PYRA-SAC,PYRA,HEALTH CENTER,November,NO,RURAL,1184.0,2592.0,720.0,9,3504.0,4.2,Adequate,831.0,7834.0
ACT-INF,ACT,HEALTH CENTER,May,YES,URBAN,101.0,337.0,53.0,145,335.0,16.8,Overstock,20.0,0.0
ACT-INF,ACT,HEALTH CENTER,August,YES,RURAL,1.0,41.0,3.0,441,2.0,,Unknown,0.0,0.0
ART-INJ,ART,HEALTH CENTER,May,YES,RURAL,168.0,13.0,45.0,-189,1134.0,17.7,Overstock,64.0,37.0
ART-SUP,ART,HEALTH CENTER,February,NO,RURAL,538.0,297.0,352.0,946,735.0,2.3,Low,317.0,0.0
SP,SP,HEALTH CENTER,November,NO,RURAL,218.0,24.0,44.0,50,731.0,12.4,Overstock,59.0,0.0
ITN,PREV,HOSPITAL,November,NO,URBAN,2487.0,6.0,569.0,-52,1500.0,3.8,Adequate,390.0,7000.0
PYRA-SAC,PYRA,HOSPITAL,February,NO,RURAL,520.0,853.0,183.0,396,428.0,16.5,Overstock,26.0,1.0
PYRA-COMP,PYRA,HEALTH CENTER,February,NO,RURAL,148.0,446.0,310.0,-334,123.0,0.4,Critical,314.0,175.0
RDT,DIAG,HEALTH CENTER,August,YES,RURAL,1130.0,6.0,480.0,-93,1929.0,3.5,Adequate,546.0,533.0
RDT,DIAG,HEALTH CENTER,May,YES,RURAL,182.0,0.0,21.0,442,124.0,24.8,Overstock,5.0,1.0
ACT-INF,ACT,HEALTH CENTER,November,NO,RURAL,5125.0,11.0,696.0,279,3459.0,9.1,Overstock,382.0,1014.0
QUIN,SP,HOSPITAL,November,NO,RURAL,1518.0,3.0,576.0,524,1236.0,4.4,Adequate,278.0,575.0
RDT,DIAG,HEALTH CENTER,May,YES,RURAL,323.0,3305.0,55.0,872,2247.0,66.1,Overstock,34.0,0.0
ACT-AD,ACT,HEALTH CENTER,November,NO,URBAN,6374.0,123.0,762.0,180,4313.0,5.3,Overstock,812.0,96.0
ACT-SC,ACT,HEALTH CENTER,February,NO,RURAL,19.0,0.0,1.0,-312,1.0,,Unknown,0.0,30.0
PYRA-COMP,PYRA,HEALTH CENTER,August,YES,RURAL,471.0,180.0,100.0,241,213.0,6.5,Overstock,33.0,86.0
PYRA-SAC,PYRA,HEALTH CENTER,May,YES,RURAL,3597.0,436.0,1323.0,-399,4039.0,2.2,Low,1823.0,5050.0
PYRA-SAC,PYRA,HEALTH CENTER,November,NO,RURAL,7.0,0.0,19.0,136,8.0,1.3,Low,6.0,2206.0
ACT-SC,ACT,HOSPITAL,November,NO,URBAN,343.0,524.0,29.0,-232,455.0,16.9,Overstock,27.0,1.0
ACT-GC,ACT,HEALTH CENTER,August,YES,RURAL,91.0,84.0,89.0,-721,975.0,15.2,Overstock,64.0,2.0
ACT-AD,ACT,HEALTH CENTER,November,NO,URBAN,31.0,0.0,15.0,-743,36.0,7.2,Overstock,5.0,1104.0
QUIN,SP,HEALTH CENTER,August,YES,RURAL,2580.0,155.0,524.0,21,1328.0,2.5,Low,522.0,7.0
PYRA-COMP,PYRA,HEALTH CENTER,February,NO,RURAL,494.0,0.0,158.0,-663,29.0,0.1,Critical,206.0,2214.0
ACT-AD,ACT,HEALTH CENTER,February,NO,URBAN,180.0,1.0,167.0,-15,116.0,0.4,Critical,268.0,15.0
ACT-AD,ACT,HEALTH CENTER,February,NO,RURAL,657.0,1.0,125.0,-489,368.0,12.7,Overstock,29.0,2.0
QUIN,SP,HEALTH CENTER,November,NO,RURAL,4699.0,0.0,508.0,62,2177.0,4.2,Adequate,523.0,4872.0
ART-SUP,ART,HEALTH CENTER,May,YES,URBAN,107.0,1438.0,42.0,1318,591.0,9.7,Overstock,61.0,0.0
ITN,PREV,HEALTH CENTER,February,NO,URBAN,12.0,132.0,19.0,-80,37.0,1.0,Critical,38.0,107.0
RDT,DIAG,HEALTH CENTER,August,YES,RURAL,7.0,563.0,13.0,-35,135.0,135.0,Overstock,1.0,0.0
RDT,DIAG,HEALTH CENTER,November,NO,RURAL,1419.0,1.0,155.0,-147,1067.0,5.7,Overstock,188.0,16.0
ACT-GC,ACT,HEALTH CENTER,February,NO,URBAN,2752.0,0.0,462.0,13,1343.0,1.5,Low,901.0,335.0
PYRA-SAC,PYRA,HEALTH CENTER,May,YES,URBAN,341.0,225.0,11.0,145,633.0,57.5,Overstock,11.0,1020.0
PYRA-SAC,PYRA,HEALTH CENTER,May,YES,RURAL,1737.0,227.0,406.0,-644,1057.0,4.2,Adequate,252.0,89.0
ART-SUP,ART,HEALTH CENTER,November,NO,RURAL,22.0,0.0,12.0,106,28.0,3.5,Adequate,8.0,4.0
ACT-SC,ACT,HEALTH CENTER,May,YES,RURAL,763.0,21.0,178.0,-40,1339.0,5.6,Overstock,241.0,0.0
ACT-AD,ACT,HEALTH CENTER,August,YES,RURAL,4.0,1644.0,7.0,18,3.0,0.6,Critical,5.0,70.0
QUIN,SP,HOSPITAL,November,NO,RURAL,1873.0,374.0,37.0,-562,3527.0,80.2,Overstock,44.0,0.0
ACT-AD,ACT,HEALTH CENTER,February,NO,RURAL,4844.0,0.0,1139.0,-299,3257.0,4.2,Adequate,773.0,490.0
ART-INJ,ART,HEALTH CENTER,May,YES,RURAL,353.0,32.0,141.0,189,240.0,1.7,Low,140.0,243.0
ACT-GC,ACT,HEALTH CENTER,May,YES,RURAL,2187.0,53.0,185.0,-367,1693.0,8.2,Overstock,206.0,0.0
ART-SUP,ART,HEALTH CENTER,August,YES,URBAN,412.0,80.0,6.0,381,859.0,107.4,Overstock,8.0,0.0
ACT-GC,ACT,HEALTH CENTER,February,NO,URBAN,2.0,0.0,17.0,-692,1.0,0.2,Critical,6.0,2080.0
ACT-SC,ACT,HEALTH CENTER,May,YES,URBAN,2012.0,29.0,191.0,139,2559.0,40.6,Overstock,63.0,801.0
ART-INJ,ART,HEALTH CENTER,November,NO,RURAL,12.0,103.0,3.0,-943,258.0,,Unknown,0.0,0.0
ACT-GC,ACT,HEALTH CENTER,May,YES,URBAN,4204.0,592.0,1223.0,-154,2874.0,2.6,Low,1108.0,770.0
ACT-AD,ACT,HEALTH CENTER,May,YES,RURAL,791.0,1.0,131.0,-388,732.0,15.9,Overstock,46.0,41.0
ACT-AD,ACT,HEALTH CENTER,November,NO,RURAL,3127.0,24.0,208.0,363,1316.0,7.7,Overstock,170.0,197.0
ART-INJ,ART,HEALTH CENTER,November,NO,RURAL,809.0,172.0,254.0,184,1105.0,23.5,Overstock,47.0,0.0
ITN,PREV,HEALTH CENTER,November,NO,URBAN,444.0,7.0,542.0,80,905.0,2.4,Low,379.0,2727.0
ACT-SC,ACT,HEALTH CENTER,February,NO,URBAN,1684.0,119.0,177.0,-478,477.0,2.1,Low,224.0,122.0
RDT,DIAG,HEALTH CENTER,May,YES,URBAN,6645.0,17.0,1011.0,-169,3566.0,3.5,Adequate,1029.0,1076.0
ACT-SC,ACT,HEALTH CENTER,May,YES,URBAN,761.0,1083.0,347.0,421,2139.0,7.8,Overstock,273.0,17.0
QUIN,SP,HEALTH CENTER,November,NO,URBAN,532.0,0.0,5.0,-140,287.0,143.5,Overstock,2.0,23.0
ACT-SC,ACT,HOSPITAL,May,YES,URBAN,300.0,0.0,15.0,-311,1500.0,57.7,Overstock,26.0,0.0
ACT-SC,ACT,HEALTH CENTER,November,NO,RURAL,231.0,0.0,4.0,-418,21.0,7.0,Overstock,3.0,0.0
ART-INJ,ART,HEALTH CENTER,May,YES,URBAN,90.0,6.0,26.0,818,146.0,36.5,Overstock,4.0,0.0
ACT-SC,ACT,HEALTH CENTER,November,NO,RURAL,2928.0,0.0,440.0,170,2223.0,6.4,Overstock,348.0,0.0
QUIN,SP,HOSPITAL,November,NO,RURAL,3994.0,564.0,703.0,762,3023.0,6.3,Overstock,478.0,145.0
RDT,DIAG,HEALTH CENTER,November,NO,URBAN,67.0,642.0,12.0,-171,255.0,63.8,Overstock,4.0,0.0
ITN,PREV,HEALTH CENTER,May,YES,URBAN,67.0,0.0,1.0,-819,2.0,2.0,Low,1.0,5.0
RDT,DIAG,HEALTH CENTER,May,YES,RURAL,101.0,243.0,35.0,848,380.0,29.2,Overstock,13.0,0.0
PYRA-COMP,PYRA,HEALTH CENTER,August,YES,URBAN,1985.0,737.0,298.0,44,2502.0,113.7,Overstock,22.0,113.0
PYRA-SAC,PYRA,HEALTH CENTER,August,YES,URBAN,1100.0,12.0,126.0,693,948.0,20.6,Overstock,46.0,0.0
PYRA-COMP,PYRA,HEALTH CENTER,February,NO,RURAL,4207.0,184.0,325.0,649,3896.0,28.4,Overstock,137.0,0.0
ACT-GC,ACT,HEALTH CENTER,August,YES,RURAL,475.0,0.0,48.0,-310,197.0,5.6,Overstock,35.0,17.0
RDT,DIAG,HEALTH CENTER,November,NO,URBAN,2355.0,1947.0,772.0,-426,4547.0,16.0,Overstock,284.0,319.0
ACT-INF,ACT,HEALTH CENTER,February,NO,URBAN,82.0,156.0,102.0,56,120.0,24.0,Overstock,5.0,55.0
SP,SP,HEALTH CENTER,February,NO,RURAL,1565.0,99.0,211.0,702,1863.0,23.0,Overstock,81.0,7302.0
ACT-SC,ACT,HEALTH CENTER,November,NO,URBAN,1351.0,753.0,226.0,-104,2285.0,21.4,Overstock,107.0,0.0
SP,SP,HEALTH CENTER,November,NO,RURAL,899.0,0.0,121.0,235,1137.0,34.5,Overstock,33.0,0.0
ACT-INF,ACT,HEALTH CENTER,November,NO,URBAN,261.0,69.0,131.0,176,208.0,6.1,Overstock,34.0,10.0
ACT-GC,ACT,HEALTH CENTER,February,NO,RURAL,64.0,27.0,5.0,138,88.0,22.0,Overstock,4.0,1.0
ACT-GC,ACT,HEALTH CENTER,August,YES,RURAL,224.0,0.0,91.0,333,10.0,0.4,Critical,26.0,655.0
ITN,PREV,HEALTH CENTER,February,NO,URBAN,64.0,0.0,15.0,97,50.0,3.8,Adequate,13.0,23.0
ACT-INF,ACT,HOSPITAL,November,NO,RURAL,180.0,22.0,60.0,-564,352.0,14.7,Overstock,24.0,0.0
ART-INJ,ART,HEALTH CENTER,February,NO,RURAL,766.0,220.0,118.0,439,3191.0,33.9,Overstock,94.0,152.0
RDT,DIAG,HEALTH CENTER,May,YES,RURAL,4645.0,2.0,753.0,125,2517.0,5.2,Overstock,483.0,2.0
QUIN,SP,HEALTH CENTER,May,YES,RURAL,2672.0,0.0,222.0,177,2048.0,5.1,Overstock,399.0,247.0
ART-INJ,ART,HEALTH CENTER,February,NO,URBAN,1355.0,0.0,47.0,87,632.0,10.5,Overstock,60.0,2.0
ITN,PREV,HEALTH CENTER,May,YES,URBAN,641.0,230.0,1208.0,-114,739.0,0.8,Critical,874.0,19766.0
ACT-GC,ACT,HEALTH CENTER,May,YES,URBAN,330.0,0.0,5.0,198,49.0,,Unknown,0.0,0.0
PYRA-SAC,PYRA,HEALTH CENTER,May,YES,RURAL,43.0,1.0,16.0,-114,100.0,6.7,Overstock,15.0,1164.0
ART-SUP,ART,HEALTH CENTER,February,NO,RURAL,972.0,155.0,384.0,526,2594.0,7.1,Overstock,363.0,58.0
PYRA-SAC,PYRA,HEALTH CENTER,May,YES,URBAN,50.0,6.0,4.0,160,47.0,7.8,Overstock,6.0,7.0
SP,SP,HEALTH CENTER,August,YES,URBAN,821.0,119.0,145.0,56,908.0,26.7,Overstock,34.0,17.0
ART-INJ,ART,HEALTH CENTER,August,YES,URBAN,259.0,74.0,250.0,-361,751.0,9.9,Overstock,76.0,356.0
ITN,PREV,HEALTH CENTER,August,YES,URBAN,1068.0,1.0,146.0,-738,1193.0,149.1,Overstock,8.0,0.0
PYRA-COMP,PYRA,HEALTH CENTER,February,NO,RURAL,8.0,499.0,46.0,989,33.0,0.4,Critical,89.0,0.0
ACT-INF,ACT,HEALTH CENTER,February,NO,RURAL,1229.0,614.0,604.0,-550,2224.0,8.1,Overstock,273.0,0.0
ART-SUP,ART,HEALTH CENTER,November,NO,URBAN,1435.0,12.0,438.0,-198,1244.0,3.2,Adequate,393.0,1026.0
SP,SP,HEALTH CENTER,February,NO,URBAN,312.0,1565.0,545.0,81,2393.0,6.9,Overstock,347.0,0.0
ART-SUP,ART,HOSPITAL,August,YES,RURAL,273.0,48.0,256.0,-176,1599.0,7.0,Overstock,227.0,25.0
ACT-INF,ACT,HEALTH CENTER,May,YES,RURAL,646.0,306.0,719.0,-318,998.0,1.3,Low,751.0,1569.0
ACT-GC,ACT,HEALTH CENTER,February,NO,RURAL,232.0,0.0,37.0,118,316.0,5.6,Overstock,56.0,1.0
ART-SUP,ART,HEALTH CENTER,August,YES,URBAN,2912.0,490.0,1321.0,666,5014.0,5.2,Overstock,961.0,64.0
QUIN,SP,HEALTH CENTER,November,NO,RURAL,621.0,106.0,152.0,635,673.0,16.4,Overstock,41.0,0.0
ITN,PREV,HEALTH CENTER,August,YES,URBAN,51.0,4.0,91.0,276,69.0,0.2,Critical,282.0,1732.0
ACT-SC,ACT,HEALTH CENTER,May,YES,RURAL,1613.0,0.0,373.0,58,548.0,1.8,Low,305.0,4512.0
QUIN,SP,HEALTH CENTER,November,NO,RURAL,41.0,31.0,12.0,54,257.0,2.0,Low,126.0,1420.0
ITN,PREV,HEALTH CENTER,May,YES,URBAN,1508.0,778.0,932.0,-45,1850.0,4.3,Adequate,429.0,3875.0
ART-SUP,ART,HEALTH CENTER,February,NO,RURAL,485.0,0.0,194.0,-12,756.0,1.6,Low,459.0,2197.0
SP,SP,HEALTH CENTER,February,NO,URBAN,1690.0,168.0,417.0,-82,5259.0,21.0,Overstock,251.0,0.0
QUIN,SP,HEALTH CENTER,November,NO,RURAL,3433.0,0.0,493.0,508,1867.0,9.6,Overstock,195.0,104.0
PYRA-COMP,PYRA,HEALTH CENTER,February,NO,RURAL,871.0,4.0,109.0,966,843.0,8.4,Overstock,100.0,58.0
ART-INJ,ART,HEALTH CENTER,February,NO,URBAN,1651.0,82.0,355.0,-877,1203.0,5.0,Adequate,242.0,0.0
SP,SP,HEALTH CENTER,February,NO,RURAL,356.0,726.0,113.0,415,598.0,7.3,Overstock,82.0,2.0
ACT-SC,ACT,HEALTH CENTER,February,NO,RURAL,6.0,188.0,3.0,-300,640.0,640.0,Overstock,1.0,0.0
ITN,PREV,HEALTH CENTER,August,YES,RURAL,1039.0,208.0,439.0,-899,1090.0,3.8,Adequate,284.0,0.0
PYRA-COMP,PYRA,HEALTH CENTER,February,NO,RURAL,199.0,24.0,78.0,469,284.0,5.5,Overstock,52.0,130.0
SP,SP,HEALTH CENTER,February,NO,RURAL,85.0,33.0,13.0,178,40.0,2.5,Low,16.0,30.0
PYRA-SAC,PYRA,HEALTH CENTER,August,YES,URBAN,886.0,61.0,357.0,-109,2957.0,6.1,Overstock,487.0,1.0
ART-INJ,ART,HEALTH CENTER,November,NO,RURAL,22.0,49.0,32.0,-229,82.0,13.7,Overstock,6.0,1.0
ACT-AD,ACT,HEALTH CENTER,February,NO,RURAL,3669.0,5.0,377.0,-254,761.0,2.0,Low,377.0,0.0
ACT-AD,ACT,HEALTH CENTER,August,YES,URBAN,923.0,0.0,27.0,183,191.0,3.1,Adequate,62.0,333.0
SP,SP,HEALTH CENTER,February,NO,RURAL,238.0,0.0,26.0,102,161.0,20.1,Overstock,8.0,0.0
QUIN,SP,HEALTH CENTER,February,NO,RURAL,603.0,31.0,913.0,-209,472.0,0.7,Critical,645.0,112.0
RDT,DIAG,HEALTH CENTER,May,YES,RURAL,16.0,2158.0,24.0,-242,926.0,19.3,Overstock,48.0,1.0
ACT-AD,ACT,HEALTH CENTER,August,YES,URBAN,710.0,3133.0,374.0,-56,4396.0,6.4,Overstock,689.0,1.0
ACT-AD,ACT,HEALTH CENTER,May,YES,URBAN,761.0,3473.0,119.0,-47,403.0,40.3,Overstock,10.0,225.0
ART-INJ,ART,HEALTH CENTER,August,YES,RURAL,1316.0,1559.0,218.0,-374,1914.0,14.1,Overstock,136.0,0.0
ACT-SC,ACT,HEALTH CENTER,February,NO,RURAL,1420.0,34.0,675.0,178,179.0,0.5,Critical,393.0,7553.0
ACT-INF,ACT,HEALTH CENTER,May,YES,RURAL,1492.0,638.0,487.0,297,1970.0,14.5,Overstock,136.0,0.0
ACT-AD,ACT,HEALTH CENTER,November,NO,RURAL,314.0,236.0,118.0,-15,867.0,2.4,Low,365.0,3060.0
ITN,PREV,HEALTH CENTER,November,NO,RURAL,502.0,4.0,225.0,-449,1209.0,8.0,Overstock,151.0,0.0
QUIN,SP,HEALTH CENTER,May,YES,URBAN,2183.0,1.0,646.0,1078,2092.0,2.4,Low,885.0,2459.0
RDT,DIAG,HEALTH CENTER,August,YES,RURAL,1227.0,62.0,463.0,486,3513.0,17.2,Overstock,204.0,11.0
ART-SUP,ART,HEALTH CENTER,February,NO,RURAL,35.0,547.0,72.0,-548,462.0,4.1,Adequate,113.0,0.0
ACT-SC,ACT,HEALTH CENTER,May,YES,RURAL,144.0,7.0,15.0,1088,598.0,59.8,Overstock,10.0,5.0
PYRA-SAC,PYRA,HEALTH CENTER,August,YES,URBAN,1593.0,434.0,547.0,-243,1157.0,2.0,Low,585.0,729.0
QUIN,SP,HEALTH CENTER,November,NO,URBAN,2479.0,11.0,113.0,53,3192.0,35.5,Overstock,90.0,0.0
ACT-SC,ACT,HEALTH CENTER,February,NO,URBAN,2142.0,868.0,1458.0,-271,4479.0,1.7,Low,2603.0,1367.0
RDT,DIAG,HEALTH CENTER,May,YES,URBAN,141.0,3.0,5.0,-15,80.0,40.0,Overstock,2.0,0.0
ART-SUP,ART,HEALTH CENTER,May,YES,RURAL,50.0,5.0,56.0,561,45.0,1.4,Low,33.0,0.0
SP,SP,HEALTH CENTER,August,YES,RURAL,3729.0,1.0,803.0,280,2787.0,2.3,Low,1190.0,3050.0
ACT-INF,ACT,HEALTH CENTER,November,NO,RURAL,58.0,0.0,1.0,-115,164.0,,Unknown,0.0,0.0
PYRA-SAC,PYRA,HEALTH CENTER,August,YES,URBAN,572.0,14.0,179.0,106,546.0,6.9,Overstock,79.0,26.0
PYRA-SAC,PYRA,HEALTH CENTER,May,YES,RURAL,1171.0,196.0,797.0,-276,1905.0,3.9,Adequate,490.0,0.0
ART-SUP,ART,HEALTH CENTER,May,YES,URBAN,698.0,233.0,570.0,594,212.0,0.2,Critical,1159.0,8104.0
ACT-SC,ACT,HEALTH CENTER,February,NO,RURAL,211.0,2.0,34.0,202,415.0,27.7,Overstock,15.0,6.0
ART-INJ,ART,HEALTH CENTER,November,NO,RURAL,431.0,24.0,28.0,191,538.0,89.7,Overstock,6.0,1.0
ACT-INF,ACT,HEALTH CENTER,February,NO,URBAN,451.0,127.0,42.0,-6,570.0,16.3,Overstock,35.0,2.0
ACT-GC,ACT,HEALTH CENTER,May,YES,RURAL,5.0,0.0,0.0,195,55.0,,Unknown,0.0,0.0
ART-SUP,ART,HEALTH CENTER,August,YES,RURAL,401.0,113.0,191.0,-156,857.0,10.7,Overstock,80.0,4452.0
ART-SUP,ART,HEALTH CENTER,May,YES,RURAL,5207.0,636.0,927.0,-49,3611.0,6.7,Overstock,539.0,785.0
PYRA-SAC,PYRA,HEALTH CENTER,May,YES,RURAL,71.0,0.0,12.0,342,40.0,4.0,Adequate,10.0,0.0
ACT-AD,ACT,HEALTH CENTER,November,NO,RURAL,2207.0,0.0,230.0,667,585.0,4.3,Adequate,135.0,1647.0
ART-SUP,ART,HEALTH CENTER,November,NO,URBAN,48.0,28.0,16.0,-198,184.0,46.0,Overstock,4.0,11.0
RDT,DIAG,HEALTH CENTER,August,YES,RURAL,4212.0,1474.0,1052.0,-492,6159.0,3.7,Adequate,1661.0,187.0
ACT-INF,ACT,HEALTH CENTER,August,YES,URBAN,905.0,443.0,368.0,-215,715.0,1.5,Low,475.0,74.0
QUIN,SP,HEALTH CENTER,August,YES,RURAL,31.0,189.0,74.0,239,269.0,17.9,Overstock,15.0,0.0
ITN,PREV,HEALTH CENTER,August,YES,RURAL,4841.0,9.0,1045.0,348,1442.0,1.0,Critical,1377.0,6205.0
ACT-SC,ACT,HEALTH CENTER,November,NO,URBAN,37.0,96.0,20.0,-335,77.0,15.4,Overstock,5.0,138.0
ACT-GC,ACT,HEALTH CENTER,February,NO,RURAL,2023.0,0.0,596.0,-118,1211.0,3.3,Adequate,364.0,513.0
ACT-AD,ACT,HOSPITAL,May,YES,URBAN,664.0,84.0,199.0,-188,343.0,2.8,Low,121.0,1.0
QUIN,SP,HEALTH CENTER,May,YES,RURAL,766.0,0.0,208.0,521,593.0,29.6,Overstock,20.0,1192.0
ACT-GC,ACT,HEALTH CENTER,February,NO,URBAN,1386.0,4.0,70.0,309,3052.0,160.6,Overstock,19.0,0.0
PYRA-COMP,PYRA,HOSPITAL,May,YES,RURAL,3187.0,36.0,464.0,349,2144.0,6.0,Overstock,358.0,939.0
QUIN,SP,HEALTH CENTER,August,YES,URBAN,2152.0,3.0,673.0,-338,519.0,0.7,Critical,716.0,1905.0
ACT-SC,ACT,HEALTH CENTER,November,NO,RURAL,2228.0,0.0,612.0,-200,1885.0,3.5,Adequate,534.0,1.0
ART-SUP,ART,HEALTH CENTER,August,YES,RURAL,103.0,125.0,383.0,-98,121.0,0.5,Critical,261.0,8314.0
SP,SP,HEALTH CENTER,August,YES,URBAN,298.0,4.0,191.0,-575,158.0,4.5,Adequate,35.0,65.0
PYRA-COMP,PYRA,HEALTH CENTER,August,YES,RURAL,6330.0,1807.0,1273.0,-269,7549.0,7.3,Overstock,1037.0,12.0
QUIN,SP,HEALTH CENTER,May,YES,RURAL,842.0,0.0,317.0,362,152.0,0.3,Critical,544.0,2291.0
ACT-INF,ACT,HEALTH CENTER,February,NO,RURAL,578.0,0.0,98.0,22,1178.0,34.6,Overstock,34.0,0.0
SP,SP,HEALTH CENTER,May,YES,URBAN,322.0,8.0,390.0,288,565.0,1.9,Low,303.0,372.0
ACT-AD,ACT,HOSPITAL,November,NO,URBAN,1491.0,20.0,66.0,-793,547.0,36.5,Overstock,15.0,74.0
ACT-GC,ACT,HEALTH CENTER,August,YES,RURAL,3086.0,0.0,235.0,-812,1238.0,3.8,Adequate,325.0,1473.0
ART-INJ,ART,HEALTH CENTER,November,NO,RURAL,294.0,92.0,281.0,15,528.0,5.4,Overstock,98.0,16.0
ACT-SC,ACT,HEALTH CENTER,May,YES,RURAL,2160.0,3.0,730.0,-308,310.0,0.6,Critical,531.0,20.0
QUIN,SP,HEALTH CENTER,August,YES,RURAL,730.0,158.0,88.0,286,373.0,12.9,Overstock,29.0,89.0
ACT-AD,ACT,HEALTH CENTER,May,YES,RURAL,1398.0,864.0,126.0,-93,2432.0,43.4,Overstock,56.0,16.0
ART-INJ,ART,HEALTH CENTER,August,YES,URBAN,1904.0,1135.0,642.0,98,4393.0,11.7,Overstock,374.0,1.0
ITN,PREV,HEALTH CENTER,May,YES,URBAN,836.0,883.0,364.0,531,980.0,2.1,Low,477.0,1707.0
ACT-AD,ACT,HEALTH CENTER,August,YES,RURAL,20.0,6.0,28.0,-481,64.0,6.4,Overstock,10.0,2.0
SP,SP,HEALTH CENTER,February,NO,RURAL,1295.0,21.0,217.0,-510,901.0,11.3,Overstock,80.0,94.0
ACT-INF,ACT,HEALTH CENTER,February,NO,RURAL,320.0,553.0,213.0,460,1163.0,6.2,Overstock,189.0,0.0
ART-INJ,ART,HEALTH CENTER,August,YES,URBAN,315.0,2085.0,468.0,-341,1780.0,7.3,Overstock,243.0,0.0
ART-SUP,ART,HEALTH CENTER,August,YES,RURAL,996.0,0.0,250.0,271,2811.0,6.4,Overstock,438.0,64.0
PYRA-COMP,PYRA,HEALTH CENTER,August,YES,RURAL,370.0,189.0,360.0,415,651.0,10.7,Overstock,61.0,853.0
RDT,DIAG,HEALTH CENTER,November,NO,RURAL,356.0,40.0,353.0,-274,1401.0,10.9,Overstock,128.0,0.0
ACT-INF,ACT,HEALTH CENTER,February,NO,RURAL,273.0,86.0,188.0,507,147.0,1.0,Critical,148.0,2076.0
ART-SUP,ART,HEALTH CENTER,May,YES,RURAL,0.0,0.0,2.0,-182,1.0,1.0,Critical,1.0,0.0
ACT-AD,ACT,HEALTH CENTER,May,YES,RURAL,2951.0,95.0,834.0,-226,2411.0,2.3,Low,1044.0,1015.0
ACT-GC,ACT,HEALTH CENTER,February,NO,RURAL,1202.0,0.0,134.0,-190,1910.0,6.3,Overstock,305.0,331.0
RDT,DIAG,HEALTH CENTER,November,NO,URBAN,760.0,0.0,117.0,274,178.0,4.0,Adequate,44.0,0.0
PYRA-SAC,PYRA,HEALTH CENTER,February,NO,RURAL,4805.0,2756.0,850.0,437,5423.0,4.7,Adequate,1163.0,2107.0
ACT-SC,ACT,HEALTH CENTER,May,YES,URBAN,27.0,148.0,108.0,-614,281.0,5.2,Overstock,54.0,822.0
ART-INJ,ART,HEALTH CENTER,November,NO,URBAN,2646.0,218.0,186.0,662,2784.0,9.3,Overstock,299.0,1.0
ACT-GC,ACT,HEALTH CENTER,February,NO,RURAL,7.0,21.0,3.0,335,1.0,,Unknown,0.0,0.0
ART-SUP,ART,HEALTH CENTER,August,YES,RURAL,2675.0,22.0,430.0,-506,2276.0,3.9,Adequate,582.0,78.0
QUIN,SP,HEALTH CENTER,August,YES,RURAL,6.0,0.0,116.0,40,6.0,0.1,Critical,51.0,0.0
QUIN,SP,HEALTH CENTER,February,NO,RURAL,1365.0,198.0,435.0,-210,2624.0,16.2,Overstock,162.0,13.0
ITN,PREV,HEALTH CENTER,November,NO,URBAN,169.0,14.0,60.0,292,94.0,2.0,Low,46.0,391.0
ITN,PREV,HEALTH CENTER,May,YES,RURAL,423.0,1.0,250.0,381,636.0,6.0,Overstock,106.0,2.0
PYRA-SAC,PYRA,HEALTH CENTER,February,NO,URBAN,391.0,64.0,213.0,172,427.0,1.5,Low,287.0,448.0
ACT-SC,ACT,HEALTH CENTER,August,YES,RURAL,207.0,1.0,76.0,185,165.0,2.5,Low,67.0,184.0
RDT,DIAG,HEALTH CENTER,May,YES,RURAL,6993.0,30.0,2325.0,-401,2128.0,1.0,Critical,2196.0,556.0
ART-SUP,ART,HEALTH CENTER,November,NO,URBAN,8.0,331.0,58.0,-139,53.0,0.9,Critical,59.0,183.0
RDT,DIAG,HEALTH CENTER,November,NO,URBAN,2975.0,0.0,396.0,-57,1302.0,7.9,Overstock,165.0,0.0
ACT-INF,ACT,HEALTH CENTER,November,NO,RURAL,1737.0,7.0,121.0,85,932.0,20.7,Overstock,45.0,249.0
ACT-AD,ACT,HEALTH CENTER,May,YES,RURAL,358.0,7.0,111.0,547,1244.0,54.1,Overstock,23.0,10.0
ART-SUP,ART,HEALTH CENTER,November,NO,URBAN,2530.0,2516.0,424.0,367,4338.0,6.0,Overstock,729.0,117.0
QUIN,SP,HEALTH CENTER,May,YES,RURAL,1055.0,1.0,136.0,-5,942.0,17.4,Overstock,54.0,467.0
PYRA-COMP,PYRA,HEALTH CENTER,February,NO,URBAN,1202.0,403.0,130.0,821,660.0,5.4,Overstock,123.0,0.0
PYRA-COMP,PYRA,HEALTH CENTER,August,YES,RURAL,1366.0,1339.0,605.0,-81,2649.0,2.6,Low,1013.0,185.0
SP,SP,HEALTH CENTER,August,YES,RURAL,227.0,471.0,267.0,-364,461.0,6.4,Overstock,72.0,48.0
QUIN,SP,HOSPITAL,May,YES,RURAL,513.0,1.0,61.0,375,393.0,11.6,Overstock,34.0,64.0
ITN,PREV,HEALTH CENTER,February,NO,RURAL,18.0,8.0,7.0,-119,8.0,1.3,Low,6.0,471.0
SP,SP,HEALTH CENTER,February,NO,URBAN,91.0,8.0,78.0,-365,1329.0,12.5,Overstock,106.0,0.0
SP,SP,HEALTH CENTER,February,NO,RURAL,6082.0,59.0,2406.0,-307,5992.0,2.5,Low,2421.0,1274.0
PYRA-SAC,PYRA,HEALTH CENTER,August,YES,RURAL,1842.0,37.0,263.0,3,1158.0,25.2,Overstock,46.0,0.0
PYRA-SAC,PYRA,HEALTH CENTER,February,NO,URBAN,1334.0,540.0,365.0,-198,1002.0,2.9,Low,348.0,7.0
ACT-AD,ACT,HEALTH CENTER,May,YES,RURAL,136.0,47.0,148.0,172,497.0,1.3,Low,386.0,3343.0
ACT-AD,ACT,HEALTH CENTER,August,YES,RURAL,426.0,13.0,516.0,-237,308.0,0.3,Critical,1069.0,53.0
QUIN,SP,HEALTH CENTER,May,YES,URBAN,1978.0,0.0,293.0,108,916.0,6.5,Overstock,140.0,36.0
ART-INJ,ART,HEALTH CENTER,August,YES,URBAN,29.0,0.0,60.0,350,69.0,69.0,Overstock,1.0,0.0
ACT-INF,ACT,HEALTH CENTER,November,NO,RURAL,4053.0,4.0,1016.0,-531,1576.0,3.5,Adequate,451.0,0.0
ART-SUP,ART,HEALTH CENTER,February,NO,URBAN,3566.0,0.0,116.0,-36,3095.0,59.5,Overstock,52.0,4.0
ACT-SC,ACT,HEALTH CENTER,February,NO,URBAN,152.0,0.0,40.0,328,340.0,14.2,Overstock,24.0,0.0
ART-SUP,ART,HEALTH CENTER,August,YES,RURAL,1960.0,0.0,158.0,555,913.0,5.3,Overstock,173.0,8.0
ACT-GC,ACT,HEALTH CENTER,May,YES,URBAN,321.0,335.0,273.0,-107,533.0,5.4,Overstock,99.0,676.0
QUIN,SP,HEALTH CENTER,May,YES,RURAL,485.0,0.0,102.0,796,264.0,4.7,Adequate,56.0,2.0
PYRA-COMP,PYRA,HOSPITAL,November,NO,RURAL,713.0,0.0,91.0,-176,749.0,5.8,Overstock,129.0,0.0
ART-INJ,ART,HEALTH CENTER,November,NO,RURAL,256.0,357.0,715.0,404,1324.0,4.3,Adequate,305.0,1412.0
PYRA-COMP,PYRA,HEALTH CENTER,May,YES,RURAL,5341.0,11.0,697.0,31,4306.0,11.7,Overstock,367.0,444.0
RDT,DIAG,HEALTH CENTER,August,YES,RURAL,979.0,3.0,310.0,629,475.0,10.3,Overstock,46.0,1.0
ITN,PREV,HEALTH CENTER,May,YES,URBAN,290.0,1634.0,227.0,24,1572.0,4.9,Adequate,324.0,22.0
ART-SUP,ART,HEALTH CENTER,August,YES,RURAL,1165.0,21.0,269.0,650,574.0,6.8,Overstock,84.0,0.0
SP,SP,HEALTH CENTER,November,NO,RURAL,545.0,1.0,71.0,653,740.0,8.4,Overstock,88.0,12.0
RDT,DIAG,HEALTH CENTER,August,YES,URBAN,4486.0,757.0,669.0,68,4243.0,7.2,Overstock,588.0,5.0
PYRA-SAC,PYRA,HEALTH CENTER,August,YES,RURAL,2852.0,12.0,642.0,-5,4145.0,5.7,Overstock,723.0,3004.0
PYRA-COMP,PYRA,HEALTH CENTER,August,YES,RURAL,18.0,0.0,23.0,-684,25.0,8.3,Overstock,3.0,1.0
ART-SUP,ART,HEALTH CENTER,November,NO,URBAN,1350.0,1172.0,192.0,70,3099.0,8.1,Overstock,384.0,7.0
QUIN,SP,HEALTH CENTER,November,NO,URBAN,160.0,43.0,406.0,259,570.0,2.9,Low,199.0,9543.0
PYRA-COMP,PYRA,HOSPITAL,May,YES,URBAN,2174.0,0.0,309.0,-484,465.0,3.7,Adequate,125.0,1180.0
PYRA-SAC,PYRA,HEALTH CENTER,May,YES,RURAL,3911.0,221.0,538.0,-19,6167.0,26.6,Overstock,232.0,0.0
ART-SUP,ART,HEALTH CENTER,May,YES,RURAL,698.0,7.0,322.0,304,160.0,0.3,Critical,560.0,2610.0
SP,SP,HEALTH CENTER,May,YES,RURAL,1562.0,333.0,505.0,704,1795.0,7.8,Overstock,231.0,0.0
QUIN,SP,HEALTH CENTER,May,YES,RURAL,342.0,10.0,445.0,72,1528.0,4.1,Adequate,370.0,283.0
QUIN,SP,HEALTH CENTER,May,YES,RURAL,40.0,3.0,68.0,31,256.0,128.0,Overstock,2.0,0.0
SP,SP,HEALTH CENTER,November,NO,RURAL,11.0,7.0,33.0,-308,39.0,2.1,Low,19.0,0.0
ACT-SC,ACT,HOSPITAL,February,NO,RURAL,1116.0,376.0,542.0,307,1440.0,3.9,Adequate,365.0,2.0
ITN,PREV,HEALTH CENTER,May,YES,URBAN,2462.0,637.0,214.0,-198,1080.0,19.6,Overstock,55.0,0.0
ACT-AD,ACT,HEALTH CENTER,February,NO,URBAN,1680.0,5.0,239.0,-891,1052.0,3.8,Adequate,275.0,21.0
ACT-GC,ACT,HEALTH CENTER,August,YES,URBAN,1418.0,215.0,824.0,222,2224.0,2.9,Low,774.0,240.0
QUIN,SP,HEALTH CENTER,February,NO,RURAL,52.0,89.0,21.0,-90,640.0,35.6,Overstock,18.0,0.0
RDT,DIAG,HEALTH CENTER,February,NO,URBAN,1392.0,1506.0,169.0,-17,3782.0,35.3,Overstock,107.0,0.0
ART-SUP,ART,HEALTH CENTER,February,NO,RURAL,1474.0,3.0,119.0,-23,864.0,13.3,Overstock,65.0,7.0
RDT,DIAG,HEALTH CENTER,November,NO,RURAL,1914.0,332.0,588.0,-206,1657.0,5.5,Overstock,301.0,3214.0
ITN,PREV,HOSPITAL,February,NO,URBAN,3333.0,1153.0,562.0,12,2609.0,5.0,Adequate,520.0,9.0
PYRA-COMP,PYRA,HEALTH CENTER,August,YES,URBAN,334.0,3.0,127.0,-503,792.0,4.8,Adequate,166.0,27.0
ART-SUP,ART,HEALTH CENTER,August,YES,RURAL,113.0,304.0,123.0,470,983.0,46.8,Overstock,21.0,0.0
RDT,DIAG,HEALTH CENTER,August,YES,RURAL,2806.0,112.0,513.0,-213,1704.0,5.0,Adequate,344.0,9047.0
PYRA-SAC,PYRA,HEALTH CENTER,February,NO,RURAL,69.0,91.0,260.0,3,71.0,0.2,Critical,448.0,24.0
ACT-GC,ACT,HEALTH CENTER,November,NO,RURAL,316.0,9.0,147.0,439,446.0,3.1,Adequate,146.0,0.0
PYRA-COMP,PYRA,HEALTH CENTER,August,YES,RURAL,1558.0,0.0,24.0,-330,318.0,318.0,Overstock,1.0,6.0
ACT-AD,ACT,HEALTH CENTER,May,YES,URBAN,9.0,312.0,2.0,-179,38.0,6.3,Overstock,6.0,0.0
ACT-AD,ACT,HEALTH CENTER,November,NO,RURAL,989.0,43.0,395.0,-348,1503.0,7.4,Overstock,204.0,536.0
ACT-INF,ACT,HEALTH CENTER,May,YES,RURAL,866.0,9.0,220.0,228,1601.0,11.4,Overstock,140.0,54.0
ACT-GC,ACT,HEALTH CENTER,August,YES,URBAN,540.0,303.0,684.0,-186,1788.0,3.8,Adequate,476.0,126.0
ART-SUP,ART,HEALTH CENTER,August,YES,RURAL,1084.0,600.0,529.0,33,2421.0,5.5,Overstock,439.0,208.0
ACT-GC,ACT,HEALTH CENTER,November,NO,RURAL,255.0,6.0,176.0,-249,189.0,7.3,Overstock,26.0,0.0
ACT-SC,ACT,HEALTH CENTER,May,YES,RURAL,2067.0,0.0,91.0,-173,1012.0,77.8,Overstock,13.0,24.0
ITN,PREV,HEALTH CENTER,August,YES,RURAL,1220.0,5177.0,453.0,-397,1261.0,2.1,Low,590.0,4.0
ACT-INF,ACT,HEALTH CENTER,November,NO,URBAN,172.0,45.0,271.0,-334,1095.0,4.5,Adequate,241.0,175.0
ACT-INF,ACT,HEALTH CENTER,February,NO,RURAL,4094.0,1.0,570.0,-699,2752.0,7.1,Overstock,387.0,257.0
QUIN,SP,HEALTH CENTER,May,YES,URBAN,46.0,0.0,421.0,-287,117.0,0.3,Critical,448.0,35.0
ACT-AD,ACT,HEALTH CENTER,November,NO,RURAL,41.0,1.0,42.0,-752,61.0,12.2,Overstock,5.0,4.0
ACT-INF,ACT,HEALTH CENTER,November,NO,RURAL,720.0,0.0,195.0,-810,442.0,12.6,Overstock,35.0,217.0
ACT-SC,ACT,HEALTH CENTER,August,YES,RURAL,24.0,116.0,77.0,2,355.0,13.1,Overstock,27.0,298.0
RDT,DIAG,HEALTH CENTER,November,NO,RURAL,1539.0,16.0,277.0,-45,378.0,3.6,Adequate,106.0,170.0
SP,SP,HEALTH CENTER,February,NO,RURAL,826.0,64.0,425.0,-259,1557.0,5.9,Overstock,264.0,72.0
ACT-INF,ACT,HEALTH CENTER,November,NO,RURAL,1738.0,50.0,309.0,237,3132.0,10.1,Overstock,310.0,17.0
QUIN,SP,HOSPITAL,November,NO,RURAL,480.0,1.0,18.0,172,781.0,86.8,Overstock,9.0,0.0
PYRA-COMP,PYRA,HEALTH CENTER,May,YES,RURAL,23.0,0.0,56.0,-132,1.0,0.0,Stockout,61.0,6.0
ACT-SC,ACT,HEALTH CENTER,February,NO,RURAL,51.0,0.0,52.0,-288,45.0,0.3,Critical,134.0,822.0
ACT-INF,ACT,HEALTH CENTER,August,YES,URBAN,3251.0,109.0,242.0,-263,3749.0,50.7,Overstock,74.0,0.0
ACT-INF,ACT,HEALTH CENTER,November,NO,RURAL,4414.0,0.0,472.0,-347,2071.0,3.4,Adequate,601.0,1876.0
ART-SUP,ART,HEALTH CENTER,February,NO,RURAL,2084.0,1120.0,1255.0,-120,989.0,2.0,Low,484.0,0.0
ACT-INF,ACT,HEALTH CENTER,August,YES,RURAL,75.0,0.0,25.0,252,34.0,0.7,Critical,52.0,2041.0
ACT-GC,ACT,HEALTH CENTER,August,YES,RURAL,4300.0,784.0,1534.0,355,4665.0,2.1,Low,2188.0,1284.0
ART-INJ,ART,HEALTH CENTER,November,NO,URBAN,15.0,0.0,8.0,279,36.0,,Unknown,0.0,1.0
ACT-GC,ACT,HEALTH CENTER,May,YES,URBAN,4000.0,2.0,885.0,-94,5314.0,4.6,Adequate,1144.0,1014.0
ACT-GC,ACT,HEALTH CENTER,May,YES,RURAL,11.0,0.0,1.0,-391,1.0,,Unknown,0.0,1.0
ACT-INF,ACT,HEALTH CENTER,February,NO,URBAN,352.0,87.0,213.0,-899,804.0,2.1,Low,392.0,19.0
PYRA-SAC,PYRA,HEALTH CENTER,November,NO,RURAL,707.0,502.0,307.0,856,4082.0,16.1,Overstock,254.0,5.0
ART-INJ,ART,HEALTH CENTER,February,NO,RURAL,246.0,2.0,16.0,-382,134.0,44.7,Overstock,3.0,0.0
ACT-SC,ACT,HOSPITAL,May,YES,RURAL,22.0,177.0,180.0,653,59.0,0.3,Critical,200.0,2520.0
QUIN,SP,HEALTH CENTER,August,YES,RURAL,765.0,0.0,39.0,146,599.0,14.6,Overstock,41.0,234.0
ART-SUP,ART,HEALTH CENTER,February,NO,URBAN,4798.0,0.0,1453.0,-28,4451.0,4.0,Adequate,1108.0,967.0
PYRA-COMP,PYRA,HEALTH CENTER,August,YES,RURAL,486.0,15.0,85.0,43,263.0,9.4,Overstock,28.0,73.0
RDT,DIAG,HEALTH CENTER,November,NO,URBAN,146.0,0.0,31.0,324,208.0,6.7,Overstock,31.0,0.0
QUIN,SP,HEALTH CENTER,August,YES,RURAL,2235.0,3.0,195.0,209,2263.0,11.8,Overstock,191.0,25.0
PYRA-COMP,PYRA,HOSPITAL,November,NO,URBAN,571.0,0.0,148.0,-245,293.0,3.8,Adequate,77.0,0.0
RDT,DIAG,HEALTH CENTER,May,YES,URBAN,1139.0,0.0,17.0,-177,738.0,,Unknown,0.0,0.0
ITN,PREV,HEALTH CENTER,November,NO,URBAN,1230.0,1036.0,501.0,-208,1278.0,3.0,Adequate,421.0,1888.0
ACT-SC,ACT,HEALTH CENTER,August,YES,RURAL,839.0,7.0,204.0,-387,191.0,0.8,Critical,237.0,3028.0
RDT,DIAG,HEALTH CENTER,May,YES,URBAN,766.0,0.0,11.0,-144,232.0,21.1,Overstock,11.0,0.0
ART-INJ,ART,HEALTH CENTER,May,YES,URBAN,1131.0,14.0,413.0,149,158.0,0.4,Critical,445.0,3.0
ART-SUP,ART,HEALTH CENTER,August,YES,URBAN,240.0,812.0,410.0,617,812.0,5.6,Overstock,145.0,0.0
ART-SUP,ART,HEALTH CENTER,February,NO,RURAL,719.0,53.0,400.0,610,821.0,2.8,Low,293.0,40.0
ART-INJ,ART,HEALTH CENTER,May,YES,RURAL,5.0,0.0,83.0,765,4.0,0.3,Critical,12.0,1105.0
ITN,PREV,HEALTH CENTER,November,NO,RURAL,2905.0,1.0,541.0,-637,697.0,1.6,Low,429.0,1159.0
RDT,DIAG,HEALTH CENTER,February,NO,RURAL,342.0,854.0,29.0,171,463.0,19.3,Overstock,24.0,604.0
ART-INJ,ART,HEALTH CENTER,May,YES,RURAL,12.0,0.0,17.0,241,7.0,3.5,Adequate,2.0,0.0
ACT-AD,ACT,HEALTH CENTER,August,YES,RURAL,6410.0,158.0,688.0,-15,4380.0,5.5,Overstock,798.0,0.0
RDT,DIAG,HOSPITAL,February,NO,RURAL,1194.0,291.0,324.0,-966,2211.0,18.3,Overstock,121.0,0.0
ACT-SC,ACT,HEALTH CENTER,February,NO,RURAL,1432.0,19.0,619.0,336,712.0,3.2,Adequate,223.0,7385.0
RDT,DIAG,HEALTH CENTER,August,YES,RURAL,492.0,0.0,152.0,-246,206.0,2.4,Low,86.0,759.0
ITN,PREV,HOSPITAL,February,NO,RURAL,397.0,0.0,227.0,537,132.0,0.9,Critical,147.0,0.0
ACT-INF,ACT,HEALTH CENTER,February,NO,URBAN,258.0,302.0,189.0,-926,1224.0,9.7,Overstock,126.0,911.0
ACT-SC,ACT,HEALTH CENTER,November,NO,URBAN,469.0,0.0,49.0,-168,1201.0,52.2,Overstock,23.0,371.0
QUIN,SP,HOSPITAL,February,NO,RURAL,259.0,23.0,180.0,-226,1325.0,10.8,Overstock,123.0,1.0
RDT,DIAG,HEALTH CENTER,February,NO,RURAL,498.0,1.0,81.0,-55,171.0,10.7,Overstock,16.0,6.0
PYRA-COMP,PYRA,HEALTH CENTER,November,NO,RURAL,3766.0,69.0,1193.0,-560,3234.0,6.8,Overstock,479.0,99.0
ITN,PREV,HOSPITAL,May,YES,RURAL,2478.0,0.0,176.0,-104,721.0,4.8,Adequate,149.0,0.0
ART-SUP,ART,HEALTH CENTER,May,YES,URBAN,140.0,2.0,107.0,-310,732.0,11.4,Overstock,64.0,112.0
ART-INJ,ART,HEALTH CENTER,August,YES,RURAL,1148.0,94.0,112.0,272,908.0,18.5,Overstock,49.0,37.0
ART-INJ,ART,HEALTH CENTER,November,NO,RURAL,3954.0,0.0,1385.0,348,1369.0,0.9,Critical,1521.0,712.0
ACT-AD,ACT,HEALTH CENTER,May,YES,URBAN,4119.0,412.0,1061.0,813,2115.0,1.8,Low,1200.0,8.0
SP,SP,HEALTH CENTER,February,NO,RURAL,7328.0,38.0,1425.0,-246,10295.0,8.9,Overstock,1154.0,1075.0
ART-INJ,ART,HEALTH CENTER,November,NO,RURAL,1555.0,451.0,785.0,598,1538.0,3.5,Adequate,440.0,1.0
ACT-AD,ACT,HEALTH CENTER,August,YES,RURAL,3621.0,155.0,1385.0,-675,5268.0,4.3,Adequate,1214.0,8.0
ACT-SC,ACT,HEALTH CENTER,November,NO,RURAL,2729.0,0.0,346.0,106,1106.0,3.7,Adequate,295.0,109.0
ACT-AD,ACT,HEALTH CENTER,August,YES,URBAN,3368.0,38.0,330.0,-154,2779.0,11.2,Overstock,249.0,774.0
SP,SP,HOSPITAL,May,YES,RURAL,1222.0,10.0,182.0,342,1949.0,10.5,Overstock,185.0,1.0
RDT,DIAG,HEALTH CENTER,August,YES,URBAN,1311.0,0.0,193.0,-66,865.0,3.4,Adequate,251.0,829.0
SP,SP,HEALTH CENTER,November,NO,URBAN,2936.0,0.0,79.0,204,1072.0,26.1,Overstock,41.0,0.0
ACT-AD,ACT,HEALTH CENTER,August,YES,URBAN,1062.0,1134.0,93.0,-63,914.0,38.1,Overstock,24.0,437.0
QUIN,SP,HEALTH CENTER,May,YES,URBAN,1130.0,0.0,485.0,844,1017.0,2.5,Low,409.0,1052.0
RDT,DIAG,HEALTH CENTER,November,NO,URBAN,43.0,659.0,56.0,-619,620.0,41.3,Overstock,15.0,0.0
ITN,PREV,HEALTH CENTER,May,YES,URBAN,3.0,2.0,14.0,-111,36.0,18.0,Overstock,2.0,1.0
SP,SP,HEALTH CENTER,August,YES,URBAN,184.0,214.0,21.0,-474,724.0,80.4,Overstock,9.0,0.0
ACT-AD,ACT,HEALTH CENTER,May,YES,RURAL,2991.0,182.0,278.0,-74,4121.0,33.5,Overstock,123.0,0.0
ACT-GC,ACT,HEALTH CENTER,February,NO,RURAL,2454.0,0.0,162.0,-912,417.0,2.1,Low,202.0,1073.0
QUIN,SP,HEALTH CENTER,February,NO,RURAL,312.0,160.0,26.0,448,374.0,19.7,Overstock,19.0,88.0
ART-SUP,ART,HEALTH CENTER,May,YES,RURAL,24.0,1262.0,26.0,-216,115.0,2.2,Low,52.0,11.0
QUIN,SP,HEALTH CENTER,February,NO,RURAL,5913.0,30.0,1229.0,-199,4515.0,4.0,Adequate,1123.0,0.0
ACT-GC,ACT,HEALTH CENTER,August,YES,RURAL,80.0,7.0,103.0,41,240.0,1.9,Low,127.0,94.0
ACT-AD,ACT,HEALTH CENTER,May,YES,RURAL,5266.0,57.0,840.0,266,3187.0,5.3,Overstock,597.0,65.0
PYRA-COMP,PYRA,HEALTH CENTER,November,NO,RURAL,341.0,201.0,129.0,-186,1718.0,107.4,Overstock,16.0,0.0
ACT-GC,ACT,HEALTH CENTER,May,YES,RURAL,1073.0,232.0,419.0,458,1039.0,2.5,Low,410.0,6367.0
ART-INJ,ART,HEALTH CENTER,May,YES,RURAL,438.0,39.0,126.0,-44,599.0,8.4,Overstock,71.0,1791.0
ART-INJ,ART,HEALTH CENTER,November,NO,RURAL,149.0,0.0,463.0,124,169.0,0.6,Critical,264.0,106.0
ACT-SC,ACT,HEALTH CENTER,February,NO,RURAL,262.0,147.0,39.0,-230,308.0,61.6,Overstock,5.0,0.0
SP,SP,HEALTH CENTER,February,NO,URBAN,93.0,0.0,59.0,181,361.0,40.1,Overstock,9.0,0.0
QUIN,SP,HEALTH CENTER,May,YES,RURAL,8.0,0.0,39.0,895,27.0,0.4,Critical,67.0,617.0
QUIN,SP,HEALTH CENTER,August,YES,RURAL,174.0,0.0,237.0,25,136.0,0.9,Critical,144.0,1742.0
PYRA-COMP,PYRA,HEALTH CENTER,February,NO,RURAL,0.0,225.0,1.0,-188,2.0,2.0,Low,1.0,1.0
ART-SUP,ART,HEALTH CENTER,August,YES,RURAL,757.0,52.0,47.0,-376,434.0,21.7,Overstock,20.0,39.0
PYRA-SAC,PYRA,HEALTH CENTER,August,YES,URBAN,376.0,2.0,281.0,-150,571.0,2.8,Low,207.0,3.0
ART-INJ,ART,HEALTH CENTER,May,YES,RURAL,1309.0,144.0,343.0,-733,4257.0,51.9,Overstock,82.0,1.0
ACT-AD,ACT,HOSPITAL,August,YES,URBAN,1757.0,29.0,106.0,176,865.0,14.4,Overstock,60.0,5.0
ART-SUP,ART,HOSPITAL,May,YES,RURAL,16.0,303.0,1.0,633,17.0,8.5,Overstock,2.0,0.0
ART-INJ,ART,HEALTH CENTER,November,NO,URBAN,370.0,0.0,39.0,682,1033.0,60.8,Overstock,17.0,0.0
PYRA-COMP,PYRA,HEALTH CENTER,August,YES,RURAL,34.0,16.0,6.0,-24,22.0,7.3,Overstock,3.0,347.0
ACT-GC,ACT,HEALTH CENTER,August,YES,RURAL,97.0,0.0,258.0,685,13.0,0.1,Critical,100.0,13.0
ACT-SC,ACT,HEALTH CENTER,November,NO,URBAN,3355.0,11.0,1133.0,-52,1868.0,2.8,Low,665.0,829.0
PYRA-COMP,PYRA,HEALTH CENTER,November,NO,URBAN,280.0,311.0,27.0,53,982.0,33.9,Overstock,29.0,1301.0
ACT-INF,ACT,HEALTH CENTER,May,YES,RURAL,2159.0,1.0,918.0,129,1081.0,1.0,Critical,1043.0,2755.0
ART-INJ,ART,HEALTH CENTER,February,NO,URBAN,1458.0,615.0,330.0,61,1505.0,5.2,Overstock,289.0,2424.0
ACT-GC,ACT,HEALTH CENTER,February,NO,RURAL,101.0,99.0,27.0,298,361.0,10.6,Overstock,34.0,238.0
SP,SP,HEALTH CENTER,May,YES,URBAN,366.0,35.0,46.0,157,69.0,17.2,Overstock,4.0,1.0
ART-SUP,ART,HEALTH CENTER,November,NO,RURAL,267.0,0.0,118.0,-294,148.0,0.6,Critical,251.0,461.0
QUIN,SP,HEALTH CENTER,November,NO,URBAN,97.0,3.0,58.0,-142,105.0,2.4,Low,44.0,1561.0
PYRA-SAC,PYRA,HEALTH CENTER,November,NO,RURAL,3821.0,0.0,195.0,541,1735.0,17.9,Overstock,97.0,0.0
ITN,PREV,HEALTH CENTER,August,YES,RURAL,1.0,0.0,0.0,-95,1.0,,Unknown,0.0,255.0
ACT-AD,ACT,HEALTH CENTER,May,YES,RURAL,2801.0,257.0,1044.0,-520,2619.0,8.6,Overstock,306.0,659.0
ACT-AD,ACT,HEALTH CENTER,February,NO,URBAN,533.0,39.0,576.0,219,898.0,1.0,Critical,861.0,1428.0
PYRA-SAC,PYRA,HEALTH CENTER,August,YES,URBAN,798.0,33.0,90.0,-222,342.0,85.5,Overstock,4.0,0.0
ACT-SC,ACT,HEALTH CENTER,May,YES,RURAL,2775.0,4.0,825.0,297,932.0,2.2,Low,418.0,108.0
PYRA-SAC,PYRA,HEALTH CENTER,August,YES,RURAL,127.0,54.0,26.0,-720,320.0,64.0,Overstock,5.0,48.0
RDT,DIAG,HEALTH CENTER,May,YES,RURAL,491.0,45.0,273.0,586,965.0,5.2,Overstock,184.0,0.0
SP,SP,HEALTH CENTER,February,NO,URBAN,797.0,211.0,341.0,-765,1464.0,6.0,Overstock,246.0,7.0
ART-INJ,ART,HOSPITAL,May,YES,URBAN,1039.0,9.0,802.0,-370,2906.0,4.2,Adequate,689.0,21.0
PYRA-COMP,PYRA,HEALTH CENTER,May,YES,URBAN,81.0,0.0,10.0,365,59.0,,Unknown,0.0,34.0
SP,SP,HEALTH CENTER,November,NO,RURAL,10.0,0.0,47.0,-432,133.0,44.3,Overstock,3.0,0.0
ART-SUP,ART,HEALTH CENTER,May,YES,URBAN,1229.0,0.0,139.0,-119,1693.0,13.4,Overstock,126.0,31.0
PYRA-COMP,PYRA,HEALTH CENTER,February,NO,URBAN,1.0,162.0,1.0,128,8.0,,Unknown,0.0,0.0
ACT-INF,ACT,HEALTH CENTER,May,YES,URBAN,4334.0,0.0,584.0,616,3016.0,9.8,Overstock,308.0,2.0
ACT-INF,ACT,HEALTH CENTER,November,NO,RURAL,60.0,11.0,28.0,-79,405.0,10.7,Overstock,38.0,0.0
ACT-SC,ACT,HEALTH CENTER,February,NO,RURAL,985.0,0.0,123.0,-92,58.0,0.6,Critical,103.0,3.0
ACT-GC,ACT,HEALTH CENTER,February,NO,URBAN,1171.0,0.0,458.0,377,780.0,2.6,Low,295.0,2.0
ART-INJ,ART,HEALTH CENTER,August,YES,RURAL,50.0,0.0,15.0,461,162.0,54.0,Overstock,3.0,0.0
ART-SUP,ART,HEALTH CENTER,August,YES,RURAL,44.0,216.0,114.0,329,367.0,24.5,Overstock,15.0,0.0
RDT,DIAG,HEALTH CENTER,November,NO,RURAL,719.0,394.0,403.0,405,1384.0,10.6,Overstock,131.0,1040.0
ACT-GC,ACT,HEALTH CENTER,November,NO,RURAL,6969.0,0.0,465.0,66,5232.0,40.6,Overstock,129.0,1.0
ACT-GC,ACT,HOSPITAL,May,YES,RURAL,911.0,61.0,281.0,411,1762.0,10.1,Overstock,174.0,0.0
ART-SUP,ART,HEALTH CENTER,August,YES,URBAN,1680.0,1.0,382.0,587,1031.0,5.3,Overstock,194.0,3.0
RDT,DIAG,HEALTH CENTER,May,YES,RURAL,1382.0,16.0,344.0,-99,911.0,5.8,Overstock,158.0,1.0
ITN,PREV,HEALTH CENTER,May,YES,URBAN,5915.0,1458.0,1436.0,11,7859.0,11.7,Overstock,671.0,0.0
PYRA-SAC,PYRA,HEALTH CENTER,February,NO,URBAN,1252.0,405.0,904.0,-244,2365.0,4.3,Adequate,547.0,2.0
RDT,DIAG,HOSPITAL,August,YES,RURAL,2927.0,990.0,610.0,338,4615.0,6.9,Overstock,667.0,126.0
ACT-GC,ACT,HEALTH CENTER,November,NO,RURAL,2159.0,618.0,469.0,519,1190.0,1.1,Low,1036.0,1077.0
ACT-INF,ACT,HEALTH CENTER,February,NO,URBAN,1080.0,2.0,390.0,136,807.0,11.5,Overstock,70.0,0.0
ACT-INF,ACT,HOSPITAL,November,NO,RURAL,1242.0,7.0,67.0,607,583.0,2.6,Low,221.0,223.0
ART-INJ,ART,HEALTH CENTER,February,NO,RURAL,1054.0,974.0,343.0,-964,1073.0,19.2,Overstock,56.0,298.0
ACT-GC,ACT,HEALTH CENTER,February,NO,RURAL,510.0,25.0,229.0,-165,1291.0,23.1,Overstock,56.0,90.0
ACT-SC,ACT,HEALTH CENTER,August,YES,RURAL,153.0,975.0,899.0,-594,841.0,2.2,Low,384.0,13367.0
SP,SP,HEALTH CENTER,February,NO,RURAL,223.0,2.0,12.0,-582,69.0,,Unknown,0.0,4.0
ACT-AD,ACT,HOSPITAL,August,YES,RURAL,4771.0,0.0,713.0,177,3110.0,10.4,Overstock,299.0,2.0
SP,SP,HEALTH CENTER,February,NO,RURAL,727.0,4.0,90.0,387,475.0,9.0,Overstock,53.0,0.0
SP,SP,HEALTH CENTER,February,NO,RURAL,4341.0,0.0,531.0,219,555.0,6.9,Overstock,80.0,200.0
PYRA-SAC,PYRA,HEALTH CENTER,November,NO,RURAL,1093.0,91.0,522.0,-448,988.0,2.1,Low,463.0,0.0
PYRA-SAC,PYRA,HEALTH CENTER,May,YES,RURAL,1165.0,8.0,261.0,148,974.0,15.2,Overstock,64.0,0.0
ACT-AD,ACT,HOSPITAL,November,NO,RURAL,6654.0,1157.0,2055.0,193,8391.0,5.0,Adequate,1683.0,426.0
QUIN,SP,HEALTH CENTER,August,YES,RURAL,609.0,1.0,131.0,208,231.0,231.0,Overstock,1.0,0.0
ACT-SC,ACT,HEALTH CENTER,February,NO,RURAL,108.0,87.0,168.0,232,37.0,0.3,Critical,117.0,138.0
ACT-AD,ACT,HEALTH CENTER,August,YES,RURAL,3099.0,636.0,1649.0,-146,4345.0,3.4,Adequate,1268.0,4603.0
ACT-SC,ACT,HEALTH CENTER,November,NO,RURAL,5963.0,254.0,982.0,32,8735.0,10.3,Overstock,845.0,0.0
ACT-SC,ACT,HEALTH CENTER,February,NO,RURAL,2935.0,2.0,294.0,-152,3654.0,50.1,Overstock,73.0,0.0
ITN,PREV,HEALTH CENTER,May,YES,URBAN,284.0,95.0,278.0,345,804.0,4.3,Adequate,185.0,113.0
PYRA-COMP,PYRA,HEALTH CENTER,November,NO,RURAL,1470.0,13.0,648.0,69,2080.0,3.5,Adequate,587.0,11.0
PYRA-SAC,PYRA,HEALTH CENTER,May,YES,RURAL,1922.0,215.0,265.0,-172,808.0,3.1,Adequate,258.0,1663.0
SP,SP,HEALTH CENTER,February,NO,RURAL,265.0,8.0,102.0,327,110.0,1.3,Low,82.0,1366.0
ACT-AD,ACT,HEALTH CENTER,August,YES,URBAN,5557.0,87.0,1583.0,434,4542.0,2.9,Low,1587.0,8707.0
ART-INJ,ART,HEALTH CENTER,May,YES,RURAL,3585.0,146.0,809.0,-39,2737.0,3.4,Adequate,801.0,3612.0
PYRA-SAC,PYRA,HEALTH CENTER,February,NO,RURAL,601.0,534.0,379.0,627,678.0,13.8,Overstock,49.0,1369.0
ACT-AD,ACT,HEALTH CENTER,August,YES,URBAN,501.0,15.0,73.0,48,670.0,15.2,Overstock,44.0,931.0
ACT-GC,ACT,HEALTH CENTER,November,NO,RURAL,81.0,43.0,12.0,234,116.0,8.9,Overstock,13.0,11.0
RDT,DIAG,HEALTH CENTER,February,NO,RURAL,911.0,11.0,95.0,-47,422.0,19.2,Overstock,22.0,0.0
ACT-AD,ACT,HEALTH CENTER,February,NO,URBAN,879.0,12.0,262.0,-183,1012.0,17.8,Overstock,57.0,142.0
QUIN,SP,HEALTH CENTER,November,NO,RURAL,2861.0,0.0,333.0,1,2611.0,8.6,Overstock,304.0,1.0
ACT-INF,ACT,HEALTH CENTER,November,NO,URBAN,4265.0,6.0,617.0,773,3204.0,4.5,Adequate,711.0,279.0
QUIN,SP,HEALTH CENTER,February,NO,URBAN,239.0,0.0,43.0,-990,342.0,10.4,Overstock,33.0,6.0
QUIN,SP,HEALTH CENTER,May,YES,URBAN,3930.0,10.0,1079.0,132,2039.0,1.7,Low,1234.0,78.0
ACT-GC,ACT,HEALTH CENTER,May,YES,RURAL,107.0,195.0,71.0,-144,705.0,54.2,Overstock,13.0,140.0
ART-INJ,ART,HEALTH CENTER,November,NO,RURAL,865.0,41.0,28.0,-552,475.0,475.0,Overstock,1.0,0.0
ART-SUP,ART,HEALTH CENTER,May,YES,URBAN,233.0,1.0,25.0,-1065,39.0,39.0,Overstock,1.0,0.0
ACT-INF,ACT,HEALTH CENTER,August,YES,URBAN,22.0,2.0,14.0,-376,127.0,4.0,Adequate,32.0,0.0
PYRA-SAC,PYRA,HEALTH CENTER,August,YES,RURAL,360.0,15.0,18.0,-207,332.0,166.0,Overstock,2.0,0.0
QUIN,SP,HEALTH CENTER,February,NO,RURAL,133.0,14.0,50.0,-365,570.0,95.0,Overstock,6.0,63.0
ART-SUP,ART,HEALTH CENTER,February,NO,URBAN,5436.0,220.0,772.0,646,3351.0,9.0,Overstock,372.0,21.0
ART-INJ,ART,HEALTH CENTER,February,NO,RURAL,46.0,1.0,60.0,-24,220.0,73.3,Overstock,3.0,17.0
ITN,PREV,HEALTH CENTER,November,NO,RURAL,257.0,6.0,60.0,-9,150.0,7.5,Overstock,20.0,15.0
ACT-AD,ACT,HEALTH CENTER,November,NO,RURAL,2298.0,0.0,162.0,-201,404.0,25.2,Overstock,16.0,1445.0
ACT-INF,ACT,HEALTH CENTER,August,YES,RURAL,3180.0,54.0,1294.0,-406,5495.0,4.3,Adequate,1275.0,501.0
ITN,PREV,HEALTH CENTER,November,NO,RURAL,2794.0,172.0,492.0,-527,3763.0,8.1,Overstock,463.0,0.0
QUIN,SP,HEALTH CENTER,May,YES,RURAL,685.0,0.0,66.0,763,432.0,5.0,Adequate,86.0,1699.0
ACT-GC,ACT,HEALTH CENTER,August,YES,URBAN,251.0,2.0,36.0,-459,90.0,9.0,Overstock,10.0,0.0
QUIN,SP,HEALTH CENTER,February,NO,RURAL,93.0,132.0,67.0,608,1271.0,12.2,Overstock,104.0,12.0
ACT-AD,ACT,HOSPITAL,August,YES,URBAN,216.0,276.0,8.0,-150,111.0,11.1,Overstock,10.0,358.0
ART-SUP,ART,HEALTH CENTER,May,YES,RURAL,72.0,37.0,96.0,379,249.0,24.9,Overstock,10.0,22.0
ACT-INF,ACT,HEALTH CENTER,August,YES,RURAL,684.0,6.0,73.0,111,560.0,37.3,Overstock,15.0,36.0
PYRA-SAC,PYRA,HEALTH CENTER,November,NO,URBAN,1516.0,0.0,385.0,446,564.0,1.4,Low,407.0,732.0
PYRA-COMP,PYRA,HOSPITAL,February,NO,RURAL,327.0,26.0,191.0,519,103.0,0.4,Critical,230.0,4763.0
ACT-AD,ACT,HEALTH CENTER,May,YES,URBAN,6.0,330.0,27.0,241,29.0,9.7,Overstock,3.0,0.0
ACT-INF,ACT,HEALTH CENTER,August,YES,URBAN,1306.0,241.0,323.0,74,370.0,3.2,Adequate,115.0,391.0
SP,SP,HEALTH CENTER,February,NO,URBAN,936.0,66.0,284.0,347,3575.0,52.6,Overstock,68.0,0.0
ART-INJ,ART,HOSPITAL,November,NO,RURAL,36.0,0.0,74.0,211,27.0,0.9,Critical,29.0,24.0
RDT,DIAG,HEALTH CENTER,February,NO,RURAL,1148.0,642.0,330.0,-12,815.0,7.1,Overstock,114.0,562.0
ART-SUP,ART,HEALTH CENTER,November,NO,URBAN,364.0,0.0,59.0,96,49.0,1.0,Critical,49.0,337.0
PYRA-SAC,PYRA,HEALTH CENTER,May,YES,URBAN,1074.0,46.0,315.0,-565,1235.0,3.0,Adequate,410.0,0.0
ACT-SC,ACT,HEALTH CENTER,May,YES,RURAL,850.0,453.0,496.0,-282,2064.0,2.8,Low,733.0,0.0
RDT,DIAG,HEALTH CENTER,February,NO,RURAL,234.0,16.0,137.0,664,408.0,2.2,Low,188.0,0.0
ART-SUP,ART,HEALTH CENTER,May,YES,URBAN,2572.0,303.0,583.0,-889,2563.0,4.4,Adequate,579.0,438.0
ART-SUP,ART,HEALTH CENTER,February,NO,RURAL,403.0,0.0,32.0,490,109.0,9.1,Overstock,12.0,987.0
SP,SP,HEALTH CENTER,February,NO,RURAL,0.0,0.0,6.0,302,6.0,1.5,Low,4.0,2483.0
ACT-SC,ACT,HEALTH CENTER,November,NO,RURAL,240.0,0.0,124.0,257,168.0,2.2,Low,77.0,192.0
ACT-AD,ACT,HEALTH CENTER,May,YES,RURAL,738.0,30.0,216.0,378,392.0,0.6,Critical,674.0,241.0
ACT-GC,ACT,HOSPITAL,August,YES,URBAN,135.0,355.0,121.0,236,433.0,13.1,Overstock,33.0,0.0
ACT-INF,ACT,HEALTH CENTER,February,NO,RURAL,935.0,468.0,1091.0,504,2558.0,5.0,Adequate,511.0,1519.0
ART-INJ,ART,HOSPITAL,August,YES,URBAN,211.0,1.0,14.0,559,653.0,217.7,Overstock,3.0,0.0
ACT-SC,ACT,HEALTH CENTER,August,YES,URBAN,5.0,30.0,113.0,286,93.0,2.2,Low,43.0,3.0
ACT-INF,ACT,HEALTH CENTER,August,YES,URBAN,16.0,2.0,62.0,6,118.0,59.0,Overstock,2.0,0.0
PYRA-COMP,PYRA,HEALTH CENTER,May,YES,RURAL,15.0,2.0,5.0,-562,21.0,,Unknown,0.0,0.0
QUIN,SP,HEALTH CENTER,August,YES,URBAN,14.0,0.0,14.0,-21,45.0,1.1,Low,42.0,0.0
QUIN,SP,HEALTH CENTER,August,YES,RURAL,448.0,1.0,151.0,848,488.0,4.4,Adequate,110.0,332.0
ART-SUP,ART,HEALTH CENTER,November,NO,URBAN,0.0,196.0,7.0,690,15.0,7.5,Overstock,2.0,0.0
ACT-SC,ACT,HOSPITAL,February,NO,URBAN,3.0,355.0,4.0,298,46.0,15.3,Overstock,3.0,0.0
ITN,PREV,HEALTH CENTER,November,NO,RURAL,1521.0,0.0,308.0,1016,862.0,4.0,Adequate,218.0,89.0
PYRA-SAC,PYRA,HEALTH CENTER,November,NO,RURAL,498.0,2.0,95.0,1085,698.0,5.2,Overstock,133.0,1.0
PYRA-SAC,PYRA,HEALTH CENTER,May,YES,RURAL,908.0,23.0,398.0,122,1289.0,3.9,Adequate,327.0,1438.0
PYRA-COMP,PYRA,HEALTH CENTER,February,NO,RURAL,844.0,90.0,369.0,-23,1620.0,5.4,Overstock,301.0,3.0
ACT-SC,ACT,HEALTH CENTER,August,YES,URBAN,678.0,12.0,147.0,-213,732.0,52.3,Overstock,14.0,57.0
QUIN,SP,HEALTH CENTER,May,YES,RURAL,617.0,1280.0,996.0,-175,1431.0,3.0,Adequate,473.0,1042.0
ACT-AD,ACT,HEALTH CENTER,February,NO,RURAL,2720.0,256.0,560.0,-345,2255.0,11.1,Overstock,204.0,3330.0
ART-INJ,ART,HEALTH CENTER,May,YES,URBAN,3041.0,54.0,751.0,28,3392.0,7.4,Overstock,456.0,38.0
SP,SP,HEALTH CENTER,February,NO,RURAL,1108.0,53.0,106.0,58,2032.0,156.3,Overstock,13.0,0.0
ACT-INF,ACT,HEALTH CENTER,May,YES,RURAL,2923.0,37.0,515.0,-130,2334.0,4.3,Adequate,549.0,0.0
ART-SUP,ART,HEALTH CENTER,February,NO,RURAL,69.0,16.0,103.0,-648,78.0,1.2,Low,66.0,30.0
ART-INJ,ART,HEALTH CENTER,August,YES,RURAL,520.0,72.0,144.0,496,626.0,26.1,Overstock,24.0,525.0
QUIN,SP,HEALTH CENTER,February,NO,RURAL,357.0,145.0,845.0,458,635.0,0.9,Critical,724.0,72.0
QUIN,SP,HEALTH CENTER,February,NO,URBAN,3873.0,18.0,1335.0,52,2727.0,2.2,Low,1245.0,2028.0
SP,SP,HEALTH CENTER,August,YES,RURAL,0.0,2.0,2.0,-123,4.0,0.6,Critical,7.0,3.0
ACT-SC,ACT,HEALTH CENTER,August,YES,RURAL,156.0,0.0,16.0,-569,111.0,111.0,Overstock,1.0,0.0
ACT-AD,ACT,HEALTH CENTER,February,NO,URBAN,569.0,0.0,68.0,-340,315.0,12.1,Overstock,26.0,0.0
ACT-SC,ACT,HEALTH CENTER,February,NO,URBAN,678.0,0.0,170.0,17,895.0,10.9,Overstock,82.0,681.0
SP,SP,HEALTH CENTER,August,YES,RURAL,20.0,0.0,1.0,-312,2.0,2.0,Low,1.0,10.0
ACT-INF,ACT,HEALTH CENTER,February,NO,RURAL,903.0,2.0,429.0,-372,785.0,2.2,Low,349.0,1.0
PYRA-COMP,PYRA,HEALTH CENTER,August,YES,RURAL,4416.0,134.0,326.0,-133,1951.0,18.2,Overstock,107.0,770.0
ACT-AD,ACT,HEALTH CENTER,May,YES,RURAL,4059.0,81.0,1151.0,80,5698.0,5.5,Overstock,1039.0,394.0
PYRA-SAC,PYRA,HEALTH CENTER,February,NO,URBAN,699.0,0.0,138.0,-798,51.0,1.3,Low,39.0,260.0
ACT-SC,ACT,HEALTH CENTER,February,NO,RURAL,530.0,0.0,59.0,430,363.0,90.8,Overstock,4.0,0.0
PYRA-COMP,PYRA,HEALTH CENTER,August,YES,URBAN,1481.0,2.0,116.0,226,672.0,7.3,Overstock,92.0,0.0
PYRA-COMP,PYRA,HEALTH CENTER,November,NO,URBAN,1477.0,163.0,591.0,454,2337.0,15.1,Overstock,155.0,131.0
ACT-INF,ACT,HEALTH CENTER,May,YES,RURAL,59.0,1.0,140.0,480,11.0,0.1,Critical,112.0,1465.0
ACT-SC,ACT,HEALTH CENTER,May,YES,RURAL,318.0,0.0,430.0,-767,1037.0,3.8,Adequate,273.0,2025.0
ART-SUP,ART,HEALTH CENTER,May,YES,URBAN,1019.0,1.0,42.0,-517,933.0,71.8,Overstock,13.0,1.0
ACT-GC,ACT,HEALTH CENTER,August,YES,URBAN,244.0,0.0,48.0,91,477.0,119.2,Overstock,4.0,10.0
QUIN,SP,HEALTH CENTER,February,NO,RURAL,476.0,8.0,315.0,-520,62.0,0.3,Critical,190.0,66.0
ACT-INF,ACT,HEALTH CENTER,May,YES,URBAN,2010.0,5.0,545.0,-717,1410.0,6.3,Overstock,225.0,4974.0
PYRA-COMP,PYRA,HEALTH CENTER,November,NO,URBAN,147.0,0.0,17.0,500,843.0,210.8,Overstock,4.0,0.0
ACT-AD,ACT,HEALTH CENTER,August,YES,RURAL,727.0,54.0,133.0,-1151,919.0,31.7,Overstock,29.0,0.0
ACT-AD,ACT,HEALTH CENTER,February,NO,RURAL,129.0,0.0,70.0,-178,66.0,1.8,Low,37.0,165.0
QUIN,SP,HEALTH CENTER,February,NO,RURAL,1505.0,5.0,122.0,866,1644.0,23.8,Overstock,69.0,5450.0
ART-INJ,ART,HEALTH CENTER,May,YES,URBAN,2541.0,97.0,119.0,314,3898.0,8.3,Overstock,472.0,545.0
PYRA-SAC,PYRA,HEALTH CENTER,August,YES,RURAL,843.0,190.0,101.0,-921,2594.0,129.7,Overstock,20.0,0.0
ACT-AD,ACT,HEALTH CENTER,February,NO,RURAL,615.0,7.0,82.0,430,906.0,5.6,Overstock,163.0,4.0
RDT,DIAG,HEALTH CENTER,November,NO,RURAL,349.0,13.0,468.0,-140,569.0,2.3,Low,246.0,93.0
ACT-INF,ACT,HEALTH CENTER,August,YES,RURAL,555.0,286.0,138.0,20,860.0,15.9,Overstock,54.0,43.0
ACT-SC,ACT,HEALTH CENTER,February,NO,RURAL,30.0,0.0,8.0,386,32.0,0.7,Critical,48.0,5.0
PYRA-SAC,PYRA,HEALTH CENTER,November,NO,RURAL,694.0,165.0,448.0,-745,1395.0,5.2,Overstock,269.0,2225.0
ITN,PREV,HEALTH CENTER,August,YES,RURAL,111.0,6.0,23.0,363,111.0,2.8,Low,39.0,614.0
ACT-SC,ACT,HEALTH CENTER,February,NO,RURAL,488.0,91.0,106.0,165,451.0,6.9,Overstock,65.0,85.0
ACT-AD,ACT,HEALTH CENTER,May,YES,RURAL,11.0,1037.0,90.0,-221,113.0,0.7,Critical,167.0,1.0
PYRA-COMP,PYRA,HOSPITAL,August,YES,RURAL,370.0,8.0,217.0,93,75.0,0.2,Critical,354.0,1803.0
SP,SP,HEALTH CENTER,February,NO,RURAL,544.0,2.0,215.0,-290,581.0,3.5,Adequate,166.0,0.0
RDT,DIAG,HEALTH CENTER,May,YES,RURAL,19.0,6.0,4.0,-300,20.0,20.0,Overstock,1.0,0.0
ACT-INF,ACT,HEALTH CENTER,February,NO,URBAN,127.0,10.0,18.0,-429,24.0,6.0,Overstock,4.0,3.0
ART-SUP,ART,HEALTH CENTER,November,NO,URBAN,723.0,0.0,71.0,-198,825.0,825.0,Overstock,1.0,0.0
ACT-SC,ACT,HEALTH CENTER,November,NO,RURAL,1278.0,200.0,318.0,-7,1473.0,9.0,Overstock,164.0,1.0
QUIN,SP,HEALTH CENTER,February,NO,RURAL,1221.0,448.0,284.0,-26,1902.0,10.5,Overstock,182.0,259.0
RDT,DIAG,HOSPITAL,May,YES,RURAL,362.0,241.0,268.0,474,1521.0,7.0,Overstock,218.0,1.0
ITN,PREV,HEALTH CENTER,February,NO,RURAL,1822.0,385.0,276.0,-993,2517.0,15.0,Overstock,168.0,269.0
ACT-SC,ACT,HEALTH CENTER,May,YES,RURAL,246.0,4.0,87.0,-4,289.0,3.4,Adequate,85.0,3.0
SP,SP,HEALTH CENTER,May,YES,URBAN,2435.0,0.0,262.0,-4,521.0,1.7,Low,299.0,0.0
ACT-SC,ACT,HEALTH CENTER,August,YES,RURAL,360.0,34.0,137.0,836,581.0,2.1,Low,280.0,666.0
ACT-SC,ACT,HEALTH CENTER,February,NO,URBAN,2432.0,2.0,182.0,434,1358.0,7.5,Overstock,180.0,80.0
ART-INJ,ART,HEALTH CENTER,August,YES,URBAN,357.0,44.0,51.0,-745,560.0,22.4,Overstock,25.0,1.0
ACT-SC,ACT,HEALTH CENTER,August,YES,RURAL,1738.0,37.0,545.0,-342,421.0,1.6,Low,257.0,14697.0
QUIN,SP,HEALTH CENTER,November,NO,RURAL,2415.0,12.0,525.0,-651,1564.0,3.3,Adequate,481.0,1949.0
ACT-AD,ACT,HEALTH CENTER,February,NO,RURAL,233.0,337.0,132.0,710,1046.0,6.3,Overstock,166.0,110.0
ACT-SC,ACT,HOSPITAL,May,YES,URBAN,304.0,103.0,7.0,19,143.0,47.7,Overstock,3.0,0.0
RDT,DIAG,HEALTH CENTER,February,NO,RURAL,1481.0,0.0,204.0,108,1820.0,9.7,Overstock,187.0,0.0
SP,SP,HEALTH CENTER,August,YES,RURAL,66.0,0.0,16.0,-108,23.0,0.8,Critical,28.0,802.0
PYRA-COMP,PYRA,HEALTH CENTER,February,NO,URBAN,199.0,4.0,115.0,526,94.0,2.0,Low,47.0,5777.0
ACT-AD,ACT,HEALTH CENTER,February,NO,RURAL,531.0,0.0,36.0,453,281.0,13.4,Overstock,21.0,51.0
PYRA-SAC,PYRA,HEALTH CENTER,August,YES,RURAL,1494.0,0.0,111.0,-565,231.0,12.2,Overstock,19.0,2.0
PYRA-SAC,PYRA,HOSPITAL,May,YES,URBAN,4.0,2.0,25.0,338,226.0,10.8,Overstock,21.0,0.0
ACT-GC,ACT,HEALTH CENTER,August,YES,URBAN,7.0,7.0,15.0,-78,77.0,38.5,Overstock,2.0,444.0
ACT-GC,ACT,HEALTH CENTER,August,YES,RURAL,834.0,169.0,131.0,-17,118.0,6.6,Overstock,18.0,93.0
ITN,PREV,HOSPITAL,August,YES,RURAL,1156.0,209.0,250.0,-1083,1826.0,27.7,Overstock,66.0,456.0
ACT-GC,ACT,HEALTH CENTER,November,NO,RURAL,2.0,50.0,41.0,-3,116.0,6.8,Overstock,17.0,19.0
ITN,PREV,HEALTH CENTER,May,YES,URBAN,306.0,1.0,72.0,-63,466.0,2.4,Low,191.0,15.0
ART-INJ,ART,HEALTH CENTER,February,NO,URBAN,550.0,3.0,50.0,45,501.0,6.0,Overstock,83.0,249.0
ACT-SC,ACT,HEALTH CENTER,August,YES,URBAN,2704.0,178.0,563.0,398,4720.0,9.8,Overstock,482.0,1174.0
ART-INJ,ART,HEALTH CENTER,August,YES,RURAL,9.0,7.0,40.0,701,77.0,1.2,Low,65.0,67.0
RDT,DIAG,HEALTH CENTER,August,YES,RURAL,48.0,14.0,125.0,-2,75.0,1.6,Low,46.0,486.0
ACT-INF,ACT,HEALTH CENTER,May,YES,RURAL,1165.0,0.0,273.0,449,516.0,11.0,Overstock,47.0,1880.0
ACT-INF,ACT,HEALTH CENTER,August,YES,RURAL,358.0,3.0,72.0,-23,458.0,41.6,Overstock,11.0,1.0
SP,SP,HEALTH CENTER,May,YES,RURAL,145.0,16.0,218.0,-31,328.0,0.9,Critical,372.0,1084.0
ACT-INF,ACT,HEALTH CENTER,February,NO,RURAL,1213.0,1.0,97.0,-698,165.0,2.3,Low,73.0,4.0
ACT-INF,ACT,HEALTH CENTER,May,YES,RURAL,520.0,513.0,238.0,-785,1326.0,4.5,Adequate,292.0,43.0
ART-INJ,ART,HEALTH CENTER,November,NO,RURAL,1021.0,182.0,56.0,-156,857.0,9.2,Overstock,93.0,665.0
ACT-GC,ACT,HEALTH CENTER,November,NO,RURAL,1160.0,0.0,239.0,-193,660.0,2.7,Low,249.0,1806.0
QUIN,SP,HEALTH CENTER,May,YES,RURAL,544.0,7.0,175.0,-194,197.0,6.2,Overstock,32.0,0.0
ACT-SC,ACT,HOSPITAL,August,YES,RURAL,1161.0,1.0,151.0,481,691.0,5.9,Overstock,117.0,133.0
ACT-INF,ACT,HEALTH CENTER,November,NO,RURAL,5326.0,201.0,1470.0,197,4652.0,2.1,Low,2262.0,2858.0
ACT-GC,ACT,HEALTH CENTER,February,NO,URBAN,18.0,75.0,83.0,-284,56.0,3.7,Adequate,15.0,0.0
QUIN,SP,HOSPITAL,May,YES,RURAL,230.0,0.0,165.0,-785,57.0,0.2,Critical,269.0,864.0
RDT,DIAG,HEALTH CENTER,February,NO,RURAL,4347.0,0.0,181.0,-547,1552.0,32.3,Overstock,48.0,2.0
ACT-AD,ACT,HEALTH CENTER,February,NO,URBAN,237.0,74.0,539.0,326,390.0,2.6,Low,149.0,9174.0
ART-SUP,ART,HEALTH CENTER,May,YES,RURAL,4523.0,512.0,482.0,18,2371.0,5.0,Adequate,474.0,0.0
QUIN,SP,HEALTH CENTER,November,NO,URBAN,1658.0,0.0,93.0,328,941.0,37.6,Overstock,25.0,1221.0
ACT-GC,ACT,HEALTH CENTER,November,NO,RURAL,13.0,163.0,13.0,560,42.0,3.8,Adequate,11.0,12.0
QUIN,SP,HEALTH CENTER,November,NO,URBAN,221.0,158.0,280.0,-104,230.0,6.4,Overstock,36.0,2479.0
ACT-AD,ACT,HEALTH CENTER,May,YES,RURAL,2277.0,348.0,150.0,-538,768.0,25.6,Overstock,30.0,209.0
PYRA-COMP,PYRA,HEALTH CENTER,May,YES,URBAN,187.0,1.0,75.0,-192,240.0,10.4,Overstock,23.0,1.0
ACT-GC,ACT,HEALTH CENTER,February,NO,RURAL,1617.0,0.0,686.0,-317,2621.0,5.7,Overstock,458.0,1103.0
ITN,PREV,HEALTH CENTER,August,YES,URBAN,2461.0,7.0,645.0,721,1304.0,4.6,Adequate,285.0,31.0
SP,SP,HEALTH CENTER,February,NO,RURAL,627.0,0.0,308.0,9,175.0,0.4,Critical,436.0,9769.0
ACT-INF,ACT,HEALTH CENTER,August,YES,RURAL,347.0,313.0,565.0,-793,1030.0,2.3,Low,448.0,2514.0
ACT-SC,ACT,HEALTH CENTER,November,NO,URBAN,437.0,0.0,28.0,-850,532.0,8.9,Overstock,60.0,0.0
PYRA-SAC,PYRA,HEALTH CENTER,May,YES,RURAL,23.0,35.0,21.0,-587,4.0,4.0,Adequate,1.0,0.0
ITN,PREV,HOSPITAL,November,NO,URBAN,107.0,2.0,54.0,-102,239.0,12.6,Overstock,19.0,48.0
QUIN,SP,HEALTH CENTER,November,NO,RURAL,1379.0,6.0,964.0,293,1578.0,1.4,Low,1159.0,5557.0
ITN,PREV,HEALTH CENTER,May,YES,RURAL,45.0,527.0,6.0,309,253.0,,Unknown,0.0,0.0
ART-INJ,ART,HEALTH CENTER,August,YES,URBAN,538.0,112.0,56.0,384,107.0,7.6,Overstock,14.0,3.0
PYRA-COMP,PYRA,HEALTH CENTER,February,NO,RURAL,1072.0,1.0,383.0,697,324.0,1.3,Low,245.0,1447.0
PYRA-SAC,PYRA,HEALTH CENTER,February,NO,URBAN,4547.0,1068.0,856.0,109,3758.0,3.3,Adequate,1140.0,1841.0
ACT-SC,ACT,HEALTH CENTER,May,YES,RURAL,839.0,0.0,387.0,546,625.0,2.3,Low,273.0,0.0
ACT-GC,ACT,HEALTH CENTER,November,NO,RURAL,1153.0,0.0,132.0,106,2318.0,55.2,Overstock,42.0,0.0
ACT-GC,ACT,HEALTH CENTER,August,YES,RURAL,3399.0,0.0,417.0,-229,4591.0,11.9,Overstock,387.0,3.0
PYRA-COMP,PYRA,HEALTH CENTER,May,YES,RURAL,403.0,2.0,8.0,-892,287.0,287.0,Overstock,1.0,0.0
RDT,DIAG,HEALTH CENTER,February,NO,URBAN,1489.0,0.0,271.0,225,2275.0,11.2,Overstock,203.0,0.0
SP,SP,HOSPITAL,May,YES,RURAL,4077.0,15.0,272.0,-278,3692.0,6.5,Overstock,568.0,77.0
PYRA-COMP,PYRA,HEALTH CENTER,November,NO,URBAN,750.0,2580.0,366.0,-791,1645.0,7.3,Overstock,224.0,108.0
ART-SUP,ART,HEALTH CENTER,February,NO,RURAL,3807.0,607.0,1477.0,182,2592.0,2.4,Low,1060.0,6105.0
ACT-AD,ACT,HEALTH CENTER,August,YES,RURAL,2919.0,347.0,995.0,255,3696.0,3.9,Adequate,951.0,415.0
QUIN,SP,HEALTH CENTER,August,YES,URBAN,1853.0,6.0,340.0,708,1066.0,29.6,Overstock,36.0,0.0
RDT,DIAG,HEALTH CENTER,May,YES,RURAL,41.0,0.0,25.0,527,5.0,2.5,Low,2.0,6.0
PYRA-SAC,PYRA,HEALTH CENTER,August,YES,URBAN,1824.0,980.0,986.0,145,5514.0,7.4,Overstock,745.0,64.0
ART-SUP,ART,HEALTH CENTER,November,NO,URBAN,1271.0,0.0,104.0,-185,884.0,46.5,Overstock,19.0,0.0
PYRA-SAC,PYRA,HEALTH CENTER,February,NO,RURAL,1261.0,22.0,239.0,-596,2337.0,30.0,Overstock,78.0,1.0
PYRA-SAC,PYRA,HEALTH CENTER,May,YES,RURAL,2045.0,6.0,442.0,242,1378.0,4.6,Adequate,299.0,1337.0
ART-INJ,ART,HEALTH CENTER,November,NO,RURAL,658.0,1.0,115.0,-667,480.0,19.2,Overstock,25.0,0.0
RDT,DIAG,HEALTH CENTER,May,YES,RURAL,1472.0,1300.0,196.0,-82,1088.0,45.3,Overstock,24.0,0.0
QUIN,SP,HEALTH CENTER,February,NO,RURAL,1799.0,16.0,70.0,-240,1167.0,7.2,Overstock,161.0,108.0
PYRA-COMP,PYRA,HEALTH CENTER,May,YES,URBAN,477.0,0.0,389.0,199,179.0,0.2,Critical,848.0,1048.0
RDT,DIAG,HOSPITAL,November,NO,RURAL,1286.0,6.0,234.0,-84,1568.0,5.3,Overstock,296.0,0.0
ACT-INF,ACT,HEALTH CENTER,May,YES,RURAL,4395.0,1.0,434.0,-111,2023.0,5.2,Overstock,392.0,125.0
PYRA-COMP,PYRA,HEALTH CENTER,August,YES,RURAL,5424.0,578.0,778.0,219,6749.0,10.3,Overstock,656.0,0.0
QUIN,SP,HEALTH CENTER,August,YES,RURAL,1140.0,334.0,249.0,-453,1713.0,9.6,Overstock,179.0,4.0
SP,SP,HEALTH CENTER,February,NO,RURAL,8.0,0.0,41.0,325,28.0,2.0,Low,14.0,415.0
ITN,PREV,HEALTH CENTER,November,NO,URBAN,12.0,36.0,0.0,26,31.0,,Unknown,0.0,0.0
PYRA-SAC,PYRA,HEALTH CENTER,November,NO,URBAN,228.0,1032.0,446.0,606,507.0,1.4,Low,373.0,856.0
ART-INJ,ART,HEALTH CENTER,August,YES,RURAL,131.0,3.0,15.0,408,216.0,216.0,Overstock,1.0,0.0
SP,SP,HEALTH CENTER,February,NO,RURAL,272.0,0.0,8.0,648,32.0,,Unknown,0.0,135.0
ART-SUP,ART,HEALTH CENTER,November,NO,RURAL,11863.0,846.0,3035.0,135,5986.0,2.3,Low,2652.0,1175.0
ACT-SC,ACT,HOSPITAL,February,NO,RURAL,3729.0,217.0,685.0,-116,3547.0,3.8,Adequate,942.0,15.0
ART-INJ,ART,HEALTH CENTER,February,NO,RURAL,247.0,4.0,150.0,59,370.0,4.9,Adequate,76.0,492.0
ACT-SC,ACT,HEALTH CENTER,November,NO,RURAL,962.0,0.0,14.0,910,1143.0,,Unknown,0.0,0.0
ACT-GC,ACT,HEALTH CENTER,August,YES,RURAL,764.0,75.0,42.0,-262,1578.0,197.2,Overstock,8.0,0.0
PYRA-SAC,PYRA,HEALTH CENTER,May,YES,RURAL,1789.0,36.0,691.0,-324,694.0,0.7,Critical,1037.0,7903.0
ITN,PREV,HEALTH CENTER,August,YES,RURAL,1734.0,146.0,679.0,47,2442.0,8.3,Overstock,294.0,0.0
ART-INJ,ART,HEALTH CENTER,August,YES,RURAL,5586.0,39.0,719.0,-208,2564.0,2.1,Low,1249.0,5293.0
QUIN,SP,HEALTH CENTER,November,NO,RURAL,45.0,0.0,11.0,-378,84.0,4.9,Adequate,17.0,43.0
ART-INJ,ART,HEALTH CENTER,May,YES,RURAL,6194.0,201.0,1374.0,358,3750.0,2.9,Low,1279.0,6586.0
RDT,DIAG,HEALTH CENTER,August,YES,RURAL,353.0,34.0,405.0,599,651.0,6.2,Overstock,105.0,2.0
SP,SP,HEALTH CENTER,February,NO,RURAL,890.0,0.0,426.0,-792,154.0,0.4,Critical,367.0,5791.0
ACT-GC,ACT,HEALTH CENTER,May,YES,RURAL,231.0,27.0,167.0,-356,240.0,0.8,Critical,285.0,360.0
ART-SUP,ART,HEALTH CENTER,November,NO,URBAN,1981.0,4.0,168.0,-169,1523.0,12.9,Overstock,118.0,521.0
ART-SUP,ART,HEALTH CENTER,August,YES,RURAL,345.0,17.0,338.0,351,76.0,0.6,Critical,118.0,0.0
ACT-SC,ACT,HEALTH CENTER,February,NO,URBAN,48.0,2.0,68.0,172,169.0,12.1,Overstock,14.0,615.0
PYRA-COMP,PYRA,HEALTH CENTER,August,YES,RURAL,137.0,3.0,78.0,677,45.0,0.2,Critical,181.0,639.0
PYRA-SAC,PYRA,HEALTH CENTER,August,YES,URBAN,1555.0,366.0,392.0,120,504.0,2.8,Low,181.0,1009.0
ITN,PREV,HEALTH CENTER,August,YES,URBAN,1166.0,3.0,272.0,-565,630.0,4.7,Adequate,135.0,16.0
QUIN,SP,HEALTH CENTER,February,NO,RURAL,391.0,43.0,153.0,130,277.0,1.2,Low,236.0,288.0
ACT-GC,ACT,HEALTH CENTER,May,YES,RURAL,3502.0,2.0,278.0,-221,1528.0,6.9,Overstock,222.0,16.0
ACT-AD,ACT,HEALTH CENTER,November,NO,RURAL,1995.0,73.0,547.0,-527,2425.0,9.9,Overstock,245.0,93.0
ART-SUP,ART,HEALTH CENTER,May,YES,RURAL,1688.0,3215.0,247.0,-227,3837.0,11.7,Overstock,328.0,498.0
ART-SUP,ART,HEALTH CENTER,August,YES,RURAL,22.0,1.0,53.0,756,29.0,0.8,Critical,38.0,737.0
RDT,DIAG,HEALTH CENTER,February,NO,URBAN,1313.0,258.0,284.0,-130,1952.0,4.4,Adequate,441.0,19.0
ART-INJ,ART,HEALTH CENTER,November,NO,RURAL,3082.0,1377.0,799.0,-323,2010.0,2.5,Low,815.0,0.0
PYRA-COMP,PYRA,HEALTH CENTER,November,NO,RURAL,2241.0,54.0,288.0,-163,2898.0,17.2,Overstock,168.0,0.0
SP,SP,HEALTH CENTER,November,NO,URBAN,1571.0,1402.0,797.0,-230,4744.0,6.8,Overstock,699.0,351.0
ART-SUP,ART,HEALTH CENTER,May,YES,RURAL,2.0,1.0,17.0,-100,6.0,0.8,Critical,8.0,0.0
ART-SUP,ART,HEALTH CENTER,November,NO,URBAN,673.0,18.0,498.0,-686,576.0,9.0,Overstock,64.0,633.0
QUIN,SP,HEALTH CENTER,August,YES,URBAN,6034.0,294.0,1739.0,-601,3871.0,1.7,Low,2217.0,5772.0
ACT-GC,ACT,HEALTH CENTER,February,NO,URBAN,2914.0,100.0,778.0,-366,1994.0,1.5,Low,1333.0,1885.0
QUIN,SP,HEALTH CENTER,February,NO,RURAL,1721.0,1.0,193.0,-180,190.0,1.8,Low,103.0,5.0
ACT-SC,ACT,HEALTH CENTER,August,YES,URBAN,23.0,1.0,8.0,-252,8.0,0.2,Critical,41.0,8.0
ART-INJ,ART,HEALTH CENTER,February,NO,RURAL,642.0,1202.0,415.0,39,1110.0,2.2,Low,505.0,2059.0
SP,SP,HEALTH CENTER,May,YES,RURAL,1970.0,19.0,474.0,-15,1871.0,6.0,Overstock,313.0,0.0
PYRA-COMP,PYRA,HEALTH CENTER,February,NO,RURAL,172.0,0.0,1.0,-182,37.0,,Unknown,0.0,0.0
ACT-AD,ACT,HEALTH CENTER,May,YES,RURAL,42.0,0.0,110.0,-259,38.0,3.8,Adequate,10.0,905.0
ITN,PREV,HEALTH CENTER,May,YES,URBAN,4698.0,1137.0,994.0,353,8914.0,8.5,Overstock,1043.0,5.0
ACT-SC,ACT,HEALTH CENTER,November,NO,URBAN,249.0,2.0,156.0,338,537.0,3.1,Adequate,176.0,12.0
ACT-GC,ACT,HEALTH CENTER,August,YES,RURAL,3116.0,19.0,403.0,-81,2204.0,15.0,Overstock,147.0,185.0
ITN,PREV,HEALTH CENTER,February,NO,URBAN,1894.0,59.0,116.0,-439,365.0,9.1,Overstock,40.0,50.0
RDT,DIAG,HEALTH CENTER,May,YES,RURAL,985.0,893.0,219.0,317,2301.0,6.6,Overstock,348.0,48.0
ITN,PREV,HEALTH CENTER,May,YES,RURAL,1275.0,0.0,315.0,271,885.0,3.6,Adequate,247.0,0.0
PYRA-COMP,PYRA,HEALTH CENTER,November,NO,RURAL,443.0,354.0,500.0,313,2661.0,5.4,Overstock,493.0,15.0
SP,SP,HOSPITAL,August,YES,RURAL,1343.0,182.0,421.0,-412,3725.0,7.7,Overstock,484.0,5.0
SP,SP,HEALTH CENTER,August,YES,URBAN,4034.0,2709.0,1818.0,-759,4521.0,11.8,Overstock,382.0,229.0
SP,SP,HOSPITAL,February,NO,RURAL,14.0,0.0,13.0,-137,35.0,5.0,Adequate,7.0,73.0
ACT-GC,ACT,HEALTH CENTER,May,YES,RURAL,84.0,0.0,58.0,-565,26.0,0.9,Critical,28.0,64.0
ACT-GC,ACT,HEALTH CENTER,February,NO,RURAL,1779.0,1.0,378.0,-103,1436.0,1.9,Low,746.0,700.0
SP,SP,HEALTH CENTER,May,YES,RURAL,41.0,9.0,20.0,-265,361.0,17.2,Overstock,21.0,237.0
SP,SP,HEALTH CENTER,May,YES,RURAL,374.0,4.0,209.0,292,255.0,1.1,Low,233.0,5.0
ACT-AD,ACT,HEALTH CENTER,November,NO,URBAN,289.0,0.0,295.0,-154,78.0,0.2,Critical,314.0,6.0
ITN,PREV,HEALTH CENTER,February,NO,RURAL,4136.0,535.0,612.0,-249,2620.0,6.1,Overstock,433.0,101.0
ACT-AD,ACT,HEALTH CENTER,February,NO,RURAL,7087.0,10.0,1290.0,-620,5767.0,14.7,Overstock,391.0,5180.0
ART-INJ,ART,HEALTH CENTER,February,NO,RURAL,265.0,0.0,21.0,-7,326.0,21.7,Overstock,15.0,2427.0
ART-SUP,ART,HEALTH CENTER,November,NO,RURAL,87.0,4.0,32.0,-406,115.0,2.3,Low,49.0,195.0
ART-SUP,ART,HEALTH CENTER,November,NO,URBAN,556.0,4.0,58.0,-115,1941.0,24.0,Overstock,81.0,0.0
ITN,PREV,HEALTH CENTER,May,YES,RURAL,887.0,676.0,297.0,-231,3496.0,13.2,Overstock,265.0,0.0
ACT-AD,ACT,HEALTH CENTER,February,NO,RURAL,2854.0,60.0,239.0,-661,759.0,3.9,Adequate,194.0,14.0
ACT-AD,ACT,HEALTH CENTER,November,NO,URBAN,1028.0,318.0,843.0,-601,3318.0,15.3,Overstock,217.0,53.0
ACT-INF,ACT,HEALTH CENTER,November,NO,RURAL,40.0,8.0,10.0,221,57.0,28.5,Overstock,2.0,86.0
PYRA-SAC,PYRA,HEALTH CENTER,August,YES,RURAL,27.0,6.0,16.0,-75,36.0,4.5,Adequate,8.0,0.0
ACT-GC,ACT,HEALTH CENTER,February,NO,URBAN,575.0,473.0,524.0,762,1718.0,4.9,Adequate,352.0,5728.0
ACT-INF,ACT,HEALTH CENTER,February,NO,RURAL,130.0,0.0,18.0,176,112.0,4.3,Adequate,26.0,1373.0
ART-INJ,ART,HEALTH CENTER,February,NO,URBAN,2710.0,578.0,826.0,-640,2851.0,4.7,Adequate,606.0,588.0
ACT-GC,ACT,HEALTH CENTER,August,YES,RURAL,444.0,0.0,168.0,548,261.0,1.1,Low,232.0,1404.0
SP,SP,HOSPITAL,May,YES,RURAL,1987.0,41.0,702.0,-181,1626.0,5.5,Overstock,293.0,2290.0
PYRA-SAC,PYRA,HEALTH CENTER,November,NO,RURAL,1721.0,5.0,579.0,382,2133.0,4.3,Adequate,492.0,384.0
ACT-AD,ACT,HEALTH CENTER,August,YES,URBAN,194.0,7.0,35.0,296,679.0,20.0,Overstock,34.0,0.0
ACT-SC,ACT,HEALTH CENTER,May,YES,URBAN,265.0,2.0,70.0,152,242.0,48.4,Overstock,5.0,253.0
ACT-AD,ACT,HEALTH CENTER,November,NO,URBAN,1614.0,0.0,351.0,30,317.0,1.1,Low,291.0,1094.0
ACT-GC,ACT,HEALTH CENTER,November,NO,RURAL,765.0,0.0,33.0,-12,517.0,15.2,Overstock,34.0,793.0
ACT-INF,ACT,HEALTH CENTER,February,NO,RURAL,1519.0,25.0,111.0,-169,1210.0,17.8,Overstock,68.0,717.0
ITN,PREV,HEALTH CENTER,August,YES,RURAL,62.0,1.0,8.0,9,32.0,10.7,Overstock,3.0,1.0
QUIN,SP,HEALTH CENTER,February,NO,RURAL,2275.0,225.0,276.0,-80,1267.0,7.6,Overstock,166.0,3987.0
SP,SP,HEALTH CENTER,November,NO,URBAN,93.0,6.0,251.0,-209,616.0,5.2,Overstock,119.0,1.0
ITN,PREV,HEALTH CENTER,November,NO,URBAN,529.0,14.0,272.0,-661,235.0,0.7,Critical,332.0,265.0
PYRA-SAC,PYRA,HEALTH CENTER,February,NO,URBAN,1756.0,401.0,329.0,-812,2279.0,7.1,Overstock,319.0,0.0
PYRA-COMP,PYRA,HEALTH CENTER,August,YES,RURAL,861.0,174.0,223.0,756,687.0,2.5,Low,275.0,486.0
ART-SUP,ART,HOSPITAL,February,NO,URBAN,620.0,2.0,299.0,576,792.0,2.0,Low,391.0,54.0
QUIN,SP,HEALTH CENTER,August,YES,RURAL,1674.0,0.0,230.0,26,132.0,0.4,Critical,322.0,9491.0
QUIN,SP,HEALTH CENTER,February,NO,RURAL,413.0,0.0,68.0,37,181.0,1.6,Low,116.0,5924.0
PYRA-SAC,PYRA,HEALTH CENTER,November,NO,RURAL,3684.0,0.0,1599.0,654,3375.0,2.4,Low,1415.0,3251.0
ITN,PREV,HEALTH CENTER,August,YES,RURAL,1300.0,4.0,237.0,-356,577.0,6.1,Overstock,94.0,9.0
ITN,PREV,HEALTH CENTER,November,NO,URBAN,278.0,0.0,231.0,237,817.0,8.4,Overstock,97.0,10.0
ACT-AD,ACT,HEALTH CENTER,November,NO,RURAL,9.0,33.0,10.0,304,20.0,6.7,Overstock,3.0,3.0
ITN,PREV,HEALTH CENTER,May,YES,URBAN,423.0,338.0,281.0,534,1183.0,18.8,Overstock,63.0,3.0
ACT-INF,ACT,HEALTH CENTER,November,NO,URBAN,1525.0,0.0,203.0,-105,1155.0,4.6,Adequate,250.0,2.0
ACT-INF,ACT,HEALTH CENTER,May,YES,RURAL,7900.0,711.0,1284.0,457,4972.0,6.1,Overstock,820.0,226.0
PYRA-COMP,PYRA,HEALTH CENTER,August,YES,URBAN,2159.0,2.0,224.0,-77,413.0,4.5,Adequate,92.0,0.0
QUIN,SP,HEALTH CENTER,November,NO,RURAL,277.0,0.0,13.0,1006,58.0,1.4,Low,42.0,25.0
PYRA-SAC,PYRA,HEALTH CENTER,February,NO,URBAN,1170.0,0.0,320.0,-283,35.0,0.2,Critical,215.0,955.0
ITN,PREV,HEALTH CENTER,February,NO,URBAN,6628.0,45.0,3164.0,-602,5691.0,1.9,Low,3050.0,2709.0
ACT-AD,ACT,HEALTH CENTER,November,NO,URBAN,393.0,19.0,487.0,-694,1022.0,1.7,Low,594.0,1852.0
QUIN,SP,HEALTH CENTER,February,NO,URBAN,2177.0,15.0,528.0,555,3805.0,19.6,Overstock,194.0,104.0
ART-INJ,ART,HEALTH CENTER,February,NO,RURAL,1695.0,4.0,90.0,-131,1630.0,17.7,Overstock,92.0,70.0
ACT-AD,ACT,HEALTH CENTER,February,NO,RURAL,281.0,0.0,110.0,-292,246.0,5.0,Adequate,49.0,1.0
ART-SUP,ART,HEALTH CENTER,February,NO,RURAL,704.0,43.0,448.0,174,581.0,6.8,Overstock,85.0,0.0
ART-SUP,ART,HEALTH CENTER,February,NO,RURAL,49.0,208.0,16.0,-16,128.0,21.3,Overstock,6.0,8.0
RDT,DIAG,HEALTH CENTER,August,YES,RURAL,23.0,1152.0,20.0,-146,287.0,10.2,Overstock,28.0,0.0
QUIN,SP,HEALTH CENTER,August,YES,RURAL,44.0,0.0,1.0,-264,15.0,15.0,Overstock,1.0,0.0
RDT,DIAG,HEALTH CENTER,November,NO,URBAN,3082.0,0.0,463.0,21,1045.0,8.1,Overstock,129.0,4138.0
PYRA-COMP,PYRA,HEALTH CENTER,February,NO,RURAL,346.0,187.0,40.0,-973,1619.0,539.7,Overstock,3.0,427.0
SP,SP,HEALTH CENTER,November,NO,RURAL,2831.0,1.0,831.0,-194,971.0,1.4,Low,700.0,261.0
PYRA-COMP,PYRA,HEALTH CENTER,February,NO,RURAL,495.0,836.0,235.0,2,845.0,18.4,Overstock,46.0,607.0
ACT-GC,ACT,HEALTH CENTER,November,NO,RURAL,920.0,0.0,124.0,572,193.0,0.8,Critical,250.0,934.0
RDT,DIAG,HEALTH CENTER,May,YES,RURAL,554.0,124.0,160.0,298,610.0,1.3,Low,466.0,0.0
ART-INJ,ART,HEALTH CENTER,February,NO,RURAL,49.0,186.0,67.0,110,882.0,147.0,Overstock,6.0,0.0
ITN,PREV,HEALTH CENTER,August,YES,RURAL,131.0,0.0,93.0,-518,431.0,6.6,Overstock,65.0,0.0
PYRA-SAC,PYRA,HEALTH CENTER,November,NO,RURAL,356.0,73.0,66.0,-355,856.0,5.8,Overstock,148.0,76.0
ACT-AD,ACT,HEALTH CENTER,May,YES,URBAN,500.0,7.0,348.0,-792,585.0,2.8,Low,211.0,143.0
SP,SP,HEALTH CENTER,August,YES,RURAL,263.0,132.0,106.0,534,641.0,25.6,Overstock,25.0,0.0
ACT-AD,ACT,HEALTH CENTER,August,YES,RURAL,69.0,7.0,9.0,94,210.0,35.0,Overstock,6.0,1098.0
ART-INJ,ART,HEALTH CENTER,November,NO,URBAN,4073.0,2013.0,930.0,-388,1903.0,1.3,Low,1471.0,99.0
SP,SP,HEALTH CENTER,May,YES,URBAN,901.0,41.0,488.0,-445,1133.0,4.3,Adequate,266.0,0.0
ART-INJ,ART,HEALTH CENTER,November,NO,URBAN,209.0,0.0,144.0,-262,969.0,30.3,Overstock,32.0,1.0
ACT-GC,ACT,HEALTH CENTER,February,NO,RURAL,655.0,3.0,301.0,-561,316.0,10.2,Overstock,31.0,27.0
ART-SUP,ART,HEALTH CENTER,May,YES,RURAL,2135.0,0.0,987.0,-18,343.0,0.4,Critical,767.0,535.0
ACT-INF,ACT,HEALTH CENTER,November,NO,URBAN,604.0,1.0,55.0,-134,188.0,18.8,Overstock,10.0,1682.0
ACT-SC,ACT,HEALTH CENTER,February,NO,RURAL,453.0,1054.0,277.0,-195,1999.0,6.6,Overstock,302.0,0.0
SP,SP,HEALTH CENTER,August,YES,RURAL,195.0,78.0,94.0,-92,263.0,6.7,Overstock,39.0,0.0
ACT-INF,ACT,HEALTH CENTER,August,YES,RURAL,1733.0,561.0,266.0,-683,1213.0,7.4,Overstock,163.0,204.0
ACT-GC,ACT,HEALTH CENTER,May,YES,URBAN,6193.0,0.0,717.0,-42,4118.0,12.6,Overstock,327.0,4418.0
RDT,DIAG,HEALTH CENTER,August,YES,RURAL,808.0,304.0,267.0,-86,306.0,1.0,Critical,318.0,2094.0
ACT-GC,ACT,HEALTH CENTER,May,YES,RURAL,710.0,0.0,454.0,-33,862.0,1.5,Low,562.0,1025.0
ACT-INF,ACT,HEALTH CENTER,February,NO,URBAN,105.0,0.0,111.0,359,24.0,0.1,Critical,237.0,4.0
ITN,PREV,HEALTH CENTER,November,NO,URBAN,549.0,57.0,174.0,463,1557.0,10.9,Overstock,143.0,0.0
QUIN,SP,HEALTH CENTER,May,YES,RURAL,5339.0,16.0,1025.0,865,4177.0,4.5,Adequate,935.0,417.0
ITN,PREV,HEALTH CENTER,November,NO,RURAL,3433.0,35.0,838.0,195,952.0,0.8,Critical,1193.0,306.0
ACT-AD,ACT,HEALTH CENTER,November,NO,RURAL,1166.0,3.0,81.0,231,335.0,4.2,Adequate,80.0,0.0
SP,SP,HEALTH CENTER,November,NO,RURAL,196.0,7.0,153.0,-59,638.0,9.8,Overstock,65.0,327.0
ART-INJ,ART,HEALTH CENTER,February,NO,RURAL,1556.0,8.0,403.0,430,2360.0,9.7,Overstock,244.0,340.0
ART-SUP,ART,HEALTH CENTER,February,NO,RURAL,58.0,725.0,98.0,-161,161.0,4.4,Adequate,37.0,23.0
PYRA-SAC,PYRA,HEALTH CENTER,February,NO,RURAL,16.0,0.0,27.0,-1,2.0,0.1,Critical,38.0,3810.0
ACT-GC,ACT,HEALTH CENTER,May,YES,URBAN,1687.0,1.0,149.0,129,480.0,7.0,Overstock,69.0,13.0
SP,SP,HEALTH CENTER,May,YES,URBAN,337.0,41.0,171.0,-1447,239.0,2.7,Low,87.0,0.0
ART-SUP,ART,HEALTH CENTER,May,YES,RURAL,464.0,83.0,381.0,355,657.0,4.5,Adequate,145.0,1.0
ACT-INF,ACT,HEALTH CENTER,August,YES,URBAN,1793.0,0.0,63.0,191,1483.0,98.9,Overstock,15.0,0.0
ACT-AD,ACT,HEALTH CENTER,February,NO,RURAL,546.0,268.0,93.0,201,833.0,92.6,Overstock,9.0,0.0
PYRA-COMP,PYRA,HEALTH CENTER,May,YES,RURAL,77.0,0.0,4.0,-613,19.0,2.4,Low,8.0,0.0
ACT-AD,ACT,HEALTH CENTER,August,YES,RURAL,654.0,0.0,32.0,-24,291.0,13.9,Overstock,21.0,0.0
RDT,DIAG,HEALTH CENTER,February,NO,RURAL,232.0,242.0,8.0,27,765.0,45.0,Overstock,17.0,3.0
ITN,PREV,HEALTH CENTER,May,YES,RURAL,71.0,0.0,24.0,985,51.0,51.0,Overstock,1.0,0.0
ART-SUP,ART,HEALTH CENTER,November,NO,RURAL,42.0,13.0,203.0,-122,236.0,1.6,Low,148.0,3850.0
ART-SUP,ART,HEALTH CENTER,August,YES,URBAN,234.0,0.0,45.0,159,47.0,1.2,Low,39.0,0.0
PYRA-SAC,PYRA,HOSPITAL,February,NO,RURAL,195.0,328.0,242.0,-293,306.0,1.2,Low,262.0,1.0
ACT-SC,ACT,HEALTH CENTER,May,YES,RURAL,137.0,6.0,618.0,-132,380.0,2.4,Low,158.0,0.0
ACT-GC,ACT,HEALTH CENTER,February,NO,URBAN,64.0,7.0,44.0,82,54.0,2.5,Low,22.0,347.0
ITN,PREV,HEALTH CENTER,February,NO,RURAL,2250.0,3.0,434.0,-60,1322.0,10.2,Overstock,129.0,3689.0
PYRA-COMP,PYRA,HEALTH CENTER,November,NO,RURAL,912.0,79.0,304.0,-286,1463.0,4.3,Adequate,337.0,387.0
PYRA-SAC,PYRA,HEALTH CENTER,November,NO,RURAL,2464.0,58.0,72.0,-203,653.0,46.6,Overstock,14.0,0.0
ACT-AD,ACT,HEALTH CENTER,November,NO,URBAN,2039.0,711.0,352.0,273,2297.0,5.5,Overstock,421.0,1059.0
ART-INJ,ART,HEALTH CENTER,February,NO,URBAN,1127.0,0.0,263.0,36,188.0,0.7,Critical,251.0,4002.0
ITN,PREV,HEALTH CENTER,February,NO,URBAN,1607.0,6.0,109.0,-421,127.0,1.1,Low,120.0,63.0
PYRA-SAC,PYRA,HEALTH CENTER,May,YES,RURAL,1738.0,350.0,583.0,220,2482.0,15.4,Overstock,161.0,2.0
ACT-GC,ACT,HEALTH CENTER,May,YES,RURAL,71.0,6.0,49.0,181,153.0,5.3,Overstock,29.0,225.0
SP,SP,HEALTH CENTER,May,YES,RURAL,2143.0,1.0,733.0,209,532.0,0.6,Critical,944.0,151.0
ACT-SC,ACT,HEALTH CENTER,February,NO,RURAL,182.0,3.0,167.0,-140,916.0,26.9,Overstock,34.0,0.0
PYRA-COMP,PYRA,HEALTH CENTER,May,YES,RURAL,375.0,89.0,192.0,-98,702.0,11.3,Overstock,62.0,0.0
ART-INJ,ART,HEALTH CENTER,February,NO,RURAL,1266.0,617.0,573.0,-232,1299.0,5.5,Overstock,238.0,362.0
ART-SUP,ART,HEALTH CENTER,February,NO,RURAL,3992.0,34.0,534.0,-349,2008.0,2.4,Low,844.0,2700.0
RDT,DIAG,HEALTH CENTER,May,YES,RURAL,45.0,0.0,66.0,773,282.0,3.4,Adequate,83.0,1.0
PYRA-SAC,PYRA,HEALTH CENTER,August,YES,RURAL,2035.0,8.0,381.0,-544,2572.0,6.4,Overstock,401.0,1077.0
RDT,DIAG,HEALTH CENTER,November,NO,RURAL,2.0,0.0,1.0,-173,4.0,,Unknown,0.0,388.0
ART-SUP,ART,HEALTH CENTER,May,YES,RURAL,1564.0,125.0,260.0,-221,1730.0,3.7,Adequate,464.0,283.0
RDT,DIAG,HEALTH CENTER,November,NO,URBAN,3482.0,1843.0,230.0,-284,7093.0,36.8,Overstock,193.0,0.0
SP,SP,HEALTH CENTER,November,NO,URBAN,162.0,46.0,42.0,97,782.0,10.7,Overstock,73.0,0.0
ACT-AD,ACT,HEALTH CENTER,February,NO,RURAL,89.0,0.0,78.0,1056,54.0,9.0,Overstock,6.0,1048.0
ACT-AD,ACT,HOSPITAL,February,NO,RURAL,2558.0,463.0,1553.0,-612,4965.0,4.5,Adequate,1108.0,635.0
ITN,PREV,HEALTH CENTER,August,YES,URBAN,2230.0,374.0,1055.0,-856,2612.0,1.9,Low,1359.0,11240.0
ACT-GC,ACT,HEALTH CENTER,August,YES,RURAL,258.0,110.0,72.0,1022,591.0,10.0,Overstock,59.0,1546.0
ACT-SC,ACT,HEALTH CENTER,August,YES,URBAN,3374.0,13.0,403.0,412,4782.0,7.0,Overstock,686.0,5.0
PYRA-SAC,PYRA,HEALTH CENTER,November,NO,RURAL,1124.0,3999.0,114.0,-215,5621.0,71.2,Overstock,79.0,366.0
ART-SUP,ART,HOSPITAL,August,YES,RURAL,3056.0,0.0,117.0,-867,924.0,34.2,Overstock,27.0,0.0
ACT-GC,ACT,HEALTH CENTER,August,YES,RURAL,1334.0,16.0,48.0,183,1080.0,63.5,Overstock,17.0,0.0
ART-INJ,ART,HEALTH CENTER,May,YES,RURAL,910.0,27.0,296.0,-60,865.0,3.3,Adequate,261.0,25.0
ACT-AD,ACT,HEALTH CENTER,May,YES,RURAL,135.0,33.0,50.0,-193,327.0,20.4,Overstock,16.0,31.0
QUIN,SP,HEALTH CENTER,February,NO,RURAL,2815.0,48.0,540.0,-254,3179.0,5.5,Overstock,573.0,172.0
ART-SUP,ART,HEALTH CENTER,February,NO,RURAL,986.0,154.0,150.0,30,437.0,1.7,Low,253.0,907.0
SP,SP,HEALTH CENTER,May,YES,RURAL,461.0,14.0,70.0,851,613.0,7.0,Overstock,88.0,15.0
ACT-SC,ACT,HEALTH CENTER,February,NO,RURAL,257.0,467.0,182.0,-49,393.0,2.8,Low,142.0,3.0
ACT-INF,ACT,HEALTH CENTER,May,YES,URBAN,104.0,2.0,66.0,879,981.0,4.7,Adequate,207.0,57.0
PYRA-SAC,PYRA,HEALTH CENTER,February,NO,URBAN,2910.0,30.0,368.0,-148,2555.0,7.9,Overstock,324.0,300.0
PYRA-SAC,PYRA,HEALTH CENTER,August,YES,RURAL,195.0,291.0,24.0,281,310.0,3.9,Adequate,80.0,24.0
ACT-INF,ACT,HEALTH CENTER,May,YES,URBAN,846.0,1.0,89.0,-565,291.0,4.7,Adequate,62.0,0.0
ACT-GC,ACT,HEALTH CENTER,August,YES,RURAL,2758.0,48.0,607.0,674,3188.0,13.0,Overstock,246.0,1.0
ACT-AD,ACT,HEALTH CENTER,November,NO,RURAL,1329.0,2404.0,919.0,46,4634.0,5.2,Overstock,887.0,390.0
RDT,DIAG,HEALTH CENTER,August,YES,RURAL,1417.0,0.0,77.0,695,1119.0,6.0,Overstock,186.0,0.0
ART-SUP,ART,HEALTH CENTER,February,NO,URBAN,237.0,144.0,43.0,-663,263.0,6.6,Overstock,40.0,90.0
PYRA-COMP,PYRA,HEALTH CENTER,May,YES,RURAL,80.0,318.0,168.0,-202,962.0,6.7,Overstock,143.0,5.0
PYRA-COMP,PYRA,HEALTH CENTER,May,YES,RURAL,573.0,615.0,61.0,116,338.0,5.8,Overstock,58.0,311.0
ACT-SC,ACT,HOSPITAL,February,NO,RURAL,1502.0,800.0,842.0,609,2193.0,3.9,Adequate,556.0,847.0
ART-INJ,ART,HEALTH CENTER,August,YES,RURAL,3886.0,69.0,1005.0,615,5246.0,11.1,Overstock,473.0,2.0
RDT,DIAG,HEALTH CENTER,August,YES,RURAL,252.0,0.0,218.0,491,216.0,1.3,Low,164.0,400.0
RDT,DIAG,HEALTH CENTER,November,NO,URBAN,1588.0,14.0,97.0,187,2160.0,72.0,Overstock,30.0,0.0
ACT-SC,ACT,HOSPITAL,May,YES,RURAL,692.0,5.0,23.0,797,1121.0,74.7,Overstock,15.0,0.0
ART-SUP,ART,HEALTH CENTER,February,NO,URBAN,32.0,740.0,171.0,284,141.0,0.4,Critical,359.0,1173.0
ITN,PREV,HEALTH CENTER,August,YES,URBAN,83.0,0.0,76.0,870,141.0,1.5,Low,93.0,1.0
ACT-INF,ACT,HEALTH CENTER,February,NO,RURAL,1537.0,351.0,452.0,-325,1626.0,3.1,Adequate,530.0,183.0
PYRA-COMP,PYRA,HEALTH CENTER,August,YES,RURAL,5.0,113.0,17.0,1019,220.0,44.0,Overstock,5.0,0.0
ACT-AD,ACT,HEALTH CENTER,November,NO,RURAL,1822.0,1.0,275.0,-654,2141.0,10.1,Overstock,211.0,0.0
ACT-GC,ACT,HEALTH CENTER,May,YES,URBAN,487.0,0.0,13.0,814,780.0,195.0,Overstock,4.0,0.0
RDT,DIAG,HEALTH CENTER,February,NO,RURAL,2.0,58.0,7.0,57,10.0,,Unknown,0.0,1.0
PYRA-SAC,PYRA,HEALTH CENTER,August,YES,RURAL,819.0,54.0,398.0,-571,1022.0,3.1,Adequate,329.0,2657.0
ITN,PREV,HEALTH CENTER,February,NO,URBAN,2444.0,352.0,218.0,284,1723.0,21.5,Overstock,80.0,0.0
ITN,PREV,HEALTH CENTER,August,YES,URBAN,870.0,0.0,135.0,-569,578.0,9.5,Overstock,61.0,0.0
ACT-AD,ACT,HEALTH CENTER,August,YES,URBAN,455.0,158.0,185.0,396,25.0,0.4,Critical,57.0,224.0
ACT-GC,ACT,HEALTH CENTER,May,YES,RURAL,667.0,49.0,184.0,247,549.0,5.8,Overstock,95.0,2.0
PYRA-SAC,PYRA,HEALTH CENTER,November,NO,RURAL,630.0,2268.0,342.0,-354,1745.0,3.1,Adequate,557.0,5.0
ART-INJ,ART,HEALTH CENTER,August,YES,RURAL,2605.0,163.0,899.0,-37,2971.0,4.6,Adequate,649.0,156.0
PYRA-COMP,PYRA,HEALTH CENTER,February,NO,RURAL,604.0,1.0,112.0,885,2062.0,33.3,Overstock,62.0,587.0
ACT-GC,ACT,HEALTH CENTER,November,NO,RURAL,315.0,42.0,89.0,-472,134.0,16.8,Overstock,8.0,9.0
PYRA-COMP,PYRA,HEALTH CENTER,November,NO,RURAL,2743.0,0.0,291.0,827,1094.0,21.0,Overstock,52.0,3234.0
ITN,PREV,HEALTH CENTER,February,NO,RURAL,643.0,430.0,127.0,-23,1344.0,17.5,Overstock,77.0,0.0
PYRA-COMP,PYRA,HEALTH CENTER,August,YES,RURAL,131.0,3.0,24.0,-516,259.0,86.3,Overstock,3.0,13.0
PYRA-COMP,PYRA,HEALTH CENTER,May,YES,RURAL,332.0,27.0,101.0,718,389.0,7.1,Overstock,55.0,2643.0
SP,SP,HOSPITAL,August,YES,RURAL,4723.0,142.0,481.0,647,2767.0,9.0,Overstock,306.0,0.0
ART-INJ,ART,HEALTH CENTER,November,NO,RURAL,886.0,0.0,237.0,-117,542.0,2.9,Low,185.0,0.0
ART-SUP,ART,HEALTH CENTER,May,YES,RURAL,664.0,73.0,133.0,242,256.0,9.8,Overstock,26.0,0.0
ACT-SC,ACT,HEALTH CENTER,November,NO,RURAL,42.0,2.0,15.0,452,95.0,19.0,Overstock,5.0,0.0
ACT-INF,ACT,HEALTH CENTER,February,NO,RURAL,1394.0,168.0,422.0,-284,968.0,3.4,Adequate,283.0,524.0
PYRA-SAC,PYRA,HEALTH CENTER,February,NO,RURAL,226.0,0.0,2.0,-6,36.0,36.0,Overstock,1.0,8.0
ACT-SC,ACT,HEALTH CENTER,February,NO,URBAN,1529.0,94.0,284.0,405,1613.0,5.0,Adequate,324.0,160.0
ITN,PREV,HEALTH CENTER,August,YES,RURAL,1162.0,0.0,575.0,158,336.0,4.1,Adequate,82.0,2821.0
ITN,PREV,HEALTH CENTER,November,NO,URBAN,794.0,0.0,634.0,-361,409.0,5.5,Overstock,74.0,51.0
RDT,DIAG,HEALTH CENTER,August,YES,RURAL,12.0,1.0,9.0,215,59.0,29.5,Overstock,2.0,608.0
SP,SP,HEALTH CENTER,May,YES,RURAL,844.0,11.0,25.0,-491,1735.0,867.5,Overstock,2.0,32.0
ART-SUP,ART,HEALTH CENTER,August,YES,URBAN,1034.0,1.0,176.0,427,1878.0,30.3,Overstock,62.0,0.0
SP,SP,HEALTH CENTER,May,YES,URBAN,98.0,0.0,3.0,-109,91.0,10.1,Overstock,9.0,1.0
RDT,DIAG,HEALTH CENTER,May,YES,URBAN,1156.0,6.0,29.0,-353,450.0,25.0,Overstock,18.0,251.0
RDT,DIAG,HEALTH CENTER,August,YES,URBAN,184.0,2.0,135.0,172,682.0,7.0,Overstock,97.0,1.0
ACT-AD,ACT,HEALTH CENTER,November,NO,URBAN,26.0,0.0,36.0,433,76.0,25.3,Overstock,3.0,11.0
ACT-INF,ACT,HEALTH CENTER,February,NO,RURAL,2114.0,10.0,429.0,-376,881.0,1.3,Low,663.0,619.0
PYRA-COMP,PYRA,HEALTH CENTER,August,YES,RURAL,587.0,19.0,35.0,-624,84.0,1.3,Low,63.0,166.0
QUIN,SP,HEALTH CENTER,February,NO,URBAN,1198.0,3.0,342.0,686,1096.0,8.9,Overstock,123.0,494.0
ACT-SC,ACT,HEALTH CENTER,May,YES,RURAL,4081.0,23.0,476.0,-958,1272.0,11.2,Overstock,114.0,2.0
ACT-AD,ACT,HEALTH CENTER,November,NO,RURAL,258.0,5.0,303.0,-409,703.0,8.7,Overstock,81.0,0.0
ART-SUP,ART,HEALTH CENTER,May,YES,URBAN,778.0,17.0,49.0,753,676.0,56.3,Overstock,12.0,0.0
ITN,PREV,HEALTH CENTER,February,NO,RURAL,82.0,66.0,40.0,-973,20.0,4.0,Adequate,5.0,1.0
QUIN,SP,HEALTH CENTER,May,YES,RURAL,180.0,2.0,47.0,1,15.0,1.1,Low,14.0,1009.0
RDT,DIAG,HEALTH CENTER,May,YES,RURAL,29.0,3.0,223.0,236,58.0,0.4,Critical,153.0,36.0
PYRA-SAC,PYRA,HEALTH CENTER,November,NO,RURAL,1858.0,631.0,109.0,395,633.0,15.4,Overstock,41.0,758.0
RDT,DIAG,HEALTH CENTER,February,NO,RURAL,3.0,35.0,30.0,-788,5.0,0.4,Critical,13.0,106.0
ART-SUP,ART,HEALTH CENTER,May,YES,RURAL,222.0,210.0,51.0,252,193.0,7.1,Overstock,27.0,17.0
ACT-AD,ACT,HEALTH CENTER,May,YES,RURAL,219.0,0.0,17.0,315,45.0,45.0,Overstock,1.0,2.0
ACT-GC,ACT,HEALTH CENTER,May,YES,RURAL,152.0,0.0,36.0,-52,40.0,1.3,Low,31.0,676.0
PYRA-COMP,PYRA,HEALTH CENTER,May,YES,URBAN,9423.0,654.0,1622.0,-602,8568.0,5.0,Adequate,1729.0,49.0
RDT,DIAG,HEALTH CENTER,November,NO,RURAL,2369.0,6.0,425.0,-633,1583.0,6.6,Overstock,240.0,5941.0
ACT-INF,ACT,HEALTH CENTER,May,YES,RURAL,2224.0,207.0,575.0,-223,2648.0,6.9,Overstock,384.0,145.0
PYRA-SAC,PYRA,HEALTH CENTER,February,NO,RURAL,440.0,3.0,122.0,672,523.0,52.3,Overstock,10.0,71.0
ACT-GC,ACT,HEALTH CENTER,February,NO,RURAL,449.0,1.0,65.0,-247,76.0,5.8,Overstock,13.0,1797.0
ART-SUP,ART,HEALTH CENTER,May,YES,RURAL,100.0,302.0,400.0,-269,453.0,1.6,Low,282.0,3062.0
QUIN,SP,HEALTH CENTER,August,YES,RURAL,1989.0,1.0,338.0,-244,915.0,2.0,Low,463.0,0.0
ACT-GC,ACT,HEALTH CENTER,February,NO,URBAN,1463.0,0.0,87.0,-840,878.0,73.2,Overstock,12.0,0.0
RDT,DIAG,HEALTH CENTER,November,NO,RURAL,1642.0,120.0,116.0,-649,1163.0,11.3,Overstock,103.0,0.0
ACT-SC,ACT,HEALTH CENTER,November,NO,RURAL,72.0,0.0,3.0,163,99.0,33.0,Overstock,3.0,1.0
PYRA-SAC,PYRA,HEALTH CENTER,May,YES,RURAL,1859.0,262.0,1252.0,-49,1977.0,2.0,Low,990.0,1013.0
ART-SUP,ART,HEALTH CENTER,May,YES,RURAL,302.0,25.0,461.0,-225,168.0,0.6,Critical,259.0,751.0
PYRA-COMP,PYRA,HEALTH CENTER,August,YES,RURAL,984.0,0.0,267.0,-260,280.0,2.5,Low,112.0,2.0
SP,SP,HEALTH CENTER,August,YES,URBAN,498.0,668.0,301.0,432,879.0,0.8,Critical,1056.0,3320.0
ACT-AD,ACT,HOSPITAL,August,YES,RURAL,1359.0,1.0,593.0,-231,841.0,1.9,Low,454.0,1203.0
ART-SUP,ART,HEALTH CENTER,November,NO,RURAL,1010.0,5.0,178.0,-811,1125.0,14.4,Overstock,78.0,0.0
ACT-AD,ACT,HEALTH CENTER,August,YES,RURAL,243.0,175.0,24.0,-43,287.0,9.9,Overstock,29.0,0.0
PYRA-SAC,PYRA,HEALTH CENTER,August,YES,URBAN,763.0,1.0,88.0,-504,2414.0,86.2,Overstock,28.0,4.0
PYRA-COMP,PYRA,HEALTH CENTER,August,YES,URBAN,1151.0,9.0,76.0,36,53.0,1.2,Low,46.0,0.0
QUIN,SP,HEALTH CENTER,August,YES,RURAL,984.0,1.0,237.0,-23,500.0,3.0,Adequate,164.0,1.0
QUIN,SP,HEALTH CENTER,May,YES,URBAN,5.0,1.0,2.0,366,29.0,,Unknown,0.0,0.0
PYRA-SAC,PYRA,HEALTH CENTER,February,NO,URBAN,1095.0,13.0,439.0,26,1496.0,4.5,Adequate,332.0,217.0
ACT-INF,ACT,HEALTH CENTER,February,NO,RURAL,1838.0,97.0,811.0,240,2149.0,2.8,Low,778.0,376.0
PYRA-SAC,PYRA,HEALTH CENTER,February,NO,RURAL,103.0,1137.0,92.0,-12,265.0,8.3,Overstock,32.0,252.0
ACT-SC,ACT,HEALTH CENTER,May,YES,URBAN,595.0,9.0,143.0,-569,442.0,15.2,Overstock,29.0,3.0
SP,SP,HEALTH CENTER,November,NO,URBAN,1795.0,1.0,304.0,-265,1600.0,6.9,Overstock,232.0,2.0
ACT-AD,ACT,HEALTH CENTER,November,NO,URBAN,82.0,39.0,233.0,-286,522.0,2.2,Low,232.0,712.0
QUIN,SP,HEALTH CENTER,May,YES,RURAL,51.0,3.0,48.0,-447,4.0,0.1,Critical,41.0,133.0
ACT-INF,ACT,HEALTH CENTER,November,NO,RURAL,3869.0,0.0,1079.0,-138,3136.0,2.4,Low,1327.0,3417.0
PYRA-SAC,PYRA,HEALTH CENTER,November,NO,RURAL,122.0,1368.0,134.0,465,20.0,0.5,Critical,37.0,247.0
SP,SP,HEALTH CENTER,November,NO,URBAN,697.0,3.0,99.0,175,2987.0,52.4,Overstock,57.0,12.0
ART-INJ,ART,HEALTH CENTER,February,NO,RURAL,618.0,197.0,219.0,274,666.0,7.2,Overstock,92.0,0.0
ACT-INF,ACT,HEALTH CENTER,May,YES,RURAL,27.0,0.0,43.0,29,5.0,0.8,Critical,6.0,1216.0
ART-INJ,ART,HEALTH CENTER,August,YES,URBAN,535.0,4.0,259.0,289,985.0,2.1,Low,479.0,647.0
RDT,DIAG,HEALTH CENTER,August,YES,URBAN,537.0,0.0,45.0,-150,49.0,1.5,Low,33.0,32.0
ACT-AD,ACT,HEALTH CENTER,February,NO,RURAL,2.0,183.0,64.0,-282,90.0,1.6,Low,58.0,597.0
ITN,PREV,HEALTH CENTER,May,YES,URBAN,4.0,14.0,2.0,148,10.0,5.0,Adequate,2.0,0.0
ITN,PREV,HEALTH CENTER,February,NO,RURAL,909.0,125.0,316.0,-1069,819.0,1.6,Low,503.0,71.0
ACT-GC,ACT,HEALTH CENTER,May,YES,URBAN,623.0,0.0,166.0,-102,956.0,14.1,Overstock,68.0,0.0
ART-INJ,ART,HEALTH CENTER,May,YES,URBAN,188.0,59.0,91.0,-74,145.0,0.8,Critical,190.0,13.0
QUIN,SP,HEALTH CENTER,February,NO,URBAN,268.0,0.0,31.0,308,140.0,6.1,Overstock,23.0,2753.0
ART-INJ,ART,HEALTH CENTER,May,YES,RURAL,2138.0,0.0,827.0,-463,1278.0,2.2,Low,591.0,4852.0
SP,SP,HEALTH CENTER,August,YES,RURAL,942.0,64.0,524.0,-599,517.0,1.5,Low,334.0,11869.0
ACT-GC,ACT,HEALTH CENTER,May,YES,RURAL,216.0,497.0,223.0,-288,1143.0,12.6,Overstock,91.0,0.0
ITN,PREV,HEALTH CENTER,February,NO,URBAN,3.0,1.0,0.0,624,72.0,,Unknown,0.0,0.0
QUIN,SP,HEALTH CENTER,May,YES,RURAL,392.0,1.0,68.0,-112,390.0,14.4,Overstock,27.0,44.0
QUIN,SP,HEALTH CENTER,November,NO,RURAL,12.0,28.0,161.0,-484,48.0,1.0,Critical,50.0,97.0
ACT-INF,ACT,HEALTH CENTER,February,NO,RURAL,2387.0,225.0,231.0,-436,2213.0,6.4,Overstock,344.0,16.0
ART-INJ,ART,HEALTH CENTER,February,NO,RURAL,938.0,159.0,319.0,-202,1179.0,3.3,Adequate,352.0,2.0
PYRA-COMP,PYRA,HEALTH CENTER,May,YES,URBAN,287.0,51.0,86.0,848,1029.0,93.5,Overstock,11.0,1.0
PYRA-SAC,PYRA,HEALTH CENTER,August,YES,RURAL,2071.0,1262.0,439.0,-386,4095.0,4.5,Adequate,905.0,416.0
ACT-SC,ACT,HEALTH CENTER,May,YES,RURAL,285.0,0.0,86.0,-377,120.0,1.4,Low,87.0,131.0
QUIN,SP,HEALTH CENTER,May,YES,URBAN,1545.0,18.0,160.0,855,1030.0,6.0,Overstock,172.0,0.0
ACT-AD,ACT,HEALTH CENTER,February,NO,URBAN,836.0,0.0,109.0,732,132.0,3.1,Adequate,42.0,0.0
PYRA-COMP,PYRA,HOSPITAL,August,YES,URBAN,1760.0,534.0,819.0,0,2790.0,2.5,Low,1114.0,855.0
ACT-INF,ACT,HEALTH CENTER,February,NO,URBAN,5092.0,144.0,1148.0,554,2277.0,4.5,Adequate,502.0,0.0
SP,SP,HEALTH CENTER,November,NO,RURAL,336.0,70.0,99.0,-232,364.0,11.7,Overstock,31.0,9666.0
PYRA-SAC,PYRA,HOSPITAL,November,NO,RURAL,713.0,139.0,242.0,460,1524.0,25.8,Overstock,59.0,54.0
SP,SP,HEALTH CENTER,February,NO,RURAL,147.0,123.0,171.0,-956,215.0,0.9,Critical,231.0,1154.0
ACT-AD,ACT,HEALTH CENTER,August,YES,RURAL,145.0,102.0,200.0,203,260.0,0.7,Critical,353.0,98.0
ART-INJ,ART,HEALTH CENTER,February,NO,URBAN,586.0,2.0,131.0,-255,215.0,1.4,Low,154.0,0.0
ITN,PREV,HEALTH CENTER,February,NO,RURAL,906.0,0.0,131.0,8,698.0,2.3,Low,304.0,212.0
PYRA-COMP,PYRA,HEALTH CENTER,November,NO,RURAL,1171.0,2696.0,112.0,-549,2416.0,71.1,Overstock,34.0,0.0
PYRA-SAC,PYRA,HEALTH CENTER,November,NO,URBAN,697.0,60.0,215.0,-191,1097.0,99.7,Overstock,11.0,0.0
ITN,PREV,HEALTH CENTER,May,YES,RURAL,1412.0,0.0,85.0,473,440.0,6.1,Overstock,72.0,3.0
RDT,DIAG,HEALTH CENTER,August,YES,RURAL,431.0,49.0,216.0,433,111.0,0.3,Critical,408.0,7789.0
SP,SP,HEALTH CENTER,August,YES,RURAL,29.0,0.0,8.0,934,31.0,,Unknown,0.0,132.0
ACT-AD,ACT,HEALTH CENTER,August,YES,RURAL,128.0,16.0,95.0,214,39.0,0.3,Critical,112.0,13441.0
ACT-GC,ACT,HEALTH CENTER,August,YES,RURAL,276.0,76.0,150.0,19,1077.0,12.0,Overstock,90.0,134.0
ART-SUP,ART,HEALTH CENTER,May,YES,RURAL,539.0,0.0,110.0,-474,610.0,43.6,Overstock,14.0,113.0
ART-SUP,ART,HEALTH CENTER,May,YES,URBAN,1078.0,0.0,258.0,-66,414.0,1.8,Low,232.0,1190.0
ITN,PREV,HEALTH CENTER,November,NO,URBAN,439.0,0.0,78.0,233,168.0,7.0,Overstock,24.0,242.0
ART-INJ,ART,HEALTH CENTER,May,YES,RURAL,9.0,0.0,4.0,-555,2.0,,Unknown,0.0,40.0
QUIN,SP,HEALTH CENTER,May,YES,RURAL,164.0,9.0,60.0,58,587.0,17.8,Overstock,33.0,5.0
PYRA-COMP,PYRA,HEALTH CENTER,August,YES,URBAN,173.0,25.0,111.0,-430,537.0,3.7,Adequate,145.0,62.0
RDT,DIAG,HEALTH CENTER,February,NO,RURAL,381.0,64.0,271.0,-296,388.0,1.3,Low,299.0,2328.0
ITN,PREV,HEALTH CENTER,May,YES,URBAN,1078.0,147.0,374.0,158,3254.0,11.2,Overstock,290.0,858.0
ART-SUP,ART,HEALTH CENTER,August,YES,RURAL,239.0,4.0,30.0,446,162.0,18.0,Overstock,9.0,0.0
ART-INJ,ART,HEALTH CENTER,August,YES,URBAN,160.0,227.0,15.0,577,403.0,28.8,Overstock,14.0,0.0
ACT-AD,ACT,HEALTH CENTER,November,NO,RURAL,1606.0,40.0,347.0,-120,936.0,2.4,Low,388.0,0.0
ART-SUP,ART,HOSPITAL,November,NO,RURAL,1584.0,591.0,71.0,-336,980.0,12.7,Overstock,77.0,8.0
PYRA-COMP,PYRA,HEALTH CENTER,August,YES,URBAN,1342.0,5.0,248.0,219,2884.0,16.5,Overstock,175.0,208.0
ACT-INF,ACT,HEALTH CENTER,February,NO,URBAN,589.0,100.0,218.0,-179,4052.0,20.2,Overstock,201.0,57.0
ART-SUP,ART,HEALTH CENTER,May,YES,RURAL,288.0,0.0,22.0,-94,102.0,2.6,Low,39.0,931.0
ART-SUP,ART,HEALTH CENTER,May,YES,RURAL,2426.0,59.0,759.0,-172,2056.0,1.9,Low,1071.0,7071.0
RDT,DIAG,HEALTH CENTER,February,NO,RURAL,955.0,219.0,396.0,69,254.0,0.7,Critical,370.0,4051.0
SP,SP,HEALTH CENTER,May,YES,RURAL,3480.0,42.0,1815.0,-717,2322.0,1.6,Low,1433.0,29.0
PYRA-COMP,PYRA,HEALTH CENTER,February,NO,URBAN,1767.0,1.0,196.0,-227,250.0,8.6,Overstock,29.0,772.0
ACT-AD,ACT,HEALTH CENTER,November,NO,URBAN,890.0,142.0,577.0,-639,2343.0,4.9,Adequate,477.0,983.0
SP,SP,HEALTH CENTER,May,YES,RURAL,218.0,0.0,12.0,-303,301.0,,Unknown,0.0,0.0
ACT-GC,ACT,HEALTH CENTER,February,NO,RURAL,2206.0,9.0,395.0,39,810.0,1.4,Low,571.0,1213.0
ART-INJ,ART,HEALTH CENTER,February,NO,RURAL,675.0,228.0,93.0,-208,432.0,43.2,Overstock,10.0,6.0
PYRA-SAC,PYRA,HEALTH CENTER,February,NO,RURAL,3223.0,4.0,765.0,51,2075.0,4.0,Adequate,515.0,52.0
ITN,PREV,HEALTH CENTER,August,YES,URBAN,566.0,118.0,213.0,840,370.0,1.9,Low,195.0,4030.0
ART-SUP,ART,HEALTH CENTER,May,YES,RURAL,14.0,49.0,44.0,-622,102.0,6.4,Overstock,16.0,0.0
ACT-SC,ACT,HEALTH CENTER,August,YES,RURAL,222.0,0.0,100.0,347,361.0,3.6,Adequate,100.0,1.0
ACT-INF,ACT,HEALTH CENTER,May,YES,RURAL,1776.0,768.0,371.0,-413,4792.0,20.1,Overstock,238.0,4.0
ART-INJ,ART,HEALTH CENTER,February,NO,RURAL,1470.0,6.0,286.0,-274,1042.0,4.7,Adequate,224.0,0.0
ACT-INF,ACT,HEALTH CENTER,August,YES,URBAN,0.0,0.0,6.0,467,29.0,29.0,Overstock,1.0,0.0
ACT-SC,ACT,HEALTH CENTER,February,NO,RURAL,1146.0,0.0,127.0,582,1312.0,11.7,Overstock,112.0,2008.0
ACT-AD,ACT,HEALTH CENTER,August,YES,URBAN,1037.0,443.0,448.0,544,2722.0,11.9,Overstock,229.0,68.0
RDT,DIAG,HEALTH CENTER,August,YES,URBAN,3.0,117.0,7.0,94,7.0,3.5,Adequate,2.0,2732.0
ACT-AD,ACT,HEALTH CENTER,November,NO,RURAL,1979.0,0.0,523.0,-192,926.0,2.5,Low,377.0,11.0
ACT-SC,ACT,HEALTH CENTER,August,YES,RURAL,22.0,17.0,17.0,39,4.0,2.0,Low,2.0,48.0
ART-SUP,ART,HEALTH CENTER,November,NO,URBAN,49.0,0.0,5.0,185,15.0,,Unknown,0.0,100.0
RDT,DIAG,HEALTH CENTER,May,YES,RURAL,1632.0,0.0,877.0,209,1461.0,3.0,Adequate,490.0,2654.0
RDT,DIAG,HEALTH CENTER,February,NO,RURAL,271.0,50.0,85.0,39,512.0,25.6,Overstock,20.0,16.0
ACT-GC,ACT,HEALTH CENTER,February,NO,URBAN,6534.0,149.0,300.0,326,6285.0,28.1,Overstock,224.0,0.0
ACT-SC,ACT,HEALTH CENTER,November,NO,RURAL,3108.0,322.0,533.0,-228,2606.0,3.7,Adequate,712.0,856.0
PYRA-SAC,PYRA,HEALTH CENTER,May,YES,URBAN,219.0,284.0,77.0,-113,876.0,67.4,Overstock,13.0,0.0
ITN,PREV,HOSPITAL,February,NO,RURAL,1579.0,4.0,832.0,-293,1268.0,0.7,Critical,1885.0,11302.0
PYRA-COMP,PYRA,HEALTH CENTER,November,NO,RURAL,520.0,0.0,316.0,833,2250.0,62.5,Overstock,36.0,0.0
ART-SUP,ART,HEALTH CENTER,February,NO,RURAL,3660.0,70.0,830.0,222,3967.0,4.0,Adequate,1004.0,391.0
ACT-INF,ACT,HEALTH CENTER,August,YES,RURAL,1263.0,0.0,530.0,-22,504.0,1.8,Low,280.0,1021.0
PYRA-SAC,PYRA,HEALTH CENTER,May,YES,RURAL,0.0,67.0,0.0,-361,9.0,9.0,Overstock,1.0,1.0
ACT-AD,ACT,HOSPITAL,February,NO,RURAL,235.0,0.0,108.0,30,575.0,7.9,Overstock,73.0,143.0
ITN,PREV,HEALTH CENTER,May,YES,RURAL,970.0,71.0,557.0,800,2768.0,8.2,Overstock,337.0,0.0
ACT-SC,ACT,HEALTH CENTER,February,NO,URBAN,642.0,9.0,350.0,-571,419.0,2.5,Low,167.0,51.0
PYRA-SAC,PYRA,HEALTH CENTER,August,YES,RURAL,806.0,478.0,260.0,-1149,1941.0,30.8,Overstock,63.0,7.0
ART-SUP,ART,HOSPITAL,November,NO,URBAN,521.0,2.0,168.0,326,203.0,4.4,Adequate,46.0,0.0
ITN,PREV,HEALTH CENTER,November,NO,RURAL,554.0,0.0,657.0,-123,330.0,0.4,Critical,803.0,663.0
QUIN,SP,HEALTH CENTER,August,YES,RURAL,2526.0,24.0,457.0,-271,2811.0,3.9,Adequate,726.0,667.0
ACT-GC,ACT,HOSPITAL,May,YES,URBAN,233.0,0.0,21.0,-945,92.0,18.4,Overstock,5.0,1460.0
ITN,PREV,HEALTH CENTER,February,NO,URBAN,1229.0,134.0,252.0,-411,3589.0,21.0,Overstock,171.0,0.0
ART-SUP,ART,HOSPITAL,November,NO,URBAN,562.0,228.0,872.0,-825,1532.0,2.4,Low,647.0,1838.0
ACT-AD,ACT,HEALTH CENTER,November,NO,RURAL,6114.0,3.0,1486.0,829,845.0,0.6,Critical,1342.0,2385.0
SP,SP,HEALTH CENTER,August,YES,URBAN,1168.0,0.0,280.0,-56,923.0,33.0,Overstock,28.0,89.0
ACT-GC,ACT,HEALTH CENTER,August,YES,RURAL,387.0,2.0,351.0,137,185.0,1.6,Low,116.0,2602.0
QUIN,SP,HEALTH CENTER,August,YES,URBAN,5.0,0.0,8.0,194,36.0,,Unknown,0.0,0.0
ACT-SC,ACT,HEALTH CENTER,May,YES,RURAL,50.0,1.0,3.0,-320,16.0,5.3,Overstock,3.0,0.0
PYRA-COMP,PYRA,HEALTH CENTER,August,YES,RURAL,1870.0,0.0,371.0,34,1116.0,4.7,Adequate,237.0,4325.0
ACT-AD,ACT,HEALTH CENTER,February,NO,RURAL,74.0,0.0,2.0,-399,6.0,,Unknown,0.0,0.0
ACT-SC,ACT,HEALTH CENTER,November,NO,URBAN,21.0,2.0,6.0,-435,9.0,2.2,Low,4.0,13.0
RDT,DIAG,HEALTH CENTER,May,YES,RURAL,256.0,0.0,61.0,399,434.0,8.9,Overstock,49.0,61.0
PYRA-SAC,PYRA,HEALTH CENTER,May,YES,RURAL,561.0,321.0,396.0,182,2125.0,4.3,Adequate,498.0,176.0
ART-SUP,ART,HEALTH CENTER,August,YES,RURAL,2.0,7.0,5.0,-501,18.0,1.5,Low,12.0,25.0
QUIN,SP,HEALTH CENTER,November,NO,URBAN,206.0,1.0,66.0,-163,199.0,4.5,Adequate,44.0,2.0
ACT-INF,ACT,HEALTH CENTER,November,NO,RURAL,593.0,2.0,53.0,547,917.0,38.2,Overstock,24.0,1.0
ACT-SC,ACT,HEALTH CENTER,August,YES,RURAL,1044.0,0.0,113.0,-269,319.0,4.6,Adequate,70.0,155.0
SP,SP,HEALTH CENTER,May,YES,URBAN,348.0,3.0,219.0,678,472.0,5.8,Overstock,81.0,2155.0
ACT-INF,ACT,HEALTH CENTER,February,NO,URBAN,552.0,0.0,54.0,-485,141.0,11.8,Overstock,12.0,20.0
ART-SUP,ART,HEALTH CENTER,August,YES,URBAN,1152.0,0.0,198.0,195,566.0,4.4,Adequate,128.0,21.0
ACT-GC,ACT,HEALTH CENTER,November,NO,URBAN,228.0,0.0,55.0,0,342.0,19.0,Overstock,18.0,3.0
PYRA-SAC,PYRA,HEALTH CENTER,August,YES,RURAL,5126.0,325.0,1382.0,-259,3114.0,2.2,Low,1431.0,8735.0
ACT-INF,ACT,HEALTH CENTER,February,NO,RURAL,1377.0,91.0,350.0,-1050,2355.0,29.4,Overstock,80.0,115.0
QUIN,SP,HEALTH CENTER,February,NO,RURAL,382.0,1.0,55.0,211,367.0,5.4,Overstock,68.0,0.0
ACT-SC,ACT,HEALTH CENTER,August,YES,URBAN,301.0,0.0,244.0,-143,172.0,2.7,Low,64.0,14.0
PYRA-SAC,PYRA,HEALTH CENTER,August,YES,RURAL,103.0,1073.0,113.0,-66,70.0,1.1,Low,64.0,3.0
PYRA-SAC,PYRA,HEALTH CENTER,November,NO,URBAN,574.0,0.0,156.0,58,536.0,18.5,Overstock,29.0,0.0
ITN,PREV,HEALTH CENTER,May,YES,URBAN,714.0,0.0,60.0,-94,139.0,10.7,Overstock,13.0,0.0
ACT-SC,ACT,HOSPITAL,August,YES,RURAL,2.0,5.0,7.0,242,55.0,18.3,Overstock,3.0,0.0
ART-SUP,ART,HEALTH CENTER,February,NO,URBAN,3157.0,66.0,1263.0,219,3045.0,5.4,Overstock,568.0,7709.0
SP,SP,HEALTH CENTER,August,YES,RURAL,202.0,67.0,88.0,610,769.0,14.8,Overstock,52.0,0.0
PYRA-SAC,PYRA,HEALTH CENTER,February,NO,URBAN,660.0,60.0,87.0,169,598.0,13.3,Overstock,45.0,1.0
RDT,DIAG,HEALTH CENTER,August,YES,RURAL,386.0,0.0,49.0,288,455.0,6.4,Overstock,71.0,1088.0
PYRA-COMP,PYRA,HEALTH CENTER,February,NO,RURAL,114.0,1.0,274.0,101,5.0,0.1,Critical,86.0,863.0
RDT,DIAG,HEALTH CENTER,August,YES,RURAL,2732.0,3304.0,840.0,-667,10285.0,14.4,Overstock,714.0,240.0
ACT-INF,ACT,HOSPITAL,May,YES,URBAN,5673.0,294.0,1048.0,-197,4448.0,14.9,Overstock,299.0,798.0
ACT-INF,ACT,HEALTH CENTER,November,NO,RURAL,278.0,55.0,255.0,-614,496.0,3.5,Adequate,143.0,12.0
ACT-GC,ACT,HEALTH CENTER,May,YES,RURAL,2806.0,0.0,458.0,-446,1944.0,5.3,Overstock,370.0,61.0
QUIN,SP,HEALTH CENTER,February,NO,RURAL,2771.0,53.0,606.0,610,2464.0,35.7,Overstock,69.0,421.0
RDT,DIAG,HEALTH CENTER,November,NO,RURAL,1241.0,1.0,96.0,178,392.0,6.9,Overstock,57.0,0.0
ACT-GC,ACT,HEALTH CENTER,August,YES,RURAL,977.0,5.0,263.0,169,509.0,4.4,Adequate,116.0,78.0
ACT-GC,ACT,HEALTH CENTER,November,NO,RURAL,3887.0,7.0,733.0,-401,2688.0,5.4,Overstock,498.0,156.0
QUIN,SP,HEALTH CENTER,August,YES,RURAL,72.0,0.0,355.0,132,38.0,0.2,Critical,219.0,7111.0
ART-INJ,ART,HEALTH CENTER,February,NO,URBAN,2965.0,1055.0,1350.0,-732,1444.0,2.1,Low,676.0,2968.0
ACT-SC,ACT,HEALTH CENTER,November,NO,RURAL,16.0,0.0,4.0,-496,62.0,,Unknown,0.0,1.0
PYRA-SAC,PYRA,HEALTH CENTER,February,NO,RURAL,2831.0,0.0,187.0,-387,1221.0,29.8,Overstock,41.0,0.0
ITN,PREV,HEALTH CENTER,May,YES,RURAL,945.0,1.0,374.0,382,776.0,2.6,Low,301.0,921.0
ACT-SC,ACT,HEALTH CENTER,February,NO,URBAN,2203.0,1.0,93.0,-114,878.0,7.5,Overstock,117.0,0.0
RDT,DIAG,HOSPITAL,August,YES,URBAN,86.0,22.0,76.0,563,673.0,8.4,Overstock,80.0,1358.0
RDT,DIAG,HEALTH CENTER,November,NO,URBAN,2387.0,0.0,193.0,-426,3181.0,10.4,Overstock,306.0,541.0
PYRA-SAC,PYRA,HEALTH CENTER,February,NO,URBAN,931.0,2559.0,196.0,397,1944.0,20.5,Overstock,95.0,0.0
ART-INJ,ART,HEALTH CENTER,May,YES,RURAL,1523.0,359.0,496.0,-302,3715.0,12.4,Overstock,300.0,0.0
ART-INJ,ART,HEALTH CENTER,February,NO,RURAL,1195.0,1149.0,500.0,-92,1506.0,7.9,Overstock,190.0,0.0
ACT-AD,ACT,HEALTH CENTER,August,YES,URBAN,46.0,3.0,89.0,-446,115.0,8.2,Overstock,14.0,1977.0
PYRA-COMP,PYRA,HEALTH CENTER,May,YES,RURAL,197.0,252.0,58.0,206,211.0,42.2,Overstock,5.0,0.0
ACT-SC,ACT,HEALTH CENTER,August,YES,URBAN,4.0,0.0,13.0,918,19.0,1.7,Low,11.0,12.0
ART-INJ,ART,HEALTH CENTER,February,NO,URBAN,420.0,0.0,23.0,138,67.0,1.6,Low,41.0,1.0
ART-SUP,ART,HEALTH CENTER,February,NO,RURAL,109.0,111.0,188.0,-785,1284.0,5.3,Overstock,243.0,18.0
QUIN,SP,HEALTH CENTER,February,NO,RURAL,570.0,0.0,11.0,448,1470.0,735.0,Overstock,2.0,426.0
ACT-SC,ACT,HEALTH CENTER,February,NO,RURAL,3033.0,100.0,227.0,-115,3170.0,12.4,Overstock,256.0,7.0
ACT-INF,ACT,HEALTH CENTER,February,NO,URBAN,180.0,14.0,4.0,-146,109.0,54.5,Overstock,2.0,1223.0
RDT,DIAG,HEALTH CENTER,November,NO,URBAN,352.0,109.0,213.0,147,2304.0,12.1,Overstock,190.0,1.0
ACT-INF,ACT,HOSPITAL,February,NO,RURAL,2774.0,163.0,180.0,-125,3474.0,37.4,Overstock,93.0,0.0
ACT-GC,ACT,HEALTH CENTER,February,NO,RURAL,3504.0,558.0,2731.0,-522,8653.0,2.7,Low,3171.0,6586.0
QUIN,SP,HEALTH CENTER,May,YES,URBAN,38.0,2.0,61.0,574,167.0,6.4,Overstock,26.0,1057.0
ACT-GC,ACT,HEALTH CENTER,November,NO,RURAL,3.0,206.0,72.0,1009,63.0,2.9,Low,22.0,74.0
ART-SUP,ART,HEALTH CENTER,February,NO,RURAL,1729.0,197.0,713.0,333,3971.0,6.4,Overstock,621.0,27.0
RDT,DIAG,HEALTH CENTER,August,YES,RURAL,194.0,0.0,20.0,207,36.0,18.0,Overstock,2.0,6.0
ART-INJ,ART,HEALTH CENTER,November,NO,RURAL,522.0,56.0,421.0,642,1603.0,2.8,Low,578.0,2.0
SP,SP,HEALTH CENTER,August,YES,RURAL,30.0,444.0,43.0,292,116.0,58.0,Overstock,2.0,0.0
ACT-GC,ACT,HEALTH CENTER,November,NO,RURAL,1896.0,20.0,620.0,-278,2570.0,7.7,Overstock,334.0,1.0
ACT-INF,ACT,HEALTH CENTER,February,NO,RURAL,85.0,0.0,4.0,411,6.0,,Unknown,0.0,0.0
ACT-INF,ACT,HEALTH CENTER,May,YES,RURAL,811.0,1.0,176.0,460,231.0,4.1,Adequate,57.0,4917.0
QUIN,SP,HEALTH CENTER,August,YES,RURAL,400.0,0.0,10.0,-515,618.0,154.5,Overstock,4.0,0.0
ACT-GC,ACT,HEALTH CENTER,August,YES,RURAL,62.0,1010.0,125.0,-169,138.0,1.3,Low,106.0,849.0
QUIN,SP,HEALTH CENTER,February,NO,RURAL,1003.0,0.0,80.0,-29,509.0,8.6,Overstock,59.0,10.0
PYRA-SAC,PYRA,HEALTH CENTER,November,NO,RURAL,484.0,290.0,351.0,441,2701.0,3.6,Adequate,745.0,1543.0
RDT,DIAG,HEALTH CENTER,May,YES,RURAL,224.0,10.0,62.0,268,213.0,3.0,Adequate,71.0,0.0
SP,SP,HEALTH CENTER,February,NO,URBAN,408.0,209.0,193.0,747,612.0,7.8,Overstock,78.0,0.0
ACT-INF,ACT,HEALTH CENTER,May,YES,RURAL,1066.0,207.0,736.0,7,1056.0,1.2,Low,867.0,18.0
QUIN,SP,HEALTH CENTER,November,NO,RURAL,155.0,64.0,546.0,109,347.0,0.9,Critical,371.0,950.0
PYRA-COMP,PYRA,HEALTH CENTER,November,NO,RURAL,16.0,0.0,28.0,1056,12.0,2.0,Low,6.0,6.0
PYRA-COMP,PYRA,HEALTH CENTER,November,NO,RURAL,1865.0,25.0,470.0,-215,2032.0,41.5,Overstock,49.0,272.0
ACT-GC,ACT,HEALTH CENTER,November,NO,URBAN,10.0,54.0,59.0,-441,610.0,11.5,Overstock,53.0,403.0
ACT-INF,ACT,HEALTH CENTER,November,NO,RURAL,414.0,0.0,74.0,134,393.0,26.2,Overstock,15.0,2.0
QUIN,SP,HEALTH CENTER,February,NO,RURAL,51.0,3.0,75.0,463,108.0,1.8,Low,61.0,2.0
PYRA-COMP,PYRA,HOSPITAL,August,YES,URBAN,174.0,45.0,42.0,-62,352.0,352.0,Overstock,1.0,1.0
PYRA-COMP,PYRA,HEALTH CENTER,November,NO,RURAL,212.0,3.0,81.0,-382,419.0,19.0,Overstock,22.0,80.0
ACT-GC,ACT,HEALTH CENTER,August,YES,URBAN,282.0,856.0,643.0,-315,280.0,0.9,Critical,317.0,289.0
ART-INJ,ART,HEALTH CENTER,August,YES,URBAN,2635.0,19.0,194.0,-750,1806.0,5.6,Overstock,322.0,0.0
PYRA-COMP,PYRA,HEALTH CENTER,May,YES,RURAL,157.0,2.0,79.0,-46,14.0,0.3,Critical,43.0,16.0
RDT,DIAG,HEALTH CENTER,November,NO,RURAL,2815.0,849.0,1250.0,-121,3648.0,3.1,Adequate,1165.0,289.0
ACT-AD,ACT,HEALTH CENTER,August,YES,RURAL,3134.0,9.0,480.0,671,1619.0,4.5,Adequate,356.0,43.0
ACT-INF,ACT,HEALTH CENTER,February,NO,URBAN,547.0,1.0,155.0,38,127.0,1.8,Low,72.0,544.0
ART-SUP,ART,HEALTH CENTER,February,NO,RURAL,101.0,6.0,34.0,170,3.0,0.2,Critical,15.0,0.0
QUIN,SP,HEALTH CENTER,August,YES,RURAL,2267.0,1.0,293.0,-889,1455.0,7.9,Overstock,185.0,0.0
QUIN,SP,HEALTH CENTER,November,NO,URBAN,1051.0,67.0,181.0,-479,895.0,179.0,Overstock,5.0,0.0
ART-INJ,ART,HEALTH CENTER,August,YES,RURAL,2972.0,0.0,371.0,-136,210.0,0.3,Critical,601.0,1327.0
PYRA-SAC,PYRA,HEALTH CENTER,November,NO,RURAL,1597.0,238.0,581.0,-776,5092.0,13.6,Overstock,375.0,0.0
PYRA-SAC,PYRA,HEALTH CENTER,August,YES,URBAN,191.0,30.0,166.0,-548,133.0,1.4,Low,92.0,65.0
ACT-GC,ACT,HEALTH CENTER,February,NO,URBAN,1277.0,16.0,303.0,272,1103.0,9.9,Overstock,111.0,1119.0
PYRA-COMP,PYRA,HEALTH CENTER,August,YES,RURAL,971.0,316.0,143.0,778,2203.0,40.8,Overstock,54.0,0.0
ACT-INF,ACT,HEALTH CENTER,November,NO,URBAN,1770.0,66.0,35.0,-293,1345.0,39.6,Overstock,34.0,0.0
ITN,PREV,HEALTH CENTER,February,NO,RURAL,260.0,228.0,77.0,-580,379.0,3.4,Adequate,111.0,0.0
ART-INJ,ART,HEALTH CENTER,May,YES,RURAL,1.0,1119.0,29.0,-98,44.0,6.3,Overstock,7.0,217.0
SP,SP,HEALTH CENTER,February,NO,URBAN,142.0,0.0,49.0,210,126.0,2.4,Low,53.0,230.0
SP,SP,HEALTH CENTER,May,YES,RURAL,62.0,0.0,2.0,498,136.0,,Unknown,0.0,0.0
ITN,PREV,HEALTH CENTER,May,YES,RURAL,2.0,10.0,0.0,188,26.0,,Unknown,0.0,0.0
ACT-GC,ACT,HEALTH CENTER,February,NO,URBAN,2974.0,1131.0,1024.0,1095,2209.0,3.4,Adequate,657.0,207.0
ACT-SC,ACT,HEALTH CENTER,November,NO,RURAL,443.0,782.0,271.0,73,1070.0,44.6,Overstock,24.0,0.0
ACT-GC,ACT,HEALTH CENTER,November,NO,RURAL,5.0,0.0,16.0,-1313,42.0,4.7,Adequate,9.0,1133.0
ACT-SC,ACT,HEALTH CENTER,November,NO,URBAN,1512.0,0.0,859.0,-543,1891.0,3.1,Adequate,607.0,230.0
SP,SP,HEALTH CENTER,February,NO,URBAN,4787.0,5.0,371.0,-29,2805.0,4.5,Adequate,617.0,136.0
RDT,DIAG,HEALTH CENTER,February,NO,RURAL,3921.0,22.0,325.0,-170,6692.0,9.7,Overstock,693.0,780.0
QUIN,SP,HOSPITAL,February,NO,RURAL,237.0,1.0,270.0,383,1758.0,4.3,Adequate,408.0,10.0
SP,SP,HEALTH CENTER,May,YES,RURAL,3923.0,18.0,1145.0,234,4331.0,3.3,Adequate,1301.0,489.0
RDT,DIAG,HEALTH CENTER,May,YES,URBAN,429.0,1.0,191.0,-509,387.0,2.5,Low,153.0,84.0
ACT-GC,ACT,HEALTH CENTER,August,YES,RURAL,188.0,1652.0,36.0,-356,921.0,7.5,Overstock,122.0,0.0
SP,SP,HEALTH CENTER,August,YES,RURAL,19.0,231.0,32.0,-323,46.0,0.6,Critical,79.0,14.0
ACT-SC,ACT,HEALTH CENTER,November,NO,RURAL,888.0,720.0,715.0,151,1708.0,2.3,Low,747.0,22.0
ACT-INF,ACT,HEALTH CENTER,August,YES,RURAL,20.0,303.0,63.0,196,549.0,3.4,Adequate,161.0,260.0
ACT-SC,ACT,HOSPITAL,November,NO,RURAL,1842.0,6.0,231.0,397,3083.0,31.1,Overstock,99.0,173.0
ACT-INF,ACT,HEALTH CENTER,February,NO,URBAN,12.0,0.0,63.0,191,19.0,1.7,Low,11.0,17.0
ACT-INF,ACT,HEALTH CENTER,August,YES,URBAN,360.0,80.0,83.0,-76,549.0,9.5,Overstock,58.0,0.0
QUIN,SP,HEALTH CENTER,February,NO,RURAL,249.0,0.0,171.0,304,431.0,3.2,Adequate,133.0,859.0
RDT,DIAG,HEALTH CENTER,August,YES,URBAN,177.0,0.0,10.0,312,236.0,236.0,Overstock,1.0,0.0
ITN,PREV,HEALTH CENTER,November,NO,RURAL,1084.0,0.0,106.0,-67,36.0,0.7,Critical,55.0,0.0
ART-SUP,ART,HEALTH CENTER,November,NO,RURAL,789.0,4.0,41.0,193,239.0,5.6,Overstock,43.0,2482.0
RDT,DIAG,HEALTH CENTER,August,YES,URBAN,485.0,0.0,50.0,-411,135.0,5.0,Adequate,27.0,0.0
PYRA-SAC,PYRA,HEALTH CENTER,May,YES,URBAN,2322.0,735.0,646.0,-440,2341.0,1.3,Low,1746.0,7279.0
ITN,PREV,HEALTH CENTER,November,NO,RURAL,8.0,0.0,2.0,205,7.0,1.8,Low,4.0,0.0
ACT-GC,ACT,HEALTH CENTER,May,YES,RURAL,1020.0,29.0,323.0,1126,1188.0,4.2,Adequate,285.0,6.0
ACT-GC,ACT,HEALTH CENTER,February,NO,URBAN,550.0,222.0,191.0,-822,620.0,6.1,Overstock,101.0,2.0
PYRA-SAC,PYRA,HEALTH CENTER,August,YES,URBAN,217.0,1.0,39.0,69,156.0,52.0,Overstock,3.0,32.0
ITN,PREV,HEALTH CENTER,November,NO,RURAL,242.0,0.0,97.0,-225,22.0,0.2,Critical,140.0,387.0
ART-INJ,ART,HEALTH CENTER,November,NO,URBAN,1462.0,116.0,535.0,-414,340.0,0.4,Critical,783.0,4859.0
ART-INJ,ART,HEALTH CENTER,May,YES,RURAL,941.0,949.0,124.0,257,1691.0,5.8,Overstock,290.0,1.0
RDT,DIAG,HEALTH CENTER,May,YES,RURAL,865.0,5.0,441.0,-17,3966.0,10.2,Overstock,389.0,2450.0
SP,SP,HEALTH CENTER,February,NO,RURAL,2674.0,23.0,229.0,353,2928.0,31.5,Overstock,93.0,320.0
PYRA-COMP,PYRA,HEALTH CENTER,November,NO,RURAL,282.0,418.0,110.0,-411,818.0,51.1,Overstock,16.0,19.0
ACT-GC,ACT,HEALTH CENTER,August,YES,URBAN,883.0,0.0,346.0,540,1260.0,20.0,Overstock,63.0,1963.0
ART-SUP,ART,HEALTH CENTER,August,YES,URBAN,5435.0,435.0,1879.0,-45,6024.0,2.8,Low,2148.0,1.0
PYRA-COMP,PYRA,HEALTH CENTER,February,NO,URBAN,94.0,1.0,76.0,597,167.0,16.7,Overstock,10.0,0.0
ART-INJ,ART,HEALTH CENTER,May,YES,URBAN,258.0,55.0,265.0,356,429.0,0.5,Critical,837.0,3.0
ACT-SC,ACT,HEALTH CENTER,May,YES,RURAL,1463.0,326.0,117.0,478,950.0,9.4,Overstock,101.0,0.0
ITN,PREV,HEALTH CENTER,November,NO,RURAL,6.0,0.0,23.0,37,14.0,0.6,Critical,22.0,5.0
ART-SUP,ART,HEALTH CENTER,August,YES,RURAL,617.0,683.0,221.0,1134,2315.0,26.0,Overstock,89.0,44.0
SP,SP,HEALTH CENTER,May,YES,URBAN,3743.0,0.0,305.0,279,5337.0,17.9,Overstock,298.0,1.0
ITN,PREV,HEALTH CENTER,August,YES,RURAL,2284.0,8.0,355.0,89,2104.0,3.3,Adequate,637.0,0.0
PYRA-COMP,PYRA,HEALTH CENTER,February,NO,RURAL,26.0,0.0,91.0,-176,29.0,1.1,Low,26.0,0.0
ACT-INF,ACT,HEALTH CENTER,August,YES,RURAL,1516.0,9.0,361.0,-369,1223.0,3.8,Adequate,322.0,349.0
PYRA-SAC,PYRA,HEALTH CENTER,November,NO,URBAN,2278.0,411.0,551.0,282,1556.0,3.3,Adequate,467.0,4812.0
ACT-GC,ACT,HEALTH CENTER,November,NO,URBAN,1814.0,1.0,254.0,-223,447.0,3.0,Adequate,151.0,201.0
ITN,PREV,HEALTH CENTER,May,YES,RURAL,69.0,54.0,54.0,-286,1357.0,14.3,Overstock,95.0,1.0
RDT,DIAG,HEALTH CENTER,August,YES,URBAN,2094.0,135.0,301.0,158,1592.0,9.3,Overstock,172.0,619.0
ACT-INF,ACT,HEALTH CENTER,November,NO,RURAL,656.0,1354.0,455.0,93,1742.0,4.5,Adequate,389.0,545.0
ACT-GC,ACT,HEALTH CENTER,August,YES,RURAL,936.0,379.0,757.0,-54,1761.0,2.6,Low,685.0,4443.0
ART-SUP,ART,HEALTH CENTER,February,NO,RURAL,150.0,160.0,124.0,-523,830.0,14.6,Overstock,57.0,395.0
ART-SUP,ART,HEALTH CENTER,February,NO,RURAL,142.0,4.0,29.0,-624,47.0,47.0,Overstock,1.0,179.0
ACT-SC,ACT,HEALTH CENTER,August,YES,URBAN,649.0,73.0,90.0,682,856.0,27.6,Overstock,31.0,0.0
SP,SP,HEALTH CENTER,February,NO,URBAN,10.0,0.0,108.0,153,24.0,0.2,Critical,127.0,38.0
ACT-SC,ACT,HEALTH CENTER,August,YES,RURAL,2298.0,27.0,827.0,-413,2658.0,7.8,Overstock,341.0,1418.0
ACT-SC,ACT,HEALTH CENTER,August,YES,RURAL,552.0,0.0,107.0,-1199,49.0,0.5,Critical,90.0,45.0
ACT-SC,ACT,HEALTH CENTER,May,YES,URBAN,1242.0,0.0,276.0,109,938.0,3.9,Adequate,240.0,38.0
ART-INJ,ART,HEALTH CENTER,February,NO,RURAL,715.0,275.0,109.0,373,151.0,4.4,Adequate,34.0,23.0
ITN,PREV,HEALTH CENTER,February,NO,RURAL,150.0,3.0,221.0,60,95.0,0.5,Critical,197.0,379.0
ACT-INF,ACT,HEALTH CENTER,May,YES,URBAN,1536.0,0.0,149.0,-143,374.0,3.5,Adequate,106.0,890.0
PYRA-SAC,PYRA,HEALTH CENTER,August,YES,RURAL,1.0,1.0,1.0,-646,28.0,,Unknown,0.0,0.0
ACT-AD,ACT,HEALTH CENTER,February,NO,URBAN,92.0,2.0,10.0,-236,5.0,2.5,Low,2.0,2784.0
ITN,PREV,HEALTH CENTER,February,NO,URBAN,106.0,3.0,37.0,35,19.0,1.0,Critical,19.0,1359.0
RDT,DIAG,HEALTH CENTER,February,NO,URBAN,41.0,2163.0,85.0,-250,697.0,3.3,Adequate,210.0,1755.0
QUIN,SP,HEALTH CENTER,May,YES,RURAL,184.0,1.0,25.0,150,104.0,7.4,Overstock,14.0,287.0
RDT,DIAG,HEALTH CENTER,August,YES,URBAN,2159.0,283.0,512.0,-479,1860.0,4.8,Adequate,385.0,822.0
ART-SUP,ART,HEALTH CENTER,November,NO,RURAL,158.0,974.0,22.0,-276,717.0,31.2,Overstock,23.0,0.0
RDT,DIAG,HEALTH CENTER,August,YES,RURAL,1230.0,34.0,517.0,-192,836.0,3.1,Adequate,271.0,4611.0
ITN,PREV,HEALTH CENTER,November,NO,URBAN,136.0,3621.0,41.0,214,503.0,35.9,Overstock,14.0,0.0
ART-INJ,ART,HOSPITAL,November,NO,URBAN,1134.0,138.0,73.0,144,1065.0,59.2,Overstock,18.0,209.0
RDT,DIAG,HEALTH CENTER,August,YES,RURAL,868.0,238.0,85.0,-105,315.0,1.1,Low,291.0,2835.0
ACT-INF,ACT,HEALTH CENTER,May,YES,URBAN,540.0,3.0,597.0,53,201.0,3.7,Adequate,55.0,0.0
ACT-SC,ACT,HOSPITAL,February,NO,RURAL,759.0,6.0,95.0,75,802.0,7.9,Overstock,101.0,84.0
QUIN,SP,HEALTH CENTER,February,NO,URBAN,148.0,53.0,74.0,-80,90.0,5.0,Adequate,18.0,66.0
ART-SUP,ART,HEALTH CENTER,February,NO,URBAN,2846.0,108.0,517.0,-6,2088.0,15.0,Overstock,139.0,552.0
QUIN,SP,HEALTH CENTER,November,NO,URBAN,4200.0,0.0,244.0,146,458.0,0.8,Critical,560.0,1153.0
QUIN,SP,HEALTH CENTER,November,NO,RURAL,221.0,0.0,66.0,122,157.0,12.1,Overstock,13.0,0.0
SP,SP,HEALTH CENTER,November,NO,URBAN,2001.0,0.0,441.0,-301,700.0,1.1,Low,649.0,566.0
QUIN,SP,HEALTH CENTER,August,YES,RURAL,1316.0,2484.0,634.0,28,5414.0,10.5,Overstock,518.0,9788.0
ITN,PREV,HEALTH CENTER,November,NO,RURAL,1334.0,23.0,348.0,63,782.0,4.0,Adequate,194.0,62.0
PYRA-SAC,PYRA,HEALTH CENTER,May,YES,RURAL,48.0,15.0,20.0,266,28.0,2.8,Low,10.0,1529.0
QUIN,SP,HEALTH CENTER,November,NO,RURAL,532.0,26.0,120.0,-177,369.0,3.1,Adequate,120.0,4.0
ACT-INF,ACT,HEALTH CENTER,February,NO,URBAN,253.0,0.0,116.0,197,132.0,4.3,Adequate,31.0,539.0
ACT-INF,ACT,HEALTH CENTER,November,NO,RURAL,287.0,1.0,108.0,-47,275.0,0.8,Critical,335.0,0.0
ACT-SC,ACT,HEALTH CENTER,February,NO,RURAL,1162.0,0.0,71.0,-477,87.0,2.4,Low,36.0,5358.0
ACT-INF,ACT,HEALTH CENTER,February,NO,RURAL,1754.0,0.0,313.0,504,1669.0,12.6,Overstock,132.0,5239.0
RDT,DIAG,HEALTH CENTER,May,YES,RURAL,919.0,461.0,848.0,-520,857.0,1.0,Critical,847.0,502.0
RDT,DIAG,HEALTH CENTER,February,NO,RURAL,1892.0,1630.0,1101.0,-811,3004.0,6.6,Overstock,454.0,4060.0
SP,SP,HEALTH CENTER,November,NO,URBAN,2.0,58.0,93.0,594,21.0,3.0,Adequate,7.0,20.0
ART-SUP,ART,HEALTH CENTER,February,NO,URBAN,371.0,13.0,128.0,-792,182.0,0.6,Critical,323.0,841.0
ACT-AD,ACT,HEALTH CENTER,February,NO,URBAN,1501.0,322.0,788.0,-758,3829.0,7.9,Overstock,483.0,17.0
ACT-INF,ACT,HEALTH CENTER,August,YES,RURAL,871.0,0.0,102.0,-204,393.0,5.0,Adequate,78.0,980.0
ACT-SC,ACT,HOSPITAL,May,YES,RURAL,164.0,0.0,21.0,545,115.0,23.0,Overstock,5.0,607.0
PYRA-COMP,PYRA,HEALTH CENTER,February,NO,RURAL,1293.0,11.0,423.0,-624,605.0,1.5,Low,406.0,190.0
PYRA-COMP,PYRA,HEALTH CENTER,November,NO,RURAL,478.0,0.0,276.0,291,193.0,0.4,Critical,436.0,1.0
ART-SUP,ART,HEALTH CENTER,August,YES,RURAL,647.0,41.0,311.0,-96,308.0,1.3,Low,230.0,1.0
PYRA-COMP,PYRA,HEALTH CENTER,November,NO,URBAN,1342.0,6.0,257.0,288,1782.0,22.8,Overstock,78.0,120.0
ACT-INF,ACT,HEALTH CENTER,August,YES,RURAL,1372.0,0.0,143.0,-694,427.0,3.0,Adequate,144.0,0.0
ACT-GC,ACT,HOSPITAL,August,YES,RURAL,399.0,0.0,217.0,549,33.0,0.3,Critical,130.0,3.0
RDT,DIAG,HEALTH CENTER,August,YES,URBAN,1864.0,79.0,525.0,-134,1152.0,2.8,Low,412.0,1201.0
ART-INJ,ART,HEALTH CENTER,February,NO,RURAL,7.0,0.0,2.0,-107,10.0,2.0,Low,5.0,0.0
PYRA-SAC,PYRA,HEALTH CENTER,May,YES,RURAL,883.0,42.0,106.0,89,659.0,22.7,Overstock,29.0,0.0
PYRA-COMP,PYRA,HEALTH CENTER,August,YES,RURAL,1210.0,149.0,38.0,-267,1944.0,36.0,Overstock,54.0,194.0
SP,SP,HEALTH CENTER,May,YES,URBAN,254.0,44.0,153.0,-69,368.0,8.0,Overstock,46.0,55.0
ART-INJ,ART,HEALTH CENTER,February,NO,RURAL,1702.0,669.0,472.0,-139,1353.0,6.7,Overstock,203.0,709.0
ITN,PREV,HEALTH CENTER,November,NO,RURAL,11.0,33.0,36.0,307,6.0,6.0,Overstock,1.0,1.0
ACT-INF,ACT,HEALTH CENTER,May,YES,URBAN,3124.0,12.0,740.0,107,3120.0,7.6,Overstock,412.0,159.0
RDT,DIAG,HEALTH CENTER,February,NO,RURAL,15.0,1.0,70.0,425,3.0,0.0,Stockout,109.0,1.0
ART-INJ,ART,HEALTH CENTER,May,YES,RURAL,1792.0,91.0,599.0,-301,348.0,0.6,Critical,550.0,17939.0
PYRA-COMP,PYRA,HEALTH CENTER,November,NO,RURAL,379.0,772.0,122.0,653,1716.0,114.4,Overstock,15.0,0.0
QUIN,SP,HEALTH CENTER,November,NO,URBAN,117.0,4.0,37.0,-428,25.0,5.0,Adequate,5.0,85.0
ACT-SC,ACT,HEALTH CENTER,November,NO,RURAL,2369.0,0.0,904.0,424,861.0,0.9,Critical,907.0,33.0
ART-SUP,ART,HEALTH CENTER,November,NO,RURAL,101.0,742.0,54.0,803,794.0,88.2,Overstock,9.0,68.0
PYRA-SAC,PYRA,HOSPITAL,February,NO,RURAL,15.0,90.0,43.0,139,189.0,5.7,Overstock,33.0,2019.0
RDT,DIAG,HEALTH CENTER,May,YES,RURAL,156.0,0.0,106.0,-472,77.0,4.8,Adequate,16.0,0.0
QUIN,SP,HEALTH CENTER,February,NO,URBAN,739.0,0.0,216.0,-157,494.0,4.8,Adequate,104.0,17.0
PYRA-SAC,PYRA,HEALTH CENTER,February,NO,RURAL,634.0,895.0,415.0,27,409.0,2.2,Low,186.0,52652.0
ACT-INF,ACT,HEALTH CENTER,November,NO,RURAL,453.0,34.0,128.0,473,1392.0,13.4,Overstock,104.0,1121.0
ACT-GC,ACT,HEALTH CENTER,May,YES,URBAN,65.0,1.0,109.0,-506,34.0,0.2,Critical,161.0,891.0
ACT-SC,ACT,HEALTH CENTER,November,NO,RURAL,6327.0,874.0,418.0,-220,2793.0,9.0,Overstock,312.0,4.0
ART-SUP,ART,HEALTH CENTER,August,YES,RURAL,114.0,143.0,12.0,-518,388.0,64.7,Overstock,6.0,289.0
PYRA-SAC,PYRA,HEALTH CENTER,February,NO,URBAN,180.0,9.0,110.0,243,543.0,17.5,Overstock,31.0,522.0
SP,SP,HEALTH CENTER,February,NO,RURAL,7435.0,158.0,208.0,944,8224.0,117.5,Overstock,70.0,3.0
ACT-AD,ACT,HEALTH CENTER,May,YES,RURAL,737.0,89.0,106.0,-401,1176.0,24.0,Overstock,49.0,638.0
ART-INJ,ART,HEALTH CENTER,November,NO,RURAL,3392.0,0.0,502.0,350,5065.0,11.5,Overstock,441.0,0.0
PYRA-COMP,PYRA,HEALTH CENTER,February,NO,RURAL,861.0,4013.0,588.0,-389,3739.0,11.6,Overstock,321.0,0.0
QUIN,SP,HEALTH CENTER,August,YES,RURAL,171.0,3.0,335.0,602,494.0,3.4,Adequate,146.0,5.0
ACT-GC,ACT,HEALTH CENTER,August,YES,RURAL,299.0,811.0,492.0,82,983.0,2.8,Low,348.0,0.0
ART-SUP,ART,HEALTH CENTER,May,YES,URBAN,24.0,19.0,5.0,46,41.0,13.7,Overstock,3.0,955.0
PYRA-COMP,PYRA,HEALTH CENTER,August,YES,RURAL,2.0,2.0,2.0,-452,7.0,1.4,Low,5.0,1.0
RDT,DIAG,HEALTH CENTER,August,YES,RURAL,8616.0,0.0,1087.0,173,7677.0,9.5,Overstock,812.0,51.0
PYRA-COMP,PYRA,HEALTH CENTER,May,YES,RURAL,523.0,0.0,143.0,-142,116.0,0.9,Critical,133.0,0.0
RDT,DIAG,HEALTH CENTER,August,YES,RURAL,1443.0,51.0,61.0,-71,1608.0,43.5,Overstock,37.0,5.0
ACT-GC,ACT,HEALTH CENTER,May,YES,RURAL,1745.0,1473.0,1051.0,-715,2785.0,3.9,Adequate,719.0,1670.0
ACT-AD,ACT,HEALTH CENTER,August,YES,URBAN,1054.0,37.0,459.0,487,764.0,1.0,Critical,751.0,1303.0
ACT-SC,ACT,HEALTH CENTER,February,NO,URBAN,1999.0,81.0,564.0,94,1857.0,5.2,Overstock,354.0,174.0
ACT-SC,ACT,HEALTH CENTER,May,YES,URBAN,2048.0,10.0,672.0,474,3352.0,7.3,Overstock,460.0,0.0
PYRA-COMP,PYRA,HEALTH CENTER,November,NO,RURAL,60.0,4.0,43.0,-171,42.0,2.8,Low,15.0,0.0
RDT,DIAG,HEALTH CENTER,August,YES,RURAL,1515.0,359.0,437.0,-1009,1298.0,2.3,Low,564.0,1408.0
PYRA-COMP,PYRA,HEALTH CENTER,February,NO,RURAL,1811.0,1354.0,462.0,324,3400.0,4.0,Adequate,852.0,0.0
PYRA-SAC,PYRA,HEALTH CENTER,May,YES,RURAL,1464.0,36.0,271.0,-163,1213.0,6.7,Overstock,180.0,320.0
QUIN,SP,HEALTH CENTER,November,NO,RURAL,129.0,690.0,133.0,-326,1339.0,26.3,Overstock,51.0,0.0
ACT-INF,ACT,HEALTH CENTER,August,YES,RURAL,26.0,7.0,69.0,-19,346.0,3.7,Adequate,93.0,155.0
ACT-INF,ACT,HEALTH CENTER,November,NO,URBAN,1214.0,0.0,75.0,-578,62.0,1.5,Low,42.0,0.0
SP,SP,HOSPITAL,August,YES,URBAN,948.0,1.0,492.0,442,1572.0,13.0,Overstock,121.0,143.0
ACT-AD,ACT,HEALTH CENTER,November,NO,URBAN,142.0,62.0,74.0,1088,453.0,10.1,Overstock,45.0,174.0
PYRA-COMP,PYRA,HEALTH CENTER,February,NO,URBAN,1548.0,0.0,107.0,-325,981.0,16.4,Overstock,60.0,0.0
ACT-INF,ACT,HEALTH CENTER,August,YES,RURAL,216.0,1090.0,216.0,302,513.0,3.2,Adequate,159.0,6150.0
ACT-AD,ACT,HEALTH CENTER,May,YES,RURAL,3082.0,137.0,257.0,166,3165.0,13.1,Overstock,242.0,0.0
ACT-SC,ACT,HEALTH CENTER,February,NO,RURAL,974.0,1.0,161.0,582,1543.0,21.7,Overstock,71.0,0.0
ART-INJ,ART,HEALTH CENTER,November,NO,RURAL,566.0,1845.0,307.0,-638,288.0,1.2,Low,232.0,49.0
ACT-SC,ACT,HEALTH CENTER,May,YES,RURAL,760.0,270.0,267.0,232,538.0,9.1,Overstock,59.0,58.0
RDT,DIAG,HEALTH CENTER,February,NO,RURAL,731.0,2.0,425.0,-933,227.0,0.4,Critical,521.0,7258.0
ART-SUP,ART,HEALTH CENTER,May,YES,RURAL,1444.0,245.0,648.0,-118,1423.0,4.0,Adequate,357.0,90.0
QUIN,SP,HEALTH CENTER,November,NO,RURAL,47.0,1185.0,109.0,81,24.0,0.3,Critical,85.0,3451.0
RDT,DIAG,HEALTH CENTER,August,YES,URBAN,1003.0,124.0,659.0,375,1186.0,3.2,Adequate,375.0,3727.0
RDT,DIAG,HEALTH CENTER,November,NO,RURAL,707.0,30.0,63.0,-738,1279.0,31.2,Overstock,41.0,0.0
ACT-SC,ACT,HEALTH CENTER,August,YES,URBAN,487.0,272.0,15.0,-17,113.0,1.5,Low,76.0,240.0
ACT-AD,ACT,HEALTH CENTER,November,NO,RURAL,572.0,11.0,54.0,-360,530.0,11.0,Overstock,48.0,28.0
QUIN,SP,HEALTH CENTER,August,YES,RURAL,889.0,0.0,332.0,411,772.0,2.2,Low,351.0,66.0
PYRA-COMP,PYRA,HEALTH CENTER,May,YES,RURAL,2543.0,126.0,465.0,273,1380.0,1.7,Low,791.0,31.0
RDT,DIAG,HEALTH CENTER,May,YES,RURAL,713.0,0.0,18.0,-1091,91.0,2.5,Low,37.0,3062.0
QUIN,SP,HEALTH CENTER,February,NO,URBAN,293.0,747.0,387.0,273,750.0,1.8,Low,418.0,0.0
PYRA-SAC,PYRA,HEALTH CENTER,February,NO,RURAL,1118.0,717.0,553.0,-610,2031.0,5.4,Overstock,377.0,309.0
RDT,DIAG,HEALTH CENTER,August,YES,RURAL,1.0,107.0,0.0,-300,3.0,3.0,Adequate,1.0,0.0
ACT-GC,ACT,HEALTH CENTER,May,YES,URBAN,1084.0,116.0,385.0,-19,2452.0,3.4,Adequate,727.0,7.0
ACT-AD,ACT,HEALTH CENTER,February,NO,URBAN,1159.0,447.0,235.0,-377,2351.0,16.6,Overstock,142.0,0.0
ART-INJ,ART,HEALTH CENTER,February,NO,URBAN,1555.0,22.0,145.0,-50,386.0,2.8,Low,139.0,234.0
SP,SP,HEALTH CENTER,November,NO,URBAN,6733.0,22.0,2432.0,-463,4571.0,1.2,Low,3824.0,131.0
SP,SP,HEALTH CENTER,November,NO,RURAL,43.0,0.0,81.0,84,301.0,14.3,Overstock,21.0,1485.0
ACT-INF,ACT,HEALTH CENTER,February,NO,RURAL,179.0,0.0,23.0,-264,26.0,3.7,Adequate,7.0,1382.0
PYRA-COMP,PYRA,HEALTH CENTER,February,NO,RURAL,53.0,428.0,75.0,670,252.0,5.1,Overstock,49.0,575.0
ART-INJ,ART,HEALTH CENTER,November,NO,URBAN,490.0,4.0,208.0,-137,1185.0,16.5,Overstock,72.0,2.0
ACT-SC,ACT,HEALTH CENTER,November,NO,RURAL,1610.0,71.0,394.0,-4,657.0,1.1,Low,594.0,2313.0
ACT-GC,ACT,HEALTH CENTER,February,NO,RURAL,2385.0,54.0,656.0,-95,4927.0,10.0,Overstock,495.0,1.0
ACT-AD,ACT,HEALTH CENTER,November,NO,RURAL,10.0,71.0,3.0,-647,54.0,54.0,Overstock,1.0,16.0
PYRA-SAC,PYRA,HEALTH CENTER,August,YES,RURAL,158.0,350.0,75.0,1051,710.0,27.3,Overstock,26.0,1293.0
PYRA-COMP,PYRA,HEALTH CENTER,May,YES,RURAL,56.0,28.0,59.0,70,166.0,4.9,Adequate,34.0,528.0
RDT,DIAG,HEALTH CENTER,May,YES,RURAL,4149.0,34.0,344.0,964,4812.0,5.9,Overstock,812.0,1133.0
ACT-SC,ACT,HEALTH CENTER,November,NO,RURAL,652.0,55.0,114.0,-563,765.0,6.7,Overstock,114.0,0.0
RDT,DIAG,HEALTH CENTER,February,NO,URBAN,768.0,3.0,88.0,-122,75.0,4.2,Adequate,18.0,2.0
ITN,PREV,HEALTH CENTER,August,YES,RURAL,545.0,228.0,62.0,68,289.0,48.2,Overstock,6.0,1195.0
PYRA-SAC,PYRA,HEALTH CENTER,November,NO,RURAL,424.0,788.0,443.0,879,181.0,0.7,Critical,269.0,156.0
ITN,PREV,HEALTH CENTER,August,YES,RURAL,401.0,40.0,73.0,-128,202.0,1.7,Low,116.0,120.0
PYRA-SAC,PYRA,HEALTH CENTER,August,YES,RURAL,3288.0,5.0,501.0,136,2219.0,8.2,Overstock,269.0,82.0
ACT-SC,ACT,HEALTH CENTER,November,NO,URBAN,2804.0,26.0,565.0,-852,1261.0,5.3,Overstock,239.0,2.0
QUIN,SP,HEALTH CENTER,May,YES,RURAL,669.0,0.0,135.0,-244,443.0,5.0,Adequate,88.0,1.0
ACT-SC,ACT,HEALTH CENTER,November,NO,RURAL,103.0,280.0,124.0,-602,323.0,4.8,Adequate,67.0,1056.0
PYRA-SAC,PYRA,HOSPITAL,February,NO,RURAL,872.0,589.0,467.0,804,3697.0,6.0,Overstock,615.0,3.0
ACT-AD,ACT,HEALTH CENTER,November,NO,URBAN,516.0,37.0,376.0,-788,570.0,2.0,Low,283.0,36.0
ACT-AD,ACT,HOSPITAL,May,YES,URBAN,551.0,26.0,51.0,-547,634.0,17.1,Overstock,37.0,130.0
SP,SP,HEALTH CENTER,August,YES,RURAL,1669.0,2.0,320.0,-335,1412.0,2.2,Low,653.0,10.0
ACT-SC,ACT,HEALTH CENTER,February,NO,RURAL,4646.0,0.0,544.0,-281,1670.0,11.2,Overstock,149.0,1007.0
ART-SUP,ART,HEALTH CENTER,August,YES,RURAL,164.0,7.0,8.0,-119,882.0,98.0,Overstock,9.0,0.0
QUIN,SP,HEALTH CENTER,February,NO,RURAL,10615.0,9.0,1559.0,766,10306.0,9.5,Overstock,1090.0,4400.0
ACT-GC,ACT,HEALTH CENTER,August,YES,URBAN,508.0,0.0,49.0,-587,261.0,0.9,Critical,282.0,25.0
ART-SUP,ART,HEALTH CENTER,August,YES,RURAL,2168.0,379.0,309.0,545,2960.0,15.3,Overstock,193.0,0.0
ACT-GC,ACT,HEALTH CENTER,August,YES,RURAL,2483.0,1.0,2291.0,-158,3737.0,2.6,Low,1437.0,3960.0
ACT-SC,ACT,HEALTH CENTER,May,YES,RURAL,10.0,0.0,1.0,764,4.0,0.4,Critical,11.0,5.0
SP,SP,HEALTH CENTER,August,YES,URBAN,1562.0,44.0,82.0,-12,1252.0,19.6,Overstock,64.0,0.0
ART-SUP,ART,HEALTH CENTER,February,NO,RURAL,1517.0,156.0,383.0,-90,786.0,5.4,Overstock,145.0,151.0
ACT-GC,ACT,HEALTH CENTER,February,NO,RURAL,524.0,1.0,152.0,-140,661.0,33.0,Overstock,20.0,0.0
PYRA-SAC,PYRA,HEALTH CENTER,August,YES,URBAN,26.0,126.0,21.0,-10,6.0,6.0,Overstock,1.0,610.0
PYRA-SAC,PYRA,HEALTH CENTER,May,YES,URBAN,1105.0,1438.0,400.0,-100,266.0,0.9,Critical,296.0,192.0
ACT-SC,ACT,HEALTH CENTER,November,NO,RURAL,2312.0,270.0,693.0,-242,3530.0,4.8,Adequate,728.0,660.0
SP,SP,HEALTH CENTER,May,YES,URBAN,41.0,0.0,42.0,268,5.0,0.1,Critical,37.0,29.0
ACT-GC,ACT,HEALTH CENTER,November,NO,URBAN,563.0,0.0,6.0,-131,296.0,49.3,Overstock,6.0,0.0
ACT-SC,ACT,HEALTH CENTER,November,NO,URBAN,1022.0,0.0,19.0,118,1033.0,103.3,Overstock,10.0,55.0
ACT-AD,ACT,HEALTH CENTER,August,YES,RURAL,77.0,0.0,98.0,349,4.0,0.0,Stockout,102.0,1633.0
ART-INJ,ART,HEALTH CENTER,May,YES,URBAN,1274.0,263.0,277.0,237,446.0,1.1,Low,419.0,158.0
QUIN,SP,HOSPITAL,May,YES,RURAL,302.0,11.0,2.0,-144,76.0,38.0,Overstock,2.0,0.0
PYRA-SAC,PYRA,HEALTH CENTER,May,YES,RURAL,36.0,428.0,2.0,177,300.0,,Unknown,0.0,1.0
ITN,PREV,HEALTH CENTER,August,YES,RURAL,482.0,9.0,6.0,-299,225.0,225.0,Overstock,1.0,0.0
SP,SP,HOSPITAL,November,NO,RURAL,65.0,5.0,65.0,119,139.0,1.1,Low,121.0,17.0
ART-INJ,ART,HEALTH CENTER,August,YES,URBAN,3036.0,4.0,599.0,-349,1820.0,2.6,Low,708.0,0.0
SP,SP,HEALTH CENTER,August,YES,RURAL,657.0,33.0,108.0,-482,1715.0,7.1,Overstock,240.0,0.0
ART-SUP,ART,HEALTH CENTER,May,YES,RURAL,1697.0,107.0,338.0,287,1715.0,24.5,Overstock,70.0,358.0
ACT-SC,ACT,HEALTH CENTER,August,YES,URBAN,1779.0,598.0,1047.0,551,1393.0,2.1,Low,667.0,7726.0
ACT-SC,ACT,HEALTH CENTER,November,NO,RURAL,341.0,166.0,182.0,329,597.0,6.2,Overstock,96.0,0.0
ACT-AD,ACT,HEALTH CENTER,August,YES,URBAN,1660.0,3.0,312.0,-78,3450.0,10.5,Overstock,330.0,4.0
PYRA-SAC,PYRA,HOSPITAL,February,NO,RURAL,407.0,112.0,320.0,-223,1455.0,7.9,Overstock,184.0,3189.0
ITN,PREV,HEALTH CENTER,May,YES,URBAN,313.0,41.0,285.0,-187,501.0,1.5,Low,327.0,1172.0
ART-SUP,ART,HEALTH CENTER,August,YES,RURAL,5382.0,18.0,473.0,-198,1604.0,9.4,Overstock,171.0,21.0
PYRA-SAC,PYRA,HEALTH CENTER,November,NO,RURAL,1790.0,10.0,158.0,459,642.0,6.1,Overstock,106.0,113.0
QUIN,SP,HOSPITAL,November,NO,RURAL,244.0,0.0,175.0,365,1512.0,20.4,Overstock,74.0,1.0
ART-INJ,ART,HEALTH CENTER,August,YES,URBAN,564.0,0.0,142.0,756,571.0,3.4,Adequate,170.0,99.0
ACT-GC,ACT,HEALTH CENTER,May,YES,RURAL,1908.0,13.0,650.0,-664,1220.0,1.8,Low,685.0,85.0
ACT-SC,ACT,HEALTH CENTER,February,NO,RURAL,1.0,4.0,0.0,561,76.0,,Unknown,0.0,0.0
PYRA-COMP,PYRA,HEALTH CENTER,August,YES,RURAL,2.0,88.0,14.0,361,6.0,2.0,Low,3.0,1.0
QUIN,SP,HEALTH CENTER,August,YES,URBAN,201.0,0.0,102.0,-485,203.0,2.2,Low,94.0,49.0
QUIN,SP,HEALTH CENTER,August,YES,URBAN,412.0,387.0,101.0,-690,1184.0,24.2,Overstock,49.0,0.0
SP,SP,HEALTH CENTER,February,NO,RURAL,2341.0,0.0,271.0,846,899.0,5.4,Overstock,167.0,39.0
ACT-AD,ACT,HEALTH CENTER,November,NO,RURAL,1308.0,901.0,1466.0,-189,2790.0,4.0,Adequate,690.0,5535.0
ART-SUP,ART,HEALTH CENTER,May,YES,RURAL,51.0,133.0,125.0,-129,40.0,0.5,Critical,87.0,2363.0
ART-SUP,ART,HEALTH CENTER,August,YES,URBAN,238.0,80.0,303.0,240,1527.0,3.1,Adequate,489.0,0.0
ACT-INF,ACT,HOSPITAL,May,YES,URBAN,718.0,2.0,223.0,120,959.0,7.3,Overstock,131.0,167.0
PYRA-SAC,PYRA,HEALTH CENTER,August,YES,URBAN,867.0,19.0,130.0,378,467.0,4.0,Adequate,118.0,0.0
ITN,PREV,HEALTH CENTER,February,NO,URBAN,492.0,0.0,108.0,475,248.0,49.6,Overstock,5.0,0.0
SP,SP,HEALTH CENTER,August,YES,URBAN,498.0,30.0,104.0,421,448.0,16.6,Overstock,27.0,162.0
ITN,PREV,HEALTH CENTER,November,NO,URBAN,812.0,517.0,337.0,283,900.0,10.0,Overstock,90.0,269.0
QUIN,SP,HEALTH CENTER,November,NO,RURAL,1524.0,0.0,9.0,-478,402.0,,Unknown,0.0,0.0
ACT-INF,ACT,HEALTH CENTER,August,YES,URBAN,933.0,0.0,61.0,-9,781.0,5.8,Overstock,134.0,587.0
ART-SUP,ART,HEALTH CENTER,November,NO,URBAN,697.0,0.0,58.0,-743,1095.0,11.5,Overstock,95.0,0.0
ACT-INF,ACT,HEALTH CENTER,February,NO,RURAL,258.0,0.0,111.0,-130,997.0,3.4,Adequate,293.0,312.0
ACT-SC,ACT,HEALTH CENTER,November,NO,URBAN,2613.0,94.0,763.0,655,3875.0,5.8,Overstock,670.0,7.0
PYRA-SAC,PYRA,HEALTH CENTER,November,NO,RURAL,29.0,4.0,86.0,1206,43.0,0.7,Critical,62.0,768.0
PYRA-COMP,PYRA,HEALTH CENTER,May,YES,RURAL,1161.0,0.0,75.0,-467,116.0,2.6,Low,45.0,2098.0
ACT-SC,ACT,HOSPITAL,November,NO,RURAL,2095.0,102.0,424.0,-852,851.0,5.7,Overstock,150.0,4233.0
SP,SP,HEALTH CENTER,November,NO,RURAL,1473.0,6.0,479.0,541,2755.0,5.8,Overstock,477.0,3.0
SP,SP,HEALTH CENTER,February,NO,URBAN,2.0,0.0,0.0,-847,5.0,,Unknown,0.0,7.0
QUIN,SP,HEALTH CENTER,February,NO,RURAL,1739.0,0.0,192.0,279,1582.0,11.2,Overstock,141.0,4.0
ART-INJ,ART,HEALTH CENTER,August,YES,RURAL,2009.0,217.0,555.0,506,4241.0,9.5,Overstock,447.0,116.0
ART-SUP,ART,HEALTH CENTER,August,YES,URBAN,14.0,298.0,174.0,-929,148.0,1.1,Low,132.0,3676.0
QUIN,SP,HEALTH CENTER,November,NO,RURAL,38.0,1.0,71.0,-332,42.0,0.4,Critical,114.0,4.0
ITN,PREV,HEALTH CENTER,February,NO,RURAL,638.0,0.0,135.0,190,1262.0,30.8,Overstock,41.0,39.0
PYRA-COMP,PYRA,HEALTH CENTER,May,YES,URBAN,317.0,0.0,21.0,262,186.0,31.0,Overstock,6.0,27.0
ACT-AD,ACT,HEALTH CENTER,August,YES,URBAN,1889.0,0.0,186.0,107,883.0,6.3,Overstock,141.0,25.0
ART-INJ,ART,HEALTH CENTER,November,NO,RURAL,3652.0,773.0,312.0,-135,1462.0,5.7,Overstock,257.0,1283.0
ITN,PREV,HEALTH CENTER,November,NO,RURAL,123.0,0.0,21.0,-167,163.0,16.3,Overstock,10.0,37.0
SP,SP,HEALTH CENTER,August,YES,URBAN,41.0,0.0,59.0,-631,17.0,0.4,Critical,46.0,0.0
RDT,DIAG,HEALTH CENTER,August,YES,URBAN,272.0,0.0,4.0,-783,168.0,168.0,Overstock,1.0,19.0
PYRA-COMP,PYRA,HEALTH CENTER,August,YES,URBAN,721.0,1.0,160.0,-787,522.0,6.0,Overstock,87.0,319.0
PYRA-SAC,PYRA,HEALTH CENTER,February,NO,URBAN,697.0,100.0,48.0,240,975.0,60.9,Overstock,16.0,805.0
ITN,PREV,HEALTH CENTER,August,YES,RURAL,477.0,185.0,18.0,52,639.0,319.5,Overstock,2.0,1.0
PYRA-COMP,PYRA,HEALTH CENTER,August,YES,RURAL,1867.0,6.0,95.0,236,1140.0,40.7,Overstock,28.0,0.0
ACT-SC,ACT,HEALTH CENTER,November,NO,RURAL,6972.0,1234.0,990.0,-496,9509.0,18.1,Overstock,526.0,0.0
ART-SUP,ART,HEALTH CENTER,August,YES,RURAL,1955.0,0.0,124.0,-317,688.0,4.8,Adequate,144.0,197.0
ACT-GC,ACT,HEALTH CENTER,May,YES,RURAL,2322.0,1.0,596.0,42,1485.0,8.5,Overstock,174.0,3772.0
ACT-INF,ACT,HEALTH CENTER,November,NO,URBAN,628.0,0.0,135.0,3,159.0,9.9,Overstock,16.0,0.0
RDT,DIAG,HEALTH CENTER,May,YES,URBAN,1118.0,577.0,278.0,-507,1032.0,1.8,Low,573.0,0.0
ART-INJ,ART,HEALTH CENTER,November,NO,RURAL,11948.0,18.0,2023.0,-291,7450.0,4.4,Adequate,1696.0,5609.0
ART-SUP,ART,HEALTH CENTER,February,NO,RURAL,555.0,1.0,382.0,44,718.0,1.3,Low,553.0,433.0
ITN,PREV,HEALTH CENTER,August,YES,RURAL,1106.0,1.0,519.0,401,209.0,0.8,Critical,249.0,3559.0
ACT-GC,ACT,HEALTH CENTER,August,YES,RURAL,3177.0,0.0,354.0,-246,2553.0,7.4,Overstock,343.0,27.0
RDT,DIAG,HEALTH CENTER,August,YES,URBAN,62.0,5.0,10.0,-250,115.0,7.2,Overstock,16.0,138.0
ART-SUP,ART,HEALTH CENTER,August,YES,RURAL,1443.0,1498.0,87.0,-81,1688.0,15.5,Overstock,109.0,1115.0
SP,SP,HEALTH CENTER,November,NO,RURAL,6412.0,31.0,993.0,50,9323.0,6.1,Overstock,1527.0,1.0
ART-SUP,ART,HEALTH CENTER,May,YES,RURAL,2052.0,2.0,83.0,155,3769.0,56.3,Overstock,67.0,0.0
RDT,DIAG,HEALTH CENTER,May,YES,RURAL,292.0,0.0,34.0,-161,92.0,6.6,Overstock,14.0,2.0
RDT,DIAG,HEALTH CENTER,November,NO,URBAN,719.0,70.0,67.0,230,1710.0,53.4,Overstock,32.0,305.0
ITN,PREV,HEALTH CENTER,November,NO,RURAL,323.0,177.0,73.0,-911,243.0,4.8,Adequate,51.0,129.0
SP,SP,HEALTH CENTER,May,YES,RURAL,1644.0,99.0,278.0,421,528.0,1.2,Low,449.0,685.0
ACT-GC,ACT,HEALTH CENTER,February,NO,RURAL,1191.0,11.0,210.0,-135,896.0,3.6,Adequate,250.0,50.0
ACT-AD,ACT,HEALTH CENTER,August,YES,URBAN,802.0,0.0,117.0,311,1088.0,7.1,Overstock,153.0,2.0
RDT,DIAG,HEALTH CENTER,August,YES,RURAL,726.0,194.0,294.0,56,1337.0,5.5,Overstock,245.0,803.0
ACT-AD,ACT,HEALTH CENTER,May,YES,RURAL,4203.0,0.0,472.0,476,1190.0,10.8,Overstock,110.0,1865.0
SP,SP,HEALTH CENTER,August,YES,RURAL,2107.0,1.0,979.0,52,363.0,0.4,Critical,916.0,7660.0
RDT,DIAG,HOSPITAL,February,NO,RURAL,387.0,206.0,618.0,-508,1503.0,5.4,Overstock,280.0,4744.0
ACT-AD,ACT,HEALTH CENTER,May,YES,RURAL,324.0,4.0,49.0,-101,25.0,2.5,Low,10.0,281.0
QUIN,SP,HEALTH CENTER,November,NO,URBAN,284.0,0.0,1.0,186,61.0,,Unknown,0.0,0.0
ACT-INF,ACT,HEALTH CENTER,November,NO,RURAL,23.0,10.0,109.0,-234,28.0,1.4,Low,20.0,0.0
ACT-SC,ACT,HOSPITAL,November,NO,URBAN,1035.0,9.0,63.0,703,537.0,1.8,Low,301.0,2357.0
PYRA-SAC,PYRA,HEALTH CENTER,February,NO,RURAL,1768.0,13.0,329.0,-542,1704.0,71.0,Overstock,24.0,0.0
ITN,PREV,HOSPITAL,February,NO,RURAL,143.0,0.0,82.0,-113,41.0,0.8,Critical,52.0,237.0
SP,SP,HOSPITAL,August,YES,RURAL,874.0,305.0,136.0,-93,1073.0,20.6,Overstock,52.0,9.0
PYRA-COMP,PYRA,HEALTH CENTER,November,NO,URBAN,1801.0,173.0,279.0,443,1656.0,9.7,Overstock,170.0,1180.0
PYRA-COMP,PYRA,HOSPITAL,May,YES,RURAL,1129.0,49.0,584.0,621,2189.0,6.3,Overstock,345.0,2424.0
ACT-INF,ACT,HEALTH CENTER,November,NO,URBAN,583.0,0.0,286.0,77,127.0,0.7,Critical,173.0,5089.0
ACT-GC,ACT,HEALTH CENTER,May,YES,RURAL,1910.0,153.0,334.0,-726,4350.0,11.6,Overstock,376.0,388.0
PYRA-COMP,PYRA,HEALTH CENTER,August,YES,RURAL,14.0,0.0,0.0,-320,4.0,,Unknown,0.0,730.0
ART-INJ,ART,HEALTH CENTER,November,NO,RURAL,1144.0,101.0,76.0,527,1644.0,12.8,Overstock,128.0,21.0
ACT-SC,ACT,HOSPITAL,February,NO,RURAL,930.0,48.0,766.0,-672,1586.0,1.9,Low,831.0,2.0
ITN,PREV,HEALTH CENTER,May,YES,RURAL,473.0,6.0,135.0,-69,933.0,17.0,Overstock,55.0,14.0
PYRA-COMP,PYRA,HEALTH CENTER,February,NO,RURAL,202.0,18.0,105.0,447,964.0,28.4,Overstock,34.0,285.0
ART-SUP,ART,HEALTH CENTER,May,YES,RURAL,129.0,0.0,24.0,594,151.0,2.4,Low,64.0,200.0
ART-INJ,ART,HEALTH CENTER,November,NO,RURAL,913.0,438.0,356.0,-61,778.0,2.2,Low,349.0,173.0
ACT-AD,ACT,HOSPITAL,August,YES,RURAL,472.0,26.0,257.0,-376,670.0,4.8,Adequate,140.0,0.0
QUIN,SP,HEALTH CENTER,May,YES,RURAL,101.0,0.0,11.0,-449,173.0,86.5,Overstock,2.0,0.0
ITN,PREV,HEALTH CENTER,November,NO,URBAN,232.0,173.0,304.0,254,261.0,1.9,Low,137.0,3232.0
PYRA-COMP,PYRA,HEALTH CENTER,February,NO,URBAN,35.0,716.0,18.0,-56,113.0,22.6,Overstock,5.0,0.0
ACT-AD,ACT,HEALTH CENTER,May,YES,RURAL,262.0,15.0,181.0,151,33.0,2.5,Low,13.0,135.0
ACT-AD,ACT,HEALTH CENTER,November,NO,RURAL,215.0,1.0,187.0,123,414.0,7.5,Overstock,55.0,0.0
ACT-SC,ACT,HEALTH CENTER,November,NO,RURAL,525.0,663.0,376.0,28,851.0,1.7,Low,513.0,12.0
ITN,PREV,HEALTH CENTER,May,YES,URBAN,1211.0,13.0,76.0,123,1783.0,61.5,Overstock,29.0,0.0
PYRA-SAC,PYRA,HEALTH CENTER,August,YES,URBAN,2429.0,1146.0,1074.0,431,6050.0,14.0,Overstock,432.0,0.0
ACT-GC,ACT,HOSPITAL,August,YES,URBAN,115.0,0.0,9.0,-123,6.0,,Unknown,0.0,0.0
ACT-SC,ACT,HEALTH CENTER,November,NO,URBAN,1666.0,0.0,567.0,-76,822.0,1.9,Low,437.0,0.0
ART-INJ,ART,HEALTH CENTER,August,YES,URBAN,234.0,1289.0,340.0,840,1207.0,6.0,Overstock,202.0,4773.0
ACT-AD,ACT,HEALTH CENTER,November,NO,RURAL,256.0,185.0,293.0,-427,462.0,0.9,Critical,517.0,2946.0
RDT,DIAG,HEALTH CENTER,November,NO,RURAL,1211.0,2.0,138.0,-309,347.0,8.3,Overstock,42.0,6.0
ART-SUP,ART,HEALTH CENTER,August,YES,RURAL,348.0,28.0,91.0,-212,113.0,2.1,Low,53.0,0.0
ACT-SC,ACT,HEALTH CENTER,May,YES,RURAL,127.0,1.0,132.0,119,205.0,1.6,Low,125.0,177.0
ACT-GC,ACT,HEALTH CENTER,November,NO,URBAN,6203.0,0.0,731.0,-295,2422.0,9.2,Overstock,262.0,0.0
PYRA-COMP,PYRA,HEALTH CENTER,August,YES,RURAL,38.0,0.0,16.0,-648,32.0,,Unknown,0.0,0.0
ACT-GC,ACT,HEALTH CENTER,February,NO,RURAL,457.0,25.0,501.0,763,1670.0,6.1,Overstock,274.0,46.0
ACT-AD,ACT,HEALTH CENTER,February,NO,URBAN,2901.0,0.0,587.0,1,1688.0,2.2,Low,773.0,6843.0
ACT-INF,ACT,HEALTH CENTER,November,NO,RURAL,3289.0,34.0,538.0,-159,799.0,2.7,Low,296.0,5.0
ITN,PREV,HEALTH CENTER,February,NO,RURAL,115.0,0.0,12.0,157,213.0,7.3,Overstock,29.0,51.0
ART-INJ,ART,HEALTH CENTER,February,NO,RURAL,97.0,80.0,201.0,-294,31.0,0.3,Critical,108.0,3599.0
SP,SP,HEALTH CENTER,February,NO,RURAL,1510.0,1.0,293.0,-808,1789.0,14.1,Overstock,127.0,13.0
PYRA-COMP,PYRA,HEALTH CENTER,February,NO,RURAL,203.0,0.0,38.0,100,80.0,1.6,Low,49.0,979.0
ITN,PREV,HEALTH CENTER,February,NO,RURAL,165.0,124.0,36.0,240,409.0,31.5,Overstock,13.0,1333.0
ITN,PREV,HEALTH CENTER,August,YES,RURAL,901.0,1719.0,440.0,986,2692.0,12.0,Overstock,225.0,2.0
ART-SUP,ART,HEALTH CENTER,November,NO,URBAN,1193.0,447.0,79.0,-678,207.0,29.6,Overstock,7.0,0.0
PYRA-COMP,PYRA,HEALTH CENTER,May,YES,RURAL,656.0,3130.0,942.0,-294,297.0,0.5,Critical,656.0,1561.0
ITN,PREV,HEALTH CENTER,May,YES,RURAL,583.0,23.0,257.0,-504,394.0,3.5,Adequate,111.0,1449.0
QUIN,SP,HEALTH CENTER,August,YES,RURAL,914.0,103.0,199.0,664,1575.0,19.2,Overstock,82.0,76.0
ACT-SC,ACT,HEALTH CENTER,August,YES,RURAL,157.0,47.0,42.0,3,457.0,38.1,Overstock,12.0,447.0
PYRA-COMP,PYRA,HEALTH CENTER,May,YES,URBAN,280.0,1716.0,42.0,-34,594.0,45.7,Overstock,13.0,0.0
SP,SP,HEALTH CENTER,August,YES,RURAL,48.0,140.0,10.0,266,201.0,,Unknown,0.0,0.0
ACT-INF,ACT,HEALTH CENTER,February,NO,RURAL,111.0,12.0,80.0,483,190.0,1.7,Low,112.0,0.0
ACT-AD,ACT,HEALTH CENTER,May,YES,RURAL,1236.0,2.0,392.0,151,1133.0,3.3,Adequate,347.0,1063.0
ART-SUP,ART,HEALTH CENTER,May,YES,RURAL,2286.0,104.0,283.0,-410,994.0,82.8,Overstock,12.0,0.0
QUIN,SP,HEALTH CENTER,August,YES,URBAN,1001.0,0.0,304.0,-146,431.0,0.8,Critical,537.0,1487.0
RDT,DIAG,HEALTH CENTER,February,NO,URBAN,326.0,11.0,206.0,152,180.0,1.9,Low,95.0,28.0
RDT,DIAG,HEALTH CENTER,May,YES,RURAL,5857.0,7.0,802.0,-177,7880.0,8.8,Overstock,895.0,0.0
ACT-INF,ACT,HEALTH CENTER,November,NO,RURAL,795.0,0.0,97.0,954,515.0,9.5,Overstock,54.0,647.0
ACT-GC,ACT,HEALTH CENTER,November,NO,RURAL,2021.0,133.0,851.0,116,4032.0,5.5,Overstock,730.0,429.0
ACT-SC,ACT,HEALTH CENTER,February,NO,RURAL,223.0,256.0,204.0,-110,1268.0,15.3,Overstock,83.0,0.0
SP,SP,HEALTH CENTER,May,YES,URBAN,54.0,0.0,10.0,-510,52.0,26.0,Overstock,2.0,1.0
PYRA-SAC,PYRA,HEALTH CENTER,February,NO,RURAL,394.0,9.0,29.0,-375,602.0,50.2,Overstock,12.0,1.0
ACT-GC,ACT,HEALTH CENTER,August,YES,RURAL,48.0,4.0,3.0,-101,47.0,,Unknown,0.0,0.0
ACT-INF,ACT,HEALTH CENTER,August,YES,RURAL,207.0,0.0,12.0,-131,74.0,2.6,Low,28.0,17.0
QUIN,SP,HEALTH CENTER,May,YES,RURAL,1332.0,115.0,382.0,105,2393.0,4.6,Adequate,525.0,38.0
PYRA-SAC,PYRA,HEALTH CENTER,February,NO,RURAL,1008.0,1.0,188.0,-446,1111.0,6.9,Overstock,161.0,236.0
ITN,PREV,HEALTH CENTER,November,NO,RURAL,3306.0,53.0,485.0,-718,2716.0,3.7,Adequate,741.0,126.0
ACT-INF,ACT,HEALTH CENTER,February,NO,RURAL,2023.0,5.0,638.0,193,1454.0,3.3,Adequate,447.0,3845.0
ART-INJ,ART,HEALTH CENTER,May,YES,URBAN,1108.0,46.0,166.0,84,1396.0,51.7,Overstock,27.0,16.0
ACT-GC,ACT,HEALTH CENTER,February,NO,URBAN,2183.0,6.0,1445.0,350,1425.0,1.2,Low,1182.0,2954.0
ACT-SC,ACT,HEALTH CENTER,February,NO,RURAL,276.0,0.0,10.0,-25,60.0,15.0,Overstock,4.0,137.0
ITN,PREV,HEALTH CENTER,November,NO,URBAN,30.0,2.0,22.0,-128,183.0,183.0,Overstock,1.0,0.0
RDT,DIAG,HEALTH CENTER,November,NO,URBAN,133.0,5.0,62.0,873,214.0,30.6,Overstock,7.0,13.0
ACT-SC,ACT,HEALTH CENTER,November,NO,RURAL,697.0,1969.0,418.0,-360,900.0,2.3,Low,393.0,56.0
ACT-GC,ACT,HEALTH CENTER,May,YES,RURAL,2342.0,0.0,304.0,48,1231.0,7.2,Overstock,171.0,124.0
ACT-GC,ACT,HEALTH CENTER,August,YES,RURAL,14.0,13.0,37.0,625,181.0,30.2,Overstock,6.0,0.0
ART-SUP,ART,HEALTH CENTER,February,NO,RURAL,444.0,53.0,315.0,95,139.0,0.7,Critical,186.0,313.0
QUIN,SP,HEALTH CENTER,May,YES,RURAL,93.0,0.0,29.0,978,465.0,23.2,Overstock,20.0,936.0
SP,SP,HEALTH CENTER,May,YES,RURAL,207.0,40.0,106.0,-801,598.0,6.0,Overstock,99.0,226.0
ACT-SC,ACT,HEALTH CENTER,May,YES,RURAL,1014.0,82.0,417.0,589,1065.0,1.4,Low,768.0,69.0
ART-SUP,ART,HOSPITAL,August,YES,RURAL,21.0,137.0,11.0,24,133.0,6.3,Overstock,21.0,0.0
ACT-GC,ACT,HEALTH CENTER,August,YES,RURAL,842.0,16.0,504.0,-488,747.0,2.0,Low,383.0,1110.0
PYRA-COMP,PYRA,HEALTH CENTER,November,NO,URBAN,485.0,0.0,212.0,831,1008.0,21.0,Overstock,48.0,6.0
QUIN,SP,HEALTH CENTER,August,YES,URBAN,91.0,612.0,16.0,1048,710.0,13.7,Overstock,52.0,22.0
QUIN,SP,HEALTH CENTER,February,NO,RURAL,1667.0,7.0,617.0,253,2359.0,17.0,Overstock,139.0,1.0
ART-INJ,ART,HEALTH CENTER,May,YES,RURAL,1775.0,594.0,458.0,879,1568.0,2.8,Low,558.0,75.0
ART-INJ,ART,HEALTH CENTER,November,NO,RURAL,2867.0,218.0,834.0,192,3010.0,3.5,Adequate,849.0,1071.0
ART-INJ,ART,HEALTH CENTER,February,NO,RURAL,383.0,0.0,55.0,129,121.0,10.1,Overstock,12.0,3.0
SP,SP,HEALTH CENTER,February,NO,RURAL,3881.0,0.0,633.0,-26,2432.0,3.3,Adequate,745.0,3524.0
PYRA-COMP,PYRA,HEALTH CENTER,May,YES,URBAN,719.0,188.0,96.0,560,446.0,111.5,Overstock,4.0,1.0
QUIN,SP,HEALTH CENTER,August,YES,RURAL,788.0,163.0,646.0,-293,2221.0,4.3,Adequate,522.0,0.0
PYRA-COMP,PYRA,HEALTH CENTER,February,NO,RURAL,1439.0,0.0,307.0,1008,606.0,2.1,Low,287.0,4769.0
ACT-GC,ACT,HOSPITAL,November,NO,RURAL,2568.0,29.0,770.0,463,689.0,0.5,Critical,1294.0,1570.0
RDT,DIAG,HEALTH CENTER,August,YES,URBAN,109.0,316.0,619.0,-265,98.0,0.4,Critical,228.0,46.0
RDT,DIAG,HEALTH CENTER,February,NO,RURAL,7498.0,563.0,761.0,-978,2715.0,5.4,Overstock,501.0,2161.0
ITN,PREV,HEALTH CENTER,November,NO,URBAN,61.0,0.0,12.0,-77,3.0,0.2,Critical,12.0,40.0
ART-SUP,ART,HEALTH CENTER,August,YES,RURAL,254.0,0.0,63.0,462,141.0,4.4,Adequate,32.0,179.0
ART-SUP,ART,HEALTH CENTER,August,YES,RURAL,298.0,2029.0,265.0,-331,423.0,1.7,Low,254.0,1013.0
PYRA-SAC,PYRA,HEALTH CENTER,February,NO,RURAL,624.0,0.0,17.0,-149,19.0,1.0,Critical,20.0,0.0
ART-SUP,ART,HEALTH CENTER,February,NO,RURAL,110.0,29.0,136.0,72,60.0,0.6,Critical,99.0,712.0
QUIN,SP,HEALTH CENTER,November,NO,RURAL,203.0,0.0,137.0,43,401.0,2.7,Low,150.0,2439.0
RDT,DIAG,HEALTH CENTER,February,NO,URBAN,624.0,0.0,4.0,-276,114.0,,Unknown,0.0,0.0
SP,SP,HEALTH CENTER,November,NO,RURAL,573.0,0.0,43.0,211,71.0,5.1,Overstock,14.0,17.0
ACT-SC,ACT,HEALTH CENTER,August,YES,URBAN,3612.0,1.0,318.0,-69,3718.0,17.5,Overstock,212.0,82.0
ART-SUP,ART,HEALTH CENTER,November,NO,RURAL,638.0,0.0,40.0,-459,182.0,26.0,Overstock,7.0,0.0
ART-SUP,ART,HEALTH CENTER,November,NO,RURAL,782.0,7.0,132.0,329,123.0,0.6,Critical,215.0,1020.0
ACT-GC,ACT,HEALTH CENTER,February,NO,URBAN,2195.0,44.0,245.0,76,3111.0,33.8,Overstock,92.0,35.0
ART-SUP,ART,HEALTH CENTER,February,NO,URBAN,499.0,9.0,172.0,72,208.0,1.4,Low,151.0,1607.0
PYRA-COMP,PYRA,HEALTH CENTER,February,NO,URBAN,2.0,12.0,33.0,-546,49.0,24.5,Overstock,2.0,7.0
ACT-GC,ACT,HEALTH CENTER,February,NO,URBAN,170.0,215.0,51.0,156,198.0,5.8,Overstock,34.0,2.0
RDT,DIAG,HEALTH CENTER,May,YES,URBAN,1331.0,159.0,452.0,293,1703.0,8.0,Overstock,214.0,3036.0
ITN,PREV,HEALTH CENTER,August,YES,RURAL,150.0,0.0,3.0,-163,465.0,,Unknown,0.0,0.0
ACT-GC,ACT,HEALTH CENTER,August,YES,RURAL,841.0,962.0,387.0,-645,4214.0,28.1,Overstock,150.0,363.0
ACT-INF,ACT,HEALTH CENTER,November,NO,URBAN,273.0,24.0,62.0,-133,237.0,39.5,Overstock,6.0,0.0
ART-INJ,ART,HOSPITAL,November,NO,RURAL,175.0,478.0,306.0,-388,613.0,1.8,Low,343.0,2515.0
PYRA-SAC,PYRA,HEALTH CENTER,May,YES,RURAL,609.0,34.0,184.0,-63,302.0,3.9,Adequate,77.0,2316.0
ART-INJ,ART,HEALTH CENTER,November,NO,RURAL,5.0,759.0,40.0,280,30.0,1.5,Low,20.0,5.0
PYRA-SAC,PYRA,HEALTH CENTER,May,YES,URBAN,5.0,49.0,81.0,83,45.0,0.8,Critical,54.0,33.0
ITN,PREV,HEALTH CENTER,August,YES,URBAN,516.0,163.0,246.0,466,858.0,4.7,Adequate,183.0,1121.0
ART-INJ,ART,HOSPITAL,August,YES,RURAL,1007.0,4.0,338.0,322,1071.0,3.9,Adequate,277.0,138.0
ART-SUP,ART,HEALTH CENTER,August,YES,RURAL,0.0,234.0,1.0,187,15.0,,Unknown,0.0,2.0
ACT-GC,ACT,HEALTH CENTER,May,YES,URBAN,132.0,1.0,9.0,-314,272.0,30.2,Overstock,9.0,3.0
ACT-INF,ACT,HEALTH CENTER,November,NO,RURAL,303.0,102.0,217.0,430,1354.0,28.8,Overstock,47.0,932.0
ACT-AD,ACT,HEALTH CENTER,November,NO,RURAL,450.0,7.0,35.0,-435,363.0,11.3,Overstock,32.0,4.0
ART-INJ,ART,HEALTH CENTER,November,NO,RURAL,2247.0,215.0,266.0,169,1709.0,6.5,Overstock,261.0,0.0
ACT-INF,ACT,HEALTH CENTER,February,NO,RURAL,1203.0,378.0,183.0,-674,1131.0,23.6,Overstock,48.0,6.0
PYRA-SAC,PYRA,HEALTH CENTER,February,NO,RURAL,94.0,64.0,21.0,-136,9.0,1.0,Critical,9.0,0.0
ITN,PREV,HEALTH CENTER,February,NO,RURAL,183.0,18.0,62.0,-249,122.0,7.2,Overstock,17.0,84.0
ART-INJ,ART,HOSPITAL,November,NO,RURAL,1171.0,118.0,668.0,-156,2045.0,4.8,Adequate,424.0,20.0
ACT-AD,ACT,HEALTH CENTER,February,NO,RURAL,2112.0,357.0,333.0,-403,3197.0,18.9,Overstock,169.0,57.0
QUIN,SP,HEALTH CENTER,August,YES,URBAN,187.0,91.0,146.0,37,120.0,0.6,Critical,205.0,811.0
SP,SP,HEALTH CENTER,November,NO,URBAN,1784.0,230.0,1098.0,260,2859.0,5.7,Overstock,503.0,4.0
PYRA-SAC,PYRA,HEALTH CENTER,November,NO,RURAL,11.0,104.0,48.0,-59,37.0,0.2,Critical,200.0,248.0
PYRA-COMP,PYRA,HEALTH CENTER,May,YES,URBAN,1706.0,1.0,70.0,-645,528.0,26.4,Overstock,20.0,0.0
ACT-INF,ACT,HEALTH CENTER,August,YES,URBAN,1527.0,0.0,442.0,-128,4349.0,32.2,Overstock,135.0,4.0
ACT-INF,ACT,HEALTH CENTER,August,YES,RURAL,1.0,894.0,75.0,400,160.0,2.7,Low,60.0,29.0
PYRA-SAC,PYRA,HEALTH CENTER,November,NO,URBAN,3927.0,91.0,567.0,283,3354.0,5.1,Overstock,652.0,1.0
ART-INJ,ART,HOSPITAL,February,NO,URBAN,1076.0,0.0,171.0,-524,854.0,14.7,Overstock,58.0,299.0
PYRA-COMP,PYRA,HEALTH CENTER,August,YES,RURAL,1103.0,140.0,631.0,-391,2145.0,5.2,Overstock,415.0,4.0
ART-SUP,ART,HEALTH CENTER,February,NO,RURAL,424.0,19.0,34.0,-404,39.0,9.8,Overstock,4.0,159.0
PYRA-COMP,PYRA,HEALTH CENTER,February,NO,RURAL,3298.0,9.0,894.0,303,499.0,2.7,Low,184.0,11483.0
PYRA-SAC,PYRA,HEALTH CENTER,August,YES,RURAL,635.0,74.0,83.0,-214,728.0,25.1,Overstock,29.0,0.0
ACT-AD,ACT,HEALTH CENTER,August,YES,URBAN,1305.0,63.0,563.0,483,1890.0,4.9,Adequate,389.0,1.0
RDT,DIAG,HEALTH CENTER,November,NO,RURAL,2039.0,24.0,841.0,-120,2800.0,9.4,Overstock,299.0,0.0
ART-INJ,ART,HEALTH CENTER,February,NO,URBAN,3820.0,2.0,787.0,-285,4907.0,8.0,Overstock,617.0,454.0
SP,SP,HEALTH CENTER,August,YES,RURAL,1118.0,2.0,121.0,-712,274.0,0.9,Critical,308.0,1090.0
PYRA-SAC,PYRA,HEALTH CENTER,August,YES,RURAL,1983.0,0.0,474.0,-450,311.0,3.6,Adequate,86.0,284.0
ART-INJ,ART,HEALTH CENTER,February,NO,RURAL,46.0,0.0,1.0,389,3.0,,Unknown,0.0,0.0
ACT-GC,ACT,HEALTH CENTER,November,NO,RURAL,4721.0,2549.0,808.0,-860,3301.0,7.3,Overstock,454.0,0.0
ACT-SC,ACT,HEALTH CENTER,February,NO,RURAL,3193.0,1314.0,1174.0,-317,2980.0,2.8,Low,1051.0,3315.0
ITN,PREV,HEALTH CENTER,November,NO,RURAL,128.0,324.0,18.0,290,658.0,658.0,Overstock,1.0,0.0
ACT-SC,ACT,HEALTH CENTER,May,YES,RURAL,3373.0,81.0,155.0,-864,1616.0,16.2,Overstock,100.0,64.0
ART-INJ,ART,HOSPITAL,May,YES,URBAN,508.0,110.0,227.0,112,961.0,8.5,Overstock,113.0,3.0
PYRA-COMP,PYRA,HEALTH CENTER,November,NO,RURAL,671.0,133.0,248.0,27,89.0,0.3,Critical,340.0,205.0
SP,SP,HEALTH CENTER,February,NO,RURAL,232.0,126.0,154.0,33,482.0,2.4,Low,203.0,0.0
RDT,DIAG,HEALTH CENTER,February,NO,URBAN,33.0,19.0,22.0,378,299.0,17.6,Overstock,17.0,201.0
ACT-SC,ACT,HOSPITAL,November,NO,RURAL,3833.0,3409.0,1209.0,434,4295.0,4.4,Adequate,987.0,1359.0
RDT,DIAG,HEALTH CENTER,November,NO,URBAN,64.0,0.0,6.0,836,20.0,0.5,Critical,43.0,0.0
ACT-SC,ACT,HEALTH CENTER,August,YES,URBAN,513.0,31.0,434.0,-283,1471.0,6.3,Overstock,232.0,181.0
QUIN,SP,HEALTH CENTER,February,NO,RURAL,280.0,11.0,140.0,751,49.0,0.2,Critical,232.0,9.0
ART-INJ,ART,HEALTH CENTER,May,YES,URBAN,710.0,77.0,457.0,254,1297.0,3.7,Adequate,350.0,0.0
ART-INJ,ART,HEALTH CENTER,November,NO,URBAN,1103.0,34.0,202.0,-282,162.0,0.3,Critical,551.0,149.0
ACT-GC,ACT,HEALTH CENTER,November,NO,RURAL,1558.0,32.0,588.0,247,424.0,1.0,Critical,413.0,995.0
QUIN,SP,HEALTH CENTER,May,YES,URBAN,1270.0,5.0,430.0,461,2047.0,9.7,Overstock,211.0,271.0
ACT-INF,ACT,HEALTH CENTER,May,YES,RURAL,2006.0,1.0,511.0,103,601.0,2.0,Low,295.0,337.0
ACT-AD,ACT,HEALTH CENTER,February,NO,URBAN,1178.0,1553.0,407.0,177,992.0,1.1,Low,903.0,1674.0
ART-INJ,ART,HEALTH CENTER,November,NO,RURAL,1172.0,180.0,772.0,717,1058.0,1.1,Low,977.0,3861.0
ACT-INF,ACT,HEALTH CENTER,August,YES,RURAL,169.0,0.0,7.0,-255,1.0,0.1,Critical,14.0,2265.0
ACT-AD,ACT,HEALTH CENTER,August,YES,URBAN,207.0,16.0,50.0,875,1086.0,16.7,Overstock,65.0,1.0
PYRA-COMP,PYRA,HEALTH CENTER,November,NO,RURAL,1083.0,38.0,98.0,199,559.0,46.6,Overstock,12.0,106.0
ITN,PREV,HEALTH CENTER,November,NO,URBAN,635.0,0.0,318.0,-566,457.0,1.0,Critical,441.0,269.0
QUIN,SP,HEALTH CENTER,November,NO,RURAL,4697.0,88.0,1171.0,52,2729.0,1.8,Low,1546.0,246.0
ART-INJ,ART,HEALTH CENTER,May,YES,RURAL,839.0,28.0,388.0,576,483.0,1.0,Critical,503.0,415.0
ACT-GC,ACT,HEALTH CENTER,February,NO,RURAL,148.0,0.0,8.0,-49,803.0,803.0,Overstock,1.0,5.0
PYRA-SAC,PYRA,HEALTH CENTER,May,YES,URBAN,2733.0,339.0,489.0,-122,1121.0,2.0,Low,553.0,2127.0
ACT-INF,ACT,HEALTH CENTER,November,NO,URBAN,21.0,122.0,302.0,10,235.0,0.5,Critical,489.0,4080.0
ACT-SC,ACT,HEALTH CENTER,August,YES,RURAL,999.0,0.0,735.0,32,505.0,1.0,Critical,521.0,0.0
ACT-SC,ACT,HEALTH CENTER,May,YES,RURAL,393.0,1.0,211.0,78,190.0,1.9,Low,101.0,468.0
ART-INJ,ART,HEALTH CENTER,May,YES,URBAN,156.0,130.0,22.0,-259,226.0,14.1,Overstock,16.0,274.0
ACT-GC,ACT,HEALTH CENTER,August,YES,RURAL,444.0,9.0,58.0,33,334.0,23.9,Overstock,14.0,5.0
ITN,PREV,HEALTH CENTER,November,NO,URBAN,611.0,123.0,281.0,-104,1040.0,3.3,Adequate,315.0,0.0
QUIN,SP,HEALTH CENTER,February,NO,RURAL,6945.0,85.0,555.0,386,5913.0,24.2,Overstock,244.0,0.0
ACT-AD,ACT,HEALTH CENTER,August,YES,RURAL,47.0,310.0,282.0,-438,108.0,1.7,Low,64.0,0.0
ACT-SC,ACT,HEALTH CENTER,August,YES,RURAL,2064.0,1511.0,584.0,446,4571.0,5.4,Overstock,844.0,360.0
ACT-GC,ACT,HEALTH CENTER,November,NO,RURAL,1674.0,0.0,520.0,-561,312.0,0.7,Critical,442.0,1465.0
PYRA-SAC,PYRA,HEALTH CENTER,August,YES,URBAN,2920.0,0.0,255.0,1178,828.0,4.4,Adequate,188.0,580.0
PYRA-SAC,PYRA,HEALTH CENTER,August,YES,RURAL,103.0,1175.0,48.0,-214,1113.0,44.5,Overstock,25.0,113.0
ITN,PREV,HEALTH CENTER,August,YES,URBAN,533.0,0.0,40.0,410,574.0,47.8,Overstock,12.0,0.0
SP,SP,HEALTH CENTER,May,YES,URBAN,178.0,122.0,38.0,258,170.0,2.6,Low,65.0,76.0
ACT-INF,ACT,HEALTH CENTER,February,NO,RURAL,1014.0,160.0,566.0,-141,781.0,2.1,Low,371.0,1449.0
ART-SUP,ART,HEALTH CENTER,August,YES,RURAL,2860.0,66.0,621.0,168,1746.0,2.6,Low,677.0,2413.0
ACT-SC,ACT,HEALTH CENTER,November,NO,RURAL,2918.0,0.0,217.0,480,3868.0,27.8,Overstock,139.0,0.0
SP,SP,HOSPITAL,May,YES,URBAN,1640.0,4.0,260.0,124,1238.0,8.2,Overstock,151.0,1036.0
ACT-GC,ACT,HEALTH CENTER,May,YES,RURAL,0.0,0.0,0.0,-1,1.0,,Unknown,0.0,23.0
QUIN,SP,HEALTH CENTER,August,YES,URBAN,1124.0,0.0,101.0,100,210.0,1.7,Low,125.0,1476.0
ACT-SC,ACT,HEALTH CENTER,May,YES,RURAL,2474.0,842.0,457.0,24,3753.0,8.0,Overstock,468.0,861.0
SP,SP,HEALTH CENTER,August,YES,URBAN,73.0,0.0,7.0,-937,69.0,8.6,Overstock,8.0,998.0
PYRA-COMP,PYRA,HEALTH CENTER,November,NO,URBAN,8.0,116.0,42.0,-582,42.0,6.0,Overstock,7.0,7.0
ACT-GC,ACT,HEALTH CENTER,May,YES,RURAL,1358.0,67.0,471.0,-625,1177.0,2.4,Low,482.0,1359.0
ACT-GC,ACT,HEALTH CENTER,February,NO,URBAN,322.0,0.0,33.0,485,175.0,8.8,Overstock,20.0,269.0
RDT,DIAG,HEALTH CENTER,May,YES,RURAL,1344.0,80.0,283.0,-385,298.0,2.4,Low,122.0,1534.0
ITN,PREV,HEALTH CENTER,November,NO,RURAL,172.0,0.0,100.0,-53,264.0,12.6,Overstock,21.0,5058.0
ART-SUP,ART,HEALTH CENTER,May,YES,RURAL,1305.0,14.0,237.0,735,1394.0,10.9,Overstock,128.0,79.0
ART-INJ,ART,HEALTH CENTER,August,YES,RURAL,3544.0,9.0,1059.0,-429,1266.0,1.5,Low,824.0,4932.0
PYRA-SAC,PYRA,HEALTH CENTER,November,NO,RURAL,67.0,0.0,93.0,898,130.0,2.5,Low,53.0,771.0
ART-INJ,ART,HEALTH CENTER,August,YES,RURAL,155.0,8.0,210.0,273,232.0,2.0,Low,114.0,3347.0
PYRA-COMP,PYRA,HEALTH CENTER,May,YES,RURAL,4014.0,150.0,1212.0,393,4575.0,3.0,Adequate,1550.0,21.0
ITN,PREV,HEALTH CENTER,February,NO,RURAL,683.0,10.0,33.0,-1,229.0,7.2,Overstock,32.0,84.0
ACT-SC,ACT,HEALTH CENTER,May,YES,RURAL,6.0,1.0,81.0,109,258.0,15.2,Overstock,17.0,109.0
QUIN,SP,HEALTH CENTER,November,NO,RURAL,267.0,541.0,84.0,-34,540.0,9.6,Overstock,56.0,111.0
PYRA-COMP,PYRA,HEALTH CENTER,August,YES,RURAL,38.0,339.0,24.0,-793,194.0,32.3,Overstock,6.0,1353.0
PYRA-SAC,PYRA,HEALTH CENTER,May,YES,URBAN,1238.0,0.0,135.0,-126,1497.0,9.5,Overstock,158.0,6.0
ITN,PREV,HEALTH CENTER,May,YES,URBAN,2830.0,21.0,265.0,72,2453.0,136.3,Overstock,18.0,0.0
ART-INJ,ART,HEALTH CENTER,November,NO,RURAL,591.0,202.0,85.0,-345,607.0,33.7,Overstock,18.0,0.0
PYRA-COMP,PYRA,HOSPITAL,August,YES,RURAL,428.0,7.0,132.0,-267,83.0,1.0,Critical,84.0,161.0
PYRA-COMP,PYRA,HEALTH CENTER,May,YES,URBAN,3240.0,1.0,84.0,-299,688.0,28.7,Overstock,24.0,0.0
QUIN,SP,HEALTH CENTER,November,NO,RURAL,926.0,152.0,476.0,-65,3093.0,3.1,Adequate,995.0,27.0
ART-INJ,ART,HEALTH CENTER,November,NO,RURAL,185.0,1.0,248.0,-144,178.0,1.2,Low,152.0,771.0
QUIN,SP,HEALTH CENTER,November,NO,RURAL,925.0,0.0,294.0,863,1461.0,9.1,Overstock,161.0,13.0
PYRA-SAC,PYRA,HEALTH CENTER,May,YES,RURAL,2317.0,52.0,386.0,220,1828.0,6.0,Overstock,304.0,3.0
PYRA-SAC,PYRA,HEALTH CENTER,May,YES,RURAL,1070.0,400.0,320.0,560,1418.0,5.9,Overstock,239.0,145.0
SP,SP,HEALTH CENTER,November,NO,RURAL,871.0,377.0,313.0,-149,657.0,5.7,Overstock,115.0,0.0
SP,SP,HEALTH CENTER,February,NO,RURAL,2372.0,678.0,558.0,73,1157.0,1.3,Low,925.0,529.0
ART-SUP,ART,HEALTH CENTER,May,YES,RURAL,1072.0,2326.0,219.0,59,2666.0,11.9,Overstock,224.0,3.0
ART-SUP,ART,HEALTH CENTER,November,NO,RURAL,1665.0,0.0,247.0,-87,1387.0,21.0,Overstock,66.0,1.0
ITN,PREV,HEALTH CENTER,February,NO,RURAL,2447.0,1012.0,646.0,-134,2069.0,3.4,Adequate,610.0,972.0
ITN,PREV,HEALTH CENTER,February,NO,RURAL,634.0,17.0,76.0,304,385.0,5.4,Overstock,71.0,1728.0
ACT-SC,ACT,HEALTH CENTER,August,YES,RURAL,2140.0,40.0,19.0,-457,1631.0,41.8,Overstock,39.0,0.0
ART-SUP,ART,HEALTH CENTER,November,NO,RURAL,1366.0,0.0,130.0,-345,819.0,29.2,Overstock,28.0,1.0
ITN,PREV,HOSPITAL,August,YES,URBAN,1426.0,900.0,1858.0,-184,1293.0,0.7,Critical,1766.0,3135.0
ACT-AD,ACT,HEALTH CENTER,November,NO,RURAL,14.0,14.0,19.0,291,28.0,28.0,Overstock,1.0,0.0
ACT-SC,ACT,HEALTH CENTER,February,NO,URBAN,782.0,1387.0,114.0,-274,1660.0,32.5,Overstock,51.0,688.0
RDT,DIAG,HEALTH CENTER,February,NO,RURAL,0.0,0.0,0.0,523,5.0,,Unknown,0.0,2.0
ART-SUP,ART,HEALTH CENTER,August,YES,RURAL,939.0,0.0,127.0,-55,603.0,50.2,Overstock,12.0,2677.0
SP,SP,HEALTH CENTER,May,YES,RURAL,2290.0,6.0,457.0,131,1307.0,4.3,Adequate,305.0,196.0
ACT-INF,ACT,HEALTH CENTER,August,YES,RURAL,184.0,9.0,171.0,116,140.0,2.7,Low,52.0,2959.0
ACT-SC,ACT,HEALTH CENTER,November,NO,RURAL,185.0,19.0,11.0,-252,645.0,40.3,Overstock,16.0,0.0
ACT-GC,ACT,HEALTH CENTER,November,NO,RURAL,3472.0,328.0,1030.0,366,3592.0,5.8,Overstock,615.0,2343.0
ACT-AD,ACT,HEALTH CENTER,November,NO,RURAL,36.0,278.0,74.0,117,206.0,2.0,Low,104.0,1418.0
ACT-GC,ACT,HEALTH CENTER,November,NO,RURAL,1115.0,1.0,36.0,170,953.0,119.1,Overstock,8.0,11.0
ACT-AD,ACT,HEALTH CENTER,February,NO,URBAN,1334.0,0.0,109.0,1070,1832.0,42.6,Overstock,43.0,0.0
ACT-SC,ACT,HEALTH CENTER,February,NO,RURAL,957.0,17.0,191.0,368,1207.0,28.7,Overstock,42.0,269.0
QUIN,SP,HEALTH CENTER,August,YES,URBAN,591.0,16.0,179.0,-188,339.0,11.3,Overstock,30.0,349.0
QUIN,SP,HEALTH CENTER,February,NO,RURAL,799.0,136.0,694.0,917,1436.0,4.1,Adequate,352.0,3.0
ART-SUP,ART,HEALTH CENTER,February,NO,RURAL,2641.0,741.0,708.0,-68,2675.0,12.7,Overstock,211.0,3262.0
ART-INJ,ART,HEALTH CENTER,May,YES,RURAL,2597.0,37.0,649.0,-448,2288.0,5.5,Overstock,416.0,1142.0
PYRA-COMP,PYRA,HEALTH CENTER,November,NO,URBAN,1.0,0.0,0.0,-196,24.0,,Unknown,0.0,9.0
QUIN,SP,HEALTH CENTER,August,YES,RURAL,219.0,0.0,114.0,922,56.0,7.0,Overstock,8.0,531.0
ART-INJ,ART,HEALTH CENTER,November,NO,URBAN,371.0,0.0,249.0,578,257.0,1.9,Low,137.0,1956.0
RDT,DIAG,HEALTH CENTER,February,NO,URBAN,1127.0,0.0,248.0,900,4063.0,145.1,Overstock,28.0,0.0
RDT,DIAG,HEALTH CENTER,February,NO,URBAN,1920.0,0.0,159.0,455,702.0,4.3,Adequate,165.0,0.0
PYRA-COMP,PYRA,HEALTH CENTER,February,NO,RURAL,206.0,3.0,110.0,212,241.0,2.0,Low,120.0,0.0
RDT,DIAG,HOSPITAL,February,NO,URBAN,2020.0,431.0,538.0,-557,643.0,1.8,Low,362.0,6.0
ACT-AD,ACT,HEALTH CENTER,November,NO,URBAN,2596.0,808.0,893.0,-470,3102.0,6.8,Overstock,458.0,0.0
ITN,PREV,HEALTH CENTER,February,NO,RURAL,30.0,12.0,38.0,819,20.0,1.2,Low,16.0,1.0
ART-INJ,ART,HEALTH CENTER,May,YES,RURAL,261.0,27.0,149.0,-86,955.0,23.9,Overstock,40.0,12.0
ART-INJ,ART,HEALTH CENTER,February,NO,URBAN,1669.0,1.0,193.0,239,1601.0,3.8,Adequate,420.0,3.0
PYRA-SAC,PYRA,HEALTH CENTER,November,NO,RURAL,2630.0,70.0,977.0,-359,2433.0,6.6,Overstock,368.0,843.0
PYRA-SAC,PYRA,HEALTH CENTER,November,NO,RURAL,1085.0,1466.0,118.0,410,367.0,2.2,Low,167.0,2657.0
ACT-GC,ACT,HEALTH CENTER,May,YES,URBAN,2218.0,0.0,779.0,-200,1278.0,6.1,Overstock,211.0,1258.0
SP,SP,HEALTH CENTER,May,YES,URBAN,637.0,0.0,25.0,233,345.0,19.2,Overstock,18.0,2.0
ACT-SC,ACT,HOSPITAL,August,YES,RURAL,846.0,55.0,472.0,883,569.0,1.7,Low,328.0,0.0
SP,SP,HEALTH CENTER,November,NO,RURAL,1141.0,23.0,533.0,37,2102.0,8.2,Overstock,257.0,858.0
PYRA-COMP,PYRA,HEALTH CENTER,August,YES,RURAL,548.0,42.0,334.0,766,534.0,1.7,Low,311.0,403.0
SP,SP,HEALTH CENTER,February,NO,RURAL,1158.0,2.0,175.0,-527,615.0,2.0,Low,303.0,1570.0
ACT-GC,ACT,HEALTH CENTER,November,NO,RURAL,171.0,1.0,27.0,489,100.0,7.7,Overstock,13.0,43.0
SP,SP,HOSPITAL,February,NO,RURAL,969.0,286.0,76.0,-231,1500.0,62.5,Overstock,24.0,0.0
PYRA-COMP,PYRA,HEALTH CENTER,November,NO,RURAL,191.0,387.0,188.0,360,1837.0,4.0,Adequate,460.0,94.0
QUIN,SP,HEALTH CENTER,November,NO,RURAL,362.0,185.0,106.0,-567,1294.0,143.8,Overstock,9.0,0.0
PYRA-SAC,PYRA,HEALTH CENTER,November,NO,URBAN,565.0,242.0,78.0,502,271.0,1.7,Low,163.0,13.0
PYRA-SAC,PYRA,HEALTH CENTER,November,NO,URBAN,109.0,35.0,36.0,336,194.0,48.5,Overstock,4.0,1065.0
ACT-INF,ACT,HEALTH CENTER,November,NO,RURAL,2885.0,152.0,613.0,-420,1916.0,2.7,Low,697.0,1639.0
ART-INJ,ART,HEALTH CENTER,February,NO,RURAL,346.0,130.0,580.0,-443,415.0,1.7,Low,249.0,182.0
ACT-INF,ACT,HEALTH CENTER,May,YES,URBAN,2798.0,26.0,359.0,39,830.0,2.4,Low,341.0,240.0
ACT-INF,ACT,HEALTH CENTER,May,YES,RURAL,50.0,2440.0,35.0,457,69.0,0.5,Critical,139.0,0.0
ART-SUP,ART,HEALTH CENTER,May,YES,RURAL,1115.0,9.0,153.0,633,612.0,9.1,Overstock,67.0,3990.0
ART-INJ,ART,HEALTH CENTER,August,YES,RURAL,1923.0,11.0,460.0,74,3115.0,18.5,Overstock,168.0,130.0
ART-INJ,ART,HEALTH CENTER,May,YES,RURAL,1243.0,398.0,339.0,-37,1034.0,4.9,Adequate,209.0,23.0
QUIN,SP,HEALTH CENTER,May,YES,RURAL,633.0,26.0,320.0,-628,1155.0,2.5,Low,454.0,116.0
ART-INJ,ART,HEALTH CENTER,August,YES,URBAN,2235.0,441.0,173.0,642,2780.0,38.1,Overstock,73.0,19.0
ART-SUP,ART,HEALTH CENTER,August,YES,RURAL,5443.0,543.0,1290.0,-607,4211.0,3.7,Adequate,1143.0,1132.0
RDT,DIAG,HEALTH CENTER,February,NO,RURAL,3227.0,12.0,841.0,1,4244.0,5.6,Overstock,756.0,105.0
ACT-AD,ACT,HEALTH CENTER,August,YES,URBAN,2055.0,308.0,621.0,351,3085.0,15.2,Overstock,203.0,0.0
ACT-INF,ACT,HEALTH CENTER,May,YES,RURAL,408.0,326.0,419.0,1048,992.0,4.7,Adequate,213.0,178.0
ART-SUP,ART,HEALTH CENTER,May,YES,RURAL,61.0,116.0,180.0,22,526.0,21.9,Overstock,24.0,867.0
ACT-AD,ACT,HEALTH CENTER,May,YES,RURAL,1502.0,1.0,366.0,578,1522.0,4.1,Adequate,375.0,949.0
ART-SUP,ART,HEALTH CENTER,May,YES,URBAN,928.0,0.0,22.0,-971,35.0,4.4,Adequate,8.0,74.0
PYRA-SAC,PYRA,HEALTH CENTER,November,NO,URBAN,664.0,70.0,174.0,1014,1112.0,22.2,Overstock,50.0,2116.0
ART-INJ,ART,HEALTH CENTER,November,NO,URBAN,943.0,2.0,462.0,514,615.0,1.4,Low,436.0,117.0
ART-SUP,ART,HEALTH CENTER,February,NO,RURAL,265.0,0.0,253.0,279,180.0,1.0,Critical,174.0,92.0
ITN,PREV,HEALTH CENTER,May,YES,URBAN,1051.0,159.0,151.0,108,1077.0,14.0,Overstock,77.0,2916.0
QUIN,SP,HEALTH CENTER,November,NO,URBAN,1931.0,56.0,358.0,-710,798.0,3.8,Adequate,209.0,24.0
RDT,DIAG,HEALTH CENTER,November,NO,RURAL,905.0,60.0,182.0,-171,1690.0,43.3,Overstock,39.0,0.0
QUIN,SP,HEALTH CENTER,November,NO,RURAL,1069.0,0.0,83.0,-514,195.0,1.3,Low,148.0,9.0
PYRA-SAC,PYRA,HEALTH CENTER,May,YES,RURAL,167.0,195.0,189.0,183,241.0,1.1,Low,216.0,2.0
ART-SUP,ART,HEALTH CENTER,November,NO,RURAL,1325.0,56.0,128.0,-577,681.0,3.3,Adequate,208.0,12.0
SP,SP,HEALTH CENTER,May,YES,URBAN,774.0,31.0,234.0,-155,1005.0,2.3,Low,444.0,2086.0
ART-INJ,ART,HEALTH CENTER,November,NO,RURAL,337.0,64.0,67.0,493,1222.0,27.2,Overstock,45.0,19.0
ART-SUP,ART,HOSPITAL,November,NO,URBAN,218.0,0.0,61.0,260,404.0,7.6,Overstock,53.0,480.0
ACT-AD,ACT,HEALTH CENTER,February,NO,RURAL,2.0,0.0,7.0,3,184.0,184.0,Overstock,1.0,0.0
ACT-INF,ACT,HOSPITAL,November,NO,RURAL,216.0,0.0,219.0,1136,310.0,1.2,Low,267.0,3991.0
RDT,DIAG,HEALTH CENTER,November,NO,RURAL,401.0,0.0,48.0,503,179.0,22.4,Overstock,8.0,1.0
SP,SP,HEALTH CENTER,November,NO,RURAL,289.0,41.0,80.0,-331,425.0,7.6,Overstock,56.0,0.0
RDT,DIAG,HOSPITAL,May,YES,RURAL,6.0,2.0,1.0,-1066,141.0,,Unknown,0.0,0.0
ACT-SC,ACT,HEALTH CENTER,May,YES,URBAN,101.0,419.0,170.0,92,140.0,1.9,Low,72.0,41.0
ITN,PREV,HEALTH CENTER,February,NO,RURAL,3688.0,2416.0,583.0,29,3614.0,5.0,Adequate,725.0,6.0
ACT-GC,ACT,HEALTH CENTER,February,NO,URBAN,52.0,419.0,96.0,995,217.0,1.8,Low,121.0,236.0
PYRA-COMP,PYRA,HEALTH CENTER,February,NO,RURAL,756.0,283.0,68.0,-287,421.0,7.4,Overstock,57.0,2.0
ACT-SC,ACT,HEALTH CENTER,August,YES,URBAN,1766.0,140.0,180.0,-3,1894.0,70.1,Overstock,27.0,822.0
SP,SP,HEALTH CENTER,August,YES,RURAL,330.0,0.0,152.0,-90,23.0,0.7,Critical,34.0,300.0
QUIN,SP,HOSPITAL,May,YES,RURAL,425.0,0.0,207.0,-375,191.0,13.6,Overstock,14.0,0.0
ACT-AD,ACT,HEALTH CENTER,August,YES,RURAL,6.0,7.0,50.0,-248,23.0,0.1,Critical,266.0,0.0
PYRA-SAC,PYRA,HEALTH CENTER,February,NO,URBAN,6227.0,0.0,1700.0,-345,5067.0,3.2,Adequate,1596.0,39.0
RDT,DIAG,HEALTH CENTER,May,YES,RURAL,1411.0,0.0,237.0,20,2274.0,6.4,Overstock,357.0,1046.0
ACT-AD,ACT,HEALTH CENTER,August,YES,RURAL,2333.0,1559.0,616.0,-21,1209.0,2.8,Low,434.0,607.0
ITN,PREV,HEALTH CENTER,February,NO,RURAL,1621.0,232.0,270.0,-350,2286.0,19.0,Overstock,120.0,2.0
PYRA-COMP,PYRA,HOSPITAL,February,NO,RURAL,221.0,141.0,35.0,-446,26.0,0.4,Critical,65.0,11.0
ART-SUP,ART,HEALTH CENTER,May,YES,URBAN,19.0,0.0,0.0,-735,36.0,,Unknown,0.0,0.0
ART-INJ,ART,HEALTH CENTER,May,YES,RURAL,1269.0,0.0,94.0,627,1237.0,26.9,Overstock,46.0,1.0
PYRA-COMP,PYRA,HEALTH CENTER,May,YES,RURAL,4955.0,190.0,465.0,-64,1404.0,3.5,Adequate,396.0,6274.0
ACT-SC,ACT,HEALTH CENTER,February,NO,RURAL,420.0,49.0,535.0,-385,291.0,1.2,Low,246.0,943.0
ACT-SC,ACT,HEALTH CENTER,August,YES,URBAN,506.0,0.0,352.0,-1148,44.0,0.4,Critical,112.0,5815.0
ACT-INF,ACT,HEALTH CENTER,February,NO,RURAL,339.0,2.0,712.0,-20,884.0,2.3,Low,377.0,2204.0
ART-SUP,ART,HEALTH CENTER,November,NO,URBAN,1485.0,201.0,422.0,-180,1300.0,2.8,Low,470.0,2377.0
ACT-AD,ACT,HEALTH CENTER,November,NO,URBAN,130.0,673.0,77.0,59,376.0,2.9,Low,128.0,825.0
PYRA-SAC,PYRA,HEALTH CENTER,November,NO,URBAN,56.0,40.0,214.0,24,57.0,0.5,Critical,105.0,502.0
ACT-INF,ACT,HEALTH CENTER,November,NO,RURAL,583.0,35.0,217.0,-38,649.0,10.3,Overstock,63.0,1.0
ACT-SC,ACT,HOSPITAL,November,NO,RURAL,1884.0,435.0,903.0,-445,2932.0,3.6,Adequate,825.0,987.0
PYRA-SAC,PYRA,HEALTH CENTER,February,NO,RURAL,37.0,351.0,90.0,91,497.0,49.7,Overstock,10.0,30.0
SP,SP,HEALTH CENTER,February,NO,RURAL,5486.0,1.0,964.0,-52,3173.0,3.9,Adequate,813.0,227.0
ART-INJ,ART,HEALTH CENTER,February,NO,RURAL,1212.0,0.0,311.0,74,1315.0,4.7,Adequate,281.0,48.0
ART-SUP,ART,HEALTH CENTER,November,NO,RURAL,64.0,835.0,107.0,336,663.0,20.1,Overstock,33.0,323.0
SP,SP,HEALTH CENTER,February,NO,RURAL,42.0,14.0,96.0,92,168.0,9.3,Overstock,18.0,43.0
ART-SUP,ART,HEALTH CENTER,May,YES,RURAL,585.0,36.0,123.0,152,574.0,4.9,Adequate,117.0,0.0
ART-SUP,ART,HEALTH CENTER,August,YES,URBAN,176.0,0.0,39.0,-460,384.0,128.0,Overstock,3.0,0.0
PYRA-COMP,PYRA,HEALTH CENTER,August,YES,RURAL,208.0,12.0,23.0,-263,513.0,64.1,Overstock,8.0,487.0
ITN,PREV,HEALTH CENTER,November,NO,URBAN,3040.0,0.0,86.0,-86,898.0,6.8,Overstock,132.0,0.0
ITN,PREV,HEALTH CENTER,August,YES,RURAL,2574.0,1642.0,672.0,-39,4034.0,8.9,Overstock,452.0,609.0
PYRA-SAC,PYRA,HOSPITAL,February,NO,URBAN,1605.0,144.0,636.0,239,930.0,1.7,Low,546.0,2590.0
ART-INJ,ART,HEALTH CENTER,August,YES,RURAL,61.0,0.0,11.0,87,31.0,0.6,Critical,55.0,755.0
ART-SUP,ART,HEALTH CENTER,November,NO,URBAN,524.0,64.0,240.0,344,1087.0,3.4,Adequate,322.0,207.0
QUIN,SP,HEALTH CENTER,August,YES,URBAN,1500.0,0.0,217.0,-254,1272.0,37.4,Overstock,34.0,301.0
ACT-GC,ACT,HEALTH CENTER,May,YES,URBAN,1541.0,5.0,663.0,-236,502.0,1.1,Low,463.0,6753.0
RDT,DIAG,HEALTH CENTER,February,NO,RURAL,544.0,246.0,585.0,-182,958.0,2.9,Low,332.0,139.0
ACT-INF,ACT,HEALTH CENTER,February,NO,URBAN,251.0,249.0,124.0,675,327.0,0.5,Critical,625.0,8537.0
ITN,PREV,HEALTH CENTER,August,YES,URBAN,302.0,19.0,375.0,-331,139.0,0.9,Critical,155.0,595.0
ACT-SC,ACT,HEALTH CENTER,August,YES,RURAL,415.0,27.0,541.0,817,140.0,0.2,Critical,605.0,3244.0
RDT,DIAG,HEALTH CENTER,February,NO,URBAN,794.0,2.0,288.0,-298,442.0,2.4,Low,184.0,9.0
ART-SUP,ART,HEALTH CENTER,February,NO,URBAN,538.0,6.0,154.0,-16,179.0,2.1,Low,87.0,61.0
ACT-INF,ACT,HEALTH CENTER,August,YES,URBAN,949.0,29.0,76.0,86,1244.0,5.5,Overstock,227.0,344.0
QUIN,SP,HEALTH CENTER,May,YES,URBAN,932.0,3.0,95.0,-445,1412.0,128.4,Overstock,11.0,115.0
ACT-SC,ACT,HEALTH CENTER,February,NO,RURAL,1942.0,327.0,516.0,159,2168.0,3.2,Adequate,688.0,1119.0
SP,SP,HEALTH CENTER,August,YES,RURAL,537.0,0.0,325.0,446,537.0,3.6,Adequate,148.0,1355.0
QUIN,SP,HEALTH CENTER,May,YES,RURAL,813.0,0.0,171.0,736,992.0,18.4,Overstock,54.0,1171.0
ACT-INF,ACT,HEALTH CENTER,February,NO,RURAL,91.0,1.0,103.0,-1012,38.0,0.8,Critical,45.0,1.0
SP,SP,HOSPITAL,August,YES,RURAL,100.0,0.0,45.0,-353,73.0,8.1,Overstock,9.0,194.0
ACT-INF,ACT,HOSPITAL,November,NO,URBAN,338.0,33.0,225.0,-148,194.0,1.6,Low,123.0,132.0
ITN,PREV,HOSPITAL,May,YES,RURAL,76.0,2.0,31.0,-232,307.0,23.6,Overstock,13.0,0.0
ACT-GC,ACT,HEALTH CENTER,November,NO,RURAL,556.0,42.0,146.0,-373,108.0,1.7,Low,64.0,8277.0
ACT-SC,ACT,HEALTH CENTER,November,NO,RURAL,2650.0,48.0,563.0,-590,1399.0,3.0,Adequate,467.0,0.0
ACT-GC,ACT,HEALTH CENTER,November,NO,RURAL,882.0,3.0,114.0,-210,88.0,0.7,Critical,135.0,114.0
PYRA-SAC,PYRA,HEALTH CENTER,August,YES,URBAN,1711.0,5.0,322.0,480,226.0,1.5,Low,153.0,2967.0
RDT,DIAG,HEALTH CENTER,May,YES,RURAL,1107.0,71.0,245.0,106,591.0,4.0,Adequate,149.0,4896.0
SP,SP,HEALTH CENTER,November,NO,URBAN,3477.0,858.0,801.0,-566,4636.0,5.6,Overstock,828.0,1641.0
ITN,PREV,HEALTH CENTER,August,YES,RURAL,3327.0,27.0,894.0,273,2809.0,7.6,Overstock,370.0,720.0
ACT-GC,ACT,HEALTH CENTER,August,YES,RURAL,2374.0,2.0,190.0,-776,875.0,13.3,Overstock,66.0,0.0
ART-INJ,ART,HEALTH CENTER,May,YES,URBAN,252.0,14.0,65.0,60,166.0,3.1,Adequate,53.0,994.0
ACT-SC,ACT,HEALTH CENTER,February,NO,RURAL,517.0,0.0,55.0,201,476.0,13.2,Overstock,36.0,4.0
RDT,DIAG,HEALTH CENTER,February,NO,RURAL,241.0,91.0,97.0,63,333.0,1.4,Low,241.0,2.0
RDT,DIAG,HEALTH CENTER,August,YES,RURAL,16.0,1.0,131.0,-224,19.0,0.1,Critical,159.0,2978.0
ACT-GC,ACT,HEALTH CENTER,November,NO,RURAL,69.0,19.0,75.0,-308,83.0,3.6,Adequate,23.0,1385.0
ACT-AD,ACT,HEALTH CENTER,February,NO,RURAL,6769.0,289.0,930.0,531,7139.0,9.6,Overstock,746.0,227.0
SP,SP,HEALTH CENTER,August,YES,RURAL,1705.0,1.0,790.0,-743,1980.0,5.8,Overstock,344.0,0.0
PYRA-SAC,PYRA,HEALTH CENTER,February,NO,RURAL,74.0,38.0,152.0,247,242.0,10.1,Overstock,24.0,0.0
ACT-SC,ACT,HEALTH CENTER,August,YES,RURAL,1017.0,701.0,639.0,76,1632.0,2.8,Low,580.0,187.0
ACT-AD,ACT,HOSPITAL,November,NO,RURAL,3411.0,0.0,196.0,-43,1958.0,18.6,Overstock,105.0,0.0
PYRA-SAC,PYRA,HEALTH CENTER,August,YES,URBAN,75.0,3.0,30.0,-158,63.0,12.6,Overstock,5.0,55.0
PYRA-SAC,PYRA,HEALTH CENTER,November,NO,RURAL,115.0,9.0,150.0,-262,49.0,7.0,Overstock,7.0,37.0
RDT,DIAG,HEALTH CENTER,May,YES,RURAL,2104.0,0.0,398.0,-548,1952.0,4.3,Adequate,459.0,213.0
ACT-GC,ACT,HEALTH CENTER,May,YES,URBAN,264.0,138.0,227.0,99,157.0,1.5,Low,104.0,50.0
RDT,DIAG,HEALTH CENTER,November,NO,RURAL,463.0,374.0,100.0,483,440.0,2.5,Low,173.0,1143.0
PYRA-SAC,PYRA,HEALTH CENTER,May,YES,URBAN,304.0,50.0,75.0,-294,103.0,3.4,Adequate,30.0,4.0
ACT-INF,ACT,HEALTH CENTER,February,NO,URBAN,231.0,8.0,49.0,-208,88.0,7.3,Overstock,12.0,0.0
PYRA-COMP,PYRA,HEALTH CENTER,August,YES,RURAL,266.0,26.0,271.0,446,778.0,5.6,Overstock,139.0,1073.0
RDT,DIAG,HEALTH CENTER,August,YES,RURAL,227.0,119.0,222.0,-22,323.0,5.3,Overstock,61.0,0.0
ACT-INF,ACT,HEALTH CENTER,February,NO,RURAL,892.0,0.0,105.0,-576,214.0,5.4,Overstock,40.0,0.0
ACT-INF,ACT,HEALTH CENTER,August,YES,RURAL,8097.0,2556.0,2129.0,-539,8772.0,3.8,Adequate,2293.0,3820.0
ACT-INF,ACT,HEALTH CENTER,August,YES,RURAL,3863.0,223.0,734.0,-365,3433.0,3.9,Adequate,880.0,583.0
ACT-GC,ACT,HEALTH CENTER,November,NO,RURAL,2123.0,193.0,744.0,-31,2716.0,6.6,Overstock,411.0,0.0
ACT-GC,ACT,HEALTH CENTER,February,NO,RURAL,3868.0,17.0,1002.0,61,2992.0,2.6,Low,1152.0,2086.0
ACT-SC,ACT,HEALTH CENTER,August,YES,RURAL,613.0,0.0,82.0,9,253.0,2.3,Low,112.0,411.0
QUIN,SP,HEALTH CENTER,August,YES,URBAN,8321.0,28.0,1961.0,83,4839.0,4.4,Adequate,1093.0,272.0
ART-SUP,ART,HEALTH CENTER,May,YES,URBAN,205.0,29.0,124.0,8,484.0,5.3,Overstock,92.0,1.0
RDT,DIAG,HEALTH CENTER,May,YES,RURAL,285.0,175.0,36.0,395,401.0,26.7,Overstock,15.0,0.0
RDT,DIAG,HEALTH CENTER,November,NO,URBAN,352.0,362.0,106.0,127,346.0,8.2,Overstock,42.0,0.0
ART-INJ,ART,HEALTH CENTER,August,YES,URBAN,212.0,0.0,79.0,-31,450.0,15.0,Overstock,30.0,1075.0
ITN,PREV,HEALTH CENTER,February,NO,URBAN,627.0,0.0,33.0,-94,227.0,10.8,Overstock,21.0,0.0
RDT,DIAG,HEALTH CENTER,May,YES,RURAL,888.0,9.0,335.0,170,721.0,2.8,Low,260.0,594.0
PYRA-SAC,PYRA,HEALTH CENTER,November,NO,RURAL,187.0,53.0,211.0,137,554.0,4.7,Adequate,119.0,6.0
ACT-GC,ACT,HEALTH CENTER,May,YES,RURAL,1255.0,0.0,28.0,-199,311.0,155.5,Overstock,2.0,0.0
ART-SUP,ART,HEALTH CENTER,February,NO,RURAL,1864.0,443.0,263.0,36,2778.0,42.7,Overstock,65.0,10.0
ACT-SC,ACT,HEALTH CENTER,November,NO,URBAN,701.0,426.0,910.0,-168,1839.0,3.3,Adequate,550.0,825.0
ART-SUP,ART,HEALTH CENTER,May,YES,URBAN,1716.0,108.0,360.0,52,2903.0,10.7,Overstock,272.0,989.0
ACT-GC,ACT,HEALTH CENTER,November,NO,RURAL,454.0,264.0,181.0,354,455.0,11.7,Overstock,39.0,22.0
ITN,PREV,HEALTH CENTER,May,YES,RURAL,1583.0,363.0,414.0,-176,1643.0,5.3,Overstock,309.0,601.0
ACT-AD,ACT,HEALTH CENTER,May,YES,RURAL,635.0,360.0,83.0,231,531.0,8.8,Overstock,60.0,32.0
PYRA-COMP,PYRA,HEALTH CENTER,May,YES,URBAN,1108.0,1982.0,199.0,-109,2714.0,20.3,Overstock,134.0,1582.0
ACT-GC,ACT,HEALTH CENTER,February,NO,URBAN,244.0,0.0,51.0,-573,244.0,12.2,Overstock,20.0,0.0
ART-INJ,ART,HEALTH CENTER,February,NO,RURAL,38.0,980.0,42.0,70,697.0,6.9,Overstock,101.0,76.0
ART-SUP,ART,HEALTH CENTER,August,YES,RURAL,741.0,249.0,39.0,35,360.0,9.2,Overstock,39.0,31.0
ITN,PREV,HOSPITAL,November,NO,URBAN,319.0,214.0,69.0,-218,765.0,21.2,Overstock,36.0,0.0
ITN,PREV,HEALTH CENTER,May,YES,URBAN,1314.0,30.0,585.0,-416,867.0,1.0,Critical,857.0,15.0
RDT,DIAG,HEALTH CENTER,November,NO,RURAL,4.0,27.0,2.0,217,3.0,,Unknown,0.0,443.0
PYRA-SAC,PYRA,HEALTH CENTER,February,NO,RURAL,660.0,0.0,262.0,429,386.0,1.1,Low,342.0,240.0
PYRA-COMP,PYRA,HOSPITAL,November,NO,RURAL,247.0,3.0,89.0,-269,339.0,37.7,Overstock,9.0,58.0
ACT-GC,ACT,HEALTH CENTER,November,NO,RURAL,438.0,0.0,163.0,490,391.0,2.7,Low,146.0,3727.0
ART-INJ,ART,HEALTH CENTER,May,YES,RURAL,495.0,30.0,179.0,281,589.0,1.7,Low,347.0,2.0
ART-SUP,ART,HOSPITAL,November,NO,RURAL,1131.0,17.0,90.0,232,452.0,32.3,Overstock,14.0,2179.0
ACT-SC,ACT,HEALTH CENTER,February,NO,URBAN,583.0,1.0,136.0,1634,1088.0,17.0,Overstock,64.0,0.0
ACT-INF,ACT,HEALTH CENTER,February,NO,RURAL,1134.0,154.0,467.0,-569,2469.0,8.9,Overstock,277.0,400.0
RDT,DIAG,HEALTH CENTER,November,NO,RURAL,24.0,19.0,33.0,-754,58.0,8.3,Overstock,7.0,2940.0
SP,SP,HEALTH CENTER,February,NO,URBAN,184.0,0.0,143.0,768,29.0,1.1,Low,26.0,24.0
ACT-GC,ACT,HEALTH CENTER,February,NO,RURAL,1475.0,283.0,420.0,-16,2130.0,9.9,Overstock,215.0,1.0
PYRA-SAC,PYRA,HEALTH CENTER,August,YES,RURAL,1530.0,322.0,561.0,29,525.0,1.7,Low,303.0,4555.0
ACT-SC,ACT,HEALTH CENTER,November,NO,RURAL,183.0,5.0,124.0,-62,645.0,1.7,Low,373.0,5.0
PYRA-SAC,PYRA,HEALTH CENTER,May,YES,RURAL,230.0,79.0,122.0,-780,29.0,0.9,Critical,31.0,394.0
ART-SUP,ART,HEALTH CENTER,May,YES,RURAL,466.0,0.0,234.0,369,86.0,0.3,Critical,292.0,2516.0
ACT-INF,ACT,HEALTH CENTER,August,YES,RURAL,2172.0,43.0,203.0,33,1010.0,13.1,Overstock,77.0,0.0
ACT-AD,ACT,HEALTH CENTER,August,YES,RURAL,213.0,219.0,55.0,-392,537.0,14.1,Overstock,38.0,5.0
SP,SP,HEALTH CENTER,May,YES,URBAN,27.0,68.0,38.0,-688,23.0,2.1,Low,11.0,403.0
RDT,DIAG,HEALTH CENTER,May,YES,URBAN,4860.0,2708.0,1478.0,113,5094.0,5.3,Overstock,963.0,3.0
ART-SUP,ART,HEALTH CENTER,February,NO,RURAL,1105.0,0.0,25.0,-473,502.0,62.8,Overstock,8.0,1.0
RDT,DIAG,HEALTH CENTER,February,NO,RURAL,290.0,371.0,166.0,214,1890.0,8.0,Overstock,237.0,2045.0
ACT-AD,ACT,HEALTH CENTER,February,NO,RURAL,71.0,0.0,97.0,307,20.0,0.3,Critical,68.0,699.0
PYRA-SAC,PYRA,HEALTH CENTER,February,NO,RURAL,746.0,102.0,647.0,807,331.0,6.4,Overstock,52.0,15.0
ACT-INF,ACT,HEALTH CENTER,November,NO,RURAL,2396.0,0.0,701.0,-101,716.0,0.6,Critical,1260.0,365.0
PYRA-COMP,PYRA,HOSPITAL,August,YES,URBAN,1127.0,12.0,558.0,-48,1100.0,2.0,Low,542.0,1404.0
ACT-AD,ACT,HEALTH CENTER,February,NO,RURAL,884.0,119.0,135.0,-190,3884.0,388.4,Overstock,10.0,0.0
PYRA-COMP,PYRA,HEALTH CENTER,May,YES,RURAL,112.0,7.0,72.0,397,97.0,2.6,Low,37.0,31.0
QUIN,SP,HEALTH CENTER,February,NO,RURAL,9.0,0.0,6.0,-119,10.0,2.5,Low,4.0,1032.0
SP,SP,HEALTH CENTER,February,NO,RURAL,558.0,548.0,260.0,-906,795.0,6.0,Overstock,132.0,6012.0
ACT-AD,ACT,HEALTH CENTER,August,YES,RURAL,362.0,646.0,321.0,289,157.0,0.5,Critical,314.0,9229.0
ACT-GC,ACT,HEALTH CENTER,November,NO,RURAL,8.0,404.0,183.0,-594,121.0,2.7,Low,45.0,153.0
ACT-INF,ACT,HEALTH CENTER,February,NO,URBAN,246.0,145.0,17.0,98,115.0,,Unknown,0.0,0.0
ART-SUP,ART,HEALTH CENTER,February,NO,URBAN,3083.0,0.0,510.0,69,393.0,1.5,Low,260.0,15.0
ACT-GC,ACT,HEALTH CENTER,November,NO,URBAN,174.0,2208.0,259.0,617,2036.0,10.4,Overstock,195.0,2.0
SP,SP,HEALTH CENTER,August,YES,RURAL,544.0,68.0,407.0,577,1035.0,13.1,Overstock,79.0,143.0
ACT-INF,ACT,HEALTH CENTER,November,NO,URBAN,477.0,0.0,17.0,584,356.0,13.7,Overstock,26.0,193.0
SP,SP,HEALTH CENTER,February,NO,RURAL,300.0,324.0,498.0,-291,1326.0,2.4,Low,544.0,5432.0
ACT-SC,ACT,HEALTH CENTER,May,YES,RURAL,541.0,0.0,90.0,112,1065.0,39.4,Overstock,27.0,2450.0
QUIN,SP,HEALTH CENTER,August,YES,RURAL,35.0,395.0,175.0,247,232.0,1.1,Low,205.0,369.0
ACT-GC,ACT,HEALTH CENTER,November,NO,RURAL,1105.0,281.0,345.0,-33,1182.0,6.6,Overstock,178.0,115.0
SP,SP,HEALTH CENTER,May,YES,URBAN,12.0,5.0,105.0,86,5.0,0.3,Critical,18.0,292.0
PYRA-COMP,PYRA,HOSPITAL,November,NO,RURAL,1807.0,146.0,410.0,54,1855.0,13.3,Overstock,139.0,77.0
ACT-GC,ACT,HEALTH CENTER,February,NO,URBAN,61.0,83.0,127.0,208,72.0,0.3,Critical,217.0,2246.0
PYRA-SAC,PYRA,HEALTH CENTER,August,YES,RURAL,102.0,13.0,18.0,-135,101.0,101.0,Overstock,1.0,17.0
ART-INJ,ART,HEALTH CENTER,November,NO,RURAL,1363.0,309.0,391.0,158,1076.0,2.7,Low,396.0,3367.0
ACT-AD,ACT,HEALTH CENTER,November,NO,RURAL,375.0,4.0,59.0,-573,884.0,27.6,Overstock,32.0,3.0
ACT-GC,ACT,HEALTH CENTER,November,NO,RURAL,1240.0,1.0,566.0,-40,266.0,1.3,Low,210.0,2470.0
ART-INJ,ART,HEALTH CENTER,August,YES,RURAL,648.0,2.0,44.0,-867,593.0,148.2,Overstock,4.0,131.0
ACT-SC,ACT,HEALTH CENTER,August,YES,RURAL,614.0,20.0,62.0,85,1367.0,75.9,Overstock,18.0,0.0
SP,SP,HEALTH CENTER,May,YES,URBAN,113.0,0.0,2.0,284,23.0,,Unknown,0.0,0.0
SP,SP,HEALTH CENTER,November,NO,URBAN,880.0,101.0,61.0,477,1065.0,16.6,Overstock,64.0,0.0
ITN,PREV,HEALTH CENTER,May,YES,URBAN,7.0,174.0,46.0,-108,173.0,28.8,Overstock,6.0,0.0
ART-SUP,ART,HEALTH CENTER,November,NO,RURAL,19.0,36.0,46.0,1012,6.0,0.6,Critical,10.0,0.0
QUIN,SP,HEALTH CENTER,February,NO,RURAL,36.0,1.0,8.0,373,17.0,1.4,Low,12.0,205.0
ACT-GC,ACT,HEALTH CENTER,November,NO,RURAL,1393.0,229.0,86.0,321,1836.0,40.8,Overstock,45.0,151.0
QUIN,SP,HEALTH CENTER,May,YES,RURAL,783.0,96.0,115.0,-78,1314.0,30.6,Overstock,43.0,559.0
RDT,DIAG,HEALTH CENTER,May,YES,RURAL,1583.0,380.0,843.0,-209,2100.0,2.5,Low,827.0,213.0
ACT-GC,ACT,HEALTH CENTER,August,YES,RURAL,1.0,2.0,1.0,7,26.0,,Unknown,0.0,459.0
SP,SP,HEALTH CENTER,August,YES,RURAL,193.0,2.0,101.0,35,484.0,7.4,Overstock,65.0,0.0
ART-SUP,ART,HEALTH CENTER,August,YES,RURAL,1765.0,0.0,531.0,222,1850.0,2.7,Low,692.0,360.0
SP,SP,HEALTH CENTER,August,YES,RURAL,406.0,2.0,136.0,-146,258.0,17.2,Overstock,15.0,117.0
ACT-AD,ACT,HEALTH CENTER,May,YES,RURAL,2247.0,5.0,506.0,-219,800.0,3.0,Adequate,267.0,599.0
ART-INJ,ART,HEALTH CENTER,May,YES,URBAN,937.0,1.0,65.0,-56,423.0,9.2,Overstock,46.0,0.0
ITN,PREV,HEALTH CENTER,February,NO,RURAL,663.0,161.0,418.0,-83,951.0,1.4,Low,688.0,4.0
ACT-INF,ACT,HEALTH CENTER,November,NO,RURAL,825.0,45.0,429.0,71,696.0,1.5,Low,455.0,315.0
ART-INJ,ART,HEALTH CENTER,November,NO,URBAN,303.0,117.0,99.0,403,158.0,4.5,Adequate,35.0,0.0
ACT-INF,ACT,HEALTH CENTER,May,YES,RURAL,739.0,2.0,278.0,-564,669.0,4.7,Adequate,143.0,0.0
ART-INJ,ART,HEALTH CENTER,February,NO,URBAN,3236.0,634.0,1685.0,-457,3430.0,2.9,Low,1188.0,527.0
ACT-GC,ACT,HEALTH CENTER,August,YES,RURAL,934.0,0.0,87.0,-231,278.0,0.7,Critical,382.0,1503.0
ART-INJ,ART,HEALTH CENTER,November,NO,RURAL,283.0,0.0,34.0,-387,34.0,17.0,Overstock,2.0,6.0
ART-INJ,ART,HEALTH CENTER,August,YES,RURAL,1594.0,75.0,472.0,-155,2705.0,8.7,Overstock,310.0,90.0
ACT-GC,ACT,HEALTH CENTER,August,YES,RURAL,1231.0,32.0,603.0,-437,637.0,2.3,Low,280.0,1783.0
ART-SUP,ART,HEALTH CENTER,August,YES,URBAN,3790.0,75.0,236.0,-255,1837.0,38.3,Overstock,48.0,1.0
ACT-AD,ACT,HEALTH CENTER,August,YES,URBAN,1439.0,0.0,109.0,91,1398.0,45.1,Overstock,31.0,0.0
PYRA-SAC,PYRA,HEALTH CENTER,May,YES,RURAL,795.0,7.0,83.0,-285,843.0,26.3,Overstock,32.0,0.0
ACT-SC,ACT,HEALTH CENTER,November,NO,URBAN,899.0,0.0,5.0,288,224.0,74.7,Overstock,3.0,0.0
ACT-GC,ACT,HEALTH CENTER,November,NO,URBAN,274.0,0.0,12.0,-352,762.0,54.4,Overstock,14.0,4.0
ACT-INF,ACT,HEALTH CENTER,November,NO,RURAL,957.0,8.0,456.0,-548,1030.0,3.3,Adequate,309.0,1332.0
ACT-GC,ACT,HEALTH CENTER,May,YES,URBAN,240.0,0.0,55.0,505,65.0,0.3,Critical,224.0,785.0
ACT-INF,ACT,HEALTH CENTER,May,YES,RURAL,569.0,0.0,91.0,-150,181.0,3.1,Adequate,58.0,56.0
PYRA-SAC,PYRA,HEALTH CENTER,August,YES,RURAL,556.0,138.0,113.0,-257,696.0,5.3,Overstock,132.0,0.0
ITN,PREV,HOSPITAL,May,YES,RURAL,1605.0,821.0,434.0,100,1494.0,2.5,Low,600.0,1258.0
ACT-INF,ACT,HEALTH CENTER,August,YES,RURAL,3556.0,1.0,166.0,1056,2559.0,142.2,Overstock,18.0,0.0
ART-INJ,ART,HOSPITAL,November,NO,URBAN,347.0,458.0,101.0,-320,754.0,14.5,Overstock,52.0,174.0
PYRA-SAC,PYRA,HEALTH CENTER,November,NO,RURAL,3673.0,91.0,742.0,5,1677.0,1.8,Low,932.0,329.0
ART-INJ,ART,HOSPITAL,May,YES,RURAL,72.0,96.0,26.0,122,57.0,8.1,Overstock,7.0,0.0
QUIN,SP,HEALTH CENTER,August,YES,URBAN,16.0,52.0,8.0,-608,14.0,,Unknown,0.0,0.0
ART-INJ,ART,HOSPITAL,May,YES,RURAL,1377.0,396.0,310.0,-628,1481.0,4.0,Adequate,366.0,3250.0
PYRA-COMP,PYRA,HEALTH CENTER,February,NO,RURAL,196.0,88.0,341.0,-107,503.0,1.7,Low,290.0,3806.0
RDT,DIAG,HEALTH CENTER,November,NO,RURAL,73.0,249.0,53.0,542,196.0,5.2,Overstock,38.0,31.0
SP,SP,HEALTH CENTER,February,NO,RURAL,1337.0,4251.0,749.0,-31,701.0,1.4,Low,489.0,744.0
ACT-GC,ACT,HEALTH CENTER,August,YES,URBAN,159.0,0.0,2.0,-244,28.0,,Unknown,0.0,37.0
ACT-SC,ACT,HEALTH CENTER,February,NO,URBAN,179.0,1.0,141.0,209,306.0,5.8,Overstock,53.0,137.0
ART-SUP,ART,HEALTH CENTER,August,YES,RURAL,427.0,24.0,152.0,-643,209.0,6.7,Overstock,31.0,1564.0
RDT,DIAG,HEALTH CENTER,May,YES,RURAL,558.0,158.0,230.0,-446,240.0,4.4,Adequate,55.0,14.0
PYRA-SAC,PYRA,HEALTH CENTER,February,NO,RURAL,869.0,0.0,83.0,-208,62.0,1.4,Low,44.0,754.0
QUIN,SP,HEALTH CENTER,February,NO,URBAN,99.0,699.0,50.0,132,39.0,2.6,Low,15.0,244.0
QUIN,SP,HEALTH CENTER,May,YES,URBAN,554.0,61.0,910.0,399,2611.0,1.9,Low,1385.0,0.0
ART-SUP,ART,HEALTH CENTER,May,YES,RURAL,77.0,81.0,40.0,-162,218.0,24.2,Overstock,9.0,136.0
ACT-GC,ACT,HEALTH CENTER,August,YES,RURAL,722.0,1077.0,423.0,-923,2635.0,26.9,Overstock,98.0,4.0
ACT-INF,ACT,HEALTH CENTER,May,YES,RURAL,1904.0,75.0,351.0,-73,1946.0,5.6,Overstock,348.0,92.0
QUIN,SP,HEALTH CENTER,November,NO,URBAN,1922.0,75.0,288.0,386,3678.0,9.9,Overstock,371.0,2.0
ITN,PREV,HEALTH CENTER,August,YES,URBAN,837.0,0.0,137.0,257,156.0,1.6,Low,95.0,0.0
PYRA-SAC,PYRA,HEALTH CENTER,May,YES,URBAN,5.0,323.0,137.0,932,85.0,2.5,Low,34.0,1886.0
PYRA-SAC,PYRA,HEALTH CENTER,November,NO,URBAN,36.0,0.0,21.0,427,52.0,3.2,Adequate,16.0,27.0
ACT-INF,ACT,HEALTH CENTER,February,NO,RURAL,177.0,1.0,131.0,17,227.0,1.6,Low,143.0,49.0
ACT-SC,ACT,HEALTH CENTER,November,NO,RURAL,649.0,136.0,399.0,-364,303.0,0.6,Critical,495.0,7354.0
ACT-SC,ACT,HEALTH CENTER,November,NO,URBAN,1629.0,168.0,711.0,-129,1108.0,2.1,Low,533.0,1344.0
RDT,DIAG,HEALTH CENTER,August,YES,RURAL,715.0,1.0,292.0,8,1190.0,6.4,Overstock,187.0,194.0
ACT-GC,ACT,HOSPITAL,November,NO,URBAN,349.0,1.0,50.0,-677,958.0,59.9,Overstock,16.0,2.0
ART-SUP,ART,HEALTH CENTER,February,NO,RURAL,13.0,575.0,16.0,-70,497.0,124.2,Overstock,4.0,14.0
ITN,PREV,HEALTH CENTER,August,YES,RURAL,168.0,0.0,7.0,308,267.0,26.7,Overstock,10.0,0.0
PYRA-SAC,PYRA,HEALTH CENTER,November,NO,RURAL,66.0,385.0,21.0,-276,152.0,50.7,Overstock,3.0,0.0
ITN,PREV,HEALTH CENTER,November,NO,RURAL,482.0,225.0,69.0,21,1126.0,45.0,Overstock,25.0,0.0
ART-INJ,ART,HEALTH CENTER,November,NO,RURAL,2644.0,263.0,323.0,-415,3358.0,13.3,Overstock,252.0,4.0
ACT-AD,ACT,HEALTH CENTER,February,NO,URBAN,139.0,7.0,137.0,-67,584.0,4.2,Adequate,139.0,35.0
SP,SP,HEALTH CENTER,August,YES,RURAL,480.0,68.0,407.0,217,648.0,0.9,Critical,729.0,5087.0
ACT-GC,ACT,HEALTH CENTER,May,YES,URBAN,64.0,165.0,46.0,-394,436.0,6.7,Overstock,65.0,13.0
ACT-GC,ACT,HEALTH CENTER,November,NO,RURAL,133.0,710.0,273.0,1,1457.0,29.7,Overstock,49.0,46.0
SP,SP,HEALTH CENTER,May,YES,RURAL,515.0,23.0,157.0,481,119.0,0.6,Critical,198.0,94.0
ACT-SC,ACT,HOSPITAL,May,YES,RURAL,1.0,2.0,2.0,158,1.0,,Unknown,0.0,0.0
ACT-INF,ACT,HEALTH CENTER,February,NO,RURAL,155.0,329.0,28.0,158,863.0,27.0,Overstock,32.0,503.0
ITN,PREV,HOSPITAL,February,NO,RURAL,868.0,394.0,634.0,209,1341.0,2.6,Low,525.0,2718.0
PYRA-SAC,PYRA,HEALTH CENTER,February,NO,RURAL,208.0,242.0,165.0,-43,497.0,8.9,Overstock,56.0,6.0
ACT-GC,ACT,HEALTH CENTER,May,YES,RURAL,244.0,7.0,34.0,232,142.0,15.8,Overstock,9.0,4.0
ACT-AD,ACT,HEALTH CENTER,August,YES,RURAL,311.0,297.0,154.0,427,1212.0,12.5,Overstock,97.0,2353.0
RDT,DIAG,HEALTH CENTER,February,NO,RURAL,489.0,0.0,19.0,-387,14.0,0.5,Critical,26.0,2714.0
QUIN,SP,HEALTH CENTER,February,NO,RURAL,681.0,1.0,206.0,407,227.0,3.2,Adequate,70.0,146.0
RDT,DIAG,HOSPITAL,August,YES,RURAL,363.0,208.0,109.0,-67,347.0,11.2,Overstock,31.0,0.0
PYRA-COMP,PYRA,HEALTH CENTER,August,YES,RURAL,355.0,79.0,586.0,595,755.0,0.9,Critical,852.0,9612.0
ITN,PREV,HEALTH CENTER,November,NO,RURAL,29.0,0.0,25.0,-248,7.0,0.9,Critical,8.0,0.0
SP,SP,HEALTH CENTER,November,NO,RURAL,638.0,24.0,270.0,-420,890.0,9.1,Overstock,98.0,510.0
SP,SP,HEALTH CENTER,May,YES,URBAN,798.0,1.0,309.0,-88,1482.0,4.5,Adequate,333.0,18.0
ITN,PREV,HEALTH CENTER,November,NO,URBAN,82.0,8.0,161.0,612,147.0,7.7,Overstock,19.0,4007.0
ACT-INF,ACT,HEALTH CENTER,February,NO,URBAN,223.0,57.0,110.0,-379,1048.0,11.3,Overstock,93.0,0.0
ART-SUP,ART,HEALTH CENTER,November,NO,URBAN,391.0,0.0,45.0,388,81.0,16.2,Overstock,5.0,28.0
ITN,PREV,HEALTH CENTER,May,YES,RURAL,1396.0,0.0,421.0,-202,1347.0,4.3,Adequate,316.0,14.0
PYRA-SAC,PYRA,HEALTH CENTER,November,NO,RURAL,1894.0,2.0,975.0,273,2237.0,4.7,Adequate,472.0,1316.0
ACT-GC,ACT,HOSPITAL,May,YES,URBAN,12.0,218.0,15.0,-627,19.0,0.6,Critical,33.0,632.0
ART-INJ,ART,HEALTH CENTER,November,NO,URBAN,430.0,58.0,60.0,218,713.0,27.4,Overstock,26.0,0.0
ITN,PREV,HEALTH CENTER,May,YES,URBAN,234.0,20.0,13.0,229,57.0,1.4,Low,40.0,5.0
ACT-INF,ACT,HEALTH CENTER,November,NO,RURAL,72.0,74.0,29.0,-491,76.0,7.6,Overstock,10.0,0.0
QUIN,SP,HEALTH CENTER,May,YES,URBAN,34.0,0.0,9.0,262,2.0,0.1,Critical,34.0,3394.0
ITN,PREV,HEALTH CENTER,February,NO,URBAN,2928.0,746.0,854.0,-545,3548.0,2.6,Low,1374.0,35.0
RDT,DIAG,HEALTH CENTER,February,NO,URBAN,831.0,12.0,260.0,-757,1347.0,3.0,Adequate,449.0,799.0
ACT-INF,ACT,HEALTH CENTER,May,YES,RURAL,4245.0,119.0,967.0,-365,7344.0,6.4,Overstock,1142.0,6.0
ART-SUP,ART,HEALTH CENTER,February,NO,RURAL,2805.0,35.0,305.0,-294,774.0,4.6,Adequate,167.0,56.0
ART-SUP,ART,HEALTH CENTER,November,NO,RURAL,1386.0,11.0,103.0,171,895.0,7.4,Overstock,121.0,1570.0
ACT-AD,ACT,HEALTH CENTER,May,YES,RURAL,204.0,39.0,154.0,32,656.0,11.5,Overstock,57.0,0.0
PYRA-COMP,PYRA,HEALTH CENTER,November,NO,RURAL,243.0,0.0,44.0,-354,455.0,8.3,Overstock,55.0,573.0
SP,SP,HEALTH CENTER,May,YES,URBAN,37.0,0.0,1.0,398,8.0,,Unknown,0.0,0.0
ART-SUP,ART,HEALTH CENTER,May,YES,RURAL,696.0,6.0,221.0,302,1234.0,12.5,Overstock,99.0,4.0
PYRA-SAC,PYRA,HEALTH CENTER,November,NO,RURAL,252.0,0.0,27.0,-131,597.0,4.6,Adequate,130.0,0.0
ART-SUP,ART,HEALTH CENTER,August,YES,RURAL,566.0,0.0,32.0,284,444.0,14.8,Overstock,30.0,191.0
ART-INJ,ART,HEALTH CENTER,November,NO,URBAN,329.0,0.0,106.0,-237,244.0,10.6,Overstock,23.0,266.0
ACT-AD,ACT,HEALTH CENTER,November,NO,RURAL,368.0,167.0,39.0,-67,826.0,19.2,Overstock,43.0,10.0
ACT-GC,ACT,HEALTH CENTER,May,YES,RURAL,512.0,0.0,368.0,-270,1051.0,1.5,Low,692.0,47.0
ACT-INF,ACT,HEALTH CENTER,August,YES,URBAN,2850.0,0.0,97.0,-288,1368.0,8.7,Overstock,157.0,1.0
ART-SUP,ART,HEALTH CENTER,May,YES,RURAL,1093.0,0.0,147.0,692,587.0,5.5,Overstock,107.0,67.0
ACT-INF,ACT,HEALTH CENTER,February,NO,RURAL,142.0,0.0,30.0,599,189.0,21.0,Overstock,9.0,92.0
RDT,DIAG,HEALTH CENTER,May,YES,RURAL,727.0,46.0,47.0,-46,570.0,57.0,Overstock,10.0,1.0
SP,SP,HEALTH CENTER,August,YES,RURAL,836.0,1.0,30.0,-10,472.0,27.8,Overstock,17.0,0.0
ART-INJ,ART,HEALTH CENTER,May,YES,RURAL,1186.0,2.0,193.0,95,1082.0,7.6,Overstock,143.0,1.0
ITN,PREV,HEALTH CENTER,August,YES,RURAL,3853.0,1.0,558.0,-364,2660.0,12.3,Overstock,217.0,26.0
ACT-INF,ACT,HEALTH CENTER,November,NO,RURAL,177.0,0.0,37.0,12,497.0,17.1,Overstock,29.0,179.0
PYRA-COMP,PYRA,HEALTH CENTER,February,NO,URBAN,138.0,8.0,97.0,254,216.0,13.5,Overstock,16.0,3.0
ART-INJ,ART,HEALTH CENTER,May,YES,RURAL,64.0,0.0,25.0,914,32.0,8.0,Overstock,4.0,37.0
ACT-AD,ACT,HEALTH CENTER,May,YES,RURAL,2520.0,55.0,321.0,-368,4041.0,19.9,Overstock,203.0,1021.0
ACT-INF,ACT,HEALTH CENTER,May,YES,RURAL,125.0,78.0,391.0,280,810.0,2.7,Low,303.0,9034.0
ART-SUP,ART,HEALTH CENTER,November,NO,RURAL,626.0,7.0,28.0,-118,205.0,22.8,Overstock,9.0,3.0
ITN,PREV,HEALTH CENTER,November,NO,URBAN,1652.0,30.0,293.0,27,1332.0,12.1,Overstock,110.0,0.0
ACT-AD,ACT,HEALTH CENTER,May,YES,URBAN,697.0,196.0,530.0,444,1805.0,3.2,Adequate,564.0,79.0
ACT-AD,ACT,HEALTH CENTER,November,NO,RURAL,2.0,1.0,10.0,-276,12.0,12.0,Overstock,1.0,0.0
PYRA-SAC,PYRA,HEALTH CENTER,November,NO,URBAN,4736.0,7.0,567.0,-17,4315.0,12.7,Overstock,341.0,33.0
SP,SP,HEALTH CENTER,August,YES,RURAL,996.0,45.0,238.0,-551,657.0,6.1,Overstock,107.0,33.0
ACT-AD,ACT,HOSPITAL,November,NO,URBAN,751.0,1337.0,701.0,-8,953.0,1.3,Low,719.0,10.0
SP,SP,HEALTH CENTER,November,NO,URBAN,1509.0,2.0,285.0,1009,2248.0,9.8,Overstock,229.0,6.0
RDT,DIAG,HEALTH CENTER,August,YES,RURAL,273.0,594.0,187.0,905,920.0,3.8,Adequate,242.0,18.0
ACT-INF,ACT,HOSPITAL,November,NO,URBAN,1850.0,521.0,1072.0,223,1373.0,1.3,Low,1047.0,9263.0
SP,SP,HEALTH CENTER,May,YES,URBAN,4366.0,0.0,784.0,-136,2239.0,2.6,Low,855.0,0.0
QUIN,SP,HEALTH CENTER,February,NO,RURAL,78.0,36.0,77.0,259,61.0,2.9,Low,21.0,309.0
ITN,PREV,HEALTH CENTER,February,NO,RURAL,63.0,10.0,57.0,-1005,196.0,2.9,Low,68.0,11576.0
ACT-INF,ACT,HEALTH CENTER,November,NO,URBAN,19.0,4.0,12.0,106,53.0,,Unknown,0.0,188.0
ITN,PREV,HOSPITAL,May,YES,RURAL,17.0,0.0,0.0,545,110.0,,Unknown,0.0,0.0
ITN,PREV,HEALTH CENTER,May,YES,URBAN,960.0,368.0,545.0,-453,1392.0,4.6,Adequate,305.0,521.0
SP,SP,HEALTH CENTER,May,YES,RURAL,220.0,0.0,867.0,723,300.0,1.3,Low,227.0,421.0
PYRA-COMP,PYRA,HEALTH CENTER,November,NO,RURAL,114.0,0.0,24.0,279,100.0,9.1,Overstock,11.0,2408.0
ACT-INF,ACT,HEALTH CENTER,November,NO,RURAL,292.0,0.0,35.0,-116,199.0,0.6,Critical,308.0,1.0
PYRA-COMP,PYRA,HEALTH CENTER,August,YES,URBAN,2363.0,445.0,238.0,537,2951.0,113.5,Overstock,26.0,1.0
ART-SUP,ART,HEALTH CENTER,May,YES,RURAL,396.0,13.0,76.0,859,986.0,24.0,Overstock,41.0,0.0
ACT-GC,ACT,HEALTH CENTER,February,NO,URBAN,284.0,239.0,138.0,-333,925.0,13.6,Overstock,68.0,5.0
PYRA-SAC,PYRA,HEALTH CENTER,November,NO,RURAL,488.0,1286.0,142.0,69,1475.0,184.4,Overstock,8.0,12.0
ART-INJ,ART,HEALTH CENTER,November,NO,URBAN,2.0,40.0,18.0,260,45.0,9.0,Overstock,5.0,841.0
PYRA-SAC,PYRA,HEALTH CENTER,February,NO,RURAL,2526.0,0.0,292.0,32,47.0,0.3,Critical,144.0,404.0
ACT-SC,ACT,HEALTH CENTER,August,YES,URBAN,104.0,0.0,10.0,298,72.0,6.5,Overstock,11.0,593.0
ART-SUP,ART,HEALTH CENTER,February,NO,RURAL,67.0,564.0,21.0,-229,437.0,437.0,Overstock,1.0,305.0
QUIN,SP,HEALTH CENTER,August,YES,RURAL,482.0,9.0,23.0,-223,794.0,14.7,Overstock,54.0,0.0
ACT-SC,ACT,HEALTH CENTER,November,NO,URBAN,5684.0,28.0,1437.0,-699,3338.0,2.3,Low,1460.0,10108.0
PYRA-COMP,PYRA,HEALTH CENTER,May,YES,RURAL,1114.0,0.0,61.0,-338,251.0,5.2,Overstock,48.0,108.0
ACT-INF,ACT,HEALTH CENTER,May,YES,RURAL,203.0,0.0,23.0,900,377.0,23.6,Overstock,16.0,0.0
QUIN,SP,HEALTH CENTER,November,NO,RURAL,85.0,6.0,400.0,331,153.0,0.6,Critical,237.0,75.0
ACT-INF,ACT,HOSPITAL,May,YES,RURAL,2485.0,5.0,843.0,-49,1721.0,2.4,Low,703.0,413.0
PYRA-SAC,PYRA,HEALTH CENTER,February,NO,RURAL,1648.0,601.0,487.0,433,1864.0,2.0,Low,917.0,2790.0
ART-SUP,ART,HEALTH CENTER,May,YES,RURAL,314.0,7.0,104.0,31,190.0,6.8,Overstock,28.0,1948.0
ART-SUP,ART,HEALTH CENTER,August,YES,RURAL,858.0,2.0,250.0,341,633.0,20.4,Overstock,31.0,0.0
ART-SUP,ART,HEALTH CENTER,November,NO,URBAN,1073.0,238.0,145.0,-276,1235.0,15.4,Overstock,80.0,0.0
PYRA-SAC,PYRA,HEALTH CENTER,November,NO,URBAN,656.0,0.0,276.0,-206,254.0,1.9,Low,137.0,7.0
ACT-INF,ACT,HEALTH CENTER,February,NO,URBAN,798.0,395.0,374.0,-846,1668.0,5.0,Adequate,335.0,0.0
ACT-AD,ACT,HEALTH CENTER,November,NO,RURAL,423.0,676.0,335.0,-106,644.0,4.6,Adequate,139.0,192.0
ART-SUP,ART,HEALTH CENTER,August,YES,RURAL,180.0,4.0,21.0,-237,329.0,82.2,Overstock,4.0,78.0
ACT-SC,ACT,HEALTH CENTER,August,YES,URBAN,122.0,46.0,34.0,589,150.0,8.8,Overstock,17.0,47.0
ACT-AD,ACT,HEALTH CENTER,November,NO,URBAN,2211.0,47.0,241.0,-44,937.0,11.3,Overstock,83.0,77.0
ACT-AD,ACT,HOSPITAL,August,YES,URBAN,375.0,1.0,29.0,-160,115.0,6.8,Overstock,17.0,0.0
ART-INJ,ART,HEALTH CENTER,November,NO,RURAL,1003.0,3274.0,65.0,-227,2960.0,87.1,Overstock,34.0,15.0
SP,SP,HOSPITAL,November,NO,RURAL,1209.0,207.0,408.0,-717,490.0,2.8,Low,177.0,331.0
PYRA-SAC,PYRA,HEALTH CENTER,November,NO,RURAL,144.0,1013.0,91.0,-14,59.0,2.6,Low,23.0,0.0
ITN,PREV,HEALTH CENTER,May,YES,RURAL,600.0,1.0,92.0,-480,420.0,6.6,Overstock,64.0,27.0
ART-INJ,ART,HEALTH CENTER,November,NO,RURAL,631.0,0.0,35.0,-197,59.0,2.4,Low,25.0,5.0
PYRA-SAC,PYRA,HEALTH CENTER,November,NO,URBAN,76.0,32.0,27.0,368,217.0,1.8,Low,120.0,826.0
ACT-GC,ACT,HEALTH CENTER,May,YES,RURAL,12.0,0.0,3.0,649,19.0,19.0,Overstock,1.0,0.0
RDT,DIAG,HEALTH CENTER,May,YES,URBAN,142.0,1.0,115.0,14,254.0,1.1,Low,226.0,2495.0
ACT-AD,ACT,HEALTH CENTER,February,NO,URBAN,1284.0,42.0,286.0,448,1788.0,2.5,Low,708.0,0.0
ACT-SC,ACT,HEALTH CENTER,November,NO,URBAN,286.0,17.0,75.0,-186,763.0,22.4,Overstock,34.0,583.0
ACT-INF,ACT,HEALTH CENTER,November,NO,URBAN,1687.0,0.0,352.0,622,1435.0,62.4,Overstock,23.0,0.0
PYRA-SAC,PYRA,HEALTH CENTER,November,NO,URBAN,127.0,2.0,59.0,675,263.0,3.6,Adequate,74.0,320.0
PYRA-COMP,PYRA,HOSPITAL,August,YES,URBAN,174.0,934.0,99.0,446,408.0,12.4,Overstock,33.0,0.0
PYRA-SAC,PYRA,HEALTH CENTER,May,YES,RURAL,7977.0,271.0,385.0,54,2815.0,9.9,Overstock,285.0,7.0
ACT-INF,ACT,HEALTH CENTER,February,NO,URBAN,656.0,1.0,86.0,113,627.0,12.5,Overstock,50.0,271.0
ACT-INF,ACT,HEALTH CENTER,November,NO,RURAL,1706.0,1546.0,411.0,-763,1641.0,7.6,Overstock,215.0,25.0
SP,SP,HEALTH CENTER,May,YES,RURAL,1272.0,6.0,202.0,-284,1500.0,4.7,Adequate,319.0,48.0
ART-INJ,ART,HEALTH CENTER,November,NO,RURAL,4766.0,56.0,1177.0,-239,1914.0,2.8,Low,673.0,14.0
ITN,PREV,HOSPITAL,February,NO,RURAL,34.0,16.0,199.0,1183,51.0,0.2,Critical,223.0,1492.0
ACT-AD,ACT,HEALTH CENTER,November,NO,URBAN,2197.0,84.0,318.0,-109,1708.0,21.9,Overstock,78.0,80.0
ITN,PREV,HEALTH CENTER,November,NO,URBAN,2258.0,1.0,265.0,-74,2792.0,26.6,Overstock,105.0,50.0
QUIN,SP,HEALTH CENTER,August,YES,URBAN,1693.0,573.0,1003.0,-21,1912.0,3.0,Adequate,641.0,1.0
ACT-INF,ACT,HEALTH CENTER,August,YES,RURAL,396.0,0.0,37.0,130,227.0,18.9,Overstock,12.0,0.0
SP,SP,HOSPITAL,November,NO,RURAL,2475.0,535.0,1267.0,-401,3315.0,2.9,Low,1146.0,4534.0
RDT,DIAG,HEALTH CENTER,November,NO,URBAN,876.0,407.0,284.0,-398,579.0,3.4,Adequate,168.0,44.0
ACT-INF,ACT,HEALTH CENTER,May,YES,RURAL,702.0,48.0,223.0,-340,205.0,1.8,Low,114.0,92.0
QUIN,SP,HEALTH CENTER,August,YES,RURAL,788.0,5.0,597.0,668,1478.0,3.9,Adequate,382.0,236.0
ACT-INF,ACT,HEALTH CENTER,November,NO,RURAL,1567.0,7.0,587.0,-14,1947.0,2.6,Low,741.0,1559.0
ACT-GC,ACT,HOSPITAL,August,YES,URBAN,6437.0,1.0,1010.0,-789,8302.0,12.4,Overstock,669.0,13.0
ART-INJ,ART,HEALTH CENTER,November,NO,RURAL,1687.0,46.0,497.0,389,1657.0,2.8,Low,593.0,6426.0
ACT-AD,ACT,HEALTH CENTER,February,NO,RURAL,1208.0,0.0,77.0,190,615.0,7.7,Overstock,80.0,0.0
ART-INJ,ART,HEALTH CENTER,February,NO,URBAN,1712.0,14.0,117.0,-379,293.0,8.4,Overstock,35.0,0.0
ACT-GC,ACT,HEALTH CENTER,February,NO,RURAL,1303.0,4.0,1058.0,535,3462.0,1.9,Low,1783.0,5718.0
ACT-GC,ACT,HEALTH CENTER,February,NO,URBAN,771.0,107.0,85.0,395,494.0,12.0,Overstock,41.0,28.0
SP,SP,HEALTH CENTER,November,NO,RURAL,582.0,57.0,199.0,384,801.0,6.8,Overstock,117.0,0.0
ART-SUP,ART,HEALTH CENTER,August,YES,URBAN,832.0,2241.0,294.0,595,1172.0,8.7,Overstock,135.0,1.0
ART-SUP,ART,HOSPITAL,November,NO,URBAN,357.0,618.0,13.0,-408,798.0,399.0,Overstock,2.0,0.0
ART-SUP,ART,HOSPITAL,May,YES,URBAN,833.0,226.0,360.0,976,3097.0,6.9,Overstock,451.0,0.0
PYRA-SAC,PYRA,HOSPITAL,May,YES,URBAN,778.0,241.0,115.0,-157,1628.0,7.6,Overstock,214.0,23.0
ITN,PREV,HOSPITAL,May,YES,RURAL,404.0,0.0,366.0,-165,675.0,2.4,Low,281.0,7.0
SP,SP,HEALTH CENTER,November,NO,RURAL,1310.0,3.0,429.0,449,2166.0,13.5,Overstock,161.0,579.0
ACT-SC,ACT,HEALTH CENTER,February,NO,RURAL,626.0,0.0,603.0,-81,180.0,0.4,Critical,452.0,306.0
RDT,DIAG,HOSPITAL,February,NO,URBAN,380.0,75.0,452.0,-93,770.0,2.7,Low,282.0,23.0
ACT-GC,ACT,HEALTH CENTER,February,NO,RURAL,1343.0,10.0,537.0,-643,850.0,1.6,Low,547.0,566.0
SP,SP,HEALTH CENTER,August,YES,RURAL,121.0,149.0,124.0,-18,60.0,0.9,Critical,67.0,1.0
ART-SUP,ART,HEALTH CENTER,May,YES,URBAN,370.0,1576.0,223.0,29,319.0,10.3,Overstock,31.0,30.0
ACT-GC,ACT,HEALTH CENTER,November,NO,RURAL,7026.0,36.0,578.0,192,6477.0,9.0,Overstock,721.0,448.0
ACT-INF,ACT,HEALTH CENTER,August,YES,RURAL,3287.0,1601.0,1468.0,485,3031.0,2.6,Low,1168.0,129.0
ART-INJ,ART,HEALTH CENTER,August,YES,URBAN,476.0,893.0,341.0,15,1163.0,36.3,Overstock,32.0,0.0
PYRA-COMP,PYRA,HEALTH CENTER,May,YES,RURAL,240.0,11.0,392.0,266,92.0,0.3,Critical,271.0,1274.0
ART-SUP,ART,HEALTH CENTER,February,NO,RURAL,351.0,20.0,487.0,426,388.0,0.5,Critical,800.0,85.0
ACT-INF,ACT,HEALTH CENTER,November,NO,URBAN,1254.0,274.0,82.0,398,4141.0,41.0,Overstock,101.0,2.0
PYRA-SAC,PYRA,HEALTH CENTER,November,NO,RURAL,499.0,5.0,87.0,-84,439.0,7.0,Overstock,63.0,0.0
ACT-SC,ACT,HEALTH CENTER,November,NO,RURAL,16.0,34.0,3.0,-294,55.0,,Unknown,0.0,0.0
ACT-INF,ACT,HEALTH CENTER,February,NO,URBAN,755.0,5.0,277.0,-383,1234.0,7.4,Overstock,166.0,1.0
ART-INJ,ART,HEALTH CENTER,May,YES,RURAL,2515.0,4.0,2011.0,219,939.0,0.5,Critical,1766.0,1624.0
ACT-SC,ACT,HEALTH CENTER,February,NO,RURAL,1647.0,142.0,339.0,238,489.0,1.5,Low,316.0,234.0
PYRA-SAC,PYRA,HEALTH CENTER,August,YES,RURAL,2815.0,35.0,132.0,-197,2157.0,5.3,Overstock,408.0,3.0
ACT-SC,ACT,HEALTH CENTER,February,NO,URBAN,2661.0,0.0,180.0,70,896.0,7.2,Overstock,125.0,2.0
ACT-INF,ACT,HEALTH CENTER,November,NO,URBAN,3206.0,740.0,1264.0,545,5797.0,5.6,Overstock,1038.0,127.0
ART-SUP,ART,HOSPITAL,November,NO,RURAL,152.0,272.0,280.0,-870,300.0,0.6,Critical,486.0,906.0
ART-SUP,ART,HEALTH CENTER,February,NO,URBAN,3084.0,222.0,186.0,-202,1761.0,6.8,Overstock,259.0,12.0
PYRA-SAC,PYRA,HEALTH CENTER,August,YES,RURAL,756.0,26.0,618.0,-372,1631.0,5.0,Adequate,327.0,175.0
QUIN,SP,HEALTH CENTER,May,YES,URBAN,2422.0,5.0,512.0,228,4026.0,3.1,Adequate,1283.0,1307.0
ACT-GC,ACT,HOSPITAL,August,YES,URBAN,64.0,203.0,234.0,-756,286.0,2.1,Low,138.0,1164.0
RDT,DIAG,HEALTH CENTER,February,NO,URBAN,532.0,10.0,78.0,-375,634.0,12.9,Overstock,49.0,11.0
RDT,DIAG,HEALTH CENTER,November,NO,RURAL,676.0,208.0,91.0,93,332.0,1.4,Low,241.0,0.0
ACT-SC,ACT,HEALTH CENTER,May,YES,RURAL,600.0,135.0,262.0,154,424.0,1.7,Low,249.0,0.0
ACT-SC,ACT,HEALTH CENTER,August,YES,RURAL,1505.0,42.0,249.0,-86,1497.0,6.2,Overstock,241.0,8.0
ACT-INF,ACT,HEALTH CENTER,May,YES,URBAN,1834.0,8.0,997.0,-299,610.0,0.6,Critical,1044.0,4084.0
ITN,PREV,HOSPITAL,May,YES,RURAL,5861.0,1.0,711.0,-254,5555.0,7.6,Overstock,730.0,31.0
SP,SP,HEALTH CENTER,May,YES,RURAL,367.0,0.0,5.0,527,325.0,162.5,Overstock,2.0,0.0
ART-INJ,ART,HEALTH CENTER,August,YES,RURAL,968.0,14.0,695.0,148,838.0,1.4,Low,604.0,226.0
ACT-SC,ACT,HEALTH CENTER,May,YES,RURAL,317.0,1.0,36.0,-135,109.0,2.7,Low,41.0,57.0
ACT-SC,ACT,HEALTH CENTER,May,YES,RURAL,0.0,2.0,0.0,-74,5.0,,Unknown,0.0,2105.0
PYRA-SAC,PYRA,HEALTH CENTER,August,YES,RURAL,211.0,129.0,177.0,495,1394.0,21.1,Overstock,66.0,7.0
ACT-INF,ACT,HEALTH CENTER,February,NO,RURAL,2921.0,31.0,347.0,317,2602.0,16.1,Overstock,162.0,519.0
PYRA-SAC,PYRA,HEALTH CENTER,May,YES,RURAL,1024.0,1071.0,269.0,44,1522.0,11.7,Overstock,130.0,0.0
PYRA-COMP,PYRA,HOSPITAL,November,NO,URBAN,1151.0,1151.0,561.0,497,5397.0,8.6,Overstock,628.0,7324.0
SP,SP,HEALTH CENTER,February,NO,RURAL,5.0,21.0,116.0,425,14.0,0.5,Critical,28.0,2.0
SP,SP,HEALTH CENTER,August,YES,URBAN,846.0,0.0,2.0,-814,220.0,20.0,Overstock,11.0,129.0
ART-SUP,ART,HEALTH CENTER,February,NO,RURAL,812.0,106.0,40.0,-872,1086.0,108.6,Overstock,10.0,0.0
ART-INJ,ART,HEALTH CENTER,August,YES,URBAN,20.0,0.0,20.0,-379,9.0,9.0,Overstock,1.0,0.0
ACT-GC,ACT,HEALTH CENTER,February,NO,RURAL,906.0,32.0,244.0,494,773.0,4.2,Adequate,182.0,3406.0
QUIN,SP,HEALTH CENTER,August,YES,RURAL,5654.0,251.0,1328.0,250,5385.0,6.2,Overstock,867.0,2407.0
ACT-INF,ACT,HEALTH CENTER,August,YES,RURAL,2584.0,0.0,398.0,-140,723.0,3.2,Adequate,225.0,114.0
ACT-INF,ACT,HEALTH CENTER,February,NO,RURAL,4730.0,141.0,823.0,578,4492.0,7.0,Overstock,638.0,80.0
QUIN,SP,HEALTH CENTER,May,YES,RURAL,378.0,4.0,79.0,104,1446.0,144.6,Overstock,10.0,2.0
ITN,PREV,HEALTH CENTER,February,NO,RURAL,601.0,0.0,116.0,332,89.0,1.4,Low,63.0,727.0
ACT-AD,ACT,HEALTH CENTER,November,NO,URBAN,22.0,5.0,27.0,275,150.0,5.8,Overstock,26.0,37.0
ART-SUP,ART,HEALTH CENTER,November,NO,URBAN,1841.0,0.0,957.0,466,1409.0,3.1,Adequate,452.0,2563.0
PYRA-SAC,PYRA,HEALTH CENTER,August,YES,RURAL,417.0,47.0,504.0,-1182,605.0,1.9,Low,324.0,3716.0
ACT-INF,ACT,HEALTH CENTER,November,NO,URBAN,266.0,169.0,90.0,-190,762.0,11.9,Overstock,64.0,2.0
ART-INJ,ART,HEALTH CENTER,February,NO,RURAL,587.0,112.0,110.0,670,547.0,4.5,Adequate,122.0,22.0
PYRA-SAC,PYRA,HEALTH CENTER,November,NO,RURAL,2.0,383.0,82.0,9,30.0,1.9,Low,16.0,11.0
ACT-SC,ACT,HEALTH CENTER,August,YES,RURAL,50.0,0.0,6.0,762,130.0,43.3,Overstock,3.0,3.0
PYRA-COMP,PYRA,HEALTH CENTER,May,YES,URBAN,852.0,700.0,65.0,92,1815.0,23.6,Overstock,77.0,169.0
PYRA-COMP,PYRA,HEALTH CENTER,February,NO,RURAL,296.0,5.0,54.0,-17,943.0,10.8,Overstock,87.0,0.0
PYRA-COMP,PYRA,HEALTH CENTER,February,NO,URBAN,66.0,361.0,42.0,27,128.0,128.0,Overstock,1.0,2.0
ART-SUP,ART,HOSPITAL,November,NO,URBAN,1301.0,0.0,399.0,70,1051.0,3.9,Adequate,267.0,135.0
PYRA-SAC,PYRA,HEALTH CENTER,November,NO,RURAL,149.0,247.0,221.0,1281,385.0,4.6,Adequate,84.0,1982.0
ACT-AD,ACT,HEALTH CENTER,February,NO,RURAL,1116.0,159.0,564.0,-190,855.0,3.7,Adequate,233.0,8.0
ART-SUP,ART,HEALTH CENTER,May,YES,RURAL,3532.0,25.0,661.0,410,2729.0,6.6,Overstock,415.0,1281.0
ART-INJ,ART,HEALTH CENTER,August,YES,RURAL,536.0,445.0,50.0,-269,279.0,279.0,Overstock,1.0,0.0
ACT-GC,ACT,HEALTH CENTER,August,YES,RURAL,783.0,267.0,58.0,24,120.0,10.9,Overstock,11.0,0.0
ACT-INF,ACT,HEALTH CENTER,May,YES,URBAN,2004.0,3.0,142.0,-600,754.0,5.1,Overstock,148.0,4.0
QUIN,SP,HEALTH CENTER,August,YES,URBAN,52.0,0.0,86.0,636,238.0,7.9,Overstock,30.0,80.0
ART-INJ,ART,HEALTH CENTER,May,YES,RURAL,92.0,217.0,48.0,-26,570.0,285.0,Overstock,2.0,2.0
SP,SP,HOSPITAL,May,YES,RURAL,714.0,1418.0,602.0,455,1445.0,3.9,Adequate,373.0,272.0
QUIN,SP,HEALTH CENTER,August,YES,URBAN,175.0,534.0,111.0,-236,57.0,0.5,Critical,117.0,4416.0
ART-SUP,ART,HEALTH CENTER,November,NO,URBAN,92.0,0.0,11.0,415,171.0,15.5,Overstock,11.0,13.0
PYRA-COMP,PYRA,HEALTH CENTER,August,YES,RURAL,735.0,1.0,164.0,-571,224.0,28.0,Overstock,8.0,0.0
ACT-GC,ACT,HEALTH CENTER,August,YES,RURAL,1762.0,0.0,99.0,-528,1659.0,18.2,Overstock,91.0,16.0
SP,SP,HOSPITAL,February,NO,RURAL,914.0,0.0,154.0,-648,1240.0,12.8,Overstock,97.0,2.0
ART-SUP,ART,HEALTH CENTER,May,YES,URBAN,2850.0,1.0,261.0,395,331.0,4.9,Adequate,67.0,1.0
ACT-GC,ACT,HEALTH CENTER,August,YES,RURAL,1033.0,92.0,102.0,488,479.0,2.7,Low,180.0,647.0
ACT-INF,ACT,HEALTH CENTER,May,YES,URBAN,5163.0,15.0,484.0,-164,2739.0,6.8,Overstock,401.0,4436.0
RDT,DIAG,HEALTH CENTER,November,NO,RURAL,119.0,89.0,13.0,-644,96.0,12.0,Overstock,8.0,382.0
PYRA-SAC,PYRA,HEALTH CENTER,May,YES,RURAL,20.0,12.0,1.0,332,118.0,118.0,Overstock,1.0,0.0
ACT-AD,ACT,HEALTH CENTER,November,NO,RURAL,4113.0,410.0,1077.0,710,3933.0,5.0,Adequate,788.0,1697.0
ACT-INF,ACT,HEALTH CENTER,February,NO,RURAL,1613.0,0.0,61.0,-218,2430.0,48.6,Overstock,50.0,36.0
ART-INJ,ART,HEALTH CENTER,February,NO,RURAL,1784.0,100.0,79.0,-160,243.0,13.5,Overstock,18.0,12.0
ACT-AD,ACT,HEALTH CENTER,February,NO,RURAL,956.0,8.0,98.0,356,1192.0,79.5,Overstock,15.0,0.0
QUIN,SP,HEALTH CENTER,February,NO,RURAL,3755.0,861.0,816.0,70,4272.0,10.7,Overstock,398.0,307.0
ACT-AD,ACT,HEALTH CENTER,February,NO,RURAL,173.0,0.0,29.0,-468,50.0,3.3,Adequate,15.0,901.0
RDT,DIAG,HEALTH CENTER,February,NO,RURAL,392.0,241.0,429.0,280,1978.0,4.3,Adequate,456.0,0.0
PYRA-COMP,PYRA,HEALTH CENTER,November,NO,RURAL,4861.0,47.0,887.0,65,1592.0,3.3,Adequate,488.0,1965.0
ART-SUP,ART,HEALTH CENTER,May,YES,URBAN,32.0,417.0,30.0,145,186.0,5.3,Overstock,35.0,6.0
ACT-AD,ACT,HEALTH CENTER,May,YES,RURAL,136.0,52.0,242.0,254,142.0,0.9,Critical,151.0,3101.0
RDT,DIAG,HEALTH CENTER,August,YES,RURAL,878.0,15.0,250.0,356,370.0,3.7,Adequate,100.0,0.0
ACT-AD,ACT,HEALTH CENTER,May,YES,URBAN,293.0,6.0,20.0,611,763.0,42.4,Overstock,18.0,21.0
ACT-GC,ACT,HEALTH CENTER,November,NO,URBAN,1579.0,347.0,618.0,396,4091.0,13.2,Overstock,311.0,104.0
ACT-SC,ACT,HEALTH CENTER,May,YES,RURAL,78.0,2.0,47.0,-118,321.0,15.3,Overstock,21.0,74.0
ACT-INF,ACT,HEALTH CENTER,May,YES,RURAL,1508.0,150.0,702.0,266,2137.0,4.5,Adequate,480.0,9.0
PYRA-COMP,PYRA,HEALTH CENTER,February,NO,RURAL,542.0,4.0,153.0,-235,367.0,3.6,Adequate,102.0,32.0
PYRA-COMP,PYRA,HEALTH CENTER,February,NO,RURAL,151.0,0.0,13.0,-430,64.0,2.1,Low,30.0,39.0
ACT-INF,ACT,HEALTH CENTER,November,NO,RURAL,1631.0,654.0,788.0,514,3271.0,4.0,Adequate,817.0,143.0
RDT,DIAG,HEALTH CENTER,May,YES,RURAL,1189.0,134.0,544.0,-810,823.0,1.7,Low,486.0,10.0
ART-SUP,ART,HEALTH CENTER,February,NO,RURAL,1825.0,0.0,263.0,209,1199.0,8.9,Overstock,135.0,26.0
ACT-SC,ACT,HEALTH CENTER,May,YES,RURAL,1024.0,1.0,339.0,21,349.0,0.9,Critical,376.0,5278.0
ART-SUP,ART,HEALTH CENTER,August,YES,RURAL,1395.0,3.0,562.0,-66,458.0,0.4,Critical,1132.0,19.0
ACT-INF,ACT,HEALTH CENTER,May,YES,RURAL,1794.0,0.0,154.0,322,1263.0,18.9,Overstock,67.0,54.0
ITN,PREV,HEALTH CENTER,May,YES,RURAL,1280.0,31.0,547.0,-160,1093.0,2.7,Low,402.0,833.0
PYRA-COMP,PYRA,HEALTH CENTER,May,YES,URBAN,290.0,5006.0,416.0,40,2122.0,3.5,Adequate,605.0,1041.0
ART-SUP,ART,HEALTH CENTER,February,NO,RURAL,246.0,9.0,10.0,-805,292.0,292.0,Overstock,1.0,0.0
ART-INJ,ART,HEALTH CENTER,May,YES,RURAL,234.0,81.0,485.0,128,810.0,4.7,Adequate,171.0,5.0
RDT,DIAG,HEALTH CENTER,August,YES,RURAL,514.0,244.0,133.0,237,1500.0,125.0,Overstock,12.0,0.0
RDT,DIAG,HOSPITAL,August,YES,RURAL,525.0,1.0,112.0,-255,203.0,7.8,Overstock,26.0,0.0
SP,SP,HEALTH CENTER,May,YES,RURAL,754.0,974.0,750.0,487,1483.0,2.1,Low,703.0,2848.0
ART-SUP,ART,HEALTH CENTER,August,YES,URBAN,839.0,1.0,176.0,-822,433.0,10.6,Overstock,41.0,3.0
ACT-SC,ACT,HEALTH CENTER,November,NO,RURAL,81.0,2.0,26.0,-76,69.0,3.0,Adequate,23.0,406.0
PYRA-COMP,PYRA,HEALTH CENTER,May,YES,RURAL,825.0,0.0,10.0,50,394.0,197.0,Overstock,2.0,0.0
ART-INJ,ART,HEALTH CENTER,August,YES,URBAN,469.0,95.0,441.0,257,526.0,1.6,Low,321.0,793.0
ACT-GC,ACT,HEALTH CENTER,November,NO,RURAL,1156.0,4.0,963.0,209,1875.0,3.0,Adequate,615.0,495.0
SP,SP,HEALTH CENTER,November,NO,RURAL,889.0,2990.0,611.0,590,2263.0,3.0,Adequate,759.0,0.0
SP,SP,HEALTH CENTER,August,YES,RURAL,1551.0,299.0,415.0,431,765.0,2.3,Low,337.0,13.0
ITN,PREV,HEALTH CENTER,May,YES,RURAL,740.0,0.0,217.0,260,788.0,12.7,Overstock,62.0,66.0
ART-INJ,ART,HEALTH CENTER,August,YES,URBAN,690.0,13.0,199.0,-33,945.0,4.0,Adequate,238.0,555.0
SP,SP,HEALTH CENTER,November,NO,RURAL,4857.0,3039.0,2924.0,340,4932.0,2.2,Low,2233.0,4063.0
ACT-SC,ACT,HEALTH CENTER,August,YES,RURAL,946.0,1.0,349.0,-651,723.0,2.3,Low,311.0,12806.0
PYRA-SAC,PYRA,HEALTH CENTER,May,YES,RURAL,2987.0,263.0,473.0,-344,1312.0,3.6,Adequate,366.0,5187.0
ACT-INF,ACT,HEALTH CENTER,May,YES,URBAN,486.0,0.0,472.0,-232,943.0,3.7,Adequate,257.0,8.0
ART-SUP,ART,HEALTH CENTER,May,YES,RURAL,269.0,1088.0,253.0,294,912.0,5.0,Adequate,181.0,187.0
ACT-INF,ACT,HEALTH CENTER,February,NO,RURAL,2634.0,157.0,114.0,-192,3213.0,18.8,Overstock,171.0,0.0
PYRA-COMP,PYRA,HEALTH CENTER,February,NO,RURAL,5.0,1266.0,1.0,-495,75.0,,Unknown,0.0,0.0
QUIN,SP,HEALTH CENTER,May,YES,RURAL,1799.0,1146.0,725.0,-38,5920.0,5.4,Overstock,1098.0,1.0
ACT-SC,ACT,HEALTH CENTER,August,YES,RURAL,826.0,0.0,279.0,-674,1373.0,4.4,Adequate,313.0,475.0
ITN,PREV,HEALTH CENTER,August,YES,RURAL,109.0,33.0,5.0,262,938.0,55.2,Overstock,17.0,0.0
ITN,PREV,HEALTH CENTER,August,YES,RURAL,1.0,17.0,14.0,295,33.0,4.7,Adequate,7.0,0.0
ACT-SC,ACT,HEALTH CENTER,February,NO,RURAL,3627.0,488.0,1171.0,-226,3836.0,5.8,Overstock,658.0,0.0
ACT-INF,ACT,HEALTH CENTER,May,YES,URBAN,76.0,3.0,47.0,-219,25.0,5.0,Adequate,5.0,321.0
QUIN,SP,HEALTH CENTER,August,YES,RURAL,1787.0,1.0,120.0,206,563.0,5.2,Overstock,109.0,0.0
PYRA-SAC,PYRA,HOSPITAL,November,NO,RURAL,22.0,2.0,19.0,761,157.0,39.2,Overstock,4.0,14.0
QUIN,SP,HEALTH CENTER,November,NO,RURAL,1957.0,0.0,350.0,313,2526.0,3.3,Adequate,762.0,118.0
PYRA-COMP,PYRA,HEALTH CENTER,May,YES,RURAL,1932.0,305.0,201.0,-888,853.0,6.9,Overstock,124.0,0.0
SP,SP,HEALTH CENTER,August,YES,URBAN,3397.0,204.0,826.0,886,5233.0,9.9,Overstock,528.0,175.0
ITN,PREV,HEALTH CENTER,February,NO,RURAL,2139.0,19.0,589.0,-621,799.0,1.5,Low,526.0,2910.0
ACT-GC,ACT,HEALTH CENTER,February,NO,RURAL,1522.0,0.0,278.0,210,1533.0,3.2,Adequate,473.0,0.0
ART-INJ,ART,HEALTH CENTER,May,YES,URBAN,370.0,87.0,111.0,-180,917.0,22.9,Overstock,40.0,692.0
PYRA-SAC,PYRA,HEALTH CENTER,August,YES,URBAN,663.0,0.0,142.0,29,290.0,9.4,Overstock,31.0,830.0
ACT-AD,ACT,HOSPITAL,August,YES,RURAL,498.0,165.0,313.0,197,1316.0,4.4,Adequate,296.0,11.0
QUIN,SP,HEALTH CENTER,May,YES,URBAN,3009.0,368.0,585.0,-460,2852.0,5.6,Overstock,509.0,11.0
ART-INJ,ART,HOSPITAL,August,YES,URBAN,1020.0,1.0,194.0,618,565.0,5.8,Overstock,98.0,241.0
ACT-INF,ACT,HEALTH CENTER,November,NO,RURAL,1345.0,1.0,1101.0,216,1999.0,3.0,Adequate,662.0,0.0
PYRA-SAC,PYRA,HEALTH CENTER,February,NO,RURAL,20.0,1.0,21.0,323,13.0,2.6,Low,5.0,347.0
ART-INJ,ART,HEALTH CENTER,November,NO,RURAL,1089.0,11.0,234.0,-198,3242.0,21.5,Overstock,151.0,0.0
ACT-GC,ACT,HEALTH CENTER,August,YES,RURAL,95.0,0.0,7.0,-403,62.0,15.5,Overstock,4.0,0.0
PYRA-SAC,PYRA,HEALTH CENTER,August,YES,URBAN,1500.0,252.0,205.0,-365,1911.0,11.0,Overstock,173.0,33.0
ART-INJ,ART,HEALTH CENTER,February,NO,RURAL,224.0,0.0,40.0,-361,94.0,15.7,Overstock,6.0,3464.0
ACT-GC,ACT,HEALTH CENTER,February,NO,RURAL,4335.0,449.0,1327.0,704,9321.0,8.2,Overstock,1135.0,1313.0
ACT-INF,ACT,HEALTH CENTER,February,NO,URBAN,854.0,0.0,18.0,-179,248.0,15.5,Overstock,16.0,0.0
ITN,PREV,HEALTH CENTER,May,YES,RURAL,5359.0,566.0,1743.0,-461,4823.0,4.3,Adequate,1113.0,75.0
ACT-SC,ACT,HEALTH CENTER,February,NO,URBAN,845.0,242.0,393.0,-203,2277.0,12.9,Overstock,176.0,0.0
ACT-AD,ACT,HEALTH CENTER,February,NO,RURAL,4854.0,87.0,779.0,31,2995.0,2.6,Low,1152.0,105.0
ART-INJ,ART,HEALTH CENTER,August,YES,RURAL,694.0,602.0,332.0,-97,2380.0,13.9,Overstock,171.0,0.0
ACT-INF,ACT,HEALTH CENTER,February,NO,RURAL,5766.0,6.0,517.0,-18,3118.0,5.0,Adequate,625.0,151.0
ACT-GC,ACT,HEALTH CENTER,August,YES,RURAL,578.0,1.0,152.0,263,1251.0,6.8,Overstock,185.0,14.0
PYRA-SAC,PYRA,HEALTH CENTER,February,NO,RURAL,411.0,8.0,49.0,17,988.0,141.1,Overstock,7.0,0.0
RDT,DIAG,HEALTH CENTER,February,NO,RURAL,1.0,4.0,13.0,238,6.0,2.0,Low,3.0,0.0
PYRA-COMP,PYRA,HEALTH CENTER,May,YES,URBAN,4097.0,8.0,1145.0,-458,1862.0,3.2,Adequate,587.0,1916.0
QUIN,SP,HEALTH CENTER,May,YES,RURAL,120.0,0.0,7.0,119,37.0,37.0,Overstock,1.0,0.0
SP,SP,HOSPITAL,November,NO,RURAL,1425.0,100.0,81.0,427,3433.0,73.0,Overstock,47.0,0.0
ART-SUP,ART,HOSPITAL,November,NO,RURAL,1377.0,203.0,536.0,402,2020.0,21.5,Overstock,94.0,13919.0
ACT-SC,ACT,HEALTH CENTER,February,NO,RURAL,759.0,0.0,80.0,-401,397.0,7.6,Overstock,52.0,0.0
ACT-GC,ACT,HEALTH CENTER,August,YES,RURAL,2360.0,0.0,155.0,-227,299.0,8.8,Overstock,34.0,0.0
RDT,DIAG,HEALTH CENTER,August,YES,RURAL,350.0,0.0,127.0,-171,149.0,6.8,Overstock,22.0,4.0
PYRA-SAC,PYRA,HEALTH CENTER,February,NO,RURAL,2585.0,65.0,401.0,38,3440.0,13.8,Overstock,249.0,68.0
PYRA-SAC,PYRA,HOSPITAL,August,YES,RURAL,1200.0,0.0,100.0,-406,765.0,6.0,Overstock,127.0,0.0
ACT-GC,ACT,HEALTH CENTER,November,NO,RURAL,64.0,1298.0,187.0,-1004,103.0,0.5,Critical,197.0,0.0
ART-INJ,ART,HEALTH CENTER,August,YES,RURAL,506.0,0.0,17.0,-467,142.0,4.7,Adequate,30.0,0.0
PYRA-SAC,PYRA,HEALTH CENTER,August,YES,RURAL,976.0,595.0,94.0,-428,3142.0,314.2,Overstock,10.0,0.0
ART-SUP,ART,HEALTH CENTER,May,YES,RURAL,1796.0,1534.0,833.0,104,4102.0,10.4,Overstock,396.0,2314.0
ART-INJ,ART,HEALTH CENTER,May,YES,RURAL,961.0,0.0,567.0,-16,978.0,4.3,Adequate,229.0,0.0
RDT,DIAG,HEALTH CENTER,November,NO,URBAN,1356.0,0.0,418.0,72,831.0,1.8,Low,471.0,1715.0
PYRA-SAC,PYRA,HEALTH CENTER,May,YES,RURAL,264.0,37.0,107.0,-56,178.0,4.9,Adequate,36.0,878.0
PYRA-SAC,PYRA,HEALTH CENTER,November,NO,RURAL,454.0,204.0,64.0,-232,699.0,69.9,Overstock,10.0,0.0
ACT-GC,ACT,HEALTH CENTER,May,YES,RURAL,2037.0,0.0,280.0,-517,729.0,2.0,Low,368.0,624.0
ART-SUP,ART,HEALTH CENTER,May,YES,RURAL,637.0,0.0,198.0,374,81.0,0.4,Critical,187.0,5312.0
PYRA-SAC,PYRA,HEALTH CENTER,February,NO,URBAN,666.0,195.0,240.0,118,425.0,1.7,Low,252.0,1082.0
ACT-AD,ACT,HEALTH CENTER,November,NO,RURAL,165.0,107.0,25.0,348,79.0,7.2,Overstock,11.0,0.0
PYRA-SAC,PYRA,HEALTH CENTER,May,YES,URBAN,52.0,2.0,21.0,-13,119.0,13.2,Overstock,9.0,2650.0
ACT-AD,ACT,HEALTH CENTER,November,NO,RURAL,4674.0,6.0,1083.0,-878,3216.0,4.0,Adequate,808.0,3290.0
ACT-GC,ACT,HEALTH CENTER,May,YES,RURAL,55.0,29.0,5.0,622,87.0,,Unknown,0.0,1341.0
QUIN,SP,HEALTH CENTER,February,NO,URBAN,4869.0,18.0,735.0,-289,3510.0,10.3,Overstock,340.0,14.0
QUIN,SP,HEALTH CENTER,November,NO,RURAL,107.0,2.0,208.0,448,167.0,0.2,Critical,950.0,840.0
RDT,DIAG,HEALTH CENTER,August,YES,RURAL,1475.0,0.0,152.0,-202,732.0,20.9,Overstock,35.0,0.0
ACT-AD,ACT,HOSPITAL,February,NO,RURAL,1921.0,13.0,699.0,-554,1514.0,1.9,Low,782.0,1771.0
PYRA-COMP,PYRA,HEALTH CENTER,February,NO,URBAN,1168.0,108.0,602.0,442,401.0,0.7,Critical,539.0,711.0
ART-SUP,ART,HEALTH CENTER,November,NO,RURAL,7427.0,53.0,1576.0,-573,6113.0,3.7,Adequate,1649.0,30.0
ACT-INF,ACT,HEALTH CENTER,August,YES,URBAN,105.0,398.0,90.0,345,420.0,5.7,Overstock,74.0,1979.0
ITN,PREV,HEALTH CENTER,May,YES,RURAL,668.0,0.0,87.0,-304,510.0,7.4,Overstock,69.0,1.0
SP,SP,HEALTH CENTER,November,NO,RURAL,435.0,4.0,148.0,895,412.0,14.2,Overstock,29.0,3.0
ACT-SC,ACT,HOSPITAL,August,YES,RURAL,260.0,1.0,173.0,192,145.0,1.8,Low,80.0,1.0
PYRA-COMP,PYRA,HEALTH CENTER,February,NO,URBAN,362.0,10.0,141.0,184,644.0,16.5,Overstock,39.0,20.0
ITN,PREV,HEALTH CENTER,November,NO,RURAL,364.0,0.0,80.0,-740,189.0,18.9,Overstock,10.0,0.0
ACT-INF,ACT,HEALTH CENTER,November,NO,URBAN,310.0,124.0,86.0,-534,774.0,36.9,Overstock,21.0,372.0
ACT-SC,ACT,HEALTH CENTER,August,YES,URBAN,143.0,2218.0,138.0,-26,563.0,3.5,Adequate,163.0,0.0
QUIN,SP,HEALTH CENTER,August,YES,RURAL,97.0,0.0,67.0,33,62.0,15.5,Overstock,4.0,1.0
ACT-SC,ACT,HEALTH CENTER,November,NO,RURAL,2.0,1.0,2.0,-285,10.0,10.0,Overstock,1.0,16.0
SP,SP,HEALTH CENTER,August,YES,RURAL,1324.0,740.0,173.0,-610,2143.0,18.5,Overstock,116.0,0.0
ART-SUP,ART,HEALTH CENTER,May,YES,RURAL,93.0,165.0,71.0,-329,150.0,6.0,Overstock,25.0,3993.0
QUIN,SP,HEALTH CENTER,May,YES,RURAL,1178.0,23.0,342.0,-190,1569.0,8.9,Overstock,177.0,0.0
ART-SUP,ART,HEALTH CENTER,February,NO,RURAL,3992.0,0.0,447.0,-365,1938.0,7.6,Overstock,254.0,4.0
SP,SP,HEALTH CENTER,August,YES,RURAL,2933.0,147.0,1111.0,211,5433.0,5.3,Overstock,1019.0,197.0
ACT-INF,ACT,HOSPITAL,February,NO,URBAN,109.0,25.0,62.0,-213,81.0,6.8,Overstock,12.0,197.0
ART-INJ,ART,HEALTH CENTER,May,YES,RURAL,1047.0,175.0,121.0,-719,1492.0,124.3,Overstock,12.0,0.0
ACT-AD,ACT,HEALTH CENTER,August,YES,RURAL,13.0,0.0,3.0,49,2.0,,Unknown,0.0,73.0
ACT-GC,ACT,HEALTH CENTER,May,YES,RURAL,441.0,0.0,153.0,186,238.0,1.7,Low,143.0,800.0
ART-INJ,ART,HEALTH CENTER,August,YES,RURAL,2625.0,5.0,95.0,59,525.0,2.3,Low,226.0,0.0
ART-INJ,ART,HEALTH CENTER,November,NO,RURAL,1121.0,1.0,248.0,-409,1241.0,2.9,Low,431.0,1579.0
PYRA-COMP,PYRA,HEALTH CENTER,August,YES,RURAL,1017.0,352.0,358.0,-712,2882.0,15.4,Overstock,187.0,5.0
SP,SP,HEALTH CENTER,August,YES,URBAN,4626.0,2.0,1192.0,-213,9670.0,7.4,Overstock,1305.0,0.0
ACT-SC,ACT,HEALTH CENTER,November,NO,URBAN,807.0,3.0,202.0,-304,982.0,9.1,Overstock,108.0,0.0
QUIN,SP,HEALTH CENTER,November,NO,RURAL,354.0,0.0,36.0,-90,124.0,1.2,Low,105.0,136.0
ACT-AD,ACT,HEALTH CENTER,May,YES,URBAN,2725.0,0.0,525.0,-80,1970.0,7.2,Overstock,275.0,0.0
ACT-SC,ACT,HEALTH CENTER,May,YES,RURAL,679.0,0.0,76.0,600,251.0,83.7,Overstock,3.0,0.0
ACT-INF,ACT,HEALTH CENTER,August,YES,URBAN,814.0,132.0,1042.0,817,2620.0,4.0,Adequate,663.0,733.0
RDT,DIAG,HEALTH CENTER,May,YES,RURAL,1026.0,0.0,160.0,-139,527.0,31.0,Overstock,17.0,375.0
ITN,PREV,HEALTH CENTER,February,NO,RURAL,159.0,0.0,55.0,-326,196.0,2.4,Low,81.0,2744.0
ART-SUP,ART,HEALTH CENTER,November,NO,RURAL,54.0,806.0,118.0,851,358.0,7.6,Overstock,47.0,334.0
SP,SP,HEALTH CENTER,August,YES,RURAL,1947.0,12.0,992.0,388,1080.0,2.4,Low,449.0,7645.0
ART-INJ,ART,HEALTH CENTER,May,YES,RURAL,842.0,0.0,188.0,117,147.0,1.3,Low,110.0,13578.0
SP,SP,HEALTH CENTER,May,YES,URBAN,1454.0,1.0,160.0,-587,890.0,23.4,Overstock,38.0,0.0
ART-SUP,ART,HEALTH CENTER,February,NO,URBAN,3256.0,0.0,654.0,-292,2157.0,3.9,Adequate,551.0,2610.0
QUIN,SP,HEALTH CENTER,August,YES,RURAL,28.0,0.0,188.0,507,26.0,0.2,Critical,120.0,0.0
PYRA-COMP,PYRA,HOSPITAL,February,NO,URBAN,479.0,1122.0,192.0,-499,126.0,0.4,Critical,288.0,3297.0
ART-INJ,ART,HEALTH CENTER,November,NO,RURAL,274.0,17.0,49.0,410,173.0,14.4,Overstock,12.0,1.0
ART-INJ,ART,HEALTH CENTER,November,NO,URBAN,105.0,1.0,298.0,710,131.0,1.0,Critical,128.0,5.0
RDT,DIAG,HEALTH CENTER,February,NO,RURAL,181.0,720.0,169.0,152,499.0,2.8,Low,181.0,351.0
SP,SP,HEALTH CENTER,February,NO,RURAL,4691.0,239.0,847.0,563,2235.0,5.2,Overstock,426.0,0.0
SP,SP,HEALTH CENTER,May,YES,URBAN,515.0,131.0,193.0,-247,1106.0,30.7,Overstock,36.0,2.0
SP,SP,HEALTH CENTER,August,YES,RURAL,965.0,1949.0,584.0,-402,2062.0,13.2,Overstock,156.0,626.0
ART-SUP,ART,HEALTH CENTER,November,NO,RURAL,23.0,0.0,5.0,-111,5.0,1.2,Low,4.0,1.0
ART-INJ,ART,HEALTH CENTER,November,NO,URBAN,942.0,0.0,282.0,-274,414.0,1.9,Low,214.0,505.0
ACT-AD,ACT,HEALTH CENTER,February,NO,RURAL,6.0,30.0,32.0,583,10.0,2.5,Low,4.0,0.0
PYRA-COMP,PYRA,HEALTH CENTER,November,NO,URBAN,3608.0,2862.0,1674.0,-361,5536.0,5.0,Adequate,1100.0,0.0
ART-SUP,ART,HEALTH CENTER,May,YES,RURAL,3005.0,113.0,808.0,-647,2704.0,3.5,Adequate,763.0,5945.0
QUIN,SP,HEALTH CENTER,August,YES,URBAN,3501.0,59.0,1147.0,-127,3577.0,2.4,Low,1495.0,2.0
QUIN,SP,HEALTH CENTER,August,YES,URBAN,21.0,41.0,12.0,556,35.0,35.0,Overstock,1.0,361.0
PYRA-COMP,PYRA,HEALTH CENTER,February,NO,RURAL,6.0,72.0,4.0,343,4.0,,Unknown,0.0,1.0
ACT-GC,ACT,HEALTH CENTER,August,YES,RURAL,143.0,1660.0,392.0,579,740.0,1.3,Low,582.0,8779.0
PYRA-COMP,PYRA,HEALTH CENTER,November,NO,RURAL,697.0,0.0,232.0,-140,1179.0,7.8,Overstock,152.0,0.0
ART-SUP,ART,HEALTH CENTER,August,YES,RURAL,1641.0,32.0,811.0,-499,1129.0,2.8,Low,405.0,4186.0
QUIN,SP,HEALTH CENTER,November,NO,URBAN,2396.0,0.0,851.0,-332,1426.0,2.0,Low,721.0,6984.0
SP,SP,HEALTH CENTER,August,YES,RURAL,154.0,0.0,43.0,-244,122.0,12.2,Overstock,10.0,0.0
ACT-AD,ACT,HEALTH CENTER,August,YES,RURAL,389.0,5.0,69.0,-283,115.0,4.3,Adequate,27.0,0.0
QUIN,SP,HEALTH CENTER,May,YES,URBAN,1968.0,207.0,201.0,618,3595.0,20.4,Overstock,176.0,1.0
ACT-SC,ACT,HEALTH CENTER,August,YES,URBAN,424.0,4.0,48.0,-166,1175.0,130.6,Overstock,9.0,345.0
ITN,PREV,HEALTH CENTER,November,NO,RURAL,726.0,182.0,450.0,-335,1008.0,3.7,Adequate,270.0,17.0
SP,SP,HEALTH CENTER,August,YES,URBAN,2299.0,590.0,946.0,-393,3972.0,8.7,Overstock,455.0,329.0
ACT-SC,ACT,HEALTH CENTER,August,YES,RURAL,1549.0,1191.0,435.0,-519,2063.0,4.4,Adequate,468.0,1723.0
ACT-INF,ACT,HEALTH CENTER,May,YES,URBAN,76.0,0.0,15.0,-10,352.0,88.0,Overstock,4.0,0.0
ACT-SC,ACT,HEALTH CENTER,February,NO,RURAL,53.0,0.0,18.0,117,11.0,2.2,Low,5.0,3786.0
ITN,PREV,HEALTH CENTER,August,YES,RURAL,2109.0,0.0,341.0,319,1646.0,13.0,Overstock,127.0,2.0
ACT-SC,ACT,HEALTH CENTER,February,NO,RURAL,34.0,0.0,17.0,1095,385.0,9.0,Overstock,43.0,0.0
ACT-GC,ACT,HEALTH CENTER,November,NO,RURAL,312.0,1.0,122.0,81,442.0,9.0,Overstock,49.0,6.0
QUIN,SP,HOSPITAL,February,NO,URBAN,414.0,0.0,153.0,-15,138.0,0.9,Critical,147.0,10.0
ACT-GC,ACT,HEALTH CENTER,February,NO,URBAN,234.0,345.0,121.0,-300,526.0,11.4,Overstock,46.0,902.0
QUIN,SP,HEALTH CENTER,November,NO,RURAL,2363.0,7.0,1148.0,127,1985.0,1.9,Low,1026.0,161.0
ACT-AD,ACT,HEALTH CENTER,August,YES,RURAL,4906.0,67.0,1366.0,-308,4925.0,5.1,Overstock,969.0,101.0
ACT-INF,ACT,HEALTH CENTER,May,YES,URBAN,1813.0,839.0,465.0,-99,4854.0,11.2,Overstock,435.0,1652.0
ART-INJ,ART,HEALTH CENTER,May,YES,RURAL,64.0,0.0,18.0,484,12.0,1.7,Low,7.0,31.0
RDT,DIAG,HEALTH CENTER,November,NO,URBAN,451.0,25.0,274.0,299,173.0,0.9,Critical,193.0,126.0
RDT,DIAG,HEALTH CENTER,February,NO,RURAL,1019.0,22.0,358.0,-194,1358.0,2.2,Low,604.0,0.0
ACT-AD,ACT,HEALTH CENTER,August,YES,RURAL,7993.0,20.0,929.0,-493,4037.0,4.4,Adequate,919.0,1624.0
SP,SP,HEALTH CENTER,August,YES,RURAL,1024.0,0.0,108.0,149,255.0,5.1,Overstock,50.0,0.0
ACT-GC,ACT,HOSPITAL,February,NO,URBAN,2953.0,0.0,340.0,465,1876.0,8.1,Overstock,231.0,0.0
QUIN,SP,HEALTH CENTER,August,YES,URBAN,121.0,1.0,85.0,-318,4.0,0.1,Critical,40.0,2918.0
SP,SP,HEALTH CENTER,August,YES,RURAL,3919.0,138.0,615.0,-149,2961.0,8.6,Overstock,344.0,8066.0
ACT-GC,ACT,HEALTH CENTER,February,NO,RURAL,614.0,0.0,47.0,-364,213.0,7.6,Overstock,28.0,188.0
ACT-INF,ACT,HEALTH CENTER,August,YES,URBAN,1263.0,0.0,1042.0,-214,293.0,0.2,Critical,1421.0,3440.0
ACT-GC,ACT,HEALTH CENTER,February,NO,RURAL,1721.0,127.0,627.0,113,1056.0,1.0,Critical,1068.0,0.0
ACT-INF,ACT,HEALTH CENTER,August,YES,URBAN,265.0,285.0,154.0,-678,2256.0,32.2,Overstock,70.0,0.0
ITN,PREV,HOSPITAL,February,NO,RURAL,3289.0,5.0,476.0,-34,2230.0,4.7,Adequate,470.0,3.0
ITN,PREV,HOSPITAL,November,NO,URBAN,766.0,51.0,1393.0,358,767.0,0.9,Critical,891.0,8554.0
QUIN,SP,HEALTH CENTER,November,NO,URBAN,999.0,248.0,785.0,114,1630.0,3.3,Adequate,494.0,2.0
ART-INJ,ART,HEALTH CENTER,May,YES,URBAN,1703.0,1512.0,581.0,-153,2154.0,9.9,Overstock,218.0,13.0
ACT-GC,ACT,HEALTH CENTER,February,NO,RURAL,745.0,18.0,241.0,165,308.0,1.1,Low,282.0,872.0
ACT-AD,ACT,HEALTH CENTER,November,NO,RURAL,191.0,20.0,48.0,-174,97.0,2.4,Low,40.0,0.0
ACT-INF,ACT,HEALTH CENTER,November,NO,RURAL,189.0,99.0,95.0,-470,434.0,11.1,Overstock,39.0,0.0
QUIN,SP,HEALTH CENTER,November,NO,RURAL,223.0,0.0,244.0,505,216.0,5.3,Overstock,41.0,0.0
PYRA-SAC,PYRA,HEALTH CENTER,May,YES,URBAN,255.0,0.0,25.0,-422,73.0,36.5,Overstock,2.0,273.0
ACT-INF,ACT,HEALTH CENTER,August,YES,RURAL,1123.0,1051.0,1140.0,15,1761.0,0.8,Critical,2291.0,6824.0
PYRA-COMP,PYRA,HEALTH CENTER,August,YES,RURAL,927.0,0.0,127.0,-76,253.0,3.7,Adequate,69.0,161.0
ART-SUP,ART,HEALTH CENTER,February,NO,RURAL,3488.0,57.0,826.0,22,1657.0,1.2,Low,1429.0,407.0
SP,SP,HEALTH CENTER,November,NO,URBAN,196.0,4.0,95.0,536,1048.0,7.2,Overstock,146.0,0.0
PYRA-COMP,PYRA,HEALTH CENTER,November,NO,RURAL,1.0,2268.0,9.0,-4,10.0,1.2,Low,8.0,0.0
ACT-GC,ACT,HEALTH CENTER,May,YES,RURAL,2877.0,229.0,897.0,-238,4174.0,3.4,Adequate,1236.0,47.0
ACT-GC,ACT,HEALTH CENTER,November,NO,RURAL,475.0,0.0,140.0,-11,157.0,2.2,Low,70.0,24.0
ART-INJ,ART,HEALTH CENTER,May,YES,RURAL,407.0,903.0,258.0,589,1854.0,13.8,Overstock,134.0,4.0
ACT-INF,ACT,HEALTH CENTER,May,YES,RURAL,1372.0,535.0,574.0,-562,1563.0,6.5,Overstock,242.0,4308.0
ITN,PREV,HEALTH CENTER,November,NO,RURAL,905.0,437.0,118.0,-702,948.0,3.6,Adequate,263.0,99.0
RDT,DIAG,HEALTH CENTER,November,NO,URBAN,325.0,21.0,89.0,-98,1150.0,14.4,Overstock,80.0,0.0
ACT-SC,ACT,HEALTH CENTER,August,YES,URBAN,2.0,40.0,7.0,90,8.0,,Unknown,0.0,1.0
ACT-INF,ACT,HEALTH CENTER,February,NO,URBAN,2149.0,58.0,300.0,593,997.0,3.2,Adequate,311.0,21.0
ACT-INF,ACT,HEALTH CENTER,November,NO,RURAL,2510.0,473.0,386.0,-820,2069.0,7.4,Overstock,278.0,0.0
RDT,DIAG,HEALTH CENTER,November,NO,URBAN,1668.0,85.0,720.0,-173,1875.0,6.0,Overstock,311.0,139.0
ACT-SC,ACT,HEALTH CENTER,February,NO,RURAL,36.0,21.0,9.0,1,233.0,,Unknown,0.0,0.0
QUIN,SP,HEALTH CENTER,May,YES,URBAN,1009.0,0.0,26.0,-46,760.0,760.0,Overstock,1.0,77.0
PYRA-SAC,PYRA,HEALTH CENTER,May,YES,RURAL,512.0,54.0,33.0,-451,277.0,25.2,Overstock,11.0,0.0
ACT-GC,ACT,HOSPITAL,August,YES,RURAL,108.0,1.0,36.0,318,80.0,3.8,Adequate,21.0,0.0
ACT-INF,ACT,HOSPITAL,November,NO,RURAL,49.0,0.0,10.0,258,108.0,6.4,Overstock,17.0,2.0
RDT,DIAG,HEALTH CENTER,February,NO,URBAN,268.0,685.0,138.0,212,591.0,6.9,Overstock,86.0,35.0
ACT-GC,ACT,HEALTH CENTER,November,NO,RURAL,1081.0,19.0,187.0,-163,1759.0,10.3,Overstock,170.0,8.0
ART-INJ,ART,HEALTH CENTER,February,NO,RURAL,405.0,0.0,236.0,160,697.0,4.2,Adequate,167.0,6.0
ACT-AD,ACT,HEALTH CENTER,February,NO,RURAL,297.0,0.0,161.0,671,47.0,0.8,Critical,56.0,6422.0
ACT-SC,ACT,HEALTH CENTER,February,NO,URBAN,79.0,62.0,368.0,-516,895.0,4.0,Adequate,223.0,63.0
ACT-GC,ACT,HEALTH CENTER,February,NO,RURAL,2181.0,0.0,209.0,-129,555.0,11.3,Overstock,49.0,54.0
ITN,PREV,HEALTH CENTER,August,YES,RURAL,4860.0,0.0,310.0,206,3433.0,34.3,Overstock,100.0,1.0
ART-SUP,ART,HEALTH CENTER,February,NO,RURAL,201.0,106.0,161.0,40,229.0,7.4,Overstock,31.0,73.0
PYRA-SAC,PYRA,HEALTH CENTER,February,NO,RURAL,534.0,1709.0,143.0,-373,782.0,48.9,Overstock,16.0,1.0
PYRA-COMP,PYRA,HEALTH CENTER,May,YES,RURAL,658.0,1.0,836.0,-1164,284.0,0.7,Critical,434.0,2169.0
ACT-SC,ACT,HEALTH CENTER,February,NO,RURAL,693.0,787.0,427.0,-303,3409.0,23.5,Overstock,145.0,2803.0
PYRA-COMP,PYRA,HEALTH CENTER,February,NO,RURAL,1919.0,0.0,840.0,382,1313.0,2.1,Low,621.0,1.0
ART-SUP,ART,HEALTH CENTER,May,YES,RURAL,273.0,160.0,212.0,556,703.0,10.3,Overstock,68.0,2.0
ACT-INF,ACT,HEALTH CENTER,November,NO,URBAN,195.0,0.0,26.0,-706,41.0,0.7,Critical,56.0,428.0
SP,SP,HEALTH CENTER,May,YES,URBAN,925.0,2.0,89.0,-153,440.0,18.3,Overstock,24.0,172.0
SP,SP,HEALTH CENTER,November,NO,URBAN,1119.0,0.0,156.0,-516,214.0,4.3,Adequate,50.0,0.0
PYRA-SAC,PYRA,HEALTH CENTER,February,NO,RURAL,921.0,2.0,1045.0,169,2637.0,5.7,Overstock,466.0,27.0
ACT-GC,ACT,HEALTH CENTER,February,NO,URBAN,2240.0,0.0,743.0,661,164.0,0.4,Critical,424.0,2704.0
PYRA-SAC,PYRA,HEALTH CENTER,May,YES,URBAN,292.0,682.0,13.0,-319,1027.0,146.7,Overstock,7.0,678.0
ITN,PREV,HEALTH CENTER,May,YES,RURAL,313.0,22.0,365.0,-127,422.0,0.5,Critical,904.0,949.0
SP,SP,HEALTH CENTER,May,YES,URBAN,323.0,2.0,200.0,202,82.0,0.5,Critical,167.0,70.0
SP,SP,HEALTH CENTER,November,NO,URBAN,817.0,0.0,111.0,507,420.0,10.8,Overstock,39.0,346.0
RDT,DIAG,HEALTH CENTER,May,YES,RURAL,625.0,0.0,116.0,425,896.0,23.0,Overstock,39.0,18.0
ACT-INF,ACT,HEALTH CENTER,November,NO,URBAN,572.0,5.0,179.0,-297,1085.0,17.5,Overstock,62.0,379.0
ART-SUP,ART,HEALTH CENTER,May,YES,RURAL,1640.0,0.0,230.0,-245,838.0,2.9,Low,294.0,104.0
ART-SUP,ART,HEALTH CENTER,February,NO,RURAL,413.0,1746.0,453.0,-135,1659.0,3.8,Adequate,442.0,1394.0
ACT-AD,ACT,HEALTH CENTER,February,NO,URBAN,166.0,265.0,110.0,298,98.0,3.0,Adequate,33.0,3702.0
SP,SP,HEALTH CENTER,November,NO,RURAL,2520.0,142.0,468.0,238,1020.0,2.4,Low,423.0,2886.0
ITN,PREV,HEALTH CENTER,February,NO,URBAN,1441.0,3.0,232.0,-871,2664.0,62.0,Overstock,43.0,564.0
ACT-AD,ACT,HEALTH CENTER,November,NO,URBAN,5522.0,376.0,522.0,-599,3274.0,3.9,Adequate,830.0,643.0
ART-SUP,ART,HEALTH CENTER,August,YES,RURAL,1208.0,5.0,207.0,-602,190.0,1.1,Low,171.0,2555.0
ART-INJ,ART,HEALTH CENTER,November,NO,RURAL,138.0,2.0,35.0,372,95.0,15.8,Overstock,6.0,1364.0
ART-INJ,ART,HEALTH CENTER,February,NO,RURAL,263.0,84.0,34.0,-756,136.0,15.1,Overstock,9.0,8.0
ACT-GC,ACT,HEALTH CENTER,May,YES,RURAL,223.0,0.0,68.0,-299,12.0,0.7,Critical,18.0,2353.0
PYRA-SAC,PYRA,HEALTH CENTER,August,YES,RURAL,3564.0,11.0,1103.0,-165,3088.0,2.1,Low,1465.0,242.0
ACT-SC,ACT,HEALTH CENTER,May,YES,RURAL,1663.0,0.0,284.0,-698,372.0,3.3,Adequate,112.0,259.0
PYRA-SAC,PYRA,HEALTH CENTER,May,YES,URBAN,705.0,0.0,433.0,919,203.0,0.6,Critical,344.0,9162.0
ACT-GC,ACT,HEALTH CENTER,May,YES,RURAL,1327.0,726.0,402.0,12,824.0,3.8,Adequate,219.0,2549.0
ART-SUP,ART,HEALTH CENTER,February,NO,URBAN,237.0,6.0,166.0,-236,133.0,1.5,Low,90.0,15.0
ACT-SC,ACT,HEALTH CENTER,May,YES,RURAL,11.0,13.0,5.0,79,156.0,78.0,Overstock,2.0,5.0
RDT,DIAG,HEALTH CENTER,November,NO,RURAL,3.0,0.0,4.0,297,5.0,0.7,Critical,7.0,0.0
ACT-INF,ACT,HEALTH CENTER,May,YES,URBAN,3097.0,615.0,725.0,-401,4178.0,7.7,Overstock,541.0,84.0
QUIN,SP,HEALTH CENTER,February,NO,URBAN,2882.0,0.0,284.0,59,1442.0,8.2,Overstock,176.0,3050.0
ACT-GC,ACT,HEALTH CENTER,February,NO,URBAN,366.0,171.0,261.0,-7,437.0,1.3,Low,333.0,3466.0
ITN,PREV,HEALTH CENTER,November,NO,RURAL,1589.0,4.0,448.0,-456,790.0,2.0,Low,402.0,7444.0
SP,SP,HEALTH CENTER,May,YES,URBAN,276.0,362.0,459.0,339,874.0,3.4,Adequate,257.0,364.0
ART-SUP,ART,HEALTH CENTER,May,YES,URBAN,1478.0,370.0,299.0,410,2696.0,10.3,Overstock,263.0,400.0
ACT-INF,ACT,HEALTH CENTER,May,YES,RURAL,1303.0,53.0,368.0,-54,1964.0,24.2,Overstock,81.0,77.0
PYRA-SAC,PYRA,HEALTH CENTER,May,YES,RURAL,921.0,45.0,64.0,-73,132.0,3.9,Adequate,34.0,1430.0
SP,SP,HEALTH CENTER,May,YES,RURAL,156.0,46.0,165.0,79,166.0,0.4,Critical,370.0,1979.0
PYRA-SAC,PYRA,HEALTH CENTER,August,YES,RURAL,551.0,1461.0,350.0,30,2004.0,10.1,Overstock,198.0,497.0
ACT-AD,ACT,HEALTH CENTER,February,NO,RURAL,780.0,46.0,178.0,-348,1613.0,16.8,Overstock,96.0,0.0
ACT-INF,ACT,HEALTH CENTER,May,YES,URBAN,325.0,371.0,492.0,110,960.0,3.0,Adequate,322.0,3579.0
QUIN,SP,HEALTH CENTER,November,NO,RURAL,206.0,17.0,54.0,-287,28.0,1.3,Low,21.0,69.0
PYRA-SAC,PYRA,HEALTH CENTER,May,YES,RURAL,4396.0,7.0,873.0,-172,5414.0,3.8,Adequate,1437.0,4207.0
ART-INJ,ART,HEALTH CENTER,November,NO,RURAL,8.0,0.0,7.0,-399,2.0,,Unknown,0.0,2.0
RDT,DIAG,HEALTH CENTER,February,NO,URBAN,544.0,62.0,319.0,-220,625.0,2.2,Low,287.0,2335.0
ART-INJ,ART,HEALTH CENTER,November,NO,URBAN,39.0,751.0,27.0,94,17.0,5.7,Overstock,3.0,0.0
ACT-GC,ACT,HEALTH CENTER,February,NO,RURAL,475.0,23.0,350.0,-60,1074.0,8.0,Overstock,134.0,8.0
RDT,DIAG,HEALTH CENTER,November,NO,URBAN,2986.0,250.0,334.0,101,3397.0,7.8,Overstock,434.0,0.0
ART-INJ,ART,HEALTH CENTER,May,YES,RURAL,89.0,0.0,236.0,208,130.0,1.0,Critical,124.0,12097.0
RDT,DIAG,HEALTH CENTER,February,NO,RURAL,886.0,56.0,136.0,256,1726.0,20.3,Overstock,85.0,0.0
RDT,DIAG,HEALTH CENTER,August,YES,URBAN,165.0,10.0,264.0,-222,185.0,1.2,Low,156.0,4781.0
ART-SUP,ART,HEALTH CENTER,August,YES,RURAL,638.0,0.0,96.0,-430,1520.0,15.2,Overstock,100.0,0.0
QUIN,SP,HEALTH CENTER,November,NO,RURAL,1112.0,1.0,114.0,-70,1186.0,14.3,Overstock,83.0,1088.0
SP,SP,HEALTH CENTER,May,YES,URBAN,6339.0,153.0,1201.0,-586,3764.0,4.8,Adequate,777.0,10687.0
PYRA-SAC,PYRA,HEALTH CENTER,August,YES,RURAL,49.0,13.0,98.0,-92,311.0,31.1,Overstock,10.0,984.0
ART-INJ,ART,HEALTH CENTER,February,NO,RURAL,1622.0,635.0,981.0,-731,4008.0,5.0,Adequate,809.0,326.0
ACT-AD,ACT,HEALTH CENTER,May,YES,URBAN,120.0,495.0,133.0,-237,483.0,5.7,Overstock,85.0,9.0
ACT-INF,ACT,HEALTH CENTER,February,NO,RURAL,575.0,0.0,105.0,431,90.0,1.1,Low,82.0,1233.0
ACT-AD,ACT,HEALTH CENTER,August,YES,RURAL,816.0,271.0,428.0,553,524.0,1.3,Low,405.0,0.0
SP,SP,HEALTH CENTER,May,YES,RURAL,676.0,19.0,335.0,-262,1757.0,7.1,Overstock,246.0,0.0
ITN,PREV,HEALTH CENTER,November,NO,URBAN,345.0,1658.0,225.0,188,835.0,6.2,Overstock,135.0,308.0
SP,SP,HEALTH CENTER,August,YES,URBAN,3249.0,29.0,709.0,-886,2208.0,3.4,Adequate,659.0,144.0
SP,SP,HEALTH CENTER,November,NO,URBAN,33.0,1596.0,50.0,-276,787.0,27.1,Overstock,29.0,0.0
ACT-SC,ACT,HEALTH CENTER,November,NO,RURAL,88.0,9.0,138.0,664,1309.0,8.1,Overstock,162.0,91.0
ART-SUP,ART,HOSPITAL,May,YES,RURAL,49.0,681.0,23.0,-189,70.0,2.0,Low,35.0,1088.0
PYRA-COMP,PYRA,HEALTH CENTER,May,YES,RURAL,2930.0,0.0,948.0,-133,1972.0,2.6,Low,746.0,2.0
SP,SP,HEALTH CENTER,February,NO,URBAN,3286.0,54.0,885.0,-351,4004.0,8.6,Overstock,467.0,0.0
ITN,PREV,HEALTH CENTER,August,YES,RURAL,95.0,1.0,99.0,391,65.0,0.6,Critical,118.0,1150.0
ITN,PREV,HOSPITAL,February,NO,RURAL,296.0,318.0,157.0,407,343.0,1.9,Low,184.0,2.0
QUIN,SP,HEALTH CENTER,February,NO,RURAL,544.0,0.0,16.0,-258,300.0,100.0,Overstock,3.0,1.0
ACT-AD,ACT,HEALTH CENTER,February,NO,URBAN,1493.0,0.0,267.0,-272,2115.0,5.7,Overstock,373.0,2367.0
ACT-INF,ACT,HEALTH CENTER,February,NO,RURAL,3261.0,216.0,1344.0,-539,6023.0,4.5,Adequate,1338.0,20456.0
RDT,DIAG,HEALTH CENTER,February,NO,RURAL,83.0,304.0,302.0,55,511.0,1.4,Low,355.0,2.0
SP,SP,HEALTH CENTER,May,YES,RURAL,687.0,1.0,469.0,653,481.0,1.1,Low,455.0,1333.0
ACT-SC,ACT,HEALTH CENTER,August,YES,RURAL,1620.0,600.0,332.0,-669,2260.0,6.0,Overstock,375.0,2.0
ART-SUP,ART,HEALTH CENTER,February,NO,URBAN,188.0,0.0,10.0,189,99.0,99.0,Overstock,1.0,7.0
ACT-AD,ACT,HEALTH CENTER,August,YES,RURAL,3556.0,1832.0,837.0,120,4963.0,18.2,Overstock,272.0,1126.0
ITN,PREV,HEALTH CENTER,August,YES,RURAL,413.0,113.0,349.0,8,1133.0,4.5,Adequate,251.0,3.0
RDT,DIAG,HEALTH CENTER,February,NO,RURAL,773.0,67.0,465.0,-333,447.0,1.6,Low,276.0,223.0
ART-INJ,ART,HOSPITAL,May,YES,RURAL,605.0,1.0,179.0,-49,1098.0,6.9,Overstock,160.0,305.0
QUIN,SP,HEALTH CENTER,February,NO,RURAL,940.0,24.0,224.0,447,1375.0,20.5,Overstock,67.0,8.0
RDT,DIAG,HEALTH CENTER,August,YES,URBAN,1115.0,0.0,245.0,-518,366.0,3.3,Adequate,111.0,1184.0
ITN,PREV,HEALTH CENTER,August,YES,RURAL,1.0,0.0,1.0,-164,10.0,,Unknown,0.0,0.0
ART-INJ,ART,HEALTH CENTER,February,NO,RURAL,786.0,0.0,64.0,225,756.0,126.0,Overstock,6.0,0.0
ACT-GC,ACT,HEALTH CENTER,November,NO,RURAL,4788.0,1168.0,912.0,-526,3791.0,4.3,Adequate,885.0,2482.0
ACT-SC,ACT,HEALTH CENTER,February,NO,RURAL,1220.0,642.0,498.0,-204,4411.0,15.8,Overstock,280.0,0.0
PYRA-COMP,PYRA,HEALTH CENTER,November,NO,URBAN,103.0,0.0,14.0,180,57.0,11.4,Overstock,5.0,0.0
SP,SP,HEALTH CENTER,August,YES,RURAL,1571.0,1.0,13.0,-974,136.0,45.3,Overstock,3.0,30.0
ART-INJ,ART,HEALTH CENTER,November,NO,URBAN,213.0,0.0,22.0,715,540.0,24.5,Overstock,22.0,0.0
ACT-INF,ACT,HEALTH CENTER,May,YES,URBAN,1330.0,61.0,864.0,711,1740.0,5.5,Overstock,314.0,3.0
ART-INJ,ART,HEALTH CENTER,February,NO,RURAL,1425.0,0.0,345.0,0,1230.0,5.8,Overstock,212.0,1.0
ACT-INF,ACT,HEALTH CENTER,May,YES,URBAN,10.0,135.0,80.0,171,107.0,2.5,Low,42.0,1650.0
ACT-GC,ACT,HEALTH CENTER,May,YES,URBAN,96.0,193.0,81.0,-666,449.0,14.0,Overstock,32.0,65.0
ACT-INF,ACT,HOSPITAL,May,YES,RURAL,40.0,15.0,2.0,308,305.0,,Unknown,0.0,0.0
ITN,PREV,HEALTH CENTER,February,NO,URBAN,528.0,1.0,104.0,718,271.0,3.8,Adequate,72.0,36.0
ART-SUP,ART,HEALTH CENTER,November,NO,RURAL,1266.0,2.0,281.0,116,235.0,0.6,Critical,387.0,4233.0
ITN,PREV,HEALTH CENTER,May,YES,RURAL,113.0,24.0,78.0,32,438.0,27.4,Overstock,16.0,42.0
ACT-INF,ACT,HEALTH CENTER,November,NO,URBAN,2017.0,9.0,243.0,-365,1045.0,26.8,Overstock,39.0,3.0
SP,SP,HEALTH CENTER,August,YES,RURAL,99.0,0.0,23.0,310,63.0,5.7,Overstock,11.0,24.0
PYRA-SAC,PYRA,HEALTH CENTER,November,NO,RURAL,174.0,2.0,29.0,-155,19.0,0.3,Critical,63.0,0.0
ACT-SC,ACT,HEALTH CENTER,May,YES,RURAL,397.0,540.0,280.0,139,574.0,8.0,Overstock,72.0,586.0
RDT,DIAG,HEALTH CENTER,August,YES,URBAN,55.0,0.0,24.0,881,213.0,2.3,Low,91.0,0.0
PYRA-SAC,PYRA,HOSPITAL,May,YES,URBAN,885.0,9.0,240.0,-13,687.0,3.1,Adequate,221.0,421.0
ART-SUP,ART,HEALTH CENTER,August,YES,URBAN,9.0,190.0,39.0,-382,82.0,10.2,Overstock,8.0,2.0
ART-SUP,ART,HEALTH CENTER,August,YES,RURAL,109.0,74.0,183.0,374,128.0,0.7,Critical,196.0,4.0
ART-SUP,ART,HEALTH CENTER,May,YES,RURAL,186.0,9.0,23.0,-578,26.0,1.3,Low,20.0,0.0
QUIN,SP,HEALTH CENTER,November,NO,RURAL,1677.0,527.0,462.0,367,1692.0,4.9,Adequate,342.0,24.0
PYRA-SAC,PYRA,HEALTH CENTER,May,YES,RURAL,316.0,27.0,121.0,-632,655.0,16.8,Overstock,39.0,42.0
ACT-SC,ACT,HEALTH CENTER,August,YES,RURAL,82.0,1.0,64.0,2,361.0,14.4,Overstock,25.0,14.0
ACT-INF,ACT,HEALTH CENTER,May,YES,URBAN,1287.0,89.0,388.0,-65,2492.0,14.0,Overstock,178.0,0.0
ACT-AD,ACT,HEALTH CENTER,November,NO,URBAN,758.0,5.0,230.0,-13,666.0,3.1,Adequate,218.0,1769.0
RDT,DIAG,HEALTH CENTER,February,NO,RURAL,4298.0,1.0,1184.0,831,862.0,0.6,Critical,1481.0,8272.0
ACT-INF,ACT,HEALTH CENTER,November,NO,RURAL,2085.0,0.0,35.0,-1351,623.0,36.6,Overstock,17.0,0.0
RDT,DIAG,HEALTH CENTER,November,NO,URBAN,116.0,19.0,10.0,438,80.0,80.0,Overstock,1.0,0.0
ACT-AD,ACT,HEALTH CENTER,May,YES,RURAL,4457.0,21.0,1497.0,-184,1954.0,1.5,Low,1281.0,8263.0
ITN,PREV,HEALTH CENTER,November,NO,RURAL,2334.0,42.0,184.0,-451,836.0,7.3,Overstock,115.0,0.0
ART-INJ,ART,HOSPITAL,November,NO,URBAN,1373.0,157.0,135.0,-465,1693.0,14.1,Overstock,120.0,185.0
QUIN,SP,HEALTH CENTER,August,YES,URBAN,976.0,192.0,144.0,-834,975.0,9.8,Overstock,99.0,24.0
SP,SP,HEALTH CENTER,August,YES,RURAL,1684.0,0.0,576.0,590,1184.0,2.5,Low,479.0,1785.0
ACT-AD,ACT,HEALTH CENTER,February,NO,RURAL,2935.0,220.0,720.0,-400,2051.0,7.6,Overstock,269.0,3208.0
RDT,DIAG,HOSPITAL,November,NO,RURAL,2578.0,2.0,481.0,272,2025.0,2.5,Low,815.0,1973.0
QUIN,SP,HEALTH CENTER,May,YES,RURAL,12.0,127.0,99.0,-182,31.0,0.8,Critical,37.0,0.0
ART-SUP,ART,HEALTH CENTER,August,YES,URBAN,391.0,1742.0,209.0,-233,1025.0,31.1,Overstock,33.0,12.0
ACT-GC,ACT,HEALTH CENTER,August,YES,RURAL,3761.0,14.0,363.0,329,3516.0,10.3,Overstock,342.0,0.0
QUIN,SP,HEALTH CENTER,February,NO,RURAL,652.0,92.0,619.0,51,988.0,2.2,Low,440.0,156.0
QUIN,SP,HEALTH CENTER,November,NO,URBAN,3026.0,17.0,270.0,-67,3474.0,4.6,Adequate,757.0,2.0
ITN,PREV,HEALTH CENTER,May,YES,RURAL,172.0,0.0,19.0,-73,26.0,3.2,Adequate,8.0,137.0
ACT-INF,ACT,HEALTH CENTER,May,YES,URBAN,466.0,0.0,75.0,-561,463.0,6.0,Overstock,77.0,0.0
SP,SP,HEALTH CENTER,May,YES,RURAL,46.0,20.0,101.0,32,232.0,33.1,Overstock,7.0,0.0
ACT-INF,ACT,HEALTH CENTER,May,YES,RURAL,1009.0,28.0,201.0,330,965.0,21.4,Overstock,45.0,0.0
PYRA-COMP,PYRA,HEALTH CENTER,August,YES,RURAL,66.0,261.0,6.0,53,122.0,30.5,Overstock,4.0,0.0
ART-SUP,ART,HEALTH CENTER,August,YES,RURAL,140.0,12.0,35.0,-56,229.0,32.7,Overstock,7.0,0.0
ACT-SC,ACT,HEALTH CENTER,November,NO,RURAL,1038.0,0.0,424.0,-373,408.0,2.1,Low,196.0,16464.0
ACT-SC,ACT,HEALTH CENTER,February,NO,RURAL,2448.0,626.0,560.0,250,3464.0,7.8,Overstock,442.0,909.0
PYRA-SAC,PYRA,HEALTH CENTER,February,NO,RURAL,1004.0,2249.0,296.0,-1005,1291.0,12.5,Overstock,103.0,1387.0
ITN,PREV,HEALTH CENTER,May,YES,URBAN,2393.0,199.0,467.0,433,3530.0,12.3,Overstock,286.0,9.0
SP,SP,HEALTH CENTER,November,NO,RURAL,222.0,0.0,95.0,141,852.0,3.2,Adequate,263.0,18.0
QUIN,SP,HEALTH CENTER,August,YES,RURAL,3.0,41.0,64.0,-769,113.0,2.5,Low,45.0,5039.0
PYRA-SAC,PYRA,HEALTH CENTER,February,NO,RURAL,1983.0,3.0,193.0,68,461.0,1.7,Low,264.0,52.0
ACT-AD,ACT,HEALTH CENTER,May,YES,RURAL,369.0,436.0,229.0,299,553.0,4.6,Adequate,120.0,0.0
QUIN,SP,HEALTH CENTER,November,NO,URBAN,524.0,105.0,202.0,-155,996.0,4.1,Adequate,242.0,3507.0
ITN,PREV,HEALTH CENTER,August,YES,RURAL,707.0,15.0,139.0,506,1058.0,11.0,Overstock,96.0,0.0
PYRA-COMP,PYRA,HOSPITAL,May,YES,RURAL,2084.0,1.0,529.0,222,476.0,1.3,Low,373.0,0.0
ACT-GC,ACT,HEALTH CENTER,November,NO,RURAL,1143.0,0.0,61.0,727,604.0,10.2,Overstock,59.0,316.0
PYRA-COMP,PYRA,HEALTH CENTER,November,NO,RURAL,2180.0,912.0,519.0,332,2158.0,3.6,Adequate,602.0,304.0
SP,SP,HEALTH CENTER,November,NO,RURAL,2057.0,1.0,87.0,-456,484.0,13.4,Overstock,36.0,0.0
RDT,DIAG,HEALTH CENTER,February,NO,RURAL,1712.0,103.0,845.0,30,766.0,1.0,Critical,803.0,169.0
ART-SUP,ART,HEALTH CENTER,November,NO,RURAL,1081.0,980.0,384.0,-77,511.0,5.2,Overstock,98.0,544.0
ACT-AD,ACT,HEALTH CENTER,August,YES,URBAN,477.0,13.0,265.0,-500,394.0,1.3,Low,297.0,10.0
ACT-GC,ACT,HEALTH CENTER,August,YES,URBAN,46.0,0.0,155.0,221,106.0,2.0,Low,52.0,769.0
PYRA-COMP,PYRA,HEALTH CENTER,February,NO,URBAN,508.0,0.0,49.0,379,653.0,5.9,Overstock,110.0,0.0
ART-INJ,ART,HEALTH CENTER,May,YES,RURAL,1954.0,0.0,81.0,93,1702.0,11.2,Overstock,152.0,2799.0
PYRA-SAC,PYRA,HEALTH CENTER,November,NO,RURAL,221.0,0.0,134.0,-594,348.0,0.8,Critical,421.0,3624.0
ACT-AD,ACT,HEALTH CENTER,November,NO,URBAN,378.0,0.0,46.0,-615,250.0,250.0,Overstock,1.0,1.0
ART-SUP,ART,HEALTH CENTER,February,NO,URBAN,4882.0,0.0,618.0,-168,1107.0,3.1,Adequate,357.0,384.0
PYRA-SAC,PYRA,HEALTH CENTER,February,NO,RURAL,2864.0,26.0,392.0,-155,737.0,4.5,Adequate,165.0,137.0
ITN,PREV,HEALTH CENTER,February,NO,RURAL,32.0,3868.0,181.0,-184,252.0,2.1,Low,121.0,4330.0
PYRA-COMP,PYRA,HEALTH CENTER,February,NO,RURAL,1252.0,257.0,91.0,36,1325.0,20.7,Overstock,64.0,70.0
ACT-AD,ACT,HEALTH CENTER,February,NO,RURAL,103.0,1.0,24.0,278,86.0,14.3,Overstock,6.0,0.0
ACT-SC,ACT,HEALTH CENTER,May,YES,RURAL,280.0,2.0,86.0,8,564.0,9.4,Overstock,60.0,5.0
QUIN,SP,HEALTH CENTER,May,YES,RURAL,486.0,0.0,55.0,428,285.0,23.8,Overstock,12.0,0.0
PYRA-SAC,PYRA,HEALTH CENTER,November,NO,RURAL,287.0,0.0,77.0,278,444.0,15.9,Overstock,28.0,9.0
PYRA-COMP,PYRA,HEALTH CENTER,November,NO,URBAN,803.0,393.0,69.0,-589,662.0,20.7,Overstock,32.0,0.0
ART-INJ,ART,HEALTH CENTER,February,NO,RURAL,113.0,158.0,45.0,-743,671.0,13.7,Overstock,49.0,0.0
ACT-SC,ACT,HOSPITAL,November,NO,RURAL,3783.0,616.0,680.0,-196,2169.0,5.8,Overstock,374.0,5106.0
ART-SUP,ART,HEALTH CENTER,August,YES,RURAL,772.0,0.0,53.0,374,25.0,6.2,Overstock,4.0,57.0
PYRA-SAC,PYRA,HEALTH CENTER,May,YES,URBAN,71.0,155.0,9.0,551,154.0,25.7,Overstock,6.0,7.0
ART-SUP,ART,HEALTH CENTER,February,NO,RURAL,31.0,0.0,40.0,182,52.0,1.7,Low,30.0,421.0
ACT-AD,ACT,HOSPITAL,May,YES,RURAL,52.0,29.0,32.0,-35,152.0,152.0,Overstock,1.0,2.0
ART-SUP,ART,HEALTH CENTER,August,YES,RURAL,839.0,0.0,222.0,-71,559.0,4.7,Adequate,120.0,0.0
RDT,DIAG,HEALTH CENTER,May,YES,URBAN,1156.0,73.0,188.0,-783,3211.0,118.9,Overstock,27.0,0.0
ART-SUP,ART,HEALTH CENTER,May,YES,RURAL,765.0,103.0,234.0,-287,1755.0,12.3,Overstock,143.0,0.0
ACT-AD,ACT,HEALTH CENTER,May,YES,RURAL,1620.0,1941.0,856.0,149,5199.0,9.5,Overstock,549.0,444.0
SP,SP,HEALTH CENTER,August,YES,RURAL,3172.0,0.0,60.0,109,1755.0,292.5,Overstock,6.0,0.0
ART-SUP,ART,HEALTH CENTER,February,NO,RURAL,978.0,25.0,93.0,199,963.0,13.6,Overstock,71.0,4.0
ART-INJ,ART,HEALTH CENTER,August,YES,RURAL,956.0,34.0,404.0,303,792.0,2.4,Low,336.0,1137.0
SP,SP,HEALTH CENTER,February,NO,RURAL,209.0,0.0,20.0,-959,62.0,10.3,Overstock,6.0,1219.0
QUIN,SP,HEALTH CENTER,February,NO,RURAL,19.0,0.0,2.0,-402,2.0,1.0,Critical,2.0,1205.0
SP,SP,HEALTH CENTER,February,NO,URBAN,2008.0,0.0,645.0,-181,2083.0,12.7,Overstock,164.0,521.0
RDT,DIAG,HEALTH CENTER,November,NO,RURAL,1812.0,1.0,318.0,385,491.0,5.1,Overstock,97.0,1841.0
ACT-AD,ACT,HEALTH CENTER,May,YES,URBAN,138.0,110.0,55.0,-435,84.0,1.0,Critical,84.0,5370.0
RDT,DIAG,HEALTH CENTER,November,NO,RURAL,783.0,233.0,1097.0,147,849.0,0.9,Critical,955.0,1148.0
SP,SP,HEALTH CENTER,August,YES,RURAL,702.0,11.0,296.0,23,3074.0,6.5,Overstock,470.0,98.0
ACT-GC,ACT,HEALTH CENTER,August,YES,URBAN,560.0,203.0,65.0,-32,1090.0,60.6,Overstock,18.0,0.0
QUIN,SP,HEALTH CENTER,February,NO,RURAL,370.0,0.0,60.0,-249,414.0,27.6,Overstock,15.0,0.0
PYRA-COMP,PYRA,HEALTH CENTER,August,YES,RURAL,1588.0,562.0,357.0,-403,674.0,2.6,Low,264.0,9.0
ACT-GC,ACT,HEALTH CENTER,August,YES,RURAL,1397.0,0.0,299.0,370,303.0,1.0,Critical,317.0,38.0
ITN,PREV,HEALTH CENTER,May,YES,RURAL,178.0,930.0,198.0,139,666.0,2.0,Low,326.0,5.0
ART-SUP,ART,HEALTH CENTER,May,YES,URBAN,148.0,0.0,69.0,434,22.0,3.7,Adequate,6.0,2.0
ART-INJ,ART,HEALTH CENTER,February,NO,RURAL,203.0,0.0,37.0,471,138.0,9.2,Overstock,15.0,2207.0
SP,SP,HEALTH CENTER,November,NO,RURAL,3720.0,35.0,676.0,274,1825.0,4.7,Adequate,386.0,1.0
QUIN,SP,HEALTH CENTER,May,YES,RURAL,129.0,0.0,128.0,-122,30.0,0.3,Critical,86.0,0.0
ACT-SC,ACT,HEALTH CENTER,August,YES,URBAN,161.0,30.0,18.0,-479,465.0,66.4,Overstock,7.0,2.0
ITN,PREV,HEALTH CENTER,February,NO,URBAN,139.0,0.0,11.0,102,20.0,20.0,Overstock,1.0,9.0
QUIN,SP,HEALTH CENTER,May,YES,RURAL,1219.0,0.0,271.0,-54,69.0,0.2,Critical,363.0,509.0
PYRA-SAC,PYRA,HEALTH CENTER,May,YES,URBAN,132.0,1.0,45.0,192,225.0,32.1,Overstock,7.0,0.0
ART-SUP,ART,HEALTH CENTER,August,YES,RURAL,2129.0,0.0,614.0,-116,2125.0,3.9,Adequate,549.0,528.0
ACT-INF,ACT,HEALTH CENTER,February,NO,RURAL,133.0,0.0,73.0,23,79.0,0.5,Critical,155.0,3985.0
PYRA-COMP,PYRA,HEALTH CENTER,August,YES,RURAL,1055.0,0.0,32.0,549,257.0,3.0,Adequate,87.0,1.0
ACT-GC,ACT,HEALTH CENTER,May,YES,RURAL,918.0,0.0,83.0,61,1384.0,230.7,Overstock,6.0,0.0
PYRA-COMP,PYRA,HEALTH CENTER,February,NO,RURAL,27.0,0.0,8.0,57,19.0,2.1,Low,9.0,198.0
PYRA-COMP,PYRA,HEALTH CENTER,February,NO,RURAL,1835.0,213.0,456.0,803,4654.0,24.1,Overstock,193.0,0.0
RDT,DIAG,HEALTH CENTER,August,YES,RURAL,538.0,94.0,367.0,416,2515.0,15.5,Overstock,162.0,28.0
ART-INJ,ART,HEALTH CENTER,February,NO,URBAN,1158.0,0.0,94.0,170,809.0,16.5,Overstock,49.0,200.0
ACT-AD,ACT,HEALTH CENTER,February,NO,URBAN,1672.0,75.0,218.0,-616,374.0,2.8,Low,134.0,47.0
ACT-INF,ACT,HEALTH CENTER,February,NO,URBAN,220.0,13.0,78.0,-876,555.0,2.1,Low,265.0,2.0
ART-SUP,ART,HOSPITAL,May,YES,RURAL,109.0,2036.0,563.0,498,757.0,1.5,Low,490.0,770.0
ACT-GC,ACT,HEALTH CENTER,May,YES,RURAL,6512.0,70.0,1129.0,369,3322.0,3.6,Adequate,932.0,2846.0
ACT-GC,ACT,HEALTH CENTER,August,YES,URBAN,385.0,1.0,182.0,-611,345.0,4.2,Adequate,82.0,326.0
SP,SP,HEALTH CENTER,February,NO,RURAL,1601.0,0.0,653.0,-372,780.0,2.0,Low,393.0,52.0
RDT,DIAG,HEALTH CENTER,November,NO,RURAL,540.0,128.0,165.0,215,1087.0,8.2,Overstock,133.0,44.0
ART-INJ,ART,HEALTH CENTER,May,YES,RURAL,1323.0,3783.0,1053.0,256,1394.0,1.4,Low,1013.0,99.0
ACT-INF,ACT,HEALTH CENTER,November,NO,RURAL,526.0,4.0,466.0,-15,857.0,2.5,Low,344.0,677.0
ACT-GC,ACT,HOSPITAL,February,NO,RURAL,139.0,4.0,5.0,22,296.0,,Unknown,0.0,0.0
RDT,DIAG,HEALTH CENTER,November,NO,RURAL,2990.0,40.0,550.0,-404,1293.0,1.5,Low,878.0,438.0
PYRA-COMP,PYRA,HEALTH CENTER,November,NO,RURAL,1498.0,1.0,45.0,208,191.0,7.6,Overstock,25.0,3.0
ART-SUP,ART,HEALTH CENTER,August,YES,RURAL,1128.0,1.0,66.0,987,513.0,9.5,Overstock,54.0,0.0
ART-INJ,ART,HEALTH CENTER,November,NO,URBAN,173.0,241.0,44.0,82,975.0,81.2,Overstock,12.0,0.0
QUIN,SP,HEALTH CENTER,November,NO,RURAL,1617.0,0.0,344.0,-538,360.0,2.5,Low,145.0,2029.0
ACT-AD,ACT,HOSPITAL,February,NO,URBAN,7.0,135.0,15.0,-72,105.0,52.5,Overstock,2.0,2702.0
SP,SP,HEALTH CENTER,August,YES,RURAL,431.0,76.0,513.0,101,354.0,0.7,Critical,544.0,3139.0
ACT-AD,ACT,HEALTH CENTER,May,YES,RURAL,1839.0,661.0,375.0,-37,2029.0,2.7,Low,739.0,1625.0
RDT,DIAG,HEALTH CENTER,November,NO,RURAL,6.0,410.0,6.0,394,29.0,7.2,Overstock,4.0,0.0
ACT-INF,ACT,HEALTH CENTER,August,YES,RURAL,39.0,213.0,55.0,1039,39.0,1.9,Low,21.0,1943.0
PYRA-COMP,PYRA,HEALTH CENTER,May,YES,URBAN,202.0,57.0,122.0,-249,148.0,0.8,Critical,180.0,2967.0
ACT-AD,ACT,HEALTH CENTER,August,YES,RURAL,312.0,157.0,84.0,50,928.0,66.3,Overstock,14.0,0.0
ACT-AD,ACT,HEALTH CENTER,May,YES,URBAN,3008.0,762.0,692.0,195,5252.0,21.8,Overstock,241.0,405.0
SP,SP,HEALTH CENTER,August,YES,URBAN,2030.0,0.0,478.0,86,1863.0,3.1,Adequate,609.0,609.0
ACT-SC,ACT,HEALTH CENTER,November,NO,URBAN,2270.0,168.0,528.0,-634,2053.0,2.5,Low,818.0,87.0
RDT,DIAG,HEALTH CENTER,August,YES,RURAL,12.0,17.0,23.0,-203,8.0,2.7,Low,3.0,59.0
RDT,DIAG,HEALTH CENTER,February,NO,RURAL,480.0,516.0,376.0,-152,102.0,0.6,Critical,182.0,0.0
ACT-SC,ACT,HEALTH CENTER,May,YES,RURAL,6207.0,133.0,1435.0,-124,4755.0,5.9,Overstock,811.0,216.0
ART-INJ,ART,HEALTH CENTER,November,NO,RURAL,263.0,13.0,672.0,-431,274.0,0.4,Critical,726.0,1443.0
SP,SP,HEALTH CENTER,May,YES,RURAL,1761.0,24.0,420.0,-342,1191.0,3.2,Adequate,369.0,1945.0
ACT-AD,ACT,HOSPITAL,August,YES,URBAN,2793.0,0.0,100.0,-149,673.0,29.3,Overstock,23.0,0.0
PYRA-COMP,PYRA,HEALTH CENTER,August,YES,RURAL,731.0,0.0,11.0,-575,606.0,606.0,Overstock,1.0,0.0
PYRA-COMP,PYRA,HEALTH CENTER,November,NO,RURAL,792.0,3.0,346.0,630,497.0,2.0,Low,243.0,52.0
SP,SP,HEALTH CENTER,November,NO,RURAL,724.0,317.0,176.0,-255,1845.0,5.4,Overstock,344.0,5190.0
RDT,DIAG,HEALTH CENTER,August,YES,URBAN,337.0,969.0,221.0,248,656.0,5.7,Overstock,115.0,0.0
ACT-AD,ACT,HEALTH CENTER,May,YES,RURAL,199.0,4.0,7.0,645,153.0,25.5,Overstock,6.0,65.0
ACT-AD,ACT,HEALTH CENTER,November,NO,RURAL,215.0,0.0,117.0,-477,81.0,0.4,Critical,199.0,6045.0
ACT-INF,ACT,HEALTH CENTER,February,NO,RURAL,1436.0,0.0,114.0,-198,1809.0,29.2,Overstock,62.0,4.0
PYRA-SAC,PYRA,HEALTH CENTER,February,NO,RURAL,26.0,217.0,18.0,-232,12.0,1.2,Low,10.0,0.0
ART-INJ,ART,HEALTH CENTER,November,NO,RURAL,520.0,1.0,195.0,-146,246.0,1.0,Critical,242.0,6482.0
ACT-GC,ACT,HEALTH CENTER,May,YES,RURAL,1640.0,3.0,198.0,-60,1185.0,5.8,Overstock,203.0,1.0
ACT-AD,ACT,HEALTH CENTER,February,NO,RURAL,3880.0,0.0,161.0,-150,1561.0,19.0,Overstock,82.0,432.0
ACT-AD,ACT,HEALTH CENTER,November,NO,RURAL,70.0,2.0,104.0,-263,101.0,4.8,Adequate,21.0,0.0
ACT-GC,ACT,HEALTH CENTER,May,YES,URBAN,510.0,0.0,267.0,251,301.0,1.7,Low,177.0,1409.0
ACT-AD,ACT,HEALTH CENTER,May,YES,URBAN,631.0,1.0,234.0,-1046,473.0,4.5,Adequate,106.0,159.0
ACT-SC,ACT,HEALTH CENTER,May,YES,RURAL,346.0,58.0,206.0,650,442.0,1.3,Low,345.0,1.0
ACT-INF,ACT,HEALTH CENTER,November,NO,RURAL,1271.0,0.0,516.0,80,995.0,3.1,Adequate,326.0,0.0
ART-SUP,ART,HEALTH CENTER,May,YES,RURAL,9921.0,1.0,2498.0,917,7097.0,2.4,Low,2918.0,1723.0
ART-INJ,ART,HEALTH CENTER,November,NO,RURAL,437.0,651.0,176.0,151,1422.0,9.9,Overstock,144.0,487.0
SP,SP,HEALTH CENTER,May,YES,URBAN,2188.0,0.0,804.0,-578,2170.0,1.8,Low,1174.0,5076.0
ACT-GC,ACT,HEALTH CENTER,May,YES,RURAL,2179.0,57.0,302.0,-195,642.0,6.2,Overstock,103.0,19.0
ITN,PREV,HEALTH CENTER,May,YES,RURAL,895.0,41.0,307.0,604,1730.0,3.6,Adequate,479.0,19.0
PYRA-SAC,PYRA,HEALTH CENTER,August,YES,RURAL,142.0,19.0,30.0,302,230.0,230.0,Overstock,1.0,0.0
ACT-INF,ACT,HEALTH CENTER,February,NO,RURAL,1341.0,247.0,272.0,29,541.0,9.5,Overstock,57.0,63.0
ITN,PREV,HEALTH CENTER,May,YES,RURAL,2.0,0.0,2.0,-303,2.0,,Unknown,0.0,13.0
ACT-SC,ACT,HEALTH CENTER,February,NO,URBAN,1795.0,162.0,1256.0,156,3867.0,5.4,Overstock,719.0,38.0
ITN,PREV,HEALTH CENTER,May,YES,URBAN,5438.0,0.0,1726.0,-659,2167.0,1.1,Low,2017.0,11950.0
ACT-GC,ACT,HEALTH CENTER,August,YES,RURAL,1754.0,8.0,311.0,-466,1228.0,5.6,Overstock,219.0,279.0
ACT-AD,ACT,HEALTH CENTER,August,YES,RURAL,58.0,0.0,12.0,-419,2.0,0.1,Critical,30.0,0.0
PYRA-SAC,PYRA,HEALTH CENTER,May,YES,RURAL,680.0,117.0,23.0,-117,441.0,147.0,Overstock,3.0,1830.0
ITN,PREV,HEALTH CENTER,November,NO,URBAN,32.0,7.0,6.0,-31,12.0,4.0,Adequate,3.0,0.0
SP,SP,HEALTH CENTER,August,YES,URBAN,6.0,1.0,24.0,584,40.0,2.1,Low,19.0,169.0
ACT-INF,ACT,HEALTH CENTER,May,YES,RURAL,1279.0,17.0,354.0,18,3856.0,15.4,Overstock,251.0,7.0
ACT-AD,ACT,HEALTH CENTER,February,NO,URBAN,78.0,47.0,29.0,229,126.0,18.0,Overstock,7.0,436.0
ART-SUP,ART,HEALTH CENTER,November,NO,URBAN,853.0,707.0,133.0,215,210.0,3.8,Adequate,55.0,13.0
ACT-SC,ACT,HEALTH CENTER,November,NO,RURAL,891.0,0.0,110.0,621,499.0,13.5,Overstock,37.0,1.0
ITN,PREV,HOSPITAL,August,YES,RURAL,2491.0,311.0,1173.0,167,2447.0,1.3,Low,1868.0,119.0
QUIN,SP,HEALTH CENTER,November,NO,RURAL,60.0,13.0,2.0,105,62.0,62.0,Overstock,1.0,2.0
ACT-AD,ACT,HEALTH CENTER,November,NO,RURAL,1736.0,0.0,233.0,98,405.0,6.0,Overstock,68.0,2.0
RDT,DIAG,HEALTH CENTER,February,NO,RURAL,700.0,2.0,423.0,1030,729.0,2.2,Low,324.0,0.0
ITN,PREV,HEALTH CENTER,August,YES,RURAL,2104.0,188.0,637.0,-500,1716.0,3.0,Adequate,568.0,4.0
ACT-AD,ACT,HOSPITAL,February,NO,RURAL,303.0,0.0,44.0,-538,111.0,0.9,Critical,128.0,4.0
PYRA-COMP,PYRA,HEALTH CENTER,August,YES,RURAL,1522.0,0.0,174.0,-1200,1047.0,104.7,Overstock,10.0,85.0
ACT-SC,ACT,HEALTH CENTER,November,NO,RURAL,2936.0,0.0,708.0,-235,4135.0,13.6,Overstock,303.0,1108.0
ITN,PREV,HEALTH CENTER,November,NO,RURAL,537.0,2153.0,300.0,80,1882.0,4.8,Adequate,396.0,29.0
PYRA-COMP,PYRA,HEALTH CENTER,February,NO,RURAL,1347.0,20.0,298.0,-522,432.0,3.4,Adequate,127.0,0.0
PYRA-COMP,PYRA,HEALTH CENTER,February,NO,URBAN,4733.0,6.0,590.0,-662,1369.0,6.6,Overstock,208.0,3.0
RDT,DIAG,HEALTH CENTER,November,NO,RURAL,1736.0,398.0,334.0,32,2055.0,8.0,Overstock,256.0,1.0
ACT-INF,ACT,HEALTH CENTER,February,NO,URBAN,276.0,352.0,125.0,-573,1731.0,27.9,Overstock,62.0,0.0
SP,SP,HEALTH CENTER,February,NO,URBAN,333.0,0.0,41.0,-174,228.0,4.3,Adequate,53.0,24.0
RDT,DIAG,HEALTH CENTER,November,NO,RURAL,135.0,19.0,89.0,204,251.0,14.8,Overstock,17.0,4.0
SP,SP,HEALTH CENTER,November,NO,RURAL,386.0,1.0,90.0,-839,186.0,1.1,Low,166.0,207.0
PYRA-SAC,PYRA,HEALTH CENTER,November,NO,RURAL,268.0,802.0,400.0,512,1670.0,8.4,Overstock,200.0,124.0
ACT-SC,ACT,HEALTH CENTER,February,NO,URBAN,618.0,0.0,36.0,-298,46.0,3.5,Adequate,13.0,458.0
ACT-AD,ACT,HEALTH CENTER,August,YES,RURAL,523.0,621.0,246.0,-122,1278.0,4.0,Adequate,321.0,0.0
ACT-AD,ACT,HEALTH CENTER,November,NO,URBAN,3057.0,1357.0,586.0,780,2859.0,7.5,Overstock,383.0,52.0
ACT-INF,ACT,HEALTH CENTER,August,YES,RURAL,1192.0,0.0,336.0,35,623.0,1.3,Low,468.0,1.0
ACT-INF,ACT,HOSPITAL,November,NO,URBAN,71.0,0.0,15.0,-510,17.0,3.4,Adequate,5.0,0.0
ART-SUP,ART,HEALTH CENTER,August,YES,RURAL,3569.0,957.0,1574.0,970,2493.0,1.1,Low,2222.0,3079.0
PYRA-SAC,PYRA,HEALTH CENTER,November,NO,RURAL,60.0,81.0,30.0,-237,66.0,2.1,Low,32.0,280.0
SP,SP,HEALTH CENTER,November,NO,RURAL,1996.0,0.0,434.0,15,742.0,3.2,Adequate,235.0,27.0
QUIN,SP,HOSPITAL,February,NO,URBAN,15.0,0.0,1.0,329,7.0,3.5,Adequate,2.0,0.0
ART-SUP,ART,HEALTH CENTER,May,YES,RURAL,1655.0,611.0,795.0,814,5724.0,6.0,Overstock,960.0,1163.0
SP,SP,HEALTH CENTER,February,NO,URBAN,3.0,71.0,8.0,-419,1.0,0.5,Critical,2.0,1.0
ACT-SC,ACT,HEALTH CENTER,February,NO,RURAL,0.0,1.0,0.0,18,1.0,,Unknown,0.0,117.0
ITN,PREV,HEALTH CENTER,May,YES,RURAL,45.0,1436.0,144.0,-285,179.0,2.7,Low,66.0,90.0
ART-SUP,ART,HEALTH CENTER,May,YES,URBAN,2011.0,49.0,356.0,-193,2348.0,7.5,Overstock,314.0,360.0
PYRA-COMP,PYRA,HEALTH CENTER,May,YES,RURAL,104.0,65.0,22.0,425,313.0,9.5,Overstock,33.0,61.0
ACT-GC,ACT,HEALTH CENTER,November,NO,RURAL,238.0,10.0,233.0,-315,188.0,1.8,Low,105.0,14.0
ART-SUP,ART,HEALTH CENTER,May,YES,URBAN,2212.0,587.0,196.0,-566,1443.0,6.0,Overstock,239.0,0.0
ACT-SC,ACT,HEALTH CENTER,May,YES,RURAL,1333.0,367.0,368.0,-643,1274.0,12.7,Overstock,100.0,0.0
ITN,PREV,HEALTH CENTER,August,YES,RURAL,1238.0,0.0,102.0,-17,683.0,9.5,Overstock,72.0,0.0
PYRA-SAC,PYRA,HEALTH CENTER,May,YES,URBAN,141.0,294.0,80.0,-130,421.0,11.4,Overstock,37.0,535.0
SP,SP,HEALTH CENTER,November,NO,RURAL,1405.0,10.0,191.0,172,1406.0,9.8,Overstock,144.0,1.0
ACT-SC,ACT,HOSPITAL,February,NO,RURAL,4637.0,85.0,368.0,-484,4450.0,42.8,Overstock,104.0,683.0
ITN,PREV,HEALTH CENTER,November,NO,RURAL,1565.0,7.0,532.0,47,1285.0,2.8,Low,456.0,2248.0
ART-INJ,ART,HEALTH CENTER,November,NO,RURAL,1081.0,34.0,839.0,503,1977.0,3.2,Adequate,616.0,80.0
ACT-INF,ACT,HEALTH CENTER,August,YES,RURAL,1773.0,0.0,53.0,-895,69.0,13.8,Overstock,5.0,2.0
SP,SP,HEALTH CENTER,August,YES,RURAL,445.0,8.0,212.0,336,556.0,1.5,Low,363.0,15.0
PYRA-COMP,PYRA,HEALTH CENTER,February,NO,URBAN,1649.0,0.0,398.0,802,741.0,3.5,Adequate,214.0,0.0
PYRA-COMP,PYRA,HEALTH CENTER,August,YES,URBAN,203.0,0.0,47.0,418,36.0,4.0,Adequate,9.0,3.0
ART-SUP,ART,HEALTH CENTER,May,YES,RURAL,56.0,0.0,22.0,761,124.0,62.0,Overstock,2.0,0.0
ITN,PREV,HEALTH CENTER,August,YES,RURAL,3625.0,4.0,775.0,-170,1142.0,2.5,Low,451.0,1.0
ACT-INF,ACT,HEALTH CENTER,August,YES,RURAL,3436.0,1.0,636.0,-126,3295.0,5.4,Overstock,612.0,0.0
PYRA-COMP,PYRA,HEALTH CENTER,August,YES,RURAL,26.0,1.0,33.0,375,86.0,6.1,Overstock,14.0,0.0
ITN,PREV,HEALTH CENTER,August,YES,RURAL,1774.0,18.0,350.0,-150,1404.0,3.1,Adequate,458.0,0.0
PYRA-COMP,PYRA,HEALTH CENTER,May,YES,RURAL,217.0,2515.0,496.0,212,621.0,2.0,Low,304.0,1.0
SP,SP,HEALTH CENTER,August,YES,RURAL,83.0,5.0,17.0,657,124.0,124.0,Overstock,1.0,4.0
PYRA-COMP,PYRA,HOSPITAL,August,YES,RURAL,328.0,113.0,59.0,539,544.0,18.8,Overstock,29.0,0.0
PYRA-SAC,PYRA,HEALTH CENTER,February,NO,RURAL,1374.0,166.0,198.0,75,501.0,1.5,Low,325.0,33.0
RDT,DIAG,HEALTH CENTER,November,NO,RURAL,994.0,171.0,821.0,-146,1270.0,1.2,Low,1016.0,870.0
ACT-SC,ACT,HEALTH CENTER,May,YES,RURAL,251.0,0.0,109.0,-769,152.0,3.3,Adequate,46.0,0.0
PYRA-COMP,PYRA,HEALTH CENTER,August,YES,RURAL,419.0,15.0,107.0,285,59.0,2.1,Low,28.0,10.0
PYRA-COMP,PYRA,HEALTH CENTER,August,YES,RURAL,216.0,0.0,62.0,-183,199.0,3.8,Adequate,53.0,1.0
ACT-AD,ACT,HEALTH CENTER,August,YES,RURAL,244.0,0.0,59.0,-628,343.0,28.6,Overstock,12.0,426.0
RDT,DIAG,HEALTH CENTER,February,NO,RURAL,20.0,183.0,47.0,487,4.0,0.1,Critical,60.0,1371.0
ITN,PREV,HEALTH CENTER,August,YES,URBAN,1197.0,0.0,108.0,-125,1010.0,31.6,Overstock,32.0,0.0
ACT-GC,ACT,HEALTH CENTER,May,YES,RURAL,383.0,0.0,27.0,565,32.0,32.0,Overstock,1.0,0.0
ART-SUP,ART,HEALTH CENTER,November,NO,RURAL,236.0,475.0,93.0,-224,850.0,14.9,Overstock,57.0,3.0
ART-INJ,ART,HEALTH CENTER,August,YES,RURAL,99.0,495.0,95.0,-480,662.0,3.1,Adequate,215.0,3957.0
SP,SP,HEALTH CENTER,May,YES,RURAL,1291.0,441.0,520.0,267,1514.0,11.4,Overstock,133.0,27.0
ITN,PREV,HEALTH CENTER,August,YES,RURAL,108.0,61.0,200.0,33,661.0,5.2,Overstock,128.0,292.0
ACT-GC,ACT,HEALTH CENTER,August,YES,RURAL,559.0,0.0,271.0,407,110.0,1.0,Critical,110.0,1328.0
SP,SP,HEALTH CENTER,August,YES,URBAN,275.0,84.0,78.0,19,725.0,2.4,Low,300.0,6.0
ART-INJ,ART,HEALTH CENTER,February,NO,RURAL,715.0,1227.0,59.0,-369,1325.0,36.8,Overstock,36.0,0.0
RDT,DIAG,HEALTH CENTER,November,NO,RURAL,437.0,3.0,90.0,-773,128.0,2.2,Low,59.0,3134.0
SP,SP,HEALTH CENTER,May,YES,URBAN,1366.0,364.0,296.0,-980,918.0,3.0,Adequate,305.0,0.0
PYRA-SAC,PYRA,HOSPITAL,November,NO,URBAN,608.0,38.0,327.0,113,184.0,0.3,Critical,721.0,31.0
PYRA-COMP,PYRA,HEALTH CENTER,August,YES,RURAL,149.0,443.0,279.0,58,481.0,4.3,Adequate,113.0,2612.0
RDT,DIAG,HEALTH CENTER,November,NO,URBAN,929.0,0.0,250.0,-212,121.0,0.2,Critical,615.0,603.0
ACT-GC,ACT,HEALTH CENTER,February,NO,RURAL,682.0,2.0,47.0,-150,821.0,11.4,Overstock,72.0,0.0
RDT,DIAG,HEALTH CENTER,November,NO,RURAL,2450.0,85.0,793.0,-302,2116.0,1.9,Low,1093.0,797.0
ACT-AD,ACT,HEALTH CENTER,February,NO,URBAN,1026.0,14.0,566.0,277,1474.0,2.9,Low,511.0,5697.0
ART-SUP,ART,HEALTH CENTER,February,NO,RURAL,130.0,26.0,43.0,117,157.0,4.5,Adequate,35.0,0.0
PYRA-COMP,PYRA,HEALTH CENTER,February,NO,URBAN,481.0,0.0,229.0,-20,105.0,1.4,Low,77.0,1972.0
ACT-INF,ACT,HOSPITAL,November,NO,RURAL,2809.0,27.0,1035.0,-116,1004.0,0.5,Critical,1863.0,6599.0
RDT,DIAG,HEALTH CENTER,November,NO,RURAL,3522.0,1619.0,727.0,-316,2547.0,11.3,Overstock,226.0,2279.0
SP,SP,HEALTH CENTER,May,YES,RURAL,340.0,3.0,36.0,262,415.0,59.3,Overstock,7.0,0.0
ACT-INF,ACT,HEALTH CENTER,November,NO,RURAL,137.0,109.0,8.0,-501,363.0,11.3,Overstock,32.0,1.0
ACT-AD,ACT,HOSPITAL,May,YES,URBAN,799.0,0.0,114.0,21,329.0,4.4,Adequate,74.0,0.0
ART-SUP,ART,HEALTH CENTER,August,YES,RURAL,1842.0,786.0,612.0,-44,3053.0,11.8,Overstock,259.0,0.0
SP,SP,HEALTH CENTER,May,YES,URBAN,1014.0,266.0,256.0,-524,798.0,2.7,Low,295.0,7.0
ART-SUP,ART,HEALTH CENTER,August,YES,RURAL,61.0,5.0,4.0,-194,43.0,6.1,Overstock,7.0,440.0
PYRA-SAC,PYRA,HEALTH CENTER,February,NO,RURAL,493.0,25.0,77.0,-30,616.0,44.0,Overstock,14.0,16.0
ACT-INF,ACT,HEALTH CENTER,February,NO,URBAN,2891.0,8.0,191.0,-599,522.0,8.0,Overstock,65.0,486.0
PYRA-SAC,PYRA,HEALTH CENTER,February,NO,URBAN,1904.0,37.0,225.0,-1031,2749.0,14.5,Overstock,189.0,1.0
ART-INJ,ART,HEALTH CENTER,August,YES,RURAL,1219.0,112.0,465.0,116,3613.0,4.2,Adequate,852.0,465.0
SP,SP,HEALTH CENTER,May,YES,URBAN,2088.0,0.0,328.0,-185,235.0,0.8,Critical,290.0,7882.0
PYRA-SAC,PYRA,HEALTH CENTER,August,YES,RURAL,890.0,67.0,242.0,108,1190.0,5.5,Overstock,218.0,0.0
ACT-INF,ACT,HEALTH CENTER,August,YES,RURAL,2516.0,279.0,724.0,-11,2186.0,5.3,Overstock,409.0,468.0
ACT-INF,ACT,HEALTH CENTER,May,YES,RURAL,1637.0,0.0,30.0,-215,717.0,11.2,Overstock,64.0,5.0
QUIN,SP,HEALTH CENTER,August,YES,RURAL,816.0,1.0,335.0,480,524.0,6.0,Overstock,88.0,152.0
ITN,PREV,HOSPITAL,November,NO,RURAL,115.0,6.0,16.0,-92,45.0,22.5,Overstock,2.0,0.0
PYRA-SAC,PYRA,HEALTH CENTER,May,YES,RURAL,1258.0,3.0,200.0,-574,596.0,10.3,Overstock,58.0,4.0
ITN,PREV,HEALTH CENTER,August,YES,URBAN,5142.0,95.0,239.0,-105,2158.0,11.6,Overstock,186.0,549.0
ACT-SC,ACT,HEALTH CENTER,February,NO,RURAL,310.0,67.0,112.0,-291,5.0,0.0,Stockout,101.0,4530.0
ITN,PREV,HEALTH CENTER,February,NO,RURAL,1976.0,572.0,734.0,254,1712.0,1.6,Low,1071.0,507.0
ACT-SC,ACT,HEALTH CENTER,August,YES,RURAL,748.0,0.0,69.0,-25,939.0,104.3,Overstock,9.0,1.0
SP,SP,HEALTH CENTER,November,NO,URBAN,2189.0,24.0,1040.0,-470,1026.0,0.7,Critical,1536.0,6428.0
PYRA-COMP,PYRA,HOSPITAL,May,YES,RURAL,77.0,73.0,129.0,-180,50.0,3.8,Adequate,13.0,1316.0
ACT-GC,ACT,HEALTH CENTER,May,YES,RURAL,294.0,0.0,29.0,-86,160.0,10.7,Overstock,15.0,0.0
RDT,DIAG,HEALTH CENTER,February,NO,URBAN,1508.0,290.0,138.0,-849,2126.0,24.4,Overstock,87.0,0.0
ACT-GC,ACT,HOSPITAL,August,YES,RURAL,190.0,6.0,337.0,353,104.0,0.4,Critical,253.0,292.0
ACT-INF,ACT,HEALTH CENTER,February,NO,URBAN,1314.0,55.0,214.0,-467,523.0,6.5,Overstock,81.0,19.0
ACT-INF,ACT,HEALTH CENTER,November,NO,RURAL,413.0,0.0,7.0,311,397.0,79.4,Overstock,5.0,14.0
ITN,PREV,HEALTH CENTER,November,NO,URBAN,7.0,27.0,3.0,-548,7.0,,Unknown,0.0,2.0
RDT,DIAG,HEALTH CENTER,November,NO,URBAN,2068.0,1.0,525.0,-374,665.0,1.0,Critical,689.0,10233.0
PYRA-SAC,PYRA,HEALTH CENTER,February,NO,RURAL,746.0,144.0,757.0,-643,554.0,1.2,Low,477.0,202.0
ART-INJ,ART,HEALTH CENTER,February,NO,RURAL,131.0,0.0,112.0,436,208.0,3.6,Adequate,58.0,3294.0
ACT-GC,ACT,HEALTH CENTER,May,YES,RURAL,404.0,22.0,74.0,-220,1280.0,21.0,Overstock,61.0,1110.0
ART-SUP,ART,HEALTH CENTER,May,YES,RURAL,843.0,658.0,219.0,81,985.0,3.8,Adequate,256.0,157.0
ACT-AD,ACT,HEALTH CENTER,August,YES,URBAN,1133.0,0.0,1.0,208,255.0,85.0,Overstock,3.0,0.0
ACT-AD,ACT,HEALTH CENTER,May,YES,RURAL,51.0,3.0,14.0,570,42.0,,Unknown,0.0,0.0
ART-INJ,ART,HEALTH CENTER,February,NO,RURAL,6069.0,297.0,793.0,61,3509.0,3.9,Adequate,911.0,551.0
RDT,DIAG,HEALTH CENTER,November,NO,RURAL,272.0,171.0,93.0,875,199.0,9.0,Overstock,22.0,4.0
ITN,PREV,HEALTH CENTER,May,YES,RURAL,4700.0,223.0,1386.0,-817,7224.0,7.1,Overstock,1024.0,1.0
RDT,DIAG,HEALTH CENTER,February,NO,RURAL,1986.0,14.0,194.0,116,409.0,1.7,Low,241.0,251.0
ITN,PREV,HOSPITAL,May,YES,URBAN,325.0,2.0,23.0,728,245.0,4.8,Adequate,51.0,0.0
RDT,DIAG,HEALTH CENTER,August,YES,RURAL,1016.0,10.0,55.0,-421,971.0,51.1,Overstock,19.0,446.0
ACT-SC,ACT,HEALTH CENTER,February,NO,URBAN,87.0,76.0,21.0,-366,153.0,76.5,Overstock,2.0,6.0
ART-SUP,ART,HOSPITAL,May,YES,URBAN,2.0,0.0,15.0,572,50.0,16.7,Overstock,3.0,2.0
SP,SP,HOSPITAL,May,YES,RURAL,4292.0,4.0,746.0,-112,1849.0,2.6,Low,701.0,10.0
RDT,DIAG,HEALTH CENTER,November,NO,RURAL,421.0,17.0,5.0,-8,770.0,,Unknown,0.0,0.0
RDT,DIAG,HEALTH CENTER,February,NO,RURAL,24.0,209.0,64.0,372,123.0,11.2,Overstock,11.0,0.0
ACT-AD,ACT,HEALTH CENTER,November,NO,RURAL,2.0,4.0,0.0,385,2.0,,Unknown,0.0,4.0
PYRA-SAC,PYRA,HEALTH CENTER,November,NO,RURAL,59.0,0.0,13.0,-454,7.0,7.0,Overstock,1.0,0.0
ACT-AD,ACT,HEALTH CENTER,May,YES,RURAL,4626.0,51.0,790.0,-109,4890.0,14.9,Overstock,329.0,108.0
ACT-INF,ACT,HEALTH CENTER,May,YES,URBAN,1511.0,1.0,401.0,-311,1767.0,4.4,Adequate,398.0,12.0
ACT-AD,ACT,HEALTH CENTER,February,NO,URBAN,554.0,23.0,375.0,194,239.0,3.0,Adequate,80.0,1497.0
ACT-INF,ACT,HEALTH CENTER,November,NO,URBAN,300.0,6.0,20.0,550,258.0,7.4,Overstock,35.0,1919.0
ART-INJ,ART,HEALTH CENTER,November,NO,RURAL,578.0,145.0,141.0,-513,251.0,6.8,Overstock,37.0,8.0
PYRA-SAC,PYRA,HEALTH CENTER,August,YES,URBAN,79.0,605.0,102.0,309,81.0,1.7,Low,47.0,2503.0
ACT-SC,ACT,HEALTH CENTER,November,NO,URBAN,618.0,12.0,188.0,-107,650.0,2.8,Low,236.0,467.0
ACT-AD,ACT,HEALTH CENTER,November,NO,RURAL,2090.0,0.0,579.0,-414,2138.0,3.6,Adequate,591.0,23.0
ACT-SC,ACT,HEALTH CENTER,November,NO,RURAL,261.0,0.0,323.0,-20,322.0,1.9,Low,174.0,281.0
ACT-INF,ACT,HEALTH CENTER,November,NO,URBAN,1010.0,23.0,452.0,196,336.0,1.0,Critical,344.0,883.0
QUIN,SP,HEALTH CENTER,August,YES,RURAL,2429.0,183.0,470.0,-53,2735.0,7.6,Overstock,360.0,0.0
PYRA-COMP,PYRA,HEALTH CENTER,February,NO,RURAL,895.0,144.0,147.0,57,923.0,46.2,Overstock,20.0,2108.0
SP,SP,HEALTH CENTER,February,NO,URBAN,2563.0,0.0,343.0,-569,1099.0,3.8,Adequate,291.0,0.0
ART-INJ,ART,HOSPITAL,May,YES,RURAL,240.0,146.0,30.0,397,808.0,24.5,Overstock,33.0,8.0
ART-INJ,ART,HEALTH CENTER,February,NO,RURAL,614.0,433.0,572.0,454,2039.0,2.6,Low,778.0,1118.0
RDT,DIAG,HEALTH CENTER,November,NO,RURAL,974.0,0.0,96.0,414,1428.0,29.8,Overstock,48.0,0.0
SP,SP,HEALTH CENTER,February,NO,RURAL,837.0,207.0,202.0,146,767.0,3.8,Adequate,204.0,6.0
QUIN,SP,HEALTH CENTER,February,NO,URBAN,173.0,5.0,27.0,-82,982.0,16.1,Overstock,61.0,8.0
PYRA-COMP,PYRA,HEALTH CENTER,November,NO,URBAN,1562.0,444.0,714.0,-40,2439.0,3.6,Adequate,669.0,2173.0
ACT-SC,ACT,HOSPITAL,August,YES,URBAN,2.0,0.0,0.0,516,2.0,,Unknown,0.0,0.0
ART-INJ,ART,HEALTH CENTER,February,NO,RURAL,1072.0,4.0,365.0,-266,756.0,1.8,Low,424.0,2628.0
ITN,PREV,HEALTH CENTER,November,NO,URBAN,670.0,52.0,480.0,174,124.0,0.3,Critical,396.0,20.0
QUIN,SP,HEALTH CENTER,May,YES,RURAL,48.0,115.0,198.0,316,363.0,1.6,Low,230.0,311.0
ACT-AD,ACT,HEALTH CENTER,February,NO,RURAL,15.0,0.0,268.0,531,29.0,0.2,Critical,147.0,1654.0
ART-SUP,ART,HEALTH CENTER,May,YES,RURAL,2895.0,53.0,355.0,-254,3868.0,19.0,Overstock,204.0,7.0
QUIN,SP,HEALTH CENTER,February,NO,URBAN,925.0,46.0,296.0,-814,1519.0,5.8,Overstock,262.0,69.0
ART-SUP,ART,HEALTH CENTER,May,YES,URBAN,2554.0,0.0,607.0,-186,715.0,2.2,Low,327.0,3415.0
ACT-GC,ACT,HEALTH CENTER,November,NO,RURAL,387.0,0.0,118.0,-232,30.0,0.1,Critical,218.0,1306.0
PYRA-COMP,PYRA,HEALTH CENTER,February,NO,URBAN,2197.0,1012.0,889.0,-192,2420.0,4.4,Adequate,550.0,3487.0
PYRA-COMP,PYRA,HEALTH CENTER,February,NO,RURAL,1228.0,455.0,250.0,-590,1248.0,6.8,Overstock,183.0,26.0
ITN,PREV,HEALTH CENTER,August,YES,URBAN,2145.0,7.0,1277.0,-20,1594.0,2.0,Low,811.0,2819.0
ART-SUP,ART,HEALTH CENTER,February,NO,RURAL,2026.0,163.0,621.0,-8,1627.0,2.0,Low,823.0,2539.0
RDT,DIAG,HEALTH CENTER,November,NO,URBAN,383.0,250.0,355.0,-122,1492.0,14.6,Overstock,102.0,46.0
QUIN,SP,HEALTH CENTER,November,NO,RURAL,431.0,24.0,84.0,25,272.0,1.7,Low,159.0,0.0
QUIN,SP,HEALTH CENTER,February,NO,RURAL,2345.0,72.0,229.0,95,2525.0,14.0,Overstock,180.0,3291.0
ACT-GC,ACT,HEALTH CENTER,May,YES,RURAL,2188.0,306.0,37.0,14,3034.0,3034.0,Overstock,1.0,0.0
SP,SP,HEALTH CENTER,August,YES,URBAN,2223.0,0.0,220.0,-894,303.0,13.8,Overstock,22.0,3471.0
QUIN,SP,HEALTH CENTER,February,NO,RURAL,2772.0,0.0,457.0,138,1359.0,2.7,Low,510.0,116.0
SP,SP,HEALTH CENTER,February,NO,URBAN,59.0,0.0,52.0,251,108.0,1.1,Low,94.0,214.0
RDT,DIAG,HEALTH CENTER,August,YES,URBAN,93.0,8.0,0.0,-289,18.0,,Unknown,0.0,0.0
ACT-GC,ACT,HEALTH CENTER,May,YES,RURAL,286.0,145.0,80.0,277,284.0,1.4,Low,203.0,165.0
ACT-INF,ACT,HEALTH CENTER,May,YES,URBAN,2924.0,29.0,985.0,-495,2600.0,5.0,Adequate,519.0,247.0
ART-SUP,ART,HEALTH CENTER,August,YES,RURAL,65.0,1061.0,74.0,-313,249.0,7.5,Overstock,33.0,0.0
ACT-INF,ACT,HEALTH CENTER,August,YES,RURAL,400.0,34.0,21.0,-142,196.0,39.2,Overstock,5.0,0.0
QUIN,SP,HEALTH CENTER,May,YES,RURAL,5544.0,23.0,560.0,516,6344.0,20.6,Overstock,308.0,0.0
QUIN,SP,HEALTH CENTER,February,NO,RURAL,655.0,8.0,347.0,-513,269.0,0.6,Critical,445.0,2885.0
PYRA-SAC,PYRA,HEALTH CENTER,February,NO,RURAL,6.0,2716.0,12.0,241,23.0,5.8,Overstock,4.0,50.0
SP,SP,HOSPITAL,February,NO,RURAL,1194.0,1.0,355.0,-30,516.0,2.0,Low,260.0,6.0
ART-SUP,ART,HEALTH CENTER,February,NO,RURAL,1589.0,1359.0,408.0,183,4225.0,9.1,Overstock,463.0,3.0
ART-INJ,ART,HEALTH CENTER,August,YES,URBAN,2184.0,70.0,424.0,-369,1726.0,9.9,Overstock,174.0,9.0
ACT-AD,ACT,HEALTH CENTER,November,NO,RURAL,548.0,0.0,191.0,-754,264.0,1.2,Low,218.0,9903.0
SP,SP,HEALTH CENTER,February,NO,RURAL,1089.0,155.0,406.0,29,3055.0,24.1,Overstock,127.0,0.0
PYRA-COMP,PYRA,HEALTH CENTER,November,NO,URBAN,14.0,2.0,4.0,523,57.0,57.0,Overstock,1.0,0.0
ACT-AD,ACT,HOSPITAL,May,YES,URBAN,1046.0,0.0,182.0,36,226.0,2.5,Low,91.0,2516.0
QUIN,SP,HEALTH CENTER,November,NO,RURAL,318.0,18.0,87.0,-22,606.0,3.2,Adequate,192.0,1.0
ACT-SC,ACT,HEALTH CENTER,August,YES,URBAN,278.0,0.0,115.0,63,1181.0,65.6,Overstock,18.0,121.0
ART-INJ,ART,HEALTH CENTER,August,YES,RURAL,87.0,772.0,141.0,-332,391.0,7.2,Overstock,54.0,6575.0
ITN,PREV,HEALTH CENTER,August,YES,RURAL,558.0,15.0,33.0,-351,463.0,8.7,Overstock,53.0,0.0
PYRA-SAC,PYRA,HEALTH CENTER,May,YES,RURAL,3394.0,24.0,333.0,357,2022.0,2.1,Low,978.0,640.0
SP,SP,HEALTH CENTER,February,NO,RURAL,138.0,783.0,613.0,300,651.0,6.1,Overstock,107.0,12126.0
PYRA-SAC,PYRA,HEALTH CENTER,February,NO,RURAL,38.0,0.0,3.0,443,85.0,,Unknown,0.0,8.0
ACT-GC,ACT,HEALTH CENTER,May,YES,RURAL,157.0,224.0,243.0,-250,301.0,1.2,Low,260.0,2480.0
ART-SUP,ART,HEALTH CENTER,May,YES,RURAL,435.0,199.0,102.0,-261,977.0,25.1,Overstock,39.0,0.0
ART-SUP,ART,HEALTH CENTER,November,NO,URBAN,4973.0,273.0,1079.0,153,2171.0,3.1,Adequate,698.0,1.0
SP,SP,HEALTH CENTER,February,NO,RURAL,1835.0,0.0,344.0,-243,982.0,2.5,Low,400.0,145.0
ART-INJ,ART,HEALTH CENTER,May,YES,RURAL,256.0,174.0,549.0,-73,388.0,1.4,Low,273.0,492.0
ACT-SC,ACT,HEALTH CENTER,August,YES,RURAL,733.0,0.0,300.0,-761,75.0,0.5,Critical,158.0,0.0
ITN,PREV,HEALTH CENTER,August,YES,URBAN,152.0,18.0,54.0,-617,356.0,5.9,Overstock,60.0,0.0
PYRA-COMP,PYRA,HEALTH CENTER,November,NO,RURAL,3319.0,136.0,325.0,198,3286.0,28.8,Overstock,114.0,0.0
ITN,PREV,HEALTH CENTER,February,NO,RURAL,946.0,273.0,477.0,-49,3140.0,8.6,Overstock,364.0,16.0
SP,SP,HEALTH CENTER,August,YES,RURAL,496.0,5.0,30.0,117,33.0,0.3,Critical,98.0,10.0
ACT-SC,ACT,HEALTH CENTER,May,YES,RURAL,1165.0,6.0,291.0,291,1800.0,5.8,Overstock,309.0,6.0
ACT-GC,ACT,HEALTH CENTER,August,YES,URBAN,2985.0,107.0,820.0,-1129,1965.0,2.7,Low,725.0,232.0
ART-SUP,ART,HEALTH CENTER,August,YES,RURAL,271.0,546.0,185.0,-617,386.0,4.3,Adequate,90.0,55.0
ACT-INF,ACT,HEALTH CENTER,February,NO,URBAN,269.0,757.0,87.0,-423,969.0,31.3,Overstock,31.0,0.0
PYRA-COMP,PYRA,HEALTH CENTER,May,YES,RURAL,814.0,63.0,187.0,35,785.0,3.6,Adequate,216.0,28.0
SP,SP,HEALTH CENTER,November,NO,RURAL,290.0,5.0,432.0,728,272.0,2.4,Low,112.0,5083.0
ACT-INF,ACT,HEALTH CENTER,November,NO,RURAL,2582.0,5.0,674.0,-358,1815.0,3.5,Adequate,520.0,4.0
SP,SP,HEALTH CENTER,February,NO,URBAN,1451.0,9.0,537.0,-693,305.0,0.6,Critical,533.0,353.0
RDT,DIAG,HEALTH CENTER,November,NO,RURAL,440.0,15.0,8.0,-408,439.0,219.5,Overstock,2.0,4.0
QUIN,SP,HEALTH CENTER,February,NO,RURAL,803.0,0.0,102.0,-144,613.0,68.1,Overstock,9.0,6.0
RDT,DIAG,HEALTH CENTER,May,YES,RURAL,449.0,54.0,121.0,-572,1473.0,20.2,Overstock,73.0,22.0
ACT-AD,ACT,HEALTH CENTER,May,YES,RURAL,76.0,1.0,6.0,361,13.0,,Unknown,0.0,276.0
ACT-SC,ACT,HEALTH CENTER,August,YES,RURAL,1024.0,122.0,156.0,-22,778.0,7.6,Overstock,103.0,444.0
RDT,DIAG,HEALTH CENTER,August,YES,URBAN,1474.0,0.0,6.0,-106,308.0,38.5,Overstock,8.0,0.0
SP,SP,HEALTH CENTER,November,NO,RURAL,78.0,9.0,8.0,326,380.0,380.0,Overstock,1.0,0.0
ACT-GC,ACT,HEALTH CENTER,February,NO,RURAL,3105.0,5006.0,1801.0,176,5626.0,2.5,Low,2262.0,2559.0
ART-INJ,ART,HEALTH CENTER,February,NO,RURAL,3234.0,429.0,1123.0,145,2781.0,3.1,Adequate,891.0,138.0
ACT-AD,ACT,HOSPITAL,November,NO,URBAN,472.0,15.0,147.0,-346,1932.0,21.0,Overstock,92.0,0.0
ITN,PREV,HEALTH CENTER,February,NO,RURAL,1580.0,51.0,239.0,-983,846.0,8.7,Overstock,97.0,56.0
ITN,PREV,HEALTH CENTER,November,NO,RURAL,4816.0,442.0,724.0,11,4105.0,8.3,Overstock,496.0,227.0
ACT-INF,ACT,HEALTH CENTER,May,YES,RURAL,193.0,792.0,81.0,-147,1209.0,18.6,Overstock,65.0,3.0
ACT-AD,ACT,HEALTH CENTER,May,YES,URBAN,2707.0,386.0,365.0,410,954.0,2.7,Low,351.0,3163.0
ACT-INF,ACT,HEALTH CENTER,November,NO,RURAL,2754.0,1.0,900.0,-450,556.0,0.4,Critical,1369.0,1528.0
SP,SP,HEALTH CENTER,August,YES,RURAL,3237.0,15.0,984.0,136,3905.0,4.4,Adequate,889.0,3192.0
ACT-INF,ACT,HEALTH CENTER,November,NO,RURAL,299.0,1.0,22.0,124,375.0,23.4,Overstock,16.0,0.0
ACT-INF,ACT,HEALTH CENTER,February,NO,URBAN,146.0,379.0,232.0,-374,903.0,3.7,Adequate,241.0,1.0
ACT-SC,ACT,HEALTH CENTER,November,NO,RURAL,385.0,4.0,116.0,-119,444.0,2.2,Low,203.0,2.0
ACT-GC,ACT,HEALTH CENTER,August,YES,RURAL,4421.0,556.0,717.0,-349,2023.0,4.3,Adequate,474.0,1099.0
SP,SP,HEALTH CENTER,November,NO,RURAL,2193.0,1.0,593.0,264,2256.0,4.3,Adequate,527.0,189.0
ACT-GC,ACT,HEALTH CENTER,May,YES,RURAL,133.0,308.0,562.0,-82,449.0,0.9,Critical,500.0,8429.0
ART-INJ,ART,HOSPITAL,May,YES,RURAL,3963.0,0.0,518.0,-498,2622.0,10.0,Overstock,262.0,13.0
ART-SUP,ART,HOSPITAL,November,NO,RURAL,393.0,16.0,38.0,-35,42.0,2.8,Low,15.0,76.0
ITN,PREV,HOSPITAL,August,YES,URBAN,1231.0,1.0,133.0,-385,530.0,3.9,Adequate,135.0,1.0
RDT,DIAG,HEALTH CENTER,February,NO,RURAL,201.0,1.0,1.0,-223,226.0,,Unknown,0.0,1.0
ART-SUP,ART,HEALTH CENTER,November,NO,RURAL,965.0,338.0,263.0,-263,1105.0,3.9,Adequate,283.0,2.0
ART-SUP,ART,HEALTH CENTER,August,YES,RURAL,129.0,328.0,640.0,-18,920.0,2.4,Low,380.0,355.0
QUIN,SP,HEALTH CENTER,May,YES,RURAL,1486.0,0.0,420.0,-222,395.0,3.0,Adequate,130.0,2068.0
ACT-GC,ACT,HEALTH CENTER,May,YES,RURAL,482.0,0.0,372.0,-584,220.0,1.3,Low,170.0,2.0
ACT-AD,ACT,HEALTH CENTER,August,YES,RURAL,200.0,41.0,298.0,-2,416.0,1.1,Low,383.0,1795.0
SP,SP,HEALTH CENTER,February,NO,RURAL,198.0,882.0,160.0,677,141.0,1.8,Low,77.0,0.0
ACT-INF,ACT,HEALTH CENTER,August,YES,RURAL,378.0,0.0,284.0,157,985.0,7.6,Overstock,130.0,1288.0
PYRA-COMP,PYRA,HEALTH CENTER,February,NO,RURAL,223.0,269.0,401.0,174,176.0,0.3,Critical,508.0,16.0
ACT-INF,ACT,HEALTH CENTER,May,YES,URBAN,408.0,577.0,191.0,664,1437.0,8.6,Overstock,167.0,46.0
QUIN,SP,HEALTH CENTER,August,YES,RURAL,1546.0,1.0,252.0,384,511.0,25.6,Overstock,20.0,0.0
ACT-INF,ACT,HEALTH CENTER,November,NO,URBAN,2992.0,309.0,688.0,-538,3133.0,5.4,Overstock,581.0,0.0
ACT-SC,ACT,HEALTH CENTER,May,YES,URBAN,832.0,33.0,127.0,-647,962.0,18.2,Overstock,53.0,62.0
ART-SUP,ART,HEALTH CENTER,May,YES,URBAN,307.0,0.0,105.0,195,256.0,8.0,Overstock,32.0,5.0
ACT-GC,ACT,HEALTH CENTER,February,NO,RURAL,1135.0,38.0,225.0,-96,195.0,2.7,Low,71.0,1.0
QUIN,SP,HEALTH CENTER,November,NO,URBAN,32.0,0.0,94.0,-351,83.0,2.4,Low,34.0,205.0
RDT,DIAG,HEALTH CENTER,February,NO,RURAL,74.0,0.0,15.0,485,54.0,3.9,Adequate,14.0,69.0
ART-SUP,ART,HEALTH CENTER,February,NO,RURAL,374.0,0.0,81.0,283,53.0,3.1,Adequate,17.0,404.0
RDT,DIAG,HEALTH CENTER,May,YES,URBAN,3951.0,0.0,315.0,474,3198.0,10.2,Overstock,314.0,1.0
ART-INJ,ART,HEALTH CENTER,May,YES,URBAN,537.0,331.0,248.0,-896,268.0,1.8,Low,153.0,168.0
PYRA-SAC,PYRA,HEALTH CENTER,February,NO,URBAN,67.0,0.0,55.0,-182,8.0,0.8,Critical,10.0,0.0
PYRA-COMP,PYRA,HEALTH CENTER,February,NO,RURAL,473.0,0.0,53.0,-211,439.0,24.4,Overstock,18.0,6.0
ACT-AD,ACT,HEALTH CENTER,August,YES,RURAL,202.0,240.0,313.0,-623,946.0,4.0,Adequate,234.0,54.0
ACT-INF,ACT,HOSPITAL,May,YES,URBAN,969.0,2463.0,644.0,-420,1611.0,1.5,Low,1087.0,0.0
RDT,DIAG,HEALTH CENTER,May,YES,RURAL,724.0,25.0,88.0,115,1759.0,351.8,Overstock,5.0,50.0
ACT-SC,ACT,HEALTH CENTER,May,YES,RURAL,480.0,0.0,255.0,62,196.0,0.8,Critical,247.0,11839.0
RDT,DIAG,HEALTH CENTER,November,NO,URBAN,6.0,448.0,87.0,7,591.0,8.6,Overstock,69.0,935.0
ACT-SC,ACT,HEALTH CENTER,May,YES,URBAN,836.0,20.0,496.0,-52,876.0,3.9,Adequate,225.0,0.0
PYRA-SAC,PYRA,HEALTH CENTER,February,NO,RURAL,608.0,118.0,539.0,-439,2671.0,4.4,Adequate,602.0,4.0
SP,SP,HOSPITAL,November,NO,RURAL,23.0,21.0,57.0,261,321.0,5.7,Overstock,56.0,2.0
ACT-INF,ACT,HEALTH CENTER,August,YES,URBAN,257.0,9.0,112.0,267,175.0,5.5,Overstock,32.0,144.0
QUIN,SP,HEALTH CENTER,February,NO,RURAL,1073.0,236.0,472.0,-37,1646.0,3.6,Adequate,458.0,261.0
RDT,DIAG,HEALTH CENTER,February,NO,RURAL,81.0,5.0,34.0,-221,505.0,84.2,Overstock,6.0,199.0
ACT-SC,ACT,HOSPITAL,November,NO,RURAL,1923.0,31.0,555.0,-648,1005.0,5.9,Overstock,171.0,191.0
QUIN,SP,HOSPITAL,May,YES,RURAL,550.0,14.0,743.0,-766,1868.0,3.9,Adequate,481.0,968.0
QUIN,SP,HEALTH CENTER,August,YES,RURAL,600.0,15.0,274.0,309,280.0,1.4,Low,205.0,1520.0
ITN,PREV,HEALTH CENTER,May,YES,RURAL,2173.0,1.0,211.0,-261,1429.0,1.7,Low,825.0,8.0
ACT-INF,ACT,HEALTH CENTER,August,YES,RURAL,321.0,1.0,43.0,313,715.0,16.2,Overstock,44.0,706.0
ART-INJ,ART,HEALTH CENTER,May,YES,RURAL,1446.0,7.0,380.0,-864,1543.0,7.3,Overstock,212.0,30.0
ACT-AD,ACT,HEALTH CENTER,February,NO,URBAN,3146.0,134.0,512.0,77,2109.0,6.1,Overstock,347.0,26.0
QUIN,SP,HEALTH CENTER,November,NO,RURAL,1400.0,23.0,362.0,-44,1238.0,3.7,Adequate,339.0,1.0
SP,SP,HEALTH CENTER,November,NO,RURAL,1422.0,58.0,1279.0,643,1201.0,0.8,Critical,1574.0,3931.0
ACT-INF,ACT,HEALTH CENTER,August,YES,URBAN,947.0,82.0,666.0,895,745.0,1.1,Low,677.0,561.0
ART-SUP,ART,HOSPITAL,November,NO,RURAL,1236.0,19.0,595.0,516,398.0,0.9,Critical,456.0,888.0
ACT-INF,ACT,HEALTH CENTER,August,YES,RURAL,378.0,0.0,144.0,38,634.0,4.5,Adequate,142.0,1698.0
ACT-GC,ACT,HEALTH CENTER,February,NO,URBAN,210.0,3.0,181.0,396,618.0,1.4,Low,449.0,3727.0
ART-SUP,ART,HEALTH CENTER,May,YES,RURAL,220.0,471.0,181.0,-777,91.0,0.5,Critical,198.0,1441.0
PYRA-SAC,PYRA,HEALTH CENTER,February,NO,RURAL,69.0,1763.0,29.0,1335,727.0,45.4,Overstock,16.0,0.0
PYRA-COMP,PYRA,HEALTH CENTER,February,NO,URBAN,23.0,1.0,11.0,-273,161.0,8.9,Overstock,18.0,137.0
ACT-SC,ACT,HEALTH CENTER,February,NO,RURAL,8364.0,2.0,1269.0,-832,1612.0,2.0,Low,793.0,9.0
ACT-GC,ACT,HEALTH CENTER,February,NO,RURAL,153.0,0.0,19.0,-82,416.0,52.0,Overstock,8.0,0.0
ITN,PREV,HEALTH CENTER,August,YES,URBAN,422.0,435.0,191.0,-257,1240.0,27.6,Overstock,45.0,2145.0
ACT-SC,ACT,HEALTH CENTER,November,NO,URBAN,779.0,145.0,62.0,-567,968.0,17.0,Overstock,57.0,837.0
PYRA-SAC,PYRA,HEALTH CENTER,November,NO,RURAL,1193.0,11.0,381.0,225,207.0,0.7,Critical,299.0,1653.0
RDT,DIAG,HEALTH CENTER,November,NO,RURAL,1129.0,2.0,114.0,-681,1277.0,6.7,Overstock,190.0,49.0
RDT,DIAG,HEALTH CENTER,August,YES,RURAL,333.0,0.0,132.0,-261,329.0,1.8,Low,186.0,1.0
PYRA-SAC,PYRA,HEALTH CENTER,February,NO,URBAN,7243.0,403.0,726.0,-566,2353.0,3.1,Adequate,767.0,1508.0
ACT-SC,ACT,HEALTH CENTER,May,YES,URBAN,993.0,221.0,88.0,-190,141.0,2.9,Low,49.0,1214.0
PYRA-COMP,PYRA,HEALTH CENTER,May,YES,RURAL,98.0,643.0,11.0,1175,791.0,24.0,Overstock,33.0,0.0
ACT-SC,ACT,HOSPITAL,August,YES,RURAL,1.0,1.0,15.0,500,3.0,0.6,Critical,5.0,110.0
PYRA-SAC,PYRA,HEALTH CENTER,November,NO,RURAL,2672.0,774.0,621.0,-855,2727.0,8.7,Overstock,313.0,0.0
RDT,DIAG,HEALTH CENTER,August,YES,RURAL,67.0,15.0,74.0,265,989.0,35.3,Overstock,28.0,3.0
ITN,PREV,HEALTH CENTER,February,NO,RURAL,679.0,628.0,273.0,84,219.0,1.1,Low,203.0,385.0
QUIN,SP,HOSPITAL,February,NO,RURAL,2490.0,8.0,1024.0,-902,1840.0,2.6,Low,703.0,6.0
ACT-SC,ACT,HEALTH CENTER,November,NO,RURAL,348.0,1.0,159.0,702,301.0,1.2,Low,261.0,151.0
ACT-GC,ACT,HEALTH CENTER,August,YES,URBAN,228.0,0.0,113.0,-301,16.0,0.3,Critical,62.0,6569.0
PYRA-COMP,PYRA,HEALTH CENTER,November,NO,RURAL,911.0,75.0,408.0,13,346.0,1.2,Low,293.0,39.0
QUIN,SP,HEALTH CENTER,August,YES,URBAN,563.0,0.0,108.0,306,284.0,5.0,Adequate,57.0,30.0
QUIN,SP,HEALTH CENTER,November,NO,URBAN,2119.0,1.0,953.0,790,812.0,1.3,Low,608.0,419.0
ACT-GC,ACT,HEALTH CENTER,May,YES,URBAN,359.0,607.0,226.0,-212,438.0,1.9,Low,235.0,2183.0
ART-INJ,ART,HEALTH CENTER,February,NO,URBAN,3921.0,964.0,884.0,-187,3099.0,2.5,Low,1256.0,180.0
ITN,PREV,HEALTH CENTER,November,NO,RURAL,129.0,2.0,160.0,-214,366.0,2.2,Low,168.0,413.0
QUIN,SP,HEALTH CENTER,August,YES,RURAL,371.0,1.0,356.0,221,153.0,0.5,Critical,318.0,11.0
ACT-GC,ACT,HEALTH CENTER,August,YES,URBAN,425.0,218.0,104.0,157,1426.0,129.6,Overstock,11.0,3.0
ACT-AD,ACT,HEALTH CENTER,February,NO,RURAL,9.0,1.0,88.0,-238,137.0,1.0,Critical,134.0,3078.0
ACT-SC,ACT,HEALTH CENTER,May,YES,URBAN,41.0,236.0,15.0,129,101.0,16.8,Overstock,6.0,0.0
ITN,PREV,HEALTH CENTER,August,YES,RURAL,103.0,9.0,107.0,893,359.0,1.3,Low,270.0,804.0
ART-SUP,ART,HEALTH CENTER,February,NO,RURAL,1039.0,31.0,119.0,-574,275.0,3.8,Adequate,73.0,0.0
ACT-AD,ACT,HEALTH CENTER,February,NO,RURAL,11.0,1.0,4.0,-544,9.0,,Unknown,0.0,1.0
ACT-SC,ACT,HEALTH CENTER,May,YES,URBAN,1789.0,191.0,655.0,-78,1890.0,0.9,Critical,2017.0,171.0
ACT-AD,ACT,HEALTH CENTER,November,NO,RURAL,1633.0,0.0,176.0,111,247.0,3.5,Adequate,70.0,3.0
QUIN,SP,HEALTH CENTER,May,YES,RURAL,2463.0,0.0,353.0,-40,1342.0,12.5,Overstock,107.0,1.0
ITN,PREV,HEALTH CENTER,May,YES,RURAL,1798.0,5.0,545.0,-952,836.0,4.8,Adequate,176.0,69.0
ACT-SC,ACT,HEALTH CENTER,May,YES,URBAN,1530.0,0.0,234.0,-801,169.0,0.9,Critical,187.0,575.0
RDT,DIAG,HEALTH CENTER,August,YES,URBAN,578.0,283.0,20.0,-182,460.0,115.0,Overstock,4.0,0.0
ACT-AD,ACT,HEALTH CENTER,November,NO,RURAL,2326.0,33.0,380.0,-464,1042.0,15.1,Overstock,69.0,1031.0
RDT,DIAG,HEALTH CENTER,November,NO,URBAN,1558.0,1.0,233.0,-143,2186.0,14.5,Overstock,151.0,3.0
ACT-AD,ACT,HEALTH CENTER,August,YES,RURAL,2931.0,0.0,233.0,-316,614.0,3.3,Adequate,188.0,3.0
ITN,PREV,HEALTH CENTER,November,NO,RURAL,1090.0,3.0,206.0,166,519.0,4.9,Adequate,106.0,0.0
QUIN,SP,HEALTH CENTER,November,NO,URBAN,30.0,0.0,48.0,-748,47.0,3.6,Adequate,13.0,762.0
PYRA-SAC,PYRA,HEALTH CENTER,November,NO,RURAL,26.0,0.0,34.0,206,21.0,0.6,Critical,35.0,582.0
ART-INJ,ART,HEALTH CENTER,February,NO,RURAL,2.0,13.0,37.0,458,16.0,5.3,Overstock,3.0,0.0
ART-INJ,ART,HEALTH CENTER,November,NO,RURAL,318.0,0.0,175.0,936,51.0,0.2,Critical,267.0,537.0
ACT-SC,ACT,HEALTH CENTER,November,NO,RURAL,1849.0,0.0,128.0,48,865.0,6.8,Overstock,127.0,14.0
PYRA-SAC,PYRA,HEALTH CENTER,May,YES,URBAN,640.0,1.0,19.0,-11,134.0,10.3,Overstock,13.0,1.0
ART-SUP,ART,HEALTH CENTER,February,NO,URBAN,1931.0,247.0,355.0,-543,2998.0,17.4,Overstock,172.0,0.0
ART-SUP,ART,HEALTH CENTER,May,YES,RURAL,1006.0,61.0,357.0,-425,186.0,0.9,Critical,209.0,4635.0
ACT-GC,ACT,HEALTH CENTER,May,YES,RURAL,649.0,15.0,107.0,50,1053.0,19.9,Overstock,53.0,0.0
SP,SP,HEALTH CENTER,May,YES,RURAL,559.0,34.0,131.0,700,398.0,1.9,Low,205.0,814.0
ACT-INF,ACT,HEALTH CENTER,August,YES,RURAL,3659.0,906.0,328.0,342,3940.0,14.0,Overstock,281.0,0.0
SP,SP,HEALTH CENTER,November,NO,URBAN,87.0,81.0,72.0,11,1099.0,10.8,Overstock,102.0,41.0
ACT-INF,ACT,HEALTH CENTER,May,YES,RURAL,103.0,215.0,13.0,405,517.0,103.4,Overstock,5.0,87.0
QUIN,SP,HEALTH CENTER,May,YES,RURAL,471.0,18.0,185.0,198,984.0,26.6,Overstock,37.0,60.0
PYRA-SAC,PYRA,HEALTH CENTER,February,NO,RURAL,20.0,0.0,1.0,188,17.0,,Unknown,0.0,0.0
ACT-GC,ACT,HEALTH CENTER,August,YES,RURAL,648.0,51.0,327.0,-44,2477.0,13.6,Overstock,182.0,0.0
ART-SUP,ART,HOSPITAL,February,NO,RURAL,1125.0,10.0,138.0,334,941.0,3.6,Adequate,261.0,0.0
PYRA-COMP,PYRA,HOSPITAL,August,YES,RURAL,1023.0,10.0,113.0,35,546.0,10.7,Overstock,51.0,4.0
ACT-SC,ACT,HEALTH CENTER,August,YES,URBAN,1008.0,19.0,871.0,-273,1278.0,6.9,Overstock,185.0,293.0
ART-INJ,ART,HOSPITAL,August,YES,URBAN,2924.0,542.0,588.0,180,4667.0,5.2,Overstock,905.0,0.0
SP,SP,HEALTH CENTER,February,NO,RURAL,507.0,124.0,438.0,754,143.0,0.5,Critical,279.0,8720.0
ART-INJ,ART,HEALTH CENTER,May,YES,RURAL,1657.0,149.0,605.0,-630,407.0,0.7,Critical,555.0,45.0
ART-SUP,ART,HEALTH CENTER,May,YES,RURAL,1151.0,1383.0,360.0,-365,2259.0,5.1,Overstock,446.0,182.0
PYRA-COMP,PYRA,HEALTH CENTER,May,YES,URBAN,92.0,5.0,70.0,1127,65.0,0.9,Critical,75.0,1939.0
PYRA-COMP,PYRA,HEALTH CENTER,August,YES,URBAN,205.0,5.0,57.0,1157,293.0,17.2,Overstock,17.0,0.0
ACT-GC,ACT,HEALTH CENTER,August,YES,RURAL,1209.0,308.0,465.0,46,2874.0,7.6,Overstock,377.0,0.0
QUIN,SP,HEALTH CENTER,May,YES,RURAL,295.0,0.0,113.0,625,32.0,0.3,Critical,118.0,3.0
ITN,PREV,HEALTH CENTER,August,YES,RURAL,1900.0,197.0,1642.0,-16,2862.0,5.3,Overstock,542.0,132.0
PYRA-COMP,PYRA,HEALTH CENTER,August,YES,RURAL,837.0,337.0,252.0,550,937.0,2.0,Low,465.0,210.0
SP,SP,HEALTH CENTER,May,YES,RURAL,463.0,0.0,11.0,-344,46.0,2.3,Low,20.0,32.0
PYRA-SAC,PYRA,HEALTH CENTER,May,YES,RURAL,345.0,30.0,185.0,406,580.0,2.0,Low,287.0,306.0
ACT-AD,ACT,HEALTH CENTER,May,YES,RURAL,3180.0,50.0,751.0,-49,7783.0,7.2,Overstock,1082.0,889.0
ACT-GC,ACT,HEALTH CENTER,November,NO,RURAL,696.0,210.0,589.0,-34,1574.0,3.0,Adequate,531.0,185.0
ACT-SC,ACT,HEALTH CENTER,May,YES,RURAL,128.0,0.0,25.0,265,108.0,12.0,Overstock,9.0,835.0
ACT-AD,ACT,HEALTH CENTER,February,NO,RURAL,7.0,73.0,14.0,-675,3.0,1.5,Low,2.0,64.0
ACT-INF,ACT,HEALTH CENTER,August,YES,URBAN,697.0,13.0,161.0,32,2137.0,11.0,Overstock,195.0,308.0
ITN,PREV,HEALTH CENTER,August,YES,RURAL,873.0,27.0,238.0,-560,2337.0,20.1,Overstock,116.0,0.0
ITN,PREV,HEALTH CENTER,May,YES,RURAL,452.0,0.0,33.0,-345,267.0,6.4,Overstock,42.0,0.0
ITN,PREV,HEALTH CENTER,February,NO,URBAN,5.0,2.0,8.0,-594,22.0,1.1,Low,20.0,114.0
ACT-SC,ACT,HEALTH CENTER,May,YES,RURAL,2.0,0.0,2.0,56,93.0,,Unknown,0.0,0.0
ACT-AD,ACT,HEALTH CENTER,February,NO,RURAL,1114.0,16.0,220.0,-261,968.0,2.6,Low,370.0,23.0
RDT,DIAG,HEALTH CENTER,May,YES,URBAN,2626.0,787.0,739.0,433,1534.0,1.8,Low,865.0,3016.0
ART-INJ,ART,HEALTH CENTER,May,YES,RURAL,171.0,408.0,120.0,749,1229.0,11.1,Overstock,111.0,0.0
QUIN,SP,HOSPITAL,August,YES,RURAL,311.0,64.0,370.0,-675,247.0,0.4,Critical,653.0,1927.0
ACT-GC,ACT,HEALTH CENTER,November,NO,RURAL,402.0,0.0,134.0,424,534.0,3.6,Adequate,147.0,844.0
PYRA-SAC,PYRA,HEALTH CENTER,November,NO,RURAL,1613.0,2637.0,190.0,616,3219.0,15.8,Overstock,204.0,176.0
QUIN,SP,HEALTH CENTER,February,NO,RURAL,5.0,0.0,7.0,-406,6.0,0.9,Critical,7.0,1.0
ACT-INF,ACT,HEALTH CENTER,November,NO,URBAN,1220.0,267.0,699.0,-1,1714.0,4.7,Adequate,361.0,8.0
ITN,PREV,HEALTH CENTER,August,YES,URBAN,1324.0,1076.0,128.0,180,2522.0,60.0,Overstock,42.0,10.0
SP,SP,HEALTH CENTER,August,YES,RURAL,411.0,21.0,112.0,-97,374.0,8.7,Overstock,43.0,0.0
PYRA-SAC,PYRA,HEALTH CENTER,May,YES,RURAL,959.0,13.0,50.0,-144,753.0,3.8,Adequate,196.0,16.0
ACT-GC,ACT,HEALTH CENTER,November,NO,RURAL,2571.0,9.0,486.0,284,993.0,1.9,Low,530.0,194.0
ART-INJ,ART,HEALTH CENTER,February,NO,RURAL,1779.0,278.0,293.0,-1140,1785.0,17.2,Overstock,104.0,8.0
ACT-AD,ACT,HEALTH CENTER,August,YES,URBAN,3311.0,0.0,685.0,-552,3521.0,3.2,Adequate,1090.0,2874.0
PYRA-COMP,PYRA,HEALTH CENTER,November,NO,RURAL,281.0,229.0,178.0,581,723.0,3.9,Adequate,184.0,2.0
PYRA-COMP,PYRA,HEALTH CENTER,February,NO,RURAL,721.0,3.0,446.0,-165,525.0,0.7,Critical,807.0,61.0
ACT-INF,ACT,HEALTH CENTER,August,YES,RURAL,309.0,123.0,95.0,503,413.0,4.5,Adequate,92.0,4.0
RDT,DIAG,HEALTH CENTER,November,NO,URBAN,13.0,24.0,35.0,151,119.0,3.7,Adequate,32.0,5.0
SP,SP,HEALTH CENTER,February,NO,RURAL,1764.0,0.0,462.0,-448,1597.0,21.3,Overstock,75.0,31.0
QUIN,SP,HEALTH CENTER,May,YES,RURAL,756.0,0.0,262.0,329,395.0,1.2,Low,342.0,43.0
ART-INJ,ART,HEALTH CENTER,November,NO,URBAN,3298.0,57.0,536.0,-138,1724.0,6.0,Overstock,286.0,58.0
PYRA-SAC,PYRA,HEALTH CENTER,February,NO,RURAL,216.0,1256.0,361.0,102,964.0,4.1,Adequate,235.0,4152.0
ACT-SC,ACT,HEALTH CENTER,February,NO,RURAL,1364.0,0.0,201.0,-83,548.0,2.3,Low,235.0,450.0
ART-INJ,ART,HEALTH CENTER,August,YES,URBAN,168.0,29.0,41.0,-89,470.0,24.7,Overstock,19.0,83.0
ACT-AD,ACT,HEALTH CENTER,August,YES,RURAL,576.0,2.0,203.0,374,770.0,4.7,Adequate,165.0,332.0
SP,SP,HEALTH CENTER,May,YES,RURAL,1207.0,0.0,114.0,-554,1559.0,11.5,Overstock,136.0,0.0
PYRA-COMP,PYRA,HEALTH CENTER,November,NO,RURAL,308.0,0.0,351.0,528,66.0,0.2,Critical,384.0,1689.0
SP,SP,HEALTH CENTER,February,NO,RURAL,63.0,0.0,4.0,-1107,6.0,0.5,Critical,13.0,4753.0
ITN,PREV,HEALTH CENTER,November,NO,URBAN,3.0,0.0,0.0,217,30.0,15.0,Overstock,2.0,0.0
ITN,PREV,HEALTH CENTER,August,YES,RURAL,132.0,52.0,169.0,106,333.0,2.0,Low,169.0,1.0
SP,SP,HEALTH CENTER,February,NO,URBAN,464.0,47.0,89.0,728,719.0,30.0,Overstock,24.0,0.0
ACT-AD,ACT,HOSPITAL,November,NO,URBAN,1696.0,213.0,305.0,56,146.0,0.5,Critical,324.0,297.0
ACT-SC,ACT,HEALTH CENTER,February,NO,RURAL,26.0,0.0,7.0,330,49.0,,Unknown,0.0,9.0
ACT-GC,ACT,HOSPITAL,November,NO,RURAL,92.0,0.0,4.0,183,54.0,27.0,Overstock,2.0,106.0
ART-SUP,ART,HEALTH CENTER,February,NO,RURAL,802.0,1438.0,399.0,137,1573.0,2.3,Low,693.0,2649.0
ACT-INF,ACT,HEALTH CENTER,November,NO,RURAL,499.0,0.0,123.0,298,422.0,14.1,Overstock,30.0,1007.0
QUIN,SP,HEALTH CENTER,August,YES,RURAL,23.0,0.0,5.0,-75,26.0,4.3,Adequate,6.0,0.0
SP,SP,HEALTH CENTER,February,NO,URBAN,1342.0,0.0,128.0,-45,716.0,21.7,Overstock,33.0,0.0
ART-SUP,ART,HEALTH CENTER,May,YES,RURAL,29.0,355.0,31.0,49,808.0,404.0,Overstock,2.0,1123.0
QUIN,SP,HEALTH CENTER,May,YES,RURAL,1554.0,0.0,121.0,-557,701.0,29.2,Overstock,24.0,0.0
ART-SUP,ART,HOSPITAL,November,NO,URBAN,1162.0,10.0,9.0,-377,206.0,103.0,Overstock,2.0,9.0
ART-SUP,ART,HEALTH CENTER,August,YES,RURAL,1822.0,25.0,1098.0,-119,863.0,0.6,Critical,1443.0,4960.0
ACT-AD,ACT,HEALTH CENTER,August,YES,URBAN,594.0,24.0,249.0,-98,1418.0,23.2,Overstock,61.0,0.0
RDT,DIAG,HEALTH CENTER,February,NO,RURAL,329.0,320.0,426.0,396,91.0,0.8,Critical,119.0,294.0
QUIN,SP,HOSPITAL,May,YES,RURAL,4431.0,67.0,361.0,-41,3896.0,50.6,Overstock,77.0,88.0
PYRA-COMP,PYRA,HEALTH CENTER,August,YES,URBAN,1227.0,0.0,437.0,-446,1051.0,2.1,Low,494.0,745.0
ACT-AD,ACT,HEALTH CENTER,May,YES,URBAN,502.0,0.0,62.0,405,207.0,1.4,Low,147.0,10.0
ACT-GC,ACT,HEALTH CENTER,November,NO,RURAL,2277.0,309.0,181.0,-13,2243.0,22.4,Overstock,100.0,2673.0
ACT-INF,ACT,HEALTH CENTER,November,NO,RURAL,1781.0,1.0,277.0,-286,1678.0,21.8,Overstock,77.0,6.0
ACT-SC,ACT,HEALTH CENTER,November,NO,URBAN,772.0,18.0,102.0,376,178.0,1.4,Low,131.0,4.0
ACT-AD,ACT,HOSPITAL,May,YES,RURAL,72.0,2231.0,332.0,-475,287.0,1.0,Critical,286.0,3912.0
ACT-AD,ACT,HEALTH CENTER,May,YES,URBAN,35.0,367.0,178.0,-48,96.0,3.1,Adequate,31.0,7.0
RDT,DIAG,HEALTH CENTER,May,YES,URBAN,201.0,5.0,36.0,-283,418.0,83.6,Overstock,5.0,416.0
PYRA-COMP,PYRA,HEALTH CENTER,November,NO,RURAL,2532.0,13.0,105.0,22,2651.0,56.4,Overstock,47.0,0.0
ACT-AD,ACT,HEALTH CENTER,August,YES,RURAL,1202.0,188.0,572.0,468,913.0,2.0,Low,456.0,406.0
ACT-AD,ACT,HOSPITAL,August,YES,RURAL,192.0,0.0,42.0,-274,87.0,8.7,Overstock,10.0,0.0
ART-INJ,ART,HEALTH CENTER,February,NO,RURAL,2555.0,0.0,575.0,-228,2619.0,24.2,Overstock,108.0,0.0
ACT-AD,ACT,HEALTH CENTER,August,YES,RURAL,3501.0,1407.0,700.0,756,2975.0,5.5,Overstock,539.0,270.0
SP,SP,HEALTH CENTER,May,YES,URBAN,293.0,42.0,177.0,242,139.0,1.2,Low,112.0,5762.0
PYRA-SAC,PYRA,HEALTH CENTER,May,YES,RURAL,1749.0,316.0,780.0,400,1016.0,0.7,Critical,1447.0,15.0
ACT-AD,ACT,HEALTH CENTER,May,YES,URBAN,1301.0,7.0,125.0,-655,560.0,3.8,Adequate,147.0,1.0
ITN,PREV,HEALTH CENTER,August,YES,RURAL,602.0,41.0,216.0,-415,1142.0,5.5,Overstock,206.0,0.0
ACT-INF,ACT,HEALTH CENTER,August,YES,URBAN,2284.0,0.0,615.0,-368,1549.0,2.0,Low,771.0,152.0
ACT-SC,ACT,HEALTH CENTER,May,YES,URBAN,85.0,197.0,5.0,178,111.0,111.0,Overstock,1.0,0.0
ART-SUP,ART,HEALTH CENTER,November,NO,RURAL,159.0,58.0,31.0,356,51.0,6.4,Overstock,8.0,1047.0
SP,SP,HEALTH CENTER,February,NO,RURAL,831.0,221.0,279.0,266,1110.0,20.2,Overstock,55.0,0.0
ITN,PREV,HEALTH CENTER,November,NO,RURAL,549.0,71.0,203.0,-322,1195.0,17.3,Overstock,69.0,1692.0
ART-SUP,ART,HEALTH CENTER,August,YES,URBAN,864.0,702.0,349.0,-111,1062.0,6.9,Overstock,153.0,90.0
ITN,PREV,HEALTH CENTER,November,NO,RURAL,76.0,22.0,32.0,-80,773.0,30.9,Overstock,25.0,30.0
ACT-INF,ACT,HEALTH CENTER,November,NO,RURAL,265.0,0.0,11.0,322,223.0,55.8,Overstock,4.0,11.0
QUIN,SP,HEALTH CENTER,August,YES,RURAL,20.0,7.0,135.0,-336,56.0,3.3,Adequate,17.0,2.0
SP,SP,HEALTH CENTER,February,NO,RURAL,958.0,0.0,18.0,-640,263.0,65.8,Overstock,4.0,0.0
RDT,DIAG,HEALTH CENTER,November,NO,URBAN,652.0,25.0,411.0,80,1180.0,9.7,Overstock,122.0,3442.0
ACT-AD,ACT,HEALTH CENTER,May,YES,RURAL,1979.0,582.0,1538.0,-525,1210.0,0.9,Critical,1394.0,11375.0
SP,SP,HEALTH CENTER,November,NO,RURAL,71.0,3.0,91.0,333,73.0,0.4,Critical,166.0,1.0
ACT-GC,ACT,HEALTH CENTER,August,YES,URBAN,1071.0,0.0,92.0,-94,253.0,5.6,Overstock,45.0,76.0
PYRA-SAC,PYRA,HEALTH CENTER,February,NO,URBAN,520.0,290.0,182.0,-409,269.0,2.5,Low,107.0,156.0
ACT-AD,ACT,HEALTH CENTER,May,YES,RURAL,558.0,0.0,93.0,-216,336.0,7.1,Overstock,47.0,105.0
RDT,DIAG,HEALTH CENTER,May,YES,RURAL,1228.0,332.0,228.0,316,795.0,2.8,Low,281.0,1247.0
SP,SP,HEALTH CENTER,May,YES,URBAN,331.0,1.0,27.0,-466,151.0,75.5,Overstock,2.0,0.0
PYRA-COMP,PYRA,HEALTH CENTER,February,NO,RURAL,49.0,25.0,173.0,67,674.0,39.6,Overstock,17.0,542.0
QUIN,SP,HEALTH CENTER,November,NO,URBAN,1460.0,0.0,293.0,756,1074.0,2.7,Low,396.0,4.0
ACT-INF,ACT,HEALTH CENTER,February,NO,RURAL,749.0,9.0,294.0,483,953.0,9.0,Overstock,106.0,5.0
ITN,PREV,HEALTH CENTER,February,NO,URBAN,2024.0,4.0,421.0,-113,857.0,2.0,Low,434.0,1080.0
PYRA-SAC,PYRA,HEALTH CENTER,February,NO,URBAN,1612.0,348.0,513.0,498,1372.0,2.7,Low,504.0,269.0
ACT-INF,ACT,HEALTH CENTER,August,YES,RURAL,30.0,0.0,6.0,-283,23.0,5.8,Overstock,4.0,272.0
ART-SUP,ART,HEALTH CENTER,May,YES,URBAN,1835.0,126.0,399.0,-94,1075.0,6.4,Overstock,169.0,5743.0
ART-SUP,ART,HEALTH CENTER,May,YES,RURAL,640.0,145.0,124.0,-42,1172.0,11.5,Overstock,102.0,1004.0
ACT-INF,ACT,HEALTH CENTER,February,NO,RURAL,121.0,30.0,135.0,-4,542.0,38.7,Overstock,14.0,1.0
QUIN,SP,HEALTH CENTER,November,NO,RURAL,292.0,0.0,311.0,1274,709.0,12.7,Overstock,56.0,3.0
ACT-SC,ACT,HEALTH CENTER,August,YES,RURAL,6203.0,32.0,355.0,-49,2797.0,9.8,Overstock,285.0,0.0
QUIN,SP,HEALTH CENTER,August,YES,RURAL,1384.0,628.0,124.0,-264,682.0,16.2,Overstock,42.0,1.0
ITN,PREV,HEALTH CENTER,November,NO,RURAL,1216.0,0.0,413.0,-519,1668.0,31.5,Overstock,53.0,154.0
ACT-AD,ACT,HEALTH CENTER,November,NO,RURAL,289.0,0.0,7.0,-260,235.0,235.0,Overstock,1.0,0.0
ACT-GC,ACT,HEALTH CENTER,May,YES,RURAL,202.0,3.0,65.0,7,563.0,281.5,Overstock,2.0,29.0
ACT-INF,ACT,HEALTH CENTER,August,YES,RURAL,86.0,0.0,33.0,-370,236.0,59.0,Overstock,4.0,2.0
ACT-INF,ACT,HEALTH CENTER,November,NO,RURAL,10.0,126.0,29.0,-70,190.0,63.3,Overstock,3.0,493.0
ART-SUP,ART,HEALTH CENTER,August,YES,RURAL,3151.0,2.0,197.0,-347,1572.0,27.1,Overstock,58.0,0.0
ART-INJ,ART,HEALTH CENTER,February,NO,RURAL,2625.0,973.0,614.0,-214,3730.0,15.9,Overstock,234.0,17.0
SP,SP,HEALTH CENTER,August,YES,RURAL,1266.0,0.0,320.0,-4,259.0,0.9,Critical,274.0,58.0
ACT-INF,ACT,HEALTH CENTER,May,YES,URBAN,216.0,1.0,31.0,-1056,308.0,30.8,Overstock,10.0,67.0
ART-SUP,ART,HEALTH CENTER,May,YES,RURAL,381.0,15.0,198.0,-37,55.0,0.2,Critical,227.0,697.0
ART-INJ,ART,HEALTH CENTER,February,NO,RURAL,1430.0,278.0,552.0,336,1630.0,6.5,Overstock,251.0,1522.0
SP,SP,HEALTH CENTER,November,NO,URBAN,342.0,21.0,72.0,-186,680.0,13.3,Overstock,51.0,52.0
SP,SP,HEALTH CENTER,February,NO,URBAN,85.0,0.0,4.0,-83,87.0,21.8,Overstock,4.0,0.0
SP,SP,HOSPITAL,February,NO,RURAL,1125.0,0.0,159.0,983,490.0,2.2,Low,223.0,1.0
PYRA-SAC,PYRA,HEALTH CENTER,February,NO,URBAN,5.0,2085.0,50.0,805,280.0,8.5,Overstock,33.0,6403.0
PYRA-SAC,PYRA,HEALTH CENTER,May,YES,RURAL,4974.0,19.0,664.0,110,3356.0,2.4,Low,1425.0,292.0
PYRA-SAC,PYRA,HEALTH CENTER,November,NO,URBAN,284.0,0.0,16.0,551,596.0,20.6,Overstock,29.0,431.0
ART-INJ,ART,HOSPITAL,August,YES,RURAL,1718.0,1.0,243.0,-23,2033.0,101.6,Overstock,20.0,17.0
ART-SUP,ART,HEALTH CENTER,May,YES,RURAL,1939.0,1091.0,520.0,329,3334.0,15.2,Overstock,219.0,2863.0
ART-INJ,ART,HEALTH CENTER,February,NO,RURAL,2254.0,70.0,602.0,-202,2559.0,7.1,Overstock,362.0,115.0
RDT,DIAG,HEALTH CENTER,November,NO,URBAN,1370.0,465.0,252.0,-114,1360.0,30.9,Overstock,44.0,1.0
ART-INJ,ART,HEALTH CENTER,August,YES,RURAL,4808.0,292.0,474.0,15,5133.0,11.7,Overstock,437.0,3.0
ART-INJ,ART,HEALTH CENTER,November,NO,URBAN,1566.0,0.0,81.0,-29,849.0,8.4,Overstock,101.0,0.0
PYRA-COMP,PYRA,HEALTH CENTER,February,NO,RURAL,264.0,1.0,7.0,-174,181.0,181.0,Overstock,1.0,0.0
SP,SP,HEALTH CENTER,November,NO,RURAL,16.0,276.0,113.0,-166,34.0,0.2,Critical,144.0,156.0
SP,SP,HEALTH CENTER,August,YES,URBAN,597.0,0.0,54.0,-707,11.0,1.6,Low,7.0,0.0
ACT-SC,ACT,HEALTH CENTER,August,YES,URBAN,1038.0,1.0,148.0,162,232.0,2.6,Low,88.0,0.0
PYRA-SAC,PYRA,HEALTH CENTER,May,YES,URBAN,6.0,4.0,0.0,-220,3.0,,Unknown,0.0,4.0
ACT-AD,ACT,HEALTH CENTER,May,YES,RURAL,750.0,17.0,184.0,-150,1119.0,3.7,Adequate,302.0,0.0
ACT-GC,ACT,HEALTH CENTER,May,YES,URBAN,2199.0,13.0,989.0,-312,1431.0,1.5,Low,926.0,2088.0
ACT-GC,ACT,HEALTH CENTER,August,YES,RURAL,108.0,73.0,26.0,-264,399.0,10.2,Overstock,39.0,3.0
SP,SP,HEALTH CENTER,November,NO,RURAL,75.0,182.0,193.0,296,1089.0,6.3,Overstock,174.0,251.0
ACT-AD,ACT,HEALTH CENTER,February,NO,RURAL,735.0,9.0,76.0,-269,358.0,3.5,Adequate,103.0,10.0
ITN,PREV,HEALTH CENTER,February,NO,RURAL,721.0,0.0,118.0,-9,1355.0,42.3,Overstock,32.0,0.0
ACT-INF,ACT,HEALTH CENTER,November,NO,URBAN,239.0,11.0,27.0,13,171.0,4.3,Adequate,40.0,0.0
ACT-INF,ACT,HEALTH CENTER,August,YES,RURAL,3449.0,1147.0,518.0,32,2175.0,3.1,Adequate,713.0,275.0
PYRA-COMP,PYRA,HEALTH CENTER,May,YES,RURAL,195.0,12.0,1.0,-384,263.0,,Unknown,0.0,0.0
ACT-INF,ACT,HEALTH CENTER,February,NO,RURAL,372.0,58.0,268.0,256,288.0,1.6,Low,182.0,0.0
ACT-SC,ACT,HOSPITAL,November,NO,RURAL,7210.0,33.0,1712.0,264,8854.0,3.7,Adequate,2401.0,1169.0
RDT,DIAG,HEALTH CENTER,November,NO,RURAL,113.0,0.0,2.0,1090,676.0,676.0,Overstock,1.0,0.0
PYRA-COMP,PYRA,HEALTH CENTER,November,NO,RURAL,730.0,20.0,190.0,-390,1241.0,44.3,Overstock,28.0,15.0
QUIN,SP,HEALTH CENTER,February,NO,RURAL,209.0,52.0,52.0,927,1067.0,62.8,Overstock,17.0,0.0
RDT,DIAG,HEALTH CENTER,May,YES,RURAL,715.0,0.0,28.0,60,1611.0,46.0,Overstock,35.0,41.0
ART-SUP,ART,HEALTH CENTER,February,NO,RURAL,86.0,1132.0,96.0,613,658.0,6.6,Overstock,99.0,6.0
ACT-INF,ACT,HEALTH CENTER,February,NO,RURAL,1274.0,15.0,29.0,-478,606.0,86.6,Overstock,7.0,36.0
ACT-SC,ACT,HEALTH CENTER,February,NO,RURAL,134.0,2.0,33.0,-171,58.0,14.5,Overstock,4.0,2.0
PYRA-COMP,PYRA,HEALTH CENTER,February,NO,RURAL,825.0,89.0,95.0,45,1001.0,40.0,Overstock,25.0,0.0
ACT-AD,ACT,HEALTH CENTER,May,YES,RURAL,270.0,0.0,13.0,-533,3.0,3.0,Adequate,1.0,0.0
PYRA-SAC,PYRA,HEALTH CENTER,November,NO,RURAL,157.0,1164.0,104.0,217,1204.0,37.6,Overstock,32.0,16.0
ACT-AD,ACT,HEALTH CENTER,August,YES,URBAN,11.0,9.0,10.0,338,33.0,33.0,Overstock,1.0,834.0
PYRA-SAC,PYRA,HEALTH CENTER,November,NO,URBAN,352.0,99.0,96.0,527,1558.0,17.3,Overstock,90.0,110.0
ACT-AD,ACT,HEALTH CENTER,May,YES,RURAL,7.0,1.0,0.0,-1057,6.0,,Unknown,0.0,0.0
ACT-GC,ACT,HEALTH CENTER,May,YES,RURAL,1764.0,833.0,625.0,-567,1111.0,1.7,Low,669.0,0.0
SP,SP,HOSPITAL,August,YES,RURAL,218.0,1.0,26.0,312,178.0,35.6,Overstock,5.0,1.0
ACT-SC,ACT,HEALTH CENTER,August,YES,URBAN,1040.0,9.0,115.0,272,774.0,19.4,Overstock,40.0,10.0
ACT-GC,ACT,HEALTH CENTER,February,NO,RURAL,532.0,0.0,18.0,7,552.0,3.2,Adequate,171.0,125.0
RDT,DIAG,HEALTH CENTER,November,NO,RURAL,25.0,2.0,23.0,24,5.0,1.7,Low,3.0,43.0
SP,SP,HEALTH CENTER,May,YES,RURAL,616.0,172.0,915.0,-284,530.0,0.4,Critical,1186.0,599.0
ACT-INF,ACT,HEALTH CENTER,February,NO,RURAL,952.0,9.0,97.0,274,188.0,37.6,Overstock,5.0,0.0
ACT-AD,ACT,HEALTH CENTER,November,NO,RURAL,99.0,519.0,87.0,-192,603.0,3.8,Adequate,157.0,418.0
PYRA-COMP,PYRA,HEALTH CENTER,August,YES,URBAN,1384.0,200.0,311.0,-335,2046.0,12.7,Overstock,161.0,7.0
RDT,DIAG,HEALTH CENTER,May,YES,RURAL,149.0,188.0,120.0,-300,149.0,3.5,Adequate,43.0,100.0
ACT-AD,ACT,HEALTH CENTER,November,NO,RURAL,687.0,0.0,43.0,-379,641.0,128.2,Overstock,5.0,0.0
ART-SUP,ART,HEALTH CENTER,February,NO,URBAN,658.0,137.0,470.0,551,1853.0,3.5,Adequate,533.0,1926.0
ITN,PREV,HEALTH CENTER,May,YES,URBAN,923.0,0.0,69.0,-380,471.0,471.0,Overstock,1.0,1.0
ITN,PREV,HEALTH CENTER,February,NO,RURAL,700.0,101.0,363.0,-240,1029.0,5.0,Adequate,206.0,0.0
RDT,DIAG,HOSPITAL,August,YES,RURAL,967.0,4.0,280.0,325,680.0,9.7,Overstock,70.0,0.0
RDT,DIAG,HEALTH CENTER,November,NO,RURAL,1730.0,428.0,514.0,195,707.0,0.9,Critical,749.0,716.0
PYRA-SAC,PYRA,HEALTH CENTER,May,YES,RURAL,1239.0,842.0,36.0,880,1155.0,144.4,Overstock,8.0,81.0
PYRA-COMP,PYRA,HEALTH CENTER,August,YES,RURAL,2295.0,1029.0,713.0,200,432.0,1.6,Low,264.0,10952.0
PYRA-SAC,PYRA,HEALTH CENTER,February,NO,URBAN,1841.0,707.0,319.0,718,1073.0,5.9,Overstock,182.0,174.0
ACT-AD,ACT,HEALTH CENTER,August,YES,RURAL,479.0,245.0,351.0,99,95.0,0.3,Critical,313.0,13196.0
ACT-INF,ACT,HEALTH CENTER,August,YES,RURAL,1344.0,44.0,433.0,-329,950.0,1.5,Low,645.0,4770.0
ACT-INF,ACT,HEALTH CENTER,May,YES,URBAN,562.0,135.0,380.0,-387,290.0,0.7,Critical,411.0,1243.0
ITN,PREV,HEALTH CENTER,May,YES,RURAL,2095.0,7.0,372.0,9,793.0,1.4,Low,557.0,78.0
PYRA-SAC,PYRA,HEALTH CENTER,August,YES,RURAL,2550.0,512.0,468.0,-380,4087.0,8.3,Overstock,492.0,100.0
ART-INJ,ART,HEALTH CENTER,May,YES,URBAN,144.0,710.0,51.0,-261,184.0,1.2,Low,158.0,1564.0
ITN,PREV,HEALTH CENTER,November,NO,RURAL,287.0,1.0,48.0,-340,473.0,47.3,Overstock,10.0,51.0
ACT-INF,ACT,HEALTH CENTER,August,YES,RURAL,1118.0,574.0,53.0,-43,1334.0,35.1,Overstock,38.0,21.0
ART-SUP,ART,HEALTH CENTER,August,YES,RURAL,5005.0,1668.0,2098.0,-6,5203.0,1.7,Low,3110.0,14710.0
PYRA-COMP,PYRA,HEALTH CENTER,February,NO,URBAN,145.0,8.0,135.0,-329,9.0,0.1,Critical,160.0,2536.0
SP,SP,HEALTH CENTER,November,NO,RURAL,1208.0,268.0,184.0,-145,1794.0,9.9,Overstock,182.0,444.0
ACT-INF,ACT,HEALTH CENTER,November,NO,RURAL,1053.0,242.0,304.0,-466,1055.0,3.9,Adequate,273.0,1291.0
ITN,PREV,HEALTH CENTER,November,NO,RURAL,275.0,1.0,17.0,14,160.0,22.9,Overstock,7.0,0.0
PYRA-SAC,PYRA,HOSPITAL,May,YES,URBAN,1027.0,351.0,403.0,-118,1016.0,4.3,Adequate,237.0,292.0
ART-INJ,ART,HEALTH CENTER,May,YES,RURAL,1973.0,455.0,1081.0,-617,4656.0,6.0,Overstock,775.0,160.0
ACT-GC,ACT,HEALTH CENTER,May,YES,URBAN,73.0,3.0,19.0,-311,21.0,3.5,Adequate,6.0,228.0
ART-INJ,ART,HEALTH CENTER,May,YES,URBAN,297.0,4.0,182.0,-203,620.0,103.3,Overstock,6.0,0.0
ACT-INF,ACT,HEALTH CENTER,August,YES,RURAL,481.0,16.0,307.0,-283,562.0,5.5,Overstock,103.0,1295.0
ART-INJ,ART,HEALTH CENTER,May,YES,RURAL,508.0,328.0,196.0,261,575.0,6.8,Overstock,84.0,15.0
ACT-INF,ACT,HEALTH CENTER,February,NO,RURAL,234.0,0.0,2.0,263,88.0,17.6,Overstock,5.0,0.0
ITN,PREV,HEALTH CENTER,February,NO,RURAL,1580.0,126.0,252.0,633,1436.0,71.8,Overstock,20.0,151.0
SP,SP,HEALTH CENTER,May,YES,URBAN,10091.0,538.0,2167.0,108,14230.0,5.5,Overstock,2579.0,3.0
ART-INJ,ART,HEALTH CENTER,November,NO,URBAN,2685.0,108.0,1051.0,-405,1878.0,1.1,Low,1681.0,6396.0
SP,SP,HEALTH CENTER,August,YES,RURAL,1053.0,2554.0,590.0,-804,1712.0,5.0,Adequate,343.0,48.0
ACT-GC,ACT,HEALTH CENTER,November,NO,URBAN,825.0,0.0,120.0,-377,838.0,32.2,Overstock,26.0,13.0
ACT-GC,ACT,HEALTH CENTER,February,NO,RURAL,4817.0,0.0,584.0,-423,1172.0,1.2,Low,972.0,2609.0
QUIN,SP,HEALTH CENTER,August,YES,RURAL,191.0,0.0,216.0,306,434.0,2.5,Low,172.0,3232.0
SP,SP,HEALTH CENTER,May,YES,URBAN,922.0,582.0,719.0,-752,1845.0,5.2,Overstock,353.0,2193.0
ACT-INF,ACT,HEALTH CENTER,February,NO,RURAL,358.0,0.0,8.0,37,6.0,,Unknown,0.0,0.0
ART-SUP,ART,HOSPITAL,August,YES,URBAN,155.0,254.0,140.0,-924,159.0,0.5,Critical,352.0,0.0
ITN,PREV,HEALTH CENTER,August,YES,RURAL,3265.0,575.0,1339.0,11,2366.0,2.7,Low,886.0,12.0
ACT-GC,ACT,HEALTH CENTER,February,NO,RURAL,6.0,0.0,29.0,56,204.0,40.8,Overstock,5.0,0.0
ITN,PREV,HEALTH CENTER,February,NO,RURAL,247.0,0.0,34.0,217,10.0,0.2,Critical,43.0,88.0
QUIN,SP,HEALTH CENTER,November,NO,URBAN,1037.0,0.0,248.0,-357,36.0,0.2,Critical,230.0,4157.0
QUIN,SP,HEALTH CENTER,November,NO,RURAL,5167.0,0.0,1031.0,82,2189.0,3.2,Adequate,690.0,4562.0
ACT-SC,ACT,HEALTH CENTER,November,NO,RURAL,1740.0,1.0,239.0,537,872.0,6.3,Overstock,139.0,397.0
ART-INJ,ART,HEALTH CENTER,August,YES,RURAL,4808.0,35.0,1131.0,-116,7008.0,4.2,Adequate,1651.0,557.0
ACT-GC,ACT,HEALTH CENTER,August,YES,URBAN,704.0,0.0,288.0,290,537.0,1.7,Low,323.0,1437.0
ACT-GC,ACT,HEALTH CENTER,November,NO,RURAL,757.0,14.0,180.0,-1155,575.0,2.9,Low,197.0,17.0
ACT-INF,ACT,HEALTH CENTER,May,YES,RURAL,550.0,6.0,78.0,85,954.0,136.3,Overstock,7.0,0.0
PYRA-COMP,PYRA,HEALTH CENTER,November,NO,RURAL,508.0,2458.0,595.0,-59,1550.0,1.9,Low,797.0,2556.0
ART-INJ,ART,HEALTH CENTER,November,NO,URBAN,1647.0,1.0,241.0,514,570.0,1.4,Low,396.0,0.0
ITN,PREV,HEALTH CENTER,November,NO,URBAN,1029.0,30.0,180.0,-180,1207.0,75.4,Overstock,16.0,0.0
ART-INJ,ART,HEALTH CENTER,November,NO,RURAL,475.0,622.0,162.0,-95,1411.0,26.1,Overstock,54.0,2.0
ITN,PREV,HEALTH CENTER,February,NO,RURAL,1718.0,77.0,852.0,895,1839.0,4.2,Adequate,434.0,146.0
ITN,PREV,HEALTH CENTER,February,NO,RURAL,2408.0,0.0,987.0,631,277.0,0.3,Critical,1099.0,1532.0
PYRA-SAC,PYRA,HEALTH CENTER,November,NO,URBAN,2.0,22.0,3.0,462,8.0,,Unknown,0.0,200.0
PYRA-SAC,PYRA,HEALTH CENTER,May,YES,URBAN,222.0,310.0,196.0,351,728.0,7.6,Overstock,96.0,1905.0
PYRA-SAC,PYRA,HEALTH CENTER,August,YES,RURAL,220.0,474.0,32.0,142,196.0,2.2,Low,91.0,510.0
ACT-SC,ACT,HEALTH CENTER,November,NO,URBAN,128.0,0.0,43.0,86,17.0,0.7,Critical,26.0,606.0
ACT-GC,ACT,HEALTH CENTER,August,YES,RURAL,1683.0,7.0,191.0,-740,4048.0,26.8,Overstock,151.0,0.0
ART-SUP,ART,HOSPITAL,November,NO,RURAL,176.0,20.0,80.0,86,151.0,1.8,Low,84.0,0.0
RDT,DIAG,HEALTH CENTER,November,NO,RURAL,76.0,6.0,49.0,772,731.0,14.6,Overstock,50.0,0.0
ACT-INF,ACT,HEALTH CENTER,November,NO,URBAN,498.0,3172.0,448.0,310,987.0,4.3,Adequate,227.0,2.0
ITN,PREV,HEALTH CENTER,February,NO,RURAL,292.0,2.0,87.0,11,425.0,22.4,Overstock,19.0,7.0
ACT-AD,ACT,HEALTH CENTER,May,YES,RURAL,1437.0,1598.0,637.0,-419,2001.0,3.0,Adequate,658.0,5.0
PYRA-COMP,PYRA,HEALTH CENTER,February,NO,RURAL,1494.0,21.0,593.0,458,1294.0,2.2,Low,587.0,6986.0
ART-INJ,ART,HEALTH CENTER,August,YES,RURAL,2298.0,1.0,100.0,-435,264.0,4.6,Adequate,58.0,25.0
ITN,PREV,HEALTH CENTER,February,NO,URBAN,494.0,856.0,62.0,-691,274.0,91.3,Overstock,3.0,1.0
ACT-GC,ACT,HEALTH CENTER,May,YES,RURAL,1748.0,32.0,115.0,-431,2814.0,19.3,Overstock,146.0,3.0
ACT-AD,ACT,HEALTH CENTER,November,NO,RURAL,46.0,0.0,10.0,-268,65.0,65.0,Overstock,1.0,1.0
PYRA-COMP,PYRA,HEALTH CENTER,May,YES,RURAL,1023.0,76.0,194.0,-437,1695.0,22.0,Overstock,77.0,34.0
PYRA-SAC,PYRA,HEALTH CENTER,August,YES,RURAL,674.0,51.0,35.0,-481,908.0,19.3,Overstock,47.0,2.0
ART-SUP,ART,HEALTH CENTER,November,NO,URBAN,434.0,2447.0,415.0,284,1265.0,4.8,Adequate,261.0,0.0
ACT-GC,ACT,HEALTH CENTER,February,NO,RURAL,2349.0,0.0,133.0,-623,2067.0,13.2,Overstock,157.0,0.0
PYRA-COMP,PYRA,HOSPITAL,August,YES,RURAL,8.0,0.0,1.0,-129,2.0,2.0,Low,1.0,561.0
ITN,PREV,HEALTH CENTER,November,NO,RURAL,82.0,5.0,52.0,-143,116.0,1.2,Low,94.0,1.0
ACT-SC,ACT,HEALTH CENTER,February,NO,RURAL,52.0,1.0,212.0,287,446.0,7.8,Overstock,57.0,398.0
ART-SUP,ART,HEALTH CENTER,February,NO,URBAN,4137.0,0.0,448.0,129,340.0,0.8,Critical,422.0,4294.0
PYRA-COMP,PYRA,HEALTH CENTER,May,YES,URBAN,2247.0,5.0,543.0,-859,608.0,1.4,Low,435.0,127.0
PYRA-COMP,PYRA,HEALTH CENTER,February,NO,URBAN,274.0,20.0,17.0,241,284.0,35.5,Overstock,8.0,7.0
ART-INJ,ART,HEALTH CENTER,May,YES,URBAN,1884.0,1.0,388.0,-546,546.0,5.7,Overstock,95.0,48.0
ART-INJ,ART,HEALTH CENTER,November,NO,RURAL,1366.0,149.0,82.0,667,2207.0,88.3,Overstock,25.0,204.0
RDT,DIAG,HEALTH CENTER,November,NO,RURAL,3334.0,0.0,287.0,194,2272.0,6.0,Overstock,378.0,4096.0
ACT-GC,ACT,HEALTH CENTER,August,YES,URBAN,308.0,1.0,491.0,-663,2029.0,19.7,Overstock,103.0,0.0
PYRA-COMP,PYRA,HEALTH CENTER,May,YES,RURAL,734.0,9.0,174.0,-227,783.0,12.4,Overstock,63.0,796.0
ACT-SC,ACT,HEALTH CENTER,August,YES,RURAL,175.0,6.0,181.0,-265,102.0,1.3,Low,77.0,1668.0
SP,SP,HEALTH CENTER,February,NO,URBAN,2498.0,1.0,580.0,-172,3133.0,10.6,Overstock,296.0,2.0
ITN,PREV,HEALTH CENTER,November,NO,RURAL,882.0,0.0,56.0,-898,136.0,1.5,Low,91.0,241.0
ACT-INF,ACT,HEALTH CENTER,May,YES,URBAN,110.0,1.0,88.0,320,662.0,15.8,Overstock,42.0,7.0
ACT-GC,ACT,HEALTH CENTER,November,NO,RURAL,2106.0,0.0,149.0,-235,356.0,29.7,Overstock,12.0,0.0
SP,SP,HOSPITAL,August,YES,RURAL,1390.0,29.0,253.0,-222,3545.0,13.7,Overstock,259.0,705.0
PYRA-SAC,PYRA,HEALTH CENTER,November,NO,RURAL,2258.0,221.0,831.0,152,2272.0,5.4,Overstock,422.0,108.0
ACT-SC,ACT,HEALTH CENTER,February,NO,RURAL,1508.0,39.0,226.0,293,1439.0,33.5,Overstock,43.0,0.0
ACT-INF,ACT,HEALTH CENTER,August,YES,RURAL,36.0,1.0,29.0,-270,42.0,3.5,Adequate,12.0,0.0
ACT-GC,ACT,HOSPITAL,November,NO,URBAN,550.0,0.0,60.0,444,897.0,16.9,Overstock,53.0,1.0
ACT-INF,ACT,HEALTH CENTER,May,YES,RURAL,2038.0,0.0,96.0,-271,1230.0,21.6,Overstock,57.0,62.0
ACT-GC,ACT,HEALTH CENTER,May,YES,RURAL,180.0,10.0,10.0,346,283.0,,Unknown,0.0,0.0
ART-SUP,ART,HEALTH CENTER,August,YES,RURAL,71.0,1026.0,233.0,603,241.0,0.6,Critical,388.0,16.0
PYRA-COMP,PYRA,HOSPITAL,November,NO,RURAL,1615.0,0.0,367.0,-280,933.0,3.8,Adequate,246.0,974.0
ITN,PREV,HEALTH CENTER,February,NO,RURAL,1.0,15.0,1.0,-127,8.0,4.0,Adequate,2.0,2.0
QUIN,SP,HEALTH CENTER,May,YES,URBAN,763.0,530.0,700.0,117,5362.0,9.0,Overstock,594.0,0.0
RDT,DIAG,HEALTH CENTER,May,YES,URBAN,56.0,32.0,27.0,124,176.0,176.0,Overstock,1.0,0.0
ACT-SC,ACT,HEALTH CENTER,November,NO,URBAN,8295.0,4249.0,2560.0,-95,11182.0,7.8,Overstock,1442.0,33.0
ART-INJ,ART,HEALTH CENTER,August,YES,URBAN,822.0,0.0,75.0,-398,334.0,3.0,Adequate,112.0,0.0
ACT-GC,ACT,HEALTH CENTER,November,NO,URBAN,1595.0,0.0,388.0,459,1102.0,1.9,Low,576.0,0.0
QUIN,SP,HEALTH CENTER,February,NO,URBAN,35.0,0.0,40.0,421,260.0,65.0,Overstock,4.0,0.0
SP,SP,HEALTH CENTER,November,NO,RURAL,2506.0,0.0,27.0,-326,437.0,14.1,Overstock,31.0,1.0
ART-INJ,ART,HEALTH CENTER,May,YES,RURAL,1614.0,188.0,1662.0,928,3604.0,2.8,Low,1301.0,2816.0
ART-SUP,ART,HEALTH CENTER,February,NO,RURAL,1109.0,393.0,327.0,-35,1407.0,3.7,Adequate,378.0,128.0
SP,SP,HEALTH CENTER,May,YES,RURAL,160.0,0.0,17.0,146,60.0,3.2,Adequate,19.0,4.0
RDT,DIAG,HEALTH CENTER,May,YES,RURAL,13.0,0.0,4.0,-386,11.0,5.5,Overstock,2.0,0.0
ITN,PREV,HEALTH CENTER,February,NO,RURAL,319.0,11.0,30.0,316,398.0,14.2,Overstock,28.0,0.0
PYRA-COMP,PYRA,HEALTH CENTER,November,NO,URBAN,1284.0,143.0,185.0,-216,517.0,4.7,Adequate,109.0,31.0
SP,SP,HEALTH CENTER,August,YES,RURAL,1598.0,0.0,293.0,736,404.0,1.2,Low,346.0,377.0
SP,SP,HEALTH CENTER,May,YES,RURAL,6315.0,133.0,1365.0,-545,3393.0,4.8,Adequate,708.0,103.0
PYRA-COMP,PYRA,HEALTH CENTER,November,NO,RURAL,60.0,339.0,11.0,-224,669.0,31.9,Overstock,21.0,0.0
ART-SUP,ART,HOSPITAL,May,YES,RURAL,266.0,21.0,44.0,-316,463.0,8.6,Overstock,54.0,11.0
PYRA-SAC,PYRA,HOSPITAL,November,NO,URBAN,458.0,4.0,28.0,232,1726.0,,Unknown,0.0,0.0
ART-INJ,ART,HEALTH CENTER,May,YES,RURAL,14.0,274.0,12.0,1158,191.0,191.0,Overstock,1.0,0.0
ACT-AD,ACT,HEALTH CENTER,August,YES,URBAN,29.0,0.0,2.0,-197,12.0,6.0,Overstock,2.0,3.0
PYRA-SAC,PYRA,HEALTH CENTER,February,NO,RURAL,739.0,1231.0,1300.0,235,1314.0,1.3,Low,983.0,22.0
PYRA-SAC,PYRA,HEALTH CENTER,May,YES,URBAN,359.0,0.0,26.0,-278,517.0,517.0,Overstock,1.0,1.0
SP,SP,HEALTH CENTER,November,NO,RURAL,432.0,0.0,225.0,-386,529.0,4.0,Adequate,132.0,0.0
ART-SUP,ART,HEALTH CENTER,November,NO,URBAN,825.0,829.0,154.0,-240,593.0,3.3,Adequate,180.0,45.0
ART-SUP,ART,HEALTH CENTER,November,NO,RURAL,795.0,821.0,601.0,310,2746.0,10.8,Overstock,254.0,0.0
ART-INJ,ART,HEALTH CENTER,August,YES,RURAL,106.0,51.0,7.0,-245,220.0,220.0,Overstock,1.0,0.0
ACT-SC,ACT,HEALTH CENTER,November,NO,RURAL,717.0,2.0,123.0,-95,118.0,1.1,Low,112.0,0.0
QUIN,SP,HEALTH CENTER,February,NO,URBAN,68.0,0.0,6.0,182,4.0,,Unknown,0.0,25.0
PYRA-COMP,PYRA,HEALTH CENTER,May,YES,RURAL,373.0,1.0,211.0,-309,112.0,2.1,Low,53.0,24.0
PYRA-SAC,PYRA,HEALTH CENTER,May,YES,RURAL,2218.0,754.0,719.0,-200,3743.0,8.3,Overstock,452.0,244.0
ART-INJ,ART,HEALTH CENTER,February,NO,RURAL,438.0,56.0,281.0,-116,1509.0,2.2,Low,694.0,429.0
SP,SP,HEALTH CENTER,November,NO,URBAN,288.0,0.0,19.0,777,484.0,3.1,Adequate,154.0,17.0
SP,SP,HEALTH CENTER,May,YES,RURAL,2238.0,3.0,648.0,245,2076.0,2.3,Low,891.0,837.0
QUIN,SP,HEALTH CENTER,November,NO,RURAL,209.0,59.0,508.0,-135,640.0,2.3,Low,275.0,1.0
ACT-AD,ACT,HEALTH CENTER,August,YES,URBAN,1082.0,166.0,215.0,-97,2180.0,10.9,Overstock,200.0,2.0
ART-INJ,ART,HEALTH CENTER,November,NO,URBAN,84.0,9.0,11.0,-453,42.0,10.5,Overstock,4.0,241.0
ACT-INF,ACT,HEALTH CENTER,August,YES,RURAL,3016.0,80.0,856.0,190,5723.0,6.5,Overstock,886.0,65.0
ACT-GC,ACT,HEALTH CENTER,May,YES,URBAN,549.0,17.0,349.0,-1054,616.0,2.1,Low,299.0,181.0
QUIN,SP,HEALTH CENTER,November,NO,RURAL,2608.0,11.0,375.0,742,993.0,5.2,Overstock,192.0,190.0
ART-SUP,ART,HEALTH CENTER,May,YES,URBAN,313.0,594.0,73.0,-212,943.0,20.1,Overstock,47.0,2784.0
ART-SUP,ART,HEALTH CENTER,November,NO,RURAL,143.0,25.0,54.0,-452,338.0,7.9,Overstock,43.0,54.0
ACT-GC,ACT,HEALTH CENTER,February,NO,URBAN,5758.0,113.0,589.0,-541,2986.0,5.5,Overstock,545.0,5087.0
ART-SUP,ART,HEALTH CENTER,February,NO,RURAL,2229.0,1.0,208.0,-149,1132.0,3.2,Adequate,349.0,10.0
QUIN,SP,HEALTH CENTER,November,NO,RURAL,80.0,0.0,7.0,-72,131.0,131.0,Overstock,1.0,0.0
ITN,PREV,HOSPITAL,November,NO,RURAL,2268.0,1.0,363.0,80,711.0,1.6,Low,443.0,54.0
ITN,PREV,HEALTH CENTER,November,NO,URBAN,1428.0,553.0,671.0,-163,2210.0,8.9,Overstock,248.0,2.0
ACT-INF,ACT,HEALTH CENTER,August,YES,RURAL,2287.0,0.0,789.0,-320,3585.0,5.7,Overstock,633.0,473.0
RDT,DIAG,HEALTH CENTER,August,YES,URBAN,102.0,166.0,26.0,-485,157.0,6.8,Overstock,23.0,1.0
ACT-SC,ACT,HOSPITAL,November,NO,URBAN,231.0,1.0,543.0,-241,127.0,0.3,Critical,388.0,1829.0
ACT-SC,ACT,HEALTH CENTER,August,YES,URBAN,1887.0,179.0,583.0,357,1073.0,1.5,Low,706.0,4975.0
ACT-INF,ACT,HEALTH CENTER,August,YES,URBAN,2162.0,4.0,501.0,700,1353.0,3.3,Adequate,413.0,1411.0
SP,SP,HEALTH CENTER,November,NO,RURAL,700.0,173.0,225.0,571,2090.0,15.0,Overstock,139.0,2.0
RDT,DIAG,HEALTH CENTER,May,YES,RURAL,1886.0,1.0,550.0,83,1332.0,1.9,Low,705.0,9.0
SP,SP,HEALTH CENTER,May,YES,RURAL,553.0,7.0,186.0,-446,435.0,6.3,Overstock,69.0,0.0
PYRA-SAC,PYRA,HEALTH CENTER,November,NO,URBAN,762.0,90.0,229.0,673,769.0,1.8,Low,425.0,0.0
PYRA-SAC,PYRA,HEALTH CENTER,August,YES,RURAL,251.0,26.0,34.0,138,293.0,48.8,Overstock,6.0,0.0
SP,SP,HEALTH CENTER,August,YES,URBAN,370.0,14.0,126.0,-390,1429.0,26.0,Overstock,55.0,4.0
SP,SP,HEALTH CENTER,May,YES,URBAN,1269.0,140.0,245.0,810,2206.0,6.9,Overstock,318.0,0.0
ACT-AD,ACT,HEALTH CENTER,November,NO,URBAN,293.0,1.0,154.0,721,153.0,1.6,Low,98.0,335.0
ACT-AD,ACT,HEALTH CENTER,February,NO,URBAN,484.0,853.0,787.0,382,3776.0,11.1,Overstock,340.0,14.0
ART-SUP,ART,HEALTH CENTER,May,YES,RURAL,18.0,1.0,16.0,-76,8.0,8.0,Overstock,1.0,0.0
ART-INJ,ART,HEALTH CENTER,November,NO,URBAN,71.0,0.0,83.0,328,30.0,2.1,Low,14.0,0.0
ACT-AD,ACT,HEALTH CENTER,November,NO,RURAL,257.0,33.0,36.0,-489,342.0,342.0,Overstock,1.0,1189.0
ART-SUP,ART,HEALTH CENTER,August,YES,RURAL,1182.0,110.0,262.0,6,943.0,3.9,Adequate,243.0,399.0
ACT-GC,ACT,HEALTH CENTER,February,NO,URBAN,333.0,54.0,755.0,83,497.0,0.4,Critical,1238.0,768.0
ITN,PREV,HEALTH CENTER,February,NO,RURAL,85.0,52.0,85.0,-384,980.0,9.7,Overstock,101.0,281.0
PYRA-SAC,PYRA,HEALTH CENTER,August,YES,RURAL,550.0,253.0,391.0,-19,505.0,4.5,Adequate,113.0,2165.0
ACT-GC,ACT,HEALTH CENTER,February,NO,URBAN,1037.0,243.0,596.0,694,1904.0,6.7,Overstock,286.0,306.0
SP,SP,HEALTH CENTER,May,YES,RURAL,307.0,2577.0,619.0,-42,767.0,1.3,Low,600.0,42.0
QUIN,SP,HEALTH CENTER,November,NO,RURAL,2234.0,54.0,650.0,-180,1921.0,4.7,Adequate,412.0,56.0
ACT-SC,ACT,HEALTH CENTER,February,NO,RURAL,1715.0,32.0,266.0,-187,518.0,5.2,Overstock,100.0,65.0
ACT-SC,ACT,HEALTH CENTER,May,YES,RURAL,4421.0,36.0,564.0,103,2689.0,5.0,Adequate,539.0,11.0
RDT,DIAG,HOSPITAL,May,YES,RURAL,92.0,10.0,46.0,388,217.0,27.1,Overstock,8.0,10.0
SP,SP,HEALTH CENTER,February,NO,URBAN,1181.0,29.0,326.0,437,1055.0,3.4,Adequate,307.0,0.0
ITN,PREV,HEALTH CENTER,February,NO,RURAL,1127.0,0.0,259.0,-648,389.0,0.8,Critical,477.0,13.0
ACT-GC,ACT,HOSPITAL,February,NO,RURAL,2594.0,599.0,785.0,-392,2343.0,10.6,Overstock,222.0,3343.0
PYRA-SAC,PYRA,HEALTH CENTER,May,YES,RURAL,28.0,104.0,285.0,235,36.0,0.3,Critical,115.0,2.0
SP,SP,HEALTH CENTER,August,YES,RURAL,2722.0,0.0,908.0,-219,704.0,2.4,Low,289.0,981.0
ACT-GC,ACT,HEALTH CENTER,February,NO,URBAN,103.0,0.0,144.0,154,200.0,1.5,Low,130.0,30.0
ACT-GC,ACT,HEALTH CENTER,May,YES,URBAN,3078.0,266.0,583.0,369,3396.0,10.6,Overstock,319.0,21.0
ITN,PREV,HEALTH CENTER,May,YES,URBAN,320.0,6.0,136.0,0,599.0,14.3,Overstock,42.0,2179.0
QUIN,SP,HEALTH CENTER,November,NO,RURAL,51.0,4.0,68.0,69,581.0,11.4,Overstock,51.0,0.0
SP,SP,HEALTH CENTER,August,YES,URBAN,105.0,0.0,82.0,89,426.0,2.2,Low,195.0,4.0
ITN,PREV,HEALTH CENTER,February,NO,RURAL,194.0,196.0,287.0,-116,546.0,2.3,Low,241.0,44.0
QUIN,SP,HEALTH CENTER,November,NO,RURAL,1180.0,0.0,104.0,275,450.0,2.8,Low,158.0,94.0
QUIN,SP,HOSPITAL,August,YES,URBAN,1255.0,1.0,516.0,-423,1588.0,2.9,Low,540.0,0.0
ITN,PREV,HEALTH CENTER,May,YES,RURAL,644.0,0.0,17.0,-261,103.0,9.4,Overstock,11.0,0.0
QUIN,SP,HEALTH CENTER,May,YES,RURAL,1786.0,316.0,466.0,446,1454.0,2.4,Low,618.0,1999.0
PYRA-COMP,PYRA,HEALTH CENTER,August,YES,RURAL,302.0,260.0,77.0,13,376.0,12.1,Overstock,31.0,6.0
ACT-INF,ACT,HEALTH CENTER,August,YES,RURAL,518.0,0.0,10.0,604,1132.0,47.2,Overstock,24.0,0.0
PYRA-COMP,PYRA,HEALTH CENTER,May,YES,RURAL,1358.0,66.0,55.0,-560,1124.0,23.4,Overstock,48.0,14.0
PYRA-SAC,PYRA,HEALTH CENTER,November,NO,RURAL,389.0,105.0,343.0,-137,746.0,4.3,Adequate,173.0,184.0
RDT,DIAG,HEALTH CENTER,May,YES,URBAN,854.0,90.0,123.0,285,3244.0,51.5,Overstock,63.0,4.0
PYRA-SAC,PYRA,HEALTH CENTER,May,YES,RURAL,870.0,199.0,79.0,-145,387.0,5.9,Overstock,66.0,89.0
ACT-SC,ACT,HEALTH CENTER,February,NO,RURAL,75.0,0.0,7.0,-144,6.0,0.5,Critical,13.0,45.0
ITN,PREV,HEALTH CENTER,August,YES,RURAL,2210.0,2.0,355.0,184,2568.0,4.3,Adequate,601.0,4.0
SP,SP,HEALTH CENTER,August,YES,RURAL,1893.0,39.0,364.0,96,3098.0,8.5,Overstock,364.0,4.0
ART-SUP,ART,HEALTH CENTER,August,YES,RURAL,459.0,6.0,58.0,-246,165.0,7.2,Overstock,23.0,0.0
ACT-AD,ACT,HEALTH CENTER,August,YES,RURAL,611.0,3.0,292.0,-812,2077.0,9.2,Overstock,226.0,3.0
ACT-SC,ACT,HEALTH CENTER,November,NO,RURAL,1229.0,1.0,413.0,576,1211.0,2.4,Low,506.0,104.0
ITN,PREV,HEALTH CENTER,May,YES,RURAL,1314.0,121.0,317.0,-158,1220.0,2.4,Low,517.0,56.0
SP,SP,HEALTH CENTER,August,YES,RURAL,536.0,0.0,111.0,-737,690.0,11.0,Overstock,63.0,41.0
ART-SUP,ART,HEALTH CENTER,February,NO,RURAL,1589.0,192.0,461.0,272,1361.0,41.2,Overstock,33.0,819.0
PYRA-SAC,PYRA,HEALTH CENTER,February,NO,URBAN,1147.0,162.0,153.0,-6,1332.0,6.5,Overstock,206.0,0.0
PYRA-COMP,PYRA,HEALTH CENTER,February,NO,URBAN,2661.0,54.0,1155.0,23,3085.0,5.2,Overstock,594.0,2877.0
ITN,PREV,HEALTH CENTER,August,YES,RURAL,4066.0,2241.0,2796.0,-356,3248.0,0.9,Critical,3505.0,4027.0
ART-SUP,ART,HEALTH CENTER,August,YES,URBAN,68.0,1153.0,162.0,641,468.0,10.9,Overstock,43.0,50.0
ACT-GC,ACT,HEALTH CENTER,November,NO,RURAL,7834.0,348.0,2190.0,236,7493.0,3.6,Adequate,2078.0,885.0
ART-SUP,ART,HEALTH CENTER,November,NO,RURAL,534.0,39.0,108.0,71,652.0,5.7,Overstock,115.0,944.0
ART-SUP,ART,HEALTH CENTER,November,NO,URBAN,118.0,209.0,286.0,297,819.0,3.5,Adequate,232.0,20.0
ACT-GC,ACT,HEALTH CENTER,February,NO,RURAL,115.0,261.0,134.0,-327,367.0,2.7,Low,136.0,0.0
ACT-AD,ACT,HEALTH CENTER,August,YES,RURAL,699.0,21.0,180.0,639,398.0,6.1,Overstock,65.0,1.0
ART-SUP,ART,HEALTH CENTER,May,YES,RURAL,1197.0,2.0,119.0,-290,22.0,0.2,Critical,123.0,925.0
ACT-INF,ACT,HEALTH CENTER,May,YES,RURAL,762.0,42.0,766.0,468,2076.0,2.3,Low,914.0,1274.0
ACT-INF,ACT,HEALTH CENTER,February,NO,RURAL,1594.0,0.0,257.0,-192,1422.0,3.8,Adequate,372.0,329.0
ART-INJ,ART,HEALTH CENTER,August,YES,RURAL,3658.0,3.0,671.0,-670,2130.0,3.9,Adequate,552.0,2.0
PYRA-COMP,PYRA,HEALTH CENTER,February,NO,URBAN,1829.0,16.0,373.0,591,2228.0,7.6,Overstock,295.0,23.0
RDT,DIAG,HEALTH CENTER,November,NO,URBAN,591.0,0.0,26.0,658,440.0,440.0,Overstock,1.0,0.0
QUIN,SP,HEALTH CENTER,February,NO,URBAN,829.0,0.0,356.0,-301,213.0,0.8,Critical,275.0,1584.0
ART-SUP,ART,HEALTH CENTER,February,NO,URBAN,230.0,0.0,75.0,-662,300.0,6.2,Overstock,48.0,110.0
ART-INJ,ART,HEALTH CENTER,November,NO,RURAL,76.0,7.0,64.0,400,197.0,28.1,Overstock,7.0,0.0
ITN,PREV,HEALTH CENTER,August,YES,URBAN,1138.0,52.0,226.0,-317,432.0,4.2,Adequate,103.0,0.0
QUIN,SP,HEALTH CENTER,November,NO,RURAL,4146.0,0.0,337.0,-322,99.0,0.2,Critical,585.0,48.0
ACT-AD,ACT,HEALTH CENTER,November,NO,URBAN,1167.0,111.0,152.0,-708,1116.0,62.0,Overstock,18.0,0.0
RDT,DIAG,HEALTH CENTER,August,YES,RURAL,506.0,0.0,114.0,255,76.0,0.7,Critical,105.0,67.0
PYRA-COMP,PYRA,HEALTH CENTER,May,YES,RURAL,96.0,0.0,9.0,-265,206.0,206.0,Overstock,1.0,0.0
ART-INJ,ART,HEALTH CENTER,November,NO,RURAL,59.0,179.0,53.0,392,342.0,42.8,Overstock,8.0,1.0
QUIN,SP,HEALTH CENTER,November,NO,URBAN,3910.0,0.0,1123.0,555,2207.0,2.1,Low,1052.0,0.0
ART-SUP,ART,HEALTH CENTER,November,NO,RURAL,2692.0,153.0,635.0,-254,1215.0,2.1,Low,574.0,473.0
ITN,PREV,HEALTH CENTER,February,NO,RURAL,2316.0,8.0,121.0,238,1793.0,35.9,Overstock,50.0,139.0
ITN,PREV,HEALTH CENTER,November,NO,URBAN,750.0,144.0,261.0,-19,2203.0,21.6,Overstock,102.0,0.0
ITN,PREV,HEALTH CENTER,May,YES,RURAL,3536.0,5.0,626.0,103,2396.0,3.9,Adequate,608.0,6.0
ITN,PREV,HOSPITAL,August,YES,RURAL,627.0,1.0,93.0,-129,587.0,83.9,Overstock,7.0,0.0
RDT,DIAG,HEALTH CENTER,May,YES,RURAL,846.0,261.0,524.0,-319,1806.0,5.7,Overstock,317.0,58.0
PYRA-COMP,PYRA,HEALTH CENTER,August,YES,RURAL,155.0,1.0,56.0,-125,87.0,1.1,Low,81.0,0.0
PYRA-SAC,PYRA,HEALTH CENTER,August,YES,URBAN,141.0,0.0,161.0,269,8.0,0.2,Critical,45.0,3.0
ACT-GC,ACT,HEALTH CENTER,February,NO,RURAL,1292.0,12.0,472.0,-584,2399.0,6.5,Overstock,367.0,0.0
PYRA-SAC,PYRA,HEALTH CENTER,February,NO,RURAL,2306.0,381.0,637.0,-659,1669.0,2.7,Low,627.0,929.0
PYRA-SAC,PYRA,HEALTH CENTER,May,YES,URBAN,2289.0,1.0,200.0,463,626.0,4.9,Adequate,128.0,333.0
PYRA-SAC,PYRA,HEALTH CENTER,May,YES,URBAN,211.0,0.0,31.0,-337,45.0,1.8,Low,25.0,1337.0
ACT-GC,ACT,HEALTH CENTER,February,NO,RURAL,872.0,197.0,99.0,-196,541.0,4.7,Adequate,116.0,910.0
ACT-AD,ACT,HEALTH CENTER,August,YES,RURAL,37.0,88.0,57.0,356,259.0,6.3,Overstock,41.0,2.0
ACT-AD,ACT,HEALTH CENTER,August,YES,RURAL,2555.0,375.0,868.0,256,5270.0,9.0,Overstock,585.0,19.0
ACT-INF,ACT,HEALTH CENTER,May,YES,RURAL,355.0,0.0,169.0,-960,1435.0,10.7,Overstock,134.0,6.0
ACT-AD,ACT,HOSPITAL,November,NO,RURAL,501.0,24.0,261.0,811,164.0,1.3,Low,125.0,3.0
ITN,PREV,HEALTH CENTER,February,NO,URBAN,1539.0,0.0,487.0,-709,629.0,2.0,Low,310.0,2041.0
RDT,DIAG,HEALTH CENTER,February,NO,URBAN,4.0,40.0,13.0,-751,41.0,20.5,Overstock,2.0,55.0
QUIN,SP,HEALTH CENTER,August,YES,RURAL,1054.0,2.0,94.0,703,761.0,10.3,Overstock,74.0,2.0
ACT-INF,ACT,HEALTH CENTER,November,NO,RURAL,511.0,54.0,133.0,400,732.0,11.6,Overstock,63.0,0.0
ITN,PREV,HEALTH CENTER,August,YES,RURAL,282.0,0.0,11.0,-812,142.0,142.0,Overstock,1.0,0.0
ART-INJ,ART,HEALTH CENTER,November,NO,RURAL,1522.0,28.0,436.0,-366,1690.0,7.5,Overstock,225.0,1.0
ART-INJ,ART,HEALTH CENTER,February,NO,RURAL,1534.0,0.0,306.0,-189,1582.0,6.4,Overstock,246.0,4767.0
ACT-SC,ACT,HEALTH CENTER,August,YES,URBAN,1238.0,0.0,314.0,-440,4487.0,50.4,Overstock,89.0,0.0
SP,SP,HEALTH CENTER,August,YES,RURAL,3507.0,203.0,1201.0,-56,3684.0,2.2,Low,1675.0,4415.0
QUIN,SP,HEALTH CENTER,May,YES,RURAL,275.0,3.0,201.0,305,752.0,2.3,Low,334.0,6679.0
SP,SP,HEALTH CENTER,May,YES,URBAN,767.0,0.0,40.0,-244,332.0,27.7,Overstock,12.0,3.0
ACT-SC,ACT,HEALTH CENTER,August,YES,RURAL,255.0,48.0,114.0,-849,339.0,3.5,Adequate,98.0,6.0
ACT-AD,ACT,HEALTH CENTER,November,NO,RURAL,24.0,41.0,109.0,9,665.0,5.4,Overstock,124.0,5550.0
RDT,DIAG,HEALTH CENTER,August,YES,RURAL,194.0,1.0,26.0,-174,129.0,9.9,Overstock,13.0,0.0
PYRA-COMP,PYRA,HEALTH CENTER,November,NO,URBAN,4.0,40.0,13.0,239,57.0,4.8,Adequate,12.0,0.0
ART-SUP,ART,HEALTH CENTER,May,YES,RURAL,131.0,65.0,77.0,839,217.0,13.6,Overstock,16.0,33.0
ACT-AD,ACT,HEALTH CENTER,August,YES,RURAL,1511.0,86.0,271.0,1095,311.0,5.8,Overstock,54.0,521.0
QUIN,SP,HEALTH CENTER,February,NO,RURAL,803.0,356.0,130.0,-109,1266.0,17.6,Overstock,72.0,1.0
ACT-INF,ACT,HEALTH CENTER,August,YES,RURAL,2520.0,990.0,507.0,384,4365.0,15.5,Overstock,281.0,69.0
ACT-GC,ACT,HEALTH CENTER,May,YES,RURAL,1768.0,1.0,620.0,-114,2435.0,4.1,Adequate,593.0,116.0
ACT-INF,ACT,HEALTH CENTER,February,NO,URBAN,1065.0,36.0,128.0,2,781.0,10.7,Overstock,73.0,0.0
PYRA-SAC,PYRA,HEALTH CENTER,November,NO,URBAN,6.0,1.0,0.0,-304,9.0,9.0,Overstock,1.0,0.0
ACT-INF,ACT,HEALTH CENTER,May,YES,RURAL,1157.0,0.0,636.0,100,1121.0,5.2,Overstock,215.0,2569.0
ACT-AD,ACT,HEALTH CENTER,February,NO,RURAL,1108.0,298.0,267.0,177,1297.0,7.2,Overstock,181.0,293.0
ACT-INF,ACT,HEALTH CENTER,August,YES,RURAL,305.0,0.0,51.0,-114,175.0,7.0,Overstock,25.0,3.0
RDT,DIAG,HEALTH CENTER,November,NO,RURAL,226.0,0.0,374.0,426,295.0,1.1,Low,264.0,252.0
QUIN,SP,HEALTH CENTER,February,NO,RURAL,6302.0,38.0,1239.0,39,2108.0,2.1,Low,1026.0,2268.0
ACT-SC,ACT,HOSPITAL,November,NO,RURAL,901.0,149.0,149.0,160,1301.0,29.6,Overstock,44.0,56.0
PYRA-COMP,PYRA,HEALTH CENTER,November,NO,RURAL,857.0,0.0,177.0,-3,673.0,5.3,Overstock,126.0,3.0
ACT-INF,ACT,HEALTH CENTER,August,YES,RURAL,83.0,0.0,14.0,230,13.0,6.5,Overstock,2.0,0.0
ACT-SC,ACT,HEALTH CENTER,August,YES,RURAL,1864.0,102.0,610.0,-110,623.0,1.3,Low,483.0,721.0
ACT-AD,ACT,HEALTH CENTER,February,NO,URBAN,968.0,1495.0,286.0,904,3076.0,16.3,Overstock,189.0,0.0
PYRA-COMP,PYRA,HEALTH CENTER,November,NO,RURAL,30.0,0.0,61.0,694,3.0,0.3,Critical,11.0,939.0
ART-SUP,ART,HEALTH CENTER,August,YES,URBAN,141.0,135.0,3.0,376,169.0,28.2,Overstock,6.0,6.0
ITN,PREV,HOSPITAL,August,YES,RURAL,38.0,5.0,11.0,-1160,7.0,0.2,Critical,39.0,141.0
PYRA-COMP,PYRA,HEALTH CENTER,February,NO,URBAN,167.0,23.0,98.0,532,169.0,1.5,Low,112.0,790.0
ACT-INF,ACT,HEALTH CENTER,November,NO,RURAL,471.0,5.0,287.0,356,1459.0,4.6,Adequate,317.0,2734.0
ACT-SC,ACT,HEALTH CENTER,August,YES,RURAL,939.0,6.0,290.0,656,1532.0,3.9,Adequate,389.0,2.0
PYRA-SAC,PYRA,HEALTH CENTER,November,NO,RURAL,101.0,54.0,42.0,109,389.0,21.6,Overstock,18.0,13.0
ART-INJ,ART,HEALTH CENTER,November,NO,RURAL,527.0,0.0,102.0,53,34.0,0.3,Critical,113.0,3415.0
ART-INJ,ART,HEALTH CENTER,August,YES,RURAL,700.0,27.0,59.0,326,265.0,11.5,Overstock,23.0,0.0
ACT-SC,ACT,HEALTH CENTER,May,YES,URBAN,16.0,0.0,3.0,-295,55.0,,Unknown,0.0,30.0
SP,SP,HEALTH CENTER,November,NO,RURAL,744.0,0.0,45.0,-629,348.0,4.5,Adequate,77.0,3.0
ITN,PREV,HEALTH CENTER,November,NO,RURAL,193.0,0.0,10.0,-385,127.0,12.7,Overstock,10.0,91.0
QUIN,SP,HEALTH CENTER,November,NO,RURAL,224.0,12.0,120.0,-97,107.0,2.6,Low,41.0,12.0
RDT,DIAG,HEALTH CENTER,February,NO,RURAL,1408.0,719.0,406.0,-65,1111.0,2.3,Low,482.0,156.0
ART-SUP,ART,HEALTH CENTER,May,YES,RURAL,988.0,35.0,61.0,346,1489.0,40.2,Overstock,37.0,0.0
PYRA-COMP,PYRA,HEALTH CENTER,November,NO,RURAL,2959.0,1044.0,973.0,7,2228.0,4.0,Adequate,562.0,736.0
PYRA-COMP,PYRA,HEALTH CENTER,August,YES,URBAN,2007.0,60.0,607.0,62,3978.0,4.3,Adequate,921.0,187.0
ART-INJ,ART,HOSPITAL,May,YES,RURAL,2071.0,0.0,292.0,-174,2107.0,7.9,Overstock,267.0,372.0
ART-INJ,ART,HEALTH CENTER,February,NO,RURAL,993.0,250.0,541.0,-633,2098.0,6.1,Overstock,346.0,2346.0
PYRA-SAC,PYRA,HEALTH CENTER,May,YES,URBAN,942.0,198.0,603.0,-284,297.0,0.5,Critical,626.0,934.0
ART-INJ,ART,HEALTH CENTER,May,YES,RURAL,2300.0,8.0,297.0,1170,1437.0,3.8,Adequate,378.0,6333.0
ACT-GC,ACT,HEALTH CENTER,August,YES,RURAL,26.0,0.0,9.0,359,7.0,1.8,Low,4.0,0.0
ACT-INF,ACT,HEALTH CENTER,May,YES,URBAN,2816.0,1445.0,969.0,156,3964.0,4.4,Adequate,909.0,27.0
QUIN,SP,HOSPITAL,August,YES,RURAL,580.0,34.0,109.0,-846,1143.0,5.3,Overstock,217.0,491.0
ACT-GC,ACT,HEALTH CENTER,February,NO,RURAL,2362.0,0.0,379.0,562,686.0,3.8,Adequate,182.0,107.0
ACT-AD,ACT,HEALTH CENTER,November,NO,URBAN,3769.0,0.0,240.0,415,3043.0,15.4,Overstock,197.0,1.0
SP,SP,HEALTH CENTER,February,NO,RURAL,272.0,7.0,140.0,101,1062.0,6.9,Overstock,155.0,933.0
PYRA-COMP,PYRA,HEALTH CENTER,November,NO,RURAL,1639.0,539.0,543.0,268,865.0,2.5,Low,352.0,1046.0
ACT-SC,ACT,HEALTH CENTER,August,YES,RURAL,670.0,4.0,176.0,-125,1186.0,13.3,Overstock,89.0,0.0
ACT-INF,ACT,HEALTH CENTER,August,YES,RURAL,1309.0,0.0,358.0,54,1538.0,4.4,Adequate,352.0,485.0
ART-SUP,ART,HEALTH CENTER,May,YES,URBAN,2975.0,59.0,500.0,2,834.0,2.5,Low,331.0,31.0
ACT-GC,ACT,HEALTH CENTER,February,NO,RURAL,1520.0,65.0,955.0,-550,2038.0,3.6,Adequate,566.0,8.0
QUIN,SP,HEALTH CENTER,November,NO,RURAL,3400.0,170.0,1947.0,466,1152.0,0.7,Critical,1553.0,1.0
ITN,PREV,HEALTH CENTER,August,YES,URBAN,58.0,2.0,41.0,345,918.0,48.3,Overstock,19.0,0.0
RDT,DIAG,HEALTH CENTER,February,NO,URBAN,337.0,1037.0,538.0,-434,1254.0,2.8,Low,456.0,6259.0
ACT-GC,ACT,HEALTH CENTER,November,NO,RURAL,169.0,7.0,92.0,-493,359.0,16.3,Overstock,22.0,46.0
ACT-SC,ACT,HEALTH CENTER,February,NO,URBAN,1311.0,73.0,423.0,298,1562.0,10.2,Overstock,153.0,1920.0
SP,SP,HEALTH CENTER,February,NO,RURAL,110.0,0.0,11.0,-167,70.0,70.0,Overstock,1.0,0.0
RDT,DIAG,HEALTH CENTER,February,NO,URBAN,129.0,1.0,11.0,587,92.0,30.7,Overstock,3.0,3.0
ART-SUP,ART,HOSPITAL,August,YES,RURAL,2503.0,92.0,643.0,-394,2134.0,10.6,Overstock,201.0,1897.0
ART-SUP,ART,HEALTH CENTER,February,NO,RURAL,18.0,357.0,66.0,-74,822.0,205.5,Overstock,4.0,123.0
ART-SUP,ART,HEALTH CENTER,May,YES,RURAL,885.0,366.0,351.0,656,1439.0,6.0,Overstock,238.0,2.0
SP,SP,HEALTH CENTER,May,YES,RURAL,1065.0,3.0,312.0,125,1479.0,3.8,Adequate,394.0,0.0
ART-INJ,ART,HEALTH CENTER,August,YES,RURAL,4039.0,1146.0,912.0,-156,3390.0,5.0,Adequate,680.0,17.0
ACT-INF,ACT,HEALTH CENTER,August,YES,RURAL,1017.0,0.0,259.0,-636,266.0,0.9,Critical,297.0,2.0
RDT,DIAG,HEALTH CENTER,February,NO,RURAL,660.0,2050.0,852.0,-44,1893.0,2.9,Low,647.0,24.0
ACT-SC,ACT,HEALTH CENTER,February,NO,RURAL,1405.0,0.0,403.0,-447,408.0,1.2,Low,334.0,82.0
RDT,DIAG,HEALTH CENTER,November,NO,RURAL,5681.0,184.0,2253.0,251,4707.0,2.6,Low,1838.0,1315.0
ART-SUP,ART,HEALTH CENTER,February,NO,URBAN,311.0,0.0,7.0,144,49.0,8.2,Overstock,6.0,87.0
ACT-AD,ACT,HEALTH CENTER,November,NO,RURAL,111.0,31.0,52.0,-132,124.0,1.0,Critical,128.0,1671.0
PYRA-COMP,PYRA,HEALTH CENTER,August,YES,RURAL,93.0,47.0,21.0,438,186.0,16.9,Overstock,11.0,0.0
RDT,DIAG,HEALTH CENTER,November,NO,URBAN,14.0,6.0,2.0,-72,8.0,8.0,Overstock,1.0,657.0
ITN,PREV,HEALTH CENTER,May,YES,RURAL,3976.0,1.0,600.0,-21,3111.0,7.2,Overstock,432.0,650.0
PYRA-COMP,PYRA,HEALTH CENTER,August,YES,RURAL,1843.0,0.0,440.0,71,729.0,1.8,Low,416.0,2183.0
ITN,PREV,HEALTH CENTER,May,YES,RURAL,2297.0,13.0,464.0,475,2309.0,8.6,Overstock,269.0,147.0
PYRA-SAC,PYRA,HEALTH CENTER,November,NO,RURAL,2462.0,2692.0,307.0,-36,4504.0,91.9,Overstock,49.0,139.0
ART-INJ,ART,HEALTH CENTER,February,NO,RURAL,303.0,31.0,122.0,277,525.0,7.7,Overstock,68.0,205.0
ACT-SC,ACT,HOSPITAL,August,YES,RURAL,147.0,0.0,4.0,-817,7.0,7.0,Overstock,1.0,1.0
ACT-AD,ACT,HEALTH CENTER,November,NO,RURAL,296.0,123.0,219.0,-131,245.0,0.6,Critical,433.0,0.0
ACT-GC,ACT,HEALTH CENTER,February,NO,RURAL,231.0,0.0,14.0,14,265.0,24.1,Overstock,11.0,3.0
ACT-INF,ACT,HEALTH CENTER,May,YES,RURAL,23.0,4.0,38.0,795,46.0,9.2,Overstock,5.0,0.0
ART-INJ,ART,HEALTH CENTER,May,YES,RURAL,705.0,43.0,51.0,-308,776.0,5.6,Overstock,138.0,0.0
ITN,PREV,HEALTH CENTER,February,NO,URBAN,41.0,71.0,5.0,-103,286.0,,Unknown,0.0,15.0
ART-SUP,ART,HEALTH CENTER,August,YES,RURAL,881.0,1.0,187.0,294,1299.0,5.3,Overstock,247.0,2.0
ITN,PREV,HEALTH CENTER,May,YES,RURAL,882.0,9.0,55.0,-200,59.0,1.8,Low,33.0,213.0
ART-INJ,ART,HEALTH CENTER,November,NO,RURAL,485.0,24.0,406.0,-268,591.0,2.5,Low,234.0,0.0
ITN,PREV,HEALTH CENTER,August,YES,RURAL,883.0,0.0,41.0,-103,294.0,14.7,Overstock,20.0,0.0
ACT-SC,ACT,HEALTH CENTER,May,YES,RURAL,584.0,1.0,77.0,246,623.0,32.8,Overstock,19.0,98.0
ACT-SC,ACT,HEALTH CENTER,August,YES,RURAL,3558.0,1457.0,687.0,424,6271.0,13.4,Overstock,469.0,224.0
ACT-SC,ACT,HEALTH CENTER,February,NO,URBAN,2015.0,24.0,423.0,-373,2959.0,4.6,Adequate,649.0,0.0
ART-INJ,ART,HEALTH CENTER,November,NO,RURAL,182.0,0.0,4.0,-460,21.0,,Unknown,0.0,0.0
ACT-SC,ACT,HEALTH CENTER,May,YES,RURAL,986.0,3.0,217.0,-10,413.0,3.1,Adequate,133.0,272.0
PYRA-COMP,PYRA,HEALTH CENTER,August,YES,RURAL,33.0,1471.0,340.0,8,178.0,1.6,Low,114.0,2236.0
ACT-AD,ACT,HEALTH CENTER,February,NO,URBAN,1275.0,77.0,374.0,178,2954.0,8.7,Overstock,341.0,50.0
ACT-GC,ACT,HEALTH CENTER,November,NO,URBAN,265.0,0.0,47.0,550,486.0,9.5,Overstock,51.0,698.0
ACT-INF,ACT,HEALTH CENTER,February,NO,URBAN,4079.0,219.0,1037.0,-676,2993.0,1.8,Low,1628.0,239.0
ACT-INF,ACT,HEALTH CENTER,February,NO,RURAL,1199.0,126.0,874.0,-229,1176.0,1.4,Low,821.0,7758.0
ACT-SC,ACT,HEALTH CENTER,November,NO,URBAN,354.0,8.0,87.0,-85,39.0,1.4,Low,28.0,1294.0
PYRA-COMP,PYRA,HEALTH CENTER,November,NO,RURAL,9.0,86.0,11.0,961,138.0,138.0,Overstock,1.0,764.0
QUIN,SP,HEALTH CENTER,November,NO,RURAL,439.0,1319.0,207.0,124,916.0,5.2,Overstock,175.0,546.0
PYRA-COMP,PYRA,HEALTH CENTER,August,YES,RURAL,61.0,83.0,115.0,340,833.0,75.7,Overstock,11.0,1.0
ACT-SC,ACT,HEALTH CENTER,November,NO,RURAL,5744.0,2042.0,2108.0,159,6190.0,3.3,Adequate,1869.0,58.0
ART-SUP,ART,HEALTH CENTER,August,YES,RURAL,8201.0,829.0,1359.0,-528,2442.0,2.8,Low,865.0,172.0
ART-SUP,ART,HEALTH CENTER,November,NO,URBAN,2428.0,1128.0,161.0,-150,1728.0,13.4,Overstock,129.0,113.0
QUIN,SP,HEALTH CENTER,May,YES,RURAL,613.0,17.0,270.0,-698,2051.0,6.7,Overstock,306.0,224.0
ACT-GC,ACT,HEALTH CENTER,February,NO,RURAL,677.0,10.0,132.0,-584,87.0,0.2,Critical,387.0,6109.0
PYRA-SAC,PYRA,HOSPITAL,August,YES,URBAN,214.0,24.0,115.0,24,705.0,5.4,Overstock,130.0,1184.0
SP,SP,HEALTH CENTER,November,NO,RURAL,914.0,544.0,688.0,-351,358.0,0.5,Critical,666.0,929.0
ACT-GC,ACT,HEALTH CENTER,August,YES,RURAL,750.0,199.0,108.0,12,374.0,4.7,Adequate,80.0,566.0
PYRA-COMP,PYRA,HEALTH CENTER,August,YES,URBAN,1514.0,1059.0,895.0,-88,1472.0,3.2,Adequate,460.0,3574.0
ACT-GC,ACT,HEALTH CENTER,November,NO,RURAL,1811.0,0.0,143.0,501,1366.0,9.9,Overstock,138.0,54.0
ACT-AD,ACT,HEALTH CENTER,February,NO,RURAL,191.0,276.0,104.0,-362,392.0,78.4,Overstock,5.0,769.0
QUIN,SP,HEALTH CENTER,August,YES,URBAN,116.0,90.0,132.0,738,18.0,0.2,Critical,84.0,2869.0
QUIN,SP,HEALTH CENTER,November,NO,RURAL,1539.0,16.0,397.0,-198,1184.0,2.0,Low,599.0,180.0
ACT-GC,ACT,HEALTH CENTER,May,YES,RURAL,780.0,5.0,643.0,231,601.0,1.8,Low,327.0,3.0
PYRA-COMP,PYRA,HEALTH CENTER,February,NO,URBAN,208.0,17.0,339.0,357,850.0,3.7,Adequate,232.0,29.0
ACT-GC,ACT,HEALTH CENTER,May,YES,RURAL,292.0,0.0,66.0,98,101.0,3.0,Adequate,34.0,43.0
ACT-AD,ACT,HEALTH CENTER,February,NO,RURAL,14.0,88.0,5.0,-71,42.0,42.0,Overstock,1.0,0.0
ITN,PREV,HEALTH CENTER,November,NO,URBAN,837.0,0.0,194.0,88,145.0,0.7,Critical,222.0,84.0
SP,SP,HEALTH CENTER,November,NO,RURAL,11.0,0.0,50.0,-761,46.0,1.0,Critical,47.0,943.0
ACT-GC,ACT,HEALTH CENTER,February,NO,URBAN,2780.0,0.0,319.0,194,2621.0,65.5,Overstock,40.0,6.0
ACT-GC,ACT,HEALTH CENTER,November,NO,RURAL,351.0,16.0,267.0,83,1543.0,3.9,Adequate,395.0,1021.0
ACT-GC,ACT,HEALTH CENTER,November,NO,URBAN,2899.0,25.0,969.0,-234,1005.0,0.8,Critical,1246.0,5352.0
SP,SP,HEALTH CENTER,August,YES,RURAL,1607.0,405.0,999.0,295,3102.0,11.4,Overstock,273.0,17.0
ACT-SC,ACT,HEALTH CENTER,August,YES,RURAL,193.0,0.0,358.0,-699,583.0,5.9,Overstock,98.0,0.0
ACT-SC,ACT,HEALTH CENTER,November,NO,RURAL,2856.0,74.0,336.0,-219,2091.0,6.7,Overstock,314.0,113.0
ACT-AD,ACT,HEALTH CENTER,February,NO,RURAL,52.0,37.0,21.0,-81,116.0,23.2,Overstock,5.0,1.0
ITN,PREV,HEALTH CENTER,May,YES,URBAN,89.0,0.0,15.0,-450,13.0,,Unknown,0.0,2.0
QUIN,SP,HEALTH CENTER,November,NO,RURAL,477.0,5.0,48.0,204,206.0,8.2,Overstock,25.0,0.0
ACT-AD,ACT,HEALTH CENTER,August,YES,RURAL,11.0,0.0,21.0,447,8.0,4.0,Adequate,2.0,677.0
ACT-SC,ACT,HEALTH CENTER,November,NO,RURAL,475.0,3.0,123.0,-200,1329.0,10.1,Overstock,132.0,0.0
PYRA-COMP,PYRA,HEALTH CENTER,May,YES,RURAL,1353.0,298.0,185.0,222,359.0,7.2,Overstock,50.0,33.0
ACT-SC,ACT,HEALTH CENTER,August,YES,RURAL,934.0,568.0,203.0,-1195,1903.0,8.5,Overstock,224.0,17.0
PYRA-COMP,PYRA,HEALTH CENTER,May,YES,RURAL,59.0,0.0,1.0,-793,15.0,,Unknown,0.0,19.0
ART-INJ,ART,HEALTH CENTER,February,NO,RURAL,569.0,502.0,642.0,216,745.0,0.8,Critical,909.0,240.0
RDT,DIAG,HEALTH CENTER,November,NO,RURAL,8386.0,615.0,2271.0,-240,6694.0,3.8,Adequate,1780.0,92.0
RDT,DIAG,HEALTH CENTER,May,YES,RURAL,1377.0,0.0,277.0,804,859.0,7.0,Overstock,122.0,23.0
ACT-GC,ACT,HEALTH CENTER,August,YES,RURAL,3437.0,70.0,1419.0,-418,2609.0,2.4,Low,1087.0,4854.0
SP,SP,HEALTH CENTER,August,YES,URBAN,177.0,16.0,7.0,-457,612.0,204.0,Overstock,3.0,0.0
ACT-SC,ACT,HOSPITAL,November,NO,RURAL,20.0,1.0,9.0,131,10.0,2.0,Low,5.0,517.0
ACT-AD,ACT,HEALTH CENTER,May,YES,URBAN,417.0,27.0,100.0,-466,242.0,3.4,Adequate,71.0,2999.0
ITN,PREV,HEALTH CENTER,May,YES,URBAN,1546.0,379.0,466.0,420,3872.0,39.9,Overstock,97.0,700.0
PYRA-SAC,PYRA,HEALTH CENTER,November,NO,RURAL,1051.0,20.0,355.0,-361,242.0,2.6,Low,93.0,747.0
PYRA-SAC,PYRA,HOSPITAL,November,NO,RURAL,151.0,58.0,27.0,263,492.0,10.0,Overstock,49.0,146.0
ITN,PREV,HEALTH CENTER,February,NO,RURAL,36.0,0.0,33.0,-671,38.0,2.0,Low,19.0,101.0
ITN,PREV,HEALTH CENTER,May,YES,RURAL,526.0,1222.0,178.0,-37,498.0,0.9,Critical,562.0,3390.0
ACT-AD,ACT,HEALTH CENTER,May,YES,RURAL,215.0,5.0,18.0,-199,199.0,19.9,Overstock,10.0,54.0
ACT-INF,ACT,HEALTH CENTER,August,YES,URBAN,420.0,4.0,91.0,87,375.0,4.4,Adequate,85.0,0.0
ACT-INF,ACT,HOSPITAL,May,YES,RURAL,20.0,0.0,44.0,167,76.0,0.3,Critical,252.0,0.0
RDT,DIAG,HEALTH CENTER,August,YES,RURAL,4736.0,555.0,1163.0,-203,4050.0,2.4,Low,1694.0,0.0
ART-SUP,ART,HEALTH CENTER,August,YES,RURAL,335.0,34.0,196.0,90,1168.0,11.3,Overstock,103.0,260.0
RDT,DIAG,HEALTH CENTER,May,YES,RURAL,2441.0,1.0,474.0,191,2472.0,10.1,Overstock,245.0,5.0
ACT-INF,ACT,HEALTH CENTER,February,NO,RURAL,512.0,172.0,148.0,80,741.0,10.6,Overstock,70.0,1456.0
ITN,PREV,HEALTH CENTER,May,YES,RURAL,241.0,360.0,46.0,-369,118.0,10.7,Overstock,11.0,1374.0
ITN,PREV,HEALTH CENTER,November,NO,RURAL,157.0,0.0,40.0,-575,23.0,0.5,Critical,45.0,3403.0
ACT-SC,ACT,HEALTH CENTER,August,YES,RURAL,244.0,0.0,210.0,-369,1294.0,14.7,Overstock,88.0,0.0
QUIN,SP,HEALTH CENTER,February,NO,RURAL,42.0,0.0,1.0,144,43.0,,Unknown,0.0,0.0
PYRA-SAC,PYRA,HEALTH CENTER,February,NO,RURAL,42.0,2794.0,168.0,100,1106.0,7.4,Overstock,149.0,0.0
ACT-INF,ACT,HEALTH CENTER,May,YES,URBAN,412.0,110.0,357.0,579,521.0,1.2,Low,447.0,99.0
ACT-INF,ACT,HEALTH CENTER,November,NO,RURAL,2.0,193.0,54.0,180,96.0,4.2,Adequate,23.0,94.0
ACT-AD,ACT,HEALTH CENTER,May,YES,RURAL,3091.0,170.0,177.0,-677,1415.0,6.0,Overstock,237.0,1116.0
ACT-SC,ACT,HEALTH CENTER,February,NO,URBAN,1244.0,460.0,857.0,583,2274.0,6.8,Overstock,332.0,2792.0
ACT-SC,ACT,HOSPITAL,May,YES,RURAL,4897.0,79.0,722.0,398,3334.0,7.8,Overstock,425.0,1321.0
ACT-INF,ACT,HEALTH CENTER,August,YES,URBAN,1756.0,98.0,547.0,415,4839.0,8.7,Overstock,554.0,3.0
RDT,DIAG,HEALTH CENTER,November,NO,RURAL,6.0,0.0,5.0,385,69.0,,Unknown,0.0,0.0
ACT-GC,ACT,HEALTH CENTER,May,YES,RURAL,43.0,38.0,39.0,-381,192.0,96.0,Overstock,2.0,0.0
RDT,DIAG,HEALTH CENTER,May,YES,RURAL,232.0,95.0,217.0,301,648.0,4.1,Adequate,157.0,20.0
ITN,PREV,HEALTH CENTER,May,YES,RURAL,1200.0,0.0,150.0,982,42.0,0.8,Critical,52.0,3017.0
ACT-SC,ACT,HEALTH CENTER,August,YES,RURAL,33.0,2.0,195.0,472,50.0,0.3,Critical,167.0,7298.0
ITN,PREV,HEALTH CENTER,May,YES,RURAL,636.0,0.0,505.0,257,417.0,2.1,Low,196.0,219.0
RDT,DIAG,HEALTH CENTER,May,YES,URBAN,328.0,29.0,102.0,-283,491.0,245.5,Overstock,2.0,0.0
ACT-SC,ACT,HOSPITAL,August,YES,RURAL,167.0,1.0,185.0,164,256.0,2.4,Low,106.0,239.0
ITN,PREV,HOSPITAL,November,NO,RURAL,677.0,0.0,116.0,314,272.0,3.3,Adequate,82.0,4.0
SP,SP,HEALTH CENTER,May,YES,RURAL,54.0,152.0,135.0,254,1664.0,17.9,Overstock,93.0,0.0
ACT-SC,ACT,HEALTH CENTER,November,NO,URBAN,41.0,0.0,7.0,-459,15.0,5.0,Adequate,3.0,874.0
ACT-GC,ACT,HEALTH CENTER,November,NO,RURAL,587.0,1.0,47.0,164,294.0,147.0,Overstock,2.0,7.0
ART-SUP,ART,HEALTH CENTER,February,NO,RURAL,202.0,113.0,273.0,534,1416.0,18.6,Overstock,76.0,56.0
ACT-INF,ACT,HEALTH CENTER,November,NO,URBAN,1174.0,0.0,169.0,-210,1242.0,6.5,Overstock,192.0,75.0
ACT-SC,ACT,HEALTH CENTER,May,YES,URBAN,129.0,8.0,155.0,-369,430.0,12.6,Overstock,34.0,1627.0
RDT,DIAG,HEALTH CENTER,August,YES,URBAN,1047.0,14.0,180.0,804,967.0,6.5,Overstock,149.0,3547.0
QUIN,SP,HEALTH CENTER,August,YES,RURAL,962.0,0.0,167.0,154,651.0,2.8,Low,233.0,65.0
ACT-AD,ACT,HEALTH CENTER,November,NO,RURAL,784.0,44.0,270.0,402,391.0,2.1,Low,190.0,441.0
ART-INJ,ART,HEALTH CENTER,May,YES,RURAL,435.0,433.0,80.0,42,594.0,7.1,Overstock,84.0,0.0
ART-SUP,ART,HEALTH CENTER,May,YES,RURAL,140.0,108.0,229.0,-102,838.0,11.5,Overstock,73.0,0.0
ACT-GC,ACT,HEALTH CENTER,February,NO,RURAL,2405.0,17.0,878.0,-497,2844.0,4.3,Adequate,658.0,1355.0
QUIN,SP,HEALTH CENTER,November,NO,RURAL,241.0,30.0,215.0,202,42.0,0.2,Critical,197.0,97.0
ITN,PREV,HEALTH CENTER,November,NO,RURAL,242.0,7.0,50.0,266,276.0,16.2,Overstock,17.0,263.0
QUIN,SP,HEALTH CENTER,May,YES,RURAL,519.0,222.0,71.0,292,838.0,16.4,Overstock,51.0,1.0
ART-SUP,ART,HEALTH CENTER,November,NO,RURAL,4170.0,9.0,657.0,-4,4113.0,25.5,Overstock,161.0,0.0
PYRA-SAC,PYRA,HEALTH CENTER,November,NO,RURAL,1114.0,76.0,359.0,-37,2244.0,9.8,Overstock,228.0,123.0
ART-SUP,ART,HEALTH CENTER,August,YES,URBAN,2634.0,71.0,746.0,-338,1675.0,2.0,Low,856.0,14.0
ACT-INF,ACT,HEALTH CENTER,November,NO,URBAN,172.0,140.0,311.0,588,339.0,1.3,Low,271.0,1351.0
ACT-SC,ACT,HEALTH CENTER,August,YES,URBAN,578.0,1117.0,132.0,-116,3912.0,108.7,Overstock,36.0,10.0
ACT-GC,ACT,HEALTH CENTER,February,NO,RURAL,710.0,575.0,420.0,289,1810.0,8.0,Overstock,225.0,25.0
SP,SP,HEALTH CENTER,August,YES,RURAL,171.0,148.0,167.0,-480,752.0,11.2,Overstock,67.0,3.0
ACT-SC,ACT,HEALTH CENTER,August,YES,RURAL,78.0,0.0,26.0,-289,129.0,10.8,Overstock,12.0,1.0
ACT-INF,ACT,HEALTH CENTER,November,NO,RURAL,3.0,2.0,4.0,919,2.0,,Unknown,0.0,0.0
ACT-INF,ACT,HEALTH CENTER,February,NO,RURAL,184.0,0.0,194.0,545,19.0,0.1,Critical,148.0,526.0
ART-INJ,ART,HEALTH CENTER,February,NO,URBAN,1738.0,30.0,309.0,739,2661.0,4.9,Adequate,544.0,21.0
ART-SUP,ART,HEALTH CENTER,November,NO,URBAN,811.0,83.0,138.0,512,644.0,3.7,Adequate,174.0,772.0
ITN,PREV,HEALTH CENTER,February,NO,URBAN,9327.0,1021.0,939.0,112,3830.0,3.5,Adequate,1105.0,0.0
ACT-SC,ACT,HEALTH CENTER,May,YES,URBAN,1642.0,0.0,94.0,88,112.0,3.0,Adequate,37.0,0.0
ART-SUP,ART,HEALTH CENTER,May,YES,RURAL,1203.0,243.0,134.0,-663,851.0,10.6,Overstock,80.0,0.0
ART-INJ,ART,HEALTH CENTER,November,NO,RURAL,1144.0,36.0,240.0,-502,1339.0,17.9,Overstock,75.0,0.0
ACT-SC,ACT,HEALTH CENTER,May,YES,URBAN,1157.0,48.0,423.0,-49,3260.0,12.4,Overstock,262.0,8.0
ACT-INF,ACT,HEALTH CENTER,August,YES,RURAL,43.0,7.0,171.0,96,147.0,3.1,Adequate,47.0,169.0
ART-INJ,ART,HEALTH CENTER,February,NO,RURAL,2243.0,0.0,476.0,100,1970.0,3.9,Adequate,502.0,252.0
ACT-SC,ACT,HEALTH CENTER,November,NO,RURAL,185.0,10.0,47.0,177,165.0,5.3,Overstock,31.0,2.0
ART-SUP,ART,HEALTH CENTER,May,YES,RURAL,407.0,3.0,126.0,-338,259.0,2.0,Low,129.0,25.0
ACT-AD,ACT,HEALTH CENTER,February,NO,RURAL,859.0,26.0,144.0,-244,792.0,8.7,Overstock,91.0,53.0
PYRA-COMP,PYRA,HEALTH CENTER,February,NO,URBAN,7.0,0.0,6.0,141,29.0,29.0,Overstock,1.0,185.0
RDT,DIAG,HEALTH CENTER,February,NO,RURAL,2075.0,1.0,729.0,-388,2334.0,4.9,Adequate,480.0,1354.0
PYRA-SAC,PYRA,HEALTH CENTER,August,YES,URBAN,1150.0,866.0,338.0,549,2752.0,10.5,Overstock,263.0,4.0
QUIN,SP,HEALTH CENTER,November,NO,RURAL,166.0,56.0,300.0,126,685.0,2.5,Low,272.0,116.0
ITN,PREV,HEALTH CENTER,February,NO,URBAN,4374.0,309.0,731.0,-995,3972.0,4.2,Adequate,943.0,10.0
PYRA-COMP,PYRA,HEALTH CENTER,February,NO,URBAN,128.0,735.0,104.0,282,480.0,2.3,Low,209.0,0.0
ITN,PREV,HEALTH CENTER,February,NO,RURAL,6.0,0.0,6.0,-506,3.0,3.0,Adequate,1.0,9.0
ACT-AD,ACT,HEALTH CENTER,May,YES,RURAL,58.0,167.0,180.0,-49,165.0,1.4,Low,120.0,25.0
ART-SUP,ART,HEALTH CENTER,August,YES,RURAL,803.0,0.0,19.0,-53,209.0,41.8,Overstock,5.0,0.0
ACT-GC,ACT,HEALTH CENTER,February,NO,URBAN,878.0,779.0,350.0,-474,1847.0,4.7,Adequate,391.0,3.0
ITN,PREV,HEALTH CENTER,February,NO,URBAN,649.0,1609.0,270.0,139,2806.0,21.1,Overstock,133.0,1.0
QUIN,SP,HEALTH CENTER,August,YES,RURAL,3860.0,1.0,550.0,-298,2578.0,13.8,Overstock,187.0,0.0
ACT-AD,ACT,HEALTH CENTER,May,YES,RURAL,547.0,39.0,190.0,84,1224.0,4.6,Adequate,266.0,0.0
QUIN,SP,HOSPITAL,August,YES,RURAL,413.0,217.0,357.0,-405,289.0,0.7,Critical,391.0,2426.0
SP,SP,HEALTH CENTER,February,NO,RURAL,443.0,0.0,276.0,316,43.0,0.6,Critical,67.0,1.0
ACT-INF,ACT,HEALTH CENTER,February,NO,URBAN,47.0,81.0,16.0,-431,265.0,53.0,Overstock,5.0,0.0
ITN,PREV,HEALTH CENTER,November,NO,RURAL,4252.0,103.0,913.0,229,4676.0,7.5,Overstock,624.0,1.0
QUIN,SP,HEALTH CENTER,May,YES,RURAL,4096.0,38.0,296.0,-397,2825.0,51.4,Overstock,55.0,0.0
SP,SP,HEALTH CENTER,May,YES,RURAL,221.0,0.0,18.0,65,12.0,2.4,Low,5.0,128.0
ITN,PREV,HEALTH CENTER,May,YES,RURAL,1062.0,93.0,663.0,11,474.0,0.5,Critical,869.0,6135.0
ITN,PREV,HOSPITAL,August,YES,RURAL,1000.0,2.0,280.0,-152,154.0,0.5,Critical,297.0,1886.0
RDT,DIAG,HEALTH CENTER,August,YES,RURAL,1772.0,595.0,200.0,424,2632.0,13.7,Overstock,192.0,882.0
ART-SUP,ART,HEALTH CENTER,November,NO,RURAL,234.0,0.0,189.0,300,551.0,6.0,Overstock,92.0,0.0
ART-INJ,ART,HEALTH CENTER,May,YES,RURAL,645.0,300.0,231.0,-173,553.0,4.8,Adequate,116.0,26.0
ACT-SC,ACT,HEALTH CENTER,August,YES,RURAL,117.0,350.0,39.0,-703,167.0,2.9,Low,57.0,1.0
ART-SUP,ART,HOSPITAL,February,NO,RURAL,31.0,139.0,6.0,394,232.0,232.0,Overstock,1.0,0.0
ITN,PREV,HEALTH CENTER,August,YES,URBAN,5171.0,17.0,1017.0,207,3223.0,4.5,Adequate,724.0,412.0
ACT-AD,ACT,HOSPITAL,August,YES,RURAL,1836.0,0.0,262.0,272,617.0,5.4,Overstock,115.0,269.0
PYRA-COMP,PYRA,HOSPITAL,November,NO,RURAL,93.0,361.0,36.0,-382,367.0,45.9,Overstock,8.0,0.0
PYRA-COMP,PYRA,HEALTH CENTER,November,NO,RURAL,1736.0,2872.0,1175.0,-411,5022.0,11.6,Overstock,432.0,67.0
RDT,DIAG,HEALTH CENTER,August,YES,URBAN,344.0,0.0,225.0,51,104.0,1.4,Low,73.0,0.0
RDT,DIAG,HEALTH CENTER,August,YES,URBAN,489.0,0.0,271.0,-385,521.0,3.4,Adequate,155.0,227.0
RDT,DIAG,HEALTH CENTER,May,YES,RURAL,189.0,4.0,174.0,76,699.0,3.6,Adequate,195.0,8.0
ACT-SC,ACT,HEALTH CENTER,February,NO,RURAL,13.0,0.0,36.0,-1007,46.0,15.3,Overstock,3.0,528.0
RDT,DIAG,HEALTH CENTER,May,YES,RURAL,3978.0,64.0,835.0,-13,5029.0,11.7,Overstock,429.0,864.0
PYRA-COMP,PYRA,HEALTH CENTER,February,NO,RURAL,836.0,0.0,154.0,562,73.0,0.8,Critical,95.0,308.0
ART-INJ,ART,HEALTH CENTER,August,YES,RURAL,2092.0,0.0,309.0,240,1172.0,2.8,Low,422.0,93.0
PYRA-SAC,PYRA,HEALTH CENTER,August,YES,RURAL,144.0,61.0,322.0,-188,437.0,4.1,Adequate,106.0,499.0
QUIN,SP,HEALTH CENTER,August,YES,RURAL,378.0,0.0,92.0,-126,101.0,0.3,Critical,309.0,0.0
PYRA-COMP,PYRA,HEALTH CENTER,November,NO,RURAL,1644.0,0.0,581.0,-235,411.0,1.9,Low,214.0,631.0
PYRA-COMP,PYRA,HEALTH CENTER,August,YES,RURAL,0.0,6.0,11.0,407,2.0,0.7,Critical,3.0,112.0
QUIN,SP,HEALTH CENTER,August,YES,URBAN,1537.0,945.0,1125.0,-365,3432.0,3.4,Adequate,1022.0,12918.0
ART-INJ,ART,HEALTH CENTER,August,YES,RURAL,441.0,491.0,592.0,-36,2262.0,5.2,Overstock,438.0,28.0
PYRA-SAC,PYRA,HEALTH CENTER,November,NO,RURAL,1654.0,100.0,181.0,601,3763.0,50.9,Overstock,74.0,99.0
ART-SUP,ART,HEALTH CENTER,August,YES,URBAN,1654.0,116.0,673.0,339,1174.0,5.8,Overstock,203.0,59.0
SP,SP,HEALTH CENTER,February,NO,RURAL,2161.0,3.0,147.0,219,541.0,12.3,Overstock,44.0,1.0
ACT-SC,ACT,HEALTH CENTER,November,NO,RURAL,280.0,0.0,206.0,384,284.0,1.4,Low,199.0,423.0
PYRA-COMP,PYRA,HEALTH CENTER,May,YES,RURAL,1088.0,433.0,345.0,-380,848.0,6.6,Overstock,128.0,9.0
ACT-GC,ACT,HEALTH CENTER,February,NO,RURAL,991.0,0.0,101.0,366,896.0,9.4,Overstock,95.0,0.0
PYRA-SAC,PYRA,HEALTH CENTER,February,NO,RURAL,68.0,10.0,23.0,364,222.0,22.2,Overstock,10.0,7.0
RDT,DIAG,HEALTH CENTER,May,YES,RURAL,36.0,43.0,114.0,817,84.0,0.5,Critical,157.0,3454.0
ART-INJ,ART,HEALTH CENTER,November,NO,RURAL,138.0,37.0,27.0,-336,190.0,5.3,Overstock,36.0,0.0
QUIN,SP,HEALTH CENTER,August,YES,URBAN,147.0,31.0,115.0,524,519.0,5.6,Overstock,93.0,3.0
ACT-AD,ACT,HEALTH CENTER,August,YES,URBAN,440.0,237.0,225.0,166,1193.0,11.9,Overstock,100.0,0.0
ACT-SC,ACT,HEALTH CENTER,February,NO,RURAL,713.0,206.0,345.0,228,811.0,5.7,Overstock,142.0,0.0
ACT-GC,ACT,HEALTH CENTER,August,YES,RURAL,979.0,5.0,383.0,-214,853.0,2.0,Low,436.0,19.0
QUIN,SP,HEALTH CENTER,February,NO,RURAL,1162.0,0.0,43.0,-203,179.0,3.3,Adequate,54.0,5.0
QUIN,SP,HEALTH CENTER,August,YES,RURAL,2509.0,51.0,798.0,187,4987.0,4.4,Adequate,1137.0,1.0
ACT-INF,ACT,HEALTH CENTER,May,YES,RURAL,439.0,46.0,97.0,134,1996.0,35.6,Overstock,56.0,59.0
ART-SUP,ART,HEALTH CENTER,November,NO,RURAL,74.0,64.0,216.0,622,1106.0,3.9,Adequate,287.0,775.0
ART-INJ,ART,HEALTH CENTER,February,NO,RURAL,2472.0,636.0,405.0,-681,2008.0,19.3,Overstock,104.0,804.0
ACT-GC,ACT,HEALTH CENTER,August,YES,RURAL,1578.0,2088.0,505.0,-504,1921.0,3.7,Adequate,520.0,1657.0
ACT-INF,ACT,HEALTH CENTER,February,NO,RURAL,375.0,263.0,251.0,-65,472.0,3.0,Adequate,157.0,10.0
ACT-SC,ACT,HEALTH CENTER,November,NO,RURAL,445.0,2.0,23.0,-82,254.0,50.8,Overstock,5.0,17.0
RDT,DIAG,HEALTH CENTER,November,NO,RURAL,846.0,13.0,136.0,976,1732.0,25.1,Overstock,69.0,1.0
ACT-SC,ACT,HEALTH CENTER,August,YES,RURAL,378.0,1530.0,367.0,-71,582.0,1.8,Low,316.0,0.0
ACT-GC,ACT,HEALTH CENTER,February,NO,URBAN,78.0,0.0,80.0,329,13.0,0.2,Critical,67.0,1685.0
QUIN,SP,HEALTH CENTER,August,YES,RURAL,220.0,0.0,71.0,-221,112.0,7.0,Overstock,16.0,108.0
RDT,DIAG,HEALTH CENTER,August,YES,URBAN,2828.0,110.0,921.0,-390,2829.0,7.4,Overstock,382.0,17.0
QUIN,SP,HEALTH CENTER,February,NO,RURAL,1028.0,5.0,786.0,463,2288.0,3.0,Adequate,771.0,1288.0
QUIN,SP,HEALTH CENTER,May,YES,URBAN,862.0,25.0,663.0,-88,1425.0,2.8,Low,505.0,2811.0
ART-SUP,ART,HEALTH CENTER,February,NO,RURAL,161.0,552.0,126.0,-248,435.0,1.4,Low,304.0,3103.0
ART-SUP,ART,HEALTH CENTER,May,YES,URBAN,5.0,39.0,0.0,468,101.0,,Unknown,0.0,0.0
ACT-INF,ACT,HEALTH CENTER,February,NO,RURAL,91.0,12.0,26.0,310,419.0,59.9,Overstock,7.0,283.0
ACT-AD,ACT,HOSPITAL,May,YES,RURAL,1623.0,356.0,149.0,-229,1492.0,8.2,Overstock,182.0,9.0
ACT-INF,ACT,HEALTH CENTER,February,NO,RURAL,249.0,21.0,467.0,212,1200.0,2.3,Low,518.0,2265.0
QUIN,SP,HEALTH CENTER,November,NO,RURAL,215.0,0.0,261.0,683,148.0,0.7,Critical,219.0,1732.0
PYRA-SAC,PYRA,HEALTH CENTER,November,NO,RURAL,514.0,3.0,111.0,-222,259.0,3.2,Adequate,81.0,365.0
ITN,PREV,HEALTH CENTER,May,YES,URBAN,458.0,3.0,65.0,179,40.0,0.4,Critical,89.0,0.0
RDT,DIAG,HEALTH CENTER,August,YES,RURAL,227.0,3.0,48.0,-10,89.0,1.0,Critical,90.0,8.0
ART-SUP,ART,HEALTH CENTER,November,NO,RURAL,1148.0,0.0,31.0,761,255.0,3.0,Adequate,86.0,0.0
ACT-INF,ACT,HEALTH CENTER,May,YES,RURAL,1062.0,185.0,396.0,1113,974.0,1.1,Low,903.0,1342.0
SP,SP,HEALTH CENTER,February,NO,URBAN,268.0,0.0,6.0,118,114.0,12.7,Overstock,9.0,29.0
ACT-AD,ACT,HEALTH CENTER,February,NO,URBAN,116.0,13.0,251.0,674,126.0,0.3,Critical,490.0,103.0
QUIN,SP,HEALTH CENTER,February,NO,RURAL,4060.0,0.0,719.0,2,2720.0,3.2,Adequate,848.0,0.0
QUIN,SP,HEALTH CENTER,August,YES,RURAL,4495.0,97.0,489.0,-292,6379.0,16.9,Overstock,377.0,0.0
PYRA-COMP,PYRA,HEALTH CENTER,November,NO,RURAL,281.0,0.0,99.0,474,11.0,0.1,Critical,91.0,1.0
ACT-AD,ACT,HEALTH CENTER,November,NO,RURAL,0.0,6.0,6.0,-586,3.0,1.5,Low,2.0,153.0
ACT-AD,ACT,HEALTH CENTER,November,NO,URBAN,500.0,144.0,210.0,271,1456.0,5.9,Overstock,246.0,855.0
ART-SUP,ART,HEALTH CENTER,February,NO,URBAN,774.0,14.0,300.0,761,1294.0,6.4,Overstock,201.0,814.0
QUIN,SP,HEALTH CENTER,November,NO,RURAL,771.0,0.0,377.0,501,220.0,0.7,Critical,337.0,39.0
ART-SUP,ART,HEALTH CENTER,February,NO,RURAL,584.0,86.0,70.0,-31,656.0,2.3,Low,280.0,0.0
QUIN,SP,HEALTH CENTER,August,YES,URBAN,1675.0,0.0,250.0,622,2072.0,12.1,Overstock,171.0,260.0
ACT-AD,ACT,HEALTH CENTER,August,YES,RURAL,437.0,818.0,251.0,450,451.0,6.9,Overstock,65.0,0.0
ACT-INF,ACT,HEALTH CENTER,February,NO,RURAL,193.0,57.0,88.0,-699,184.0,2.1,Low,88.0,28.0
ITN,PREV,HEALTH CENTER,November,NO,RURAL,1258.0,222.0,176.0,436,2148.0,6.7,Overstock,322.0,865.0
SP,SP,HEALTH CENTER,February,NO,RURAL,2838.0,11.0,867.0,-124,1781.0,3.0,Adequate,597.0,31.0
ITN,PREV,HEALTH CENTER,August,YES,RURAL,0.0,508.0,29.0,-223,45.0,1.8,Low,25.0,1229.0
ART-INJ,ART,HEALTH CENTER,November,NO,RURAL,52.0,136.0,9.0,169,790.0,71.8,Overstock,11.0,0.0
PYRA-COMP,PYRA,HEALTH CENTER,August,YES,RURAL,70.0,2.0,91.0,40,198.0,14.1,Overstock,14.0,0.0
PYRA-COMP,PYRA,HOSPITAL,February,NO,RURAL,1903.0,13.0,820.0,344,3239.0,9.2,Overstock,353.0,16.0
QUIN,SP,HEALTH CENTER,November,NO,RURAL,3895.0,1.0,539.0,-802,1891.0,4.6,Adequate,410.0,1.0
ACT-GC,ACT,HEALTH CENTER,May,YES,RURAL,89.0,0.0,4.0,479,189.0,189.0,Overstock,1.0,0.0
ITN,PREV,HEALTH CENTER,November,NO,RURAL,1448.0,1102.0,610.0,348,2892.0,6.3,Overstock,462.0,814.0
ACT-GC,ACT,HEALTH CENTER,November,NO,RURAL,2407.0,71.0,193.0,-676,2925.0,25.9,Overstock,113.0,0.0
QUIN,SP,HOSPITAL,August,YES,URBAN,5566.0,1468.0,1764.0,-393,11769.0,5.1,Overstock,2324.0,2786.0
ART-INJ,ART,HEALTH CENTER,February,NO,URBAN,838.0,458.0,341.0,-150,1995.0,9.0,Overstock,221.0,213.0
PYRA-SAC,PYRA,HEALTH CENTER,May,YES,RURAL,712.0,212.0,90.0,-145,620.0,4.1,Adequate,153.0,21.0
PYRA-COMP,PYRA,HEALTH CENTER,August,YES,URBAN,1266.0,321.0,243.0,37,1858.0,16.6,Overstock,112.0,1700.0
PYRA-COMP,PYRA,HEALTH CENTER,August,YES,RURAL,107.0,4.0,166.0,72,97.0,2.1,Low,46.0,244.0
ACT-SC,ACT,HEALTH CENTER,February,NO,URBAN,3187.0,38.0,456.0,282,2356.0,5.6,Overstock,420.0,324.0
ACT-GC,ACT,HEALTH CENTER,November,NO,RURAL,733.0,2.0,869.0,-130,808.0,1.1,Low,718.0,1753.0
ITN,PREV,HEALTH CENTER,February,NO,RURAL,709.0,9.0,199.0,-149,294.0,4.5,Adequate,65.0,54.0
ACT-SC,ACT,HOSPITAL,November,NO,RURAL,303.0,659.0,245.0,-872,289.0,2.9,Low,100.0,405.0
ART-SUP,ART,HEALTH CENTER,February,NO,RURAL,856.0,0.0,192.0,239,1911.0,13.6,Overstock,140.0,1007.0
ACT-GC,ACT,HEALTH CENTER,November,NO,RURAL,3256.0,100.0,391.0,-489,2899.0,7.2,Overstock,400.0,1.0
ART-SUP,ART,HEALTH CENTER,November,NO,RURAL,503.0,373.0,122.0,-49,254.0,5.3,Overstock,48.0,558.0
RDT,DIAG,HEALTH CENTER,August,YES,RURAL,50.0,1.0,3.0,406,9.0,,Unknown,0.0,0.0
ACT-GC,ACT,HEALTH CENTER,February,NO,URBAN,13.0,1.0,6.0,86,15.0,7.5,Overstock,2.0,931.0
ITN,PREV,HEALTH CENTER,February,NO,RURAL,1346.0,2.0,737.0,-739,1106.0,1.1,Low,981.0,2981.0
ART-INJ,ART,HEALTH CENTER,August,YES,RURAL,22.0,0.0,68.0,137,129.0,1.9,Low,68.0,211.0
ACT-AD,ACT,HEALTH CENTER,November,NO,URBAN,17.0,0.0,1.0,143,3.0,,Unknown,0.0,52.0
SP,SP,HEALTH CENTER,May,YES,RURAL,4961.0,76.0,851.0,521,4072.0,3.5,Adequate,1149.0,64.0
RDT,DIAG,HEALTH CENTER,August,YES,RURAL,2632.0,114.0,772.0,-889,6035.0,12.3,Overstock,491.0,19.0
SP,SP,HEALTH CENTER,February,NO,RURAL,4156.0,145.0,1115.0,241,3436.0,4.0,Adequate,866.0,0.0
SP,SP,HEALTH CENTER,May,YES,RURAL,1863.0,94.0,250.0,159,1102.0,4.6,Adequate,239.0,4214.0
ACT-SC,ACT,HEALTH CENTER,May,YES,RURAL,1910.0,558.0,712.0,-367,1970.0,4.1,Adequate,482.0,510.0
ART-INJ,ART,HEALTH CENTER,May,YES,RURAL,1483.0,51.0,468.0,153,1208.0,3.2,Adequate,373.0,239.0
ACT-GC,ACT,HEALTH CENTER,August,YES,URBAN,1254.0,0.0,707.0,-188,1087.0,1.7,Low,644.0,3441.0
ITN,PREV,HOSPITAL,February,NO,RURAL,129.0,2.0,6.0,447,9.0,0.6,Critical,15.0,29.0
ACT-GC,ACT,HEALTH CENTER,February,NO,RURAL,299.0,7.0,116.0,28,327.0,5.1,Overstock,64.0,8.0
QUIN,SP,HEALTH CENTER,August,YES,RURAL,374.0,0.0,182.0,-13,87.0,0.3,Critical,250.0,2568.0
SP,SP,HEALTH CENTER,August,YES,RURAL,250.0,0.0,244.0,660,105.0,0.4,Critical,270.0,4640.0
RDT,DIAG,HEALTH CENTER,August,YES,URBAN,677.0,264.0,26.0,-32,1178.0,49.1,Overstock,24.0,0.0
SP,SP,HEALTH CENTER,November,NO,URBAN,1249.0,0.0,36.0,190,1864.0,32.1,Overstock,58.0,8.0
ART-SUP,ART,HEALTH CENTER,August,YES,RURAL,743.0,18.0,260.0,399,256.0,0.7,Critical,387.0,158.0
ACT-AD,ACT,HEALTH CENTER,August,YES,RURAL,5151.0,1044.0,1248.0,91,6974.0,7.7,Overstock,909.0,1.0
ACT-AD,ACT,HEALTH CENTER,May,YES,RURAL,2792.0,359.0,718.0,23,1462.0,2.8,Low,527.0,6.0
ACT-INF,ACT,HEALTH CENTER,August,YES,RURAL,2330.0,7.0,662.0,663,1699.0,3.4,Adequate,507.0,291.0
PYRA-COMP,PYRA,HEALTH CENTER,November,NO,RURAL,339.0,266.0,183.0,-197,644.0,2.8,Low,227.0,0.0
RDT,DIAG,HEALTH CENTER,February,NO,URBAN,141.0,47.0,221.0,-260,579.0,3.6,Adequate,159.0,0.0
ITN,PREV,HEALTH CENTER,November,NO,RURAL,3866.0,198.0,858.0,-16,4697.0,7.1,Overstock,660.0,1189.0
ITN,PREV,HOSPITAL,August,YES,RURAL,584.0,125.0,102.0,-131,1075.0,8.0,Overstock,134.0,0.0
ACT-GC,ACT,HEALTH CENTER,May,YES,URBAN,105.0,19.0,312.0,935,474.0,1.4,Low,341.0,2100.0
PYRA-SAC,PYRA,HEALTH CENTER,February,NO,RURAL,2191.0,405.0,916.0,-734,4856.0,8.1,Overstock,599.0,332.0
PYRA-SAC,PYRA,HEALTH CENTER,May,YES,RURAL,874.0,0.0,72.0,-300,514.0,10.3,Overstock,50.0,54.0
ART-INJ,ART,HEALTH CENTER,August,YES,URBAN,1053.0,27.0,435.0,18,518.0,2.0,Low,258.0,15.0
RDT,DIAG,HEALTH CENTER,February,NO,RURAL,2663.0,277.0,902.0,186,1645.0,2.9,Low,561.0,7129.0
ITN,PREV,HEALTH CENTER,November,NO,RURAL,708.0,420.0,785.0,83,724.0,0.9,Critical,831.0,5309.0
ART-SUP,ART,HEALTH CENTER,August,YES,URBAN,904.0,36.0,479.0,-547,1015.0,2.2,Low,463.0,0.0
ACT-INF,ACT,HEALTH CENTER,May,YES,RURAL,6615.0,0.0,739.0,-175,6137.0,12.0,Overstock,510.0,1.0
PYRA-SAC,PYRA,HEALTH CENTER,February,NO,URBAN,364.0,298.0,430.0,-381,765.0,2.9,Low,265.0,15.0
ACT-SC,ACT,HEALTH CENTER,November,NO,URBAN,338.0,0.0,49.0,-405,299.0,4.0,Adequate,75.0,29.0
ACT-INF,ACT,HEALTH CENTER,May,YES,RURAL,268.0,6.0,26.0,-368,788.0,157.6,Overstock,5.0,585.0
ACT-AD,ACT,HOSPITAL,November,NO,URBAN,2232.0,307.0,925.0,-187,2525.0,1.8,Low,1417.0,13971.0
ACT-INF,ACT,HEALTH CENTER,February,NO,URBAN,6044.0,4.0,837.0,-747,2229.0,4.1,Adequate,538.0,17.0
ITN,PREV,HEALTH CENTER,August,YES,RURAL,24.0,0.0,4.0,314,3.0,,Unknown,0.0,57.0
ACT-SC,ACT,HEALTH CENTER,February,NO,RURAL,237.0,8.0,251.0,-394,193.0,0.6,Critical,336.0,36.0
RDT,DIAG,HEALTH CENTER,November,NO,RURAL,688.0,64.0,167.0,814,474.0,12.5,Overstock,38.0,1.0
ITN,PREV,HEALTH CENTER,May,YES,URBAN,128.0,529.0,388.0,623,365.0,0.7,Critical,560.0,10.0
QUIN,SP,HOSPITAL,August,YES,RURAL,2551.0,209.0,407.0,573,2747.0,7.2,Overstock,383.0,8.0
ITN,PREV,HEALTH CENTER,May,YES,URBAN,170.0,0.0,2.0,-629,5.0,,Unknown,0.0,0.0
ACT-SC,ACT,HOSPITAL,February,NO,URBAN,811.0,9.0,85.0,-45,169.0,3.4,Adequate,50.0,181.0
ACT-SC,ACT,HEALTH CENTER,November,NO,URBAN,142.0,102.0,256.0,1480,1548.0,31.6,Overstock,49.0,8.0
ITN,PREV,HEALTH CENTER,February,NO,RURAL,1070.0,2.0,297.0,-416,388.0,2.1,Low,181.0,5309.0
RDT,DIAG,HEALTH CENTER,August,YES,RURAL,1053.0,0.0,423.0,-239,469.0,4.3,Adequate,109.0,5826.0
ACT-INF,ACT,HEALTH CENTER,November,NO,RURAL,77.0,11.0,85.0,-249,125.0,7.8,Overstock,16.0,1.0
ACT-SC,ACT,HEALTH CENTER,November,NO,RURAL,923.0,0.0,336.0,-826,462.0,5.2,Overstock,88.0,15.0
PYRA-SAC,PYRA,HEALTH CENTER,February,NO,RURAL,1787.0,45.0,248.0,13,3008.0,50.1,Overstock,60.0,0.0
PYRA-COMP,PYRA,HEALTH CENTER,May,YES,RURAL,492.0,0.0,41.0,195,681.0,113.5,Overstock,6.0,0.0
SP,SP,HEALTH CENTER,November,NO,RURAL,1988.0,0.0,226.0,-625,2002.0,11.1,Overstock,180.0,0.0
SP,SP,HEALTH CENTER,August,YES,RURAL,4259.0,3.0,344.0,651,1089.0,6.5,Overstock,168.0,190.0
ART-SUP,ART,HEALTH CENTER,November,NO,RURAL,551.0,267.0,160.0,-753,1151.0,16.4,Overstock,70.0,2.0
ACT-AD,ACT,HEALTH CENTER,November,NO,RURAL,249.0,18.0,106.0,154,1094.0,23.3,Overstock,47.0,97.0
ACT-AD,ACT,HEALTH CENTER,May,YES,RURAL,15.0,67.0,143.0,-226,29.0,1.3,Low,23.0,752.0
ACT-AD,ACT,HEALTH CENTER,May,YES,RURAL,1046.0,31.0,23.0,-167,541.0,45.1,Overstock,12.0,0.0
RDT,DIAG,HEALTH CENTER,November,NO,RURAL,903.0,81.0,405.0,-280,1055.0,3.1,Adequate,341.0,653.0
PYRA-COMP,PYRA,HEALTH CENTER,August,YES,RURAL,1025.0,0.0,6.0,419,445.0,,Unknown,0.0,0.0
ART-SUP,ART,HEALTH CENTER,August,YES,RURAL,4.0,317.0,54.0,-455,8.0,0.2,Critical,38.0,40.0
PYRA-SAC,PYRA,HEALTH CENTER,August,YES,URBAN,996.0,200.0,150.0,-33,1532.0,9.6,Overstock,159.0,1981.0
PYRA-COMP,PYRA,HEALTH CENTER,August,YES,RURAL,1754.0,3.0,410.0,-34,1092.0,3.1,Adequate,353.0,88.0
PYRA-COMP,PYRA,HEALTH CENTER,February,NO,RURAL,571.0,0.0,36.0,-46,86.0,2.6,Low,33.0,27.0
QUIN,SP,HEALTH CENTER,February,NO,RURAL,6736.0,0.0,2033.0,235,2934.0,2.1,Low,1393.0,4797.0
ACT-INF,ACT,HEALTH CENTER,February,NO,RURAL,2164.0,0.0,388.0,133,1467.0,10.4,Overstock,141.0,1.0
ITN,PREV,HEALTH CENTER,May,YES,URBAN,676.0,13.0,658.0,202,2720.0,5.5,Overstock,492.0,3109.0
ACT-AD,ACT,HEALTH CENTER,August,YES,RURAL,3141.0,0.0,128.0,310,1710.0,122.1,Overstock,14.0,373.0
ACT-SC,ACT,HEALTH CENTER,February,NO,URBAN,92.0,135.0,64.0,499,124.0,31.0,Overstock,4.0,0.0
PYRA-SAC,PYRA,HEALTH CENTER,February,NO,RURAL,750.0,1524.0,208.0,768,2427.0,19.3,Overstock,126.0,117.0
QUIN,SP,HEALTH CENTER,February,NO,RURAL,878.0,0.0,820.0,-244,1365.0,3.7,Adequate,366.0,28.0
SP,SP,HEALTH CENTER,November,NO,RURAL,591.0,0.0,57.0,-121,531.0,31.2,Overstock,17.0,0.0
ART-SUP,ART,HEALTH CENTER,August,YES,RURAL,388.0,1255.0,669.0,5,3255.0,8.0,Overstock,405.0,276.0
ACT-SC,ACT,HEALTH CENTER,August,YES,URBAN,25.0,10.0,44.0,11,749.0,44.1,Overstock,17.0,2145.0
ITN,PREV,HEALTH CENTER,November,NO,URBAN,1817.0,1.0,288.0,149,208.0,1.0,Critical,216.0,1126.0
QUIN,SP,HEALTH CENTER,November,NO,RURAL,390.0,354.0,276.0,-906,1945.0,9.8,Overstock,198.0,3.0
PYRA-SAC,PYRA,HEALTH CENTER,February,NO,URBAN,204.0,32.0,237.0,257,155.0,0.9,Critical,166.0,1198.0
ACT-SC,ACT,HEALTH CENTER,May,YES,URBAN,199.0,29.0,123.0,-386,286.0,1.7,Low,166.0,2752.0
ACT-SC,ACT,HEALTH CENTER,November,NO,RURAL,679.0,1.0,56.0,-542,1331.0,83.2,Overstock,16.0,0.0
ACT-INF,ACT,HEALTH CENTER,August,YES,RURAL,605.0,0.0,431.0,551,694.0,2.7,Low,253.0,484.0
RDT,DIAG,HEALTH CENTER,May,YES,RURAL,204.0,0.0,4.0,-176,44.0,,Unknown,0.0,0.0
ACT-GC,ACT,HOSPITAL,May,YES,RURAL,387.0,58.0,78.0,-1105,503.0,8.7,Overstock,58.0,12278.0
PYRA-COMP,PYRA,HEALTH CENTER,August,YES,RURAL,31.0,13.0,16.0,270,493.0,21.4,Overstock,23.0,10.0
ACT-INF,ACT,HEALTH CENTER,August,YES,URBAN,859.0,467.0,60.0,-406,857.0,25.2,Overstock,34.0,93.0
PYRA-SAC,PYRA,HEALTH CENTER,November,NO,RURAL,34.0,1.0,19.0,-26,64.0,10.7,Overstock,6.0,956.0
PYRA-SAC,PYRA,HEALTH CENTER,August,YES,URBAN,1232.0,170.0,342.0,123,1694.0,4.0,Adequate,422.0,50.0
SP,SP,HEALTH CENTER,August,YES,RURAL,1592.0,151.0,23.0,168,1721.0,215.1,Overstock,8.0,1.0
SP,SP,HEALTH CENTER,August,YES,URBAN,347.0,127.0,59.0,90,202.0,2.1,Low,96.0,32.0
ACT-AD,ACT,HEALTH CENTER,February,NO,URBAN,34.0,31.0,108.0,355,93.0,1.4,Low,67.0,0.0
SP,SP,HEALTH CENTER,February,NO,RURAL,252.0,7.0,44.0,-1,121.0,3.7,Adequate,33.0,101.0
RDT,DIAG,HEALTH CENTER,November,NO,RURAL,541.0,135.0,110.0,479,956.0,12.1,Overstock,79.0,180.0
RDT,DIAG,HEALTH CENTER,February,NO,RURAL,3212.0,2.0,468.0,-586,821.0,3.8,Adequate,215.0,16.0
ACT-INF,ACT,HEALTH CENTER,February,NO,RURAL,829.0,0.0,349.0,42,686.0,1.8,Low,378.0,18.0
ACT-AD,ACT,HEALTH CENTER,August,YES,RURAL,112.0,8.0,122.0,781,191.0,12.7,Overstock,15.0,0.0
QUIN,SP,HEALTH CENTER,November,NO,RURAL,4333.0,26.0,648.0,-156,5098.0,7.9,Overstock,648.0,3655.0
SP,SP,HEALTH CENTER,November,NO,RURAL,1060.0,3.0,257.0,75,2566.0,11.0,Overstock,234.0,177.0
ITN,PREV,HEALTH CENTER,May,YES,RURAL,2149.0,4.0,687.0,-40,1120.0,1.8,Low,624.0,195.0
ACT-SC,ACT,HEALTH CENTER,November,NO,URBAN,108.0,9.0,60.0,-296,522.0,87.0,Overstock,6.0,0.0
ART-INJ,ART,HEALTH CENTER,May,YES,RURAL,360.0,16.0,128.0,-351,188.0,1.4,Low,131.0,76.0
ACT-AD,ACT,HEALTH CENTER,August,YES,RURAL,120.0,104.0,46.0,-169,59.0,5.9,Overstock,10.0,1.0
ACT-AD,ACT,HEALTH CENTER,November,NO,RURAL,1423.0,0.0,74.0,23,496.0,14.2,Overstock,35.0,0.0
ACT-INF,ACT,HEALTH CENTER,February,NO,RURAL,581.0,0.0,123.0,790,145.0,1.5,Low,95.0,32.0
ACT-AD,ACT,HEALTH CENTER,February,NO,RURAL,2652.0,0.0,178.0,-252,2068.0,8.7,Overstock,237.0,13.0
ITN,PREV,HEALTH CENTER,May,YES,RURAL,1372.0,153.0,429.0,203,692.0,3.1,Adequate,223.0,24.0
ART-SUP,ART,HEALTH CENTER,February,NO,RURAL,1570.0,5.0,521.0,589,635.0,1.6,Low,394.0,7605.0
RDT,DIAG,HEALTH CENTER,May,YES,RURAL,27.0,0.0,39.0,-115,237.0,11.3,Overstock,21.0,7.0
ITN,PREV,HEALTH CENTER,November,NO,URBAN,1027.0,15.0,51.0,-9,128.0,42.7,Overstock,3.0,23.0
SP,SP,HEALTH CENTER,May,YES,RURAL,5.0,0.0,3.0,553,4.0,,Unknown,0.0,1.0
ART-INJ,ART,HEALTH CENTER,May,YES,RURAL,1258.0,832.0,685.0,-230,1675.0,2.8,Low,601.0,1.0
SP,SP,HEALTH CENTER,November,NO,RURAL,17.0,0.0,17.0,-443,4.0,0.2,Critical,17.0,10.0
ITN,PREV,HEALTH CENTER,February,NO,URBAN,5248.0,338.0,1301.0,-723,5377.0,4.6,Adequate,1167.0,2259.0
QUIN,SP,HEALTH CENTER,February,NO,RURAL,898.0,0.0,170.0,-134,814.0,4.6,Adequate,178.0,0.0
ACT-GC,ACT,HEALTH CENTER,August,YES,URBAN,1360.0,11.0,311.0,2,670.0,2.1,Low,315.0,270.0
ART-INJ,ART,HEALTH CENTER,November,NO,RURAL,579.0,158.0,215.0,73,229.0,1.1,Low,205.0,1601.0
ACT-INF,ACT,HEALTH CENTER,November,NO,RURAL,428.0,0.0,23.0,706,108.0,15.4,Overstock,7.0,2.0
ART-INJ,ART,HEALTH CENTER,November,NO,RURAL,411.0,157.0,260.0,-449,463.0,4.4,Adequate,106.0,0.0
ART-SUP,ART,HEALTH CENTER,August,YES,RURAL,2030.0,740.0,534.0,-839,2301.0,3.8,Adequate,600.0,1488.0
ACT-INF,ACT,HEALTH CENTER,November,NO,RURAL,656.0,183.0,204.0,-260,1086.0,4.9,Adequate,221.0,178.0
ART-SUP,ART,HEALTH CENTER,August,YES,RURAL,359.0,127.0,50.0,-552,549.0,21.1,Overstock,26.0,14.0
ACT-GC,ACT,HEALTH CENTER,November,NO,RURAL,4455.0,0.0,1126.0,32,3165.0,2.0,Low,1544.0,4129.0
SP,SP,HEALTH CENTER,November,NO,RURAL,473.0,594.0,547.0,127,513.0,1.3,Low,408.0,58.0
ART-INJ,ART,HEALTH CENTER,May,YES,RURAL,883.0,0.0,115.0,308,85.0,1.0,Critical,82.0,672.0
PYRA-SAC,PYRA,HEALTH CENTER,November,NO,RURAL,1022.0,345.0,1002.0,57,1483.0,1.2,Low,1239.0,405.0
ACT-SC,ACT,HEALTH CENTER,May,YES,RURAL,1522.0,0.0,158.0,-44,484.0,3.4,Adequate,141.0,3343.0
PYRA-COMP,PYRA,HEALTH CENTER,February,NO,URBAN,1921.0,762.0,463.0,-364,1046.0,3.6,Adequate,290.0,1560.0
ACT-INF,ACT,HEALTH CENTER,February,NO,RURAL,3212.0,0.0,254.0,-266,530.0,9.5,Overstock,56.0,988.0
ART-INJ,ART,HEALTH CENTER,August,YES,RURAL,2627.0,0.0,1061.0,-490,1655.0,2.4,Low,689.0,2192.0
QUIN,SP,HEALTH CENTER,August,YES,RURAL,135.0,4.0,126.0,407,147.0,4.3,Adequate,34.0,6.0
PYRA-SAC,PYRA,HEALTH CENTER,February,NO,RURAL,267.0,592.0,32.0,-27,536.0,23.3,Overstock,23.0,0.0
RDT,DIAG,HEALTH CENTER,May,YES,RURAL,742.0,30.0,60.0,401,1426.0,13.8,Overstock,103.0,66.0
ACT-GC,ACT,HEALTH CENTER,May,YES,RURAL,604.0,0.0,38.0,-392,1764.0,196.0,Overstock,9.0,0.0
ACT-INF,ACT,HEALTH CENTER,February,NO,URBAN,891.0,438.0,522.0,-546,312.0,2.6,Low,122.0,0.0
QUIN,SP,HEALTH CENTER,August,YES,RURAL,10.0,1.0,1.0,-498,4.0,,Unknown,0.0,0.0
PYRA-SAC,PYRA,HEALTH CENTER,May,YES,RURAL,3075.0,8.0,887.0,-28,1855.0,5.4,Overstock,341.0,3071.0
ITN,PREV,HEALTH CENTER,November,NO,URBAN,2939.0,278.0,559.0,-103,2366.0,6.7,Overstock,355.0,0.0
PYRA-COMP,PYRA,HEALTH CENTER,August,YES,RURAL,84.0,5.0,59.0,59,22.0,0.6,Critical,38.0,4.0
QUIN,SP,HEALTH CENTER,May,YES,URBAN,1555.0,0.0,248.0,314,1634.0,5.1,Overstock,318.0,0.0
RDT,DIAG,HEALTH CENTER,February,NO,RURAL,7045.0,0.0,1895.0,377,6289.0,4.8,Adequate,1299.0,8863.0
ACT-GC,ACT,HEALTH CENTER,November,NO,URBAN,969.0,0.0,104.0,-252,680.0,4.0,Adequate,170.0,3.0
ART-SUP,ART,HEALTH CENTER,February,NO,RURAL,515.0,448.0,61.0,-41,1744.0,56.3,Overstock,31.0,273.0
ART-SUP,ART,HEALTH CENTER,February,NO,RURAL,536.0,3.0,461.0,-70,771.0,1.6,Low,474.0,149.0
SP,SP,HEALTH CENTER,May,YES,RURAL,1393.0,145.0,225.0,422,882.0,6.6,Overstock,134.0,0.0
ITN,PREV,HEALTH CENTER,November,NO,RURAL,3593.0,1057.0,354.0,-1103,916.0,8.6,Overstock,107.0,2.0
ACT-GC,ACT,HEALTH CENTER,February,NO,URBAN,2583.0,423.0,273.0,-224,3226.0,8.2,Overstock,393.0,246.0
PYRA-COMP,PYRA,HEALTH CENTER,November,NO,RURAL,515.0,241.0,232.0,-162,1190.0,4.0,Adequate,299.0,0.0
ITN,PREV,HEALTH CENTER,May,YES,RURAL,35.0,29.0,0.0,-348,21.0,,Unknown,0.0,0.0
ART-INJ,ART,HEALTH CENTER,February,NO,URBAN,92.0,1030.0,296.0,-25,2331.0,7.0,Overstock,331.0,12.0
RDT,DIAG,HEALTH CENTER,August,YES,RURAL,328.0,12.0,48.0,-67,61.0,4.1,Adequate,15.0,488.0
ACT-INF,ACT,HEALTH CENTER,August,YES,RURAL,2258.0,29.0,331.0,-178,2710.0,11.7,Overstock,231.0,2.0
PYRA-SAC,PYRA,HEALTH CENTER,May,YES,RURAL,4.0,50.0,4.0,376,39.0,,Unknown,0.0,0.0
PYRA-SAC,PYRA,HEALTH CENTER,August,YES,URBAN,894.0,1352.0,203.0,156,1914.0,20.1,Overstock,95.0,0.0
ACT-GC,ACT,HEALTH CENTER,May,YES,RURAL,218.0,0.0,26.0,153,121.0,8.6,Overstock,14.0,0.0
PYRA-SAC,PYRA,HEALTH CENTER,February,NO,URBAN,157.0,26.0,45.0,405,43.0,1.2,Low,36.0,32.0
PYRA-SAC,PYRA,HEALTH CENTER,November,NO,RURAL,727.0,680.0,565.0,-183,790.0,3.7,Adequate,212.0,4102.0
ACT-INF,ACT,HEALTH CENTER,February,NO,RURAL,5232.0,158.0,958.0,-737,3011.0,4.3,Adequate,702.0,423.0
ACT-INF,ACT,HEALTH CENTER,February,NO,RURAL,489.0,7.0,147.0,-642,70.0,1.4,Low,49.0,1698.0
ART-SUP,ART,HEALTH CENTER,May,YES,RURAL,70.0,0.0,32.0,932,101.0,7.2,Overstock,14.0,0.0
PYRA-SAC,PYRA,HEALTH CENTER,November,NO,RURAL,626.0,450.0,187.0,154,294.0,1.5,Low,195.0,68.0
ACT-INF,ACT,HEALTH CENTER,November,NO,RURAL,1428.0,0.0,393.0,633,190.0,0.9,Critical,207.0,1438.0
ART-INJ,ART,HEALTH CENTER,May,YES,RURAL,1027.0,556.0,58.0,462,690.0,12.8,Overstock,54.0,18.0
RDT,DIAG,HEALTH CENTER,May,YES,RURAL,522.0,250.0,315.0,-206,468.0,1.9,Low,248.0,164.0
ACT-SC,ACT,HEALTH CENTER,May,YES,URBAN,347.0,11.0,10.0,-286,309.0,154.5,Overstock,2.0,0.0
ART-SUP,ART,HEALTH CENTER,February,NO,RURAL,273.0,88.0,222.0,-110,283.0,2.3,Low,124.0,786.0
ACT-SC,ACT,HEALTH CENTER,November,NO,RURAL,1671.0,46.0,606.0,193,401.0,0.4,Critical,1129.0,416.0
ART-INJ,ART,HEALTH CENTER,August,YES,URBAN,56.0,0.0,51.0,-70,49.0,2.9,Low,17.0,2.0
PYRA-SAC,PYRA,HEALTH CENTER,February,NO,RURAL,350.0,0.0,60.0,76,404.0,57.7,Overstock,7.0,0.0
ACT-SC,ACT,HEALTH CENTER,August,YES,URBAN,1490.0,0.0,248.0,249,231.0,1.1,Low,218.0,170.0
ART-INJ,ART,HEALTH CENTER,November,NO,RURAL,2450.0,13.0,420.0,486,2025.0,22.8,Overstock,89.0,0.0
PYRA-SAC,PYRA,HEALTH CENTER,August,YES,RURAL,573.0,872.0,265.0,-462,562.0,1.1,Low,503.0,4216.0
ACT-GC,ACT,HEALTH CENTER,February,NO,RURAL,322.0,239.0,87.0,-24,1129.0,18.8,Overstock,60.0,0.0
ART-SUP,ART,HEALTH CENTER,August,YES,URBAN,4.0,0.0,3.0,-360,3.0,3.0,Adequate,1.0,140.0
ART-INJ,ART,HEALTH CENTER,February,NO,URBAN,181.0,53.0,121.0,-621,76.0,0.7,Critical,114.0,1531.0
ART-INJ,ART,HEALTH CENTER,August,YES,URBAN,1040.0,1.0,142.0,27,1280.0,4.3,Adequate,301.0,44.0
ACT-SC,ACT,HEALTH CENTER,November,NO,URBAN,988.0,0.0,146.0,124,326.0,4.7,Adequate,69.0,0.0
ITN,PREV,HEALTH CENTER,February,NO,URBAN,787.0,0.0,418.0,466,855.0,2.2,Low,383.0,980.0
PYRA-SAC,PYRA,HEALTH CENTER,August,YES,RURAL,69.0,39.0,62.0,97,18.0,2.2,Low,8.0,65.0
ART-INJ,ART,HEALTH CENTER,August,YES,RURAL,2066.0,18.0,400.0,541,2187.0,4.6,Adequate,475.0,517.0
SP,SP,HEALTH CENTER,August,YES,RURAL,1334.0,112.0,130.0,747,850.0,6.0,Overstock,142.0,0.0
PYRA-SAC,PYRA,HEALTH CENTER,August,YES,URBAN,68.0,22.0,105.0,362,68.0,11.3,Overstock,6.0,73.0
PYRA-SAC,PYRA,HEALTH CENTER,August,YES,URBAN,70.0,1.0,102.0,34,3.0,0.1,Critical,39.0,2610.0
ART-INJ,ART,HEALTH CENTER,February,NO,RURAL,142.0,1.0,16.0,73,15.0,1.0,Critical,15.0,604.0
SP,SP,HOSPITAL,May,YES,URBAN,337.0,1.0,483.0,-960,126.0,0.2,Critical,549.0,4161.0
ACT-GC,ACT,HEALTH CENTER,February,NO,RURAL,2110.0,4.0,852.0,-101,1633.0,1.3,Low,1235.0,10948.0
ART-INJ,ART,HEALTH CENTER,August,YES,URBAN,634.0,131.0,301.0,88,1371.0,4.4,Adequate,310.0,3.0
ITN,PREV,HEALTH CENTER,February,NO,URBAN,894.0,23.0,215.0,-677,774.0,2.5,Low,315.0,2511.0
ART-SUP,ART,HEALTH CENTER,August,YES,RURAL,165.0,0.0,71.0,-589,4.0,0.0,Stockout,112.0,246.0
ACT-GC,ACT,HEALTH CENTER,May,YES,RURAL,265.0,10.0,26.0,-333,83.0,2.8,Low,30.0,0.0
ACT-AD,ACT,HEALTH CENTER,November,NO,URBAN,52.0,364.0,71.0,-75,91.0,0.5,Critical,179.0,284.0
ACT-GC,ACT,HEALTH CENTER,February,NO,RURAL,550.0,70.0,9.0,282,167.0,167.0,Overstock,1.0,0.0
ACT-SC,ACT,HEALTH CENTER,November,NO,RURAL,458.0,13.0,458.0,-10,796.0,1.7,Low,478.0,1366.0
ACT-INF,ACT,HEALTH CENTER,May,YES,RURAL,898.0,112.0,527.0,499,732.0,2.9,Low,252.0,3376.0
ACT-AD,ACT,HEALTH CENTER,February,NO,URBAN,358.0,5.0,8.0,991,456.0,456.0,Overstock,1.0,0.0
QUIN,SP,HEALTH CENTER,February,NO,URBAN,2144.0,0.0,415.0,27,1823.0,1.8,Low,1029.0,230.0
QUIN,SP,HEALTH CENTER,February,NO,RURAL,563.0,21.0,217.0,-57,1369.0,5.6,Overstock,244.0,1015.0
ACT-GC,ACT,HEALTH CENTER,August,YES,URBAN,2117.0,679.0,242.0,-110,2847.0,11.0,Overstock,258.0,0.0
QUIN,SP,HEALTH CENTER,August,YES,RURAL,48.0,377.0,251.0,-149,835.0,1.9,Low,442.0,674.0
ACT-SC,ACT,HEALTH CENTER,November,NO,RURAL,1536.0,0.0,231.0,-91,430.0,5.1,Overstock,85.0,3.0
RDT,DIAG,HEALTH CENTER,May,YES,RURAL,181.0,0.0,45.0,-14,57.0,2.1,Low,27.0,79.0
SP,SP,HEALTH CENTER,August,YES,RURAL,1673.0,213.0,219.0,-489,2366.0,12.5,Overstock,190.0,8.0
PYRA-SAC,PYRA,HEALTH CENTER,August,YES,URBAN,160.0,16.0,154.0,744,119.0,5.2,Overstock,23.0,125.0
PYRA-COMP,PYRA,HEALTH CENTER,August,YES,RURAL,42.0,10.0,38.0,714,282.0,141.0,Overstock,2.0,8.0
RDT,DIAG,HOSPITAL,May,YES,URBAN,171.0,149.0,171.0,-163,277.0,1.4,Low,200.0,7165.0
PYRA-COMP,PYRA,HEALTH CENTER,May,YES,URBAN,102.0,475.0,169.0,-131,280.0,1.4,Low,201.0,26.0
ART-INJ,ART,HEALTH CENTER,November,NO,RURAL,1107.0,238.0,170.0,-202,1329.0,10.5,Overstock,127.0,154.0
ACT-GC,ACT,HEALTH CENTER,November,NO,URBAN,184.0,0.0,53.0,-492,104.0,3.9,Adequate,27.0,170.0
SP,SP,HEALTH CENTER,August,YES,RURAL,5359.0,62.0,605.0,-606,2096.0,6.5,Overstock,324.0,968.0
ART-INJ,ART,HEALTH CENTER,November,NO,RURAL,385.0,462.0,351.0,-291,507.0,0.7,Critical,714.0,1434.0
ACT-GC,ACT,HEALTH CENTER,August,YES,URBAN,1319.0,14.0,292.0,867,1285.0,4.1,Adequate,313.0,1.0
PYRA-SAC,PYRA,HEALTH CENTER,May,YES,RURAL,967.0,2.0,468.0,-620,848.0,7.0,Overstock,121.0,213.0
ACT-AD,ACT,HEALTH CENTER,May,YES,URBAN,174.0,140.0,162.0,-284,31.0,0.4,Critical,83.0,3667.0
ACT-SC,ACT,HEALTH CENTER,November,NO,RURAL,25.0,25.0,43.0,385,58.0,2.2,Low,26.0,120.0
QUIN,SP,HEALTH CENTER,August,YES,RURAL,876.0,642.0,430.0,662,1276.0,2.3,Low,555.0,195.0
ACT-GC,ACT,HEALTH CENTER,August,YES,RURAL,228.0,0.0,504.0,373,57.0,0.3,Critical,177.0,202.0
ACT-INF,ACT,HEALTH CENTER,February,NO,URBAN,17.0,0.0,34.0,-370,2.0,0.1,Critical,37.0,3430.0
ACT-GC,ACT,HEALTH CENTER,November,NO,RURAL,752.0,52.0,123.0,-363,1401.0,11.1,Overstock,126.0,0.0
ITN,PREV,HEALTH CENTER,August,YES,URBAN,1781.0,69.0,1348.0,-813,2478.0,1.5,Low,1615.0,779.0
ART-INJ,ART,HEALTH CENTER,August,YES,RURAL,393.0,55.0,114.0,119,406.0,1.2,Low,345.0,557.0
QUIN,SP,HEALTH CENTER,May,YES,URBAN,732.0,1.0,257.0,-170,630.0,7.3,Overstock,86.0,32.0
ITN,PREV,HEALTH CENTER,May,YES,RURAL,141.0,19.0,171.0,213,348.0,3.4,Adequate,102.0,477.0
ACT-AD,ACT,HEALTH CENTER,November,NO,RURAL,136.0,647.0,207.0,-364,161.0,3.2,Adequate,50.0,3244.0
PYRA-COMP,PYRA,HEALTH CENTER,May,YES,RURAL,60.0,0.0,117.0,506,170.0,0.9,Critical,197.0,77.0
ACT-INF,ACT,HEALTH CENTER,May,YES,RURAL,589.0,88.0,281.0,-272,422.0,1.6,Low,257.0,4.0
ACT-GC,ACT,HOSPITAL,August,YES,URBAN,146.0,1.0,4.0,493,13.0,13.0,Overstock,1.0,0.0
ACT-INF,ACT,HEALTH CENTER,May,YES,URBAN,457.0,30.0,75.0,-163,375.0,18.8,Overstock,20.0,62.0
ITN,PREV,HEALTH CENTER,February,NO,URBAN,3859.0,100.0,231.0,-589,2478.0,11.7,Overstock,211.0,0.0
ART-INJ,ART,HEALTH CENTER,February,NO,RURAL,5520.0,391.0,1820.0,326,5456.0,2.4,Low,2231.0,8136.0
ACT-SC,ACT,HOSPITAL,November,NO,URBAN,603.0,0.0,116.0,-320,285.0,2.5,Low,115.0,2034.0
PYRA-SAC,PYRA,HEALTH CENTER,August,YES,RURAL,191.0,12.0,130.0,776,66.0,0.5,Critical,142.0,2048.0
ART-INJ,ART,HEALTH CENTER,February,NO,URBAN,1561.0,117.0,33.0,322,1785.0,595.0,Overstock,3.0,10.0
RDT,DIAG,HEALTH CENTER,May,YES,RURAL,160.0,0.0,14.0,-186,60.0,30.0,Overstock,2.0,0.0
PYRA-COMP,PYRA,HEALTH CENTER,August,YES,RURAL,935.0,33.0,120.0,85,248.0,8.3,Overstock,30.0,0.0
ITN,PREV,HEALTH CENTER,May,YES,URBAN,15.0,1.0,131.0,98,533.0,7.5,Overstock,71.0,4.0
ART-SUP,ART,HEALTH CENTER,February,NO,RURAL,795.0,34.0,107.0,-173,1193.0,74.6,Overstock,16.0,69.0
ACT-INF,ACT,HOSPITAL,August,YES,RURAL,1374.0,2.0,438.0,298,911.0,4.6,Adequate,196.0,26.0
PYRA-SAC,PYRA,HEALTH CENTER,November,NO,RURAL,919.0,2.0,122.0,88,242.0,6.5,Overstock,37.0,0.0
ACT-SC,ACT,HEALTH CENTER,November,NO,RURAL,195.0,0.0,14.0,353,51.0,5.1,Overstock,10.0,0.0
ART-INJ,ART,HEALTH CENTER,May,YES,RURAL,65.0,3.0,4.0,-477,61.0,8.7,Overstock,7.0,1401.0
ACT-AD,ACT,HEALTH CENTER,February,NO,RURAL,247.0,9.0,27.0,-404,62.0,1.3,Low,48.0,20.0
ART-INJ,ART,HEALTH CENTER,February,NO,RURAL,2298.0,246.0,472.0,-163,1074.0,3.8,Adequate,281.0,741.0
QUIN,SP,HEALTH CENTER,November,NO,RURAL,148.0,5.0,208.0,-334,171.0,2.9,Low,59.0,0.0
ITN,PREV,HEALTH CENTER,November,NO,RURAL,5901.0,21.0,169.0,303,4323.0,36.9,Overstock,117.0,0.0
ITN,PREV,HEALTH CENTER,August,YES,RURAL,7.0,106.0,10.0,-308,27.0,27.0,Overstock,1.0,0.0
PYRA-SAC,PYRA,HOSPITAL,February,NO,RURAL,3879.0,56.0,726.0,414,2627.0,4.0,Adequate,654.0,2293.0
ART-INJ,ART,HEALTH CENTER,February,NO,RURAL,2895.0,11.0,437.0,-247,1364.0,6.5,Overstock,211.0,68.0
ACT-AD,ACT,HOSPITAL,May,YES,RURAL,761.0,716.0,265.0,693,1309.0,8.6,Overstock,152.0,1.0
ART-INJ,ART,HEALTH CENTER,February,NO,RURAL,514.0,107.0,83.0,784,977.0,14.6,Overstock,67.0,1152.0
ACT-INF,ACT,HOSPITAL,August,YES,RURAL,1392.0,0.0,154.0,-510,2266.0,31.0,Overstock,73.0,38.0
PYRA-COMP,PYRA,HEALTH CENTER,May,YES,RURAL,2552.0,1396.0,418.0,45,1596.0,5.1,Overstock,312.0,124.0
RDT,DIAG,HEALTH CENTER,August,YES,URBAN,552.0,0.0,132.0,-80,78.0,0.5,Critical,152.0,315.0
RDT,DIAG,HEALTH CENTER,February,NO,RURAL,722.0,1246.0,259.0,8,2403.0,40.0,Overstock,60.0,14.0
RDT,DIAG,HEALTH CENTER,May,YES,URBAN,1229.0,0.0,386.0,5,713.0,6.7,Overstock,107.0,12.0
ACT-SC,ACT,HOSPITAL,February,NO,RURAL,832.0,0.0,34.0,-440,356.0,22.2,Overstock,16.0,0.0
ART-INJ,ART,HEALTH CENTER,August,YES,RURAL,1450.0,1824.0,752.0,35,2425.0,2.0,Low,1238.0,196.0
ACT-AD,ACT,HEALTH CENTER,May,YES,URBAN,180.0,53.0,74.0,-229,181.0,4.0,Adequate,45.0,1703.0
RDT,DIAG,HEALTH CENTER,November,NO,RURAL,237.0,304.0,513.0,-403,320.0,1.0,Critical,336.0,2158.0
ACT-AD,ACT,HEALTH CENTER,May,YES,RURAL,1178.0,507.0,424.0,-612,5147.0,17.4,Overstock,296.0,14.0
PYRA-COMP,PYRA,HEALTH CENTER,August,YES,RURAL,291.0,143.0,221.0,-1145,2866.0,7.2,Overstock,398.0,14766.0
PYRA-SAC,PYRA,HEALTH CENTER,August,YES,URBAN,1451.0,252.0,597.0,-601,1342.0,11.6,Overstock,116.0,22.0
QUIN,SP,HEALTH CENTER,February,NO,URBAN,1616.0,1239.0,198.0,-428,893.0,5.5,Overstock,162.0,70.0
ACT-AD,ACT,HEALTH CENTER,August,YES,URBAN,781.0,1.0,280.0,-164,892.0,3.6,Adequate,248.0,0.0
QUIN,SP,HEALTH CENTER,February,NO,RURAL,358.0,569.0,493.0,269,908.0,3.1,Adequate,294.0,80.0
QUIN,SP,HEALTH CENTER,May,YES,URBAN,1397.0,11.0,812.0,27,1151.0,2.2,Low,522.0,3.0
ITN,PREV,HEALTH CENTER,August,YES,URBAN,119.0,570.0,44.0,-165,42.0,0.9,Critical,48.0,0.0
ACT-AD,ACT,HEALTH CENTER,May,YES,RURAL,960.0,0.0,74.0,-52,826.0,59.0,Overstock,14.0,0.0
ART-SUP,ART,HEALTH CENTER,May,YES,URBAN,833.0,492.0,234.0,-327,1342.0,7.7,Overstock,174.0,90.0
SP,SP,HEALTH CENTER,November,NO,RURAL,925.0,362.0,155.0,262,599.0,8.1,Overstock,74.0,41.0
RDT,DIAG,HOSPITAL,May,YES,URBAN,7.0,0.0,20.0,389,2.0,0.7,Critical,3.0,809.0
ACT-AD,ACT,HEALTH CENTER,August,YES,RURAL,229.0,110.0,239.0,-149,260.0,2.3,Low,113.0,1029.0
PYRA-SAC,PYRA,HEALTH CENTER,November,NO,URBAN,2622.0,68.0,338.0,-226,601.0,1.0,Critical,615.0,17.0
ACT-INF,ACT,HEALTH CENTER,February,NO,RURAL,8.0,4.0,6.0,217,103.0,,Unknown,0.0,74.0
ART-INJ,ART,HEALTH CENTER,February,NO,URBAN,4660.0,334.0,569.0,-516,2945.0,5.6,Overstock,525.0,362.0
ITN,PREV,HEALTH CENTER,February,NO,RURAL,2302.0,110.0,539.0,-82,1506.0,2.2,Low,685.0,120.0
ACT-SC,ACT,HEALTH CENTER,May,YES,RURAL,3252.0,2.0,374.0,-55,1781.0,11.7,Overstock,152.0,0.0
PYRA-COMP,PYRA,HEALTH CENTER,May,YES,RURAL,19998.0,113.0,4337.0,-429,15912.0,3.8,Adequate,4224.0,4292.0
ITN,PREV,HEALTH CENTER,August,YES,RURAL,1301.0,3504.0,831.0,242,4609.0,5.3,Overstock,870.0,5.0
ART-INJ,ART,HEALTH CENTER,August,YES,URBAN,3003.0,901.0,1020.0,-353,4292.0,8.8,Overstock,485.0,0.0
ACT-GC,ACT,HEALTH CENTER,November,NO,URBAN,6918.0,3.0,1014.0,-366,3221.0,3.6,Adequate,889.0,3690.0
QUIN,SP,HEALTH CENTER,May,YES,RURAL,115.0,0.0,67.0,13,362.0,9.3,Overstock,39.0,28.0
ART-SUP,ART,HEALTH CENTER,February,NO,RURAL,543.0,444.0,809.0,-304,1642.0,2.4,Low,693.0,412.0
ART-SUP,ART,HEALTH CENTER,August,YES,URBAN,34.0,297.0,15.0,-958,54.0,0.8,Critical,65.0,60.0
SP,SP,HOSPITAL,February,NO,RURAL,3310.0,21.0,210.0,-242,1526.0,13.2,Overstock,116.0,12.0
ART-INJ,ART,HEALTH CENTER,November,NO,URBAN,967.0,0.0,111.0,-121,283.0,3.0,Adequate,93.0,1400.0
QUIN,SP,HEALTH CENTER,August,YES,URBAN,4759.0,1599.0,1561.0,260,9511.0,7.3,Overstock,1298.0,2271.0
ACT-AD,ACT,HEALTH CENTER,November,NO,RURAL,1943.0,205.0,156.0,-354,703.0,8.4,Overstock,84.0,0.0
ACT-SC,ACT,HOSPITAL,August,YES,RURAL,1513.0,11.0,168.0,-57,686.0,6.3,Overstock,109.0,0.0
ART-SUP,ART,HEALTH CENTER,August,YES,RURAL,2595.0,7.0,821.0,443,2403.0,1.9,Low,1280.0,6385.0
ART-INJ,ART,HEALTH CENTER,November,NO,URBAN,6.0,0.0,3.0,-484,11.0,1.1,Low,10.0,0.0
ACT-GC,ACT,HEALTH CENTER,August,YES,URBAN,59.0,126.0,91.0,282,673.0,44.9,Overstock,15.0,47.0
ART-INJ,ART,HEALTH CENTER,November,NO,RURAL,2171.0,100.0,579.0,30,3135.0,5.5,Overstock,571.0,0.0
ACT-GC,ACT,HEALTH CENTER,May,YES,RURAL,2424.0,452.0,661.0,144,3679.0,11.2,Overstock,329.0,2.0
ART-INJ,ART,HEALTH CENTER,May,YES,RURAL,870.0,0.0,51.0,-531,506.0,42.2,Overstock,12.0,295.0
ACT-INF,ACT,HEALTH CENTER,February,NO,RURAL,211.0,0.0,148.0,139,637.0,15.2,Overstock,42.0,0.0
ITN,PREV,HEALTH CENTER,May,YES,URBAN,20.0,1398.0,152.0,-115,199.0,13.3,Overstock,15.0,1.0
ACT-INF,ACT,HEALTH CENTER,November,NO,RURAL,540.0,0.0,41.0,-694,175.0,3.1,Adequate,56.0,216.0
ACT-SC,ACT,HEALTH CENTER,November,NO,RURAL,65.0,27.0,87.0,170,325.0,6.0,Overstock,54.0,1138.0
ART-INJ,ART,HEALTH CENTER,February,NO,URBAN,415.0,0.0,5.0,-116,124.0,,Unknown,0.0,3.0
ACT-SC,ACT,HEALTH CENTER,May,YES,RURAL,489.0,0.0,170.0,322,762.0,2.5,Low,310.0,265.0
PYRA-SAC,PYRA,HEALTH CENTER,February,NO,RURAL,4770.0,20.0,606.0,409,1789.0,4.9,Adequate,366.0,0.0
RDT,DIAG,HEALTH CENTER,May,YES,URBAN,146.0,0.0,89.0,65,39.0,0.5,Critical,86.0,5064.0
ACT-GC,ACT,HEALTH CENTER,August,YES,RURAL,271.0,21.0,107.0,-398,221.0,3.4,Adequate,65.0,8.0
RDT,DIAG,HEALTH CENTER,August,YES,RURAL,3279.0,0.0,653.0,427,1718.0,6.1,Overstock,282.0,932.0
ACT-SC,ACT,HEALTH CENTER,May,YES,RURAL,1309.0,3.0,659.0,-584,1245.0,1.9,Low,651.0,1389.0
ART-SUP,ART,HEALTH CENTER,November,NO,RURAL,1398.0,38.0,746.0,-677,735.0,1.2,Low,632.0,3211.0
ART-INJ,ART,HEALTH CENTER,November,NO,URBAN,862.0,1.0,26.0,-213,278.0,6.8,Overstock,41.0,40.0
SP,SP,HEALTH CENTER,August,YES,RURAL,958.0,259.0,637.0,-103,1292.0,2.9,Low,445.0,7.0
ITN,PREV,HEALTH CENTER,February,NO,RURAL,828.0,36.0,232.0,539,706.0,6.5,Overstock,108.0,10862.0
ITN,PREV,HEALTH CENTER,February,NO,RURAL,351.0,5.0,71.0,-914,109.0,0.5,Critical,207.0,25.0
ART-INJ,ART,HEALTH CENTER,May,YES,URBAN,279.0,0.0,145.0,99,58.0,0.3,Critical,173.0,0.0
ART-SUP,ART,HEALTH CENTER,May,YES,RURAL,946.0,10.0,142.0,-406,412.0,3.0,Adequate,139.0,0.0
PYRA-SAC,PYRA,HEALTH CENTER,August,YES,RURAL,30.0,71.0,88.0,-672,5.0,0.1,Critical,65.0,40.0
PYRA-SAC,PYRA,HEALTH CENTER,May,YES,RURAL,2456.0,72.0,186.0,-154,1947.0,6.0,Overstock,325.0,492.0
ACT-INF,ACT,HEALTH CENTER,May,YES,URBAN,742.0,0.0,74.0,426,354.0,10.7,Overstock,33.0,1.0
ACT-SC,ACT,HEALTH CENTER,February,NO,RURAL,161.0,94.0,35.0,-530,513.0,171.0,Overstock,3.0,0.0
ITN,PREV,HEALTH CENTER,August,YES,URBAN,823.0,494.0,489.0,-93,1791.0,6.9,Overstock,261.0,31.0
ACT-AD,ACT,HEALTH CENTER,November,NO,RURAL,1802.0,373.0,292.0,-115,1109.0,11.1,Overstock,100.0,112.0
PYRA-SAC,PYRA,HEALTH CENTER,February,NO,RURAL,1647.0,863.0,919.0,283,4086.0,3.9,Adequate,1043.0,4617.0
ACT-INF,ACT,HEALTH CENTER,February,NO,RURAL,583.0,6.0,198.0,119,1627.0,27.6,Overstock,59.0,0.0
ART-SUP,ART,HEALTH CENTER,August,YES,RURAL,898.0,10.0,74.0,-9,1015.0,7.0,Overstock,146.0,57.0
QUIN,SP,HEALTH CENTER,November,NO,RURAL,10.0,62.0,19.0,-330,110.0,36.7,Overstock,3.0,0.0
QUIN,SP,HEALTH CENTER,May,YES,RURAL,112.0,3.0,98.0,206,493.0,10.1,Overstock,49.0,7.0
QUIN,SP,HEALTH CENTER,August,YES,URBAN,737.0,16.0,69.0,160,218.0,5.6,Overstock,39.0,0.0
ART-INJ,ART,HEALTH CENTER,November,NO,RURAL,226.0,0.0,129.0,587,618.0,21.3,Overstock,29.0,0.0
ART-INJ,ART,HEALTH CENTER,August,YES,RURAL,2448.0,241.0,674.0,244,2095.0,6.0,Overstock,351.0,258.0
ACT-SC,ACT,HEALTH CENTER,February,NO,RURAL,2911.0,0.0,1988.0,-639,3154.0,2.0,Low,1549.0,8984.0
ACT-SC,ACT,HOSPITAL,May,YES,URBAN,397.0,18.0,136.0,443,330.0,2.5,Low,134.0,36.0
ART-INJ,ART,HEALTH CENTER,May,YES,URBAN,3990.0,0.0,743.0,555,2409.0,4.6,Adequate,521.0,8.0
ITN,PREV,HEALTH CENTER,November,NO,RURAL,1141.0,0.0,220.0,-533,1140.0,9.7,Overstock,117.0,205.0
PYRA-COMP,PYRA,HEALTH CENTER,May,YES,RURAL,4548.0,48.0,589.0,244,4269.0,3.9,Adequate,1097.0,163.0
ART-SUP,ART,HEALTH CENTER,November,NO,RURAL,1362.0,0.0,14.0,285,459.0,20.0,Overstock,23.0,6.0
PYRA-COMP,PYRA,HEALTH CENTER,August,YES,RURAL,29.0,807.0,264.0,425,142.0,0.5,Critical,269.0,3226.0
ACT-AD,ACT,HEALTH CENTER,August,YES,RURAL,84.0,0.0,3.0,310,36.0,,Unknown,0.0,12.0
ACT-SC,ACT,HEALTH CENTER,November,NO,RURAL,158.0,0.0,6.0,622,82.0,82.0,Overstock,1.0,0.0
RDT,DIAG,HEALTH CENTER,August,YES,URBAN,3225.0,23.0,639.0,-473,3546.0,6.0,Overstock,593.0,393.0
ART-SUP,ART,HEALTH CENTER,August,YES,URBAN,693.0,0.0,67.0,-155,132.0,26.4,Overstock,5.0,17.0
PYRA-SAC,PYRA,HEALTH CENTER,November,NO,URBAN,985.0,627.0,324.0,-398,1320.0,14.0,Overstock,94.0,615.0
QUIN,SP,HOSPITAL,August,YES,RURAL,1333.0,12.0,198.0,-281,177.0,1.8,Low,99.0,0.0
PYRA-COMP,PYRA,HEALTH CENTER,November,NO,URBAN,855.0,1.0,72.0,426,563.0,43.3,Overstock,13.0,9.0
RDT,DIAG,HEALTH CENTER,May,YES,RURAL,277.0,7.0,45.0,-988,361.0,45.1,Overstock,8.0,0.0
ITN,PREV,HEALTH CENTER,May,YES,RURAL,2309.0,2.0,595.0,-341,469.0,0.4,Critical,1144.0,7826.0
ACT-AD,ACT,HEALTH CENTER,February,NO,RURAL,1460.0,681.0,248.0,835,676.0,1.3,Low,505.0,997.0
PYRA-SAC,PYRA,HEALTH CENTER,November,NO,RURAL,3685.0,56.0,219.0,-345,2000.0,5.8,Overstock,346.0,687.0
PYRA-COMP,PYRA,HEALTH CENTER,August,YES,URBAN,1378.0,0.0,237.0,-284,776.0,2.3,Low,331.0,83.0
ACT-SC,ACT,HEALTH CENTER,August,YES,RURAL,863.0,6.0,221.0,406,63.0,0.6,Critical,102.0,181.0
RDT,DIAG,HEALTH CENTER,February,NO,RURAL,1123.0,10.0,212.0,432,969.0,7.4,Overstock,131.0,216.0
ART-SUP,ART,HEALTH CENTER,May,YES,URBAN,78.0,383.0,118.0,-181,414.0,2.5,Low,166.0,7.0
ITN,PREV,HEALTH CENTER,November,NO,URBAN,301.0,0.0,30.0,290,451.0,17.3,Overstock,26.0,0.0
RDT,DIAG,HEALTH CENTER,August,YES,RURAL,1136.0,265.0,145.0,468,2365.0,6.0,Overstock,394.0,17.0
PYRA-COMP,PYRA,HEALTH CENTER,May,YES,URBAN,4732.0,613.0,1558.0,334,3330.0,2.2,Low,1502.0,53.0
ART-SUP,ART,HOSPITAL,November,NO,RURAL,1347.0,1009.0,742.0,-229,1069.0,1.7,Low,641.0,466.0
ART-SUP,ART,HEALTH CENTER,February,NO,URBAN,1708.0,10.0,252.0,235,689.0,4.9,Adequate,142.0,14.0
ART-INJ,ART,HEALTH CENTER,February,NO,RURAL,23.0,0.0,3.0,1125,3.0,3.0,Adequate,1.0,126.0
ACT-SC,ACT,HEALTH CENTER,November,NO,RURAL,11.0,9.0,99.0,-532,334.0,10.1,Overstock,33.0,1.0
RDT,DIAG,HEALTH CENTER,May,YES,RURAL,1831.0,13.0,208.0,-1246,1419.0,9.8,Overstock,145.0,0.0
RDT,DIAG,HOSPITAL,May,YES,RURAL,1082.0,171.0,548.0,-473,1689.0,7.3,Overstock,231.0,214.0
ART-SUP,ART,HEALTH CENTER,August,YES,RURAL,1779.0,136.0,453.0,45,718.0,5.1,Overstock,142.0,1262.0
ACT-AD,ACT,HEALTH CENTER,February,NO,RURAL,58.0,28.0,196.0,583,283.0,6.7,Overstock,42.0,0.0
ART-INJ,ART,HEALTH CENTER,May,YES,RURAL,1941.0,8.0,335.0,-201,392.0,0.5,Critical,785.0,6278.0
ACT-GC,ACT,HEALTH CENTER,November,NO,RURAL,289.0,11.0,30.0,923,30.0,10.0,Overstock,3.0,175.0
ACT-SC,ACT,HOSPITAL,February,NO,URBAN,659.0,28.0,57.0,488,2426.0,17.7,Overstock,137.0,5.0
ART-INJ,ART,HEALTH CENTER,May,YES,RURAL,1124.0,58.0,73.0,218,373.0,4.3,Adequate,87.0,30.0
ACT-INF,ACT,HEALTH CENTER,May,YES,RURAL,979.0,216.0,272.0,-370,1037.0,3.7,Adequate,277.0,15.0
PYRA-SAC,PYRA,HEALTH CENTER,May,YES,RURAL,611.0,248.0,340.0,-870,2464.0,35.2,Overstock,70.0,0.0
ITN,PREV,HEALTH CENTER,August,YES,URBAN,1294.0,313.0,522.0,-425,2037.0,3.0,Adequate,673.0,826.0
PYRA-COMP,PYRA,HEALTH CENTER,November,NO,URBAN,75.0,38.0,130.0,-224,172.0,1.5,Low,113.0,3.0
ITN,PREV,HEALTH CENTER,February,NO,URBAN,1909.0,0.0,269.0,272,922.0,4.6,Adequate,201.0,10.0
ART-INJ,ART,HEALTH CENTER,May,YES,RURAL,425.0,45.0,287.0,-181,675.0,4.8,Adequate,140.0,0.0
QUIN,SP,HEALTH CENTER,February,NO,RURAL,173.0,0.0,243.0,225,1058.0,3.7,Adequate,286.0,16.0
ACT-AD,ACT,HEALTH CENTER,November,NO,RURAL,3428.0,970.0,864.0,-85,2762.0,5.8,Overstock,477.0,973.0
SP,SP,HEALTH CENTER,May,YES,RURAL,763.0,9.0,243.0,-191,885.0,3.6,Adequate,248.0,444.0
ART-INJ,ART,HEALTH CENTER,August,YES,URBAN,3.0,12.0,9.0,-667,66.0,7.3,Overstock,9.0,0.0
ACT-GC,ACT,HEALTH CENTER,February,NO,RURAL,807.0,21.0,147.0,-581,684.0,21.4,Overstock,32.0,0.0
SP,SP,HEALTH CENTER,May,YES,RURAL,364.0,66.0,160.0,-355,329.0,2.0,Low,167.0,84.0
ITN,PREV,HEALTH CENTER,August,YES,RURAL,1898.0,610.0,633.0,894,740.0,1.1,Low,700.0,293.0
PYRA-COMP,PYRA,HEALTH CENTER,August,YES,URBAN,252.0,1.0,57.0,-202,226.0,113.0,Overstock,2.0,486.0
ACT-SC,ACT,HEALTH CENTER,February,NO,RURAL,1932.0,1.0,887.0,-501,4312.0,4.8,Adequate,898.0,802.0
ITN,PREV,HEALTH CENTER,August,YES,RURAL,709.0,9.0,202.0,-405,953.0,3.9,Adequate,245.0,316.0
ACT-AD,ACT,HEALTH CENTER,February,NO,URBAN,492.0,6.0,26.0,-259,341.0,5.5,Overstock,62.0,1233.0
ART-SUP,ART,HEALTH CENTER,February,NO,RURAL,368.0,0.0,109.0,653,682.0,52.5,Overstock,13.0,34.0
QUIN,SP,HEALTH CENTER,May,YES,RURAL,1378.0,24.0,397.0,-135,1862.0,5.3,Overstock,351.0,0.0
ACT-AD,ACT,HEALTH CENTER,August,YES,RURAL,142.0,1.0,432.0,616,80.0,0.3,Critical,292.0,291.0
ACT-SC,ACT,HEALTH CENTER,May,YES,RURAL,1760.0,0.0,146.0,208,71.0,0.8,Critical,86.0,34.0
ACT-AD,ACT,HEALTH CENTER,August,YES,RURAL,74.0,74.0,77.0,-581,855.0,23.1,Overstock,37.0,75.0
ART-SUP,ART,HOSPITAL,May,YES,RURAL,1138.0,8.0,207.0,-200,638.0,6.2,Overstock,103.0,33.0
ART-SUP,ART,HOSPITAL,May,YES,RURAL,209.0,0.0,54.0,-321,321.0,9.4,Overstock,34.0,283.0
ART-SUP,ART,HEALTH CENTER,August,YES,RURAL,1439.0,32.0,447.0,197,964.0,2.6,Low,368.0,5101.0
ART-SUP,ART,HEALTH CENTER,February,NO,RURAL,633.0,2.0,149.0,26,270.0,4.4,Adequate,61.0,0.0
QUIN,SP,HEALTH CENTER,August,YES,RURAL,1223.0,0.0,436.0,174,431.0,1.1,Low,382.0,2078.0
ACT-GC,ACT,HEALTH CENTER,February,NO,RURAL,1787.0,0.0,1168.0,-301,576.0,0.5,Critical,1057.0,5227.0
QUIN,SP,HOSPITAL,February,NO,URBAN,4848.0,0.0,563.0,-665,3628.0,13.8,Overstock,262.0,0.0
ACT-AD,ACT,HEALTH CENTER,August,YES,RURAL,230.0,4.0,21.0,-154,364.0,20.2,Overstock,18.0,361.0
ACT-AD,ACT,HEALTH CENTER,May,YES,URBAN,95.0,2.0,8.0,187,172.0,86.0,Overstock,2.0,1.0
ACT-SC,ACT,HEALTH CENTER,May,YES,RURAL,382.0,311.0,92.0,-67,466.0,12.9,Overstock,36.0,5.0
RDT,DIAG,HEALTH CENTER,February,NO,RURAL,2834.0,9.0,477.0,206,1263.0,10.0,Overstock,126.0,2359.0
ACT-AD,ACT,HEALTH CENTER,May,YES,RURAL,467.0,4.0,106.0,-402,547.0,24.9,Overstock,22.0,18.0
ACT-GC,ACT,HEALTH CENTER,February,NO,RURAL,86.0,2152.0,484.0,-34,931.0,2.4,Low,380.0,5230.0
ACT-AD,ACT,HEALTH CENTER,February,NO,URBAN,809.0,0.0,120.0,117,616.0,8.2,Overstock,75.0,79.0
ART-INJ,ART,HEALTH CENTER,May,YES,URBAN,472.0,79.0,26.0,49,1092.0,121.3,Overstock,9.0,0.0
RDT,DIAG,HEALTH CENTER,November,NO,URBAN,1914.0,9.0,313.0,126,586.0,6.2,Overstock,94.0,0.0
ART-SUP,ART,HEALTH CENTER,August,YES,URBAN,472.0,1249.0,138.0,-255,452.0,2.0,Low,221.0,0.0
ACT-SC,ACT,HEALTH CENTER,November,NO,RURAL,779.0,4.0,388.0,-242,1935.0,5.9,Overstock,329.0,34.0
QUIN,SP,HOSPITAL,February,NO,RURAL,1316.0,23.0,358.0,-242,1354.0,4.0,Adequate,339.0,2673.0
SP,SP,HEALTH CENTER,February,NO,URBAN,36.0,0.0,3.0,-353,57.0,,Unknown,0.0,32.0
ART-INJ,ART,HEALTH CENTER,May,YES,URBAN,115.0,0.0,13.0,-249,99.0,16.5,Overstock,6.0,0.0
RDT,DIAG,HEALTH CENTER,February,NO,RURAL,2719.0,1.0,210.0,62,2175.0,28.6,Overstock,76.0,833.0
PYRA-SAC,PYRA,HEALTH CENTER,November,NO,URBAN,5416.0,175.0,679.0,-888,5269.0,20.1,Overstock,262.0,879.0
ART-INJ,ART,HEALTH CENTER,February,NO,URBAN,621.0,0.0,442.0,518,1681.0,7.5,Overstock,225.0,807.0
SP,SP,HEALTH CENTER,November,NO,URBAN,356.0,20.0,98.0,-158,575.0,18.5,Overstock,31.0,2.0
ART-INJ,ART,HEALTH CENTER,August,YES,RURAL,54.0,0.0,10.0,-130,36.0,7.2,Overstock,5.0,6.0
ACT-GC,ACT,HEALTH CENTER,February,NO,RURAL,132.0,0.0,16.0,496,127.0,31.8,Overstock,4.0,0.0
ART-SUP,ART,HEALTH CENTER,November,NO,RURAL,15.0,9.0,26.0,-134,43.0,2.0,Low,21.0,78.0
ART-INJ,ART,HEALTH CENTER,November,NO,RURAL,189.0,0.0,33.0,-996,745.0,39.2,Overstock,19.0,0.0
ACT-GC,ACT,HEALTH CENTER,February,NO,URBAN,1153.0,5.0,176.0,-9,829.0,2.3,Low,354.0,2.0
PYRA-COMP,PYRA,HEALTH CENTER,November,NO,URBAN,1334.0,2862.0,522.0,156,1803.0,12.4,Overstock,145.0,6.0
PYRA-SAC,PYRA,HEALTH CENTER,February,NO,RURAL,73.0,503.0,6.0,-19,372.0,186.0,Overstock,2.0,0.0
ART-INJ,ART,HEALTH CENTER,February,NO,RURAL,862.0,65.0,569.0,-54,746.0,0.9,Critical,803.0,254.0
PYRA-COMP,PYRA,HEALTH CENTER,August,YES,URBAN,1709.0,405.0,688.0,-169,1987.0,3.3,Adequate,605.0,193.0
ART-INJ,ART,HEALTH CENTER,May,YES,URBAN,1175.0,22.0,208.0,687,276.0,1.6,Low,173.0,1440.0
ACT-AD,ACT,HEALTH CENTER,February,NO,RURAL,233.0,388.0,231.0,36,880.0,40.0,Overstock,22.0,6.0
RDT,DIAG,HEALTH CENTER,February,NO,RURAL,131.0,154.0,18.0,528,402.0,402.0,Overstock,1.0,0.0
QUIN,SP,HEALTH CENTER,May,YES,RURAL,590.0,0.0,204.0,-489,631.0,4.9,Adequate,129.0,2208.0
ACT-GC,ACT,HEALTH CENTER,November,NO,RURAL,2031.0,0.0,430.0,155,1144.0,3.1,Adequate,375.0,1574.0
ACT-GC,ACT,HEALTH CENTER,February,NO,RURAL,108.0,0.0,85.0,794,11.0,2.8,Low,4.0,3.0
PYRA-COMP,PYRA,HEALTH CENTER,November,NO,URBAN,21.0,0.0,4.0,434,12.0,1.1,Low,11.0,0.0
ACT-INF,ACT,HEALTH CENTER,February,NO,RURAL,336.0,0.0,67.0,334,29.0,1.3,Low,23.0,2.0
QUIN,SP,HEALTH CENTER,May,YES,RURAL,1792.0,107.0,246.0,-20,1414.0,3.3,Adequate,426.0,4.0
ACT-INF,ACT,HEALTH CENTER,May,YES,RURAL,135.0,0.0,90.0,-591,3.0,0.1,Critical,42.0,221.0
PYRA-COMP,PYRA,HEALTH CENTER,February,NO,RURAL,738.0,44.0,163.0,77,1090.0,6.6,Overstock,165.0,2.0
ACT-AD,ACT,HEALTH CENTER,May,YES,RURAL,8.0,0.0,7.0,592,191.0,23.9,Overstock,8.0,0.0
ART-INJ,ART,HEALTH CENTER,February,NO,RURAL,381.0,3.0,258.0,-225,176.0,3.9,Adequate,45.0,2269.0
PYRA-SAC,PYRA,HEALTH CENTER,May,YES,RURAL,628.0,92.0,92.0,-696,318.0,15.9,Overstock,20.0,122.0
ITN,PREV,HEALTH CENTER,February,NO,URBAN,2612.0,5.0,454.0,-296,956.0,2.2,Low,442.0,1.0
QUIN,SP,HEALTH CENTER,May,YES,URBAN,20.0,0.0,3.0,-51,12.0,0.3,Critical,35.0,247.0
ART-SUP,ART,HEALTH CENTER,May,YES,URBAN,1630.0,0.0,447.0,435,397.0,1.7,Low,239.0,105.0
ITN,PREV,HEALTH CENTER,August,YES,RURAL,3017.0,270.0,468.0,-748,1564.0,6.2,Overstock,251.0,161.0
ACT-SC,ACT,HEALTH CENTER,May,YES,RURAL,2114.0,22.0,382.0,-876,4278.0,15.8,Overstock,271.0,0.0
SP,SP,HOSPITAL,May,YES,URBAN,27.0,3.0,2.0,231,125.0,125.0,Overstock,1.0,0.0
SP,SP,HEALTH CENTER,November,NO,RURAL,1229.0,0.0,107.0,90,42.0,0.5,Critical,82.0,891.0
ART-SUP,ART,HEALTH CENTER,February,NO,RURAL,123.0,5.0,58.0,-185,417.0,8.0,Overstock,52.0,0.0
PYRA-COMP,PYRA,HEALTH CENTER,November,NO,URBAN,1036.0,0.0,322.0,-63,1080.0,18.3,Overstock,59.0,0.0
ART-SUP,ART,HEALTH CENTER,May,YES,RURAL,374.0,9.0,104.0,-1,1172.0,6.7,Overstock,174.0,113.0
QUIN,SP,HOSPITAL,February,NO,RURAL,80.0,0.0,29.0,-275,571.0,11.0,Overstock,52.0,22.0
RDT,DIAG,HEALTH CENTER,August,YES,URBAN,1206.0,4.0,113.0,-437,1074.0,23.3,Overstock,46.0,0.0
PYRA-SAC,PYRA,HEALTH CENTER,August,YES,RURAL,935.0,130.0,642.0,-154,448.0,0.9,Critical,496.0,4833.0
ACT-INF,ACT,HEALTH CENTER,August,YES,URBAN,260.0,0.0,21.0,929,199.0,3.2,Adequate,63.0,9.0
QUIN,SP,HEALTH CENTER,February,NO,URBAN,1912.0,48.0,1110.0,177,3125.0,2.2,Low,1425.0,931.0
ACT-AD,ACT,HEALTH CENTER,February,NO,RURAL,728.0,54.0,637.0,167,1319.0,1.6,Low,805.0,46.0
ACT-GC,ACT,HOSPITAL,February,NO,RURAL,159.0,6.0,74.0,-130,438.0,18.2,Overstock,24.0,136.0
SP,SP,HEALTH CENTER,November,NO,URBAN,6217.0,74.0,1132.0,140,2857.0,2.5,Low,1124.0,2337.0
PYRA-COMP,PYRA,HEALTH CENTER,November,NO,RURAL,9443.0,34.0,2066.0,807,5687.0,3.0,Adequate,1900.0,10643.0
ITN,PREV,HEALTH CENTER,November,NO,RURAL,671.0,581.0,396.0,653,413.0,2.1,Low,200.0,1.0
ACT-AD,ACT,HEALTH CENTER,February,NO,URBAN,58.0,317.0,24.0,-545,415.0,21.8,Overstock,19.0,0.0
ACT-GC,ACT,HOSPITAL,August,YES,URBAN,748.0,346.0,418.0,-1170,864.0,1.9,Low,450.0,0.0
RDT,DIAG,HEALTH CENTER,November,NO,RURAL,2195.0,50.0,239.0,263,1470.0,11.6,Overstock,127.0,153.0
SP,SP,HOSPITAL,February,NO,RURAL,297.0,31.0,151.0,-490,474.0,1.5,Low,314.0,3121.0
PYRA-COMP,PYRA,HEALTH CENTER,May,YES,RURAL,331.0,780.0,33.0,343,335.0,41.9,Overstock,8.0,92.0
PYRA-SAC,PYRA,HEALTH CENTER,November,NO,RURAL,647.0,0.0,96.0,-36,278.0,6.2,Overstock,45.0,27.0
ART-SUP,ART,HEALTH CENTER,November,NO,RURAL,1098.0,0.0,26.0,66,296.0,22.8,Overstock,13.0,1.0
ART-SUP,ART,HEALTH CENTER,February,NO,RURAL,2.0,0.0,14.0,600,23.0,23.0,Overstock,1.0,383.0
ACT-INF,ACT,HEALTH CENTER,February,NO,URBAN,1.0,135.0,3.0,404,328.0,82.0,Overstock,4.0,0.0
ART-SUP,ART,HEALTH CENTER,February,NO,RURAL,1077.0,0.0,319.0,385,576.0,4.5,Adequate,129.0,0.0
ITN,PREV,HEALTH CENTER,August,YES,URBAN,79.0,1.0,79.0,-38,627.0,4.6,Adequate,135.0,27.0
SP,SP,HEALTH CENTER,August,YES,URBAN,1422.0,77.0,277.0,419,857.0,14.0,Overstock,61.0,56.0
PYRA-SAC,PYRA,HEALTH CENTER,May,YES,RURAL,531.0,8.0,79.0,-491,1036.0,74.0,Overstock,14.0,0.0
ACT-INF,ACT,HEALTH CENTER,May,YES,URBAN,2451.0,520.0,726.0,83,2054.0,3.0,Adequate,676.0,365.0
ITN,PREV,HEALTH CENTER,November,NO,URBAN,6622.0,0.0,569.0,-611,1791.0,3.3,Adequate,548.0,499.0
ACT-INF,ACT,HEALTH CENTER,November,NO,RURAL,2396.0,793.0,665.0,556,4432.0,4.2,Adequate,1062.0,0.0
ACT-INF,ACT,HEALTH CENTER,November,NO,RURAL,521.0,0.0,124.0,100,11.0,0.0,Stockout,245.0,3550.0
ACT-SC,ACT,HEALTH CENTER,November,NO,URBAN,806.0,7.0,515.0,-134,608.0,2.4,Low,256.0,928.0
ACT-GC,ACT,HEALTH CENTER,May,YES,URBAN,455.0,1.0,436.0,306,851.0,6.4,Overstock,132.0,219.0
SP,SP,HEALTH CENTER,May,YES,RURAL,341.0,10.0,88.0,-189,877.0,33.7,Overstock,26.0,1.0
ACT-INF,ACT,HEALTH CENTER,August,YES,URBAN,3068.0,38.0,964.0,324,1134.0,1.3,Low,845.0,1801.0
ACT-GC,ACT,HEALTH CENTER,November,NO,RURAL,1289.0,0.0,643.0,678,771.0,1.4,Low,562.0,1947.0
ART-INJ,ART,HOSPITAL,August,YES,RURAL,2969.0,5.0,721.0,-115,3595.0,10.0,Overstock,359.0,1210.0
ART-SUP,ART,HEALTH CENTER,November,NO,RURAL,77.0,204.0,91.0,142,219.0,3.4,Adequate,65.0,8.0
PYRA-SAC,PYRA,HEALTH CENTER,August,YES,URBAN,409.0,287.0,1219.0,166,370.0,0.6,Critical,648.0,3559.0
ITN,PREV,HEALTH CENTER,May,YES,URBAN,818.0,4.0,187.0,-295,572.0,9.5,Overstock,60.0,2888.0
ACT-GC,ACT,HEALTH CENTER,August,YES,RURAL,342.0,279.0,80.0,383,1679.0,50.9,Overstock,33.0,0.0
SP,SP,HEALTH CENTER,February,NO,URBAN,717.0,0.0,184.0,206,775.0,1.4,Low,562.0,3652.0
RDT,DIAG,HEALTH CENTER,May,YES,RURAL,879.0,47.0,363.0,-1050,1620.0,7.6,Overstock,212.0,16.0
SP,SP,HEALTH CENTER,February,NO,RURAL,241.0,0.0,145.0,506,153.0,2.8,Low,55.0,69.0
ITN,PREV,HEALTH CENTER,August,YES,RURAL,2109.0,37.0,33.0,114,1638.0,32.1,Overstock,51.0,0.0
ITN,PREV,HEALTH CENTER,February,NO,URBAN,1903.0,9.0,1297.0,338,623.0,0.6,Critical,1040.0,3870.0
ACT-SC,ACT,HEALTH CENTER,February,NO,RURAL,2219.0,6.0,729.0,212,1474.0,2.1,Low,698.0,729.0
RDT,DIAG,HEALTH CENTER,November,NO,URBAN,5211.0,428.0,1496.0,66,9032.0,5.6,Overstock,1606.0,6202.0
ACT-SC,ACT,HEALTH CENTER,November,NO,RURAL,177.0,1.0,81.0,27,237.0,21.5,Overstock,11.0,0.0
QUIN,SP,HEALTH CENTER,November,NO,RURAL,1654.0,2.0,311.0,-906,436.0,1.1,Low,413.0,4.0
ACT-INF,ACT,HEALTH CENTER,May,YES,RURAL,188.0,0.0,169.0,367,278.0,3.0,Adequate,93.0,5875.0
ACT-INF,ACT,HEALTH CENTER,August,YES,RURAL,1093.0,910.0,243.0,-825,1657.0,8.6,Overstock,193.0,0.0
ACT-AD,ACT,HEALTH CENTER,February,NO,URBAN,490.0,112.0,444.0,-99,435.0,0.7,Critical,601.0,248.0
ACT-GC,ACT,HEALTH CENTER,February,NO,RURAL,1211.0,0.0,96.0,-623,939.0,4.6,Adequate,202.0,1042.0
ACT-GC,ACT,HEALTH CENTER,May,YES,RURAL,482.0,1.0,132.0,110,466.0,1.3,Low,364.0,3886.0
ACT-INF,ACT,HEALTH CENTER,May,YES,RURAL,2114.0,537.0,462.0,-288,1114.0,5.0,Adequate,223.0,3192.0
ACT-GC,ACT,HEALTH CENTER,May,YES,RURAL,1133.0,1.0,379.0,125,974.0,13.7,Overstock,71.0,0.0
ART-SUP,ART,HEALTH CENTER,August,YES,URBAN,1819.0,247.0,503.0,-140,1720.0,6.8,Overstock,254.0,26.0
ART-SUP,ART,HEALTH CENTER,May,YES,RURAL,1045.0,13.0,119.0,-133,998.0,9.2,Overstock,109.0,5.0
ACT-INF,ACT,HEALTH CENTER,August,YES,URBAN,154.0,20.0,28.0,110,2.0,0.1,Critical,29.0,73.0
QUIN,SP,HEALTH CENTER,November,NO,RURAL,1505.0,0.0,182.0,-475,651.0,9.4,Overstock,69.0,2253.0
ACT-AD,ACT,HEALTH CENTER,February,NO,URBAN,454.0,73.0,444.0,48,712.0,2.0,Low,365.0,3643.0
ACT-SC,ACT,HEALTH CENTER,November,NO,RURAL,518.0,0.0,196.0,233,141.0,0.6,Critical,230.0,18.0
ACT-AD,ACT,HEALTH CENTER,May,YES,RURAL,104.0,0.0,85.0,-1095,1.0,0.0,Stockout,106.0,3.0
ART-INJ,ART,HEALTH CENTER,May,YES,RURAL,850.0,376.0,475.0,395,1672.0,3.9,Adequate,434.0,172.0
SP,SP,HEALTH CENTER,February,NO,URBAN,3922.0,0.0,2278.0,487,5284.0,2.5,Low,2086.0,15539.0
ACT-AD,ACT,HEALTH CENTER,May,YES,RURAL,1325.0,378.0,1484.0,-333,2225.0,2.3,Low,983.0,9534.0
PYRA-SAC,PYRA,HEALTH CENTER,August,YES,RURAL,1860.0,0.0,174.0,-423,1703.0,5.1,Overstock,335.0,7.0
PYRA-SAC,PYRA,HEALTH CENTER,May,YES,URBAN,565.0,917.0,94.0,1195,2922.0,37.9,Overstock,77.0,0.0
ACT-INF,ACT,HEALTH CENTER,May,YES,RURAL,275.0,63.0,97.0,345,1156.0,5.5,Overstock,210.0,62.0
ART-SUP,ART,HEALTH CENTER,February,NO,RURAL,2023.0,346.0,1374.0,485,1860.0,2.6,Low,725.0,5180.0
SP,SP,HEALTH CENTER,May,YES,RURAL,723.0,208.0,170.0,197,1355.0,6.0,Overstock,224.0,5.0
ACT-AD,ACT,HEALTH CENTER,May,YES,RURAL,439.0,110.0,333.0,586,337.0,0.5,Critical,721.0,2064.0
ITN,PREV,HEALTH CENTER,November,NO,URBAN,13.0,68.0,6.0,-178,37.0,6.2,Overstock,6.0,0.0
QUIN,SP,HEALTH CENTER,May,YES,URBAN,7.0,0.0,0.0,116,5.0,,Unknown,0.0,0.0
ACT-INF,ACT,HEALTH CENTER,August,YES,RURAL,15.0,0.0,2.0,458,20.0,3.3,Adequate,6.0,0.0
PYRA-SAC,PYRA,HEALTH CENTER,August,YES,URBAN,148.0,126.0,6.0,326,81.0,6.2,Overstock,13.0,0.0
QUIN,SP,HEALTH CENTER,August,YES,URBAN,1749.0,96.0,599.0,67,2251.0,2.7,Low,849.0,4405.0
ACT-AD,ACT,HEALTH CENTER,August,YES,URBAN,5703.0,124.0,1528.0,-478,4836.0,3.1,Adequate,1537.0,3606.0
ACT-GC,ACT,HEALTH CENTER,August,YES,RURAL,2966.0,44.0,308.0,232,3491.0,15.2,Overstock,229.0,0.0
PYRA-SAC,PYRA,HEALTH CENTER,February,NO,URBAN,53.0,117.0,110.0,-299,15.0,0.3,Critical,49.0,1078.0
PYRA-SAC,PYRA,HEALTH CENTER,February,NO,RURAL,1755.0,2031.0,481.0,91,2069.0,12.8,Overstock,162.0,8.0
RDT,DIAG,HOSPITAL,November,NO,RURAL,763.0,32.0,182.0,-362,254.0,2.6,Low,99.0,1362.0
ART-SUP,ART,HEALTH CENTER,February,NO,URBAN,3755.0,12.0,1082.0,848,2769.0,3.8,Adequate,720.0,5634.0
ACT-GC,ACT,HEALTH CENTER,November,NO,RURAL,1413.0,1.0,156.0,316,1460.0,9.1,Overstock,160.0,384.0
ITN,PREV,HEALTH CENTER,November,NO,RURAL,95.0,77.0,323.0,393,178.0,1.7,Low,104.0,2675.0
ACT-SC,ACT,HEALTH CENTER,May,YES,RURAL,732.0,0.0,54.0,186,791.0,19.3,Overstock,41.0,196.0
RDT,DIAG,HEALTH CENTER,February,NO,RURAL,1046.0,343.0,577.0,-160,777.0,2.8,Low,273.0,151.0
RDT,DIAG,HEALTH CENTER,November,NO,URBAN,2308.0,684.0,718.0,499,2794.0,5.9,Overstock,471.0,1.0
ART-INJ,ART,HEALTH CENTER,August,YES,RURAL,2594.0,5.0,1088.0,-398,1716.0,1.6,Low,1086.0,1229.0
ACT-INF,ACT,HEALTH CENTER,November,NO,URBAN,2057.0,101.0,220.0,-293,1051.0,11.7,Overstock,90.0,11.0
RDT,DIAG,HEALTH CENTER,May,YES,RURAL,2776.0,1849.0,450.0,189,5573.0,14.9,Overstock,374.0,0.0
ACT-SC,ACT,HEALTH CENTER,November,NO,URBAN,145.0,21.0,104.0,-26,78.0,3.5,Adequate,22.0,0.0
ACT-GC,ACT,HEALTH CENTER,November,NO,RURAL,2989.0,0.0,320.0,510,1893.0,6.1,Overstock,309.0,3.0
RDT,DIAG,HOSPITAL,August,YES,RURAL,651.0,0.0,184.0,-417,2015.0,10.6,Overstock,190.0,0.0
ITN,PREV,HOSPITAL,August,YES,RURAL,186.0,0.0,13.0,-524,16.0,2.7,Low,6.0,0.0
ITN,PREV,HOSPITAL,February,NO,RURAL,984.0,18.0,242.0,324,1973.0,6.1,Overstock,323.0,18.0
QUIN,SP,HEALTH CENTER,May,YES,URBAN,93.0,7.0,20.0,508,65.0,2.0,Low,32.0,0.0
PYRA-COMP,PYRA,HEALTH CENTER,May,YES,RURAL,113.0,1569.0,44.0,-164,496.0,9.4,Overstock,53.0,8.0
RDT,DIAG,HEALTH CENTER,August,YES,RURAL,2844.0,111.0,562.0,170,1355.0,2.2,Low,605.0,4.0
ACT-INF,ACT,HEALTH CENTER,November,NO,RURAL,8672.0,2.0,936.0,180,6261.0,20.5,Overstock,305.0,28.0
ART-INJ,ART,HEALTH CENTER,February,NO,RURAL,4216.0,219.0,1377.0,780,4467.0,2.9,Low,1554.0,3937.0
ACT-GC,ACT,HEALTH CENTER,November,NO,RURAL,866.0,0.0,338.0,242,195.0,0.5,Critical,390.0,2960.0
PYRA-SAC,PYRA,HEALTH CENTER,February,NO,URBAN,4808.0,553.0,702.0,608,3288.0,6.9,Overstock,477.0,0.0
ACT-AD,ACT,HEALTH CENTER,November,NO,RURAL,146.0,36.0,130.0,472,982.0,4.3,Adequate,226.0,0.0
ACT-SC,ACT,HEALTH CENTER,February,NO,RURAL,30.0,48.0,25.0,156,384.0,384.0,Overstock,1.0,0.0
ART-INJ,ART,HEALTH CENTER,August,YES,RURAL,1069.0,7.0,144.0,112,507.0,6.1,Overstock,83.0,1.0
ACT-SC,ACT,HEALTH CENTER,August,YES,RURAL,1305.0,2.0,289.0,114,1916.0,9.6,Overstock,199.0,1992.0
ITN,PREV,HEALTH CENTER,August,YES,URBAN,2728.0,33.0,384.0,-459,1809.0,2.8,Low,655.0,12.0
PYRA-COMP,PYRA,HEALTH CENTER,February,NO,RURAL,84.0,75.0,13.0,608,293.0,22.5,Overstock,13.0,0.0
ACT-INF,ACT,HEALTH CENTER,February,NO,URBAN,1159.0,347.0,73.0,-888,653.0,3.8,Adequate,170.0,1.0
PYRA-SAC,PYRA,HEALTH CENTER,November,NO,RURAL,790.0,977.0,194.0,300,834.0,2.9,Low,292.0,970.0
QUIN,SP,HEALTH CENTER,May,YES,RURAL,101.0,65.0,120.0,-604,614.0,5.5,Overstock,111.0,3.0
ITN,PREV,HEALTH CENTER,August,YES,RURAL,6916.0,81.0,586.0,169,3068.0,12.5,Overstock,246.0,7.0
ACT-AD,ACT,HEALTH CENTER,May,YES,RURAL,142.0,13.0,18.0,-63,35.0,2.2,Low,16.0,0.0
SP,SP,HEALTH CENTER,February,NO,RURAL,1581.0,0.0,117.0,549,640.0,13.1,Overstock,49.0,4.0
PYRA-COMP,PYRA,HEALTH CENTER,November,NO,RURAL,259.0,17.0,213.0,373,560.0,6.6,Overstock,85.0,3.0
QUIN,SP,HEALTH CENTER,May,YES,URBAN,43.0,0.0,8.0,486,73.0,18.2,Overstock,4.0,11.0
SP,SP,HEALTH CENTER,August,YES,RURAL,934.0,0.0,336.0,-696,157.0,0.4,Critical,430.0,218.0
QUIN,SP,HOSPITAL,August,YES,RURAL,121.0,208.0,189.0,-427,156.0,0.9,Critical,177.0,166.0
ART-SUP,ART,HEALTH CENTER,February,NO,RURAL,523.0,403.0,18.0,-225,359.0,3.6,Adequate,100.0,405.0
ACT-INF,ACT,HEALTH CENTER,May,YES,URBAN,178.0,4.0,73.0,-473,332.0,66.4,Overstock,5.0,752.0
QUIN,SP,HEALTH CENTER,November,NO,URBAN,30.0,98.0,92.0,140,329.0,18.3,Overstock,18.0,40.0
ITN,PREV,HEALTH CENTER,August,YES,RURAL,3178.0,351.0,471.0,-250,1616.0,5.4,Overstock,302.0,103.0
ACT-INF,ACT,HEALTH CENTER,February,NO,URBAN,1454.0,0.0,211.0,-302,786.0,3.9,Adequate,203.0,171.0
ITN,PREV,HEALTH CENTER,May,YES,URBAN,176.0,0.0,128.0,142,67.0,0.4,Critical,158.0,233.0
ACT-AD,ACT,HEALTH CENTER,August,YES,URBAN,344.0,97.0,45.0,-125,822.0,45.7,Overstock,18.0,0.0
PYRA-SAC,PYRA,HEALTH CENTER,November,NO,RURAL,510.0,374.0,253.0,225,606.0,3.1,Adequate,198.0,2.0
ACT-GC,ACT,HEALTH CENTER,May,YES,RURAL,849.0,0.0,16.0,-604,440.0,220.0,Overstock,2.0,0.0
ART-INJ,ART,HEALTH CENTER,August,YES,URBAN,1371.0,0.0,352.0,258,402.0,1.3,Low,305.0,7.0
ART-SUP,ART,HEALTH CENTER,November,NO,RURAL,821.0,42.0,232.0,-818,1136.0,3.4,Adequate,339.0,5.0
ART-INJ,ART,HEALTH CENTER,November,NO,RURAL,2.0,7.0,51.0,-371,3.0,0.0,Stockout,64.0,325.0
PYRA-SAC,PYRA,HEALTH CENTER,August,YES,URBAN,637.0,93.0,83.0,-116,601.0,15.0,Overstock,40.0,0.0
PYRA-SAC,PYRA,HEALTH CENTER,August,YES,RURAL,710.0,52.0,62.0,-335,832.0,69.3,Overstock,12.0,0.0
PYRA-SAC,PYRA,HEALTH CENTER,May,YES,RURAL,101.0,80.0,56.0,-148,105.0,3.8,Adequate,28.0,2.0
RDT,DIAG,HEALTH CENTER,November,NO,RURAL,4275.0,4.0,635.0,-173,1622.0,6.6,Overstock,247.0,604.0
ART-SUP,ART,HEALTH CENTER,February,NO,RURAL,643.0,47.0,219.0,-88,1069.0,6.6,Overstock,161.0,5.0
QUIN,SP,HEALTH CENTER,August,YES,RURAL,273.0,49.0,145.0,298,528.0,3.9,Adequate,134.0,0.0
PYRA-SAC,PYRA,HEALTH CENTER,August,YES,RURAL,291.0,0.0,13.0,128,11.0,0.8,Critical,13.0,10.0
ITN,PREV,HEALTH CENTER,November,NO,URBAN,1487.0,0.0,454.0,-833,659.0,1.6,Low,421.0,2.0
ACT-INF,ACT,HEALTH CENTER,May,YES,RURAL,765.0,1384.0,134.0,-57,1400.0,6.2,Overstock,224.0,0.0
ACT-SC,ACT,HEALTH CENTER,May,YES,URBAN,14.0,350.0,28.0,236,91.0,5.7,Overstock,16.0,71.0
ART-SUP,ART,HEALTH CENTER,November,NO,RURAL,337.0,3151.0,88.0,-287,1111.0,27.1,Overstock,41.0,0.0
SP,SP,HEALTH CENTER,November,NO,RURAL,795.0,0.0,297.0,-123,242.0,1.7,Low,146.0,4733.0
RDT,DIAG,HEALTH CENTER,November,NO,RURAL,326.0,269.0,257.0,-546,653.0,2.6,Low,253.0,74.0
PYRA-SAC,PYRA,HEALTH CENTER,May,YES,URBAN,954.0,0.0,196.0,-305,554.0,1.3,Low,441.0,229.0
SP,SP,HEALTH CENTER,November,NO,URBAN,859.0,1057.0,257.0,270,1175.0,7.2,Overstock,164.0,97.0
ACT-GC,ACT,HEALTH CENTER,November,NO,URBAN,2445.0,172.0,236.0,304,2751.0,8.0,Overstock,346.0,5946.0
ART-INJ,ART,HEALTH CENTER,May,YES,RURAL,335.0,382.0,25.0,34,340.0,5.6,Overstock,61.0,23.0
PYRA-COMP,PYRA,HEALTH CENTER,February,NO,RURAL,342.0,439.0,170.0,130,100.0,0.7,Critical,135.0,269.0
ACT-SC,ACT,HEALTH CENTER,November,NO,RURAL,2183.0,11.0,236.0,285,3075.0,10.8,Overstock,286.0,0.0
ITN,PREV,HEALTH CENTER,November,NO,RURAL,37.0,30.0,16.0,-169,101.0,33.7,Overstock,3.0,0.0
ACT-SC,ACT,HEALTH CENTER,August,YES,RURAL,454.0,15.0,79.0,210,342.0,4.0,Adequate,86.0,1068.0
RDT,DIAG,HEALTH CENTER,February,NO,RURAL,223.0,4.0,49.0,24,814.0,18.1,Overstock,45.0,651.0
ART-INJ,ART,HOSPITAL,May,YES,RURAL,1486.0,27.0,332.0,257,673.0,3.9,Adequate,171.0,507.0
RDT,DIAG,HEALTH CENTER,February,NO,RURAL,2533.0,229.0,824.0,365,3090.0,9.2,Overstock,337.0,33.0
ACT-SC,ACT,HEALTH CENTER,August,YES,RURAL,117.0,546.0,159.0,697,577.0,19.2,Overstock,30.0,0.0
ACT-AD,ACT,HEALTH CENTER,May,YES,URBAN,388.0,772.0,480.0,-489,1539.0,1.5,Low,1037.0,445.0
ART-INJ,ART,HEALTH CENTER,August,YES,URBAN,110.0,0.0,420.0,568,115.0,0.3,Critical,442.0,195.0
RDT,DIAG,HEALTH CENTER,November,NO,RURAL,3279.0,45.0,1099.0,85,5379.0,3.8,Adequate,1424.0,12.0
RDT,DIAG,HEALTH CENTER,August,YES,URBAN,2154.0,460.0,193.0,-296,1337.0,15.2,Overstock,88.0,40.0
ART-INJ,ART,HEALTH CENTER,November,NO,RURAL,633.0,115.0,147.0,-361,1483.0,7.9,Overstock,187.0,14.0
ART-SUP,ART,HEALTH CENTER,November,NO,URBAN,203.0,10.0,70.0,-318,1065.0,6.1,Overstock,176.0,124.0
ACT-GC,ACT,HEALTH CENTER,November,NO,RURAL,2490.0,334.0,994.0,11,3305.0,4.9,Adequate,680.0,3394.0
ART-INJ,ART,HEALTH CENTER,February,NO,RURAL,539.0,991.0,350.0,-5,1617.0,4.6,Adequate,355.0,10.0
ART-INJ,ART,HEALTH CENTER,February,NO,RURAL,10.0,13.0,135.0,-43,42.0,0.3,Critical,124.0,1276.0
SP,SP,HEALTH CENTER,May,YES,URBAN,222.0,1.0,105.0,-306,928.0,32.0,Overstock,29.0,0.0
RDT,DIAG,HEALTH CENTER,November,NO,URBAN,2424.0,422.0,1166.0,288,1434.0,1.3,Low,1126.0,13378.0
PYRA-COMP,PYRA,HEALTH CENTER,February,NO,URBAN,2400.0,456.0,657.0,-587,1308.0,3.1,Adequate,423.0,250.0
ACT-AD,ACT,HEALTH CENTER,May,YES,URBAN,812.0,0.0,283.0,495,1647.0,7.0,Overstock,235.0,552.0
PYRA-SAC,PYRA,HEALTH CENTER,May,YES,RURAL,846.0,147.0,227.0,251,362.0,2.6,Low,138.0,13.0
ACT-GC,ACT,HEALTH CENTER,February,NO,RURAL,945.0,14.0,554.0,46,251.0,1.2,Low,207.0,266.0
QUIN,SP,HEALTH CENTER,August,YES,RURAL,152.0,0.0,37.0,264,541.0,23.5,Overstock,23.0,1.0
SP,SP,HEALTH CENTER,May,YES,RURAL,2315.0,0.0,1430.0,-66,405.0,0.4,Critical,1073.0,9733.0
ART-SUP,ART,HEALTH CENTER,August,YES,RURAL,636.0,49.0,169.0,-541,884.0,6.4,Overstock,138.0,0.0
QUIN,SP,HEALTH CENTER,August,YES,RURAL,12.0,1.0,83.0,459,111.0,0.9,Critical,124.0,64.0
ACT-AD,ACT,HEALTH CENTER,November,NO,URBAN,509.0,946.0,511.0,953,3673.0,13.5,Overstock,272.0,0.0
ITN,PREV,HEALTH CENTER,August,YES,RURAL,3007.0,24.0,957.0,29,1967.0,2.3,Low,864.0,770.0
ART-SUP,ART,HEALTH CENTER,May,YES,RURAL,3678.0,373.0,646.0,-526,3324.0,11.7,Overstock,285.0,1.0
RDT,DIAG,HEALTH CENTER,August,YES,URBAN,1043.0,42.0,160.0,79,845.0,8.6,Overstock,98.0,93.0
ACT-GC,ACT,HEALTH CENTER,February,NO,RURAL,146.0,0.0,33.0,358,115.0,4.3,Adequate,27.0,0.0
ACT-INF,ACT,HEALTH CENTER,May,YES,RURAL,548.0,453.0,427.0,310,1096.0,2.6,Low,427.0,23.0
QUIN,SP,HEALTH CENTER,February,NO,RURAL,270.0,43.0,85.0,-509,181.0,36.2,Overstock,5.0,0.0
ACT-GC,ACT,HEALTH CENTER,May,YES,RURAL,2.0,0.0,6.0,807,19.0,19.0,Overstock,1.0,0.0
RDT,DIAG,HEALTH CENTER,August,YES,RURAL,191.0,187.0,34.0,-403,178.0,89.0,Overstock,2.0,0.0
PYRA-SAC,PYRA,HEALTH CENTER,May,YES,URBAN,1576.0,27.0,242.0,316,1672.0,3.9,Adequate,433.0,231.0
ART-INJ,ART,HEALTH CENTER,August,YES,RURAL,337.0,46.0,27.0,-1076,116.0,12.9,Overstock,9.0,7.0
ACT-GC,ACT,HEALTH CENTER,August,YES,URBAN,1.0,20.0,8.0,111,6.0,2.0,Low,3.0,0.0
ART-SUP,ART,HEALTH CENTER,February,NO,RURAL,177.0,2.0,8.0,-758,36.0,36.0,Overstock,1.0,7987.0
PYRA-SAC,PYRA,HEALTH CENTER,November,NO,RURAL,2634.0,1298.0,975.0,491,3685.0,8.7,Overstock,424.0,18.0
ART-INJ,ART,HEALTH CENTER,August,YES,RURAL,846.0,1.0,249.0,393,236.0,6.2,Overstock,38.0,104.0
SP,SP,HEALTH CENTER,May,YES,RURAL,114.0,0.0,8.0,-453,34.0,11.3,Overstock,3.0,298.0
ACT-GC,ACT,HEALTH CENTER,November,NO,URBAN,2186.0,0.0,134.0,-43,1266.0,22.2,Overstock,57.0,6.0
ART-SUP,ART,HEALTH CENTER,February,NO,RURAL,900.0,1265.0,193.0,192,1238.0,18.8,Overstock,66.0,0.0
ART-SUP,ART,HEALTH CENTER,August,YES,URBAN,2615.0,0.0,477.0,-398,223.0,0.3,Critical,770.0,6839.0
ART-SUP,ART,HEALTH CENTER,November,NO,RURAL,2236.0,1092.0,83.0,-27,496.0,4.6,Adequate,109.0,167.0
ACT-AD,ACT,HEALTH CENTER,November,NO,RURAL,477.0,4.0,181.0,-178,786.0,2.0,Low,396.0,227.0
ACT-AD,ACT,HEALTH CENTER,May,YES,RURAL,178.0,19.0,6.0,836,279.0,69.8,Overstock,4.0,0.0
QUIN,SP,HEALTH CENTER,May,YES,URBAN,102.0,0.0,10.0,251,242.0,17.3,Overstock,14.0,0.0
ACT-GC,ACT,HEALTH CENTER,November,NO,RURAL,36.0,68.0,25.0,-341,141.0,3.2,Adequate,44.0,3046.0
ART-SUP,ART,HEALTH CENTER,November,NO,RURAL,8.0,32.0,14.0,498,309.0,15.4,Overstock,20.0,10.0
SP,SP,HEALTH CENTER,February,NO,RURAL,451.0,123.0,321.0,119,528.0,0.9,Critical,604.0,161.0
ART-SUP,ART,HEALTH CENTER,May,YES,RURAL,868.0,34.0,815.0,275,1386.0,2.2,Low,642.0,24.0
RDT,DIAG,HEALTH CENTER,November,NO,RURAL,1397.0,240.0,274.0,-451,1393.0,11.5,Overstock,121.0,0.0
PYRA-COMP,PYRA,HOSPITAL,August,YES,URBAN,1201.0,9.0,167.0,-299,321.0,2.2,Low,144.0,1265.0
QUIN,SP,HEALTH CENTER,August,YES,RURAL,1199.0,0.0,106.0,-14,231.0,7.5,Overstock,31.0,1253.0
QUIN,SP,HEALTH CENTER,May,YES,RURAL,447.0,0.0,210.0,308,10.0,0.1,Critical,70.0,842.0
ACT-AD,ACT,HEALTH CENTER,August,YES,RURAL,2985.0,317.0,960.0,523,1367.0,0.9,Critical,1439.0,12407.0
PYRA-SAC,PYRA,HEALTH CENTER,May,YES,URBAN,3452.0,0.0,413.0,-542,958.0,2.4,Low,406.0,7.0
ACT-GC,ACT,HEALTH CENTER,November,NO,URBAN,2346.0,0.0,277.0,147,1478.0,6.0,Overstock,246.0,10.0
PYRA-SAC,PYRA,HEALTH CENTER,August,YES,RURAL,6395.0,145.0,1129.0,39,3539.0,3.1,Adequate,1125.0,42.0
ACT-AD,ACT,HEALTH CENTER,August,YES,RURAL,60.0,0.0,1.0,301,19.0,,Unknown,0.0,0.0
RDT,DIAG,HEALTH CENTER,November,NO,RURAL,100.0,1.0,716.0,-384,307.0,0.4,Critical,866.0,18123.0
SP,SP,HEALTH CENTER,May,YES,RURAL,2944.0,358.0,541.0,-558,2236.0,2.8,Low,806.0,0.0
SP,SP,HEALTH CENTER,May,YES,URBAN,1056.0,1.0,417.0,-165,852.0,1.5,Low,560.0,1255.0
ITN,PREV,HEALTH CENTER,August,YES,RURAL,435.0,0.0,373.0,386,157.0,0.9,Critical,166.0,17046.0
ACT-AD,ACT,HEALTH CENTER,February,NO,URBAN,745.0,854.0,274.0,111,441.0,2.9,Low,153.0,0.0
ITN,PREV,HEALTH CENTER,May,YES,URBAN,1510.0,14.0,195.0,-58,787.0,5.1,Overstock,155.0,72.0
RDT,DIAG,HEALTH CENTER,November,NO,RURAL,1254.0,4.0,262.0,241,148.0,1.3,Low,116.0,0.0
ART-SUP,ART,HEALTH CENTER,May,YES,URBAN,848.0,95.0,227.0,-27,257.0,0.8,Critical,340.0,2227.0
ART-SUP,ART,HEALTH CENTER,November,NO,RURAL,4192.0,0.0,1057.0,-911,644.0,0.7,Critical,953.0,26.0
ACT-SC,ACT,HEALTH CENTER,February,NO,URBAN,2296.0,1361.0,642.0,165,4554.0,5.0,Adequate,912.0,6458.0
ITN,PREV,HEALTH CENTER,February,NO,RURAL,81.0,1.0,13.0,520,35.0,11.7,Overstock,3.0,0.0
ART-INJ,ART,HEALTH CENTER,November,NO,URBAN,111.0,8.0,51.0,-431,85.0,9.4,Overstock,9.0,0.0
SP,SP,HEALTH CENTER,May,YES,RURAL,269.0,0.0,57.0,226,646.0,646.0,Overstock,1.0,1171.0
QUIN,SP,HEALTH CENTER,November,NO,RURAL,2150.0,15.0,944.0,-37,1547.0,2.3,Low,687.0,90.0
RDT,DIAG,HOSPITAL,February,NO,RURAL,1716.0,1.0,242.0,219,2407.0,11.7,Overstock,206.0,28.0
PYRA-SAC,PYRA,HEALTH CENTER,November,NO,URBAN,2376.0,88.0,336.0,-43,1241.0,3.9,Adequate,316.0,681.0
ACT-INF,ACT,HEALTH CENTER,May,YES,RURAL,162.0,0.0,17.0,-311,20.0,20.0,Overstock,1.0,10.0
ART-INJ,ART,HEALTH CENTER,November,NO,RURAL,530.0,201.0,378.0,45,621.0,2.3,Low,272.0,2.0
SP,SP,HEALTH CENTER,February,NO,RURAL,511.0,174.0,120.0,49,1252.0,8.1,Overstock,155.0,5.0
ART-SUP,ART,HEALTH CENTER,May,YES,URBAN,177.0,1.0,276.0,866,522.0,6.7,Overstock,78.0,52.0
ART-INJ,ART,HEALTH CENTER,May,YES,RURAL,651.0,197.0,168.0,-1403,1295.0,3.2,Adequate,409.0,0.0
PYRA-SAC,PYRA,HEALTH CENTER,May,YES,RURAL,1794.0,305.0,353.0,-51,2620.0,3.8,Adequate,683.0,0.0
RDT,DIAG,HEALTH CENTER,February,NO,RURAL,100.0,45.0,112.0,334,264.0,12.0,Overstock,22.0,5.0
ACT-INF,ACT,HEALTH CENTER,August,YES,URBAN,87.0,1343.0,124.0,208,1190.0,9.4,Overstock,126.0,1509.0
SP,SP,HEALTH CENTER,May,YES,URBAN,13.0,0.0,74.0,-262,12.0,0.3,Critical,46.0,1327.0
PYRA-COMP,PYRA,HOSPITAL,February,NO,RURAL,708.0,3415.0,844.0,963,1918.0,2.1,Low,925.0,140.0
QUIN,SP,HEALTH CENTER,November,NO,RURAL,875.0,0.0,108.0,265,210.0,1.8,Low,119.0,840.0
QUIN,SP,HEALTH CENTER,May,YES,RURAL,160.0,0.0,1.0,100,83.0,83.0,Overstock,1.0,1.0
ITN,PREV,HEALTH CENTER,May,YES,RURAL,66.0,1.0,42.0,244,375.0,125.0,Overstock,3.0,0.0
ACT-AD,ACT,HEALTH CENTER,August,YES,RURAL,1379.0,0.0,44.0,-162,489.0,12.9,Overstock,38.0,0.0
QUIN,SP,HOSPITAL,February,NO,RURAL,58.0,0.0,22.0,-940,54.0,54.0,Overstock,1.0,0.0
ACT-INF,ACT,HEALTH CENTER,May,YES,RURAL,3508.0,23.0,593.0,9,1307.0,7.8,Overstock,167.0,4.0
ACT-SC,ACT,HEALTH CENTER,November,NO,URBAN,15.0,23.0,15.0,-150,103.0,20.6,Overstock,5.0,0.0
ART-SUP,ART,HEALTH CENTER,May,YES,RURAL,71.0,0.0,24.0,-332,156.0,3.2,Adequate,49.0,454.0
ACT-GC,ACT,HEALTH CENTER,August,YES,RURAL,2456.0,0.0,82.0,254,1510.0,12.3,Overstock,123.0,0.0
ART-INJ,ART,HEALTH CENTER,August,YES,RURAL,2887.0,0.0,668.0,-64,1494.0,2.0,Low,742.0,400.0
ACT-AD,ACT,HEALTH CENTER,February,NO,URBAN,369.0,60.0,6.0,-290,99.0,99.0,Overstock,1.0,0.0
SP,SP,HEALTH CENTER,February,NO,RURAL,1156.0,0.0,827.0,-897,549.0,0.8,Critical,693.0,1691.0
ITN,PREV,HEALTH CENTER,August,YES,URBAN,453.0,23.0,271.0,-834,154.0,0.3,Critical,505.0,2066.0
ART-INJ,ART,HEALTH CENTER,May,YES,RURAL,884.0,0.0,172.0,467,1003.0,5.1,Overstock,198.0,1171.0
RDT,DIAG,HEALTH CENTER,November,NO,URBAN,857.0,40.0,71.0,-528,198.0,8.6,Overstock,23.0,0.0
PYRA-COMP,PYRA,HEALTH CENTER,February,NO,URBAN,128.0,2.0,6.0,156,161.0,,Unknown,0.0,0.0
ACT-GC,ACT,HEALTH CENTER,November,NO,URBAN,1485.0,140.0,152.0,-122,1027.0,22.3,Overstock,46.0,3.0
ACT-AD,ACT,HEALTH CENTER,May,YES,RURAL,62.0,16.0,70.0,-88,300.0,25.0,Overstock,12.0,535.0
SP,SP,HEALTH CENTER,August,YES,URBAN,116.0,7.0,134.0,406,27.0,0.5,Critical,53.0,9.0
ACT-SC,ACT,HEALTH CENTER,May,YES,URBAN,23.0,4.0,6.0,268,24.0,24.0,Overstock,1.0,0.0
RDT,DIAG,HEALTH CENTER,February,NO,URBAN,808.0,91.0,224.0,-1,521.0,3.5,Adequate,149.0,116.0
ITN,PREV,HEALTH CENTER,August,YES,RURAL,3701.0,31.0,789.0,66,1248.0,2.4,Low,529.0,91.0
ART-INJ,ART,HEALTH CENTER,August,YES,RURAL,1462.0,0.0,137.0,-204,519.0,10.2,Overstock,51.0,5067.0
ITN,PREV,HEALTH CENTER,November,NO,RURAL,1118.0,19.0,427.0,-115,491.0,0.7,Critical,719.0,2596.0
ACT-SC,ACT,HOSPITAL,May,YES,RURAL,292.0,92.0,196.0,580,501.0,8.6,Overstock,58.0,6124.0
PYRA-COMP,PYRA,HEALTH CENTER,February,NO,RURAL,742.0,268.0,129.0,-486,592.0,23.7,Overstock,25.0,0.0
ACT-AD,ACT,HEALTH CENTER,August,YES,RURAL,2022.0,1.0,300.0,-221,1938.0,23.9,Overstock,81.0,1812.0
ACT-INF,ACT,HEALTH CENTER,May,YES,URBAN,1255.0,0.0,269.0,412,1127.0,4.1,Adequate,274.0,2434.0
ART-INJ,ART,HEALTH CENTER,May,YES,RURAL,216.0,696.0,327.0,-34,825.0,5.3,Overstock,155.0,65.0
ACT-SC,ACT,HEALTH CENTER,May,YES,RURAL,766.0,17.0,111.0,-305,193.0,0.9,Critical,224.0,427.0
PYRA-SAC,PYRA,HEALTH CENTER,November,NO,URBAN,113.0,407.0,82.0,-174,186.0,2.7,Low,69.0,1.0
ACT-INF,ACT,HEALTH CENTER,August,YES,RURAL,5888.0,119.0,432.0,-541,6550.0,20.0,Overstock,328.0,2641.0
ART-INJ,ART,HEALTH CENTER,May,YES,URBAN,2565.0,1.0,649.0,230,2395.0,3.2,Adequate,756.0,159.0
ART-INJ,ART,HOSPITAL,February,NO,URBAN,218.0,477.0,64.0,398,476.0,3.9,Adequate,121.0,0.0
ACT-INF,ACT,HEALTH CENTER,May,YES,URBAN,166.0,50.0,216.0,-334,990.0,6.6,Overstock,150.0,268.0
ACT-AD,ACT,HEALTH CENTER,May,YES,RURAL,107.0,0.0,27.0,-233,86.0,5.4,Overstock,16.0,0.0
RDT,DIAG,HEALTH CENTER,May,YES,RURAL,1583.0,0.0,315.0,600,722.0,1.8,Low,409.0,5109.0
ART-SUP,ART,HEALTH CENTER,May,YES,RURAL,366.0,0.0,74.0,883,114.0,4.4,Adequate,26.0,0.0
QUIN,SP,HEALTH CENTER,May,YES,RURAL,50.0,0.0,147.0,-327,159.0,1.3,Low,126.0,54.0
ART-INJ,ART,HEALTH CENTER,February,NO,RURAL,363.0,118.0,397.0,219,145.0,0.4,Critical,370.0,7513.0
QUIN,SP,HEALTH CENTER,May,YES,RURAL,29.0,0.0,25.0,602,40.0,10.0,Overstock,4.0,8.0
ART-SUP,ART,HOSPITAL,May,YES,URBAN,97.0,186.0,149.0,-83,76.0,0.3,Critical,283.0,7.0
ART-SUP,ART,HEALTH CENTER,August,YES,URBAN,35.0,20.0,58.0,-15,78.0,1.4,Low,56.0,527.0
QUIN,SP,HEALTH CENTER,November,NO,RURAL,754.0,1890.0,335.0,896,3686.0,53.4,Overstock,69.0,6.0
PYRA-SAC,PYRA,HEALTH CENTER,August,YES,URBAN,84.0,3.0,196.0,-719,73.0,0.2,Critical,375.0,2756.0
ITN,PREV,HEALTH CENTER,May,YES,RURAL,1261.0,0.0,215.0,-552,779.0,9.6,Overstock,81.0,1302.0
ART-SUP,ART,HEALTH CENTER,May,YES,URBAN,183.0,10.0,17.0,421,43.0,21.5,Overstock,2.0,0.0
QUIN,SP,HEALTH CENTER,August,YES,RURAL,4538.0,102.0,1168.0,-348,3322.0,6.7,Overstock,494.0,98.0
ACT-SC,ACT,HEALTH CENTER,November,NO,URBAN,2476.0,46.0,979.0,755,3773.0,4.9,Adequate,771.0,8.0
ART-INJ,ART,HOSPITAL,November,NO,RURAL,192.0,32.0,53.0,-466,203.0,20.3,Overstock,10.0,0.0
ART-SUP,ART,HEALTH CENTER,August,YES,RURAL,286.0,19.0,106.0,462,512.0,5.6,Overstock,91.0,184.0
RDT,DIAG,HEALTH CENTER,November,NO,RURAL,1317.0,1.0,331.0,127,538.0,1.1,Low,512.0,557.0
ART-INJ,ART,HEALTH CENTER,May,YES,URBAN,1252.0,9.0,285.0,14,340.0,1.3,Low,266.0,0.0
ACT-GC,ACT,HEALTH CENTER,August,YES,RURAL,438.0,0.0,21.0,-144,150.0,25.0,Overstock,6.0,0.0
ACT-GC,ACT,HEALTH CENTER,November,NO,RURAL,319.0,20.0,519.0,452,546.0,1.6,Low,337.0,193.0
ACT-GC,ACT,HOSPITAL,November,NO,RURAL,195.0,46.0,111.0,-39,519.0,7.0,Overstock,74.0,227.0
ACT-GC,ACT,HEALTH CENTER,May,YES,URBAN,1583.0,0.0,28.0,-304,451.0,4.7,Adequate,96.0,0.0
ACT-SC,ACT,HEALTH CENTER,November,NO,RURAL,435.0,0.0,367.0,589,249.0,0.5,Critical,470.0,870.0
ACT-INF,ACT,HOSPITAL,August,YES,RURAL,6171.0,792.0,1891.0,477,4851.0,2.7,Low,1827.0,4186.0
ACT-AD,ACT,HEALTH CENTER,February,NO,RURAL,581.0,3.0,9.0,617,649.0,162.2,Overstock,4.0,0.0
SP,SP,HOSPITAL,August,YES,RURAL,666.0,1.0,36.0,857,386.0,3.3,Adequate,116.0,133.0
ART-SUP,ART,HEALTH CENTER,February,NO,RURAL,2384.0,2012.0,474.0,-693,3077.0,5.1,Overstock,607.0,0.0
PYRA-COMP,PYRA,HOSPITAL,November,NO,RURAL,314.0,3.0,140.0,-436,168.0,1.0,Critical,160.0,2626.0
ART-SUP,ART,HEALTH CENTER,February,NO,RURAL,530.0,71.0,172.0,128,2061.0,20.0,Overstock,103.0,0.0
RDT,DIAG,HEALTH CENTER,November,NO,RURAL,948.0,759.0,787.0,-147,500.0,0.9,Critical,564.0,120.0
PYRA-SAC,PYRA,HEALTH CENTER,February,NO,RURAL,3.0,271.0,1.0,218,103.0,,Unknown,0.0,0.0
ACT-GC,ACT,HEALTH CENTER,May,YES,RURAL,253.0,5.0,227.0,-441,123.0,1.3,Low,94.0,1.0
PYRA-COMP,PYRA,HEALTH CENTER,November,NO,URBAN,1326.0,681.0,623.0,297,4648.0,11.9,Overstock,392.0,8946.0
ITN,PREV,HEALTH CENTER,May,YES,RURAL,151.0,0.0,183.0,-134,29.0,0.7,Critical,42.0,6707.0
QUIN,SP,HEALTH CENTER,August,YES,RURAL,3.0,0.0,6.0,388,71.0,17.8,Overstock,4.0,2.0
ART-SUP,ART,HEALTH CENTER,August,YES,URBAN,2082.0,612.0,270.0,-1014,2230.0,6.6,Overstock,340.0,13.0
ART-INJ,ART,HEALTH CENTER,August,YES,RURAL,131.0,133.0,58.0,490,281.0,31.2,Overstock,9.0,677.0
ACT-GC,ACT,HEALTH CENTER,May,YES,URBAN,3599.0,153.0,876.0,-508,3940.0,5.0,Adequate,781.0,0.0
ACT-INF,ACT,HEALTH CENTER,February,NO,URBAN,1781.0,16.0,301.0,261,110.0,0.6,Critical,183.0,200.0
SP,SP,HEALTH CENTER,November,NO,RURAL,6501.0,290.0,1350.0,-572,3901.0,2.5,Low,1585.0,74.0
ITN,PREV,HEALTH CENTER,May,YES,URBAN,618.0,494.0,720.0,-205,1791.0,4.5,Adequate,394.0,12487.0
ACT-SC,ACT,HEALTH CENTER,February,NO,RURAL,1014.0,0.0,175.0,-110,812.0,5.2,Overstock,157.0,2211.0
SP,SP,HEALTH CENTER,November,NO,RURAL,2045.0,0.0,156.0,-406,867.0,6.8,Overstock,128.0,491.0
ART-SUP,ART,HEALTH CENTER,February,NO,URBAN,78.0,0.0,44.0,-137,41.0,10.2,Overstock,4.0,0.0
ART-SUP,ART,HEALTH CENTER,May,YES,RURAL,2880.0,165.0,461.0,-395,869.0,1.6,Low,549.0,293.0
PYRA-COMP,PYRA,HEALTH CENTER,November,NO,URBAN,927.0,65.0,212.0,164,796.0,2.3,Low,353.0,77.0
ITN,PREV,HEALTH CENTER,May,YES,RURAL,427.0,219.0,417.0,198,605.0,2.1,Low,291.0,5485.0
ACT-AD,ACT,HEALTH CENTER,May,YES,RURAL,3468.0,2269.0,1385.0,-58,5149.0,4.5,Adequate,1139.0,9.0
PYRA-COMP,PYRA,HEALTH CENTER,February,NO,URBAN,57.0,252.0,16.0,-133,176.0,13.5,Overstock,13.0,3117.0
RDT,DIAG,HEALTH CENTER,August,YES,RURAL,49.0,280.0,187.0,-181,803.0,12.2,Overstock,66.0,2147.0
PYRA-SAC,PYRA,HOSPITAL,August,YES,RURAL,2708.0,56.0,211.0,-798,918.0,31.7,Overstock,29.0,0.0
ART-SUP,ART,HEALTH CENTER,February,NO,RURAL,786.0,10.0,193.0,-687,598.0,3.5,Adequate,172.0,9.0
ART-INJ,ART,HEALTH CENTER,November,NO,URBAN,451.0,681.0,249.0,163,1738.0,5.3,Overstock,331.0,0.0
SP,SP,HEALTH CENTER,November,NO,RURAL,674.0,0.0,60.0,97,175.0,4.4,Adequate,40.0,2.0
RDT,DIAG,HEALTH CENTER,May,YES,RURAL,119.0,0.0,23.0,477,142.0,6.2,Overstock,23.0,145.0
ITN,PREV,HEALTH CENTER,May,YES,RURAL,181.0,1.0,41.0,-441,183.0,1.3,Low,140.0,49.0
PYRA-COMP,PYRA,HEALTH CENTER,May,YES,RURAL,2474.0,203.0,389.0,-3,2044.0,4.1,Adequate,499.0,0.0
ACT-AD,ACT,HEALTH CENTER,August,YES,RURAL,54.0,0.0,6.0,-741,5.0,,Unknown,0.0,28.0
ACT-GC,ACT,HEALTH CENTER,May,YES,RURAL,334.0,0.0,5.0,-653,29.0,29.0,Overstock,1.0,0.0
ACT-AD,ACT,HEALTH CENTER,February,NO,RURAL,405.0,1037.0,42.0,38,379.0,11.8,Overstock,32.0,27.0
RDT,DIAG,HEALTH CENTER,February,NO,RURAL,348.0,0.0,285.0,367,202.0,0.6,Critical,344.0,3006.0
ART-INJ,ART,HOSPITAL,November,NO,URBAN,1811.0,29.0,186.0,-820,1247.0,24.0,Overstock,52.0,33.0
ACT-AD,ACT,HEALTH CENTER,November,NO,RURAL,213.0,642.0,94.0,-419,107.0,1.1,Low,95.0,72.0
RDT,DIAG,HEALTH CENTER,May,YES,RURAL,6998.0,1.0,1194.0,-69,1518.0,1.5,Low,1022.0,17.0
PYRA-COMP,PYRA,HEALTH CENTER,August,YES,RURAL,5826.0,1103.0,678.0,166,2892.0,4.9,Adequate,591.0,1228.0
ART-SUP,ART,HEALTH CENTER,August,YES,RURAL,1164.0,194.0,211.0,191,1437.0,15.5,Overstock,93.0,37.0
ACT-INF,ACT,HEALTH CENTER,November,NO,RURAL,835.0,100.0,164.0,213,648.0,1.9,Low,349.0,49.0
ACT-GC,ACT,HEALTH CENTER,November,NO,RURAL,1590.0,0.0,350.0,-118,384.0,12.8,Overstock,30.0,3.0
ACT-GC,ACT,HEALTH CENTER,August,YES,URBAN,615.0,71.0,215.0,387,377.0,1.9,Low,197.0,3.0
QUIN,SP,HEALTH CENTER,May,YES,URBAN,1032.0,1162.0,281.0,-188,2060.0,8.3,Overstock,249.0,707.0
ART-INJ,ART,HEALTH CENTER,August,YES,RURAL,310.0,2439.0,1077.0,511,2182.0,3.1,Adequate,710.0,2685.0
ART-INJ,ART,HEALTH CENTER,February,NO,RURAL,150.0,532.0,36.0,79,34.0,0.5,Critical,66.0,2.0
ART-SUP,ART,HEALTH CENTER,November,NO,RURAL,2976.0,33.0,793.0,-243,2542.0,2.8,Low,906.0,408.0
ART-SUP,ART,HEALTH CENTER,August,YES,RURAL,2313.0,612.0,747.0,261,4313.0,2.5,Low,1706.0,3523.0
SP,SP,HEALTH CENTER,August,YES,RURAL,713.0,0.0,27.0,853,280.0,,Unknown,0.0,0.0
PYRA-COMP,PYRA,HEALTH CENTER,February,NO,URBAN,12.0,1.0,2.0,-301,21.0,7.0,Overstock,3.0,583.0
ACT-AD,ACT,HEALTH CENTER,August,YES,RURAL,5066.0,609.0,1130.0,204,2676.0,2.0,Low,1336.0,2176.0
ACT-AD,ACT,HEALTH CENTER,May,YES,RURAL,70.0,613.0,49.0,605,635.0,12.7,Overstock,50.0,0.0
ART-INJ,ART,HEALTH CENTER,August,YES,URBAN,187.0,17.0,1.0,295,59.0,59.0,Overstock,1.0,0.0
ACT-INF,ACT,HEALTH CENTER,February,NO,RURAL,398.0,0.0,11.0,-562,478.0,79.7,Overstock,6.0,0.0
ACT-SC,ACT,HEALTH CENTER,August,YES,RURAL,1004.0,105.0,242.0,-143,969.0,5.0,Adequate,195.0,3.0
ART-INJ,ART,HEALTH CENTER,May,YES,URBAN,6901.0,1069.0,2068.0,-308,7634.0,2.7,Low,2835.0,192.0
SP,SP,HEALTH CENTER,February,NO,RURAL,95.0,33.0,120.0,189,1335.0,26.2,Overstock,51.0,2048.0
ACT-AD,ACT,HEALTH CENTER,February,NO,URBAN,57.0,118.0,42.0,191,343.0,9.8,Overstock,35.0,622.0
ACT-SC,ACT,HEALTH CENTER,November,NO,RURAL,1258.0,0.0,38.0,153,1018.0,18.2,Overstock,56.0,39.0
ART-SUP,ART,HEALTH CENTER,November,NO,RURAL,1443.0,309.0,250.0,-109,3015.0,9.2,Overstock,327.0,0.0
ACT-INF,ACT,HEALTH CENTER,February,NO,URBAN,881.0,0.0,69.0,-266,102.0,1.6,Low,65.0,7.0
ART-INJ,ART,HEALTH CENTER,May,YES,URBAN,245.0,5.0,109.0,-224,7.0,0.4,Critical,19.0,461.0
ACT-AD,ACT,HOSPITAL,November,NO,RURAL,108.0,2484.0,41.0,43,53.0,2.4,Low,22.0,0.0
PYRA-COMP,PYRA,HEALTH CENTER,February,NO,RURAL,958.0,808.0,666.0,729,2244.0,7.4,Overstock,303.0,10209.0
ART-INJ,ART,HEALTH CENTER,February,NO,RURAL,4545.0,19.0,351.0,251,2030.0,7.4,Overstock,274.0,385.0
ART-INJ,ART,HOSPITAL,February,NO,RURAL,170.0,1.0,159.0,428,64.0,0.2,Critical,310.0,3133.0
ITN,PREV,HEALTH CENTER,May,YES,RURAL,1024.0,15.0,273.0,277,2599.0,49.0,Overstock,53.0,0.0
RDT,DIAG,HEALTH CENTER,November,NO,RURAL,529.0,260.0,172.0,-13,528.0,2.3,Low,234.0,0.0
RDT,DIAG,HEALTH CENTER,November,NO,RURAL,315.0,2.0,20.0,-503,110.0,,Unknown,0.0,0.0
RDT,DIAG,HEALTH CENTER,August,YES,RURAL,116.0,12.0,159.0,286,255.0,3.5,Adequate,72.0,43.0
PYRA-SAC,PYRA,HEALTH CENTER,February,NO,RURAL,654.0,288.0,608.0,623,1330.0,1.8,Low,757.0,0.0
ACT-SC,ACT,HEALTH CENTER,November,NO,URBAN,602.0,459.0,288.0,-205,690.0,9.2,Overstock,75.0,40.0
ACT-INF,ACT,HEALTH CENTER,February,NO,URBAN,1504.0,2.0,667.0,-406,158.0,0.1,Critical,1069.0,690.0
PYRA-COMP,PYRA,HOSPITAL,May,YES,RURAL,4050.0,91.0,927.0,395,1865.0,3.8,Adequate,488.0,393.0
PYRA-COMP,PYRA,HEALTH CENTER,August,YES,RURAL,147.0,0.0,358.0,603,107.0,0.5,Critical,229.0,5681.0
ACT-SC,ACT,HEALTH CENTER,November,NO,RURAL,2038.0,49.0,426.0,62,3385.0,16.4,Overstock,207.0,0.0
PYRA-COMP,PYRA,HEALTH CENTER,August,YES,RURAL,1854.0,37.0,534.0,212,1059.0,6.3,Overstock,169.0,9.0
PYRA-SAC,PYRA,HEALTH CENTER,August,YES,RURAL,1074.0,1.0,101.0,-452,169.0,2.9,Low,58.0,0.0
PYRA-SAC,PYRA,HEALTH CENTER,February,NO,RURAL,333.0,456.0,29.0,65,991.0,38.1,Overstock,26.0,0.0
ART-SUP,ART,HEALTH CENTER,November,NO,RURAL,378.0,5.0,74.0,-71,211.0,12.4,Overstock,17.0,0.0
ART-INJ,ART,HOSPITAL,August,YES,URBAN,832.0,1759.0,430.0,42,2098.0,7.3,Overstock,289.0,14.0
ACT-SC,ACT,HEALTH CENTER,November,NO,RURAL,466.0,409.0,279.0,57,818.0,1.9,Low,437.0,261.0
RDT,DIAG,HEALTH CENTER,August,YES,RURAL,129.0,1.0,83.0,55,16.0,0.6,Critical,27.0,201.0
PYRA-COMP,PYRA,HEALTH CENTER,February,NO,RURAL,1295.0,0.0,241.0,230,1403.0,4.4,Adequate,316.0,11.0
QUIN,SP,HEALTH CENTER,August,YES,RURAL,204.0,2.0,72.0,-191,52.0,4.0,Adequate,13.0,2944.0
PYRA-SAC,PYRA,HEALTH CENTER,February,NO,URBAN,466.0,0.0,9.0,953,205.0,205.0,Overstock,1.0,32.0
ITN,PREV,HEALTH CENTER,May,YES,RURAL,382.0,1.0,121.0,90,2021.0,5.3,Overstock,384.0,142.0
PYRA-COMP,PYRA,HEALTH CENTER,February,NO,URBAN,390.0,609.0,189.0,120,219.0,2.5,Low,88.0,2846.0
ACT-SC,ACT,HEALTH CENTER,August,YES,RURAL,980.0,151.0,222.0,-131,1176.0,4.5,Adequate,264.0,105.0
ART-SUP,ART,HEALTH CENTER,August,YES,RURAL,4582.0,32.0,580.0,65,3131.0,17.8,Overstock,176.0,0.0
PYRA-SAC,PYRA,HEALTH CENTER,May,YES,URBAN,514.0,0.0,383.0,-55,217.0,1.3,Low,162.0,334.0
ART-INJ,ART,HEALTH CENTER,February,NO,RURAL,12.0,10.0,18.0,38,17.0,8.5,Overstock,2.0,156.0
RDT,DIAG,HEALTH CENTER,August,YES,URBAN,228.0,6.0,68.0,369,122.0,4.2,Adequate,29.0,0.0
SP,SP,HEALTH CENTER,May,YES,RURAL,1372.0,16.0,163.0,-151,392.0,4.7,Adequate,84.0,795.0
QUIN,SP,HEALTH CENTER,February,NO,RURAL,502.0,0.0,73.0,-219,1132.0,66.6,Overstock,17.0,0.0
ART-SUP,ART,HEALTH CENTER,May,YES,URBAN,2579.0,2449.0,457.0,139,3116.0,36.7,Overstock,85.0,0.0
ACT-SC,ACT,HEALTH CENTER,November,NO,RURAL,1359.0,29.0,182.0,39,647.0,1.2,Low,556.0,332.0
PYRA-SAC,PYRA,HEALTH CENTER,August,YES,RURAL,1064.0,10.0,271.0,-439,1368.0,11.2,Overstock,122.0,1.0
ACT-SC,ACT,HOSPITAL,November,NO,RURAL,7006.0,0.0,1185.0,-160,4791.0,7.2,Overstock,670.0,506.0
ITN,PREV,HEALTH CENTER,November,NO,URBAN,407.0,973.0,12.0,290,876.0,292.0,Overstock,3.0,0.0
ACT-AD,ACT,HEALTH CENTER,February,NO,URBAN,1096.0,986.0,368.0,-423,2865.0,20.8,Overstock,138.0,0.0
ART-SUP,ART,HEALTH CENTER,May,YES,URBAN,1482.0,288.0,191.0,-238,1813.0,11.3,Overstock,160.0,649.0
PYRA-SAC,PYRA,HEALTH CENTER,February,NO,RURAL,105.0,36.0,203.0,634,60.0,0.5,Critical,128.0,8543.0
ACT-GC,ACT,HEALTH CENTER,May,YES,RURAL,257.0,2.0,137.0,-343,274.0,2.6,Low,105.0,0.0
ACT-GC,ACT,HEALTH CENTER,August,YES,URBAN,2500.0,136.0,760.0,45,2060.0,2.6,Low,807.0,3132.0
PYRA-SAC,PYRA,HEALTH CENTER,November,NO,RURAL,1489.0,252.0,172.0,-205,542.0,22.6,Overstock,24.0,438.0
ACT-GC,ACT,HEALTH CENTER,May,YES,RURAL,1911.0,154.0,598.0,-409,1617.0,2.9,Low,559.0,844.0
RDT,DIAG,HEALTH CENTER,August,YES,RURAL,570.0,137.0,280.0,449,631.0,6.5,Overstock,97.0,0.0
SP,SP,HEALTH CENTER,August,YES,RURAL,3238.0,106.0,491.0,-481,1791.0,4.7,Adequate,381.0,1111.0
ART-INJ,ART,HEALTH CENTER,November,NO,RURAL,26.0,0.0,61.0,-617,6.0,0.3,Critical,18.0,0.0
RDT,DIAG,HEALTH CENTER,November,NO,RURAL,1018.0,77.0,117.0,-129,48.0,0.5,Critical,89.0,8269.0
ACT-INF,ACT,HEALTH CENTER,November,NO,RURAL,169.0,61.0,13.0,-432,98.0,32.7,Overstock,3.0,0.0
QUIN,SP,HEALTH CENTER,November,NO,RURAL,5068.0,600.0,1803.0,-525,5863.0,3.7,Adequate,1592.0,8.0
ACT-GC,ACT,HEALTH CENTER,August,YES,URBAN,395.0,6.0,154.0,537,279.0,10.0,Overstock,28.0,0.0
ACT-INF,ACT,HEALTH CENTER,May,YES,RURAL,4373.0,3.0,547.0,-555,2469.0,6.3,Overstock,393.0,0.0
PYRA-COMP,PYRA,HEALTH CENTER,May,YES,RURAL,70.0,70.0,90.0,75,88.0,2.1,Low,42.0,1087.0
ART-SUP,ART,HEALTH CENTER,November,NO,RURAL,1381.0,473.0,89.0,159,619.0,17.2,Overstock,36.0,104.0
RDT,DIAG,HEALTH CENTER,November,NO,URBAN,1349.0,14.0,156.0,-31,663.0,4.2,Adequate,159.0,604.0
ACT-GC,ACT,HEALTH CENTER,November,NO,RURAL,1882.0,1303.0,258.0,158,1691.0,19.2,Overstock,88.0,8.0
RDT,DIAG,HEALTH CENTER,August,YES,RURAL,1921.0,529.0,491.0,445,1776.0,9.7,Overstock,183.0,134.0
PYRA-COMP,PYRA,HEALTH CENTER,May,YES,RURAL,233.0,657.0,61.0,-28,346.0,12.8,Overstock,27.0,3.0
PYRA-SAC,PYRA,HEALTH CENTER,February,NO,URBAN,273.0,129.0,48.0,545,161.0,4.6,Adequate,35.0,263.0
ACT-INF,ACT,HEALTH CENTER,May,YES,RURAL,3713.0,67.0,983.0,235,6671.0,3.8,Adequate,1756.0,22.0
ART-SUP,ART,HEALTH CENTER,February,NO,RURAL,0.0,0.0,0.0,210,1.0,,Unknown,0.0,7.0
ACT-GC,ACT,HEALTH CENTER,May,YES,URBAN,1800.0,109.0,356.0,77,2587.0,10.5,Overstock,247.0,28.0
SP,SP,HOSPITAL,February,NO,RURAL,341.0,326.0,114.0,264,2111.0,18.8,Overstock,112.0,2290.0
QUIN,SP,HEALTH CENTER,August,YES,RURAL,3920.0,114.0,531.0,216,2310.0,10.1,Overstock,229.0,0.0
ACT-AD,ACT,HEALTH CENTER,February,NO,RURAL,465.0,361.0,369.0,308,871.0,2.0,Low,440.0,834.0
ACT-GC,ACT,HEALTH CENTER,May,YES,URBAN,87.0,3.0,23.0,82,904.0,33.5,Overstock,27.0,1.0
ACT-SC,ACT,HEALTH CENTER,November,NO,RURAL,94.0,8.0,174.0,-122,368.0,2.5,Low,145.0,95.0
ACT-GC,ACT,HEALTH CENTER,November,NO,URBAN,3174.0,110.0,664.0,186,3371.0,9.7,Overstock,347.0,0.0
SP,SP,HEALTH CENTER,February,NO,RURAL,248.0,4.0,316.0,524,437.0,1.7,Low,257.0,5105.0
PYRA-COMP,PYRA,HEALTH CENTER,August,YES,RURAL,160.0,0.0,5.0,71,33.0,16.5,Overstock,2.0,10063.0
ART-SUP,ART,HEALTH CENTER,November,NO,RURAL,2113.0,1.0,206.0,491,1017.0,10.9,Overstock,93.0,28.0
PYRA-SAC,PYRA,HOSPITAL,May,YES,URBAN,18.0,659.0,185.0,125,226.0,2.7,Low,83.0,1686.0
ART-SUP,ART,HEALTH CENTER,February,NO,URBAN,930.0,0.0,382.0,-565,722.0,2.4,Low,302.0,0.0
PYRA-SAC,PYRA,HEALTH CENTER,February,NO,RURAL,93.0,18.0,0.0,261,88.0,,Unknown,0.0,0.0
RDT,DIAG,HEALTH CENTER,May,YES,RURAL,2858.0,27.0,581.0,395,5590.0,14.3,Overstock,390.0,194.0
ACT-GC,ACT,HEALTH CENTER,August,YES,RURAL,1217.0,0.0,216.0,-251,1894.0,9.4,Overstock,202.0,1134.0
PYRA-COMP,PYRA,HEALTH CENTER,February,NO,URBAN,1182.0,6.0,145.0,178,2034.0,10.8,Overstock,189.0,0.0
QUIN,SP,HEALTH CENTER,February,NO,RURAL,4632.0,617.0,1151.0,156,3306.0,2.6,Low,1260.0,193.0
SP,SP,HEALTH CENTER,February,NO,RURAL,2576.0,22.0,1148.0,372,2944.0,3.3,Adequate,905.0,259.0
ACT-INF,ACT,HOSPITAL,February,NO,RURAL,470.0,1558.0,429.0,-259,2214.0,3.0,Adequate,742.0,1065.0
ACT-SC,ACT,HEALTH CENTER,February,NO,RURAL,1850.0,17.0,309.0,-87,806.0,7.1,Overstock,114.0,12.0
RDT,DIAG,HOSPITAL,August,YES,RURAL,634.0,38.0,143.0,-379,727.0,9.0,Overstock,81.0,439.0
SP,SP,HOSPITAL,November,NO,RURAL,1515.0,40.0,1129.0,-174,994.0,1.1,Low,889.0,6.0
ART-INJ,ART,HEALTH CENTER,August,YES,RURAL,123.0,5.0,35.0,-39,55.0,7.9,Overstock,7.0,6.0
PYRA-COMP,PYRA,HEALTH CENTER,November,NO,RURAL,1145.0,2.0,111.0,-384,1467.0,41.9,Overstock,35.0,0.0
PYRA-SAC,PYRA,HOSPITAL,November,NO,URBAN,4109.0,1378.0,211.0,-378,2167.0,11.3,Overstock,191.0,0.0
ACT-AD,ACT,HOSPITAL,February,NO,RURAL,4770.0,1266.0,1332.0,-200,4081.0,3.5,Adequate,1170.0,516.0
SP,SP,HEALTH CENTER,May,YES,RURAL,9043.0,192.0,2160.0,-291,6760.0,3.2,Adequate,2117.0,709.0
SP,SP,HEALTH CENTER,November,NO,RURAL,5592.0,241.0,649.0,510,5285.0,18.7,Overstock,282.0,0.0
PYRA-COMP,PYRA,HEALTH CENTER,August,YES,URBAN,3219.0,474.0,201.0,-112,3164.0,22.8,Overstock,139.0,0.0
ACT-INF,ACT,HEALTH CENTER,February,NO,RURAL,25.0,8.0,196.0,-192,146.0,1.0,Critical,146.0,249.0
ACT-GC,ACT,HEALTH CENTER,November,NO,RURAL,1556.0,1.0,304.0,616,1559.0,6.4,Overstock,244.0,31.0
PYRA-COMP,PYRA,HEALTH CENTER,August,YES,URBAN,227.0,69.0,400.0,-147,681.0,2.8,Low,242.0,4127.0
ART-INJ,ART,HEALTH CENTER,February,NO,RURAL,562.0,268.0,119.0,122,739.0,5.4,Overstock,138.0,40.0
ACT-SC,ACT,HEALTH CENTER,November,NO,RURAL,357.0,0.0,82.0,-261,221.0,3.5,Adequate,63.0,2413.0
RDT,DIAG,HEALTH CENTER,August,YES,URBAN,369.0,5.0,326.0,993,473.0,3.3,Adequate,145.0,2070.0
SP,SP,HEALTH CENTER,November,NO,RURAL,30.0,0.0,1.0,-29,1.0,,Unknown,0.0,55.0
ACT-GC,ACT,HEALTH CENTER,November,NO,RURAL,3176.0,0.0,344.0,179,1725.0,15.3,Overstock,113.0,18.0
RDT,DIAG,HEALTH CENTER,August,YES,RURAL,199.0,178.0,380.0,68,192.0,0.6,Critical,325.0,885.0
ACT-INF,ACT,HOSPITAL,May,YES,RURAL,1292.0,15.0,615.0,-76,2640.0,3.7,Adequate,706.0,1309.0
ART-INJ,ART,HEALTH CENTER,February,NO,RURAL,820.0,2.0,361.0,-642,1017.0,8.9,Overstock,114.0,0.0
SP,SP,HEALTH CENTER,May,YES,RURAL,3.0,0.0,0.0,514,15.0,,Unknown,0.0,0.0
PYRA-COMP,PYRA,HEALTH CENTER,November,NO,RURAL,71.0,0.0,21.0,-1117,81.0,10.1,Overstock,8.0,21.0
ACT-GC,ACT,HEALTH CENTER,August,YES,URBAN,496.0,684.0,568.0,623,1854.0,2.9,Low,632.0,9.0
ACT-INF,ACT,HOSPITAL,May,YES,URBAN,722.0,21.0,476.0,-103,1007.0,3.0,Adequate,339.0,584.0
ITN,PREV,HEALTH CENTER,November,NO,RURAL,767.0,24.0,428.0,-145,775.0,2.7,Low,291.0,18.0
ART-SUP,ART,HEALTH CENTER,August,YES,URBAN,2699.0,39.0,475.0,1,485.0,2.4,Low,198.0,0.0
ACT-GC,ACT,HEALTH CENTER,August,YES,RURAL,13.0,0.0,3.0,-385,89.0,29.7,Overstock,3.0,0.0
ITN,PREV,HEALTH CENTER,August,YES,RURAL,653.0,111.0,87.0,-158,470.0,8.9,Overstock,53.0,71.0
QUIN,SP,HOSPITAL,February,NO,URBAN,320.0,832.0,390.0,-106,882.0,6.5,Overstock,136.0,114.0
RDT,DIAG,HEALTH CENTER,August,YES,RURAL,1493.0,185.0,584.0,133,1454.0,2.5,Low,572.0,450.0
ACT-AD,ACT,HOSPITAL,November,NO,URBAN,744.0,282.0,78.0,-367,558.0,10.0,Overstock,56.0,0.0
ART-SUP,ART,HEALTH CENTER,May,YES,RURAL,2101.0,1797.0,160.0,-371,4488.0,33.0,Overstock,136.0,0.0
ACT-GC,ACT,HEALTH CENTER,November,NO,RURAL,2767.0,33.0,668.0,370,3463.0,8.9,Overstock,390.0,1328.0
ACT-SC,ACT,HOSPITAL,February,NO,RURAL,2144.0,165.0,536.0,-196,904.0,2.0,Low,458.0,3.0
SP,SP,HEALTH CENTER,May,YES,RURAL,1535.0,2233.0,889.0,640,3576.0,1.9,Low,1889.0,137.0
ITN,PREV,HEALTH CENTER,February,NO,URBAN,940.0,524.0,192.0,313,2730.0,30.0,Overstock,91.0,0.0
ART-INJ,ART,HEALTH CENTER,August,YES,URBAN,600.0,59.0,13.0,742,1321.0,440.3,Overstock,3.0,0.0
ACT-GC,ACT,HEALTH CENTER,August,YES,URBAN,2062.0,306.0,569.0,146,1247.0,2.6,Low,482.0,815.0
SP,SP,HEALTH CENTER,August,YES,RURAL,2002.0,39.0,342.0,483,1867.0,45.5,Overstock,41.0,237.0
ITN,PREV,HEALTH CENTER,August,YES,URBAN,336.0,83.0,53.0,89,1495.0,87.9,Overstock,17.0,92.0
PYRA-COMP,PYRA,HEALTH CENTER,February,NO,RURAL,6481.0,10.0,527.0,15,2427.0,5.3,Overstock,455.0,5.0
PYRA-SAC,PYRA,HEALTH CENTER,February,NO,URBAN,1108.0,612.0,253.0,-438,1316.0,6.1,Overstock,214.0,1384.0
ACT-INF,ACT,HEALTH CENTER,February,NO,RURAL,989.0,4.0,63.0,-163,461.0,9.0,Overstock,51.0,28.0
PYRA-SAC,PYRA,HEALTH CENTER,May,YES,RURAL,65.0,709.0,52.0,-19,19.0,1.0,Critical,20.0,1.0
SP,SP,HEALTH CENTER,November,NO,URBAN,637.0,23.0,114.0,622,672.0,29.2,Overstock,23.0,0.0
ITN,PREV,HEALTH CENTER,November,NO,URBAN,882.0,430.0,30.0,467,1568.0,224.0,Overstock,7.0,0.0
ART-SUP,ART,HEALTH CENTER,May,YES,RURAL,109.0,54.0,18.0,-136,463.0,24.4,Overstock,19.0,2284.0
SP,SP,HEALTH CENTER,November,NO,RURAL,370.0,291.0,189.0,-148,842.0,8.3,Overstock,102.0,0.0
ACT-INF,ACT,HEALTH CENTER,November,NO,URBAN,152.0,0.0,89.0,-410,26.0,0.7,Critical,38.0,580.0
SP,SP,HEALTH CENTER,November,NO,RURAL,306.0,0.0,88.0,450,88.0,0.4,Critical,231.0,0.0
PYRA-SAC,PYRA,HEALTH CENTER,August,YES,RURAL,1831.0,346.0,1402.0,-333,3216.0,2.1,Low,1496.0,734.0
PYRA-COMP,PYRA,HEALTH CENTER,August,YES,URBAN,215.0,82.0,86.0,531,179.0,1.1,Low,163.0,295.0
QUIN,SP,HEALTH CENTER,August,YES,RURAL,136.0,53.0,44.0,103,293.0,22.5,Overstock,13.0,25.0
ACT-GC,ACT,HEALTH CENTER,February,NO,RURAL,5.0,0.0,38.0,242,4.0,0.2,Critical,20.0,2064.0
QUIN,SP,HEALTH CENTER,August,YES,URBAN,28.0,0.0,23.0,-233,92.0,3.7,Adequate,25.0,378.0
ART-INJ,ART,HOSPITAL,May,YES,RURAL,253.0,562.0,97.0,73,234.0,3.2,Adequate,72.0,3.0
QUIN,SP,HEALTH CENTER,November,NO,RURAL,4978.0,0.0,391.0,-927,2682.0,9.5,Overstock,281.0,406.0
ACT-SC,ACT,HEALTH CENTER,February,NO,RURAL,10661.0,8.0,748.0,-707,3804.0,8.6,Overstock,440.0,10.0
ART-SUP,ART,HEALTH CENTER,February,NO,RURAL,826.0,139.0,173.0,296,1985.0,18.4,Overstock,108.0,0.0
ACT-AD,ACT,HEALTH CENTER,February,NO,RURAL,2121.0,0.0,137.0,-482,1015.0,20.7,Overstock,49.0,51.0
ACT-INF,ACT,HEALTH CENTER,May,YES,RURAL,980.0,568.0,296.0,657,963.0,1.6,Low,588.0,648.0
PYRA-SAC,PYRA,HEALTH CENTER,February,NO,RURAL,2896.0,714.0,453.0,85,2579.0,8.2,Overstock,316.0,0.0
QUIN,SP,HEALTH CENTER,May,YES,URBAN,67.0,787.0,27.0,-302,333.0,83.2,Overstock,4.0,1.0
RDT,DIAG,HOSPITAL,November,NO,RURAL,1648.0,25.0,264.0,-65,2055.0,17.4,Overstock,118.0,0.0
ACT-AD,ACT,HEALTH CENTER,November,NO,URBAN,5.0,0.0,1.0,6,1.0,,Unknown,0.0,0.0
ACT-INF,ACT,HEALTH CENTER,February,NO,URBAN,211.0,833.0,171.0,195,1079.0,15.0,Overstock,72.0,1.0
PYRA-SAC,PYRA,HEALTH CENTER,November,NO,URBAN,251.0,15.0,421.0,622,223.0,1.0,Critical,219.0,560.0
ACT-SC,ACT,HEALTH CENTER,August,YES,URBAN,1683.0,1023.0,195.0,-427,3348.0,14.6,Overstock,229.0,0.0
ACT-SC,ACT,HEALTH CENTER,May,YES,URBAN,563.0,612.0,132.0,661,1881.0,36.2,Overstock,52.0,3.0
RDT,DIAG,HEALTH CENTER,February,NO,URBAN,7590.0,1924.0,2607.0,557,8039.0,5.7,Overstock,1407.0,0.0
ACT-AD,ACT,HEALTH CENTER,February,NO,RURAL,67.0,3.0,95.0,-404,65.0,1.9,Low,34.0,0.0
SP,SP,HOSPITAL,May,YES,RURAL,755.0,6.0,848.0,289,1338.0,2.2,Low,602.0,1242.0
ACT-GC,ACT,HOSPITAL,May,YES,RURAL,1812.0,7.0,108.0,334,446.0,3.4,Adequate,132.0,0.0
SP,SP,HEALTH CENTER,November,NO,RURAL,58.0,0.0,47.0,366,13.0,0.2,Critical,59.0,2320.0
ACT-SC,ACT,HEALTH CENTER,May,YES,RURAL,2283.0,44.0,411.0,-472,3743.0,10.0,Overstock,374.0,0.0
SP,SP,HEALTH CENTER,May,YES,RURAL,644.0,66.0,18.0,17,781.0,781.0,Overstock,1.0,0.0
ACT-AD,ACT,HEALTH CENTER,February,NO,RURAL,48.0,13.0,13.0,320,10.0,0.5,Critical,22.0,429.0
ACT-SC,ACT,HEALTH CENTER,November,NO,URBAN,2528.0,3.0,1114.0,670,1064.0,1.2,Low,881.0,1860.0
QUIN,SP,HOSPITAL,May,YES,URBAN,90.0,0.0,18.0,-222,20.0,0.6,Critical,36.0,14.0
ACT-INF,ACT,HEALTH CENTER,February,NO,URBAN,962.0,27.0,1095.0,24,1990.0,1.4,Low,1434.0,2025.0
ITN,PREV,HEALTH CENTER,February,NO,RURAL,255.0,187.0,239.0,183,169.0,0.8,Critical,210.0,483.0
RDT,DIAG,HOSPITAL,May,YES,RURAL,1372.0,430.0,1665.0,16,1860.0,1.1,Low,1624.0,3699.0
ART-INJ,ART,HEALTH CENTER,May,YES,RURAL,141.0,34.0,63.0,521,155.0,3.7,Adequate,42.0,57.0
ACT-GC,ACT,HEALTH CENTER,August,YES,RURAL,436.0,1.0,378.0,-64,699.0,1.6,Low,431.0,727.0
ITN,PREV,HEALTH CENTER,May,YES,RURAL,383.0,0.0,90.0,-367,83.0,0.6,Critical,138.0,1.0
PYRA-SAC,PYRA,HEALTH CENTER,May,YES,RURAL,2000.0,1003.0,433.0,-492,1379.0,5.5,Overstock,250.0,339.0
ACT-GC,ACT,HEALTH CENTER,November,NO,URBAN,534.0,0.0,295.0,-161,997.0,2.8,Low,356.0,101.0
ACT-GC,ACT,HEALTH CENTER,May,YES,RURAL,3204.0,1213.0,437.0,-283,4114.0,13.0,Overstock,317.0,46.0
ACT-AD,ACT,HEALTH CENTER,February,NO,URBAN,724.0,6.0,87.0,-438,865.0,432.5,Overstock,2.0,0.0
ACT-SC,ACT,HEALTH CENTER,August,YES,RURAL,112.0,51.0,18.0,-150,674.0,,Unknown,0.0,0.0
RDT,DIAG,HEALTH CENTER,February,NO,RURAL,1447.0,0.0,134.0,252,479.0,3.6,Adequate,132.0,1866.0
ACT-INF,ACT,HOSPITAL,May,YES,RURAL,449.0,3.0,111.0,-386,2447.0,9.0,Overstock,272.0,329.0
ART-INJ,ART,HEALTH CENTER,August,YES,URBAN,334.0,29.0,14.0,-97,975.0,108.3,Overstock,9.0,231.0
ACT-SC,ACT,HEALTH CENTER,May,YES,RURAL,1016.0,53.0,148.0,-547,562.0,3.3,Adequate,168.0,38.0
ART-SUP,ART,HEALTH CENTER,August,YES,RURAL,1240.0,0.0,163.0,-604,1218.0,3.3,Adequate,372.0,2762.0
ACT-INF,ACT,HOSPITAL,February,NO,RURAL,97.0,9.0,13.0,75,52.0,10.4,Overstock,5.0,15.0
SP,SP,HEALTH CENTER,May,YES,RURAL,348.0,42.0,631.0,765,179.0,0.4,Critical,459.0,8968.0
ACT-INF,ACT,HEALTH CENTER,February,NO,RURAL,74.0,0.0,4.0,-546,1.0,0.1,Critical,13.0,199.0
PYRA-COMP,PYRA,HEALTH CENTER,May,YES,RURAL,1249.0,106.0,429.0,137,2015.0,3.7,Adequate,548.0,15.0
ACT-AD,ACT,HEALTH CENTER,May,YES,RURAL,643.0,110.0,260.0,269,891.0,2.4,Low,374.0,246.0
ACT-GC,ACT,HEALTH CENTER,February,NO,RURAL,61.0,41.0,5.0,78,65.0,65.0,Overstock,1.0,0.0
RDT,DIAG,HEALTH CENTER,February,NO,URBAN,2699.0,1.0,687.0,167,1159.0,3.1,Adequate,378.0,0.0
ART-SUP,ART,HEALTH CENTER,August,YES,URBAN,209.0,1420.0,997.0,552,1633.0,1.7,Low,958.0,5814.0
ITN,PREV,HEALTH CENTER,November,NO,RURAL,28.0,6.0,13.0,199,27.0,6.8,Overstock,4.0,0.0
SP,SP,HEALTH CENTER,May,YES,RURAL,1.0,0.0,1.0,252,2.0,2.0,Low,1.0,1.0
ACT-AD,ACT,HEALTH CENTER,November,NO,RURAL,661.0,5.0,148.0,-93,376.0,7.5,Overstock,50.0,406.0
ACT-SC,ACT,HEALTH CENTER,August,YES,URBAN,835.0,2.0,276.0,-233,351.0,2.4,Low,144.0,8.0
PYRA-COMP,PYRA,HEALTH CENTER,November,NO,RURAL,82.0,68.0,85.0,-383,303.0,1.1,Low,271.0,0.0
ART-INJ,ART,HEALTH CENTER,May,YES,RURAL,82.0,230.0,16.0,-454,7.0,2.3,Low,3.0,2.0
ACT-GC,ACT,HOSPITAL,February,NO,URBAN,563.0,43.0,267.0,-199,1512.0,3.2,Adequate,468.0,2.0
SP,SP,HEALTH CENTER,February,NO,URBAN,4781.0,1.0,988.0,-277,1595.0,1.5,Low,1091.0,5992.0
ACT-AD,ACT,HEALTH CENTER,May,YES,RURAL,3858.0,18.0,937.0,228,2436.0,3.6,Adequate,668.0,79.0
ACT-GC,ACT,HEALTH CENTER,November,NO,URBAN,121.0,75.0,218.0,-977,833.0,4.7,Adequate,179.0,0.0
PYRA-SAC,PYRA,HEALTH CENTER,August,YES,URBAN,292.0,53.0,129.0,67,1432.0,22.4,Overstock,64.0,10.0
QUIN,SP,HEALTH CENTER,February,NO,RURAL,108.0,21.0,158.0,469,559.0,1.9,Low,293.0,1708.0
ART-SUP,ART,HOSPITAL,November,NO,URBAN,742.0,3.0,154.0,-245,354.0,1.0,Critical,354.0,0.0
ACT-AD,ACT,HEALTH CENTER,May,YES,RURAL,5114.0,22.0,1930.0,15,3428.0,1.9,Low,1835.0,7254.0
ACT-SC,ACT,HEALTH CENTER,November,NO,RURAL,704.0,93.0,240.0,121,251.0,0.7,Critical,374.0,1308.0
ART-SUP,ART,HEALTH CENTER,February,NO,URBAN,2372.0,40.0,228.0,310,3389.0,376.6,Overstock,9.0,16.0
SP,SP,HEALTH CENTER,November,NO,URBAN,1029.0,272.0,910.0,-189,3768.0,7.0,Overstock,542.0,248.0
ART-INJ,ART,HOSPITAL,November,NO,RURAL,1824.0,1.0,505.0,141,1511.0,4.4,Adequate,340.0,51.0
ART-SUP,ART,HOSPITAL,February,NO,RURAL,87.0,472.0,113.0,1,169.0,5.8,Overstock,29.0,0.0
PYRA-SAC,PYRA,HEALTH CENTER,May,YES,URBAN,73.0,0.0,7.0,214,56.0,7.0,Overstock,8.0,1641.0
ACT-AD,ACT,HEALTH CENTER,February,NO,RURAL,543.0,73.0,267.0,-306,988.0,6.8,Overstock,145.0,0.0
PYRA-SAC,PYRA,HOSPITAL,August,YES,RURAL,1948.0,350.0,365.0,120,1687.0,4.3,Adequate,396.0,0.0
RDT,DIAG,HEALTH CENTER,February,NO,URBAN,11135.0,52.0,2844.0,-816,6131.0,2.7,Low,2272.0,84.0
ACT-SC,ACT,HEALTH CENTER,February,NO,RURAL,526.0,49.0,523.0,-102,363.0,2.0,Low,178.0,913.0
SP,SP,HEALTH CENTER,May,YES,URBAN,28.0,0.0,29.0,-565,56.0,28.0,Overstock,2.0,0.0
PYRA-SAC,PYRA,HEALTH CENTER,November,NO,RURAL,68.0,1410.0,135.0,-209,311.0,18.3,Overstock,17.0,0.0
ART-SUP,ART,HEALTH CENTER,November,NO,RURAL,1341.0,1.0,294.0,-182,229.0,3.8,Adequate,61.0,8.0
ACT-AD,ACT,HOSPITAL,August,YES,RURAL,633.0,268.0,291.0,-495,838.0,5.4,Overstock,154.0,0.0
ART-SUP,ART,HEALTH CENTER,February,NO,RURAL,3.0,0.0,14.0,-425,28.0,4.0,Adequate,7.0,0.0
ITN,PREV,HEALTH CENTER,November,NO,URBAN,21.0,1.0,7.0,-577,109.0,13.6,Overstock,8.0,548.0
QUIN,SP,HEALTH CENTER,May,YES,RURAL,3198.0,0.0,271.0,134,1386.0,13.0,Overstock,107.0,138.0
ART-INJ,ART,HEALTH CENTER,November,NO,RURAL,58.0,8.0,59.0,115,259.0,8.4,Overstock,31.0,379.0
RDT,DIAG,HEALTH CENTER,February,NO,URBAN,267.0,19.0,193.0,309,191.0,2.2,Low,88.0,4157.0
QUIN,SP,HEALTH CENTER,November,NO,RURAL,970.0,0.0,80.0,521,787.0,46.3,Overstock,17.0,1.0
ITN,PREV,HEALTH CENTER,November,NO,URBAN,930.0,56.0,365.0,499,1582.0,3.4,Adequate,461.0,2.0
RDT,DIAG,HOSPITAL,May,YES,RURAL,1694.0,61.0,434.0,-576,839.0,1.2,Low,682.0,307.0
ACT-INF,ACT,HEALTH CENTER,February,NO,RURAL,1161.0,26.0,138.0,-7,3168.0,38.6,Overstock,82.0,0.0
PYRA-SAC,PYRA,HEALTH CENTER,August,YES,RURAL,3680.0,14.0,758.0,62,1565.0,2.5,Low,614.0,1201.0
QUIN,SP,HEALTH CENTER,November,NO,RURAL,4294.0,11.0,392.0,61,3918.0,10.3,Overstock,381.0,0.0
QUIN,SP,HEALTH CENTER,May,YES,RURAL,409.0,2.0,174.0,407,174.0,0.8,Critical,221.0,167.0
ACT-SC,ACT,HOSPITAL,May,YES,RURAL,45.0,18.0,26.0,378,6.0,0.6,Critical,10.0,328.0
ACT-SC,ACT,HEALTH CENTER,May,YES,URBAN,3013.0,516.0,441.0,-233,960.0,1.3,Low,746.0,3312.0
PYRA-COMP,PYRA,HEALTH CENTER,November,NO,RURAL,53.0,6.0,8.0,5,1.0,,Unknown,0.0,1100.0
ITN,PREV,HEALTH CENTER,November,NO,RURAL,460.0,0.0,78.0,54,191.0,19.1,Overstock,10.0,927.0
ITN,PREV,HEALTH CENTER,August,YES,RURAL,2909.0,14.0,416.0,-924,880.0,5.1,Overstock,171.0,8.0
QUIN,SP,HEALTH CENTER,August,YES,URBAN,2820.0,44.0,1081.0,63,3754.0,8.8,Overstock,427.0,34.0
SP,SP,HEALTH CENTER,August,YES,URBAN,1116.0,0.0,343.0,-669,1642.0,5.0,Adequate,327.0,0.0
ACT-INF,ACT,HEALTH CENTER,May,YES,URBAN,3780.0,33.0,1575.0,-517,4258.0,3.1,Adequate,1396.0,48.0
ITN,PREV,HEALTH CENTER,November,NO,URBAN,321.0,991.0,273.0,290,762.0,5.2,Overstock,147.0,38.0
ACT-INF,ACT,HEALTH CENTER,November,NO,RURAL,234.0,4.0,98.0,-10,371.0,6.7,Overstock,55.0,85.0
ACT-GC,ACT,HEALTH CENTER,February,NO,RURAL,2256.0,15.0,520.0,358,408.0,1.1,Low,366.0,2955.0
PYRA-COMP,PYRA,HEALTH CENTER,February,NO,RURAL,165.0,0.0,26.0,7,59.0,,Unknown,0.0,0.0
ACT-INF,ACT,HEALTH CENTER,August,YES,RURAL,332.0,0.0,71.0,10,596.0,7.4,Overstock,80.0,1018.0
SP,SP,HEALTH CENTER,February,NO,URBAN,321.0,2.0,190.0,-546,319.0,2.8,Low,116.0,53.0
ART-SUP,ART,HOSPITAL,November,NO,RURAL,485.0,2.0,29.0,-243,1601.0,28.6,Overstock,56.0,0.0
ACT-INF,ACT,HEALTH CENTER,August,YES,URBAN,1072.0,44.0,350.0,151,1405.0,10.1,Overstock,139.0,0.0
RDT,DIAG,HOSPITAL,August,YES,RURAL,72.0,19.0,65.0,-356,143.0,4.8,Adequate,30.0,149.0
QUIN,SP,HEALTH CENTER,August,YES,URBAN,2072.0,0.0,191.0,-330,491.0,6.5,Overstock,76.0,0.0
SP,SP,HEALTH CENTER,November,NO,RURAL,941.0,212.0,552.0,-139,438.0,0.6,Critical,764.0,793.0
ART-INJ,ART,HEALTH CENTER,November,NO,RURAL,301.0,114.0,461.0,-104,596.0,2.8,Low,214.0,7.0
RDT,DIAG,HEALTH CENTER,August,YES,RURAL,1160.0,742.0,138.0,600,633.0,3.1,Adequate,201.0,17.0
QUIN,SP,HEALTH CENTER,August,YES,RURAL,31.0,12.0,12.0,788,8.0,,Unknown,0.0,0.0
ACT-SC,ACT,HEALTH CENTER,May,YES,RURAL,656.0,80.0,1253.0,320,1815.0,1.4,Low,1292.0,2343.0
ACT-GC,ACT,HEALTH CENTER,May,YES,RURAL,4469.0,1574.0,806.0,299,3253.0,5.0,Adequate,648.0,16.0
PYRA-COMP,PYRA,HEALTH CENTER,November,NO,RURAL,227.0,3.0,169.0,826,1495.0,11.4,Overstock,131.0,50.0
QUIN,SP,HEALTH CENTER,February,NO,RURAL,7.0,3.0,4.0,-235,7.0,,Unknown,0.0,1.0
RDT,DIAG,HEALTH CENTER,November,NO,URBAN,2917.0,0.0,398.0,42,259.0,0.3,Critical,878.0,137.0
ITN,PREV,HEALTH CENTER,May,YES,URBAN,357.0,0.0,220.0,-273,3584.0,15.0,Overstock,239.0,3173.0
ACT-SC,ACT,HEALTH CENTER,February,NO,URBAN,40.0,5.0,27.0,-734,503.0,100.6,Overstock,5.0,203.0
ACT-SC,ACT,HEALTH CENTER,May,YES,URBAN,86.0,0.0,11.0,69,105.0,35.0,Overstock,3.0,0.0
ACT-AD,ACT,HEALTH CENTER,May,YES,URBAN,1028.0,339.0,523.0,-98,768.0,1.4,Low,545.0,29.0
RDT,DIAG,HEALTH CENTER,August,YES,RURAL,674.0,1561.0,143.0,636,686.0,7.5,Overstock,91.0,1.0
ACT-INF,ACT,HEALTH CENTER,August,YES,RURAL,1809.0,51.0,494.0,-364,1385.0,4.9,Adequate,285.0,147.0
SP,SP,HEALTH CENTER,May,YES,RURAL,1126.0,0.0,342.0,-48,2134.0,3.1,Adequate,678.0,208.0
ACT-INF,ACT,HEALTH CENTER,February,NO,URBAN,16.0,10.0,41.0,-166,268.0,89.3,Overstock,3.0,0.0
ART-INJ,ART,HEALTH CENTER,May,YES,URBAN,50.0,1.0,28.0,63,10.0,0.2,Critical,61.0,132.0
QUIN,SP,HEALTH CENTER,November,NO,URBAN,258.0,2.0,327.0,70,356.0,3.3,Adequate,107.0,0.0
PYRA-SAC,PYRA,HEALTH CENTER,November,NO,URBAN,3202.0,23.0,217.0,910,2699.0,10.8,Overstock,249.0,45.0
ACT-INF,ACT,HEALTH CENTER,February,NO,RURAL,441.0,4.0,18.0,-279,120.0,60.0,Overstock,2.0,1.0
ACT-GC,ACT,HEALTH CENTER,February,NO,RURAL,219.0,1.0,309.0,105,78.0,0.8,Critical,96.0,0.0
SP,SP,HEALTH CENTER,February,NO,RURAL,1464.0,2.0,175.0,-776,1640.0,11.9,Overstock,138.0,0.0
ART-INJ,ART,HEALTH CENTER,February,NO,RURAL,813.0,189.0,89.0,363,766.0,10.8,Overstock,71.0,0.0
ART-INJ,ART,HEALTH CENTER,November,NO,RURAL,911.0,1.0,187.0,-82,126.0,0.7,Critical,183.0,1640.0
SP,SP,HEALTH CENTER,February,NO,RURAL,1444.0,72.0,235.0,94,436.0,5.1,Overstock,86.0,1.0
ACT-GC,ACT,HEALTH CENTER,November,NO,URBAN,1241.0,715.0,1143.0,707,2598.0,2.4,Low,1083.0,9795.0
ACT-AD,ACT,HEALTH CENTER,February,NO,RURAL,24.0,125.0,137.0,406,486.0,3.5,Adequate,140.0,5.0
RDT,DIAG,HEALTH CENTER,February,NO,RURAL,606.0,1.0,345.0,-341,732.0,5.2,Overstock,141.0,3309.0
SP,SP,HEALTH CENTER,August,YES,RURAL,19.0,45.0,76.0,-15,264.0,6.6,Overstock,40.0,3.0
ACT-INF,ACT,HEALTH CENTER,August,YES,URBAN,638.0,1901.0,237.0,612,3061.0,4.8,Adequate,632.0,551.0
ART-SUP,ART,HEALTH CENTER,August,YES,RURAL,151.0,4.0,69.0,430,43.0,0.5,Critical,87.0,1.0
QUIN,SP,HEALTH CENTER,May,YES,RURAL,38.0,0.0,16.0,202,14.0,0.4,Critical,33.0,0.0
RDT,DIAG,HEALTH CENTER,August,YES,RURAL,258.0,0.0,33.0,231,577.0,7.5,Overstock,77.0,4610.0
ACT-GC,ACT,HEALTH CENTER,February,NO,URBAN,491.0,106.0,209.0,-309,391.0,2.2,Low,174.0,0.0
ACT-INF,ACT,HOSPITAL,August,YES,URBAN,2.0,18.0,146.0,-122,110.0,2.6,Low,42.0,0.0
RDT,DIAG,HEALTH CENTER,August,YES,RURAL,802.0,0.0,82.0,-213,488.0,4.1,Adequate,119.0,148.0
PYRA-SAC,PYRA,HEALTH CENTER,November,NO,RURAL,2829.0,495.0,1436.0,-4,4330.0,1.8,Low,2460.0,296.0
ITN,PREV,HEALTH CENTER,November,NO,RURAL,42.0,0.0,19.0,-10,26.0,,Unknown,0.0,0.0
ART-SUP,ART,HEALTH CENTER,November,NO,URBAN,1043.0,911.0,109.0,72,1704.0,340.8,Overstock,5.0,931.0
ART-INJ,ART,HOSPITAL,August,YES,URBAN,419.0,494.0,87.0,-103,349.0,3.5,Adequate,101.0,0.0
RDT,DIAG,HOSPITAL,February,NO,URBAN,390.0,207.0,321.0,513,530.0,0.9,Critical,575.0,12543.0
ACT-GC,ACT,HEALTH CENTER,May,YES,URBAN,1758.0,0.0,381.0,-327,575.0,2.2,Low,260.0,2177.0
ART-INJ,ART,HEALTH CENTER,February,NO,RURAL,731.0,1.0,21.0,174,905.0,45.2,Overstock,20.0,206.0
SP,SP,HEALTH CENTER,May,YES,RURAL,2157.0,400.0,706.0,-267,3343.0,5.6,Overstock,592.0,267.0
SP,SP,HEALTH CENTER,November,NO,URBAN,2121.0,114.0,118.0,134,293.0,1.5,Low,190.0,0.0
ACT-SC,ACT,HEALTH CENTER,February,NO,RURAL,412.0,1723.0,511.0,-170,438.0,3.8,Adequate,116.0,1144.0
ACT-GC,ACT,HEALTH CENTER,May,YES,URBAN,19.0,0.0,48.0,-427,84.0,4.7,Adequate,18.0,56.0
RDT,DIAG,HEALTH CENTER,February,NO,RURAL,396.0,108.0,106.0,100,87.0,1.5,Low,57.0,228.0
ACT-AD,ACT,HEALTH CENTER,May,YES,URBAN,246.0,86.0,38.0,913,320.0,8.4,Overstock,38.0,0.0
RDT,DIAG,HEALTH CENTER,August,YES,RURAL,551.0,4.0,276.0,60,533.0,2.0,Low,271.0,5.0
PYRA-SAC,PYRA,HEALTH CENTER,May,YES,RURAL,801.0,2287.0,496.0,579,2930.0,10.1,Overstock,291.0,624.0
ACT-SC,ACT,HEALTH CENTER,February,NO,RURAL,871.0,159.0,365.0,541,879.0,9.7,Overstock,91.0,1143.0
SP,SP,HEALTH CENTER,May,YES,RURAL,9.0,0.0,120.0,-150,14.0,0.4,Critical,33.0,1294.0
ITN,PREV,HEALTH CENTER,February,NO,RURAL,27.0,0.0,14.0,399,1.0,0.5,Critical,2.0,832.0
ART-SUP,ART,HEALTH CENTER,February,NO,RURAL,56.0,56.0,10.0,364,412.0,137.3,Overstock,3.0,0.0
ART-INJ,ART,HEALTH CENTER,August,YES,URBAN,670.0,0.0,25.0,-598,146.0,24.3,Overstock,6.0,0.0
ART-INJ,ART,HEALTH CENTER,February,NO,RURAL,984.0,18.0,203.0,106,1803.0,8.2,Overstock,220.0,35.0
QUIN,SP,HEALTH CENTER,August,YES,URBAN,949.0,1.0,317.0,-903,430.0,4.9,Adequate,88.0,66.0
QUIN,SP,HEALTH CENTER,August,YES,URBAN,2060.0,0.0,411.0,580,1687.0,3.5,Adequate,487.0,24.0
ART-INJ,ART,HEALTH CENTER,May,YES,RURAL,189.0,0.0,8.0,258,647.0,64.7,Overstock,10.0,207.0
ART-INJ,ART,HOSPITAL,November,NO,RURAL,865.0,13.0,110.0,382,159.0,9.9,Overstock,16.0,10.0
ART-SUP,ART,HEALTH CENTER,May,YES,RURAL,531.0,26.0,95.0,-258,182.0,4.7,Adequate,39.0,2469.0
ITN,PREV,HEALTH CENTER,May,YES,URBAN,306.0,38.0,228.0,692,260.0,21.7,Overstock,12.0,126.0
PYRA-COMP,PYRA,HEALTH CENTER,May,YES,RURAL,2032.0,0.0,1052.0,216,791.0,0.8,Critical,1036.0,6833.0
ART-INJ,ART,HEALTH CENTER,November,NO,URBAN,363.0,2.0,26.0,-217,192.0,96.0,Overstock,2.0,107.0
SP,SP,HEALTH CENTER,May,YES,RURAL,84.0,13.0,34.0,-541,378.0,15.8,Overstock,24.0,283.0
ACT-GC,ACT,HEALTH CENTER,August,YES,RURAL,4258.0,5.0,1665.0,410,2493.0,2.3,Low,1081.0,317.0
ACT-GC,ACT,HEALTH CENTER,February,NO,RURAL,3256.0,13.0,852.0,-287,2997.0,7.1,Overstock,420.0,1483.0
SP,SP,HEALTH CENTER,November,NO,RURAL,747.0,11.0,344.0,373,1377.0,10.1,Overstock,136.0,2400.0
ART-SUP,ART,HEALTH CENTER,May,YES,RURAL,16.0,21.0,19.0,5,152.0,13.8,Overstock,11.0,478.0
ACT-AD,ACT,HEALTH CENTER,November,NO,RURAL,553.0,30.0,461.0,117,219.0,0.8,Critical,263.0,4200.0
ACT-SC,ACT,HEALTH CENTER,February,NO,RURAL,66.0,136.0,88.0,7,43.0,0.3,Critical,138.0,64.0
ACT-INF,ACT,HEALTH CENTER,November,NO,URBAN,922.0,3.0,222.0,-250,717.0,3.7,Adequate,192.0,65.0
ACT-GC,ACT,HOSPITAL,February,NO,URBAN,1877.0,565.0,279.0,573,2158.0,8.9,Overstock,243.0,2743.0
ACT-AD,ACT,HEALTH CENTER,February,NO,RURAL,1444.0,105.0,101.0,-155,210.0,4.7,Adequate,45.0,23.0
ITN,PREV,HOSPITAL,August,YES,RURAL,494.0,0.0,32.0,-135,42.0,6.0,Overstock,7.0,165.0
ART-INJ,ART,HEALTH CENTER,November,NO,RURAL,1008.0,2.0,184.0,475,64.0,0.8,Critical,85.0,237.0
ACT-GC,ACT,HEALTH CENTER,August,YES,RURAL,3366.0,0.0,1874.0,405,2537.0,0.9,Critical,2938.0,5901.0
QUIN,SP,HEALTH CENTER,May,YES,RURAL,901.0,93.0,95.0,-164,1089.0,9.2,Overstock,119.0,1.0
ACT-AD,ACT,HEALTH CENTER,February,NO,RURAL,1452.0,1.0,388.0,872,188.0,0.4,Critical,433.0,2914.0
ART-SUP,ART,HEALTH CENTER,February,NO,RURAL,234.0,271.0,343.0,-93,701.0,9.6,Overstock,73.0,0.0
ACT-GC,ACT,HEALTH CENTER,November,NO,URBAN,599.0,4.0,290.0,237,281.0,4.4,Adequate,64.0,945.0
ART-SUP,ART,HEALTH CENTER,November,NO,URBAN,1051.0,487.0,847.0,-416,518.0,0.9,Critical,601.0,622.0
PYRA-COMP,PYRA,HEALTH CENTER,November,NO,RURAL,6.0,437.0,14.0,315,182.0,10.1,Overstock,18.0,22.0
PYRA-COMP,PYRA,HEALTH CENTER,November,NO,RURAL,833.0,572.0,175.0,189,1296.0,8.9,Overstock,145.0,606.0
ACT-AD,ACT,HEALTH CENTER,August,YES,URBAN,1515.0,854.0,719.0,-179,1608.0,4.5,Adequate,361.0,0.0
ACT-AD,ACT,HEALTH CENTER,August,YES,URBAN,299.0,0.0,103.0,58,91.0,4.8,Adequate,19.0,58.0
RDT,DIAG,HEALTH CENTER,November,NO,RURAL,232.0,0.0,34.0,336,88.0,6.8,Overstock,13.0,15.0
ACT-INF,ACT,HEALTH CENTER,November,NO,RURAL,1293.0,536.0,761.0,-393,2960.0,4.6,Adequate,645.0,11.0
ACT-GC,ACT,HEALTH CENTER,November,NO,RURAL,1870.0,6.0,1051.0,-18,1657.0,1.7,Low,967.0,24.0
ART-SUP,ART,HEALTH CENTER,May,YES,RURAL,1116.0,0.0,288.0,-73,298.0,0.9,Critical,315.0,5.0
RDT,DIAG,HEALTH CENTER,August,YES,RURAL,1579.0,1.0,209.0,520,958.0,4.6,Adequate,209.0,30.0
PYRA-COMP,PYRA,HEALTH CENTER,August,YES,URBAN,793.0,0.0,21.0,-506,112.0,5.1,Overstock,22.0,0.0
ACT-INF,ACT,HEALTH CENTER,August,YES,RURAL,345.0,0.0,139.0,-155,303.0,5.7,Overstock,53.0,7.0
ACT-SC,ACT,HEALTH CENTER,February,NO,URBAN,271.0,1.0,4.0,348,66.0,66.0,Overstock,1.0,1.0
ACT-AD,ACT,HEALTH CENTER,May,YES,URBAN,1146.0,172.0,368.0,279,1638.0,9.7,Overstock,169.0,47.0
ACT-GC,ACT,HEALTH CENTER,May,YES,RURAL,1501.0,0.0,165.0,-1090,57.0,0.4,Critical,128.0,3857.0
QUIN,SP,HEALTH CENTER,November,NO,RURAL,1934.0,56.0,1135.0,-331,1686.0,0.9,Critical,1923.0,826.0
SP,SP,HEALTH CENTER,August,YES,RURAL,1315.0,0.0,172.0,-154,1245.0,7.9,Overstock,158.0,0.0
RDT,DIAG,HEALTH CENTER,August,YES,URBAN,653.0,2.0,32.0,556,88.0,0.4,Critical,211.0,774.0
ART-INJ,ART,HEALTH CENTER,May,YES,RURAL,22.0,25.0,29.0,-355,56.0,4.0,Adequate,14.0,0.0
ACT-SC,ACT,HEALTH CENTER,May,YES,RURAL,217.0,0.0,193.0,16,146.0,0.7,Critical,197.0,34.0
ACT-GC,ACT,HEALTH CENTER,May,YES,RURAL,3012.0,11.0,385.0,-230,1123.0,10.1,Overstock,111.0,0.0
PYRA-SAC,PYRA,HEALTH CENTER,November,NO,URBAN,1440.0,712.0,408.0,125,1028.0,10.5,Overstock,98.0,3.0
QUIN,SP,HEALTH CENTER,May,YES,URBAN,6.0,0.0,0.0,206,1.0,,Unknown,0.0,15.0
QUIN,SP,HOSPITAL,November,NO,RURAL,4269.0,113.0,521.0,23,3431.0,8.4,Overstock,409.0,2.0
SP,SP,HEALTH CENTER,August,YES,RURAL,4713.0,2.0,503.0,-369,3346.0,8.0,Overstock,420.0,1.0
ART-SUP,ART,HEALTH CENTER,May,YES,RURAL,785.0,0.0,16.0,410,14.0,0.8,Critical,17.0,365.0
ACT-SC,ACT,HEALTH CENTER,May,YES,RURAL,2758.0,0.0,416.0,-109,77.0,0.1,Critical,593.0,944.0
ART-INJ,ART,HEALTH CENTER,August,YES,RURAL,3351.0,541.0,2200.0,853,6422.0,2.1,Low,3107.0,13115.0
ITN,PREV,HEALTH CENTER,November,NO,RURAL,656.0,1.0,169.0,428,372.0,3.1,Adequate,120.0,53.0
ACT-AD,ACT,HEALTH CENTER,August,YES,RURAL,507.0,0.0,72.0,222,653.0,31.1,Overstock,21.0,8.0
ACT-SC,ACT,HEALTH CENTER,November,NO,URBAN,111.0,0.0,33.0,75,230.0,16.4,Overstock,14.0,0.0
QUIN,SP,HEALTH CENTER,February,NO,RURAL,3473.0,5.0,571.0,-737,4543.0,11.0,Overstock,413.0,318.0
ART-SUP,ART,HEALTH CENTER,May,YES,URBAN,2496.0,0.0,712.0,-698,2161.0,2.5,Low,850.0,148.0
ACT-INF,ACT,HEALTH CENTER,February,NO,URBAN,14.0,2.0,9.0,-524,24.0,2.0,Low,12.0,98.0
ACT-INF,ACT,HEALTH CENTER,August,YES,URBAN,1247.0,0.0,186.0,306,601.0,3.3,Adequate,183.0,313.0
ACT-SC,ACT,HEALTH CENTER,February,NO,RURAL,429.0,130.0,22.0,-334,109.0,54.5,Overstock,2.0,78.0
ITN,PREV,HOSPITAL,August,YES,RURAL,2189.0,667.0,418.0,-60,1695.0,30.3,Overstock,56.0,5.0
ACT-AD,ACT,HEALTH CENTER,November,NO,RURAL,941.0,248.0,277.0,-113,619.0,1.7,Low,367.0,27.0
QUIN,SP,HEALTH CENTER,May,YES,RURAL,434.0,0.0,211.0,378,334.0,1.9,Low,179.0,125.0
ITN,PREV,HEALTH CENTER,August,YES,URBAN,309.0,3.0,42.0,361,1385.0,86.6,Overstock,16.0,0.0
ACT-AD,ACT,HEALTH CENTER,May,YES,RURAL,2640.0,8.0,257.0,76,2500.0,53.2,Overstock,47.0,0.0
PYRA-SAC,PYRA,HEALTH CENTER,November,NO,RURAL,322.0,1056.0,94.0,473,640.0,26.7,Overstock,24.0,237.0
ACT-INF,ACT,HEALTH CENTER,May,YES,RURAL,216.0,0.0,6.0,-94,159.0,17.7,Overstock,9.0,1276.0
QUIN,SP,HEALTH CENTER,February,NO,RURAL,1027.0,1.0,333.0,-382,642.0,3.0,Adequate,211.0,1.0
QUIN,SP,HEALTH CENTER,August,YES,RURAL,3192.0,1.0,428.0,-191,2341.0,8.6,Overstock,272.0,2.0
ACT-GC,ACT,HEALTH CENTER,May,YES,RURAL,815.0,14.0,260.0,156,1355.0,2.0,Low,664.0,12.0
ACT-GC,ACT,HEALTH CENTER,February,NO,RURAL,446.0,118.0,135.0,588,694.0,7.7,Overstock,90.0,5.0
PYRA-COMP,PYRA,HEALTH CENTER,November,NO,URBAN,4502.0,372.0,518.0,139,1605.0,6.2,Overstock,259.0,72.0
QUIN,SP,HEALTH CENTER,August,YES,URBAN,85.0,442.0,96.0,-57,448.0,18.7,Overstock,24.0,236.0
ACT-GC,ACT,HEALTH CENTER,February,NO,URBAN,1106.0,1.0,106.0,48,519.0,2.2,Low,231.0,133.0
PYRA-COMP,PYRA,HEALTH CENTER,February,NO,RURAL,175.0,1.0,46.0,66,15.0,0.3,Critical,43.0,4665.0
ITN,PREV,HEALTH CENTER,February,NO,RURAL,1917.0,2169.0,754.0,392,3415.0,3.5,Adequate,976.0,59.0
ART-SUP,ART,HEALTH CENTER,August,YES,URBAN,4359.0,0.0,302.0,-160,1694.0,9.8,Overstock,173.0,0.0
SP,SP,HEALTH CENTER,November,NO,RURAL,364.0,42.0,546.0,-77,518.0,1.9,Low,279.0,5.0
ACT-AD,ACT,HEALTH CENTER,November,NO,URBAN,1915.0,4.0,390.0,-165,472.0,2.1,Low,230.0,190.0
ACT-INF,ACT,HOSPITAL,November,NO,RURAL,169.0,0.0,17.0,-442,35.0,7.0,Overstock,5.0,10600.0
PYRA-SAC,PYRA,HEALTH CENTER,February,NO,RURAL,2546.0,9.0,266.0,296,1841.0,5.2,Overstock,357.0,0.0
ACT-INF,ACT,HEALTH CENTER,May,YES,RURAL,733.0,112.0,111.0,-728,1086.0,8.3,Overstock,131.0,3.0
QUIN,SP,HEALTH CENTER,February,NO,RURAL,1.0,146.0,25.0,306,10.0,5.0,Adequate,2.0,1857.0
QUIN,SP,HEALTH CENTER,May,YES,URBAN,71.0,15.0,181.0,-380,386.0,1.6,Low,236.0,0.0
SP,SP,HEALTH CENTER,May,YES,URBAN,33.0,53.0,47.0,107,2.0,0.2,Critical,8.0,17259.0
ART-SUP,ART,HEALTH CENTER,August,YES,RURAL,1286.0,199.0,484.0,-426,962.0,2.9,Low,327.0,154.0
SP,SP,HEALTH CENTER,May,YES,RURAL,976.0,12.0,598.0,-88,1562.0,5.0,Adequate,314.0,515.0
ACT-INF,ACT,HEALTH CENTER,February,NO,RURAL,222.0,0.0,12.0,810,126.0,126.0,Overstock,1.0,5.0
ACT-GC,ACT,HEALTH CENTER,May,YES,RURAL,476.0,14.0,632.0,-366,1166.0,2.6,Low,453.0,1119.0
ACT-GC,ACT,HEALTH CENTER,May,YES,URBAN,2138.0,15.0,135.0,-740,1415.0,6.5,Overstock,218.0,1.0
PYRA-SAC,PYRA,HEALTH CENTER,August,YES,URBAN,287.0,621.0,128.0,-1318,755.0,6.3,Overstock,119.0,2.0
ART-SUP,ART,HEALTH CENTER,November,NO,RURAL,184.0,241.0,18.0,-180,43.0,43.0,Overstock,1.0,1.0
SP,SP,HEALTH CENTER,May,YES,URBAN,1776.0,171.0,349.0,-49,2208.0,8.2,Overstock,268.0,0.0
ART-SUP,ART,HEALTH CENTER,February,NO,RURAL,3365.0,0.0,437.0,21,786.0,2.0,Low,398.0,27.0
RDT,DIAG,HEALTH CENTER,November,NO,URBAN,30.0,241.0,19.0,214,138.0,,Unknown,0.0,19.0
ACT-GC,ACT,HEALTH CENTER,November,NO,URBAN,1182.0,1.0,435.0,716,2272.0,5.2,Overstock,435.0,460.0
PYRA-COMP,PYRA,HEALTH CENTER,May,YES,URBAN,1683.0,49.0,537.0,-401,1298.0,13.0,Overstock,100.0,78.0
ACT-SC,ACT,HEALTH CENTER,August,YES,RURAL,1388.0,6.0,299.0,133,724.0,3.5,Adequate,208.0,1057.0
ACT-SC,ACT,HEALTH CENTER,February,NO,RURAL,1237.0,0.0,514.0,289,766.0,2.2,Low,344.0,0.0
ART-SUP,ART,HEALTH CENTER,November,NO,RURAL,81.0,364.0,47.0,-105,187.0,2.7,Low,69.0,15.0
ACT-GC,ACT,HEALTH CENTER,August,YES,RURAL,4081.0,20.0,682.0,-221,3327.0,10.8,Overstock,309.0,0.0
ACT-INF,ACT,HEALTH CENTER,August,YES,RURAL,141.0,634.0,30.0,43,59.0,4.5,Adequate,13.0,13.0
ITN,PREV,HEALTH CENTER,February,NO,URBAN,7934.0,43.0,511.0,505,6110.0,16.0,Overstock,382.0,12.0
ACT-SC,ACT,HEALTH CENTER,February,NO,RURAL,318.0,176.0,159.0,-271,1093.0,13.3,Overstock,82.0,847.0
SP,SP,HEALTH CENTER,August,YES,RURAL,466.0,0.0,95.0,34,272.0,4.5,Adequate,61.0,1.0
ART-INJ,ART,HOSPITAL,May,YES,RURAL,4412.0,0.0,462.0,-376,1999.0,9.8,Overstock,205.0,196.0
PYRA-COMP,PYRA,HEALTH CENTER,August,YES,RURAL,1639.0,33.0,181.0,-566,1700.0,6.8,Overstock,251.0,0.0
ACT-SC,ACT,HEALTH CENTER,February,NO,RURAL,1112.0,1380.0,241.0,145,914.0,2.7,Low,344.0,3856.0
PYRA-SAC,PYRA,HOSPITAL,May,YES,URBAN,2714.0,1.0,533.0,-357,1531.0,3.9,Adequate,388.0,1217.0
ACT-GC,ACT,HEALTH CENTER,August,YES,RURAL,1890.0,0.0,263.0,10,847.0,2.9,Low,293.0,3071.0
ACT-SC,ACT,HEALTH CENTER,May,YES,RURAL,959.0,12.0,122.0,457,1047.0,74.8,Overstock,14.0,0.0
ART-INJ,ART,HEALTH CENTER,May,YES,RURAL,283.0,0.0,32.0,-454,164.0,82.0,Overstock,2.0,0.0
ACT-INF,ACT,HEALTH CENTER,February,NO,RURAL,94.0,0.0,15.0,-765,21.0,5.2,Overstock,4.0,0.0
PYRA-SAC,PYRA,HEALTH CENTER,November,NO,RURAL,173.0,294.0,73.0,-750,634.0,12.2,Overstock,52.0,4.0
RDT,DIAG,HEALTH CENTER,November,NO,RURAL,245.0,0.0,126.0,-171,61.0,3.0,Adequate,20.0,1.0
ACT-GC,ACT,HEALTH CENTER,May,YES,URBAN,8904.0,57.0,1589.0,-743,8032.0,3.7,Adequate,2151.0,7.0
ACT-INF,ACT,HEALTH CENTER,February,NO,RURAL,26.0,286.0,188.0,-917,175.0,4.7,Adequate,37.0,1032.0
ITN,PREV,HEALTH CENTER,February,NO,RURAL,632.0,713.0,272.0,298,1421.0,3.6,Adequate,390.0,10.0
RDT,DIAG,HEALTH CENTER,May,YES,URBAN,869.0,0.0,146.0,-368,515.0,2.7,Low,189.0,2.0
ART-INJ,ART,HEALTH CENTER,November,NO,RURAL,567.0,421.0,45.0,157,255.0,85.0,Overstock,3.0,1.0
ACT-AD,ACT,HEALTH CENTER,May,YES,URBAN,974.0,12.0,213.0,744,116.0,0.5,Critical,234.0,2.0
QUIN,SP,HOSPITAL,May,YES,URBAN,1106.0,0.0,498.0,-308,1068.0,20.5,Overstock,52.0,33.0
ART-SUP,ART,HEALTH CENTER,November,NO,RURAL,1525.0,0.0,186.0,-228,526.0,15.0,Overstock,35.0,4.0
ART-INJ,ART,HEALTH CENTER,May,YES,RURAL,0.0,0.0,2.0,747,2.0,,Unknown,0.0,6.0
ART-INJ,ART,HEALTH CENTER,May,YES,RURAL,2481.0,29.0,929.0,-194,2642.0,3.0,Adequate,880.0,315.0
QUIN,SP,HEALTH CENTER,August,YES,RURAL,282.0,0.0,75.0,172,574.0,5.0,Adequate,114.0,0.0
ACT-GC,ACT,HEALTH CENTER,November,NO,RURAL,1327.0,364.0,614.0,-12,801.0,1.2,Low,650.0,2003.0
SP,SP,HEALTH CENTER,November,NO,RURAL,1752.0,211.0,755.0,102,1631.0,4.0,Adequate,408.0,46.0
ACT-SC,ACT,HEALTH CENTER,February,NO,RURAL,107.0,101.0,134.0,-379,122.0,1.3,Low,95.0,1684.0
PYRA-SAC,PYRA,HOSPITAL,February,NO,URBAN,203.0,210.0,387.0,291,415.0,13.4,Overstock,31.0,344.0
ACT-SC,ACT,HEALTH CENTER,February,NO,RURAL,0.0,49.0,5.0,548,4.0,4.0,Adequate,1.0,10.0
RDT,DIAG,HEALTH CENTER,February,NO,URBAN,449.0,0.0,82.0,424,357.0,1.3,Low,279.0,169.0
ACT-INF,ACT,HEALTH CENTER,August,YES,RURAL,487.0,30.0,61.0,-913,250.0,1.9,Low,135.0,6.0
RDT,DIAG,HEALTH CENTER,November,NO,URBAN,191.0,4.0,27.0,-525,449.0,149.7,Overstock,3.0,61.0
RDT,DIAG,HEALTH CENTER,May,YES,RURAL,215.0,0.0,48.0,186,298.0,5.0,Adequate,60.0,49.0
ACT-SC,ACT,HEALTH CENTER,May,YES,RURAL,1958.0,310.0,522.0,188,1965.0,3.6,Adequate,542.0,4738.0
QUIN,SP,HEALTH CENTER,May,YES,URBAN,852.0,0.0,349.0,96,422.0,3.1,Adequate,137.0,309.0
PYRA-COMP,PYRA,HEALTH CENTER,August,YES,URBAN,496.0,146.0,194.0,560,1200.0,16.7,Overstock,72.0,0.0
ACT-AD,ACT,HEALTH CENTER,February,NO,RURAL,1091.0,164.0,440.0,698,1415.0,6.8,Overstock,207.0,5.0
ACT-INF,ACT,HEALTH CENTER,February,NO,RURAL,711.0,29.0,272.0,690,786.0,2.1,Low,382.0,86.0
ART-SUP,ART,HEALTH CENTER,November,NO,RURAL,33.0,157.0,7.0,348,520.0,,Unknown,0.0,0.0
ACT-SC,ACT,HEALTH CENTER,November,NO,URBAN,21.0,0.0,0.0,-307,9.0,9.0,Overstock,1.0,0.0
