,beginning_balance,quantity_received,quantity_dispensed,total_losses_and_adjustments,stock_in_hand,months_of_stock,amc,product_group_ART,product_group_DIAG,product_group_PREV,product_group_PYRA,product_group_SP,facility_type_HOSPITAL,reporting_month_February,reporting_month_May,reporting_month_November,zone_type_URBAN,High_Transmission_Preparation_YES,stock_status_Critical,stock_status_Low,stock_status_Overstock,stock_status_Stockout
2839,560.0,1002.0,381.0,-179,1456.0,6.2,233.0,0,0,0,0,0,0,0,1,0,0,1,0,0,1,0
5726,2928.0,746.0,854.0,-545,3548.0,2.6,1374.0,0,0,1,0,0,0,1,0,0,1,0,0,1,0,0
5590,1134.0,154.0,467.0,-569,2469.0,8.9,277.0,0,0,0,0,0,0,1,0,0,0,0,0,0,1,0
2726,8559.0,66.0,1795.0,-236,6138.0,2.6,2361.0,0,0,0,0,1,0,0,0,0,1,1,0,1,0,0
6219,544.0,0.0,16.0,-258,300.0,100.0,3.0,0,0,0,0,1,0,1,0,0,0,0,0,0,1,0
2928,234.0,0.0,155.0,-448,566.0,10.9,52.0,0,0,0,0,1,0,0,0,0,0,1,0,0,1,0
2206,1422.0,325.0,405.0,698,3136.0,8.1,386.0,1,0,0,0,0,0,0,1,0,0,1,0,0,1,0
5337,1172.0,180.0,772.0,717,1058.0,1.1,977.0,1,0,0,0,0,0,0,0,1,0,0,0,1,0,0
3156,2331.0,0.0,698.0,-274,1268.0,3.5,361.0,0,0,0,0,0,0,1,0,0,1,0,0,0,0,0
4767,0.0,67.0,0.0,-361,9.0,9.0,1.0,0,0,0,1,0,0,0,1,0,0,1,0,0,1,0
7140,1147.0,162.0,153.0,-6,1332.0,6.5,206.0,0,0,0,1,0,0,1,0,0,1,0,0,0,1,0
3043,7.0,27.0,15.0,-667,34.0,34.0,1.0,0,0,1,0,0,0,1,0,0,0,0,0,0,1,0
1006,518.0,270.0,448.0,-553,1579.0,5.4,295.0,1,0,0,0,0,0,0,1,0,1,1,0,0,1,0
4327,1738.0,37.0,545.0,-342,421.0,1.6,257.0,0,0,0,0,0,0,0,0,0,0,1,0,1,0,0
2965,68.0,277.0,184.0,460,177.0,1.2,145.0,0,1,0,0,0,0,0,1,0,0,1,0,1,0,0
5156,62.0,5.0,10.0,-250,115.0,7.2,16.0,0,1,0,0,0,0,0,0,0,1,1,0,0,1,0
7592,878.0,0.0,820.0,-244,1365.0,3.7,366.0,0,0,0,0,1,0,1,0,0,0,0,0,0,0,0
2051,1018.0,0.0,231.0,113,614.0,6.1,100.0,1,0,0,0,0,0,0,1,0,1,1,0,0,1,0
2512,800.0,0.0,210.0,549,268.0,1.5,184.0,0,0,0,0,1,0,0,1,0,0,1,0,1,0,0
194,144.0,593.0,114.0,8,1044.0,17.7,59.0,0,1,0,0,0,0,0,1,0,1,1,0,0,1,0
867,642.0,1280.0,85.0,-439,2546.0,45.5,56.0,0,1,0,0,0,0,1,0,0,1,0,0,0,1,0
4990,1792.0,91.0,599.0,-301,348.0,0.6,550.0,1,0,0,0,0,0,0,1,0,0,1,1,0,0,0
5378,683.0,10.0,33.0,-1,229.0,7.2,32.0,0,0,1,0,0,0,1,0,0,0,0,0,0,1,0
6871,121.0,30.0,135.0,-4,542.0,38.7,14.0,0,0,0,0,0,0,1,0,0,0,0,0,0,1,0
5853,2815.0,35.0,132.0,-197,2157.0,5.3,408.0,0,0,0,1,0,0,0,0,0,0,1,0,0,1,0
7328,569.0,502.0,642.0,216,745.0,0.8,909.0,1,0,0,0,0,0,1,0,0,0,0,1,0,0,0
6495,2450.0,85.0,793.0,-302,2116.0,1.9,1093.0,0,1,0,0,0,0,0,0,1,0,0,0,1,0,0
7334,417.0,27.0,100.0,-466,242.0,3.4,71.0,0,0,0,0,0,0,0,1,0,1,1,0,0,0,0
1084,922.0,40.0,623.0,68,1329.0,5.4,248.0,0,0,0,0,0,0,0,0,1,0,0,0,0,1,0
4851,484.0,290.0,351.0,441,2701.0,3.6,745.0,0,0,0,1,0,0,0,0,1,0,0,0,0,0,0
4082,707.0,502.0,307.0,856,4082.0,16.1,254.0,0,0,0,1,0,0,0,0,1,0,0,0,0,1,0
4827,1195.0,1149.0,500.0,-92,1506.0,7.9,190.0,1,0,0,0,0,0,1,0,0,0,0,0,0,1,0
5164,1191.0,11.0,210.0,-135,896.0,3.6,250.0,0,0,0,0,0,0,1,0,0,0,0,0,0,0,0
7662,536.0,3.0,461.0,-70,771.0,1.6,474.0,1,0,0,0,0,0,1,0,0,0,0,0,1,0,0
2881,618.0,405.0,187.0,-74,264.0,2.1,127.0,0,1,0,0,0,0,0,0,0,0,1,0,1,0,0
8110,454.0,15.0,79.0,210,342.0,4.0,86.0,0,0,0,0,0,0,0,0,0,0,1,0,0,0,0
6678,724.0,25.0,88.0,115,1759.0,351.8,5.0,0,1,0,0,0,0,0,1,0,0,1,0,0,1,0
5493,339.0,2.0,712.0,-20,884.0,2.3,377.0,0,0,0,0,0,0,1,0,0,0,0,0,1,0,0
2298,246.0,349.0,114.0,455,1567.0,10.4,151.0,0,0,0,0,1,0,1,0,0,1,0,0,0,1,0
7824,1398.0,38.0,746.0,-677,735.0,1.2,632.0,1,0,0,0,0,0,0,0,1,0,0,0,1,0,0
2329,10.0,1.0,100.0,91,15.0,0.1,197.0,0,0,0,0,0,0,0,0,0,0,1,1,0,0,0
2895,73.0,0.0,9.0,332,108.0,108.0,1.0,0,0,0,0,0,0,1,0,0,0,0,0,0,1,0
491,745.0,0.0,153.0,-425,103.0,0.4,231.0,1,0,0,0,0,0,1,0,0,0,0,1,0,0,0
4590,195.0,291.0,24.0,281,310.0,3.9,80.0,0,0,0,1,0,0,0,0,0,0,1,0,0,0,0
6824,1822.0,25.0,1098.0,-119,863.0,0.6,1443.0,1,0,0,0,0,0,0,0,0,0,1,1,0,0,0
4342,550.0,3.0,50.0,45,501.0,6.0,83.0,1,0,0,0,0,0,1,0,0,1,0,0,0,1,0
7796,1301.0,3504.0,831.0,242,4609.0,5.3,870.0,0,0,1,0,0,0,0,0,0,0,1,0,0,1,0
4710,713.0,139.0,242.0,460,1524.0,25.8,59.0,0,0,0,1,0,1,0,0,1,0,0,0,0,1,0
7988,521.0,0.0,124.0,100,11.0,0.0,245.0,0,0,0,0,0,0,0,0,1,0,0,0,0,0,1
618,276.0,0.0,83.0,-322,586.0,2.5,231.0,0,0,0,0,0,0,0,1,0,1,1,0,1,0,0
5546,3411.0,0.0,196.0,-43,1958.0,18.6,105.0,0,0,0,0,0,1,0,0,1,0,0,0,0,1,0
2653,3832.0,677.0,1015.0,-838,6571.0,6.4,1026.0,0,0,0,0,0,0,0,0,0,1,1,0,0,1,0
5781,1114.0,0.0,61.0,-338,251.0,5.2,48.0,0,0,0,1,0,0,0,1,0,0,1,0,0,1,0
1285,735.0,87.0,221.0,267,1442.0,6.8,211.0,0,0,0,1,0,1,0,0,0,0,1,0,0,1,0
3273,1456.0,1412.0,564.0,180,1803.0,4.5,405.0,0,0,0,1,0,0,1,0,0,0,0,0,0,0,0
1433,4233.0,480.0,1555.0,-826,5522.0,4.2,1323.0,0,0,1,0,0,0,0,1,0,0,1,0,0,0,0
2988,450.0,434.0,77.0,-952,817.0,26.4,31.0,1,0,0,0,0,0,1,0,0,0,0,0,0,1,0
1205,437.0,146.0,88.0,-198,1487.0,10.1,147.0,1,0,0,0,0,0,1,0,0,0,0,0,0,1,0
6988,1029.0,30.0,180.0,-180,1207.0,75.4,16.0,0,0,1,0,0,0,0,0,1,1,0,0,0,1,0
8373,1381.0,473.0,89.0,159,619.0,17.2,36.0,1,0,0,0,0,0,0,0,1,0,0,0,0,1,0
4546,77.0,0.0,4.0,-613,19.0,2.4,8.0,0,0,0,1,0,0,0,1,0,0,1,0,1,0,0
5656,1439.0,0.0,109.0,91,1398.0,45.1,31.0,0,0,0,0,0,0,0,0,0,1,1,0,0,1,0
7779,1451.0,252.0,597.0,-601,1342.0,11.6,116.0,0,0,0,1,0,0,0,0,0,1,1,0,0,1,0
7464,2472.0,636.0,405.0,-681,2008.0,19.3,104.0,1,0,0,0,0,0,1,0,0,0,0,0,0,1,0
7925,2719.0,1.0,210.0,62,2175.0,28.6,76.0,0,1,0,0,0,0,1,0,0,0,0,0,0,1,0
160,81.0,365.0,478.0,-81,184.0,0.4,461.0,0,1,0,0,0,0,0,0,1,0,0,1,0,0,0
5091,1274.0,263.0,277.0,237,446.0,1.1,419.0,1,0,0,0,0,0,0,1,0,1,1,0,1,0,0
8445,637.0,23.0,114.0,622,672.0,29.2,23.0,0,0,0,0,1,0,0,0,1,1,0,0,0,1,0
1832,3095.0,0.0,300.0,187,266.0,2.4,109.0,0,0,0,0,1,0,0,0,1,1,0,0,1,0,0
2461,3719.0,540.0,858.0,-664,3313.0,2.8,1196.0,0,0,1,0,0,0,0,0,1,1,0,0,1,0,0
287,304.0,1.0,599.0,-245,1152.0,2.9,394.0,0,0,0,0,1,0,0,0,1,1,0,0,1,0,0
4799,301.0,0.0,244.0,-143,172.0,2.7,64.0,0,0,0,0,0,0,0,0,0,1,1,0,1,0,0
150,3031.0,65.0,1019.0,371,1649.0,1.5,1127.0,0,0,0,0,0,0,0,0,1,0,0,0,1,0,0
2636,50.0,293.0,17.0,329,70.0,11.7,6.0,0,0,0,1,0,0,1,0,0,0,0,0,0,1,0
5576,635.0,360.0,83.0,231,531.0,8.8,60.0,0,0,0,0,0,0,0,1,0,0,1,0,0,1,0
8332,2038.0,49.0,426.0,62,3385.0,16.4,207.0,0,0,0,0,0,0,0,0,1,0,0,0,0,1,0
6329,1812.0,1.0,318.0,385,491.0,5.1,97.0,0,1,0,0,0,0,0,0,1,0,0,0,0,1,0
3702,1776.0,1.0,538.0,-198,1994.0,6.3,315.0,0,1,0,0,0,1,0,1,0,0,1,0,0,1,0
5657,795.0,7.0,83.0,-285,843.0,26.3,32.0,0,0,0,1,0,0,0,1,0,0,1,0,0,1,0
6334,370.0,0.0,60.0,-249,414.0,27.6,15.0,0,0,0,0,1,0,1,0,0,0,0,0,0,1,0
2762,1698.0,20.0,667.0,77,3627.0,6.0,602.0,1,0,0,0,0,0,0,0,0,0,1,0,0,1,0
5013,523.0,0.0,143.0,-142,116.0,0.9,133.0,0,0,0,1,0,0,0,1,0,0,1,1,0,0,0
5523,537.0,0.0,325.0,446,537.0,3.6,148.0,0,0,0,0,1,0,0,0,0,0,1,0,0,0,0
2491,603.0,0.0,105.0,480,108.0,6.0,18.0,0,0,1,0,0,0,0,1,0,0,1,0,0,1,0
4513,554.0,124.0,160.0,298,610.0,1.3,466.0,0,1,0,0,0,0,0,1,0,0,1,0,1,0,0
3772,1498.0,228.0,401.0,-194,1781.0,19.4,92.0,0,0,0,0,0,0,0,0,0,0,1,0,0,1,0
5883,378.0,4.0,79.0,104,1446.0,144.6,10.0,0,0,0,0,1,0,0,1,0,0,1,0,0,1,0
284,294.0,10.0,98.0,-362,301.0,2.4,126.0,0,0,0,0,1,0,0,0,0,0,1,0,1,0,0
8752,449.0,0.0,82.0,424,357.0,1.3,279.0,0,1,0,0,0,0,1,0,0,1,0,0,1,0,0
899,1303.0,2.0,299.0,-931,683.0,2.2,314.0,0,0,0,0,1,0,0,0,0,0,1,0,1,0,0
4353,544.0,7.0,175.0,-194,197.0,6.2,32.0,0,0,0,0,1,0,0,1,0,0,1,0,0,1,0
6057,842.0,0.0,188.0,117,147.0,1.3,110.0,1,0,0,0,0,0,0,1,0,0,1,0,1,0,0
8298,1590.0,0.0,350.0,-118,384.0,12.8,30.0,0,0,0,0,0,0,0,0,1,0,0,0,0,1,0
4774,2526.0,24.0,457.0,-271,2811.0,3.9,726.0,0,0,0,0,1,0,0,0,0,0,1,0,0,0,0
8132,636.0,49.0,169.0,-541,884.0,6.4,138.0,1,0,0,0,0,0,0,0,0,0,1,0,0,1,0
3301,509.0,4313.0,205.0,557,1281.0,14.7,87.0,1,0,0,0,0,0,1,0,0,1,0,0,0,1,0
7162,96.0,0.0,9.0,-265,206.0,206.0,1.0,0,0,0,1,0,0,0,1,0,0,1,0,0,1,0
7092,251.0,26.0,34.0,138,293.0,48.8,6.0,0,0,0,1,0,0,0,0,0,0,1,0,0,1,0
2765,263.0,0.0,36.0,492,1185.0,1185.0,1.0,0,0,0,0,1,0,0,1,0,0,1,0,0,1,0
6962,297.0,4.0,182.0,-203,620.0,103.3,6.0,1,0,0,0,0,0,0,1,0,1,1,0,0,1,0
8507,835.0,2.0,276.0,-233,351.0,2.4,144.0,0,0,0,0,0,0,0,0,0,1,1,0,1,0,0
2508,6420.0,143.0,1205.0,-704,6305.0,3.6,1747.0,0,0,0,0,1,0,0,0,1,0,0,0,0,0,0
7011,8.0,0.0,1.0,-129,2.0,2.0,1.0,0,0,0,1,0,1,0,0,0,0,1,0,1,0,0
3823,107.0,1438.0,42.0,1318,591.0,9.7,61.0,1,0,0,0,0,0,0,1,0,1,1,0,0,1,0
6531,746.0,144.0,757.0,-643,554.0,1.2,477.0,0,0,0,1,0,0,1,0,0,0,0,0,1,0,0
6328,2008.0,0.0,645.0,-181,2083.0,12.7,164.0,0,0,0,0,1,0,1,0,0,1,0,0,0,1,0
6388,337.0,969.0,221.0,248,656.0,5.7,115.0,0,1,0,0,0,0,0,0,0,1,1,0,0,1,0
5578,244.0,0.0,51.0,-573,244.0,12.2,20.0,0,0,0,0,0,0,1,0,0,1,0,0,0,1,0
3626,4940.0,884.0,1495.0,-944,2678.0,4.4,608.0,0,0,0,0,0,0,0,0,0,1,1,0,0,0,0
5456,1502.0,1.0,366.0,578,1522.0,4.1,375.0,0,0,0,0,0,0,0,1,0,0,1,0,0,0,0
1482,2354.0,508.0,873.0,330,1066.0,0.9,1187.0,0,1,0,0,0,0,0,1,0,0,1,1,0,0,0
2671,287.0,2.0,128.0,120,1464.0,29.9,49.0,0,0,0,0,0,1,0,0,1,0,0,0,0,1,0
775,53.0,33.0,20.0,260,1100.0,23.4,47.0,0,0,0,0,1,0,0,0,0,0,1,0,0,1,0
2581,6.0,0.0,109.0,344,24.0,0.2,116.0,0,0,0,0,1,0,0,0,0,0,1,1,0,0,0
1905,33.0,0.0,9.0,436,27.0,9.0,3.0,0,0,0,0,0,0,0,0,1,0,0,0,0,1,0
3721,1426.0,0.0,207.0,1033,2127.0,6.1,351.0,0,0,0,0,0,0,0,0,1,0,0,0,0,1,0
2359,2052.0,1.0,719.0,51,3223.0,5.6,571.0,0,0,0,0,0,0,0,0,0,0,1,0,0,1,0
1039,1363.0,0.0,472.0,608,1001.0,5.8,173.0,1,0,0,0,0,0,0,0,1,0,0,0,0,1,0
3132,4766.0,287.0,899.0,500,3014.0,4.9,613.0,0,0,0,0,0,0,0,1,0,0,1,0,0,0,0
4126,1130.0,0.0,485.0,844,1017.0,2.5,409.0,0,0,0,0,1,0,0,1,0,1,1,0,1,0,0
488,277.0,0.0,22.0,-196,246.0,123.0,2.0,0,0,0,1,0,0,0,0,1,1,0,0,0,1,0
8560,72.0,19.0,65.0,-356,143.0,4.8,30.0,0,1,0,0,0,1,0,0,0,0,1,0,0,0,0
4906,1020.0,29.0,323.0,1126,1188.0,4.2,285.0,0,0,0,0,0,0,0,1,0,0,1,0,0,0,0
3463,396.0,271.0,528.0,501,380.0,1.0,378.0,0,0,0,1,0,0,0,1,0,0,1,1,0,0,0
6275,3026.0,17.0,270.0,-67,3474.0,4.6,757.0,0,0,0,0,1,0,0,0,1,1,0,0,0,0,0
3040,371.0,0.0,170.0,546,22.0,0.4,57.0,0,0,0,0,1,0,0,0,1,1,0,1,0,0,0
6984,757.0,14.0,180.0,-1155,575.0,2.9,197.0,0,0,0,0,0,0,0,0,1,0,0,0,1,0,0
4802,714.0,0.0,60.0,-94,139.0,10.7,13.0,0,0,1,0,0,0,0,1,0,1,1,0,0,1,0
6224,1620.0,600.0,332.0,-669,2260.0,6.0,375.0,0,0,0,0,0,0,0,0,0,0,1,0,0,1,0
2007,2729.0,0.0,272.0,370,301.0,1.6,187.0,0,0,0,1,0,0,1,0,0,0,0,0,1,0,0
4557,2464.0,58.0,72.0,-203,653.0,46.6,14.0,0,0,0,1,0,0,0,0,1,0,0,0,0,1,0
3642,1092.0,9.0,432.0,398,452.0,0.9,499.0,0,0,0,0,0,0,1,0,0,1,0,1,0,0,0
455,1060.0,370.0,264.0,-93,670.0,2.0,338.0,0,0,1,0,0,0,1,0,0,0,0,0,1,0,0
274,2312.0,0.0,269.0,-710,2000.0,5.4,371.0,1,0,0,0,0,0,0,0,1,1,0,0,0,1,0
2282,1673.0,1173.0,353.0,310,1498.0,9.1,165.0,1,0,0,0,0,0,1,0,0,0,0,0,0,1,0
6737,1530.0,0.0,234.0,-801,169.0,0.9,187.0,0,0,0,0,0,0,0,1,0,1,1,1,0,0,0
7195,194.0,1.0,26.0,-174,129.0,9.9,13.0,0,1,0,0,0,0,0,0,0,0,1,0,0,1,0
918,2283.0,415.0,249.0,-115,3598.0,39.5,91.0,0,0,0,0,0,1,0,0,1,0,0,0,0,1,0
1530,641.0,17.0,210.0,-280,313.0,1.9,161.0,0,0,0,0,1,0,1,0,0,0,0,0,1,0,0
1166,146.0,0.0,3.0,-698,55.0,7.9,7.0,0,0,0,0,0,0,0,1,0,0,1,0,0,1,0
7933,1153.0,5.0,176.0,-9,829.0,2.3,354.0,0,0,0,0,0,0,1,0,0,1,0,0,1,0,0
6987,1647.0,1.0,241.0,514,570.0,1.4,396.0,1,0,0,0,0,0,0,0,1,1,0,0,1,0,0
8502,2699.0,1.0,687.0,167,1159.0,3.1,378.0,0,1,0,0,0,0,1,0,0,1,0,0,0,0,0
7262,311.0,0.0,7.0,144,49.0,8.2,6.0,1,0,0,0,0,0,1,0,0,1,0,0,0,1,0
7068,288.0,0.0,19.0,777,484.0,3.1,154.0,0,0,0,0,1,0,0,0,1,1,0,0,0,0,0
4389,1824.0,980.0,986.0,145,5514.0,7.4,745.0,0,0,0,1,0,0,0,0,0,1,1,0,0,1,0
128,99.0,0.0,6.0,526,20.0,1.3,15.0,0,0,0,0,0,0,1,0,0,0,0,0,1,0,0
842,400.0,2.0,132.0,43,168.0,4.9,34.0,0,0,0,0,0,0,0,0,0,0,1,0,0,0,0
3283,709.0,13.0,124.0,-92,1208.0,2.7,455.0,0,0,0,0,0,0,0,1,0,0,1,0,1,0,0
3802,2487.0,6.0,569.0,-52,1500.0,3.8,390.0,0,0,1,0,0,1,0,0,1,1,0,0,0,0,0
4469,575.0,473.0,524.0,762,1718.0,4.9,352.0,0,0,0,0,0,0,1,0,0,1,0,0,0,0,0
7279,485.0,24.0,406.0,-268,591.0,2.5,234.0,1,0,0,0,0,0,0,0,1,0,0,0,1,0,0
6485,108.0,61.0,200.0,33,661.0,5.2,128.0,0,0,1,0,0,0,0,0,0,0,1,0,0,1,0
2393,746.0,0.0,88.0,278,104.0,2.9,36.0,1,0,0,0,0,0,0,1,0,0,1,0,1,0,0
1508,724.0,2.0,312.0,12,325.0,2.4,134.0,0,0,0,0,0,0,0,0,0,1,1,0,1,0,0
3956,103.0,125.0,383.0,-98,121.0,0.5,261.0,1,0,0,0,0,0,0,0,0,0,1,1,0,0,0
6159,817.0,0.0,111.0,507,420.0,10.8,39.0,0,0,0,0,1,0,0,0,1,1,0,0,0,1,0
3496,191.0,85.0,25.0,219,499.0,499.0,1.0,0,0,1,0,0,1,1,0,0,0,0,0,0,1,0
6620,496.0,5.0,30.0,117,33.0,0.3,98.0,0,0,0,0,1,0,0,0,0,0,1,1,0,0,0
2193,1766.0,65.0,281.0,-191,1335.0,5.5,243.0,0,0,0,0,0,1,0,0,0,0,1,0,0,1,0
512,103.0,95.0,35.0,206,1215.0,52.8,23.0,1,0,0,0,0,0,1,0,0,0,0,0,0,1,0
8096,291.0,0.0,13.0,128,11.0,0.8,13.0,0,0,0,1,0,0,0,0,0,0,1,1,0,0,0
4456,41.0,9.0,20.0,-265,361.0,17.2,21.0,0,0,0,0,1,0,0,1,0,0,1,0,0,1,0
759,1398.0,6.0,353.0,-468,1447.0,24.5,59.0,0,0,0,0,0,0,0,1,0,0,1,0,0,1,0
3831,763.0,21.0,178.0,-40,1339.0,5.6,241.0,0,0,0,0,0,0,0,1,0,0,1,0,0,1,0
2846,116.0,0.0,79.0,-601,106.0,2.4,44.0,1,0,0,0,0,0,0,0,0,1,1,0,1,0,0
8384,465.0,361.0,369.0,308,871.0,2.0,440.0,0,0,0,0,0,0,1,0,0,0,0,0,1,0,0
3020,2310.0,279.0,839.0,-428,1649.0,5.4,303.0,0,0,0,0,0,0,0,1,0,0,1,0,0,1,0
8430,1493.0,185.0,584.0,133,1454.0,2.5,572.0,0,1,0,0,0,0,0,0,0,0,1,0,1,0,0
6308,103.0,1.0,24.0,278,86.0,14.3,6.0,0,0,0,0,0,0,1,0,0,0,0,0,0,1,0
6134,1009.0,0.0,26.0,-46,760.0,760.0,1.0,0,0,0,0,1,0,0,1,0,1,1,0,0,1,0
8310,398.0,0.0,11.0,-562,478.0,79.7,6.0,0,0,0,0,0,0,1,0,0,0,0,0,0,1,0
5747,177.0,0.0,37.0,12,497.0,17.1,29.0,0,0,0,0,0,0,0,0,1,0,0,0,0,1,0
836,1398.0,69.0,132.0,-339,1234.0,12.3,100.0,0,0,0,1,0,0,1,0,0,0,0,0,0,1,0
7402,407.0,3.0,126.0,-338,259.0,2.0,129.0,1,0,0,0,0,0,0,1,0,0,1,0,1,0,0
1847,1.0,32.0,24.0,394,252.0,18.0,14.0,1,0,0,0,0,0,0,0,1,0,0,0,0,1,0
153,190.0,139.0,28.0,-173,1631.0,108.7,15.0,0,0,1,0,0,0,0,0,0,1,1,0,0,1,0
7095,293.0,1.0,154.0,721,153.0,1.6,98.0,0,0,0,0,0,0,0,0,1,1,0,0,1,0,0
216,327.0,529.0,74.0,130,854.0,15.2,56.0,1,0,0,0,0,0,0,1,0,0,1,0,0,1,0
1335,2999.0,1.0,1112.0,-391,1899.0,2.0,965.0,0,0,1,0,0,0,1,0,0,1,0,0,1,0,0
3787,8.0,4.0,6.0,-185,86.0,6.1,14.0,1,0,0,0,0,0,0,0,1,0,0,0,0,1,0
2146,2139.0,45.0,470.0,-386,1408.0,2.5,566.0,1,0,0,0,0,0,0,1,0,0,1,0,1,0,0
5846,351.0,20.0,487.0,426,388.0,0.5,800.0,1,0,0,0,0,0,1,0,0,0,0,1,0,0,0
8613,801.0,2287.0,496.0,579,2930.0,10.1,291.0,0,0,0,1,0,0,0,1,0,0,1,0,0,1,0
5506,208.0,12.0,23.0,-263,513.0,64.1,8.0,0,0,0,1,0,0,0,0,0,0,1,0,0,1,0
4137,341.0,201.0,129.0,-186,1718.0,107.4,16.0,0,0,0,1,0,0,0,0,1,0,0,0,0,1,0
2569,341.0,0.0,334.0,-188,271.0,0.6,451.0,0,0,0,0,0,0,0,0,0,0,1,1,0,0,0
8289,334.0,0.0,5.0,-653,29.0,29.0,1.0,0,0,0,0,0,0,0,1,0,0,1,0,0,1,0
5394,1072.0,2326.0,219.0,59,2666.0,11.9,224.0,1,0,0,0,0,0,0,1,0,0,1,0,0,1,0
3340,2753.0,30.0,414.0,736,243.0,1.4,170.0,1,0,0,0,0,0,0,0,0,0,1,0,1,0,0
250,1742.0,1.0,163.0,-905,1850.0,18.5,100.0,1,0,0,0,0,0,1,0,0,0,0,0,0,1,0
600,3474.0,0.0,794.0,158,2657.0,2.8,958.0,1,0,0,0,0,0,0,0,1,1,0,0,1,0,0
8290,405.0,1037.0,42.0,38,379.0,11.8,32.0,0,0,0,0,0,0,1,0,0,0,0,0,0,1,0
8411,1556.0,1.0,304.0,616,1559.0,6.4,244.0,0,0,0,0,0,0,0,0,1,0,0,0,0,1,0
5713,29.0,0.0,25.0,-248,7.0,0.9,8.0,0,0,1,0,0,0,0,0,1,0,0,1,0,0,0
4399,5424.0,578.0,778.0,219,6749.0,10.3,656.0,0,0,0,1,0,0,0,0,0,0,1,0,0,1,0
149,715.0,0.0,124.0,-14,1103.0,20.4,54.0,1,0,0,0,0,0,1,0,0,1,0,0,0,1,0
4258,935.0,468.0,1091.0,504,2558.0,5.0,511.0,0,0,0,0,0,0,1,0,0,0,0,0,0,0,0
2235,4189.0,256.0,1230.0,-585,2339.0,1.6,1471.0,1,0,0,0,0,0,1,0,0,1,0,0,1,0,0
1984,356.0,0.0,299.0,677,130.0,0.6,226.0,0,0,0,0,1,0,1,0,0,0,0,1,0,0,0
1932,613.0,330.0,161.0,691,1327.0,7.2,185.0,0,1,0,0,0,0,0,0,0,0,1,0,0,1,0
2148,3118.0,0.0,237.0,194,2457.0,21.9,112.0,0,0,0,0,1,0,1,0,0,0,0,0,0,1,0
2334,274.0,1.0,101.0,-317,443.0,6.3,70.0,0,0,0,0,1,0,1,0,0,0,0,0,0,1,0
5375,67.0,0.0,93.0,898,130.0,2.5,53.0,0,0,0,1,0,0,0,0,1,0,0,0,1,0,0
6245,1266.0,2.0,281.0,116,235.0,0.6,387.0,1,0,0,0,0,0,0,0,1,0,0,1,0,0,0
5089,1022.0,0.0,19.0,118,1033.0,103.3,10.0,0,0,0,0,0,0,0,0,1,1,0,0,0,1,0
5386,3240.0,1.0,84.0,-299,688.0,28.7,24.0,0,0,0,1,0,0,0,1,0,1,1,0,0,1,0
3056,2038.0,6.0,641.0,118,3719.0,7.0,531.0,0,0,0,0,1,0,0,0,1,0,0,0,0,1,0
8193,87.0,1343.0,124.0,208,1190.0,9.4,126.0,0,0,0,0,0,0,0,0,0,1,1,0,0,1,0
7882,979.0,216.0,272.0,-370,1037.0,3.7,277.0,0,0,0,0,0,0,0,1,0,0,1,0,0,0,0
5381,38.0,339.0,24.0,-793,194.0,32.3,6.0,0,0,0,1,0,0,0,0,0,0,1,0,0,1,0
1021,680.0,0.0,214.0,261,295.0,2.6,113.0,0,0,0,1,0,0,0,1,0,0,1,0,1,0,0
6496,1026.0,14.0,566.0,277,1474.0,2.9,511.0,0,0,0,0,0,0,1,0,0,1,0,0,1,0,0
7372,129.0,8.0,155.0,-369,430.0,12.6,34.0,0,0,0,0,0,0,0,1,0,1,1,0,0,1,0
7792,4660.0,334.0,569.0,-516,2945.0,5.6,525.0,1,0,0,0,0,0,1,0,0,1,0,0,0,1,0
5300,2112.0,357.0,333.0,-403,3197.0,18.9,169.0,0,0,0,0,0,0,1,0,0,0,0,0,0,1,0
926,2142.0,133.0,390.0,-621,1698.0,6.2,275.0,0,1,0,0,0,0,0,1,0,1,1,0,0,1,0
6173,1663.0,0.0,284.0,-698,372.0,3.3,112.0,0,0,0,0,0,0,0,1,0,0,1,0,0,0,0
4186,1382.0,16.0,344.0,-99,911.0,5.8,158.0,0,1,0,0,0,0,0,1,0,0,1,0,0,1,0
1445,323.0,74.0,1196.0,278,619.0,1.3,472.0,0,1,0,0,0,0,0,0,1,0,0,0,1,0,0
262,395.0,0.0,276.0,-584,38.0,0.4,106.0,0,0,0,0,0,0,0,0,0,0,1,1,0,0,0
6595,655.0,8.0,347.0,-513,269.0,0.6,445.0,0,0,0,0,1,0,1,0,0,0,0,1,0,0,0
1915,787.0,6.0,295.0,-49,571.0,5.7,101.0,0,0,0,0,0,0,1,0,0,1,0,0,0,1,0
741,569.0,1.0,531.0,495,799.0,2.2,362.0,0,0,0,0,1,0,0,0,1,0,0,0,1,0,0
6493,929.0,0.0,250.0,-212,121.0,0.2,615.0,0,1,0,0,0,0,0,0,1,1,0,1,0,0,0
5722,430.0,58.0,60.0,218,713.0,27.4,26.0,1,0,0,0,0,0,0,0,1,1,0,0,0,1,0
3012,433.0,1.0,2.0,-411,263.0,263.0,1.0,0,0,0,1,0,0,0,0,0,0,1,0,0,1,0
3547,4376.0,7.0,852.0,-593,2657.0,3.9,686.0,0,0,1,0,0,1,0,0,0,1,1,0,0,0,0
2174,5697.0,247.0,364.0,362,3232.0,35.9,90.0,0,0,0,0,0,0,0,1,0,0,1,0,0,1,0
6490,1366.0,364.0,296.0,-980,918.0,3.0,305.0,0,0,0,0,1,0,0,1,0,1,1,0,0,0,0
6285,2393.0,199.0,467.0,433,3530.0,12.3,286.0,0,0,1,0,0,0,0,1,0,1,1,0,0,1,0
8091,710.0,52.0,62.0,-335,832.0,69.3,12.0,0,0,0,1,0,0,0,0,0,0,1,0,0,1,0
3732,532.0,44.0,290.0,-526,598.0,2.3,261.0,0,0,0,1,0,0,0,0,1,0,0,0,1,0,0
3916,1316.0,1559.0,218.0,-374,1914.0,14.1,136.0,1,0,0,0,0,0,0,0,0,0,1,0,0,1,0
7010,2349.0,0.0,133.0,-623,2067.0,13.2,157.0,0,0,0,0,0,0,1,0,0,0,0,0,0,1,0
8309,187.0,17.0,1.0,295,59.0,59.0,1.0,1,0,0,0,0,0,0,0,0,1,1,0,0,1,0
7385,172.0,140.0,311.0,588,339.0,1.3,271.0,0,0,0,0,0,0,0,0,1,1,0,0,1,0,0
2163,3067.0,2366.0,857.0,-135,5616.0,5.1,1101.0,0,0,1,0,0,0,0,0,0,1,1,0,0,1,0
6562,2563.0,0.0,343.0,-569,1099.0,3.8,291.0,0,0,0,0,1,0,1,0,0,1,0,0,0,0,0
780,230.0,0.0,55.0,70,35.0,0.7,50.0,0,0,1,0,0,0,0,0,1,0,0,1,0,0,0
1220,566.0,57.0,117.0,291,1190.0,56.7,21.0,0,0,0,0,0,0,1,0,0,0,0,0,0,1,0
5326,33.0,19.0,22.0,378,299.0,17.6,17.0,0,1,0,0,0,0,1,0,0,1,0,0,0,1,0
5518,794.0,2.0,288.0,-298,442.0,2.4,184.0,0,1,0,0,0,0,1,0,0,1,0,0,1,0,0
4072,51.0,0.0,52.0,-288,45.0,0.3,134.0,0,0,0,0,0,0,1,0,0,0,0,1,0,0,0
3828,341.0,225.0,11.0,145,633.0,57.5,11.0,0,0,0,1,0,0,0,1,0,1,1,0,0,1,0
7723,171.0,149.0,171.0,-163,277.0,1.4,200.0,0,1,0,0,0,1,0,1,0,1,1,0,1,0,0
4604,83.0,0.0,76.0,870,141.0,1.5,93.0,0,0,1,0,0,0,0,0,0,1,1,0,1,0,0
4030,160.0,43.0,406.0,259,570.0,2.9,199.0,0,0,0,0,1,0,0,0,1,1,0,0,1,0,0
1919,2407.0,1044.0,562.0,856,6112.0,13.1,465.0,0,0,0,0,0,0,0,0,0,0,1,0,0,1,0
240,978.0,28.0,577.0,185,1486.0,5.1,290.0,1,0,0,0,0,0,0,0,0,1,1,0,0,1,0
2493,111.0,1.0,134.0,-522,237.0,4.0,60.0,0,0,0,0,0,0,0,0,1,0,0,0,0,0,0
4276,2923.0,37.0,515.0,-130,2334.0,4.3,549.0,0,0,0,0,0,0,0,1,0,0,1,0,0,0,0
2141,1229.0,42.0,265.0,-17,1201.0,4.9,246.0,0,0,0,1,0,0,1,0,0,1,0,0,0,0,0
7260,1405.0,0.0,403.0,-447,408.0,1.2,334.0,0,0,0,0,0,0,1,0,0,0,0,0,1,0,0
6922,270.0,0.0,13.0,-533,3.0,3.0,1.0,0,0,0,0,0,0,0,1,0,0,1,0,0,0,0
4240,684.0,6.0,73.0,111,560.0,37.3,15.0,0,0,0,0,0,0,0,0,0,0,1,0,0,1,0
4220,4265.0,6.0,617.0,773,3204.0,4.5,711.0,0,0,0,0,0,0,0,0,1,1,0,0,0,0,0
7438,3978.0,64.0,835.0,-13,5029.0,11.7,429.0,0,1,0,0,0,0,0,1,0,0,1,0,0,1,0
3993,6993.0,30.0,2325.0,-401,2128.0,1.0,2196.0,0,1,0,0,0,0,0,1,0,0,1,1,0,0,0
755,91.0,320.0,80.0,-470,423.0,4.7,90.0,0,0,0,1,0,0,1,0,0,0,0,0,0,0,0
7745,457.0,30.0,75.0,-163,375.0,18.8,20.0,0,0,0,0,0,0,0,1,0,1,1,0,0,1,0
1415,315.0,0.0,187.0,104,395.0,7.1,56.0,0,0,0,0,1,0,0,1,0,0,1,0,0,1,0
7787,925.0,362.0,155.0,262,599.0,8.1,74.0,0,0,0,0,1,0,0,0,1,0,0,0,0,1,0
6928,218.0,1.0,26.0,312,178.0,35.6,5.0,0,0,0,0,1,1,0,0,0,0,1,0,0,1,0
8705,33.0,53.0,47.0,107,2.0,0.2,8.0,0,0,0,0,1,0,0,1,0,1,1,1,0,0,0
4623,4723.0,142.0,481.0,647,2767.0,9.0,306.0,0,0,0,0,1,1,0,0,0,0,1,0,0,1,0
717,217.0,4.0,74.0,-323,119.0,4.1,29.0,0,0,1,0,0,0,0,0,1,0,0,0,0,0,0
4681,3869.0,0.0,1079.0,-138,3136.0,2.4,1327.0,0,0,0,0,0,0,0,0,1,0,0,0,1,0,0
4467,40.0,8.0,10.0,221,57.0,28.5,2.0,0,0,0,0,0,0,0,0,1,0,0,0,0,1,0
1733,9.0,71.0,36.0,617,25.0,0.8,32.0,0,0,0,0,1,0,0,0,0,0,1,1,0,0,0
2170,1617.0,7.0,41.0,-362,248.0,3.8,66.0,1,0,0,0,0,0,0,0,1,0,0,0,0,0,0
2635,996.0,0.0,67.0,135,822.0,137.0,6.0,0,0,0,0,0,0,0,0,0,0,1,0,0,1,0
2883,1354.0,47.0,355.0,-59,1497.0,6.2,242.0,0,0,0,1,0,0,0,1,0,1,1,0,0,1,0
1156,1182.0,736.0,132.0,-535,706.0,5.6,126.0,0,0,0,1,0,0,1,0,0,0,0,0,0,1,0
5046,1.0,107.0,0.0,-300,3.0,3.0,1.0,0,1,0,0,0,0,0,0,0,0,1,0,0,0,0
4144,174.0,0.0,237.0,25,136.0,0.9,144.0,0,0,0,0,1,0,0,0,0,0,1,1,0,0,0
2159,2332.0,659.0,468.0,626,2687.0,9.2,291.0,0,1,0,0,0,0,1,0,0,0,0,0,0,1,0
5610,9.0,0.0,6.0,-119,10.0,2.5,4.0,0,0,0,0,1,0,1,0,0,0,0,0,1,0,0
7522,13.0,1.0,6.0,86,15.0,7.5,2.0,0,0,0,0,0,0,1,0,0,1,0,0,0,1,0
6844,602.0,41.0,216.0,-415,1142.0,5.5,206.0,0,0,1,0,0,0,0,0,0,0,1,0,0,1,0
7236,2816.0,1445.0,969.0,156,3964.0,4.4,909.0,0,0,0,0,0,0,0,1,0,1,1,0,0,0,0
5898,3532.0,25.0,661.0,410,2729.0,6.6,415.0,1,0,0,0,0,0,0,1,0,0,1,0,0,1,0
4355,5326.0,201.0,1470.0,197,4652.0,2.1,2262.0,0,0,0,0,0,0,0,0,1,0,0,0,1,0,0
5443,346.0,130.0,580.0,-443,415.0,1.7,249.0,1,0,0,0,0,0,1,0,0,0,0,0,1,0,0
6194,544.0,62.0,319.0,-220,625.0,2.2,287.0,0,1,0,0,0,0,1,0,0,1,0,0,1,0,0
3159,2580.0,172.0,545.0,-172,1246.0,4.5,278.0,0,0,0,1,0,1,0,0,0,0,1,0,0,0,0
3779,1383.0,25.0,276.0,-364,690.0,1.6,426.0,0,1,0,0,0,0,0,0,1,1,0,0,1,0,0
1714,4.0,106.0,18.0,717,82.0,5.9,14.0,0,0,0,0,0,1,0,0,1,1,0,0,0,1,0
2398,293.0,16.0,101.0,537,580.0,5.5,105.0,0,0,0,0,0,0,0,0,1,0,0,0,0,1,0
4534,5339.0,16.0,1025.0,865,4177.0,4.5,935.0,0,0,0,0,1,0,0,1,0,0,1,0,0,0,0
5416,2597.0,37.0,649.0,-448,2288.0,5.5,416.0,1,0,0,0,0,0,0,1,0,0,1,0,0,1,0
4897,12.0,0.0,63.0,191,19.0,1.7,11.0,0,0,0,0,0,0,1,0,0,1,0,0,1,0,0
4362,13.0,163.0,13.0,560,42.0,3.8,11.0,0,0,0,0,0,0,0,0,1,0,0,0,0,0,0
1240,600.0,4.0,70.0,72,396.0,4.4,91.0,0,0,0,0,0,0,1,0,0,0,0,0,0,0,0
3328,1265.0,4.0,36.0,-79,918.0,45.9,20.0,0,1,0,0,0,0,0,1,0,0,1,0,0,1,0
1469,868.0,0.0,737.0,593,288.0,0.4,673.0,0,0,0,1,0,0,0,0,0,0,1,1,0,0,0
8353,1359.0,29.0,182.0,39,647.0,1.2,556.0,0,0,0,0,0,0,0,0,1,0,0,0,1,0,0
2151,185.0,0.0,137.0,64,157.0,0.9,174.0,1,0,0,0,0,0,0,0,0,0,1,1,0,0,0
3220,144.0,3.0,198.0,171,293.0,6.2,47.0,0,0,0,0,0,0,0,1,0,0,1,0,0,1,0
3003,1206.0,1.0,361.0,-706,1166.0,3.2,369.0,0,0,0,0,0,0,0,1,0,0,1,0,0,0,0
6256,1677.0,527.0,462.0,367,1692.0,4.9,342.0,0,0,0,0,1,0,0,0,1,0,0,0,0,0,0
2439,323.0,4.0,191.0,-530,133.0,2.2,61.0,0,0,0,0,0,0,0,1,0,1,1,0,1,0,0
1333,226.0,0.0,68.0,-420,1099.0,27.5,40.0,0,0,0,0,0,0,0,0,0,1,1,0,0,1,0
5652,283.0,0.0,34.0,-387,34.0,17.0,2.0,1,0,0,0,0,0,0,0,1,0,0,0,0,1,0
4077,4300.0,784.0,1534.0,355,4665.0,2.1,2188.0,0,0,0,0,0,0,0,0,0,0,1,0,1,0,0
860,410.0,182.0,229.0,1110,537.0,10.3,52.0,0,0,0,0,1,0,1,0,0,0,0,0,0,1,0
2405,908.0,0.0,141.0,440,1483.0,11.7,127.0,1,0,0,0,0,1,0,0,1,1,0,0,0,1,0
120,323.0,0.0,32.0,331,29.0,7.2,4.0,0,0,0,0,1,0,0,0,0,0,1,0,0,1,0
707,225.0,159.0,74.0,430,969.0,10.3,94.0,0,0,0,0,0,0,0,1,0,0,1,0,0,1,0
8695,175.0,1.0,46.0,66,15.0,0.3,43.0,0,0,0,1,0,0,1,0,0,0,0,1,0,0,0
1498,255.0,2.0,57.0,160,298.0,4.7,63.0,1,0,0,0,0,0,0,0,1,1,0,0,0,0,0
8273,2045.0,0.0,156.0,-406,867.0,6.8,128.0,0,0,0,0,1,0,0,0,1,0,0,0,0,1,0
4903,485.0,0.0,50.0,-411,135.0,5.0,27.0,0,1,0,0,0,0,0,0,0,1,1,0,0,0,0
6378,2270.0,168.0,528.0,-634,2053.0,2.5,818.0,0,0,0,0,0,0,0,0,1,1,0,0,1,0,0
6864,1460.0,0.0,293.0,756,1074.0,2.7,396.0,0,0,0,0,1,0,0,0,1,1,0,0,1,0,0
6017,4674.0,6.0,1083.0,-878,3216.0,4.0,808.0,0,0,0,0,0,0,0,0,1,0,0,0,0,0,0
6789,5.0,0.0,7.0,-406,6.0,0.9,7.0,0,0,0,0,1,0,1,0,0,0,0,1,0,0,0
3208,321.0,186.0,321.0,178,615.0,1.7,353.0,1,0,0,0,0,0,0,1,0,0,1,0,1,0,0
1780,1467.0,0.0,198.0,-257,148.0,8.7,17.0,0,0,0,0,1,0,0,0,1,0,0,0,0,1,0
2805,237.0,165.0,240.0,482,477.0,1.6,290.0,0,0,0,1,0,0,0,0,1,0,0,0,1,0,0
4711,147.0,123.0,171.0,-956,215.0,0.9,231.0,0,0,0,0,1,0,1,0,0,0,0,1,0,0,0
7418,443.0,0.0,276.0,316,43.0,0.6,67.0,0,0,0,0,1,0,1,0,0,0,0,1,0,0,0
6197,2986.0,250.0,334.0,101,3397.0,7.8,434.0,0,1,0,0,0,0,0,0,1,1,0,0,0,1,0
3045,1088.0,1.0,571.0,-250,651.0,0.6,1024.0,0,0,0,0,0,0,1,0,0,0,0,1,0,0,0
8148,846.0,1.0,249.0,393,236.0,6.2,38.0,1,0,0,0,0,0,0,0,0,0,1,0,0,1,0
5793,122.0,46.0,34.0,589,150.0,8.8,17.0,0,0,0,0,0,0,0,0,0,1,1,0,0,1,0
8689,3192.0,1.0,428.0,-191,2341.0,8.6,272.0,0,0,0,0,1,0,0,0,0,0,1,0,0,1,0
2125,287.0,64.0,52.0,-98,38.0,4.2,9.0,0,1,0,0,0,0,0,1,0,1,1,0,0,0,0
5691,715.0,1.0,292.0,8,1190.0,6.4,187.0,0,1,0,0,0,0,0,0,0,0,1,0,0,1,0
3589,956.0,114.0,228.0,437,1515.0,13.9,109.0,0,1,0,0,0,0,0,0,0,0,1,0,0,1,0
5521,932.0,3.0,95.0,-445,1412.0,128.4,11.0,0,0,0,0,1,0,0,1,0,1,1,0,0,1,0
7885,75.0,38.0,130.0,-224,172.0,1.5,113.0,0,0,0,1,0,0,0,0,1,1,0,0,1,0,0
7516,709.0,9.0,199.0,-149,294.0,4.5,65.0,0,0,1,0,0,0,1,0,0,0,0,0,0,0,0
3355,167.0,0.0,17.0,-232,80.0,40.0,2.0,1,0,0,0,0,0,1,0,0,1,0,0,0,1,0
5530,2650.0,48.0,563.0,-590,1399.0,3.0,467.0,0,0,0,0,0,0,0,0,1,0,0,0,0,0,0
2614,2082.0,466.0,517.0,252,3688.0,18.1,204.0,0,0,1,0,0,0,0,0,0,1,1,0,0,1,0
6729,41.0,236.0,15.0,129,101.0,16.8,6.0,0,0,0,0,0,0,0,1,0,1,1,0,0,1,0
6627,2582.0,5.0,674.0,-358,1815.0,3.5,520.0,0,0,0,0,0,0,0,0,1,0,0,0,0,0,0
2568,3397.0,31.0,950.0,167,2548.0,16.2,157.0,0,0,0,1,0,1,1,0,0,0,0,0,0,1,0
1943,10.0,69.0,12.0,339,38.0,9.5,4.0,0,0,0,1,0,0,0,0,0,0,1,0,0,1,0
4040,1680.0,5.0,239.0,-891,1052.0,3.8,275.0,0,0,0,0,0,0,1,0,0,1,0,0,0,0,0
1762,521.0,105.0,174.0,-206,716.0,23.9,30.0,0,0,0,0,0,0,0,0,1,1,0,0,0,1,0
17,3461.0,0.0,827.0,-234,2041.0,2.5,802.0,0,0,1,0,0,0,0,0,0,1,1,0,1,0,0
1999,73.0,0.0,73.0,533,239.0,7.5,32.0,0,0,0,1,0,0,0,0,1,1,0,0,0,1,0
5460,265.0,0.0,253.0,279,180.0,1.0,174.0,1,0,0,0,0,0,1,0,0,0,0,1,0,0,0
3853,2928.0,0.0,440.0,170,2223.0,6.4,348.0,0,0,0,0,0,0,0,0,1,0,0,0,0,1,0
7151,1594.0,0.0,257.0,-192,1422.0,3.8,372.0,0,0,0,0,0,0,1,0,0,0,0,0,0,0,0
3140,120.0,2.0,93.0,-46,138.0,15.3,9.0,0,0,0,0,0,0,1,0,0,0,0,0,0,1,0
7775,180.0,53.0,74.0,-229,181.0,4.0,45.0,0,0,0,0,0,0,0,1,0,1,1,0,0,0,0
6442,3569.0,957.0,1574.0,970,2493.0,1.1,2222.0,1,0,0,0,0,0,0,0,0,0,1,0,1,0,0
8494,1016.0,53.0,148.0,-547,562.0,3.3,168.0,0,0,0,0,0,0,0,1,0,0,1,0,0,0,0
2549,59.0,0.0,5.0,258,113.0,28.2,4.0,0,0,0,0,1,0,0,0,0,0,1,0,0,1,0
7989,806.0,7.0,515.0,-134,608.0,2.4,256.0,0,0,0,0,0,0,0,0,1,1,0,0,1,0,0
1075,417.0,5.0,133.0,485,614.0,6.0,103.0,0,0,0,0,0,0,0,0,0,0,1,0,0,1,0
1585,1850.0,250.0,468.0,311,5215.0,16.5,316.0,0,0,0,0,0,0,0,1,0,0,1,0,0,1,0
7618,2149.0,4.0,687.0,-40,1120.0,1.8,624.0,0,0,1,0,0,0,0,1,0,0,1,0,1,0,0
14,23.0,0.0,51.0,-209,1.0,0.0,72.0,0,0,0,0,1,0,0,0,0,0,1,0,0,0,1
1618,2162.0,1823.0,517.0,-100,3862.0,8.3,465.0,0,0,0,0,0,0,0,0,1,0,0,0,0,1,0
4902,789.0,4.0,41.0,193,239.0,5.6,43.0,1,0,0,0,0,0,0,0,1,0,0,0,0,1,0
1623,1165.0,350.0,363.0,339,1671.0,44.0,38.0,0,0,0,0,0,0,0,0,1,0,0,0,0,1,0
3690,865.0,414.0,486.0,465,1604.0,3.1,517.0,1,0,0,0,0,0,0,0,0,0,1,0,0,0,0
2062,444.0,194.0,150.0,147,521.0,12.7,41.0,0,0,0,1,0,0,0,0,1,0,0,0,0,1,0
7176,211.0,0.0,31.0,-337,45.0,1.8,25.0,0,0,0,1,0,0,0,1,0,1,1,0,1,0,0
8694,1106.0,1.0,106.0,48,519.0,2.2,231.0,0,0,0,0,0,0,1,0,0,1,0,0,1,0,0
2136,859.0,237.0,254.0,-187,908.0,34.9,26.0,0,0,0,0,0,0,0,0,0,1,1,0,0,1,0
1945,3090.0,155.0,745.0,-145,1329.0,2.3,576.0,0,0,0,0,0,0,0,0,1,1,0,0,1,0,0
4558,2039.0,711.0,352.0,273,2297.0,5.5,421.0,0,0,0,0,0,0,0,0,1,1,0,0,0,1,0
7878,1941.0,8.0,335.0,-201,392.0,0.5,785.0,1,0,0,0,0,0,0,1,0,0,1,1,0,0,0
4227,360.0,15.0,18.0,-207,332.0,166.0,2.0,0,0,0,1,0,0,0,0,0,0,1,0,0,1,0
3771,459.0,2072.0,490.0,-75,1486.0,1.6,940.0,0,0,0,0,0,0,0,0,0,0,1,0,1,0,0
4457,374.0,4.0,209.0,292,255.0,1.1,233.0,0,0,0,0,1,0,0,1,0,0,1,0,1,0,0
7515,733.0,2.0,869.0,-130,808.0,1.1,718.0,0,0,0,0,0,0,0,0,1,0,0,0,1,0,0
5491,420.0,49.0,535.0,-385,291.0,1.2,246.0,0,0,0,0,0,0,1,0,0,0,0,0,1,0,0
5243,133.0,5.0,62.0,873,214.0,30.6,7.0,0,1,0,0,0,0,0,0,1,1,0,0,0,1,0
6429,1347.0,20.0,298.0,-522,432.0,3.4,127.0,0,0,0,1,0,0,1,0,0,0,0,0,0,0,0
7470,78.0,0.0,80.0,329,13.0,0.2,67.0,0,0,0,0,0,0,1,0,0,1,0,1,0,0,0
1742,2.0,23.0,16.0,2,26.0,26.0,1.0,0,0,0,0,0,0,0,0,0,1,1,0,0,1,0
7934,1334.0,2862.0,522.0,156,1803.0,12.4,145.0,0,0,0,1,0,0,0,0,1,1,0,0,0,1,0
5163,1644.0,99.0,278.0,421,528.0,1.2,449.0,0,0,0,0,1,0,0,1,0,0,1,0,1,0,0
5120,498.0,30.0,104.0,421,448.0,16.6,27.0,0,0,0,0,1,0,0,0,0,1,1,0,0,1,0
6550,4626.0,51.0,790.0,-109,4890.0,14.9,329.0,0,0,0,0,0,0,0,1,0,0,1,0,0,1,0
1121,1368.0,84.0,351.0,166,2631.0,10.1,261.0,0,0,0,1,0,0,0,1,0,0,1,0,0,1,0
7096,484.0,853.0,787.0,382,3776.0,11.1,340.0,0,0,0,0,0,0,1,0,0,1,0,0,0,1,0
2063,1412.0,17.0,641.0,383,1330.0,1.4,938.0,0,0,1,0,0,0,0,0,0,0,1,0,1,0,0
830,1.0,0.0,26.0,397,4.0,1.3,3.0,0,0,0,0,0,0,1,0,0,1,0,0,1,0,0
4310,111.0,6.0,23.0,363,111.0,2.8,39.0,0,0,1,0,0,0,0,0,0,0,1,0,1,0,0
700,95.0,886.0,88.0,356,2468.0,21.1,117.0,0,0,0,1,0,0,0,0,0,1,1,0,0,1,0
5241,276.0,0.0,10.0,-25,60.0,15.0,4.0,0,0,0,0,0,0,1,0,0,0,0,0,0,1,0
6837,1202.0,188.0,572.0,468,913.0,2.0,456.0,0,0,0,0,0,0,0,0,0,0,1,0,1,0,0
2237,7.0,1.0,16.0,342,18.0,1.6,11.0,0,0,0,0,1,0,1,0,0,1,0,0,1,0,0
5077,508.0,0.0,49.0,-587,261.0,0.9,282.0,0,0,0,0,0,0,0,0,0,1,1,1,0,0,0
2949,1252.0,1109.0,336.0,-210,1586.0,2.6,605.0,1,0,0,0,0,0,0,1,0,0,1,0,1,0,0
5338,169.0,0.0,7.0,-255,1.0,0.1,14.0,0,0,0,0,0,0,0,0,0,0,1,1,0,0,0
4775,233.0,0.0,21.0,-945,92.0,18.4,5.0,0,0,0,0,0,1,0,1,0,1,1,0,0,1,0
8011,1211.0,0.0,96.0,-623,939.0,4.6,202.0,0,0,0,0,0,0,1,0,0,0,0,0,0,0,0
6847,159.0,58.0,31.0,356,51.0,6.4,8.0,1,0,0,0,0,0,0,0,1,0,0,0,0,1,0
6355,220.0,13.0,78.0,-876,555.0,2.1,265.0,0,0,0,0,0,0,1,0,0,1,0,0,1,0,0
3557,694.0,198.0,457.0,-442,2125.0,2.7,795.0,0,0,0,0,1,0,1,0,0,1,0,0,1,0,0
5536,2374.0,2.0,190.0,-776,875.0,13.3,66.0,0,0,0,0,0,0,0,0,0,0,1,0,0,1,0
1535,95.0,14.0,129.0,381,259.0,6.6,39.0,0,0,0,0,0,0,0,0,0,1,1,0,0,1,0
4462,87.0,4.0,32.0,-406,115.0,2.3,49.0,1,0,0,0,0,0,0,0,1,0,0,0,1,0,0
1574,3460.0,4.0,443.0,-77,659.0,1.1,621.0,0,0,0,0,0,0,1,0,0,0,0,0,1,0,0
2814,183.0,342.0,167.0,-16,1339.0,14.1,95.0,0,0,0,0,0,0,1,0,0,1,0,0,0,1,0
4581,1334.0,16.0,48.0,183,1080.0,63.5,17.0,0,0,0,0,0,0,0,0,0,0,1,0,0,1,0
4249,1074.0,46.0,315.0,-565,1235.0,3.0,410.0,0,0,0,1,0,0,0,1,0,1,1,0,0,0,0
4883,2974.0,1131.0,1024.0,1095,2209.0,3.4,657.0,0,0,0,0,0,0,1,0,0,1,0,0,0,0,0
7746,3859.0,100.0,231.0,-589,2478.0,11.7,211.0,0,0,1,0,0,0,1,0,0,1,0,0,0,1,0
7,719.0,43.0,293.0,112,2401.0,5.7,420.0,1,0,0,0,0,0,0,0,0,0,1,0,0,1,0
7932,189.0,0.0,33.0,-996,745.0,39.2,19.0,1,0,0,0,0,0,0,0,1,0,0,0,0,1,0
807,1467.0,0.0,132.0,-209,1192.0,13.1,91.0,0,0,0,0,1,0,1,0,0,0,0,0,0,1,0
4653,9423.0,654.0,1622.0,-602,8568.0,5.0,1729.0,0,0,0,1,0,0,0,1,0,1,1,0,0,0,0
8320,958.0,808.0,666.0,729,2244.0,7.4,303.0,0,0,0,1,0,0,1,0,0,0,0,0,0,1,0
2623,52.0,0.0,49.0,531,202.0,2.3,88.0,0,0,1,0,0,0,1,0,0,0,0,0,1,0,0
10,173.0,0.0,42.0,138,852.0,213.0,4.0,0,0,0,0,0,0,0,0,0,0,1,0,0,1,0
7766,761.0,716.0,265.0,693,1309.0,8.6,152.0,0,0,0,0,0,1,0,1,0,0,1,0,0,1,0
6066,515.0,131.0,193.0,-247,1106.0,30.7,36.0,0,0,0,0,1,0,0,1,0,1,1,0,0,1,0
1768,3.0,9.0,25.0,270,42.0,10.5,4.0,0,0,0,0,0,0,0,1,0,1,1,0,0,1,0
6535,1133.0,0.0,1.0,208,255.0,85.0,3.0,0,0,0,0,0,0,0,0,0,1,1,0,0,1,0
534,49.0,0.0,106.0,298,293.0,12.7,23.0,0,1,0,0,0,0,0,1,0,1,1,0,0,1,0
2515,430.0,1.0,31.0,479,48.0,4.4,11.0,0,0,0,0,0,0,0,0,1,1,0,0,0,0,0
2303,1279.0,3.0,79.0,-395,643.0,10.2,63.0,0,0,0,0,0,0,0,1,0,1,1,0,0,1,0
1024,2462.0,0.0,390.0,114,1168.0,2.4,483.0,0,0,0,1,0,1,0,0,1,0,0,0,1,0,0
1174,241.0,0.0,18.0,-4,24.0,8.0,3.0,0,1,0,0,0,1,0,0,1,0,0,0,0,1,0
5696,482.0,225.0,69.0,21,1126.0,45.0,25.0,0,0,1,0,0,0,0,0,1,0,0,0,0,1,0
3852,90.0,6.0,26.0,818,146.0,36.5,4.0,1,0,0,0,0,0,0,1,0,1,1,0,0,1,0
4005,91.0,8.0,78.0,-365,1329.0,12.5,106.0,0,0,0,0,1,0,1,0,0,1,0,0,0,1,0
2984,967.0,8.0,196.0,-845,977.0,4.5,219.0,0,0,0,0,0,0,0,0,0,0,1,0,0,0,0
8349,228.0,6.0,68.0,369,122.0,4.2,29.0,0,1,0,0,0,0,0,0,0,1,1,0,0,0,0
7729,1319.0,14.0,292.0,867,1285.0,4.1,313.0,0,0,0,0,0,0,0,0,0,1,1,0,0,0,0
4655,2224.0,207.0,575.0,-223,2648.0,6.9,384.0,0,0,0,0,0,0,0,1,0,0,1,0,0,1,0
4689,4.0,14.0,2.0,148,10.0,5.0,2.0,0,0,1,0,0,0,0,1,0,1,1,0,0,0,0
4769,970.0,71.0,557.0,800,2768.0,8.2,337.0,0,0,1,0,0,0,0,1,0,0,1,0,0,1,0
4662,72.0,0.0,3.0,163,99.0,33.0,3.0,0,0,0,0,0,0,0,0,1,0,0,0,0,1,0
7404,7.0,0.0,6.0,141,29.0,29.0,1.0,0,0,0,1,0,0,1,0,0,1,0,0,0,1,0
1843,42.0,617.0,24.0,48,239.0,1.5,161.0,0,1,0,0,0,0,0,0,1,0,0,0,1,0,0
8199,1379.0,0.0,44.0,-162,489.0,12.9,38.0,0,0,0,0,0,0,0,0,0,0,1,0,0,1,0
6796,3311.0,0.0,685.0,-552,3521.0,3.2,1090.0,0,0,0,0,0,0,0,0,0,1,1,0,0,0,0
2300,609.0,111.0,261.0,1032,1433.0,9.5,151.0,0,0,0,0,0,0,0,1,0,0,1,0,0,1,0
7257,4039.0,1146.0,912.0,-156,3390.0,5.0,680.0,1,0,0,0,0,0,0,0,0,0,1,0,0,0,0
1766,558.0,16.0,144.0,193,583.0,14.9,39.0,0,0,0,1,0,0,0,1,0,0,1,0,0,1,0
3713,1023.0,0.0,85.0,386,335.0,18.6,18.0,0,0,0,1,0,0,0,0,1,0,0,0,0,1,0
1032,2446.0,255.0,658.0,-377,1362.0,2.7,505.0,0,1,0,0,0,0,1,0,0,0,0,0,1,0,0
5961,1799.0,1146.0,725.0,-38,5920.0,5.4,1098.0,0,0,0,0,1,0,0,1,0,0,1,0,0,1,0
386,7.0,0.0,19.0,-52,14.0,2.0,7.0,0,0,0,0,0,1,0,0,0,0,1,0,1,0,0
5284,273.0,24.0,62.0,-133,237.0,39.5,6.0,0,0,0,0,0,0,0,0,1,1,0,0,0,1,0
850,448.0,0.0,113.0,584,120.0,0.8,146.0,1,0,0,0,0,0,1,0,0,0,0,1,0,0,0
6945,1841.0,707.0,319.0,718,1073.0,5.9,182.0,0,0,0,1,0,0,1,0,0,1,0,0,0,1,0
418,901.0,0.0,65.0,-534,159.0,5.3,30.0,0,0,0,0,0,0,0,1,0,0,1,0,0,1,0
2275,7.0,0.0,17.0,-704,2.0,0.7,3.0,0,0,0,0,1,0,0,0,0,0,1,1,0,0,0
6639,1580.0,51.0,239.0,-983,846.0,8.7,97.0,0,0,1,0,0,0,1,0,0,0,0,0,0,1,0
6445,15.0,0.0,1.0,329,7.0,3.5,2.0,0,0,0,0,1,1,1,0,0,1,0,0,0,0,0
2898,149.0,0.0,20.0,-215,319.0,159.5,2.0,0,0,0,0,1,0,0,0,0,1,1,0,0,1,0
8056,113.0,1569.0,44.0,-164,496.0,9.4,53.0,0,0,0,1,0,0,0,1,0,0,1,0,0,1,0
5824,6437.0,1.0,1010.0,-789,8302.0,12.4,669.0,0,0,0,0,0,1,0,0,0,1,1,0,0,1,0
1857,2954.0,0.0,820.0,100,3586.0,9.6,372.0,0,0,0,0,0,0,0,0,0,1,1,0,0,1,0
1198,1365.0,0.0,238.0,-146,1151.0,10.3,112.0,0,0,0,0,0,0,0,0,1,1,0,0,0,1,0
8043,95.0,77.0,323.0,393,178.0,1.7,104.0,0,0,1,0,0,0,0,0,1,0,0,0,1,0,0
4455,1779.0,1.0,378.0,-103,1436.0,1.9,746.0,0,0,0,0,0,0,1,0,0,0,0,0,1,0,0
6938,658.0,137.0,470.0,551,1853.0,3.5,533.0,1,0,0,0,0,0,1,0,0,1,0,0,0,0,0
1234,896.0,4.0,251.0,107,1502.0,10.2,147.0,0,0,1,0,0,0,0,0,0,1,1,0,0,1,0
8085,510.0,374.0,253.0,225,606.0,3.1,198.0,0,0,0,1,0,0,0,0,1,0,0,0,0,0,0
5412,957.0,17.0,191.0,368,1207.0,28.7,42.0,0,0,0,0,0,0,1,0,0,0,0,0,0,1,0
230,1297.0,4.0,660.0,-106,380.0,0.6,632.0,0,0,0,0,0,0,1,0,0,0,0,1,0,0,0
6376,3008.0,762.0,692.0,195,5252.0,21.8,241.0,0,0,0,0,0,0,0,1,0,1,1,0,0,1,0
5019,60.0,4.0,43.0,-171,42.0,2.8,15.0,0,0,0,1,0,0,0,0,1,0,0,0,1,0,0
8731,959.0,12.0,122.0,457,1047.0,74.8,14.0,0,0,0,0,0,0,0,1,0,0,1,0,0,1,0
6216,3286.0,54.0,885.0,-351,4004.0,8.6,467.0,0,0,0,0,1,0,1,0,0,1,0,0,0,1,0
7370,202.0,113.0,273.0,534,1416.0,18.6,76.0,1,0,0,0,0,0,1,0,0,0,0,0,0,1,0
379,811.0,128.0,494.0,729,479.0,1.0,459.0,0,0,0,1,0,0,0,0,0,1,1,1,0,0,0
7218,471.0,5.0,287.0,356,1459.0,4.6,317.0,0,0,0,0,0,0,0,0,1,0,0,0,0,0,0
5675,179.0,1.0,141.0,209,306.0,5.8,53.0,0,0,0,0,0,0,1,0,0,1,0,0,0,1,0
6506,61.0,5.0,4.0,-194,43.0,6.1,7.0,1,0,0,0,0,0,0,0,0,0,1,0,0,1,0
8081,3178.0,351.0,471.0,-250,1616.0,5.4,302.0,0,0,1,0,0,0,0,0,0,0,1,0,0,1,0
1322,3371.0,401.0,123.0,-1007,1240.0,7.4,167.0,0,0,0,0,0,0,0,0,1,0,0,0,0,1,0
4782,50.0,1.0,3.0,-320,16.0,5.3,3.0,0,0,0,0,0,0,0,1,0,0,1,0,0,1,0
6427,2936.0,0.0,708.0,-235,4135.0,13.6,303.0,0,0,0,0,0,0,0,0,1,0,0,0,0,1,0
137,845.0,301.0,224.0,229,586.0,2.4,241.0,0,0,0,0,0,0,0,0,1,1,0,0,1,0,0
315,1504.0,32.0,550.0,-372,1980.0,3.1,638.0,1,0,0,0,0,0,0,0,1,1,0,0,0,0,0
4102,6410.0,158.0,688.0,-15,4380.0,5.5,798.0,0,0,0,0,0,0,0,0,0,0,1,0,0,1,0
3676,613.0,2.0,226.0,-305,938.0,2.0,459.0,0,0,1,0,0,1,0,1,0,0,1,0,1,0,0
1863,1358.0,3.0,196.0,-288,1850.0,11.5,161.0,0,0,0,0,0,0,1,0,0,0,0,0,0,1,0
3531,2011.0,0.0,193.0,631,1344.0,5.9,228.0,0,0,0,0,0,0,0,0,0,1,1,0,0,1,0
6792,411.0,21.0,112.0,-97,374.0,8.7,43.0,0,0,0,0,1,0,0,0,0,0,1,0,0,1,0
7399,43.0,7.0,171.0,96,147.0,3.1,47.0,0,0,0,0,0,0,0,0,0,0,1,0,0,0,0
245,1210.0,0.0,174.0,-72,629.0,4.7,135.0,0,0,0,0,0,0,0,1,0,0,1,0,0,0,0
7558,2232.0,307.0,925.0,-187,2525.0,1.8,1417.0,0,0,0,0,0,1,0,0,1,1,0,0,1,0,0
6766,92.0,5.0,70.0,1127,65.0,0.9,75.0,0,0,0,1,0,0,0,1,0,1,1,1,0,0,0
1144,5887.0,69.0,1039.0,-122,3841.0,6.4,602.0,0,0,0,0,0,0,0,1,0,1,1,0,0,1,0
1271,1737.0,4.0,65.0,194,1028.0,17.4,59.0,0,0,0,0,0,0,1,0,0,1,0,0,0,1,0
3791,178.0,35.0,42.0,-267,102.0,1.8,57.0,0,0,0,0,0,0,0,0,0,0,1,0,1,0,0
7445,1537.0,945.0,1125.0,-365,3432.0,3.4,1022.0,0,0,0,0,1,0,0,0,0,1,1,0,0,0,0
886,789.0,0.0,18.0,-286,1327.0,265.4,5.0,0,0,0,0,0,0,1,0,0,0,0,0,0,1,0
1407,1019.0,2.0,337.0,-348,182.0,0.5,384.0,0,0,1,0,0,0,0,1,0,1,1,1,0,0,0
8551,3780.0,33.0,1575.0,-517,4258.0,3.1,1396.0,0,0,0,0,0,0,0,1,0,1,1,0,0,0,0
8640,3366.0,0.0,1874.0,405,2537.0,0.9,2938.0,0,0,0,0,0,0,0,0,0,0,1,1,0,0,0
6404,2179.0,57.0,302.0,-195,642.0,6.2,103.0,0,0,0,0,0,0,0,1,0,0,1,0,0,1,0
6808,1207.0,0.0,114.0,-554,1559.0,11.5,136.0,0,0,0,0,1,0,0,1,0,0,1,0,0,1,0
1416,652.0,710.0,260.0,4,2368.0,18.8,126.0,0,0,0,0,1,0,0,1,0,0,1,0,0,1,0
7915,467.0,4.0,106.0,-402,547.0,24.9,22.0,0,0,0,0,0,0,0,1,0,0,1,0,0,1,0
6606,87.0,772.0,141.0,-332,391.0,7.2,54.0,1,0,0,0,0,0,0,0,0,0,1,0,0,1,0
754,498.0,27.0,217.0,-196,480.0,2.6,187.0,0,0,0,0,1,0,0,0,0,0,1,0,1,0,0
576,2628.0,185.0,352.0,-445,1625.0,7.1,228.0,0,0,0,0,1,1,0,0,0,0,1,0,0,1,0
5775,2.0,40.0,18.0,260,45.0,9.0,5.0,1,0,0,0,0,0,0,0,1,1,0,0,0,1,0
4125,1062.0,1134.0,93.0,-63,914.0,38.1,24.0,0,0,0,0,0,0,0,0,0,1,1,0,0,1,0
1846,1032.0,117.0,247.0,-444,512.0,4.5,114.0,0,0,1,0,0,0,1,0,0,1,0,0,0,0,0
3234,723.0,0.0,105.0,184,291.0,3.5,83.0,0,0,0,0,0,0,0,1,0,0,1,0,0,0,0
8144,337.0,46.0,27.0,-1076,116.0,12.9,9.0,1,0,0,0,0,0,0,0,0,0,1,0,0,1,0
4716,697.0,60.0,215.0,-191,1097.0,99.7,11.0,0,0,0,1,0,0,0,0,1,1,0,0,0,1,0
8351,502.0,0.0,73.0,-219,1132.0,66.6,17.0,0,0,0,0,1,0,1,0,0,0,0,0,0,1,0
6840,3501.0,1407.0,700.0,756,2975.0,5.5,539.0,0,0,0,0,0,0,0,0,0,0,1,0,0,1,0
3471,82.0,84.0,272.0,118,252.0,1.1,229.0,0,0,0,1,0,0,1,0,0,1,0,0,1,0,0
6153,1119.0,0.0,156.0,-516,214.0,4.3,50.0,0,0,0,0,1,0,0,0,1,1,0,0,0,0,0
938,142.0,0.0,10.0,-325,399.0,199.5,2.0,0,0,0,0,0,0,0,0,1,0,0,0,0,1,0
2339,1134.0,156.0,64.0,-615,705.0,8.6,82.0,0,0,0,1,0,0,0,0,1,0,0,0,0,1,0
1959,784.0,544.0,217.0,885,854.0,17.8,48.0,0,0,0,0,0,0,0,0,0,0,1,0,0,1,0
7018,1366.0,149.0,82.0,667,2207.0,88.3,25.0,1,0,0,0,0,0,0,0,1,0,0,0,0,1,0
6011,454.0,204.0,64.0,-232,699.0,69.9,10.0,0,0,0,1,0,0,0,0,1,0,0,0,0,1,0
8015,1819.0,247.0,503.0,-140,1720.0,6.8,254.0,1,0,0,0,0,0,0,0,0,1,1,0,0,1,0
7810,2171.0,100.0,579.0,30,3135.0,5.5,571.0,1,0,0,0,0,0,0,0,1,0,0,0,0,1,0
1211,2665.0,6.0,705.0,212,1800.0,3.2,569.0,0,0,0,0,0,0,1,0,0,1,0,0,0,0,0
3838,2.0,0.0,17.0,-692,1.0,0.2,6.0,0,0,0,0,0,0,1,0,0,1,0,1,0,0,0
1059,1513.0,25.0,559.0,556,2073.0,3.3,626.0,0,0,0,1,0,0,0,0,0,0,1,0,0,0,0
6540,1986.0,14.0,194.0,116,409.0,1.7,241.0,0,1,0,0,0,0,1,0,0,0,0,0,1,0,0
7785,960.0,0.0,74.0,-52,826.0,59.0,14.0,0,0,0,0,0,0,0,1,0,0,1,0,0,1,0
2256,93.0,0.0,114.0,-257,13.0,0.1,142.0,0,0,0,0,1,1,0,0,0,0,1,1,0,0,0
459,6992.0,1.0,759.0,-249,5435.0,5.6,962.0,0,0,0,0,1,0,1,0,0,1,0,0,0,1,0
3554,3134.0,29.0,550.0,9,2311.0,6.3,369.0,0,0,0,1,0,0,0,0,0,0,1,0,0,1,0
89,10.0,193.0,30.0,51,21.0,3.5,6.0,0,0,0,0,1,0,0,0,0,0,1,0,0,0,0
3316,59.0,0.0,115.0,-59,232.0,4.1,57.0,0,0,0,0,0,0,0,0,0,1,1,0,0,0,0
3180,1762.0,261.0,146.0,-899,866.0,20.1,43.0,0,0,0,1,0,0,0,0,1,0,0,0,0,1,0
753,881.0,0.0,135.0,-403,259.0,1.3,200.0,1,0,0,0,0,0,0,1,0,0,1,0,1,0,0
7929,54.0,0.0,10.0,-130,36.0,7.2,5.0,1,0,0,0,0,0,0,0,0,0,1,0,0,1,0
3125,1593.0,22.0,68.0,54,831.0,20.8,40.0,0,0,0,1,0,0,0,0,1,0,0,0,0,1,0
3803,520.0,853.0,183.0,396,428.0,16.5,26.0,0,0,0,1,0,1,1,0,0,0,0,0,0,1,0
8061,4808.0,553.0,702.0,608,3288.0,6.9,477.0,0,0,0,1,0,0,1,0,0,1,0,0,0,1,0
7413,878.0,779.0,350.0,-474,1847.0,4.7,391.0,0,0,0,0,0,0,1,0,0,1,0,0,0,0,0
7380,242.0,7.0,50.0,266,276.0,16.2,17.0,0,0,1,0,0,0,0,0,1,0,0,0,0,1,0
2054,72.0,0.0,217.0,-482,41.0,0.7,57.0,0,0,0,0,1,0,1,0,0,1,0,1,0,0,0
3846,1684.0,119.0,177.0,-478,477.0,2.1,224.0,0,0,0,0,0,0,1,0,0,1,0,0,1,0,0
8322,170.0,1.0,159.0,428,64.0,0.2,310.0,1,0,0,0,0,1,1,0,0,0,0,1,0,0,0
4253,403.0,0.0,32.0,490,109.0,9.1,12.0,1,0,0,0,0,0,1,0,0,0,0,0,0,1,0
293,6913.0,66.0,721.0,-328,2237.0,8.9,250.0,0,0,1,0,0,0,0,0,0,0,1,0,0,1,0
7364,328.0,29.0,102.0,-283,491.0,245.5,2.0,0,1,0,0,0,0,0,1,0,1,1,0,0,1,0
2018,585.0,43.0,216.0,-586,206.0,0.6,339.0,0,1,0,0,0,0,0,0,1,0,0,1,0,0,0
8202,15.0,23.0,15.0,-150,103.0,20.6,5.0,0,0,0,0,0,0,0,0,1,1,0,0,0,1,0
5995,4097.0,8.0,1145.0,-458,1862.0,3.2,587.0,0,0,0,1,0,0,0,1,0,1,1,0,0,0,0
8573,86.0,0.0,11.0,69,105.0,35.0,3.0,0,0,0,0,0,0,0,1,0,1,1,0,0,1,0
4293,59.0,1.0,140.0,480,11.0,0.1,112.0,0,0,0,0,0,0,0,1,0,0,1,1,0,0,0
2642,3146.0,105.0,593.0,357,1674.0,2.7,621.0,0,0,0,0,0,0,0,1,0,0,1,0,1,0,0
552,4117.0,194.0,1337.0,-302,2132.0,1.1,1861.0,0,0,0,0,0,0,0,1,0,1,1,0,1,0,0
6500,3522.0,1619.0,727.0,-316,2547.0,11.3,226.0,0,1,0,0,0,0,0,0,1,0,0,0,0,1,0
2129,5301.0,36.0,1173.0,-59,2242.0,5.2,429.0,0,0,0,0,0,0,0,0,0,0,1,0,0,1,0
557,2050.0,1.0,153.0,135,878.0,9.5,92.0,1,0,0,0,0,0,0,1,0,0,1,0,0,1,0
2992,175.0,1.0,23.0,29,400.0,100.0,4.0,0,1,0,0,0,0,0,1,0,1,1,0,0,1,0
1608,2105.0,0.0,143.0,62,269.0,3.2,84.0,0,0,0,0,1,0,0,0,1,1,0,0,0,0,0
1783,1186.0,0.0,389.0,-347,1006.0,4.9,206.0,0,0,0,0,0,0,0,0,0,1,1,0,0,0,0
7425,1772.0,595.0,200.0,424,2632.0,13.7,192.0,0,1,0,0,0,0,0,0,0,0,1,0,0,1,0
1605,4084.0,12.0,511.0,125,2481.0,4.1,604.0,0,0,1,0,0,0,0,1,0,0,1,0,0,0,0
4387,1853.0,6.0,340.0,708,1066.0,29.6,36.0,0,0,0,0,1,0,0,0,0,1,1,0,0,1,0
4053,9.0,312.0,2.0,-179,38.0,6.3,6.0,0,0,0,0,0,0,0,1,0,1,1,0,0,1,0
6441,71.0,0.0,15.0,-510,17.0,3.4,5.0,0,0,0,0,0,1,0,0,1,1,0,0,0,0,0
1408,90.0,0.0,23.0,207,891.0,46.9,19.0,0,0,0,0,1,0,0,1,0,0,1,0,0,1,0
5911,1033.0,92.0,102.0,488,479.0,2.7,180.0,0,0,0,0,0,0,0,0,0,0,1,0,1,0,0
7204,1157.0,0.0,636.0,100,1121.0,5.2,215.0,0,0,0,0,0,0,0,1,0,0,1,0,0,1,0
281,292.0,8.0,65.0,-184,51.0,17.0,3.0,0,0,0,0,1,0,0,1,0,0,1,0,0,1,0
683,251.0,87.0,78.0,290,220.0,16.9,13.0,0,0,0,1,0,0,0,1,0,0,1,0,0,1,0
7447,1654.0,100.0,181.0,601,3763.0,50.9,74.0,0,0,0,1,0,0,0,0,1,0,0,0,0,1,0
4498,1170.0,0.0,320.0,-283,35.0,0.2,215.0,0,0,0,1,0,0,1,0,0,1,0,1,0,0,0
6975,155.0,254.0,140.0,-924,159.0,0.5,352.0,1,0,0,0,0,1,0,0,0,1,1,1,0,0,0
798,2.0,1.0,3.0,296,9.0,9.0,1.0,0,0,0,1,0,0,0,0,1,1,0,0,0,1,0
3191,231.0,0.0,4.0,-62,47.0,47.0,1.0,0,0,0,0,0,0,0,0,1,0,0,0,0,1,0
7512,1266.0,321.0,243.0,37,1858.0,16.6,112.0,0,0,0,1,0,0,0,0,0,1,1,0,0,1,0
4713,586.0,2.0,131.0,-255,215.0,1.4,154.0,1,0,0,0,0,0,1,0,0,1,0,0,1,0,0
3089,380.0,4.0,257.0,461,1215.0,16.2,75.0,0,0,1,0,0,0,0,1,0,1,1,0,0,1,0
2548,948.0,1.0,196.0,225,1216.0,16.7,73.0,0,0,0,0,1,0,0,0,1,0,0,0,0,1,0
5314,2039.0,24.0,841.0,-120,2800.0,9.4,299.0,0,1,0,0,0,0,0,0,1,0,0,0,0,1,0
5991,5766.0,6.0,517.0,-18,3118.0,5.0,625.0,0,0,0,0,0,0,1,0,0,0,0,0,0,0,0
6077,697.0,0.0,232.0,-140,1179.0,7.8,152.0,0,0,0,1,0,0,0,0,1,0,0,0,0,1,0
6899,16.0,276.0,113.0,-166,34.0,0.2,144.0,0,0,0,0,1,0,0,0,1,0,0,1,0,0,0
8669,4713.0,2.0,503.0,-369,3346.0,8.0,420.0,0,0,0,0,1,0,0,0,0,0,1,0,0,1,0
4291,1481.0,2.0,116.0,226,672.0,7.3,92.0,0,0,0,1,0,0,0,0,0,1,1,0,0,1,0
4841,1729.0,197.0,713.0,333,3971.0,6.4,621.0,1,0,0,0,0,0,1,0,0,0,0,0,0,1,0
4086,4798.0,0.0,1453.0,-28,4451.0,4.0,1108.0,1,0,0,0,0,0,1,0,0,1,0,0,0,0,0
7024,882.0,0.0,56.0,-898,136.0,1.5,91.0,0,0,1,0,0,0,0,0,1,0,0,0,1,0,0
7136,1229.0,1.0,413.0,576,1211.0,2.4,506.0,0,0,0,0,0,0,0,0,1,0,0,0,1,0,0
2322,1920.0,19.0,496.0,568,2537.0,15.6,163.0,0,0,1,0,0,0,0,0,0,0,1,0,0,1,0
7570,77.0,11.0,85.0,-249,125.0,7.8,16.0,0,0,0,0,0,0,0,0,1,0,0,0,0,1,0
2628,513.0,16.0,383.0,-867,292.0,0.8,345.0,0,0,0,0,0,0,0,1,0,0,1,1,0,0,0
7302,750.0,199.0,108.0,12,374.0,4.7,80.0,0,0,0,0,0,0,0,0,0,0,1,0,0,0,0
3063,1171.0,127.0,510.0,-670,201.0,0.4,504.0,0,0,0,1,0,0,1,0,0,0,0,1,0,0,0
336,1710.0,2.0,491.0,-102,1960.0,5.6,352.0,0,0,0,1,0,0,0,1,0,0,1,0,0,1,0
7991,341.0,10.0,88.0,-189,877.0,33.7,26.0,0,0,0,0,1,0,0,1,0,0,1,0,0,1,0
4552,195.0,328.0,242.0,-293,306.0,1.2,262.0,0,0,0,1,0,1,1,0,0,0,0,0,1,0,0
2929,35.0,176.0,215.0,-106,10.0,0.0,284.0,0,0,0,0,0,1,0,1,0,1,1,0,0,0,1
4273,2720.0,256.0,560.0,-345,2255.0,11.1,204.0,0,0,0,0,0,0,1,0,0,0,0,0,0,1,0
8467,251.0,15.0,421.0,622,223.0,1.0,219.0,0,0,0,1,0,0,0,0,1,1,0,1,0,0,0
4337,7.0,7.0,15.0,-78,77.0,38.5,2.0,0,0,0,0,0,0,0,0,0,1,1,0,0,1,0
5764,63.0,10.0,57.0,-1005,196.0,2.9,68.0,0,0,1,0,0,0,1,0,0,0,0,0,1,0,0
4564,182.0,3.0,167.0,-140,916.0,26.9,34.0,0,0,0,0,0,0,1,0,0,0,0,0,0,1,0
7621,120.0,104.0,46.0,-169,59.0,5.9,10.0,0,0,0,0,0,0,0,0,0,0,1,0,0,1,0
3271,3363.0,462.0,591.0,-106,3181.0,7.4,429.0,0,0,1,0,0,0,0,0,1,0,0,0,0,1,0
36,3173.0,46.0,600.0,177,3621.0,27.0,134.0,0,0,0,0,0,0,0,0,0,0,1,0,0,1,0
6268,1684.0,0.0,576.0,590,1184.0,2.5,479.0,0,0,0,0,1,0,0,0,0,0,1,0,1,0,0
2264,3552.0,580.0,461.0,-8,3829.0,3.1,1251.0,0,0,1,0,0,0,0,0,0,0,1,0,0,0,0
3525,258.0,3.0,9.0,-1024,485.0,97.0,5.0,0,0,0,1,0,0,0,1,0,0,1,0,0,1,0
4817,72.0,0.0,355.0,132,38.0,0.2,219.0,0,0,0,0,1,0,0,0,0,0,1,1,0,0,0
2960,620.0,605.0,483.0,-1000,1324.0,5.9,224.0,0,0,0,0,0,0,0,0,0,0,1,0,0,1,0
3327,1470.0,0.0,206.0,-1164,860.0,17.9,48.0,0,0,1,0,0,0,0,0,0,0,1,0,0,1,0
4959,2001.0,0.0,441.0,-301,700.0,1.1,649.0,0,0,0,0,1,0,0,0,1,1,0,0,1,0,0
4672,984.0,1.0,237.0,-23,500.0,3.0,164.0,0,0,0,0,1,0,0,0,0,0,1,0,0,0,0
6688,550.0,14.0,743.0,-766,1868.0,3.9,481.0,0,0,0,0,1,1,0,1,0,0,1,0,0,0,0
3241,2557.0,4.0,354.0,-218,1559.0,3.6,433.0,0,0,0,1,0,1,1,0,0,0,0,0,0,0,0
5339,207.0,16.0,50.0,875,1086.0,16.7,65.0,0,0,0,0,0,0,0,0,0,1,1,0,0,1,0
8186,162.0,0.0,17.0,-311,20.0,20.0,1.0,0,0,0,0,0,0,0,1,0,0,1,0,0,1,0
7913,382.0,311.0,92.0,-67,466.0,12.9,36.0,0,0,0,0,0,0,0,1,0,0,1,0,0,1,0
6929,1040.0,9.0,115.0,272,774.0,19.4,40.0,0,0,0,0,0,0,0,0,0,1,1,0,0,1,0
885,35.0,5.0,98.0,-443,128.0,0.6,201.0,0,0,0,0,1,0,0,0,1,0,0,1,0,0,0
8473,1812.0,7.0,108.0,334,446.0,3.4,132.0,0,0,0,0,0,1,0,1,0,0,1,0,0,0,0
6619,946.0,273.0,477.0,-49,3140.0,8.6,364.0,0,0,1,0,0,0,1,0,0,0,0,0,0,1,0
8762,21.0,0.0,0.0,-307,9.0,9.0,1.0,0,0,0,0,0,0,0,0,1,1,0,0,0,1,0
1227,351.0,416.0,48.0,266,1572.0,10.6,148.0,0,0,0,0,0,0,0,1,0,1,1,0,0,1,0
7794,3252.0,2.0,374.0,-55,1781.0,11.7,152.0,0,0,0,0,0,0,0,1,0,0,1,0,0,1,0
6650,133.0,308.0,562.0,-82,449.0,0.9,500.0,0,0,0,0,0,0,0,1,0,0,1,1,0,0,0
835,966.0,688.0,225.0,969,1857.0,5.5,340.0,0,1,0,0,0,0,0,1,0,0,1,0,0,1,0
266,1815.0,8.0,104.0,-418,1552.0,4.7,333.0,0,1,0,0,0,1,1,0,0,1,0,0,0,0,0
6932,616.0,172.0,915.0,-284,530.0,0.4,1186.0,0,0,0,0,1,0,0,1,0,0,1,1,0,0,0
5134,14.0,298.0,174.0,-929,148.0,1.1,132.0,1,0,0,0,0,0,0,0,0,1,1,0,1,0,0
5836,1310.0,3.0,429.0,449,2166.0,13.5,161.0,0,0,0,0,1,0,0,0,1,0,0,0,0,1,0
4809,2732.0,3304.0,840.0,-667,10285.0,14.4,714.0,0,1,0,0,0,0,0,0,0,0,1,0,0,1,0
4680,51.0,3.0,48.0,-447,4.0,0.1,41.0,0,0,0,0,1,0,0,1,0,0,1,1,0,0,0
4045,1914.0,332.0,588.0,-206,1657.0,5.5,301.0,0,1,0,0,0,0,0,0,1,0,0,0,0,1,0
5727,831.0,12.0,260.0,-757,1347.0,3.0,449.0,0,1,0,0,0,0,1,0,0,1,0,0,0,0,0
4537,196.0,7.0,153.0,-59,638.0,9.8,65.0,0,0,0,0,1,0,0,0,1,0,0,0,0,1,0
8398,2576.0,22.0,1148.0,372,2944.0,3.3,905.0,0,0,0,0,1,0,1,0,0,0,0,0,0,0,0
3908,22.0,49.0,32.0,-229,82.0,13.7,6.0,1,0,0,0,0,0,0,0,1,0,0,0,0,1,0
6734,1633.0,0.0,176.0,111,247.0,3.5,70.0,0,0,0,0,0,0,0,0,1,0,0,0,0,0,0
2479,0.0,2162.0,12.0,-333,16.0,1.6,10.0,0,0,0,1,0,0,1,0,0,0,0,0,1,0,0
4252,2572.0,303.0,583.0,-889,2563.0,4.4,579.0,1,0,0,0,0,0,0,1,0,1,1,0,0,0,0
5267,254.0,0.0,63.0,462,141.0,4.4,32.0,1,0,0,0,0,0,0,0,0,0,1,0,0,0,0
270,304.0,0.0,198.0,-445,29.0,0.3,114.0,0,0,0,0,0,0,0,1,0,1,1,1,0,0,0
4019,713.0,0.0,91.0,-176,749.0,5.8,129.0,0,0,0,1,0,1,0,0,1,0,0,0,0,1,0
2989,1127.0,197.0,141.0,-313,2609.0,10.4,251.0,0,0,1,0,0,1,1,0,0,1,0,0,0,1,0
2417,916.0,8.0,238.0,291,421.0,4.8,88.0,0,0,0,0,1,0,1,0,0,0,0,0,0,0,0
4810,5673.0,294.0,1048.0,-197,4448.0,14.9,299.0,0,0,0,0,0,1,0,1,0,1,1,0,0,1,0
5250,1014.0,82.0,417.0,589,1065.0,1.4,768.0,0,0,0,0,0,0,0,1,0,0,1,0,1,0,0
4432,2241.0,54.0,288.0,-163,2898.0,17.2,168.0,0,0,0,1,0,0,0,0,1,0,0,0,0,1,0
5305,1527.0,0.0,442.0,-128,4349.0,32.2,135.0,0,0,0,0,0,0,0,0,0,1,1,0,0,1,0
2114,5292.0,82.0,1675.0,-188,7355.0,3.3,2217.0,0,0,0,1,0,0,1,0,0,0,0,0,0,0,0
5017,1999.0,81.0,564.0,94,1857.0,5.2,354.0,0,0,0,0,0,0,1,0,0,1,0,0,0,1,0
4185,1680.0,1.0,382.0,587,1031.0,5.3,194.0,1,0,0,0,0,0,0,0,0,1,1,0,0,1,0
4108,469.0,0.0,49.0,-168,1201.0,52.2,23.0,0,0,0,0,0,0,0,0,1,1,0,0,0,1,0
2182,1.0,2.0,2.0,305,3.0,3.0,1.0,0,0,0,0,1,0,0,0,1,0,0,0,0,0,0
7180,355.0,0.0,169.0,-960,1435.0,10.7,134.0,0,0,0,0,0,0,0,1,0,0,1,0,0,1,0
1539,1440.0,0.0,268.0,61,588.0,1.9,310.0,0,1,0,0,0,0,0,0,0,1,1,0,1,0,0
4184,911.0,61.0,281.0,411,1762.0,10.1,174.0,0,0,0,0,0,1,0,1,0,0,1,0,0,1,0
8146,177.0,2.0,8.0,-758,36.0,36.0,1.0,1,0,0,0,0,0,1,0,0,0,0,0,0,1,0
6983,704.0,0.0,288.0,290,537.0,1.7,323.0,0,0,0,0,0,0,0,0,0,1,1,0,1,0,0
5792,180.0,4.0,21.0,-237,329.0,82.2,4.0,1,0,0,0,0,0,0,0,0,0,1,0,0,1,0
782,573.0,7.0,67.0,-778,524.0,9.0,58.0,1,0,0,0,0,0,0,1,0,0,1,0,0,1,0
8432,2101.0,1797.0,160.0,-371,4488.0,33.0,136.0,1,0,0,0,0,0,0,1,0,0,1,0,0,1,0
1935,5154.0,0.0,443.0,-546,1605.0,5.0,324.0,0,0,0,0,0,0,1,0,0,1,0,0,0,0,0
2759,1041.0,0.0,109.0,-655,947.0,9.1,104.0,1,0,0,0,0,0,0,1,0,0,1,0,0,1,0
3437,2829.0,905.0,1589.0,-287,5105.0,2.7,1905.0,0,0,0,0,0,0,1,0,0,1,0,0,1,0,0
575,559.0,1.0,54.0,504,646.0,22.3,29.0,1,0,0,0,0,0,0,0,0,0,1,0,0,1,0
6512,890.0,67.0,242.0,108,1190.0,5.5,218.0,0,0,0,1,0,0,0,0,0,0,1,0,0,1,0
622,3661.0,44.0,726.0,-92,4816.0,6.7,719.0,0,0,0,0,0,0,0,0,1,1,0,0,0,1,0
1661,82.0,28.0,196.0,-8,376.0,2.0,190.0,0,0,0,0,1,0,0,0,1,1,0,0,1,0,0
7737,1781.0,69.0,1348.0,-813,2478.0,1.5,1615.0,0,0,1,0,0,0,0,0,0,1,1,0,1,0,0
2553,2823.0,593.0,747.0,201,2162.0,3.4,642.0,1,0,0,0,0,0,0,0,1,0,0,0,0,0,0
7689,2450.0,13.0,420.0,486,2025.0,22.8,89.0,1,0,0,0,0,0,0,0,1,0,0,0,0,1,0
6553,300.0,6.0,20.0,550,258.0,7.4,35.0,0,0,0,0,0,0,0,0,1,1,0,0,0,1,0
5534,3477.0,858.0,801.0,-566,4636.0,5.6,828.0,0,0,0,0,1,0,0,0,1,1,0,0,0,1,0
4241,1516.0,0.0,385.0,446,564.0,1.4,407.0,0,0,0,1,0,0,0,0,1,1,0,0,1,0,0
955,988.0,4.0,479.0,166,820.0,6.0,136.0,0,0,0,0,0,0,0,1,0,1,1,0,0,1,0
7956,2114.0,22.0,382.0,-876,4278.0,15.8,271.0,0,0,0,0,0,0,0,1,0,0,1,0,0,1,0
1758,1614.0,0.0,85.0,787,709.0,33.8,21.0,0,0,0,1,0,0,0,0,1,0,0,0,0,1,0
8084,344.0,97.0,45.0,-125,822.0,45.7,18.0,0,0,0,0,0,0,0,0,0,1,1,0,0,1,0
4350,520.0,513.0,238.0,-785,1326.0,4.5,292.0,0,0,0,0,0,0,0,1,0,0,1,0,0,0,0
7450,280.0,0.0,206.0,384,284.0,1.4,199.0,0,0,0,0,0,0,0,0,1,0,0,0,1,0,0
5658,899.0,0.0,5.0,288,224.0,74.7,3.0,0,0,0,0,0,0,0,0,1,1,0,0,0,1,0
6043,441.0,0.0,153.0,186,238.0,1.7,143.0,0,0,0,0,0,0,0,1,0,0,1,0,1,0,0
7016,274.0,20.0,17.0,241,284.0,35.5,8.0,0,0,0,1,0,0,1,0,0,1,0,0,0,1,0
4659,1989.0,1.0,338.0,-244,915.0,2.0,463.0,0,0,0,0,1,0,0,0,0,0,1,0,1,0,0
7004,494.0,856.0,62.0,-691,274.0,91.3,3.0,0,0,1,0,0,0,1,0,0,1,0,0,0,1,0
2702,447.0,19.0,246.0,444,495.0,3.5,141.0,0,0,0,1,0,0,1,0,0,0,0,0,0,0,0
6040,109.0,25.0,62.0,-213,81.0,6.8,12.0,0,0,0,0,0,1,1,0,0,1,0,0,0,1,0
553,603.0,28.0,49.0,-148,815.0,62.7,13.0,0,0,0,0,0,1,0,0,0,1,1,0,0,1,0
6574,2895.0,53.0,355.0,-254,3868.0,19.0,204.0,1,0,0,0,0,0,0,1,0,0,1,0,0,1,0
7207,226.0,0.0,374.0,426,295.0,1.1,264.0,0,1,0,0,0,0,0,0,1,0,0,0,1,0,0
8115,388.0,772.0,480.0,-489,1539.0,1.5,1037.0,0,0,0,0,0,0,0,1,0,1,1,0,1,0,0
4076,75.0,0.0,25.0,252,34.0,0.7,52.0,0,0,0,0,0,0,0,0,0,0,1,1,0,0,0
7867,301.0,0.0,30.0,290,451.0,17.3,26.0,0,0,1,0,0,0,0,0,1,1,0,0,0,1,0
6272,391.0,1742.0,209.0,-233,1025.0,31.1,33.0,1,0,0,0,0,0,0,0,0,1,1,0,0,1,0
7282,3558.0,1457.0,687.0,424,6271.0,13.4,469.0,0,0,0,0,0,0,0,0,0,0,1,0,0,1,0
445,480.0,32.0,59.0,-396,167.0,33.4,5.0,0,0,0,0,0,0,0,0,0,0,1,0,0,1,0
4375,538.0,112.0,56.0,384,107.0,7.6,14.0,1,0,0,0,0,0,0,0,0,1,1,0,0,1,0
8423,496.0,684.0,568.0,623,1854.0,2.9,632.0,0,0,0,0,0,0,0,0,0,1,1,0,1,0,0
8019,454.0,73.0,444.0,48,712.0,2.0,365.0,0,0,0,0,0,0,1,0,0,1,0,0,1,0,0
5626,102.0,13.0,18.0,-135,101.0,101.0,1.0,0,0,0,1,0,0,0,0,0,0,1,0,0,1,0
1372,66.0,0.0,6.0,152,6.0,6.0,1.0,0,1,0,0,0,0,0,0,0,0,1,0,0,1,0
2434,556.0,9.0,399.0,-257,193.0,0.8,252.0,0,0,0,0,0,0,0,1,0,1,1,1,0,0,0
1889,497.0,1.0,100.0,-11,183.0,3.2,57.0,0,1,0,0,0,0,0,0,0,1,1,0,0,0,0
7007,1023.0,76.0,194.0,-437,1695.0,22.0,77.0,0,0,0,1,0,0,0,1,0,0,1,0,0,1,0
2873,1135.0,528.0,115.0,-478,1473.0,10.5,140.0,0,0,0,0,0,0,1,0,0,0,0,0,0,1,0
7675,727.0,680.0,565.0,-183,790.0,3.7,212.0,0,0,0,1,0,0,0,0,1,0,0,0,0,0,0
5382,1238.0,0.0,135.0,-126,1497.0,9.5,158.0,0,0,0,1,0,0,0,1,0,1,1,0,0,1,0
4202,6654.0,1157.0,2055.0,193,8391.0,5.0,1683.0,0,0,0,0,0,1,0,0,1,0,0,0,0,0,0
6783,1114.0,16.0,220.0,-261,968.0,2.6,370.0,0,0,0,0,0,0,1,0,0,0,0,0,1,0,0
7048,319.0,11.0,30.0,316,398.0,14.2,28.0,0,0,1,0,0,0,1,0,0,0,0,0,0,1,0
2829,2942.0,284.0,159.0,-552,1870.0,53.4,35.0,0,0,0,0,0,0,0,0,0,1,1,0,0,1,0
6849,549.0,71.0,203.0,-322,1195.0,17.3,69.0,0,0,1,0,0,0,0,0,1,0,0,0,0,1,0
2422,773.0,0.0,158.0,-136,92.0,1.2,80.0,1,0,0,0,0,1,0,1,0,0,1,0,1,0,0
8491,1447.0,0.0,134.0,252,479.0,3.6,132.0,0,1,0,0,0,0,1,0,0,0,0,0,0,0,0
7186,282.0,0.0,11.0,-812,142.0,142.0,1.0,0,0,1,0,0,0,0,0,0,0,1,0,0,1,0
1183,4.0,0.0,10.0,141,64.0,10.7,6.0,0,0,0,0,1,0,0,0,1,1,0,0,0,1,0
8266,2082.0,612.0,270.0,-1014,2230.0,6.6,340.0,1,0,0,0,0,0,0,0,0,1,1,0,0,1,0
5492,506.0,0.0,352.0,-1148,44.0,0.4,112.0,0,0,0,0,0,0,0,0,0,1,1,1,0,0,0
3526,49.0,0.0,5.0,-834,47.0,7.8,6.0,1,0,0,0,0,0,0,1,0,1,1,0,0,1,0
3607,2162.0,0.0,912.0,-169,2743.0,2.3,1168.0,0,0,0,0,1,0,0,1,0,1,1,0,1,0,0
7468,846.0,13.0,136.0,976,1732.0,25.1,69.0,0,1,0,0,0,0,0,0,1,0,0,0,0,1,0
5286,609.0,34.0,184.0,-63,302.0,3.9,77.0,0,0,0,1,0,0,0,1,0,0,1,0,0,0,0
2904,258.0,1.0,278.0,-343,130.0,1.1,119.0,0,0,0,0,0,0,0,0,1,0,0,0,1,0,0
3918,1492.0,638.0,487.0,297,1970.0,14.5,136.0,0,0,0,0,0,0,0,1,0,0,1,0,0,1,0
5508,2574.0,1642.0,672.0,-39,4034.0,8.9,452.0,0,0,1,0,0,0,0,0,0,0,1,0,0,1,0
2336,148.0,238.0,17.0,-28,28.0,2.5,11.0,0,0,0,1,0,0,0,0,0,1,1,0,1,0,0
3483,1331.0,19.0,325.0,-200,1492.0,9.6,156.0,0,0,0,0,0,0,0,0,0,0,1,0,0,1,0
3323,1092.0,128.0,767.0,-1010,1824.0,3.7,497.0,0,0,1,0,0,0,0,0,0,0,1,0,0,0,0
6358,385.0,1.0,182.0,-611,345.0,4.2,82.0,0,0,0,0,0,0,0,0,0,1,1,0,0,0,0
2366,47.0,0.0,2.0,-190,96.0,19.2,5.0,0,0,0,0,1,0,0,1,0,0,1,0,0,1,0
3513,1176.0,0.0,41.0,-221,125.0,5.2,24.0,0,0,1,0,0,1,1,0,0,0,0,0,0,1,0
5816,2258.0,1.0,265.0,-74,2792.0,26.6,105.0,0,0,1,0,0,0,0,0,1,1,0,0,0,1,0
2000,2007.0,401.0,709.0,-246,2025.0,3.9,525.0,0,0,0,0,0,0,0,1,0,1,1,0,0,0,0
3420,218.0,0.0,49.0,-155,599.0,18.7,32.0,0,0,0,0,0,0,1,0,0,0,0,0,0,1,0
3369,118.0,0.0,12.0,314,75.0,5.4,14.0,0,1,0,0,0,0,0,0,1,1,0,0,0,1,0
7896,1932.0,1.0,887.0,-501,4312.0,4.8,898.0,0,0,0,0,0,0,1,0,0,0,0,0,0,0,0
1547,43.0,26.0,40.0,69,181.0,1.9,93.0,0,1,0,0,0,0,0,1,0,0,1,0,1,0,0
1306,206.0,2.0,28.0,296,193.0,8.4,23.0,0,0,0,0,1,1,0,1,0,0,1,0,0,1,0
3054,2392.0,1161.0,287.0,-256,3001.0,13.2,227.0,0,0,0,0,0,0,0,0,1,1,0,0,0,1,0
5622,1105.0,281.0,345.0,-33,1182.0,6.6,178.0,0,0,0,0,0,0,0,0,1,0,0,0,0,1,0
769,230.0,7.0,37.0,554,138.0,19.7,7.0,0,0,1,0,0,0,1,0,0,1,0,0,0,1,0
7969,6217.0,74.0,1132.0,140,2857.0,2.5,1124.0,0,0,0,0,1,0,0,0,1,1,0,0,1,0,0
3759,4402.0,1.0,810.0,-334,3262.0,8.0,409.0,0,0,1,0,0,0,0,0,1,0,0,0,0,1,0
2032,816.0,51.0,131.0,-447,204.0,1.3,156.0,0,0,0,0,0,0,0,1,0,0,1,0,1,0,0
116,437.0,206.0,651.0,55,1067.0,2.3,464.0,0,0,0,0,1,0,1,0,0,0,0,0,1,0,0
8346,4582.0,32.0,580.0,65,3131.0,17.8,176.0,1,0,0,0,0,0,0,0,0,0,1,0,0,1,0
4705,1545.0,18.0,160.0,855,1030.0,6.0,172.0,0,0,0,0,1,0,0,1,0,1,1,0,0,1,0
2200,2398.0,104.0,727.0,418,3590.0,11.3,318.0,0,0,0,0,0,0,0,0,0,0,1,0,0,1,0
7297,2428.0,1128.0,161.0,-150,1728.0,13.4,129.0,1,0,0,0,0,0,0,0,1,1,0,0,0,1,0
7123,644.0,0.0,17.0,-261,103.0,9.4,11.0,0,0,1,0,0,0,0,1,0,0,1,0,0,1,0
3104,2356.0,132.0,407.0,557,1593.0,12.8,124.0,0,0,0,0,0,0,0,0,0,1,1,0,0,1,0
8239,754.0,1890.0,335.0,896,3686.0,53.4,69.0,0,0,0,0,1,0,0,0,1,0,0,0,0,1,0
7653,891.0,438.0,522.0,-546,312.0,2.6,122.0,0,0,0,0,0,0,1,0,0,1,0,0,1,0,0
360,169.0,265.0,102.0,-428,620.0,5.8,107.0,0,0,0,0,1,0,0,0,1,1,0,0,0,1,0
5270,110.0,29.0,136.0,72,60.0,0.6,99.0,1,0,0,0,0,0,1,0,0,0,0,1,0,0,0
1130,1677.0,52.0,370.0,-200,3570.0,10.9,329.0,0,0,0,1,0,0,0,0,1,0,0,0,0,1,0
7533,129.0,2.0,6.0,447,9.0,0.6,15.0,0,0,1,0,0,1,1,0,0,0,0,1,0,0,0
4762,219.0,284.0,77.0,-113,876.0,67.4,13.0,0,0,0,1,0,0,0,1,0,1,1,0,0,1,0
4607,1822.0,1.0,275.0,-654,2141.0,10.1,211.0,0,0,0,0,0,0,0,0,1,0,0,0,0,1,0
2012,2217.0,81.0,134.0,488,507.0,14.5,35.0,1,0,0,0,0,0,0,0,1,1,0,0,0,1,0
5078,2168.0,379.0,309.0,545,2960.0,15.3,193.0,1,0,0,0,0,0,0,0,0,0,1,0,0,1,0
8435,1535.0,2233.0,889.0,640,3576.0,1.9,1889.0,0,0,0,0,1,0,0,1,0,0,1,0,1,0,0
6665,2992.0,309.0,688.0,-538,3133.0,5.4,581.0,0,0,0,0,0,0,0,0,1,1,0,0,0,1,0
5252,842.0,16.0,504.0,-488,747.0,2.0,383.0,0,0,0,0,0,0,0,0,0,0,1,0,1,0,0
7736,752.0,52.0,123.0,-363,1401.0,11.1,126.0,0,0,0,0,0,0,0,0,1,0,0,0,0,1,0
1,89.0,1.0,57.0,209,65.0,3.2,20.0,0,0,0,0,0,0,0,1,0,1,1,0,0,0,0
1045,324.0,0.0,195.0,-846,140.0,0.4,344.0,0,0,0,0,0,0,0,0,1,1,0,1,0,0,0
6892,1718.0,1.0,243.0,-23,2033.0,101.6,20.0,1,0,0,0,0,1,0,0,0,0,1,0,0,1,0
641,47.0,63.0,15.0,-422,508.0,169.3,3.0,0,0,0,0,0,0,0,0,0,0,1,0,0,1,0
6647,385.0,4.0,116.0,-119,444.0,2.2,203.0,0,0,0,0,0,0,0,0,1,0,0,0,1,0,0
4698,392.0,1.0,68.0,-112,390.0,14.4,27.0,0,0,0,0,1,0,0,1,0,0,1,0,0,1,0
69,1307.0,12.0,662.0,-614,1016.0,2.2,452.0,1,0,0,0,0,0,0,0,1,1,0,0,1,0,0
6696,947.0,82.0,666.0,895,745.0,1.1,677.0,0,0,0,0,0,0,0,0,0,1,1,0,1,0,0
6809,308.0,0.0,351.0,528,66.0,0.2,384.0,0,0,0,1,0,0,0,0,1,0,0,1,0,0,0
1880,82.0,2.0,5.0,-8,39.0,39.0,1.0,1,0,0,0,0,0,0,1,0,0,1,0,0,1,0
1694,37.0,414.0,203.0,389,708.0,7.4,96.0,1,0,0,0,0,0,0,1,0,1,1,0,0,1,0
5215,1193.0,447.0,79.0,-678,207.0,29.6,7.0,1,0,0,0,0,0,0,0,1,1,0,0,0,1,0
8229,218.0,477.0,64.0,398,476.0,3.9,121.0,1,0,0,0,0,1,1,0,0,1,0,0,0,0,0
3335,1473.0,0.0,45.0,-213,430.0,86.0,5.0,0,0,0,0,1,0,1,0,0,0,0,0,0,1,0
2353,479.0,0.0,42.0,86,38.0,0.3,148.0,1,0,0,0,0,0,0,1,0,1,1,1,0,0,0
4470,130.0,0.0,18.0,176,112.0,4.3,26.0,0,0,0,0,0,0,1,0,0,0,0,0,0,0,0
7806,1513.0,11.0,168.0,-57,686.0,6.3,109.0,0,0,0,0,0,1,0,0,0,0,1,0,0,1,0
8376,1921.0,529.0,491.0,445,1776.0,9.7,183.0,0,1,0,0,0,0,0,0,0,0,1,0,0,1,0
4811,278.0,55.0,255.0,-614,496.0,3.5,143.0,0,0,0,0,0,0,0,0,1,0,0,0,0,0,0
3201,107.0,11.0,61.0,469,716.0,37.7,19.0,0,0,0,0,0,0,1,0,0,0,0,0,0,1,0
4285,20.0,0.0,1.0,-312,2.0,2.0,1.0,0,0,0,0,1,0,0,0,0,0,1,0,1,0,0
8509,82.0,230.0,16.0,-454,7.0,2.3,3.0,1,0,0,0,0,0,0,1,0,0,1,0,1,0,0
925,2600.0,17.0,985.0,152,2306.0,8.6,268.0,0,0,0,1,0,0,0,0,1,0,0,0,0,1,0
1632,11.0,0.0,1.0,-32,2.0,2.0,1.0,1,0,0,0,0,0,1,0,0,0,0,0,1,0,0
3746,830.0,9.0,143.0,74,247.0,1.0,247.0,0,0,0,0,0,0,0,1,0,0,1,1,0,0,0
1131,87.0,1765.0,150.0,-291,76.0,2.1,37.0,0,0,0,1,0,0,0,1,0,0,1,0,1,0,0
3148,886.0,528.0,106.0,147,495.0,5.8,86.0,0,0,0,0,0,0,0,1,0,0,1,0,0,1,0
1524,178.0,7.0,194.0,-471,643.0,3.6,177.0,0,0,0,0,0,0,1,0,0,0,0,0,0,0,0
6629,440.0,15.0,8.0,-408,439.0,219.5,2.0,0,1,0,0,0,0,0,0,1,0,0,0,0,1,0
417,53.0,433.0,159.0,231,1163.0,35.2,33.0,1,0,0,0,0,0,1,0,0,0,0,0,0,1,0
5665,3556.0,1.0,166.0,1056,2559.0,142.2,18.0,0,0,0,0,0,0,0,0,0,0,1,0,0,1,0
1301,1276.0,1.0,10.0,-256,1388.0,21.0,66.0,0,0,0,1,0,1,0,0,0,1,1,0,0,1,0
4748,222.0,0.0,100.0,347,361.0,3.6,100.0,0,0,0,0,0,0,0,0,0,0,1,0,0,0,0
752,796.0,1.0,179.0,394,112.0,1.6,72.0,0,1,0,0,0,0,0,0,0,1,1,0,1,0,0
1423,2657.0,67.0,500.0,836,960.0,1.4,674.0,0,0,0,0,1,0,0,0,0,0,1,0,1,0,0
2574,311.0,0.0,160.0,-230,193.0,1.3,153.0,1,0,0,0,0,0,0,0,1,0,0,0,1,0,0
7127,1358.0,66.0,55.0,-560,1124.0,23.4,48.0,0,0,0,1,0,0,0,1,0,0,1,0,0,1,0
1599,141.0,919.0,78.0,-618,356.0,27.4,13.0,0,0,1,0,0,0,0,1,0,0,1,0,0,1,0
7079,2229.0,1.0,208.0,-149,1132.0,3.2,349.0,1,0,0,0,0,0,1,0,0,0,0,0,0,0,0
1754,1840.0,127.0,274.0,-119,1216.0,4.6,267.0,1,0,0,0,0,0,1,0,0,0,0,0,0,0,0
4075,2084.0,1120.0,1255.0,-120,989.0,2.0,484.0,1,0,0,0,0,0,1,0,0,0,0,0,1,0,0
1208,2922.0,508.0,382.0,-518,2731.0,8.6,319.0,0,0,0,0,0,0,0,1,0,1,1,0,0,1,0
5609,112.0,7.0,72.0,397,97.0,2.6,37.0,0,0,0,1,0,0,0,1,0,0,1,0,1,0,0
3954,2152.0,3.0,673.0,-338,519.0,0.7,716.0,0,0,0,0,1,0,0,0,0,1,1,1,0,0,0
1381,1316.0,1.0,236.0,311,1438.0,4.1,348.0,0,0,0,0,1,0,0,1,0,0,1,0,0,0,0
5325,232.0,126.0,154.0,33,482.0,2.4,203.0,0,0,0,0,1,0,1,0,0,0,0,0,1,0,0
5668,72.0,96.0,26.0,122,57.0,8.1,7.0,1,0,0,0,0,1,0,1,0,0,1,0,0,1,0
93,244.0,2397.0,63.0,-473,822.0,82.2,10.0,0,0,0,1,0,0,0,1,0,1,1,0,0,1,0
3651,1473.0,164.0,724.0,-393,2842.0,10.3,277.0,0,0,0,0,0,0,0,0,0,0,1,0,0,1,0
8006,177.0,1.0,81.0,27,237.0,21.5,11.0,0,0,0,0,0,0,0,0,1,0,0,0,0,1,0
7921,779.0,4.0,388.0,-242,1935.0,5.9,329.0,0,0,0,0,0,0,0,0,1,0,0,0,0,1,0
3338,605.0,354.0,51.0,52,231.0,3.4,68.0,0,0,0,0,1,0,1,0,0,1,0,0,0,0,0
4877,1770.0,66.0,35.0,-293,1345.0,39.6,34.0,0,0,0,0,0,0,0,0,1,1,0,0,0,1,0
7993,1289.0,0.0,643.0,678,771.0,1.4,562.0,0,0,0,0,0,0,0,0,1,0,0,0,1,0,0
3555,223.0,2.0,93.0,300,638.0,9.8,65.0,1,0,0,0,0,1,0,1,0,0,1,0,0,1,0
7848,1141.0,0.0,220.0,-533,1140.0,9.7,117.0,0,0,1,0,0,0,0,0,1,0,0,0,0,1,0
7519,3256.0,100.0,391.0,-489,2899.0,7.2,400.0,0,0,0,0,0,0,0,0,1,0,0,0,0,1,0
6701,69.0,1763.0,29.0,1335,727.0,45.4,16.0,0,0,0,1,0,0,1,0,0,0,0,0,0,1,0
229,7155.0,14.0,900.0,-840,2593.0,3.1,845.0,1,0,0,0,0,0,0,0,1,0,0,0,0,0,0
6963,481.0,16.0,307.0,-283,562.0,5.5,103.0,0,0,0,0,0,0,0,0,0,0,1,0,0,1,0
204,8.0,10.0,4.0,944,85.0,14.2,6.0,0,0,0,1,0,0,0,1,0,0,1,0,0,1,0
3240,6109.0,4.0,1027.0,-148,5279.0,7.2,733.0,0,0,0,0,0,0,1,0,0,0,0,0,0,1,0
1702,2440.0,606.0,716.0,413,2442.0,6.7,364.0,0,0,0,0,0,0,1,0,0,0,0,0,0,1,0
2324,150.0,215.0,75.0,301,409.0,102.2,4.0,0,0,0,1,0,0,1,0,0,0,0,0,0,1,0
8209,884.0,0.0,172.0,467,1003.0,5.1,198.0,1,0,0,0,0,0,0,1,0,0,1,0,0,1,0
7347,241.0,360.0,46.0,-369,118.0,10.7,11.0,0,0,1,0,0,0,0,1,0,0,1,0,0,1,0
4909,242.0,0.0,97.0,-225,22.0,0.2,140.0,0,0,1,0,0,0,0,0,1,0,0,1,0,0,0
7383,1114.0,76.0,359.0,-37,2244.0,9.8,228.0,0,0,0,1,0,0,0,0,1,0,0,0,0,1,0
7505,3895.0,1.0,539.0,-802,1891.0,4.6,410.0,0,0,0,0,1,0,0,0,1,0,0,0,0,0,0
2299,490.0,0.0,640.0,99,381.0,0.6,629.0,0,0,0,0,1,0,1,0,0,0,0,1,0,0,0
3468,443.0,0.0,206.0,-169,451.0,2.4,190.0,0,0,0,0,0,0,0,0,0,1,1,0,1,0,0
7837,1647.0,863.0,919.0,283,4086.0,3.9,1043.0,0,0,0,1,0,0,1,0,0,0,0,0,0,0,0
3488,164.0,23.0,81.0,338,406.0,3.6,112.0,0,0,0,0,1,0,0,0,0,1,1,0,0,0,0
3799,168.0,13.0,45.0,-189,1134.0,17.7,64.0,1,0,0,0,0,0,0,1,0,0,1,0,0,1,0
4507,44.0,0.0,1.0,-264,15.0,15.0,1.0,0,0,0,0,1,0,0,0,0,0,1,0,0,1,0
8653,1116.0,0.0,288.0,-73,298.0,0.9,315.0,1,0,0,0,0,0,0,1,0,0,1,1,0,0,0
3922,1227.0,62.0,463.0,486,3513.0,17.2,204.0,0,1,0,0,0,0,0,0,0,0,1,0,0,1,0
6586,2223.0,0.0,220.0,-894,303.0,13.8,22.0,0,0,0,0,1,0,0,0,0,1,1,0,0,1,0
5137,317.0,0.0,21.0,262,186.0,31.0,6.0,0,0,0,1,0,0,0,1,0,1,1,0,0,1,0
5124,697.0,0.0,58.0,-743,1095.0,11.5,95.0,1,0,0,0,0,0,0,0,1,1,0,0,0,1,0
7371,1174.0,0.0,169.0,-210,1242.0,6.5,192.0,0,0,0,0,0,0,0,0,1,1,0,0,0,1,0
5322,3373.0,81.0,155.0,-864,1616.0,16.2,100.0,0,0,0,0,0,0,0,1,0,0,1,0,0,1,0
7683,347.0,11.0,10.0,-286,309.0,154.5,2.0,0,0,0,0,0,0,0,1,0,1,1,0,0,1,0
7434,344.0,0.0,225.0,51,104.0,1.4,73.0,0,1,0,0,0,0,0,0,0,1,1,0,1,0,0
629,116.0,0.0,16.0,-9,201.0,201.0,1.0,1,0,0,0,0,0,0,0,1,0,0,0,0,1,0
8253,435.0,0.0,367.0,589,249.0,0.5,470.0,0,0,0,0,0,0,0,0,1,0,0,1,0,0,0
6738,578.0,283.0,20.0,-182,460.0,115.0,4.0,0,1,0,0,0,0,0,0,0,1,1,0,0,1,0
856,1706.0,0.0,136.0,-271,2162.0,16.8,129.0,0,0,0,0,0,0,0,0,1,1,0,0,0,1,0
6009,1356.0,0.0,418.0,72,831.0,1.8,471.0,0,1,0,0,0,0,0,0,1,1,0,0,1,0,0
5054,490.0,4.0,208.0,-137,1185.0,16.5,72.0,1,0,0,0,0,0,0,0,1,1,0,0,0,1,0
8389,160.0,0.0,5.0,71,33.0,16.5,2.0,0,0,0,1,0,0,0,0,0,0,1,0,0,1,0
421,3793.0,41.0,301.0,383,2093.0,4.8,437.0,1,0,0,0,0,0,0,0,0,0,1,0,0,0,0
430,442.0,162.0,51.0,702,381.0,16.6,23.0,0,0,0,1,0,0,0,0,0,1,1,0,0,1,0
4054,989.0,43.0,395.0,-348,1503.0,7.4,204.0,0,0,0,0,0,0,0,0,1,0,0,0,0,1,0
4957,4200.0,0.0,244.0,146,458.0,0.8,560.0,0,0,0,0,1,0,0,0,1,1,0,1,0,0,0
5345,2733.0,339.0,489.0,-122,1121.0,2.0,553.0,0,0,0,1,0,0,0,1,0,1,1,0,1,0,0
8281,2708.0,56.0,211.0,-798,918.0,31.7,29.0,0,0,0,1,0,1,0,0,0,0,1,0,0,1,0
7952,2612.0,5.0,454.0,-296,956.0,2.2,442.0,0,0,1,0,0,0,1,0,0,1,0,0,1,0,0
3992,207.0,1.0,76.0,185,165.0,2.5,67.0,0,0,0,0,0,0,0,0,0,0,1,0,1,0,0
5193,215.0,1.0,187.0,123,414.0,7.5,55.0,0,0,0,0,0,0,0,0,1,0,0,0,0,1,0
3668,2230.0,0.0,637.0,-26,3236.0,4.8,678.0,0,1,0,0,0,0,0,0,0,1,1,0,0,0,0
8592,638.0,1901.0,237.0,612,3061.0,4.8,632.0,0,0,0,0,0,0,0,0,0,1,1,0,0,0,0
1950,117.0,0.0,13.0,-314,20.0,1.5,13.0,0,0,0,0,0,0,0,0,1,0,0,0,1,0,0
8396,1182.0,6.0,145.0,178,2034.0,10.8,189.0,0,0,0,1,0,0,1,0,0,1,0,0,0,1,0
8477,48.0,13.0,13.0,320,10.0,0.5,22.0,0,0,0,0,0,0,1,0,0,0,0,1,0,0,0
68,1665.0,5.0,161.0,-123,840.0,12.0,70.0,0,0,0,0,1,0,0,0,0,0,1,0,0,1,0
8187,530.0,201.0,378.0,45,621.0,2.3,272.0,1,0,0,0,0,0,0,0,1,0,0,0,1,0,0
2321,5749.0,2065.0,1049.0,449,4577.0,4.9,932.0,1,0,0,0,0,0,0,0,1,0,0,0,0,0,0
429,3394.0,0.0,710.0,1428,987.0,0.9,1046.0,0,0,0,1,0,0,1,0,0,0,0,1,0,0,0
1374,0.0,0.0,1.0,322,4.0,2.0,2.0,0,0,0,0,1,1,0,1,0,1,1,0,1,0,0
5203,127.0,1.0,132.0,119,205.0,1.6,125.0,0,0,0,0,0,0,0,1,0,0,1,0,1,0,0
2833,4798.0,2146.0,801.0,-730,6324.0,10.8,584.0,1,0,0,0,0,0,1,0,0,1,0,0,0,1,0
7032,2038.0,0.0,96.0,-271,1230.0,21.6,57.0,0,0,0,0,0,0,0,1,0,0,1,0,0,1,0
7965,260.0,0.0,21.0,929,199.0,3.2,63.0,0,0,0,0,0,0,0,0,0,1,1,0,0,0,0
4166,798.0,33.0,90.0,-222,342.0,85.5,4.0,0,0,0,1,0,0,0,0,0,1,1,0,0,1,0
1396,908.0,212.0,108.0,-190,1480.0,12.0,123.0,0,0,0,1,0,1,1,0,0,0,0,0,0,1,0
251,1287.0,3.0,719.0,-1,2064.0,4.0,513.0,0,0,0,0,0,0,0,0,0,0,1,0,0,0,0
3899,3433.0,0.0,493.0,508,1867.0,9.6,195.0,0,0,0,0,1,0,0,0,1,0,0,0,0,1,0
5951,1551.0,299.0,415.0,431,765.0,2.3,337.0,0,0,0,0,1,0,0,0,0,0,1,0,1,0,0
3100,96.0,0.0,131.0,-218,1205.0,9.9,122.0,0,0,0,0,1,0,0,1,0,0,1,0,0,1,0
4691,623.0,0.0,166.0,-102,956.0,14.1,68.0,0,0,0,0,0,0,0,1,0,1,1,0,0,1,0
6069,942.0,0.0,282.0,-274,414.0,1.9,214.0,1,0,0,0,0,0,0,0,1,1,0,0,1,0,0
7376,435.0,433.0,80.0,42,594.0,7.1,84.0,1,0,0,0,0,0,0,1,0,0,1,0,0,1,0
1865,347.0,15.0,125.0,261,360.0,22.5,16.0,0,0,0,0,0,0,0,0,0,0,1,0,0,1,0
8610,396.0,108.0,106.0,100,87.0,1.5,57.0,0,1,0,0,0,0,1,0,0,0,0,0,1,0,0
2091,0.0,1.0,3.0,631,2.0,2.0,1.0,0,0,1,0,0,0,0,0,1,1,0,0,1,0,0
2222,235.0,18.0,283.0,126,1095.0,4.5,244.0,1,0,0,0,0,0,0,1,0,0,1,0,0,0,0
3133,558.0,0.0,6.0,348,178.0,89.0,2.0,1,0,0,0,0,0,0,1,0,1,1,0,0,1,0
7015,2247.0,5.0,543.0,-859,608.0,1.4,435.0,0,0,0,1,0,0,0,1,0,1,1,0,1,0,0
7754,795.0,34.0,107.0,-173,1193.0,74.6,16.0,1,0,0,0,0,0,1,0,0,0,0,0,0,1,0
2715,1518.0,0.0,128.0,194,459.0,2.2,210.0,0,0,0,0,1,0,1,0,0,0,0,0,1,0,0
967,1613.0,1.0,366.0,-545,332.0,1.4,244.0,0,0,0,1,0,0,0,1,0,0,1,0,1,0,0
3533,4076.0,21.0,991.0,995,3130.0,3.4,931.0,0,0,0,0,0,0,0,1,0,0,1,0,0,0,0
2108,159.0,1447.0,234.0,369,416.0,3.6,115.0,1,0,0,0,0,0,0,1,0,0,1,0,0,0,0
6180,2882.0,0.0,284.0,59,1442.0,8.2,176.0,0,0,0,0,1,0,1,0,0,1,0,0,0,1,0
3896,1508.0,778.0,932.0,-45,1850.0,4.3,429.0,0,0,1,0,0,0,0,1,0,1,1,0,0,0,0
8539,1694.0,61.0,434.0,-576,839.0,1.2,682.0,0,1,0,0,0,1,0,1,0,0,1,0,1,0,0
4369,347.0,313.0,565.0,-793,1030.0,2.3,448.0,0,0,0,0,0,0,0,0,0,0,1,0,1,0,0
6867,1612.0,348.0,513.0,498,1372.0,2.7,504.0,0,0,0,1,0,0,1,0,0,1,0,0,1,0,0
5141,41.0,0.0,59.0,-631,17.0,0.4,46.0,0,0,0,0,1,0,0,0,0,1,1,1,0,0,0
3134,12.0,11.0,8.0,-70,38.0,5.4,7.0,0,0,0,0,0,0,0,1,0,1,1,0,0,1,0
397,1220.0,0.0,30.0,-756,296.0,6.2,48.0,0,0,0,1,0,0,0,1,0,0,1,0,0,1,0
3350,1732.0,2.0,375.0,-332,172.0,0.7,245.0,0,0,0,0,0,0,1,0,0,0,0,1,0,0,0
3556,138.0,0.0,11.0,440,1733.0,288.8,6.0,0,0,0,0,0,0,0,1,0,1,1,0,0,1,0
8007,1654.0,2.0,311.0,-906,436.0,1.1,413.0,0,0,0,0,1,0,0,0,1,0,0,0,1,0,0
3706,32.0,0.0,32.0,-399,5.0,0.1,81.0,0,1,0,0,0,0,0,0,0,0,1,1,0,0,0
4743,2206.0,9.0,395.0,39,810.0,1.4,571.0,0,0,0,0,0,0,1,0,0,0,0,0,1,0,0
1437,1798.0,0.0,224.0,-275,578.0,7.4,78.0,0,1,0,0,0,1,0,0,0,1,1,0,0,1,0
5340,1083.0,38.0,98.0,199,559.0,46.6,12.0,0,0,0,1,0,0,0,0,1,0,0,0,0,1,0
6482,236.0,475.0,93.0,-224,850.0,14.9,57.0,1,0,0,0,0,0,0,0,1,0,0,0,0,1,0
233,877.0,0.0,200.0,239,113.0,0.8,133.0,0,0,0,0,0,0,1,0,0,1,0,1,0,0,0
2705,244.0,10.0,19.0,-294,65.0,5.4,12.0,0,0,0,0,1,0,0,1,0,1,1,0,0,1,0
2911,705.0,78.0,497.0,-213,1211.0,2.2,544.0,1,0,0,0,0,0,0,0,1,0,0,0,1,0,0
1725,262.0,683.0,666.0,-34,674.0,1.3,522.0,1,0,0,0,0,0,1,0,0,0,0,0,1,0,0
7761,148.0,5.0,208.0,-334,171.0,2.9,59.0,0,0,0,0,1,0,0,0,1,0,0,0,1,0,0
8221,742.0,268.0,129.0,-486,592.0,23.7,25.0,0,0,0,1,0,0,1,0,0,0,0,0,0,1,0
6186,921.0,45.0,64.0,-73,132.0,3.9,34.0,0,0,0,1,0,0,0,1,0,0,1,0,0,0,0
2727,1200.0,999.0,374.0,-55,2429.0,7.3,332.0,0,1,0,0,0,0,0,0,0,0,1,0,0,1,0
4843,522.0,56.0,421.0,642,1603.0,2.8,578.0,1,0,0,0,0,0,0,0,1,0,0,0,1,0,0
3534,105.0,1.0,60.0,-160,177.0,5.4,33.0,0,0,0,1,0,0,0,0,0,0,1,0,0,1,0
5741,1093.0,0.0,147.0,692,587.0,5.5,107.0,1,0,0,0,0,0,0,1,0,0,1,0,0,1,0
7899,368.0,0.0,109.0,653,682.0,52.5,13.0,1,0,0,0,0,0,1,0,0,0,0,0,0,1,0
5149,2322.0,1.0,596.0,42,1485.0,8.5,174.0,0,0,0,0,0,0,0,1,0,0,1,0,0,1,0
7268,2297.0,13.0,464.0,475,2309.0,8.6,269.0,0,0,1,0,0,0,0,1,0,0,1,0,0,1,0
376,228.0,21.0,119.0,43,366.0,4.3,85.0,0,0,0,1,0,0,1,0,0,0,0,0,0,0,0
1850,396.0,50.0,165.0,-196,892.0,3.9,231.0,0,0,1,0,0,0,1,0,0,0,0,0,0,0,0
3235,1934.0,1.0,179.0,351,2216.0,21.7,102.0,0,0,0,0,0,0,0,1,0,0,1,0,0,1,0
5168,2107.0,1.0,979.0,52,363.0,0.4,916.0,0,0,0,0,1,0,0,0,0,0,1,1,0,0,0
6292,2084.0,1.0,529.0,222,476.0,1.3,373.0,0,0,0,1,0,1,0,1,0,0,1,0,1,0,0
6298,477.0,13.0,265.0,-500,394.0,1.3,297.0,0,0,0,0,0,0,0,0,0,1,1,0,1,0,0
2916,259.0,13.0,128.0,642,569.0,12.9,44.0,0,1,0,0,0,0,0,0,0,0,1,0,0,1,0
5216,656.0,3130.0,942.0,-294,297.0,0.5,656.0,0,0,0,1,0,0,0,1,0,0,1,1,0,0,0
8242,183.0,10.0,17.0,421,43.0,21.5,2.0,1,0,0,0,0,0,0,1,0,1,1,0,0,1,0
2346,604.0,3.0,378.0,225,897.0,9.3,96.0,0,0,0,0,0,0,1,0,0,0,0,0,0,1,0
1007,32.0,21.0,35.0,-449,284.0,6.0,47.0,0,0,1,0,0,0,0,0,0,0,1,0,0,1,0
7985,2451.0,520.0,726.0,83,2054.0,3.0,676.0,0,0,0,0,0,0,0,1,0,1,1,0,0,0,0
6866,2024.0,4.0,421.0,-113,857.0,2.0,434.0,0,0,1,0,0,0,1,0,0,1,0,0,1,0,0
2365,56.0,484.0,320.0,-136,252.0,2.8,89.0,0,0,0,0,0,0,0,0,1,0,0,0,1,0,0
7725,1107.0,238.0,170.0,-202,1329.0,10.5,127.0,1,0,0,0,0,0,0,0,1,0,0,0,0,1,0
363,1157.0,0.0,31.0,155,348.0,43.5,8.0,0,0,0,0,1,0,0,0,0,0,1,0,0,1,0
3621,733.0,130.0,9.0,-134,277.0,34.6,8.0,0,1,0,0,0,0,1,0,0,0,0,0,0,1,0
6012,2037.0,0.0,280.0,-517,729.0,2.0,368.0,0,0,0,0,0,0,0,1,0,0,1,0,1,0,0
5413,591.0,16.0,179.0,-188,339.0,11.3,30.0,0,0,0,0,1,0,0,0,0,1,1,0,0,1,0
3071,774.0,16.0,91.0,495,339.0,2.4,139.0,0,0,0,1,0,0,0,1,0,1,1,0,1,0,0
642,585.0,1926.0,427.0,573,2368.0,19.6,121.0,1,0,0,0,0,0,0,0,0,0,1,0,0,1,0
4204,108.0,87.0,168.0,232,37.0,0.3,117.0,0,0,0,0,0,0,1,0,0,0,0,1,0,0,0
226,463.0,398.0,220.0,-158,1173.0,3.5,336.0,0,0,0,0,0,0,0,1,0,0,1,0,0,0,0
1142,219.0,170.0,359.0,400,1257.0,8.1,156.0,0,0,0,1,0,1,0,1,0,0,1,0,0,1,0
3821,657.0,1.0,125.0,-489,368.0,12.7,29.0,0,0,0,0,0,0,1,0,0,0,0,0,0,1,0
4824,2387.0,0.0,193.0,-426,3181.0,10.4,306.0,0,1,0,0,0,0,0,0,1,1,0,0,0,1,0
1371,3982.0,100.0,561.0,290,3031.0,6.4,472.0,0,0,0,0,1,0,0,0,1,0,0,0,0,1,0
2552,2704.0,6.0,488.0,-85,3204.0,20.4,157.0,1,0,0,0,0,0,0,0,1,0,0,0,0,1,0
5073,1669.0,2.0,320.0,-335,1412.0,2.2,653.0,0,0,0,0,1,0,0,0,0,0,1,0,1,0,0
8314,57.0,118.0,42.0,191,343.0,9.8,35.0,0,0,0,0,0,0,1,0,0,1,0,0,0,1,0
891,3958.0,825.0,998.0,-743,2886.0,4.8,599.0,0,0,0,1,0,0,0,0,0,0,1,0,0,0,0
1643,57.0,45.0,256.0,-98,477.0,3.9,122.0,1,0,0,0,0,0,0,0,0,0,1,0,0,0,0
3024,1225.0,132.0,322.0,590,1401.0,10.6,132.0,0,0,0,1,0,0,0,0,0,0,1,0,0,1,0
2799,1277.0,3.0,411.0,-109,617.0,1.8,352.0,0,0,0,0,1,0,1,0,0,1,0,0,1,0,0
4426,3502.0,2.0,278.0,-221,1528.0,6.9,222.0,0,0,0,0,0,0,0,1,0,0,1,0,0,1,0
5771,2363.0,445.0,238.0,537,2951.0,113.5,26.0,0,0,0,1,0,0,0,0,0,1,1,0,0,1,0
2059,1048.0,428.0,348.0,324,715.0,2.0,351.0,0,0,0,1,0,0,0,0,0,1,1,0,1,0,0
1284,4176.0,11.0,256.0,-544,633.0,5.1,123.0,1,0,0,0,0,1,0,1,0,0,1,0,0,1,0
4794,1152.0,0.0,198.0,195,566.0,4.4,128.0,1,0,0,0,0,0,0,0,0,1,1,0,0,0,0
2081,1684.0,0.0,295.0,251,3042.0,10.7,284.0,0,0,0,0,1,0,0,1,0,0,1,0,0,1,0
481,331.0,1.0,235.0,223,743.0,4.6,161.0,0,0,0,0,0,0,1,0,0,0,0,0,0,0,0
5401,14.0,14.0,19.0,291,28.0,28.0,1.0,0,0,0,0,0,0,0,0,1,0,0,0,0,1,0
4099,2905.0,1.0,541.0,-637,697.0,1.6,429.0,0,0,1,0,0,0,0,0,1,0,0,0,1,0,0
6183,276.0,362.0,459.0,339,874.0,3.4,257.0,0,0,0,0,1,0,0,1,0,1,1,0,0,0,0
4523,655.0,3.0,301.0,-561,316.0,10.2,31.0,0,0,0,0,0,0,1,0,0,0,0,0,0,1,0
5065,401.0,40.0,73.0,-128,202.0,1.7,116.0,0,0,1,0,0,0,0,0,0,0,1,0,1,0,0
1209,3655.0,1.0,819.0,-76,2793.0,2.6,1086.0,0,0,0,0,0,0,1,0,0,1,0,0,1,0,0
8241,1261.0,0.0,215.0,-552,779.0,9.6,81.0,0,0,1,0,0,0,0,1,0,0,1,0,0,1,0
8073,1581.0,0.0,117.0,549,640.0,13.1,49.0,0,0,0,0,1,0,1,0,0,0,0,0,0,1,0
6096,1813.0,839.0,465.0,-99,4854.0,11.2,435.0,0,0,0,0,0,0,0,1,0,1,1,0,0,1,0
7914,2834.0,9.0,477.0,206,1263.0,10.0,126.0,0,1,0,0,0,0,1,0,0,0,0,0,0,1,0
7670,2258.0,29.0,331.0,-178,2710.0,11.7,231.0,0,0,0,0,0,0,0,0,0,0,1,0,0,1,0
4217,911.0,11.0,95.0,-47,422.0,19.2,22.0,0,1,0,0,0,0,1,0,0,0,0,0,0,1,0
8255,581.0,3.0,9.0,617,649.0,162.2,4.0,0,0,0,0,0,0,1,0,0,0,0,0,0,1,0
1916,4828.0,1549.0,1379.0,-266,5916.0,1.9,3074.0,0,0,0,1,0,0,1,0,0,0,0,0,1,0,0
7382,4170.0,9.0,657.0,-4,4113.0,25.5,161.0,1,0,0,0,0,0,0,0,1,0,0,0,0,1,0
2951,64.0,638.0,17.0,83,884.0,442.0,2.0,0,1,0,0,0,0,0,0,1,0,0,0,0,1,0
3795,98.0,224.0,198.0,83,47.0,1.6,29.0,0,0,0,0,1,0,0,0,1,0,0,0,1,0,0
827,1829.0,1.0,340.0,546,772.0,1.3,574.0,0,0,0,0,0,0,1,0,0,1,0,0,1,0,0
3404,3223.0,0.0,386.0,720,717.0,12.4,58.0,0,0,0,0,0,0,0,0,1,0,0,0,0,1,0
3867,261.0,69.0,131.0,176,208.0,6.1,34.0,0,0,0,0,0,0,0,0,1,1,0,0,0,1,0
1732,1341.0,261.0,147.0,68,2322.0,32.2,72.0,0,0,0,0,0,0,0,0,1,0,0,0,0,1,0
7435,489.0,0.0,271.0,-385,521.0,3.4,155.0,0,1,0,0,0,0,0,0,0,1,1,0,0,0,0
4785,21.0,2.0,6.0,-435,9.0,2.2,4.0,0,0,0,0,0,0,0,0,1,1,0,0,1,0,0
431,3328.0,0.0,705.0,-677,2135.0,3.5,612.0,0,0,0,0,0,0,0,0,0,0,1,0,0,0,0
6592,65.0,1061.0,74.0,-313,249.0,7.5,33.0,1,0,0,0,0,0,0,0,0,0,1,0,0,1,0
1653,3380.0,465.0,1293.0,109,1921.0,1.6,1188.0,0,0,0,0,0,0,1,0,0,0,0,0,1,0,0
2301,1503.0,2.0,471.0,-27,686.0,3.1,220.0,0,0,0,0,0,0,0,0,0,0,1,0,0,0,0
3536,3002.0,0.0,205.0,554,515.0,3.2,161.0,0,0,0,0,0,0,0,0,1,0,0,0,0,0,0
362,1815.0,35.0,296.0,48,1548.0,1.7,913.0,0,0,0,0,1,0,0,0,1,0,0,0,1,0,0
6651,3963.0,0.0,518.0,-498,2622.0,10.0,262.0,1,0,0,0,0,1,0,1,0,0,1,0,0,1,0
3994,8.0,331.0,58.0,-139,53.0,0.9,59.0,1,0,0,0,0,0,0,0,1,1,0,1,0,0,0
6703,8364.0,2.0,1269.0,-832,1612.0,2.0,793.0,0,0,0,0,0,0,1,0,0,0,0,0,1,0,0
5296,1203.0,378.0,183.0,-674,1131.0,23.6,48.0,0,0,0,0,0,0,1,0,0,0,0,0,0,1,0
3749,2971.0,1063.0,1174.0,-165,3441.0,3.4,1015.0,0,0,1,0,0,0,0,0,0,1,1,0,0,0,0
4441,1970.0,19.0,474.0,-15,1871.0,6.0,313.0,0,0,0,0,1,0,0,1,0,0,1,0,0,1,0
8510,563.0,43.0,267.0,-199,1512.0,3.2,468.0,0,0,0,0,0,1,1,0,0,1,0,0,0,0,0
5132,1739.0,0.0,192.0,279,1582.0,11.2,141.0,0,0,0,0,1,0,1,0,0,0,0,0,0,1,0
6679,480.0,0.0,255.0,62,196.0,0.8,247.0,0,0,0,0,0,0,0,1,0,0,1,1,0,0,0
6537,6069.0,297.0,793.0,61,3509.0,3.9,911.0,1,0,0,0,0,0,1,0,0,0,0,0,0,0,0
5705,868.0,394.0,634.0,209,1341.0,2.6,525.0,0,0,1,0,0,1,1,0,0,0,0,0,1,0,0
1383,494.0,197.0,253.0,-133,321.0,0.6,510.0,0,0,0,0,1,1,0,0,1,0,0,1,0,0,0
6236,103.0,0.0,14.0,180,57.0,11.4,5.0,0,0,0,1,0,0,0,0,1,1,0,0,0,1,0
4916,5435.0,435.0,1879.0,-45,6024.0,2.8,2148.0,1,0,0,0,0,0,0,0,0,1,1,0,1,0,0
953,326.0,65.0,682.0,276,456.0,1.6,278.0,0,0,0,0,0,0,0,0,1,1,0,0,1,0,0
5549,2104.0,0.0,398.0,-548,1952.0,4.3,459.0,0,1,0,0,0,0,0,1,0,0,1,0,0,0,0
4547,654.0,0.0,32.0,-24,291.0,13.9,21.0,0,0,0,0,0,0,0,0,0,0,1,0,0,1,0
8438,2062.0,306.0,569.0,146,1247.0,2.6,482.0,0,0,0,0,0,0,0,0,0,1,1,0,1,0,0
4499,6628.0,45.0,3164.0,-602,5691.0,1.9,3050.0,0,0,1,0,0,0,1,0,0,1,0,0,1,0,0
1516,938.0,0.0,319.0,-256,2094.0,18.2,115.0,0,0,0,0,0,0,1,0,0,0,0,0,0,1,0
7871,1708.0,10.0,252.0,235,689.0,4.9,142.0,1,0,0,0,0,0,1,0,0,1,0,0,0,0,0
1417,234.0,2.0,16.0,407,81.0,3.4,24.0,0,0,0,0,1,0,1,0,0,0,0,0,0,0,0
2828,94.0,0.0,21.0,-43,25.0,1.6,16.0,0,0,0,0,0,0,1,0,0,0,0,0,1,0,0
7580,903.0,81.0,405.0,-280,1055.0,3.1,341.0,0,1,0,0,0,0,0,0,1,0,0,0,0,0,0
6108,265.0,285.0,154.0,-678,2256.0,32.2,70.0,0,0,0,0,0,0,0,0,0,1,1,0,0,1,0
704,2339.0,0.0,548.0,-79,785.0,2.6,306.0,0,0,0,0,0,0,0,1,0,0,1,0,1,0,0
6927,1764.0,833.0,625.0,-567,1111.0,1.7,669.0,0,0,0,0,0,0,0,1,0,0,1,0,1,0,0
7130,870.0,199.0,79.0,-145,387.0,5.9,66.0,0,0,0,1,0,0,0,1,0,0,1,0,0,1,0
3847,6645.0,17.0,1011.0,-169,3566.0,3.5,1029.0,0,1,0,0,0,0,0,1,0,1,1,0,0,0,0
6784,2626.0,787.0,739.0,433,1534.0,1.8,865.0,0,1,0,0,0,0,0,1,0,1,1,0,1,0,0
5754,697.0,196.0,530.0,444,1805.0,3.2,564.0,0,0,0,0,0,0,0,1,0,1,1,0,0,0,0
4798,382.0,1.0,55.0,211,367.0,5.4,68.0,0,0,0,0,1,0,1,0,0,0,0,0,0,1,0
617,1587.0,153.0,313.0,-439,1137.0,13.2,86.0,1,0,0,0,0,0,0,1,0,0,1,0,0,1,0
4925,1516.0,9.0,361.0,-369,1223.0,3.8,322.0,0,0,0,0,0,0,0,0,0,0,1,0,0,0,0
8517,5114.0,22.0,1930.0,15,3428.0,1.9,1835.0,0,0,0,0,0,0,0,1,0,0,1,0,1,0,0
6613,4973.0,273.0,1079.0,153,2171.0,3.1,698.0,1,0,0,0,0,0,0,0,1,1,0,0,0,0,0
3403,1581.0,0.0,380.0,-289,856.0,4.8,179.0,0,0,0,0,1,0,1,0,0,0,0,0,0,0,0
5944,754.0,974.0,750.0,487,1483.0,2.1,703.0,0,0,0,0,1,0,0,1,0,0,1,0,1,0,0
4055,866.0,9.0,220.0,228,1601.0,11.4,140.0,0,0,0,0,0,0,0,1,0,0,1,0,0,1,0
5517,415.0,27.0,541.0,817,140.0,0.2,605.0,0,0,0,0,0,0,0,0,0,0,1,1,0,0,0
5994,1.0,4.0,13.0,238,6.0,2.0,3.0,0,1,0,0,0,0,1,0,0,0,0,0,1,0,0
32,224.0,3.0,194.0,75,600.0,3.0,200.0,0,0,1,0,0,0,0,0,0,1,1,0,0,0,0
6750,1006.0,61.0,357.0,-425,186.0,0.9,209.0,1,0,0,0,0,0,0,1,0,0,1,1,0,0,0
3500,1205.0,28.0,287.0,-504,1251.0,8.1,155.0,0,0,0,0,0,0,0,0,0,0,1,0,0,1,0
6366,1128.0,1.0,66.0,987,513.0,9.5,54.0,1,0,0,0,0,0,0,0,0,0,1,0,0,1,0
6008,961.0,0.0,567.0,-16,978.0,4.3,229.0,1,0,0,0,0,0,0,1,0,0,1,0,0,0,0
4010,426.0,13.0,516.0,-237,308.0,0.3,1069.0,0,0,0,0,0,0,0,0,0,0,1,1,0,0,0
2120,210.0,49.0,351.0,-131,476.0,3.0,157.0,1,0,0,0,0,0,0,0,0,0,1,0,0,0,0
8525,1948.0,350.0,365.0,120,1687.0,4.3,396.0,0,0,0,1,0,1,0,0,0,0,1,0,0,0,0
895,539.0,0.0,241.0,310,123.0,6.8,18.0,1,0,0,0,0,0,0,0,0,0,1,0,0,1,0
1438,90.0,2.0,78.0,206,171.0,17.1,10.0,1,0,0,0,0,0,0,0,0,1,1,0,0,1,0
1941,2391.0,0.0,110.0,488,426.0,17.0,25.0,0,1,0,0,0,0,0,0,0,1,1,0,0,1,0
8326,116.0,12.0,159.0,286,255.0,3.5,72.0,0,1,0,0,0,0,0,0,0,0,1,0,0,0,0
5619,300.0,324.0,498.0,-291,1326.0,2.4,544.0,0,0,0,0,1,0,1,0,0,0,0,0,1,0,0
1074,893.0,0.0,71.0,444,934.0,22.2,42.0,1,0,0,0,0,0,0,1,0,0,1,0,0,1,0
1152,810.0,7.0,346.0,-92,1677.0,10.5,159.0,0,0,0,0,1,0,0,0,1,0,0,0,0,1,0
2297,845.0,94.0,412.0,-40,769.0,2.8,273.0,0,0,0,0,0,1,0,0,0,1,1,0,1,0,0
7813,211.0,0.0,148.0,139,637.0,15.2,42.0,0,0,0,0,0,0,1,0,0,0,0,0,0,1,0
2495,117.0,0.0,34.0,-623,176.0,35.2,5.0,0,0,0,0,0,0,0,0,1,0,0,0,0,1,0
4922,3743.0,0.0,305.0,279,5337.0,17.9,298.0,0,0,0,0,1,0,0,1,0,1,1,0,0,1,0
5407,185.0,19.0,11.0,-252,645.0,40.3,16.0,0,0,0,0,0,0,0,0,1,0,0,0,0,1,0
852,3589.0,8.0,604.0,490,4103.0,6.6,626.0,0,0,0,0,1,1,1,0,0,1,0,0,0,1,0
6325,956.0,34.0,404.0,303,792.0,2.4,336.0,1,0,0,0,0,0,0,0,0,0,1,0,1,0,0
3080,507.0,9.0,200.0,450,309.0,1.2,251.0,0,0,0,0,0,0,1,0,0,1,0,0,1,0,0
4741,890.0,142.0,577.0,-639,2343.0,4.9,477.0,0,0,0,0,0,0,0,0,1,1,0,0,0,0,0
8457,4978.0,0.0,391.0,-927,2682.0,9.5,281.0,0,0,0,0,1,0,0,0,1,0,0,0,0,1,0
8738,632.0,713.0,272.0,298,1421.0,3.6,390.0,0,0,1,0,0,0,1,0,0,0,0,0,0,0,0
2044,651.0,2.0,72.0,267,1476.0,21.7,68.0,0,0,0,0,0,0,0,0,0,0,1,0,0,1,0
549,838.0,653.0,424.0,216,2219.0,14.0,158.0,0,0,0,1,0,1,0,0,0,0,1,0,0,1,0
8031,13.0,68.0,6.0,-178,37.0,6.2,6.0,0,0,1,0,0,0,0,0,1,1,0,0,0,1,0
4250,850.0,453.0,496.0,-282,2064.0,2.8,733.0,0,0,0,0,0,0,0,1,0,0,1,0,1,0,0
3643,6757.0,80.0,203.0,-645,4931.0,56.0,88.0,0,0,0,0,0,0,0,0,1,0,0,0,0,1,0
5022,1464.0,36.0,271.0,-163,1213.0,6.7,180.0,0,0,0,1,0,0,0,1,0,0,1,0,0,1,0
2785,68.0,495.0,26.0,-448,195.0,13.9,14.0,0,0,0,0,0,0,0,0,1,0,0,0,0,1,0
5525,91.0,1.0,103.0,-1012,38.0,0.8,45.0,0,0,0,0,0,0,1,0,0,0,0,1,0,0,0
979,149.0,0.0,64.0,37,252.0,3.7,69.0,0,0,0,0,0,0,1,0,0,0,0,0,0,0,0
591,2007.0,31.0,390.0,665,498.0,1.7,287.0,0,0,0,0,0,0,0,1,0,0,1,0,1,0,0
8000,879.0,47.0,363.0,-1050,1620.0,7.6,212.0,0,1,0,0,0,0,0,1,0,0,1,0,0,1,0
1806,2322.0,410.0,1020.0,270,1897.0,1.2,1546.0,0,0,0,0,0,0,1,0,0,1,0,0,1,0,0
8642,1452.0,1.0,388.0,872,188.0,0.4,433.0,0,0,0,0,0,0,1,0,0,0,0,1,0,0,0
1073,419.0,2205.0,233.0,-320,1682.0,25.1,67.0,0,0,0,0,0,0,0,1,0,0,1,0,0,1,0
3820,180.0,1.0,167.0,-15,116.0,0.4,268.0,0,0,0,0,0,0,1,0,0,1,0,1,0,0,0
4855,155.0,64.0,546.0,109,347.0,0.9,371.0,0,0,0,0,1,0,0,0,1,0,0,1,0,0,0
3599,2144.0,22.0,174.0,-258,101.0,4.2,24.0,0,0,1,0,0,0,0,0,1,0,0,0,0,0,0
5768,220.0,0.0,867.0,723,300.0,1.3,227.0,0,0,0,0,1,0,0,1,0,0,1,0,1,0,0
6326,209.0,0.0,20.0,-959,62.0,10.3,6.0,0,0,0,0,1,0,1,0,0,0,0,0,0,1,0
5831,832.0,2241.0,294.0,595,1172.0,8.7,135.0,1,0,0,0,0,0,0,0,0,1,1,0,0,1,0
121,645.0,385.0,664.0,735,2033.0,4.0,503.0,0,0,0,0,0,0,0,0,0,0,1,0,0,0,0
1686,522.0,222.0,210.0,-673,248.0,0.5,503.0,0,0,1,0,0,0,0,0,0,1,1,1,0,0,0
896,310.0,0.0,72.0,-618,45.0,1.3,35.0,0,0,0,0,0,0,0,0,1,1,0,0,1,0,0
5952,740.0,0.0,217.0,260,788.0,12.7,62.0,0,0,1,0,0,0,0,1,0,0,1,0,0,1,0
688,1163.0,1549.0,695.0,666,3429.0,4.2,822.0,1,0,0,0,0,0,0,0,1,0,0,0,0,0,0
7820,146.0,0.0,89.0,65,39.0,0.5,86.0,0,1,0,0,0,0,0,1,0,1,1,1,0,0,0
6953,1118.0,574.0,53.0,-43,1334.0,35.1,38.0,0,0,0,0,0,0,0,0,0,0,1,0,0,1,0
7411,58.0,167.0,180.0,-49,165.0,1.4,120.0,0,0,0,0,0,0,0,1,0,0,1,0,1,0,0
6917,715.0,0.0,28.0,60,1611.0,46.0,35.0,0,1,0,0,0,0,0,1,0,0,1,0,0,1,0
7457,440.0,237.0,225.0,166,1193.0,11.9,100.0,0,0,0,0,0,0,0,0,0,1,1,0,0,1,0
6872,292.0,0.0,311.0,1274,709.0,12.7,56.0,0,0,0,0,1,0,0,0,1,0,0,0,0,1,0
3573,42.0,106.0,22.0,-336,165.0,82.5,2.0,0,0,0,0,0,0,0,0,1,1,0,0,0,1,0
8231,107.0,0.0,27.0,-233,86.0,5.4,16.0,0,0,0,0,0,0,0,1,0,0,1,0,0,1,0
248,59.0,444.0,46.0,369,18.0,9.0,2.0,1,0,0,0,0,0,0,1,0,0,1,0,0,1,0
1578,22.0,374.0,33.0,49,23.0,1.8,13.0,0,0,0,0,1,0,1,0,0,1,0,0,1,0,0
6839,2555.0,0.0,575.0,-228,2619.0,24.2,108.0,1,0,0,0,0,0,1,0,0,0,0,0,0,1,0
2250,4329.0,14.0,425.0,-267,1570.0,7.5,209.0,0,0,0,1,0,0,0,0,1,0,0,0,0,1,0
2646,1069.0,34.0,228.0,-926,442.0,1.5,298.0,0,0,0,0,1,0,0,0,0,1,1,0,1,0,0
5192,262.0,15.0,181.0,151,33.0,2.5,13.0,0,0,0,0,0,0,0,1,0,0,1,0,1,0,0
4787,561.0,321.0,396.0,182,2125.0,4.3,498.0,0,0,0,1,0,0,0,1,0,0,1,0,0,0,0
1904,306.0,4.0,192.0,-224,188.0,1.2,161.0,0,0,0,0,0,0,0,0,0,0,1,0,1,0,0
2781,1882.0,20.0,444.0,384,2267.0,7.0,323.0,0,0,0,0,1,0,0,0,0,0,1,0,0,1,0
4867,3134.0,9.0,480.0,671,1619.0,4.5,356.0,0,0,0,0,0,0,0,0,0,0,1,0,0,0,0
2860,637.0,3.0,754.0,-501,265.0,0.3,903.0,0,0,0,0,1,0,0,1,0,1,1,1,0,0,0
8343,382.0,1.0,121.0,90,2021.0,5.3,384.0,0,0,1,0,0,0,0,1,0,0,1,0,0,1,0
6436,268.0,802.0,400.0,512,1670.0,8.4,200.0,0,0,0,1,0,0,0,0,1,0,0,0,0,1,0
7752,935.0,33.0,120.0,85,248.0,8.3,30.0,0,0,0,1,0,0,0,0,0,0,1,0,0,1,0
19,7757.0,1215.0,1688.0,86,5216.0,3.6,1441.0,0,0,0,0,0,0,0,1,0,1,1,0,0,0,0
4061,172.0,45.0,271.0,-334,1095.0,4.5,241.0,0,0,0,0,0,0,0,0,1,1,0,0,0,0,0
3972,320.0,553.0,213.0,460,1163.0,6.2,189.0,0,0,0,0,0,0,1,0,0,0,0,0,0,1,0
6100,7993.0,20.0,929.0,-493,4037.0,4.4,919.0,0,0,0,0,0,0,0,0,0,0,1,0,0,0,0
4123,1311.0,0.0,193.0,-66,865.0,3.4,251.0,0,1,0,0,0,0,0,0,0,1,1,0,0,0,0
2463,582.0,0.0,388.0,-465,1048.0,2.9,360.0,0,0,0,0,0,0,0,0,1,0,0,0,1,0,0
3445,194.0,250.0,76.0,490,826.0,31.8,26.0,1,0,0,0,0,0,0,0,0,0,1,0,0,1,0
2456,617.0,0.0,776.0,3,264.0,0.4,657.0,0,0,0,0,0,0,0,0,1,1,0,1,0,0,0
995,608.0,1.0,310.0,378,1076.0,2.1,508.0,0,0,0,1,0,0,1,0,0,0,0,0,1,0,0
7084,102.0,166.0,26.0,-485,157.0,6.8,23.0,0,1,0,0,0,0,0,0,0,1,1,0,0,1,0
180,881.0,159.0,865.0,624,1208.0,1.6,771.0,1,0,0,0,0,1,0,0,1,0,0,0,1,0,0
1477,34.0,0.0,32.0,289,18.0,1.1,16.0,0,0,0,0,1,0,0,1,0,1,1,0,1,0,0
3465,3949.0,213.0,849.0,233,8639.0,14.4,601.0,1,0,0,0,0,0,0,0,1,1,0,0,0,1,0
2525,895.0,272.0,212.0,365,985.0,2.0,494.0,0,0,1,0,0,0,0,0,0,0,1,0,1,0,0
499,235.0,0.0,17.0,234,538.0,14.2,38.0,0,1,0,0,0,0,1,0,0,0,0,0,0,1,0
5844,476.0,893.0,341.0,15,1163.0,36.3,32.0,1,0,0,0,0,0,0,0,0,1,1,0,0,1,0
538,5313.0,0.0,319.0,-36,2976.0,6.2,480.0,0,0,1,0,0,0,0,0,0,0,1,0,0,1,0
38,665.0,7.0,218.0,439,1091.0,14.0,78.0,0,0,0,0,0,0,0,1,0,0,1,0,0,1,0
7866,78.0,383.0,118.0,-181,414.0,2.5,166.0,1,0,0,0,0,0,0,1,0,1,1,0,1,0,0
3394,419.0,35.0,302.0,19,90.0,0.5,189.0,1,0,0,0,0,0,1,0,0,0,0,1,0,0,0
5186,129.0,0.0,24.0,594,151.0,2.4,64.0,1,0,0,0,0,0,0,1,0,0,1,0,1,0,0
7945,336.0,0.0,67.0,334,29.0,1.3,23.0,0,0,0,0,0,0,1,0,0,0,0,0,1,0,0
5949,1156.0,4.0,963.0,209,1875.0,3.0,615.0,0,0,0,0,0,0,0,0,1,0,0,0,0,0,0
6221,3261.0,216.0,1344.0,-539,6023.0,4.5,1338.0,0,0,0,0,0,0,1,0,0,0,0,0,0,0,0
2156,1183.0,0.0,211.0,-544,384.0,2.7,142.0,0,1,0,0,0,0,1,0,0,0,0,0,1,0,0
7345,2441.0,1.0,474.0,191,2472.0,10.1,245.0,0,1,0,0,0,0,0,1,0,0,1,0,0,1,0
2645,1667.0,10.0,590.0,-456,2322.0,5.3,435.0,1,0,0,0,0,0,1,0,0,0,0,0,0,1,0
1193,300.0,9.0,190.0,1013,291.0,3.2,92.0,0,0,1,0,0,0,1,0,0,1,0,0,0,0,0
7836,1802.0,373.0,292.0,-115,1109.0,11.1,100.0,0,0,0,0,0,0,0,0,1,0,0,0,0,1,0
5861,532.0,10.0,78.0,-375,634.0,12.9,49.0,0,1,0,0,0,0,1,0,0,1,0,0,0,1,0
1077,1680.0,1.0,129.0,438,382.0,1.6,240.0,0,0,0,0,0,0,1,0,0,0,0,0,1,0,0
2872,184.0,0.0,25.0,469,59.0,2.5,24.0,0,0,0,0,1,0,1,0,0,1,0,0,1,0,0
3740,229.0,23.0,66.0,149,1235.0,12.5,99.0,0,0,0,0,0,0,0,0,1,0,0,0,0,1,0
6474,994.0,171.0,821.0,-146,1270.0,1.2,1016.0,0,1,0,0,0,0,0,0,1,0,0,0,1,0,0
1118,90.0,114.0,316.0,41,1332.0,8.2,163.0,0,0,0,0,0,0,0,0,0,0,1,0,0,1,0
7715,563.0,21.0,217.0,-57,1369.0,5.6,244.0,0,0,0,0,1,0,1,0,0,0,0,0,0,1,0
5659,274.0,0.0,12.0,-352,762.0,54.4,14.0,0,0,0,0,0,0,0,0,1,1,0,0,0,1,0
3326,1677.0,2602.0,644.0,-187,992.0,8.4,118.0,0,0,0,0,0,0,0,0,0,0,1,0,0,1,0
7291,354.0,8.0,87.0,-85,39.0,1.4,28.0,0,0,0,0,0,0,0,0,1,1,0,0,1,0,0
1344,223.0,131.0,321.0,619,394.0,1.8,215.0,0,0,1,0,0,0,1,0,0,0,0,0,1,0,0
5852,1647.0,142.0,339.0,238,489.0,1.5,316.0,0,0,0,0,0,0,1,0,0,0,0,0,1,0,0
4693,268.0,0.0,31.0,308,140.0,6.1,23.0,0,0,0,0,1,0,1,0,0,1,0,0,0,1,0
2139,613.0,0.0,888.0,-300,1262.0,3.0,418.0,0,1,0,0,0,0,1,0,0,0,0,0,0,0,0
7103,550.0,253.0,391.0,-19,505.0,4.5,113.0,0,0,0,1,0,0,0,0,0,0,1,0,0,0,0
391,1832.0,0.0,223.0,-86,448.0,1.7,257.0,0,0,0,0,1,0,0,0,1,1,0,0,1,0,0
6309,280.0,2.0,86.0,8,564.0,9.4,60.0,0,0,0,0,0,0,0,1,0,0,1,0,0,1,0
897,864.0,115.0,445.0,-790,1833.0,2.2,823.0,0,0,0,0,1,0,1,0,0,1,0,0,1,0,0
8458,10661.0,8.0,748.0,-707,3804.0,8.6,440.0,0,0,0,0,0,0,1,0,0,0,0,0,0,1,0
7355,1244.0,460.0,857.0,583,2274.0,6.8,332.0,0,0,0,0,0,0,1,0,0,1,0,0,0,1,0
5495,130.0,673.0,77.0,59,376.0,2.9,128.0,0,0,0,0,0,0,0,0,1,1,0,0,1,0,0
2371,172.0,13.0,246.0,514,639.0,1.4,448.0,0,0,0,0,0,0,1,0,0,1,0,0,1,0,0
8690,815.0,14.0,260.0,156,1355.0,2.0,664.0,0,0,0,0,0,0,0,1,0,0,1,0,1,0,0
5304,1706.0,1.0,70.0,-645,528.0,26.4,20.0,0,0,0,1,0,0,0,1,0,1,1,0,0,1,0
3386,1152.0,1.0,38.0,388,146.0,146.0,1.0,0,0,0,0,0,0,0,0,0,0,1,0,0,1,0
6137,49.0,0.0,10.0,258,108.0,6.4,17.0,0,0,0,0,0,1,0,0,1,0,0,0,0,1,0
2233,1400.0,1545.0,357.0,-682,2009.0,16.9,119.0,1,0,0,0,0,0,0,0,0,1,1,0,0,1,0
628,3194.0,35.0,658.0,-31,1013.0,1.2,820.0,0,0,0,1,0,0,1,0,0,0,0,0,1,0,0
6013,637.0,0.0,198.0,374,81.0,0.4,187.0,1,0,0,0,0,0,0,1,0,0,1,1,0,0,0
8259,530.0,71.0,172.0,128,2061.0,20.0,103.0,1,0,0,0,0,0,1,0,0,0,0,0,0,1,0
6858,1071.0,0.0,92.0,-94,253.0,5.6,45.0,0,0,0,0,0,0,0,0,0,1,1,0,0,1,0
1802,1614.0,134.0,164.0,701,1002.0,31.3,32.0,0,0,1,0,0,0,1,0,0,0,0,0,0,1,0
6085,2299.0,590.0,946.0,-393,3972.0,8.7,455.0,0,0,0,0,1,0,0,0,0,1,1,0,0,1,0
2246,191.0,0.0,28.0,996,540.0,25.7,21.0,0,0,1,0,0,0,0,0,1,0,0,0,0,1,0
7097,18.0,1.0,16.0,-76,8.0,8.0,1.0,1,0,0,0,0,0,0,1,0,0,1,0,0,1,0
8622,189.0,0.0,8.0,258,647.0,64.7,10.0,1,0,0,0,0,0,0,1,0,0,1,0,0,1,0
7953,20.0,0.0,3.0,-51,12.0,0.3,35.0,0,0,0,0,1,0,0,1,0,1,1,1,0,0,0
1069,41.0,284.0,83.0,162,86.0,1.0,84.0,1,0,0,0,0,0,0,1,0,0,1,1,0,0,0
5748,138.0,8.0,97.0,254,216.0,13.5,16.0,0,0,0,1,0,0,1,0,0,1,0,0,0,1,0
6628,1451.0,9.0,537.0,-693,305.0,0.6,533.0,0,0,0,0,1,0,1,0,0,1,0,1,0,0,0
849,301.0,1.0,60.0,-228,140.0,6.4,22.0,0,1,0,0,0,0,1,0,0,1,0,0,0,1,0
880,6991.0,631.0,1551.0,224,8655.0,4.8,1817.0,0,0,0,0,0,0,0,0,1,0,0,0,0,0,0
3984,2646.0,218.0,186.0,662,2784.0,9.3,299.0,1,0,0,0,0,0,0,0,1,1,0,0,0,1,0
2618,224.0,395.0,298.0,-269,345.0,6.4,54.0,1,0,0,0,0,0,0,0,1,1,0,0,0,1,0
7869,4732.0,613.0,1558.0,334,3330.0,2.2,1502.0,0,0,0,1,0,0,0,1,0,1,1,0,1,0,0
2995,1849.0,1.0,681.0,-185,1877.0,3.5,543.0,0,0,0,0,0,0,0,0,1,0,0,0,0,0,0
7666,515.0,241.0,232.0,-162,1190.0,4.0,299.0,0,0,0,1,0,0,0,0,1,0,0,0,0,0,0
5881,2584.0,0.0,398.0,-140,723.0,3.2,225.0,0,0,0,0,0,0,0,0,0,0,1,0,0,0,0
1476,2412.0,0.0,163.0,92,2208.0,15.1,146.0,0,0,0,0,1,0,0,0,0,0,1,0,0,1,0
1731,790.0,22.0,140.0,52,1284.0,35.7,36.0,0,0,0,0,1,0,0,0,0,0,1,0,0,1,0
465,246.0,1.0,73.0,83,52.0,7.4,7.0,0,0,0,0,0,0,0,0,1,1,0,0,0,1,0
2824,258.0,0.0,312.0,66,240.0,0.6,434.0,0,0,0,0,0,1,0,0,0,0,1,1,0,0,0
4049,2806.0,112.0,513.0,-213,1704.0,5.0,344.0,0,1,0,0,0,0,0,0,0,0,1,0,0,0,0
946,270.0,13.0,93.0,86,83.0,2.2,37.0,0,0,1,0,0,0,1,0,0,0,0,0,1,0,0
3182,429.0,0.0,53.0,230,69.0,69.0,1.0,0,0,0,0,0,0,0,0,0,0,1,0,0,1,0
468,2592.0,104.0,284.0,296,1677.0,28.9,58.0,0,0,0,0,0,0,1,0,0,0,0,0,0,1,0
5261,788.0,163.0,646.0,-293,2221.0,4.3,522.0,0,0,0,0,1,0,0,0,0,0,1,0,0,0,0
4640,587.0,19.0,35.0,-624,84.0,1.3,63.0,0,0,0,1,0,0,0,0,0,0,1,0,1,0,0
7809,59.0,126.0,91.0,282,673.0,44.9,15.0,0,0,0,0,0,0,0,0,0,1,1,0,0,1,0
7773,832.0,0.0,34.0,-440,356.0,22.2,16.0,0,0,0,0,0,1,1,0,0,0,0,0,0,1,0
466,1752.0,32.0,181.0,36,800.0,5.7,140.0,0,0,0,1,0,0,0,1,0,0,1,0,0,1,0
3356,0.0,6.0,10.0,825,4.0,4.0,1.0,1,0,0,0,0,0,0,0,1,1,0,0,0,0,0
8751,0.0,49.0,5.0,548,4.0,4.0,1.0,0,0,0,0,0,0,1,0,0,0,0,0,0,0,0
5636,36.0,1.0,8.0,373,17.0,1.4,12.0,0,0,0,0,1,0,1,0,0,0,0,0,1,0,0
5920,173.0,0.0,29.0,-468,50.0,3.3,15.0,0,0,0,0,0,0,1,0,0,0,0,0,0,0,0
2792,656.0,346.0,92.0,-150,1262.0,29.3,43.0,0,0,0,1,0,0,0,0,1,0,0,0,0,1,0
2208,168.0,25.0,11.0,44,144.0,72.0,2.0,0,0,1,0,0,0,0,1,0,0,1,0,0,1,0
294,422.0,0.0,288.0,-87,158.0,0.9,180.0,0,0,0,0,1,0,1,0,0,0,0,1,0,0,0
5612,362.0,646.0,321.0,289,157.0,0.5,314.0,0,0,0,0,0,0,0,0,0,0,1,1,0,0,0
2540,180.0,2.0,89.0,370,371.0,10.6,35.0,0,1,0,0,0,0,0,1,0,0,1,0,0,1,0
3839,2012.0,29.0,191.0,139,2559.0,40.6,63.0,0,0,0,0,0,0,0,1,0,1,1,0,0,1,0
3379,620.0,147.0,61.0,204,96.0,1.4,67.0,0,0,0,0,0,0,1,0,0,1,0,0,1,0,0
7301,914.0,544.0,688.0,-351,358.0,0.5,666.0,0,0,0,0,1,0,0,0,1,0,0,1,0,0,0
5893,296.0,5.0,54.0,-17,943.0,10.8,87.0,0,0,0,1,0,0,1,0,0,0,0,0,0,1,0
2028,2091.0,0.0,471.0,23,2016.0,11.7,173.0,0,0,0,0,1,0,0,1,0,1,1,0,0,1,0
603,1779.0,0.0,292.0,-1235,687.0,4.5,153.0,0,0,0,0,1,0,0,0,1,0,0,0,0,0,0
5946,81.0,2.0,26.0,-76,69.0,3.0,23.0,0,0,0,0,0,0,0,0,1,0,0,0,0,0,0
2173,2149.0,1149.0,425.0,-126,3647.0,11.6,314.0,0,0,0,1,0,0,1,0,0,0,0,0,0,1,0
1579,252.0,3.0,365.0,-46,337.0,0.8,416.0,0,0,0,0,0,0,0,0,1,1,0,1,0,0,0
6167,5522.0,376.0,522.0,-599,3274.0,3.9,830.0,0,0,0,0,0,0,0,0,1,1,0,0,0,0,0
6231,1115.0,0.0,245.0,-518,366.0,3.3,111.0,0,1,0,0,0,0,0,0,0,1,1,0,0,0,0
2851,238.0,70.0,253.0,152,181.0,7.5,24.0,0,0,0,0,1,0,0,0,1,1,0,0,0,1,0
4598,1502.0,800.0,842.0,609,2193.0,3.9,556.0,0,0,0,0,0,1,1,0,0,0,0,0,0,0,0
7074,549.0,17.0,349.0,-1054,616.0,2.1,299.0,0,0,0,0,0,0,0,1,0,1,1,0,1,0,0
6585,2188.0,306.0,37.0,14,3034.0,3034.0,1.0,0,0,0,0,0,0,0,1,0,0,1,0,0,1,0
6291,707.0,15.0,139.0,506,1058.0,11.0,96.0,0,0,1,0,0,0,0,0,0,0,1,0,0,1,0
4568,45.0,0.0,66.0,773,282.0,3.4,83.0,0,1,0,0,0,0,0,1,0,0,1,0,0,0,0
2033,1826.0,914.0,802.0,103,872.0,2.1,418.0,0,0,0,0,0,0,0,1,0,0,1,0,1,0,0
2099,598.0,0.0,176.0,-600,233.0,1.4,162.0,0,0,0,0,0,0,0,1,0,1,1,0,1,0,0
1154,3878.0,0.0,176.0,-258,1436.0,16.5,87.0,0,0,1,0,0,0,0,0,1,1,0,0,0,1,0
169,15.0,95.0,56.0,389,70.0,2.8,25.0,0,0,0,1,0,0,0,0,0,0,1,0,1,0,0
1363,543.0,266.0,415.0,-3,1067.0,8.5,125.0,0,0,0,0,0,0,1,0,0,0,0,0,0,1,0
473,2997.0,3.0,768.0,-468,2842.0,3.3,852.0,1,0,0,0,0,0,0,1,0,0,1,0,0,0,0
7042,35.0,0.0,40.0,421,260.0,65.0,4.0,0,0,0,0,1,0,1,0,0,1,0,0,0,1,0
3118,862.0,1.0,566.0,-368,597.0,0.8,705.0,0,1,0,0,0,0,0,1,0,0,1,1,0,0,0
2796,52.0,3.0,1.0,-187,52.0,17.3,3.0,0,0,1,0,0,0,0,0,0,0,1,0,0,1,0
3169,3678.0,2751.0,828.0,-1207,5732.0,7.8,735.0,0,0,0,0,0,0,1,0,0,0,0,0,0,1,0
2818,138.0,0.0,118.0,805,550.0,3.8,143.0,0,0,0,0,0,0,1,0,0,0,0,0,0,0,0
7067,438.0,56.0,281.0,-116,1509.0,2.2,694.0,1,0,0,0,0,0,1,0,0,0,0,0,1,0,0
4559,1127.0,0.0,263.0,36,188.0,0.7,251.0,1,0,0,0,0,0,1,0,0,1,0,1,0,0,0
1098,1999.0,264.0,940.0,317,1648.0,2.7,620.0,0,0,0,0,0,0,1,0,0,0,0,0,1,0,0
5693,13.0,575.0,16.0,-70,497.0,124.2,4.0,1,0,0,0,0,0,1,0,0,0,0,0,0,1,0
4865,157.0,2.0,79.0,-46,14.0,0.3,43.0,0,0,0,1,0,0,0,1,0,0,1,1,0,0,0
3412,659.0,0.0,669.0,-126,270.0,0.5,519.0,0,1,0,0,0,1,0,0,1,0,0,1,0,0,0
2868,514.0,710.0,678.0,827,504.0,1.1,467.0,1,0,0,0,0,0,1,0,0,0,0,0,1,0,0
5673,1337.0,4251.0,749.0,-31,701.0,1.4,489.0,0,0,0,0,1,0,1,0,0,0,0,0,1,0,0
4574,89.0,0.0,78.0,1056,54.0,9.0,6.0,0,0,0,0,0,0,1,0,0,0,0,0,0,1,0
7606,34.0,1.0,19.0,-26,64.0,10.7,6.0,0,0,0,1,0,0,0,0,1,0,0,0,0,1,0
5817,1693.0,573.0,1003.0,-21,1912.0,3.0,641.0,0,0,0,0,1,0,0,0,0,1,1,0,0,0,0
1789,2463.0,395.0,293.0,739,1042.0,10.1,103.0,0,1,0,0,0,0,1,0,0,0,0,0,0,1,0
3222,77.0,0.0,48.0,-149,3.0,0.8,4.0,0,0,0,0,1,0,0,0,1,0,0,1,0,0,0
2420,314.0,176.0,90.0,-254,50.0,1.3,38.0,0,0,1,0,0,0,0,0,1,0,0,0,1,0,0
4384,750.0,2580.0,366.0,-791,1645.0,7.3,224.0,0,0,0,1,0,0,0,0,1,1,0,0,0,1,0
4382,1489.0,0.0,271.0,225,2275.0,11.2,203.0,0,1,0,0,0,0,1,0,0,1,0,0,0,1,0
2293,107.0,100.0,52.0,-174,40.0,2.5,16.0,0,0,0,0,0,0,0,0,1,1,0,0,1,0,0
2092,2762.0,0.0,300.0,-238,304.0,0.6,472.0,0,0,0,0,1,0,0,0,1,0,0,1,0,0,0
3958,6330.0,1807.0,1273.0,-269,7549.0,7.3,1037.0,0,0,0,1,0,0,0,0,0,0,1,0,0,1,0
5180,1910.0,153.0,334.0,-726,4350.0,11.6,376.0,0,0,0,0,0,0,0,1,0,0,1,0,0,1,0
4754,3.0,117.0,7.0,94,7.0,3.5,2.0,0,1,0,0,0,0,0,0,0,1,1,0,0,0,0
201,810.0,171.0,715.0,343,355.0,0.3,1067.0,0,0,0,0,0,0,1,0,0,0,0,1,0,0,0
3198,286.0,1264.0,61.0,1153,945.0,8.4,112.0,0,0,0,1,0,0,0,1,0,0,1,0,0,1,0
1286,185.0,0.0,143.0,1334,21.0,4.2,5.0,0,0,0,0,0,0,1,0,0,0,0,0,0,0,0
2832,814.0,0.0,30.0,-232,810.0,35.2,23.0,0,0,0,0,1,0,0,0,1,0,0,0,0,1,0
6939,923.0,0.0,69.0,-380,471.0,471.0,1.0,0,0,1,0,0,0,0,1,0,1,1,0,0,1,0
8647,833.0,572.0,175.0,189,1296.0,8.9,145.0,0,0,0,1,0,0,0,0,1,0,0,0,0,1,0
414,291.0,332.0,121.0,-430,715.0,14.0,51.0,1,0,0,0,0,0,0,1,0,1,1,0,0,1,0
5174,1768.0,13.0,329.0,-542,1704.0,71.0,24.0,0,0,0,1,0,0,1,0,0,0,0,0,0,1,0
7900,1378.0,24.0,397.0,-135,1862.0,5.3,351.0,0,0,0,0,1,0,0,1,0,0,1,0,0,1,0
1263,1094.0,4.0,327.0,480,354.0,2.5,143.0,1,0,0,0,0,0,0,0,0,0,1,0,1,0,0
991,1079.0,55.0,213.0,311,545.0,1.9,288.0,1,0,0,0,0,0,0,0,0,1,1,0,1,0,0
6652,393.0,16.0,38.0,-35,42.0,2.8,15.0,1,0,0,0,0,1,0,0,1,0,0,0,1,0,0
4641,1198.0,3.0,342.0,686,1096.0,8.9,123.0,0,0,0,0,1,0,1,0,0,1,0,0,0,1,0
8215,23.0,4.0,6.0,268,24.0,24.0,1.0,0,0,0,0,0,0,0,1,0,1,1,0,0,1,0
2310,194.0,78.0,132.0,231,218.0,2.0,108.0,0,1,0,0,0,0,1,0,0,0,0,0,1,0,0
2010,369.0,77.0,63.0,189,1130.0,70.6,16.0,1,0,0,0,0,0,1,0,0,0,0,0,0,1,0
4418,231.0,27.0,167.0,-356,240.0,0.8,285.0,0,0,0,0,0,0,0,1,0,0,1,1,0,0,0
1245,2547.0,127.0,661.0,-152,1215.0,5.3,231.0,1,0,0,0,0,0,0,0,1,0,0,0,0,1,0
4439,23.0,1.0,8.0,-252,8.0,0.2,41.0,0,0,0,0,0,0,0,0,0,1,1,1,0,0,0
951,442.0,0.0,113.0,-196,316.0,5.2,61.0,1,0,0,0,0,0,0,1,0,1,1,0,0,1,0
6644,3237.0,15.0,984.0,136,3905.0,4.4,889.0,0,0,0,0,1,0,0,0,0,0,1,0,0,0,0
3478,202.0,112.0,172.0,307,35.0,0.6,56.0,0,0,0,0,0,0,0,0,0,1,1,1,0,0,0
873,590.0,253.0,167.0,-484,504.0,1.1,446.0,1,0,0,0,0,0,0,0,1,1,0,0,1,0,0
7937,1709.0,405.0,688.0,-169,1987.0,3.3,605.0,0,0,0,1,0,0,0,0,0,1,1,0,0,0,0
2035,2656.0,0.0,213.0,159,1323.0,13.8,96.0,1,0,0,0,0,0,1,0,0,1,0,0,0,1,0
3018,661.0,18.0,293.0,-85,691.0,2.2,309.0,0,0,0,1,0,0,0,0,1,0,0,0,1,0,0
1051,449.0,0.0,51.0,-437,579.0,115.8,5.0,0,1,0,0,0,0,0,0,1,1,0,0,0,1,0
2817,814.0,1.0,12.0,-76,236.0,236.0,1.0,0,0,0,0,1,0,1,0,0,0,0,0,0,1,0
3786,2327.0,729.0,710.0,-168,3061.0,4.8,634.0,1,0,0,0,0,0,1,0,0,0,0,0,0,0,0
6064,181.0,720.0,169.0,152,499.0,2.8,181.0,0,1,0,0,0,0,1,0,0,0,0,0,1,0,0
2565,578.0,0.0,555.0,194,1444.0,5.7,254.0,0,0,0,0,0,0,0,0,0,0,1,0,0,1,0
5068,669.0,0.0,135.0,-244,443.0,5.0,88.0,0,0,0,0,1,0,0,1,0,0,1,0,0,0,0
6744,26.0,0.0,34.0,206,21.0,0.6,35.0,0,0,0,1,0,0,0,0,1,0,0,1,0,0,0
199,296.0,0.0,116.0,-864,500.0,2.5,204.0,0,0,0,0,0,1,0,1,0,1,1,0,1,0,0
4650,222.0,210.0,51.0,252,193.0,7.1,27.0,1,0,0,0,0,0,0,1,0,0,1,0,0,1,0
4502,1695.0,4.0,90.0,-131,1630.0,17.7,92.0,1,0,0,0,0,0,1,0,0,0,0,0,0,1,0
5510,61.0,0.0,11.0,87,31.0,0.6,55.0,1,0,0,0,0,0,0,0,0,0,1,1,0,0,0
8164,447.0,0.0,210.0,308,10.0,0.1,70.0,0,0,0,0,1,0,0,1,0,0,1,1,0,0,0
1063,1629.0,391.0,231.0,541,3262.0,11.9,275.0,1,0,0,0,0,0,0,1,0,1,1,0,0,1,0
259,323.0,152.0,326.0,164,441.0,2.6,170.0,0,0,0,0,0,0,0,0,1,0,0,0,1,0,0
4328,2415.0,12.0,525.0,-651,1564.0,3.3,481.0,0,0,0,0,1,0,0,0,1,0,0,0,0,0,0
7793,2302.0,110.0,539.0,-82,1506.0,2.2,685.0,0,0,1,0,0,0,1,0,0,0,0,0,1,0,0
383,112.0,0.0,92.0,117,372.0,2.4,155.0,0,0,0,0,1,0,1,0,0,1,0,0,1,0,0
198,693.0,436.0,129.0,252,1239.0,33.5,37.0,0,0,1,0,0,0,0,0,1,0,0,0,0,1,0
3060,344.0,2.0,49.0,401,454.0,10.1,45.0,0,1,0,0,0,0,0,1,0,0,1,0,0,1,0
4181,44.0,216.0,114.0,329,367.0,24.5,15.0,1,0,0,0,0,0,0,0,0,0,1,0,0,1,0
8336,378.0,5.0,74.0,-71,211.0,12.4,17.0,1,0,0,0,0,0,0,0,1,0,0,0,0,1,0
5135,38.0,1.0,71.0,-332,42.0,0.4,114.0,0,0,0,0,1,0,0,0,1,0,0,1,0,0,0
4747,14.0,49.0,44.0,-622,102.0,6.4,16.0,1,0,0,0,0,0,0,1,0,0,1,0,0,1,0
8680,429.0,130.0,22.0,-334,109.0,54.5,2.0,0,0,0,0,0,0,1,0,0,0,0,0,0,1,0
4238,216.0,276.0,8.0,-150,111.0,11.1,10.0,0,0,0,0,0,1,0,0,0,1,1,0,0,1,0
4875,1277.0,16.0,303.0,272,1103.0,9.9,111.0,0,0,0,0,0,0,1,0,0,1,0,0,0,1,0
1902,1573.0,1.0,619.0,746,1429.0,3.4,424.0,1,0,0,0,0,0,1,0,0,0,0,0,0,0,0
1965,2034.0,77.0,312.0,-813,1949.0,16.8,116.0,0,0,0,0,0,0,0,0,0,0,1,0,0,1,0
6725,129.0,2.0,160.0,-214,366.0,2.2,168.0,0,0,1,0,0,0,0,0,1,0,0,0,1,0,0
3272,1364.0,0.0,380.0,65,447.0,7.4,60.0,0,0,1,0,0,0,0,1,0,0,1,0,0,1,0
4776,1229.0,134.0,252.0,-411,3589.0,21.0,171.0,0,0,1,0,0,0,1,0,0,1,0,0,0,1,0
7078,5758.0,113.0,589.0,-541,2986.0,5.5,545.0,0,0,0,0,0,0,1,0,0,1,0,0,0,1,0
7738,393.0,55.0,114.0,119,406.0,1.2,345.0,1,0,0,0,0,0,0,0,0,0,1,0,1,0,0
608,1194.0,1.0,254.0,-231,500.0,2.1,242.0,0,0,0,0,0,0,0,0,0,0,1,0,1,0,0
4522,209.0,0.0,144.0,-262,969.0,30.3,32.0,1,0,0,0,0,0,0,0,1,1,0,0,0,1,0
7213,968.0,1495.0,286.0,904,3076.0,16.3,189.0,0,0,0,0,0,0,1,0,0,1,0,0,0,1,0
5169,387.0,206.0,618.0,-508,1503.0,5.4,280.0,0,1,0,0,0,1,1,0,0,0,0,0,0,1,0
6855,652.0,25.0,411.0,80,1180.0,9.7,122.0,0,1,0,0,0,0,0,0,1,1,0,0,0,1,0
7760,2298.0,246.0,472.0,-163,1074.0,3.8,281.0,1,0,0,0,0,0,1,0,0,0,0,0,0,0,0
2274,267.0,90.0,170.0,211,73.0,4.1,18.0,0,0,1,0,0,0,0,1,0,0,1,0,0,0,0
3263,1986.0,413.0,277.0,-388,4479.0,26.8,167.0,0,0,0,0,1,0,0,0,1,0,0,0,0,1,0
7523,1346.0,2.0,737.0,-739,1106.0,1.1,981.0,0,0,1,0,0,0,1,0,0,0,0,0,1,0,0
4947,2159.0,283.0,512.0,-479,1860.0,4.8,385.0,0,1,0,0,0,0,0,0,0,1,1,0,0,0,0
4606,5.0,113.0,17.0,1019,220.0,44.0,5.0,0,0,0,1,0,0,0,0,0,0,1,0,0,1,0
6985,550.0,6.0,78.0,85,954.0,136.3,7.0,0,0,0,0,0,0,0,1,0,0,1,0,0,1,0
8077,121.0,208.0,189.0,-427,156.0,0.9,177.0,0,0,0,0,1,1,0,0,0,0,1,1,0,0,0
3149,88.0,2.0,93.0,29,508.0,4.9,103.0,0,0,0,0,0,0,1,0,0,1,0,0,0,0,0
6171,223.0,0.0,68.0,-299,12.0,0.7,18.0,0,0,0,0,0,0,0,1,0,0,1,1,0,0,0
7628,1027.0,15.0,51.0,-9,128.0,42.7,3.0,0,0,1,0,0,0,0,0,1,1,0,0,0,1,0
2539,97.0,2.0,104.0,528,22.0,1.7,13.0,0,1,0,0,0,0,0,1,0,1,1,0,1,0,0
2286,1304.0,7.0,746.0,-374,1477.0,5.7,261.0,1,0,0,0,0,0,0,0,1,0,0,0,0,1,0
4848,400.0,0.0,10.0,-515,618.0,154.5,4.0,0,0,0,0,1,0,0,0,0,0,1,0,0,1,0
3733,2930.0,33.0,429.0,-710,1421.0,3.4,418.0,0,0,0,1,0,0,0,0,0,0,1,0,0,0,0
5977,3009.0,368.0,585.0,-460,2852.0,5.6,509.0,0,0,0,0,1,0,0,1,0,1,1,0,0,1,0
4380,3399.0,0.0,417.0,-229,4591.0,11.9,387.0,0,0,0,0,0,0,0,0,0,0,1,0,0,1,0
3294,207.0,87.0,50.0,656,594.0,118.8,5.0,0,0,0,0,0,0,0,1,0,0,1,0,0,1,0
7755,1374.0,2.0,438.0,298,911.0,4.6,196.0,0,0,0,0,0,1,0,0,0,0,1,0,0,0,0
3436,1719.0,17.0,1279.0,-169,452.0,0.4,1268.0,0,0,0,0,0,0,0,1,0,1,1,1,0,0,0
6527,1314.0,55.0,214.0,-467,523.0,6.5,81.0,0,0,0,0,0,0,1,0,0,1,0,0,0,1,0
5973,1522.0,0.0,278.0,210,1533.0,3.2,473.0,0,0,0,0,0,0,1,0,0,0,0,0,0,0,0
7982,79.0,1.0,79.0,-38,627.0,4.6,135.0,0,0,1,0,0,0,0,0,0,1,1,0,0,0,0
7596,1817.0,1.0,288.0,149,208.0,1.0,216.0,0,0,1,0,0,0,0,0,1,1,0,1,0,0,0
1683,1083.0,45.0,682.0,521,821.0,2.5,331.0,0,0,0,0,0,0,1,0,0,0,0,0,1,0,0
4783,1870.0,0.0,371.0,34,1116.0,4.7,237.0,0,0,0,1,0,0,0,0,0,0,1,0,0,0,0
605,655.0,0.0,54.0,373,689.0,10.3,67.0,1,0,0,0,0,0,0,0,0,1,1,0,0,1,0
8591,19.0,45.0,76.0,-15,264.0,6.6,40.0,0,0,0,0,1,0,0,0,0,0,1,0,0,1,0
492,977.0,25.0,424.0,732,2593.0,7.5,346.0,0,0,1,0,0,0,0,0,1,0,0,0,0,1,0
4660,1463.0,0.0,87.0,-840,878.0,73.2,12.0,0,0,0,0,0,0,1,0,0,1,0,0,0,1,0
5103,313.0,41.0,285.0,-187,501.0,1.5,327.0,0,0,1,0,0,0,0,1,0,1,1,0,1,0,0
1022,1703.0,324.0,467.0,-273,1321.0,1.6,821.0,1,0,0,0,0,0,0,0,0,0,1,0,1,0,0
7531,1483.0,51.0,468.0,153,1208.0,3.2,373.0,1,0,0,0,0,0,0,1,0,0,1,0,0,0,0
6423,700.0,2.0,423.0,1030,729.0,2.2,324.0,0,1,0,0,0,0,1,0,0,0,0,0,1,0,0
5621,35.0,395.0,175.0,247,232.0,1.1,205.0,0,0,0,0,1,0,0,0,0,0,1,0,1,0,0
6094,2363.0,7.0,1148.0,127,1985.0,1.9,1026.0,0,0,0,0,1,0,0,0,1,0,0,0,1,0,0
61,2189.0,56.0,1037.0,461,3698.0,4.9,753.0,0,0,0,0,0,0,0,0,1,0,0,0,0,0,0
5551,463.0,374.0,100.0,483,440.0,2.5,173.0,0,1,0,0,0,0,0,0,1,0,0,0,1,0,0
4472,444.0,0.0,168.0,548,261.0,1.1,232.0,0,0,0,0,0,0,0,0,0,0,1,0,1,0,0
356,1134.0,0.0,113.0,-709,157.0,31.4,5.0,0,0,0,0,1,0,0,0,1,1,0,0,0,1,0
72,1352.0,27.0,52.0,-566,978.0,65.2,15.0,1,0,0,0,0,0,0,1,0,0,1,0,0,1,0
3558,2087.0,2.0,344.0,133,1286.0,5.0,257.0,0,0,0,0,0,1,0,1,0,0,1,0,0,0,0
7790,2622.0,68.0,338.0,-226,601.0,1.0,615.0,0,0,0,1,0,0,0,0,1,1,0,1,0,0,0
804,694.0,0.0,52.0,385,155.0,22.1,7.0,0,0,0,0,1,0,1,0,0,0,0,0,0,1,0
645,1453.0,2468.0,493.0,1147,3876.0,11.5,338.0,0,0,1,0,0,0,0,1,0,0,1,0,0,1,0
276,1238.0,511.0,133.0,-912,1335.0,22.6,59.0,1,0,0,0,0,1,1,0,0,0,0,0,0,1,0
3903,6.0,188.0,3.0,-300,640.0,640.0,1.0,0,0,0,0,0,0,1,0,0,0,0,0,0,1,0
1844,81.0,0.0,31.0,-801,89.0,11.1,8.0,0,0,0,0,0,0,1,0,0,0,0,0,0,1,0
5847,1254.0,274.0,82.0,398,4141.0,41.0,101.0,0,0,0,0,0,0,0,0,1,1,0,0,0,1,0
2542,740.0,250.0,349.0,203,1346.0,5.9,229.0,0,0,0,0,1,0,0,1,0,1,1,0,0,1,0
6555,79.0,605.0,102.0,309,81.0,1.7,47.0,0,0,0,1,0,0,0,0,0,1,1,0,1,0,0
1386,130.0,1.0,22.0,295,240.0,4.6,52.0,0,0,0,0,0,0,0,0,1,0,0,0,0,0,0
4313,370.0,8.0,217.0,93,75.0,0.2,354.0,0,0,0,1,0,1,0,0,0,0,1,1,0,0,0
5475,101.0,419.0,170.0,92,140.0,1.9,72.0,0,0,0,0,0,0,0,1,0,1,1,0,1,0,0
3683,3143.0,147.0,360.0,-208,1681.0,6.1,274.0,0,0,0,1,0,0,0,1,0,1,1,0,0,1,0
7070,209.0,59.0,508.0,-135,640.0,2.3,275.0,0,0,0,0,1,0,0,0,1,0,0,0,1,0,0
739,4332.0,1.0,883.0,-393,4844.0,6.3,773.0,0,0,1,0,0,0,0,0,1,0,0,0,0,1,0
6539,4700.0,223.0,1386.0,-817,7224.0,7.1,1024.0,0,0,1,0,0,0,0,1,0,0,1,0,0,1,0
6174,705.0,0.0,433.0,919,203.0,0.6,344.0,0,0,0,1,0,0,0,1,0,1,1,1,0,0,0
2080,638.0,1.0,191.0,-681,191.0,4.9,39.0,1,0,0,0,0,0,0,0,0,0,1,0,0,0,0
1068,696.0,247.0,473.0,-324,1490.0,7.3,203.0,0,0,0,0,1,0,0,1,0,0,1,0,0,1,0
3135,1834.0,339.0,301.0,-113,1068.0,6.7,160.0,0,0,1,0,0,0,0,0,0,0,1,0,0,1,0
3051,710.0,194.0,75.0,17,2695.0,37.4,72.0,0,0,0,1,0,0,0,0,1,0,0,0,0,1,0
1201,1799.0,240.0,604.0,111,1299.0,3.4,381.0,1,0,0,0,0,0,0,1,0,1,1,0,0,0,0
1924,1521.0,309.0,481.0,344,4633.0,21.9,212.0,0,1,0,0,0,0,0,0,0,0,1,0,0,1,0
2251,647.0,0.0,85.0,-592,416.0,9.9,42.0,1,0,0,0,0,0,0,1,0,0,1,0,0,1,0
4834,3033.0,100.0,227.0,-115,3170.0,12.4,256.0,0,0,0,0,0,0,1,0,0,0,0,0,0,1,0
5133,2009.0,217.0,555.0,506,4241.0,9.5,447.0,1,0,0,0,0,0,0,0,0,0,1,0,0,1,0
2219,68.0,159.0,78.0,-60,222.0,3.2,70.0,0,1,0,0,0,0,0,0,0,0,1,0,0,0,0
3836,2187.0,53.0,185.0,-367,1693.0,8.2,206.0,0,0,0,0,0,0,0,1,0,0,1,0,0,1,0
7365,167.0,1.0,185.0,164,256.0,2.4,106.0,0,0,0,0,0,1,0,0,0,0,1,0,1,0,0
1565,1658.0,1256.0,341.0,424,7207.0,28.3,255.0,1,0,0,0,0,0,0,0,0,0,1,0,0,1,0
2094,3641.0,285.0,2521.0,524,4099.0,1.4,2896.0,1,0,0,0,0,0,0,0,1,0,0,0,1,0,0
4666,498.0,668.0,301.0,432,879.0,0.8,1056.0,0,0,0,0,1,0,0,0,0,1,1,1,0,0,0
8682,941.0,248.0,277.0,-113,619.0,1.7,367.0,0,0,0,0,0,0,0,0,1,0,0,0,1,0,0
6472,328.0,113.0,59.0,539,544.0,18.8,29.0,0,0,0,1,0,1,0,0,0,0,1,0,0,1,0
596,183.0,6.0,191.0,-32,158.0,0.5,336.0,0,0,0,1,0,0,0,1,0,0,1,1,0,0,0
4135,80.0,7.0,103.0,41,240.0,1.9,127.0,0,0,0,0,0,0,0,0,0,0,1,0,1,0,0
5,1346.0,0.0,82.0,-278,600.0,18.2,33.0,0,0,0,0,0,0,0,1,0,0,1,0,0,1,0
2789,1051.0,51.0,659.0,-128,1582.0,3.1,506.0,0,0,0,1,0,1,0,0,0,1,1,0,0,0,0
5520,949.0,29.0,76.0,86,1244.0,5.5,227.0,0,0,0,0,0,0,0,0,0,1,1,0,0,1,0
3995,2975.0,0.0,396.0,-57,1302.0,7.9,165.0,0,1,0,0,0,0,0,0,1,1,0,0,0,1,0
5347,999.0,0.0,735.0,32,505.0,1.0,521.0,0,0,0,0,0,0,0,0,0,0,1,1,0,0,0
8668,4269.0,113.0,521.0,23,3431.0,8.4,409.0,0,0,0,0,1,1,0,0,1,0,0,0,0,1,0
4443,42.0,0.0,110.0,-259,38.0,3.8,10.0,0,0,0,0,0,0,0,1,0,0,1,0,0,0,0
3267,102.0,0.0,71.0,-93,53.0,3.8,14.0,0,1,0,0,0,0,0,0,1,1,0,0,0,0,0
2401,40.0,4.0,96.0,-49,182.0,5.7,32.0,0,0,0,0,0,0,0,0,0,1,1,0,0,1,0
7131,75.0,0.0,7.0,-144,6.0,0.5,13.0,0,0,0,0,0,0,1,0,0,0,0,1,0,0,0
2577,1205.0,150.0,88.0,-625,916.0,15.8,58.0,1,0,0,0,0,0,0,1,0,0,1,0,0,1,0
7171,155.0,1.0,56.0,-125,87.0,1.1,81.0,0,0,0,1,0,0,0,0,0,0,1,0,1,0,0
5666,347.0,458.0,101.0,-320,754.0,14.5,52.0,1,0,0,0,0,1,0,0,1,1,0,0,0,1,0
1500,150.0,2.0,169.0,274,306.0,15.3,20.0,1,0,0,0,0,0,0,0,0,0,1,0,0,1,0
4309,694.0,165.0,448.0,-745,1395.0,5.2,269.0,0,0,0,1,0,0,0,0,1,0,0,0,0,1,0
1582,177.0,347.0,100.0,-365,1111.0,44.4,25.0,0,0,0,1,0,0,0,1,0,1,1,0,0,1,0
367,289.0,1334.0,329.0,381,1097.0,2.0,561.0,0,0,0,0,0,0,1,0,0,1,0,0,1,0,0
6780,452.0,0.0,33.0,-345,267.0,6.4,42.0,0,0,1,0,0,0,0,1,0,0,1,0,0,1,0
4954,759.0,6.0,95.0,75,802.0,7.9,101.0,0,0,0,0,0,1,1,0,0,0,0,0,0,1,0
1375,552.0,0.0,68.0,-573,446.0,1.4,312.0,0,0,0,1,0,0,0,0,1,1,0,0,1,0,0
4323,2435.0,0.0,262.0,-4,521.0,1.7,299.0,0,0,0,0,1,0,0,1,0,1,1,0,1,0,0
6019,4869.0,18.0,735.0,-289,3510.0,10.3,340.0,0,0,0,0,1,0,1,0,0,1,0,0,0,1,0
767,174.0,2.0,74.0,90,48.0,4.0,12.0,1,0,0,0,0,0,0,0,1,0,0,0,0,0,0
3224,819.0,6.0,470.0,47,856.0,2.9,294.0,1,0,0,0,0,0,0,0,0,1,1,0,1,0,0
7692,4.0,0.0,3.0,-360,3.0,3.0,1.0,1,0,0,0,0,0,0,0,0,1,1,0,0,0,0
7247,58.0,2.0,41.0,345,918.0,48.3,19.0,0,0,1,0,0,0,0,0,0,1,1,0,0,1,0
7960,1036.0,0.0,322.0,-63,1080.0,18.3,59.0,0,0,0,1,0,0,0,0,1,1,0,0,0,1,0
565,113.0,0.0,14.0,91,467.0,467.0,1.0,0,0,0,0,1,0,0,0,0,0,1,0,0,1,0
5202,348.0,28.0,91.0,-212,113.0,2.1,53.0,1,0,0,0,0,0,0,0,0,0,1,0,1,0,0
4385,3807.0,607.0,1477.0,182,2592.0,2.4,1060.0,1,0,0,0,0,0,1,0,0,0,0,0,1,0,0
1230,1810.0,70.0,301.0,914,1588.0,14.4,110.0,0,0,0,0,0,1,1,0,0,1,0,0,0,1,0
2413,308.0,11.0,192.0,198,111.0,1.3,86.0,1,0,0,0,0,0,0,0,0,0,1,0,1,0,0
6314,3783.0,616.0,680.0,-196,2169.0,5.8,374.0,0,0,0,0,0,1,0,0,1,0,0,0,0,1,0
101,1678.0,32.0,716.0,548,1524.0,2.3,666.0,0,0,0,0,0,0,0,0,1,1,0,0,1,0,0
4921,617.0,683.0,221.0,1134,2315.0,26.0,89.0,1,0,0,0,0,0,0,0,0,0,1,0,0,1,0
6532,131.0,0.0,112.0,436,208.0,3.6,58.0,1,0,0,0,0,0,1,0,0,0,0,0,0,0,0
1820,340.0,893.0,23.0,-393,2857.0,2857.0,1.0,0,0,0,1,0,0,0,0,0,0,1,0,0,1,0
6055,54.0,806.0,118.0,851,358.0,7.6,47.0,1,0,0,0,0,0,0,0,1,0,0,0,0,1,0
7053,266.0,21.0,44.0,-316,463.0,8.6,54.0,1,0,0,0,0,1,0,1,0,0,1,0,0,1,0
1287,56.0,2322.0,37.0,-85,422.0,3.8,112.0,0,0,0,0,0,0,0,0,1,0,0,0,0,0,0
1809,247.0,144.0,97.0,-204,1590.0,11.7,136.0,1,0,0,0,0,0,0,0,0,1,1,0,0,1,0
6385,731.0,0.0,11.0,-575,606.0,606.0,1.0,0,0,0,1,0,0,0,0,0,0,1,0,0,1,0
6004,64.0,1298.0,187.0,-1004,103.0,0.5,197.0,0,0,0,0,0,0,0,0,1,0,0,1,0,0,0
7705,634.0,131.0,301.0,88,1371.0,4.4,310.0,1,0,0,0,0,0,0,0,0,1,1,0,0,0,0
3121,1325.0,0.0,256.0,-150,759.0,13.3,57.0,0,0,0,0,0,0,0,1,0,0,1,0,0,1,0
6300,508.0,0.0,49.0,379,653.0,5.9,110.0,0,0,0,1,0,0,1,0,0,1,0,0,0,1,0
2490,1908.0,0.0,231.0,-657,363.0,20.2,18.0,0,0,0,0,0,1,0,0,0,0,1,0,0,1,0
664,246.0,5.0,83.0,168,34.0,0.4,88.0,0,0,0,0,0,1,0,0,0,0,1,1,0,0,0
7400,2243.0,0.0,476.0,100,1970.0,3.9,502.0,1,0,0,0,0,0,1,0,0,0,0,0,0,0,0
8742,1106.0,0.0,498.0,-308,1068.0,20.5,52.0,0,0,0,0,1,1,0,1,0,1,1,0,0,1,0
7844,2448.0,241.0,674.0,244,2095.0,6.0,351.0,1,0,0,0,0,0,0,0,0,0,1,0,0,1,0
5092,302.0,11.0,2.0,-144,76.0,38.0,2.0,0,0,0,0,1,1,0,1,0,0,1,0,0,1,0
2388,387.0,4.0,24.0,-253,52.0,17.3,3.0,1,0,0,0,0,0,1,0,0,1,0,0,0,1,0
7261,5681.0,184.0,2253.0,251,4707.0,2.6,1838.0,0,1,0,0,0,0,0,0,1,0,0,0,1,0,0
5297,94.0,64.0,21.0,-136,9.0,1.0,9.0,0,0,0,1,0,0,1,0,0,0,0,1,0,0,0
961,2347.0,88.0,673.0,-431,3087.0,17.2,180.0,0,0,0,0,0,0,0,1,0,1,1,0,0,1,0
7239,3769.0,0.0,240.0,415,3043.0,15.4,197.0,0,0,0,0,0,0,0,0,1,1,0,0,0,1,0
7977,647.0,0.0,96.0,-36,278.0,6.2,45.0,0,0,0,1,0,0,0,0,1,0,0,0,0,1,0
1252,738.0,4.0,219.0,-377,272.0,2.3,117.0,0,0,0,0,1,1,0,1,0,0,1,0,1,0,0
7499,1258.0,222.0,176.0,436,2148.0,6.7,322.0,0,0,1,0,0,0,0,0,1,0,0,0,0,1,0
5625,61.0,83.0,127.0,208,72.0,0.3,217.0,0,0,0,0,0,0,1,0,0,1,0,1,0,0,0
7843,226.0,0.0,129.0,587,618.0,21.3,29.0,1,0,0,0,0,0,0,0,1,0,0,0,0,1,0
5529,556.0,42.0,146.0,-373,108.0,1.7,64.0,0,0,0,0,0,0,0,0,1,0,0,0,1,0,0
1698,877.0,0.0,218.0,608,217.0,2.7,80.0,0,0,0,0,0,0,1,0,0,0,0,0,1,0,0
2225,1871.0,0.0,572.0,384,1387.0,2.9,476.0,0,0,0,0,1,0,0,1,0,0,1,0,1,0,0
5398,2140.0,40.0,19.0,-457,1631.0,41.8,39.0,0,0,0,0,0,0,0,0,0,0,1,0,0,1,0
6420,2491.0,311.0,1173.0,167,2447.0,1.3,1868.0,0,0,1,0,0,1,0,0,0,0,1,0,1,0,0
1502,48.0,484.0,176.0,-387,1054.0,6.8,154.0,0,0,0,0,1,0,0,0,1,0,0,0,0,1,0
8643,234.0,271.0,343.0,-93,701.0,9.6,73.0,1,0,0,0,0,0,1,0,0,0,0,0,0,1,0
8663,22.0,25.0,29.0,-355,56.0,4.0,14.0,1,0,0,0,0,0,0,1,0,0,1,0,0,0,0
3695,20.0,181.0,65.0,343,1169.0,194.8,6.0,0,0,1,0,0,1,0,1,0,1,1,0,0,1,0
6416,1279.0,17.0,354.0,18,3856.0,15.4,251.0,0,0,0,0,0,0,0,1,0,0,1,0,0,1,0
7999,717.0,0.0,184.0,206,775.0,1.4,562.0,0,0,0,0,1,0,1,0,0,1,0,0,1,0,0
2020,488.0,143.0,65.0,521,581.0,32.3,18.0,0,0,0,1,0,1,0,1,0,0,1,0,0,1,0
6897,1566.0,0.0,81.0,-29,849.0,8.4,101.0,1,0,0,0,0,0,0,0,1,1,0,0,0,1,0
6371,1839.0,661.0,375.0,-37,2029.0,2.7,739.0,0,0,0,0,0,0,0,1,0,0,1,0,1,0,0
1586,449.0,200.0,298.0,189,190.0,0.6,311.0,0,0,0,1,0,0,1,0,0,0,0,1,0,0,0
8521,1824.0,1.0,505.0,141,1511.0,4.4,340.0,1,0,0,0,0,1,0,0,1,0,0,0,0,0,0
5436,171.0,1.0,27.0,489,100.0,7.7,13.0,0,0,0,0,0,0,0,0,1,0,0,0,0,1,0
3673,115.0,0.0,13.0,-761,2.0,0.3,6.0,1,0,0,0,0,0,1,0,0,0,0,1,0,0,0
6373,39.0,213.0,55.0,1039,39.0,1.9,21.0,0,0,0,0,0,0,0,0,0,0,1,0,1,0,0
6702,23.0,1.0,11.0,-273,161.0,8.9,18.0,0,0,0,1,0,0,1,0,0,1,0,0,0,1,0
6826,329.0,320.0,426.0,396,91.0,0.8,119.0,0,1,0,0,0,0,1,0,0,0,0,1,0,0,0
3874,2672.0,0.0,222.0,177,2048.0,5.1,399.0,0,0,0,0,1,0,0,1,0,0,1,0,0,1,0
6773,345.0,30.0,185.0,406,580.0,2.0,287.0,0,0,0,1,0,0,0,1,0,0,1,0,1,0,0
871,33.0,1.0,100.0,130,288.0,4.1,70.0,0,0,0,0,0,0,0,0,0,1,1,0,0,0,0
1492,223.0,558.0,484.0,10,1305.0,2.7,483.0,1,0,0,0,0,0,0,1,0,1,1,0,1,0,0
347,671.0,9.0,48.0,43,560.0,31.1,18.0,0,0,1,0,0,0,0,0,0,1,1,0,0,1,0
4936,2298.0,27.0,827.0,-413,2658.0,7.8,341.0,0,0,0,0,0,0,0,0,0,0,1,0,0,1,0
712,330.0,4.0,51.0,-400,759.0,20.5,37.0,0,0,0,0,0,0,0,1,0,0,1,0,0,1,0
372,2127.0,121.0,175.0,141,1991.0,14.3,139.0,0,0,1,0,0,0,0,0,0,0,1,0,0,1,0
878,1867.0,11.0,382.0,37,1797.0,3.8,479.0,0,0,0,1,0,0,0,1,0,0,1,0,0,0,0
7174,2306.0,381.0,637.0,-659,1669.0,2.7,627.0,0,0,0,1,0,0,1,0,0,0,0,0,1,0,0
4764,520.0,0.0,316.0,833,2250.0,62.5,36.0,0,0,0,1,0,0,0,0,1,0,0,0,0,1,0
2756,7665.0,0.0,1146.0,50,1297.0,2.2,598.0,0,1,0,0,0,0,0,0,1,1,0,0,1,0,0
301,2630.0,1.0,855.0,-218,1391.0,2.4,571.0,0,0,0,1,0,0,0,0,0,0,1,0,1,0,0
2457,79.0,0.0,78.0,715,438.0,5.3,83.0,0,0,0,0,0,0,1,0,0,1,0,0,0,1,0
8072,142.0,13.0,18.0,-63,35.0,2.2,16.0,0,0,0,0,0,0,0,1,0,0,1,0,1,0,0
6276,172.0,0.0,19.0,-73,26.0,3.2,8.0,0,0,1,0,0,0,0,1,0,0,1,0,0,0,0
1666,244.0,1.0,255.0,1053,1560.0,14.3,109.0,0,0,0,0,1,0,0,0,1,0,0,0,0,1,0
496,2516.0,17.0,470.0,311,2812.0,5.3,533.0,0,0,1,0,0,0,0,0,0,0,1,0,0,1,0
4556,912.0,79.0,304.0,-286,1463.0,4.3,337.0,0,0,0,1,0,0,0,0,1,0,0,0,0,0,0
2764,1523.0,3.0,379.0,-15,2233.0,32.4,69.0,0,0,0,0,0,0,0,0,1,0,0,0,0,1,0
4394,1472.0,1300.0,196.0,-82,1088.0,45.3,24.0,0,1,0,0,0,0,0,1,0,0,1,0,0,1,0
2184,1513.0,19.0,1160.0,123,1945.0,2.7,711.0,0,0,0,0,1,0,0,1,0,1,1,0,1,0,0
462,450.0,0.0,38.0,128,56.0,6.2,9.0,0,0,0,1,0,0,0,0,0,0,1,0,0,1,0
5681,77.0,81.0,40.0,-162,218.0,24.2,9.0,1,0,0,0,0,0,0,1,0,0,1,0,0,1,0
2931,895.0,50.0,302.0,-107,1040.0,10.1,103.0,0,0,1,0,0,0,0,0,0,0,1,0,0,1,0
8475,2283.0,44.0,411.0,-472,3743.0,10.0,374.0,0,0,0,0,0,0,0,1,0,0,1,0,0,1,0
3461,540.0,5.0,287.0,391,481.0,1.2,416.0,0,0,0,0,0,0,0,1,0,0,1,0,1,0,0
1312,602.0,1328.0,392.0,150,1255.0,4.4,284.0,1,0,0,0,0,0,1,0,0,1,0,0,0,0,0
3200,2876.0,484.0,574.0,-668,2116.0,3.5,599.0,1,0,0,0,0,0,1,0,0,0,0,0,0,0,0
7861,1460.0,681.0,248.0,835,676.0,1.3,505.0,0,0,0,0,0,0,1,0,0,0,0,0,1,0,0
573,4.0,0.0,28.0,-212,5.0,2.5,2.0,0,0,0,0,0,0,1,0,0,0,0,0,1,0,0
2445,1412.0,0.0,312.0,-534,365.0,2.7,134.0,0,0,0,0,1,0,0,0,0,0,1,0,1,0,0
5915,4113.0,410.0,1077.0,710,3933.0,5.0,788.0,0,0,0,0,0,0,0,0,1,0,0,0,0,0,0
2598,254.0,1798.0,134.0,-352,2347.0,22.8,103.0,0,0,0,1,0,0,0,0,1,0,0,0,0,1,0
4292,1477.0,163.0,591.0,454,2337.0,15.1,155.0,0,0,0,1,0,0,0,0,1,1,0,0,0,1,0
569,710.0,0.0,179.0,371,1672.0,19.9,84.0,0,1,0,0,0,0,0,0,0,0,1,0,0,1,0
3582,1233.0,31.0,418.0,19,832.0,4.7,177.0,0,0,1,0,0,0,0,0,0,1,1,0,0,0,0
6968,2685.0,108.0,1051.0,-405,1878.0,1.1,1681.0,1,0,0,0,0,0,0,0,1,1,0,0,1,0,0
6615,256.0,174.0,549.0,-73,388.0,1.4,273.0,1,0,0,0,0,0,0,1,0,0,1,0,1,0,0
4605,1537.0,351.0,452.0,-325,1626.0,3.1,530.0,0,0,0,0,0,0,1,0,0,0,0,0,0,0,0
8487,534.0,0.0,295.0,-161,997.0,2.8,356.0,0,0,0,0,0,0,0,0,1,1,0,0,1,0,0
1251,245.0,178.0,168.0,-803,952.0,6.4,149.0,0,0,0,0,0,0,0,1,0,0,1,0,0,1,0
2171,154.0,667.0,44.0,151,350.0,25.0,14.0,0,1,0,0,0,0,0,1,0,0,1,0,0,1,0
2716,5.0,1.0,3.0,-3,18.0,9.0,2.0,0,1,0,0,0,0,0,0,1,1,0,0,0,1,0
2659,165.0,550.0,102.0,645,229.0,2.9,79.0,0,0,0,1,0,0,0,1,0,0,1,0,1,0,0
7983,1422.0,77.0,277.0,419,857.0,14.0,61.0,0,0,0,0,1,0,0,0,0,1,1,0,0,1,0
292,1453.0,21.0,150.0,108,369.0,3.3,111.0,0,0,1,0,0,0,0,1,0,0,1,0,0,0,0
6804,216.0,1256.0,361.0,102,964.0,4.1,235.0,0,0,0,1,0,0,1,0,0,0,0,0,0,0,0
3767,2113.0,1.0,504.0,511,1454.0,3.6,406.0,0,0,0,0,0,0,0,0,0,0,1,0,0,0,0
5987,5359.0,566.0,1743.0,-461,4823.0,4.3,1113.0,0,0,1,0,0,0,0,1,0,0,1,0,0,0,0
1270,1379.0,48.0,41.0,186,831.0,25.2,33.0,0,0,0,1,0,0,0,1,0,1,1,0,0,1,0
4999,453.0,34.0,128.0,473,1392.0,13.4,104.0,0,0,0,0,0,0,0,0,1,0,0,0,0,1,0
4248,364.0,0.0,59.0,96,49.0,1.0,49.0,1,0,0,0,0,0,0,0,1,1,0,1,0,0,0
7557,268.0,6.0,26.0,-368,788.0,157.6,5.0,0,0,0,0,0,0,0,1,0,0,1,0,0,1,0
3007,34.0,1.0,24.0,-257,44.0,14.7,3.0,0,0,0,0,0,0,1,0,0,1,0,0,0,1,0
4935,10.0,0.0,108.0,153,24.0,0.2,127.0,0,0,0,0,1,0,1,0,0,1,0,1,0,0,0
3762,521.0,64.0,9.0,156,436.0,218.0,2.0,0,0,0,0,1,0,0,0,1,0,0,0,0,1,0
1988,1300.0,86.0,574.0,120,2332.0,4.8,483.0,0,0,0,1,0,0,0,0,1,0,0,0,0,0,0
813,726.0,1.0,57.0,438,644.0,8.6,75.0,1,0,0,0,0,0,1,0,0,0,0,0,0,1,0
582,2930.0,2.0,668.0,439,1294.0,8.3,155.0,1,0,0,0,0,0,0,0,1,0,0,0,0,1,0
311,24.0,0.0,6.0,-413,19.0,19.0,1.0,0,0,0,0,0,1,1,0,0,0,0,0,0,1,0
5139,3652.0,773.0,312.0,-135,1462.0,5.7,257.0,1,0,0,0,0,0,0,0,1,0,0,0,0,1,0
1340,40.0,1.0,22.0,-57,6.0,0.1,54.0,0,0,1,0,0,0,0,0,0,0,1,1,0,0,0
2695,708.0,636.0,339.0,342,1698.0,6.6,259.0,0,0,0,1,0,0,0,1,0,1,1,0,0,1,0
514,513.0,99.0,32.0,-609,79.0,1.1,70.0,1,0,0,0,0,0,0,0,0,0,1,0,1,0,0
3715,137.0,5.0,24.0,-1091,76.0,0.5,155.0,0,0,0,0,0,0,0,0,0,1,1,1,0,0,0
5563,205.0,29.0,124.0,8,484.0,5.3,92.0,1,0,0,0,0,0,0,1,0,1,1,0,0,1,0
2875,315.0,184.0,303.0,110,242.0,0.8,291.0,1,0,0,0,0,0,0,0,0,0,1,1,0,0,0
7673,218.0,0.0,26.0,153,121.0,8.6,14.0,0,0,0,0,0,0,0,1,0,0,1,0,0,1,0
3911,238.0,0.0,26.0,102,161.0,20.1,8.0,0,0,0,0,1,0,1,0,0,0,0,0,0,1,0
5388,185.0,1.0,248.0,-144,178.0,1.2,152.0,1,0,0,0,0,0,0,0,1,0,0,0,1,0,0
398,855.0,26.0,99.0,135,173.0,1.8,94.0,0,0,0,0,0,0,0,0,1,1,0,0,1,0,0
2773,6284.0,1083.0,1316.0,197,8120.0,19.2,424.0,0,0,0,0,0,0,0,1,0,1,1,0,0,1,0
5473,289.0,41.0,80.0,-331,425.0,7.6,56.0,0,0,0,0,1,0,0,0,1,0,0,0,0,1,0
4182,719.0,394.0,403.0,405,1384.0,10.6,131.0,0,1,0,0,0,0,0,0,1,0,0,0,0,1,0
6125,407.0,903.0,258.0,589,1854.0,13.8,134.0,1,0,0,0,0,0,0,1,0,0,1,0,0,1,0
4720,128.0,16.0,95.0,214,39.0,0.3,112.0,0,0,0,0,0,0,0,0,0,0,1,1,0,0,0
2954,38.0,149.0,154.0,-349,32.0,0.3,124.0,1,0,0,0,0,0,0,0,0,0,1,1,0,0,0
6239,1330.0,61.0,864.0,711,1740.0,5.5,314.0,0,0,0,0,0,0,0,1,0,1,1,0,0,1,0
1922,5611.0,33.0,1334.0,-40,6208.0,5.4,1151.0,0,0,0,1,0,1,1,0,0,0,0,0,0,1,0
4165,533.0,39.0,576.0,219,898.0,1.0,861.0,0,0,0,0,0,0,1,0,0,1,0,1,0,0,0
3049,3611.0,137.0,786.0,56,1016.0,1.3,792.0,1,0,0,0,0,0,1,0,0,1,0,0,1,0,0
7267,1843.0,0.0,440.0,71,729.0,1.8,416.0,0,0,0,1,0,0,0,0,0,0,1,0,1,0,0
1107,2035.0,5.0,249.0,-39,2001.0,22.5,89.0,0,0,0,1,0,0,0,0,1,0,0,0,0,1,0
2160,104.0,0.0,29.0,-692,27.0,5.4,5.0,0,0,0,0,1,0,0,1,0,0,1,0,0,1,0
3610,1883.0,115.0,404.0,-79,5899.0,26.7,221.0,1,0,0,0,0,0,0,0,1,1,0,0,0,1,0
5877,812.0,106.0,40.0,-872,1086.0,108.6,10.0,1,0,0,0,0,0,1,0,0,0,0,0,0,1,0
5105,1790.0,10.0,158.0,459,642.0,6.1,106.0,0,0,0,1,0,0,0,0,1,0,0,0,0,1,0
1878,859.0,5.0,233.0,395,1205.0,66.9,18.0,0,0,0,0,0,0,0,0,1,0,0,0,0,1,0
4089,2235.0,3.0,195.0,209,2263.0,11.8,191.0,0,0,0,0,1,0,0,0,0,0,1,0,0,1,0
2473,12.0,2.0,2.0,84,14.0,14.0,1.0,0,0,0,0,0,0,0,0,1,1,0,0,0,1,0
4436,6034.0,294.0,1739.0,-601,3871.0,1.7,2217.0,0,0,0,0,1,0,0,0,0,1,1,0,1,0,0
8362,1489.0,252.0,172.0,-205,542.0,22.6,24.0,0,0,0,1,0,0,0,0,1,0,0,0,0,1,0
4934,649.0,73.0,90.0,682,856.0,27.6,31.0,0,0,0,0,0,0,0,0,0,1,1,0,0,1,0
1235,117.0,12.0,93.0,756,412.0,8.1,51.0,0,0,0,0,0,0,0,0,1,1,0,0,0,1,0
7808,6.0,0.0,3.0,-484,11.0,1.1,10.0,1,0,0,0,0,0,0,0,1,1,0,0,1,0,0
921,217.0,15.0,40.0,-541,92.0,46.0,2.0,1,0,0,0,0,0,0,0,0,0,1,0,0,1,0
20,432.0,0.0,98.0,-407,153.0,1.7,92.0,0,0,0,0,1,0,1,0,0,1,0,0,1,0,0
3885,1229.0,614.0,604.0,-550,2224.0,8.1,273.0,0,0,0,0,0,0,1,0,0,0,0,0,0,1,0
3438,92.0,110.0,64.0,-567,149.0,2.2,67.0,1,0,0,0,0,0,0,0,1,0,0,0,1,0,0
2953,181.0,1.0,32.0,-230,302.0,151.0,2.0,1,0,0,0,0,0,0,1,0,0,1,0,0,1,0
4722,539.0,0.0,110.0,-474,610.0,43.6,14.0,1,0,0,0,0,0,0,1,0,0,1,0,0,1,0
5672,73.0,249.0,53.0,542,196.0,5.2,38.0,0,1,0,0,0,0,0,0,1,0,0,0,0,1,0
2074,1132.0,0.0,363.0,444,2030.0,5.7,358.0,0,0,0,0,0,0,0,0,1,0,0,0,0,1,0
4174,1229.0,0.0,139.0,-119,1693.0,13.4,126.0,1,0,0,0,0,0,0,1,0,1,1,0,0,1,0
8699,1915.0,4.0,390.0,-165,472.0,2.1,230.0,0,0,0,0,0,0,0,0,1,1,0,0,1,0,0
5645,937.0,1.0,65.0,-56,423.0,9.2,46.0,1,0,0,0,0,0,0,1,0,1,1,0,0,1,0
1346,1076.0,205.0,372.0,-69,1751.0,5.4,322.0,0,0,0,1,0,0,0,0,1,0,0,0,0,1,0
490,148.0,26.0,52.0,66,770.0,45.3,17.0,0,0,1,0,0,0,0,0,0,1,1,0,0,1,0
1862,63.0,459.0,53.0,-114,136.0,4.7,29.0,1,0,0,0,0,0,0,1,0,0,1,0,0,0,0
7065,373.0,1.0,211.0,-309,112.0,2.1,53.0,0,0,0,1,0,0,0,1,0,0,1,0,1,0,0
4652,152.0,0.0,36.0,-52,40.0,1.3,31.0,0,0,0,0,0,0,0,1,0,0,1,0,1,0,0
8471,67.0,3.0,95.0,-404,65.0,1.9,34.0,0,0,0,0,0,0,1,0,0,0,0,0,1,0,0
2217,157.0,0.0,92.0,532,71.0,2.4,29.0,0,0,0,0,1,0,0,0,0,1,1,0,1,0,0
4555,2250.0,3.0,434.0,-60,1322.0,10.2,129.0,0,0,1,0,0,0,1,0,0,0,0,0,0,1,0
588,1472.0,0.0,186.0,961,535.0,21.4,25.0,1,0,0,0,0,0,0,0,0,0,1,0,0,1,0
5368,8.0,116.0,42.0,-582,42.0,6.0,7.0,0,0,0,1,0,0,0,0,1,1,0,0,0,1,0
8379,3713.0,67.0,983.0,235,6671.0,3.8,1756.0,0,0,0,0,0,0,0,1,0,0,1,0,0,0,0
2742,3935.0,1.0,792.0,455,5484.0,10.6,516.0,0,0,0,0,1,0,0,0,0,0,1,0,0,1,0
1187,3100.0,326.0,241.0,124,1255.0,8.8,143.0,0,0,0,0,0,1,0,1,0,1,1,0,0,1,0
5030,3082.0,137.0,257.0,166,3165.0,13.1,242.0,0,0,0,0,0,0,0,1,0,0,1,0,0,1,0
4211,265.0,8.0,102.0,327,110.0,1.3,82.0,0,0,0,0,1,0,1,0,0,0,0,0,1,0,0
2811,231.0,144.0,84.0,-86,722.0,17.6,41.0,1,0,0,0,0,1,0,0,1,1,0,0,0,1,0
1721,2250.0,75.0,161.0,-1165,1963.0,17.7,111.0,1,0,0,0,0,1,0,0,1,0,0,0,0,1,0
1491,8.0,214.0,31.0,99,746.0,53.3,14.0,0,0,0,1,0,0,0,0,0,0,1,0,0,1,0
4504,704.0,43.0,448.0,174,581.0,6.8,85.0,1,0,0,0,0,0,1,0,0,0,0,0,0,1,0
3813,3597.0,436.0,1323.0,-399,4039.0,2.2,1823.0,0,0,0,1,0,0,0,1,0,0,1,0,1,0,0
6177,11.0,13.0,5.0,79,156.0,78.0,2.0,0,0,0,0,0,0,0,1,0,0,1,0,0,1,0
5941,234.0,81.0,485.0,128,810.0,4.7,171.0,1,0,0,0,0,0,0,1,0,0,1,0,0,0,0
7781,781.0,1.0,280.0,-164,892.0,3.6,248.0,0,0,0,0,0,0,0,0,0,1,1,0,0,0,0
5848,499.0,5.0,87.0,-84,439.0,7.0,63.0,0,0,0,1,0,0,0,0,1,0,0,0,0,1,0
1656,237.0,55.0,219.0,551,774.0,9.0,86.0,0,0,0,1,0,0,0,0,1,1,0,0,0,1,0
4129,184.0,214.0,21.0,-474,724.0,80.4,9.0,0,0,0,0,1,0,0,0,0,1,1,0,0,1,0
2710,80.0,238.0,130.0,-502,580.0,20.0,29.0,1,0,0,0,0,0,0,1,0,0,1,0,0,1,0
2431,52.0,0.0,56.0,1184,589.0,6.5,91.0,0,0,0,0,0,0,0,0,0,0,1,0,0,1,0
7037,763.0,530.0,700.0,117,5362.0,9.0,594.0,0,0,0,0,1,0,0,1,0,1,1,0,0,1,0
1545,2875.0,384.0,277.0,82,2148.0,5.7,375.0,0,0,0,0,0,0,0,0,1,1,0,0,0,1,0
5886,1841.0,0.0,957.0,466,1409.0,3.1,452.0,1,0,0,0,0,0,0,0,1,1,0,0,0,0,0
3444,413.0,270.0,56.0,-219,698.0,4.3,164.0,0,0,0,0,0,0,0,0,1,0,0,0,0,0,0
4216,81.0,43.0,12.0,234,116.0,8.9,13.0,0,0,0,0,0,0,0,0,1,0,0,0,0,1,0
7426,234.0,0.0,189.0,300,551.0,6.0,92.0,1,0,0,0,0,0,0,0,1,0,0,0,0,1,0
8330,4050.0,91.0,927.0,395,1865.0,3.8,488.0,0,0,0,1,0,1,0,1,0,0,1,0,0,0,0
2269,193.0,0.0,26.0,272,23.0,23.0,1.0,0,0,0,0,0,0,0,1,0,0,1,0,0,1,0
2197,615.0,15.0,478.0,-352,1544.0,5.4,285.0,0,0,0,1,0,0,0,1,0,0,1,0,0,1,0
1479,921.0,0.0,146.0,-48,605.0,50.4,12.0,0,0,0,0,0,1,0,1,0,0,1,0,0,1,0
7657,84.0,5.0,59.0,59,22.0,0.6,38.0,0,0,0,1,0,0,0,0,0,0,1,1,0,0,0
691,2.0,83.0,1.0,-644,6.0,6.0,1.0,0,0,0,1,0,0,0,0,0,0,1,0,0,1,0
5033,760.0,270.0,267.0,232,538.0,9.1,59.0,0,0,0,0,0,0,0,1,0,0,1,0,0,1,0
8256,666.0,1.0,36.0,857,386.0,3.3,116.0,0,0,0,0,1,1,0,0,0,0,1,0,0,0,0
5399,1366.0,0.0,130.0,-345,819.0,29.2,28.0,1,0,0,0,0,0,0,0,1,0,0,0,0,1,0
2518,59.0,2.0,115.0,619,416.0,9.7,43.0,1,0,0,0,0,0,0,0,1,0,0,0,0,1,0
6014,666.0,195.0,240.0,118,425.0,1.7,252.0,0,0,0,1,0,0,1,0,0,1,0,0,1,0,0
772,8484.0,662.0,1376.0,-468,7667.0,8.8,867.0,0,1,0,0,0,0,0,1,0,0,1,0,0,1,0
853,1583.0,3.0,725.0,-479,496.0,0.9,552.0,0,0,1,0,0,0,0,0,0,1,1,1,0,0,0
4593,1329.0,2404.0,919.0,46,4634.0,5.2,887.0,0,0,0,0,0,0,0,0,1,0,0,0,0,1,0
2936,2056.0,3.0,179.0,-797,143.0,0.8,185.0,0,0,0,0,1,0,1,0,0,0,0,1,0,0,0
469,242.0,4.0,7.0,-572,17.0,2.4,7.0,0,0,0,1,0,0,0,1,0,1,1,0,1,0,0
3602,136.0,16.0,10.0,105,430.0,17.2,25.0,0,0,0,0,0,0,0,1,0,0,1,0,0,1,0
2517,1772.0,8.0,194.0,115,1287.0,11.9,108.0,0,0,0,0,0,0,0,1,0,0,1,0,0,1,0
3174,29.0,1.0,22.0,-771,312.0,104.0,3.0,0,0,0,1,0,1,0,1,0,0,1,0,0,1,0
2427,4877.0,333.0,1448.0,-95,3654.0,4.2,864.0,0,0,0,1,0,0,0,0,0,1,1,0,0,0,0
6525,1508.0,290.0,138.0,-849,2126.0,24.4,87.0,0,1,0,0,0,0,1,0,0,1,0,0,0,1,0
4000,1202.0,403.0,130.0,821,660.0,5.4,123.0,0,0,0,1,0,0,1,0,0,1,0,0,0,1,0
2990,1383.0,0.0,127.0,82,485.0,3.5,138.0,0,0,1,0,0,0,1,0,0,1,0,0,0,0,0
1575,1993.0,18.0,513.0,170,1083.0,1.7,637.0,0,0,0,0,0,0,0,0,0,1,1,0,1,0,0
5565,352.0,362.0,106.0,127,346.0,8.2,42.0,0,1,0,0,0,0,0,0,1,1,0,0,0,1,0
6835,201.0,5.0,36.0,-283,418.0,83.6,5.0,0,1,0,0,0,0,0,1,0,1,1,0,0,1,0
8029,723.0,208.0,170.0,197,1355.0,6.0,224.0,0,0,0,0,1,0,0,1,0,0,1,0,0,1,0
7747,5520.0,391.0,1820.0,326,5456.0,2.4,2231.0,1,0,0,0,0,0,1,0,0,0,0,0,1,0,0
3425,1324.0,1.0,76.0,305,1218.0,93.7,13.0,1,0,0,0,0,1,0,1,0,0,1,0,0,1,0
7269,2462.0,2692.0,307.0,-36,4504.0,91.9,49.0,0,0,0,1,0,0,0,0,1,0,0,0,0,1,0
1413,40.0,224.0,53.0,366,88.0,9.8,9.0,0,1,0,0,0,1,0,0,0,0,1,0,0,1,0
446,110.0,0.0,62.0,162,332.0,9.5,35.0,1,0,0,0,0,0,1,0,0,0,0,0,0,1,0
6484,1291.0,441.0,520.0,267,1514.0,11.4,133.0,0,0,0,0,1,0,0,1,0,0,1,0,0,1,0
5837,626.0,0.0,603.0,-81,180.0,0.4,452.0,0,0,0,0,0,0,1,0,0,0,0,1,0,0,0
5258,383.0,0.0,55.0,129,121.0,10.1,12.0,1,0,0,0,0,0,1,0,0,0,0,0,0,1,0
8618,670.0,0.0,25.0,-598,146.0,24.3,6.0,1,0,0,0,0,0,0,0,0,1,1,0,0,1,0
1258,4.0,0.0,20.0,222,2.0,0.3,7.0,1,0,0,0,0,0,0,1,0,0,1,1,0,0,0
2224,61.0,1.0,36.0,-67,34.0,3.1,11.0,0,0,0,0,0,0,0,1,0,0,1,0,0,0,0
619,2793.0,17.0,295.0,94,1624.0,4.9,331.0,0,1,0,0,0,0,0,0,0,0,1,0,0,0,0
4740,1767.0,1.0,196.0,-227,250.0,8.6,29.0,0,0,0,1,0,0,1,0,0,1,0,0,0,1,0
3194,690.0,1073.0,154.0,257,1606.0,5.0,321.0,1,0,0,0,0,0,0,1,0,0,1,0,0,0,0
2480,50.0,5.0,15.0,-482,521.0,173.7,3.0,0,0,0,0,1,0,1,0,0,0,0,0,0,1,0
3869,224.0,0.0,91.0,333,10.0,0.4,26.0,0,0,0,0,0,0,0,0,0,0,1,1,0,0,0
8739,869.0,0.0,146.0,-368,515.0,2.7,189.0,0,1,0,0,0,0,0,1,0,1,1,0,1,0,0
3947,4841.0,9.0,1045.0,348,1442.0,1.0,1377.0,0,0,1,0,0,0,0,0,0,0,1,1,0,0,0
6486,559.0,0.0,271.0,407,110.0,1.0,110.0,0,0,0,0,0,0,0,0,0,0,1,1,0,0,0
8760,711.0,29.0,272.0,690,786.0,2.1,382.0,0,0,0,0,0,0,1,0,0,0,0,0,1,0,0
4104,1432.0,19.0,619.0,336,712.0,3.2,223.0,0,0,0,0,0,0,1,0,0,0,0,0,0,0,0
1439,455.0,0.0,180.0,-1019,116.0,0.7,172.0,0,1,0,0,0,0,1,0,0,1,0,1,0,0,0
7583,996.0,200.0,150.0,-33,1532.0,9.6,159.0,0,0,0,1,0,0,0,0,0,1,1,0,0,1,0
6791,1324.0,1076.0,128.0,180,2522.0,60.0,42.0,0,0,1,0,0,0,0,0,0,1,1,0,0,1,0
890,2743.0,0.0,116.0,48,1088.0,12.4,88.0,0,0,0,0,1,0,0,1,0,0,1,0,0,1,0
3718,1252.0,0.0,31.0,-27,189.0,3.6,53.0,0,0,0,1,0,0,1,0,0,0,0,0,0,0,0
6311,287.0,0.0,77.0,278,444.0,15.9,28.0,0,0,0,1,0,0,0,0,1,0,0,0,0,1,0
6515,816.0,1.0,335.0,480,524.0,6.0,88.0,0,0,0,0,1,0,0,0,0,0,1,0,0,1,0
3470,799.0,129.0,144.0,-418,1200.0,7.9,151.0,0,1,0,0,0,1,0,0,1,0,0,0,0,1,0
6478,244.0,0.0,59.0,-628,343.0,28.6,12.0,0,0,0,0,0,0,0,0,0,0,1,0,0,1,0
1186,489.0,1.0,158.0,-548,676.0,11.7,58.0,0,0,0,0,0,0,0,0,0,0,1,0,0,1,0
7039,8295.0,4249.0,2560.0,-95,11182.0,7.8,1442.0,0,0,0,0,0,0,0,0,1,1,0,0,0,1,0
1232,2432.0,2810.0,515.0,233,2394.0,6.1,391.0,0,0,0,0,0,0,0,1,0,0,1,0,0,1,0
7600,679.0,1.0,56.0,-542,1331.0,83.2,16.0,0,0,0,0,0,0,0,0,1,0,0,0,0,1,0
4391,1261.0,22.0,239.0,-596,2337.0,30.0,78.0,0,0,0,1,0,0,1,0,0,0,0,0,0,1,0
8495,1240.0,0.0,163.0,-604,1218.0,3.3,372.0,1,0,0,0,0,0,0,0,0,0,1,0,0,0,0
733,4395.0,46.0,263.0,-1290,578.0,4.6,125.0,0,0,0,0,0,0,0,0,0,0,1,0,0,0,0
7353,2.0,193.0,54.0,180,96.0,4.2,23.0,0,0,0,0,0,0,0,0,1,0,0,0,0,0,0
1610,463.0,0.0,1.0,118,53.0,26.5,2.0,0,0,0,0,1,0,1,0,0,0,0,0,0,1,0
1480,1442.0,0.0,289.0,124,134.0,1.2,108.0,0,0,0,0,0,0,0,0,1,0,0,0,1,0,0
2664,1247.0,0.0,30.0,-43,243.0,5.9,41.0,0,0,0,0,1,0,0,0,0,0,1,0,0,1,0
4142,93.0,0.0,59.0,181,361.0,40.1,9.0,0,0,0,0,1,0,1,0,0,1,0,0,0,1,0
5608,884.0,119.0,135.0,-190,3884.0,388.4,10.0,0,0,0,0,0,0,1,0,0,0,0,0,0,1,0
1436,3405.0,555.0,1094.0,499,2081.0,2.5,844.0,1,0,0,0,0,0,0,0,1,1,0,0,1,0,0
5697,2644.0,263.0,323.0,-415,3358.0,13.3,252.0,1,0,0,0,0,0,0,0,1,0,0,0,0,1,0
7918,472.0,79.0,26.0,49,1092.0,121.3,9.0,1,0,0,0,0,0,0,1,0,1,1,0,0,1,0
1262,229.0,0.0,69.0,383,59.0,6.6,9.0,0,0,0,0,0,0,0,0,1,0,0,0,0,1,0
2502,813.0,1.0,297.0,187,205.0,2.0,103.0,0,0,0,0,0,0,0,0,0,0,1,0,1,0,0
66,1848.0,1023.0,966.0,-617,4438.0,5.1,869.0,1,0,0,0,0,0,0,1,0,0,1,0,0,1,0
7981,1077.0,0.0,319.0,385,576.0,4.5,129.0,1,0,0,0,0,0,1,0,0,0,0,0,0,0,0
6087,76.0,0.0,15.0,-10,352.0,88.0,4.0,0,0,0,0,0,0,0,1,0,1,1,0,0,1,0
1441,85.0,0.0,96.0,-61,242.0,9.3,26.0,0,0,0,0,0,0,0,1,0,0,1,0,0,1,0
6322,1620.0,1941.0,856.0,149,5199.0,9.5,549.0,0,0,0,0,0,0,0,1,0,0,1,0,0,1,0
6942,1730.0,428.0,514.0,195,707.0,0.9,749.0,0,1,0,0,0,0,0,0,1,0,0,1,0,0,0
5090,77.0,0.0,98.0,349,4.0,0.0,102.0,0,0,0,0,0,0,0,0,0,0,1,0,0,0,1
6084,726.0,182.0,450.0,-335,1008.0,3.7,270.0,0,0,1,0,0,0,0,0,1,0,0,0,0,0,0
5617,544.0,68.0,407.0,577,1035.0,13.1,79.0,0,0,0,0,1,0,0,0,0,0,1,0,0,1,0
3494,154.0,7.0,87.0,-500,3.0,0.2,12.0,0,0,0,0,1,0,0,1,0,0,1,1,0,0,0
3895,41.0,31.0,12.0,54,257.0,2.0,126.0,0,0,0,0,1,0,0,0,1,0,0,0,1,0,0
4122,1222.0,10.0,182.0,342,1949.0,10.5,185.0,0,0,0,0,1,1,0,1,0,0,1,0,0,1,0
1311,108.0,11.0,29.0,230,329.0,47.0,7.0,0,1,0,0,0,0,0,0,0,0,1,0,0,1,0
3638,568.0,25.0,127.0,24,913.0,4.7,195.0,0,0,0,0,1,1,0,0,1,0,0,0,0,0,0
5545,1017.0,701.0,639.0,76,1632.0,2.8,580.0,0,0,0,0,0,0,0,0,0,0,1,0,1,0,0
268,930.0,24.0,180.0,105,982.0,14.2,69.0,0,1,0,0,0,0,0,1,0,0,1,0,0,1,0
1680,960.0,14.0,226.0,-156,328.0,4.5,73.0,0,0,0,0,1,0,0,0,1,0,0,0,0,0,0
3719,833.0,33.0,329.0,-352,609.0,13.0,47.0,0,0,0,0,0,0,0,0,0,0,1,0,0,1,0
5352,6945.0,85.0,555.0,386,5913.0,24.2,244.0,0,0,0,0,1,0,1,0,0,0,0,0,0,1,0
5070,872.0,589.0,467.0,804,3697.0,6.0,615.0,0,0,0,1,0,1,1,0,0,0,0,0,0,1,0
6674,67.0,0.0,55.0,-182,8.0,0.8,10.0,0,0,0,1,0,0,1,0,0,1,0,1,0,0,0
7658,1555.0,0.0,248.0,314,1634.0,5.1,318.0,0,0,0,0,1,0,0,1,0,1,1,0,0,1,0
8212,1485.0,140.0,152.0,-122,1027.0,22.3,46.0,0,0,0,0,0,0,0,0,1,1,0,0,0,1,0
5307,3927.0,91.0,567.0,283,3354.0,5.1,652.0,0,0,0,1,0,0,0,0,1,1,0,0,0,1,0
8568,227.0,3.0,169.0,826,1495.0,11.4,131.0,0,0,0,1,0,0,0,0,1,0,0,0,0,1,0
3860,4207.0,184.0,325.0,649,3896.0,28.4,137.0,0,0,0,1,0,0,1,0,0,0,0,0,0,1,0
7897,709.0,9.0,202.0,-405,953.0,3.9,245.0,0,0,1,0,0,0,0,0,0,0,1,0,0,0,0
5464,1069.0,0.0,83.0,-514,195.0,1.3,148.0,0,0,0,0,1,0,0,0,1,0,0,0,1,0,0
3357,8.0,63.0,2.0,-324,275.0,275.0,1.0,0,1,0,0,0,0,0,1,0,0,1,0,0,1,0
7025,110.0,1.0,88.0,320,662.0,15.8,42.0,0,0,0,0,0,0,0,1,0,1,1,0,0,1,0
4024,1165.0,21.0,269.0,650,574.0,6.8,84.0,1,0,0,0,0,0,0,0,0,0,1,0,0,1,0
507,1497.0,0.0,280.0,144,504.0,2.6,192.0,0,0,0,0,0,0,0,0,1,0,0,0,1,0,0
2327,2088.0,709.0,874.0,628,3339.0,5.1,650.0,0,1,0,0,0,0,0,0,0,1,1,0,0,1,0
5724,72.0,74.0,29.0,-491,76.0,7.6,10.0,0,0,0,0,0,0,0,0,1,0,0,0,0,1,0
3519,0.0,191.0,15.0,-364,5.0,0.5,11.0,1,0,0,0,0,0,0,0,0,1,1,1,0,0,0
4664,302.0,25.0,461.0,-225,168.0,0.6,259.0,1,0,0,0,0,0,0,1,0,0,1,1,0,0,0
4446,3116.0,19.0,403.0,-81,2204.0,15.0,147.0,0,0,0,0,0,0,0,0,0,0,1,0,0,1,0
6889,5.0,2085.0,50.0,805,280.0,8.5,33.0,0,0,0,1,0,0,1,0,0,1,0,0,0,1,0
4832,109.0,111.0,188.0,-785,1284.0,5.3,243.0,1,0,0,0,0,0,1,0,0,0,0,0,0,1,0
6162,1640.0,0.0,230.0,-245,838.0,2.9,294.0,1,0,0,0,0,0,0,1,0,0,1,0,1,0,0
3157,1089.0,22.0,528.0,178,1457.0,2.7,539.0,0,0,0,0,0,0,0,0,1,0,0,0,1,0,0
7495,584.0,86.0,70.0,-31,656.0,2.3,280.0,1,0,0,0,0,0,1,0,0,0,0,0,1,0,0
479,23.0,205.0,48.0,-129,23.0,3.3,7.0,0,0,0,1,0,0,1,0,0,0,0,0,0,0,0
7367,54.0,152.0,135.0,254,1664.0,17.9,93.0,0,0,0,0,1,0,0,1,0,0,1,0,0,1,0
6937,687.0,0.0,43.0,-379,641.0,128.2,5.0,0,0,0,0,0,0,0,0,1,0,0,0,0,1,0
8093,4275.0,4.0,635.0,-173,1622.0,6.6,247.0,0,1,0,0,0,0,0,0,1,0,0,0,0,1,0
8004,2219.0,6.0,729.0,212,1474.0,2.1,698.0,0,0,0,0,0,0,1,0,0,0,0,0,1,0,0
8563,301.0,114.0,461.0,-104,596.0,2.8,214.0,1,0,0,0,0,0,0,0,1,0,0,0,1,0,0
1839,87.0,37.0,368.0,309,271.0,1.1,236.0,0,0,1,0,0,0,0,0,0,0,1,0,1,0,0
4180,50.0,0.0,15.0,461,162.0,54.0,3.0,1,0,0,0,0,0,0,0,0,0,1,0,0,1,0
3608,5987.0,54.0,700.0,-71,4347.0,6.4,683.0,0,0,0,0,1,0,1,0,0,1,0,0,0,1,0
3966,730.0,158.0,88.0,286,373.0,12.9,29.0,0,0,0,0,1,0,0,0,0,0,1,0,0,1,0
3119,1161.0,78.0,566.0,339,2118.0,1.8,1156.0,1,0,0,0,0,0,0,0,0,1,1,0,1,0,0
2350,219.0,0.0,14.0,206,4.0,4.0,1.0,0,0,0,0,0,0,1,0,0,0,0,0,0,0,0
5803,142.0,1.0,115.0,14,254.0,1.1,226.0,0,1,0,0,0,0,0,1,0,1,1,0,1,0,0
6860,558.0,0.0,93.0,-216,336.0,7.1,47.0,0,0,0,0,0,0,0,1,0,0,1,0,0,1,0
4105,492.0,0.0,152.0,-246,206.0,2.4,86.0,0,1,0,0,0,0,0,0,0,0,1,0,1,0,0
8460,2121.0,0.0,137.0,-482,1015.0,20.7,49.0,0,0,0,0,0,0,1,0,0,0,0,0,0,1,0
2287,1581.0,502.0,479.0,476,2408.0,9.1,266.0,1,0,0,0,0,0,0,1,0,0,1,0,0,1,0
6697,1236.0,19.0,595.0,516,398.0,0.9,456.0,1,0,0,0,0,1,0,0,1,0,0,1,0,0,0
7156,230.0,0.0,75.0,-662,300.0,6.2,48.0,1,0,0,0,0,0,1,0,0,1,0,0,0,1,0
6756,471.0,18.0,185.0,198,984.0,26.6,37.0,0,0,0,0,1,0,0,1,0,0,1,0,0,1,0
3509,352.0,51.0,97.0,-486,117.0,2.9,40.0,0,0,0,0,0,0,0,0,1,1,0,0,1,0,0
6229,605.0,1.0,179.0,-49,1098.0,6.9,160.0,1,0,0,0,0,1,0,1,0,0,1,0,0,1,0
2069,599.0,73.0,73.0,-881,453.0,3.5,129.0,0,0,0,0,1,0,1,0,0,0,0,0,0,0,0
8596,491.0,106.0,209.0,-309,391.0,2.2,174.0,0,0,0,0,0,0,1,0,0,1,0,0,1,0,0
1241,26.0,66.0,10.0,18,187.0,187.0,1.0,0,0,0,0,1,0,0,0,0,1,1,0,0,1,0
1466,67.0,931.0,102.0,-438,345.0,5.8,60.0,0,0,0,0,1,0,1,0,0,0,0,0,0,1,0
8139,548.0,453.0,427.0,310,1096.0,2.6,427.0,0,0,0,0,0,0,0,1,0,0,1,0,1,0,0
7038,56.0,32.0,27.0,124,176.0,176.0,1.0,0,1,0,0,0,0,0,1,0,1,1,0,0,1,0
8540,1161.0,26.0,138.0,-7,3168.0,38.6,82.0,0,0,0,0,0,0,1,0,0,0,0,0,0,1,0
7008,674.0,51.0,35.0,-481,908.0,19.3,47.0,0,0,0,1,0,0,0,0,0,0,1,0,0,1,0
7506,89.0,0.0,4.0,479,189.0,189.0,1.0,0,0,0,0,0,0,0,1,0,0,1,0,0,1,0
4482,93.0,6.0,251.0,-209,616.0,5.2,119.0,0,0,0,0,1,0,0,0,1,1,0,0,0,1,0
8244,2476.0,46.0,979.0,755,3773.0,4.9,771.0,0,0,0,0,0,0,0,0,1,1,0,0,0,0,0
8368,169.0,61.0,13.0,-432,98.0,32.7,3.0,0,0,0,0,0,0,0,0,1,0,0,0,0,1,0
1573,1462.0,7.0,602.0,-57,1432.0,3.4,421.0,0,0,0,0,0,0,0,0,1,1,0,0,0,0,0
2848,294.0,0.0,69.0,-27,36.0,0.5,67.0,0,0,0,0,0,0,0,0,1,0,0,1,0,0,0
2215,2303.0,1747.0,487.0,-242,1954.0,13.0,150.0,0,0,0,1,0,0,0,1,0,1,1,0,0,1,0
1558,73.0,563.0,41.0,13,337.0,37.4,9.0,0,0,0,0,0,0,0,0,0,1,1,0,0,1,0
5976,498.0,165.0,313.0,197,1316.0,4.4,296.0,0,0,0,0,0,1,0,0,0,0,1,0,0,0,0
2262,26.0,21.0,53.0,149,103.0,0.6,163.0,0,0,0,1,0,0,1,0,0,0,0,1,0,0,0
1624,19.0,663.0,92.0,-495,1094.0,42.1,26.0,0,0,0,0,1,0,0,0,0,0,1,0,0,1,0
228,1088.0,204.0,298.0,196,489.0,2.9,170.0,0,0,0,1,0,0,0,0,1,1,0,0,1,0,0
5173,1035.0,9.0,63.0,703,537.0,1.8,301.0,0,0,0,0,0,1,0,0,1,1,0,0,1,0,0
5579,38.0,980.0,42.0,70,697.0,6.9,101.0,1,0,0,0,0,0,1,0,0,0,0,0,0,1,0
6184,1478.0,370.0,299.0,410,2696.0,10.3,263.0,1,0,0,0,0,0,0,1,0,1,1,0,0,1,0
7444,0.0,6.0,11.0,407,2.0,0.7,3.0,0,0,0,1,0,0,0,0,0,0,1,1,0,0,0
8756,1958.0,310.0,522.0,188,1965.0,3.6,542.0,0,0,0,0,0,0,0,1,0,0,1,0,0,0,0
6452,238.0,10.0,233.0,-315,188.0,1.8,105.0,0,0,0,0,0,0,0,0,1,0,0,0,1,0,0
7939,233.0,388.0,231.0,36,880.0,40.0,22.0,0,0,0,0,0,0,1,0,0,0,0,0,0,1,0
2999,590.0,0.0,73.0,633,340.0,3.0,112.0,0,0,0,0,1,0,0,0,1,1,0,0,0,0,0
8195,708.0,3415.0,844.0,963,1918.0,2.1,925.0,0,0,0,1,0,1,1,0,0,0,0,0,1,0,0
7392,1738.0,30.0,309.0,739,2661.0,4.9,544.0,1,0,0,0,0,0,1,0,0,1,0,0,0,0,0
3510,653.0,0.0,167.0,263,411.0,6.2,66.0,0,1,0,0,0,0,0,1,0,0,1,0,0,1,0
1316,87.0,29.0,155.0,-586,70.0,0.5,146.0,0,0,0,1,0,0,0,0,0,0,1,1,0,0,0
787,2226.0,0.0,355.0,553,1684.0,14.8,114.0,0,0,0,0,0,0,1,0,0,1,0,0,0,1,0
7972,58.0,317.0,24.0,-545,415.0,21.8,19.0,0,0,0,0,0,0,1,0,0,1,0,0,0,1,0
2627,2051.0,281.0,1315.0,-706,1778.0,1.2,1437.0,0,0,1,0,0,0,0,1,0,0,1,0,1,0,0
4289,699.0,0.0,138.0,-798,51.0,1.3,39.0,0,0,0,1,0,0,1,0,0,1,0,0,1,0,0
339,519.0,0.0,111.0,603,560.0,7.9,71.0,0,0,0,1,0,0,0,0,1,1,0,0,0,1,0
6274,652.0,92.0,619.0,51,988.0,2.2,440.0,0,0,0,0,1,0,1,0,0,0,0,0,1,0,0
3729,61.0,298.0,76.0,59,97.0,2.9,33.0,1,0,0,0,0,0,1,0,0,0,0,0,1,0,0
5978,1020.0,1.0,194.0,618,565.0,5.8,98.0,1,0,0,0,0,1,0,0,0,1,1,0,0,1,0
6282,1038.0,0.0,424.0,-373,408.0,2.1,196.0,0,0,0,0,0,0,0,0,1,0,0,0,1,0,0
6214,49.0,681.0,23.0,-189,70.0,2.0,35.0,1,0,0,0,0,1,0,1,0,0,1,0,1,0,0
4388,41.0,0.0,25.0,527,5.0,2.5,2.0,0,1,0,0,0,0,0,1,0,0,1,0,1,0,0
677,54.0,1789.0,82.0,774,302.0,10.8,28.0,0,1,0,0,0,1,0,1,0,0,1,0,0,1,0
6807,576.0,2.0,203.0,374,770.0,4.7,165.0,0,0,0,0,0,0,0,0,0,0,1,0,0,0,0
5099,1779.0,598.0,1047.0,551,1393.0,2.1,667.0,0,0,0,0,0,0,0,0,0,1,1,0,1,0,0
3421,617.0,26.0,24.0,-314,799.0,114.1,7.0,0,0,0,0,1,0,0,1,0,0,1,0,0,1,0
5279,2.0,12.0,33.0,-546,49.0,24.5,2.0,0,0,0,1,0,0,1,0,0,1,0,0,0,1,0
3218,1319.0,1.0,102.0,-419,900.0,4.9,182.0,0,0,0,1,0,0,1,0,0,0,0,0,0,0,0
5993,411.0,8.0,49.0,17,988.0,141.1,7.0,0,0,0,1,0,0,1,0,0,0,0,0,0,1,0
444,81.0,0.0,96.0,287,34.0,0.2,218.0,0,0,0,0,0,0,1,0,0,1,0,1,0,0,0
3044,849.0,349.0,570.0,263,3400.0,6.7,509.0,0,0,0,0,0,0,0,0,1,1,0,0,0,1,0
1275,198.0,28.0,99.0,340,632.0,21.1,30.0,0,0,0,0,0,0,0,1,0,1,1,0,0,1,0
817,151.0,5.0,5.0,-166,391.0,6.5,60.0,1,0,0,0,0,1,0,1,0,0,1,0,0,1,0
751,1011.0,34.0,70.0,-463,623.0,69.2,9.0,1,0,0,0,0,0,0,1,0,1,1,0,0,1,0
6623,271.0,546.0,185.0,-617,386.0,4.3,90.0,1,0,0,0,0,0,0,0,0,0,1,0,0,0,0
7986,6622.0,0.0,569.0,-611,1791.0,3.3,548.0,0,0,1,0,0,0,0,0,1,1,0,0,0,0,0
2232,2909.0,573.0,696.0,183,3318.0,5.9,558.0,0,0,0,0,1,1,0,1,0,0,1,0,0,1,0
6609,138.0,783.0,613.0,300,651.0,6.1,107.0,0,0,0,0,1,0,1,0,0,0,0,0,0,1,0
5709,489.0,0.0,19.0,-387,14.0,0.5,26.0,0,1,0,0,0,0,1,0,0,0,0,1,0,0,0
3625,253.0,0.0,44.0,708,268.0,17.9,15.0,0,0,0,1,0,0,1,0,0,0,0,0,0,1,0
1835,380.0,9.0,93.0,-253,2051.0,28.1,73.0,0,0,0,0,0,1,0,0,1,0,0,0,0,1,0
6915,730.0,20.0,190.0,-390,1241.0,44.3,28.0,0,0,0,1,0,0,0,0,1,0,0,0,0,1,0
8267,131.0,133.0,58.0,490,281.0,31.2,9.0,1,0,0,0,0,0,0,0,0,0,1,0,0,1,0
4317,723.0,0.0,71.0,-198,825.0,825.0,1.0,1,0,0,0,0,0,0,0,1,1,0,0,0,1,0
3103,3285.0,64.0,348.0,-314,854.0,3.6,234.0,0,0,0,0,0,0,0,0,1,0,0,0,0,0,0
8748,1752.0,211.0,755.0,102,1631.0,4.0,408.0,0,0,0,0,1,0,0,0,1,0,0,0,0,0,0
5896,149.0,247.0,221.0,1281,385.0,4.6,84.0,0,0,0,1,0,0,0,0,1,0,0,0,0,0,0
7800,543.0,444.0,809.0,-304,1642.0,2.4,693.0,1,0,0,0,0,0,1,0,0,0,0,0,1,0,0
252,890.0,2950.0,397.0,32,1569.0,6.3,248.0,0,1,0,0,0,0,1,0,0,0,0,0,0,1,0
1561,318.0,470.0,129.0,-542,821.0,7.7,106.0,0,1,0,0,0,0,1,0,0,1,0,0,0,1,0
4644,778.0,17.0,49.0,753,676.0,56.3,12.0,1,0,0,0,0,0,0,1,0,1,1,0,0,1,0
3502,8.0,80.0,5.0,-326,75.0,75.0,1.0,0,0,0,0,0,0,1,0,0,0,0,0,0,1,0
5315,3820.0,2.0,787.0,-285,4907.0,8.0,617.0,1,0,0,0,0,0,1,0,0,1,0,0,0,1,0
3530,3222.0,137.0,569.0,-53,3173.0,9.0,354.0,0,0,1,0,0,0,1,0,0,0,0,0,0,1,0
8375,1882.0,1303.0,258.0,158,1691.0,19.2,88.0,0,0,0,0,0,0,0,0,1,0,0,0,0,1,0
7035,1615.0,0.0,367.0,-280,933.0,3.8,246.0,0,0,0,1,0,1,0,0,1,0,0,0,0,0,0
6415,6.0,1.0,24.0,584,40.0,2.1,19.0,0,0,0,0,1,0,0,0,0,1,1,0,1,0,0
2070,2977.0,393.0,206.0,-700,3257.0,41.2,79.0,0,0,1,0,0,1,0,0,1,1,0,0,0,1,0
823,1223.0,1668.0,259.0,1001,2200.0,13.5,163.0,0,0,0,1,0,0,0,1,0,1,1,0,0,1,0
7735,17.0,0.0,34.0,-370,2.0,0.1,37.0,0,0,0,0,0,0,1,0,0,1,0,1,0,0,0
3775,1939.0,1.0,218.0,104,1589.0,11.8,135.0,1,0,0,0,0,0,0,0,1,0,0,0,0,1,0
8657,271.0,1.0,4.0,348,66.0,66.0,1.0,0,0,0,0,0,0,1,0,0,1,0,0,0,1,0
6511,2088.0,0.0,328.0,-185,235.0,0.8,290.0,0,0,0,0,1,0,0,1,0,1,1,1,0,0,0
583,1494.0,163.0,656.0,-226,535.0,1.1,505.0,0,0,0,1,0,0,0,0,1,0,0,0,1,0,0
5450,2235.0,441.0,173.0,642,2780.0,38.1,73.0,1,0,0,0,0,0,0,0,0,1,1,0,0,1,0
100,1280.0,3619.0,241.0,321,956.0,3.8,250.0,0,0,0,1,0,0,0,0,0,0,1,0,0,0,0
3288,3309.0,71.0,1038.0,728,2583.0,8.3,313.0,0,0,0,1,0,0,1,0,0,1,0,0,0,1,0
1083,44.0,60.0,21.0,475,591.0,65.7,9.0,1,0,0,0,0,0,0,0,0,0,1,0,0,1,0
8276,927.0,65.0,212.0,164,796.0,2.3,353.0,0,0,0,1,0,0,0,0,1,1,0,0,1,0,0
7093,370.0,14.0,126.0,-390,1429.0,26.0,55.0,0,0,0,0,1,0,0,0,0,1,1,0,0,1,0
2535,6877.0,594.0,2308.0,743,6125.0,2.2,2790.0,0,0,0,1,0,0,0,0,0,1,1,0,1,0,0
2555,1083.0,0.0,171.0,-41,133.0,0.3,504.0,0,0,0,1,0,0,0,0,0,0,1,1,0,0,0
3287,42.0,115.0,62.0,328,141.0,14.1,10.0,0,0,0,0,0,0,0,0,0,1,1,0,0,1,0
4674,1095.0,13.0,439.0,26,1496.0,4.5,332.0,0,0,0,1,0,0,1,0,0,1,0,0,0,0,0
477,108.0,0.0,12.0,78,43.0,3.9,11.0,0,1,0,0,0,0,0,1,0,1,1,0,0,0,0
4468,27.0,6.0,16.0,-75,36.0,4.5,8.0,0,0,0,1,0,0,0,0,0,0,1,0,0,0,0
328,2100.0,13.0,661.0,69,1716.0,1.6,1107.0,0,0,0,0,1,0,0,1,0,0,1,0,1,0,0
7764,3879.0,56.0,726.0,414,2627.0,4.0,654.0,0,0,0,1,0,1,1,0,0,0,0,0,0,0,0
1681,1178.0,0.0,393.0,-424,2330.0,27.7,84.0,0,0,0,1,0,0,0,0,0,0,1,0,0,1,0
3926,2479.0,11.0,113.0,53,3192.0,35.5,90.0,0,0,0,0,1,0,0,0,1,1,0,0,0,1,0
1765,1087.0,1.0,162.0,-1012,141.0,0.8,168.0,0,0,0,0,1,0,0,0,1,1,0,1,0,0,0
5759,1509.0,2.0,285.0,1009,2248.0,9.8,229.0,0,0,0,0,1,0,0,0,1,1,0,0,0,1,0
6544,2.0,0.0,15.0,572,50.0,16.7,3.0,1,0,0,0,0,1,0,1,0,1,1,0,0,1,0
8012,482.0,1.0,132.0,110,466.0,1.3,364.0,0,0,0,0,0,0,0,1,0,0,1,0,1,0,0
8444,65.0,709.0,52.0,-19,19.0,1.0,20.0,0,0,0,1,0,0,0,1,0,0,1,1,0,0,0
6353,1158.0,0.0,94.0,170,809.0,16.5,49.0,1,0,0,0,0,0,1,0,0,1,0,0,0,1,0
2009,502.0,35.0,523.0,371,910.0,2.2,409.0,0,0,0,0,1,0,0,0,1,0,0,0,1,0,0
7846,397.0,18.0,136.0,443,330.0,2.5,134.0,0,0,0,0,0,1,0,1,0,1,1,0,1,0,0
4319,1221.0,448.0,284.0,-26,1902.0,10.5,182.0,0,0,0,0,1,0,1,0,0,0,0,0,0,1,0
2694,729.0,212.0,406.0,-334,631.0,5.8,109.0,0,0,1,0,0,1,1,0,0,1,0,0,0,1,0
1215,1705.0,2.0,281.0,-19,2184.0,15.2,144.0,0,0,0,1,0,0,1,0,0,0,0,0,0,1,0
4476,265.0,2.0,70.0,152,242.0,48.4,5.0,0,0,0,0,0,0,0,1,0,1,1,0,0,1,0
4066,24.0,116.0,77.0,2,355.0,13.1,27.0,0,0,0,0,0,0,0,0,0,0,1,0,0,1,0
6124,475.0,0.0,140.0,-11,157.0,2.2,70.0,0,0,0,0,0,0,0,0,1,0,0,0,1,0,0
5533,1107.0,71.0,245.0,106,591.0,4.0,149.0,0,1,0,0,0,0,0,1,0,0,1,0,0,0,0
5710,681.0,1.0,206.0,407,227.0,3.2,70.0,0,0,0,0,1,0,1,0,0,0,0,0,0,0,0
7674,157.0,26.0,45.0,405,43.0,1.2,36.0,0,0,0,1,0,0,1,0,0,1,0,0,1,0,0
1645,422.0,295.0,198.0,213,701.0,10.8,65.0,0,0,0,0,0,0,0,0,0,1,1,0,0,1,0
6172,3564.0,11.0,1103.0,-165,3088.0,2.1,1465.0,0,0,0,1,0,0,0,0,0,0,1,0,1,0,0
2734,452.0,407.0,66.0,-591,2542.0,16.6,153.0,0,0,0,0,0,0,1,0,0,1,0,0,0,1,0
4866,2815.0,849.0,1250.0,-121,3648.0,3.1,1165.0,0,1,0,0,0,0,0,0,1,0,0,0,0,0,0
124,26.0,0.0,8.0,-182,87.0,43.5,2.0,0,0,0,0,0,0,1,0,0,1,0,0,0,1,0
4828,46.0,3.0,89.0,-446,115.0,8.2,14.0,0,0,0,0,0,0,0,0,0,1,1,0,0,1,0
8614,871.0,159.0,365.0,541,879.0,9.7,91.0,0,0,0,0,0,0,1,0,0,0,0,0,0,1,0
4927,1814.0,1.0,254.0,-223,447.0,3.0,151.0,0,0,0,0,0,0,0,0,1,1,0,0,0,0,0
8696,1917.0,2169.0,754.0,392,3415.0,3.5,976.0,0,0,1,0,0,0,1,0,0,0,0,0,0,0,0
5004,7435.0,158.0,208.0,944,8224.0,117.5,70.0,0,0,0,0,1,0,1,0,0,0,0,0,0,1,0
4098,5.0,0.0,83.0,765,4.0,0.3,12.0,1,0,0,0,0,0,0,1,0,0,1,1,0,0,0
5366,2474.0,842.0,457.0,24,3753.0,8.0,468.0,0,0,0,0,0,0,0,1,0,0,1,0,0,1,0
8282,786.0,10.0,193.0,-687,598.0,3.5,172.0,1,0,0,0,0,0,1,0,0,0,0,0,0,0,0
1598,1339.0,0.0,123.0,-221,585.0,12.7,46.0,0,0,0,0,0,0,1,0,0,0,0,0,0,1,0
2076,1406.0,153.0,291.0,-323,1314.0,4.1,318.0,1,0,0,0,0,0,1,0,0,0,0,0,0,0,0
1100,345.0,140.0,2.0,-886,182.0,45.5,4.0,0,1,0,0,0,0,0,0,1,1,0,0,0,1,0
3801,218.0,24.0,44.0,50,731.0,12.4,59.0,0,0,0,0,1,0,0,0,1,0,0,0,0,1,0
5980,20.0,1.0,21.0,323,13.0,2.6,5.0,0,0,0,1,0,0,1,0,0,0,0,0,1,0,0
6182,1589.0,4.0,448.0,-456,790.0,2.0,402.0,0,0,1,0,0,0,0,0,1,0,0,0,1,0,0
2969,1743.0,258.0,101.0,-739,1988.0,51.0,39.0,0,0,0,1,0,0,0,1,0,0,1,0,0,1,0
577,596.0,220.0,617.0,265,2242.0,5.4,413.0,1,0,0,0,0,0,1,0,0,0,0,0,0,1,0
669,378.0,0.0,191.0,221,477.0,7.5,64.0,1,0,0,0,0,0,0,0,1,0,0,0,0,1,0
6560,2429.0,183.0,470.0,-53,2735.0,7.6,360.0,0,0,0,0,1,0,0,0,0,0,1,0,0,1,0
1033,1954.0,0.0,158.0,-350,768.0,20.2,38.0,0,0,0,1,0,0,0,0,1,0,0,0,0,1,0
1214,123.0,5.0,131.0,-254,356.0,12.7,28.0,0,0,0,0,1,0,0,1,0,1,1,0,0,1,0
4103,1194.0,291.0,324.0,-966,2211.0,18.3,121.0,0,1,0,0,0,1,1,0,0,0,0,0,0,1,0
1044,28.0,1584.0,280.0,-409,56.0,0.4,131.0,0,0,0,1,0,0,0,0,1,0,0,1,0,0,0
2331,1009.0,739.0,183.0,-742,206.0,1.7,121.0,0,0,0,0,0,0,0,0,1,1,0,0,1,0,0
7193,255.0,48.0,114.0,-849,339.0,3.5,98.0,0,0,0,0,0,0,0,0,0,0,1,0,0,0,0
2685,1551.0,1.0,696.0,-206,2184.0,7.3,300.0,0,1,0,0,0,0,1,0,0,0,0,0,0,1,0
5359,178.0,122.0,38.0,258,170.0,2.6,65.0,0,0,0,0,1,0,0,1,0,1,1,0,1,0,0
7431,1836.0,0.0,262.0,272,617.0,5.4,115.0,0,0,0,0,0,1,0,0,0,0,1,0,0,1,0
1522,394.0,886.0,125.0,338,1312.0,6.8,194.0,1,0,0,0,0,0,1,0,0,0,0,0,0,1,0
6499,2809.0,27.0,1035.0,-116,1004.0,0.5,1863.0,0,0,0,0,0,1,0,0,1,0,0,1,0,0,0
6070,6.0,30.0,32.0,583,10.0,2.5,4.0,0,0,0,0,0,0,1,0,0,0,0,0,1,0,0
6954,5005.0,1668.0,2098.0,-6,5203.0,1.7,3110.0,1,0,0,0,0,0,0,0,0,0,1,0,1,0,0
1391,487.0,10.0,294.0,539,776.0,10.2,76.0,0,0,0,0,0,0,0,0,0,0,1,0,0,1,0
5278,499.0,9.0,172.0,72,208.0,1.4,151.0,1,0,0,0,0,0,1,0,0,1,0,0,1,0,0
6340,3720.0,35.0,676.0,274,1825.0,4.7,386.0,0,0,0,0,1,0,0,0,1,0,0,0,0,0,0
981,970.0,0.0,390.0,-125,243.0,0.7,335.0,0,0,0,0,1,0,0,0,0,0,1,1,0,0,0
812,2768.0,1505.0,1631.0,-600,3198.0,2.7,1169.0,0,0,0,1,0,0,0,1,0,1,1,0,1,0,0
3474,466.0,17.0,308.0,162,1375.0,2.6,526.0,0,0,0,0,1,0,0,0,0,0,1,0,1,0,0
7556,338.0,0.0,49.0,-405,299.0,4.0,75.0,0,0,0,0,0,0,0,0,1,1,0,0,0,0,0
5981,1089.0,11.0,234.0,-198,3242.0,21.5,151.0,1,0,0,0,0,0,0,0,1,0,0,0,0,1,0
2652,288.0,0.0,253.0,345,223.0,1.3,170.0,1,0,0,0,0,0,1,0,0,0,0,0,1,0,0
1229,279.0,482.0,166.0,-45,636.0,18.7,34.0,1,0,0,0,0,0,0,0,0,0,1,0,0,1,0
7862,3685.0,56.0,219.0,-345,2000.0,5.8,346.0,0,0,0,1,0,0,0,0,1,0,0,0,0,1,0
8577,1126.0,0.0,342.0,-48,2134.0,3.1,678.0,0,0,0,0,1,0,0,1,0,0,1,0,0,0,0
3226,43.0,80.0,347.0,488,878.0,8.7,101.0,0,0,0,1,0,0,0,0,0,1,1,0,0,1,0
213,502.0,119.0,35.0,149,1452.0,9.7,149.0,0,0,0,1,0,0,0,0,1,0,0,0,0,1,0
2721,891.0,5.0,620.0,572,382.0,0.7,573.0,0,1,0,0,0,0,1,0,0,0,0,1,0,0,0
4571,1564.0,125.0,260.0,-221,1730.0,3.7,464.0,1,0,0,0,0,0,0,1,0,0,1,0,0,0,0
3743,781.0,100.0,172.0,-762,428.0,18.6,23.0,1,0,0,0,0,0,0,0,0,0,1,0,0,1,0
2857,1750.0,0.0,175.0,-59,299.0,3.0,100.0,0,0,0,1,0,0,0,0,0,0,1,0,0,0,0
7503,70.0,2.0,91.0,40,198.0,14.1,14.0,0,0,0,1,0,0,0,0,0,0,1,0,0,1,0
6492,149.0,443.0,279.0,58,481.0,4.3,113.0,0,0,0,1,0,0,0,0,0,0,1,0,0,0,0
5998,1377.0,203.0,536.0,402,2020.0,21.5,94.0,1,0,0,0,0,1,0,0,1,0,0,0,0,1,0
1036,777.0,2208.0,352.0,437,3015.0,16.3,185.0,0,0,0,1,0,0,0,0,1,1,0,0,0,1,0
8707,976.0,12.0,598.0,-88,1562.0,5.0,314.0,0,0,0,0,1,0,0,1,0,0,1,0,0,0,0
8014,1133.0,1.0,379.0,125,974.0,13.7,71.0,0,0,0,0,0,0,0,1,0,0,1,0,0,1,0
1473,178.0,353.0,105.0,115,421.0,7.4,57.0,0,0,0,0,0,0,0,0,0,1,1,0,0,1,0
451,3442.0,0.0,887.0,355,2082.0,3.3,640.0,0,0,0,0,0,0,0,1,0,0,1,0,0,0,0
8476,644.0,66.0,18.0,17,781.0,781.0,1.0,0,0,0,0,1,0,0,1,0,0,1,0,0,1,0
1020,10.0,3.0,17.0,1124,256.0,64.0,4.0,0,0,0,0,0,0,0,0,0,0,1,0,0,1,0
841,5078.0,116.0,585.0,219,3054.0,4.2,724.0,1,0,0,0,0,0,0,0,0,1,1,0,0,0,0
5575,1583.0,363.0,414.0,-176,1643.0,5.3,309.0,0,0,1,0,0,0,0,1,0,0,1,0,0,1,0
6948,562.0,135.0,380.0,-387,290.0,0.7,411.0,0,0,0,0,0,0,0,1,0,1,1,1,0,0,0
7930,132.0,0.0,16.0,496,127.0,31.8,4.0,0,0,0,0,0,0,1,0,0,0,0,0,0,1,0
680,272.0,80.0,78.0,-677,630.0,14.3,44.0,0,0,0,0,1,0,0,0,1,0,0,0,0,1,0
1373,5321.0,447.0,509.0,-317,4388.0,7.5,585.0,0,1,0,0,0,0,0,0,0,0,1,0,0,1,0
6078,1641.0,32.0,811.0,-499,1129.0,2.8,405.0,1,0,0,0,0,0,0,0,0,0,1,0,1,0,0
657,955.0,1042.0,346.0,263,1877.0,4.0,467.0,0,0,0,0,0,0,0,0,0,0,1,0,0,0,0
2561,1086.0,209.0,120.0,-768,1952.0,33.1,59.0,0,0,0,1,0,0,1,0,0,0,0,0,0,1,0
2411,3476.0,42.0,710.0,-129,4404.0,12.9,342.0,0,0,0,0,1,0,0,1,0,0,1,0,0,1,0
255,2176.0,6.0,199.0,-1051,549.0,6.9,79.0,0,1,0,0,0,0,0,0,0,1,1,0,0,1,0
8045,1046.0,343.0,577.0,-160,777.0,2.8,273.0,0,1,0,0,0,0,1,0,0,0,0,0,1,0,0
6270,2578.0,2.0,481.0,272,2025.0,2.5,815.0,0,1,0,0,0,1,0,0,1,0,0,0,1,0,0
7479,249.0,21.0,467.0,212,1200.0,2.3,518.0,0,0,0,0,0,0,1,0,0,0,0,0,1,0,0
5884,601.0,0.0,116.0,332,89.0,1.4,63.0,0,0,1,0,0,0,1,0,0,0,0,0,1,0,0
4001,1366.0,1339.0,605.0,-81,2649.0,2.6,1013.0,0,0,0,1,0,0,0,0,0,0,1,0,1,0,0
2905,601.0,63.0,248.0,336,1344.0,6.1,222.0,0,0,0,1,0,0,0,1,0,1,1,0,0,1,0
8702,733.0,112.0,111.0,-728,1086.0,8.3,131.0,0,0,0,0,0,0,0,1,0,0,1,0,0,1,0
4084,22.0,177.0,180.0,653,59.0,0.3,200.0,0,0,0,0,0,1,0,1,0,0,1,1,0,0,0
3485,184.0,1.0,146.0,114,297.0,2.0,147.0,0,0,0,0,0,0,0,1,0,1,1,0,1,0,0
4539,58.0,725.0,98.0,-161,161.0,4.4,37.0,1,0,0,0,0,0,1,0,0,0,0,0,0,0,0
263,4894.0,1882.0,982.0,-219,4500.0,5.7,783.0,0,0,0,1,0,0,0,0,0,1,1,0,0,1,0
1150,488.0,0.0,28.0,126,101.0,10.1,10.0,0,0,0,0,0,0,1,0,0,0,0,0,0,1,0
1189,28.0,27.0,15.0,-737,44.0,7.3,6.0,0,0,0,0,1,0,0,0,0,0,1,0,0,1,0
6680,6.0,448.0,87.0,7,591.0,8.6,69.0,0,1,0,0,0,0,0,0,1,1,0,0,0,1,0
1808,2404.0,138.0,199.0,-280,2743.0,13.1,209.0,0,1,0,0,0,1,0,0,0,0,1,0,0,1,0
3585,1940.0,52.0,232.0,-249,1383.0,16.7,83.0,1,0,0,0,0,0,0,1,0,0,1,0,0,1,0
5809,7977.0,271.0,385.0,54,2815.0,9.9,285.0,0,0,0,1,0,0,0,1,0,0,1,0,0,1,0
3166,521.0,45.0,519.0,690,2057.0,8.9,231.0,0,1,0,0,0,0,0,1,0,0,1,0,0,1,0
2714,10831.0,8.0,1212.0,10,8070.0,14.6,553.0,0,0,0,0,0,0,0,0,1,0,0,0,0,1,0
6771,837.0,337.0,252.0,550,937.0,2.0,465.0,0,0,0,1,0,0,0,0,0,0,1,0,1,0,0
2917,288.0,0.0,12.0,-3,49.0,9.8,5.0,0,0,0,0,0,0,0,0,1,0,0,0,0,1,0
8037,2966.0,44.0,308.0,232,3491.0,15.2,229.0,0,0,0,0,0,0,0,0,0,0,1,0,0,1,0
7873,11.0,9.0,99.0,-532,334.0,10.1,33.0,0,0,0,0,0,0,0,0,1,0,0,0,0,1,0
4373,1379.0,6.0,964.0,293,1578.0,1.4,1159.0,0,0,0,0,1,0,0,0,1,0,0,0,1,0,0
1823,845.0,180.0,72.0,-644,1681.0,14.0,120.0,0,0,1,0,0,0,0,0,1,1,0,0,0,1,0
2767,10.0,109.0,27.0,209,845.0,13.0,65.0,0,0,0,1,0,0,0,1,0,0,1,0,0,1,0
4943,92.0,2.0,10.0,-236,5.0,2.5,2.0,0,0,0,0,0,0,1,0,0,1,0,0,1,0,0
2096,1778.0,415.0,1094.0,402,3372.0,4.7,710.0,0,0,0,0,0,0,0,1,0,1,1,0,0,0,0
516,934.0,1.0,206.0,84,845.0,4.1,204.0,0,0,0,1,0,0,1,0,0,0,0,0,0,0,0
750,144.0,93.0,115.0,252,44.0,8.8,5.0,1,0,0,0,0,0,1,0,0,0,0,0,0,1,0
3698,494.0,8.0,64.0,271,616.0,10.3,60.0,0,0,0,1,0,0,1,0,0,1,0,0,0,1,0
6321,765.0,103.0,234.0,-287,1755.0,12.3,143.0,1,0,0,0,0,0,0,1,0,0,1,0,0,1,0
1757,885.0,45.0,293.0,132,812.0,2.9,284.0,0,0,0,0,0,0,0,0,1,0,0,0,1,0,0
5799,600.0,1.0,92.0,-480,420.0,6.6,64.0,0,0,1,0,0,0,0,1,0,0,1,0,0,1,0
3384,3883.0,173.0,1305.0,805,1772.0,2.8,629.0,0,0,0,1,0,0,0,0,0,0,1,0,1,0,0
1155,1353.0,0.0,565.0,-307,436.0,0.5,856.0,0,0,0,0,0,0,1,0,0,0,0,1,0,0,0
4422,137.0,3.0,78.0,677,45.0,0.2,181.0,0,0,0,1,0,0,0,0,0,0,1,1,0,0,0
2147,112.0,77.0,65.0,-656,363.0,51.9,7.0,0,0,0,0,0,1,0,0,1,1,0,0,0,1,0
8166,3452.0,0.0,413.0,-542,958.0,2.4,406.0,0,0,0,1,0,0,0,1,0,1,1,0,1,0,0
1953,751.0,24.0,261.0,29,772.0,3.3,235.0,0,1,0,0,0,0,0,0,1,0,0,0,0,0,0
8357,1096.0,986.0,368.0,-423,2865.0,20.8,138.0,0,0,0,0,0,0,1,0,0,1,0,0,0,1,0
6664,1546.0,1.0,252.0,384,511.0,25.6,20.0,0,0,0,0,1,0,0,0,0,0,1,0,0,1,0
5680,554.0,61.0,910.0,399,2611.0,1.9,1385.0,0,0,0,0,1,0,0,1,0,1,1,0,1,0,0
3181,286.0,0.0,26.0,77,159.0,53.0,3.0,1,0,0,0,0,0,0,0,0,0,1,0,0,1,0
4294,318.0,0.0,430.0,-767,1037.0,3.8,273.0,0,0,0,0,0,0,0,1,0,0,1,0,0,0,0
8083,176.0,0.0,128.0,142,67.0,0.4,158.0,0,0,1,0,0,0,0,1,0,1,1,1,0,0,0
5588,1131.0,17.0,90.0,232,452.0,32.3,14.0,1,0,0,0,0,1,0,0,1,0,0,0,0,1,0
5804,1284.0,42.0,286.0,448,1788.0,2.5,708.0,0,0,0,0,0,0,1,0,0,1,0,0,1,0,0
1926,230.0,309.0,315.0,-82,536.0,7.4,72.0,0,0,0,1,0,0,0,0,1,0,0,0,0,1,0
523,4176.0,0.0,204.0,132,1951.0,10.8,180.0,0,0,0,0,0,0,0,0,1,1,0,0,0,1,0
3415,4834.0,0.0,817.0,329,4225.0,6.1,687.0,0,0,0,0,1,0,0,0,1,0,0,0,0,1,0
6941,967.0,4.0,280.0,325,680.0,9.7,70.0,0,1,0,0,0,1,0,0,0,0,1,0,0,1,0
4686,535.0,4.0,259.0,289,985.0,2.1,479.0,1,0,0,0,0,0,0,0,0,1,1,0,1,0,0
6582,383.0,250.0,355.0,-122,1492.0,14.6,102.0,0,1,0,0,0,0,0,0,1,1,0,0,0,1,0
2611,1242.0,22.0,169.0,-479,652.0,5.1,127.0,1,0,0,0,0,0,0,0,0,1,1,0,0,1,0
8515,108.0,21.0,158.0,469,559.0,1.9,293.0,0,0,0,0,1,0,1,0,0,0,0,0,1,0,0
6831,1781.0,1.0,277.0,-286,1678.0,21.8,77.0,0,0,0,0,0,0,0,0,1,0,0,0,0,1,0
8374,1349.0,14.0,156.0,-31,663.0,4.2,159.0,0,1,0,0,0,0,0,0,1,1,0,0,0,0,0
1053,897.0,8.0,469.0,524,835.0,1.6,518.0,0,0,0,0,1,0,0,0,0,1,1,0,1,0,0
7139,1589.0,192.0,461.0,272,1361.0,41.2,33.0,1,0,0,0,0,0,1,0,0,0,0,0,0,1,0
8369,5068.0,600.0,1803.0,-525,5863.0,3.7,1592.0,0,0,0,0,1,0,0,0,1,0,0,0,0,0,0
5780,5684.0,28.0,1437.0,-699,3338.0,2.3,1460.0,0,0,0,0,0,0,0,0,1,1,0,0,1,0,0
8047,2594.0,5.0,1088.0,-398,1716.0,1.6,1086.0,1,0,0,0,0,0,0,0,0,0,1,0,1,0,0
7535,374.0,0.0,182.0,-13,87.0,0.3,250.0,0,0,0,0,1,0,0,0,0,0,1,1,0,0,0
7491,0.0,6.0,6.0,-586,3.0,1.5,2.0,0,0,0,0,0,0,0,0,1,0,0,0,1,0,0
2801,1849.0,0.0,1004.0,-588,792.0,0.8,983.0,0,1,0,0,0,0,0,0,1,0,0,1,0,0,0
8030,439.0,110.0,333.0,586,337.0,0.5,721.0,0,0,0,0,0,0,0,1,0,0,1,1,0,0,0
4376,1072.0,1.0,383.0,697,324.0,1.3,245.0,0,0,0,1,0,0,1,0,0,0,0,0,1,0,0
8514,292.0,53.0,129.0,67,1432.0,22.4,64.0,0,0,0,1,0,0,0,0,0,1,1,0,0,1,0
256,2678.0,0.0,1190.0,203,849.0,0.5,1693.0,0,0,0,0,0,1,1,0,0,0,0,1,0,0,0
8226,113.0,407.0,82.0,-174,186.0,2.7,69.0,0,0,0,1,0,0,0,0,1,1,0,0,1,0,0
4994,101.0,742.0,54.0,803,794.0,88.2,9.0,1,0,0,0,0,0,0,0,1,0,0,0,0,1,0
7019,3334.0,0.0,287.0,194,2272.0,6.0,378.0,0,1,0,0,0,0,0,0,1,0,0,0,0,1,0
297,1345.0,0.0,618.0,-429,904.0,5.4,166.0,0,1,0,0,0,0,0,0,0,0,1,0,0,1,0
2571,431.0,2125.0,142.0,-264,922.0,4.9,188.0,1,0,0,0,0,0,0,0,0,0,1,0,0,0,0
1264,785.0,4566.0,609.0,284,834.0,1.8,475.0,0,0,0,0,0,0,0,0,0,0,1,0,1,0,0
5425,30.0,12.0,38.0,819,20.0,1.2,16.0,0,0,1,0,0,0,1,0,0,0,0,0,1,0,0
8530,1341.0,1.0,294.0,-182,229.0,3.8,61.0,1,0,0,0,0,0,0,0,1,0,0,0,0,0,0
497,371.0,0.0,108.0,19,228.0,2.2,104.0,0,0,0,0,1,0,0,0,0,0,1,0,1,0,0
2797,189.0,4.0,29.0,-897,574.0,191.3,3.0,1,0,0,0,0,0,0,0,1,1,0,0,0,1,0
3172,4762.0,603.0,729.0,652,1658.0,2.9,572.0,0,0,0,0,0,0,0,0,0,0,1,0,1,0,0
4658,100.0,302.0,400.0,-269,453.0,1.6,282.0,1,0,0,0,0,0,0,1,0,0,1,0,1,0,0
970,109.0,0.0,59.0,443,168.0,3.0,56.0,0,0,0,0,0,0,0,1,0,0,1,0,0,0,0
586,2350.0,70.0,600.0,-862,4487.0,9.8,457.0,0,0,0,0,0,0,0,0,1,0,0,0,0,1,0
1243,1241.0,75.0,249.0,861,2364.0,13.4,177.0,0,0,0,0,0,0,0,0,0,0,1,0,0,1,0
504,177.0,725.0,158.0,-92,912.0,10.5,87.0,0,0,0,1,0,1,0,0,0,1,1,0,0,1,0
110,199.0,0.0,19.0,505,66.0,9.4,7.0,1,0,0,0,0,0,0,0,0,1,1,0,0,1,0
4412,1734.0,146.0,679.0,47,2442.0,8.3,294.0,0,0,1,0,0,0,0,0,0,0,1,0,0,1,0
3878,43.0,1.0,16.0,-114,100.0,6.7,15.0,0,0,0,1,0,0,0,1,0,0,1,0,0,1,0
6299,46.0,0.0,155.0,221,106.0,2.0,52.0,0,0,0,0,0,0,0,0,0,1,1,0,1,0,0
6528,413.0,0.0,7.0,311,397.0,79.4,5.0,0,0,0,0,0,0,0,0,1,0,0,0,0,1,0
5858,756.0,26.0,618.0,-372,1631.0,5.0,327.0,0,0,0,1,0,0,0,0,0,0,1,0,0,0,0
1515,377.0,168.0,346.0,-532,380.0,0.8,494.0,1,0,0,0,0,0,1,0,0,0,0,1,0,0,0
5882,4730.0,141.0,823.0,578,4492.0,7.0,638.0,0,0,0,0,0,0,1,0,0,0,0,0,0,1,0
3249,566.0,3.0,69.0,-429,146.0,29.2,5.0,0,0,0,0,0,0,1,0,0,1,0,0,0,1,0
3898,1690.0,168.0,417.0,-82,5259.0,21.0,251.0,0,0,0,0,1,0,1,0,0,1,0,0,0,1,0
1891,1095.0,175.0,94.0,9,1886.0,24.8,76.0,0,0,0,0,0,0,1,0,0,0,0,0,0,1,0
620,45.0,743.0,31.0,371,761.0,17.7,43.0,1,0,0,0,0,0,0,0,1,1,0,0,0,1,0
7354,3091.0,170.0,177.0,-677,1415.0,6.0,237.0,0,0,0,0,0,0,0,1,0,0,1,0,0,1,0
5758,751.0,1337.0,701.0,-8,953.0,1.3,719.0,0,0,0,0,0,1,0,0,1,1,0,0,1,0,0
6397,510.0,0.0,267.0,251,301.0,1.7,177.0,0,0,0,0,0,0,0,1,0,1,1,0,1,0,0
670,279.0,3.0,77.0,149,100.0,1.6,63.0,0,0,0,0,1,0,1,0,0,0,0,0,1,0,0
6030,364.0,0.0,80.0,-740,189.0,18.9,10.0,0,0,1,0,0,0,0,0,1,0,0,0,0,1,0
7680,1428.0,0.0,393.0,633,190.0,0.9,207.0,0,0,0,0,0,0,0,0,1,0,0,1,0,0,0
1637,654.0,2.0,54.0,-222,242.0,12.7,19.0,0,0,0,0,0,0,1,0,0,1,0,0,0,1,0
2037,716.0,2.0,539.0,209,250.0,0.9,279.0,0,0,0,0,0,0,0,0,1,1,0,1,0,0,0
5996,120.0,0.0,7.0,119,37.0,37.0,1.0,0,0,0,0,1,0,0,1,0,0,1,0,0,1,0
7414,649.0,1609.0,270.0,139,2806.0,21.1,133.0,0,0,1,0,0,0,1,0,0,1,0,0,0,1,0
1326,392.0,0.0,44.0,-657,410.0,205.0,2.0,0,1,0,0,0,1,0,0,0,0,1,0,0,1,0
7474,862.0,25.0,663.0,-88,1425.0,2.8,505.0,0,0,0,0,1,0,0,1,0,1,1,0,1,0,0
8597,2.0,18.0,146.0,-122,110.0,2.6,42.0,0,0,0,0,0,1,0,0,0,1,1,0,1,0,0
711,1822.0,0.0,118.0,-303,1031.0,2.8,368.0,0,0,0,0,1,0,0,1,0,0,1,0,1,0,0
7333,20.0,1.0,9.0,131,10.0,2.0,5.0,0,0,0,0,0,1,0,0,1,0,0,0,1,0,0
3279,1349.0,3.0,274.0,436,215.0,2.2,100.0,0,0,0,0,0,0,0,0,1,0,0,0,1,0,0
6403,2188.0,0.0,804.0,-578,2170.0,1.8,1174.0,0,0,0,0,1,0,0,1,0,1,1,0,1,0,0
7422,221.0,0.0,18.0,65,12.0,2.4,5.0,0,0,0,0,1,0,0,1,0,0,1,0,1,0,0
5037,1003.0,124.0,659.0,375,1186.0,3.2,375.0,0,1,0,0,0,0,0,0,0,1,1,0,0,0,0
4018,485.0,0.0,102.0,796,264.0,4.7,56.0,0,0,0,0,1,0,0,1,0,0,1,0,0,0,0
556,1597.0,2.0,505.0,892,1337.0,6.9,195.0,1,0,0,0,0,0,0,0,1,1,0,0,0,1,0
660,3893.0,248.0,661.0,455,3011.0,6.8,440.0,0,0,0,0,1,0,0,1,0,0,1,0,0,1,0
4592,2758.0,48.0,607.0,674,3188.0,13.0,246.0,0,0,0,0,0,0,0,0,0,0,1,0,0,1,0
4264,448.0,1.0,151.0,848,488.0,4.4,110.0,0,0,0,0,1,0,0,0,0,0,1,0,0,0,0
1859,736.0,0.0,49.0,-390,412.0,19.6,21.0,0,0,0,1,0,0,0,0,0,1,1,0,0,1,0
6566,837.0,207.0,202.0,146,767.0,3.8,204.0,0,0,0,0,1,0,1,0,0,0,0,0,0,0,0
399,1060.0,0.0,248.0,-1208,1215.0,7.1,170.0,0,0,0,0,0,0,0,1,0,0,1,0,0,1,0
564,22.0,0.0,79.0,-259,147.0,16.3,9.0,0,0,0,0,0,0,1,0,0,0,0,0,0,1,0
5246,14.0,13.0,37.0,625,181.0,30.2,6.0,0,0,0,0,0,0,0,0,0,0,1,0,0,1,0
6986,508.0,2458.0,595.0,-59,1550.0,1.9,797.0,0,0,0,1,0,0,0,0,1,0,0,0,1,0,0
1404,979.0,4554.0,751.0,-422,1692.0,1.9,898.0,0,0,0,1,0,0,0,0,0,1,1,0,1,0,0
5446,1115.0,9.0,153.0,633,612.0,9.1,67.0,1,0,0,0,0,0,0,1,0,0,1,0,0,1,0
4347,358.0,3.0,72.0,-23,458.0,41.6,11.0,0,0,0,0,0,0,0,0,0,0,1,0,0,1,0
1553,1.0,129.0,26.0,303,26.0,4.3,6.0,0,0,0,0,0,0,0,1,0,1,1,0,0,0,0
3414,117.0,0.0,50.0,-409,26.0,0.5,51.0,0,0,0,0,0,0,0,1,0,1,1,1,0,0,0
4449,1275.0,0.0,315.0,271,885.0,3.6,247.0,0,0,1,0,0,0,0,1,0,0,1,0,0,0,0
3851,231.0,0.0,4.0,-418,21.0,7.0,3.0,0,0,0,0,0,0,0,0,1,0,0,0,0,1,0
1596,2929.0,73.0,904.0,-317,3544.0,2.9,1231.0,0,0,0,0,0,0,1,0,0,0,0,0,1,0,0
2433,425.0,1.0,103.0,-311,238.0,3.3,73.0,0,0,0,0,1,0,0,0,1,0,0,0,0,0,0
7480,215.0,0.0,261.0,683,148.0,0.7,219.0,0,0,0,0,1,0,0,0,1,0,0,1,0,0,0
3064,20.0,0.0,34.0,312,134.0,1.4,99.0,0,0,0,0,0,0,0,0,0,0,1,0,1,0,0
4226,22.0,2.0,14.0,-376,127.0,4.0,32.0,0,0,0,0,0,0,0,0,0,1,1,0,0,0,0
6776,128.0,0.0,25.0,265,108.0,12.0,9.0,0,0,0,0,0,0,0,1,0,0,1,0,0,1,0
2720,710.0,0.0,156.0,380,69.0,0.8,87.0,0,0,0,1,0,0,0,0,1,0,0,1,0,0,0
5086,2312.0,270.0,693.0,-242,3530.0,4.8,728.0,0,0,0,0,0,0,0,0,1,0,0,0,0,0,0
4938,1242.0,0.0,276.0,109,938.0,3.9,240.0,0,0,0,0,0,0,0,1,0,1,1,0,0,0,0
7894,1898.0,610.0,633.0,894,740.0,1.1,700.0,0,0,1,0,0,0,0,0,0,0,1,0,1,0,0
4212,5557.0,87.0,1583.0,434,4542.0,2.9,1587.0,0,0,0,0,0,0,0,0,0,1,1,0,1,0,0
1159,583.0,0.0,22.0,1293,845.0,76.8,11.0,0,0,0,0,1,0,0,1,0,1,1,0,0,1,0
2852,283.0,184.0,111.0,-480,76.0,0.5,167.0,0,0,0,1,0,1,0,0,1,1,0,1,0,0,0
3606,53.0,60.0,4.0,669,494.0,247.0,2.0,0,0,0,0,1,0,0,0,1,1,0,0,0,1,0
6720,911.0,75.0,408.0,13,346.0,1.2,293.0,0,0,0,1,0,0,0,0,1,0,0,0,1,0,0
1334,3642.0,96.0,123.0,439,1670.0,23.9,70.0,0,0,0,0,0,1,0,0,1,0,0,0,0,1,0
3675,1667.0,1.0,327.0,-277,418.0,3.5,120.0,0,0,0,0,0,0,0,1,0,1,1,0,0,0,0
5097,657.0,33.0,108.0,-482,1715.0,7.1,240.0,0,0,0,0,1,0,0,0,0,0,1,0,0,1,0
8131,2315.0,0.0,1430.0,-66,405.0,0.4,1073.0,0,0,0,0,1,0,0,1,0,0,1,1,0,0,0
2402,227.0,0.0,43.0,-139,331.0,7.4,45.0,1,0,0,0,0,0,0,0,1,1,0,0,0,1,0
8141,2.0,0.0,6.0,807,19.0,19.0,1.0,0,0,0,0,0,0,0,1,0,0,1,0,0,1,0
7375,784.0,44.0,270.0,402,391.0,2.1,190.0,0,0,0,0,0,0,0,0,1,0,0,0,1,0,0
4411,1789.0,36.0,691.0,-324,694.0,0.7,1037.0,0,0,0,1,0,0,0,1,0,0,1,1,0,0,0
4278,520.0,72.0,144.0,496,626.0,26.1,24.0,1,0,0,0,0,0,0,0,0,0,1,0,0,1,0
4668,1010.0,5.0,178.0,-811,1125.0,14.4,78.0,1,0,0,0,0,0,0,0,1,0,0,0,0,1,0
4141,262.0,147.0,39.0,-230,308.0,61.6,5.0,0,0,0,0,0,0,1,0,0,0,0,0,0,1,0
7731,174.0,140.0,162.0,-284,31.0,0.4,83.0,0,0,0,0,0,0,0,1,0,1,1,1,0,0,0
5762,4366.0,0.0,784.0,-136,2239.0,2.6,855.0,0,0,0,0,1,0,0,1,0,1,1,0,1,0,0
8654,1579.0,1.0,209.0,520,958.0,4.6,209.0,0,1,0,0,0,0,0,0,0,0,1,0,0,0,0
1179,9719.0,2519.0,1575.0,-264,10878.0,10.2,1062.0,0,0,0,0,0,1,1,0,0,1,0,0,0,1,0
5011,2.0,2.0,2.0,-452,7.0,1.4,5.0,0,0,0,1,0,0,0,0,0,0,1,0,1,0,0
2364,323.0,4.0,139.0,51,388.0,2.7,144.0,0,1,0,0,0,0,0,1,0,1,1,0,1,0,0
283,1256.0,182.0,421.0,-100,1144.0,1.7,674.0,0,0,0,0,0,0,0,1,0,0,1,0,1,0,0
837,1181.0,7.0,518.0,227,1183.0,1.6,732.0,0,0,0,0,0,1,0,1,0,0,1,0,1,0,0
6868,30.0,0.0,6.0,-283,23.0,5.8,4.0,0,0,0,0,0,0,0,0,0,0,1,0,0,1,0
2871,3674.0,1481.0,2207.0,-78,6367.0,4.2,1520.0,0,0,0,0,1,0,1,0,0,1,0,0,0,0,0
3358,2112.0,304.0,730.0,-176,1460.0,4.2,350.0,1,0,0,0,0,0,0,0,0,0,1,0,0,0,0
7539,743.0,18.0,260.0,399,256.0,0.7,387.0,1,0,0,0,0,0,0,0,0,0,1,1,0,0,0
6217,95.0,1.0,99.0,391,65.0,0.6,118.0,0,0,1,0,0,0,0,0,0,0,1,1,0,0,0
3441,622.0,0.0,122.0,618,107.0,0.9,125.0,0,0,0,0,0,1,0,0,1,1,0,1,0,0,0
7406,1150.0,866.0,338.0,549,2752.0,10.5,263.0,0,0,0,1,0,0,0,0,0,1,1,0,0,1,0
3586,2984.0,0.0,116.0,442,854.0,5.7,150.0,0,0,0,1,0,0,1,0,0,0,0,0,0,1,0
4198,727.0,4.0,90.0,387,475.0,9.0,53.0,0,0,0,0,1,0,1,0,0,0,0,0,0,1,0
3551,218.0,0.0,1.0,829,191.0,95.5,2.0,0,0,0,0,1,0,0,1,0,0,1,0,0,1,0
7448,1654.0,116.0,673.0,339,1174.0,5.8,203.0,1,0,0,0,0,0,0,0,0,1,1,0,0,1,0
8513,121.0,75.0,218.0,-977,833.0,4.7,179.0,0,0,0,0,0,0,0,0,1,1,0,0,0,0,0
1744,539.0,1397.0,515.0,-296,921.0,4.4,208.0,0,0,0,0,1,0,0,1,0,0,1,0,0,0,0
59,1826.0,29.0,315.0,-632,1495.0,7.7,193.0,0,1,0,0,0,0,1,0,0,1,0,0,0,1,0
6048,807.0,3.0,202.0,-304,982.0,9.1,108.0,0,0,0,0,0,0,0,0,1,1,0,0,0,1,0
7701,70.0,1.0,102.0,34,3.0,0.1,39.0,0,0,0,1,0,0,0,0,0,1,1,1,0,0,0
7890,763.0,9.0,243.0,-191,885.0,3.6,248.0,0,0,0,0,1,0,0,1,0,0,1,0,0,0,0
7115,103.0,0.0,144.0,154,200.0,1.5,130.0,0,0,0,0,0,0,1,0,0,1,0,0,1,0,0
8234,50.0,0.0,147.0,-327,159.0,1.3,126.0,0,0,0,0,1,0,0,1,0,0,1,0,1,0,0
7117,320.0,6.0,136.0,0,599.0,14.3,42.0,0,0,1,0,0,0,0,1,0,1,1,0,0,1,0
6368,1617.0,0.0,344.0,-538,360.0,2.5,145.0,0,0,0,0,1,0,0,0,1,0,0,0,1,0,0
6288,1983.0,3.0,193.0,68,461.0,1.7,264.0,0,0,0,1,0,0,1,0,0,0,0,0,1,0,0
8587,1444.0,72.0,235.0,94,436.0,5.1,86.0,0,0,0,0,1,0,1,0,0,0,0,0,0,1,0
1761,1606.0,2.0,315.0,-389,672.0,1.5,453.0,0,0,0,1,0,0,0,0,0,0,1,0,1,0,0
2015,40.0,99.0,25.0,-976,147.0,21.0,7.0,0,0,0,0,0,0,0,0,0,0,1,0,0,1,0
1467,2278.0,530.0,189.0,-252,1073.0,8.9,121.0,0,0,0,1,0,0,0,0,1,1,0,0,0,1,0
1289,23.0,167.0,117.0,127,5.0,0.5,10.0,0,0,0,0,0,0,0,0,1,0,0,1,0,0,0
5231,54.0,0.0,10.0,-510,52.0,26.0,2.0,0,0,0,0,1,0,0,1,0,1,1,0,0,1,0
2013,2714.0,0.0,358.0,-132,911.0,6.2,148.0,0,0,0,0,0,0,0,1,0,0,1,0,0,1,0
271,301.0,0.0,147.0,34,265.0,2.9,90.0,1,0,0,0,0,0,0,0,1,0,0,0,1,0,0
7562,688.0,64.0,167.0,814,474.0,12.5,38.0,0,1,0,0,0,0,0,0,1,0,0,0,0,1,0
6830,2277.0,309.0,181.0,-13,2243.0,22.4,100.0,0,0,0,0,0,0,0,0,1,0,0,0,0,1,0
6719,228.0,0.0,113.0,-301,16.0,0.3,62.0,0,0,0,0,0,0,0,0,0,1,1,1,0,0,0
1774,2618.0,0.0,13.0,-400,1668.0,151.6,11.0,0,0,0,0,0,0,0,1,0,0,1,0,0,1,0
5833,833.0,226.0,360.0,976,3097.0,6.9,451.0,1,0,0,0,0,1,0,1,0,1,1,0,0,1,0
3142,563.0,331.0,52.0,26,568.0,27.0,21.0,1,0,0,0,0,0,0,1,0,0,1,0,0,1,0
2056,394.0,0.0,18.0,153,292.0,292.0,1.0,0,1,0,0,0,0,0,0,0,0,1,0,0,1,0
456,1231.0,0.0,86.0,-337,1627.0,203.4,8.0,0,0,0,0,0,1,0,1,0,0,1,0,0,1,0
1405,855.0,574.0,296.0,9,2412.0,16.0,151.0,0,0,0,0,0,1,0,0,0,0,1,0,0,1,0
2186,722.0,4.0,151.0,-79,855.0,12.8,67.0,1,0,0,0,0,0,0,0,1,0,0,0,0,1,0
2591,2839.0,0.0,364.0,-355,2193.0,8.4,261.0,0,1,0,0,0,0,0,0,1,1,0,0,0,1,0
640,715.0,160.0,380.0,288,365.0,1.6,227.0,0,0,0,1,0,0,0,1,0,0,1,0,1,0,0
1329,4573.0,490.0,2089.0,164,3047.0,1.2,2610.0,0,0,0,0,0,0,1,0,0,0,0,0,1,0,0
99,2704.0,752.0,634.0,-488,902.0,1.2,757.0,0,0,0,0,0,0,1,0,0,1,0,0,1,0,0
5303,11.0,104.0,48.0,-59,37.0,0.2,200.0,0,0,0,1,0,0,0,0,1,0,0,1,0,0,0
165,25.0,0.0,16.0,176,74.0,37.0,2.0,0,0,1,0,0,0,0,0,1,1,0,0,0,1,0
4744,675.0,228.0,93.0,-208,432.0,43.2,10.0,1,0,0,0,0,0,1,0,0,0,0,0,0,1,0
6467,3436.0,1.0,636.0,-126,3295.0,5.4,612.0,0,0,0,0,0,0,0,0,0,0,1,0,0,1,0
2930,1438.0,567.0,395.0,-453,3052.0,16.1,189.0,0,0,0,1,0,0,0,0,0,1,1,0,0,1,0
1109,1697.0,176.0,234.0,-159,1301.0,7.0,187.0,0,0,0,1,0,1,0,0,0,0,1,0,0,1,0
8378,273.0,129.0,48.0,545,161.0,4.6,35.0,0,0,0,1,0,0,1,0,0,1,0,0,0,0,0
8046,2308.0,684.0,718.0,499,2794.0,5.9,471.0,0,1,0,0,0,0,0,0,1,1,0,0,0,1,0
4398,4395.0,1.0,434.0,-111,2023.0,5.2,392.0,0,0,0,0,0,0,0,1,0,0,1,0,0,1,0
7961,374.0,9.0,104.0,-1,1172.0,6.7,174.0,1,0,0,0,0,0,0,1,0,0,1,0,0,1,0
4763,1579.0,4.0,832.0,-293,1268.0,0.7,1885.0,0,0,1,0,0,1,1,0,0,0,0,1,0,0,0
2713,714.0,0.0,238.0,-468,296.0,1.4,212.0,0,0,0,0,1,0,0,0,1,1,0,0,1,0,0
1203,326.0,1.0,199.0,365,441.0,1.6,282.0,0,0,1,0,0,0,1,0,0,0,0,0,1,0,0
3700,1625.0,91.0,434.0,69,709.0,0.8,905.0,0,1,0,0,0,0,0,0,1,0,0,1,0,0,0
4263,14.0,0.0,14.0,-21,45.0,1.1,42.0,0,0,0,0,1,0,0,0,0,1,1,0,1,0,0
5499,37.0,351.0,90.0,91,497.0,49.7,10.0,0,0,0,1,0,0,1,0,0,0,0,0,0,1,0
7339,526.0,1222.0,178.0,-37,498.0,0.9,562.0,0,0,1,0,0,0,0,1,0,0,1,1,0,0,0
2876,797.0,47.0,33.0,215,1295.0,30.1,43.0,0,0,0,0,0,0,0,1,0,1,1,0,0,1,0
3378,104.0,0.0,14.0,-61,3.0,0.3,11.0,0,0,1,0,0,0,0,0,0,0,1,1,0,0,0
5589,583.0,1.0,136.0,1634,1088.0,17.0,64.0,0,0,0,0,0,0,1,0,0,1,0,0,0,1,0
181,140.0,0.0,79.0,137,206.0,0.5,406.0,0,0,0,0,0,0,1,0,0,0,0,1,0,0,0
5310,424.0,19.0,34.0,-404,39.0,9.8,4.0,1,0,0,0,0,0,1,0,0,0,0,0,0,1,0
2511,3036.0,1159.0,892.0,187,3574.0,5.2,687.0,0,1,0,0,0,0,0,0,0,1,1,0,0,1,0
3776,1083.0,11.0,360.0,640,1319.0,2.5,522.0,0,0,0,0,0,0,0,0,1,0,0,0,1,0,0
1825,126.0,0.0,2.0,414,606.0,303.0,2.0,0,0,0,1,0,0,0,0,1,0,0,0,0,1,0
2270,163.0,2.0,165.0,-166,99.0,0.4,257.0,0,0,0,0,0,0,0,0,0,0,1,1,0,0,0
3550,155.0,2.0,115.0,-402,180.0,1.1,163.0,1,0,0,0,0,0,0,0,1,0,0,0,1,0,0
3351,192.0,780.0,238.0,131,170.0,1.5,112.0,0,0,0,1,0,0,0,0,0,0,1,0,1,0,0
8434,2144.0,165.0,536.0,-196,904.0,2.0,458.0,0,0,0,0,0,1,1,0,0,0,0,0,1,0,0
2455,566.0,139.0,368.0,-152,448.0,2.2,208.0,0,1,0,0,0,0,0,0,1,0,0,0,1,0,0
1570,1428.0,0.0,98.0,-198,320.0,4.3,75.0,0,0,1,0,0,0,0,0,0,0,1,0,0,0,0
7881,1124.0,58.0,73.0,218,373.0,4.3,87.0,1,0,0,0,0,0,0,1,0,0,1,0,0,0,0
7179,2555.0,375.0,868.0,256,5270.0,9.0,585.0,0,0,0,0,0,0,0,0,0,0,1,0,0,1,0
2471,1999.0,24.0,283.0,122,482.0,3.5,139.0,0,0,0,0,0,0,0,0,1,0,0,0,0,0,0
221,29.0,0.0,53.0,909,50.0,2.1,24.0,0,0,0,0,0,0,0,0,1,0,0,0,1,0,0
5424,2596.0,808.0,893.0,-470,3102.0,6.8,458.0,0,0,0,0,0,0,0,0,1,1,0,0,0,1,0
4257,135.0,355.0,121.0,236,433.0,13.1,33.0,0,0,0,0,0,1,0,0,0,1,1,0,0,1,0
649,285.0,1.0,42.0,401,163.0,18.1,9.0,1,0,0,0,0,0,1,0,0,0,0,0,0,1,0
8118,2154.0,460.0,193.0,-296,1337.0,15.2,88.0,0,1,0,0,0,0,0,0,0,1,1,0,0,1,0
5654,1231.0,32.0,603.0,-437,637.0,2.3,280.0,0,0,0,0,0,0,0,0,0,0,1,0,1,0,0
426,649.0,0.0,640.0,-323,489.0,0.7,716.0,0,0,0,0,1,0,0,0,1,0,0,1,0,0,0
2485,12.0,9.0,39.0,248,458.0,9.7,47.0,1,0,0,0,0,1,1,0,0,0,0,0,0,1,0
2586,1749.0,3.0,319.0,-76,809.0,1.8,450.0,0,0,0,1,0,0,1,0,0,1,0,0,1,0,0
1533,142.0,1.0,137.0,566,378.0,6.0,63.0,0,0,0,0,1,1,0,0,1,0,0,0,0,1,0
908,137.0,557.0,26.0,279,668.0,13.4,50.0,0,0,0,0,1,0,1,0,0,1,0,0,0,1,0
3973,315.0,2085.0,468.0,-341,1780.0,7.3,243.0,1,0,0,0,0,0,0,0,0,1,1,0,0,1,0
8123,10.0,13.0,135.0,-43,42.0,0.3,124.0,1,0,0,0,0,0,1,0,0,0,0,1,0,0,0
1665,2590.0,372.0,896.0,348,2569.0,7.4,347.0,1,0,0,0,0,1,0,0,0,0,1,0,0,1,0
3221,394.0,71.0,102.0,-131,366.0,4.6,79.0,0,0,0,0,1,0,0,0,0,0,1,0,0,0,0
6898,264.0,1.0,7.0,-174,181.0,181.0,1.0,0,0,0,1,0,0,1,0,0,0,0,0,0,1,0
6223,687.0,1.0,469.0,653,481.0,1.1,455.0,0,0,0,0,1,0,0,1,0,0,1,0,1,0,0
5251,21.0,137.0,11.0,24,133.0,6.3,21.0,1,0,0,0,0,1,0,0,0,0,1,0,0,1,0
933,458.0,223.0,276.0,30,1272.0,5.3,240.0,0,0,0,1,0,0,0,0,0,0,1,0,0,1,0
1119,3648.0,17.0,1003.0,301,1398.0,1.2,1155.0,0,0,0,0,0,0,0,0,1,0,0,0,1,0,0
7850,1362.0,0.0,14.0,285,459.0,20.0,23.0,1,0,0,0,0,0,0,0,1,0,0,0,0,1,0
4870,2267.0,1.0,293.0,-889,1455.0,7.9,185.0,0,0,0,0,1,0,0,0,0,0,1,0,0,1,0
1145,203.0,157.0,154.0,594,479.0,59.9,8.0,0,0,0,1,0,1,0,1,0,0,1,0,0,1,0
1613,711.0,0.0,168.0,-778,678.0,6.1,112.0,0,0,0,1,0,0,0,1,0,0,1,0,0,1,0
7146,118.0,209.0,286.0,297,819.0,3.5,232.0,1,0,0,0,0,0,0,0,1,1,0,0,0,0,0
747,551.0,20.0,65.0,-291,1352.0,13.3,102.0,0,0,0,0,0,0,0,1,0,0,1,0,0,1,0
6683,23.0,21.0,57.0,261,321.0,5.7,56.0,0,0,0,0,1,1,0,0,1,0,0,0,0,1,0
4268,498.0,2.0,95.0,1085,698.0,5.2,133.0,0,0,0,1,0,0,0,0,1,0,0,0,0,1,0
7655,3075.0,8.0,887.0,-28,1855.0,5.4,341.0,0,0,0,1,0,0,0,1,0,0,1,0,0,1,0
4967,1754.0,0.0,313.0,504,1669.0,12.6,132.0,0,0,0,0,0,0,1,0,0,0,0,0,0,1,0
359,1559.0,0.0,350.0,48,337.0,1.1,307.0,0,0,0,0,0,0,0,0,0,0,1,0,1,0,0
2918,559.0,71.0,473.0,-77,1285.0,3.0,434.0,0,1,0,0,0,0,0,0,1,0,0,0,0,0,0
1394,5.0,65.0,21.0,363,38.0,1.7,23.0,0,0,0,0,0,0,1,0,0,0,0,0,1,0,0
941,129.0,0.0,134.0,-187,55.0,0.3,177.0,0,0,0,0,1,0,0,0,0,0,1,1,0,0,0
7538,1249.0,0.0,36.0,190,1864.0,32.1,58.0,0,0,0,0,1,0,0,0,1,1,0,0,0,1,0
7469,378.0,1530.0,367.0,-71,582.0,1.8,316.0,0,0,0,0,0,0,0,0,0,0,1,0,1,0,0
2355,327.0,100.0,163.0,-41,1385.0,30.1,46.0,0,0,0,1,0,1,0,1,0,0,1,0,0,1,0
8017,154.0,20.0,28.0,110,2.0,0.1,29.0,0,0,0,0,0,0,0,0,0,1,1,1,0,0,0
2227,365.0,1.0,107.0,-537,492.0,2.6,191.0,0,1,0,0,0,0,0,0,1,1,0,0,1,0,0
6836,2532.0,13.0,105.0,22,2651.0,56.4,47.0,0,0,0,1,0,0,0,0,1,0,0,0,0,1,0
6754,87.0,81.0,72.0,11,1099.0,10.8,102.0,0,0,0,0,1,0,0,0,1,1,0,0,0,1,0
6946,479.0,245.0,351.0,99,95.0,0.3,313.0,0,0,0,0,0,0,0,0,0,0,1,1,0,0,0
816,1248.0,41.0,333.0,440,1018.0,2.7,379.0,0,1,0,0,0,0,0,0,0,1,1,0,1,0,0
4904,2322.0,735.0,646.0,-440,2341.0,1.3,1746.0,0,0,0,1,0,0,0,1,0,1,1,0,1,0,0
4746,566.0,118.0,213.0,840,370.0,1.9,195.0,0,0,1,0,0,0,0,0,0,1,1,0,1,0,0
6552,554.0,23.0,375.0,194,239.0,3.0,80.0,0,0,0,0,0,0,1,0,0,1,0,0,0,0,0
7303,1514.0,1059.0,895.0,-88,1472.0,3.2,460.0,0,0,0,1,0,0,0,0,0,1,1,0,0,0,0
47,3957.0,63.0,866.0,489,4544.0,8.4,544.0,0,0,0,0,0,0,0,1,0,0,1,0,0,1,0
6405,895.0,41.0,307.0,604,1730.0,3.6,479.0,0,0,1,0,0,0,0,1,0,0,1,0,0,0,0
8556,332.0,0.0,71.0,10,596.0,7.4,80.0,0,0,0,0,0,0,0,0,0,0,1,0,0,1,0
4051,316.0,9.0,147.0,439,446.0,3.1,146.0,0,0,0,0,0,0,0,0,1,0,0,0,0,0,0
92,1945.0,29.0,289.0,-475,1876.0,5.5,341.0,0,0,0,0,0,0,1,0,0,1,0,0,0,1,0
1815,181.0,0.0,6.0,310,215.0,107.5,2.0,1,0,0,0,0,0,1,0,0,0,0,0,0,1,0
2289,743.0,0.0,497.0,-165,68.0,0.2,356.0,0,0,0,0,0,0,1,0,0,1,0,1,0,0,0
4642,4081.0,23.0,476.0,-958,1272.0,11.2,114.0,0,0,0,0,0,0,0,1,0,0,1,0,0,1,0
3987,6.0,0.0,116.0,40,6.0,0.1,51.0,0,0,0,0,1,0,0,0,0,0,1,1,0,0,0
2620,102.0,336.0,16.0,-53,85.0,9.4,9.0,0,0,0,0,0,0,0,1,0,1,1,0,0,1,0
2557,1430.0,102.0,51.0,-600,528.0,5.1,104.0,0,0,0,0,0,1,0,0,0,1,1,0,0,1,0
7529,1863.0,94.0,250.0,159,1102.0,4.6,239.0,0,0,0,0,1,0,0,1,0,0,1,0,0,0,0
2446,923.0,0.0,155.0,473,1082.0,4.2,257.0,1,0,0,0,0,0,1,0,0,0,0,0,0,0,0
7612,541.0,135.0,110.0,479,956.0,12.1,79.0,0,1,0,0,0,0,0,0,1,0,0,0,0,1,0
3188,408.0,129.0,559.0,393,1757.0,5.1,343.0,0,0,0,0,1,0,1,0,0,0,0,0,0,1,0
3951,766.0,0.0,208.0,521,593.0,29.6,20.0,0,0,0,0,1,0,0,1,0,0,1,0,0,1,0
7679,626.0,450.0,187.0,154,294.0,1.5,195.0,0,0,0,1,0,0,0,0,1,0,0,0,1,0,0
6145,201.0,106.0,161.0,40,229.0,7.4,31.0,1,0,0,0,0,0,1,0,0,0,0,0,0,1,0
6083,424.0,4.0,48.0,-166,1175.0,130.6,9.0,0,0,0,0,0,0,0,0,0,1,1,0,0,1,0
1116,1494.0,5.0,390.0,72,1277.0,13.6,94.0,0,0,0,0,1,0,1,0,0,1,0,0,0,1,0
1606,145.0,0.0,32.0,-153,8.0,0.4,18.0,0,0,1,0,0,0,1,0,0,0,0,1,0,0,0
5268,298.0,2029.0,265.0,-331,423.0,1.7,254.0,1,0,0,0,0,0,0,0,0,0,1,0,1,0,0
1559,2153.0,39.0,330.0,431,2044.0,11.5,178.0,0,0,0,0,0,0,0,0,1,0,0,0,0,1,0
5631,614.0,20.0,62.0,85,1367.0,75.9,18.0,0,0,0,0,0,0,0,0,0,0,1,0,0,1,0
7607,1232.0,170.0,342.0,123,1694.0,4.0,422.0,0,0,0,1,0,0,0,0,0,1,1,0,0,0,0
2959,1607.0,186.0,355.0,393,466.0,1.1,435.0,0,0,0,0,0,0,1,0,0,1,0,0,1,0,0
4577,258.0,110.0,72.0,1022,591.0,10.0,59.0,0,0,0,0,0,0,0,0,0,0,1,0,0,1,0
6073,3501.0,59.0,1147.0,-127,3577.0,2.4,1495.0,0,0,0,0,1,0,0,0,0,1,1,0,1,0,0
6259,1287.0,89.0,388.0,-65,2492.0,14.0,178.0,0,0,0,0,0,0,0,1,0,1,1,0,0,1,0
2078,343.0,1.0,100.0,-209,1295.0,6.3,206.0,0,0,0,1,0,0,0,0,0,0,1,0,0,1,0
6117,255.0,0.0,25.0,-422,73.0,36.5,2.0,0,0,0,1,0,0,0,1,0,1,1,0,0,1,0
3451,614.0,471.0,226.0,-467,880.0,14.4,61.0,0,0,0,0,0,1,0,1,0,0,1,0,0,1,0
2296,2843.0,337.0,901.0,688,1946.0,2.6,742.0,0,0,1,0,0,0,0,1,0,0,1,0,1,0,0
7322,477.0,5.0,48.0,204,206.0,8.2,25.0,0,0,0,0,1,0,0,0,1,0,0,0,0,1,0
7585,571.0,0.0,36.0,-46,86.0,2.6,33.0,0,0,0,1,0,0,1,0,0,0,0,0,1,0,0
4288,4059.0,81.0,1151.0,80,5698.0,5.5,1039.0,0,0,0,0,0,0,0,1,0,0,1,0,0,1,0
1015,523.0,1.0,87.0,-132,318.0,13.2,24.0,0,1,0,0,0,0,1,0,0,0,0,0,0,1,0
1102,965.0,1.0,266.0,97,1181.0,8.3,143.0,0,0,0,0,1,0,1,0,0,1,0,0,0,1,0
7346,512.0,172.0,148.0,80,741.0,10.6,70.0,0,0,0,0,0,0,1,0,0,0,0,0,0,1,0
1826,29.0,0.0,8.0,247,72.0,6.5,11.0,0,0,0,1,0,0,0,0,1,0,0,0,0,1,0
2239,1193.0,309.0,238.0,65,902.0,13.7,66.0,0,0,0,0,1,0,0,0,0,0,1,0,0,1,0
5355,1674.0,0.0,520.0,-561,312.0,0.7,442.0,0,0,0,0,0,0,0,0,1,0,0,1,0,0,0
5447,1923.0,11.0,460.0,74,3115.0,18.5,168.0,1,0,0,0,0,0,0,0,0,0,1,0,0,1,0
2626,380.0,78.0,402.0,325,120.0,0.3,461.0,0,0,0,0,0,0,0,1,0,1,1,1,0,0,0
6434,135.0,19.0,89.0,204,251.0,14.8,17.0,0,1,0,0,0,0,0,0,1,0,0,0,0,1,0
2532,176.0,120.0,139.0,242,135.0,1.8,75.0,1,0,0,0,0,0,0,1,0,1,1,0,1,0,0
7901,142.0,1.0,432.0,616,80.0,0.3,292.0,0,0,0,0,0,0,0,0,0,0,1,1,0,0,0
8003,1903.0,9.0,1297.0,338,623.0,0.6,1040.0,0,0,1,0,0,0,1,0,0,1,0,1,0,0,0
3268,10.0,0.0,8.0,-59,78.0,6.0,13.0,0,0,0,0,1,0,0,0,0,0,1,0,0,1,0
4619,2743.0,0.0,291.0,827,1094.0,21.0,52.0,0,0,0,1,0,0,0,0,1,0,0,0,0,1,0
4496,2159.0,2.0,224.0,-77,413.0,4.5,92.0,0,0,0,1,0,0,0,0,0,1,1,0,0,0,0
8022,850.0,376.0,475.0,395,1672.0,3.9,434.0,1,0,0,0,0,0,0,1,0,0,1,0,0,0,0
4006,6082.0,59.0,2406.0,-307,5992.0,2.5,2421.0,0,0,0,0,1,0,1,0,0,0,0,0,1,0,0
8537,970.0,0.0,80.0,521,787.0,46.3,17.0,0,0,0,0,1,0,0,0,1,0,0,0,0,1,0
2113,228.0,3.0,127.0,24,421.0,26.3,16.0,0,0,1,0,0,1,0,0,0,0,1,0,0,1,0
6093,234.0,345.0,121.0,-300,526.0,11.4,46.0,0,0,0,0,0,0,1,0,0,1,0,0,0,1,0
3081,4532.0,6.0,1270.0,184,4043.0,2.6,1576.0,0,0,0,0,1,0,0,0,0,0,1,0,1,0,0
1027,1334.0,38.0,116.0,226,122.0,2.7,46.0,0,0,0,1,0,0,0,0,1,0,0,0,1,0,0
5185,202.0,18.0,105.0,447,964.0,28.4,34.0,0,0,0,1,0,0,1,0,0,0,0,0,0,1,0
6477,216.0,0.0,62.0,-183,199.0,3.8,53.0,0,0,0,1,0,0,0,0,0,0,1,0,0,0,0
1831,847.0,662.0,168.0,114,1205.0,7.1,169.0,0,0,0,1,0,0,0,0,1,0,0,0,0,1,0
8671,2758.0,0.0,416.0,-109,77.0,0.1,593.0,0,0,0,0,0,0,0,1,0,0,1,1,0,0,0
1764,702.0,3.0,41.0,-85,485.0,22.0,22.0,0,0,0,1,0,0,1,0,0,0,0,0,0,1,0
8448,370.0,291.0,189.0,-148,842.0,8.3,102.0,0,0,0,0,1,0,0,0,1,0,0,0,0,1,0
8493,334.0,29.0,14.0,-97,975.0,108.3,9.0,1,0,0,0,0,0,0,0,0,1,1,0,0,1,0
4565,375.0,89.0,192.0,-98,702.0,11.3,62.0,0,0,0,1,0,0,0,1,0,0,1,0,0,1,0
7609,347.0,127.0,59.0,90,202.0,2.1,96.0,0,0,0,0,1,0,0,0,0,1,1,0,1,0,0
917,233.0,862.0,138.0,-89,484.0,6.0,81.0,1,0,0,0,0,0,0,1,0,1,1,0,0,1,0
5240,2183.0,6.0,1445.0,350,1425.0,1.2,1182.0,0,0,0,0,0,0,1,0,0,1,0,0,1,0,0
7770,552.0,0.0,132.0,-80,78.0,0.5,152.0,0,1,0,0,0,0,0,0,0,1,1,1,0,0,0
5198,1666.0,0.0,567.0,-76,822.0,1.9,437.0,0,0,0,0,0,0,0,0,1,1,0,0,1,0,0
4837,2774.0,163.0,180.0,-125,3474.0,37.4,93.0,0,0,0,0,0,1,1,0,0,0,0,0,0,1,0
6895,1370.0,465.0,252.0,-114,1360.0,30.9,44.0,0,1,0,0,0,0,0,0,1,1,0,0,0,1,0
3765,1797.0,21.0,473.0,-249,2384.0,5.8,411.0,0,0,1,0,0,0,0,1,0,1,1,0,0,1,0
142,3351.0,283.0,655.0,-67,3578.0,13.7,262.0,0,0,0,1,0,0,0,1,0,1,1,0,0,1,0
3756,901.0,0.0,41.0,559,1943.0,102.3,19.0,0,0,0,0,0,0,0,1,0,0,1,0,0,1,0
6252,885.0,9.0,240.0,-13,687.0,3.1,221.0,0,0,0,1,0,1,0,1,0,1,1,0,0,0,0
400,798.0,31.0,112.0,-634,1109.0,16.1,69.0,0,0,0,0,1,0,0,0,0,0,1,0,0,1,0
5212,203.0,0.0,38.0,100,80.0,1.6,49.0,0,0,0,1,0,0,1,0,0,0,0,0,1,0,0
5702,515.0,23.0,157.0,481,119.0,0.6,198.0,0,0,0,0,1,0,0,1,0,0,1,1,0,0,0
6508,2891.0,8.0,191.0,-599,522.0,8.0,65.0,0,0,0,0,0,0,1,0,0,1,0,0,0,1,0
406,5699.0,114.0,1188.0,688,4321.0,5.2,824.0,0,0,0,1,0,0,1,0,0,1,0,0,0,1,0
3647,732.0,236.0,36.0,126,976.0,61.0,16.0,0,1,0,0,0,0,0,0,0,0,1,0,0,1,0
2802,3294.0,2.0,1020.0,562,1888.0,3.7,511.0,0,0,0,0,0,0,0,1,0,1,1,0,0,0,0
4351,1021.0,182.0,56.0,-156,857.0,9.2,93.0,1,0,0,0,0,0,0,0,1,0,0,0,0,1,0
4955,148.0,53.0,74.0,-80,90.0,5.0,18.0,0,0,0,0,1,0,1,0,0,1,0,0,0,0,0
4549,71.0,0.0,24.0,985,51.0,51.0,1.0,0,0,1,0,0,0,0,1,0,0,1,0,0,1,0
114,2020.0,0.0,912.0,461,1756.0,3.0,587.0,1,0,0,0,0,0,0,0,1,0,0,0,0,0,0
1361,682.0,110.0,194.0,8,1114.0,7.6,147.0,0,0,0,0,0,0,1,0,0,0,0,0,0,1,0
3842,791.0,1.0,131.0,-388,732.0,15.9,46.0,0,0,0,0,0,0,0,1,0,0,1,0,0,1,0
597,232.0,9.0,13.0,202,442.0,26.0,17.0,0,1,0,0,0,0,0,0,1,0,0,0,0,1,0
5550,264.0,138.0,227.0,99,157.0,1.5,104.0,0,0,0,0,0,0,0,1,0,1,1,0,1,0,0
2961,677.0,0.0,281.0,387,556.0,6.9,81.0,0,1,0,0,0,0,0,1,0,1,1,0,0,1,0
1339,1081.0,0.0,773.0,223,1109.0,1.5,749.0,0,0,0,0,1,0,0,0,0,0,1,0,1,0,0
4888,3921.0,22.0,325.0,-170,6692.0,9.7,693.0,0,1,0,0,0,0,1,0,0,0,0,0,0,1,0
5872,2921.0,31.0,347.0,317,2602.0,16.1,162.0,0,0,0,0,0,0,1,0,0,0,0,0,0,1,0
5552,304.0,50.0,75.0,-294,103.0,3.4,30.0,0,0,0,1,0,0,0,1,0,1,1,0,0,0,0
5810,656.0,1.0,86.0,113,627.0,12.5,50.0,0,0,0,0,0,0,1,0,0,1,0,0,0,1,0
2048,2838.0,0.0,628.0,12,2442.0,22.2,110.0,0,0,0,0,1,0,0,0,1,1,0,0,0,1,0
4518,263.0,132.0,106.0,534,641.0,25.6,25.0,0,0,0,0,1,0,0,0,0,0,1,0,0,1,0
4857,1865.0,25.0,470.0,-215,2032.0,41.5,49.0,0,0,0,1,0,0,0,0,1,0,0,0,0,1,0
334,1086.0,980.0,144.0,-571,1378.0,17.7,78.0,0,0,0,1,0,0,1,0,0,0,0,0,0,1,0
174,316.0,637.0,139.0,-147,518.0,9.2,56.0,1,0,0,0,0,0,0,1,0,0,1,0,0,1,0
8016,1045.0,13.0,119.0,-133,998.0,9.2,109.0,1,0,0,0,0,0,0,1,0,0,1,0,0,1,0
6456,141.0,294.0,80.0,-130,421.0,11.4,37.0,0,0,0,1,0,0,0,1,0,1,1,0,0,1,0
2302,174.0,3.0,34.0,-345,61.0,3.0,20.0,0,0,0,1,0,1,0,0,0,0,1,0,0,0,0
3977,273.0,86.0,188.0,507,147.0,1.0,148.0,0,0,0,0,0,0,1,0,0,0,0,1,0,0,0
4302,1505.0,5.0,122.0,866,1644.0,23.8,69.0,0,0,0,0,1,0,1,0,0,0,0,0,0,1,0
4286,903.0,2.0,429.0,-372,785.0,2.2,349.0,0,0,0,0,0,0,1,0,0,0,0,0,1,0,0
3939,401.0,113.0,191.0,-156,857.0,10.7,80.0,1,0,0,0,0,0,0,0,0,0,1,0,0,1,0
2207,2439.0,183.0,486.0,-335,2174.0,3.8,576.0,0,0,0,0,0,0,0,1,0,0,1,0,0,0,0
6520,1976.0,572.0,734.0,254,1712.0,1.6,1071.0,0,0,1,0,0,0,1,0,0,0,0,0,1,0,0
1094,434.0,0.0,136.0,-319,811.0,8.0,102.0,0,0,0,0,0,0,0,0,0,0,1,0,0,1,0
8612,551.0,4.0,276.0,60,533.0,2.0,271.0,0,1,0,0,0,0,0,0,0,0,1,0,1,0,0
4152,34.0,16.0,6.0,-24,22.0,7.3,3.0,0,0,0,1,0,0,0,0,0,0,1,0,0,1,0
4183,6969.0,0.0,465.0,66,5232.0,40.6,129.0,0,0,0,0,0,0,0,0,1,0,0,0,0,1,0
5360,1014.0,160.0,566.0,-141,781.0,2.1,371.0,0,0,0,0,0,0,1,0,0,0,0,0,1,0,0
8408,5592.0,241.0,649.0,510,5285.0,18.7,282.0,0,0,0,0,1,0,0,0,1,0,0,0,0,1,0
4806,660.0,60.0,87.0,169,598.0,13.3,45.0,0,0,0,1,0,0,1,0,0,1,0,0,0,1,0
5954,4857.0,3039.0,2924.0,340,4932.0,2.2,2233.0,0,0,0,0,1,0,0,0,1,0,0,0,1,0,0
4423,1555.0,366.0,392.0,120,504.0,2.8,181.0,0,0,0,1,0,0,0,0,0,1,1,0,1,0,0
6260,758.0,5.0,230.0,-13,666.0,3.1,218.0,0,0,0,0,0,0,0,0,1,1,0,0,0,0,0
5663,556.0,138.0,113.0,-257,696.0,5.3,132.0,0,0,0,1,0,0,0,0,0,0,1,0,0,1,0
6903,750.0,17.0,184.0,-150,1119.0,3.7,302.0,0,0,0,0,0,0,0,1,0,0,1,0,0,0,0
7198,1511.0,86.0,271.0,1095,311.0,5.8,54.0,0,0,0,0,0,0,0,0,0,0,1,0,0,1,0
7456,147.0,31.0,115.0,524,519.0,5.6,93.0,0,0,0,0,1,0,0,0,0,1,1,0,0,1,0
1622,122.0,8.0,306.0,443,99.0,0.5,200.0,0,1,0,0,0,0,1,0,0,0,0,1,0,0,0
4729,1078.0,147.0,374.0,158,3254.0,11.2,290.0,0,0,1,0,0,0,0,1,0,1,1,0,0,1,0
667,2377.0,2960.0,872.0,988,4530.0,4.9,918.0,1,0,0,0,0,0,1,0,0,1,0,0,0,0,0
3635,287.0,83.0,14.0,-408,996.0,33.2,30.0,0,0,1,0,0,1,1,0,0,1,0,0,0,1,0
4618,315.0,42.0,89.0,-472,134.0,16.8,8.0,0,0,0,0,0,0,0,0,1,0,0,0,0,1,0
5342,4697.0,88.0,1171.0,52,2729.0,1.8,1546.0,0,0,0,0,1,0,0,0,1,0,0,0,1,0,0
1737,4107.0,24.0,829.0,-227,7020.0,13.1,535.0,0,0,0,0,0,0,0,1,0,0,1,0,0,1,0
3671,2096.0,652.0,717.0,93,2141.0,6.3,338.0,0,0,0,0,0,0,0,0,1,0,0,0,0,1,0
2731,1357.0,43.0,337.0,-91,636.0,3.2,201.0,1,0,0,0,0,0,0,0,1,0,0,0,0,0,0
4520,4073.0,2013.0,930.0,-388,1903.0,1.3,1471.0,1,0,0,0,0,0,0,0,1,1,0,0,1,0,0
7534,299.0,7.0,116.0,28,327.0,5.1,64.0,0,0,0,0,0,0,1,0,0,0,0,0,0,1,0
2861,4841.0,0.0,991.0,-521,1517.0,1.3,1181.0,0,0,0,0,1,0,1,0,0,1,0,0,1,0,0
2468,1322.0,0.0,371.0,364,358.0,2.1,174.0,0,0,0,1,0,0,0,0,1,0,0,0,1,0,0
6633,1024.0,122.0,156.0,-22,778.0,7.6,103.0,0,0,0,0,0,0,0,0,0,0,1,0,0,1,0
5477,52.0,419.0,96.0,995,217.0,1.8,121.0,0,0,0,0,0,0,1,0,0,1,0,0,1,0,0
2066,425.0,2.0,62.0,-176,165.0,8.2,20.0,0,0,0,0,0,0,1,0,0,1,0,0,0,1,0
4215,501.0,15.0,73.0,48,670.0,15.2,44.0,0,0,0,0,0,0,0,0,0,1,1,0,0,1,0
6413,680.0,117.0,23.0,-117,441.0,147.0,3.0,0,0,0,1,0,0,0,1,0,0,1,0,0,1,0
3989,169.0,14.0,60.0,292,94.0,2.0,46.0,0,0,1,0,0,0,0,0,1,1,0,0,1,0,0
6759,1125.0,10.0,138.0,334,941.0,3.6,261.0,1,0,0,0,0,1,1,0,0,0,0,0,0,0,0
7044,1614.0,188.0,1662.0,928,3604.0,2.8,1301.0,1,0,0,0,0,0,0,1,0,0,1,0,1,0,0
8636,1877.0,565.0,279.0,573,2158.0,8.9,243.0,0,0,0,0,0,1,1,0,0,1,0,0,0,1,0
690,1320.0,8.0,558.0,562,2561.0,10.5,244.0,0,0,0,0,1,0,0,0,0,0,1,0,0,1,0
6934,99.0,519.0,87.0,-192,603.0,3.8,157.0,0,0,0,0,0,0,0,0,1,0,0,0,0,0,0
2686,511.0,35.0,126.0,691,901.0,24.4,37.0,0,0,0,1,0,0,0,0,1,1,0,0,0,1,0
8116,110.0,0.0,420.0,568,115.0,0.3,442.0,1,0,0,0,0,0,0,0,0,1,1,1,0,0,0
4989,15.0,1.0,70.0,425,3.0,0.0,109.0,0,1,0,0,0,0,1,0,0,0,0,0,0,0,1
3023,1553.0,269.0,385.0,-450,1734.0,25.9,67.0,0,0,0,0,0,0,0,0,0,1,1,0,0,1,0
1526,1144.0,0.0,69.0,-370,717.0,7.8,92.0,1,0,0,0,0,1,0,0,0,1,1,0,0,1,0
5927,1579.0,347.0,618.0,396,4091.0,13.2,311.0,0,0,0,0,0,0,0,0,1,1,0,0,0,1,0
6728,9.0,1.0,88.0,-238,137.0,1.0,134.0,0,0,0,0,0,0,1,0,0,0,0,1,0,0,0
4929,2094.0,135.0,301.0,158,1592.0,9.3,172.0,0,1,0,0,0,0,0,0,0,1,1,0,0,1,0
2657,473.0,4.0,118.0,-356,1119.0,559.5,2.0,0,0,0,0,1,0,1,0,0,1,0,0,0,1,0
5034,731.0,2.0,425.0,-933,227.0,0.4,521.0,0,1,0,0,0,0,1,0,0,0,0,1,0,0,0
840,1264.0,0.0,936.0,938,1509.0,1.0,1536.0,0,0,0,0,0,0,0,0,1,1,0,1,0,0,0
2667,158.0,921.0,354.0,-501,1011.0,2.5,403.0,0,1,0,0,0,1,0,0,1,0,0,0,1,0,0
6213,88.0,9.0,138.0,664,1309.0,8.1,162.0,0,0,0,0,0,0,0,0,1,0,0,0,0,1,0
8331,147.0,0.0,358.0,603,107.0,0.5,229.0,0,0,0,1,0,0,0,0,0,0,1,1,0,0,0
8463,67.0,787.0,27.0,-302,333.0,83.2,4.0,0,0,0,0,1,0,0,1,0,1,1,0,0,1,0
2706,5.0,41.0,71.0,0,82.0,0.9,96.0,0,0,0,0,0,0,0,1,0,1,1,1,0,0,0
4637,184.0,2.0,135.0,172,682.0,7.0,97.0,0,1,0,0,0,0,0,0,0,1,1,0,0,1,0
2188,155.0,327.0,237.0,-724,1116.0,8.0,139.0,0,0,0,1,0,0,0,0,0,1,1,0,0,1,0
2784,1097.0,0.0,187.0,-230,477.0,2.6,181.0,0,0,0,0,1,0,0,0,0,0,1,0,1,0,0
2827,1427.0,4.0,86.0,297,438.0,2.8,157.0,1,0,0,0,0,0,1,0,0,0,0,0,1,0,0
6102,2953.0,0.0,340.0,465,1876.0,8.1,231.0,0,0,0,0,0,1,1,0,0,1,0,0,0,1,0
3247,42.0,2.0,70.0,-575,522.0,65.2,8.0,0,0,0,0,0,0,0,1,0,0,1,0,0,1,0
1537,81.0,2.0,266.0,-108,541.0,1.8,302.0,0,0,0,0,0,0,0,0,0,1,1,0,1,0,0
3472,7658.0,30.0,568.0,-174,3228.0,13.6,238.0,0,0,0,0,0,0,0,0,0,1,1,0,0,1,0
6916,209.0,52.0,52.0,927,1067.0,62.8,17.0,0,0,0,0,1,0,1,0,0,0,0,0,0,1,0
7549,874.0,0.0,72.0,-300,514.0,10.3,50.0,0,0,0,1,0,0,0,1,0,0,1,0,0,1,0
3697,1330.0,82.0,1147.0,413,2601.0,2.6,1004.0,0,0,1,0,0,0,1,0,0,0,0,0,1,0,0
2462,3883.0,0.0,631.0,-1016,796.0,1.1,749.0,0,0,0,0,0,1,1,0,0,0,0,0,1,0,0
1151,539.0,2.0,31.0,465,467.0,11.4,41.0,0,0,0,0,0,0,1,0,0,1,0,0,0,1,0
1081,185.0,2.0,52.0,-96,68.0,3.4,20.0,0,0,0,0,1,0,0,0,0,0,1,0,0,0,0
2889,1796.0,5.0,65.0,451,1144.0,52.0,22.0,0,0,0,0,1,0,1,0,0,0,0,0,0,1,0
1321,50.0,2.0,190.0,99,24.0,0.1,216.0,0,0,0,0,1,0,0,0,0,0,1,1,0,0,0
4648,1858.0,631.0,109.0,395,633.0,15.4,41.0,0,0,0,1,0,0,0,0,1,0,0,0,0,1,0
540,4284.0,0.0,604.0,-178,1452.0,1.7,843.0,0,0,0,0,0,0,0,0,1,1,0,0,1,0,0
5084,26.0,126.0,21.0,-10,6.0,6.0,1.0,0,0,0,1,0,0,0,0,0,1,1,0,0,1,0
1548,537.0,2.0,190.0,-66,964.0,4.6,208.0,0,0,0,1,0,0,0,0,0,0,1,0,0,0,0
5217,583.0,23.0,257.0,-504,394.0,3.5,111.0,0,0,1,0,0,0,0,1,0,0,1,0,0,0,0
2187,780.0,9.0,19.0,-198,1425.0,356.2,4.0,0,0,0,1,0,0,1,0,0,1,0,0,0,1,0
6880,3151.0,2.0,197.0,-347,1572.0,27.1,58.0,1,0,0,0,0,0,0,0,0,0,1,0,0,1,0
8500,643.0,110.0,260.0,269,891.0,2.4,374.0,0,0,0,0,0,0,0,1,0,0,1,0,1,0,0
7573,492.0,0.0,41.0,195,681.0,113.5,6.0,0,0,0,1,0,0,0,1,0,0,1,0,0,1,0
4663,1859.0,262.0,1252.0,-49,1977.0,2.0,990.0,0,0,0,1,0,0,0,1,0,0,1,0,1,0,0
7481,514.0,3.0,111.0,-222,259.0,3.2,81.0,0,0,0,1,0,0,0,0,1,0,0,0,0,0,0
1336,9.0,338.0,35.0,-83,56.0,1.3,43.0,0,0,0,0,0,0,0,0,1,0,0,0,1,0,0
5179,583.0,0.0,286.0,77,127.0,0.7,173.0,0,0,0,0,0,0,0,0,1,1,0,1,0,0,0
5213,165.0,124.0,36.0,240,409.0,31.5,13.0,0,0,1,0,0,0,1,0,0,0,0,0,0,1,0
7648,2627.0,0.0,1061.0,-490,1655.0,2.4,689.0,1,0,0,0,0,0,0,0,0,0,1,0,1,0,0
8713,1776.0,171.0,349.0,-49,2208.0,8.2,268.0,0,0,0,0,1,0,0,1,0,1,1,0,0,1,0
7613,3212.0,2.0,468.0,-586,821.0,3.8,215.0,0,1,0,0,0,0,1,0,0,0,0,0,0,0,0
1043,328.0,0.0,28.0,-77,18.0,6.0,3.0,0,0,0,0,0,0,1,0,0,0,0,0,0,1,0
2374,3690.0,11.0,486.0,211,3003.0,13.1,230.0,0,0,0,0,1,0,1,0,0,1,0,0,0,1,0
8167,2346.0,0.0,277.0,147,1478.0,6.0,246.0,0,0,0,0,0,0,0,0,1,1,0,0,0,1,0
2162,44.0,0.0,156.0,543,78.0,1.3,62.0,1,0,0,0,0,0,0,1,0,0,1,0,1,0,0
7263,111.0,31.0,52.0,-132,124.0,1.0,128.0,0,0,0,0,0,0,0,0,1,0,0,1,0,0,0
1956,688.0,3.0,46.0,-7,759.0,7.8,97.0,0,0,0,0,1,1,1,0,0,0,0,0,0,1,0
1222,1381.0,736.0,560.0,297,2233.0,5.7,394.0,0,0,0,1,0,0,1,0,0,1,0,0,0,1,0
3141,6069.0,1.0,1595.0,-1,4956.0,3.9,1277.0,0,0,0,1,0,0,0,0,1,0,0,0,0,0,0
5028,1548.0,0.0,107.0,-325,981.0,16.4,60.0,0,0,0,1,0,0,1,0,0,1,0,0,0,1,0
7197,131.0,65.0,77.0,839,217.0,13.6,16.0,1,0,0,0,0,0,0,1,0,0,1,0,0,1,0
651,170.0,83.0,351.0,-321,157.0,0.6,251.0,0,0,1,0,0,0,1,0,0,0,0,1,0,0,0
7659,7045.0,0.0,1895.0,377,6289.0,4.8,1299.0,0,1,0,0,0,0,1,0,0,0,0,0,0,0,0
5725,34.0,0.0,9.0,262,2.0,0.1,34.0,0,0,0,0,1,0,0,1,0,1,1,1,0,0,0
7906,1439.0,32.0,447.0,197,964.0,2.6,368.0,1,0,0,0,0,0,0,0,0,0,1,0,1,0,0
1509,2359.0,149.0,845.0,370,2485.0,3.7,668.0,0,0,0,0,1,0,0,1,0,1,1,0,0,0,0
2022,2391.0,0.0,197.0,97,1341.0,3.0,442.0,1,0,0,0,0,0,0,1,0,1,1,0,0,0,0
4562,71.0,6.0,49.0,181,153.0,5.3,29.0,0,0,0,0,0,0,0,1,0,0,1,0,0,1,0
6086,1549.0,1191.0,435.0,-519,2063.0,4.4,468.0,0,0,0,0,0,0,0,0,0,0,1,0,0,0,0
949,502.0,1.0,72.0,-367,475.0,20.7,23.0,0,0,0,0,1,0,0,1,0,0,1,0,0,1,0
39,658.0,0.0,140.0,-610,205.0,8.2,25.0,0,0,0,1,0,0,0,0,0,1,1,0,0,1,0
8251,195.0,46.0,111.0,-39,519.0,7.0,74.0,0,0,0,0,0,1,0,0,1,0,0,0,0,1,0
1347,3476.0,59.0,1616.0,800,2330.0,2.1,1092.0,0,0,0,1,0,0,0,1,0,1,1,0,1,0,0
8727,1639.0,33.0,181.0,-566,1700.0,6.8,251.0,0,0,0,1,0,0,0,0,0,0,1,0,0,1,0
5210,97.0,80.0,201.0,-294,31.0,0.3,108.0,1,0,0,0,0,0,1,0,0,0,0,1,0,0,0
3393,4416.0,44.0,351.0,98,1268.0,18.6,68.0,0,0,0,1,0,0,1,0,0,0,0,0,0,1,0
7046,160.0,0.0,17.0,146,60.0,3.2,19.0,0,0,0,0,1,0,0,1,0,0,1,0,0,0,0
6667,307.0,0.0,105.0,195,256.0,8.0,32.0,1,0,0,0,0,0,0,1,0,1,1,0,0,1,0
7500,2838.0,11.0,867.0,-124,1781.0,3.0,597.0,0,0,0,0,1,0,1,0,0,0,0,0,0,0,0
4800,103.0,1073.0,113.0,-66,70.0,1.1,64.0,0,0,0,1,0,0,0,0,0,0,1,0,1,0,0
744,148.0,297.0,117.0,250,838.0,18.6,45.0,0,0,0,1,0,0,0,0,0,0,1,0,0,1,0
3091,47.0,955.0,274.0,732,1328.0,3.6,372.0,0,0,0,0,0,0,0,0,1,0,0,0,0,0,0
3205,9.0,226.0,10.0,-468,34.0,3.4,10.0,0,0,0,0,0,0,0,0,1,0,0,0,0,0,0
7632,5248.0,338.0,1301.0,-723,5377.0,4.6,1167.0,0,0,1,0,0,0,1,0,0,1,0,0,0,0,0
1929,523.0,2.0,246.0,24,397.0,3.1,127.0,0,0,0,0,1,0,0,1,0,0,1,0,0,0,0
7101,333.0,54.0,755.0,83,497.0,0.4,1238.0,0,0,0,0,0,0,1,0,0,1,0,1,0,0,0
5038,707.0,30.0,63.0,-738,1279.0,31.2,41.0,0,1,0,0,0,0,0,0,1,0,0,0,0,1,0
8664,217.0,0.0,193.0,16,146.0,0.7,197.0,0,0,0,0,0,0,0,1,0,0,1,1,0,0,0
7112,2594.0,599.0,785.0,-392,2343.0,10.6,222.0,0,0,0,0,0,1,1,0,0,0,0,0,0,1,0
5880,5654.0,251.0,1328.0,250,5385.0,6.2,867.0,0,0,0,0,1,0,0,0,0,0,1,0,0,1,0
8450,306.0,0.0,88.0,450,88.0,0.4,231.0,0,0,0,0,1,0,0,0,1,0,0,1,0,0,0
5605,746.0,102.0,647.0,807,331.0,6.4,52.0,0,0,0,1,0,0,1,0,0,0,0,0,0,1,0
1079,1051.0,269.0,355.0,355,436.0,3.6,120.0,0,0,0,1,0,0,0,0,0,0,1,0,0,0,0
1980,1150.0,32.0,585.0,313,1422.0,3.3,431.0,0,0,0,0,0,0,0,1,0,1,1,0,0,0,0
5489,1269.0,0.0,94.0,627,1237.0,26.9,46.0,1,0,0,0,0,0,0,1,0,0,1,0,0,1,0
915,106.0,109.0,63.0,58,107.0,8.9,12.0,1,0,0,0,0,0,0,1,0,1,1,0,0,1,0
4069,1738.0,50.0,309.0,237,3132.0,10.1,310.0,0,0,0,0,0,0,0,0,1,0,0,0,0,1,0
188,1001.0,69.0,270.0,740,1111.0,2.5,447.0,0,0,0,0,0,0,1,0,0,1,0,0,1,0,0
1777,1567.0,0.0,512.0,172,784.0,2.5,319.0,0,0,0,0,0,0,0,1,0,1,1,0,1,0,0
125,892.0,85.0,138.0,1065,887.0,2.0,448.0,1,0,0,0,0,0,0,0,0,0,1,0,1,0,0
2996,2877.0,2.0,256.0,-22,814.0,2.9,277.0,0,0,0,0,1,0,0,0,1,1,0,0,1,0,0
1776,3235.0,335.0,577.0,-552,2046.0,5.2,392.0,0,0,0,1,0,0,0,1,0,0,1,0,0,1,0
1468,1672.0,608.0,346.0,101,2330.0,6.0,388.0,0,0,0,1,0,0,0,0,1,0,0,0,0,1,0
8058,8672.0,2.0,936.0,180,6261.0,20.5,305.0,0,0,0,0,0,0,0,0,1,0,0,0,0,1,0
8745,2481.0,29.0,929.0,-194,2642.0,3.0,880.0,1,0,0,0,0,0,0,1,0,0,1,0,0,0,0
3834,4844.0,0.0,1139.0,-299,3257.0,4.2,773.0,0,0,0,0,0,0,1,0,0,0,0,0,0,0,0
487,1639.0,913.0,181.0,-360,2994.0,8.2,364.0,0,0,0,0,1,1,1,0,0,1,0,0,0,1,0
5784,2485.0,5.0,843.0,-49,1721.0,2.4,703.0,0,0,0,0,0,1,0,1,0,0,1,0,1,0,0
7795,19998.0,113.0,4337.0,-429,15912.0,3.8,4224.0,0,0,0,1,0,0,0,1,0,0,1,0,0,0,0
8397,4632.0,617.0,1151.0,156,3306.0,2.6,1260.0,0,0,0,0,1,0,1,0,0,0,0,0,1,0,0
1457,1103.0,292.0,403.0,-298,1081.0,2.6,416.0,1,0,0,0,0,0,0,0,1,1,0,0,1,0,0
1317,76.0,442.0,74.0,-239,249.0,17.8,14.0,0,0,0,0,0,0,0,1,0,0,1,0,0,1,0
7975,297.0,31.0,151.0,-490,474.0,1.5,314.0,0,0,0,0,1,1,1,0,0,0,0,0,1,0,0
1356,1136.0,139.0,394.0,875,2198.0,16.7,132.0,0,0,0,0,0,0,1,0,0,0,0,0,0,1,0
6199,886.0,56.0,136.0,256,1726.0,20.3,85.0,0,1,0,0,0,0,1,0,0,0,0,0,0,1,0
1352,929.0,672.0,436.0,-436,1543.0,4.7,331.0,0,0,0,0,1,0,1,0,0,1,0,0,0,0,0
4168,127.0,54.0,26.0,-720,320.0,64.0,5.0,0,0,0,1,0,0,0,0,0,0,1,0,0,1,0
799,1474.0,61.0,112.0,437,124.0,0.8,158.0,0,0,0,0,0,0,0,1,0,1,1,1,0,0,0
3406,33.0,0.0,3.0,133,61.0,15.2,4.0,0,1,0,0,0,0,0,0,0,1,1,0,0,1,0
5053,53.0,428.0,75.0,670,252.0,5.1,49.0,0,0,0,1,0,0,1,0,0,0,0,0,0,1,0
8206,369.0,60.0,6.0,-290,99.0,99.0,1.0,0,0,0,0,0,0,1,0,0,1,0,0,0,1,0
2362,1569.0,372.0,231.0,-280,1532.0,4.5,344.0,0,1,0,0,0,0,0,0,1,1,0,0,0,0,0
4840,3.0,206.0,72.0,1009,63.0,2.9,22.0,0,0,0,0,0,0,0,0,1,0,0,0,1,0,0
2290,1433.0,1822.0,1207.0,-20,747.0,0.8,967.0,0,0,0,1,0,0,0,0,1,0,0,1,0,0,0
7034,71.0,1026.0,233.0,603,241.0,0.6,388.0,1,0,0,0,0,0,0,0,0,0,1,1,0,0,0
3239,15.0,6.0,106.0,-169,31.0,0.4,77.0,0,0,0,0,0,0,0,0,0,0,1,1,0,0,0
7182,1539.0,0.0,487.0,-709,629.0,2.0,310.0,0,0,1,0,0,0,1,0,0,1,0,0,1,0,0
3881,821.0,119.0,145.0,56,908.0,26.7,34.0,0,0,0,0,1,0,0,0,0,1,1,0,0,1,0
590,667.0,482.0,366.0,-185,1626.0,5.5,297.0,0,0,0,0,0,0,1,0,0,1,0,0,0,1,0
4965,287.0,1.0,108.0,-47,275.0,0.8,335.0,0,0,0,0,0,0,0,0,1,0,0,1,0,0,0
4271,678.0,12.0,147.0,-213,732.0,52.3,14.0,0,0,0,0,0,0,0,0,0,1,1,0,0,1,0
8631,747.0,11.0,344.0,373,1377.0,10.1,136.0,0,0,0,0,1,0,0,0,1,0,0,0,0,1,0
4946,184.0,1.0,25.0,150,104.0,7.4,14.0,0,0,0,0,1,0,0,1,0,0,1,0,0,1,0
1452,585.0,22.0,177.0,1470,201.0,5.4,37.0,0,1,0,0,0,0,1,0,0,1,0,0,0,1,0
6959,1027.0,351.0,403.0,-118,1016.0,4.3,237.0,0,0,0,1,0,1,0,1,0,1,1,0,0,0,0
1543,3797.0,12.0,464.0,-292,3289.0,11.7,280.0,0,0,0,0,0,0,0,0,1,1,0,0,0,1,0
4931,936.0,379.0,757.0,-54,1761.0,2.6,685.0,0,0,0,0,0,0,0,0,0,0,1,0,1,0,0
4170,797.0,211.0,341.0,-765,1464.0,6.0,246.0,0,0,0,0,1,0,1,0,0,1,0,0,0,1,0
6303,378.0,0.0,46.0,-615,250.0,250.0,1.0,0,0,0,0,0,0,0,0,1,1,0,0,0,1,0
7045,1109.0,393.0,327.0,-35,1407.0,3.7,378.0,1,0,0,0,0,0,1,0,0,0,0,0,0,0,0
6769,295.0,0.0,113.0,625,32.0,0.3,118.0,0,0,0,0,1,0,0,1,0,0,1,1,0,0,0
5021,1811.0,1354.0,462.0,324,3400.0,4.0,852.0,0,0,0,1,0,0,1,0,0,0,0,0,0,0,0
7511,712.0,212.0,90.0,-145,620.0,4.1,153.0,0,0,0,1,0,0,0,1,0,0,1,0,0,0,0
1065,1033.0,360.0,132.0,405,563.0,7.0,81.0,0,0,0,1,0,0,0,0,1,0,0,0,0,1,0
5145,477.0,185.0,18.0,52,639.0,319.5,2.0,0,0,1,0,0,0,0,0,0,0,1,0,0,1,0
3636,2599.0,97.0,306.0,-509,1126.0,2.7,423.0,1,0,0,0,0,0,1,0,0,0,0,0,1,0,0
8753,487.0,30.0,61.0,-913,250.0,1.9,135.0,0,0,0,0,0,0,0,0,0,0,1,0,1,0,0
2387,941.0,4.0,81.0,153,24.0,0.8,31.0,0,0,0,0,0,0,1,0,0,0,0,1,0,0,0
602,579.0,0.0,59.0,-373,123.0,3.3,37.0,0,0,0,0,0,0,0,0,0,0,1,0,0,0,0
2583,2855.0,0.0,663.0,-365,1974.0,2.0,997.0,0,0,0,0,1,0,0,1,0,0,1,0,1,0,0
8324,529.0,260.0,172.0,-13,528.0,2.3,234.0,0,1,0,0,0,0,0,0,1,0,0,0,1,0,0
7849,4548.0,48.0,589.0,244,4269.0,3.9,1097.0,0,0,0,1,0,0,0,1,0,0,1,0,0,0,0
2948,2690.0,0.0,452.0,-381,1292.0,5.5,237.0,1,0,0,0,0,0,1,0,0,0,0,0,0,1,0
4332,66.0,0.0,16.0,-108,23.0,0.8,28.0,0,0,0,0,1,0,0,0,0,0,1,1,0,0,0
1078,752.0,0.0,118.0,-245,1033.0,27.2,38.0,1,0,0,0,0,0,0,0,0,0,1,0,0,1,0
3664,2540.0,176.0,440.0,-53,2301.0,5.9,388.0,1,0,0,0,0,0,0,0,0,0,1,0,0,1,0
484,1704.0,75.0,380.0,190,1468.0,4.2,347.0,0,0,0,0,0,0,0,0,0,0,1,0,0,0,0
3371,2344.0,0.0,103.0,-339,341.0,4.9,69.0,0,0,0,0,0,0,0,0,0,1,1,0,0,0,0
5776,2526.0,0.0,292.0,32,47.0,0.3,144.0,0,0,0,1,0,0,1,0,0,0,0,1,0,0,0
6483,99.0,495.0,95.0,-480,662.0,3.1,215.0,1,0,0,0,0,0,0,0,0,0,1,0,0,0,0
1494,1696.0,958.0,101.0,351,5146.0,84.4,61.0,0,0,0,0,1,0,0,0,1,0,0,0,0,1,0
2194,2004.0,11.0,611.0,323,1559.0,5.1,303.0,1,0,0,0,0,0,1,0,0,1,0,0,0,1,0
4889,237.0,1.0,270.0,383,1758.0,4.3,408.0,0,0,0,0,1,1,1,0,0,0,0,0,0,0,0
380,359.0,381.0,259.0,94,926.0,4.7,199.0,1,0,0,0,0,0,0,0,1,0,0,0,0,0,0
3919,314.0,236.0,118.0,-15,867.0,2.4,365.0,0,0,0,0,0,0,0,0,1,0,0,0,1,0,0
8386,94.0,8.0,174.0,-122,368.0,2.5,145.0,0,0,0,0,0,0,0,0,1,0,0,0,1,0,0
3150,3928.0,11.0,683.0,-145,5783.0,18.9,306.0,0,0,1,0,0,0,0,1,0,0,1,0,0,1,0
7967,728.0,54.0,637.0,167,1319.0,1.6,805.0,0,0,0,0,0,0,1,0,0,0,0,0,1,0,0
6122,1.0,2268.0,9.0,-4,10.0,1.2,8.0,0,0,0,1,0,0,0,0,1,0,0,0,1,0,0
5219,157.0,47.0,42.0,3,457.0,38.1,12.0,0,0,0,0,0,0,0,0,0,0,1,0,0,1,0
2724,2901.0,407.0,860.0,341,1521.0,5.2,291.0,0,0,0,1,0,0,0,1,0,0,1,0,0,1,0
874,6900.0,60.0,1307.0,-75,5482.0,4.2,1294.0,0,0,0,0,0,0,0,1,0,1,1,0,0,0,0
457,444.0,28.0,355.0,787,925.0,4.4,211.0,0,0,0,0,1,1,1,0,0,1,0,0,0,0,0
1320,26.0,21.0,7.0,-1116,14.0,7.0,2.0,0,0,0,1,0,0,0,0,0,1,1,0,0,1,0
2326,3932.0,33.0,443.0,89,3477.0,7.2,483.0,1,0,0,0,0,1,0,0,0,0,1,0,0,1,0
2088,286.0,40.0,296.0,387,522.0,2.3,226.0,0,0,0,0,0,0,0,0,0,0,1,0,1,0,0
3295,119.0,0.0,71.0,468,317.0,6.9,46.0,0,1,0,0,0,0,0,0,0,0,1,0,0,1,0
3827,2752.0,0.0,462.0,13,1343.0,1.5,901.0,0,0,0,0,0,0,1,0,0,1,0,0,1,0,0
637,1742.0,19.0,269.0,-368,688.0,5.5,126.0,0,0,0,0,0,0,0,1,0,1,1,0,0,1,0
8717,1683.0,49.0,537.0,-401,1298.0,13.0,100.0,0,0,0,1,0,0,0,1,0,1,1,0,0,1,0
2093,644.0,211.0,132.0,-343,1002.0,125.2,8.0,0,0,1,0,0,0,0,0,1,0,0,0,0,1,0
6312,803.0,393.0,69.0,-589,662.0,20.7,32.0,0,0,0,1,0,0,0,0,1,1,0,0,0,1,0
8624,531.0,26.0,95.0,-258,182.0,4.7,39.0,1,0,0,0,0,0,0,1,0,0,1,0,0,0,0
1736,134.0,9.0,20.0,117,27.0,4.5,6.0,0,0,0,0,0,0,0,0,0,0,1,0,0,0,0
5707,244.0,7.0,34.0,232,142.0,15.8,9.0,0,0,0,0,0,0,0,1,0,0,1,0,0,1,0
8446,882.0,430.0,30.0,467,1568.0,224.0,7.0,0,0,1,0,0,0,0,0,1,1,0,0,0,1,0
4887,4787.0,5.0,371.0,-29,2805.0,4.5,617.0,0,0,0,0,1,0,1,0,0,1,0,0,0,0,0
1313,3220.0,1384.0,1133.0,4,7573.0,6.3,1195.0,1,0,0,0,0,0,0,0,1,0,0,0,0,1,0
2030,328.0,1043.0,344.0,701,809.0,9.2,88.0,0,0,0,0,0,0,0,1,0,0,1,0,0,1,0
5044,293.0,747.0,387.0,273,750.0,1.8,418.0,0,0,0,0,1,0,1,0,0,1,0,0,1,0,0
1824,604.0,239.0,310.0,536,1028.0,9.8,105.0,0,0,0,1,0,0,0,0,1,0,0,0,0,1,0
7840,10.0,62.0,19.0,-330,110.0,36.7,3.0,0,0,0,0,1,0,0,0,1,0,0,0,0,1,0
7352,412.0,110.0,357.0,579,521.0,1.2,447.0,0,0,0,0,0,0,0,1,0,1,1,0,1,0,0
6393,520.0,1.0,195.0,-146,246.0,1.0,242.0,1,0,0,0,0,0,0,0,1,0,0,1,0,0,0
3440,1258.0,22.0,106.0,402,495.0,17.7,28.0,1,0,0,0,0,0,0,0,1,1,0,0,0,1,0
5779,482.0,9.0,23.0,-223,794.0,14.7,54.0,0,0,0,0,1,0,0,0,0,0,1,0,0,1,0
4071,23.0,0.0,56.0,-132,1.0,0.0,61.0,0,0,0,1,0,0,0,1,0,0,1,0,0,0,1
5859,2422.0,5.0,512.0,228,4026.0,3.1,1283.0,0,0,0,0,1,0,0,1,0,1,1,0,0,0,0
1527,1799.0,59.0,561.0,497,1785.0,4.5,393.0,0,0,1,0,0,0,1,0,0,0,0,0,0,0,0
6430,4733.0,6.0,590.0,-662,1369.0,6.6,208.0,0,0,0,1,0,0,1,0,0,1,0,0,0,1,0
1711,941.0,4.0,187.0,205,1479.0,12.2,121.0,0,0,1,0,0,0,1,0,0,0,0,0,0,1,0
6605,278.0,0.0,115.0,63,1181.0,65.6,18.0,0,0,0,0,0,0,0,0,0,1,1,0,0,1,0
570,2753.0,1104.0,756.0,88,2350.0,4.5,526.0,0,0,0,1,0,0,0,0,0,1,1,0,0,0,0
1304,734.0,3.0,117.0,-8,136.0,0.5,285.0,0,0,0,1,0,0,0,0,0,0,1,1,0,0,0
3605,2094.0,0.0,292.0,-119,2783.0,18.3,152.0,1,0,0,0,0,0,0,1,0,0,1,0,0,1,0
7893,364.0,66.0,160.0,-355,329.0,2.0,167.0,0,0,0,0,1,0,0,1,0,0,1,0,1,0,0
1140,1420.0,2797.0,589.0,-82,4167.0,4.9,858.0,0,0,0,0,0,0,0,0,0,1,1,0,0,0,0
3648,2181.0,274.0,876.0,43,3869.0,4.5,851.0,1,0,0,0,0,0,0,1,0,0,1,0,0,0,0
2810,2397.0,2583.0,1490.0,-134,5781.0,4.6,1247.0,0,0,1,0,0,0,0,0,1,1,0,0,0,0,0
8572,40.0,5.0,27.0,-734,503.0,100.6,5.0,0,0,0,0,0,0,1,0,0,1,0,0,0,1,0
4525,604.0,1.0,55.0,-134,188.0,18.8,10.0,0,0,0,0,0,0,0,0,1,1,0,0,0,1,0
7582,4.0,317.0,54.0,-455,8.0,0.2,38.0,1,0,0,0,0,0,0,0,0,0,1,1,0,0,0
5189,101.0,0.0,11.0,-449,173.0,86.5,2.0,0,0,0,0,1,0,0,1,0,0,1,0,0,1,0
3631,4586.0,449.0,841.0,240,5009.0,7.8,640.0,0,0,0,0,0,0,0,1,0,0,1,0,0,1,0
1435,200.0,0.0,19.0,145,55.0,6.9,8.0,0,0,0,0,0,0,0,1,0,0,1,0,0,1,0
6786,311.0,64.0,370.0,-675,247.0,0.4,653.0,0,0,0,0,1,1,0,0,0,0,1,1,0,0,0
3824,12.0,132.0,19.0,-80,37.0,1.0,38.0,0,0,1,0,0,0,1,0,0,1,0,1,0,0,0
6273,3761.0,14.0,363.0,329,3516.0,10.3,342.0,0,0,0,0,0,0,0,0,0,0,1,0,0,1,0
1521,1153.0,0.0,349.0,-145,699.0,1.6,436.0,0,1,0,0,0,0,0,0,0,0,1,0,1,0,0
8422,71.0,0.0,21.0,-1117,81.0,10.1,8.0,0,0,0,1,0,0,0,0,1,0,0,0,0,1,0
8558,485.0,2.0,29.0,-243,1601.0,28.6,56.0,1,0,0,0,0,1,0,0,1,0,0,0,0,1,0
3722,577.0,0.0,199.0,535,107.0,0.7,143.0,0,0,0,0,1,0,0,1,0,1,1,1,0,0,0
1728,582.0,1.0,153.0,805,117.0,0.8,148.0,0,0,1,0,0,0,0,0,0,1,1,1,0,0,0
4858,10.0,54.0,59.0,-441,610.0,11.5,53.0,0,0,0,0,0,0,0,0,1,1,0,0,0,1,0
3212,42.0,42.0,4.0,37,171.0,85.5,2.0,0,0,1,0,0,0,0,1,0,0,1,0,0,1,0
4461,265.0,0.0,21.0,-7,326.0,21.7,15.0,1,0,0,0,0,0,1,0,0,0,0,0,0,1,0
4671,1151.0,9.0,76.0,36,53.0,1.2,46.0,0,0,0,1,0,0,0,0,0,1,1,0,1,0,0
214,2873.0,0.0,529.0,-206,651.0,0.9,714.0,0,0,0,0,0,0,0,0,1,0,0,1,0,0,0
5524,813.0,0.0,171.0,736,992.0,18.4,54.0,0,0,0,0,1,0,0,1,0,0,1,0,0,1,0
8040,763.0,32.0,182.0,-362,254.0,2.6,99.0,0,1,0,0,0,1,0,0,1,0,0,0,1,0,0
7012,82.0,5.0,52.0,-143,116.0,1.2,94.0,0,0,1,0,0,0,0,0,1,0,0,0,1,0,0
1414,203.0,1257.0,198.0,-452,1599.0,7.7,208.0,1,0,0,0,0,0,0,1,0,0,1,0,0,1,0
983,288.0,2.0,110.0,-177,764.0,9.9,77.0,0,0,0,0,0,0,0,1,0,0,1,0,0,1,0
1541,1344.0,0.0,312.0,184,2179.0,16.0,136.0,0,1,0,0,0,0,0,0,1,1,0,0,0,1,0
8292,1811.0,29.0,186.0,-820,1247.0,24.0,52.0,1,0,0,0,0,1,0,0,1,1,0,0,0,1,0
7769,2552.0,1396.0,418.0,45,1596.0,5.1,312.0,0,0,0,1,0,0,0,1,0,0,1,0,0,1,0
3269,1623.0,93.0,174.0,24,2183.0,18.7,117.0,1,0,0,0,0,0,0,1,0,1,1,0,0,1,0
1026,853.0,0.0,254.0,-55,232.0,3.8,61.0,0,0,0,0,1,0,0,1,0,0,1,0,0,0,0
381,1083.0,0.0,96.0,-381,132.0,5.5,24.0,0,0,0,0,0,0,1,0,0,0,0,0,0,1,0
6951,144.0,710.0,51.0,-261,184.0,1.2,158.0,1,0,0,0,0,0,0,1,0,1,1,0,1,0,0
3047,312.0,16.0,125.0,-32,122.0,0.7,176.0,0,0,0,0,0,0,0,0,1,0,0,1,0,0,0
1481,148.0,257.0,64.0,-171,977.0,32.6,30.0,0,0,0,1,0,0,0,1,0,1,1,0,0,1,0
2816,30.0,1.0,48.0,152,178.0,4.1,43.0,0,1,0,0,0,0,1,0,0,1,0,0,0,0,0
7415,3860.0,1.0,550.0,-298,2578.0,13.8,187.0,0,0,0,0,1,0,0,0,0,0,1,0,0,1,0
5571,1864.0,443.0,263.0,36,2778.0,42.7,65.0,1,0,0,0,0,0,1,0,0,0,0,0,0,1,0
424,1277.0,114.0,575.0,371,714.0,0.7,1038.0,1,0,0,0,0,0,0,0,1,0,0,1,0,0,0
6814,1696.0,213.0,305.0,56,146.0,0.5,324.0,0,0,0,0,0,1,0,0,1,1,0,1,0,0,0
5009,299.0,811.0,492.0,82,983.0,2.8,348.0,0,0,0,0,0,0,0,0,0,0,1,0,1,0,0
1877,108.0,1.0,60.0,285,337.0,3.0,114.0,0,0,0,0,1,0,0,1,0,0,1,0,0,0,0
8499,1249.0,106.0,429.0,137,2015.0,3.7,548.0,0,0,0,1,0,0,0,1,0,0,1,0,0,0,0
2932,313.0,17.0,40.0,-821,457.0,26.9,17.0,0,1,0,0,0,0,1,0,0,0,0,0,0,1,0
6668,1135.0,38.0,225.0,-96,195.0,2.7,71.0,0,0,0,0,0,0,1,0,0,0,0,0,1,0,0
5259,3881.0,0.0,633.0,-26,2432.0,3.3,745.0,0,0,0,0,1,0,1,0,0,0,0,0,0,0,0
3111,3309.0,1.0,746.0,-79,1452.0,5.6,258.0,0,0,1,0,0,0,0,0,1,1,0,0,0,1,0
8156,102.0,0.0,10.0,251,242.0,17.3,14.0,0,0,0,0,1,0,0,1,0,1,1,0,0,1,0
6099,1019.0,22.0,358.0,-194,1358.0,2.2,604.0,0,1,0,0,0,0,1,0,0,0,0,0,1,0,0
2958,1899.0,0.0,821.0,71,657.0,0.5,1201.0,0,0,0,0,0,0,0,0,0,0,1,1,0,0,0
2576,7580.0,75.0,1231.0,601,5624.0,8.5,660.0,0,0,0,0,0,0,0,0,0,0,1,0,0,1,0
1615,13.0,108.0,12.0,-449,222.0,44.4,5.0,0,0,0,0,0,1,0,0,0,0,1,0,0,1,0
7804,4759.0,1599.0,1561.0,260,9511.0,7.3,1298.0,0,0,0,0,1,0,0,0,0,1,1,0,0,1,0
6865,749.0,9.0,294.0,483,953.0,9.0,106.0,0,0,0,0,0,0,1,0,0,0,0,0,0,1,0
5791,423.0,676.0,335.0,-106,644.0,4.6,139.0,0,0,0,0,0,0,0,0,1,0,0,0,0,0,0
5063,545.0,228.0,62.0,68,289.0,48.2,6.0,0,0,1,0,0,0,0,0,0,0,1,0,0,1,0
4047,334.0,3.0,127.0,-503,792.0,4.8,166.0,0,0,0,1,0,0,0,0,0,1,1,0,0,0,0
4187,5915.0,1458.0,1436.0,11,7859.0,11.7,671.0,0,0,1,0,0,0,0,1,0,1,1,0,0,1,0
7909,1787.0,0.0,1168.0,-301,576.0,0.5,1057.0,0,0,0,0,0,0,1,0,0,0,0,1,0,0,0
5321,128.0,324.0,18.0,290,658.0,658.0,1.0,0,0,1,0,0,0,0,0,1,0,0,0,0,1,0
368,234.0,0.0,31.0,-416,122.0,122.0,1.0,0,0,1,0,0,0,0,1,0,1,1,0,0,1,0
5239,1108.0,46.0,166.0,84,1396.0,51.7,27.0,1,0,0,0,0,0,0,1,0,1,1,0,0,1,0
6908,721.0,0.0,118.0,-9,1355.0,42.3,32.0,0,0,1,0,0,0,1,0,0,0,0,0,0,1,0
3430,82.0,251.0,339.0,-799,1722.0,4.2,408.0,0,1,0,0,0,0,1,0,0,1,0,0,0,0,0
6699,210.0,3.0,181.0,396,618.0,1.4,449.0,0,0,0,0,0,0,1,0,0,1,0,0,1,0,0
4272,617.0,1280.0,996.0,-175,1431.0,3.0,473.0,0,0,0,0,1,0,0,1,0,0,1,0,0,0,0
6296,1712.0,103.0,845.0,30,766.0,1.0,803.0,0,1,0,0,0,0,1,0,0,0,0,1,0,0,0
7741,136.0,647.0,207.0,-364,161.0,3.2,50.0,0,0,0,0,0,0,0,0,1,0,0,0,0,0,0
731,4798.0,8.0,545.0,565,4429.0,9.4,472.0,0,0,0,0,0,0,0,1,0,0,1,0,0,1,0
3703,908.0,0.0,41.0,-788,717.0,23.9,30.0,0,0,0,0,0,0,0,0,0,1,1,0,0,1,0
6661,378.0,0.0,284.0,157,985.0,7.6,130.0,0,0,0,0,0,0,0,0,0,0,1,0,0,1,0
1549,130.0,64.0,117.0,-276,307.0,4.1,75.0,1,0,0,0,0,1,1,0,0,1,0,0,0,0,0
4540,16.0,0.0,27.0,-1,2.0,0.1,38.0,0,0,0,1,0,0,1,0,0,0,0,1,0,0,0
5943,525.0,1.0,112.0,-255,203.0,7.8,26.0,0,1,0,0,0,1,0,0,0,0,1,0,0,1,0
7285,986.0,3.0,217.0,-10,413.0,3.1,133.0,0,0,0,0,0,0,0,1,0,0,1,0,0,0,0
8609,19.0,0.0,48.0,-427,84.0,4.7,18.0,0,0,0,0,0,0,0,1,0,1,1,0,0,0,0
1451,1969.0,74.0,270.0,269,1221.0,2.2,548.0,0,0,0,0,0,0,0,1,0,0,1,0,1,0,0
4150,16.0,303.0,1.0,633,17.0,8.5,2.0,1,0,0,0,0,1,0,1,0,0,1,0,0,1,0
5281,1331.0,159.0,452.0,293,1703.0,8.0,214.0,0,1,0,0,0,0,0,1,0,1,1,0,0,1,0
7634,1360.0,11.0,311.0,2,670.0,2.1,315.0,0,0,0,0,0,0,0,0,0,1,1,0,1,0,0
6957,1053.0,242.0,304.0,-466,1055.0,3.9,273.0,0,0,0,0,0,0,0,0,1,0,0,0,0,0,0
5866,5861.0,1.0,711.0,-254,5555.0,7.6,730.0,0,0,1,0,0,1,0,1,0,0,1,0,0,1,0
6144,4860.0,0.0,310.0,206,3433.0,34.3,100.0,0,0,1,0,0,0,0,0,0,0,1,0,0,1,0
3317,44.0,575.0,98.0,-146,216.0,72.0,3.0,0,0,0,0,1,0,1,0,0,0,0,0,0,1,0
7819,4770.0,20.0,606.0,409,1789.0,4.9,366.0,0,0,0,1,0,0,1,0,0,0,0,0,0,0,0
219,2066.0,637.0,723.0,334,3269.0,6.5,502.0,0,0,0,0,0,0,1,0,0,0,0,0,0,1,0
1091,1042.0,2336.0,621.0,-706,1091.0,5.0,218.0,0,1,0,0,0,0,0,1,0,1,1,0,0,0,0
6891,284.0,0.0,16.0,551,596.0,20.6,29.0,0,0,0,1,0,0,0,0,1,1,0,0,0,1,0
8714,3365.0,0.0,437.0,21,786.0,2.0,398.0,1,0,0,0,0,0,1,0,0,0,0,0,1,0,0
1795,119.0,1250.0,347.0,-466,529.0,2.5,213.0,0,1,0,0,0,1,0,0,1,1,0,0,1,0,0
8196,875.0,0.0,108.0,265,210.0,1.8,119.0,0,0,0,0,1,0,0,0,1,0,0,0,1,0,0
8363,1911.0,154.0,598.0,-409,1617.0,2.9,559.0,0,0,0,0,0,0,0,1,0,0,1,0,1,0,0
3260,591.0,276.0,237.0,-526,475.0,6.2,76.0,0,0,1,0,0,0,1,0,0,0,0,0,0,1,0
7641,4455.0,0.0,1126.0,32,3165.0,2.0,1544.0,0,0,0,0,0,0,0,0,1,0,0,0,1,0,0
6947,1344.0,44.0,433.0,-329,950.0,1.5,645.0,0,0,0,0,0,0,0,0,0,0,1,0,1,0,0
4400,1140.0,334.0,249.0,-453,1713.0,9.6,179.0,0,0,0,0,1,0,0,0,0,0,1,0,0,1,0
892,4627.0,736.0,2574.0,107,3570.0,2.1,1727.0,0,0,0,1,0,0,0,1,0,1,1,0,1,0,0
3873,4645.0,2.0,753.0,125,2517.0,5.2,483.0,0,1,0,0,0,0,0,1,0,0,1,0,0,1,0
6778,697.0,13.0,161.0,32,2137.0,11.0,195.0,0,0,0,0,0,0,0,0,0,1,1,0,0,1,0
8626,2032.0,0.0,1052.0,216,791.0,0.8,1036.0,0,0,0,1,0,0,0,1,0,0,1,1,0,0,0
3575,3266.0,110.0,687.0,-479,3942.0,11.7,337.0,0,0,0,1,0,0,0,1,0,0,1,0,0,1,0
1278,107.0,0.0,175.0,-213,650.0,27.1,24.0,1,0,0,0,0,0,0,0,1,0,0,0,0,1,0
2940,1776.0,1.0,709.0,-51,2372.0,3.8,627.0,0,1,0,0,0,0,0,1,0,1,1,0,0,0,0
4200,1093.0,91.0,522.0,-448,988.0,2.1,463.0,0,0,0,1,0,0,0,0,1,0,0,0,1,0,0
2629,3585.0,33.0,208.0,216,2837.0,28.4,100.0,0,0,0,0,0,0,0,0,0,0,1,0,0,1,0
7486,268.0,0.0,6.0,118,114.0,12.7,9.0,0,0,0,0,1,0,1,0,0,1,0,0,0,1,0
1525,3793.0,344.0,952.0,-55,4871.0,6.5,753.0,0,0,0,0,1,0,1,0,0,0,0,0,0,1,0
7730,967.0,2.0,468.0,-620,848.0,7.0,121.0,0,0,0,1,0,0,0,1,0,0,1,0,0,1,0
5434,548.0,42.0,334.0,766,534.0,1.7,311.0,0,0,0,1,0,0,0,0,0,0,1,0,1,0,0
4113,140.0,2.0,107.0,-310,732.0,11.4,64.0,1,0,0,0,0,0,0,1,0,1,1,0,0,1,0
4479,1519.0,25.0,111.0,-169,1210.0,17.8,68.0,0,0,0,0,0,0,1,0,0,0,0,0,0,1,0
2435,180.0,103.0,56.0,573,509.0,39.2,13.0,0,0,1,0,0,0,0,0,1,1,0,0,0,1,0
659,45.0,18.0,50.0,-410,272.0,11.3,24.0,1,0,0,0,0,0,0,0,0,0,1,0,0,1,0
5392,871.0,377.0,313.0,-149,657.0,5.7,115.0,0,0,0,0,1,0,0,0,1,0,0,0,0,1,0
4438,1721.0,1.0,193.0,-180,190.0,1.8,103.0,0,0,0,0,1,0,1,0,0,0,0,0,1,0,0
2049,224.0,0.0,58.0,102,465.0,232.5,2.0,0,0,0,0,1,0,0,0,1,0,0,0,0,1,0
5903,92.0,217.0,48.0,-26,570.0,285.0,2.0,1,0,0,0,0,0,0,1,0,0,1,0,0,1,0
7962,80.0,0.0,29.0,-275,571.0,11.0,52.0,0,0,0,0,1,1,1,0,0,0,0,0,0,1,0
2006,144.0,72.0,122.0,117,38.0,0.3,127.0,0,0,0,1,0,0,0,1,0,0,1,1,0,0,0
702,337.0,293.0,79.0,106,523.0,9.7,54.0,0,0,0,0,1,0,1,0,0,1,0,0,0,1,0
4761,3108.0,322.0,533.0,-228,2606.0,3.7,712.0,0,0,0,0,0,0,0,0,1,0,0,0,0,0,0
7230,2007.0,60.0,607.0,62,3978.0,4.3,921.0,0,0,0,1,0,0,0,0,0,1,1,0,0,0,0
8277,427.0,219.0,417.0,198,605.0,2.1,291.0,0,0,1,0,0,0,0,1,0,0,1,0,1,0,0
3058,421.0,7.0,325.0,-318,766.0,4.5,170.0,0,0,0,0,0,0,0,0,0,1,1,0,0,0,0
2317,37.0,0.0,1.0,-79,3.0,1.5,2.0,0,0,0,0,0,0,0,1,0,0,1,0,1,0,0
501,879.0,0.0,164.0,-803,654.0,2.5,264.0,0,0,0,0,1,0,1,0,0,0,0,0,1,0,0
6755,103.0,215.0,13.0,405,517.0,103.4,5.0,0,0,0,0,0,0,0,1,0,0,1,0,0,1,0
6706,779.0,145.0,62.0,-567,968.0,17.0,57.0,0,0,0,0,0,0,0,0,1,1,0,0,0,1,0
8126,2400.0,456.0,657.0,-587,1308.0,3.1,423.0,0,0,0,1,0,0,1,0,0,1,0,0,0,0,0
2176,190.0,0.0,175.0,-320,123.0,3.4,36.0,0,0,0,0,0,0,1,0,0,0,0,0,0,0,0
931,6.0,156.0,18.0,-215,94.0,3.1,30.0,0,0,0,0,1,0,0,0,0,1,1,0,0,0,0
2513,629.0,1.0,388.0,249,591.0,4.3,139.0,0,1,0,0,0,0,0,1,0,0,1,0,0,0,0
2603,776.0,2.0,207.0,482,542.0,9.0,60.0,0,0,0,0,0,0,0,0,1,0,0,0,0,1,0
7832,2456.0,72.0,186.0,-154,1947.0,6.0,325.0,0,0,0,1,0,0,0,1,0,0,1,0,0,1,0
1136,4935.0,467.0,977.0,397,3718.0,5.1,726.0,0,0,0,0,0,0,0,0,0,0,1,0,0,1,0
55,946.0,87.0,439.0,-715,1311.0,2.7,487.0,1,0,0,0,0,0,0,0,0,0,1,0,1,0,0
1305,1967.0,108.0,708.0,214,1824.0,3.8,481.0,1,0,0,0,0,0,1,0,0,0,0,0,0,0,0
2342,54.0,292.0,30.0,-384,109.0,3.8,29.0,1,0,0,0,0,0,0,0,1,0,0,0,0,0,0
6733,1789.0,191.0,655.0,-78,1890.0,0.9,2017.0,0,0,0,0,0,0,0,1,0,1,1,1,0,0,0
2957,416.0,1.0,27.0,-7,730.0,31.7,23.0,0,1,0,0,0,0,0,1,0,1,1,0,0,1,0
1997,371.0,2.0,170.0,-119,230.0,5.2,44.0,0,1,0,0,0,0,0,0,0,0,1,0,0,1,0
6888,1125.0,0.0,159.0,983,490.0,2.2,223.0,0,0,0,0,1,1,1,0,0,0,0,0,1,0,0
7895,252.0,1.0,57.0,-202,226.0,113.0,2.0,0,0,0,1,0,0,0,0,0,1,1,0,0,1,0
6704,153.0,0.0,19.0,-82,416.0,52.0,8.0,0,0,0,0,0,0,1,0,0,0,0,0,0,1,0
574,301.0,2.0,7.0,296,602.0,602.0,1.0,0,0,0,0,0,0,0,1,0,1,1,0,0,1,0
3265,5455.0,577.0,1459.0,204,5972.0,8.6,692.0,1,0,0,0,0,0,0,1,0,0,1,0,0,1,0
369,773.0,1525.0,728.0,46,3252.0,3.9,832.0,1,0,0,0,0,0,0,0,1,1,0,0,0,0,0
6306,32.0,3868.0,181.0,-184,252.0,2.1,121.0,0,0,1,0,0,0,1,0,0,0,0,0,1,0,0
3540,1059.0,313.0,393.0,-803,277.0,0.5,539.0,0,0,0,0,0,0,0,0,1,0,0,1,0,0,0
2305,1637.0,89.0,287.0,138,1786.0,4.7,384.0,0,0,0,0,0,0,1,0,0,0,0,0,0,0,0
2167,1036.0,8.0,158.0,-55,1384.0,9.9,140.0,0,0,0,0,0,0,1,0,0,0,0,0,0,1,0
1141,1578.0,0.0,328.0,-150,641.0,2.9,218.0,1,0,0,0,0,0,0,1,0,0,1,0,1,0,0
7767,514.0,107.0,83.0,784,977.0,14.6,67.0,1,0,0,0,0,0,1,0,0,0,0,0,0,1,0
1976,221.0,15.0,408.0,-291,211.0,0.9,246.0,0,0,0,0,1,0,0,0,0,0,1,1,0,0,0
7306,116.0,90.0,132.0,738,18.0,0.2,84.0,0,0,0,0,1,0,0,0,0,1,1,1,0,0,0
8189,177.0,1.0,276.0,866,522.0,6.7,78.0,1,0,0,0,0,0,0,1,0,1,1,0,0,1,0
643,714.0,0.0,108.0,-910,1268.0,115.3,11.0,0,0,0,0,1,0,0,1,0,0,1,0,0,1,0
7801,34.0,297.0,15.0,-958,54.0,0.8,65.0,1,0,0,0,0,0,0,0,0,1,1,1,0,0,0
5177,1801.0,173.0,279.0,443,1656.0,9.7,170.0,0,0,0,1,0,0,0,0,1,1,0,0,0,1,0
1830,39.0,694.0,33.0,259,175.0,7.6,23.0,0,0,0,0,0,0,0,0,1,0,0,0,0,1,0
1018,501.0,14.0,46.0,110,708.0,78.7,9.0,1,0,0,0,0,0,0,1,0,0,1,0,0,1,0
2850,1847.0,93.0,716.0,737,2130.0,4.9,433.0,0,1,0,0,0,0,0,0,1,1,0,0,0,0,0
5611,558.0,548.0,260.0,-906,795.0,6.0,132.0,0,0,0,0,1,0,1,0,0,0,0,0,0,1,0
7720,1673.0,213.0,219.0,-489,2366.0,12.5,190.0,0,0,0,0,1,0,0,0,0,0,1,0,0,1,0
4973,871.0,0.0,102.0,-204,393.0,5.0,78.0,0,0,0,0,0,0,0,0,0,0,1,0,0,0,0
7423,1062.0,93.0,663.0,11,474.0,0.5,869.0,0,0,1,0,0,0,0,1,0,0,1,1,0,0,0
5363,1640.0,4.0,260.0,124,1238.0,8.2,151.0,0,0,0,0,1,1,0,1,0,1,1,0,0,1,0
7190,3507.0,203.0,1201.0,-56,3684.0,2.2,1675.0,0,0,0,0,1,0,0,0,0,0,1,0,1,0,0
3539,5666.0,33.0,722.0,-361,5161.0,4.9,1048.0,0,0,0,0,0,0,0,0,0,0,1,0,0,0,0
3548,865.0,360.0,275.0,105,1510.0,33.6,45.0,0,1,0,0,0,0,0,1,0,0,1,0,0,1,0
6677,969.0,2463.0,644.0,-420,1611.0,1.5,1087.0,0,0,0,0,0,1,0,1,0,1,1,0,1,0,0
773,205.0,230.0,821.0,504,1311.0,1.5,894.0,0,0,0,0,0,0,1,0,0,0,0,0,1,0,0
980,572.0,230.0,477.0,32,637.0,2.7,240.0,1,0,0,0,0,1,0,1,0,0,1,0,1,0,0
4229,5436.0,220.0,772.0,646,3351.0,9.0,372.0,1,0,0,0,0,0,1,0,0,1,0,0,0,1,0
728,55.0,349.0,78.0,482,209.0,6.3,33.0,0,0,1,0,0,1,0,0,0,1,1,0,0,1,0
6380,480.0,516.0,376.0,-152,102.0,0.6,182.0,0,1,0,0,0,0,1,0,0,0,0,1,0,0,0
1111,563.0,7.0,103.0,-61,488.0,37.5,13.0,0,0,0,0,0,0,0,1,0,0,1,0,0,1,0
5118,867.0,19.0,130.0,378,467.0,4.0,118.0,0,0,0,1,0,0,0,0,0,1,1,0,0,0,0
6810,63.0,0.0,4.0,-1107,6.0,0.5,13.0,0,0,0,0,1,0,1,0,0,0,0,1,0,0,0
5265,7498.0,563.0,761.0,-978,2715.0,5.4,501.0,0,1,0,0,0,0,1,0,0,0,0,0,0,1,0
5276,782.0,7.0,132.0,329,123.0,0.6,215.0,1,0,0,0,0,0,0,0,1,0,0,1,0,0,0
5767,960.0,368.0,545.0,-453,1392.0,4.6,305.0,0,0,1,0,0,0,0,1,0,1,1,0,0,0,0
1295,1269.0,48.0,345.0,-756,1913.0,3.1,622.0,0,0,0,1,0,0,0,0,0,1,1,0,0,0,0
2570,146.0,166.0,6.0,168,716.0,47.7,15.0,0,0,1,0,0,0,0,0,0,1,1,0,0,1,0
8602,419.0,494.0,87.0,-103,349.0,3.5,101.0,1,0,0,0,0,1,0,0,0,1,1,0,0,0,0
4704,285.0,0.0,86.0,-377,120.0,1.4,87.0,0,0,0,0,0,0,0,1,0,0,1,0,1,0,0
2079,626.0,0.0,225.0,-606,232.0,1.4,165.0,0,0,0,0,0,0,1,0,0,0,0,0,1,0,0
5786,314.0,7.0,104.0,31,190.0,6.8,28.0,1,0,0,0,0,0,0,1,0,0,1,0,0,1,0
7947,135.0,0.0,90.0,-591,3.0,0.1,42.0,0,0,0,0,0,0,0,1,0,0,1,1,0,0,0
5088,563.0,0.0,6.0,-131,296.0,49.3,6.0,0,0,0,0,0,0,0,0,1,1,0,0,0,1,0
7023,2498.0,1.0,580.0,-172,3133.0,10.6,296.0,0,0,0,0,1,0,1,0,0,1,0,0,0,1,0
8358,1482.0,288.0,191.0,-238,1813.0,11.3,160.0,1,0,0,0,0,0,0,1,0,1,1,0,0,1,0
2908,2063.0,1.0,164.0,-552,802.0,22.3,36.0,0,0,0,0,0,0,0,0,0,0,1,0,0,1,0
4778,6114.0,3.0,1486.0,829,845.0,0.6,1342.0,0,0,0,0,0,0,0,0,1,0,0,1,0,0,0
8634,66.0,136.0,88.0,7,43.0,0.3,138.0,0,0,0,0,0,0,1,0,0,0,0,1,0,0,0
2616,310.0,0.0,200.0,-403,200.0,1.3,149.0,0,0,0,0,1,0,1,0,0,0,0,0,1,0,0
3967,1398.0,864.0,126.0,-93,2432.0,43.4,56.0,0,0,0,0,0,0,0,1,0,0,1,0,0,1,0
7833,742.0,0.0,74.0,426,354.0,10.7,33.0,0,0,0,0,0,0,0,1,0,1,1,0,0,1,0
7973,748.0,346.0,418.0,-1170,864.0,1.9,450.0,0,0,0,0,0,1,0,0,0,1,1,0,1,0,0
6377,2030.0,0.0,478.0,86,1863.0,3.1,609.0,0,0,0,0,1,0,0,0,0,1,1,0,0,0,0
7870,1347.0,1009.0,742.0,-229,1069.0,1.7,641.0,1,0,0,0,0,1,0,0,1,0,0,0,1,0,0
2500,584.0,451.0,110.0,211,886.0,42.2,21.0,0,0,0,0,0,0,0,0,0,0,1,0,0,1,0
1412,557.0,545.0,115.0,-123,1763.0,38.3,46.0,0,0,0,1,0,0,1,0,0,0,0,0,0,1,0
5851,2515.0,4.0,2011.0,219,939.0,0.5,1766.0,1,0,0,0,0,0,0,1,0,0,1,1,0,0,0
3712,1711.0,0.0,221.0,-140,1593.0,37.9,42.0,1,0,0,0,0,0,1,0,0,0,0,0,0,1,0
3897,485.0,0.0,194.0,-12,756.0,1.6,459.0,1,0,0,0,0,0,1,0,0,0,0,0,1,0,0
8403,123.0,5.0,35.0,-39,55.0,7.9,7.0,1,0,0,0,0,0,0,0,0,0,1,0,0,1,0
5744,836.0,1.0,30.0,-10,472.0,27.8,17.0,0,0,0,0,1,0,0,0,0,0,1,0,0,1,0
4334,531.0,0.0,36.0,453,281.0,13.4,21.0,0,0,0,0,0,0,1,0,0,0,0,0,0,1,0
4566,1266.0,617.0,573.0,-232,1299.0,5.5,238.0,1,0,0,0,0,0,1,0,0,0,0,0,0,1,0
258,184.0,24.0,326.0,-503,127.0,0.8,151.0,0,0,0,1,0,1,0,0,0,0,1,1,0,0,0
5334,1270.0,5.0,430.0,461,2047.0,9.7,211.0,0,0,0,0,1,0,0,1,0,1,1,0,0,1,0
6095,4906.0,67.0,1366.0,-308,4925.0,5.1,969.0,0,0,0,0,0,0,0,0,0,0,1,0,0,1,0
1853,350.0,39.0,42.0,-878,644.0,13.4,48.0,0,0,0,0,0,0,0,0,0,0,1,0,0,1,0
6843,1301.0,7.0,125.0,-655,560.0,3.8,147.0,0,0,0,0,0,0,0,1,0,1,1,0,0,0,0
735,453.0,0.0,174.0,35,613.0,3.1,195.0,0,0,1,0,0,0,1,0,0,1,0,0,0,0,0
3443,251.0,0.0,71.0,-234,612.0,27.8,22.0,0,0,1,0,0,0,0,1,0,0,1,0,0,1,0
2862,156.0,11.0,262.0,59,35.0,0.3,107.0,0,0,0,0,1,0,0,1,0,0,1,1,0,0,0
6999,498.0,3172.0,448.0,310,987.0,4.3,227.0,0,0,0,0,0,0,0,0,1,1,0,0,0,0,0
833,300.0,275.0,193.0,-50,837.0,2.9,285.0,0,0,0,0,0,0,0,0,1,0,0,0,1,0,0
3727,21.0,1892.0,94.0,-104,214.0,9.3,23.0,0,0,1,0,0,0,0,0,0,0,1,0,0,1,0
748,408.0,1.0,98.0,-57,361.0,36.1,10.0,0,0,0,0,0,0,0,1,0,0,1,0,0,1,0
5377,4014.0,150.0,1212.0,393,4575.0,3.0,1550.0,0,0,0,1,0,0,0,1,0,0,1,0,0,0,0
517,264.0,8.0,96.0,-434,165.0,2.8,58.0,0,1,0,0,0,0,0,0,1,0,0,0,1,0,0
4563,2143.0,1.0,733.0,209,532.0,0.6,944.0,0,0,0,0,1,0,0,1,0,0,1,1,0,0,0
3400,1319.0,270.0,645.0,-516,1077.0,0.9,1194.0,0,0,0,0,0,0,0,0,1,0,0,1,0,0,0
5000,65.0,1.0,109.0,-506,34.0,0.2,161.0,0,0,0,0,0,0,0,1,0,1,1,1,0,0,0
5660,957.0,8.0,456.0,-548,1030.0,3.3,309.0,0,0,0,0,0,0,0,0,1,0,0,0,0,0,0
1101,757.0,201.0,348.0,-776,1105.0,3.7,300.0,0,0,0,0,0,0,0,0,0,0,1,0,0,0,0
5925,878.0,15.0,250.0,356,370.0,3.7,100.0,0,1,0,0,0,0,0,0,0,0,1,0,0,0,0
8225,766.0,17.0,111.0,-305,193.0,0.9,224.0,0,0,0,0,0,0,0,1,0,0,1,1,0,0,0
8688,1027.0,1.0,333.0,-382,642.0,3.0,211.0,0,0,0,0,1,0,1,0,0,0,0,0,0,0,0
6454,1333.0,367.0,368.0,-643,1274.0,12.7,100.0,0,0,0,0,0,0,0,1,0,0,1,0,0,1,0
7963,1206.0,4.0,113.0,-437,1074.0,23.3,46.0,0,1,0,0,0,0,0,0,0,1,1,0,0,1,0
7588,676.0,13.0,658.0,202,2720.0,5.5,492.0,0,0,1,0,0,0,0,1,0,1,1,0,0,1,0
7709,52.0,364.0,71.0,-75,91.0,0.5,179.0,0,0,0,0,0,0,0,0,1,1,0,1,0,0,0
5592,184.0,0.0,143.0,768,29.0,1.1,26.0,0,0,0,0,1,0,1,0,0,1,0,0,1,0,0
8451,1831.0,346.0,1402.0,-333,3216.0,2.1,1496.0,0,0,0,1,0,0,0,0,0,0,1,0,1,0,0
3980,1202.0,0.0,134.0,-190,1910.0,6.3,305.0,0,0,0,0,0,0,1,0,0,0,0,0,0,1,0
442,19.0,11.0,55.0,438,95.0,0.5,175.0,1,0,0,0,0,0,0,0,1,0,0,1,0,0,0
7076,313.0,594.0,73.0,-212,943.0,20.1,47.0,1,0,0,0,0,0,0,1,0,1,1,0,0,1,0
3491,2368.0,3.0,558.0,15,2009.0,2.8,714.0,0,0,0,1,0,0,0,1,0,0,1,0,1,0,0
3888,273.0,48.0,256.0,-176,1599.0,7.0,227.0,1,0,0,0,0,1,0,0,0,0,1,0,0,1,0
1237,792.0,0.0,173.0,-900,632.0,1.1,557.0,0,1,0,0,0,0,0,0,1,0,0,0,1,0,0
923,599.0,1808.0,174.0,29,1671.0,21.7,77.0,0,1,0,0,0,0,1,0,0,0,0,0,0,1,0
7085,231.0,1.0,543.0,-241,127.0,0.3,388.0,0,0,0,0,0,1,0,0,1,1,0,1,0,0,0
1910,26.0,3.0,24.0,-144,127.0,15.9,8.0,0,0,0,0,0,0,0,0,1,1,0,0,0,1,0
2600,3938.0,0.0,373.0,-306,2729.0,19.4,141.0,0,0,1,0,0,0,0,1,0,0,1,0,0,1,0
4444,4698.0,1137.0,994.0,353,8914.0,8.5,1043.0,0,0,1,0,0,0,0,1,0,1,1,0,0,1,0
8564,1160.0,742.0,138.0,600,633.0,3.1,201.0,0,1,0,0,0,0,0,0,0,0,1,0,0,0,0
1040,124.0,1.0,4.0,-261,257.0,64.2,4.0,0,1,0,0,0,0,1,0,0,1,0,0,0,1,0
1860,428.0,1.0,97.0,-1045,404.0,2.3,172.0,0,0,0,0,0,0,1,0,0,1,0,0,1,0,0
1459,149.0,500.0,223.0,-125,50.0,0.2,203.0,0,1,0,0,0,0,0,0,0,0,1,1,0,0,0
2166,923.0,193.0,743.0,-300,2447.0,5.4,449.0,0,0,0,0,1,0,0,0,0,1,1,0,0,1,0
7704,2110.0,4.0,852.0,-101,1633.0,1.3,1235.0,0,0,0,0,0,0,1,0,0,0,0,0,1,0,0
5102,407.0,112.0,320.0,-223,1455.0,7.9,184.0,0,0,0,1,0,1,1,0,0,0,0,0,0,1,0
1431,840.0,159.0,301.0,61,498.0,1.4,363.0,1,0,0,0,0,0,0,0,0,0,1,0,1,0,0
6407,1341.0,247.0,272.0,29,541.0,9.5,57.0,0,0,0,0,0,0,1,0,0,0,0,0,0,1,0
4378,839.0,0.0,387.0,546,625.0,2.3,273.0,0,0,0,0,0,0,0,1,0,0,1,0,1,0,0
1310,5056.0,2814.0,367.0,-1303,760.0,3.1,247.0,0,0,0,0,0,0,0,1,0,1,1,0,0,0,0
6337,178.0,930.0,198.0,139,666.0,2.0,326.0,0,0,1,0,0,0,0,1,0,0,1,0,1,0,0
7545,3866.0,198.0,858.0,-16,4697.0,7.1,660.0,0,0,1,0,0,0,0,0,1,0,0,0,0,1,0
3623,677.0,55.0,53.0,-534,505.0,18.0,28.0,0,0,0,0,0,0,0,0,0,1,1,0,0,1,0
3711,289.0,0.0,86.0,-452,424.0,26.5,16.0,1,0,0,0,0,1,0,0,1,1,0,0,0,1,0
4118,1555.0,451.0,785.0,598,1538.0,3.5,440.0,1,0,0,0,0,0,0,0,1,0,0,0,0,0,0
6205,1622.0,635.0,981.0,-731,4008.0,5.0,809.0,1,0,0,0,0,0,1,0,0,0,0,0,0,0,0
7229,2959.0,1044.0,973.0,7,2228.0,4.0,562.0,0,0,0,1,0,0,0,0,1,0,0,0,0,0,0
4133,24.0,1262.0,26.0,-216,115.0,2.2,52.0,1,0,0,0,0,0,0,1,0,0,1,0,1,0,0
2719,2570.0,345.0,1235.0,982,8066.0,3.3,2441.0,0,0,1,0,0,0,0,1,0,0,1,0,0,0,0
7498,193.0,57.0,88.0,-699,184.0,2.1,88.0,0,0,0,0,0,0,1,0,0,0,0,0,1,0,0
8670,785.0,0.0,16.0,410,14.0,0.8,17.0,1,0,0,0,0,0,0,1,0,0,1,1,0,0,0
1489,851.0,0.0,333.0,244,848.0,1.9,458.0,1,0,0,0,0,0,0,0,0,0,1,0,1,0,0
1920,866.0,272.0,68.0,205,1695.0,16.5,103.0,0,0,0,1,0,0,1,0,0,0,0,0,0,1,0
190,293.0,1.0,83.0,257,234.0,6.2,38.0,1,0,0,0,0,0,0,1,0,0,1,0,0,1,0
7823,1309.0,3.0,659.0,-584,1245.0,1.9,651.0,0,0,0,0,0,0,0,1,0,0,1,0,1,0,0
2944,314.0,14.0,97.0,34,1044.0,16.8,62.0,0,0,0,0,1,1,0,1,0,1,1,0,0,1,0
4290,530.0,0.0,59.0,430,363.0,90.8,4.0,0,0,0,0,0,0,1,0,0,0,0,0,0,1,0
8519,2372.0,40.0,228.0,310,3389.0,376.6,9.0,1,0,0,0,0,0,1,0,0,1,0,0,0,1,0
6637,3234.0,429.0,1123.0,145,2781.0,3.1,891.0,1,0,0,0,0,0,1,0,0,0,0,0,0,0,0
1472,3199.0,21.0,630.0,-404,901.0,0.8,1160.0,0,0,0,0,1,0,0,0,1,0,0,1,0,0,0
8082,1454.0,0.0,211.0,-302,786.0,3.9,203.0,0,0,0,0,0,0,1,0,0,1,0,0,0,0,0
3699,833.0,114.0,470.0,51,2251.0,2.1,1062.0,0,0,0,0,0,0,0,0,0,1,1,0,1,0,0
3254,34.0,0.0,9.0,455,132.0,132.0,1.0,0,0,0,0,0,0,0,1,0,1,1,0,0,1,0
5838,380.0,75.0,452.0,-93,770.0,2.7,282.0,0,1,0,0,0,1,1,0,0,1,0,0,1,0,0
3074,445.0,0.0,47.0,632,18.0,1.4,13.0,0,0,0,0,0,0,0,0,0,1,1,0,1,0,0
3097,1688.0,0.0,703.0,23,880.0,2.5,359.0,1,0,0,0,0,1,0,0,1,0,0,0,1,0,0
6460,1081.0,34.0,839.0,503,1977.0,3.2,616.0,1,0,0,0,0,0,0,0,1,0,0,0,0,0,0
1828,1104.0,53.0,299.0,56,631.0,2.8,229.0,0,1,0,0,0,0,0,1,0,1,1,0,1,0,0
6726,371.0,1.0,356.0,221,153.0,0.5,318.0,0,0,0,0,1,0,0,0,0,0,1,1,0,0,0
4715,1171.0,2696.0,112.0,-549,2416.0,71.1,34.0,0,0,0,1,0,0,0,0,1,0,0,0,0,1,0
373,3216.0,12.0,116.0,93,2462.0,46.5,53.0,0,0,1,0,0,0,1,0,0,1,0,0,0,1,0
6534,843.0,658.0,219.0,81,985.0,3.8,256.0,1,0,0,0,0,0,0,1,0,0,1,0,0,0,0
2153,817.0,22.0,573.0,392,446.0,1.1,411.0,0,0,1,0,0,0,0,1,0,0,1,0,1,0,0
5616,174.0,2208.0,259.0,617,2036.0,10.4,195.0,0,0,0,0,0,0,0,0,1,1,0,0,0,1,0
957,447.0,16.0,54.0,-398,1479.0,12.8,116.0,1,0,0,0,0,0,0,0,0,1,1,0,0,1,0
3084,2325.0,3.0,947.0,-843,736.0,1.4,511.0,0,1,0,0,0,0,0,1,0,0,1,0,1,0,0
685,984.0,1.0,542.0,-454,658.0,2.5,263.0,0,0,0,0,1,0,0,0,1,1,0,0,1,0,0
8616,27.0,0.0,14.0,399,1.0,0.5,2.0,0,0,1,0,0,0,1,0,0,0,0,1,0,0,0
498,32.0,14.0,117.0,-60,136.0,0.8,160.0,0,0,0,0,1,0,0,1,0,1,1,1,0,0,0
8088,821.0,42.0,232.0,-818,1136.0,3.4,339.0,1,0,0,0,0,0,0,0,1,0,0,0,0,0,0
1791,176.0,375.0,149.0,-216,214.0,5.8,37.0,0,0,0,1,0,0,0,0,0,1,1,0,0,1,0
8188,511.0,174.0,120.0,49,1252.0,8.1,155.0,0,0,0,0,1,0,1,0,0,0,0,0,0,1,0
1957,33.0,0.0,10.0,650,28.0,1.2,24.0,0,0,0,0,1,0,0,0,1,1,0,0,1,0,0
2915,653.0,0.0,83.0,-365,814.0,5.5,149.0,0,0,0,0,0,0,1,0,0,0,0,0,0,1,0
6382,263.0,13.0,672.0,-431,274.0,0.4,726.0,1,0,0,0,0,0,0,0,1,0,0,1,0,0,0
3717,802.0,13.0,321.0,524,690.0,1.6,440.0,0,0,0,1,0,1,0,0,1,1,0,0,1,0,0
7797,3003.0,901.0,1020.0,-353,4292.0,8.8,485.0,1,0,0,0,0,0,0,0,0,1,1,0,0,1,0
3687,7363.0,11.0,1082.0,-136,4066.0,4.8,855.0,0,0,0,1,0,0,0,0,1,0,0,0,0,0,0
3624,325.0,0.0,144.0,-492,360.0,7.3,49.0,1,0,0,0,0,0,1,0,0,0,0,0,0,1,0
437,359.0,1.0,12.0,965,180.0,90.0,2.0,0,1,0,0,0,0,0,1,0,0,1,0,0,1,0
8069,790.0,977.0,194.0,300,834.0,2.9,292.0,0,0,0,1,0,0,0,0,1,0,0,0,1,0,0
3618,159.0,952.0,170.0,60,208.0,0.6,335.0,0,0,0,1,0,0,0,0,0,0,1,1,0,0,0
7898,492.0,6.0,26.0,-259,341.0,5.5,62.0,0,0,0,0,0,0,1,0,0,1,0,0,0,1,0
791,5202.0,510.0,996.0,-911,4017.0,3.8,1056.0,1,0,0,0,0,0,1,0,0,0,0,0,0,0,0
8740,567.0,421.0,45.0,157,255.0,85.0,3.0,1,0,0,0,0,0,0,0,1,0,0,0,0,1,0
4823,86.0,22.0,76.0,563,673.0,8.4,80.0,0,1,0,0,0,1,0,0,0,1,1,0,0,1,0
5047,1084.0,116.0,385.0,-19,2452.0,3.4,727.0,0,0,0,0,0,0,0,1,0,1,1,0,0,0,0
5756,4736.0,7.0,567.0,-17,4315.0,12.7,341.0,0,0,0,1,0,0,0,0,1,1,0,0,0,1,0
4208,284.0,95.0,278.0,345,804.0,4.3,185.0,0,0,1,0,0,0,0,1,0,1,1,0,0,0,0
4812,2806.0,0.0,458.0,-446,1944.0,5.3,370.0,0,0,0,0,0,0,0,1,0,0,1,0,0,1,0
4060,1220.0,5177.0,453.0,-397,1261.0,2.1,590.0,0,0,1,0,0,0,0,0,0,0,1,0,1,0,0
2979,845.0,218.0,783.0,34,2545.0,5.6,452.0,0,0,0,0,1,0,1,0,0,0,0,0,0,1,0
1450,219.0,31.0,127.0,338,570.0,8.9,64.0,0,1,0,0,0,0,1,0,0,1,0,0,0,1,0
2997,2127.0,22.0,322.0,156,787.0,9.6,82.0,0,0,0,0,0,0,1,0,0,1,0,0,0,1,0
5365,1124.0,0.0,101.0,100,210.0,1.7,125.0,0,0,0,0,1,0,0,0,0,1,1,0,1,0,0
7879,289.0,11.0,30.0,923,30.0,10.0,3.0,0,0,0,0,0,0,0,0,1,0,0,0,0,1,0
881,1014.0,6.0,80.0,767,672.0,10.0,67.0,0,0,0,1,0,0,0,0,0,1,1,0,0,1,0
5395,1665.0,0.0,247.0,-87,1387.0,21.0,66.0,1,0,0,0,0,0,0,0,1,0,0,0,0,1,0
8359,105.0,36.0,203.0,634,60.0,0.5,128.0,0,0,0,1,0,0,1,0,0,0,0,1,0,0,0
4062,4094.0,1.0,570.0,-699,2752.0,7.1,387.0,0,0,0,0,0,0,1,0,0,0,0,0,0,1,0
3219,3026.0,0.0,569.0,-185,3517.0,8.2,429.0,0,0,1,0,0,0,0,0,1,0,0,0,0,1,0
6071,3608.0,2862.0,1674.0,-361,5536.0,5.0,1100.0,0,0,0,1,0,0,0,0,1,1,0,0,0,0,0
5797,1209.0,207.0,408.0,-717,490.0,2.8,177.0,0,0,0,0,1,1,0,0,1,0,0,0,1,0,0
1556,378.0,0.0,76.0,153,106.0,2.2,49.0,0,0,0,1,0,0,1,0,0,0,0,0,1,0,0
8303,2976.0,33.0,793.0,-243,2542.0,2.8,906.0,1,0,0,0,0,0,0,0,1,0,0,0,1,0,0
8464,1648.0,25.0,264.0,-65,2055.0,17.4,118.0,0,1,0,0,0,1,0,0,1,0,0,0,0,1,0
2746,515.0,221.0,88.0,58,1520.0,30.4,50.0,0,0,0,0,1,0,0,1,0,0,1,0,0,1,0
6717,2490.0,8.0,1024.0,-902,1840.0,2.6,703.0,0,0,0,0,1,1,1,0,0,0,0,0,1,0,0
3439,4815.0,1364.0,900.0,-121,4852.0,5.0,970.0,0,0,1,0,0,0,0,0,1,0,0,0,0,0,0
7774,1450.0,1824.0,752.0,35,2425.0,2.0,1238.0,1,0,0,0,0,0,0,0,0,0,1,0,1,0,0
8243,4538.0,102.0,1168.0,-348,3322.0,6.7,494.0,0,0,0,0,1,0,0,0,0,0,1,0,0,1,0
3833,1873.0,374.0,37.0,-562,3527.0,80.2,44.0,0,0,0,0,1,1,0,0,1,0,0,0,0,1,0
8550,1116.0,0.0,343.0,-669,1642.0,5.0,327.0,0,0,0,0,1,0,0,0,0,1,1,0,0,0,0
3079,451.0,85.0,153.0,-14,753.0,5.0,150.0,0,0,0,1,0,1,0,0,0,1,1,0,0,0,0
6547,24.0,209.0,64.0,372,123.0,11.2,11.0,0,1,0,0,0,0,1,0,0,0,0,0,0,1,0
1576,62.0,1.0,139.0,-1085,512.0,2.8,184.0,0,0,0,0,1,0,0,0,0,1,1,0,1,0,0
3289,987.0,2350.0,220.0,-316,926.0,3.5,263.0,0,0,0,0,0,0,0,0,1,1,0,0,0,0,0
5997,1425.0,100.0,81.0,427,3433.0,73.0,47.0,0,0,0,0,1,1,0,0,1,0,0,0,0,1,0
8390,2113.0,1.0,206.0,491,1017.0,10.9,93.0,1,0,0,0,0,0,0,0,1,0,0,0,0,1,0
6028,260.0,1.0,173.0,192,145.0,1.8,80.0,0,0,0,0,0,1,0,0,0,0,1,0,1,0,0
694,6382.0,672.0,794.0,-1260,8641.0,46.7,185.0,0,0,1,0,0,0,0,0,1,0,0,0,0,1,0
6052,814.0,132.0,1042.0,817,2620.0,4.0,663.0,0,0,0,0,0,0,0,0,0,1,1,0,0,0,0
2668,868.0,1.0,253.0,-114,862.0,9.5,91.0,0,0,0,0,0,0,0,0,0,0,1,0,0,1,0
8370,395.0,6.0,154.0,537,279.0,10.0,28.0,0,0,0,0,0,0,0,0,0,1,1,0,0,1,0
1269,1255.0,0.0,292.0,-8,815.0,2.2,368.0,0,0,0,0,1,1,0,0,1,1,0,0,1,0,0
6672,3951.0,0.0,315.0,474,3198.0,10.2,314.0,0,1,0,0,0,0,0,1,0,1,1,0,0,1,0
3344,934.0,0.0,183.0,-333,744.0,10.8,69.0,0,0,0,0,0,0,0,1,0,1,1,0,0,1,0
5800,631.0,0.0,35.0,-197,59.0,2.4,25.0,1,0,0,0,0,0,0,0,1,0,0,0,1,0,0
7876,1779.0,136.0,453.0,45,718.0,5.1,142.0,1,0,0,0,0,0,0,0,0,0,1,0,0,1,0
3291,261.0,560.0,80.0,287,1099.0,109.9,10.0,0,0,0,0,1,0,0,0,1,0,0,0,0,1,0
4037,11.0,7.0,33.0,-308,39.0,2.1,19.0,0,0,0,0,1,0,0,0,1,0,0,0,1,0,0
2942,796.0,12.0,178.0,-55,939.0,2.4,387.0,0,0,0,0,0,0,1,0,0,0,0,0,1,0,0
5130,1473.0,6.0,479.0,541,2755.0,5.8,477.0,0,0,0,0,1,0,0,0,1,0,0,0,0,1,0
6202,1112.0,1.0,114.0,-70,1186.0,14.3,83.0,0,0,0,0,1,0,0,0,1,0,0,0,0,1,0
6258,82.0,1.0,64.0,2,361.0,14.4,25.0,0,0,0,0,0,0,0,0,0,0,1,0,0,1,0
3679,633.0,3089.0,509.0,-98,617.0,1.4,435.0,0,0,0,0,0,0,0,1,0,0,1,0,1,0,0
7307,1539.0,16.0,397.0,-198,1184.0,2.0,599.0,0,0,0,0,1,0,0,0,1,0,0,0,1,0,0
7597,390.0,354.0,276.0,-906,1945.0,9.8,198.0,0,0,0,0,1,0,0,0,1,0,0,0,0,1,0
1584,1398.0,183.0,390.0,1100,1220.0,4.3,282.0,0,1,0,0,0,0,0,0,1,0,0,0,0,0,0
1867,1275.0,1514.0,1237.0,-104,3291.0,3.6,908.0,0,0,1,0,0,0,1,0,0,1,0,0,0,0,0
877,1120.0,168.0,253.0,-332,483.0,1.4,338.0,0,0,1,0,0,1,0,0,0,0,1,0,1,0,0
4158,101.0,99.0,27.0,298,361.0,10.6,34.0,0,0,0,0,0,0,1,0,0,0,0,0,0,1,0
5938,1280.0,31.0,547.0,-160,1093.0,2.7,402.0,0,0,1,0,0,0,0,1,0,0,1,0,1,0,0
6468,26.0,1.0,33.0,375,86.0,6.1,14.0,0,0,0,1,0,0,0,0,0,0,1,0,0,1,0
2273,871.0,1307.0,314.0,44,874.0,1.5,564.0,0,0,1,0,0,0,0,0,0,0,1,0,1,0,0
2072,4367.0,1259.0,963.0,-195,3588.0,5.0,712.0,0,0,0,1,0,0,0,1,0,1,1,0,0,0,0
639,454.0,51.0,382.0,58,1427.0,3.1,467.0,0,0,0,0,1,0,0,0,1,0,0,0,0,0,0
1368,45.0,0.0,154.0,104,16.0,0.2,68.0,0,0,1,0,0,0,1,0,0,0,0,1,0,0,0
2688,945.0,5.0,72.0,247,411.0,6.5,63.0,1,0,0,0,0,0,1,0,0,1,0,0,0,1,0
636,1271.0,40.0,372.0,-228,202.0,1.0,200.0,0,0,0,0,0,0,0,1,0,1,1,1,0,0,0
4625,664.0,73.0,133.0,242,256.0,9.8,26.0,1,0,0,0,0,0,0,1,0,0,1,0,0,1,0
3324,1159.0,1490.0,312.0,174,1804.0,11.8,153.0,0,0,0,1,0,0,1,0,0,1,0,0,0,1,0
2893,1405.0,155.0,230.0,345,1419.0,25.8,55.0,0,0,0,0,0,0,1,0,0,1,0,0,0,1,0
932,0.0,0.0,7.0,553,12.0,3.0,4.0,1,0,0,0,0,0,0,1,0,0,1,0,0,0,0
3528,942.0,2.0,58.0,61,320.0,11.4,28.0,0,0,0,0,1,0,0,1,0,0,1,0,0,1,0
903,591.0,0.0,62.0,361,65.0,5.0,13.0,0,0,0,1,0,0,0,1,0,0,1,0,0,0,0
3113,2217.0,5.0,568.0,583,2837.0,5.9,483.0,0,1,0,0,0,0,0,0,1,1,0,0,0,1,0
3563,3010.0,151.0,301.0,168,3263.0,29.9,109.0,0,0,0,0,0,0,0,0,0,0,1,0,0,1,0
8064,1069.0,7.0,144.0,112,507.0,6.1,83.0,1,0,0,0,0,0,0,0,0,0,1,0,0,1,0
2412,31.0,294.0,81.0,108,112.0,2.2,52.0,0,0,0,0,0,0,0,0,0,0,1,0,1,0,0
5540,16.0,1.0,131.0,-224,19.0,0.1,159.0,0,1,0,0,0,0,0,0,0,0,1,1,0,0,0
4219,2861.0,0.0,333.0,1,2611.0,8.6,304.0,0,0,0,0,1,0,0,0,1,0,0,0,0,1,0
345,1289.0,0.0,161.0,-482,822.0,13.5,61.0,0,0,0,1,0,0,0,0,1,1,0,0,0,1,0
3170,1676.0,0.0,324.0,192,870.0,1.6,561.0,0,0,0,0,0,0,0,1,0,1,1,0,1,0,0
3694,1245.0,2.0,382.0,-259,610.0,3.0,205.0,0,0,0,0,1,0,0,1,0,1,1,0,0,0,0
6822,1554.0,0.0,121.0,-557,701.0,29.2,24.0,0,0,0,0,1,0,0,1,0,0,1,0,0,1,0
5992,578.0,1.0,152.0,263,1251.0,6.8,185.0,0,0,0,0,0,0,0,0,0,0,1,0,0,1,0
8648,1515.0,854.0,719.0,-179,1608.0,4.5,361.0,0,0,0,0,0,0,0,0,0,1,1,0,0,0,0
8364,570.0,137.0,280.0,449,631.0,6.5,97.0,0,1,0,0,0,0,0,0,0,0,1,0,0,1,0
611,757.0,1.0,689.0,89,474.0,1.0,468.0,0,0,0,0,1,0,0,0,0,1,1,1,0,0,0
1540,983.0,2.0,308.0,-55,215.0,1.9,111.0,0,0,0,1,0,0,0,0,0,1,1,0,1,0,0
156,381.0,13.0,51.0,-315,386.0,9.0,43.0,0,0,0,0,0,0,1,0,0,0,0,0,0,1,0
6853,20.0,7.0,135.0,-336,56.0,3.3,17.0,0,0,0,0,1,0,0,0,0,0,1,0,0,0,0
8516,742.0,3.0,154.0,-245,354.0,1.0,354.0,1,0,0,0,0,1,0,0,1,1,0,1,0,0,0
5444,2798.0,26.0,359.0,39,830.0,2.4,341.0,0,0,0,0,0,0,0,1,0,1,1,0,1,0,0
7201,1768.0,1.0,620.0,-114,2435.0,4.1,593.0,0,0,0,0,0,0,0,1,0,0,1,0,0,0,0
3203,159.0,2092.0,559.0,448,1953.0,7.0,279.0,0,0,1,0,0,0,0,0,0,1,1,0,0,1,0
4341,306.0,1.0,72.0,-63,466.0,2.4,191.0,0,0,1,0,0,0,0,1,0,1,1,0,1,0,0
6037,1178.0,23.0,342.0,-190,1569.0,8.9,177.0,0,0,0,0,1,0,0,1,0,0,1,0,0,1,0
3146,3530.0,6.0,797.0,-265,1417.0,1.6,880.0,0,0,1,0,0,0,1,0,0,1,0,0,1,0,0
3928,141.0,3.0,5.0,-15,80.0,40.0,2.0,0,1,0,0,0,0,0,1,0,1,1,0,0,1,0
6818,499.0,0.0,123.0,298,422.0,14.1,30.0,0,0,0,0,0,0,0,0,1,0,0,0,0,1,0
7835,823.0,494.0,489.0,-93,1791.0,6.9,261.0,0,0,1,0,0,0,0,0,0,1,1,0,0,1,0
533,301.0,25.0,99.0,187,266.0,5.5,48.0,1,0,0,0,0,0,0,1,0,0,1,0,0,1,0
4647,29.0,3.0,223.0,236,58.0,0.4,153.0,0,1,0,0,0,0,0,1,0,0,1,1,0,0,0
3139,828.0,0.0,60.0,309,333.0,55.5,6.0,0,0,0,0,0,0,0,1,0,0,1,0,0,1,0
8107,342.0,439.0,170.0,130,100.0,0.7,135.0,0,0,0,1,0,0,1,0,0,0,0,1,0,0,0
8308,70.0,613.0,49.0,605,635.0,12.7,50.0,0,0,0,0,0,0,0,1,0,0,1,0,0,1,0
7348,157.0,0.0,40.0,-575,23.0,0.5,45.0,0,0,1,0,0,0,0,0,1,0,0,1,0,0,0
5873,1024.0,1071.0,269.0,44,1522.0,11.7,130.0,0,0,0,1,0,0,0,1,0,0,1,0,0,1,0
8317,881.0,0.0,69.0,-266,102.0,1.6,65.0,0,0,0,0,0,0,1,0,0,1,0,0,1,0,0
974,1009.0,15.0,415.0,-135,1363.0,9.4,145.0,0,0,0,0,0,0,0,1,0,1,1,0,0,1,0
2559,228.0,13.0,116.0,-114,144.0,2.0,72.0,0,1,0,0,0,0,0,1,0,0,1,0,1,0,0
7624,2652.0,0.0,178.0,-252,2068.0,8.7,237.0,0,0,0,0,0,0,1,0,0,0,0,0,0,1,0
4543,464.0,83.0,381.0,355,657.0,4.5,145.0,1,0,0,0,0,0,0,1,0,0,1,0,0,0,0
5402,782.0,1387.0,114.0,-274,1660.0,32.5,51.0,0,0,0,0,0,0,1,0,0,1,0,0,0,1,0
4214,601.0,534.0,379.0,627,678.0,13.8,49.0,0,0,0,1,0,0,1,0,0,0,0,0,0,1,0
8553,234.0,4.0,98.0,-10,371.0,6.7,55.0,0,0,0,0,0,0,0,0,1,0,0,0,0,1,0
489,954.0,723.0,264.0,785,1039.0,2.5,412.0,0,0,0,0,0,0,0,0,0,0,1,0,1,0,0
6900,597.0,0.0,54.0,-707,11.0,1.6,7.0,0,0,0,0,1,0,0,0,0,1,1,0,1,0,0
63,74.0,0.0,29.0,128,130.0,14.4,9.0,0,0,0,0,1,0,0,1,0,1,1,0,0,1,0
7309,208.0,17.0,339.0,357,850.0,3.7,232.0,0,0,0,1,0,0,1,0,0,1,0,0,0,0,0
3250,1989.0,551.0,459.0,-914,1234.0,3.0,413.0,1,0,0,0,0,1,0,1,0,1,1,0,0,0,0
6169,138.0,2.0,35.0,372,95.0,15.8,6.0,1,0,0,0,0,0,0,0,1,0,0,0,0,1,0
337,1633.0,549.0,478.0,-395,712.0,2.4,301.0,0,0,1,0,0,0,0,0,0,1,1,0,1,0,0
1985,1514.0,9.0,90.0,-227,866.0,34.6,25.0,0,1,0,0,0,0,0,1,0,1,1,0,0,1,0
6049,354.0,0.0,36.0,-90,124.0,1.2,105.0,0,0,0,0,1,0,0,0,1,0,0,0,1,0,0
962,2272.0,1.0,1086.0,751,2091.0,2.6,801.0,0,0,0,0,0,0,0,0,0,0,1,0,1,0,0
7547,105.0,19.0,312.0,935,474.0,1.4,341.0,0,0,0,0,0,0,0,1,0,1,1,0,1,0,0
3183,155.0,0.0,11.0,-819,262.0,7.7,34.0,0,0,1,0,0,0,1,0,0,0,0,0,0,1,0
2506,1203.0,0.0,167.0,334,381.0,3.1,121.0,0,0,0,0,0,0,0,1,0,1,1,0,0,0,0
8214,116.0,7.0,134.0,406,27.0,0.5,53.0,0,0,0,0,1,0,0,0,0,1,1,1,0,0,0
6694,1400.0,23.0,362.0,-44,1238.0,3.7,339.0,0,0,0,0,1,0,0,0,1,0,0,0,0,0,0
5433,1141.0,23.0,533.0,37,2102.0,8.2,257.0,0,0,0,0,1,0,0,0,1,0,0,0,0,1,0
4833,570.0,0.0,11.0,448,1470.0,735.0,2.0,0,0,0,0,1,0,1,0,0,0,0,0,0,1,0
610,2636.0,0.0,170.0,-588,1905.0,35.3,54.0,0,0,0,0,0,0,0,0,0,1,1,0,0,1,0
3640,848.0,0.0,160.0,117,306.0,19.1,16.0,0,0,0,0,1,0,0,0,1,0,0,0,0,1,0
4856,16.0,0.0,28.0,1056,12.0,2.0,6.0,0,0,0,1,0,0,0,0,1,0,0,0,1,0,0
7970,9443.0,34.0,2066.0,807,5687.0,3.0,1900.0,0,0,0,1,0,0,0,0,1,0,0,0,0,0,0
3567,2204.0,0.0,51.0,-357,1047.0,26.2,40.0,0,0,1,0,0,1,1,0,0,0,0,0,0,1,0
1182,362.0,341.0,538.0,938,1270.0,5.9,214.0,0,1,0,0,0,0,0,0,1,0,0,0,0,1,0
6653,1231.0,1.0,133.0,-385,530.0,3.9,135.0,0,0,1,0,0,1,0,0,0,1,1,0,0,0,0
4386,2919.0,347.0,995.0,255,3696.0,3.9,951.0,0,0,0,0,0,0,0,0,0,0,1,0,0,0,0
7561,237.0,8.0,251.0,-394,193.0,0.6,336.0,0,0,0,0,0,0,1,0,0,0,0,1,0,0,0
6614,1835.0,0.0,344.0,-243,982.0,2.5,400.0,0,0,0,0,1,0,1,0,0,0,0,0,1,0,0
5248,93.0,0.0,29.0,978,465.0,23.2,20.0,0,0,0,0,1,0,0,1,0,0,1,0,0,1,0
8706,1286.0,199.0,484.0,-426,962.0,2.9,327.0,1,0,0,0,0,0,0,0,0,0,1,0,1,0,0
2071,2199.0,1.0,777.0,198,1677.0,2.0,844.0,0,0,0,0,0,0,0,0,1,0,0,0,1,0,0
8608,412.0,1723.0,511.0,-170,438.0,3.8,116.0,0,0,0,0,0,0,1,0,0,0,0,0,0,0,0
519,191.0,70.0,64.0,-570,979.0,75.3,13.0,0,1,0,0,0,0,0,1,0,0,1,0,0,1,0
5845,240.0,11.0,392.0,266,92.0,0.3,271.0,0,0,0,1,0,0,0,1,0,0,1,1,0,0,0
4873,1597.0,238.0,581.0,-776,5092.0,13.6,375.0,0,0,0,1,0,0,0,0,1,0,0,0,0,1,0
8658,1146.0,172.0,368.0,279,1638.0,9.7,169.0,0,0,0,0,0,0,0,1,0,1,1,0,0,1,0
4853,408.0,209.0,193.0,747,612.0,7.8,78.0,0,0,0,0,1,0,1,0,0,1,0,0,0,1,0
587,91.0,104.0,61.0,612,521.0,130.2,4.0,0,0,0,0,0,0,0,0,1,0,0,0,0,1,0
5834,778.0,241.0,115.0,-157,1628.0,7.6,214.0,0,0,0,1,0,1,0,1,0,1,1,0,0,1,0
13,959.0,31.0,176.0,-483,779.0,14.7,53.0,1,0,0,0,0,1,0,0,1,1,0,0,0,1,0
5985,4335.0,449.0,1327.0,704,9321.0,8.2,1135.0,0,0,0,0,0,0,1,0,0,0,0,0,0,1,0
2906,5475.0,247.0,570.0,-786,1242.0,4.5,277.0,0,0,0,1,0,0,0,0,0,1,1,0,0,0,0
6993,222.0,310.0,196.0,351,728.0,7.6,96.0,0,0,0,1,0,0,0,1,0,1,1,0,0,1,0
7593,591.0,0.0,57.0,-121,531.0,31.2,17.0,0,0,0,0,1,0,0,0,1,0,0,0,0,1,0
2115,185.0,122.0,638.0,530,178.0,0.3,586.0,0,0,0,1,0,1,0,1,0,0,1,1,0,0,0
6906,75.0,182.0,193.0,296,1089.0,6.3,174.0,0,0,0,0,1,0,0,0,1,0,0,0,0,1,0
5094,482.0,9.0,6.0,-299,225.0,225.0,1.0,0,0,1,0,0,0,0,0,0,0,1,0,0,1,0
4450,443.0,354.0,500.0,313,2661.0,5.4,493.0,0,0,0,1,0,0,0,0,1,0,0,0,0,1,0
8615,9.0,0.0,120.0,-150,14.0,0.4,33.0,0,0,0,0,1,0,0,1,0,0,1,1,0,0,0
4383,4077.0,15.0,272.0,-278,3692.0,6.5,568.0,0,0,0,0,1,1,0,1,0,0,1,0,0,1,0
6487,275.0,84.0,78.0,19,725.0,2.4,300.0,0,0,0,0,1,0,0,0,0,1,1,0,1,0,0
8235,363.0,118.0,397.0,219,145.0,0.4,370.0,1,0,0,0,0,0,1,0,0,0,0,1,0,0,0
7144,7834.0,348.0,2190.0,236,7493.0,3.6,2078.0,0,0,0,0,0,0,0,0,1,0,0,0,0,0,0
8710,2138.0,15.0,135.0,-740,1415.0,6.5,218.0,0,0,0,0,0,0,0,1,0,1,1,0,0,1,0
1701,2309.0,0.0,102.0,-160,719.0,8.2,88.0,0,0,0,0,0,0,0,1,0,1,1,0,0,1,0
1290,1462.0,366.0,262.0,517,3125.0,21.1,148.0,0,0,0,1,0,0,1,0,0,0,0,0,0,1,0
1763,4170.0,46.0,1988.0,-527,4644.0,4.6,1019.0,0,0,0,0,0,0,1,0,0,0,0,0,0,0,0
4483,529.0,14.0,272.0,-661,235.0,0.7,332.0,0,0,1,0,0,0,0,0,1,1,0,1,0,0,0
1089,3644.0,235.0,370.0,571,2791.0,7.4,375.0,0,0,0,0,0,0,1,0,0,1,0,0,0,1,0
6848,831.0,221.0,279.0,266,1110.0,20.2,55.0,0,0,0,0,1,0,1,0,0,0,0,0,0,1,0
3948,37.0,96.0,20.0,-335,77.0,15.4,5.0,0,0,0,0,0,0,0,0,1,1,0,0,0,1,0
2458,6342.0,0.0,712.0,-165,2804.0,13.3,211.0,0,0,0,0,0,0,0,1,0,0,1,0,0,1,0
3506,65.0,1.0,11.0,451,74.0,3.9,19.0,0,0,0,0,0,0,0,1,0,0,1,0,0,0,0
7997,818.0,4.0,187.0,-295,572.0,9.5,60.0,0,0,1,0,0,0,0,1,0,1,1,0,0,1,0
2150,239.0,5542.0,251.0,-91,880.0,9.3,95.0,1,0,0,0,0,0,1,0,0,0,0,0,0,1,0
4844,30.0,444.0,43.0,292,116.0,58.0,2.0,0,0,0,0,1,0,0,0,0,0,1,0,0,1,0
7477,91.0,12.0,26.0,310,419.0,59.9,7.0,0,0,0,0,0,0,1,0,0,0,0,0,0,1,0
1936,7263.0,4217.0,2079.0,227,15105.0,5.6,2694.0,0,0,0,0,1,0,1,0,0,1,0,0,0,1,0
6109,3289.0,5.0,476.0,-34,2230.0,4.7,470.0,0,0,1,0,0,1,1,0,0,0,0,0,0,0,0
7361,1200.0,0.0,150.0,982,42.0,0.8,52.0,0,0,1,0,0,0,0,1,0,0,1,1,0,0,0
2909,1436.0,6.0,160.0,-82,2017.0,8.0,253.0,0,0,1,0,0,0,0,0,1,0,0,0,0,1,0
5260,719.0,188.0,96.0,560,446.0,111.5,4.0,0,0,0,1,0,0,0,1,0,1,1,0,0,1,0
4048,113.0,304.0,123.0,470,983.0,46.8,21.0,1,0,0,0,0,0,0,0,0,0,1,0,0,1,0
1228,2078.0,3006.0,396.0,-678,3197.0,4.8,673.0,0,1,0,0,0,0,0,0,1,0,0,0,0,0,0
971,490.0,62.0,1050.0,228,380.0,0.5,811.0,0,0,0,1,0,0,1,0,0,0,0,1,0,0,0
7681,1027.0,556.0,58.0,462,690.0,12.8,54.0,1,0,0,0,0,0,0,1,0,0,1,0,0,1,0
4480,62.0,1.0,8.0,9,32.0,10.7,3.0,0,0,1,0,0,0,0,0,0,0,1,0,0,1,0
1611,796.0,754.0,713.0,-154,3604.0,6.4,561.0,0,0,0,1,0,0,1,0,0,1,0,0,0,1,0
4016,1960.0,0.0,158.0,555,913.0,5.3,173.0,1,0,0,0,0,0,0,0,0,0,1,0,0,1,0
4266,3.0,355.0,4.0,298,46.0,15.3,3.0,0,0,0,0,0,1,1,0,0,1,0,0,0,1,0
5835,404.0,0.0,366.0,-165,675.0,2.4,281.0,0,0,1,0,0,1,0,1,0,0,1,0,1,0,0
4159,366.0,35.0,46.0,157,69.0,17.2,4.0,0,0,0,0,1,0,0,1,0,1,1,0,0,1,0
2426,672.0,0.0,691.0,-235,415.0,0.6,709.0,0,0,0,0,1,0,1,0,0,1,0,1,0,0,0
152,463.0,7.0,16.0,-364,142.0,6.8,21.0,1,0,0,0,0,0,1,0,0,0,0,0,0,1,0
3028,1742.0,86.0,55.0,211,801.0,160.2,5.0,0,0,1,0,0,0,0,1,0,0,1,0,0,1,0
3370,1455.0,982.0,668.0,-523,3648.0,4.2,871.0,0,0,0,1,0,0,0,1,0,1,1,0,0,0,0
1798,1375.0,2.0,89.0,121,2427.0,33.7,72.0,0,0,0,0,1,1,1,0,0,0,0,0,0,1,0
6471,83.0,5.0,17.0,657,124.0,124.0,1.0,0,0,0,0,1,0,0,0,0,0,1,0,0,1,0
4675,1838.0,97.0,811.0,240,2149.0,2.8,778.0,0,0,0,0,0,0,1,0,0,0,0,0,1,0,0
710,930.0,66.0,144.0,-172,1179.0,11.0,107.0,0,1,0,0,0,0,1,0,0,0,0,0,0,1,0
6590,286.0,145.0,80.0,277,284.0,1.4,203.0,0,0,0,0,0,0,0,1,0,0,1,0,1,0,0
1095,1464.0,0.0,202.0,227,613.0,17.0,36.0,0,0,0,0,0,0,0,1,0,0,1,0,0,1,0
978,729.0,21.0,416.0,-8,1106.0,4.7,236.0,0,0,1,0,0,0,0,1,0,0,1,0,0,0,0
8518,704.0,93.0,240.0,121,251.0,0.7,374.0,0,0,0,0,0,0,0,0,1,0,0,1,0,0,0
5613,8.0,404.0,183.0,-594,121.0,2.7,45.0,0,0,0,0,0,0,0,0,1,0,0,0,1,0,0
91,162.0,0.0,32.0,180,230.0,2.4,94.0,0,0,0,0,1,1,1,0,0,1,0,0,1,0,0
3741,635.0,5.0,373.0,689,134.0,1.4,96.0,1,0,0,0,0,0,0,0,1,1,0,0,1,0,0
3158,1722.0,0.0,23.0,104,2730.0,303.3,9.0,1,0,0,0,0,0,0,0,1,1,0,0,0,1,0
3600,317.0,698.0,159.0,-58,667.0,4.7,142.0,0,0,0,0,1,0,0,0,1,0,0,0,0,0,0
2580,1692.0,52.0,335.0,-97,1311.0,6.2,211.0,0,0,0,0,1,0,0,0,0,0,1,0,0,1,0
300,314.0,1384.0,75.0,292,1462.0,4.9,300.0,0,0,1,0,0,0,1,0,0,0,0,0,0,0,0
493,1067.0,876.0,260.0,343,1342.0,6.7,200.0,0,0,0,0,0,0,0,1,0,0,1,0,0,1,0
7062,106.0,51.0,7.0,-245,220.0,220.0,1.0,1,0,0,0,0,0,0,0,0,0,1,0,0,1,0
1341,302.0,4.0,37.0,-510,192.0,4.8,40.0,0,0,0,1,0,0,1,0,0,0,0,0,0,0,0
6497,130.0,26.0,43.0,117,157.0,4.5,35.0,1,0,0,0,0,0,1,0,0,0,0,0,0,0,0
5828,1303.0,4.0,1058.0,535,3462.0,1.9,1783.0,0,0,0,0,0,0,1,0,0,0,0,0,1,0,0
4679,82.0,39.0,233.0,-286,522.0,2.2,232.0,0,0,0,0,0,0,0,0,1,1,0,0,1,0,0
2368,337.0,486.0,210.0,-520,377.0,23.6,16.0,0,0,0,0,0,0,1,0,0,1,0,0,0,1,0
1029,448.0,123.0,256.0,279,361.0,0.9,408.0,0,0,1,0,0,0,0,0,0,0,1,1,0,0,0
7232,993.0,250.0,541.0,-633,2098.0,6.1,346.0,1,0,0,0,0,0,1,0,0,0,0,0,0,1,0
7124,1786.0,316.0,466.0,446,1454.0,2.4,618.0,0,0,0,0,1,0,0,1,0,0,1,0,1,0,0
963,1616.0,0.0,42.0,-376,584.0,14.2,41.0,0,0,0,0,1,0,0,0,1,0,0,0,0,1,0
1442,4712.0,1.0,478.0,-147,3029.0,8.4,362.0,0,0,0,0,1,0,0,0,1,0,0,0,0,1,0
7811,2424.0,452.0,661.0,144,3679.0,11.2,329.0,0,0,0,0,0,0,0,1,0,0,1,0,0,1,0
7610,34.0,31.0,108.0,355,93.0,1.4,67.0,0,0,0,0,0,0,1,0,0,1,0,0,1,0,0
7865,1123.0,10.0,212.0,432,969.0,7.4,131.0,0,1,0,0,0,0,1,0,0,0,0,0,0,1,0
862,1775.0,172.0,686.0,-73,2418.0,5.8,419.0,1,0,0,0,0,0,0,0,1,1,0,0,0,1,0
2842,262.0,1877.0,98.0,242,955.0,10.4,92.0,0,0,1,0,0,1,0,1,0,0,1,0,0,1,0
7713,358.0,5.0,8.0,991,456.0,456.0,1.0,0,0,0,0,0,0,1,0,0,1,0,0,0,1,0
3309,55.0,1093.0,26.0,82,283.0,25.7,11.0,0,0,0,1,0,0,0,0,0,1,1,0,0,1,0
2423,315.0,0.0,304.0,322,270.0,2.8,98.0,1,0,0,0,0,0,1,0,0,0,0,0,1,0,0
3008,40.0,1.0,48.0,145,30.0,0.9,34.0,0,0,1,0,0,0,0,0,1,0,0,1,0,0,0
5471,216.0,0.0,219.0,1136,310.0,1.2,267.0,0,0,0,0,0,1,0,0,1,0,0,0,1,0,0
8726,4412.0,0.0,462.0,-376,1999.0,9.8,205.0,1,0,0,0,0,1,0,1,0,0,1,0,0,1,0
4503,281.0,0.0,110.0,-292,246.0,5.0,49.0,0,0,0,0,0,0,1,0,0,0,0,0,0,0,0
3154,629.0,1.0,307.0,-246,1057.0,4.3,246.0,1,0,0,0,0,0,0,0,0,0,1,0,0,0,0
3106,129.0,233.0,21.0,26,176.0,13.5,13.0,0,0,0,0,0,0,0,1,0,1,1,0,0,1,0
1149,1271.0,0.0,134.0,280,407.0,8.7,47.0,0,0,0,1,0,0,0,1,0,0,1,0,0,1,0
318,25.0,4.0,11.0,-120,37.0,5.3,7.0,0,0,0,0,0,0,0,1,0,0,1,0,0,1,0
7137,1314.0,121.0,317.0,-158,1220.0,2.4,517.0,0,0,1,0,0,0,0,1,0,0,1,0,1,0,0
6262,2085.0,0.0,35.0,-1351,623.0,36.6,17.0,0,0,0,0,0,0,0,0,1,0,0,0,0,1,0
6878,86.0,0.0,33.0,-370,236.0,59.0,4.0,0,0,0,0,0,0,0,0,0,0,1,0,0,1,0
7387,710.0,575.0,420.0,289,1810.0,8.0,225.0,0,0,0,0,0,0,1,0,0,0,0,0,0,1,0
4307,555.0,286.0,138.0,20,860.0,15.9,54.0,0,0,0,0,0,0,0,0,0,0,1,0,0,1,0
6181,366.0,171.0,261.0,-7,437.0,1.3,333.0,0,0,0,0,0,0,1,0,0,1,0,0,1,0,0
3693,796.0,66.0,238.0,-192,2119.0,34.7,61.0,1,0,0,0,0,0,1,0,0,1,0,0,0,1,0
1771,117.0,1252.0,277.0,139,1126.0,3.9,292.0,1,0,0,0,0,0,0,0,0,0,1,0,0,0,0
4358,4347.0,0.0,181.0,-547,1552.0,32.3,48.0,0,1,0,0,0,0,1,0,0,0,0,0,0,1,0
6437,618.0,0.0,36.0,-298,46.0,3.5,13.0,0,0,0,0,0,0,1,0,0,1,0,0,0,0,0
7194,24.0,41.0,109.0,9,665.0,5.4,124.0,0,0,0,0,0,0,0,0,1,0,0,0,0,1,0
1495,154.0,0.0,28.0,-112,85.0,5.7,15.0,0,0,0,0,0,0,1,0,0,0,0,0,0,1,0
97,3087.0,21.0,412.0,348,1786.0,7.0,254.0,0,0,1,0,0,0,0,1,0,0,1,0,0,1,0
6603,1046.0,0.0,182.0,36,226.0,2.5,91.0,0,0,0,0,0,1,0,1,0,1,1,0,1,0,0
7765,2895.0,11.0,437.0,-247,1364.0,6.5,211.0,1,0,0,0,0,0,1,0,0,0,0,0,0,1,0
6559,1010.0,23.0,452.0,196,336.0,1.0,344.0,0,0,0,0,0,0,0,0,1,1,0,1,0,0,0
7289,4079.0,219.0,1037.0,-676,2993.0,1.8,1628.0,0,0,0,0,0,0,1,0,0,1,0,0,1,0,0
2579,171.0,0.0,11.0,112,143.0,71.5,2.0,0,1,0,0,0,0,1,0,0,0,0,0,0,1,0
5967,1787.0,1.0,120.0,206,563.0,5.2,109.0,0,0,0,0,1,0,0,0,0,0,1,0,0,1,0
1621,651.0,59.0,300.0,-477,944.0,3.7,253.0,0,0,1,0,0,0,1,0,0,0,0,0,0,0,0
4488,413.0,0.0,68.0,37,181.0,1.6,116.0,0,0,0,0,1,0,1,0,0,0,0,0,1,0,0
7458,713.0,206.0,345.0,228,811.0,5.7,142.0,0,0,0,0,0,0,1,0,0,0,0,0,0,1,0
8252,1583.0,0.0,28.0,-304,451.0,4.7,96.0,0,0,0,0,0,0,0,1,0,1,1,0,0,0,0
3482,1028.0,79.0,584.0,-513,1308.0,7.8,168.0,0,0,0,1,0,1,0,1,0,0,1,0,0,1,0
989,3.0,0.0,15.0,-309,3.0,0.6,5.0,0,0,0,0,0,0,0,0,0,1,1,1,0,0,0
482,1275.0,103.0,218.0,-255,1583.0,7.1,222.0,0,0,0,0,1,0,0,0,1,1,0,0,0,1,0
3137,7431.0,330.0,1596.0,11,2446.0,1.5,1587.0,0,0,1,0,0,0,0,1,0,1,1,0,1,0,0
8219,1118.0,19.0,427.0,-115,491.0,0.7,719.0,0,0,1,0,0,0,0,0,1,0,0,1,0,0,0
5544,74.0,38.0,152.0,247,242.0,10.1,24.0,0,0,0,1,0,0,1,0,0,0,0,0,0,1,0
6333,560.0,203.0,65.0,-32,1090.0,60.6,18.0,0,0,0,0,0,0,0,0,0,1,1,0,0,1,0
1308,2459.0,38.0,253.0,-784,1866.0,6.8,275.0,0,0,0,0,0,0,1,0,0,0,0,0,0,1,0
8732,283.0,0.0,32.0,-454,164.0,82.0,2.0,1,0,0,0,0,0,0,1,0,0,1,0,0,1,0
4801,574.0,0.0,156.0,58,536.0,18.5,29.0,0,0,0,1,0,0,0,0,1,1,0,0,0,1,0
7248,337.0,1037.0,538.0,-434,1254.0,2.8,456.0,0,1,0,0,0,0,1,0,0,1,0,0,1,0,0
3769,4090.0,1552.0,787.0,-76,3946.0,10.5,376.0,0,0,0,1,0,0,0,0,0,1,1,0,0,1,0
5646,663.0,161.0,418.0,-83,951.0,1.4,688.0,0,0,1,0,0,0,1,0,0,0,0,0,1,0,0
8662,653.0,2.0,32.0,556,88.0,0.4,211.0,0,1,0,0,0,0,0,0,0,1,1,1,0,0,0
6414,32.0,7.0,6.0,-31,12.0,4.0,3.0,0,0,1,0,0,0,0,0,1,1,0,0,0,0,0
352,719.0,1147.0,266.0,435,2118.0,17.9,118.0,0,0,0,1,0,0,0,0,0,0,1,0,0,1,0
7378,2405.0,17.0,878.0,-497,2844.0,4.3,658.0,0,0,0,0,0,0,1,0,0,0,0,0,0,0,0
4915,883.0,0.0,346.0,540,1260.0,20.0,63.0,0,0,0,0,0,0,0,0,0,1,1,0,0,1,0
8681,2189.0,667.0,418.0,-60,1695.0,30.3,56.0,0,0,1,0,0,1,0,0,0,0,1,0,0,1,0
5863,600.0,135.0,262.0,154,424.0,1.7,249.0,0,0,0,0,0,0,0,1,0,0,1,0,1,0,0
405,147.0,41.0,86.0,-376,261.0,7.7,34.0,0,0,0,0,0,0,0,0,0,0,1,0,0,1,0
3649,62.0,2.0,62.0,-44,59.0,3.5,17.0,0,0,0,0,0,0,0,0,0,0,1,0,0,0,0
452,197.0,3.0,103.0,-588,201.0,2.1,98.0,1,0,0,0,0,1,0,0,0,0,1,0,1,0,0
6,796.0,418.0,244.0,598,453.0,20.6,22.0,0,0,0,0,0,0,0,0,1,1,0,0,0,1,0
2245,659.0,53.0,467.0,10,734.0,2.5,295.0,0,0,0,1,0,0,0,1,0,0,1,0,1,0,0
2242,425.0,5.0,38.0,-547,837.0,6.4,130.0,0,0,1,0,0,0,0,1,0,0,1,0,0,1,0
3190,2296.0,31.0,795.0,232,3307.0,6.5,505.0,0,0,1,0,0,0,0,0,0,0,1,0,0,1,0
604,346.0,0.0,258.0,-431,419.0,1.9,216.0,0,0,0,0,1,0,1,0,0,0,0,0,1,0,0
2983,3443.0,43.0,799.0,-384,1583.0,1.2,1328.0,0,0,0,0,0,0,0,0,1,1,0,0,1,0,0
3164,634.0,569.0,213.0,1160,1244.0,4.4,284.0,0,1,0,0,0,0,0,0,0,0,1,0,0,0,0
5354,2064.0,1511.0,584.0,446,4571.0,5.4,844.0,0,0,0,0,0,0,0,0,0,0,1,0,0,1,0
4932,150.0,160.0,124.0,-523,830.0,14.6,57.0,1,0,0,0,0,0,1,0,0,0,0,0,0,1,0
3151,2782.0,133.0,1216.0,-79,985.0,1.4,719.0,0,0,1,0,0,0,0,0,1,1,0,0,1,0,0
7129,854.0,90.0,123.0,285,3244.0,51.5,63.0,0,1,0,0,0,0,0,1,0,1,1,0,0,1,0
4911,941.0,949.0,124.0,257,1691.0,5.8,290.0,1,0,0,0,0,0,0,1,0,0,1,0,0,1,0
4835,180.0,14.0,4.0,-146,109.0,54.5,2.0,0,0,0,0,0,0,1,0,0,1,0,0,0,1,0
8200,58.0,0.0,22.0,-940,54.0,54.0,1.0,0,0,0,0,1,1,1,0,0,0,0,0,0,1,0
7493,774.0,14.0,300.0,761,1294.0,6.4,201.0,1,0,0,0,0,0,1,0,0,1,0,0,0,1,0
1679,202.0,1563.0,38.0,427,961.0,120.1,8.0,0,0,0,0,0,0,1,0,0,1,0,0,0,1,0
4,2243.0,0.0,535.0,420,2167.0,3.7,583.0,0,1,0,0,0,0,1,0,0,1,0,0,0,0,0
2950,5423.0,632.0,1117.0,-197,8698.0,4.9,1779.0,1,0,0,0,0,0,0,0,1,0,0,0,0,0,0
2870,605.0,74.0,835.0,1435,1452.0,1.9,753.0,0,0,1,0,0,0,0,0,0,0,1,0,1,0,0
319,578.0,557.0,211.0,803,2048.0,102.4,20.0,0,0,0,1,0,0,0,1,0,1,1,0,0,1,0
12,211.0,0.0,17.0,-745,173.0,4.8,36.0,0,0,1,0,0,1,0,0,1,1,0,0,0,0,0
2143,2450.0,114.0,406.0,-237,2124.0,13.5,157.0,0,0,1,0,0,0,0,0,1,0,0,0,0,1,0
8233,366.0,0.0,74.0,883,114.0,4.4,26.0,1,0,0,0,0,0,0,1,0,0,1,0,0,0,0
1475,190.0,56.0,378.0,288,322.0,0.4,892.0,0,0,0,1,0,0,0,1,0,0,1,1,0,0,0
2133,16.0,0.0,8.0,530,13.0,13.0,1.0,0,0,1,0,0,0,0,0,1,1,0,0,0,1,0
4951,1134.0,138.0,73.0,144,1065.0,59.2,18.0,1,0,0,0,0,1,0,0,1,1,0,0,0,1,0
5172,23.0,10.0,109.0,-234,28.0,1.4,20.0,0,0,0,0,0,0,0,0,1,0,0,0,1,0,0
2566,13.0,0.0,1.0,209,12.0,6.0,2.0,0,0,1,0,0,0,0,0,0,0,1,0,0,1,0
1123,1289.0,1.0,40.0,429,669.0,16.3,41.0,1,0,0,0,0,0,0,0,0,0,1,0,0,1,0
8404,1145.0,2.0,111.0,-384,1467.0,41.9,35.0,0,0,0,1,0,0,0,0,1,0,0,0,0,1,0
346,1636.0,4.0,83.0,-209,755.0,30.2,25.0,0,0,0,0,1,0,0,1,0,1,1,0,0,1,0
4814,1241.0,1.0,96.0,178,392.0,6.9,57.0,0,1,0,0,0,0,0,0,1,0,0,0,0,1,0
4733,1584.0,591.0,71.0,-336,980.0,12.7,77.0,1,0,0,0,0,1,0,0,1,0,0,0,0,1,0
1972,86.0,1.0,23.0,-206,49.0,3.3,15.0,0,0,0,0,0,0,0,1,0,1,1,0,0,0,0
168,1125.0,125.0,726.0,151,664.0,2.1,318.0,1,0,0,0,0,0,1,0,0,0,0,0,1,0,0
475,1618.0,10.0,542.0,-33,714.0,1.1,678.0,0,0,0,0,0,0,0,1,0,0,1,0,1,0,0
5154,1106.0,1.0,519.0,401,209.0,0.8,249.0,0,0,1,0,0,0,0,0,0,0,1,1,0,0,0
6156,292.0,682.0,13.0,-319,1027.0,146.7,7.0,0,0,0,1,0,0,0,1,0,1,1,0,0,1,0
8018,1505.0,0.0,182.0,-475,651.0,9.4,69.0,0,0,0,0,1,0,0,0,1,0,0,0,0,1,0
7488,4060.0,0.0,719.0,2,2720.0,3.2,848.0,0,0,0,0,1,0,1,0,0,0,0,0,0,0,0
522,463.0,652.0,74.0,-269,163.0,3.4,48.0,0,0,0,1,0,0,0,1,0,0,1,0,0,0,0
3066,2063.0,107.0,268.0,415,1965.0,5.9,335.0,1,0,0,0,0,0,0,1,0,0,1,0,0,1,0
4516,356.0,73.0,66.0,-355,856.0,5.8,148.0,0,0,0,1,0,0,0,0,1,0,0,0,0,1,0
6909,239.0,11.0,27.0,13,171.0,4.3,40.0,0,0,0,0,0,0,0,0,1,1,0,0,0,0,0
2073,5876.0,132.0,1676.0,553,4330.0,1.8,2361.0,0,0,1,0,0,0,1,0,0,1,0,0,1,0,0
4544,1793.0,0.0,63.0,191,1483.0,98.9,15.0,0,0,0,0,0,0,0,0,0,1,1,0,0,1,0
8113,2533.0,229.0,824.0,365,3090.0,9.2,337.0,0,1,0,0,0,0,1,0,0,0,0,0,0,1,0
4095,1131.0,14.0,413.0,149,158.0,0.4,445.0,1,0,0,0,0,0,0,1,0,1,1,1,0,0,0
1080,1154.0,0.0,111.0,-276,430.0,7.3,59.0,0,0,0,1,0,0,0,0,1,0,0,0,0,1,0
8065,1305.0,2.0,289.0,114,1916.0,9.6,199.0,0,0,0,0,0,0,0,0,0,0,1,0,0,1,0
3785,401.0,345.0,572.0,-179,1107.0,2.8,395.0,0,0,0,0,1,0,0,0,0,0,1,0,1,0,0
4178,985.0,0.0,123.0,-92,58.0,0.6,103.0,0,0,0,0,0,0,1,0,0,0,0,1,0,0,0
7620,360.0,16.0,128.0,-351,188.0,1.4,131.0,1,0,0,0,0,0,0,1,0,0,1,0,1,0,0
2650,1493.0,5.0,256.0,-435,927.0,5.9,158.0,0,0,0,0,1,0,0,0,0,0,1,0,0,1,0
2196,1442.0,171.0,398.0,773,2384.0,15.1,158.0,0,1,0,0,0,0,1,0,0,0,0,0,0,1,0
7834,161.0,94.0,35.0,-530,513.0,171.0,3.0,0,0,0,0,0,0,1,0,0,0,0,0,0,1,0
1868,4255.0,6.0,384.0,490,2609.0,5.0,525.0,0,1,0,0,0,0,1,0,0,0,0,0,0,0,0
4473,1987.0,41.0,702.0,-181,1626.0,5.5,293.0,0,0,0,0,1,1,0,1,0,0,1,0,0,1,0
3577,2524.0,1822.0,489.0,24,2054.0,18.2,113.0,0,0,0,1,0,0,0,1,0,1,1,0,0,1,0
1281,360.0,623.0,206.0,-481,313.0,3.6,86.0,0,0,0,1,0,0,0,0,0,1,1,0,0,0,0
1912,322.0,54.0,15.0,-952,157.0,3.9,40.0,0,0,0,1,0,0,0,0,1,1,0,0,0,0,0
6067,965.0,1949.0,584.0,-402,2062.0,13.2,156.0,0,0,0,0,1,0,0,0,0,0,1,0,0,1,0
859,760.0,0.0,12.0,-1029,314.0,314.0,1.0,0,0,0,0,0,0,0,0,0,0,1,0,0,1,0
1554,1620.0,413.0,169.0,4,3277.0,7.0,468.0,1,0,0,0,0,0,0,0,1,1,0,0,0,1,0
8470,7590.0,1924.0,2607.0,557,8039.0,5.7,1407.0,0,1,0,0,0,0,1,0,0,1,0,0,0,1,0
3442,289.0,10.0,34.0,-388,215.0,10.2,21.0,0,1,0,0,0,0,0,0,1,0,0,0,0,1,0
3929,50.0,5.0,56.0,561,45.0,1.4,33.0,1,0,0,0,0,0,0,1,0,0,1,0,1,0,0
5937,1794.0,0.0,154.0,322,1263.0,18.9,67.0,0,0,0,0,0,0,0,1,0,0,1,0,0,1,0
4862,212.0,3.0,81.0,-382,419.0,19.0,22.0,0,0,0,1,0,0,0,0,1,0,0,0,0,1,0
5027,142.0,62.0,74.0,1088,453.0,10.1,45.0,0,0,0,0,0,0,0,0,1,1,0,0,0,1,0
676,896.0,114.0,307.0,-36,674.0,2.8,240.0,0,0,0,0,0,0,0,1,0,1,1,0,1,0,0
8630,3256.0,13.0,852.0,-287,2997.0,7.1,420.0,0,0,0,0,0,0,1,0,0,0,0,0,0,1,0
5012,8616.0,0.0,1087.0,173,7677.0,9.5,812.0,0,1,0,0,0,0,0,0,0,0,1,0,0,1,0
5170,324.0,4.0,49.0,-101,25.0,2.5,10.0,0,0,0,0,0,0,0,1,0,0,1,0,1,0,0
5152,11948.0,18.0,2023.0,-291,7450.0,4.4,1696.0,1,0,0,0,0,0,0,0,1,0,0,0,0,0,0
8571,357.0,0.0,220.0,-273,3584.0,15.0,239.0,0,0,1,0,0,0,0,1,0,1,1,0,0,1,0
3373,1187.0,108.0,558.0,-851,1169.0,5.1,227.0,0,0,0,0,0,0,0,0,0,0,1,0,0,1,0
5558,3863.0,223.0,734.0,-365,3433.0,3.9,880.0,0,0,0,0,0,0,0,0,0,0,1,0,0,0,0
8730,1890.0,0.0,263.0,10,847.0,2.9,293.0,0,0,0,0,0,0,0,0,0,0,1,0,1,0,0
2545,386.0,0.0,157.0,360,1033.0,4.5,230.0,0,0,0,0,1,1,0,0,0,0,1,0,0,0,0
7200,2520.0,990.0,507.0,384,4365.0,15.5,281.0,0,0,0,0,0,0,0,0,0,0,1,0,0,1,0
3667,204.0,0.0,105.0,285,47.0,0.5,87.0,0,0,0,0,1,0,0,0,1,0,0,1,0,0,0
3216,480.0,222.0,96.0,-375,306.0,6.5,47.0,0,0,0,0,0,0,0,0,1,0,0,0,0,1,0
6246,113.0,24.0,78.0,32,438.0,27.4,16.0,0,0,1,0,0,0,0,1,0,0,1,0,0,1,0
4829,197.0,252.0,58.0,206,211.0,42.2,5.0,0,0,0,1,0,0,0,1,0,0,1,0,0,1,0
1955,366.0,3.0,17.0,-504,49.0,1.4,34.0,0,0,0,0,0,1,0,0,1,0,0,0,1,0,0
7157,76.0,7.0,64.0,400,197.0,28.1,7.0,1,0,0,0,0,0,0,0,1,0,0,0,0,1,0
806,2650.0,0.0,244.0,-137,493.0,3.4,147.0,0,0,0,1,0,0,0,0,1,0,0,0,0,0,0
1212,40.0,90.0,19.0,-91,152.0,152.0,1.0,0,0,0,0,0,0,0,0,0,0,1,0,0,1,0
4755,1979.0,0.0,523.0,-192,926.0,2.5,377.0,0,0,0,0,0,0,0,0,1,0,0,0,1,0,0
2834,1327.0,3.0,619.0,74,2003.0,5.8,346.0,0,0,0,0,0,0,0,0,1,0,0,0,0,1,0
2453,2163.0,550.0,476.0,333,2906.0,6.6,442.0,1,0,0,0,0,0,0,0,0,0,1,0,0,1,0
6618,3319.0,136.0,325.0,198,3286.0,28.8,114.0,0,0,0,1,0,0,0,0,1,0,0,0,0,1,0
2104,1348.0,7.0,284.0,-80,987.0,13.0,76.0,0,0,0,1,0,0,0,1,0,1,1,0,0,1,0
2531,590.0,0.0,89.0,-703,678.0,32.3,21.0,0,0,0,0,0,0,0,1,0,0,1,0,0,1,0
5729,2805.0,35.0,305.0,-294,774.0,4.6,167.0,1,0,0,0,0,0,1,0,0,0,0,0,0,0,0
3968,1904.0,1135.0,642.0,98,4393.0,11.7,374.0,1,0,0,0,0,0,0,0,0,1,1,0,0,1,0
5892,852.0,700.0,65.0,92,1815.0,23.6,77.0,0,0,0,1,0,0,0,1,0,1,1,0,0,1,0
8311,1004.0,105.0,242.0,-143,969.0,5.0,195.0,0,0,0,0,0,0,0,0,0,0,1,0,0,0,0
1050,4290.0,235.0,1293.0,-259,3739.0,1.9,1976.0,0,0,1,0,0,1,0,1,0,0,1,0,1,0,0
1486,975.0,144.0,487.0,-673,2196.0,2.8,776.0,0,1,0,0,0,0,1,0,0,0,0,0,1,0,0
185,4005.0,2.0,830.0,-126,2214.0,2.8,780.0,0,0,0,0,0,0,1,0,0,1,0,0,1,0,0
4299,147.0,0.0,17.0,500,843.0,210.8,4.0,0,0,0,1,0,0,0,0,1,1,0,0,0,1,0
7362,33.0,2.0,195.0,472,50.0,0.3,167.0,0,0,0,0,0,0,0,0,0,0,1,1,0,0,0
5773,284.0,239.0,138.0,-333,925.0,13.6,68.0,0,0,0,0,0,0,1,0,0,1,0,0,0,1,0
7563,128.0,529.0,388.0,623,365.0,0.7,560.0,0,0,1,0,0,0,0,1,0,1,1,1,0,0,0
4871,1051.0,67.0,181.0,-479,895.0,179.0,5.0,0,0,0,0,1,0,0,0,1,1,0,0,0,1,0
7552,708.0,420.0,785.0,83,724.0,0.9,831.0,0,0,1,0,0,0,0,0,1,0,0,1,0,0,0
5827,1712.0,14.0,117.0,-379,293.0,8.4,35.0,1,0,0,0,0,0,1,0,0,1,0,0,0,1,0
2060,3062.0,127.0,387.0,-302,6462.0,12.7,507.0,0,1,0,0,0,0,0,1,0,1,1,0,0,1,0
415,0.0,299.0,10.0,-231,5.0,0.1,40.0,0,0,0,0,0,0,1,0,0,0,0,1,0,0,0
3961,322.0,8.0,390.0,288,565.0,1.9,303.0,0,0,0,0,1,0,0,1,0,1,1,0,1,0,0
2787,129.0,0.0,34.0,408,12.0,1.5,8.0,0,0,0,0,0,0,1,0,0,0,0,0,1,0,0
7311,14.0,88.0,5.0,-71,42.0,42.0,1.0,0,0,0,0,0,0,1,0,0,0,0,0,0,1,0
3974,996.0,0.0,250.0,271,2811.0,6.4,438.0,1,0,0,0,0,0,0,0,0,0,1,0,0,1,0
8217,3701.0,31.0,789.0,66,1248.0,2.4,529.0,0,0,1,0,0,0,0,0,0,0,1,0,1,0,0
5933,1189.0,134.0,544.0,-810,823.0,1.7,486.0,0,1,0,0,0,0,0,1,0,0,1,0,1,0,0
1253,2515.0,2.0,219.0,-189,1705.0,18.5,92.0,0,0,0,0,1,0,0,0,1,1,0,0,0,1,0
7616,4333.0,26.0,648.0,-156,5098.0,7.9,648.0,0,0,0,0,1,0,0,0,1,0,0,0,0,1,0
6501,340.0,3.0,36.0,262,415.0,59.3,7.0,0,0,0,0,1,0,0,1,0,0,1,0,0,1,0
6143,2181.0,0.0,209.0,-129,555.0,11.3,49.0,0,0,0,0,0,0,1,0,0,0,0,0,0,1,0
4015,152.0,0.0,40.0,328,340.0,14.2,24.0,0,0,0,0,0,0,1,0,0,1,0,0,0,1,0
3052,650.0,0.0,55.0,-1041,82.0,10.2,8.0,0,0,0,0,0,0,0,1,0,0,1,0,0,1,0
6346,2129.0,0.0,614.0,-116,2125.0,3.9,549.0,1,0,0,0,0,0,0,0,0,0,1,0,0,0,0
402,2617.0,0.0,475.0,182,1108.0,1.0,1084.0,0,0,0,0,1,0,1,0,0,0,0,1,0,0,0
5542,6769.0,289.0,930.0,531,7139.0,9.6,746.0,0,0,0,0,0,0,1,0,0,0,0,0,0,1,0
6450,2011.0,49.0,356.0,-193,2348.0,7.5,314.0,1,0,0,0,0,0,0,1,0,1,1,0,0,1,0
8119,633.0,115.0,147.0,-361,1483.0,7.9,187.0,1,0,0,0,0,0,0,0,1,0,0,0,0,1,0
1501,966.0,269.0,195.0,13,1387.0,15.4,90.0,0,0,0,1,0,1,0,0,0,1,1,0,0,1,0
4445,249.0,2.0,156.0,338,537.0,3.1,176.0,0,0,0,0,0,0,0,0,1,1,0,0,0,0,0
6002,2585.0,65.0,401.0,38,3440.0,13.8,249.0,0,0,0,1,0,0,1,0,0,0,0,0,0,1,0
4617,604.0,1.0,112.0,885,2062.0,33.3,62.0,0,0,0,1,0,0,1,0,0,0,0,0,0,1,0
4454,84.0,0.0,58.0,-565,26.0,0.9,28.0,0,0,0,0,0,0,0,1,0,0,1,1,0,0,0
350,3333.0,25.0,326.0,-114,1322.0,3.8,350.0,0,0,0,0,0,0,0,0,0,1,1,0,0,0,0
7109,92.0,10.0,46.0,388,217.0,27.1,8.0,0,1,0,0,0,1,0,1,0,0,1,0,0,1,0
7028,2258.0,221.0,831.0,152,2272.0,5.4,422.0,0,0,0,1,0,0,0,0,1,0,0,0,0,1,0
5466,1325.0,56.0,128.0,-577,681.0,3.3,208.0,1,0,0,0,0,0,0,0,1,0,0,0,0,0,0
3315,2636.0,80.0,414.0,673,4391.0,6.3,692.0,1,0,0,0,0,0,1,0,0,0,0,0,0,1,0
5351,611.0,123.0,281.0,-104,1040.0,3.3,315.0,0,0,1,0,0,0,0,0,1,1,0,0,0,0,0
4683,697.0,3.0,99.0,175,2987.0,52.4,57.0,0,0,0,0,1,0,0,0,1,1,0,0,0,1,0
3025,3123.0,347.0,101.0,474,1999.0,17.7,113.0,0,0,0,1,0,0,0,0,1,0,0,0,0,1,0
8159,451.0,123.0,321.0,119,528.0,0.9,604.0,0,0,0,0,1,0,1,0,0,0,0,1,0,0,0
5807,127.0,2.0,59.0,675,263.0,3.6,74.0,0,0,0,1,0,0,0,0,1,1,0,0,0,0,0
8627,363.0,2.0,26.0,-217,192.0,96.0,2.0,1,0,0,0,0,0,0,0,1,1,0,0,0,1,0
6111,999.0,248.0,785.0,114,1630.0,3.3,494.0,0,0,0,0,1,0,0,0,1,1,0,0,0,0,0
8391,18.0,659.0,185.0,125,226.0,2.7,83.0,0,0,0,1,0,1,0,1,0,1,1,0,1,0,0
3405,234.0,268.0,112.0,-65,1317.0,69.3,19.0,0,0,0,0,0,0,0,0,1,1,0,0,0,1,0
7601,605.0,0.0,431.0,551,694.0,2.7,253.0,0,0,0,0,0,0,0,0,0,0,1,0,1,0,0
7225,193.0,0.0,10.0,-385,127.0,12.7,10.0,0,0,1,0,0,0,0,0,1,0,0,0,0,1,0
1328,119.0,16.0,13.0,-161,457.0,228.5,2.0,0,0,0,0,1,0,0,0,1,0,0,0,0,1,0
6158,323.0,2.0,200.0,202,82.0,0.5,167.0,0,0,0,0,1,0,0,1,0,1,1,1,0,0,0
1629,173.0,33.0,127.0,70,389.0,2.3,169.0,0,0,0,0,0,0,1,0,0,0,0,0,1,0,0
4188,1252.0,405.0,904.0,-244,2365.0,4.3,547.0,0,0,0,1,0,0,1,0,0,1,0,0,0,0,0
790,220.0,335.0,49.0,25,20.0,1.3,15.0,0,0,0,0,0,0,0,1,0,1,1,0,1,0,0
987,2199.0,0.0,958.0,137,2438.0,7.1,342.0,0,0,0,0,0,1,0,1,0,0,1,0,0,1,0
3960,578.0,0.0,98.0,22,1178.0,34.6,34.0,0,0,0,0,0,0,1,0,0,0,0,0,0,1,0
74,205.0,105.0,184.0,-22,175.0,87.5,2.0,0,0,0,1,0,0,1,0,0,0,0,0,0,1,0
2530,856.0,0.0,40.0,-41,188.0,13.4,14.0,0,0,0,0,0,0,1,0,0,1,0,0,0,1,0
4097,719.0,53.0,400.0,610,821.0,2.8,293.0,1,0,0,0,0,0,1,0,0,0,0,0,1,0,0
6045,1121.0,1.0,248.0,-409,1241.0,2.9,431.0,1,0,0,0,0,0,0,0,1,0,0,0,1,0,0
177,382.0,1711.0,292.0,-266,2080.0,19.4,107.0,0,1,0,0,0,0,0,0,1,0,0,0,0,1,0
7278,882.0,9.0,55.0,-200,59.0,1.8,33.0,0,0,1,0,0,0,0,1,0,0,1,0,1,0,0
5229,2021.0,133.0,851.0,116,4032.0,5.5,730.0,0,0,0,0,0,0,0,0,1,0,0,0,0,1,0
6972,191.0,0.0,216.0,306,434.0,2.5,172.0,0,0,0,0,1,0,0,0,0,0,1,0,1,0,0
1387,6055.0,10.0,1248.0,-189,3912.0,4.0,971.0,0,0,0,0,0,0,0,0,0,1,1,0,0,0,0
1973,5333.0,280.0,1107.0,129,4916.0,2.0,2511.0,0,0,1,0,0,0,0,1,0,0,1,0,1,0,0
5970,1932.0,305.0,201.0,-888,853.0,6.9,124.0,0,0,0,1,0,0,0,1,0,0,1,0,0,1,0
5651,934.0,0.0,87.0,-231,278.0,0.7,382.0,0,0,0,0,0,0,0,0,0,0,1,1,0,0,0
102,707.0,41.0,170.0,322,675.0,7.4,91.0,0,1,0,0,0,0,1,0,0,0,0,0,0,1,0
2128,1447.0,0.0,43.0,-223,2098.0,15.8,133.0,0,0,0,0,0,0,1,0,0,1,0,0,0,1,0
5717,223.0,57.0,110.0,-379,1048.0,11.3,93.0,0,0,0,0,0,0,1,0,0,1,0,0,0,1,0
1221,224.0,179.0,134.0,148,400.0,5.2,77.0,1,0,0,0,0,0,0,0,1,0,0,0,0,1,0
6745,2.0,13.0,37.0,458,16.0,5.3,3.0,1,0,0,0,0,0,1,0,0,0,0,0,0,1,0
7403,859.0,26.0,144.0,-244,792.0,8.7,91.0,0,0,0,0,0,0,1,0,0,0,0,0,0,1,0
8342,466.0,0.0,9.0,953,205.0,205.0,1.0,0,0,0,1,0,0,1,0,0,1,0,0,0,1,0
5195,1211.0,13.0,76.0,123,1783.0,61.5,29.0,0,0,1,0,0,0,0,1,0,1,1,0,0,1,0
5548,115.0,9.0,150.0,-262,49.0,7.0,7.0,0,0,0,1,0,0,0,0,1,0,0,0,0,1,0
6372,6.0,410.0,6.0,394,29.0,7.2,4.0,0,1,0,0,0,0,0,0,1,0,0,0,0,1,0
6204,49.0,13.0,98.0,-92,311.0,31.1,10.0,0,0,0,1,0,0,0,0,0,0,1,0,0,1,0
7003,2298.0,1.0,100.0,-435,264.0,4.6,58.0,1,0,0,0,0,0,0,0,0,0,1,0,0,0,0
1640,957.0,14.0,80.0,-354,848.0,24.9,34.0,0,0,0,0,0,1,0,0,1,0,0,0,0,1,0
1128,2139.0,8.0,674.0,-456,1294.0,5.0,261.0,0,0,0,0,1,0,1,0,0,1,0,0,0,0,0
3144,84.0,19.0,42.0,-83,10.0,0.5,21.0,0,0,0,0,0,0,1,0,0,0,0,1,0,0,0
5458,664.0,70.0,174.0,1014,1112.0,22.2,50.0,0,0,0,1,0,0,0,0,1,1,0,0,0,1,0
330,96.0,0.0,48.0,157,127.0,1.4,93.0,1,0,0,0,0,0,1,0,0,0,0,0,1,0,0
1759,653.0,0.0,47.0,-66,605.0,5.6,109.0,0,0,0,1,0,0,0,1,0,0,1,0,0,1,0
139,605.0,0.0,370.0,-42,2357.0,12.3,192.0,0,0,0,0,1,0,0,1,0,1,1,0,0,1,0
1842,1070.0,0.0,51.0,250,93.0,3.2,29.0,0,0,0,0,0,0,1,0,0,0,0,0,0,0,0
2761,624.0,1.0,156.0,906,264.0,10.2,26.0,0,0,0,0,0,0,0,1,0,0,1,0,0,1,0
1546,150.0,0.0,80.0,-684,161.0,5.2,31.0,0,0,0,0,1,0,0,1,0,1,1,0,0,1,0
4127,43.0,659.0,56.0,-619,620.0,41.3,15.0,0,1,0,0,0,0,0,0,1,1,0,0,0,1,0
4356,18.0,75.0,83.0,-284,56.0,3.7,15.0,0,0,0,0,0,0,1,0,0,1,0,0,0,0,0
1730,206.0,0.0,63.0,411,20.0,1.0,20.0,1,0,0,0,0,0,1,0,0,0,0,1,0,0,0
312,203.0,316.0,493.0,605,329.0,1.1,299.0,0,1,0,0,0,0,0,0,1,1,0,0,1,0,0
2271,230.0,232.0,290.0,-1,1343.0,6.2,215.0,0,0,0,0,0,0,1,0,0,1,0,0,0,1,0
3815,343.0,524.0,29.0,-232,455.0,16.9,27.0,0,0,0,0,0,1,0,0,1,1,0,0,0,1,0
3343,864.0,0.0,223.0,-817,256.0,15.1,17.0,1,0,0,0,0,0,0,0,0,1,1,0,0,1,0
4884,443.0,782.0,271.0,73,1070.0,44.6,24.0,0,0,0,0,0,0,0,0,1,0,0,0,0,1,0
5150,628.0,0.0,135.0,3,159.0,9.9,16.0,0,0,0,0,0,0,0,0,1,1,0,0,0,1,0
1092,1249.0,549.0,471.0,-507,1940.0,4.2,461.0,0,1,0,0,0,0,0,0,1,0,0,0,0,0,0
2134,4072.0,48.0,263.0,-593,1083.0,11.4,95.0,0,0,0,1,0,0,0,1,0,1,1,0,0,1,0
3672,1466.0,254.0,510.0,-439,2624.0,4.4,599.0,0,0,0,0,0,0,0,0,0,0,1,0,0,0,0
8213,62.0,16.0,70.0,-88,300.0,25.0,12.0,0,0,0,0,0,0,0,1,0,0,1,0,0,1,0
3514,96.0,1.0,99.0,444,243.0,7.8,31.0,0,0,0,0,0,0,0,0,0,0,1,0,0,1,0
2318,1157.0,11.0,1299.0,874,905.0,3.0,304.0,0,0,1,0,0,0,0,1,0,1,1,0,0,0,0
725,3677.0,0.0,530.0,-352,2593.0,8.0,323.0,1,0,0,0,0,0,1,0,0,0,0,0,0,1,0
1165,2279.0,91.0,456.0,-296,1362.0,5.6,242.0,0,0,0,0,0,0,0,0,1,0,0,0,0,1,0
6636,3105.0,5006.0,1801.0,176,5626.0,2.5,2262.0,0,0,0,0,0,0,1,0,0,0,0,0,1,0,0
4148,1309.0,144.0,343.0,-733,4257.0,51.9,82.0,1,0,0,0,0,0,0,1,0,0,1,0,0,1,0
8417,3176.0,0.0,344.0,179,1725.0,15.3,113.0,0,0,0,0,0,0,0,0,1,0,0,0,0,1,0
7290,1199.0,126.0,874.0,-229,1176.0,1.4,821.0,0,0,0,0,0,0,1,0,0,0,0,0,1,0,0
3413,3405.0,133.0,729.0,272,2254.0,3.3,680.0,0,1,0,0,0,0,1,0,0,0,0,0,0,0,0
4670,763.0,1.0,88.0,-504,2414.0,86.2,28.0,0,0,0,1,0,0,0,0,0,1,1,0,0,1,0
6881,2625.0,973.0,614.0,-214,3730.0,15.9,234.0,1,0,0,0,0,0,1,0,0,0,0,0,0,1,0
4465,2854.0,60.0,239.0,-661,759.0,3.9,194.0,0,0,0,0,0,0,1,0,0,0,0,0,0,0,0
8057,2844.0,111.0,562.0,170,1355.0,2.2,605.0,0,1,0,0,0,0,0,0,0,0,1,0,1,0,0
8125,2424.0,422.0,1166.0,288,1434.0,1.3,1126.0,0,1,0,0,0,0,0,0,1,1,0,0,1,0,0
5731,204.0,39.0,154.0,32,656.0,11.5,57.0,0,0,0,0,0,0,0,1,0,0,1,0,0,1,0
6320,1156.0,73.0,188.0,-783,3211.0,118.9,27.0,0,1,0,0,0,0,0,1,0,1,1,0,0,1,0
4941,1536.0,0.0,149.0,-143,374.0,3.5,106.0,0,0,0,0,0,0,0,1,0,1,1,0,0,0,0
2820,2447.0,171.0,280.0,16,942.0,6.7,141.0,0,0,0,0,1,0,0,0,0,1,1,0,0,1,0
3900,871.0,4.0,109.0,966,843.0,8.4,100.0,0,0,0,1,0,0,1,0,0,0,0,0,0,1,0
1708,118.0,4.0,179.0,157,81.0,1.3,62.0,0,0,0,0,0,0,0,0,1,1,0,0,1,0,0
968,598.0,534.0,106.0,59,839.0,42.0,20.0,0,0,0,0,1,0,0,1,0,0,1,0,0,1,0
3627,610.0,0.0,83.0,-779,1225.0,87.5,14.0,0,0,0,0,1,0,0,0,0,0,1,0,0,1,0
4088,146.0,0.0,31.0,324,208.0,6.7,31.0,0,1,0,0,0,0,0,0,1,1,0,0,0,1,0
7214,30.0,0.0,61.0,694,3.0,0.3,11.0,0,0,0,1,0,0,0,0,1,0,0,1,0,0,0
2543,895.0,35.0,71.0,192,583.0,116.6,5.0,0,0,0,0,0,0,0,0,1,0,0,0,0,1,0
4982,7.0,0.0,2.0,-107,10.0,2.0,5.0,1,0,0,0,0,0,1,0,0,0,0,0,1,0,0
1112,3378.0,5.0,765.0,320,1032.0,1.7,590.0,1,0,0,0,0,0,1,0,0,0,0,0,1,0,0
1173,1474.0,1225.0,687.0,307,3473.0,2.5,1366.0,0,0,0,0,0,0,1,0,0,1,0,0,1,0,0
48,481.0,82.0,101.0,-1029,470.0,11.5,41.0,0,0,0,0,1,0,0,0,0,1,1,0,0,1,0
6081,389.0,5.0,69.0,-283,115.0,4.3,27.0,0,0,0,0,0,0,0,0,0,0,1,0,0,0,0
8092,101.0,80.0,56.0,-148,105.0,3.8,28.0,0,0,0,1,0,0,0,1,0,0,1,0,0,0,0
5048,1159.0,447.0,235.0,-377,2351.0,16.6,142.0,0,0,0,0,0,0,1,0,0,1,0,0,0,1,0
3002,355.0,14.0,285.0,79,797.0,3.2,248.0,0,0,0,0,1,0,0,1,0,0,1,0,0,0,0
820,17.0,15.0,16.0,-214,50.0,3.3,15.0,0,0,0,0,1,0,1,0,0,0,0,0,0,0,0
8044,732.0,0.0,54.0,186,791.0,19.3,41.0,0,0,0,0,0,0,0,1,0,0,1,0,0,1,0
8153,2236.0,1092.0,83.0,-27,496.0,4.6,109.0,1,0,0,0,0,0,0,0,1,0,0,0,0,0,0
3096,2468.0,0.0,599.0,-280,4289.0,10.9,394.0,0,0,0,0,0,0,0,0,1,1,0,0,0,1,0
5627,1363.0,309.0,391.0,158,1076.0,2.7,396.0,1,0,0,0,0,0,0,0,1,0,0,0,1,0,0
2660,6210.0,64.0,1142.0,314,5145.0,5.7,895.0,0,0,0,0,0,0,1,0,0,1,0,0,0,1,0
6235,1220.0,642.0,498.0,-204,4411.0,15.8,280.0,0,0,0,0,0,0,1,0,0,0,0,0,0,1,0
964,626.0,391.0,213.0,-233,1479.0,4.2,356.0,1,0,0,0,0,0,0,0,0,1,1,0,0,0,0
366,420.0,24.0,526.0,521,647.0,1.0,655.0,0,0,0,0,0,0,0,0,0,0,1,1,0,0,0
982,364.0,9.0,82.0,-49,1179.0,14.2,83.0,0,0,0,0,1,0,0,1,0,1,1,0,0,1,0
8395,1217.0,0.0,216.0,-251,1894.0,9.4,202.0,0,0,0,0,0,0,0,0,0,0,1,0,0,1,0
5511,524.0,64.0,240.0,344,1087.0,3.4,322.0,1,0,0,0,0,0,0,0,1,1,0,0,0,0,0
7287,1275.0,77.0,374.0,178,2954.0,8.7,341.0,0,0,0,0,0,0,1,0,0,1,0,0,0,1,0
4974,164.0,0.0,21.0,545,115.0,23.0,5.0,0,0,0,0,0,1,0,1,0,0,1,0,0,1,0
1047,220.0,38.0,29.0,263,1010.0,18.0,56.0,0,0,0,1,0,1,0,1,0,0,1,0,0,1,0
3244,2674.0,19.0,248.0,847,716.0,20.5,35.0,1,0,0,0,0,0,0,0,0,0,1,0,0,1,0
7911,230.0,4.0,21.0,-154,364.0,20.2,18.0,0,0,0,0,0,0,0,0,0,0,1,0,0,1,0
5787,858.0,2.0,250.0,341,633.0,20.4,31.0,1,0,0,0,0,0,0,0,0,0,1,0,0,1,0
768,1019.0,0.0,250.0,1234,470.0,1.4,333.0,0,0,0,0,0,0,0,1,0,1,1,0,1,0,0
708,18.0,1.0,168.0,542,469.0,3.6,130.0,0,0,0,0,1,0,0,1,0,0,1,0,0,0,0
5242,30.0,2.0,22.0,-128,183.0,183.0,1.0,0,0,1,0,0,0,0,0,1,1,0,0,0,1,0
699,465.0,287.0,22.0,-834,1460.0,112.3,13.0,0,0,0,0,0,0,0,0,0,1,1,0,0,1,0
7783,1397.0,11.0,812.0,27,1151.0,2.2,522.0,0,0,0,0,1,0,0,1,0,1,1,0,1,0,0
6894,2254.0,70.0,602.0,-202,2559.0,7.1,362.0,1,0,0,0,0,0,1,0,0,0,0,0,0,1,0
5676,427.0,24.0,152.0,-643,209.0,6.7,31.0,1,0,0,0,0,0,0,0,0,0,1,0,0,1,0
1787,2245.0,0.0,280.0,-407,2398.0,21.2,113.0,0,0,0,0,1,1,0,0,1,0,0,0,0,1,0
8236,29.0,0.0,25.0,602,40.0,10.0,4.0,0,0,0,0,1,0,0,1,0,0,1,0,0,1,0
355,82.0,1.0,54.0,137,220.0,36.7,6.0,0,0,0,0,0,0,0,0,0,0,1,0,0,1,0
6811,3.0,0.0,0.0,217,30.0,15.0,2.0,0,0,1,0,0,0,0,0,1,1,0,0,0,1,0
6278,46.0,20.0,101.0,32,232.0,33.1,7.0,0,0,0,0,1,0,0,1,0,0,1,0,0,1,0
8388,248.0,4.0,316.0,524,437.0,1.7,257.0,0,0,0,0,1,0,1,0,0,0,0,0,1,0,0
5678,869.0,0.0,83.0,-208,62.0,1.4,44.0,0,0,0,1,0,0,1,0,0,0,0,0,1,0,0
3516,1099.0,89.0,463.0,-41,996.0,1.8,541.0,0,0,0,0,0,0,0,1,0,0,1,0,1,0,0
3905,199.0,24.0,78.0,469,284.0,5.5,52.0,0,0,0,1,0,0,1,0,0,0,0,0,0,1,0
5320,3193.0,1314.0,1174.0,-317,2980.0,2.8,1051.0,0,0,0,0,0,0,1,0,0,0,0,0,1,0,0
1499,657.0,0.0,539.0,-345,638.0,1.1,584.0,0,0,0,1,0,0,0,0,1,0,0,0,1,0,0
7520,503.0,373.0,122.0,-49,254.0,5.3,48.0,1,0,0,0,0,0,0,0,1,0,0,0,0,1,0
7856,985.0,627.0,324.0,-398,1320.0,14.0,94.0,0,0,0,1,0,0,0,0,1,1,0,0,0,1,0
5958,269.0,1088.0,253.0,294,912.0,5.0,181.0,1,0,0,0,0,0,0,1,0,0,1,0,0,0,0
6781,5.0,2.0,8.0,-594,22.0,1.1,20.0,0,0,1,0,0,0,1,0,0,1,0,0,1,0,0
8009,1093.0,910.0,243.0,-825,1657.0,8.6,193.0,0,0,0,0,0,0,0,0,0,0,1,0,0,1,0
474,1933.0,2.0,537.0,-509,1630.0,10.7,152.0,0,1,0,0,0,0,0,0,1,0,0,0,0,1,0
5234,207.0,0.0,12.0,-131,74.0,2.6,28.0,0,0,0,0,0,0,0,0,0,0,1,0,1,0,0
952,34.0,118.0,11.0,355,80.0,2.3,35.0,0,0,0,1,0,1,0,0,1,0,0,0,1,0,0
7189,1238.0,0.0,314.0,-440,4487.0,50.4,89.0,0,0,0,0,0,0,0,0,0,1,1,0,0,1,0
8327,654.0,288.0,608.0,623,1330.0,1.8,757.0,0,0,0,1,0,0,1,0,0,0,0,0,1,0,0
8401,634.0,38.0,143.0,-379,727.0,9.0,81.0,0,1,0,0,0,1,0,0,0,0,1,0,0,1,0
3512,2055.0,1.0,231.0,-102,879.0,23.1,38.0,0,0,0,0,1,0,1,0,0,0,0,0,0,1,0
3981,760.0,0.0,117.0,274,178.0,4.0,44.0,0,1,0,0,0,0,0,0,1,1,0,0,0,0,0
4839,38.0,2.0,61.0,574,167.0,6.4,26.0,0,0,0,0,1,0,0,1,0,1,1,0,0,1,0
3286,407.0,0.0,149.0,1040,1192.0,4.3,278.0,0,0,0,0,0,0,1,0,0,0,0,0,0,0,0
6838,192.0,0.0,42.0,-274,87.0,8.7,10.0,0,0,0,0,0,1,0,0,0,0,1,0,0,1,0
4988,3124.0,12.0,740.0,107,3120.0,7.6,412.0,0,0,0,0,0,0,0,1,0,1,1,0,0,1,0
1233,617.0,406.0,328.0,4,1300.0,8.4,154.0,0,0,0,1,0,0,0,1,0,0,1,0,0,1,0
1108,472.0,279.0,590.0,-60,282.0,0.6,458.0,0,0,0,0,0,0,0,0,0,0,1,1,0,0,0
2205,2842.0,65.0,406.0,601,3610.0,13.4,269.0,0,0,0,0,1,0,0,0,1,0,0,0,0,1,0
4554,64.0,7.0,44.0,82,54.0,2.5,22.0,0,0,0,0,0,0,1,0,0,1,0,0,1,0,0
7134,459.0,6.0,58.0,-246,165.0,7.2,23.0,1,0,0,0,0,0,0,0,0,0,1,0,0,1,0
5507,3040.0,0.0,86.0,-86,898.0,6.8,132.0,0,0,1,0,0,0,0,0,1,1,0,0,0,1,0
49,1445.0,0.0,255.0,-94,1906.0,8.9,215.0,0,0,0,0,0,0,0,0,0,1,1,0,0,1,0
6907,735.0,9.0,76.0,-269,358.0,3.5,103.0,0,0,0,0,0,0,1,0,0,0,0,0,0,0,0
3988,1365.0,198.0,435.0,-210,2624.0,16.2,162.0,0,0,0,0,1,0,1,0,0,0,0,0,0,1,0
1607,1749.0,245.0,130.0,462,1270.0,60.5,21.0,0,1,0,0,0,0,0,0,0,1,1,0,0,1,0
8181,111.0,8.0,51.0,-431,85.0,9.4,9.0,1,0,0,0,0,0,0,0,1,1,0,0,0,1,0
8203,71.0,0.0,24.0,-332,156.0,3.2,49.0,1,0,0,0,0,0,0,1,0,0,1,0,0,0,0
7000,292.0,2.0,87.0,11,425.0,22.4,19.0,0,0,1,0,0,0,1,0,0,0,0,0,0,1,0
8270,6501.0,290.0,1350.0,-572,3901.0,2.5,1585.0,0,0,0,0,1,0,0,0,1,0,0,0,1,0,0
3175,3112.0,72.0,714.0,119,4854.0,27.7,175.0,0,1,0,0,0,0,1,0,0,0,0,0,0,1,0
3285,176.0,66.0,252.0,-241,489.0,5.7,86.0,0,0,0,1,0,0,0,1,0,0,1,0,0,1,0
7716,2117.0,679.0,242.0,-110,2847.0,11.0,258.0,0,0,0,0,0,0,0,0,0,1,1,0,0,1,0
3116,731.0,7.0,136.0,-564,164.0,2.3,70.0,0,0,0,1,0,0,0,0,0,1,1,0,1,0,0
1064,723.0,108.0,151.0,445,367.0,3.1,120.0,0,0,0,0,0,0,0,0,0,0,1,0,0,0,0
7336,1051.0,20.0,355.0,-361,242.0,2.6,93.0,0,0,0,1,0,0,0,0,1,0,0,0,1,0,0
7185,511.0,54.0,133.0,400,732.0,11.6,63.0,0,0,0,0,0,0,0,0,1,0,0,0,0,1,0
567,872.0,92.0,277.0,-116,1391.0,3.0,470.0,0,0,0,0,0,0,0,1,0,0,1,0,0,0,0
5062,768.0,3.0,88.0,-122,75.0,4.2,18.0,0,1,0,0,0,0,1,0,0,1,0,0,0,0,0
1627,1429.0,165.0,201.0,-263,1229.0,7.1,172.0,0,0,1,0,0,0,0,1,0,0,1,0,0,1,0
894,301.0,0.0,61.0,-523,74.0,0.6,126.0,0,0,0,0,0,0,1,0,0,0,0,1,0,0,0
6820,1342.0,0.0,128.0,-45,716.0,21.7,33.0,0,0,0,0,1,0,1,0,0,1,0,0,0,1,0
344,81.0,2.0,38.0,695,58.0,0.8,75.0,0,0,1,0,0,0,0,1,0,1,1,1,0,0,0
7489,4495.0,97.0,489.0,-292,6379.0,16.9,377.0,0,0,0,0,1,0,0,0,0,0,1,0,0,1,0
5564,285.0,175.0,36.0,395,401.0,26.7,15.0,0,1,0,0,0,0,0,1,0,0,1,0,0,1,0
6248,99.0,0.0,23.0,310,63.0,5.7,11.0,0,0,0,0,1,0,0,0,0,0,1,0,0,1,0
7177,872.0,197.0,99.0,-196,541.0,4.7,116.0,0,0,0,0,0,0,1,0,0,0,0,0,0,0,0
2537,1459.0,0.0,112.0,442,454.0,11.6,39.0,1,0,0,0,0,0,1,0,0,0,0,0,0,1,0
3955,2228.0,0.0,612.0,-200,1885.0,3.5,534.0,0,0,0,0,0,0,0,0,1,0,0,0,0,0,0
1781,85.0,0.0,113.0,7,249.0,5.5,45.0,0,0,0,0,0,0,0,1,0,0,1,0,0,1,0
8341,204.0,2.0,72.0,-191,52.0,4.0,13.0,0,0,0,0,1,0,0,0,0,0,1,0,0,0,0
5204,6203.0,0.0,731.0,-295,2422.0,9.2,262.0,0,0,0,0,0,0,0,0,1,1,0,0,0,1,0
6384,2793.0,0.0,100.0,-149,673.0,29.3,23.0,0,0,0,0,0,1,0,0,0,1,1,0,0,1,0
8097,1487.0,0.0,454.0,-833,659.0,1.6,421.0,0,0,1,0,0,0,0,0,1,1,0,0,1,0,0
5785,1648.0,601.0,487.0,433,1864.0,2.0,917.0,0,0,0,1,0,0,1,0,0,0,0,0,1,0,0
4979,1372.0,0.0,143.0,-694,427.0,3.0,144.0,0,0,0,0,0,0,0,0,0,0,1,0,0,0,0
5572,701.0,426.0,910.0,-168,1839.0,3.3,550.0,0,0,0,0,0,0,0,0,1,1,0,0,0,0,0
5385,428.0,7.0,132.0,-267,83.0,1.0,84.0,0,0,0,1,0,1,0,0,0,0,1,1,0,0,0
5655,3790.0,75.0,236.0,-255,1837.0,38.3,48.0,1,0,0,0,0,0,0,0,0,1,1,0,0,1,0
914,786.0,21.0,349.0,685,474.0,2.9,166.0,0,0,0,1,0,0,0,0,0,1,1,0,1,0,0
2847,684.0,379.0,233.0,-505,1600.0,4.9,326.0,0,1,0,0,0,0,0,0,1,1,0,0,0,0,0
7780,1616.0,1239.0,198.0,-428,893.0,5.5,162.0,0,0,0,0,1,0,1,0,0,1,0,0,0,1,0
3167,370.0,73.0,357.0,1166,552.0,1.4,386.0,0,0,0,0,1,0,0,1,0,0,1,0,1,0,0
509,343.0,21.0,71.0,18,426.0,7.2,59.0,0,0,0,1,0,0,1,0,0,0,0,0,0,1,0
6375,312.0,157.0,84.0,50,928.0,66.3,14.0,0,0,0,0,0,0,0,0,0,0,1,0,0,1,0
7429,31.0,139.0,6.0,394,232.0,232.0,1.0,1,0,0,0,0,1,1,0,0,0,0,0,0,1,0
4318,1278.0,200.0,318.0,-7,1473.0,9.0,164.0,0,0,0,0,0,0,0,0,1,0,0,0,0,1,0
2449,4217.0,0.0,589.0,123,1954.0,3.8,512.0,0,0,0,0,0,0,0,0,0,1,1,0,0,0,0
7508,2407.0,71.0,193.0,-676,2925.0,25.9,113.0,0,0,0,0,0,0,0,0,1,0,0,0,0,1,0
7543,339.0,266.0,183.0,-197,644.0,2.8,227.0,0,0,0,1,0,0,0,0,1,0,0,0,1,0,0
6513,2516.0,279.0,724.0,-11,2186.0,5.3,409.0,0,0,0,0,0,0,0,0,0,0,1,0,0,1,0
3906,85.0,33.0,13.0,178,40.0,2.5,16.0,0,0,0,0,1,0,1,0,0,0,0,0,1,0,0
1589,3335.0,719.0,719.0,231,3114.0,3.5,887.0,1,0,0,0,0,0,0,0,0,0,1,0,0,0,0
183,202.0,2.0,105.0,190,1177.0,16.3,72.0,0,0,0,0,1,1,0,1,0,0,1,0,0,1,0
1011,672.0,0.0,170.0,-305,1049.0,25.0,42.0,0,0,0,0,0,0,0,0,0,1,1,0,0,1,0
5512,1500.0,0.0,217.0,-254,1272.0,37.4,34.0,0,0,0,0,1,0,0,0,0,1,1,0,0,1,0
5096,3036.0,4.0,599.0,-349,1820.0,2.6,708.0,1,0,0,0,0,0,0,0,0,1,1,0,1,0,0
3859,1100.0,12.0,126.0,693,948.0,20.6,46.0,0,0,0,1,0,0,0,0,0,1,1,0,0,1,0
8436,940.0,524.0,192.0,313,2730.0,30.0,91.0,0,0,1,0,0,0,1,0,0,1,0,0,0,1,0
1293,3188.0,10.0,98.0,-447,511.0,3.0,171.0,0,0,0,1,0,0,0,0,0,0,1,0,0,0,0
4381,403.0,2.0,8.0,-892,287.0,287.0,1.0,0,0,0,1,0,0,0,1,0,0,1,0,0,1,0
2090,4688.0,1140.0,1158.0,471,7146.0,3.1,2340.0,1,0,0,0,0,0,0,0,1,0,0,0,0,0,0
7908,1223.0,0.0,436.0,174,431.0,1.1,382.0,0,0,0,0,1,0,0,0,0,0,1,0,1,0,0
8559,1072.0,44.0,350.0,151,1405.0,10.1,139.0,0,0,0,0,0,0,0,0,0,1,1,0,0,1,0
3253,5826.0,566.0,886.0,-84,7530.0,18.7,403.0,0,0,0,0,0,0,0,1,0,1,1,0,0,1,0
788,329.0,0.0,75.0,-74,140.0,0.8,177.0,0,1,0,0,0,0,0,1,0,0,1,1,0,0,0
5167,4203.0,0.0,472.0,476,1190.0,10.8,110.0,0,0,0,0,0,0,0,1,0,0,1,0,0,1,0
1660,53.0,58.0,9.0,338,43.0,7.2,6.0,0,0,0,0,0,0,0,0,0,1,1,0,0,1,0
3460,917.0,36.0,346.0,823,2120.0,4.6,458.0,0,0,0,0,1,0,0,0,0,1,1,0,0,0,0
2,4125.0,2604.0,1423.0,-179,6554.0,4.5,1464.0,0,0,0,0,0,0,1,0,0,0,0,0,0,0,0
5069,103.0,280.0,124.0,-602,323.0,4.8,67.0,0,0,0,0,0,0,0,0,1,0,0,0,0,0,0
810,4.0,0.0,3.0,846,19.0,19.0,1.0,0,0,0,0,0,0,0,0,0,0,1,0,0,1,0
696,817.0,0.0,163.0,39,776.0,5.1,151.0,0,0,1,0,0,0,1,0,0,1,0,0,0,1,0
5955,946.0,1.0,349.0,-651,723.0,2.3,311.0,0,0,0,0,0,0,0,0,0,0,1,0,1,0,0
5769,114.0,0.0,24.0,279,100.0,9.1,11.0,0,0,0,1,0,0,0,0,1,0,0,0,0,1,0
6209,676.0,19.0,335.0,-262,1757.0,7.1,246.0,0,0,0,0,1,0,0,1,0,0,1,0,0,1,0
5854,2661.0,0.0,180.0,70,896.0,7.2,125.0,0,0,0,0,0,0,1,0,0,1,0,0,0,1,0
2902,1496.0,145.0,627.0,117,2065.0,3.0,691.0,0,0,1,0,0,0,0,0,1,0,0,0,0,0,0
3863,82.0,156.0,102.0,56,120.0,24.0,5.0,0,0,0,0,0,0,1,0,0,1,0,0,0,1,0
4492,9.0,33.0,10.0,304,20.0,6.7,3.0,0,0,0,0,0,0,0,0,1,0,0,0,0,1,0
7651,742.0,30.0,60.0,401,1426.0,13.8,103.0,0,1,0,0,0,0,0,1,0,0,1,0,0,1,0
443,2043.0,0.0,638.0,167,1037.0,2.6,406.0,0,0,1,0,0,0,1,0,0,0,0,0,1,0,0
5715,798.0,1.0,309.0,-88,1482.0,4.5,333.0,0,0,0,0,1,0,0,1,0,1,1,0,0,0,0
4458,289.0,0.0,295.0,-154,78.0,0.2,314.0,0,0,0,0,0,0,0,0,1,1,0,1,0,0,0
5199,234.0,1289.0,340.0,840,1207.0,6.0,202.0,1,0,0,0,0,0,0,0,0,1,1,0,0,1,0
4494,1525.0,0.0,203.0,-105,1155.0,4.6,250.0,0,0,0,0,0,0,0,0,1,1,0,0,0,0,0
674,755.0,0.0,63.0,-99,390.0,6.0,65.0,0,0,0,0,0,0,1,0,0,0,0,0,0,1,0
6856,1979.0,582.0,1538.0,-525,1210.0,0.9,1394.0,0,0,0,0,0,0,0,1,0,0,1,1,0,0,0
692,835.0,17.0,128.0,64,1023.0,7.8,132.0,0,0,0,1,0,0,1,0,0,0,0,0,0,1,0
3228,1733.0,150.0,320.0,-219,2861.0,7.4,388.0,0,0,0,0,0,0,0,0,0,0,1,0,0,1,0
5461,1051.0,159.0,151.0,108,1077.0,14.0,77.0,0,0,1,0,0,0,0,1,0,1,1,0,0,1,0
6656,129.0,328.0,640.0,-18,920.0,2.4,380.0,1,0,0,0,0,0,0,0,0,0,1,0,1,0,0
8455,28.0,0.0,23.0,-233,92.0,3.7,25.0,0,0,0,0,1,0,0,0,0,1,1,0,0,0,0
5010,24.0,19.0,5.0,46,41.0,13.7,3.0,1,0,0,0,0,0,0,1,0,1,1,0,0,1,0
716,4897.0,259.0,1528.0,287,5274.0,5.1,1030.0,0,0,0,0,1,0,1,0,0,1,0,0,0,1,0
3266,103.0,0.0,31.0,149,215.0,35.8,6.0,0,0,0,1,0,0,1,0,0,0,0,0,0,1,0
1055,1628.0,92.0,119.0,127,627.0,9.8,64.0,1,0,0,0,0,0,0,0,0,0,1,0,0,1,0
6370,431.0,76.0,513.0,101,354.0,0.7,544.0,0,0,0,0,1,0,0,0,0,0,1,1,0,0,0
5327,3833.0,3409.0,1209.0,434,4295.0,4.4,987.0,0,0,0,0,0,1,0,0,1,0,0,0,0,0,0
4622,332.0,27.0,101.0,718,389.0,7.1,55.0,0,0,0,1,0,0,0,1,0,0,1,0,0,1,0
172,479.0,430.0,99.0,-85,2055.0,85.6,24.0,0,0,0,0,0,0,1,0,0,1,0,0,0,1,0
5426,261.0,27.0,149.0,-86,955.0,23.9,40.0,1,0,0,0,0,0,0,1,0,0,1,0,0,1,0
1424,692.0,1522.0,506.0,801,1115.0,2.6,428.0,0,0,0,1,0,0,1,0,0,1,0,0,1,0,0
269,6554.0,86.0,794.0,-477,3083.0,5.4,567.0,0,0,0,0,1,0,0,0,0,1,1,0,0,1,0
2394,23.0,3.0,28.0,-30,52.0,1.2,45.0,0,1,0,0,0,0,0,1,0,1,1,0,1,0,0
6449,45.0,1436.0,144.0,-285,179.0,2.7,66.0,0,0,1,0,0,0,0,1,0,0,1,0,1,0,0
3854,3994.0,564.0,703.0,762,3023.0,6.3,478.0,0,0,0,0,1,1,0,0,1,0,0,0,0,1,0
6345,132.0,1.0,45.0,192,225.0,32.1,7.0,0,0,0,1,0,0,0,1,0,1,1,0,0,1,0
3101,116.0,0.0,4.0,238,33.0,16.5,2.0,0,0,1,0,0,0,1,0,0,0,0,0,0,1,0
171,132.0,21.0,13.0,-44,504.0,252.0,2.0,0,1,0,0,0,0,0,1,0,0,1,0,0,1,0
8133,12.0,1.0,83.0,459,111.0,0.9,124.0,0,0,0,0,1,0,0,0,0,0,1,1,0,0,0
3009,331.0,1.0,214.0,135,792.0,4.6,173.0,0,0,0,0,0,0,1,0,0,0,0,0,0,0,0
275,74.0,380.0,294.0,-50,683.0,1.2,590.0,1,0,0,0,0,0,0,1,0,1,1,0,1,0,0
4074,4414.0,0.0,472.0,-347,2071.0,3.4,601.0,0,0,0,0,0,0,0,0,1,0,0,0,0,0,0
3484,18.0,1.0,21.0,-330,324.0,46.3,7.0,0,1,0,0,0,0,0,1,0,0,1,0,0,1,0
401,149.0,19.0,116.0,512,511.0,6.3,81.0,0,0,0,1,0,0,0,0,1,0,0,0,0,1,0
3915,761.0,3473.0,119.0,-47,403.0,40.3,10.0,0,0,0,0,0,0,0,1,0,1,1,0,0,1,0
241,1257.0,1335.0,650.0,-376,1823.0,12.8,142.0,0,0,0,0,1,0,0,0,1,0,0,0,0,1,0
2424,522.0,0.0,116.0,-1129,125.0,2.6,49.0,0,0,0,0,0,0,1,0,0,0,0,0,1,0,0
6642,2707.0,386.0,365.0,410,954.0,2.7,351.0,0,0,0,0,0,0,0,1,0,1,1,0,1,0,0
723,599.0,2.0,294.0,2,790.0,4.8,166.0,0,0,0,0,0,0,0,1,0,1,1,0,0,0,0
7057,739.0,1231.0,1300.0,235,1314.0,1.3,983.0,0,0,0,1,0,0,1,0,0,0,0,0,1,0,0
4526,453.0,1054.0,277.0,-195,1999.0,6.6,302.0,0,0,0,0,0,0,1,0,0,0,0,0,0,1,0
1162,218.0,1.0,323.0,418,51.0,0.4,128.0,0,0,0,0,0,0,0,0,1,0,0,1,0,0,0
4109,259.0,23.0,180.0,-226,1325.0,10.8,123.0,0,0,0,0,1,1,1,0,0,0,0,0,0,1,0
8757,852.0,0.0,349.0,96,422.0,3.1,137.0,0,0,0,0,1,0,0,1,0,1,1,0,0,0,0
5437,969.0,286.0,76.0,-231,1500.0,62.5,24.0,0,0,0,0,1,1,1,0,0,0,0,0,0,1,0
2472,1275.0,122.0,123.0,-182,1106.0,11.4,97.0,0,0,0,0,0,0,0,0,1,0,0,0,0,1,0
7697,69.0,39.0,62.0,97,18.0,2.2,8.0,0,0,0,1,0,0,0,0,0,0,1,0,1,0,0
1964,3851.0,0.0,301.0,285,393.0,1.5,254.0,0,0,0,0,0,0,0,0,1,0,0,0,1,0,0
8036,5703.0,124.0,1528.0,-478,4836.0,3.1,1537.0,0,0,0,0,0,0,0,0,0,1,1,0,0,0,0
1496,1087.0,589.0,811.0,-722,1604.0,2.5,633.0,0,0,0,0,1,0,0,0,1,0,0,0,1,0,0
8060,866.0,0.0,338.0,242,195.0,0.5,390.0,0,0,0,0,0,0,0,0,1,0,0,1,0,0,0
5723,234.0,20.0,13.0,229,57.0,1.4,40.0,0,0,1,0,0,0,0,1,0,1,1,0,1,0,0
3432,1899.0,0.0,732.0,15,510.0,1.8,277.0,0,0,0,1,0,1,0,0,0,0,1,0,1,0,0
4770,642.0,9.0,350.0,-571,419.0,2.5,167.0,0,0,0,0,0,0,1,0,0,1,0,0,1,0,0
8665,3012.0,11.0,385.0,-230,1123.0,10.1,111.0,0,0,0,0,0,0,0,1,0,0,1,0,0,1,0
2228,14.0,10.0,24.0,814,102.0,3.4,30.0,1,0,0,0,0,0,1,0,0,0,0,0,0,0,0
2907,1439.0,5.0,240.0,403,1758.0,10.7,164.0,0,0,0,1,0,0,0,1,0,0,1,0,0,1,0
1129,92.0,0.0,145.0,177,45.0,0.8,60.0,0,0,0,0,1,0,0,1,0,0,1,1,0,0,0
5921,392.0,241.0,429.0,280,1978.0,4.3,456.0,0,1,0,0,0,0,1,0,0,0,0,0,0,0,0
6062,274.0,17.0,49.0,410,173.0,14.4,12.0,1,0,0,0,0,0,0,0,1,0,0,0,0,1,0
8528,28.0,0.0,29.0,-565,56.0,28.0,2.0,0,0,0,0,1,0,0,1,0,1,1,0,0,1,0
994,8390.0,198.0,729.0,-139,3858.0,8.6,451.0,0,1,0,0,0,0,1,0,0,0,0,0,0,1,0
7513,107.0,4.0,166.0,72,97.0,2.1,46.0,0,0,0,1,0,0,0,0,0,0,1,0,1,0,0
187,638.0,140.0,288.0,-70,859.0,3.5,248.0,0,1,0,0,0,0,0,0,1,0,0,0,0,0,0
6419,891.0,0.0,110.0,621,499.0,13.5,37.0,0,0,0,0,0,0,0,0,1,0,0,0,0,1,0
6267,976.0,192.0,144.0,-834,975.0,9.8,99.0,0,0,0,0,1,0,0,0,0,1,1,0,0,1,0
7453,68.0,10.0,23.0,364,222.0,22.2,10.0,0,0,0,1,0,0,1,0,0,0,0,0,0,1,0
4633,844.0,11.0,25.0,-491,1735.0,867.5,2.0,0,0,0,0,1,0,0,1,0,0,1,0,0,1,0
111,2.0,3.0,31.0,213,73.0,2.0,36.0,0,1,0,0,0,0,0,0,1,1,0,0,1,0,0
2564,894.0,2941.0,479.0,-198,1300.0,4.3,299.0,0,0,0,0,0,0,0,0,1,0,0,0,0,0,0
1030,1598.0,578.0,1109.0,-72,2297.0,1.3,1808.0,0,0,0,1,0,0,0,0,0,0,1,0,1,0,0
5956,2987.0,263.0,473.0,-344,1312.0,3.6,366.0,0,0,0,1,0,0,0,1,0,0,1,0,0,0,0
4749,1776.0,768.0,371.0,-413,4792.0,20.1,238.0,0,0,0,0,0,0,0,1,0,0,1,0,0,1,0
7108,4421.0,36.0,564.0,103,2689.0,5.0,539.0,0,0,0,0,0,0,0,1,0,0,1,0,0,0,0
2158,1034.0,0.0,94.0,150,305.0,2.8,109.0,0,0,1,0,0,0,0,1,0,1,1,0,1,0,0
2843,1563.0,1426.0,387.0,23,1767.0,8.7,204.0,1,0,0,0,0,0,1,0,0,1,0,0,0,1,0
7211,83.0,0.0,14.0,230,13.0,6.5,2.0,0,0,0,0,0,0,0,0,0,0,1,0,0,1,0
738,2240.0,186.0,1110.0,-90,4342.0,5.3,817.0,0,0,0,1,0,0,0,1,0,0,1,0,0,1,0
1662,1304.0,0.0,104.0,-595,588.0,9.2,64.0,0,0,0,0,0,0,1,0,0,0,0,0,0,1,0
1195,348.0,0.0,34.0,372,152.0,6.1,25.0,0,0,1,0,0,0,0,1,0,0,1,0,0,1,0
5706,208.0,242.0,165.0,-43,497.0,8.9,56.0,0,0,0,1,0,0,1,0,0,0,0,0,0,1,0
2768,570.0,148.0,209.0,257,705.0,7.9,89.0,0,0,1,0,0,0,0,0,1,0,0,0,0,1,0
4538,1556.0,8.0,403.0,430,2360.0,9.7,244.0,1,0,0,0,0,0,1,0,0,0,0,0,0,1,0
1085,1.0,0.0,4.0,-65,1.0,1.0,1.0,0,0,0,0,0,0,1,0,0,0,0,1,0,0,0
8160,868.0,34.0,815.0,275,1386.0,2.2,642.0,1,0,0,0,0,0,0,1,0,0,1,0,1,0,0
1834,1899.0,0.0,100.0,687,568.0,12.3,46.0,0,0,0,0,0,0,0,0,1,0,0,0,0,1,0
1337,782.0,0.0,451.0,484,992.0,1.4,728.0,0,0,0,0,1,0,0,0,1,0,0,0,1,0,0
6556,618.0,12.0,188.0,-107,650.0,2.8,236.0,0,0,0,0,0,0,0,0,1,1,0,0,1,0,0
2877,6392.0,71.0,1460.0,148,2540.0,2.0,1252.0,0,0,0,0,0,0,0,0,0,0,1,0,1,0,0
7036,1.0,15.0,1.0,-127,8.0,4.0,2.0,0,0,1,0,0,0,1,0,0,0,0,0,0,0,0
5513,1541.0,5.0,663.0,-236,502.0,1.1,463.0,0,0,0,0,0,0,0,1,0,1,1,0,1,0,0
71,11.0,0.0,1.0,71,40.0,40.0,1.0,0,0,0,0,1,0,1,0,0,0,0,0,0,1,0
7273,231.0,0.0,14.0,14,265.0,24.1,11.0,0,0,0,0,0,0,1,0,0,0,0,0,0,1,0
2123,2797.0,2.0,272.0,560,2593.0,15.0,173.0,0,0,0,0,1,0,0,1,0,0,1,0,0,1,0
2963,180.0,181.0,178.0,-325,2242.0,38.7,58.0,0,0,1,0,0,0,1,0,0,0,0,0,0,1,0
2415,408.0,0.0,81.0,682,95.0,1.0,99.0,0,0,0,1,0,0,1,0,0,0,0,1,0,0,0
1723,635.0,1.0,308.0,-354,182.0,2.0,91.0,0,0,0,1,0,0,1,0,0,0,0,0,1,0,0
5770,292.0,0.0,35.0,-116,199.0,0.6,308.0,0,0,0,0,0,0,0,0,1,0,0,1,0,0,0
3031,123.0,17.0,60.0,-622,9.0,0.2,49.0,1,0,0,0,0,0,0,0,0,1,1,1,0,0,0
1602,506.0,2.0,112.0,-31,91.0,15.2,6.0,1,0,0,0,0,0,0,0,1,0,0,0,0,1,0
3469,2274.0,127.0,1334.0,113,3646.0,2.9,1276.0,0,0,0,0,0,0,0,0,0,0,1,0,1,0,0
8337,832.0,1759.0,430.0,42,2098.0,7.3,289.0,1,0,0,0,0,1,0,0,0,1,1,0,0,1,0
1005,2185.0,0.0,79.0,-582,429.0,9.1,47.0,0,0,0,0,0,0,0,1,0,0,1,0,0,1,0
7118,51.0,4.0,68.0,69,581.0,11.4,51.0,0,0,0,0,1,0,0,0,1,0,0,0,0,1,0
3376,901.0,5.0,186.0,111,396.0,2.0,199.0,0,0,0,0,0,0,0,0,0,1,1,0,1,0,0
80,1517.0,5.0,226.0,436,405.0,2.1,193.0,0,0,0,0,0,0,0,0,1,0,0,0,1,0,0
5841,370.0,1576.0,223.0,29,319.0,10.3,31.0,1,0,0,0,0,0,0,1,0,1,1,0,0,1,0
3990,423.0,1.0,250.0,381,636.0,6.0,106.0,0,0,1,0,0,0,0,1,0,0,1,0,0,1,0
1614,181.0,419.0,58.0,-174,906.0,129.4,7.0,0,0,0,1,0,0,1,0,0,1,0,0,0,1,0
4404,131.0,3.0,15.0,408,216.0,216.0,1.0,1,0,0,0,0,0,0,0,0,0,1,0,0,1,0
1977,262.0,0.0,24.0,392,27.0,1.8,15.0,1,0,0,0,0,0,0,0,1,0,0,0,1,0,0
7245,1520.0,65.0,955.0,-550,2038.0,3.6,566.0,0,0,0,0,0,0,1,0,0,0,0,0,0,0,0
2776,605.0,108.0,238.0,7,888.0,3.0,295.0,0,1,0,0,0,0,0,0,0,0,1,0,0,0,0
3107,2076.0,294.0,468.0,245,253.0,0.7,347.0,0,0,0,1,0,0,1,0,0,1,0,1,0,0,0
5127,29.0,4.0,86.0,1206,43.0,0.7,62.0,0,0,0,1,0,0,0,0,1,0,0,1,0,0,0
7275,705.0,43.0,51.0,-308,776.0,5.6,138.0,1,0,0,0,0,0,0,1,0,0,1,0,0,1,0
7154,591.0,0.0,26.0,658,440.0,440.0,1.0,0,1,0,0,0,0,0,0,1,1,0,0,0,1,0
2027,2488.0,30.0,703.0,830,871.0,1.6,546.0,1,0,0,0,0,0,0,0,0,0,1,0,1,0,0
5543,1705.0,1.0,790.0,-743,1980.0,5.8,344.0,0,0,0,0,1,0,0,0,0,0,1,0,0,1,0
1796,311.0,1.0,210.0,277,210.0,1.4,148.0,1,0,0,0,0,0,0,1,0,1,1,0,1,0,0
1135,825.0,8.0,103.0,993,126.0,1.3,95.0,0,0,0,0,0,0,1,0,0,0,0,0,1,0,0
7830,946.0,10.0,142.0,-406,412.0,3.0,139.0,1,0,0,0,0,0,0,1,0,0,1,0,0,0,0
2138,615.0,0.0,402.0,-713,588.0,6.9,85.0,0,0,0,0,1,0,0,0,0,1,1,0,0,1,0
8712,184.0,241.0,18.0,-180,43.0,43.0,1.0,1,0,0,0,0,0,0,0,1,0,0,0,0,1,0
7172,141.0,0.0,161.0,269,8.0,0.2,45.0,0,0,0,1,0,0,0,0,0,1,1,1,0,0,0
1989,423.0,26.0,369.0,193,175.0,0.6,271.0,0,0,0,0,0,0,1,0,0,0,0,1,0,0,0
18,3960.0,0.0,558.0,8,1227.0,9.7,126.0,0,0,0,0,0,0,0,1,0,0,1,0,0,1,0
4886,1512.0,0.0,859.0,-543,1891.0,3.1,607.0,0,0,0,0,0,0,0,0,1,1,0,0,0,0,0
2934,4932.0,1098.0,1357.0,-477,3890.0,4.4,891.0,0,0,0,0,0,0,0,0,1,1,0,0,0,0,0
1353,131.0,0.0,58.0,-358,63.0,0.8,79.0,0,0,0,0,0,0,1,0,0,1,0,1,0,0,0
4966,1162.0,0.0,71.0,-477,87.0,2.4,36.0,0,0,0,0,0,0,1,0,0,0,0,0,1,0,0
2199,1034.0,1.0,51.0,-174,1189.0,24.8,48.0,1,0,0,0,0,0,0,0,1,1,0,0,0,1,0
1986,747.0,10.0,1155.0,539,1101.0,1.2,903.0,0,0,0,1,0,0,1,0,0,0,0,0,1,0,0
3447,35.0,0.0,27.0,-384,12.0,0.2,66.0,0,0,0,0,1,0,1,0,0,1,0,1,0,0,0
8666,1440.0,712.0,408.0,125,1028.0,10.5,98.0,0,0,0,1,0,0,0,0,1,1,0,0,0,1,0
870,672.0,2091.0,177.0,387,1799.0,27.7,65.0,0,0,0,0,0,0,0,1,0,0,1,0,0,1,0
2880,201.0,0.0,26.0,-681,224.0,224.0,1.0,0,0,0,0,1,0,1,0,0,0,0,0,0,1,0
6890,4974.0,19.0,664.0,110,3356.0,2.4,1425.0,0,0,0,1,0,0,0,1,0,0,1,0,1,0,0
313,382.0,151.0,40.0,159,553.0,29.1,19.0,0,0,0,0,0,0,1,0,0,0,0,0,0,1,0
2633,94.0,10.0,116.0,748,795.0,16.9,47.0,1,0,0,0,0,0,0,0,1,0,0,0,0,1,0
2825,199.0,655.0,167.0,-46,234.0,1.7,137.0,0,1,0,0,0,0,0,1,0,0,1,0,1,0,0
8220,292.0,92.0,196.0,580,501.0,8.6,58.0,0,0,0,0,0,1,0,1,0,0,1,0,0,1,0
7711,458.0,13.0,458.0,-10,796.0,1.7,478.0,0,0,0,0,0,0,0,0,1,0,0,0,1,0,0
5147,6972.0,1234.0,990.0,-496,9509.0,18.1,526.0,0,0,0,0,0,0,0,0,1,0,0,0,0,1,0
7646,1921.0,762.0,463.0,-364,1046.0,3.6,290.0,0,0,0,1,0,0,1,0,0,1,0,0,0,0,0
2386,4194.0,1.0,741.0,-143,2561.0,2.6,972.0,0,0,1,0,0,0,0,1,0,0,1,0,1,0,0
8315,1258.0,0.0,38.0,153,1018.0,18.2,56.0,0,0,0,0,0,0,0,0,1,0,0,0,0,1,0
2192,7.0,0.0,17.0,621,24.0,24.0,1.0,0,0,0,0,1,0,1,0,0,0,0,0,0,1,0
6884,381.0,15.0,198.0,-37,55.0,0.2,227.0,1,0,0,0,0,0,0,1,0,0,1,1,0,0,0
5083,524.0,1.0,152.0,-140,661.0,33.0,20.0,0,0,0,0,0,0,1,0,0,0,0,0,0,1,0
6593,400.0,34.0,21.0,-142,196.0,39.2,5.0,0,0,0,0,0,0,0,0,0,0,1,0,0,1,0
5904,714.0,1418.0,602.0,455,1445.0,3.9,373.0,0,0,0,0,1,1,0,1,0,0,1,0,0,0,0
370,82.0,44.0,135.0,33,82.0,0.7,121.0,1,0,0,0,0,0,1,0,0,0,0,1,0,0,0
2689,4954.0,1259.0,2348.0,-811,3867.0,1.1,3487.0,0,0,0,0,0,0,0,1,0,0,1,0,1,0,0
1113,4722.0,30.0,448.0,-127,2060.0,40.4,51.0,0,0,0,0,0,0,1,0,0,0,0,0,0,1,0
5121,812.0,517.0,337.0,283,900.0,10.0,90.0,0,0,1,0,0,0,0,0,1,1,0,0,0,1,0
238,424.0,41.0,159.0,168,1348.0,4.3,310.0,0,0,1,0,0,0,0,0,0,1,1,0,0,0,0
884,288.0,0.0,21.0,-128,96.0,2.8,34.0,0,0,0,1,0,0,1,0,0,0,0,0,1,0,0
5071,516.0,37.0,376.0,-788,570.0,2.0,283.0,0,0,0,0,0,0,0,0,1,1,0,0,1,0,0
4808,114.0,1.0,274.0,101,5.0,0.1,86.0,0,0,0,1,0,0,1,0,0,0,0,1,0,0,0
3630,696.0,1.0,112.0,-143,152.0,1.3,114.0,0,1,0,0,0,0,1,0,0,1,0,0,1,0,0
3807,5125.0,11.0,696.0,279,3459.0,9.1,382.0,0,0,0,0,0,0,0,0,1,0,0,0,0,1,0
8412,227.0,69.0,400.0,-147,681.0,2.8,242.0,0,0,0,1,0,0,0,0,0,1,1,0,1,0,0
4489,3684.0,0.0,1599.0,654,3375.0,2.4,1415.0,0,0,0,1,0,0,0,0,1,0,0,0,1,0,0
8100,337.0,3151.0,88.0,-287,1111.0,27.1,41.0,1,0,0,0,0,0,0,0,1,0,0,0,0,1,0
3313,4091.0,293.0,313.0,266,1921.0,10.9,177.0,0,0,0,0,1,0,0,0,0,0,1,0,0,1,0
1392,1416.0,3.0,125.0,-544,1393.0,3.0,458.0,0,0,0,0,0,0,0,1,0,1,1,0,0,0,0
310,1097.0,87.0,824.0,318,2052.0,4.1,502.0,0,1,0,0,0,0,0,0,1,0,0,0,0,0,0
8355,7006.0,0.0,1185.0,-160,4791.0,7.2,670.0,0,0,0,0,0,1,0,0,1,0,0,0,0,1,0
6392,26.0,217.0,18.0,-232,12.0,1.2,10.0,0,0,0,1,0,0,1,0,0,0,0,0,1,0,0
2869,373.0,10.0,158.0,-500,832.0,3.2,260.0,0,0,0,0,0,0,0,1,0,0,1,0,0,0,0
7753,15.0,1.0,131.0,98,533.0,7.5,71.0,0,0,1,0,0,0,0,1,0,1,1,0,0,1,0
4608,487.0,0.0,13.0,814,780.0,195.0,4.0,0,0,0,0,0,0,0,1,0,1,1,0,0,1,0
2587,128.0,17.0,36.0,388,161.0,53.7,3.0,0,0,0,0,0,0,0,0,1,0,0,0,0,1,0
6421,60.0,13.0,2.0,105,62.0,62.0,1.0,0,0,0,0,1,0,0,0,1,0,0,0,0,1,0
7677,489.0,7.0,147.0,-642,70.0,1.4,49.0,0,0,0,0,0,0,1,0,0,0,0,0,1,0,0
3069,1055.0,76.0,230.0,-193,1637.0,33.4,49.0,0,0,1,0,0,0,1,0,0,0,0,0,0,1,0
4210,1922.0,215.0,265.0,-172,808.0,3.1,258.0,0,0,0,1,0,0,0,1,0,0,1,0,0,0,0
2981,1322.0,171.0,306.0,23,808.0,8.0,101.0,0,0,1,0,0,0,0,0,1,1,0,0,0,1,0
5128,1161.0,0.0,75.0,-467,116.0,2.6,45.0,0,0,0,1,0,0,0,1,0,0,1,0,1,0,0
8720,81.0,364.0,47.0,-105,187.0,2.7,69.0,1,0,0,0,0,0,0,0,1,0,0,0,1,0,0
2014,184.0,457.0,83.0,203,394.0,7.0,56.0,1,0,0,0,0,0,1,0,0,0,0,0,0,1,0
5249,207.0,40.0,106.0,-801,598.0,6.0,99.0,0,0,0,0,1,0,0,1,0,0,1,0,0,1,0
6851,76.0,22.0,32.0,-80,773.0,30.9,25.0,0,0,1,0,0,0,0,0,1,0,0,0,0,1,0
3435,338.0,0.0,450.0,-389,67.0,0.5,124.0,0,0,1,0,0,0,0,1,0,0,1,1,0,0,0
8687,216.0,0.0,6.0,-94,159.0,17.7,9.0,0,0,0,0,0,0,0,1,0,0,1,0,0,1,0
7098,71.0,0.0,83.0,328,30.0,2.1,14.0,1,0,0,0,0,0,0,0,1,1,0,0,1,0,0
5777,104.0,0.0,10.0,298,72.0,6.5,11.0,0,0,0,0,0,0,0,0,0,1,1,0,0,1,0
2913,183.0,0.0,316.0,258,227.0,7.6,30.0,0,1,0,0,0,0,0,0,1,0,0,0,0,1,0
6220,1493.0,0.0,267.0,-272,2115.0,5.7,373.0,0,0,0,0,0,0,1,0,0,1,0,0,0,1,0
4065,720.0,0.0,195.0,-810,442.0,12.6,35.0,0,0,0,0,0,0,0,0,1,0,0,0,0,1,0
6568,1562.0,444.0,714.0,-40,2439.0,3.6,669.0,0,0,0,1,0,0,0,0,1,1,0,0,0,0,0
1002,29.0,32.0,44.0,697,128.0,5.3,24.0,1,0,0,0,0,0,1,0,0,0,0,0,0,1,0
6003,1200.0,0.0,100.0,-406,765.0,6.0,127.0,0,0,0,1,0,1,0,0,0,0,1,0,0,1,0
435,1083.0,0.0,47.0,528,1242.0,621.0,2.0,1,0,0,0,0,0,0,0,1,0,0,0,0,1,0
3353,5082.0,663.0,635.0,517,6586.0,7.3,905.0,0,0,1,0,0,0,0,0,1,1,0,0,0,1,0
427,4268.0,0.0,534.0,-239,2098.0,6.4,328.0,0,0,0,0,1,0,0,0,0,1,1,0,0,1,0
3587,2589.0,0.0,656.0,144,1471.0,4.8,306.0,0,0,0,0,0,0,0,0,0,1,1,0,0,0,0
3998,2530.0,2516.0,424.0,367,4338.0,6.0,729.0,1,0,0,0,0,0,0,0,1,1,0,0,0,1,0
2345,413.0,16.0,113.0,-403,213.0,1.8,118.0,0,1,0,0,0,0,0,0,0,0,1,0,1,0,0
8580,258.0,2.0,327.0,70,356.0,3.3,107.0,0,0,0,0,1,0,0,0,1,1,0,0,0,0,0
5184,473.0,6.0,135.0,-69,933.0,17.0,55.0,0,0,1,0,0,0,0,1,0,0,1,0,0,1,0
815,2334.0,3178.0,582.0,-420,4360.0,8.5,510.0,1,0,0,0,0,0,0,0,0,0,1,0,0,1,0
1360,939.0,35.0,468.0,421,1282.0,3.5,371.0,0,0,0,0,0,0,0,0,0,0,1,0,0,0,0
2590,3316.0,242.0,777.0,172,2831.0,4.8,594.0,1,0,0,0,0,0,0,0,1,1,0,0,0,0,0
1709,446.0,4.0,116.0,-634,287.0,19.1,15.0,1,0,0,0,0,0,1,0,0,0,0,0,0,1,0
679,944.0,59.0,221.0,363,2801.0,43.1,65.0,0,0,0,0,0,0,0,0,1,0,0,0,0,1,0
542,83.0,182.0,79.0,199,137.0,2.5,55.0,0,0,0,0,1,0,1,0,0,0,0,0,1,0,0
4096,240.0,812.0,410.0,617,812.0,5.6,145.0,1,0,0,0,0,0,0,0,0,1,1,0,0,1,0
2283,178.0,11.0,83.0,-816,517.0,3.0,175.0,0,0,0,0,0,0,1,0,0,0,0,0,0,0,0
7564,2551.0,209.0,407.0,573,2747.0,7.2,383.0,0,0,0,0,1,1,0,0,0,0,1,0,0,1,0
5220,280.0,1716.0,42.0,-34,594.0,45.7,13.0,0,0,0,1,0,0,0,1,0,1,1,0,0,1,0
4626,42.0,2.0,15.0,452,95.0,19.0,5.0,0,0,0,0,0,0,0,0,1,0,0,0,0,1,0
3661,1198.0,582.0,257.0,101,3790.0,35.1,108.0,0,0,0,0,0,0,0,1,0,0,1,0,0,1,0
3001,400.0,20.0,44.0,790,12.0,0.7,18.0,0,0,0,1,0,0,0,0,0,1,1,1,0,0,0
5319,4721.0,2549.0,808.0,-860,3301.0,7.3,454.0,0,0,0,0,0,0,0,0,1,0,0,0,0,1,0
1769,680.0,0.0,241.0,98,542.0,7.2,75.0,1,0,0,0,0,0,0,0,0,1,1,0,0,1,0
4765,3660.0,70.0,830.0,222,3967.0,4.0,1004.0,1,0,0,0,0,0,1,0,0,0,0,0,0,0,0
4575,2558.0,463.0,1553.0,-612,4965.0,4.5,1108.0,0,0,0,0,0,1,1,0,0,0,0,0,0,0,0
4643,258.0,5.0,303.0,-409,703.0,8.7,81.0,0,0,0,0,0,0,0,0,1,0,0,0,0,1,0
2259,599.0,1806.0,236.0,554,1168.0,8.7,135.0,0,0,0,0,1,0,1,0,0,1,0,0,0,1,0
2964,361.0,1.0,211.0,-336,847.0,2.1,405.0,0,0,1,0,0,0,1,0,0,1,0,0,1,0,0
1354,1008.0,263.0,580.0,455,918.0,1.3,708.0,0,0,0,0,0,0,0,1,0,0,1,0,1,0,0
5232,394.0,9.0,29.0,-375,602.0,50.2,12.0,0,0,0,1,0,0,1,0,0,0,0,0,0,1,0
8237,97.0,186.0,149.0,-83,76.0,0.3,283.0,1,0,0,0,0,1,0,1,0,1,1,1,0,0,0
5790,798.0,395.0,374.0,-846,1668.0,5.0,335.0,0,0,0,0,0,0,1,0,0,1,0,0,0,0,0
2744,1724.0,509.0,213.0,204,1357.0,10.4,130.0,0,0,0,1,0,0,0,1,0,0,1,0,0,1,0
4836,352.0,109.0,213.0,147,2304.0,12.1,190.0,0,1,0,0,0,0,0,0,1,1,0,0,0,1,0
2231,1318.0,74.0,943.0,12,2140.0,4.2,514.0,0,0,0,1,0,0,1,0,0,0,0,0,0,0,0
4243,6.0,330.0,27.0,241,29.0,9.7,3.0,0,0,0,0,0,0,0,1,0,1,1,0,0,1,0
4343,2704.0,178.0,563.0,398,4720.0,9.8,482.0,0,0,0,0,0,0,0,0,0,1,1,0,0,1,0
42,4948.0,69.0,1758.0,226,2663.0,1.3,2105.0,0,0,0,0,1,0,0,1,0,0,1,0,1,0,0
1908,72.0,0.0,40.0,-604,114.0,22.8,5.0,0,0,0,1,0,0,0,0,0,0,1,0,0,1,0
4615,630.0,2268.0,342.0,-354,1745.0,3.1,557.0,0,0,0,1,0,0,0,0,1,0,0,0,0,0,0
3983,27.0,148.0,108.0,-614,281.0,5.2,54.0,0,0,0,0,0,0,0,1,0,1,1,0,0,1,0
7089,1886.0,1.0,550.0,83,1332.0,1.9,705.0,0,1,0,0,0,0,0,1,0,0,1,0,1,0,0
3087,1504.0,0.0,247.0,610,570.0,2.4,241.0,0,0,0,0,0,0,1,0,0,0,0,0,1,0,0
4712,145.0,102.0,200.0,203,260.0,0.7,353.0,0,0,0,0,0,0,0,0,0,0,1,1,0,0,0
8218,1462.0,0.0,137.0,-204,519.0,10.2,51.0,1,0,0,0,0,0,0,0,0,0,1,0,0,1,0
4991,379.0,772.0,122.0,653,1716.0,114.4,15.0,0,0,0,1,0,0,0,0,1,0,0,0,0,1,0
2240,839.0,0.0,137.0,-258,510.0,28.3,18.0,0,0,0,0,1,0,1,0,0,0,0,0,0,1,0
4452,4034.0,2709.0,1818.0,-759,4521.0,11.8,382.0,0,0,0,0,1,0,0,0,0,1,1,0,0,1,0
7277,881.0,1.0,187.0,294,1299.0,5.3,247.0,1,0,0,0,0,0,0,0,0,0,1,0,0,1,0
4050,69.0,91.0,260.0,3,71.0,0.2,448.0,0,0,0,1,0,0,1,0,0,0,0,1,0,0,0
6943,1239.0,842.0,36.0,880,1155.0,144.4,8.0,0,0,0,1,0,0,0,1,0,0,1,0,0,1,0
8247,1317.0,1.0,331.0,127,538.0,1.1,512.0,0,1,0,0,0,0,0,0,1,0,0,0,1,0,0
6904,2199.0,13.0,989.0,-312,1431.0,1.5,926.0,0,0,0,0,0,0,0,1,0,1,1,0,1,0,0
7948,738.0,44.0,163.0,77,1090.0,6.6,165.0,0,0,0,1,0,0,1,0,0,0,0,0,0,1,0
703,5.0,9.0,8.0,393,113.0,8.7,13.0,0,0,0,0,0,0,1,0,0,0,0,0,0,1,0
5384,591.0,202.0,85.0,-345,607.0,33.7,18.0,1,0,0,0,0,0,0,0,1,0,0,0,0,1,0
4905,8.0,0.0,2.0,205,7.0,1.8,4.0,0,0,1,0,0,0,0,0,1,0,0,0,1,0,0
2986,2303.0,1.0,199.0,-555,1056.0,18.9,56.0,0,0,0,1,0,0,0,0,0,1,1,0,0,1,0
724,949.0,115.0,611.0,310,2473.0,10.4,237.0,0,1,0,0,0,0,0,1,0,1,1,0,0,1,0
1901,277.0,33.0,153.0,29,629.0,89.9,7.0,0,0,0,0,1,0,0,0,0,1,1,0,0,1,0
2699,3077.0,0.0,315.0,-719,319.0,0.6,518.0,0,1,0,0,0,0,0,0,1,1,0,1,0,0,0
7286,33.0,1471.0,340.0,8,178.0,1.6,114.0,0,0,0,1,0,0,0,0,0,0,1,0,1,0,0
1443,1385.0,1.0,18.0,735,1067.0,1067.0,1.0,0,0,0,0,1,0,0,0,0,1,1,0,0,1,0
7110,1181.0,29.0,326.0,437,1055.0,3.4,307.0,0,0,0,0,1,0,1,0,0,1,0,0,0,0,0
8588,1241.0,715.0,1143.0,707,2598.0,2.4,1083.0,0,0,0,0,0,0,0,0,1,1,0,0,1,0,0
4920,6.0,0.0,23.0,37,14.0,0.6,22.0,0,0,1,0,0,0,0,0,1,0,0,1,0,0,0
7555,364.0,298.0,430.0,-381,765.0,2.9,265.0,0,0,0,1,0,0,1,0,0,1,0,0,1,0,0
7757,195.0,0.0,14.0,353,51.0,5.1,10.0,0,0,0,0,0,0,0,0,1,0,0,0,0,1,0
5842,7026.0,36.0,578.0,192,6477.0,9.0,721.0,0,0,0,0,0,0,0,0,1,0,0,0,0,1,0
1146,16.0,14.0,30.0,358,143.0,143.0,1.0,0,0,0,1,0,0,0,1,0,0,1,0,0,1,0
6101,1024.0,0.0,108.0,149,255.0,5.1,50.0,0,0,0,0,1,0,0,0,0,0,1,0,0,1,0
7825,862.0,1.0,26.0,-213,278.0,6.8,41.0,1,0,0,0,0,0,0,0,1,1,0,0,0,1,0
7980,1.0,135.0,3.0,404,328.0,82.0,4.0,0,0,0,0,0,0,1,0,0,1,0,0,0,1,0
3735,8074.0,520.0,1272.0,-592,9499.0,7.9,1197.0,0,0,0,0,1,0,0,1,0,1,1,0,0,1,0
6242,96.0,193.0,81.0,-666,449.0,14.0,32.0,0,0,0,0,0,0,0,1,0,1,1,0,0,1,0
6816,92.0,0.0,4.0,183,54.0,27.0,2.0,0,0,0,0,0,1,0,0,1,0,0,0,0,1,0
547,2273.0,51.0,1083.0,379,1657.0,2.1,774.0,1,0,0,0,0,0,0,0,0,0,1,0,1,0,0
2295,3782.0,134.0,782.0,-15,5186.0,16.3,319.0,0,0,0,0,1,1,0,0,1,0,0,0,0,1,0
3057,148.0,166.0,32.0,-445,77.0,38.5,2.0,0,1,0,0,0,0,1,0,0,0,0,0,0,1,0
4303,2541.0,97.0,119.0,314,3898.0,8.3,472.0,1,0,0,0,0,0,0,1,0,1,1,0,0,1,0
2793,552.0,0.0,158.0,-183,490.0,2.5,195.0,0,1,0,0,0,0,1,0,0,0,0,0,1,0,0
5682,722.0,1077.0,423.0,-923,2635.0,26.9,98.0,0,0,0,0,0,0,0,0,0,0,1,0,0,1,0
4234,2794.0,172.0,492.0,-527,3763.0,8.1,463.0,0,0,1,0,0,0,0,0,1,0,0,0,0,1,0
4669,243.0,175.0,24.0,-43,287.0,9.9,29.0,0,0,0,0,0,0,0,0,0,0,1,0,0,1,0
3399,1310.0,1096.0,200.0,34,3229.0,67.3,48.0,0,0,0,0,0,0,1,0,0,0,0,0,0,1,0
965,782.0,0.0,68.0,-124,111.0,2.4,46.0,0,0,0,0,0,0,1,0,0,0,0,0,1,0,0
5470,2.0,0.0,7.0,3,184.0,184.0,1.0,0,0,0,0,0,0,1,0,0,0,0,0,0,1,0
6923,157.0,1164.0,104.0,217,1204.0,37.6,32.0,0,0,0,1,0,0,0,0,1,0,0,0,0,1,0
778,3220.0,38.0,847.0,199,2064.0,3.5,597.0,0,0,0,0,1,1,0,0,1,0,0,0,0,0,0
7161,506.0,0.0,114.0,255,76.0,0.7,105.0,0,1,0,0,0,0,0,0,0,0,1,1,0,0,0
8620,949.0,1.0,317.0,-903,430.0,4.9,88.0,0,0,0,0,1,0,0,0,0,1,1,0,0,0,0
4509,346.0,187.0,40.0,-973,1619.0,539.7,3.0,0,0,0,1,0,0,1,0,0,0,0,0,0,1,0
734,329.0,8.0,56.0,-112,54.0,0.8,65.0,0,1,0,0,0,0,0,0,1,0,0,1,0,0,0
7703,337.0,1.0,483.0,-960,126.0,0.2,549.0,0,0,0,0,1,1,0,1,0,1,1,1,0,0,0
7296,8201.0,829.0,1359.0,-528,2442.0,2.8,865.0,1,0,0,0,0,0,0,0,0,0,1,0,1,0,0
8703,1.0,146.0,25.0,306,10.0,5.0,2.0,0,0,0,0,1,0,1,0,0,0,0,0,0,0,0
2024,459.0,331.0,156.0,-281,122.0,1.4,87.0,0,0,0,0,0,0,1,0,0,1,0,0,1,0,0
585,2587.0,139.0,610.0,-741,1727.0,4.4,389.0,0,0,0,0,0,0,0,0,1,0,0,0,0,0,0
354,1014.0,455.0,1367.0,-189,2326.0,2.9,808.0,0,0,0,0,0,0,1,0,0,0,0,0,1,0,0
8692,4502.0,372.0,518.0,139,1605.0,6.2,259.0,0,0,0,1,0,0,0,0,1,1,0,0,0,1,0
770,438.0,194.0,380.0,241,1304.0,4.1,316.0,1,0,0,0,0,0,1,0,0,0,0,0,0,0,0
4923,2284.0,8.0,355.0,89,2104.0,3.3,637.0,0,0,1,0,0,0,0,0,0,0,1,0,0,0,0
4179,1171.0,0.0,458.0,377,780.0,2.6,295.0,0,0,0,0,0,0,1,0,0,1,0,0,1,0,0
6271,12.0,127.0,99.0,-182,31.0,0.8,37.0,0,0,0,0,1,0,0,1,0,0,1,1,0,0,0
8574,1028.0,339.0,523.0,-98,768.0,1.4,545.0,0,0,0,0,0,0,0,1,0,1,1,0,1,0,0
6638,472.0,15.0,147.0,-346,1932.0,21.0,92.0,0,0,0,0,0,1,0,0,1,1,0,0,0,1,0
6398,631.0,1.0,234.0,-1046,473.0,4.5,106.0,0,0,0,0,0,0,0,1,0,1,1,0,0,0,0
2541,429.0,2.0,33.0,-288,116.0,12.9,9.0,0,0,0,0,0,0,1,0,0,1,0,0,0,1,0
1175,864.0,733.0,348.0,268,1111.0,2.4,458.0,0,0,0,0,0,0,0,0,0,0,1,0,1,0,0
5050,6733.0,22.0,2432.0,-463,4571.0,1.2,3824.0,0,0,0,0,1,0,0,0,1,1,0,0,1,0,0
441,1027.0,6.0,13.0,-280,1100.0,550.0,2.0,1,0,0,0,0,0,1,0,0,0,0,0,0,1,0
5901,2004.0,3.0,142.0,-600,754.0,5.1,148.0,0,0,0,0,0,0,0,1,0,1,1,0,0,1,0
4894,888.0,720.0,715.0,151,1708.0,2.3,747.0,0,0,0,0,0,0,0,0,1,0,0,0,1,0,0
2026,794.0,0.0,31.0,-524,860.0,28.7,30.0,0,0,0,0,0,1,1,0,0,1,0,0,0,1,0
7802,3310.0,21.0,210.0,-242,1526.0,13.2,116.0,0,0,0,0,1,1,1,0,0,0,0,0,0,1,0
1393,65.0,0.0,29.0,89,51.0,51.0,1.0,1,0,0,0,0,1,1,0,0,1,0,0,0,1,0
5972,2139.0,19.0,589.0,-621,799.0,1.5,526.0,0,0,1,0,0,0,1,0,0,0,0,0,1,0,0
6681,836.0,20.0,496.0,-52,876.0,3.9,225.0,0,0,0,0,0,0,0,1,0,1,1,0,0,0,0
621,411.0,493.0,209.0,796,1803.0,6.4,281.0,0,0,0,0,1,0,1,0,0,0,0,0,0,1,0
1872,477.0,0.0,38.0,453,593.0,15.6,38.0,1,0,0,0,0,0,1,0,0,0,0,0,0,1,0
7175,2289.0,1.0,200.0,463,626.0,4.9,128.0,0,0,0,1,0,0,0,1,0,1,1,0,0,0,0
6342,161.0,30.0,18.0,-479,465.0,66.4,7.0,0,0,0,0,0,0,0,0,0,1,1,0,0,1,0
8033,15.0,0.0,2.0,458,20.0,3.3,6.0,0,0,0,0,0,0,0,0,0,0,1,0,0,0,0
2610,15.0,0.0,15.0,-315,4.0,0.3,12.0,0,1,0,0,0,1,0,1,0,0,1,1,0,0,0
1070,4194.0,0.0,645.0,-167,4164.0,5.5,754.0,0,0,0,0,1,0,0,1,0,0,1,0,0,1,0
5052,179.0,0.0,23.0,-264,26.0,3.7,7.0,0,0,0,0,0,0,1,0,0,0,0,0,0,0,0
1307,1879.0,1.0,335.0,555,1358.0,7.5,180.0,0,0,0,0,0,0,1,0,0,0,0,0,0,1,0
4421,48.0,2.0,68.0,172,169.0,12.1,14.0,0,0,0,0,0,0,1,0,0,1,0,0,0,1,0
7237,580.0,34.0,109.0,-846,1143.0,5.3,217.0,0,0,0,0,1,1,0,0,0,0,1,0,0,1,0
3825,7.0,563.0,13.0,-35,135.0,135.0,1.0,0,1,0,0,0,0,0,0,0,0,1,0,0,1,0
7518,856.0,0.0,192.0,239,1911.0,13.6,140.0,1,0,0,0,0,0,1,0,0,0,0,0,0,1,0
4370,437.0,0.0,28.0,-850,532.0,8.9,60.0,0,0,0,0,0,0,0,0,1,1,0,0,0,1,0
802,914.0,0.0,272.0,390,1059.0,4.7,226.0,0,0,0,0,0,0,0,0,0,0,1,0,0,0,0
5263,2568.0,29.0,770.0,463,689.0,0.5,1294.0,0,0,0,0,0,1,0,0,1,0,0,1,0,0,0
4694,2138.0,0.0,827.0,-463,1278.0,2.2,591.0,1,0,0,0,0,0,0,1,0,0,1,0,1,0,0
6190,325.0,371.0,492.0,110,960.0,3.0,322.0,0,0,0,0,0,0,0,1,0,1,1,0,0,0,0
5014,1443.0,51.0,61.0,-71,1608.0,43.5,37.0,0,1,0,0,0,0,0,0,0,0,1,0,0,1,0
6919,1274.0,15.0,29.0,-478,606.0,86.6,7.0,0,0,0,0,0,0,1,0,0,0,0,0,0,1,0
959,1840.0,5.0,321.0,-814,1033.0,6.1,170.0,0,1,0,0,0,0,0,0,0,1,1,0,0,1,0
1836,423.0,1022.0,311.0,573,1214.0,3.9,312.0,1,0,0,0,0,0,0,0,1,1,0,0,0,0,0
7113,28.0,104.0,285.0,235,36.0,0.3,115.0,0,0,0,1,0,0,0,1,0,0,1,1,0,0,0
6254,109.0,74.0,183.0,374,128.0,0.7,196.0,1,0,0,0,0,0,0,0,0,0,1,1,0,0,0
6538,272.0,171.0,93.0,875,199.0,9.0,22.0,0,1,0,0,0,0,0,0,1,0,0,0,0,1,0
5457,928.0,0.0,22.0,-971,35.0,4.4,8.0,1,0,0,0,0,0,0,1,0,1,1,0,0,0,0
264,2677.0,1.0,189.0,-564,1694.0,6.4,264.0,0,0,0,0,1,0,0,0,0,1,1,0,0,1,0
8328,602.0,459.0,288.0,-205,690.0,9.2,75.0,0,0,0,0,0,0,0,0,1,1,0,0,0,1,0
4429,22.0,1.0,53.0,756,29.0,0.8,38.0,1,0,0,0,0,0,0,0,0,0,1,1,0,0,0
3659,833.0,191.0,265.0,491,495.0,1.5,320.0,0,0,0,0,0,0,0,1,0,0,1,0,1,0,0
7379,241.0,30.0,215.0,202,42.0,0.2,197.0,0,0,0,0,1,0,0,0,1,0,0,1,0,0,0
8339,129.0,1.0,83.0,55,16.0,0.6,27.0,0,1,0,0,0,0,0,0,0,0,1,1,0,0,0
4780,387.0,2.0,351.0,137,185.0,1.6,116.0,0,0,0,0,0,0,0,0,0,0,1,0,1,0,0
4206,5963.0,254.0,982.0,32,8735.0,10.3,845.0,0,0,0,0,0,0,0,0,1,0,0,0,0,1,0
87,3195.0,55.0,690.0,-282,2519.0,4.4,573.0,0,0,0,1,0,0,0,0,0,0,1,0,0,0,0
8180,81.0,1.0,13.0,520,35.0,11.7,3.0,0,0,1,0,0,0,1,0,0,0,0,0,0,1,0
8481,255.0,187.0,239.0,183,169.0,0.8,210.0,0,0,1,0,0,0,1,0,0,0,0,1,0,0,0
4079,4000.0,2.0,885.0,-94,5314.0,4.6,1144.0,0,0,0,0,0,0,0,1,0,1,1,0,0,0,0
829,92.0,99.0,97.0,230,62.0,0.6,105.0,1,0,0,0,0,0,1,0,0,1,0,1,0,0,0
6281,140.0,12.0,35.0,-56,229.0,32.7,7.0,1,0,0,0,0,0,0,0,0,0,1,0,0,1,0
148,5194.0,1.0,916.0,-1083,1927.0,1.2,1564.0,1,0,0,0,0,0,0,0,0,0,1,0,1,0,0
8721,4081.0,20.0,682.0,-221,3327.0,10.8,309.0,0,0,0,0,0,0,0,0,0,0,1,0,0,1,0
7238,2362.0,0.0,379.0,562,686.0,3.8,182.0,0,0,0,0,0,0,1,0,0,0,0,0,0,0,0
2341,539.0,4.0,47.0,682,188.0,5.7,33.0,1,0,0,0,0,0,0,0,0,0,1,0,0,1,0
5607,1127.0,12.0,558.0,-48,1100.0,2.0,542.0,0,0,0,1,0,1,0,0,0,1,1,0,1,0,0
3682,1813.0,2248.0,600.0,326,2372.0,6.7,355.0,0,0,0,1,0,0,0,0,0,0,1,0,0,1,0
5341,635.0,0.0,318.0,-566,457.0,1.0,441.0,0,0,1,0,0,0,0,0,1,1,0,1,0,0,0
8074,259.0,17.0,213.0,373,560.0,6.6,85.0,0,0,0,1,0,0,0,0,1,0,0,0,0,1,0
4372,107.0,2.0,54.0,-102,239.0,12.6,19.0,0,0,1,0,0,1,0,0,1,1,0,0,0,1,0
1465,228.0,4.0,121.0,-144,913.0,5.8,158.0,0,0,0,0,0,0,1,0,0,0,0,0,0,1,0
532,52.0,8.0,255.0,443,91.0,1.0,92.0,0,0,0,0,0,0,0,0,1,0,0,1,0,0,0
2925,650.0,533.0,78.0,-422,1455.0,33.1,44.0,0,0,0,0,0,0,0,0,0,0,1,0,0,1,0
3360,581.0,6.0,158.0,-260,2087.0,189.7,11.0,0,0,0,0,0,1,1,0,0,0,0,0,0,1,0
5486,1621.0,232.0,270.0,-350,2286.0,19.0,120.0,0,0,1,0,0,0,1,0,0,0,0,0,0,1,0
2254,991.0,31.0,317.0,-167,1642.0,6.6,248.0,0,0,0,0,1,0,1,0,0,0,0,0,0,1,0
6128,325.0,21.0,89.0,-98,1150.0,14.4,80.0,0,1,0,0,0,0,0,0,1,1,0,0,0,1,0
3128,2879.0,42.0,723.0,-74,2653.0,9.0,294.0,0,0,1,0,0,0,0,0,0,1,1,0,0,1,0
8452,215.0,82.0,86.0,531,179.0,1.1,163.0,0,0,0,1,0,0,0,0,0,1,1,0,1,0,0
6545,4292.0,4.0,746.0,-112,1849.0,2.6,701.0,0,0,0,0,1,1,0,1,0,0,1,0,1,0,0
3766,1477.0,2081.0,698.0,191,2927.0,4.7,623.0,0,0,0,1,0,0,0,0,1,1,0,0,0,0,0
5108,1908.0,13.0,650.0,-664,1220.0,1.8,685.0,0,0,0,0,0,0,0,1,0,0,1,0,1,0,0
8080,30.0,98.0,92.0,140,329.0,18.3,18.0,0,0,0,0,1,0,0,0,1,1,0,0,0,1,0
1810,243.0,0.0,347.0,-169,124.0,0.4,315.0,0,0,0,0,1,0,0,0,0,0,1,1,0,0,0
3416,1731.0,0.0,73.0,371,922.0,20.0,46.0,0,0,0,1,0,1,0,0,1,0,0,0,0,1,0
7553,904.0,36.0,479.0,-547,1015.0,2.2,463.0,1,0,0,0,0,0,0,0,0,1,1,0,1,0,0
8168,6395.0,145.0,1129.0,39,3539.0,3.1,1125.0,0,0,0,1,0,0,0,0,0,0,1,0,0,0,0
3331,379.0,0.0,193.0,-786,222.0,4.2,53.0,0,0,0,0,1,0,0,0,1,1,0,0,0,0,0
242,574.0,0.0,136.0,713,680.0,13.6,50.0,0,0,0,0,0,0,0,0,1,0,0,0,0,1,0
8171,2944.0,358.0,541.0,-558,2236.0,2.8,806.0,0,0,0,0,1,0,0,1,0,0,1,0,1,0,0
7559,6044.0,4.0,837.0,-747,2229.0,4.1,538.0,0,0,0,0,0,0,1,0,0,1,0,0,0,0,0
3126,642.0,641.0,195.0,777,225.0,2.1,107.0,1,0,0,0,0,0,1,0,0,0,0,0,1,0,0
1400,4.0,0.0,15.0,-240,127.0,4.1,31.0,0,0,0,0,1,0,0,0,1,1,0,0,0,0,0
1513,515.0,2237.0,438.0,255,1228.0,1.7,703.0,1,0,0,0,0,0,0,1,0,0,1,0,1,0,0
1893,46.0,37.0,57.0,410,219.0,15.6,14.0,0,0,0,1,0,0,0,0,0,0,1,0,0,1,0
5719,1396.0,0.0,421.0,-202,1347.0,4.3,316.0,0,0,1,0,0,0,0,1,0,0,1,0,0,0,0
7640,359.0,127.0,50.0,-552,549.0,21.1,26.0,1,0,0,0,0,0,0,0,0,0,1,0,0,1,0
3492,3325.0,304.0,419.0,279,1651.0,4.5,363.0,1,0,0,0,0,0,1,0,0,0,0,0,0,0,0
844,96.0,0.0,19.0,188,31.0,0.9,36.0,0,1,0,0,0,0,0,1,0,1,1,1,0,0,0
911,2067.0,0.0,423.0,-779,1197.0,2.5,481.0,1,0,0,0,0,0,0,0,1,0,0,0,1,0,0
4649,3.0,35.0,30.0,-788,5.0,0.4,13.0,0,1,0,0,0,0,1,0,0,0,0,1,0,0,0
8053,186.0,0.0,13.0,-524,16.0,2.7,6.0,0,0,1,0,0,1,0,0,0,0,1,0,1,0,0
6813,464.0,47.0,89.0,728,719.0,30.0,24.0,0,0,0,0,1,0,1,0,0,1,0,0,0,1,0
2890,115.0,0.0,12.0,264,67.0,67.0,1.0,0,0,0,1,0,0,0,0,0,0,1,0,0,1,0
4736,288.0,0.0,22.0,-94,102.0,2.6,39.0,1,0,0,0,0,0,0,1,0,0,1,0,1,0,0
6287,3.0,41.0,64.0,-769,113.0,2.5,45.0,0,0,0,0,1,0,0,0,0,0,1,0,1,0,0
4714,906.0,0.0,131.0,8,698.0,2.3,304.0,0,0,1,0,0,0,1,0,0,0,0,0,1,0,0
4357,230.0,0.0,165.0,-785,57.0,0.2,269.0,0,0,0,0,1,1,0,1,0,0,1,1,0,0,0
1961,179.0,1150.0,237.0,456,578.0,13.4,43.0,0,0,0,1,0,0,0,1,0,0,1,0,0,1,0
786,171.0,0.0,25.0,-261,140.0,1.5,95.0,0,0,0,1,0,0,1,0,0,0,0,0,1,0,0
2284,371.0,214.0,186.0,329,340.0,6.2,55.0,0,0,1,0,0,0,1,0,0,0,0,0,0,1,0
5058,158.0,350.0,75.0,1051,710.0,27.3,26.0,0,0,0,1,0,0,0,0,0,0,1,0,0,1,0
5594,1530.0,322.0,561.0,29,525.0,1.7,303.0,0,0,0,1,0,0,0,0,0,0,1,0,1,0,0
2406,1007.0,612.0,140.0,479,2631.0,82.2,32.0,0,0,0,0,0,0,0,0,1,0,0,0,0,1,0
4259,211.0,1.0,14.0,559,653.0,217.7,3.0,1,0,0,0,0,1,0,0,0,1,1,0,0,1,0
1176,134.0,0.0,7.0,-349,147.0,13.4,11.0,0,0,0,0,1,0,0,0,0,0,1,0,0,1,0
3832,4.0,1644.0,7.0,18,3.0,0.6,5.0,0,0,0,0,0,0,0,0,0,0,1,1,0,0,0
5292,132.0,1.0,9.0,-314,272.0,30.2,9.0,0,0,0,0,0,0,0,1,0,1,1,0,0,1,0
7014,4137.0,0.0,448.0,129,340.0,0.8,422.0,1,0,0,0,0,0,1,0,0,1,0,1,0,0,0
8581,3202.0,23.0,217.0,910,2699.0,10.8,249.0,0,0,0,1,0,0,0,0,1,1,0,0,0,1,0
6406,142.0,19.0,30.0,302,230.0,230.0,1.0,0,0,0,1,0,0,0,0,0,0,1,0,0,1,0
4940,150.0,3.0,221.0,60,95.0,0.5,197.0,0,0,1,0,0,0,1,0,0,0,0,1,0,0,0
6873,6203.0,32.0,355.0,-49,2797.0,9.8,285.0,0,0,0,0,0,0,0,0,0,0,1,0,0,1,0
2023,532.0,18.0,15.0,346,178.0,12.7,14.0,0,1,0,0,0,0,0,1,0,1,1,0,0,1,0
1983,1710.0,159.0,956.0,95,1957.0,2.6,752.0,0,0,0,0,0,0,0,0,0,0,1,0,1,0,0
2105,36.0,0.0,27.0,654,67.0,5.2,13.0,0,0,0,1,0,0,0,0,1,1,0,0,0,1,0
8154,477.0,4.0,181.0,-178,786.0,2.0,396.0,0,0,0,0,0,0,0,0,1,0,0,0,1,0,0
3883,1068.0,1.0,146.0,-738,1193.0,149.1,8.0,0,0,1,0,0,0,0,0,0,1,1,0,0,1,0
5541,69.0,19.0,75.0,-308,83.0,3.6,23.0,0,0,0,0,0,0,0,0,1,0,0,0,0,0,0
609,3171.0,0.0,1269.0,-314,2852.0,3.5,812.0,0,1,0,0,0,0,1,0,0,0,0,0,0,0,0
4969,1892.0,1630.0,1101.0,-811,3004.0,6.6,454.0,0,1,0,0,0,0,1,0,0,0,0,0,0,1,0
4162,3821.0,0.0,195.0,541,1735.0,17.9,97.0,0,0,0,1,0,0,0,0,1,0,0,0,0,1,0
81,153.0,34.0,100.0,347,170.0,2.8,60.0,1,0,0,0,0,0,0,0,1,0,0,0,1,0,0
2733,43.0,286.0,27.0,-295,177.0,17.7,10.0,0,0,0,0,0,0,0,1,0,0,1,0,0,1,0
7990,455.0,1.0,436.0,306,851.0,6.4,132.0,0,0,0,0,0,0,0,1,0,1,1,0,0,1,0
3594,1218.0,1514.0,418.0,175,2959.0,6.7,443.0,1,0,0,0,0,0,0,0,0,0,1,0,0,1,0
3927,2142.0,868.0,1458.0,-271,4479.0,1.7,2603.0,0,0,0,0,0,0,1,0,0,1,0,0,1,0,0
2450,6052.0,625.0,1873.0,-147,3102.0,2.4,1269.0,0,0,0,1,0,0,0,0,1,1,0,0,1,0,0
4368,627.0,0.0,308.0,9,175.0,0.4,436.0,0,0,0,0,1,0,1,0,0,0,0,1,0,0,0
2335,753.0,218.0,329.0,0,2513.0,12.6,199.0,0,0,1,0,0,0,0,0,1,0,0,0,0,1,0
3688,1422.0,261.0,334.0,-135,1627.0,3.6,447.0,0,0,0,1,0,0,0,0,1,0,0,0,0,0,0
8554,2256.0,15.0,520.0,358,408.0,1.1,366.0,0,0,0,0,0,0,1,0,0,0,0,0,1,0,0
8439,2002.0,39.0,342.0,483,1867.0,45.5,41.0,0,0,0,0,1,0,0,0,0,0,1,0,0,1,0
5690,1629.0,168.0,711.0,-129,1108.0,2.1,533.0,0,0,0,0,0,0,0,0,1,1,0,0,1,0,0
4918,258.0,55.0,265.0,356,429.0,0.5,837.0,1,0,0,0,0,0,0,1,0,1,1,1,0,0,0
6336,1397.0,0.0,299.0,370,303.0,1.0,317.0,0,0,0,0,0,0,0,0,0,0,1,1,0,0,0
6731,1039.0,31.0,119.0,-574,275.0,3.8,73.0,1,0,0,0,0,0,1,0,0,0,0,0,0,0,0
3361,909.0,0.0,310.0,88,315.0,4.5,70.0,1,0,0,0,0,0,0,1,0,1,1,0,0,0,0
6998,76.0,6.0,49.0,772,731.0,14.6,50.0,0,1,0,0,0,0,0,0,1,0,0,0,0,1,0
8264,151.0,0.0,183.0,-134,29.0,0.7,42.0,0,0,1,0,0,0,0,1,0,0,1,1,0,0,0
3345,920.0,58.0,391.0,-289,455.0,1.4,331.0,0,0,0,0,0,0,0,0,1,0,0,0,1,0,0
2980,93.0,0.0,29.0,126,63.0,9.0,7.0,1,0,0,0,0,0,0,0,1,0,0,0,0,1,0
225,690.0,0.0,87.0,669,342.0,57.0,6.0,0,0,0,0,0,0,1,0,0,0,0,0,0,1,0
5887,417.0,47.0,504.0,-1182,605.0,1.9,324.0,0,0,0,1,0,0,0,0,0,0,1,0,1,0,0
5519,538.0,6.0,154.0,-16,179.0,2.1,87.0,1,0,0,0,0,0,1,0,0,1,0,0,1,0,0
3963,3086.0,0.0,235.0,-812,1238.0,3.8,325.0,0,0,0,0,0,0,0,0,0,0,1,0,0,0,0
408,640.0,2.0,18.0,-1056,481.0,80.2,6.0,0,0,1,0,0,0,0,1,0,0,1,0,0,1,0
29,1013.0,32.0,568.0,-34,1007.0,1.3,779.0,0,0,0,0,0,0,0,0,0,0,1,0,1,0,0
6047,4626.0,2.0,1192.0,-213,9670.0,7.4,1305.0,0,0,0,0,1,0,0,0,0,1,1,0,0,1,0
776,511.0,107.0,80.0,136,367.0,22.9,16.0,0,0,0,0,0,0,1,0,0,1,0,0,0,1,0
1884,7627.0,834.0,1000.0,-110,7583.0,11.3,672.0,0,0,0,0,0,0,0,0,1,0,0,0,0,1,0
8750,203.0,210.0,387.0,291,415.0,13.4,31.0,0,0,0,1,0,1,1,0,0,1,0,0,0,1,0
494,1457.0,0.0,510.0,-203,1335.0,5.1,262.0,0,0,0,0,0,0,0,0,0,1,1,0,0,1,0
6175,1327.0,726.0,402.0,12,824.0,3.8,219.0,0,0,0,0,0,0,0,1,0,0,1,0,0,0,0
7325,1353.0,298.0,185.0,222,359.0,7.2,50.0,0,0,0,1,0,0,0,1,0,0,1,0,0,1,0
936,132.0,576.0,88.0,133,358.0,2.3,156.0,1,0,0,0,0,1,0,1,0,0,1,0,1,0,0
5312,635.0,74.0,83.0,-214,728.0,25.1,29.0,0,0,0,1,0,0,0,0,0,0,1,0,0,1,0
8094,643.0,47.0,219.0,-88,1069.0,6.6,161.0,1,0,0,0,0,0,1,0,0,0,0,0,0,1,0
6240,1425.0,0.0,345.0,0,1230.0,5.8,212.0,1,0,0,0,0,0,1,0,0,0,0,0,0,1,0
1612,432.0,2.0,35.0,-396,409.0,58.4,7.0,0,0,1,0,0,0,0,0,0,0,1,0,0,1,0
5285,175.0,478.0,306.0,-388,613.0,1.8,343.0,1,0,0,0,0,1,0,0,1,0,0,0,1,0,0
6700,220.0,471.0,181.0,-777,91.0,0.5,198.0,1,0,0,0,0,0,0,1,0,0,1,1,0,0,0
2578,137.0,56.0,105.0,113,1508.0,62.8,24.0,0,0,0,0,0,0,1,0,0,0,0,0,0,1,0
7366,677.0,0.0,116.0,314,272.0,3.3,82.0,0,0,1,0,0,1,0,0,1,0,0,0,0,0,0
2236,85.0,0.0,39.0,311,5.0,0.1,82.0,1,0,0,0,0,0,0,0,0,0,1,1,0,0,0
7693,181.0,53.0,121.0,-621,76.0,0.7,114.0,1,0,0,0,0,0,1,0,0,1,0,1,0,0,0
2265,3214.0,1.0,757.0,-692,1526.0,1.3,1187.0,0,0,0,1,0,0,0,0,1,1,0,0,1,0,0
2419,372.0,3.0,31.0,-626,189.0,47.2,4.0,1,0,0,0,0,0,1,0,0,0,0,0,0,1,0
6861,1228.0,332.0,228.0,316,795.0,2.8,281.0,0,1,0,0,0,0,0,1,0,0,1,0,1,0,0
584,181.0,1036.0,129.0,-636,2025.0,21.1,96.0,0,0,0,0,0,1,0,0,1,0,0,0,0,1,0
7759,247.0,9.0,27.0,-404,62.0,1.3,48.0,0,0,0,0,0,0,1,0,0,0,0,0,1,0,0
6112,1703.0,1512.0,581.0,-153,2154.0,9.9,218.0,1,0,0,0,0,0,0,1,0,1,1,0,0,1,0
5196,2429.0,1146.0,1074.0,431,6050.0,14.0,432.0,0,0,0,1,0,0,0,0,0,1,1,0,0,1,0
4348,145.0,16.0,218.0,-31,328.0,0.9,372.0,0,0,0,0,1,0,0,1,0,0,1,1,0,0,0
999,0.0,205.0,2.0,316,9.0,4.5,2.0,0,0,0,0,0,0,0,1,0,0,1,0,0,0,0
5500,5486.0,1.0,964.0,-52,3173.0,3.9,813.0,0,0,0,0,1,0,1,0,0,0,0,0,0,0,0
5188,472.0,26.0,257.0,-376,670.0,4.8,140.0,0,0,0,0,0,1,0,0,0,0,1,0,0,0,0
6716,679.0,628.0,273.0,84,219.0,1.1,203.0,0,0,1,0,0,0,1,0,0,0,0,0,1,0,0
6599,2184.0,70.0,424.0,-369,1726.0,9.9,174.0,1,0,0,0,0,0,0,0,0,1,1,0,0,1,0
4329,233.0,337.0,132.0,710,1046.0,6.3,166.0,0,0,0,0,0,0,1,0,0,0,0,0,0,1,0
5595,183.0,5.0,124.0,-62,645.0,1.7,373.0,0,0,0,0,0,0,0,0,1,0,0,0,1,0,0
4992,117.0,4.0,37.0,-428,25.0,5.0,5.0,0,0,0,0,1,0,0,0,1,1,0,0,0,0,0
6439,3057.0,1357.0,586.0,780,2859.0,7.5,383.0,0,0,0,0,0,0,0,0,1,1,0,0,0,1,0
6350,27.0,0.0,8.0,57,19.0,2.1,9.0,0,0,0,1,0,0,1,0,0,0,0,0,1,0,0
7368,41.0,0.0,7.0,-459,15.0,5.0,3.0,0,0,0,0,0,0,0,0,1,1,0,0,0,0,0
5309,1103.0,140.0,631.0,-391,2145.0,5.2,415.0,0,0,0,1,0,0,0,0,0,0,1,0,0,1,0
4863,282.0,856.0,643.0,-315,280.0,0.9,317.0,0,0,0,0,0,0,0,0,0,1,1,1,0,0,0
3507,9832.0,138.0,2149.0,0,5676.0,2.1,2708.0,0,0,0,0,0,0,0,1,0,0,1,0,1,0,0
4254,0.0,0.0,6.0,302,6.0,1.5,4.0,0,0,0,0,1,0,1,0,0,0,0,0,1,0,0
5344,148.0,0.0,8.0,-49,803.0,803.0,1.0,0,0,0,0,0,0,1,0,0,0,0,0,0,1,0
5745,1186.0,2.0,193.0,95,1082.0,7.6,143.0,1,0,0,0,0,0,0,1,0,0,1,0,0,1,0
8697,4359.0,0.0,302.0,-160,1694.0,9.8,173.0,1,0,0,0,0,0,0,0,0,1,1,0,0,1,0
1028,28.0,0.0,20.0,26,17.0,1.1,16.0,0,0,0,1,0,1,0,0,0,0,1,0,1,0,0
3342,888.0,0.0,90.0,318,57.0,0.3,197.0,0,0,0,0,0,0,1,0,0,1,0,1,0,0,0
8075,43.0,0.0,8.0,486,73.0,18.2,4.0,0,0,0,0,1,0,0,1,0,1,1,0,0,1,0
1049,401.0,4.0,225.0,-219,794.0,11.2,71.0,0,0,0,0,1,0,0,0,1,1,0,0,0,1,0
8482,1372.0,430.0,1665.0,16,1860.0,1.1,1624.0,0,1,0,0,0,1,0,1,0,0,1,0,1,0,0
6035,1324.0,740.0,173.0,-610,2143.0,18.5,116.0,0,0,0,0,1,0,0,0,0,0,1,0,0,1,0
675,28.0,0.0,8.0,-724,330.0,66.0,5.0,0,0,1,0,0,0,0,0,1,0,0,0,0,1,0
6558,261.0,0.0,323.0,-20,322.0,1.9,174.0,0,0,0,0,0,0,0,0,1,0,0,0,1,0,0
5763,78.0,36.0,77.0,259,61.0,2.9,21.0,0,0,0,0,1,0,1,0,0,0,0,0,1,0,0
8316,1443.0,309.0,250.0,-109,3015.0,9.2,327.0,1,0,0,0,0,0,0,0,1,0,0,0,0,1,0
4297,476.0,8.0,315.0,-520,62.0,0.3,190.0,0,0,0,0,1,0,1,0,0,0,0,1,0,0,0
4573,162.0,46.0,42.0,97,782.0,10.7,73.0,0,0,0,0,1,0,0,0,1,1,0,0,0,1,0
947,26.0,1.0,130.0,99,15.0,0.4,42.0,0,0,0,0,0,0,1,0,0,1,0,1,0,0,0
5888,266.0,169.0,90.0,-190,762.0,11.9,64.0,0,0,0,0,0,0,0,0,1,1,0,0,0,1,0
3523,146.0,0.0,113.0,351,248.0,1.7,145.0,0,1,0,0,0,0,0,1,0,0,1,0,1,0,0
1669,283.0,385.0,271.0,650,363.0,1.0,360.0,0,0,0,0,0,0,0,0,0,0,1,1,0,0,0
2887,1087.0,3855.0,1067.0,100,3251.0,3.5,936.0,0,0,0,0,0,0,1,0,0,1,0,0,0,0,0
2812,119.0,1.0,122.0,448,348.0,4.8,72.0,0,0,1,0,0,0,0,0,0,0,1,0,0,0,0
2029,1810.0,2.0,267.0,218,1666.0,9.6,174.0,0,0,0,1,0,0,0,0,1,0,0,0,0,1,0
3242,3156.0,1280.0,643.0,-41,2007.0,3.1,656.0,0,0,1,0,0,0,1,0,0,0,0,0,0,0,0
3029,76.0,133.0,117.0,-162,438.0,24.3,18.0,1,0,0,0,0,0,0,1,0,0,1,0,0,1,0
6749,1931.0,247.0,355.0,-543,2998.0,17.4,172.0,1,0,0,0,0,0,1,0,0,1,0,0,0,1,0
4595,237.0,144.0,43.0,-663,263.0,6.6,40.0,1,0,0,0,0,0,1,0,0,1,0,0,0,1,0
8701,2546.0,9.0,266.0,296,1841.0,5.2,357.0,0,0,0,1,0,0,1,0,0,0,0,0,0,1,0
3880,50.0,6.0,4.0,160,47.0,7.8,6.0,0,0,0,1,0,0,0,1,0,1,1,0,0,1,0
3352,90.0,0.0,11.0,485,95.0,3.5,27.0,1,0,0,0,0,0,0,0,1,0,0,0,0,0,0
3942,2207.0,0.0,230.0,667,585.0,4.3,135.0,0,0,0,0,0,0,0,0,1,0,0,0,0,0,0
8584,1464.0,2.0,175.0,-776,1640.0,11.9,138.0,0,0,0,0,1,0,1,0,0,0,0,0,0,1,0
7255,885.0,366.0,351.0,656,1439.0,6.0,238.0,1,0,0,0,0,0,0,1,0,0,1,0,0,1,0
6470,217.0,2515.0,496.0,212,621.0,2.0,304.0,0,0,0,1,0,0,0,1,0,0,1,0,1,0,0
6980,5167.0,0.0,1031.0,82,2189.0,3.2,690.0,0,0,0,0,1,0,0,0,1,0,0,0,0,0,0
3382,1497.0,6.0,560.0,1116,1453.0,3.2,453.0,0,0,0,0,0,0,0,1,0,0,1,0,0,0,0
1254,974.0,1.0,85.0,329,953.0,39.7,24.0,0,1,0,0,0,0,1,0,0,1,0,0,0,1,0
6682,608.0,118.0,539.0,-439,2671.0,4.4,602.0,0,0,0,1,0,0,1,0,0,0,0,0,0,0,0
7105,307.0,2577.0,619.0,-42,767.0,1.3,600.0,0,0,0,0,1,0,0,1,0,0,1,0,1,0,0
5245,2342.0,0.0,304.0,48,1231.0,7.2,171.0,0,0,0,0,0,0,0,1,0,0,1,0,0,1,0
3162,1507.0,167.0,434.0,211,917.0,1.7,551.0,0,0,0,1,0,1,0,1,0,0,1,0,1,0,0
536,43.0,64.0,29.0,-849,237.0,39.5,6.0,1,0,0,0,0,0,0,0,0,0,1,0,0,1,0
1792,517.0,0.0,19.0,-112,342.0,42.8,8.0,0,0,0,0,1,0,0,0,1,0,0,0,0,1,0
7396,1203.0,243.0,134.0,-663,851.0,10.6,80.0,1,0,0,0,0,0,0,1,0,0,1,0,0,1,0
2430,3.0,234.0,2.0,-230,30.0,4.3,7.0,0,1,0,0,0,1,0,1,0,0,1,0,0,0,0
3419,1278.0,8.0,232.0,792,1104.0,3.5,318.0,0,0,0,0,0,1,1,0,0,0,0,0,0,0,0
5035,1444.0,245.0,648.0,-118,1423.0,4.0,357.0,1,0,0,0,0,0,0,1,0,0,1,0,0,0,0
1421,47.0,0.0,43.0,-310,35.0,8.8,4.0,0,0,1,0,0,0,0,1,0,1,1,0,0,1,0
5454,408.0,326.0,419.0,1048,992.0,4.7,213.0,0,0,0,0,0,0,0,1,0,0,1,0,0,0,0
4734,1342.0,5.0,248.0,219,2884.0,16.5,175.0,0,0,0,1,0,0,0,0,0,1,1,0,0,1,0
3059,82.0,4.0,134.0,305,129.0,0.6,232.0,0,0,0,0,0,0,1,0,0,0,0,1,0,0,0
8228,2565.0,1.0,649.0,230,2395.0,3.2,756.0,1,0,0,0,0,0,0,1,0,1,1,0,0,0,0
7857,1333.0,12.0,198.0,-281,177.0,1.8,99.0,0,0,0,0,1,1,0,0,0,0,1,0,1,0,0
2987,374.0,136.0,109.0,190,917.0,23.5,39.0,1,0,0,0,0,0,0,0,1,0,0,0,0,1,0
280,1072.0,9.0,135.0,466,380.0,31.7,12.0,0,0,0,0,0,0,1,0,0,1,0,0,0,1,0
5332,1103.0,34.0,202.0,-282,162.0,0.3,551.0,1,0,0,0,0,0,0,0,1,1,0,1,0,0,0
6883,216.0,1.0,31.0,-1056,308.0,30.8,10.0,0,0,0,0,0,0,0,1,0,1,1,0,0,1,0
6913,7210.0,33.0,1712.0,264,8854.0,3.7,2401.0,0,0,0,0,0,1,0,0,1,0,0,0,0,0,0
5107,564.0,0.0,142.0,756,571.0,3.4,170.0,1,0,0,0,0,0,0,0,0,1,1,0,0,0,0
520,360.0,1.0,376.0,-4,358.0,1.1,337.0,0,0,0,1,0,0,0,0,0,1,1,0,1,0,0
113,1036.0,367.0,485.0,732,1106.0,1.5,733.0,0,0,0,0,1,0,0,1,0,0,1,0,1,0,0
3603,1965.0,131.0,861.0,-40,1928.0,3.4,574.0,0,0,1,0,0,0,0,0,0,0,1,0,0,0,0
8323,1024.0,15.0,273.0,277,2599.0,49.0,53.0,0,0,1,0,0,0,0,1,0,0,1,0,0,1,0
8190,651.0,197.0,168.0,-1403,1295.0,3.2,409.0,1,0,0,0,0,0,0,1,0,0,1,0,0,0,0
3238,108.0,23.0,12.0,243,81.0,11.6,7.0,0,0,0,0,0,0,1,0,0,1,0,0,0,1,0
6518,5142.0,95.0,239.0,-105,2158.0,11.6,186.0,0,0,1,0,0,0,0,0,0,1,1,0,0,1,0
2878,127.0,0.0,19.0,281,606.0,303.0,2.0,0,0,0,0,1,0,0,1,0,1,1,0,0,1,0
2666,356.0,19.0,98.0,-376,2606.0,113.3,23.0,0,0,1,0,0,0,0,0,1,0,0,0,0,1,0
4535,3433.0,35.0,838.0,195,952.0,0.8,1193.0,0,0,1,0,0,0,0,0,1,0,0,1,0,0,0
3341,513.0,0.0,127.0,132,487.0,9.2,53.0,0,1,0,0,0,0,0,1,0,1,1,0,0,1,0
7170,846.0,261.0,524.0,-319,1806.0,5.7,317.0,0,1,0,0,0,0,0,1,0,0,1,0,0,1,0
653,1084.0,101.0,485.0,1034,2404.0,4.1,587.0,1,0,0,0,0,0,0,0,1,0,0,0,0,0,0
3320,470.0,0.0,103.0,-140,33.0,1.3,26.0,1,0,0,0,0,0,0,1,0,1,1,0,1,0,0
5721,12.0,218.0,15.0,-627,19.0,0.6,33.0,0,0,0,0,0,1,0,1,0,1,1,1,0,0,0
623,2052.0,20.0,345.0,-509,1516.0,4.9,308.0,0,0,0,0,0,0,0,0,1,0,0,0,0,0,0
3616,222.0,3.0,83.0,266,232.0,12.2,19.0,0,0,1,0,0,1,0,0,1,0,0,0,0,1,0
7788,7.0,0.0,20.0,389,2.0,0.7,3.0,0,1,0,0,0,1,0,1,0,1,1,1,0,0,0
6187,156.0,46.0,165.0,79,166.0,0.4,370.0,0,0,0,0,1,0,0,1,0,0,1,1,0,0,0
7851,29.0,807.0,264.0,425,142.0,0.5,269.0,0,0,0,1,0,0,0,0,0,0,1,1,0,0,0
1760,1086.0,35.0,147.0,34,431.0,2.3,190.0,0,0,0,0,0,0,0,0,1,0,0,0,1,0,0
5082,1517.0,156.0,383.0,-90,786.0,5.4,145.0,1,0,0,0,0,0,1,0,0,0,0,0,0,1,0
5774,488.0,1286.0,142.0,69,1475.0,184.4,8.0,0,0,0,1,0,0,0,0,1,0,0,0,0,1,0
1196,76.0,493.0,260.0,-187,305.0,6.5,47.0,0,0,0,0,0,0,0,0,1,0,0,0,0,1,0
2651,6303.0,6.0,2051.0,-142,6467.0,3.0,2153.0,0,0,0,0,1,0,0,0,0,0,1,0,0,0,0
6178,3.0,0.0,4.0,297,5.0,0.7,7.0,0,1,0,0,0,0,0,0,1,0,0,1,0,0,0
5187,913.0,438.0,356.0,-61,778.0,2.2,349.0,1,0,0,0,0,0,0,0,1,0,0,0,1,0,0
6587,2772.0,0.0,457.0,138,1359.0,2.7,510.0,0,0,0,0,1,0,1,0,0,0,0,0,1,0,0
8283,451.0,681.0,249.0,163,1738.0,5.3,331.0,1,0,0,0,0,0,0,0,1,1,0,0,0,1,0
454,749.0,47.0,57.0,129,1900.0,32.8,58.0,0,0,0,0,0,0,1,0,0,1,0,0,0,1,0
3964,294.0,92.0,281.0,15,528.0,5.4,98.0,1,0,0,0,0,0,0,0,1,0,0,0,0,1,0
8724,318.0,176.0,159.0,-271,1093.0,13.3,82.0,0,0,0,0,0,0,1,0,0,0,0,0,0,1,0
4160,267.0,0.0,118.0,-294,148.0,0.6,251.0,1,0,0,0,0,0,0,0,1,0,0,1,0,0,0
630,4804.0,71.0,311.0,25,5066.0,9.0,561.0,0,0,0,0,0,0,0,1,0,0,1,0,0,1,0
2955,1243.0,2.0,229.0,63,579.0,1.9,300.0,0,1,0,0,0,0,0,0,0,0,1,0,1,0,0
2935,58.0,12.0,127.0,191,92.0,1.8,51.0,0,0,0,1,0,0,0,0,0,0,1,0,1,0,0
3346,3312.0,1384.0,389.0,277,3813.0,35.6,107.0,0,0,0,1,0,0,0,0,0,1,1,0,0,1,0
6797,281.0,229.0,178.0,581,723.0,3.9,184.0,0,0,0,1,0,0,0,0,1,0,0,0,0,0,0
7605,859.0,467.0,60.0,-406,857.0,25.2,34.0,0,0,0,0,0,0,0,0,0,1,1,0,0,1,0
1088,11.0,594.0,42.0,82,170.0,10.6,16.0,1,0,0,0,0,0,0,1,0,0,1,0,0,1,0
6887,85.0,0.0,4.0,-83,87.0,21.8,4.0,0,0,0,0,1,0,1,0,0,1,0,0,0,1,0
1399,1937.0,674.0,642.0,707,2217.0,3.0,742.0,0,0,0,1,0,1,1,0,0,1,0,0,0,0,0
3236,2413.0,362.0,255.0,541,2630.0,13.4,197.0,0,0,0,0,0,0,0,0,1,0,0,0,0,1,0
5273,573.0,0.0,43.0,211,71.0,5.1,14.0,0,0,0,0,1,0,0,0,1,0,0,0,0,1,0
8623,865.0,13.0,110.0,382,159.0,9.9,16.0,1,0,0,0,0,1,0,0,1,0,0,0,0,1,0
1663,1988.0,0.0,44.0,-165,449.0,7.6,59.0,1,0,0,0,0,0,1,0,0,0,0,0,0,1,0
3724,833.0,6.0,63.0,-423,1031.0,13.1,79.0,0,0,0,0,0,0,0,0,0,0,1,0,0,1,0
7119,105.0,0.0,82.0,89,426.0,2.2,195.0,0,0,0,0,1,0,0,0,0,1,1,0,1,0,0
5585,247.0,3.0,89.0,-269,339.0,37.7,9.0,0,0,0,1,0,1,0,0,1,0,0,0,0,1,0
1882,809.0,95.0,178.0,-768,356.0,3.3,109.0,0,0,1,0,0,0,1,0,0,0,0,0,0,0,0
7417,413.0,217.0,357.0,-405,289.0,0.7,391.0,0,0,0,0,1,1,0,0,0,0,1,1,0,0,0
7274,23.0,4.0,38.0,795,46.0,9.2,5.0,0,0,0,0,0,0,0,1,0,0,1,0,0,1,0
7220,101.0,54.0,42.0,109,389.0,21.6,18.0,0,0,0,1,0,0,0,0,1,0,0,0,0,1,0
4717,1412.0,0.0,85.0,473,440.0,6.1,72.0,0,0,1,0,0,0,0,1,0,0,1,0,0,1,0
4508,3082.0,0.0,463.0,21,1045.0,8.1,129.0,0,1,0,0,0,0,0,0,1,1,0,0,0,1,0
3086,74.0,131.0,9.0,35,104.0,104.0,1.0,0,0,0,0,1,1,0,0,1,0,0,0,0,1,0
4034,1562.0,333.0,505.0,704,1795.0,7.8,231.0,0,0,0,0,1,0,0,1,0,0,1,0,0,1,0
1998,867.0,59.0,313.0,-263,718.0,3.5,204.0,0,0,0,0,1,0,0,1,0,0,1,0,0,0,0
316,1.0,9.0,13.0,598,6.0,6.0,1.0,0,0,0,0,0,0,0,1,0,0,1,0,0,1,0
7412,803.0,0.0,19.0,-53,209.0,41.8,5.0,1,0,0,0,0,0,0,0,0,0,1,0,0,1,0
698,873.0,30.0,947.0,-435,715.0,2.4,299.0,0,0,0,0,1,0,0,0,1,0,0,0,1,0,0
1604,321.0,0.0,64.0,-340,103.0,0.4,267.0,0,0,0,0,0,0,0,1,0,0,1,1,0,0,0
4153,97.0,0.0,258.0,685,13.0,0.1,100.0,0,0,0,0,0,0,0,0,0,0,1,1,0,0,0
2901,86.0,1193.0,388.0,676,490.0,1.8,267.0,1,0,0,0,0,0,0,0,1,1,0,0,1,0,0
4246,36.0,0.0,74.0,211,27.0,0.9,29.0,1,0,0,0,0,1,0,0,1,0,0,1,0,0,0
3709,3741.0,222.0,591.0,-566,3954.0,7.7,514.0,1,0,0,0,0,0,0,1,0,0,1,0,0,1,0
2278,2327.0,1.0,429.0,49,2052.0,7.2,286.0,0,1,0,0,0,0,1,0,0,1,0,0,0,1,0
8367,1018.0,77.0,117.0,-129,48.0,0.5,89.0,0,1,0,0,0,0,0,0,1,0,0,1,0,0,0
5516,302.0,19.0,375.0,-331,139.0,0.9,155.0,0,0,1,0,0,0,0,0,0,1,1,1,0,0,0
43,340.0,122.0,284.0,-215,84.0,0.2,382.0,0,0,0,0,0,1,0,0,1,0,0,1,0,0,0
4529,6193.0,0.0,717.0,-42,4118.0,12.6,327.0,0,0,0,0,0,0,0,1,0,1,1,0,0,1,0
1603,505.0,398.0,180.0,-158,1278.0,4.8,269.0,0,0,0,0,0,0,0,0,0,1,1,0,0,0,0
1303,209.0,1.0,333.0,-334,228.0,0.7,320.0,1,0,0,0,0,0,0,0,1,0,0,1,0,0,0
5138,1889.0,0.0,186.0,107,883.0,6.3,141.0,0,0,0,0,0,0,0,0,0,1,1,0,0,1,0
6479,20.0,183.0,47.0,487,4.0,0.1,60.0,0,1,0,0,0,0,1,0,0,0,0,1,0,0,0
1726,1132.0,546.0,1102.0,289,1986.0,4.1,485.0,0,0,0,0,0,0,1,0,0,1,0,0,0,0,0
8637,1444.0,105.0,101.0,-155,210.0,4.7,45.0,0,0,0,0,0,0,1,0,0,0,0,0,0,0,0
3027,598.0,12.0,144.0,-157,182.0,1.6,117.0,1,0,0,0,0,0,0,1,0,0,1,0,1,0,0
6349,918.0,0.0,83.0,61,1384.0,230.7,6.0,0,0,0,0,0,0,0,1,0,0,1,0,0,1,0
6364,2990.0,40.0,550.0,-404,1293.0,1.5,878.0,0,1,0,0,0,0,0,0,1,0,0,0,1,0,0
7222,700.0,27.0,59.0,326,265.0,11.5,23.0,1,0,0,0,0,0,0,0,0,0,1,0,0,1,0
8414,357.0,0.0,82.0,-261,221.0,3.5,63.0,0,0,0,0,0,0,0,0,1,0,0,0,0,0,0
5324,671.0,133.0,248.0,27,89.0,0.3,340.0,0,0,0,1,0,0,0,0,1,0,0,1,0,0,0
1672,541.0,1.0,264.0,860,707.0,4.4,160.0,0,0,1,0,0,0,1,0,0,0,0,0,0,0,0
358,371.0,0.0,150.0,-957,146.0,1.3,111.0,0,0,0,0,0,0,0,0,1,0,0,0,1,0,0
3214,854.0,120.0,184.0,-475,538.0,3.2,169.0,0,0,0,1,0,0,0,0,0,0,1,0,0,0,0
4440,642.0,1202.0,415.0,39,1110.0,2.2,505.0,1,0,0,0,0,0,1,0,0,0,0,0,1,0,0
960,352.0,105.0,155.0,396,413.0,59.0,7.0,0,0,0,1,0,0,0,0,0,0,1,0,0,1,0
7877,58.0,28.0,196.0,583,283.0,6.7,42.0,0,0,0,0,0,0,1,0,0,0,0,0,0,1,0
261,2235.0,0.0,742.0,467,1679.0,3.0,558.0,0,0,0,1,0,0,0,0,1,1,0,0,0,0,0
6541,325.0,2.0,23.0,728,245.0,4.8,51.0,0,0,1,0,0,1,0,1,0,1,1,0,0,0,0
4613,455.0,158.0,185.0,396,25.0,0.4,57.0,0,0,0,0,0,0,0,0,0,1,1,1,0,0,0
290,155.0,1440.0,438.0,209,1013.0,11.3,90.0,0,0,0,0,0,0,0,0,0,1,1,0,0,1,0
1785,155.0,613.0,131.0,104,1102.0,45.9,24.0,0,0,0,1,0,0,1,0,0,0,0,0,0,1,0
1514,788.0,0.0,328.0,39,224.0,0.9,253.0,0,0,0,0,1,0,0,1,0,0,1,1,0,0,0
3760,2854.0,7.0,520.0,-867,992.0,2.8,358.0,0,0,0,0,0,0,0,0,1,0,0,0,1,0,0
7763,7.0,106.0,10.0,-308,27.0,27.0,1.0,0,0,1,0,0,0,0,0,0,0,1,0,0,1,0
2367,136.0,42.0,197.0,150,388.0,1.4,274.0,0,0,0,1,0,0,0,0,0,0,1,0,1,0,0
2002,191.0,9.0,149.0,511,22.0,0.4,55.0,1,0,0,0,0,0,1,0,0,0,0,1,0,0,0
631,1307.0,55.0,621.0,-748,881.0,2.4,368.0,1,0,0,0,0,0,0,0,1,0,0,0,1,0,0
7910,4848.0,0.0,563.0,-665,3628.0,13.8,262.0,0,0,0,0,1,1,1,0,0,1,0,0,0,1,0
1420,59.0,0.0,23.0,33,121.0,11.0,11.0,0,0,1,0,0,0,0,0,0,0,1,0,0,1,0
342,264.0,33.0,79.0,-124,69.0,0.4,162.0,0,1,0,0,0,0,0,0,1,1,0,1,0,0,0
3090,464.0,0.0,21.0,355,656.0,656.0,1.0,0,0,0,0,0,0,1,0,0,0,0,0,0,1,0
805,384.0,21.0,181.0,832,507.0,3.4,150.0,0,0,0,0,0,0,0,0,0,0,1,0,0,0,0
8711,287.0,621.0,128.0,-1318,755.0,6.3,119.0,0,0,0,1,0,0,0,0,0,1,1,0,0,1,0
3147,359.0,61.0,125.0,-520,544.0,45.3,12.0,1,0,0,0,0,0,0,0,0,1,1,0,0,1,0
2041,407.0,10.0,33.0,-19,115.0,28.8,4.0,1,0,0,0,0,0,0,0,1,0,0,0,0,1,0
3354,824.0,729.0,310.0,349,1712.0,14.4,119.0,1,0,0,0,0,0,0,0,1,1,0,0,0,1,0
7815,540.0,0.0,41.0,-694,175.0,3.1,56.0,0,0,0,0,0,0,0,0,1,0,0,0,0,0,0
6348,1055.0,0.0,32.0,549,257.0,3.0,87.0,0,0,0,1,0,0,0,0,0,0,1,0,0,0,0
8377,233.0,657.0,61.0,-28,346.0,12.8,27.0,0,0,0,1,0,0,0,1,0,0,1,0,0,1,0
4773,554.0,0.0,657.0,-123,330.0,0.4,803.0,0,0,1,0,0,0,0,0,1,0,0,1,0,0,0
3976,356.0,40.0,353.0,-274,1401.0,10.9,128.0,0,1,0,0,0,0,0,0,1,0,0,0,0,1,0
1927,664.0,0.0,126.0,-154,400.0,3.9,102.0,0,0,0,0,0,0,1,0,0,0,0,0,0,0,0
3991,391.0,64.0,213.0,172,427.0,1.5,287.0,0,0,0,1,0,0,1,0,0,1,0,0,1,0,0
8120,203.0,10.0,70.0,-318,1065.0,6.1,176.0,1,0,0,0,0,0,0,0,1,1,0,0,0,1,0
808,2160.0,121.0,672.0,255,2172.0,6.3,346.0,1,0,0,0,0,0,1,0,0,0,0,0,0,1,0
6624,269.0,757.0,87.0,-423,969.0,31.3,31.0,0,0,0,0,0,0,1,0,0,1,0,0,0,1,0
6711,993.0,221.0,88.0,-190,141.0,2.9,49.0,0,0,0,0,0,0,0,1,0,1,1,0,1,0,0
4786,256.0,0.0,61.0,399,434.0,8.9,49.0,0,1,0,0,0,0,0,1,0,0,1,0,0,1,0
7567,142.0,102.0,256.0,1480,1548.0,31.6,49.0,0,0,0,0,0,0,0,0,1,1,0,0,0,1,0
8660,1934.0,56.0,1135.0,-331,1686.0,0.9,1923.0,0,0,0,0,1,0,0,0,1,0,0,1,0,0,0
3466,5176.0,2.0,957.0,-410,3283.0,4.0,814.0,0,0,0,0,1,0,0,0,1,1,0,0,0,0,0
1249,4455.0,107.0,846.0,213,1681.0,3.4,501.0,1,0,0,0,0,0,0,0,0,0,1,0,0,0,0
5367,73.0,0.0,7.0,-937,69.0,8.6,8.0,0,0,0,0,1,0,0,0,0,1,1,0,0,1,0
5299,1171.0,118.0,668.0,-156,2045.0,4.8,424.0,1,0,0,0,0,1,0,0,1,0,0,0,0,0,0
1449,2394.0,1.0,357.0,-621,1911.0,7.6,253.0,0,0,0,0,0,0,0,1,0,1,1,0,0,1,0
8683,434.0,0.0,211.0,378,334.0,1.9,179.0,0,0,0,0,1,0,0,1,0,0,1,0,1,0,0
6768,1209.0,308.0,465.0,46,2874.0,7.6,377.0,0,0,0,0,0,0,0,0,0,0,1,0,0,1,0
3308,3488.0,306.0,1109.0,154,1576.0,1.6,957.0,0,1,0,0,0,0,0,1,0,1,1,0,1,0,0
3545,3616.0,521.0,828.0,-419,1870.0,5.8,323.0,0,0,0,0,0,0,0,1,0,1,1,0,0,1,0
1755,15.0,0.0,3.0,-506,5.0,1.0,5.0,0,0,0,0,1,0,0,0,1,0,0,1,0,0,0
1283,294.0,422.0,290.0,-300,717.0,1.2,583.0,1,0,0,0,0,0,0,0,1,0,0,0,1,0,0
7528,4156.0,145.0,1115.0,241,3436.0,4.0,866.0,0,0,0,0,1,0,1,0,0,0,0,0,0,0,0
6080,154.0,0.0,43.0,-244,122.0,12.2,10.0,0,0,0,0,1,0,0,0,0,0,1,0,0,1,0
4395,1799.0,16.0,70.0,-240,1167.0,7.2,161.0,0,0,0,0,1,0,1,0,0,0,0,0,0,1,0
4256,738.0,30.0,216.0,378,392.0,0.6,674.0,0,0,0,0,0,0,0,1,0,0,1,1,0,0,0
558,3680.0,65.0,1823.0,400,3065.0,2.0,1559.0,0,0,0,1,0,0,0,1,0,1,1,0,1,0,0
85,194.0,159.0,35.0,136,147.0,18.4,8.0,0,0,0,0,0,0,0,0,1,0,0,0,0,1,0
7694,1040.0,1.0,142.0,27,1280.0,4.3,301.0,1,0,0,0,0,0,0,0,0,1,1,0,0,0,0
7183,4.0,40.0,13.0,-751,41.0,20.5,2.0,0,1,0,0,0,0,1,0,0,1,0,0,0,1,0
5390,2317.0,52.0,386.0,220,1828.0,6.0,304.0,0,0,0,1,0,0,0,1,0,0,1,0,0,1,0
5740,2850.0,0.0,97.0,-288,1368.0,8.7,157.0,0,0,0,0,0,0,0,0,0,1,1,0,0,1,0
6152,925.0,2.0,89.0,-153,440.0,18.3,24.0,0,0,0,0,1,0,0,1,0,1,1,0,0,1,0
8145,1.0,20.0,8.0,111,6.0,2.0,3.0,0,0,0,0,0,0,0,0,0,1,1,0,1,0,0
374,3625.0,896.0,747.0,-124,3732.0,14.8,253.0,0,0,0,1,0,0,0,1,0,0,1,0,0,1,0
6852,265.0,0.0,11.0,322,223.0,55.8,4.0,0,0,0,0,0,0,0,0,1,0,0,0,0,1,0
1993,1.0,102.0,1.0,711,2.0,1.0,2.0,0,0,0,0,1,0,0,0,0,1,1,1,0,0,0
502,3729.0,147.0,613.0,-757,4722.0,27.5,172.0,0,0,0,0,0,0,0,0,1,0,0,0,0,1,0
1225,2049.0,0.0,56.0,-108,966.0,27.6,35.0,0,0,0,1,0,0,0,0,1,0,0,0,0,1,0
15,983.0,0.0,225.0,-109,1166.0,13.0,90.0,0,0,0,0,0,0,1,0,0,0,0,0,0,1,0
3396,1033.0,82.0,350.0,-143,937.0,1.3,716.0,0,1,0,0,0,0,1,0,0,0,0,0,1,0,0
4377,4547.0,1068.0,856.0,109,3758.0,3.3,1140.0,0,0,0,1,0,0,1,0,0,1,0,0,0,0,0
4815,977.0,5.0,263.0,169,509.0,4.4,116.0,0,0,0,0,0,0,0,0,0,0,1,0,0,0,0
2519,518.0,80.0,244.0,191,1398.0,5.6,249.0,0,0,0,0,1,0,1,0,0,0,0,0,0,1,0
1670,1180.0,1.0,321.0,198,1553.0,4.7,333.0,1,0,0,0,0,0,0,1,0,0,1,0,0,0,0
2312,466.0,0.0,39.0,32,442.0,88.4,5.0,0,0,0,0,0,0,0,1,0,0,1,0,0,1,0
781,642.0,0.0,11.0,166,57.0,7.1,8.0,0,0,0,0,0,0,0,0,0,0,1,0,0,1,0
5346,21.0,122.0,302.0,10,235.0,0.5,489.0,0,0,0,0,0,0,0,0,1,1,0,1,0,0,0
8066,2728.0,33.0,384.0,-459,1809.0,2.8,655.0,0,0,1,0,0,0,0,0,0,1,1,0,1,0,0
4333,199.0,4.0,115.0,526,94.0,2.0,47.0,0,0,0,1,0,0,1,0,0,1,0,0,1,0,0
4939,715.0,275.0,109.0,373,151.0,4.4,34.0,1,0,0,0,0,0,1,0,0,0,0,0,0,0,0
3211,657.0,0.0,38.0,-613,199.0,11.1,18.0,0,0,1,0,0,0,0,0,1,0,0,0,0,1,0
7475,161.0,552.0,126.0,-248,435.0,1.4,304.0,1,0,0,0,0,0,1,0,0,0,0,0,1,0,0
3392,309.0,10.0,216.0,83,98.0,1.1,93.0,0,0,0,0,1,0,0,0,1,0,0,0,1,0,0
996,538.0,167.0,233.0,-692,873.0,1.6,544.0,0,0,1,0,0,0,0,0,1,1,0,0,1,0,0
6127,905.0,437.0,118.0,-702,948.0,3.6,263.0,0,0,1,0,0,0,0,0,1,0,0,0,0,0,0
4703,2071.0,1262.0,439.0,-386,4095.0,4.5,905.0,0,0,0,1,0,0,0,0,0,0,1,0,0,0,0
5796,1003.0,3274.0,65.0,-227,2960.0,87.1,34.0,1,0,0,0,0,0,0,0,1,0,0,0,0,1,0
4308,30.0,0.0,8.0,386,32.0,0.7,48.0,0,0,0,0,0,0,1,0,0,0,0,1,0,0,0
4913,2674.0,23.0,229.0,353,2928.0,31.5,93.0,0,0,0,0,1,0,1,0,0,0,0,0,0,1,0
4225,233.0,1.0,25.0,-1065,39.0,39.0,1.0,1,0,0,0,0,0,0,1,0,1,1,0,0,1,0
1996,131.0,791.0,66.0,-351,592.0,26.9,22.0,0,0,0,1,0,0,0,0,1,0,0,0,0,1,0
3757,541.0,0.0,38.0,-102,1057.0,32.0,33.0,0,0,0,0,0,0,1,0,0,1,0,0,0,1,0
3613,458.0,69.0,138.0,-393,467.0,7.1,66.0,0,0,0,1,0,1,1,0,0,1,0,0,0,1,0
7226,224.0,12.0,120.0,-97,107.0,2.6,41.0,0,0,0,0,1,0,0,0,1,0,0,0,1,0,0
3230,114.0,0.0,59.0,806,87.0,0.2,352.0,0,0,0,1,0,0,0,0,1,1,0,1,0,0,0
7942,2031.0,0.0,430.0,155,1144.0,3.1,375.0,0,0,0,0,0,0,0,0,1,0,0,0,0,0,0
2783,1907.0,142.0,416.0,-35,3182.0,12.7,250.0,1,0,0,0,0,0,0,1,0,0,1,0,0,1,0
5974,370.0,87.0,111.0,-180,917.0,22.9,40.0,1,0,0,0,0,0,0,1,0,1,1,0,0,1,0
8728,1112.0,1380.0,241.0,145,914.0,2.7,344.0,0,0,0,0,0,0,1,0,0,0,0,0,1,0,0
158,1888.0,6.0,73.0,-635,896.0,448.0,2.0,0,0,0,0,0,0,0,0,0,0,1,0,0,1,0
5001,6327.0,874.0,418.0,-220,2793.0,9.0,312.0,0,0,0,0,0,0,0,0,1,0,0,0,0,1,0
7639,656.0,183.0,204.0,-260,1086.0,4.9,221.0,0,0,0,0,0,0,0,0,1,0,0,0,0,0,0
3039,3710.0,2.0,964.0,48,2117.0,2.3,914.0,0,0,0,0,1,0,1,0,0,0,0,0,1,0,0
4737,2426.0,59.0,759.0,-172,2056.0,1.9,1071.0,1,0,0,0,0,0,0,1,0,0,1,0,1,0,0
4690,909.0,125.0,316.0,-1069,819.0,1.6,503.0,0,0,1,0,0,0,1,0,0,0,0,0,1,0,0
1153,790.0,0.0,168.0,62,1015.0,19.9,51.0,0,0,0,0,0,0,0,1,0,0,1,0,0,1,0
4984,1210.0,149.0,38.0,-267,1944.0,36.0,54.0,0,0,0,1,0,0,0,0,0,0,1,0,0,1,0
6317,31.0,0.0,40.0,182,52.0,1.7,30.0,1,0,0,0,0,0,1,0,0,0,0,0,1,0,0
2155,1187.0,375.0,626.0,-314,1050.0,3.3,321.0,0,1,0,0,0,0,1,0,0,0,0,0,0,0,0
8307,5066.0,609.0,1130.0,204,2676.0,2.0,1336.0,0,0,0,0,0,0,0,0,0,0,1,0,1,0,0
4107,258.0,302.0,189.0,-926,1224.0,9.7,126.0,0,0,0,0,0,0,1,0,0,1,0,0,0,1,0
2840,124.0,2.0,59.0,74,27.0,0.7,41.0,0,0,0,0,1,0,1,0,0,0,0,1,0,0,0
8489,724.0,6.0,87.0,-438,865.0,432.5,2.0,0,0,0,0,0,0,1,0,0,1,0,0,0,1,0
2135,131.0,0.0,65.0,505,170.0,6.5,26.0,0,0,1,0,0,0,1,0,0,0,0,0,0,1,0
3912,603.0,31.0,913.0,-209,472.0,0.7,645.0,0,0,0,0,1,0,1,0,0,0,0,1,0,0,0
6912,372.0,58.0,268.0,256,288.0,1.6,182.0,0,0,0,0,0,0,1,0,0,0,0,0,1,0,0
1418,39.0,64.0,3.0,153,117.0,117.0,1.0,0,0,0,0,0,0,0,0,0,0,1,0,0,1,0
7584,1754.0,3.0,410.0,-34,1092.0,3.1,353.0,0,0,0,1,0,0,0,0,0,0,1,0,0,0,0
2572,620.0,851.0,599.0,487,2279.0,9.9,230.0,1,0,0,0,0,0,0,0,0,1,1,0,0,1,0
8440,336.0,83.0,53.0,89,1495.0,87.9,17.0,0,0,1,0,0,0,0,0,0,1,1,0,0,1,0
2418,80.0,723.0,103.0,229,218.0,1.2,186.0,0,0,0,1,0,0,0,0,1,0,0,0,1,0,0
407,1009.0,691.0,586.0,167,1152.0,2.7,424.0,1,0,0,0,0,0,0,1,0,0,1,0,1,0,0
5526,100.0,0.0,45.0,-353,73.0,8.1,9.0,0,0,0,0,1,1,0,0,0,0,1,0,0,1,0
3197,770.0,263.0,730.0,-97,1902.0,6.1,312.0,0,0,0,0,0,0,0,0,0,0,1,0,0,1,0
60,1235.0,3.0,337.0,294,1392.0,27.3,51.0,0,0,0,0,1,0,0,0,0,0,1,0,0,1,0
589,3894.0,24.0,759.0,386,7399.0,11.9,622.0,0,1,0,0,0,0,0,0,0,0,1,0,0,1,0
6649,2193.0,1.0,593.0,264,2256.0,4.3,527.0,0,0,0,0,1,0,0,0,1,0,0,0,0,0,0
4789,206.0,1.0,66.0,-163,199.0,4.5,44.0,0,0,0,0,1,0,0,0,1,1,0,0,0,0,0
6426,1522.0,0.0,174.0,-1200,1047.0,104.7,10.0,0,0,0,1,0,0,0,0,0,0,1,0,0,1,0
8674,507.0,0.0,72.0,222,653.0,31.1,21.0,0,0,0,0,0,0,0,0,0,0,1,0,0,1,0
28,1166.0,44.0,766.0,-246,1867.0,2.9,644.0,0,0,0,0,1,0,0,0,1,0,0,0,1,0,0
1975,28.0,3.0,73.0,-9,55.0,1.4,39.0,0,0,0,0,1,0,1,0,0,0,0,0,1,0,0
6572,48.0,115.0,198.0,316,363.0,1.6,230.0,0,0,0,0,1,0,0,1,0,0,1,0,1,0,0
5280,170.0,215.0,51.0,156,198.0,5.8,34.0,0,0,0,0,0,0,1,0,0,1,0,0,0,1,0
5581,319.0,214.0,69.0,-218,765.0,21.2,36.0,0,0,1,0,0,1,0,0,1,1,0,0,0,1,0
7537,677.0,264.0,26.0,-32,1178.0,49.1,24.0,0,1,0,0,0,0,0,0,0,1,1,0,0,1,0
5459,943.0,2.0,462.0,514,615.0,1.4,436.0,1,0,0,0,0,0,0,0,1,1,0,0,1,0,0
5422,206.0,3.0,110.0,212,241.0,2.0,120.0,0,0,0,1,0,0,1,0,0,0,0,0,1,0,0
1687,247.0,0.0,393.0,-341,738.0,2.0,370.0,0,0,0,0,0,0,0,0,1,0,0,0,1,0,0
740,248.0,0.0,46.0,-736,172.0,2.2,80.0,0,0,0,0,0,0,0,1,0,1,1,0,1,0,0
6051,679.0,0.0,76.0,600,251.0,83.7,3.0,0,0,0,0,0,0,0,1,0,0,1,0,0,1,0
1057,3131.0,0.0,1902.0,98,1740.0,0.8,2273.0,0,0,0,0,1,0,0,0,1,0,0,1,0,0,0
2524,410.0,0.0,64.0,-28,222.0,1.0,224.0,0,0,0,0,1,0,0,0,1,0,0,1,0,0,0
3737,1371.0,0.0,707.0,-415,234.0,0.3,872.0,1,0,0,0,0,0,0,1,0,0,1,1,0,0,0
4854,1066.0,207.0,736.0,7,1056.0,1.2,867.0,0,0,0,0,0,0,0,1,0,0,1,0,1,0,0
458,560.0,0.0,28.0,-196,94.0,15.7,6.0,0,0,0,1,0,0,0,1,0,0,1,0,0,1,0
6160,625.0,0.0,116.0,425,896.0,23.0,39.0,0,1,0,0,0,0,0,1,0,0,1,0,0,1,0
1528,1765.0,25.0,233.0,209,545.0,7.7,71.0,0,1,0,0,0,0,0,0,1,0,0,0,0,1,0
7950,381.0,3.0,258.0,-225,176.0,3.9,45.0,1,0,0,0,0,0,1,0,0,0,0,0,0,0,0
5208,3289.0,34.0,538.0,-159,799.0,2.7,296.0,0,0,0,0,0,0,0,0,1,0,0,0,1,0,0
5183,930.0,48.0,766.0,-672,1586.0,1.9,831.0,0,0,0,0,0,1,1,0,0,0,0,0,1,0,0
6580,2145.0,7.0,1277.0,-20,1594.0,2.0,811.0,0,0,1,0,0,0,0,0,0,1,1,0,1,0,0
3914,710.0,3133.0,374.0,-56,4396.0,6.4,689.0,0,0,0,0,0,0,0,0,0,1,1,0,0,1,0
6417,78.0,47.0,29.0,229,126.0,18.0,7.0,0,0,0,0,0,0,1,0,0,1,0,0,0,1,0
6036,93.0,165.0,71.0,-329,150.0,6.0,25.0,1,0,0,0,0,0,0,1,0,0,1,0,0,1,0
2649,2493.0,1.0,256.0,206,1936.0,50.9,38.0,0,0,0,0,0,0,0,1,0,1,1,0,0,1,0
879,2222.0,230.0,385.0,-77,2336.0,9.3,252.0,0,0,0,1,0,0,0,0,0,0,1,0,0,1,0
1134,3509.0,1.0,729.0,170,1872.0,3.8,491.0,0,0,0,0,0,0,0,1,0,1,1,0,0,0,0
7326,934.0,568.0,203.0,-1195,1903.0,8.5,224.0,0,0,0,0,0,0,0,0,0,0,1,0,0,1,0
2253,7557.0,9.0,744.0,-43,2152.0,8.3,259.0,0,0,1,0,0,0,0,0,1,0,0,0,0,1,0
6039,2933.0,147.0,1111.0,211,5433.0,5.3,1019.0,0,0,0,0,1,0,0,0,0,0,1,0,0,1,0
5043,713.0,0.0,18.0,-1091,91.0,2.5,37.0,0,1,0,0,0,0,0,1,0,0,1,0,1,0,0
883,319.0,1188.0,420.0,-1,2544.0,8.7,293.0,0,0,0,0,1,0,1,0,0,0,0,0,0,1,0
6089,2109.0,0.0,341.0,319,1646.0,13.0,127.0,0,0,1,0,0,0,0,0,0,0,1,0,0,1,0
6833,72.0,2231.0,332.0,-475,287.0,1.0,286.0,0,0,0,0,0,1,0,1,0,0,1,1,0,0,0
843,845.0,64.0,273.0,396,639.0,6.2,103.0,0,0,0,1,0,0,0,0,1,0,0,0,0,1,0
3129,424.0,126.0,99.0,-157,278.0,2.8,100.0,0,0,0,0,0,0,0,0,0,0,1,0,1,0,0
6924,11.0,9.0,10.0,338,33.0,33.0,1.0,0,0,0,0,0,0,0,0,0,1,1,0,0,1,0
1712,168.0,1.0,46.0,76,146.0,73.0,2.0,0,0,0,0,1,0,0,1,0,1,1,0,0,1,0
3462,909.0,0.0,36.0,153,421.0,105.2,4.0,0,0,0,0,0,0,0,0,1,0,0,0,0,1,0
2004,6932.0,9.0,1285.0,286,4390.0,8.8,499.0,0,0,0,1,0,1,0,0,0,0,1,0,0,1,0
471,40.0,0.0,21.0,-311,149.0,21.3,7.0,0,0,0,0,0,0,0,0,1,0,0,0,0,1,0
54,122.0,0.0,233.0,-102,220.0,0.7,307.0,0,0,0,0,0,0,0,1,0,0,1,1,0,0,0
6691,321.0,1.0,43.0,313,715.0,16.2,44.0,0,0,0,0,0,0,0,0,0,0,1,0,0,1,0
6110,766.0,51.0,1393.0,358,767.0,0.9,891.0,0,0,1,0,0,1,0,0,1,1,0,1,0,0,0
7212,1864.0,102.0,610.0,-110,623.0,1.3,483.0,0,0,0,0,0,0,0,0,0,0,1,0,1,0,0
4269,908.0,23.0,398.0,122,1289.0,3.9,327.0,0,0,0,1,0,0,0,1,0,0,1,0,0,0,0
8285,119.0,0.0,23.0,477,142.0,6.2,23.0,0,1,0,0,0,0,0,1,0,0,1,0,0,1,0
4448,985.0,893.0,219.0,317,2301.0,6.6,348.0,0,1,0,0,0,0,0,1,0,0,1,0,0,1,0
5501,1212.0,0.0,311.0,74,1315.0,4.7,281.0,1,0,0,0,0,0,1,0,0,0,0,0,0,0,0
2145,429.0,246.0,173.0,209,154.0,6.7,23.0,0,0,0,1,0,0,0,0,1,0,0,0,0,1,0
5370,322.0,0.0,33.0,485,175.0,8.8,20.0,0,0,0,0,0,0,1,0,0,1,0,0,0,1,0
5637,1393.0,229.0,86.0,321,1836.0,40.8,45.0,0,0,0,0,0,0,0,0,1,0,0,0,0,1,0
1256,1327.0,152.0,257.0,-615,1579.0,5.1,310.0,0,0,0,1,0,1,0,0,0,0,1,0,0,1,0
2399,160.0,67.0,32.0,-126,451.0,23.7,19.0,0,0,0,1,0,1,0,1,0,1,1,0,0,1,0
7022,175.0,6.0,181.0,-265,102.0,1.3,77.0,0,0,0,0,0,0,0,0,0,0,1,0,1,0,0
7294,61.0,83.0,115.0,340,833.0,75.7,11.0,0,0,0,1,0,0,0,0,0,0,1,0,0,1,0
5750,2520.0,55.0,321.0,-368,4041.0,19.9,203.0,0,0,0,0,0,0,0,1,0,0,1,0,0,1,0
57,44.0,0.0,8.0,-630,217.0,54.2,4.0,0,0,0,1,0,0,1,0,0,0,0,0,0,1,0
3184,542.0,208.0,364.0,-11,250.0,0.6,409.0,0,0,0,0,0,1,0,0,0,1,1,1,0,0,0
2429,388.0,0.0,12.0,-445,126.0,14.0,9.0,0,1,0,0,0,0,0,1,0,1,1,0,0,1,0
2454,1872.0,2.0,500.0,264,2121.0,2.8,746.0,0,1,0,0,0,0,0,0,1,0,0,0,1,0,0
3848,761.0,1083.0,347.0,421,2139.0,7.8,273.0,0,0,0,0,0,0,0,1,0,1,1,0,0,1,0
2722,8.0,13.0,29.0,213,127.0,6.0,21.0,0,0,0,0,0,0,1,0,0,0,0,0,0,1,0
3120,43.0,0.0,17.0,82,69.0,69.0,1.0,0,0,0,0,1,0,0,0,0,0,1,0,0,1,0
7315,351.0,16.0,267.0,83,1543.0,3.9,395.0,0,0,0,0,0,0,0,0,1,0,0,0,0,0,0
2178,72.0,622.0,45.0,87,82.0,1.4,58.0,0,0,0,1,0,0,0,1,0,1,1,0,1,0,0
4032,3911.0,221.0,538.0,-19,6167.0,26.6,232.0,0,0,0,1,0,0,0,1,0,0,1,0,0,1,0
1827,4216.0,28.0,910.0,-785,1283.0,2.1,610.0,0,0,0,0,0,1,0,1,0,1,1,0,1,0,0
210,4949.0,0.0,422.0,-171,2271.0,8.7,261.0,0,0,0,0,0,0,0,1,0,0,1,0,0,1,0
1805,158.0,1.0,63.0,199,133.0,6.0,22.0,1,0,0,0,0,0,0,0,1,0,0,0,0,1,0
1883,4926.0,99.0,1626.0,-346,4194.0,4.7,890.0,0,0,0,1,0,0,0,0,0,0,1,0,0,0,0
4081,352.0,87.0,213.0,-899,804.0,2.1,392.0,0,0,0,0,0,0,1,0,0,1,0,0,1,0,0
2358,2.0,9.0,20.0,249,2.0,0.2,10.0,0,0,0,1,0,0,1,0,0,1,0,1,0,0,0
7419,47.0,81.0,16.0,-431,265.0,53.0,5.0,0,0,0,0,0,0,1,0,0,1,0,0,0,1,0
606,574.0,0.0,267.0,225,503.0,4.8,104.0,0,0,0,0,0,0,0,1,0,0,1,0,0,0,0
3745,5387.0,2.0,387.0,268,2271.0,3.4,673.0,0,0,0,0,0,0,0,0,0,1,1,0,0,0,0
375,2270.0,32.0,46.0,-205,553.0,27.6,20.0,0,0,0,0,0,0,0,1,0,0,1,0,0,1,0
624,1740.0,211.0,88.0,-211,616.0,14.7,42.0,0,0,0,0,0,1,1,0,0,0,0,0,0,1,0
7656,2939.0,278.0,559.0,-103,2366.0,6.7,355.0,0,0,1,0,0,0,0,0,1,1,0,0,0,1,0
7314,2780.0,0.0,319.0,194,2621.0,65.5,40.0,0,0,0,0,0,0,1,0,0,1,0,0,0,1,0
5157,1443.0,1498.0,87.0,-81,1688.0,15.5,109.0,1,0,0,0,0,0,0,0,0,0,1,0,0,1,0
4958,221.0,0.0,66.0,122,157.0,12.1,13.0,0,0,0,0,1,0,0,0,1,0,0,0,0,1,0
5041,889.0,0.0,332.0,411,772.0,2.2,351.0,0,0,0,0,1,0,0,0,0,0,1,0,1,0,0
1659,777.0,75.0,89.0,-34,749.0,3.8,196.0,1,0,0,0,0,0,0,0,1,1,0,0,0,0,0
3117,18.0,3.0,224.0,785,184.0,1.5,120.0,0,0,0,1,0,0,0,1,0,0,1,0,1,0,0
4728,381.0,64.0,271.0,-296,388.0,1.3,299.0,0,1,0,0,0,0,1,0,0,0,0,0,1,0,0
5604,71.0,0.0,97.0,307,20.0,0.3,68.0,0,0,0,0,0,0,1,0,0,0,0,1,0,0,0
3797,101.0,337.0,53.0,145,335.0,16.8,20.0,0,0,0,0,0,0,0,1,0,1,1,0,0,1,0
1185,558.0,49.0,38.0,-301,362.0,3.9,94.0,0,0,0,1,0,0,0,0,0,0,1,0,0,0,0
1752,646.0,536.0,293.0,104,1261.0,34.1,37.0,1,0,0,0,0,0,1,0,0,1,0,0,0,1,0
1261,126.0,0.0,48.0,175,71.0,14.2,5.0,1,0,0,0,0,0,0,0,1,0,0,0,0,1,0
1782,1514.0,7.0,351.0,585,506.0,1.2,428.0,0,0,0,0,0,0,0,1,0,1,1,0,1,0,0
7888,173.0,0.0,243.0,225,1058.0,3.7,286.0,0,0,0,0,1,0,1,0,0,0,0,0,0,0,0
3660,1484.0,0.0,102.0,-163,1411.0,12.7,111.0,0,0,0,1,0,0,0,1,0,0,1,0,0,1,0
6812,132.0,52.0,169.0,106,333.0,2.0,169.0,0,0,1,0,0,0,0,0,0,0,1,0,1,0,0
8718,1388.0,6.0,299.0,133,724.0,3.5,208.0,0,0,0,0,0,0,0,0,0,0,1,0,0,0,0
3395,84.0,0.0,3.0,369,14.0,14.0,1.0,1,0,0,0,0,0,0,0,1,0,0,0,0,1,0
2230,295.0,450.0,102.0,-415,1798.0,17.0,106.0,0,0,0,1,0,0,0,0,1,1,0,0,0,1,0
5383,2830.0,21.0,265.0,72,2453.0,136.3,18.0,0,0,1,0,0,0,0,1,0,1,1,0,0,1,0
8454,5.0,0.0,38.0,242,4.0,0.2,20.0,0,0,0,0,0,0,1,0,0,0,0,1,0,0,0
8570,2917.0,0.0,398.0,42,259.0,0.3,878.0,0,1,0,0,0,0,0,0,1,1,0,1,0,0,0
819,111.0,0.0,18.0,651,274.0,24.9,11.0,1,0,0,0,0,0,0,1,0,0,1,0,0,1,0
3959,842.0,0.0,317.0,362,152.0,0.3,544.0,0,0,0,0,1,0,0,1,0,0,1,1,0,0,0
7762,5901.0,21.0,169.0,303,4323.0,36.9,117.0,0,0,1,0,0,0,0,0,1,0,0,0,0,1,0
6521,748.0,0.0,69.0,-25,939.0,104.3,9.0,0,0,0,0,0,0,0,0,0,0,1,0,0,1,0
4822,2203.0,1.0,93.0,-114,878.0,7.5,117.0,0,0,0,0,0,0,1,0,0,1,0,0,0,1,0
658,105.0,0.0,36.0,56,166.0,33.2,5.0,0,0,0,0,1,0,0,1,0,1,1,0,0,1,0
7812,870.0,0.0,51.0,-531,506.0,42.2,12.0,1,0,0,0,0,0,0,1,0,0,1,0,0,1,0
563,80.0,74.0,133.0,229,101.0,1.0,104.0,0,0,1,0,0,0,0,1,0,1,1,1,0,0,0
329,4033.0,0.0,807.0,244,1991.0,3.7,537.0,0,0,0,0,0,0,0,0,1,0,0,0,0,0,0
1664,107.0,0.0,9.0,-291,36.0,36.0,1.0,0,0,0,0,1,0,0,1,0,1,1,0,0,1,0
6669,32.0,0.0,94.0,-351,83.0,2.4,34.0,0,0,0,0,1,0,0,0,1,1,0,0,1,0,0
954,1632.0,1.0,100.0,-118,1012.0,12.5,81.0,0,1,0,0,0,0,0,0,0,0,1,0,0,1,0
2266,24.0,67.0,138.0,528,893.0,18.6,48.0,0,0,1,0,0,0,1,0,0,0,0,0,0,1,0
7722,42.0,10.0,38.0,714,282.0,141.0,2.0,0,0,0,1,0,0,0,0,0,0,1,0,0,1,0
7526,4961.0,76.0,851.0,521,4072.0,3.5,1149.0,0,0,0,0,1,0,0,1,0,0,1,0,0,0,0
4868,547.0,1.0,155.0,38,127.0,1.8,72.0,0,0,0,0,0,0,1,0,0,1,0,0,1,0,0
7717,48.0,377.0,251.0,-149,835.0,1.9,442.0,0,0,0,0,1,0,0,0,0,0,1,0,1,0,0
5387,926.0,152.0,476.0,-65,3093.0,3.1,995.0,0,0,0,0,1,0,0,0,1,0,0,0,0,0,0
1652,227.0,0.0,119.0,190,7.0,0.1,109.0,1,0,0,0,0,0,1,0,0,1,0,1,0,0,0
4316,127.0,10.0,18.0,-429,24.0,6.0,4.0,0,0,0,0,0,0,1,0,0,1,0,0,0,1,0
8599,2829.0,495.0,1436.0,-4,4330.0,1.8,2460.0,0,0,0,1,0,0,0,0,1,0,0,0,1,0,0
4410,764.0,75.0,42.0,-262,1578.0,197.2,8.0,0,0,0,0,0,0,0,0,0,0,1,0,0,1,0
2085,360.0,22.0,405.0,457,692.0,1.7,398.0,0,0,0,1,0,0,1,0,0,1,0,0,1,0,0
6940,700.0,101.0,363.0,-240,1029.0,5.0,206.0,0,0,1,0,0,0,1,0,0,0,0,0,0,0,0
2038,2538.0,88.0,521.0,-232,1247.0,10.8,116.0,0,0,0,1,0,0,1,0,0,0,0,0,0,1,0
6289,369.0,436.0,229.0,299,553.0,4.6,120.0,0,0,0,0,0,0,0,1,0,0,1,0,0,0,0
7637,411.0,157.0,260.0,-449,463.0,4.4,106.0,1,0,0,0,0,0,0,0,1,0,0,0,0,0,0
4176,4334.0,0.0,584.0,616,3016.0,9.8,308.0,0,0,0,0,0,0,0,1,0,1,1,0,0,1,0
3634,195.0,0.0,48.0,35,538.0,10.2,53.0,0,0,0,0,1,0,0,0,0,1,1,0,0,1,0
4042,52.0,89.0,21.0,-90,640.0,35.6,18.0,0,0,0,0,1,0,1,0,0,0,0,0,0,1,0
6369,7.0,135.0,15.0,-72,105.0,52.5,2.0,0,0,0,0,0,1,1,0,0,1,0,0,0,1,0
1710,1341.0,73.0,153.0,544,1075.0,153.6,7.0,0,0,0,0,1,0,1,0,0,1,0,0,0,1,0
7695,988.0,0.0,146.0,124,326.0,4.7,69.0,0,0,0,0,0,0,0,0,1,1,0,0,0,0,0
4599,3886.0,69.0,1005.0,615,5246.0,11.1,473.0,1,0,0,0,0,0,0,0,0,0,1,0,0,1,0
5644,2247.0,5.0,506.0,-219,800.0,3.0,267.0,0,0,0,0,0,0,0,1,0,0,1,0,0,0,0
3498,2450.0,57.0,689.0,-132,2064.0,7.5,275.0,0,1,0,0,0,0,0,1,0,0,1,0,0,1,0
7687,350.0,0.0,60.0,76,404.0,57.7,7.0,0,0,0,1,0,0,1,0,0,0,0,0,0,1,0
4700,2387.0,225.0,231.0,-436,2213.0,6.4,344.0,0,0,0,0,0,0,1,0,0,0,0,0,0,1,0
7886,1909.0,0.0,269.0,272,922.0,4.6,201.0,0,0,1,0,0,0,1,0,0,1,0,0,0,0,0
2291,2920.0,553.0,953.0,-120,5193.0,4.4,1169.0,0,0,1,0,0,0,1,0,0,0,0,0,0,0,0
7292,9.0,86.0,11.0,961,138.0,138.0,1.0,0,0,0,1,0,0,0,0,1,0,0,0,0,1,0
5936,1395.0,3.0,562.0,-66,458.0,0.4,1132.0,1,0,0,0,0,0,0,0,0,0,1,1,0,0,0
8191,1794.0,305.0,353.0,-51,2620.0,3.8,683.0,0,0,0,1,0,0,0,1,0,0,1,0,0,0,0
521,429.0,0.0,167.0,13,1226.0,21.9,56.0,0,0,0,0,1,0,0,1,0,1,1,0,0,1,0
2332,7765.0,68.0,1281.0,175,7258.0,11.0,657.0,0,0,0,0,0,0,0,0,0,0,1,0,0,1,0
5308,1076.0,0.0,171.0,-524,854.0,14.7,58.0,1,0,0,0,0,1,1,0,0,1,0,0,0,1,0
4267,1521.0,0.0,308.0,1016,862.0,4.0,218.0,0,0,1,0,0,0,0,0,1,0,0,0,0,0,0
3957,298.0,4.0,191.0,-575,158.0,4.5,35.0,0,0,0,0,1,0,0,0,0,1,1,0,0,0,0
6509,1904.0,37.0,225.0,-1031,2749.0,14.5,189.0,0,0,0,1,0,0,1,0,0,1,0,0,0,1,0
3628,1034.0,7.0,299.0,-45,1046.0,2.8,378.0,0,1,0,0,0,0,0,1,0,1,1,0,1,0,0
3571,2317.0,0.0,511.0,-21,2452.0,3.7,658.0,0,0,0,1,0,0,0,0,1,1,0,0,0,0,0
4914,282.0,418.0,110.0,-411,818.0,51.1,16.0,0,0,0,1,0,0,0,0,1,0,0,0,0,1,0
3701,706.0,2.0,108.0,-395,1560.0,11.7,133.0,0,1,0,0,0,0,0,1,0,1,1,0,0,1,0
6238,213.0,0.0,22.0,715,540.0,24.5,22.0,1,0,0,0,0,0,0,0,1,1,0,0,0,1,0
796,232.0,266.0,39.0,33,79.0,4.4,18.0,0,0,0,1,0,0,1,0,0,1,0,0,0,0,0
4296,244.0,0.0,48.0,91,477.0,119.2,4.0,0,0,0,0,0,0,0,0,0,1,1,0,0,1,0
7691,322.0,239.0,87.0,-24,1129.0,18.8,60.0,0,0,0,0,0,0,1,0,0,0,0,0,0,1,0
4171,1039.0,9.0,802.0,-370,2906.0,4.2,689.0,1,0,0,0,0,1,0,1,0,1,1,0,0,0,0
2956,1249.0,17.0,521.0,627,1193.0,1.7,694.0,0,1,0,0,0,0,0,0,1,0,0,0,1,0,0
2008,577.0,0.0,88.0,11,543.0,9.0,60.0,0,1,0,0,0,0,0,0,1,0,0,0,0,1,0
279,1465.0,45.0,434.0,-99,1101.0,9.6,115.0,0,0,0,0,1,0,0,1,0,0,1,0,0,1,0
7298,613.0,17.0,270.0,-698,2051.0,6.7,306.0,0,0,0,0,1,0,0,1,0,0,1,0,0,1,0
3363,2117.0,46.0,306.0,144,2333.0,5.8,404.0,0,1,0,0,0,0,0,0,1,0,0,0,0,1,0
2769,4477.0,0.0,1391.0,-390,2317.0,2.3,1008.0,0,0,0,0,1,0,0,1,0,0,1,0,1,0,0
5783,85.0,6.0,400.0,331,153.0,0.6,237.0,0,0,0,0,1,0,0,0,1,0,0,1,0,0,0
8136,3678.0,373.0,646.0,-526,3324.0,11.7,285.0,1,0,0,0,0,0,0,1,0,0,1,0,0,1,0
6488,715.0,1227.0,59.0,-369,1325.0,36.8,36.0,1,0,0,0,0,0,1,0,0,0,0,0,0,1,0
1845,54.0,1.0,133.0,-121,50.0,7.1,7.0,0,0,0,0,1,0,0,0,0,0,1,0,0,1,0
7104,1037.0,243.0,596.0,694,1904.0,6.7,286.0,0,0,0,0,0,0,1,0,0,1,0,0,0,1,0
3050,157.0,0.0,134.0,70,335.0,6.8,49.0,1,0,0,0,0,0,0,0,0,0,1,0,0,1,0
1814,2667.0,1.0,1517.0,126,1040.0,1.3,818.0,0,0,1,0,0,0,0,0,0,0,1,0,1,0,0
1699,14.0,10.0,93.0,-326,41.0,5.1,8.0,1,0,0,0,0,0,0,0,0,1,1,0,0,1,0
6061,479.0,1122.0,192.0,-499,126.0,0.4,288.0,0,0,0,1,0,1,1,0,0,1,0,1,0,0,0
7359,43.0,38.0,39.0,-381,192.0,96.0,2.0,0,0,0,0,0,0,0,1,0,0,1,0,0,1,0
5328,64.0,0.0,6.0,836,20.0,0.5,43.0,0,1,0,0,0,0,0,0,1,1,0,1,0,0,0
1250,1229.0,2.0,236.0,315,1910.0,53.1,36.0,0,1,0,0,0,0,0,0,0,0,1,0,0,1,0
1291,21.0,1.0,3.0,-149,13.0,0.9,15.0,1,0,0,0,0,0,0,0,0,0,1,1,0,0,0
1042,3377.0,80.0,933.0,-524,2343.0,2.1,1120.0,0,1,0,0,0,0,0,1,0,0,1,0,1,0,0
6885,1430.0,278.0,552.0,336,1630.0,6.5,251.0,1,0,0,0,0,0,1,0,0,0,0,0,0,1,0
1689,558.0,22.0,13.0,-357,396.0,13.2,30.0,0,0,0,0,1,0,1,0,0,1,0,0,0,1,0
2554,639.0,999.0,289.0,-82,2673.0,5.7,467.0,0,0,0,0,1,0,0,0,0,0,1,0,0,1,0
4002,227.0,471.0,267.0,-364,461.0,6.4,72.0,0,0,0,0,1,0,0,0,0,0,1,0,0,1,0
3179,238.0,0.0,500.0,316,377.0,1.5,258.0,1,0,0,0,0,1,0,1,0,0,1,0,1,0,0
2389,279.0,14.0,35.0,25,747.0,149.4,5.0,0,0,0,1,0,0,0,1,0,1,1,0,0,1,0
3110,1555.0,359.0,456.0,-314,3236.0,15.1,215.0,0,0,1,0,0,1,1,0,0,0,0,0,0,1,0
2770,942.0,7.0,190.0,345,1102.0,13.0,85.0,0,1,0,0,0,0,0,0,1,0,0,0,0,1,0
4115,3954.0,0.0,1385.0,348,1369.0,0.9,1521.0,1,0,0,0,0,0,0,0,1,0,0,1,0,0,0
1299,433.0,31.0,89.0,69,276.0,3.8,72.0,1,0,0,0,0,1,1,0,0,0,0,0,0,0,0
2436,2122.0,25.0,618.0,-150,1060.0,2.2,482.0,0,0,0,0,0,0,0,0,1,0,0,0,1,0,0
1963,484.0,679.0,493.0,-521,563.0,1.2,482.0,0,0,1,0,0,0,1,0,0,0,0,0,1,0,0
135,728.0,91.0,69.0,-472,390.0,12.2,32.0,0,1,0,0,0,0,0,0,1,0,0,0,0,1,0
1869,2403.0,0.0,450.0,-329,2008.0,7.1,282.0,0,0,0,0,1,0,0,0,1,0,0,0,0,1,0
4085,765.0,0.0,39.0,146,599.0,14.6,41.0,0,0,0,0,1,0,0,0,0,0,1,0,0,1,0
1087,329.0,11.0,288.0,-165,280.0,1.3,220.0,0,0,0,0,0,0,0,0,0,0,1,0,1,0,0
6762,2924.0,542.0,588.0,180,4667.0,5.2,905.0,1,0,0,0,0,1,0,0,0,1,1,0,0,1,0
117,924.0,0.0,279.0,-419,874.0,1.8,480.0,0,0,0,1,0,0,0,1,0,0,1,0,1,0,0
1296,535.0,1603.0,254.0,-722,2095.0,6.5,321.0,0,0,0,0,0,0,1,0,0,0,0,0,0,1,0
5389,925.0,0.0,294.0,863,1461.0,9.1,161.0,0,0,0,0,1,0,0,0,1,0,0,0,0,1,0
8719,1237.0,0.0,514.0,289,766.0,2.2,344.0,0,0,0,0,0,0,1,0,0,0,0,0,1,0,0
2933,11.0,202.0,31.0,-22,90.0,22.5,4.0,1,0,0,0,0,0,1,0,0,0,0,0,0,1,0
1595,1348.0,33.0,311.0,11,4088.0,19.3,212.0,0,0,1,0,0,0,0,1,0,1,1,0,0,1,0
7594,388.0,1255.0,669.0,5,3255.0,8.0,405.0,1,0,0,0,0,0,0,0,0,0,1,0,0,1,0
2795,3272.0,0.0,312.0,-547,1140.0,2.1,538.0,0,0,1,0,0,0,0,0,1,1,0,0,1,0,0
8461,980.0,568.0,296.0,657,963.0,1.6,588.0,0,0,0,0,0,0,0,1,0,0,1,0,1,0,0
6365,1498.0,1.0,45.0,208,191.0,7.6,25.0,0,0,0,1,0,0,0,0,1,0,0,0,0,1,0
6151,195.0,0.0,26.0,-706,41.0,0.7,56.0,0,0,0,0,0,0,0,0,1,1,0,1,0,0,0
8691,446.0,118.0,135.0,588,694.0,7.7,90.0,0,0,0,0,0,0,1,0,0,0,0,0,0,1,0
4706,836.0,0.0,109.0,732,132.0,3.1,42.0,0,0,0,0,0,0,1,0,0,1,0,0,0,0,0
3075,1477.0,0.0,612.0,-205,876.0,3.0,291.0,0,0,1,0,0,0,0,0,1,0,0,0,0,0,0
3844,809.0,172.0,254.0,184,1105.0,23.5,47.0,1,0,0,0,0,0,0,0,1,0,0,0,0,1,0
1343,1105.0,97.0,711.0,728,1672.0,3.8,441.0,0,0,0,0,0,0,1,0,0,1,0,0,0,0,0
6443,60.0,81.0,30.0,-237,66.0,2.1,32.0,0,0,0,1,0,0,0,0,1,0,0,0,1,0,0
3454,867.0,24.0,159.0,69,546.0,0.7,752.0,0,0,0,1,0,0,0,1,0,1,1,1,0,0,0
1751,136.0,12.0,33.0,47,128.0,16.0,8.0,0,0,0,1,0,0,1,0,0,0,0,0,0,1,0
7574,1988.0,0.0,226.0,-625,2002.0,11.1,180.0,0,0,0,0,1,0,0,0,1,0,0,0,0,1,0
3584,5.0,1451.0,5.0,457,157.0,4.0,39.0,1,0,0,0,0,0,0,0,1,1,0,0,0,0,0
6621,1165.0,6.0,291.0,291,1800.0,5.8,309.0,0,0,0,0,0,0,0,1,0,0,1,0,0,1,0
1048,235.0,16.0,26.0,-480,429.0,429.0,1.0,0,0,0,0,0,0,0,0,1,0,0,0,0,1,0
1302,412.0,0.0,266.0,-604,33.0,0.2,173.0,0,1,0,0,0,0,0,0,1,1,0,1,0,0,0
5066,3288.0,5.0,501.0,136,2219.0,8.2,269.0,0,0,0,1,0,0,0,0,0,0,1,0,0,1,0
2599,1214.0,66.0,568.0,288,1514.0,3.5,435.0,0,0,0,0,0,0,0,0,0,1,1,0,0,0,0
3708,901.0,27.0,773.0,-228,2464.0,6.9,358.0,0,0,0,0,0,0,1,0,0,0,0,0,0,1,0
6787,402.0,0.0,134.0,424,534.0,3.6,147.0,0,0,0,0,0,0,0,0,1,0,0,0,0,0,0
7205,1108.0,298.0,267.0,177,1297.0,7.2,181.0,0,0,0,0,0,0,1,0,0,0,0,0,0,1,0
8586,911.0,1.0,187.0,-82,126.0,0.7,183.0,1,0,0,0,0,0,0,0,1,0,0,1,0,0,0
1440,948.0,7.0,171.0,-43,1984.0,32.5,61.0,0,0,0,1,0,0,0,0,1,0,0,0,0,1,0
1062,823.0,105.0,30.0,16,1381.0,106.2,13.0,0,1,0,0,0,0,0,0,0,0,1,0,0,1,0
7504,1903.0,13.0,820.0,344,3239.0,9.2,353.0,0,0,0,1,0,1,1,0,0,0,0,0,0,1,0
6446,1655.0,611.0,795.0,814,5724.0,6.0,960.0,1,0,0,0,0,0,0,1,0,0,1,0,0,1,0
1933,4057.0,108.0,1985.0,-62,3379.0,2.7,1274.0,0,0,0,0,1,0,0,0,0,0,1,0,1,0,0
1566,1583.0,1655.0,763.0,-92,1066.0,3.0,353.0,0,0,0,1,0,0,0,0,1,0,0,0,0,0,0
6010,264.0,37.0,107.0,-56,178.0,4.9,36.0,0,0,0,1,0,0,0,1,0,0,1,0,0,0,0
4610,819.0,54.0,398.0,-571,1022.0,3.1,329.0,0,0,0,1,0,0,0,0,0,0,1,0,0,0,0
7312,837.0,0.0,194.0,88,145.0,0.7,222.0,0,0,1,0,0,0,0,0,1,1,0,1,0,0,0
1597,264.0,0.0,112.0,598,122.0,1.5,79.0,0,0,1,0,0,0,0,0,0,0,1,0,1,0,0
3945,905.0,443.0,368.0,-215,715.0,1.5,475.0,0,0,0,0,0,0,0,0,0,1,1,0,1,0,0
900,385.0,566.0,346.0,805,955.0,10.5,91.0,0,0,0,0,0,0,0,0,1,1,0,0,0,1,0
2691,3955.0,7.0,615.0,640,5619.0,7.1,788.0,0,0,0,0,0,0,0,0,1,0,0,0,0,1,0
2384,1240.0,4.0,605.0,-83,851.0,3.1,272.0,0,1,0,0,0,0,0,0,1,1,0,0,0,0,0
8462,2896.0,714.0,453.0,85,2579.0,8.2,316.0,0,0,0,1,0,0,1,0,0,0,0,0,0,1,0
4233,3180.0,54.0,1294.0,-406,5495.0,4.3,1275.0,0,0,0,0,0,0,0,0,0,0,1,0,0,0,0
909,1200.0,0.0,55.0,-279,318.0,6.6,48.0,0,0,0,0,0,0,0,0,1,0,0,0,0,1,0
506,195.0,0.0,13.0,-264,60.0,20.0,3.0,0,1,0,0,0,0,0,1,0,0,1,0,0,1,0
6742,1090.0,3.0,206.0,166,519.0,4.9,106.0,0,0,1,0,0,0,0,0,1,0,0,0,0,0,0
8595,258.0,0.0,33.0,231,577.0,7.5,77.0,0,1,0,0,0,0,0,0,0,0,1,0,0,1,0
6383,1761.0,24.0,420.0,-342,1191.0,3.2,369.0,0,0,0,0,1,0,0,1,0,0,1,0,0,0,0
353,1112.0,1.0,228.0,127,1661.0,276.8,6.0,0,0,0,0,0,0,0,0,0,0,1,0,0,1,0
5428,2630.0,70.0,977.0,-359,2433.0,6.6,368.0,0,0,0,1,0,0,0,0,1,0,0,0,0,1,0
846,30.0,0.0,1.0,-6,2.0,0.2,9.0,0,0,0,0,1,0,0,1,0,0,1,1,0,0,0
508,3348.0,0.0,1397.0,23,705.0,0.6,1154.0,0,0,0,0,1,0,1,0,0,1,0,1,0,0,0
687,2700.0,156.0,549.0,-635,1953.0,2.2,905.0,0,0,0,1,0,0,0,0,0,0,1,0,1,0,0
6832,772.0,18.0,102.0,376,178.0,1.4,131.0,0,0,0,0,0,0,0,0,1,1,0,0,1,0,0
8442,1108.0,612.0,253.0,-438,1316.0,6.1,214.0,0,0,0,1,0,0,1,0,0,1,0,0,0,1,0
3778,1937.0,0.0,417.0,-592,3077.0,19.0,162.0,0,0,0,0,1,0,0,0,1,1,0,0,0,1,0
341,312.0,0.0,5.0,-234,125.0,13.9,9.0,0,0,1,0,0,0,0,0,1,1,0,0,0,1,0
7889,3428.0,970.0,864.0,-85,2762.0,5.8,477.0,0,0,0,0,0,0,0,0,1,0,0,0,0,1,0
146,939.0,1.0,20.0,-657,114.0,3.5,33.0,0,0,0,0,0,0,1,0,0,0,0,0,0,0,0
6819,23.0,0.0,5.0,-75,26.0,4.3,6.0,0,0,0,0,1,0,0,0,0,0,1,0,0,0,0
2717,2922.0,37.0,282.0,110,3221.0,19.9,162.0,0,0,0,0,0,0,0,0,0,0,1,0,0,1,0
6106,1263.0,0.0,1042.0,-214,293.0,0.2,1421.0,0,0,0,0,0,0,0,0,0,1,1,1,0,0,0
3805,1130.0,6.0,480.0,-93,1929.0,3.5,546.0,0,1,0,0,0,0,0,0,0,0,1,0,0,0,0
260,1548.0,685.0,776.0,-371,1566.0,6.3,247.0,0,0,0,0,1,0,1,0,0,0,0,0,0,1,0
4597,573.0,615.0,61.0,116,338.0,5.8,58.0,0,0,0,1,0,0,0,1,0,0,1,0,0,1,0
7145,534.0,39.0,108.0,71,652.0,5.7,115.0,1,0,0,0,0,0,0,0,1,0,0,0,0,1,0
2921,954.0,0.0,341.0,-382,635.0,4.3,146.0,0,1,0,0,0,0,0,0,1,0,0,0,0,0,0
3861,475.0,0.0,48.0,-310,197.0,5.6,35.0,0,0,0,0,0,0,0,0,0,0,1,0,0,1,0
3677,1795.0,227.0,490.0,408,2414.0,3.3,735.0,0,0,0,0,1,0,0,1,0,0,1,0,0,0,0
4169,491.0,45.0,273.0,586,965.0,5.2,184.0,0,1,0,0,0,0,0,1,0,0,1,0,0,1,0
2481,2276.0,31.0,216.0,-646,2204.0,14.2,155.0,0,0,0,1,0,0,1,0,0,1,0,0,0,1,0
5061,652.0,55.0,114.0,-563,765.0,6.7,114.0,0,0,0,0,0,0,0,0,1,0,0,0,0,1,0
4155,280.0,311.0,27.0,53,982.0,33.9,29.0,0,0,0,1,0,0,0,0,1,1,0,0,0,1,0
1031,1383.0,4.0,614.0,-599,1636.0,2.4,679.0,0,0,0,0,0,0,0,0,1,0,0,0,1,0,0
2723,69.0,211.0,137.0,292,286.0,1.8,161.0,0,1,0,0,0,0,1,0,0,1,0,0,1,0,0
4699,12.0,28.0,161.0,-484,48.0,1.0,50.0,0,0,0,0,1,0,0,0,1,0,0,1,0,0,0
2937,288.0,15.0,616.0,-101,598.0,1.1,562.0,0,1,0,0,0,0,0,0,0,0,1,0,1,0,0
5591,24.0,19.0,33.0,-754,58.0,8.3,7.0,0,1,0,0,0,0,0,0,1,0,0,0,0,1,0
8268,3599.0,153.0,876.0,-508,3940.0,5.0,781.0,0,0,0,0,0,0,0,1,0,1,1,0,0,0,0
3480,38.0,37.0,44.0,103,142.0,47.3,3.0,0,0,1,0,0,0,1,0,0,0,0,0,0,1,0
8506,661.0,5.0,148.0,-93,376.0,7.5,50.0,0,0,0,0,0,0,0,0,1,0,0,0,0,1,0
2677,1.0,16.0,14.0,-604,46.0,23.0,2.0,0,0,0,0,0,0,0,1,0,0,1,0,0,1,0
7575,4259.0,3.0,344.0,651,1089.0,6.5,168.0,0,0,0,0,1,0,0,0,0,0,1,0,0,1,0
5191,35.0,716.0,18.0,-56,113.0,22.6,5.0,0,0,0,1,0,0,1,0,0,1,0,0,0,1,0
7242,670.0,4.0,176.0,-125,1186.0,13.3,89.0,0,0,0,0,0,0,0,0,0,0,1,0,0,1,0
45,660.0,227.0,320.0,-82,815.0,2.9,278.0,0,0,0,1,0,0,0,1,0,0,1,0,1,0,0
8698,364.0,42.0,546.0,-77,518.0,1.9,279.0,0,0,0,0,1,0,0,0,1,0,0,0,1,0,0
8758,496.0,146.0,194.0,560,1200.0,16.7,72.0,0,0,0,1,0,0,0,0,0,1,1,0,0,1,0
2211,77.0,0.0,111.0,156,268.0,5.6,48.0,0,0,0,1,0,0,1,0,0,0,0,0,0,1,0
282,1827.0,99.0,407.0,542,2982.0,5.4,555.0,1,0,0,0,0,0,0,1,0,0,1,0,0,1,0
4524,2135.0,0.0,987.0,-18,343.0,0.4,767.0,1,0,0,0,0,0,0,1,0,0,1,1,0,0,0
7441,144.0,61.0,322.0,-188,437.0,4.1,106.0,0,0,0,1,0,0,0,0,0,0,1,0,0,0,0
8469,563.0,612.0,132.0,661,1881.0,36.2,52.0,0,0,0,0,0,0,0,1,0,1,1,0,0,1,0
528,1110.0,0.0,313.0,-168,508.0,2.2,235.0,1,0,0,0,0,0,0,0,1,1,0,0,1,0,0
4735,589.0,100.0,218.0,-179,4052.0,20.2,201.0,0,0,0,0,0,0,1,0,0,1,0,0,0,1,0
4796,5126.0,325.0,1382.0,-259,3114.0,2.2,1431.0,0,0,0,1,0,0,0,0,0,0,1,0,1,0,0
1367,298.0,0.0,383.0,625,578.0,2.3,251.0,0,0,0,0,1,0,0,0,0,1,1,0,1,0,0
5166,726.0,194.0,294.0,56,1337.0,5.5,245.0,0,1,0,0,0,0,0,0,0,0,1,0,0,1,0
2972,203.0,0.0,51.0,174,100.0,6.2,16.0,0,0,0,0,0,0,0,1,0,0,1,0,0,1,0
6825,594.0,24.0,249.0,-98,1418.0,23.2,61.0,0,0,0,0,0,0,0,0,0,1,1,0,0,1,0
4521,901.0,41.0,488.0,-445,1133.0,4.3,266.0,0,0,0,0,1,0,0,1,0,1,1,0,0,0,0
7957,27.0,3.0,2.0,231,125.0,125.0,1.0,0,0,0,0,1,1,0,1,0,1,1,0,0,1,0
4487,1674.0,0.0,230.0,26,132.0,0.4,322.0,0,0,0,0,1,0,0,0,0,0,1,1,0,0,0
1327,83.0,124.0,98.0,-9,457.0,3.2,143.0,0,0,0,0,0,0,0,0,0,0,1,0,0,0,0
4245,936.0,66.0,284.0,347,3575.0,52.6,68.0,0,0,0,0,1,0,1,0,0,1,0,0,0,1,0
2067,503.0,28.0,303.0,203,483.0,3.0,163.0,0,0,0,0,0,0,0,1,0,0,1,0,0,0,0
6374,202.0,57.0,122.0,-249,148.0,0.8,180.0,0,0,0,1,0,0,0,1,0,1,1,1,0,0,0
7308,780.0,5.0,643.0,231,601.0,1.8,327.0,0,0,0,0,0,0,0,1,0,0,1,0,1,0,0
4541,1687.0,1.0,149.0,129,480.0,7.0,69.0,0,0,0,0,0,0,0,1,0,1,1,0,0,1,0
3248,2842.0,570.0,522.0,36,7198.0,28.9,249.0,0,1,0,0,0,0,0,0,0,0,1,0,0,1,0
5002,114.0,143.0,12.0,-518,388.0,64.7,6.0,1,0,0,0,0,0,0,0,0,0,1,0,0,1,0
3055,2113.0,0.0,100.0,313,2179.0,109.0,20.0,1,0,0,0,0,1,0,0,1,0,0,0,0,1,0
529,102.0,0.0,30.0,352,35.0,8.8,4.0,1,0,0,0,0,0,0,0,0,0,1,0,0,1,0
834,1076.0,290.0,262.0,-182,3284.0,53.0,62.0,0,0,0,0,0,0,1,0,0,1,0,0,0,1,0
8361,2500.0,136.0,760.0,45,2060.0,2.6,807.0,0,0,0,0,0,0,0,0,0,1,1,0,1,0,0
7254,18.0,357.0,66.0,-74,822.0,205.5,4.0,1,0,0,0,0,0,1,0,0,0,0,0,0,1,0
7219,939.0,6.0,290.0,656,1532.0,3.9,389.0,0,0,0,0,0,0,0,0,0,0,1,0,0,0,0
7388,171.0,148.0,167.0,-480,752.0,11.2,67.0,0,0,0,0,1,0,0,0,0,0,1,0,0,1,0
1743,1117.0,0.0,120.0,234,234.0,15.6,15.0,0,1,0,0,0,0,1,0,0,1,0,0,0,1,0
839,949.0,24.0,434.0,439,2150.0,9.1,237.0,0,0,0,0,0,0,1,0,0,0,0,0,0,1,0
5098,1697.0,107.0,338.0,287,1715.0,24.5,70.0,1,0,0,0,0,0,0,1,0,0,1,0,0,1,0
3427,386.0,547.0,365.0,-54,514.0,0.9,569.0,0,0,0,0,1,0,0,1,0,0,1,1,0,0,0
3761,2064.0,1.0,493.0,361,2434.0,11.0,221.0,1,0,0,0,0,0,0,0,0,0,1,0,0,1,0
8656,345.0,0.0,139.0,-155,303.0,5.7,53.0,0,0,0,0,0,0,0,0,0,0,1,0,0,1,0
6944,2295.0,1029.0,713.0,200,432.0,1.6,264.0,0,0,0,1,0,0,0,0,0,0,1,0,1,0,0
291,304.0,13.0,214.0,269,385.0,1.5,263.0,0,0,0,0,0,0,0,1,0,0,1,0,1,0,0
6150,273.0,160.0,212.0,556,703.0,10.3,68.0,1,0,0,0,0,0,0,1,0,0,1,0,0,1,0
6875,1216.0,0.0,413.0,-519,1668.0,31.5,53.0,0,0,1,0,0,0,0,0,1,0,0,0,0,1,0
2385,108.0,33.0,5.0,317,101.0,5.0,20.0,0,0,0,0,1,0,0,0,0,0,1,0,0,0,0
2494,718.0,14.0,277.0,524,962.0,15.8,61.0,0,0,0,0,0,0,0,0,0,1,1,0,0,1,0
7191,275.0,3.0,201.0,305,752.0,2.3,334.0,0,0,0,0,1,0,0,1,0,0,1,0,1,0,0
6859,520.0,290.0,182.0,-409,269.0,2.5,107.0,0,0,0,1,0,0,1,0,0,1,0,0,1,0,0
4046,3333.0,1153.0,562.0,12,2609.0,5.0,520.0,0,0,1,0,0,1,1,0,0,1,0,0,0,0,0
3953,3187.0,36.0,464.0,349,2144.0,6.0,358.0,0,0,0,1,0,1,0,1,0,0,1,0,0,1,0
6698,378.0,0.0,144.0,38,634.0,4.5,142.0,0,0,0,0,0,0,0,0,0,0,1,0,0,0,0
8441,6481.0,10.0,527.0,15,2427.0,5.3,455.0,0,0,0,1,0,0,1,0,0,0,0,0,0,1,0
7995,77.0,204.0,91.0,142,219.0,3.4,65.0,1,0,0,0,0,0,0,0,1,0,0,0,0,0,0
3971,1295.0,21.0,217.0,-510,901.0,11.3,80.0,0,0,0,0,1,0,1,0,0,0,0,0,0,1,0
6389,199.0,4.0,7.0,645,153.0,25.5,6.0,0,0,0,0,0,0,0,1,0,0,1,0,0,1,0
8723,7934.0,43.0,511.0,505,6110.0,16.0,382.0,0,0,1,0,0,0,1,0,0,1,0,0,0,1,0
3015,1312.0,458.0,265.0,-369,2606.0,68.6,38.0,0,0,0,1,0,0,0,0,0,0,1,0,0,1,0
5008,171.0,3.0,335.0,602,494.0,3.4,146.0,0,0,0,0,1,0,0,0,0,0,1,0,0,0,0
6722,2119.0,1.0,953.0,790,812.0,1.3,608.0,0,0,0,0,1,0,0,0,1,1,0,0,1,0,0
3391,550.0,0.0,175.0,-425,279.0,1.2,224.0,1,0,0,0,0,1,0,0,0,0,1,0,1,0,0
4311,488.0,91.0,106.0,165,451.0,6.9,65.0,0,0,0,0,0,0,1,0,0,0,0,0,0,1,0
7931,15.0,9.0,26.0,-134,43.0,2.0,21.0,1,0,0,0,0,0,0,0,1,0,0,0,1,0,0
179,6813.0,0.0,1803.0,-134,3721.0,2.0,1868.0,0,0,0,0,0,0,1,0,0,0,0,0,1,0,0
7938,1175.0,22.0,208.0,687,276.0,1.6,173.0,1,0,0,0,0,0,0,1,0,1,1,0,1,0,0
4451,1343.0,182.0,421.0,-412,3725.0,7.7,484.0,0,0,0,0,1,1,0,0,0,0,1,0,0,1,0
8594,38.0,0.0,16.0,202,14.0,0.4,33.0,0,0,0,0,1,0,0,1,0,0,1,1,0,0,0
5878,20.0,0.0,20.0,-379,9.0,9.0,1.0,1,0,0,0,0,0,0,0,0,1,1,0,0,1,0
7821,271.0,21.0,107.0,-398,221.0,3.4,65.0,0,0,0,0,0,0,0,0,0,0,1,0,0,0,0
8427,13.0,0.0,3.0,-385,89.0,29.7,3.0,0,0,0,0,0,0,0,0,0,0,1,0,0,1,0
4011,1978.0,0.0,293.0,108,916.0,6.5,140.0,0,0,0,0,1,0,0,1,0,1,1,0,0,1,0
322,1402.0,616.0,846.0,972,2828.0,1.9,1490.0,0,1,0,0,0,1,1,0,0,0,0,0,1,0,0
1903,2243.0,42.0,565.0,-521,797.0,2.1,375.0,0,0,0,0,0,0,0,1,0,0,1,0,1,0,0
7128,389.0,105.0,343.0,-137,746.0,4.3,173.0,0,0,0,1,0,0,0,0,1,0,0,0,0,0,0
6973,922.0,582.0,719.0,-752,1845.0,5.2,353.0,0,0,0,0,1,0,0,1,0,1,1,0,0,1,0
7829,279.0,0.0,145.0,99,58.0,0.3,173.0,1,0,0,0,0,0,0,1,0,1,1,1,0,0,0
2061,234.0,0.0,36.0,396,202.0,28.9,7.0,1,0,0,0,0,0,0,1,0,0,1,0,0,1,0
5087,41.0,0.0,42.0,268,5.0,0.1,37.0,0,0,0,0,1,0,0,1,0,1,1,1,0,0,0
8271,618.0,494.0,720.0,-205,1791.0,4.5,394.0,0,0,1,0,0,0,0,1,0,1,1,0,0,0,0
1851,18.0,3.0,31.0,523,87.0,1.1,82.0,0,0,0,0,0,0,1,0,0,0,0,0,1,0,0
7356,4897.0,79.0,722.0,398,3334.0,7.8,425.0,0,0,0,0,0,1,0,1,0,0,1,0,0,1,0
118,302.0,12.0,104.0,21,480.0,13.7,35.0,0,0,0,0,0,0,0,0,0,1,1,0,0,1,0
1593,158.0,92.0,202.0,-808,40.0,0.2,229.0,0,0,0,1,0,1,0,1,0,1,1,1,0,0,0
7442,378.0,0.0,92.0,-126,101.0,0.3,309.0,0,0,0,0,1,0,0,0,0,0,1,1,0,0,0
1829,274.0,4099.0,82.0,-774,446.0,17.8,25.0,0,0,0,0,0,1,0,0,1,0,0,0,0,1,0
7059,432.0,0.0,225.0,-386,529.0,4.0,132.0,0,0,0,0,1,0,0,0,1,0,0,0,0,0,0
1592,244.0,397.0,551.0,964,843.0,3.5,242.0,0,0,0,1,0,0,1,0,0,0,0,0,0,0,0
5451,5443.0,543.0,1290.0,-607,4211.0,3.7,1143.0,1,0,0,0,0,0,0,0,0,0,1,0,0,0,0
5165,802.0,0.0,117.0,311,1088.0,7.1,153.0,0,0,0,0,0,0,0,0,0,1,1,0,0,1,0
1000,2763.0,0.0,469.0,93,1395.0,19.1,73.0,0,1,0,0,0,0,0,0,0,0,1,0,0,1,0
7589,3141.0,0.0,128.0,310,1710.0,122.1,14.0,0,0,0,0,0,0,0,0,0,0,1,0,0,1,0
8039,1755.0,2031.0,481.0,91,2069.0,12.8,162.0,0,0,0,1,0,0,1,0,0,0,0,0,0,1,0
1226,1198.0,397.0,59.0,136,278.0,5.7,49.0,0,0,0,0,0,0,0,0,1,0,0,0,0,1,0
5420,1127.0,0.0,248.0,900,4063.0,145.1,28.0,0,1,0,0,0,0,1,0,0,1,0,0,0,1,0
7349,244.0,0.0,210.0,-369,1294.0,14.7,88.0,0,0,0,0,0,0,0,0,0,0,1,0,0,1,0
8629,4258.0,5.0,1665.0,410,2493.0,2.3,1081.0,0,0,0,0,0,0,0,0,0,0,1,0,1,0,0
2533,43.0,0.0,24.0,180,5.0,0.8,6.0,0,0,0,0,1,0,0,1,0,0,1,1,0,0,0
7299,677.0,10.0,132.0,-584,87.0,0.2,387.0,0,0,0,0,0,0,1,0,0,0,0,1,0,0,0
4326,357.0,44.0,51.0,-745,560.0,22.4,25.0,1,0,0,0,0,0,0,0,0,1,1,0,0,1,0
5712,355.0,79.0,586.0,595,755.0,0.9,852.0,0,0,0,1,0,0,0,0,0,0,1,1,0,0,0
3632,157.0,306.0,70.0,-764,507.0,8.7,58.0,0,0,0,0,1,0,0,1,0,0,1,0,0,1,0
272,1243.0,1139.0,578.0,-615,3084.0,4.2,731.0,0,0,0,1,0,0,0,1,0,0,1,0,0,0,0
207,3295.0,0.0,299.0,-84,3317.0,32.2,103.0,0,1,0,0,0,0,0,0,0,0,1,0,0,1,0
2375,1328.0,1.0,451.0,448,339.0,1.9,178.0,0,1,0,0,0,0,0,0,1,1,0,0,1,0,0
745,175.0,0.0,202.0,553,9.0,0.1,61.0,0,0,0,0,0,0,0,0,1,0,0,1,0,0,0
2306,798.0,1474.0,143.0,-119,1150.0,12.5,92.0,0,0,0,1,0,1,0,0,1,0,0,0,0,1,0
4068,826.0,64.0,425.0,-259,1557.0,5.9,264.0,0,0,0,0,1,0,1,0,0,0,0,0,0,1,0
4021,5341.0,11.0,697.0,31,4306.0,11.7,367.0,0,0,0,1,0,0,0,1,0,0,1,0,0,1,0
8175,1510.0,14.0,195.0,-58,787.0,5.1,155.0,0,0,1,0,0,0,0,1,0,1,1,0,0,1,0
7684,273.0,88.0,222.0,-110,283.0,2.3,124.0,1,0,0,0,0,0,1,0,0,0,0,0,1,0,0
8523,73.0,0.0,7.0,214,56.0,7.0,8.0,0,0,0,1,0,0,0,1,0,1,1,0,0,1,0
4027,2852.0,12.0,642.0,-5,4145.0,5.7,723.0,0,0,0,1,0,0,0,0,0,0,1,0,0,1,0
2098,3051.0,860.0,692.0,-558,1960.0,6.5,300.0,0,0,0,1,0,0,1,0,0,0,0,0,0,1,0
4628,226.0,0.0,2.0,-6,36.0,36.0,1.0,0,0,0,1,0,0,1,0,0,0,0,0,0,1,0
7891,3.0,12.0,9.0,-667,66.0,7.3,9.0,1,0,0,0,0,0,0,0,0,1,1,0,0,1,0
447,754.0,4.0,77.0,557,736.0,3.6,206.0,0,0,1,0,0,0,0,0,0,0,1,0,0,0,0
8177,848.0,95.0,227.0,-27,257.0,0.8,340.0,1,0,0,0,0,0,0,1,0,1,1,1,0,0,0
5531,882.0,3.0,114.0,-210,88.0,0.7,135.0,0,0,0,0,0,0,0,0,1,0,0,1,0,0,0
3192,1437.0,3.0,131.0,-157,1444.0,10.2,141.0,0,0,0,1,0,0,0,0,0,1,1,0,0,1,0
3375,2104.0,33.0,455.0,3,1490.0,11.0,135.0,0,0,0,1,0,0,0,0,1,1,0,0,0,1,0
1678,415.0,397.0,197.0,-25,739.0,3.0,244.0,0,0,1,0,0,0,0,1,0,1,1,0,0,0,0
4510,2831.0,1.0,831.0,-194,971.0,1.4,700.0,0,0,0,0,1,0,0,0,1,0,0,0,1,0,0
7482,458.0,3.0,65.0,179,40.0,0.4,89.0,0,0,1,0,0,0,0,1,0,1,1,1,0,0,0
112,1364.0,2.0,173.0,-518,638.0,4.2,152.0,0,0,0,0,0,0,0,1,0,0,1,0,0,0,0
6949,2095.0,7.0,372.0,9,793.0,1.4,557.0,0,0,1,0,0,0,0,1,0,0,1,0,1,0,0
6444,1996.0,0.0,434.0,15,742.0,3.2,235.0,0,0,0,0,1,0,0,0,1,0,0,0,0,0,0
1265,6.0,41.0,6.0,84,70.0,70.0,1.0,0,0,0,0,1,0,0,0,1,0,0,0,0,1,0
1071,103.0,0.0,16.0,525,32.0,6.4,5.0,0,0,0,1,0,0,0,1,0,0,1,0,0,1,0
2615,310.0,64.0,229.0,-651,95.0,0.3,357.0,1,0,0,0,0,0,1,0,0,1,0,1,0,0,0
8222,2022.0,1.0,300.0,-221,1938.0,23.9,81.0,0,0,0,0,0,0,0,0,0,0,1,0,0,1,0
2504,1503.0,1.0,870.0,-573,2995.0,5.3,569.0,0,0,0,0,0,0,0,0,1,0,0,0,0,1,0
3707,1842.0,3.0,902.0,-284,1666.0,2.7,608.0,1,0,0,0,0,0,0,0,0,0,1,0,1,0,0
530,955.0,0.0,68.0,18,652.0,14.5,45.0,0,0,0,0,0,0,0,0,0,0,1,0,0,1,0
1793,32.0,0.0,103.0,-6,132.0,1.9,69.0,0,1,0,0,0,0,0,1,0,0,1,0,1,0,0
7208,6302.0,38.0,1239.0,39,2108.0,2.1,1026.0,0,0,0,0,1,0,1,0,0,0,0,0,1,0,0
7568,1070.0,2.0,297.0,-416,388.0,2.1,181.0,0,0,1,0,0,0,1,0,0,0,0,0,1,0,0
5979,1345.0,1.0,1101.0,216,1999.0,3.0,662.0,0,0,0,0,0,0,0,0,1,0,0,0,0,0,0
1898,2410.0,1739.0,395.0,-300,4132.0,35.3,117.0,0,0,0,1,0,0,0,1,0,1,1,0,0,1,0
7069,2238.0,3.0,648.0,245,2076.0,2.3,891.0,0,0,0,0,1,0,0,1,0,0,1,0,1,0,0
4901,1084.0,0.0,106.0,-67,36.0,0.7,55.0,0,0,1,0,0,0,0,0,1,0,0,1,0,0,0
2772,1626.0,138.0,156.0,293,1266.0,6.4,198.0,0,0,0,0,0,0,0,1,0,0,1,0,0,1,0
3845,444.0,7.0,542.0,80,905.0,2.4,379.0,0,0,1,0,0,0,0,0,1,1,0,0,1,0,0
7744,146.0,1.0,4.0,493,13.0,13.0,1.0,0,0,0,0,0,1,0,0,0,1,1,0,0,1,0
2043,181.0,819.0,94.0,-149,366.0,19.3,19.0,0,0,0,1,0,0,1,0,0,0,0,0,0,1,0
1384,467.0,70.0,131.0,548,165.0,3.1,53.0,0,0,0,0,0,0,1,0,0,1,0,0,0,0,0
8394,2858.0,27.0,581.0,395,5590.0,14.3,390.0,0,1,0,0,0,0,0,1,0,0,1,0,0,1,0
7280,883.0,0.0,41.0,-103,294.0,14.7,20.0,0,0,1,0,0,0,0,0,0,0,1,0,0,1,0
314,378.0,13.0,37.0,-246,181.0,5.5,33.0,0,0,0,0,0,0,0,0,1,1,0,0,0,1,0
6155,2240.0,0.0,743.0,661,164.0,0.4,424.0,0,0,0,0,0,0,1,0,0,1,0,1,0,0,0
6121,196.0,4.0,95.0,536,1048.0,7.2,146.0,0,0,0,0,1,0,0,0,1,1,0,0,0,1,0
7252,129.0,1.0,11.0,587,92.0,30.7,3.0,0,1,0,0,0,0,1,0,0,1,0,0,0,1,0
2737,0.0,0.0,28.0,319,1.0,0.2,4.0,0,0,0,0,0,0,0,0,0,1,1,1,0,0,0
5755,2.0,1.0,10.0,-276,12.0,12.0,1.0,0,0,0,0,0,0,0,0,1,0,0,0,0,1,0
8365,3238.0,106.0,491.0,-481,1791.0,4.7,381.0,0,0,0,0,1,0,0,0,0,0,1,0,0,0,0
324,391.0,20.0,241.0,162,1196.0,1.9,622.0,0,1,0,0,0,1,0,0,1,0,0,0,1,0,0
2882,2912.0,0.0,703.0,1124,571.0,1.0,566.0,0,0,0,0,1,0,0,1,0,0,1,1,0,0,0
6551,1511.0,1.0,401.0,-311,1767.0,4.4,398.0,0,0,0,0,0,0,0,1,0,1,1,0,0,0,0
1366,211.0,0.0,270.0,-746,87.0,0.5,177.0,0,0,0,1,0,0,0,0,1,0,0,1,0,0,0
3849,532.0,0.0,5.0,-140,287.0,143.5,2.0,0,0,0,0,1,0,0,0,1,1,0,0,0,1,0
3875,1355.0,0.0,47.0,87,632.0,10.5,60.0,1,0,0,0,0,0,1,0,0,1,0,0,0,1,0
6103,121.0,1.0,85.0,-318,4.0,0.1,40.0,0,0,0,0,1,0,0,0,0,1,1,1,0,0,0
6567,173.0,5.0,27.0,-82,982.0,16.1,61.0,0,0,0,0,1,0,1,0,0,1,0,0,0,1,0
8734,173.0,294.0,73.0,-750,634.0,12.2,52.0,0,0,0,1,0,0,0,0,1,0,0,0,0,1,0
8257,2384.0,2012.0,474.0,-693,3077.0,5.1,607.0,1,0,0,0,0,0,1,0,0,0,0,0,0,1,0
3070,212.0,4.0,140.0,-146,40.0,0.9,46.0,0,0,0,0,0,0,0,1,0,0,1,1,0,0,0
8050,145.0,21.0,104.0,-26,78.0,3.5,22.0,0,0,0,0,0,0,0,0,1,1,0,0,0,0,0
1647,1118.0,26.0,213.0,-630,957.0,4.7,204.0,0,0,0,0,0,0,0,1,0,0,1,0,0,0,0
6663,408.0,577.0,191.0,664,1437.0,8.6,167.0,0,0,0,0,0,0,0,1,0,1,1,0,0,1,0
6056,1947.0,12.0,992.0,388,1080.0,2.4,449.0,0,0,0,0,1,0,0,0,0,0,1,0,1,0,0
5380,267.0,541.0,84.0,-34,540.0,9.6,56.0,0,0,0,0,1,0,0,0,1,0,0,0,0,1,0
5178,1129.0,49.0,584.0,621,2189.0,6.3,345.0,0,0,0,1,0,1,0,1,0,0,1,0,0,1,0
4910,1462.0,116.0,535.0,-414,340.0,0.4,783.0,1,0,0,0,0,0,0,0,1,1,0,1,0,0,0
8652,1870.0,6.0,1051.0,-18,1657.0,1.7,967.0,0,0,0,0,0,0,0,0,1,0,0,0,1,0,0
3780,68.0,0.0,6.0,315,13.0,0.4,29.0,0,0,0,0,0,0,1,0,0,0,0,1,0,0,0
7943,108.0,0.0,85.0,794,11.0,2.8,4.0,0,0,0,0,0,0,1,0,0,0,0,0,1,0,0
8313,95.0,33.0,120.0,189,1335.0,26.2,51.0,0,0,0,0,1,0,1,0,0,0,0,0,0,1,0
8150,2186.0,0.0,134.0,-43,1266.0,22.2,57.0,0,0,0,0,0,0,0,0,1,1,0,0,0,1,0
2522,244.0,1872.0,89.0,-522,419.0,3.3,126.0,0,0,0,0,0,0,0,1,0,0,1,0,0,0,0
7917,809.0,0.0,120.0,117,616.0,8.2,75.0,0,0,0,0,0,0,1,0,0,1,0,0,0,1,0
4859,414.0,0.0,74.0,134,393.0,26.2,15.0,0,0,0,0,0,0,0,0,1,0,0,0,0,1,0
943,525.0,881.0,959.0,-292,2149.0,1.7,1269.0,0,0,0,0,0,1,1,0,0,1,0,0,1,0,0
4514,49.0,186.0,67.0,110,882.0,147.0,6.0,1,0,0,0,0,0,1,0,0,0,0,0,0,1,0
4023,290.0,1634.0,227.0,24,1572.0,4.9,324.0,0,0,1,0,0,0,0,1,0,1,1,0,0,0,0
2408,2324.0,5.0,524.0,-127,1724.0,3.4,502.0,0,0,0,0,0,0,1,0,0,0,0,0,0,0,0
7920,472.0,1249.0,138.0,-255,452.0,2.0,221.0,1,0,0,0,0,0,0,0,0,1,1,0,1,0,0
4242,327.0,26.0,191.0,519,103.0,0.4,230.0,0,0,0,1,0,1,1,0,0,0,0,1,0,0,0
4157,1458.0,615.0,330.0,61,1505.0,5.2,289.0,1,0,0,0,0,0,1,0,0,1,0,0,0,1,0
8296,1164.0,194.0,211.0,191,1437.0,15.5,93.0,1,0,0,0,0,0,0,0,0,0,1,0,0,1,0
2045,1246.0,18.0,629.0,990,454.0,2.5,185.0,0,0,0,1,0,0,0,0,1,0,0,0,1,0,0
79,303.0,5.0,111.0,-154,726.0,19.6,37.0,0,0,0,0,0,0,1,0,0,1,0,0,0,1,0
8617,56.0,56.0,10.0,364,412.0,137.3,3.0,1,0,0,0,0,0,1,0,0,0,0,0,0,1,0
1447,332.0,80.0,47.0,295,952.0,14.4,66.0,0,1,0,0,0,0,0,0,1,1,0,0,0,1,0
8661,1315.0,0.0,172.0,-154,1245.0,7.9,158.0,0,0,0,0,1,0,0,0,0,0,1,0,0,1,0
7732,25.0,25.0,43.0,385,58.0,2.2,26.0,0,0,0,0,0,0,0,0,1,0,0,0,1,0,0
2507,5659.0,5.0,1157.0,147,2782.0,2.5,1106.0,0,0,0,1,0,0,0,0,1,1,0,0,1,0,0
2900,10.0,192.0,70.0,-370,399.0,8.7,46.0,1,0,0,0,0,0,0,0,1,0,0,0,0,1,0
3662,499.0,2053.0,285.0,468,1610.0,6.9,234.0,0,0,0,1,0,0,0,1,0,0,1,0,0,1,0
4983,883.0,42.0,106.0,89,659.0,22.7,29.0,0,0,0,1,0,0,0,1,0,0,1,0,0,1,0
5869,317.0,1.0,36.0,-135,109.0,2.7,41.0,0,0,0,0,0,0,0,1,0,0,1,0,1,0,0
6761,1008.0,19.0,871.0,-273,1278.0,6.9,185.0,0,0,0,0,0,0,0,0,0,1,1,0,0,1,0
4852,224.0,10.0,62.0,268,213.0,3.0,71.0,0,1,0,0,0,0,0,1,0,0,1,0,0,0,0
6146,534.0,1709.0,143.0,-373,782.0,48.9,16.0,0,0,0,1,0,0,1,0,0,0,0,0,0,1,0
4193,1054.0,974.0,343.0,-964,1073.0,19.2,56.0,1,0,0,0,0,0,1,0,0,0,0,0,0,1,0
8371,4373.0,3.0,547.0,-555,2469.0,6.3,393.0,0,0,0,0,0,0,0,1,0,0,1,0,0,1,0
6310,486.0,0.0,55.0,428,285.0,23.8,12.0,0,0,0,0,1,0,0,1,0,0,1,0,0,1,0
8192,100.0,45.0,112.0,334,264.0,12.0,22.0,0,1,0,0,0,0,1,0,0,0,0,0,0,1,0
3365,1585.0,152.0,620.0,394,1354.0,1.9,729.0,0,0,0,0,0,0,0,1,0,0,1,0,1,0,0
7443,1644.0,0.0,581.0,-235,411.0,1.9,214.0,0,0,0,1,0,0,0,0,1,0,0,0,1,0,0
2499,243.0,10.0,173.0,352,30.0,0.1,357.0,1,0,0,0,0,0,0,1,0,1,1,1,0,0,0
3325,698.0,1.0,213.0,-349,591.0,9.8,60.0,0,0,1,0,0,0,0,1,0,1,1,0,0,1,0
2763,0.0,1.0,2.0,-738,3.0,0.4,7.0,1,0,0,0,0,0,0,0,0,0,1,1,0,0,0
7661,515.0,448.0,61.0,-41,1744.0,56.3,31.0,1,0,0,0,0,0,1,0,0,0,0,0,0,1,0
1016,2622.0,281.0,504.0,302,1279.0,2.3,563.0,0,0,0,0,0,0,0,0,0,0,1,0,1,0,0
2164,706.0,2.0,41.0,-35,223.0,3.0,74.0,0,0,0,1,0,0,0,0,0,0,1,0,0,0,0
8746,282.0,0.0,75.0,172,574.0,5.0,114.0,0,0,0,0,1,0,0,0,0,0,1,0,0,0,0
2516,97.0,554.0,52.0,-544,876.0,25.0,35.0,0,0,0,0,0,0,0,1,0,0,1,0,0,1,0
106,132.0,1.0,52.0,376,388.0,5.5,71.0,1,0,0,0,0,0,1,0,0,1,0,0,0,1,0
8679,1247.0,0.0,186.0,306,601.0,3.3,183.0,0,0,0,0,0,0,0,0,0,1,1,0,0,0,0
6352,538.0,94.0,367.0,416,2515.0,15.5,162.0,0,1,0,0,0,0,0,0,0,0,1,0,0,1,0
1538,1205.0,0.0,210.0,250,818.0,5.7,143.0,0,0,0,0,0,0,1,0,0,0,0,0,0,1,0
615,4390.0,464.0,988.0,527,2644.0,2.8,949.0,0,0,0,1,0,0,0,1,0,0,1,0,1,0,0
8272,1014.0,0.0,175.0,-110,812.0,5.2,157.0,0,0,0,0,0,0,1,0,0,0,0,0,0,1,0
5224,2286.0,104.0,283.0,-410,994.0,82.8,12.0,1,0,0,0,0,0,0,1,0,0,1,0,0,1,0
1979,991.0,62.0,105.0,-719,691.0,23.0,30.0,0,0,0,1,0,0,1,0,0,1,0,0,0,1,0
1297,153.0,1626.0,389.0,446,2060.0,6.1,340.0,0,0,0,0,0,0,0,1,0,1,1,0,0,1,0
5984,224.0,0.0,40.0,-361,94.0,15.7,6.0,1,0,0,0,0,0,1,0,0,0,0,0,0,1,0
701,801.0,88.0,343.0,237,951.0,3.5,273.0,1,0,0,0,0,0,0,1,0,1,1,0,0,0,0
2243,842.0,0.0,159.0,273,491.0,5.5,89.0,0,0,0,0,1,0,0,1,0,0,1,0,0,1,0
5751,125.0,78.0,391.0,280,810.0,2.7,303.0,0,0,0,0,0,0,0,1,0,0,1,0,1,0,0
4768,235.0,0.0,108.0,30,575.0,7.9,73.0,0,0,0,0,0,1,1,0,0,0,0,0,0,1,0
5749,64.0,0.0,25.0,914,32.0,8.0,4.0,1,0,0,0,0,0,0,1,0,0,1,0,0,1,0
7395,1642.0,0.0,94.0,88,112.0,3.0,37.0,0,0,0,0,0,0,0,1,0,1,1,0,0,0,0
1244,120.0,166.0,31.0,-15,179.0,9.0,20.0,0,0,0,0,0,0,1,0,0,0,0,0,0,1,0
5953,690.0,13.0,199.0,-33,945.0,4.0,238.0,1,0,0,0,0,0,0,0,0,1,1,0,0,0,0
2191,324.0,11.0,14.0,-781,72.0,3.4,21.0,1,0,0,0,0,0,0,1,0,0,1,0,0,0,0
1213,1402.0,26.0,545.0,634,1469.0,4.6,319.0,0,0,0,1,0,0,0,0,0,0,1,0,0,0,0
2344,107.0,0.0,93.0,-284,75.0,1.9,40.0,0,0,0,0,1,0,0,0,0,1,1,0,1,0,0
4284,678.0,0.0,170.0,17,895.0,10.9,82.0,0,0,0,0,0,0,1,0,0,1,0,0,0,1,0
8522,87.0,472.0,113.0,1,169.0,5.8,29.0,1,0,0,0,0,1,1,0,0,0,0,0,0,1,0
8134,509.0,946.0,511.0,953,3673.0,13.5,272.0,0,0,0,0,0,0,0,0,1,1,0,0,0,1,0
7227,1408.0,719.0,406.0,-65,1111.0,2.3,482.0,0,1,0,0,0,0,1,0,0,0,0,0,1,0,0
976,1863.0,3.0,318.0,1000,988.0,4.5,220.0,0,0,1,0,0,0,0,1,0,1,1,0,0,0,0
6996,1683.0,7.0,191.0,-740,4048.0,26.8,151.0,0,0,0,0,0,0,0,0,0,0,1,0,0,1,0
6033,97.0,0.0,67.0,33,62.0,15.5,4.0,0,0,0,0,1,0,0,0,0,0,1,0,0,1,0
4397,1286.0,6.0,234.0,-84,1568.0,5.3,296.0,0,1,0,0,0,1,0,0,1,0,0,0,0,1,0
3073,187.0,32.0,60.0,531,46.0,2.9,16.0,0,0,0,0,0,0,0,0,0,0,1,0,1,0,0
7398,1157.0,48.0,423.0,-49,3260.0,12.4,262.0,0,0,0,0,0,0,0,1,0,1,1,0,0,1,0
8747,1327.0,364.0,614.0,-12,801.0,1.2,650.0,0,0,0,0,0,0,0,0,1,0,0,0,1,0,0
4195,153.0,975.0,899.0,-594,841.0,2.2,384.0,0,0,0,0,0,0,0,0,0,0,1,0,1,0,0
2154,324.0,233.0,23.0,-229,350.0,14.6,24.0,1,0,0,0,0,0,1,0,0,0,0,0,0,1,0
6090,34.0,0.0,17.0,1095,385.0,9.0,43.0,0,0,0,0,0,0,1,0,0,0,0,0,0,1,0
8585,813.0,189.0,89.0,363,766.0,10.8,71.0,1,0,0,0,0,0,1,0,0,0,0,0,0,1,0
7627,27.0,0.0,39.0,-115,237.0,11.3,21.0,0,1,0,0,0,0,0,1,0,0,1,0,0,1,0
7405,2075.0,1.0,729.0,-388,2334.0,4.9,480.0,0,1,0,0,0,0,1,0,0,0,0,0,0,0,0
5431,637.0,0.0,25.0,233,345.0,19.2,18.0,0,0,0,0,1,0,0,1,0,1,1,0,0,1,0
6557,2090.0,0.0,579.0,-414,2138.0,3.6,591.0,0,0,0,0,0,0,0,0,1,0,0,0,0,0,0
1355,1969.0,5.0,727.0,-446,588.0,1.2,476.0,0,0,0,0,1,0,1,0,0,0,0,0,1,0,0
6502,137.0,109.0,8.0,-501,363.0,11.3,32.0,0,0,0,0,0,0,0,0,1,0,0,0,0,1,0
326,1905.0,0.0,235.0,-207,674.0,6.7,100.0,0,0,0,0,0,0,0,0,0,1,1,0,0,1,0
3459,1761.0,410.0,1188.0,-791,4634.0,10.1,458.0,0,0,0,0,0,0,0,0,0,0,1,0,0,1,0
7420,4252.0,103.0,913.0,229,4676.0,7.5,624.0,0,0,1,0,0,0,0,0,1,0,0,0,0,1,0
2501,338.0,300.0,80.0,-81,1151.0,34.9,33.0,0,0,0,1,0,1,0,0,0,0,1,0,0,1,0
4759,271.0,50.0,85.0,39,512.0,25.6,20.0,0,1,0,0,0,0,1,0,0,0,0,0,0,1,0
5479,1766.0,140.0,180.0,-3,1894.0,70.1,27.0,0,0,0,0,0,0,0,0,0,1,1,0,0,1,0
7341,420.0,4.0,91.0,87,375.0,4.4,85.0,0,0,0,0,0,0,0,0,0,1,1,0,0,0,0
1620,3467.0,12.0,284.0,-474,1972.0,15.8,125.0,1,0,0,0,0,1,1,0,0,0,0,0,0,1,0
7807,2595.0,7.0,821.0,443,2403.0,1.9,1280.0,1,0,0,0,0,0,0,0,0,0,1,0,1,0,0
4312,11.0,1037.0,90.0,-221,113.0,0.7,167.0,0,0,0,0,0,0,0,1,0,0,1,1,0,0,0
3333,206.0,0.0,56.0,-267,51.0,0.6,82.0,0,0,0,0,0,0,0,0,0,0,1,1,0,0,0
6323,3172.0,0.0,60.0,109,1755.0,292.5,6.0,0,0,0,0,1,0,0,0,0,0,1,0,0,1,0
7740,141.0,19.0,171.0,213,348.0,3.4,102.0,0,0,1,0,0,0,0,1,0,0,1,0,0,0,0
3532,1675.0,0.0,237.0,179,482.0,3.1,156.0,0,0,0,0,0,0,0,0,1,1,0,0,0,0,0
4403,228.0,1032.0,446.0,606,507.0,1.4,373.0,0,0,0,1,0,0,0,0,1,1,0,0,1,0,0
7907,633.0,2.0,149.0,26,270.0,4.4,61.0,1,0,0,0,0,0,1,0,0,0,0,0,0,0,0
1671,1660.0,0.0,992.0,410,1576.0,1.3,1229.0,0,0,1,0,0,0,0,1,0,0,1,0,1,0,0
6994,220.0,474.0,32.0,142,196.0,2.2,91.0,0,0,0,1,0,0,0,0,0,0,1,0,1,0,0
1427,1490.0,3.0,813.0,70,294.0,0.5,538.0,0,0,0,0,0,0,0,0,1,1,0,1,0,0,0
5939,290.0,5006.0,416.0,40,2122.0,3.5,605.0,0,0,0,1,0,0,0,1,0,1,1,0,0,0,0
6400,1271.0,0.0,516.0,80,995.0,3.1,326.0,0,0,0,0,0,0,0,0,1,0,0,0,0,0,0
423,2154.0,2412.0,596.0,442,2638.0,3.6,723.0,0,0,0,0,0,0,0,0,0,1,1,0,0,0,0
6362,526.0,4.0,466.0,-15,857.0,2.5,344.0,0,0,0,0,0,0,0,0,1,0,0,0,1,0,0
4304,843.0,190.0,101.0,-921,2594.0,129.7,20.0,0,0,0,1,0,0,0,0,0,0,1,0,0,1,0
5253,485.0,0.0,212.0,831,1008.0,21.0,48.0,0,0,0,1,0,0,0,0,1,1,0,0,0,1,0
1741,6866.0,0.0,673.0,113,3563.0,4.8,750.0,1,0,0,0,0,0,1,0,0,0,0,0,0,0,0
5266,61.0,0.0,12.0,-77,3.0,0.2,12.0,0,0,1,0,0,0,0,0,1,1,0,1,0,0,0
5350,444.0,9.0,58.0,33,334.0,23.9,14.0,0,0,0,0,0,0,0,0,0,0,1,0,0,1,0
7718,1536.0,0.0,231.0,-91,430.0,5.1,85.0,0,0,0,0,0,0,0,0,1,0,0,0,0,1,0
5593,1475.0,283.0,420.0,-16,2130.0,9.9,215.0,0,0,0,0,0,0,1,0,0,0,0,0,0,1,0
8063,30.0,48.0,25.0,156,384.0,384.0,1.0,0,0,0,0,0,0,1,0,0,0,0,0,0,1,0
1379,1185.0,30.0,226.0,216,626.0,1.8,345.0,0,0,0,0,1,0,0,0,1,0,0,0,1,0,0
6607,558.0,15.0,33.0,-351,463.0,8.7,53.0,0,0,1,0,0,0,0,0,0,0,1,0,0,1,0
5966,76.0,3.0,47.0,-219,25.0,5.0,5.0,0,0,0,0,0,0,0,1,0,1,1,0,0,0,0
265,109.0,2.0,6.0,-634,344.0,15.6,22.0,0,0,0,1,0,0,1,0,0,0,0,0,0,1,0
3937,451.0,127.0,42.0,-6,570.0,16.3,35.0,0,0,0,0,0,0,1,0,0,1,0,0,0,1,0
5567,627.0,0.0,33.0,-94,227.0,10.8,21.0,0,0,1,0,0,0,1,0,0,1,0,0,0,1,0
3022,1096.0,155.0,573.0,553,963.0,2.1,455.0,0,0,0,0,0,0,1,0,0,0,0,0,1,0,0
6459,1565.0,7.0,532.0,47,1285.0,2.8,456.0,0,0,1,0,0,0,0,0,1,0,0,0,1,0,0
3046,5370.0,0.0,1213.0,-95,2976.0,2.1,1395.0,0,0,0,0,1,0,1,0,0,0,0,0,1,0,0
7644,1022.0,345.0,1002.0,57,1483.0,1.2,1239.0,0,0,0,1,0,0,0,0,1,0,0,0,1,0,0
1875,2335.0,6.0,699.0,-199,3257.0,5.7,574.0,0,0,1,0,0,0,0,1,0,0,1,0,0,1,0
7472,2828.0,110.0,921.0,-390,2829.0,7.4,382.0,0,1,0,0,0,0,0,0,0,1,1,0,0,1,0
5190,232.0,173.0,304.0,254,261.0,1.9,137.0,0,0,1,0,0,0,0,0,1,1,0,0,1,0,0
8603,390.0,207.0,321.0,513,530.0,0.9,575.0,0,1,0,0,0,1,1,0,0,1,0,1,0,0,0
6846,85.0,197.0,5.0,178,111.0,111.0,1.0,0,0,0,0,0,0,0,1,0,1,1,0,0,1,0
7598,204.0,32.0,237.0,257,155.0,0.9,166.0,0,0,0,1,0,0,1,0,0,1,0,1,0,0,0
4026,4486.0,757.0,669.0,68,4243.0,7.2,588.0,0,1,0,0,0,0,0,0,0,1,1,0,0,1,0
4064,41.0,1.0,42.0,-752,61.0,12.2,5.0,0,0,0,0,0,0,0,0,1,0,0,0,0,1,0
349,905.0,0.0,28.0,-136,341.0,34.1,10.0,0,0,0,0,1,0,1,0,0,0,0,0,0,1,0
572,4793.0,1204.0,1073.0,994,5060.0,7.7,661.0,0,0,0,0,1,0,1,0,0,0,0,0,0,1,0
3453,6498.0,343.0,1321.0,-341,3037.0,2.2,1374.0,0,0,0,0,0,0,0,0,0,0,1,0,1,0,0
7608,1592.0,151.0,23.0,168,1721.0,215.1,8.0,0,0,0,0,1,0,0,0,0,0,1,0,0,1,0
4056,540.0,303.0,684.0,-186,1788.0,3.8,476.0,0,0,0,0,0,0,0,0,0,1,1,0,0,0,0
6425,303.0,0.0,44.0,-538,111.0,0.9,128.0,0,0,0,0,0,1,1,0,0,0,0,1,0,0,0
1784,17.0,0.0,23.0,-780,33.0,33.0,1.0,1,0,0,0,0,0,0,1,0,1,1,0,0,1,0
6251,55.0,0.0,24.0,881,213.0,2.3,91.0,0,1,0,0,0,0,0,0,0,1,1,0,1,0,0
7002,1494.0,21.0,593.0,458,1294.0,2.2,587.0,0,0,0,1,0,0,1,0,0,0,0,0,1,0,0
7316,2899.0,25.0,969.0,-234,1005.0,0.8,1246.0,0,0,0,0,0,0,0,0,1,1,0,1,0,0,0
6338,148.0,0.0,69.0,434,22.0,3.7,6.0,1,0,0,0,0,0,0,1,0,1,1,0,0,0,0
4987,11.0,33.0,36.0,307,6.0,6.0,1.0,0,0,1,0,0,0,0,0,1,0,0,0,0,1,0
4044,1474.0,3.0,119.0,-23,864.0,13.3,65.0,1,0,0,0,0,0,1,0,0,0,0,0,0,1,0
1288,820.0,0.0,88.0,-386,689.0,3.2,216.0,0,0,0,0,0,0,0,1,0,0,1,0,0,0,0
7168,3536.0,5.0,626.0,103,2396.0,3.9,608.0,0,0,1,0,0,0,0,1,0,0,1,0,0,0,0
4390,1271.0,0.0,104.0,-185,884.0,46.5,19.0,1,0,0,0,0,0,0,0,1,1,0,0,0,1,0
1958,2018.0,44.0,1500.0,-22,3782.0,2.4,1585.0,0,0,0,1,0,0,0,0,1,0,0,0,1,0,0
1132,972.0,12.0,228.0,-1903,1602.0,5.0,322.0,0,0,1,0,0,0,0,0,0,0,1,0,0,0,0
5311,3298.0,9.0,894.0,303,499.0,2.7,184.0,0,0,0,1,0,0,1,0,0,0,0,0,1,0,0
3021,3813.0,0.0,502.0,409,2617.0,18.6,141.0,1,0,0,0,0,0,0,0,1,0,0,0,0,1,0
8590,606.0,1.0,345.0,-341,732.0,5.2,141.0,0,1,0,0,0,0,1,0,0,0,0,0,0,1,0
4849,62.0,1010.0,125.0,-169,138.0,1.3,106.0,0,0,0,0,0,0,0,0,0,0,1,0,1,0,0
1917,2143.0,443.0,770.0,-111,2519.0,3.7,689.0,0,0,0,0,0,0,1,0,0,1,0,0,0,0,0
96,573.0,1109.0,159.0,64,2811.0,20.4,138.0,0,0,0,0,0,0,0,1,0,1,1,0,0,1,0
5207,2901.0,0.0,587.0,1,1688.0,2.2,773.0,0,0,0,0,0,0,1,0,0,1,0,0,1,0,0
934,7117.0,1182.0,1986.0,-6,6210.0,4.8,1287.0,1,0,0,0,0,0,0,0,0,0,1,0,0,0,0
7061,795.0,821.0,601.0,310,2746.0,10.8,254.0,1,0,0,0,0,0,0,0,1,0,0,0,0,1,0
1690,1775.0,40.0,333.0,569,1793.0,21.1,85.0,0,0,0,0,0,0,0,0,0,0,1,0,0,1,0
108,12.0,137.0,28.0,-13,51.0,2.2,23.0,0,0,0,0,0,0,0,0,0,0,1,0,1,0,0
1944,2494.0,308.0,997.0,-85,5524.0,7.7,715.0,0,0,0,0,1,0,0,0,1,0,0,0,0,1,0
1231,561.0,795.0,123.0,-413,982.0,13.6,72.0,0,0,0,0,1,0,0,1,0,0,1,0,0,1,0
1962,293.0,18.0,101.0,217,420.0,21.0,20.0,1,0,0,0,0,0,0,1,0,0,1,0,0,1,0
5100,341.0,166.0,182.0,329,597.0,6.2,96.0,0,0,0,0,0,0,0,0,1,0,0,0,0,1,0
1463,267.0,1.0,21.0,-245,250.0,17.9,14.0,0,0,0,0,0,0,1,0,0,1,0,0,0,1,0
8704,71.0,15.0,181.0,-380,386.0,1.6,236.0,0,0,0,0,1,0,0,1,0,1,1,0,1,0,0
2414,1195.0,428.0,542.0,-243,3657.0,17.3,211.0,0,0,0,1,0,0,1,0,0,1,0,0,0,1,0
2229,87.0,0.0,9.0,-389,21.0,7.0,3.0,0,0,0,0,1,0,0,1,0,1,1,0,0,1,0
2320,1367.0,1.0,382.0,-157,1039.0,3.0,347.0,1,0,0,0,0,0,1,0,0,1,0,0,0,0,0
2800,76.0,0.0,11.0,672,228.0,7.1,32.0,0,0,0,1,0,0,0,1,0,0,1,0,0,1,0
218,251.0,1.0,89.0,441,586.0,4.3,136.0,1,0,0,0,0,0,0,0,1,0,0,0,0,0,0
5480,330.0,0.0,152.0,-90,23.0,0.7,34.0,0,0,0,0,1,0,0,0,0,0,1,1,0,0,0
4993,2369.0,0.0,904.0,424,861.0,0.9,907.0,0,0,0,0,0,0,0,0,1,0,0,1,0,0,0
8210,857.0,40.0,71.0,-528,198.0,8.6,23.0,0,1,0,0,0,0,0,0,1,1,0,0,0,1,0
1038,1424.0,49.0,900.0,-607,641.0,1.0,632.0,0,0,1,0,0,0,1,0,0,0,0,1,0,0,0
21,4617.0,54.0,459.0,-104,3797.0,12.7,299.0,0,0,0,1,0,0,0,0,1,0,0,0,0,1,0
3312,306.0,7.0,101.0,-713,1544.0,41.7,37.0,0,0,0,0,1,0,0,0,0,0,1,0,0,1,0
6841,293.0,42.0,177.0,242,139.0,1.2,112.0,0,0,0,0,1,0,0,1,0,1,1,0,1,0,0
1359,1619.0,2.0,981.0,-361,2273.0,3.6,639.0,0,0,0,0,1,0,0,0,0,0,1,0,0,0,0
56,3425.0,502.0,1398.0,173,5671.0,3.3,1700.0,0,0,0,0,0,0,0,0,1,0,0,0,0,0,0
3710,204.0,409.0,204.0,-855,1342.0,8.1,166.0,0,0,0,0,0,0,0,0,1,0,0,0,0,1,0
6165,2520.0,142.0,468.0,238,1020.0,2.4,423.0,0,0,0,0,1,0,0,0,1,0,0,0,1,0,0
2382,349.0,49.0,552.0,-372,783.0,4.6,172.0,0,0,0,1,0,0,0,0,1,0,0,0,0,0,0
5372,172.0,0.0,100.0,-53,264.0,12.6,21.0,0,0,1,0,0,0,0,0,1,0,0,0,0,1,0
4651,219.0,0.0,17.0,315,45.0,45.0,1.0,0,0,0,0,0,0,0,1,0,0,1,0,0,1,0
7875,1082.0,171.0,548.0,-473,1689.0,7.3,231.0,0,1,0,0,0,1,0,1,0,0,1,0,0,1,0
4364,2277.0,348.0,150.0,-538,768.0,25.6,30.0,0,0,0,0,0,0,0,1,0,0,1,0,0,1,0
2400,1682.0,51.0,830.0,-214,1126.0,1.2,940.0,0,0,0,0,0,0,0,0,1,0,0,0,1,0,0
1591,1031.0,0.0,167.0,-403,310.0,7.0,44.0,1,0,0,0,0,0,0,0,0,0,1,0,0,1,0
162,2006.0,0.0,133.0,-331,1910.0,37.5,51.0,1,0,0,0,0,1,0,1,0,0,1,0,0,1,0
3298,126.0,0.0,48.0,-264,1136.0,45.4,25.0,0,0,0,0,1,0,1,0,0,0,0,0,0,1,0
6438,523.0,621.0,246.0,-122,1278.0,4.0,321.0,0,0,0,0,0,0,0,0,0,0,1,0,0,0,0
774,107.0,43.0,68.0,-211,68.0,0.6,121.0,0,0,0,0,0,0,0,0,0,0,1,1,0,0,0
7040,822.0,0.0,75.0,-398,334.0,3.0,112.0,1,0,0,0,0,0,0,0,0,1,1,0,0,0,0
5411,1334.0,0.0,109.0,1070,1832.0,42.6,43.0,0,0,0,0,0,0,1,0,0,1,0,0,0,1,0
2213,298.0,86.0,65.0,189,268.0,7.9,34.0,1,0,0,0,0,1,0,1,0,1,1,0,0,1,0
2255,1354.0,12.0,480.0,400,501.0,2.3,222.0,0,0,0,0,1,0,0,0,0,0,1,0,1,0,0
8008,188.0,0.0,169.0,367,278.0,3.0,93.0,0,0,0,0,0,0,0,1,0,0,1,0,0,0,0
500,58.0,1.0,103.0,375,83.0,0.7,121.0,0,0,1,0,0,0,0,1,0,0,1,1,0,0,0
2118,156.0,351.0,232.0,-90,365.0,19.2,19.0,0,0,0,1,0,0,0,0,0,0,1,0,0,1,0
2757,566.0,24.0,61.0,-158,503.0,13.2,38.0,0,0,0,1,0,0,1,0,0,1,0,0,0,1,0
1395,1243.0,0.0,694.0,-265,518.0,0.4,1367.0,0,0,1,0,0,0,0,0,1,1,0,1,0,0,0
2575,3951.0,517.0,1145.0,-469,6108.0,5.2,1177.0,0,0,0,1,0,0,0,0,1,0,0,0,0,1,0
5867,367.0,0.0,5.0,527,325.0,162.5,2.0,0,0,0,0,1,0,0,1,0,0,1,0,0,1,0
6164,166.0,265.0,110.0,298,98.0,3.0,33.0,0,0,0,0,0,0,1,0,0,1,0,0,0,0,0
7052,60.0,339.0,11.0,-224,669.0,31.9,21.0,0,0,0,1,0,0,0,0,1,0,0,0,0,1,0
1390,3.0,0.0,6.0,-208,35.0,17.5,2.0,1,0,0,0,0,1,0,1,0,1,1,0,0,1,0
7776,237.0,304.0,513.0,-403,320.0,1.0,336.0,0,1,0,0,0,0,0,0,1,0,0,1,0,0,0
7235,26.0,0.0,9.0,359,7.0,1.8,4.0,0,0,0,0,0,0,0,0,0,0,1,0,1,0,0
5857,3084.0,222.0,186.0,-202,1761.0,6.8,259.0,1,0,0,0,0,0,1,0,0,1,0,0,0,1,0
2835,930.0,177.0,193.0,-11,1139.0,26.5,43.0,1,0,0,0,0,0,0,0,1,0,0,0,0,1,0
1184,383.0,408.0,640.0,-134,486.0,0.9,526.0,0,0,0,0,0,0,0,1,0,0,1,1,0,0,0
6579,1228.0,455.0,250.0,-590,1248.0,6.8,183.0,0,0,0,1,0,0,1,0,0,0,0,0,0,1,0
202,167.0,19.0,117.0,75,72.0,1.0,74.0,1,0,0,0,0,0,0,0,0,0,1,1,0,0,0
7192,767.0,0.0,40.0,-244,332.0,27.7,12.0,0,0,0,0,1,0,0,1,0,1,1,0,0,1,0
4287,4416.0,134.0,326.0,-133,1951.0,18.2,107.0,0,0,0,1,0,0,0,0,0,0,1,0,0,1,0
8492,449.0,3.0,111.0,-386,2447.0,9.0,272.0,0,0,0,0,0,1,0,1,0,0,1,0,0,1,0
661,643.0,0.0,145.0,323,1057.0,8.7,122.0,1,0,0,0,0,0,1,0,0,1,0,0,0,1,0
8566,656.0,80.0,1253.0,320,1815.0,1.4,1292.0,0,0,0,0,0,0,0,1,0,0,1,0,1,0,0
7432,93.0,361.0,36.0,-382,367.0,45.9,8.0,0,0,0,1,0,1,0,0,1,0,0,0,0,1,0
2794,1060.0,973.0,607.0,1018,1645.0,3.4,486.0,1,0,0,0,0,0,1,0,0,0,0,0,0,0,0
1110,1752.0,26.0,302.0,-646,910.0,1.8,494.0,0,0,0,0,0,0,0,1,0,0,1,0,1,0,0
4014,3566.0,0.0,116.0,-36,3095.0,59.5,52.0,1,0,0,0,0,0,1,0,0,1,0,0,0,1,0
4231,257.0,6.0,60.0,-9,150.0,7.5,20.0,0,0,1,0,0,0,0,0,1,0,0,0,0,1,0
7702,142.0,1.0,16.0,73,15.0,1.0,15.0,1,0,0,0,0,0,1,0,0,0,0,1,0,0,0
8443,989.0,4.0,63.0,-163,461.0,9.0,51.0,0,0,0,0,0,0,1,0,0,0,0,0,0,1,0
4025,545.0,1.0,71.0,653,740.0,8.4,88.0,0,0,0,0,1,0,0,0,1,0,0,0,0,1,0
4594,1417.0,0.0,77.0,695,1119.0,6.0,186.0,0,1,0,0,0,0,0,0,0,0,1,0,0,1,0
5826,1208.0,0.0,77.0,190,615.0,7.7,80.0,0,0,0,0,0,0,1,0,0,0,0,0,0,1,0
2451,3875.0,0.0,560.0,8,1140.0,2.0,559.0,0,0,0,0,1,0,1,0,0,0,0,0,1,0,0
5160,292.0,0.0,34.0,-161,92.0,6.6,14.0,0,1,0,0,0,0,0,1,0,0,1,0,0,1,0
6519,310.0,67.0,112.0,-291,5.0,0.0,101.0,0,0,0,0,0,0,1,0,0,0,0,0,0,0,1
8604,1758.0,0.0,381.0,-327,575.0,2.2,260.0,0,0,0,0,0,0,0,1,0,1,1,0,1,0,0
306,1317.0,17.0,379.0,27,250.0,0.4,630.0,1,0,0,0,0,0,0,1,0,0,1,1,0,0,0
6687,1923.0,31.0,555.0,-648,1005.0,5.9,171.0,0,0,0,0,0,1,0,0,1,0,0,0,0,1,0
1740,2368.0,732.0,546.0,-132,1479.0,5.5,268.0,0,0,0,0,0,0,0,0,1,0,0,0,0,1,0
2864,410.0,0.0,37.0,-267,713.0,15.2,47.0,0,0,1,0,0,0,0,0,0,0,1,0,0,1,0
8352,2579.0,2449.0,457.0,139,3116.0,36.7,85.0,1,0,0,0,0,0,0,1,0,1,1,0,0,1,0
8759,1091.0,164.0,440.0,698,1415.0,6.8,207.0,0,0,0,0,0,0,1,0,0,0,0,0,0,1,0
2325,5720.0,0.0,786.0,192,2013.0,6.7,300.0,0,0,0,0,0,0,0,0,1,0,0,0,0,1,0
5257,2867.0,218.0,834.0,192,3010.0,3.5,849.0,1,0,0,0,0,0,0,0,1,0,0,0,0,0,0
7394,9327.0,1021.0,939.0,112,3830.0,3.5,1105.0,0,0,1,0,0,0,1,0,0,1,0,0,0,0,0
193,809.0,474.0,125.0,-214,1288.0,17.6,73.0,0,0,0,1,0,1,0,0,0,0,1,0,0,1,0
3546,345.0,16.0,102.0,6,386.0,2.3,170.0,0,0,0,0,0,0,0,0,0,1,1,0,1,0,0
1727,1225.0,428.0,385.0,-988,1371.0,6.1,226.0,0,0,0,0,1,1,0,1,0,0,1,0,0,1,0
6480,1197.0,0.0,108.0,-125,1010.0,31.6,32.0,0,0,1,0,0,0,0,0,0,1,1,0,0,1,0
1724,1770.0,64.0,279.0,-27,2070.0,14.9,139.0,0,0,0,0,1,0,1,0,0,1,0,0,0,1,0
1192,517.0,15.0,294.0,-79,1623.0,7.3,221.0,1,0,0,0,0,0,1,0,0,0,0,0,0,1,0
3909,3669.0,5.0,377.0,-254,761.0,2.0,377.0,0,0,0,0,0,0,1,0,0,0,0,0,1,0,0
8557,321.0,2.0,190.0,-546,319.0,2.8,116.0,0,0,0,0,1,0,1,0,0,1,0,0,1,0,0
5080,10.0,0.0,1.0,764,4.0,0.4,11.0,0,0,0,0,0,0,0,1,0,0,1,1,0,0,0
2676,2093.0,0.0,1056.0,-12,735.0,1.0,768.0,0,0,0,0,0,0,0,0,0,0,1,1,0,0,0
4739,3480.0,42.0,1815.0,-717,2322.0,1.6,1433.0,0,0,0,0,1,0,0,1,0,0,1,0,1,0,0
1266,1999.0,12.0,240.0,-20,1690.0,120.7,14.0,1,0,0,0,0,0,0,0,1,0,0,0,0,1,0
1004,2017.0,2513.0,951.0,90,2204.0,2.0,1088.0,0,0,0,0,0,0,1,0,0,0,0,0,1,0,0
5584,660.0,0.0,262.0,429,386.0,1.1,342.0,0,0,0,1,0,0,1,0,0,0,0,0,1,0,0
4995,15.0,90.0,43.0,139,189.0,5.7,33.0,0,0,0,1,0,1,1,0,0,0,0,0,0,1,0
3723,218.0,0.0,8.0,-188,84.0,3.1,27.0,0,0,1,0,0,0,1,0,0,0,0,0,0,0,0
5716,82.0,8.0,161.0,612,147.0,7.7,19.0,0,0,1,0,0,0,0,0,1,1,0,0,0,1,0
8020,518.0,0.0,196.0,233,141.0,0.6,230.0,0,0,0,0,0,0,0,0,1,0,0,1,0,0,0
3529,717.0,26.0,149.0,301,462.0,2.9,161.0,0,0,0,1,0,0,0,0,1,1,0,0,1,0,0
6765,1151.0,1383.0,360.0,-365,2259.0,5.1,446.0,1,0,0,0,0,0,0,1,0,0,1,0,0,1,0
7337,151.0,58.0,27.0,263,492.0,10.0,49.0,0,0,0,1,0,1,0,0,1,0,0,0,0,1,0
4130,2991.0,182.0,278.0,-74,4121.0,33.5,123.0,0,0,0,0,0,0,0,1,0,0,1,0,0,1,0
8601,1043.0,911.0,109.0,72,1704.0,340.8,5.0,1,0,0,0,0,0,0,0,1,1,0,0,0,1,0
5225,1001.0,0.0,304.0,-146,431.0,0.8,537.0,0,0,0,0,1,0,0,0,0,1,1,1,0,0,0
5289,516.0,163.0,246.0,466,858.0,4.7,183.0,0,0,1,0,0,0,0,0,0,1,1,0,0,0,0
8479,90.0,0.0,18.0,-222,20.0,0.6,36.0,0,0,0,0,1,1,0,1,0,1,1,1,0,0,0
1267,1072.0,356.0,172.0,-460,2520.0,16.9,149.0,0,0,0,1,0,0,0,1,0,0,1,0,0,1,0
2047,575.0,238.0,531.0,-91,739.0,1.8,405.0,0,0,0,0,1,0,0,1,0,0,1,0,1,0,0
6779,873.0,27.0,238.0,-560,2337.0,20.1,116.0,0,0,1,0,0,0,0,0,0,0,1,0,0,1,0
450,67.0,1.0,19.0,-193,50.0,1.2,42.0,0,0,0,0,0,1,0,0,1,1,0,0,1,0,0
7407,166.0,56.0,300.0,126,685.0,2.5,272.0,0,0,0,0,1,0,0,0,1,0,0,0,1,0,0
6584,2345.0,72.0,229.0,95,2525.0,14.0,180.0,0,0,0,0,1,0,1,0,0,0,0,0,0,1,0
6753,3659.0,906.0,328.0,342,3940.0,14.0,281.0,0,0,0,0,0,0,0,0,0,0,1,0,0,1,0
7244,2975.0,59.0,500.0,2,834.0,2.5,331.0,1,0,0,0,0,0,0,1,0,1,1,0,1,0,0
6640,4816.0,442.0,724.0,11,4105.0,8.3,496.0,0,0,1,0,0,0,0,0,1,0,0,0,0,1,0
2221,324.0,5.0,103.0,-93,351.0,70.2,5.0,0,0,0,0,0,0,0,0,1,0,0,0,0,1,0
2195,933.0,554.0,249.0,-118,922.0,2.5,369.0,0,0,0,0,1,0,1,0,0,0,0,0,1,0,0
3935,211.0,2.0,34.0,202,415.0,27.7,15.0,0,0,0,0,0,0,1,0,0,0,0,0,0,1,0
3818,2580.0,155.0,524.0,21,1328.0,2.5,522.0,0,0,0,0,1,0,0,0,0,0,1,0,1,0,0
3017,12.0,190.0,21.0,-297,210.0,42.0,5.0,0,0,1,0,0,0,0,0,0,0,1,0,0,1,0
6597,1194.0,1.0,355.0,-30,516.0,2.0,260.0,0,0,0,0,1,1,1,0,0,0,0,0,1,0,0
7001,1437.0,1598.0,637.0,-419,2001.0,3.0,658.0,0,0,0,0,0,0,0,1,0,0,1,0,0,0,0
2403,50.0,16.0,132.0,1260,160.0,0.9,175.0,0,0,0,0,1,0,1,0,0,1,0,1,0,0,0
5983,1500.0,252.0,205.0,-365,1911.0,11.0,173.0,0,0,0,1,0,0,0,0,0,1,1,0,0,1,0
6854,958.0,0.0,18.0,-640,263.0,65.8,4.0,0,0,0,0,1,0,1,0,0,0,0,0,0,1,0
4826,1523.0,359.0,496.0,-302,3715.0,12.4,300.0,1,0,0,0,0,0,0,1,0,0,1,0,0,1,0
2181,2559.0,83.0,803.0,-125,3343.0,6.9,485.0,1,0,0,0,0,0,1,0,0,0,0,0,0,1,0
215,761.0,0.0,18.0,381,747.0,74.7,10.0,0,0,0,0,0,0,0,0,1,0,0,0,0,1,0
1746,2153.0,196.0,353.0,413,1165.0,5.1,229.0,0,1,0,0,0,0,0,0,1,0,0,0,0,1,0
8161,1397.0,240.0,274.0,-451,1393.0,11.5,121.0,0,1,0,0,0,0,0,0,1,0,0,0,0,1,0
5814,34.0,16.0,199.0,1183,51.0,0.2,223.0,0,0,1,0,0,1,1,0,0,0,0,1,0,0,0
7514,3187.0,38.0,456.0,282,2356.0,5.6,420.0,0,0,0,0,0,0,1,0,0,1,0,0,0,1,0
7940,131.0,154.0,18.0,528,402.0,402.0,1.0,0,1,0,0,0,0,1,0,0,0,0,0,0,1,0
2486,268.0,1.0,300.0,-146,225.0,0.9,248.0,0,0,1,0,0,0,0,0,1,0,0,1,0,0,0
2751,405.0,410.0,152.0,890,1237.0,9.7,127.0,0,0,0,0,1,0,0,0,1,0,0,0,0,1,0
3306,5477.0,316.0,1325.0,-228,6314.0,8.0,787.0,0,0,0,0,0,0,0,0,1,0,0,0,0,1,0
4926,2278.0,411.0,551.0,282,1556.0,3.3,467.0,0,0,0,1,0,0,0,0,1,1,0,0,0,0,0
6966,1580.0,126.0,252.0,633,1436.0,71.8,20.0,0,0,1,0,0,0,1,0,0,0,0,0,0,1,0
5919,3755.0,861.0,816.0,70,4272.0,10.7,398.0,0,0,0,0,1,0,1,0,0,0,0,0,0,1,0
3835,353.0,32.0,141.0,189,240.0,1.7,140.0,1,0,0,0,0,0,0,1,0,0,1,0,1,0,0
2378,1200.0,37.0,421.0,-224,967.0,5.7,171.0,0,0,0,0,0,0,0,0,0,0,1,0,0,1,0
7043,2506.0,0.0,27.0,-326,437.0,14.1,31.0,0,0,0,0,1,0,0,0,1,0,0,0,0,1,0
94,333.0,1817.0,57.0,-364,895.0,13.6,66.0,0,0,1,0,0,0,0,1,0,0,1,0,0,1,0
665,1298.0,318.0,898.0,302,2257.0,6.0,375.0,1,0,0,0,0,0,0,0,0,1,1,0,0,1,0
5029,216.0,1090.0,216.0,302,513.0,3.2,159.0,0,0,0,0,0,0,0,0,0,0,1,0,0,0,0
5333,1558.0,32.0,588.0,247,424.0,1.0,413.0,0,0,0,0,0,0,0,0,1,0,0,1,0,0,0
2311,4.0,0.0,12.0,152,140.0,20.0,7.0,0,0,1,0,0,0,0,1,0,1,1,0,0,1,0
847,169.0,0.0,22.0,313,29.0,1.2,25.0,0,1,0,0,0,0,0,0,0,1,1,0,1,0,0
5522,1942.0,327.0,516.0,159,2168.0,3.2,688.0,0,0,0,0,0,0,1,0,0,0,0,0,0,0,0
7041,1595.0,0.0,388.0,459,1102.0,1.9,576.0,0,0,0,0,0,0,0,0,1,1,0,0,1,0,0
6200,165.0,10.0,264.0,-222,185.0,1.2,156.0,0,1,0,0,0,0,0,0,0,1,1,0,1,0,0
3277,61.0,1.0,152.0,262,54.0,0.9,59.0,1,0,0,0,0,0,0,0,1,0,0,1,0,0,0
7604,31.0,13.0,16.0,270,493.0,21.4,23.0,0,0,0,1,0,0,0,0,0,0,1,0,0,1,0
5818,396.0,0.0,37.0,130,227.0,18.9,12.0,0,0,0,0,0,0,0,0,0,0,1,0,0,1,0
7996,409.0,287.0,1219.0,166,370.0,0.6,648.0,0,0,0,1,0,0,0,0,0,1,1,1,0,0,0
730,1221.0,1.0,720.0,207,1854.0,7.0,263.0,0,0,0,0,0,0,1,0,0,0,0,0,0,1,0
4393,658.0,1.0,115.0,-667,480.0,19.2,25.0,1,0,0,0,0,0,0,0,1,0,0,0,0,1,0
809,190.0,2.0,169.0,-515,180.0,1.8,99.0,0,0,0,0,1,0,0,0,1,0,0,0,1,0,0
2131,394.0,4.0,240.0,-419,675.0,5.0,135.0,0,0,0,0,0,0,0,0,0,0,1,0,0,0,0
2775,291.0,96.0,83.0,-430,128.0,2.6,50.0,1,0,0,0,0,0,0,0,0,1,1,0,1,0,0
8059,4216.0,219.0,1377.0,780,4467.0,2.9,1554.0,1,0,0,0,0,0,1,0,0,0,0,0,1,0,0
6170,263.0,84.0,34.0,-756,136.0,15.1,9.0,1,0,0,0,0,0,1,0,0,0,0,0,0,1,0
2241,480.0,958.0,832.0,112,1343.0,2.4,558.0,0,0,0,1,0,0,1,0,0,0,0,0,1,0,0
2962,2038.0,0.0,521.0,364,1379.0,1.8,783.0,0,0,1,0,0,0,0,0,1,0,0,0,1,0,0
186,1081.0,22.0,265.0,79,959.0,4.5,213.0,0,0,0,0,0,0,0,0,0,1,1,0,0,0,0
7719,181.0,0.0,45.0,-14,57.0,2.1,27.0,0,1,0,0,0,0,0,1,0,0,1,0,1,0,0
4424,1166.0,3.0,272.0,-565,630.0,4.7,135.0,0,0,1,0,0,0,0,0,0,1,1,0,0,0,0
428,1086.0,14.0,345.0,-440,161.0,0.5,325.0,0,0,0,0,0,0,1,0,0,0,0,1,0,0,0
7086,1887.0,179.0,583.0,357,1073.0,1.5,706.0,0,0,0,0,0,0,0,0,0,1,1,0,1,0,0
432,911.0,0.0,15.0,-492,501.0,83.5,6.0,0,0,0,0,0,0,0,0,0,0,1,0,0,1,0
3538,3409.0,123.0,736.0,325,3151.0,4.4,715.0,0,0,0,1,0,0,0,0,1,0,0,0,0,0,0
7502,52.0,136.0,9.0,169,790.0,71.8,11.0,1,0,0,0,0,0,0,0,1,0,0,0,0,1,0
5582,1314.0,30.0,585.0,-416,867.0,1.0,857.0,0,0,1,0,0,0,0,1,0,1,1,1,0,0,0
5736,566.0,0.0,32.0,284,444.0,14.8,30.0,1,0,0,0,0,0,0,0,0,0,1,0,0,1,0
8508,82.0,68.0,85.0,-383,303.0,1.1,271.0,0,0,0,1,0,0,0,0,1,0,0,0,1,0,0
3364,51.0,19.0,122.0,-7,38.0,3.2,12.0,0,0,0,0,1,0,0,1,0,1,1,0,0,0,0
4620,643.0,430.0,127.0,-23,1344.0,17.5,77.0,0,0,1,0,0,0,1,0,0,0,0,0,0,1,0
3524,2698.0,1.0,74.0,-631,1716.0,26.8,64.0,0,1,0,0,0,1,0,0,1,0,0,0,0,1,0
2489,2327.0,6.0,723.0,30,2190.0,6.1,357.0,0,1,0,0,0,0,0,0,0,0,1,0,0,1,0
7599,199.0,29.0,123.0,-386,286.0,1.7,166.0,0,0,0,0,0,0,0,1,0,1,1,0,1,0,0
764,363.0,581.0,404.0,152,653.0,1.1,609.0,0,0,0,0,1,0,0,0,0,0,1,0,1,0,0
76,491.0,0.0,12.0,-387,198.0,16.5,12.0,0,1,0,0,0,0,0,0,0,0,1,0,0,1,0
5908,1762.0,0.0,99.0,-528,1659.0,18.2,91.0,0,0,0,0,0,0,0,0,0,0,1,0,0,1,0
8129,945.0,14.0,554.0,46,251.0,1.2,207.0,0,0,0,0,0,0,1,0,0,0,0,0,1,0,0
5553,231.0,8.0,49.0,-208,88.0,7.3,12.0,0,0,0,0,0,0,1,0,0,1,0,0,0,1,0
2294,12750.0,838.0,2457.0,-68,10233.0,3.2,3188.0,1,0,0,0,0,0,0,0,1,0,0,0,0,0,0
2448,107.0,0.0,49.0,-300,474.0,20.6,23.0,0,0,0,0,0,0,0,1,0,0,1,0,0,1,0
2068,5228.0,2118.0,990.0,155,3042.0,10.9,280.0,0,0,0,1,0,1,0,1,0,0,1,0,0,1,0
7532,1254.0,0.0,707.0,-188,1087.0,1.7,644.0,0,0,0,0,0,0,0,0,0,1,1,0,1,0,0
6748,640.0,1.0,19.0,-11,134.0,10.3,13.0,0,0,0,1,0,0,0,1,0,1,1,0,0,1,0
7941,590.0,0.0,204.0,-489,631.0,4.9,129.0,0,0,0,0,1,0,0,1,0,0,1,0,0,0,0
1544,3229.0,0.0,518.0,310,1368.0,4.2,324.0,0,0,0,0,1,0,1,0,0,0,0,0,0,0,0
2288,20.0,2.0,13.0,-20,20.0,1.2,16.0,0,0,0,0,1,0,1,0,0,0,0,0,1,0,0
4111,3766.0,69.0,1193.0,-560,3234.0,6.8,479.0,0,0,0,1,0,0,0,0,1,0,0,0,0,1,0
5504,585.0,36.0,123.0,152,574.0,4.9,117.0,1,0,0,0,0,0,0,1,0,0,1,0,0,0,0
8109,37.0,30.0,16.0,-169,101.0,33.7,3.0,0,0,1,0,0,0,0,0,1,0,0,0,0,1,0
7868,1136.0,265.0,145.0,468,2365.0,6.0,394.0,0,1,0,0,0,0,0,0,0,0,1,0,0,1,0
6410,5438.0,0.0,1726.0,-659,2167.0,1.1,2017.0,0,0,1,0,0,0,0,1,0,1,1,0,1,0,0
8598,802.0,0.0,82.0,-213,488.0,4.1,119.0,0,1,0,0,0,0,0,0,0,0,1,0,0,0,0
3083,98.0,5.0,4.0,958,100.0,50.0,2.0,0,0,0,1,0,0,0,0,0,0,1,0,0,1,0
6307,1252.0,257.0,91.0,36,1325.0,20.7,64.0,0,0,0,1,0,0,1,0,0,0,0,0,0,1,0
3270,481.0,162.0,100.0,-140,294.0,22.6,13.0,1,0,0,0,0,0,0,1,0,1,1,0,0,1,0
7332,177.0,16.0,7.0,-457,612.0,204.0,3.0,0,0,0,0,1,0,0,0,0,1,1,0,0,1,0
2444,722.0,0.0,30.0,-200,222.0,222.0,1.0,0,0,0,0,1,0,0,1,0,0,1,0,0,1,0
3155,3169.0,290.0,439.0,394,5404.0,25.0,216.0,1,0,0,0,0,0,0,1,0,1,1,0,0,1,0
652,321.0,0.0,23.0,-9,106.0,3.8,28.0,0,0,0,0,0,0,0,0,0,1,1,0,0,0,0
2277,50.0,0.0,8.0,1250,37.0,18.5,2.0,0,0,0,0,0,0,0,0,0,0,1,0,0,1,0
1974,754.0,225.0,497.0,-179,2026.0,2.8,730.0,0,1,0,0,0,0,1,0,0,0,0,0,1,0,0
7768,1392.0,0.0,154.0,-510,2266.0,31.0,73.0,0,0,0,0,0,1,0,0,0,0,1,0,0,1,0
1114,1097.0,366.0,194.0,755,2709.0,10.2,265.0,0,0,0,0,0,0,0,0,1,1,0,0,0,1,0
5699,480.0,68.0,407.0,217,648.0,0.9,729.0,0,0,0,0,1,0,0,0,0,0,1,1,0,0,0
4900,177.0,0.0,10.0,312,236.0,236.0,1.0,0,1,0,0,0,0,0,0,0,1,1,0,0,1,0
5752,626.0,7.0,28.0,-118,205.0,22.8,9.0,1,0,0,0,0,0,0,0,1,0,0,0,0,1,0
2116,1046.0,237.0,619.0,853,1130.0,2.6,434.0,0,0,0,0,0,0,0,1,0,1,1,0,1,0,0
1204,64.0,195.0,91.0,448,281.0,6.9,41.0,0,0,0,1,0,0,0,0,1,1,0,0,0,1,0
6157,313.0,22.0,365.0,-127,422.0,0.5,904.0,0,0,1,0,0,0,0,1,0,0,1,1,0,0,0
8312,6901.0,1069.0,2068.0,-308,7634.0,2.7,2835.0,1,0,0,0,0,0,0,1,0,1,1,0,1,0,0
3108,3847.0,206.0,336.0,660,992.0,3.6,273.0,0,0,0,0,0,0,0,0,1,0,0,0,0,0,0
3763,166.0,366.0,84.0,8,225.0,1.3,175.0,0,0,0,1,0,1,0,0,0,0,1,0,1,0,0
1876,3804.0,41.0,434.0,-94,3287.0,32.2,102.0,1,0,0,0,0,1,0,1,0,0,1,0,0,1,0
6543,87.0,76.0,21.0,-366,153.0,76.5,2.0,0,0,0,0,0,0,1,0,0,1,0,0,0,1,0
3809,323.0,3305.0,55.0,872,2247.0,66.1,34.0,0,1,0,0,0,0,0,1,0,0,1,0,0,1,0
4431,3082.0,1377.0,799.0,-323,2010.0,2.5,815.0,1,0,0,0,0,0,0,0,1,0,0,0,1,0,0
4760,6534.0,149.0,300.0,326,6285.0,28.1,224.0,0,0,0,0,0,0,1,0,0,1,0,0,0,1,0
4173,10.0,0.0,47.0,-432,133.0,44.3,3.0,0,0,0,0,1,0,0,0,1,0,0,0,0,1,0
6709,333.0,0.0,132.0,-261,329.0,1.8,186.0,0,1,0,0,0,0,0,0,0,0,1,0,1,0,0
4745,3223.0,4.0,765.0,51,2075.0,4.0,515.0,0,0,0,1,0,0,1,0,0,0,0,0,0,0,0
6857,71.0,3.0,91.0,333,73.0,0.4,166.0,0,0,0,0,1,0,0,0,1,0,0,1,0,0,0
4277,69.0,16.0,103.0,-648,78.0,1.2,66.0,1,0,0,0,0,0,1,0,0,0,0,0,1,0,0
2333,11.0,0.0,39.0,173,24.0,4.8,5.0,0,0,0,1,0,0,0,0,1,0,0,0,0,0,0
3748,5731.0,38.0,3512.0,212,8632.0,2.0,4327.0,0,0,0,0,0,0,0,0,0,0,1,0,1,0,0
86,1645.0,1.0,54.0,15,1255.0,29.2,43.0,1,0,0,0,0,0,0,0,0,1,1,0,0,1,0
4434,2.0,1.0,17.0,-100,6.0,0.8,8.0,1,0,0,0,0,0,0,1,0,0,1,1,0,0,0
901,5594.0,0.0,1567.0,-179,1417.0,0.9,1554.0,0,0,1,0,0,0,0,0,0,0,1,1,0,0,0
5452,3227.0,12.0,841.0,1,4244.0,5.6,756.0,0,1,0,0,0,0,1,0,0,0,0,0,0,1,0
5990,694.0,602.0,332.0,-97,2380.0,13.9,171.0,1,0,0,0,0,0,0,0,0,0,1,0,0,1,0
1385,75.0,0.0,37.0,5,352.0,176.0,2.0,0,0,0,0,0,0,0,1,0,1,1,0,0,1,0
4527,195.0,78.0,94.0,-92,263.0,6.7,39.0,0,0,0,0,1,0,0,0,0,0,1,0,0,1,0
3508,205.0,528.0,83.0,-187,1599.0,66.6,24.0,0,0,0,0,0,0,1,0,0,0,0,0,0,1,0
4656,440.0,3.0,122.0,672,523.0,52.3,10.0,0,0,0,1,0,0,1,0,0,0,0,0,0,1,0
783,543.0,0.0,35.0,32,243.0,121.5,2.0,0,0,0,0,0,0,0,1,0,0,1,0,0,1,0
2304,606.0,19.0,334.0,2,336.0,25.8,13.0,0,0,0,0,0,0,0,0,1,0,0,0,0,1,0
5897,1116.0,159.0,564.0,-190,855.0,3.7,233.0,0,0,0,0,0,0,1,0,0,0,0,0,0,0,0
1401,2235.0,496.0,280.0,-35,1667.0,7.1,236.0,0,0,0,0,0,0,0,0,1,0,0,0,0,1,0
3862,2355.0,1947.0,772.0,-426,4547.0,16.0,284.0,0,1,0,0,0,0,0,0,1,1,0,0,0,1,0
8424,722.0,21.0,476.0,-103,1007.0,3.0,339.0,0,0,0,0,0,1,0,1,0,1,1,0,0,0,0
3202,279.0,8.0,182.0,481,185.0,0.5,393.0,1,0,0,0,0,0,1,0,0,0,0,1,0,0,0
1658,1048.0,300.0,463.0,-589,2803.0,16.7,168.0,1,0,0,0,0,0,0,0,0,1,1,0,0,1,0
5271,203.0,0.0,137.0,43,401.0,2.7,150.0,0,0,0,0,1,0,0,0,1,0,0,0,1,0,0
2175,2035.0,823.0,714.0,-254,2042.0,13.5,151.0,0,0,0,0,0,0,0,0,0,1,1,0,0,1,0
2608,713.0,64.0,124.0,-694,435.0,2.1,206.0,1,0,0,0,0,0,0,1,0,1,1,0,1,0,0
3290,785.0,45.0,157.0,260,648.0,4.7,139.0,0,0,0,1,0,0,0,1,0,1,1,0,0,0,0
7421,4096.0,38.0,296.0,-397,2825.0,51.4,55.0,0,0,0,0,1,0,0,1,0,0,1,0,0,1,0
7838,583.0,6.0,198.0,119,1627.0,27.6,59.0,0,0,0,0,0,0,1,0,0,0,0,0,0,1,0
6149,1919.0,0.0,840.0,382,1313.0,2.1,621.0,0,0,0,1,0,0,1,0,0,0,0,0,1,0,0
7855,693.0,0.0,67.0,-155,132.0,26.4,5.0,1,0,0,0,0,0,0,0,0,1,1,0,0,1,0
1517,432.0,183.0,140.0,334,458.0,6.4,72.0,0,0,0,0,1,0,0,1,0,0,1,0,0,1,0
333,111.0,0.0,10.0,575,13.0,3.2,4.0,0,0,0,0,1,0,0,0,1,0,0,0,0,0,0
4437,2914.0,100.0,778.0,-366,1994.0,1.5,1333.0,0,0,0,0,0,0,1,0,0,1,0,0,1,0,0
7587,2164.0,0.0,388.0,133,1467.0,10.4,141.0,0,0,0,0,0,0,1,0,0,0,0,0,0,1,0
8496,97.0,9.0,13.0,75,52.0,10.4,5.0,0,0,0,0,0,1,1,0,0,0,0,0,0,1,0
8078,523.0,403.0,18.0,-225,359.0,3.6,100.0,1,0,0,0,0,0,1,0,0,0,0,0,0,0,0
8456,253.0,562.0,97.0,73,234.0,3.2,72.0,1,0,0,0,0,1,0,1,0,0,1,0,0,0,0
7698,2066.0,18.0,400.0,541,2187.0,4.6,475.0,1,0,0,0,0,0,0,0,0,0,1,0,0,0,0
2109,205.0,75.0,200.0,509,464.0,3.3,141.0,0,0,0,0,0,0,1,0,0,1,0,0,0,0,0
5110,2.0,88.0,14.0,361,6.0,2.0,3.0,0,0,0,1,0,0,0,0,0,0,1,0,1,0,0
4131,2454.0,0.0,162.0,-912,417.0,2.1,202.0,0,0,0,0,0,0,1,0,0,0,0,0,1,0,0
4631,794.0,0.0,634.0,-361,409.0,5.5,74.0,0,0,1,0,0,0,0,0,1,1,0,0,0,1,0
2891,4087.0,1.0,1279.0,-310,3721.0,5.3,702.0,0,0,0,0,0,0,1,0,0,0,0,0,0,1,0
4803,2.0,5.0,7.0,242,55.0,18.3,3.0,0,0,0,0,0,1,0,0,0,0,1,0,0,1,0
5440,565.0,242.0,78.0,502,271.0,1.7,163.0,0,0,0,1,0,0,0,0,1,1,0,0,1,0,0
825,334.0,79.0,180.0,217,510.0,2.2,234.0,0,1,0,0,0,0,0,1,0,0,1,0,1,0,0
6561,895.0,144.0,147.0,57,923.0,46.2,20.0,0,0,0,1,0,0,1,0,0,0,0,0,0,1,0
6210,345.0,1658.0,225.0,188,835.0,6.2,135.0,0,0,1,0,0,0,0,0,1,1,0,0,0,1,0
5421,1920.0,0.0,159.0,455,702.0,4.3,165.0,0,1,0,0,0,0,1,0,0,1,0,0,0,0,0
3595,818.0,471.0,671.0,501,1562.0,3.7,427.0,0,0,0,0,1,1,0,0,0,1,1,0,0,0,0
4464,887.0,676.0,297.0,-231,3496.0,13.2,265.0,0,0,1,0,0,0,0,1,0,0,1,0,0,1,0
7758,65.0,3.0,4.0,-477,61.0,8.7,7.0,1,0,0,0,0,0,0,1,0,0,1,0,0,1,0
2605,3151.0,1044.0,1539.0,51,1304.0,1.1,1239.0,0,0,0,0,0,0,0,0,0,1,1,0,1,0,0
4314,544.0,2.0,215.0,-290,581.0,3.5,166.0,0,0,0,0,1,0,1,0,0,0,0,0,0,0,0
5136,638.0,0.0,135.0,190,1262.0,30.8,41.0,0,0,1,0,0,0,1,0,0,0,0,0,0,1,0
389,77.0,53.0,89.0,959,80.0,0.7,116.0,0,0,0,0,1,0,0,1,0,0,1,1,0,0,0
7484,1148.0,0.0,31.0,761,255.0,3.0,86.0,1,0,0,0,0,0,0,0,1,0,0,0,0,0,0
8708,222.0,0.0,12.0,810,126.0,126.0,1.0,0,0,0,0,0,0,1,0,0,0,0,0,0,1,0
5418,219.0,0.0,114.0,922,56.0,7.0,8.0,0,0,0,0,1,0,0,0,0,0,1,0,0,1,0
3657,1829.0,1696.0,1255.0,-394,7729.0,9.9,781.0,0,0,0,0,1,0,0,0,0,1,1,0,0,1,0
7892,807.0,21.0,147.0,-581,684.0,21.4,32.0,0,0,0,0,0,0,1,0,0,0,0,0,0,1,0
1058,24.0,67.0,34.0,674,19.0,9.5,2.0,0,0,0,0,0,0,0,0,0,0,1,0,0,1,0
6648,4421.0,556.0,717.0,-349,2023.0,4.3,474.0,0,0,0,0,0,0,0,0,0,0,1,0,0,0,0
4596,80.0,318.0,168.0,-202,962.0,6.7,143.0,0,0,0,1,0,0,0,1,0,0,1,0,0,1,0
6760,1023.0,10.0,113.0,35,546.0,10.7,51.0,0,0,0,1,0,1,0,0,0,0,1,0,0,1,0
5148,1955.0,0.0,124.0,-317,688.0,4.8,144.0,1,0,0,0,0,0,0,0,0,0,1,0,0,0,0
1560,727.0,0.0,232.0,-56,853.0,6.5,132.0,0,0,0,0,1,0,0,0,0,0,1,0,0,1,0
3280,301.0,1618.0,357.0,467,2376.0,10.9,217.0,1,0,0,0,0,0,0,0,1,1,0,0,0,1,0
7739,732.0,1.0,257.0,-170,630.0,7.3,86.0,0,0,0,0,1,0,0,1,0,1,1,0,0,1,0
387,613.0,12.0,410.0,669,376.0,0.9,408.0,0,0,0,0,1,0,0,0,1,1,0,1,0,0,0
6952,287.0,1.0,48.0,-340,473.0,47.3,10.0,0,0,1,0,0,0,0,0,1,0,0,0,0,1,0
6576,2554.0,0.0,607.0,-186,715.0,2.2,327.0,1,0,0,0,0,0,0,1,0,1,1,0,1,0,0
6893,1939.0,1091.0,520.0,329,3334.0,15.2,219.0,1,0,0,0,0,0,0,1,0,0,1,0,0,1,0
5162,323.0,177.0,73.0,-911,243.0,4.8,51.0,0,0,1,0,0,0,0,0,1,0,0,0,0,0,0
8041,3755.0,12.0,1082.0,848,2769.0,3.8,720.0,1,0,0,0,0,0,1,0,0,1,0,0,0,0,0
4361,1658.0,0.0,93.0,328,941.0,37.6,25.0,0,0,0,0,1,0,0,0,1,1,0,0,0,1,0
7409,128.0,735.0,104.0,282,480.0,2.3,209.0,0,0,0,1,0,0,1,0,0,1,0,0,1,0,0
7859,277.0,7.0,45.0,-988,361.0,45.1,8.0,0,1,0,0,0,0,0,1,0,0,1,0,0,1,0
1369,3316.0,45.0,1159.0,-579,1654.0,1.9,866.0,0,0,0,1,0,0,0,0,0,1,1,0,1,0,0
6723,359.0,607.0,226.0,-212,438.0,1.9,235.0,0,0,0,0,0,0,0,1,0,1,1,0,1,0,0
4004,18.0,8.0,7.0,-119,8.0,1.3,6.0,0,0,1,0,0,0,1,0,0,0,0,0,1,0,0
1634,188.0,0.0,9.0,993,132.0,66.0,2.0,0,0,0,0,0,1,1,0,0,0,0,0,0,1,0
4345,48.0,14.0,125.0,-2,75.0,1.6,46.0,0,1,0,0,0,0,0,0,0,0,1,0,1,0,0
7373,1047.0,14.0,180.0,804,967.0,6.5,149.0,0,1,0,0,0,0,0,0,0,1,1,0,0,1,0
3366,17.0,20.0,21.0,-584,26.0,26.0,1.0,1,0,0,0,0,0,0,0,0,0,1,0,0,1,0
2732,13.0,3.0,40.0,180,45.0,1.2,36.0,0,0,1,0,0,0,0,1,0,0,1,0,1,0,0
7465,1578.0,2088.0,505.0,-504,1921.0,3.7,520.0,0,0,0,0,0,0,0,0,0,0,1,0,0,0,0
3879,972.0,155.0,384.0,526,2594.0,7.1,363.0,1,0,0,0,0,0,1,0,0,0,0,0,0,1,0
4453,14.0,0.0,13.0,-137,35.0,5.0,7.0,0,0,0,0,1,1,1,0,0,0,0,0,0,0,0
136,1254.0,0.0,62.0,-530,689.0,38.3,18.0,0,0,0,0,1,0,1,0,0,0,0,0,0,1,0
2654,1029.0,96.0,187.0,-428,707.0,7.1,100.0,0,0,0,0,1,0,0,1,0,0,1,0,0,1,0
2201,110.0,35.0,96.0,-405,17.0,0.4,43.0,0,0,1,0,0,0,0,0,1,1,0,1,0,0,0
1697,604.0,238.0,277.0,198,733.0,8.1,90.0,1,0,0,0,0,0,0,0,0,0,1,0,0,1,0
6294,2180.0,912.0,519.0,332,2158.0,3.6,602.0,0,0,0,1,0,0,0,0,1,0,0,0,0,0,0
5905,175.0,534.0,111.0,-236,57.0,0.5,117.0,0,0,0,0,1,0,0,0,0,1,1,1,0,0,0
7391,184.0,0.0,194.0,545,19.0,0.1,148.0,0,0,0,0,0,0,1,0,0,0,0,1,0,0,0
8101,795.0,0.0,297.0,-123,242.0,1.7,146.0,0,0,0,0,1,0,0,0,1,0,0,0,1,0,0
8302,150.0,532.0,36.0,79,34.0,0.5,66.0,1,0,0,0,0,0,1,0,0,0,0,1,0,0,0
385,677.0,117.0,194.0,-668,69.0,0.5,152.0,0,0,0,1,0,0,0,1,0,0,1,1,0,0,0
6092,414.0,0.0,153.0,-15,138.0,0.9,147.0,0,0,0,0,1,1,1,0,0,1,0,1,0,0,0
2597,1550.0,0.0,216.0,-212,398.0,3.1,128.0,0,0,0,0,0,0,0,0,1,1,0,0,0,0,0
7106,2234.0,54.0,650.0,-180,1921.0,4.7,412.0,0,0,0,0,1,0,0,0,1,0,0,0,0,0,0
2198,408.0,0.0,32.0,-292,606.0,15.9,38.0,1,0,0,0,0,0,0,0,0,0,1,0,0,1,0
7733,876.0,642.0,430.0,662,1276.0,2.3,555.0,0,0,0,0,1,0,0,0,0,0,1,0,1,0,0
1896,1677.0,0.0,173.0,618,1462.0,11.6,126.0,0,0,0,0,1,0,0,0,0,1,1,0,0,1,0
5274,3612.0,1.0,318.0,-69,3718.0,17.5,212.0,0,0,0,0,0,0,0,0,0,1,1,0,0,1,0
905,142.0,0.0,58.0,291,88.0,3.8,23.0,0,0,0,1,0,0,1,0,0,0,0,0,0,0,0
5006,3392.0,0.0,502.0,350,5065.0,11.5,441.0,1,0,0,0,0,0,0,0,1,0,0,0,0,1,0
4485,861.0,174.0,223.0,756,687.0,2.5,275.0,0,0,0,1,0,0,0,0,0,0,1,0,1,0,0
392,1831.0,48.0,676.0,57,1443.0,2.4,593.0,0,0,0,0,0,0,1,0,0,1,0,0,1,0,0
8183,2150.0,15.0,944.0,-37,1547.0,2.3,687.0,0,0,0,0,1,0,0,0,1,0,0,0,1,0,0
3013,611.0,83.0,166.0,-128,421.0,2.2,188.0,0,0,1,0,0,1,0,0,1,1,0,0,1,0,0
2087,2162.0,0.0,316.0,714,487.0,8.0,61.0,0,0,0,0,0,0,0,1,0,0,1,0,0,1,0
448,237.0,1.0,120.0,399,604.0,2.8,217.0,0,0,1,0,0,0,1,0,0,0,0,0,1,0,0
7749,191.0,12.0,130.0,776,66.0,0.5,142.0,0,0,0,1,0,0,0,0,0,0,1,1,0,0,0
7922,1316.0,23.0,358.0,-242,1354.0,4.0,339.0,0,0,0,0,1,1,1,0,0,0,0,0,0,0,0
5653,1594.0,75.0,472.0,-155,2705.0,8.7,310.0,1,0,0,0,0,0,0,0,0,0,1,0,0,1,0
6670,74.0,0.0,15.0,485,54.0,3.9,14.0,0,1,0,0,0,0,1,0,0,0,0,0,0,0,0
3609,643.0,0.0,43.0,13,49.0,1.3,38.0,1,0,0,0,0,0,1,0,0,1,0,0,1,0,0
5671,196.0,88.0,341.0,-107,503.0,1.7,290.0,0,0,0,1,0,0,1,0,0,0,0,0,1,0,0
1651,8222.0,0.0,1083.0,100,4341.0,3.8,1140.0,1,0,0,0,0,0,0,1,0,0,1,0,0,0,0
5429,1085.0,1466.0,118.0,410,367.0,2.2,167.0,0,0,0,1,0,0,0,0,1,0,0,0,1,0,0
6971,4817.0,0.0,584.0,-423,1172.0,1.2,972.0,0,0,0,0,0,0,1,0,0,0,0,0,1,0,0
4425,391.0,43.0,153.0,130,277.0,1.2,236.0,0,0,0,0,1,0,1,0,0,0,0,0,1,0,0
3868,64.0,27.0,5.0,138,88.0,22.0,4.0,0,0,0,0,0,0,1,0,0,0,0,0,0,1,0
4008,1334.0,540.0,365.0,-198,1002.0,2.9,348.0,0,0,0,1,0,0,1,0,0,1,0,0,1,0,0
1954,36.0,117.0,138.0,158,205.0,6.6,31.0,0,0,0,0,1,0,0,0,1,1,0,0,0,1,0
2749,2645.0,8.0,167.0,-318,1378.0,12.4,111.0,0,0,1,0,0,0,0,0,0,0,1,0,0,1,0
838,1521.0,2.0,160.0,764,932.0,16.1,58.0,0,0,0,0,0,0,0,0,1,1,0,0,0,1,0
2343,33.0,767.0,341.0,928,1033.0,5.3,196.0,0,0,1,0,0,1,0,0,0,0,1,0,0,1,0
4224,865.0,41.0,28.0,-552,475.0,475.0,1.0,1,0,0,0,0,0,0,0,1,0,0,0,0,1,0
6583,431.0,24.0,84.0,25,272.0,1.7,159.0,0,0,0,0,1,0,0,0,1,0,0,0,1,0,0
5226,326.0,11.0,206.0,152,180.0,1.9,95.0,0,1,0,0,0,0,1,0,0,1,0,0,1,0,0
4265,0.0,196.0,7.0,690,15.0,7.5,2.0,1,0,0,0,0,0,0,0,1,1,0,0,0,1,0
6335,1588.0,562.0,357.0,-403,674.0,2.6,264.0,0,0,0,1,0,0,0,0,0,0,1,0,1,0,0
2100,109.0,36.0,25.0,-82,268.0,22.3,12.0,1,0,0,0,0,0,1,0,0,0,0,0,0,1,0
8103,954.0,0.0,196.0,-305,554.0,1.3,441.0,0,0,0,1,0,0,0,1,0,1,1,0,1,0,0
382,86.0,68.0,42.0,261,272.0,19.4,14.0,0,0,1,0,0,1,0,0,0,0,1,0,0,1,0
5700,64.0,165.0,46.0,-394,436.0,6.7,65.0,0,0,0,0,0,0,0,1,0,1,1,0,0,1,0
7266,3976.0,1.0,600.0,-21,3111.0,7.2,432.0,0,0,1,0,0,0,0,1,0,0,1,0,0,1,0
3561,1791.0,103.0,142.0,1,2128.0,14.9,143.0,0,0,0,0,1,0,0,0,0,1,1,0,0,1,0
4413,5586.0,39.0,719.0,-208,2564.0,2.1,1249.0,1,0,0,0,0,0,0,0,0,0,1,0,1,0,0
26,12.0,0.0,50.0,-68,39.0,0.3,114.0,1,0,0,0,0,0,0,1,0,1,1,1,0,0,0
7721,160.0,16.0,154.0,744,119.0,5.2,23.0,0,0,0,1,0,0,0,0,0,1,1,0,0,1,0
8140,270.0,43.0,85.0,-509,181.0,36.2,5.0,0,0,0,0,1,0,1,0,0,0,0,0,0,1,0
6330,138.0,110.0,55.0,-435,84.0,1.0,84.0,0,0,0,0,0,0,0,1,0,1,1,1,0,0,0
6154,921.0,2.0,1045.0,169,2637.0,5.7,466.0,0,0,0,1,0,0,1,0,0,0,0,0,0,1,0
6332,702.0,11.0,296.0,23,3074.0,6.5,470.0,0,0,0,0,1,0,0,0,0,0,1,0,0,1,0
2994,164.0,0.0,173.0,420,107.0,0.6,190.0,0,0,0,0,0,0,0,1,0,1,1,1,0,0,0
7949,8.0,0.0,7.0,592,191.0,23.9,8.0,0,0,0,0,0,0,0,1,0,0,1,0,0,1,0
6244,528.0,1.0,104.0,718,271.0,3.8,72.0,0,0,1,0,0,0,1,0,0,1,0,0,0,0,0
249,58.0,209.0,58.0,-225,122.0,2.3,54.0,0,1,0,0,0,0,1,0,0,0,0,0,1,0,0
5924,136.0,52.0,242.0,254,142.0,0.9,151.0,0,0,0,0,0,0,0,1,0,0,1,1,0,0,0
8108,2183.0,11.0,236.0,285,3075.0,10.8,286.0,0,0,0,0,0,0,0,0,1,0,0,0,0,1,0
560,305.0,25.0,221.0,-187,823.0,5.5,149.0,0,0,0,0,0,0,1,0,0,0,0,0,0,1,0
7184,1054.0,2.0,94.0,703,761.0,10.3,74.0,0,0,0,0,1,0,0,0,0,0,1,0,0,1,0
2823,713.0,10.0,63.0,-574,605.0,6.9,88.0,0,0,0,1,0,0,1,0,0,1,0,0,0,1,0
2547,88.0,1.0,54.0,-857,35.0,0.4,79.0,0,0,0,0,0,0,1,0,0,0,0,1,0,0,0
1510,109.0,2.0,29.0,-18,170.0,3.3,51.0,0,0,0,0,0,0,0,0,0,0,1,0,0,0,0
5969,1957.0,0.0,350.0,313,2526.0,3.3,762.0,0,0,0,0,1,0,0,0,1,0,0,0,0,0,0
4012,29.0,0.0,60.0,350,69.0,69.0,1.0,1,0,0,0,0,0,0,0,0,1,1,0,0,1,0
1981,82.0,12.0,4.0,-107,158.0,22.6,7.0,0,0,0,0,0,0,0,0,0,0,1,0,0,1,0
4816,3887.0,7.0,733.0,-401,2688.0,5.4,498.0,0,0,0,0,0,0,0,0,1,0,0,0,0,1,0
377,2186.0,297.0,639.0,-390,2634.0,2.6,998.0,0,0,0,0,0,0,0,0,0,0,1,0,1,0,0
4813,2771.0,53.0,606.0,610,2464.0,35.7,69.0,0,0,0,0,1,0,1,0,0,0,0,0,0,1,0
2168,403.0,126.0,203.0,-340,139.0,1.1,124.0,0,0,0,0,0,1,0,0,0,0,1,0,1,0,0
3093,1223.0,6.0,782.0,-246,2447.0,2.3,1073.0,0,0,0,0,0,1,0,0,1,0,0,0,1,0,0
4330,304.0,103.0,7.0,19,143.0,47.7,3.0,0,0,0,0,0,1,0,1,0,1,1,0,0,1,0
7169,627.0,1.0,93.0,-129,587.0,83.9,7.0,0,0,1,0,0,1,0,0,0,0,1,0,0,1,0
1799,847.0,11.0,529.0,-600,1439.0,4.7,305.0,0,0,0,1,0,0,0,0,1,1,0,0,0,0,0
6022,1921.0,13.0,699.0,-554,1514.0,1.9,782.0,0,0,0,0,0,1,1,0,0,0,0,0,1,0,0
7872,23.0,0.0,3.0,1125,3.0,3.0,1.0,1,0,0,0,0,0,1,0,0,0,0,0,0,0,0
4611,2444.0,352.0,218.0,284,1723.0,21.5,80.0,0,0,1,0,0,0,1,0,0,1,0,0,0,1,0
3742,48.0,229.0,219.0,-986,36.0,0.7,50.0,0,0,1,0,0,0,0,0,1,0,0,1,0,0,0
4132,312.0,160.0,26.0,448,374.0,19.7,19.0,0,0,0,0,1,0,1,0,0,0,0,0,0,1,0
3467,46.0,84.0,14.0,-380,42.0,2.3,18.0,0,0,0,1,0,1,0,0,0,1,1,0,1,0,0
7270,303.0,31.0,122.0,277,525.0,7.7,68.0,1,0,0,0,0,0,1,0,0,0,0,0,0,1,0
2165,123.0,48.0,62.0,330,205.0,14.6,14.0,0,0,0,0,1,0,0,1,0,1,1,0,0,1,0
6772,463.0,0.0,11.0,-344,46.0,2.3,20.0,0,0,0,0,1,0,0,1,0,0,1,0,1,0,0
2945,208.0,18.0,162.0,347,333.0,2.5,133.0,1,0,0,0,0,0,0,1,0,0,1,0,1,0,0
7020,308.0,1.0,491.0,-663,2029.0,19.7,103.0,0,0,0,0,0,0,0,0,0,1,1,0,0,1,0
8178,4192.0,0.0,1057.0,-911,644.0,0.7,953.0,1,0,0,0,0,0,0,0,1,0,0,1,0,0,0
4818,2965.0,1055.0,1350.0,-732,1444.0,2.1,676.0,1,0,0,0,0,0,1,0,0,1,0,0,1,0,0
3109,426.0,29.0,21.0,-280,300.0,30.0,10.0,1,0,0,0,0,0,0,0,1,0,0,0,0,1,0
4962,48.0,15.0,20.0,266,28.0,2.8,10.0,0,0,0,1,0,0,0,1,0,0,1,0,1,0,0
1219,2761.0,0.0,466.0,-293,1361.0,10.8,126.0,0,0,0,0,1,0,1,0,0,0,0,0,0,1,0
8501,61.0,41.0,5.0,78,65.0,65.0,1.0,0,0,0,0,0,0,1,0,0,0,0,0,0,1,0
3734,1698.0,558.0,449.0,-354,1303.0,2.6,503.0,0,0,0,0,0,0,0,0,0,0,1,0,1,0,0
4917,94.0,1.0,76.0,597,167.0,16.7,10.0,0,0,0,1,0,0,1,0,0,1,0,0,0,1,0
8182,269.0,0.0,57.0,226,646.0,646.0,1.0,0,0,0,0,1,0,0,1,0,0,1,0,0,1,0
1377,223.0,0.0,37.0,43,54.0,4.5,12.0,0,0,0,0,1,0,1,0,0,0,0,0,0,0,0
4677,595.0,9.0,143.0,-569,442.0,15.2,29.0,0,0,0,0,0,0,0,1,0,1,1,0,0,1,0
6969,1053.0,2554.0,590.0,-804,1712.0,5.0,343.0,0,0,0,0,1,0,0,0,0,0,1,0,0,0,0
7978,1098.0,0.0,26.0,66,296.0,22.8,13.0,1,0,0,0,0,0,0,0,1,0,0,0,0,1,0
6708,1129.0,2.0,114.0,-681,1277.0,6.7,190.0,0,1,0,0,0,0,0,0,1,0,0,0,0,1,0
1268,2844.0,962.0,1067.0,214,2424.0,1.8,1331.0,0,0,0,0,0,0,0,0,1,1,0,0,1,0,0
5373,1305.0,14.0,237.0,735,1394.0,10.9,128.0,1,0,0,0,0,0,0,1,0,0,1,0,0,1,0
2879,754.0,169.0,125.0,50,1765.0,14.3,123.0,1,0,0,0,0,0,1,0,0,0,0,0,0,1,0
7087,2162.0,4.0,501.0,700,1353.0,3.3,413.0,0,0,0,0,0,0,0,0,0,1,1,0,0,0,0
2845,15.0,0.0,10.0,-148,16.0,5.3,3.0,0,1,0,0,0,0,1,0,0,1,0,0,0,1,0
1588,211.0,1.0,42.0,456,1227.0,14.1,87.0,0,0,0,1,0,0,1,0,0,0,0,0,0,1,0
7951,628.0,92.0,92.0,-696,318.0,15.9,20.0,0,0,0,1,0,0,0,1,0,0,1,0,0,1,0
4094,766.0,0.0,11.0,-144,232.0,21.1,11.0,0,1,0,0,0,0,0,1,0,1,1,0,0,1,0
3619,72.0,57.0,331.0,-825,36.0,0.1,368.0,0,1,0,0,0,0,0,0,0,0,1,1,0,0,0
2392,571.0,626.0,328.0,169,829.0,4.0,207.0,1,0,0,0,0,0,0,0,0,1,1,0,0,0,0
988,601.0,28.0,207.0,34,2053.0,6.3,324.0,0,0,0,1,0,0,1,0,0,0,0,0,0,1,0
3431,3786.0,0.0,834.0,1,2142.0,2.7,779.0,0,0,0,0,1,0,0,0,0,1,1,0,1,0,0
1202,305.0,660.0,515.0,-68,818.0,7.2,114.0,1,0,0,0,0,0,0,0,1,0,0,0,0,1,0
4627,1394.0,168.0,422.0,-284,968.0,3.4,283.0,0,0,0,0,0,0,1,0,0,0,0,0,0,0,0
1349,195.0,0.0,26.0,493,897.0,74.8,12.0,0,0,0,0,0,0,0,0,0,0,1,0,0,1,0
3098,424.0,285.0,381.0,-338,1771.0,12.7,139.0,0,0,0,0,0,0,1,0,0,0,0,0,0,1,0
5913,119.0,89.0,13.0,-644,96.0,12.0,8.0,0,1,0,0,0,0,0,0,1,0,0,0,0,1,0
1630,782.0,968.0,303.0,227,3132.0,31.6,99.0,1,0,0,0,0,0,0,1,0,1,1,0,0,1,0
3884,8.0,499.0,46.0,989,33.0,0.4,89.0,0,0,0,1,0,0,1,0,0,0,0,1,0,0,0
5782,203.0,0.0,23.0,900,377.0,23.6,16.0,0,0,0,0,0,0,0,1,0,0,1,0,0,1,0
3978,0.0,0.0,2.0,-182,1.0,1.0,1.0,1,0,0,0,0,0,0,1,0,0,1,1,0,0,0
2641,1741.0,38.0,792.0,-44,721.0,1.2,587.0,0,0,0,0,1,0,1,0,0,0,0,0,1,0,0
8534,3198.0,0.0,271.0,134,1386.0,13.0,107.0,0,0,0,0,1,0,0,1,0,0,1,0,0,1,0
1934,3602.0,1523.0,1187.0,590,5117.0,7.1,720.0,0,0,0,0,1,0,0,0,1,0,0,0,0,1,0
4512,920.0,0.0,124.0,572,193.0,0.8,250.0,0,0,0,0,0,0,0,0,1,0,0,1,0,0,0
3979,2951.0,95.0,834.0,-226,2411.0,2.3,1044.0,0,0,0,0,0,0,0,1,0,0,1,0,1,0,0
793,1141.0,1.0,1117.0,-402,959.0,1.5,621.0,0,0,0,0,1,0,0,0,0,0,1,0,1,0,0
2142,3225.0,3.0,732.0,-455,2033.0,2.5,815.0,1,0,0,0,0,0,0,0,1,0,0,0,1,0,0
7013,52.0,1.0,212.0,287,446.0,7.8,57.0,0,0,0,0,0,0,1,0,0,0,0,0,0,1,0
6327,19.0,0.0,2.0,-402,2.0,1.0,2.0,0,0,0,0,1,0,1,0,0,0,0,1,0,0,0
4087,486.0,15.0,85.0,43,263.0,9.4,28.0,0,0,0,1,0,0,0,0,0,0,1,0,0,1,0
6821,29.0,355.0,31.0,49,808.0,404.0,2.0,1,0,0,0,0,0,0,1,0,0,1,0,0,1,0
3464,2051.0,62.0,443.0,-478,1956.0,2.3,861.0,1,0,0,0,0,0,0,0,0,0,1,0,1,0,0
4363,221.0,158.0,280.0,-104,230.0,6.4,36.0,0,0,0,0,1,0,0,0,1,1,0,0,0,1,0
6120,3488.0,57.0,826.0,22,1657.0,1.2,1429.0,1,0,0,0,0,0,1,0,0,0,0,0,1,0,0
1654,1427.0,0.0,387.0,227,1994.0,4.6,432.0,0,0,0,0,0,0,0,1,0,0,1,0,0,0,0
985,4387.0,766.0,383.0,-414,4137.0,17.1,242.0,0,0,0,1,0,0,0,0,1,1,0,0,0,1,0
3078,716.0,38.0,104.0,-340,310.0,23.8,13.0,0,0,0,0,1,0,0,0,0,0,1,0,0,1,0
2376,206.0,0.0,120.0,-101,48.0,0.5,99.0,1,0,0,0,0,0,0,1,0,1,1,1,0,0,0
7827,828.0,36.0,232.0,539,706.0,6.5,108.0,0,0,1,0,0,0,1,0,0,0,0,0,0,1,0
3962,1491.0,20.0,66.0,-793,547.0,36.5,15.0,0,0,0,0,0,1,0,0,1,1,0,0,0,1,0
4948,158.0,974.0,22.0,-276,717.0,31.2,23.0,1,0,0,0,0,0,0,0,1,0,0,0,0,1,0
6645,299.0,1.0,22.0,124,375.0,23.4,16.0,0,0,0,0,0,0,0,0,1,0,0,0,0,1,0
58,1601.0,26.0,307.0,-112,1319.0,13.9,95.0,0,0,1,0,0,0,1,0,0,1,0,0,0,1,0
3418,821.0,5.0,169.0,-572,1226.0,9.4,131.0,0,0,0,0,0,0,0,1,0,1,1,0,0,1,0
1485,1611.0,488.0,621.0,-396,1941.0,7.0,278.0,1,0,0,0,0,0,0,1,0,1,1,0,0,1,0
8112,1486.0,27.0,332.0,257,673.0,3.9,171.0,1,0,0,0,0,1,0,1,0,0,1,0,0,0,0
4692,188.0,59.0,91.0,-74,145.0,0.8,190.0,1,0,0,0,0,0,0,1,0,1,1,1,0,0,0
1090,794.0,6.0,52.0,761,276.0,12.0,23.0,0,0,0,0,0,0,1,0,0,0,0,0,0,1,0
4407,3729.0,217.0,685.0,-116,3547.0,3.8,942.0,0,0,0,0,0,1,1,0,0,0,0,0,0,0,0
8198,66.0,1.0,42.0,244,375.0,125.0,3.0,0,0,1,0,0,0,0,1,0,0,1,0,0,1,0
7216,38.0,5.0,11.0,-1160,7.0,0.2,39.0,0,0,1,0,0,1,0,0,0,0,1,1,0,0,0
5298,183.0,18.0,62.0,-249,122.0,7.2,17.0,0,0,1,0,0,0,1,0,0,0,0,0,0,1,0
62,2691.0,175.0,215.0,-30,3990.0,47.5,84.0,1,0,0,0,0,0,0,0,1,0,0,0,0,1,0
6387,724.0,317.0,176.0,-255,1845.0,5.4,344.0,0,0,0,0,1,0,0,0,1,0,0,0,0,1,0
5051,43.0,0.0,81.0,84,301.0,14.3,21.0,0,0,0,0,1,0,0,0,1,0,0,0,0,1,0
37,488.0,3.0,296.0,-566,934.0,14.4,65.0,0,0,0,0,0,0,0,1,0,1,1,0,0,1,0
8338,466.0,409.0,279.0,57,818.0,1.9,437.0,0,0,0,0,0,0,0,0,1,0,0,0,1,0,0
3622,427.0,275.0,210.0,-204,234.0,29.2,8.0,0,0,1,0,0,0,0,1,0,0,1,0,0,1,0
5950,889.0,2990.0,611.0,590,2263.0,3.0,759.0,0,0,0,0,1,0,0,0,1,0,0,0,0,0,0
5343,839.0,28.0,388.0,576,483.0,1.0,503.0,1,0,0,0,0,0,0,1,0,0,1,1,0,0,0
4614,667.0,49.0,184.0,247,549.0,5.8,95.0,0,0,0,0,0,0,0,1,0,0,1,0,0,1,0
5408,3472.0,328.0,1030.0,366,3592.0,5.8,615.0,0,0,0,0,0,0,0,0,1,0,0,0,0,1,0
6265,2334.0,42.0,184.0,-451,836.0,7.3,115.0,0,0,1,0,0,0,0,0,1,0,0,0,0,1,0
8350,1372.0,16.0,163.0,-151,392.0,4.7,84.0,0,0,0,0,1,0,0,1,0,0,1,0,0,0,0
3924,144.0,7.0,15.0,1088,598.0,59.8,10.0,0,0,0,0,0,0,0,1,0,0,1,0,0,1,0
4788,2.0,7.0,5.0,-501,18.0,1.5,12.0,1,0,0,0,0,0,0,0,0,0,1,0,1,0,0
1238,1225.0,0.0,90.0,-919,436.0,19.8,22.0,0,0,0,0,1,0,0,0,0,1,1,0,0,1,0
2884,50.0,0.0,5.0,-33,11.0,1.6,7.0,0,0,0,0,1,1,0,0,1,0,0,0,1,0,0
6409,1795.0,162.0,1256.0,156,3867.0,5.4,719.0,0,0,0,0,0,0,1,0,0,1,0,0,0,1,0
4519,69.0,7.0,9.0,94,210.0,35.0,6.0,0,0,0,0,0,0,0,0,0,0,1,0,0,1,0
3374,2549.0,2.0,771.0,1,2062.0,3.7,564.0,0,0,0,0,1,0,0,0,0,0,1,0,0,0,0
5885,22.0,5.0,27.0,275,150.0,5.8,26.0,0,0,0,0,0,0,0,0,1,1,0,0,0,1,0
5965,3627.0,488.0,1171.0,-226,3836.0,5.8,658.0,0,0,0,0,0,0,1,0,0,0,0,0,0,1,0
6277,466.0,0.0,75.0,-561,463.0,6.0,77.0,0,0,0,0,0,0,0,1,0,1,1,0,0,1,0
1572,875.0,0.0,115.0,31,367.0,3.7,98.0,1,0,0,0,0,0,0,0,1,0,0,0,0,0,0
7517,303.0,659.0,245.0,-872,289.0,2.9,100.0,0,0,0,0,0,1,0,0,1,0,0,0,1,0,0
758,5499.0,2683.0,1967.0,315,9004.0,8.6,1043.0,1,0,0,0,0,0,1,0,0,1,0,0,0,1,0
8278,3468.0,2269.0,1385.0,-58,5149.0,4.5,1139.0,0,0,0,0,0,0,0,1,0,0,1,0,0,0,0
2607,153.0,0.0,47.0,-30,718.0,26.6,27.0,0,0,0,0,0,0,0,1,0,0,1,0,0,1,0
4591,846.0,1.0,89.0,-565,291.0,4.7,62.0,0,0,0,0,0,0,0,1,0,1,1,0,0,0,0
2690,1460.0,963.0,185.0,541,3064.0,71.3,43.0,0,0,1,0,0,0,0,0,1,0,0,0,0,1,0
8544,45.0,18.0,26.0,378,6.0,0.6,10.0,0,0,0,0,0,1,0,1,0,0,1,1,0,0,0
5442,2885.0,152.0,613.0,-420,1916.0,2.7,697.0,0,0,0,0,0,0,0,0,1,0,0,0,1,0,0
4232,2298.0,0.0,162.0,-201,404.0,25.2,16.0,0,0,0,0,0,0,0,0,1,0,0,0,0,1,0
4221,239.0,0.0,43.0,-990,342.0,10.4,33.0,0,0,0,0,1,0,1,0,0,1,0,0,0,1,0
912,668.0,0.0,99.0,7,102.0,2.8,36.0,0,0,0,0,1,0,1,0,0,1,0,0,1,0,0
7360,232.0,95.0,217.0,301,648.0,4.1,157.0,0,1,0,0,0,0,0,1,0,0,1,0,0,0,0
510,2816.0,1350.0,1241.0,-100,2978.0,2.1,1436.0,0,0,0,1,0,0,0,0,0,0,1,0,1,0,0
601,3133.0,35.0,252.0,-211,3271.0,10.7,306.0,0,0,0,0,0,0,0,1,0,0,1,0,0,1,0
8593,151.0,4.0,69.0,430,43.0,0.5,87.0,1,0,0,0,0,0,0,0,0,0,1,1,0,0,0
4352,1160.0,0.0,239.0,-193,660.0,2.7,249.0,0,0,0,0,0,0,0,0,1,0,0,0,1,0,0
7919,1914.0,9.0,313.0,126,586.0,6.2,94.0,0,1,0,0,0,0,0,0,1,1,0,0,0,1,0
6803,3298.0,57.0,536.0,-138,1724.0,6.0,286.0,1,0,0,0,0,0,0,0,1,1,0,0,0,1,0
5476,3688.0,2416.0,583.0,29,3614.0,5.0,725.0,0,0,1,0,0,0,1,0,0,0,0,0,0,0,0
6981,1740.0,1.0,239.0,537,872.0,6.3,139.0,0,0,0,0,0,0,0,0,1,0,0,0,0,1,0
1171,56.0,0.0,77.0,105,25.0,1.0,24.0,0,0,0,0,0,0,1,0,0,0,0,1,0,0,0
222,63.0,51.0,90.0,57,16.0,0.2,66.0,0,1,0,0,0,0,0,0,1,0,0,1,0,0,0
5306,1.0,894.0,75.0,400,160.0,2.7,60.0,0,0,0,0,0,0,0,0,0,0,1,0,1,0,0
1097,87.0,0.0,19.0,405,17.0,1.7,10.0,0,0,0,0,1,0,0,1,0,1,1,0,1,0,0
3411,186.0,1.0,43.0,-620,553.0,553.0,1.0,1,0,0,0,0,0,0,0,1,1,0,0,0,1,0
4324,360.0,34.0,137.0,836,581.0,2.1,280.0,0,0,0,0,0,0,0,0,0,0,1,0,1,0,0
8135,3007.0,24.0,957.0,29,1967.0,2.3,864.0,0,0,1,0,0,0,0,0,0,0,1,0,1,0,0
3940,5207.0,636.0,927.0,-49,3611.0,6.7,539.0,1,0,0,0,0,0,0,1,0,0,1,0,0,1,0
5601,4860.0,2708.0,1478.0,113,5094.0,5.3,963.0,0,1,0,0,0,0,0,1,0,1,1,0,0,1,0
8542,4294.0,11.0,392.0,61,3918.0,10.3,381.0,0,0,0,0,1,0,0,0,1,0,0,0,0,1,0
5313,1305.0,63.0,563.0,483,1890.0,4.9,389.0,0,0,0,0,0,0,0,0,0,1,1,0,0,0,0
1035,228.0,1.0,92.0,-193,383.0,3.4,112.0,0,1,0,0,0,0,0,0,1,1,0,0,0,0,0
4501,2177.0,15.0,528.0,555,3805.0,19.6,194.0,0,0,0,0,1,0,1,0,0,1,0,0,0,1,0
5895,1301.0,0.0,399.0,70,1051.0,3.9,267.0,1,0,0,0,0,1,0,0,1,1,0,0,0,0,0
4191,1080.0,2.0,390.0,136,807.0,11.5,70.0,0,0,0,0,0,0,1,0,0,1,0,0,0,1,0
2244,643.0,4.0,332.0,-429,1739.0,5.1,343.0,1,0,0,0,0,0,1,0,0,0,0,0,0,1,0
5798,144.0,1013.0,91.0,-14,59.0,2.6,23.0,0,0,0,1,0,0,0,0,1,0,0,0,1,0,0
4201,1165.0,8.0,261.0,148,974.0,15.2,64.0,0,0,0,1,0,0,0,1,0,0,1,0,0,1,0
4114,1148.0,94.0,112.0,272,908.0,18.5,49.0,1,0,0,0,0,0,0,0,0,0,1,0,0,1,0
6226,3556.0,1832.0,837.0,120,4963.0,18.2,272.0,0,0,0,0,0,0,0,0,0,0,1,0,0,1,0
195,2178.0,1.0,367.0,453,770.0,2.8,272.0,0,1,0,0,0,0,1,0,0,1,0,0,1,0,0
7619,108.0,9.0,60.0,-296,522.0,87.0,6.0,0,0,0,0,0,0,0,0,1,1,0,0,0,1,0
2095,1876.0,45.0,277.0,108,1708.0,7.3,235.0,0,0,0,0,1,1,1,0,0,0,0,0,0,1,0
7047,13.0,0.0,4.0,-386,11.0,5.5,2.0,0,1,0,0,0,0,0,1,0,0,1,0,0,1,0
7178,37.0,88.0,57.0,356,259.0,6.3,41.0,0,0,0,0,0,0,0,0,0,0,1,0,0,1,0
3505,1353.0,0.0,441.0,-90,465.0,1.0,447.0,0,0,0,0,0,0,0,0,0,1,1,1,0,0,0
2137,1024.0,2742.0,419.0,204,4000.0,13.1,305.0,1,0,0,0,0,0,1,0,0,1,0,0,0,1,0
1693,40.0,64.0,58.0,475,623.0,4.6,136.0,0,0,0,0,0,0,0,0,0,1,1,0,0,0,0
5922,4861.0,47.0,887.0,65,1592.0,3.3,488.0,0,0,0,1,0,0,0,0,1,0,0,0,0,0,0
5914,20.0,12.0,1.0,332,118.0,118.0,1.0,0,0,0,1,0,0,0,1,0,0,1,0,0,1,0
5358,533.0,0.0,40.0,410,574.0,47.8,12.0,0,0,1,0,0,0,0,0,0,1,1,0,0,1,0
1350,363.0,74.0,116.0,813,209.0,10.4,20.0,0,0,0,0,0,1,1,0,0,0,0,0,0,1,0
7009,434.0,2447.0,415.0,284,1265.0,4.8,261.0,1,0,0,0,0,0,0,0,1,1,0,0,0,0,0
8104,859.0,1057.0,257.0,270,1175.0,7.2,164.0,0,0,0,0,1,0,0,0,1,1,0,0,0,1,0
1854,2585.0,1633.0,346.0,645,1656.0,11.5,144.0,0,0,0,0,0,0,0,1,0,0,1,0,0,1,0
2514,313.0,242.0,87.0,-533,584.0,6.3,93.0,0,0,0,1,0,0,0,0,1,1,0,0,0,1,0
1717,675.0,11.0,399.0,-595,1997.0,8.4,237.0,0,0,0,0,0,0,0,0,1,1,0,0,0,1,0
3264,4.0,0.0,5.0,-215,18.0,9.0,2.0,1,0,0,0,0,0,1,0,0,0,0,0,0,1,0
4281,0.0,2.0,2.0,-123,4.0,0.6,7.0,0,0,0,0,1,0,0,0,0,0,1,1,0,0,0
8407,9043.0,192.0,2160.0,-291,6760.0,3.2,2117.0,0,0,0,0,1,0,0,1,0,0,1,0,0,0,0
1160,192.0,139.0,4.0,304,760.0,63.3,12.0,0,0,0,0,0,0,0,0,1,1,0,0,0,1,0
6188,551.0,1461.0,350.0,30,2004.0,10.1,198.0,0,0,0,1,0,0,0,0,0,0,1,0,0,1,0
461,5037.0,95.0,856.0,-887,2940.0,4.4,664.0,0,1,0,0,0,0,0,0,0,0,1,0,0,0,0
3857,101.0,243.0,35.0,848,380.0,29.2,13.0,0,1,0,0,0,0,0,1,0,0,1,0,0,1,0
8425,767.0,24.0,428.0,-145,775.0,2.7,291.0,0,0,1,0,0,0,0,0,1,0,0,0,1,0,0
4723,1078.0,0.0,258.0,-66,414.0,1.8,232.0,1,0,0,0,0,0,0,1,0,1,1,0,1,0,0
2596,1537.0,0.0,98.0,-117,1431.0,37.7,38.0,0,0,0,0,1,0,0,0,1,1,0,0,0,1,0
8733,94.0,0.0,15.0,-765,21.0,5.2,4.0,0,0,0,0,0,0,1,0,0,0,0,0,0,1,0
3153,1099.0,28.0,242.0,701,523.0,0.7,704.0,0,0,0,0,0,0,0,1,0,0,1,1,0,0,0
6491,608.0,38.0,327.0,113,184.0,0.3,721.0,0,0,0,1,0,1,0,0,1,1,0,1,0,0,0
1745,391.0,170.0,118.0,440,322.0,1.0,330.0,0,0,0,0,1,0,0,0,1,0,0,1,0,0,0
6634,1474.0,0.0,6.0,-106,308.0,38.5,8.0,0,1,0,0,0,0,0,0,0,1,1,0,0,1,0
6113,745.0,18.0,241.0,165,308.0,1.1,282.0,0,0,0,0,0,0,1,0,0,0,0,0,1,0,0
2899,960.0,219.0,257.0,178,362.0,1.9,188.0,1,0,0,0,0,0,1,0,0,1,0,0,1,0,0
3329,740.0,0.0,236.0,-168,460.0,4.7,98.0,1,0,0,0,0,0,0,1,0,0,1,0,0,0,0
6255,186.0,9.0,23.0,-578,26.0,1.3,20.0,1,0,0,0,0,0,0,1,0,0,1,0,1,0,0
7501,0.0,508.0,29.0,-223,45.0,1.8,25.0,0,0,1,0,0,0,0,0,0,0,1,0,1,0,0
2674,1378.0,0.0,38.0,-427,204.0,5.8,35.0,0,0,0,1,0,0,1,0,0,1,0,0,0,1,0
253,999.0,488.0,850.0,-260,1993.0,1.9,1034.0,0,0,0,0,0,0,0,0,1,1,0,0,1,0,0
6005,506.0,0.0,17.0,-467,142.0,4.7,30.0,1,0,0,0,0,0,0,0,0,0,1,0,0,0,0
4657,449.0,1.0,65.0,-247,76.0,5.8,13.0,0,0,0,0,0,0,1,0,0,0,0,0,0,1,0
6341,129.0,0.0,128.0,-122,30.0,0.3,86.0,0,0,0,0,1,0,0,1,0,0,1,1,0,0,0
6293,1143.0,0.0,61.0,727,604.0,10.2,59.0,0,0,0,0,0,0,0,0,1,0,0,0,0,1,0
3674,600.0,281.0,276.0,-426,450.0,25.0,18.0,0,0,1,0,0,0,0,1,0,0,1,0,0,1,0
8111,223.0,4.0,49.0,24,814.0,18.1,45.0,0,1,0,0,0,0,1,0,0,0,0,0,0,1,0
6611,157.0,224.0,243.0,-250,301.0,1.2,260.0,0,0,0,0,0,0,0,1,0,0,1,0,1,0,0
7072,84.0,9.0,11.0,-453,42.0,10.5,4.0,1,0,0,0,0,0,0,0,1,1,0,0,0,1,0
2790,1779.0,6.0,453.0,-280,989.0,2.0,506.0,0,1,0,0,0,1,0,0,1,0,0,0,1,0,0
3681,390.0,673.0,438.0,347,417.0,2.1,198.0,0,0,0,0,0,0,0,1,0,1,1,0,1,0,0
4708,5092.0,144.0,1148.0,554,2277.0,4.5,502.0,0,0,0,0,0,0,1,0,0,1,0,0,0,0,0
5515,251.0,249.0,124.0,675,327.0,0.5,625.0,0,0,0,0,0,0,1,0,0,1,0,1,0,0,0
1722,196.0,128.0,184.0,124,711.0,6.4,111.0,0,0,0,0,0,0,1,0,0,0,0,0,0,1,0
4880,142.0,0.0,49.0,210,126.0,2.4,53.0,0,0,0,0,1,0,1,0,0,1,0,0,1,0,0
2421,121.0,1.0,456.0,-185,115.0,0.5,228.0,0,0,0,0,1,0,0,0,1,1,0,1,0,0,0
4731,160.0,227.0,15.0,577,403.0,28.8,14.0,1,0,0,0,0,0,0,0,0,1,1,0,0,1,0
5930,542.0,4.0,153.0,-235,367.0,3.6,102.0,0,0,0,1,0,0,1,0,0,0,0,0,0,0,0
7152,3658.0,3.0,671.0,-670,2130.0,3.9,552.0,1,0,0,0,0,0,0,0,0,0,1,0,0,0,0
1338,34.0,2.0,30.0,-308,43.0,8.6,5.0,0,0,0,0,0,0,0,0,0,0,1,0,0,1,0
8449,152.0,0.0,89.0,-410,26.0,0.7,38.0,0,0,0,0,0,0,0,0,1,1,0,1,0,0,0
1738,1897.0,46.0,257.0,-396,1873.0,3.6,520.0,0,0,1,0,0,0,0,0,1,0,0,0,0,0,0
5701,133.0,710.0,273.0,1,1457.0,29.7,49.0,0,0,0,0,0,0,0,0,1,0,0,0,0,1,0
2440,18.0,13.0,61.0,-56,426.0,9.7,44.0,0,0,0,0,0,0,0,0,0,1,1,0,0,1,0
6091,312.0,1.0,122.0,81,442.0,9.0,49.0,0,0,0,0,0,0,0,0,1,0,0,0,0,1,0
4143,8.0,0.0,39.0,895,27.0,0.4,67.0,0,0,0,0,1,0,0,1,0,0,1,1,0,0,0
7253,2503.0,92.0,643.0,-394,2134.0,10.6,201.0,1,0,0,0,0,1,0,0,0,0,1,0,0,1,0
7142,4066.0,2241.0,2796.0,-356,3248.0,0.9,3505.0,0,0,1,0,0,0,0,0,0,0,1,1,0,0,0
6139,1081.0,19.0,187.0,-163,1759.0,10.3,170.0,0,0,0,0,0,0,0,0,1,0,0,0,0,1,0
632,67.0,91.0,175.0,-86,444.0,7.8,57.0,0,0,0,1,0,0,1,0,0,1,0,0,0,1,0
1453,635.0,533.0,345.0,86,1327.0,4.4,301.0,0,0,0,1,0,0,0,1,0,0,1,0,0,0,0
2567,18.0,0.0,38.0,375,22.0,0.5,47.0,0,1,0,0,0,0,0,0,0,0,1,1,0,0,0
3348,683.0,1.0,239.0,122,269.0,1.8,151.0,0,0,0,1,0,0,0,1,0,0,1,0,1,0,0
388,119.0,0.0,127.0,-643,30.0,0.2,149.0,0,0,0,0,0,0,0,0,1,0,0,1,0,0,0
7976,331.0,780.0,33.0,343,335.0,41.9,8.0,0,0,0,1,0,0,0,1,0,0,1,0,0,1,0
3168,1026.0,3086.0,1052.0,201,2839.0,3.3,864.0,1,0,0,0,0,1,0,0,1,1,0,0,0,0,0
8265,3.0,0.0,6.0,388,71.0,17.8,4.0,0,0,0,0,1,0,0,0,0,0,1,0,0,1,0
3894,1613.0,0.0,373.0,58,548.0,1.8,305.0,0,0,0,0,0,0,0,1,0,0,1,0,1,0,0
8023,3922.0,0.0,2278.0,487,5284.0,2.5,2086.0,0,0,0,0,1,0,1,0,0,1,0,0,1,0,0
6433,333.0,0.0,41.0,-174,228.0,4.3,53.0,0,0,0,0,1,0,1,0,0,1,0,0,0,0,0
8360,257.0,2.0,137.0,-343,274.0,2.6,105.0,0,0,0,0,0,0,0,1,0,0,1,0,1,0,0
4930,656.0,1354.0,455.0,93,1742.0,4.5,389.0,0,0,0,0,0,0,0,0,1,0,0,0,0,0,0
246,10429.0,46.0,1767.0,233,8818.0,4.2,2101.0,0,0,0,0,0,0,1,0,0,0,0,0,0,0,0
1389,4522.0,997.0,946.0,147,5831.0,9.1,642.0,0,0,0,0,1,0,0,0,1,0,0,0,0,1,0
7058,359.0,0.0,26.0,-278,517.0,517.0,1.0,0,0,0,1,0,0,0,1,0,1,1,0,0,1,0
7433,1736.0,2872.0,1175.0,-411,5022.0,11.6,432.0,0,0,0,1,0,0,0,0,1,0,0,0,0,1,0
2409,1187.0,1.0,334.0,141,354.0,2.0,175.0,0,0,0,0,1,0,1,0,0,0,0,0,1,0,0
7329,8386.0,615.0,2271.0,-240,6694.0,3.8,1780.0,0,1,0,0,0,0,0,0,1,0,0,0,0,0,0
1257,311.0,2.0,17.0,-225,706.0,100.9,7.0,0,0,0,0,0,0,0,0,0,1,1,0,0,1,0
1848,19.0,2546.0,7.0,-255,682.0,682.0,1.0,1,0,0,0,0,0,0,0,1,0,0,0,0,1,0
1551,508.0,2415.0,176.0,-513,1469.0,16.7,88.0,0,0,0,1,0,0,0,0,0,0,1,0,0,1,0
7454,36.0,43.0,114.0,817,84.0,0.5,157.0,0,1,0,0,0,0,0,1,0,0,1,1,0,0,0
2482,495.0,23.0,263.0,328,297.0,4.8,62.0,1,0,0,0,0,0,0,0,1,0,0,0,0,0,0
5223,1236.0,2.0,392.0,151,1133.0,3.3,347.0,0,0,0,0,0,0,0,1,0,0,1,0,0,0,0
2179,757.0,0.0,128.0,903,1156.0,17.5,66.0,0,0,0,0,0,0,0,0,1,1,0,0,0,1,0
6031,310.0,124.0,86.0,-534,774.0,36.9,21.0,0,0,0,0,0,0,0,0,1,1,0,0,0,1,0
4804,3157.0,66.0,1263.0,219,3045.0,5.4,568.0,1,0,0,0,0,0,1,0,0,1,0,0,0,1,0
4359,237.0,74.0,539.0,326,390.0,2.6,149.0,0,0,0,0,0,0,1,0,0,1,0,0,1,0,0
5931,151.0,0.0,13.0,-430,64.0,2.1,30.0,0,0,0,1,0,0,1,0,0,0,0,0,1,0,0
527,5231.0,0.0,509.0,-923,2607.0,25.1,104.0,0,0,0,0,0,1,1,0,0,1,0,0,0,1,0
1673,498.0,1.0,105.0,114,330.0,3.8,86.0,0,0,0,0,0,0,1,0,0,1,0,0,0,0,0
6304,4882.0,0.0,618.0,-168,1107.0,3.1,357.0,1,0,0,0,0,0,1,0,0,1,0,0,0,0,0
1684,765.0,1976.0,558.0,-411,853.0,2.5,341.0,1,0,0,0,0,0,0,0,0,0,1,0,1,0,0
2126,1594.0,1.0,152.0,-222,1587.0,18.9,84.0,0,0,0,0,1,0,0,0,1,0,0,0,0,1,0
6402,437.0,651.0,176.0,151,1422.0,9.9,144.0,1,0,0,0,0,0,0,0,1,0,0,0,0,1,0
3274,402.0,76.0,95.0,62,1971.0,82.1,24.0,1,0,0,0,0,0,0,1,0,1,1,0,0,1,0
6601,1089.0,155.0,406.0,29,3055.0,24.1,127.0,0,0,0,0,1,0,1,0,0,0,0,0,0,1,0
3493,579.0,414.0,95.0,125,1118.0,372.7,3.0,0,0,0,1,0,0,0,0,0,0,1,0,0,1,0
6021,1475.0,0.0,152.0,-202,732.0,20.9,35.0,0,1,0,0,0,0,0,0,0,0,1,0,0,1,0
5907,735.0,1.0,164.0,-571,224.0,28.0,8.0,0,0,0,1,0,0,0,0,0,0,1,0,0,1,0
8048,2057.0,101.0,220.0,-293,1051.0,11.7,90.0,0,0,0,0,0,0,0,0,1,1,0,0,0,1,0
82,1243.0,159.0,656.0,492,610.0,2.3,264.0,0,1,0,0,0,0,0,1,0,0,1,0,1,0,0
7652,604.0,0.0,38.0,-392,1764.0,196.0,9.0,0,0,0,0,0,0,0,1,0,0,1,0,0,1,0
2404,68.0,0.0,2.0,-224,22.0,4.4,5.0,0,0,1,0,0,0,0,1,0,0,1,0,0,0,0
6305,2864.0,26.0,392.0,-155,737.0,4.5,165.0,0,0,0,1,0,0,1,0,0,0,0,0,0,0,0
7822,3279.0,0.0,653.0,427,1718.0,6.1,282.0,0,1,0,0,0,0,0,0,0,0,1,0,0,1,0
2975,1069.0,224.0,927.0,581,1764.0,5.1,349.0,0,0,0,0,1,1,1,0,0,0,0,0,0,1,0
4567,3992.0,34.0,534.0,-349,2008.0,2.4,844.0,1,0,0,0,0,0,1,0,0,0,0,0,1,0,0
7805,1943.0,205.0,156.0,-354,703.0,8.4,84.0,0,0,0,0,0,0,0,0,1,0,0,0,0,1,0
5596,230.0,79.0,122.0,-780,29.0,0.9,31.0,0,0,0,1,0,0,0,1,0,0,1,1,0,0,0
3521,43.0,0.0,4.0,180,61.0,20.3,3.0,0,0,0,0,0,1,0,0,1,0,0,0,0,1,0
8545,3013.0,516.0,441.0,-233,960.0,1.3,746.0,0,0,0,0,0,0,0,1,0,1,1,0,1,0,0
939,2142.0,4.0,757.0,-137,3053.0,3.9,790.0,0,0,0,0,0,0,0,1,0,1,1,0,0,0,0
3604,166.0,0.0,18.0,-50,70.0,35.0,2.0,0,0,0,0,0,0,0,0,0,0,1,0,0,1,0
719,584.0,0.0,63.0,-209,360.0,24.0,15.0,0,0,0,0,0,0,0,1,0,0,1,0,0,1,0
2477,2.0,0.0,34.0,684,12.0,6.0,2.0,1,0,0,0,0,0,1,0,0,1,0,0,0,1,0
4726,164.0,9.0,60.0,58,587.0,17.8,33.0,0,0,0,0,1,0,0,1,0,0,1,0,0,1,0
5301,187.0,91.0,146.0,37,120.0,0.6,205.0,0,0,0,0,1,0,0,0,0,1,1,1,0,0,0
378,4144.0,0.0,671.0,117,1989.0,2.2,911.0,0,0,0,1,0,0,0,0,1,0,0,0,1,0,0
7863,1378.0,0.0,237.0,-284,776.0,2.3,331.0,0,0,0,1,0,0,0,0,0,1,1,0,1,0,0
1918,85.0,1264.0,88.0,507,634.0,7.6,83.0,0,0,0,1,0,0,0,1,0,0,1,0,0,1,0
1191,1324.0,0.0,459.0,25,953.0,3.8,249.0,0,0,0,0,1,0,0,0,0,0,1,0,0,0,0
5635,19.0,36.0,46.0,1012,6.0,0.6,10.0,1,0,0,0,0,0,0,0,1,0,0,1,0,0,0
1406,232.0,0.0,110.0,-307,264.0,2.4,108.0,0,0,0,0,1,0,0,0,0,0,1,0,1,0,0
8381,1800.0,109.0,356.0,77,2587.0,10.5,247.0,0,0,0,0,0,0,0,1,0,1,1,0,0,1,0
3950,664.0,84.0,199.0,-188,343.0,2.8,121.0,0,0,0,0,0,1,0,1,0,1,1,0,1,0,0
6379,12.0,17.0,23.0,-203,8.0,2.7,3.0,0,1,0,0,0,0,0,0,0,0,1,0,1,0,0
3251,1712.0,152.0,533.0,-457,2804.0,20.5,137.0,0,0,0,0,0,0,0,0,0,0,1,0,0,1,0
8246,286.0,19.0,106.0,462,512.0,5.6,91.0,1,0,0,0,0,0,0,0,0,0,1,0,0,1,0
8716,1182.0,1.0,435.0,716,2272.0,5.2,435.0,0,0,0,0,0,0,0,0,1,1,0,0,0,1,0
5822,788.0,5.0,597.0,668,1478.0,3.9,382.0,0,0,0,0,1,0,0,0,0,0,1,0,0,0,0
5316,1118.0,2.0,121.0,-712,274.0,0.9,308.0,0,0,0,0,1,0,0,0,0,0,1,1,0,0,0
2831,56.0,5.0,109.0,-583,264.0,37.7,7.0,0,1,0,0,0,0,0,1,0,1,1,0,0,1,0
8754,191.0,4.0,27.0,-525,449.0,149.7,3.0,0,1,0,0,0,0,0,0,1,1,0,0,0,1,0
2967,152.0,0.0,68.0,791,847.0,40.3,21.0,0,0,0,0,1,0,0,0,1,0,0,0,0,1,0
8524,543.0,73.0,267.0,-306,988.0,6.8,145.0,0,0,0,0,0,0,1,0,0,0,0,0,0,1,0
88,8.0,0.0,19.0,803,145.0,36.2,4.0,1,0,0,0,0,1,0,1,0,0,1,0,0,1,0
83,2029.0,233.0,285.0,773,2351.0,6.4,370.0,1,0,0,0,0,1,0,0,1,0,0,0,0,1,0
7478,1623.0,356.0,149.0,-229,1492.0,8.2,182.0,0,0,0,0,0,1,0,1,0,0,1,0,0,1,0
684,974.0,99.0,210.0,-114,1327.0,23.7,56.0,0,0,0,0,0,0,0,1,0,0,1,0,0,1,0
5735,252.0,0.0,27.0,-131,597.0,4.6,130.0,0,0,0,1,0,0,0,0,1,0,0,0,0,0,0
338,70.0,16.0,97.0,214,86.0,0.6,148.0,0,0,0,1,0,0,0,1,0,0,1,1,0,0,0
5194,525.0,663.0,376.0,28,851.0,1.7,513.0,0,0,0,0,0,0,0,0,1,0,0,0,1,0,0
1490,175.0,57.0,7.0,-498,83.0,8.3,10.0,0,0,1,0,0,0,0,0,0,0,1,0,0,1,0
8165,2985.0,317.0,960.0,523,1367.0,0.9,1439.0,0,0,0,0,0,0,0,0,0,0,1,1,0,0,0
8372,70.0,70.0,90.0,75,88.0,2.1,42.0,0,0,0,1,0,0,0,1,0,0,1,0,1,0,0
1167,749.0,1960.0,340.0,126,4114.0,8.0,513.0,0,0,0,0,0,0,0,1,0,0,1,0,0,1,0
2340,3462.0,992.0,930.0,351,4956.0,3.8,1295.0,1,0,0,0,0,0,0,1,0,0,1,0,0,0,0
2465,9.0,16.0,2.0,-253,15.0,15.0,1.0,0,0,0,1,0,0,0,0,1,0,0,0,0,1,0
832,1470.0,8.0,320.0,157,596.0,4.9,121.0,0,0,1,0,0,0,0,1,0,1,1,0,0,0,0
1564,18.0,0.0,27.0,-414,171.0,4.0,43.0,0,0,0,1,0,0,1,0,0,1,0,0,0,0,0
7591,750.0,1524.0,208.0,768,2427.0,19.3,126.0,0,0,0,1,0,0,1,0,0,0,0,0,0,1,0
3213,507.0,0.0,59.0,-247,148.0,8.7,17.0,0,0,0,0,1,0,0,0,0,0,1,0,0,1,0
2687,1426.0,177.0,351.0,405,1780.0,4.4,402.0,0,1,0,0,0,0,1,0,0,1,0,0,0,0,0
2669,776.0,0.0,147.0,-194,52.0,5.8,9.0,0,1,0,0,0,0,0,0,0,0,1,0,0,1,0
3448,1474.0,125.0,280.0,-131,543.0,5.7,95.0,0,1,0,0,0,0,0,0,1,0,0,0,0,1,0
678,195.0,85.0,52.0,483,866.0,37.7,23.0,0,1,0,0,0,0,1,0,0,0,0,0,0,1,0
3177,4979.0,899.0,1048.0,-149,3841.0,3.1,1229.0,1,0,0,0,0,0,0,0,1,0,0,0,0,0,0
6228,773.0,67.0,465.0,-333,447.0,1.6,276.0,0,1,0,0,0,0,1,0,0,0,0,0,1,0,0
5738,368.0,167.0,39.0,-67,826.0,19.2,43.0,0,0,0,0,0,0,0,0,1,0,0,0,0,1,0
8646,6.0,437.0,14.0,315,182.0,10.1,18.0,0,0,0,1,0,0,0,0,1,0,0,0,0,1,0
882,2044.0,146.0,519.0,-49,1585.0,4.8,328.0,0,0,0,0,1,0,0,0,1,0,0,0,0,0,0
6107,1721.0,127.0,627.0,113,1056.0,1.0,1068.0,0,0,0,0,0,0,1,0,0,0,0,1,0,0,0
1429,1498.0,0.0,886.0,-37,1374.0,1.1,1263.0,0,0,1,0,0,0,0,0,1,0,0,0,1,0,0
8194,13.0,0.0,74.0,-262,12.0,0.3,46.0,0,0,0,0,1,0,0,1,0,1,1,1,0,0,0
7748,603.0,0.0,116.0,-320,285.0,2.5,115.0,0,0,0,0,0,1,0,0,1,1,0,0,1,0,0
5115,51.0,133.0,125.0,-129,40.0,0.5,87.0,1,0,0,0,0,0,0,1,0,0,1,1,0,0,0
857,470.0,6.0,105.0,459,113.0,0.8,146.0,0,0,0,1,0,0,0,0,1,0,0,1,0,0,0
3030,1064.0,354.0,635.0,-331,1923.0,3.5,546.0,0,0,0,1,0,0,0,0,0,0,1,0,0,0,0
1674,1638.0,0.0,161.0,-529,457.0,76.2,6.0,0,0,0,0,1,0,0,1,0,1,1,0,0,1,0
3941,71.0,0.0,12.0,342,40.0,4.0,10.0,0,0,0,1,0,0,0,1,0,0,1,0,0,0,0
8418,199.0,178.0,380.0,68,192.0,0.6,325.0,0,1,0,0,0,0,0,0,0,0,1,1,0,0,0
3476,893.0,2285.0,295.0,425,1728.0,10.5,165.0,0,0,0,1,0,0,0,0,1,0,0,0,0,1,0
223,2431.0,0.0,559.0,448,642.0,1.6,403.0,1,0,0,0,0,0,0,0,0,0,1,0,1,0,0
2613,5832.0,71.0,1019.0,-397,3820.0,4.0,944.0,0,0,0,0,0,0,0,0,1,1,0,0,0,0,0
5415,2641.0,741.0,708.0,-68,2675.0,12.7,211.0,1,0,0,0,0,0,1,0,0,0,0,0,0,1,0
138,498.0,55.0,229.0,304,118.0,0.3,447.0,0,0,0,0,0,0,0,0,1,1,0,1,0,0,0
3195,1971.0,1271.0,486.0,-806,3507.0,14.9,235.0,0,0,1,0,0,0,0,0,0,1,1,0,0,1,0
4696,216.0,497.0,223.0,-288,1143.0,12.6,91.0,0,0,0,0,0,0,0,1,0,0,1,0,0,1,0
8749,107.0,101.0,134.0,-379,122.0,1.3,95.0,0,0,0,0,0,0,1,0,0,0,0,0,1,0,0
6280,66.0,261.0,6.0,53,122.0,30.5,4.0,0,0,0,1,0,0,0,0,0,0,1,0,0,1,0
6743,30.0,0.0,48.0,-748,47.0,3.6,13.0,0,0,0,0,1,0,0,0,1,1,0,0,0,0,0
2617,652.0,53.0,67.0,326,163.0,2.2,75.0,0,0,0,0,0,1,1,0,0,0,0,0,1,0,0
3592,390.0,226.0,175.0,69,915.0,8.6,107.0,0,0,0,1,0,0,0,0,1,1,0,0,0,1,0
7288,265.0,0.0,47.0,550,486.0,9.5,51.0,0,0,0,0,0,0,0,0,1,1,0,0,0,1,0
5909,914.0,0.0,154.0,-648,1240.0,12.8,97.0,0,0,0,0,1,1,1,0,0,0,0,0,0,1,0
3944,4212.0,1474.0,1052.0,-492,6159.0,3.7,1661.0,0,1,0,0,0,0,0,0,0,0,1,0,0,0,0
5125,258.0,0.0,111.0,-130,997.0,3.4,293.0,0,0,0,0,0,0,1,0,0,0,0,0,0,0,0
464,1181.0,0.0,37.0,221,843.0,140.5,6.0,0,0,1,0,0,0,1,0,0,0,0,0,0,1,0
5597,466.0,0.0,234.0,369,86.0,0.3,292.0,1,0,0,0,0,0,0,1,0,0,1,1,0,0,0
3907,886.0,61.0,357.0,-109,2957.0,6.1,487.0,0,0,0,1,0,0,0,0,0,1,1,0,0,1,0
6247,2017.0,9.0,243.0,-365,1045.0,26.8,39.0,0,0,0,0,0,0,0,0,1,1,0,0,0,1,0
8579,50.0,1.0,28.0,63,10.0,0.2,61.0,1,0,0,0,0,0,0,1,0,1,1,1,0,0,0
721,1087.0,323.0,757.0,126,1867.0,3.8,494.0,0,0,0,0,0,1,0,0,0,1,1,0,0,0,0
6029,362.0,10.0,141.0,184,644.0,16.5,39.0,0,0,0,1,0,0,1,0,0,1,0,0,0,1,0
109,239.0,1.0,109.0,-163,63.0,0.7,89.0,1,0,0,0,0,0,1,0,0,0,0,1,0,0,0
8348,12.0,10.0,18.0,38,17.0,8.5,2.0,1,0,0,0,0,0,1,0,0,0,0,0,0,1,0
7473,1028.0,5.0,786.0,463,2288.0,3.0,771.0,0,0,0,0,1,0,1,0,0,0,0,0,0,0,0
7165,2692.0,153.0,635.0,-254,1215.0,2.1,574.0,1,0,0,0,0,0,0,0,1,0,0,0,1,0,0
541,59.0,124.0,31.0,-518,126.0,42.0,3.0,0,0,0,1,0,1,0,0,1,1,0,0,0,1,0
3122,904.0,29.0,213.0,392,3775.0,25.9,146.0,0,0,0,0,0,0,1,0,0,0,0,0,0,1,0
3996,1737.0,7.0,121.0,85,932.0,20.7,45.0,0,0,0,0,0,0,0,0,1,0,0,0,0,1,0
1137,3002.0,9.0,775.0,-438,2222.0,1.9,1149.0,0,0,1,0,0,1,0,0,1,0,0,0,1,0,0
1897,533.0,27.0,224.0,-633,1229.0,16.4,75.0,0,0,0,1,0,0,0,0,0,0,1,0,0,1,0
1462,4080.0,212.0,721.0,-221,1682.0,3.9,433.0,0,0,0,0,0,0,0,0,0,0,1,0,0,0,0
173,31.0,0.0,1.0,-732,5.0,5.0,1.0,0,0,0,0,1,0,0,1,0,0,1,0,0,0,0
8406,4770.0,1266.0,1332.0,-200,4081.0,3.5,1170.0,0,0,0,0,0,1,1,0,0,0,0,0,0,0,0
3426,16.0,129.0,13.0,-546,345.0,115.0,3.0,0,1,0,0,0,1,0,0,1,1,0,0,0,1,0
7734,228.0,0.0,504.0,373,57.0,0.3,177.0,0,0,0,0,0,0,0,0,0,0,1,1,0,0,0
5182,1144.0,101.0,76.0,527,1644.0,12.8,128.0,1,0,0,0,0,0,0,0,1,0,0,0,0,1,0
6991,2408.0,0.0,987.0,631,277.0,0.3,1099.0,0,0,1,0,0,0,1,0,0,0,0,1,0,0,0
6718,348.0,1.0,159.0,702,301.0,1.2,261.0,0,0,0,0,0,0,0,0,1,0,0,0,1,0,0
5497,583.0,35.0,217.0,-38,649.0,10.3,63.0,0,0,0,0,0,0,0,0,1,0,0,0,0,1,0
6741,2931.0,0.0,233.0,-316,614.0,3.3,188.0,0,0,0,0,0,0,0,0,0,0,1,0,0,0,0
3302,2529.0,137.0,393.0,-390,2212.0,15.9,139.0,0,1,0,0,0,0,1,0,0,1,0,0,0,1,0
6166,1441.0,3.0,232.0,-871,2664.0,62.0,43.0,0,0,1,0,0,0,1,0,0,1,0,0,0,1,0
8526,11135.0,52.0,2844.0,-816,6131.0,2.7,2272.0,0,1,0,0,0,0,1,0,0,1,0,0,1,0,0
7676,5232.0,158.0,958.0,-737,3011.0,4.3,702.0,0,0,0,0,0,0,1,0,0,0,0,0,0,0,0
2648,2038.0,602.0,1147.0,-471,2950.0,2.1,1376.0,1,0,0,0,0,0,1,0,0,0,0,0,1,0,0
3504,80.0,67.0,50.0,-148,302.0,3.0,101.0,0,0,0,1,0,0,0,0,1,1,0,0,0,0,0
4110,498.0,1.0,81.0,-55,171.0,10.7,16.0,0,1,0,0,0,0,1,0,0,0,0,0,0,1,0
6044,2625.0,5.0,95.0,59,525.0,2.3,226.0,1,0,0,0,0,0,0,0,0,0,1,0,1,0,0
2592,512.0,0.0,28.0,-155,669.0,22.3,30.0,0,0,0,0,0,0,0,0,1,0,0,0,0,1,0
411,15.0,3.0,8.0,-111,53.0,3.3,16.0,0,0,1,0,0,0,0,0,0,0,1,0,0,0,0
646,2973.0,1.0,630.0,76,781.0,1.0,808.0,0,0,1,0,0,0,0,0,1,1,0,1,0,0,0
4964,253.0,0.0,116.0,197,132.0,4.3,31.0,0,0,0,0,0,0,1,0,0,1,0,0,0,0,0
4145,0.0,225.0,1.0,-188,2.0,2.0,1.0,0,0,0,1,0,0,1,0,0,0,0,0,1,0,0
975,1186.0,0.0,244.0,-862,604.0,7.5,81.0,0,0,1,0,0,0,0,1,0,1,1,0,0,1,0
785,450.0,421.0,79.0,-439,898.0,19.1,47.0,0,0,0,0,0,0,0,1,0,1,1,0,0,1,0
3553,737.0,313.0,246.0,-95,1905.0,10.2,187.0,0,0,0,0,0,0,1,0,0,0,0,0,0,1,0
2837,1378.0,59.0,215.0,80,1639.0,7.1,231.0,0,0,0,0,0,0,0,1,0,1,1,0,0,1,0
6630,803.0,0.0,102.0,-144,613.0,68.1,9.0,0,0,0,0,1,0,1,0,0,0,0,0,0,1,0
5677,558.0,158.0,230.0,-446,240.0,4.4,55.0,0,1,0,0,0,0,0,1,0,0,1,0,0,0,0
6542,1016.0,10.0,55.0,-421,971.0,51.1,19.0,0,1,0,0,0,0,0,0,0,0,1,0,0,1,0
1493,992.0,2.0,359.0,780,1889.0,3.9,486.0,0,1,0,0,0,0,0,0,0,1,1,0,0,0,0
7228,988.0,35.0,61.0,346,1489.0,40.2,37.0,1,0,0,0,0,0,0,1,0,0,1,0,0,1,0
7164,3910.0,0.0,1123.0,555,2207.0,2.1,1052.0,0,0,0,0,1,0,0,0,1,1,0,0,1,0,0
4190,2159.0,618.0,469.0,519,1190.0,1.1,1036.0,0,0,0,0,0,0,0,0,1,0,0,0,1,0,0
5695,66.0,385.0,21.0,-276,152.0,50.7,3.0,0,0,0,1,0,0,0,0,1,0,0,0,0,1,0
666,124.0,2.0,38.0,-76,34.0,0.3,98.0,0,0,0,0,1,0,0,1,0,0,1,1,0,0,0
5039,487.0,272.0,15.0,-17,113.0,1.5,76.0,0,0,0,0,0,0,0,0,0,1,1,0,1,0,0
7946,1792.0,107.0,246.0,-20,1414.0,3.3,426.0,0,0,0,0,1,0,0,1,0,0,1,0,0,0,0
4687,537.0,0.0,45.0,-150,49.0,1.5,33.0,0,1,0,0,0,0,0,0,0,1,1,0,1,0,0
1960,902.0,0.0,199.0,668,373.0,5.3,70.0,0,0,0,0,0,0,1,0,0,0,0,0,0,1,0
5040,572.0,11.0,54.0,-360,530.0,11.0,48.0,0,0,0,0,0,0,0,0,1,0,0,0,0,1,0
3946,31.0,189.0,74.0,239,269.0,17.9,15.0,0,0,0,0,1,0,0,0,0,0,1,0,0,1,0
8541,3680.0,14.0,758.0,62,1565.0,2.5,614.0,0,0,0,1,0,0,0,0,0,0,1,0,1,0,0
4300,727.0,54.0,133.0,-1151,919.0,31.7,29.0,0,0,0,0,0,0,0,0,0,0,1,0,0,1,0
2692,168.0,26.0,20.0,-261,13.0,1.2,11.0,0,0,0,0,0,0,1,0,0,0,0,0,1,0,0
2634,2299.0,306.0,672.0,-365,813.0,1.4,588.0,0,0,0,0,0,0,0,0,0,0,1,0,1,0,0
8232,1583.0,0.0,315.0,600,722.0,1.8,409.0,0,1,0,0,0,0,0,1,0,0,1,0,1,0,0
6978,247.0,0.0,34.0,217,10.0,0.2,43.0,0,0,1,0,0,0,1,0,0,0,0,1,0,0,0
2922,3349.0,456.0,731.0,274,4594.0,10.0,461.0,0,1,0,0,0,0,0,0,0,0,1,0,0,1,0
8035,1749.0,96.0,599.0,67,2251.0,2.7,849.0,0,0,0,0,1,0,0,0,0,1,1,0,1,0,0
5667,3673.0,91.0,742.0,5,1677.0,1.8,932.0,0,0,0,1,0,0,0,0,1,0,0,0,1,0,0
5406,184.0,9.0,171.0,116,140.0,2.7,52.0,0,0,0,0,0,0,0,0,0,0,1,0,1,0,0
5860,64.0,203.0,234.0,-756,286.0,2.1,138.0,0,0,0,0,0,1,0,0,0,1,1,0,1,0,0
7381,519.0,222.0,71.0,292,838.0,16.4,51.0,0,0,0,0,1,0,0,1,0,0,1,0,0,1,0
5317,1983.0,0.0,474.0,-450,311.0,3.6,86.0,0,0,0,1,0,0,0,0,0,0,1,0,0,0,0
6774,3180.0,50.0,751.0,-49,7783.0,7.2,1082.0,0,0,0,0,0,0,0,1,0,0,1,0,0,1,0
2373,1660.0,1.0,277.0,567,2507.0,21.6,116.0,1,0,0,0,0,0,0,0,0,1,1,0,0,1,0
6457,1405.0,10.0,191.0,172,1406.0,9.8,144.0,0,0,0,0,1,0,0,0,1,0,0,0,0,1,0
4218,879.0,12.0,262.0,-183,1012.0,17.8,57.0,0,0,0,0,0,0,1,0,0,1,0,0,0,1,0
2927,1211.0,37.0,873.0,-221,2071.0,1.9,1103.0,1,0,0,0,0,0,0,0,1,1,0,0,1,0,0
8405,4109.0,1378.0,211.0,-378,2167.0,11.3,191.0,0,0,0,1,0,1,0,0,1,1,0,0,0,1,0
4360,4523.0,512.0,482.0,18,2371.0,5.0,474.0,1,0,0,0,0,0,0,1,0,0,1,0,0,0,0
3385,2676.0,447.0,1095.0,-754,1357.0,2.2,605.0,0,1,0,0,0,0,0,1,0,0,1,0,1,0,0
192,2703.0,0.0,669.0,363,4313.0,6.9,623.0,0,0,0,0,1,0,0,0,0,0,1,0,0,1,0
6842,1749.0,316.0,780.0,400,1016.0,0.7,1447.0,0,0,0,1,0,0,0,1,0,0,1,1,0,0,0
3434,64.0,343.0,126.0,-292,90.0,1.3,70.0,0,0,0,0,0,0,0,0,0,0,1,0,1,0,0
4209,1470.0,13.0,648.0,69,2080.0,3.5,587.0,0,0,0,1,0,0,0,0,1,0,0,0,0,0,0
4879,1.0,1119.0,29.0,-98,44.0,6.3,7.0,1,0,0,0,0,0,0,1,0,0,1,0,0,1,0
1207,314.0,187.0,271.0,-350,261.0,1.0,256.0,0,0,0,0,1,0,0,0,1,0,0,1,0,0,0
8026,565.0,917.0,94.0,1195,2922.0,37.9,77.0,0,0,0,1,0,0,0,1,0,1,1,0,0,1,0
6007,1796.0,1534.0,833.0,104,4102.0,10.4,396.0,1,0,0,0,0,0,0,1,0,0,1,0,0,1,0
8437,600.0,59.0,13.0,742,1321.0,440.3,3.0,1,0,0,0,0,0,0,0,0,1,1,0,0,1,0
5856,152.0,272.0,280.0,-870,300.0,0.6,486.0,1,0,0,0,0,1,0,0,1,0,0,1,0,0,0
5934,1825.0,0.0,263.0,209,1199.0,8.9,135.0,1,0,0,0,0,0,1,0,0,0,0,0,0,1,0
1779,310.0,111.0,137.0,-43,203.0,5.3,38.0,0,0,0,1,0,0,1,0,0,1,0,0,0,1,0
8025,1860.0,0.0,174.0,-423,1703.0,5.1,335.0,0,0,0,1,0,0,0,0,0,0,1,0,0,1,0
1216,137.0,2.0,317.0,-91,1198.0,6.9,173.0,0,0,0,0,1,0,1,0,0,1,0,0,0,1,0
2212,459.0,18.0,114.0,392,638.0,10.0,64.0,0,0,0,0,0,0,0,0,1,0,0,0,0,1,0
2625,676.0,0.0,549.0,710,471.0,0.8,587.0,0,0,0,0,1,0,1,0,0,1,0,1,0,0,0
413,1285.0,29.0,192.0,323,1468.0,40.8,36.0,0,0,0,0,1,0,0,0,0,1,1,0,0,1,0
1332,1222.0,83.0,510.0,388,637.0,3.4,187.0,1,0,0,0,0,0,0,0,1,0,0,0,0,0,0
3800,538.0,297.0,352.0,946,735.0,2.3,317.0,1,0,0,0,0,0,1,0,0,0,0,0,1,0,0
4119,3621.0,155.0,1385.0,-675,5268.0,4.3,1214.0,0,0,0,0,0,0,0,0,0,0,1,0,0,0,0
3583,610.0,165.0,905.0,-535,619.0,1.2,514.0,0,0,0,0,1,0,0,0,1,0,0,0,1,0,0
1692,2623.0,52.0,492.0,-246,2111.0,10.5,201.0,1,0,0,0,0,1,1,0,0,0,0,0,0,1,0
3204,3668.0,0.0,223.0,-410,2150.0,6.8,318.0,0,0,1,0,0,0,1,0,0,1,0,0,0,1,0
7331,3437.0,70.0,1419.0,-418,2609.0,2.4,1087.0,0,0,0,0,0,0,0,0,0,0,1,0,1,0,0
7548,2191.0,405.0,916.0,-734,4856.0,8.1,599.0,0,0,0,1,0,0,1,0,0,0,0,0,0,1,0
4239,72.0,37.0,96.0,379,249.0,24.9,10.0,1,0,0,0,0,0,0,1,0,0,1,0,0,1,0
1330,1838.0,0.0,209.0,10,1367.0,85.4,16.0,0,0,0,1,0,0,0,0,1,0,0,0,0,1,0
6740,1558.0,1.0,233.0,-143,2186.0,14.5,151.0,0,1,0,0,0,0,0,0,1,1,0,0,0,1,0
6046,1017.0,352.0,358.0,-712,2882.0,15.4,187.0,0,0,0,1,0,0,0,0,0,0,1,0,0,1,0
6447,3.0,71.0,8.0,-419,1.0,0.5,2.0,0,0,0,0,1,0,1,0,0,1,0,1,0,0,0
3889,646.0,306.0,719.0,-318,998.0,1.3,751.0,0,0,0,0,0,0,0,1,0,0,1,0,1,0,0
6396,70.0,2.0,104.0,-263,101.0,4.8,21.0,0,0,0,0,0,0,0,0,1,0,0,0,0,0,0
7935,73.0,503.0,6.0,-19,372.0,186.0,2.0,0,0,0,1,0,0,1,0,0,0,0,0,0,1,0
928,56.0,35.0,399.0,-36,15.0,0.0,319.0,0,0,1,0,0,0,1,0,0,1,0,0,0,0,1
3890,232.0,0.0,37.0,118,316.0,5.6,56.0,0,0,0,0,0,0,1,0,0,0,0,0,0,1,0
592,56.0,153.0,65.0,313,210.0,26.2,8.0,0,0,0,1,0,0,1,0,0,1,0,0,0,1,0
1715,144.0,0.0,150.0,-252,165.0,0.8,200.0,0,0,0,0,1,0,0,1,0,0,1,1,0,0,0
4707,1760.0,534.0,819.0,0,2790.0,2.5,1114.0,0,0,0,1,0,1,0,0,0,1,1,0,1,0,0
8067,84.0,75.0,13.0,608,293.0,22.5,13.0,0,0,0,1,0,0,1,0,0,0,0,0,0,1,0
7318,193.0,0.0,358.0,-699,583.0,5.9,98.0,0,0,0,0,0,0,0,0,0,0,1,0,0,1,0
3486,155.0,4.0,132.0,-189,1799.0,30.5,59.0,0,0,0,0,1,0,1,0,0,0,0,0,0,1,0
2396,359.0,357.0,58.0,1065,2439.0,487.8,5.0,1,0,0,0,0,0,0,0,0,0,1,0,0,1,0
7690,573.0,872.0,265.0,-462,562.0,1.1,503.0,0,0,0,1,0,0,0,0,0,0,1,0,1,0,0
7864,863.0,6.0,221.0,406,63.0,0.6,102.0,0,0,0,0,0,0,0,0,0,0,1,1,0,0,0
8562,941.0,212.0,552.0,-139,438.0,0.6,764.0,0,0,0,0,1,0,0,0,1,0,0,1,0,0,0
5832,357.0,618.0,13.0,-408,798.0,399.0,2.0,1,0,0,0,0,1,0,0,1,1,0,0,0,1,0
8549,2820.0,44.0,1081.0,63,3754.0,8.8,427.0,0,0,0,0,1,0,0,0,0,1,1,0,0,1,0
6976,3265.0,575.0,1339.0,11,2366.0,2.7,886.0,0,0,1,0,0,0,0,0,0,0,1,0,1,0,0
1952,3567.0,49.0,494.0,-66,1898.0,10.8,175.0,0,0,0,1,0,0,0,0,1,0,0,0,0,1,0
4612,870.0,0.0,135.0,-569,578.0,9.5,61.0,0,0,1,0,0,0,0,0,0,1,1,0,0,1,0
4874,191.0,30.0,166.0,-548,133.0,1.4,92.0,0,0,0,1,0,0,0,0,0,1,1,0,1,0,0
2841,840.0,0.0,146.0,-162,593.0,2.0,302.0,0,0,0,0,0,0,0,0,1,1,0,0,1,0,0
4493,423.0,338.0,281.0,534,1183.0,18.8,63.0,0,0,1,0,0,0,0,1,0,1,1,0,0,1,0
3388,1400.0,64.0,384.0,588,830.0,3.4,244.0,0,1,0,0,0,0,1,0,0,0,0,0,0,0,0
581,190.0,2.0,48.0,32,426.0,16.4,26.0,0,0,0,0,1,0,0,0,1,0,0,0,0,1,0
8344,390.0,609.0,189.0,120,219.0,2.5,88.0,0,0,0,1,0,0,1,0,0,1,0,0,1,0,0
2252,792.0,2.0,168.0,72,1141.0,4.8,237.0,0,0,1,0,0,0,0,0,0,0,1,0,0,0,0
8130,152.0,0.0,37.0,264,541.0,23.5,23.0,0,0,0,0,1,0,0,0,0,0,1,0,0,1,0
7883,611.0,248.0,340.0,-870,2464.0,35.2,70.0,0,0,0,1,0,0,0,1,0,0,1,0,0,1,0
3562,732.0,0.0,53.0,-535,169.0,5.6,30.0,0,0,0,0,0,0,0,1,0,0,1,0,0,1,0
6118,1123.0,1051.0,1140.0,15,1761.0,0.8,2291.0,0,0,0,0,0,0,0,0,0,0,1,1,0,0,0
7132,2210.0,2.0,355.0,184,2568.0,4.3,601.0,0,0,1,0,0,0,0,0,0,0,1,0,0,0,0
8090,637.0,93.0,83.0,-116,601.0,15.0,40.0,0,0,0,1,0,0,0,0,0,1,1,0,0,1,0
4630,1162.0,0.0,575.0,158,336.0,4.1,82.0,0,0,1,0,0,0,0,0,0,0,1,0,0,0,0
3654,272.0,13.0,102.0,-694,913.0,14.7,62.0,0,0,0,0,0,0,1,0,0,0,0,0,0,1,0
8639,1008.0,2.0,184.0,475,64.0,0.8,85.0,1,0,0,0,0,0,0,0,1,0,0,1,0,0,0
3223,755.0,107.0,384.0,-236,1081.0,2.8,380.0,0,0,0,1,0,0,0,0,0,1,1,0,1,0,0
4100,342.0,854.0,29.0,171,463.0,19.3,24.0,0,1,0,0,0,0,1,0,0,0,0,0,0,1,0
2016,1370.0,167.0,119.0,395,1970.0,27.7,71.0,1,0,0,0,0,0,1,0,0,0,0,0,0,1,0
1365,1400.0,0.0,262.0,330,728.0,2.2,336.0,0,0,0,0,0,1,0,1,0,0,1,0,1,0,0
1161,2656.0,351.0,394.0,168,2825.0,4.4,646.0,0,1,0,0,0,0,1,0,0,1,0,0,0,0,0
2604,98.0,0.0,46.0,-30,51.0,1.8,29.0,0,0,0,1,0,0,0,0,1,0,0,0,1,0,0
1581,3307.0,48.0,611.0,-585,1561.0,1.5,1061.0,0,1,0,0,0,0,1,0,0,0,0,0,1,0,0
6581,2026.0,163.0,621.0,-8,1627.0,2.0,823.0,1,0,0,0,0,0,1,0,0,0,0,0,1,0,0
7550,1053.0,27.0,435.0,18,518.0,2.0,258.0,1,0,0,0,0,0,0,0,0,1,1,0,1,0,0
8162,1201.0,9.0,167.0,-299,321.0,2.2,144.0,0,0,0,1,0,1,0,0,0,1,1,0,1,0,0
4998,634.0,895.0,415.0,27,409.0,2.2,186.0,0,0,0,1,0,0,1,0,0,0,0,0,1,0,0
2551,35.0,220.0,23.0,223,54.0,13.5,4.0,0,0,0,0,0,0,0,0,1,1,0,0,0,1,0
2588,3258.0,54.0,290.0,-36,3753.0,22.5,167.0,0,0,0,0,1,0,1,0,0,0,0,0,0,1,0
5685,837.0,0.0,137.0,257,156.0,1.6,95.0,0,0,1,0,0,0,0,0,0,1,1,0,1,0,0
4022,979.0,3.0,310.0,629,475.0,10.3,46.0,0,1,0,0,0,0,0,0,0,0,1,0,0,1,0
1147,9.0,0.0,24.0,339,44.0,3.4,13.0,0,0,0,0,1,0,0,0,0,0,1,0,0,0,0
1455,214.0,2.0,133.0,-462,624.0,10.1,62.0,1,0,0,0,0,0,0,0,0,0,1,0,0,1,0
3389,994.0,1.0,110.0,116,2271.0,58.2,39.0,0,0,0,1,0,0,1,0,0,0,0,0,0,1,0
3246,1082.0,2.0,437.0,434,1465.0,3.3,446.0,0,0,0,0,1,0,0,0,0,0,1,0,0,0,0
524,109.0,21.0,45.0,118,53.0,2.8,19.0,0,0,0,1,0,0,1,0,0,1,0,0,1,0,0
7586,6736.0,0.0,2033.0,235,2934.0,2.1,1393.0,0,0,0,0,1,0,1,0,0,0,0,0,1,0,0
7249,169.0,7.0,92.0,-493,359.0,16.3,22.0,0,0,0,0,0,0,0,0,1,0,0,0,0,1,0
7696,787.0,0.0,418.0,466,855.0,2.2,383.0,0,0,1,0,0,0,1,0,0,1,0,0,1,0,0
2351,1295.0,2.0,125.0,-81,1634.0,8.6,191.0,0,0,0,0,0,0,0,1,0,1,1,0,0,1,0
4638,26.0,0.0,36.0,433,76.0,25.3,3.0,0,0,0,0,0,0,0,0,1,1,0,0,0,1,0
3891,2912.0,490.0,1321.0,666,5014.0,5.2,961.0,1,0,0,0,0,0,0,0,0,1,1,0,0,1,0
7660,969.0,0.0,104.0,-252,680.0,4.0,170.0,0,0,0,0,0,0,0,0,1,1,0,0,0,0,0
6591,2924.0,29.0,985.0,-495,2600.0,5.0,519.0,0,0,0,0,0,0,0,1,0,1,1,0,0,0,0
2683,3362.0,231.0,386.0,-28,1036.0,8.5,122.0,1,0,0,0,0,0,0,0,1,1,0,0,0,1,0
1555,895.0,8.0,475.0,452,2451.0,3.8,643.0,0,0,0,0,1,0,0,0,1,0,0,0,0,0,0
2631,18.0,0.0,5.0,1110,22.0,22.0,1.0,0,0,0,0,0,0,0,0,0,0,1,0,0,1,0
6418,853.0,707.0,133.0,215,210.0,3.8,55.0,1,0,0,0,0,0,0,0,1,1,0,0,0,0,0
1364,592.0,0.0,430.0,73,793.0,2.2,356.0,0,1,0,0,0,0,0,0,1,0,0,0,1,0,0
4960,1316.0,2484.0,634.0,28,5414.0,10.5,518.0,0,0,0,0,1,0,0,0,0,0,1,0,0,1,0
1272,952.0,54.0,141.0,-102,1237.0,8.2,150.0,0,0,0,0,1,0,1,0,0,1,0,0,0,1,0
2323,611.0,0.0,69.0,-226,441.0,2.4,181.0,1,0,0,0,0,0,0,1,0,0,1,0,1,0,0
5876,846.0,0.0,2.0,-814,220.0,20.0,11.0,0,0,0,0,1,0,0,0,0,1,1,0,0,1,0
4950,136.0,3621.0,41.0,214,503.0,35.9,14.0,0,0,1,0,0,0,0,0,1,1,0,0,0,1,0
1691,1373.0,18.0,370.0,58,2560.0,6.8,374.0,0,0,1,0,0,0,0,0,0,0,1,0,0,1,0
5562,8321.0,28.0,1961.0,83,4839.0,4.4,1093.0,0,0,0,0,1,0,0,0,0,1,1,0,0,0,0
2888,401.0,1.0,36.0,-570,539.0,14.2,38.0,0,0,0,0,0,0,0,1,0,0,1,0,0,1,0
6685,1073.0,236.0,472.0,-37,1646.0,3.6,458.0,0,0,0,0,1,0,1,0,0,0,0,0,0,0,0
7635,579.0,158.0,215.0,73,229.0,1.1,205.0,1,0,0,0,0,0,0,0,1,0,0,0,1,0,0
130,18.0,0.0,29.0,-209,3.0,0.1,47.0,0,0,1,0,0,0,0,0,0,0,1,1,0,0,0
2729,400.0,1.0,55.0,437,251.0,31.4,8.0,1,0,0,0,0,0,0,0,1,0,0,0,0,1,0
7256,1065.0,3.0,312.0,125,1479.0,3.8,394.0,0,0,0,0,1,0,0,1,0,0,1,0,0,0,0
4928,69.0,54.0,54.0,-286,1357.0,14.3,95.0,0,0,1,0,0,0,0,1,0,0,1,0,0,1,0
1870,935.0,0.0,553.0,446,322.0,0.5,680.0,1,0,0,0,0,0,0,0,0,0,1,1,0,0,0
6905,108.0,73.0,26.0,-264,399.0,10.2,39.0,0,0,0,0,0,0,0,0,0,0,1,0,0,1,0
6622,2985.0,107.0,820.0,-1129,1965.0,2.7,725.0,0,0,0,0,0,0,0,0,0,1,1,0,1,0,0
3210,263.0,2.0,15.0,-85,258.0,18.4,14.0,0,0,1,0,0,0,0,0,0,1,1,0,0,1,0
2806,782.0,271.0,287.0,1073,1236.0,9.2,134.0,0,0,0,1,0,0,0,0,0,0,1,0,0,1,0
6269,2935.0,220.0,720.0,-400,2051.0,7.6,269.0,0,0,0,0,0,0,1,0,0,0,0,0,0,1,0
4766,1263.0,0.0,530.0,-22,504.0,1.8,280.0,0,0,0,0,0,0,0,0,0,0,1,0,1,0,0
4484,1756.0,401.0,329.0,-812,2279.0,7.1,319.0,0,0,0,1,0,0,1,0,0,1,0,0,0,1,0
5175,143.0,0.0,82.0,-113,41.0,0.8,52.0,0,0,1,0,0,1,1,0,0,0,0,1,0,0,0
8128,846.0,147.0,227.0,251,362.0,2.6,138.0,0,0,0,1,0,0,0,1,0,0,1,0,1,0,0
789,1590.0,12.0,334.0,-547,1380.0,2.6,527.0,0,0,0,0,1,0,0,1,0,0,1,0,1,0,0
1456,1531.0,0.0,233.0,675,422.0,1.7,255.0,0,0,0,0,0,0,1,0,0,1,0,0,1,0,0
8207,1156.0,0.0,827.0,-897,549.0,0.8,693.0,0,0,0,0,1,0,1,0,0,0,0,1,0,0,0
2520,411.0,0.0,549.0,295,493.0,1.0,507.0,0,0,0,0,0,0,0,0,0,0,1,1,0,0,0
5509,1605.0,144.0,636.0,239,930.0,1.7,546.0,0,0,0,1,0,1,1,0,0,1,0,0,1,0,0
1816,1211.0,0.0,260.0,491,409.0,5.2,78.0,0,0,0,0,0,0,1,0,0,0,0,0,0,1,0
7246,3400.0,170.0,1947.0,466,1152.0,0.7,1553.0,0,0,0,0,1,0,0,0,1,0,0,1,0,0,0
3456,1799.0,0.0,556.0,-81,357.0,1.1,334.0,0,0,0,0,0,0,0,1,0,0,1,0,1,0,0
5056,2385.0,54.0,656.0,-95,4927.0,10.0,495.0,0,0,0,0,0,0,1,0,0,0,0,0,0,1,0
6461,1773.0,0.0,53.0,-895,69.0,13.8,5.0,0,0,0,0,0,0,0,0,0,0,1,0,0,1,0
8531,633.0,268.0,291.0,-495,838.0,5.4,154.0,0,0,0,0,0,1,0,0,0,0,1,0,0,1,0
8505,1.0,0.0,1.0,252,2.0,2.0,1.0,0,0,0,0,1,0,0,1,0,0,1,0,1,0,0
5376,155.0,8.0,210.0,273,232.0,2.0,114.0,1,0,0,0,0,0,0,0,0,0,1,0,1,0,0
4678,1795.0,1.0,304.0,-265,1600.0,6.9,232.0,0,0,0,0,1,0,0,0,1,1,0,0,0,1,0
8240,84.0,3.0,196.0,-719,73.0,0.2,375.0,0,0,0,1,0,0,0,0,0,1,1,1,0,0,0
7259,660.0,2050.0,852.0,-44,1893.0,2.9,647.0,0,1,0,0,0,0,1,0,0,0,0,0,1,0,0
7485,1062.0,185.0,396.0,1113,974.0,1.1,903.0,0,0,0,0,0,0,0,1,0,0,1,0,1,0,0
7055,14.0,274.0,12.0,1158,191.0,191.0,1.0,1,0,0,0,0,0,0,1,0,0,1,0,0,1,0
1951,37.0,17.0,162.0,-575,262.0,2.3,114.0,0,0,1,0,0,0,0,0,1,1,0,0,1,0,0
2708,1726.0,10.0,290.0,264,1357.0,12.1,112.0,0,0,0,1,0,0,0,1,0,1,1,0,0,1,0
6659,200.0,41.0,298.0,-2,416.0,1.1,383.0,0,0,0,0,0,0,0,0,0,0,1,0,1,0,0
2223,260.0,1.0,66.0,235,706.0,2.3,304.0,0,0,0,0,0,0,0,1,0,0,1,0,1,0,0
822,7028.0,184.0,673.0,363,6244.0,8.9,704.0,1,0,0,0,0,0,0,0,0,0,1,0,0,1,0
4223,107.0,195.0,71.0,-144,705.0,54.2,13.0,0,0,0,0,0,0,0,1,0,0,1,0,0,1,0
6176,237.0,6.0,166.0,-236,133.0,1.5,90.0,1,0,0,0,0,0,1,0,0,1,0,0,1,0,0
6316,71.0,155.0,9.0,551,154.0,25.7,6.0,0,0,0,1,0,0,0,1,0,1,1,0,0,1,0
6896,4808.0,292.0,474.0,15,5133.0,11.7,437.0,1,0,0,0,0,0,0,0,0,0,1,0,0,1,0
647,2246.0,2.0,604.0,-603,2970.0,3.0,982.0,0,0,0,0,1,0,0,0,0,0,1,0,0,0,0
4756,22.0,17.0,17.0,39,4.0,2.0,2.0,0,0,0,0,0,0,0,0,0,0,1,0,1,0,0
8238,35.0,20.0,58.0,-15,78.0,1.4,56.0,1,0,0,0,0,0,0,0,0,1,1,0,1,0,0
1677,1441.0,0.0,569.0,19,731.0,0.9,797.0,0,0,0,0,0,0,1,0,0,0,0,1,0,0,0
1855,1453.0,1.0,157.0,-531,995.0,25.5,39.0,1,0,0,0,0,0,0,1,0,0,1,0,0,1,0
2292,148.0,37.0,141.0,-478,215.0,1.7,125.0,0,0,0,0,0,0,0,0,0,0,1,0,1,0,0
1968,128.0,0.0,8.0,126,5.0,1.0,5.0,1,0,0,0,0,0,0,0,1,0,0,1,0,0,0
814,371.0,0.0,69.0,-115,701.0,43.8,16.0,0,0,1,0,0,0,0,1,0,1,1,0,0,1,0
6882,1266.0,0.0,320.0,-4,259.0,0.9,274.0,0,0,0,0,1,0,0,0,0,0,1,1,0,0,0
8,885.0,0.0,268.0,461,541.0,6.6,82.0,1,0,0,0,0,0,1,0,0,0,0,0,0,1,0
2505,1275.0,0.0,221.0,-115,505.0,2.5,202.0,0,0,0,0,0,0,1,0,0,1,0,0,1,0,0
7742,60.0,0.0,117.0,506,170.0,0.9,197.0,0,0,0,1,0,0,0,1,0,0,1,1,0,0,0
8628,84.0,13.0,34.0,-541,378.0,15.8,24.0,0,0,0,0,1,0,0,1,0,0,1,0,0,1,0
2363,418.0,1.0,123.0,-79,440.0,4.1,108.0,0,1,0,0,0,0,0,1,0,0,1,0,0,0,0
3065,126.0,606.0,46.0,-249,124.0,4.3,29.0,0,0,0,0,0,0,1,0,0,0,0,0,0,0,0
8155,178.0,19.0,6.0,836,279.0,69.8,4.0,0,0,0,0,0,0,0,1,0,0,1,0,0,1,0
433,726.0,3.0,12.0,-202,233.0,77.7,3.0,1,0,0,0,0,0,1,0,0,1,0,0,0,1,0
7626,1570.0,5.0,521.0,589,635.0,1.6,394.0,1,0,0,0,0,0,1,0,0,0,0,0,1,0,0
766,398.0,0.0,26.0,-771,436.0,145.3,3.0,1,0,0,0,0,0,1,0,0,1,0,0,0,1,0
2209,114.0,43.0,55.0,152,1256.0,32.2,39.0,0,0,0,0,0,0,0,1,0,1,1,0,0,1,0
5502,64.0,835.0,107.0,336,663.0,20.1,33.0,1,0,0,0,0,0,0,0,1,0,0,0,0,1,0
4753,1037.0,443.0,448.0,544,2722.0,11.9,229.0,0,0,0,0,0,0,0,0,0,1,1,0,0,1,0
3728,1387.0,2.0,612.0,104,1092.0,2.2,506.0,0,0,0,1,0,0,1,0,0,0,0,0,1,0,0
1987,912.0,0.0,92.0,-457,616.0,205.3,3.0,1,0,0,0,0,1,0,0,0,0,1,0,0,1,0
5455,61.0,116.0,180.0,22,526.0,21.9,24.0,1,0,0,0,0,0,0,1,0,0,1,0,0,1,0
6936,149.0,188.0,120.0,-300,149.0,3.5,43.0,0,1,0,0,0,0,0,1,0,0,1,0,0,0,0
7338,36.0,0.0,33.0,-671,38.0,2.0,19.0,0,0,1,0,0,0,1,0,0,0,0,0,1,0,0
5633,880.0,101.0,61.0,477,1065.0,16.6,64.0,0,0,0,0,1,0,0,0,1,1,0,0,0,1,0
848,2537.0,0.0,672.0,-574,1302.0,2.6,508.0,0,0,0,0,1,0,1,0,0,1,0,0,1,0,0
8262,253.0,5.0,227.0,-441,123.0,1.3,94.0,0,0,0,0,0,0,0,1,0,0,1,0,1,0,0
123,2515.0,695.0,292.0,91,2686.0,25.3,106.0,0,0,0,1,0,1,1,0,0,0,0,0,0,1,0
1532,1447.0,121.0,905.0,40,1652.0,1.6,1065.0,0,1,0,0,0,0,1,0,0,0,0,0,1,0,0
1982,1673.0,710.0,107.0,341,2611.0,14.3,183.0,0,1,0,0,0,0,0,0,1,0,0,0,0,1,0
3330,51.0,1229.0,34.0,-83,43.0,5.4,8.0,0,0,0,1,0,0,0,1,0,1,1,0,0,1,0
2459,510.0,622.0,200.0,161,1373.0,15.6,88.0,0,0,0,1,0,1,0,0,1,0,0,0,0,1,0
4838,3504.0,558.0,2731.0,-522,8653.0,2.7,3171.0,0,0,0,0,0,0,1,0,0,0,0,0,1,0,0
8293,213.0,642.0,94.0,-419,107.0,1.1,95.0,0,0,0,0,0,0,0,0,1,0,0,0,1,0,0
8299,615.0,71.0,215.0,387,377.0,1.9,197.0,0,0,0,0,0,0,0,0,0,1,1,0,1,0,0
3943,48.0,28.0,16.0,-198,184.0,46.0,4.0,1,0,0,0,0,0,0,0,1,1,0,0,0,1,0
1056,70.0,1.0,32.0,285,239.0,8.9,27.0,0,0,0,0,1,0,0,0,1,1,0,0,0,1,0
6785,171.0,408.0,120.0,749,1229.0,11.1,111.0,1,0,0,0,0,0,0,1,0,0,1,0,0,1,0
613,265.0,45.0,47.0,-54,88.0,1.2,73.0,0,0,0,0,1,0,0,0,0,1,1,0,1,0,0
8079,178.0,4.0,73.0,-473,332.0,66.4,5.0,0,0,0,0,0,0,0,1,0,1,1,0,0,1,0
8382,341.0,326.0,114.0,264,2111.0,18.8,112.0,0,0,0,0,1,1,1,0,0,0,0,0,0,1,0
2102,333.0,0.0,124.0,-295,203.0,8.5,24.0,0,1,0,0,0,0,0,0,0,0,1,0,0,1,0
4128,3.0,2.0,14.0,-111,36.0,18.0,2.0,0,0,1,0,0,0,0,1,0,1,1,0,0,1,0
1143,1313.0,203.0,361.0,-302,1932.0,2.7,717.0,0,0,0,0,0,0,0,1,0,1,1,0,1,0,0
3969,836.0,883.0,364.0,531,980.0,2.1,477.0,0,0,1,0,0,0,0,1,0,1,1,0,1,0,0
7572,1787.0,45.0,248.0,13,3008.0,50.1,60.0,0,0,0,1,0,0,1,0,0,0,0,0,0,1,0
2601,2.0,29.0,35.0,2,39.0,2.4,16.0,0,0,0,0,0,0,0,0,1,1,0,0,1,0,0
7772,1229.0,0.0,386.0,5,713.0,6.7,107.0,0,1,0,0,0,0,0,1,0,1,1,0,0,1,0
1871,182.0,24.0,162.0,431,583.0,14.9,39.0,0,0,0,1,0,0,0,0,0,0,1,0,0,1,0
1562,1627.0,0.0,547.0,66,334.0,1.3,261.0,0,1,0,0,0,0,0,1,0,0,1,0,1,0,0
134,1197.0,188.0,88.0,-485,2148.0,19.9,108.0,0,0,0,0,1,0,0,1,0,1,1,0,0,1,0
4861,174.0,45.0,42.0,-62,352.0,352.0,1.0,0,0,0,1,0,1,0,0,0,1,1,0,0,1,0
8575,674.0,1561.0,143.0,636,686.0,7.5,91.0,0,1,0,0,0,0,0,0,0,0,1,0,0,1,0
2529,1739.0,545.0,1550.0,701,1221.0,0.9,1302.0,0,0,0,0,0,0,0,0,1,0,0,1,0,0,0
419,782.0,1.0,130.0,424,811.0,6.5,125.0,0,0,0,0,1,1,1,0,0,1,0,0,0,1,0
157,657.0,648.0,190.0,-43,2410.0,56.0,43.0,0,0,0,0,0,0,1,0,0,0,0,0,0,1,0
2103,653.0,25.0,42.0,83,532.0,10.6,50.0,1,0,0,0,0,0,0,1,0,0,1,0,0,1,0
6715,67.0,15.0,74.0,265,989.0,35.3,28.0,0,1,0,0,0,0,0,0,0,0,1,0,0,1,0
5732,243.0,0.0,44.0,-354,455.0,8.3,55.0,0,0,0,1,0,0,0,0,1,0,0,0,0,1,0
5929,1508.0,150.0,702.0,266,2137.0,4.5,480.0,0,0,0,0,0,0,0,1,0,0,1,0,0,0,0
2536,3.0,3.0,18.0,812,76.0,10.9,7.0,0,0,0,0,0,0,0,1,0,0,1,0,0,1,0
2534,19.0,1499.0,23.0,-334,133.0,13.3,10.0,0,0,0,0,0,0,0,0,0,1,1,0,0,1,0
64,291.0,367.0,915.0,-735,1866.0,1.9,966.0,0,0,0,0,0,0,0,0,1,0,0,0,1,0,0
6657,1486.0,0.0,420.0,-222,395.0,3.0,130.0,0,0,0,0,1,0,0,1,0,0,1,0,0,0,0
6573,15.0,0.0,268.0,531,29.0,0.2,147.0,0,0,0,0,0,0,1,0,0,0,0,1,0,0,0
2637,956.0,0.0,304.0,215,1068.0,6.7,159.0,0,0,0,0,0,0,1,0,0,0,0,0,0,1,0
6721,563.0,0.0,108.0,306,284.0,5.0,57.0,0,0,0,0,1,0,0,0,0,1,1,0,0,0,0
4344,9.0,7.0,40.0,701,77.0,1.2,65.0,1,0,0,0,0,0,0,0,0,0,1,0,1,0,0
3217,76.0,21.0,16.0,221,148.0,2.6,58.0,0,0,0,1,0,0,0,0,0,1,1,0,1,0,0
3689,227.0,0.0,80.0,124,147.0,1.2,120.0,0,0,1,0,0,1,0,1,0,1,1,0,1,0,0
5238,2023.0,5.0,638.0,193,1454.0,3.3,447.0,0,0,0,0,0,0,1,0,0,0,0,0,0,0,0
6503,799.0,0.0,114.0,21,329.0,4.4,74.0,0,0,0,0,0,1,0,1,0,1,1,0,0,0,0
7814,20.0,1398.0,152.0,-115,199.0,13.3,15.0,0,0,1,0,0,0,0,1,0,1,1,0,0,1,0
7576,551.0,267.0,160.0,-753,1151.0,16.4,70.0,1,0,0,0,0,0,0,0,1,0,0,0,0,1,0
8054,984.0,18.0,242.0,324,1973.0,6.1,323.0,0,0,1,0,0,1,1,0,0,0,0,0,0,1,0
1631,2437.0,405.0,871.0,-505,1747.0,1.2,1407.0,1,0,0,0,0,0,0,1,0,1,1,0,1,0,0
3768,659.0,0.0,423.0,-337,949.0,5.5,172.0,0,0,0,0,0,0,0,0,1,0,0,0,0,1,0
4878,260.0,228.0,77.0,-580,379.0,3.4,111.0,0,0,1,0,0,0,1,0,0,0,0,0,0,0,0
3725,654.0,0.0,226.0,378,916.0,4.6,198.0,0,0,0,0,0,1,1,0,0,1,0,0,0,0,0
3402,768.0,124.0,227.0,290,1158.0,4.5,259.0,0,0,0,0,0,0,0,1,0,0,1,0,0,0,0
2238,2397.0,3.0,309.0,-214,979.0,6.6,148.0,0,0,0,0,1,0,0,0,1,1,0,0,0,1,0
4490,1300.0,4.0,237.0,-356,577.0,6.1,94.0,0,0,1,0,0,0,0,0,0,0,1,0,0,1,0
3816,91.0,84.0,89.0,-721,975.0,15.2,64.0,0,0,0,0,0,0,0,0,0,0,1,0,0,1,0
232,53.0,75.0,99.0,-353,346.0,7.4,47.0,0,0,0,1,0,0,0,1,0,1,1,0,0,1,0
543,1882.0,850.0,841.0,863,3197.0,4.8,660.0,0,0,0,0,0,0,0,0,0,1,1,0,0,0,0
6714,2672.0,774.0,621.0,-855,2727.0,8.7,313.0,0,0,0,1,0,0,0,0,1,0,0,0,0,1,0
6114,191.0,20.0,48.0,-174,97.0,2.4,40.0,0,0,0,0,0,0,0,0,1,0,0,0,1,0,0
127,3.0,57.0,15.0,275,3.0,0.5,6.0,0,0,0,0,0,0,0,0,0,1,1,1,0,0,0
5986,854.0,0.0,18.0,-179,248.0,15.5,16.0,0,0,0,0,0,0,1,0,0,1,0,0,0,1,0
6964,508.0,328.0,196.0,261,575.0,6.8,84.0,1,0,0,0,0,0,0,1,0,0,1,0,0,1,0
6935,1384.0,200.0,311.0,-335,2046.0,12.7,161.0,0,0,0,1,0,0,0,0,0,1,1,0,0,1,0
2469,272.0,55.0,243.0,166,73.0,0.6,132.0,0,0,0,0,0,0,1,0,0,0,0,1,0,0,0
3243,1346.0,0.0,134.0,-263,398.0,8.0,50.0,1,0,0,0,0,0,1,0,0,1,0,0,0,1,0
6967,10091.0,538.0,2167.0,108,14230.0,5.5,2579.0,0,0,0,0,1,0,0,1,0,1,1,0,0,1,0
4447,1894.0,59.0,116.0,-439,365.0,9.1,40.0,0,0,1,0,0,0,1,0,0,1,0,0,0,1,0
2370,778.0,0.0,181.0,367,1126.0,4.1,272.0,0,0,0,0,1,0,0,0,0,0,1,0,0,0,0
189,789.0,3.0,357.0,767,113.0,0.8,149.0,0,0,0,1,0,0,0,0,0,0,1,1,0,0,0
8538,930.0,56.0,365.0,499,1582.0,3.4,461.0,0,0,1,0,0,0,0,0,1,1,0,0,0,0,0
4645,82.0,66.0,40.0,-973,20.0,4.0,5.0,0,0,1,0,0,0,1,0,0,0,0,0,0,0,0
998,16.0,607.0,159.0,395,28.0,0.1,209.0,0,0,1,0,0,0,0,0,1,1,0,1,0,0,0
648,462.0,2231.0,278.0,-145,1096.0,11.9,92.0,0,0,0,1,0,0,0,0,1,0,0,0,0,1,0
5843,3287.0,1601.0,1468.0,485,3031.0,2.6,1168.0,0,0,0,0,0,0,0,0,0,0,1,0,1,0,0
4937,552.0,0.0,107.0,-1199,49.0,0.5,90.0,0,0,0,0,0,0,0,0,0,0,1,1,0,0,0
7756,919.0,2.0,122.0,88,242.0,6.5,37.0,0,0,0,1,0,0,0,0,1,0,0,0,0,1,0
3449,4331.0,138.0,633.0,751,789.0,3.0,260.0,0,0,0,0,0,0,0,1,0,1,1,0,0,0,0
8335,333.0,456.0,29.0,65,991.0,38.1,26.0,0,0,0,1,0,0,1,0,0,0,0,0,0,1,0
8686,322.0,1056.0,94.0,473,640.0,26.7,24.0,0,0,0,1,0,0,0,0,1,0,0,0,0,1,0
3579,91.0,259.0,180.0,1344,289.0,2.5,114.0,0,0,0,1,0,0,1,0,0,0,0,0,1,0,0
1411,766.0,0.0,178.0,768,463.0,2.0,235.0,0,0,1,0,0,0,0,1,0,0,1,0,1,0,0
5688,177.0,1.0,131.0,17,227.0,1.6,143.0,0,0,0,0,0,0,1,0,0,0,0,0,1,0,0
4586,461.0,14.0,70.0,851,613.0,7.0,88.0,0,0,0,0,1,0,0,1,0,0,1,0,0,1,0
4154,3355.0,11.0,1133.0,-52,1868.0,2.8,665.0,0,0,0,0,0,0,0,0,1,1,0,0,1,0,0
635,1816.0,25.0,445.0,-144,2789.0,22.7,123.0,0,0,0,1,0,0,0,0,1,0,0,0,0,1,0
5574,454.0,264.0,181.0,354,455.0,11.7,39.0,0,0,0,0,0,0,0,0,1,0,0,0,0,1,0
3186,719.0,0.0,256.0,159,1784.0,19.2,93.0,0,0,0,0,1,1,0,0,0,0,1,0,0,1,0
277,900.0,3.0,390.0,-120,390.0,1.3,300.0,0,0,0,0,0,0,0,0,0,0,1,0,1,0,0
3986,2675.0,22.0,430.0,-506,2276.0,3.9,582.0,1,0,0,0,0,0,0,0,0,0,1,0,0,0,0
7451,1088.0,433.0,345.0,-380,848.0,6.6,128.0,0,0,0,1,0,0,0,1,0,0,1,0,0,1,0
4121,3368.0,38.0,330.0,-154,2779.0,11.2,249.0,0,0,0,0,0,0,0,0,0,1,1,0,0,1,0
2011,2855.0,21.0,449.0,272,1790.0,6.3,284.0,0,0,0,1,0,0,0,1,0,1,1,0,0,1,0
2285,1813.0,0.0,414.0,-106,1391.0,4.7,296.0,0,0,0,0,1,1,0,0,0,1,1,0,0,0,0
6920,134.0,2.0,33.0,-171,58.0,14.5,4.0,0,0,0,0,0,0,1,0,0,0,0,0,0,1,0
3303,279.0,0.0,17.0,423,92.0,15.3,6.0,0,0,0,0,1,0,0,0,1,1,0,0,0,1,0
1881,2406.0,170.0,499.0,800,2407.0,4.5,532.0,1,0,0,0,0,0,0,0,1,1,0,0,0,0,0
235,583.0,235.0,147.0,-119,920.0,9.5,97.0,0,1,0,0,0,1,0,1,0,1,1,0,0,1,0
4354,1161.0,1.0,151.0,481,691.0,5.9,117.0,0,0,0,0,0,1,0,0,0,0,1,0,0,1,0
6735,2463.0,0.0,353.0,-40,1342.0,12.5,107.0,0,0,0,0,1,0,0,1,0,0,1,0,0,1,0
5806,1687.0,0.0,352.0,622,1435.0,62.4,23.0,0,0,0,0,0,0,0,0,1,1,0,0,0,1,0
2261,850.0,1.0,155.0,-33,493.0,4.2,117.0,1,0,0,0,0,0,0,0,1,0,0,0,0,0,0
4898,360.0,80.0,83.0,-76,549.0,9.5,58.0,0,0,0,0,0,0,0,0,0,1,1,0,0,1,0
7063,717.0,2.0,123.0,-95,118.0,1.1,112.0,0,0,0,0,0,0,0,0,1,0,0,0,1,0,0
2149,37.0,47.0,67.0,-244,629.0,9.0,70.0,0,0,0,1,0,0,0,0,0,1,1,0,0,1,0
5143,721.0,1.0,160.0,-787,522.0,6.0,87.0,0,0,0,1,0,0,0,0,0,1,1,0,0,1,0
6608,3394.0,24.0,333.0,357,2022.0,2.1,978.0,0,0,0,1,0,0,0,1,0,0,1,0,1,0,0
2180,445.0,0.0,262.0,-863,123.0,0.4,279.0,0,0,0,0,0,0,0,0,1,0,0,1,0,0,0
1224,1141.0,0.0,100.0,123,745.0,8.9,84.0,0,0,0,0,1,1,1,0,0,0,0,0,0,1,0
3068,705.0,0.0,59.0,163,740.0,2.6,289.0,1,0,0,0,0,0,0,0,0,0,1,0,1,0,0
4189,2927.0,990.0,610.0,338,4615.0,6.9,667.0,0,1,0,0,0,1,0,0,0,0,1,0,0,1,0
2582,436.0,0.0,176.0,465,310.0,7.6,41.0,0,0,0,0,0,0,0,1,0,0,1,0,0,1,0
6198,89.0,0.0,236.0,208,130.0,1.0,124.0,1,0,0,0,0,0,0,1,0,0,1,1,0,0,0
6058,1454.0,1.0,160.0,-587,890.0,23.4,38.0,0,0,0,0,1,0,0,1,0,1,1,0,0,1,0
6234,4788.0,1168.0,912.0,-526,3791.0,4.3,885.0,0,0,0,0,0,0,0,0,1,0,0,0,0,0,0
4976,478.0,0.0,276.0,291,193.0,0.4,436.0,0,0,0,1,0,0,0,0,1,0,0,1,0,0,0
2272,2262.0,49.0,197.0,-549,2642.0,33.4,79.0,0,0,0,0,1,1,0,0,1,0,0,0,0,1,0
8356,407.0,973.0,12.0,290,876.0,292.0,3.0,0,0,1,0,0,0,0,0,1,1,0,0,0,1,0
2970,1691.0,123.0,1131.0,-445,4244.0,2.8,1541.0,0,0,0,0,0,0,1,0,0,0,0,0,1,0,0
2437,2901.0,191.0,629.0,380,4603.0,16.8,274.0,1,0,0,0,0,0,1,0,0,1,0,0,0,1,0
6533,404.0,22.0,74.0,-220,1280.0,21.0,61.0,0,0,0,0,0,0,0,1,0,0,1,0,0,1,0
3871,180.0,22.0,60.0,-564,352.0,14.7,24.0,0,0,0,0,0,1,0,0,1,0,0,0,0,1,0
5989,4854.0,87.0,779.0,31,2995.0,2.6,1152.0,0,0,0,0,0,0,1,0,0,0,0,0,1,0,0
296,5.0,0.0,9.0,412,19.0,19.0,1.0,0,0,1,0,0,0,0,0,1,0,0,0,0,1,0
5959,2634.0,157.0,114.0,-192,3213.0,18.8,171.0,0,0,0,0,0,0,1,0,0,0,0,0,0,1,0
3424,924.0,166.0,359.0,838,2673.0,11.6,231.0,0,0,0,0,1,0,0,0,1,0,0,0,0,1,0
7979,2.0,0.0,14.0,600,23.0,23.0,1.0,1,0,0,0,0,0,1,0,0,0,0,0,0,1,0
948,1046.0,128.0,698.0,130,1450.0,3.1,464.0,0,0,0,0,0,0,0,1,0,0,1,0,0,0,0
5728,4245.0,119.0,967.0,-365,7344.0,6.4,1142.0,0,0,0,0,0,0,0,1,0,0,1,0,0,1,0
8428,653.0,111.0,87.0,-158,470.0,8.9,53.0,0,0,1,0,0,0,0,0,0,0,1,0,0,1,0
8174,745.0,854.0,274.0,111,441.0,2.9,153.0,0,0,0,0,0,0,1,0,0,1,0,0,1,0,0
5003,180.0,9.0,110.0,243,543.0,17.5,31.0,0,0,0,1,0,0,1,0,0,1,0,0,0,1,0
6116,223.0,0.0,244.0,505,216.0,5.3,41.0,0,0,0,0,1,0,0,0,1,0,0,0,0,1,0
7631,17.0,0.0,17.0,-443,4.0,0.2,17.0,0,0,0,0,1,0,0,0,1,0,0,1,0,0,0
2483,1883.0,22.0,163.0,-27,825.0,17.2,48.0,0,0,0,0,0,0,0,0,1,0,0,0,0,1,0
2442,2830.0,0.0,563.0,422,2065.0,5.6,367.0,0,0,0,0,0,0,0,0,1,0,0,0,0,1,0
7638,2030.0,740.0,534.0,-839,2301.0,3.8,600.0,1,0,0,0,0,0,0,0,0,0,1,0,0,0,0
104,224.0,446.0,122.0,108,2515.0,20.4,123.0,0,0,0,0,0,0,0,0,1,1,0,0,0,1,0
950,942.0,5.0,417.0,-520,1189.0,3.1,387.0,1,0,0,0,0,0,1,0,0,0,0,0,0,0,0
8735,245.0,0.0,126.0,-171,61.0,3.0,20.0,0,1,0,0,0,0,0,0,1,0,0,0,0,0,0
1448,556.0,0.0,76.0,-43,575.0,26.1,22.0,1,0,0,0,0,0,0,1,0,1,1,0,0,1,0
8633,553.0,30.0,461.0,117,219.0,0.8,263.0,0,0,0,0,0,0,0,0,1,0,0,1,0,0,0
4420,345.0,17.0,338.0,351,76.0,0.6,118.0,1,0,0,0,0,0,0,0,0,0,1,1,0,0,0
2562,1025.0,0.0,542.0,372,1872.0,2.3,829.0,0,0,0,0,0,0,0,0,0,0,1,0,1,0,0
2360,37.0,0.0,12.0,-538,112.0,112.0,1.0,1,0,0,0,0,0,0,0,1,1,0,0,0,1,0
5940,246.0,9.0,10.0,-805,292.0,292.0,1.0,1,0,0,0,0,0,1,0,0,0,0,0,0,1,0
4260,5.0,30.0,113.0,286,93.0,2.2,43.0,0,0,0,0,0,0,0,0,0,1,1,0,1,0,0
1600,7208.0,891.0,1036.0,-703,6848.0,8.1,844.0,1,0,0,0,0,0,1,0,0,0,0,0,0,1,0
638,5307.0,0.0,1344.0,-129,1144.0,0.9,1226.0,0,1,0,0,0,0,1,0,0,1,0,1,0,0,0
1127,476.0,14.0,31.0,16,889.0,80.8,11.0,1,0,0,0,0,0,0,0,1,1,0,0,0,1,0
4339,1156.0,209.0,250.0,-1083,1826.0,27.7,66.0,0,0,1,0,0,1,0,0,0,0,1,0,0,1,0
633,254.0,67.0,247.0,160,56.0,0.2,282.0,0,0,0,0,1,0,0,0,0,0,1,1,0,0,0
910,2284.0,0.0,165.0,109,1107.0,14.6,76.0,0,0,0,1,0,0,0,0,0,0,1,0,0,1,0
5698,139.0,7.0,137.0,-67,584.0,4.2,139.0,0,0,0,0,0,0,1,0,0,1,0,0,0,0,0
5129,2095.0,102.0,424.0,-852,851.0,5.7,150.0,0,0,0,0,0,1,0,0,1,0,0,0,0,1,0
8333,1854.0,37.0,534.0,212,1059.0,6.3,169.0,0,0,0,1,0,0,0,0,0,0,1,0,0,1,0
7258,1017.0,0.0,259.0,-636,266.0,0.9,297.0,0,0,0,0,0,0,0,0,0,0,1,1,0,0,0
3569,122.0,0.0,15.0,432,80.0,13.3,6.0,0,0,0,0,0,0,0,0,0,1,1,0,0,1,0
7682,522.0,250.0,315.0,-206,468.0,1.9,248.0,0,1,0,0,0,0,0,1,0,0,1,0,1,0,0
801,363.0,54.0,166.0,104,1083.0,15.7,69.0,1,0,0,0,0,0,0,0,1,1,0,0,0,1,0
1700,4308.0,8.0,1023.0,-329,2020.0,1.6,1237.0,1,0,0,0,0,0,0,1,0,1,1,0,1,0,0
6295,2057.0,1.0,87.0,-456,484.0,13.4,36.0,0,0,0,0,1,0,0,0,1,0,0,0,0,1,0
6673,537.0,331.0,248.0,-896,268.0,1.8,153.0,1,0,0,0,0,0,0,1,0,1,1,0,1,0,0
3368,222.0,26.0,94.0,591,805.0,11.8,68.0,0,0,0,0,1,0,1,0,0,1,0,0,0,1,0
3004,509.0,43.0,172.0,-92,373.0,3.2,116.0,0,1,0,0,0,0,0,0,1,0,0,0,0,0,0
8655,793.0,0.0,21.0,-506,112.0,5.1,22.0,0,0,0,1,0,0,0,0,0,1,1,0,0,1,0
30,1623.0,505.0,1202.0,235,1726.0,1.9,886.0,0,0,0,0,0,0,1,0,0,0,0,0,1,0,0
5820,876.0,407.0,284.0,-398,579.0,3.4,168.0,0,1,0,0,0,0,0,0,1,1,0,0,0,0,0
5349,156.0,130.0,22.0,-259,226.0,14.1,16.0,1,0,0,0,0,0,0,1,0,1,1,0,0,1,0
3397,97.0,96.0,8.0,196,162.0,40.5,4.0,1,0,0,0,0,0,0,0,0,1,1,0,0,1,0
3739,509.0,294.0,79.0,-867,1399.0,17.7,79.0,0,0,0,1,0,0,0,1,0,1,1,0,0,1,0
6218,296.0,318.0,157.0,407,343.0,1.9,184.0,0,0,1,0,0,1,1,0,0,0,0,0,1,0,0
3515,775.0,440.0,225.0,-347,1033.0,79.5,13.0,0,0,1,0,0,0,0,1,0,0,1,0,0,1,0
6863,49.0,25.0,173.0,67,674.0,39.6,17.0,0,0,0,1,0,0,1,0,0,0,0,0,0,1,0
8024,1325.0,378.0,1484.0,-333,2225.0,2.3,983.0,0,0,0,0,0,0,0,1,0,0,1,0,1,0,0
78,1356.0,29.0,87.0,71,1173.0,3.0,391.0,0,1,0,0,0,0,0,0,1,0,0,0,0,0,0
4777,562.0,228.0,872.0,-825,1532.0,2.4,647.0,1,0,0,0,0,1,0,0,1,1,0,0,1,0,0
5598,2172.0,43.0,203.0,33,1010.0,13.1,77.0,0,0,0,0,0,0,0,0,0,0,1,0,0,1,0
4230,46.0,1.0,60.0,-24,220.0,73.3,3.0,1,0,0,0,0,0,1,0,0,0,0,0,0,1,0
3633,1124.0,31.0,195.0,168,2531.0,33.3,76.0,0,0,0,0,0,0,0,1,0,0,1,0,0,1,0
3252,389.0,36.0,372.0,-169,440.0,0.9,472.0,0,0,0,0,1,0,0,0,0,1,1,1,0,0,0
2703,1405.0,23.0,757.0,-871,1199.0,1.6,747.0,1,0,0,0,0,0,1,0,0,1,0,0,1,0,0
2314,1784.0,14.0,273.0,-405,1560.0,7.9,197.0,0,0,0,0,1,0,0,1,0,0,1,0,0,1,0
2082,749.0,1260.0,688.0,495,2806.0,8.7,321.0,1,0,0,0,0,0,0,0,1,0,0,0,0,1,0
6469,1774.0,18.0,350.0,-150,1404.0,3.1,458.0,0,0,1,0,0,0,0,0,0,0,1,0,0,0,0
1641,2892.0,1026.0,768.0,85,2359.0,3.5,665.0,0,0,0,1,0,0,0,1,0,0,1,0,0,0,0
1571,688.0,110.0,52.0,587,1984.0,40.5,49.0,0,0,0,0,0,0,1,0,0,1,0,0,0,1,0
4365,187.0,1.0,75.0,-192,240.0,10.4,23.0,0,0,0,1,0,0,0,1,0,1,1,0,0,1,0
6662,223.0,269.0,401.0,174,176.0,0.3,508.0,0,0,0,1,0,0,1,0,0,0,0,1,0,0,0
3257,3278.0,15.0,1677.0,337,4165.0,1.7,2388.0,0,0,1,0,0,0,1,0,0,1,0,0,1,0,0
1106,781.0,0.0,65.0,-185,193.0,4.9,39.0,0,0,0,0,0,0,1,0,0,0,0,0,0,0,0
2786,4244.0,0.0,224.0,-151,1691.0,27.7,61.0,0,0,0,0,1,0,0,0,0,1,1,0,0,1,0
1873,127.0,74.0,88.0,-324,759.0,26.2,29.0,0,0,0,0,0,0,0,0,0,1,1,0,0,1,0
2919,67.0,0.0,44.0,-457,146.0,29.2,5.0,0,0,0,0,1,0,1,0,0,0,0,0,0,1,0
4396,477.0,0.0,389.0,199,179.0,0.2,848.0,0,0,0,1,0,0,0,1,0,1,1,1,0,0,0
2728,664.0,1.0,598.0,-207,397.0,0.9,443.0,0,0,0,0,0,0,0,0,1,0,0,1,0,0,0
4106,397.0,0.0,227.0,537,132.0,0.9,147.0,0,0,1,0,0,1,1,0,0,0,0,1,0,0,0
3527,873.0,0.0,719.0,60,1099.0,3.2,343.0,0,0,0,0,0,0,0,0,1,1,0,0,0,0,0
5900,783.0,267.0,58.0,24,120.0,10.9,11.0,0,0,0,0,0,0,0,0,0,0,1,0,0,1,0
4890,3923.0,18.0,1145.0,234,4331.0,3.3,1301.0,0,0,0,0,1,0,0,1,0,0,1,0,0,0,0
7992,3068.0,38.0,964.0,324,1134.0,1.3,845.0,0,0,0,0,0,0,0,0,0,1,1,0,1,0,0
8548,2909.0,14.0,416.0,-924,880.0,5.1,171.0,0,0,1,0,0,0,0,0,0,0,1,0,0,1,0
3362,4188.0,839.0,762.0,217,2885.0,10.7,269.0,0,0,0,1,0,0,0,1,0,0,1,0,0,1,0
4665,984.0,0.0,267.0,-260,280.0,2.5,112.0,0,0,0,1,0,0,0,0,0,0,1,0,1,0,0
2779,36.0,0.0,25.0,130,26.0,26.0,1.0,0,0,0,0,0,0,0,0,1,1,0,0,0,1,0
5923,32.0,417.0,30.0,145,186.0,5.3,35.0,1,0,0,0,0,0,0,1,0,1,1,0,0,1,0
122,1940.0,821.0,1016.0,-484,3281.0,3.8,862.0,0,1,0,0,0,0,0,0,0,1,1,0,0,0,0
4542,337.0,41.0,171.0,-1447,239.0,2.7,87.0,0,0,0,0,1,0,0,1,0,1,1,0,1,0,0
8635,922.0,3.0,222.0,-250,717.0,3.7,192.0,0,0,0,0,0,0,0,0,1,1,0,0,0,0,0
8294,6998.0,1.0,1194.0,-69,1518.0,1.5,1022.0,0,1,0,0,0,0,0,1,0,0,1,0,1,0,0
3843,3127.0,24.0,208.0,363,1316.0,7.7,170.0,0,0,0,0,0,0,0,0,1,0,0,0,0,1,0
3731,1801.0,1737.0,487.0,596,4829.0,6.9,701.0,1,0,0,0,0,0,1,0,0,0,0,0,0,1,0
5467,774.0,31.0,234.0,-155,1005.0,2.3,444.0,0,0,0,0,1,0,0,1,0,1,1,0,1,0,0
351,1267.0,824.0,95.0,-1505,1986.0,165.5,12.0,0,0,0,0,0,0,0,0,0,0,1,0,0,1,0
7313,11.0,0.0,50.0,-761,46.0,1.0,47.0,0,0,0,0,1,0,0,0,1,0,0,1,0,0,0
2782,1924.0,45.0,259.0,117,1132.0,12.3,92.0,0,0,1,0,0,0,0,0,1,1,0,0,0,1,0
7401,185.0,10.0,47.0,177,165.0,5.3,31.0,0,0,0,0,0,0,0,0,1,0,0,0,0,1,0
7924,115.0,0.0,13.0,-249,99.0,16.5,6.0,1,0,0,0,0,0,0,1,0,1,1,0,0,1,0
4295,1019.0,1.0,42.0,-517,933.0,71.8,13.0,1,0,0,0,0,0,0,1,0,1,1,0,0,1,0
5016,1054.0,37.0,459.0,487,764.0,1.0,751.0,0,0,0,0,0,0,0,0,0,1,1,1,0,0,0
2052,2951.0,285.0,1008.0,-590,4178.0,6.4,654.0,0,1,0,0,0,0,1,0,0,0,0,0,0,1,0
7551,2663.0,277.0,902.0,186,1645.0,2.9,561.0,0,1,0,0,0,0,1,0,0,0,0,0,1,0,0
777,4914.0,622.0,2420.0,82,4592.0,2.4,1914.0,0,1,0,0,0,0,0,0,1,0,0,0,1,0,0
4721,276.0,76.0,150.0,19,1077.0,12.0,90.0,0,0,0,0,0,0,0,0,0,0,1,0,0,1,0
2017,234.0,369.0,178.0,407,256.0,0.9,287.0,0,0,0,1,0,0,0,0,0,0,1,1,0,0,0
695,4136.0,7.0,1463.0,209,1784.0,1.3,1413.0,0,0,0,0,0,0,1,0,0,1,0,0,1,0,0
2809,560.0,0.0,80.0,-239,323.0,4.0,81.0,0,0,0,1,0,0,0,0,0,0,1,0,0,0,0
3639,0.0,270.0,4.0,519,6.0,3.0,2.0,0,0,0,1,0,0,1,0,0,0,0,0,0,0,0
1239,40.0,1683.0,123.0,-593,68.0,0.5,138.0,0,0,0,1,0,0,0,0,0,1,1,1,0,0,0
7998,342.0,279.0,80.0,383,1679.0,50.9,33.0,0,0,0,0,0,0,0,0,0,0,1,0,0,1,0
4417,890.0,0.0,426.0,-792,154.0,0.4,367.0,0,0,0,0,1,0,1,0,0,0,0,1,0,0,0
440,728.0,7.0,118.0,71,668.0,66.8,10.0,0,0,0,0,0,0,0,1,0,0,1,0,0,1,0
4580,3056.0,0.0,117.0,-867,924.0,34.2,27.0,1,0,0,0,0,1,0,0,0,0,1,0,0,1,0
3856,67.0,0.0,1.0,-819,2.0,2.0,1.0,0,0,1,0,0,0,0,1,0,1,1,0,1,0,0
686,632.0,322.0,102.0,212,1703.0,53.2,32.0,0,0,0,0,0,0,1,0,0,0,0,0,0,1,0
365,338.0,61.0,35.0,760,58.0,8.3,7.0,0,0,0,0,0,0,0,1,0,0,1,0,0,1,0
463,881.0,46.0,504.0,0,1022.0,3.6,287.0,0,0,0,1,0,0,0,0,0,1,1,0,0,0,0
732,2042.0,8.0,714.0,565,1438.0,4.6,316.0,0,1,0,0,0,0,0,0,1,0,0,0,0,0,0
7430,5171.0,17.0,1017.0,207,3223.0,4.5,724.0,0,0,1,0,0,0,0,0,0,1,1,0,0,0,0
2003,2093.0,601.0,439.0,-360,1240.0,2.3,537.0,1,0,0,0,0,0,0,0,0,0,1,0,1,0,0
6024,7427.0,53.0,1576.0,-573,6113.0,3.7,1649.0,1,0,0,0,0,0,0,0,1,0,0,0,0,0,0
1260,353.0,5.0,392.0,-498,54.0,0.1,404.0,0,1,0,0,0,0,0,0,0,0,1,1,0,0,0
4067,1539.0,16.0,277.0,-45,378.0,3.6,106.0,0,1,0,0,0,0,0,0,1,0,0,0,0,0,0
2865,1273.0,9.0,208.0,-101,1557.0,4.0,386.0,0,0,0,0,1,0,1,0,0,0,0,0,0,0,0
5435,1158.0,2.0,175.0,-527,615.0,2.0,303.0,0,0,0,0,1,0,1,0,0,0,0,0,1,0,0
403,236.0,125.0,39.0,255,1255.0,39.2,32.0,0,0,0,1,0,1,0,0,0,0,1,0,0,1,0
5661,240.0,0.0,55.0,505,65.0,0.3,224.0,0,0,0,0,0,0,0,1,0,1,1,1,0,0,0
3678,6078.0,20.0,935.0,190,6248.0,7.1,884.0,0,0,0,1,0,0,0,0,0,1,1,0,0,1,0
1382,316.0,0.0,85.0,-493,108.0,0.9,115.0,1,0,0,0,0,0,1,0,0,0,0,1,0,0,0
5023,129.0,690.0,133.0,-326,1339.0,26.3,51.0,0,0,0,0,1,0,0,0,1,0,0,0,0,1,0
6498,481.0,0.0,229.0,-20,105.0,1.4,77.0,0,0,0,1,0,0,1,0,0,1,0,0,1,0,0
4709,336.0,70.0,99.0,-232,364.0,11.7,31.0,0,0,0,0,1,0,0,0,1,0,0,0,0,1,0
5481,425.0,0.0,207.0,-375,191.0,13.6,14.0,0,0,0,0,1,1,0,1,0,0,1,0,0,1,0
4968,919.0,461.0,848.0,-520,857.0,1.0,847.0,0,1,0,0,0,0,0,1,0,0,1,1,0,0,0
7987,2396.0,793.0,665.0,556,4432.0,4.2,1062.0,0,0,0,0,0,0,0,0,1,0,0,0,0,0,0
3319,1267.0,0.0,759.0,342,677.0,1.4,498.0,0,0,0,0,0,1,0,0,0,1,1,0,1,0,0
6563,240.0,146.0,30.0,397,808.0,24.5,33.0,1,0,0,0,0,1,0,1,0,0,1,0,0,1,0
1668,35.0,2099.0,137.0,-433,305.0,9.0,34.0,0,0,0,0,0,0,0,1,0,0,1,0,0,1,0
854,1175.0,771.0,105.0,771,1645.0,15.4,107.0,0,0,0,0,0,1,1,0,0,0,0,0,0,1,0
7492,500.0,144.0,210.0,271,1456.0,5.9,246.0,0,0,0,0,0,0,0,0,1,1,0,0,0,1,0
5228,795.0,0.0,97.0,954,515.0,9.5,54.0,0,0,0,0,0,0,0,0,1,0,0,0,0,1,0
7408,4374.0,309.0,731.0,-995,3972.0,4.2,943.0,0,0,1,0,0,0,1,0,0,1,0,0,0,0,0
8511,4781.0,1.0,988.0,-277,1595.0,1.5,1091.0,0,0,0,0,1,0,1,0,0,1,0,0,1,0,0
3541,1908.0,114.0,692.0,336,1602.0,2.1,778.0,1,0,0,0,0,0,0,1,0,0,1,0,1,0,0
6767,205.0,5.0,57.0,1157,293.0,17.2,17.0,0,0,0,1,0,0,0,0,0,1,1,0,0,1,0
1804,1476.0,3.0,139.0,295,1148.0,95.7,12.0,1,0,0,0,0,0,0,0,0,0,1,0,0,1,0
5708,311.0,297.0,154.0,427,1212.0,12.5,97.0,0,0,0,0,0,0,0,0,0,0,1,0,0,1,0
5704,155.0,329.0,28.0,158,863.0,27.0,32.0,0,0,0,0,0,0,1,0,0,0,0,0,0,1,0
1767,11653.0,434.0,1832.0,-576,7997.0,4.2,1899.0,0,0,0,1,0,0,0,1,0,1,1,0,0,0,0
3304,1732.0,454.0,881.0,756,1480.0,1.8,804.0,0,0,0,0,0,0,0,0,0,1,1,0,1,0,0
1037,376.0,0.0,16.0,126,41.0,5.9,7.0,1,0,0,0,0,0,0,1,0,0,1,0,0,1,0
5463,905.0,60.0,182.0,-171,1690.0,43.3,39.0,0,1,0,0,0,0,0,0,1,0,0,0,0,1,0
416,672.0,43.0,214.0,-336,1330.0,12.5,106.0,0,0,0,1,0,1,0,0,1,0,0,0,0,1,0
6315,772.0,0.0,53.0,374,25.0,6.2,4.0,1,0,0,0,0,0,0,0,0,0,1,0,0,1,0
1292,1112.0,54.0,305.0,-331,439.0,2.2,196.0,1,0,0,0,0,0,0,0,1,0,0,0,1,0,0
6801,1764.0,0.0,462.0,-448,1597.0,21.3,75.0,0,0,0,0,1,0,1,0,0,0,0,0,0,1,0
23,215.0,25.0,400.0,133,370.0,1.1,336.0,0,0,0,0,0,0,0,1,0,0,1,0,1,0,0
1348,87.0,0.0,5.0,-66,481.0,240.5,2.0,0,0,0,0,0,0,1,0,0,0,0,0,0,1,0
7147,115.0,261.0,134.0,-327,367.0,2.7,136.0,0,0,0,0,0,0,1,0,0,0,0,0,1,0,0
6763,507.0,124.0,438.0,754,143.0,0.5,279.0,0,0,0,0,1,0,1,0,0,0,0,1,0,0,0
6617,152.0,18.0,54.0,-617,356.0,5.9,60.0,0,0,1,0,0,0,0,0,0,1,1,0,0,1,0
7665,2583.0,423.0,273.0,-224,3226.0,8.2,393.0,0,0,0,0,0,0,1,0,0,1,0,0,0,1,0
247,13.0,0.0,70.0,-36,52.0,2.2,24.0,0,0,0,0,0,0,1,0,0,0,0,0,1,0,0
3215,856.0,145.0,229.0,-487,295.0,0.5,608.0,0,0,0,1,0,0,1,0,0,0,0,1,0,0,0
3804,148.0,446.0,310.0,-334,123.0,0.4,314.0,0,0,0,1,0,0,1,0,0,0,0,1,0,0,0
693,706.0,0.0,23.0,422,37.0,3.4,11.0,0,0,0,0,0,0,0,1,0,1,1,0,0,0,0
8632,16.0,21.0,19.0,5,152.0,13.8,11.0,1,0,0,0,0,0,0,1,0,0,1,0,0,1,0
6250,397.0,540.0,280.0,139,574.0,8.0,72.0,0,0,0,0,0,0,0,1,0,0,1,0,0,1,0
869,298.0,9.0,198.0,269,320.0,1.0,308.0,0,0,0,0,0,0,0,0,0,0,1,1,0,0,0
4963,532.0,26.0,120.0,-177,369.0,3.1,120.0,0,0,0,0,1,0,0,0,1,0,0,0,0,0,0
8258,314.0,3.0,140.0,-436,168.0,1.0,160.0,0,0,0,1,0,1,0,0,1,0,0,1,0,0,0
1398,2973.0,0.0,198.0,-342,890.0,4.7,189.0,0,0,0,0,1,0,0,0,1,0,0,0,0,0,0
5419,371.0,0.0,249.0,578,257.0,1.9,137.0,1,0,0,0,0,0,0,0,1,1,0,0,1,0,0
8611,246.0,86.0,38.0,913,320.0,8.4,38.0,0,0,0,0,0,0,0,1,0,1,1,0,0,1,0
3576,296.0,158.0,89.0,-403,872.0,15.0,58.0,1,0,0,0,0,0,0,0,0,1,1,0,0,1,0
893,1203.0,0.0,120.0,-409,262.0,2.5,105.0,1,0,0,0,0,0,0,1,0,0,1,0,1,0,0
3826,1419.0,1.0,155.0,-147,1067.0,5.7,188.0,0,1,0,0,0,0,0,0,1,0,0,0,0,1,0
625,424.0,35.0,262.0,210,677.0,4.9,139.0,1,0,0,0,0,0,1,0,0,1,0,0,0,0,0
5104,5382.0,18.0,473.0,-198,1604.0,9.4,171.0,1,0,0,0,0,0,0,0,0,0,1,0,0,1,0
5176,874.0,305.0,136.0,-93,1073.0,20.6,52.0,0,0,0,0,1,1,0,0,0,0,1,0,0,1,0
4895,20.0,303.0,63.0,196,549.0,3.4,161.0,0,0,0,0,0,0,0,0,0,0,1,0,0,0,0
4013,4053.0,4.0,1016.0,-531,1576.0,3.5,451.0,0,0,0,0,0,0,0,0,1,0,0,0,0,0,0
929,673.0,1.0,129.0,-138,87.0,0.9,93.0,0,0,0,0,0,0,0,1,0,0,1,1,0,0,0
8089,2.0,7.0,51.0,-371,3.0,0.0,64.0,1,0,0,0,0,0,0,0,1,0,0,0,0,0,1
8010,490.0,112.0,444.0,-99,435.0,0.7,601.0,0,0,0,0,0,0,1,0,0,1,0,1,0,0,0
3005,27.0,112.0,20.0,263,105.0,2.9,36.0,0,0,0,0,0,0,0,0,0,0,1,0,1,0,0
1818,153.0,0.0,40.0,362,40.0,2.1,19.0,0,0,0,1,0,0,0,1,0,1,1,0,1,0,0
7590,92.0,135.0,64.0,499,124.0,31.0,4.0,0,0,0,0,0,0,1,0,0,1,0,0,0,1,0
8106,335.0,382.0,25.0,34,340.0,5.6,61.0,1,0,0,0,0,0,0,1,0,0,1,0,0,1,0
3428,26.0,0.0,13.0,291,79.0,6.1,13.0,0,1,0,0,0,0,0,1,0,1,1,0,0,1,0
7081,2268.0,1.0,363.0,80,711.0,1.6,443.0,0,0,1,0,0,1,0,0,1,0,0,0,1,0,0
2132,3463.0,1023.0,436.0,131,3341.0,10.9,307.0,0,0,0,1,0,0,0,0,1,0,0,0,0,1,0
4199,4341.0,0.0,531.0,219,555.0,6.9,80.0,0,0,0,0,1,0,1,0,0,0,0,0,0,1,0
7714,2144.0,0.0,415.0,27,1823.0,1.8,1029.0,0,0,0,0,1,0,1,0,0,1,0,0,1,0,0
4073,3251.0,109.0,242.0,-263,3749.0,50.7,74.0,0,0,0,0,0,0,0,0,0,1,1,0,0,1,0
2856,1617.0,1409.0,621.0,25,922.0,2.3,401.0,0,0,0,0,0,0,0,0,0,0,1,0,1,0,0
8736,8904.0,57.0,1589.0,-743,8032.0,3.7,2151.0,0,0,0,0,0,0,0,1,0,1,1,0,0,0,0
4576,2230.0,374.0,1055.0,-856,2612.0,1.9,1359.0,0,0,1,0,0,0,0,0,0,1,1,0,1,0,0
7536,250.0,0.0,244.0,660,105.0,0.4,270.0,0,0,0,0,1,0,0,0,0,0,1,1,0,0,0
718,476.0,53.0,434.0,-291,947.0,2.5,384.0,0,0,0,0,1,0,1,0,0,0,0,0,1,0,0
1217,2153.0,2989.0,717.0,821,5404.0,13.5,401.0,0,0,0,1,0,0,0,0,0,1,1,0,0,1,0
7111,1127.0,0.0,259.0,-648,389.0,0.8,477.0,0,0,1,0,0,0,1,0,0,0,0,1,0,0,0
4892,188.0,1652.0,36.0,-356,921.0,7.5,122.0,0,0,0,0,0,0,0,0,0,0,1,0,0,1,0
8606,2157.0,400.0,706.0,-267,3343.0,5.6,592.0,0,0,0,0,1,0,0,1,0,0,1,0,0,1,0
2258,1076.0,66.0,142.0,-91,1082.0,25.8,42.0,0,0,0,0,0,0,0,0,0,0,1,0,0,1,0
5293,303.0,102.0,217.0,430,1354.0,28.8,47.0,0,0,0,0,0,0,0,0,1,0,0,0,0,1,0
5778,67.0,564.0,21.0,-229,437.0,437.0,1.0,1,0,0,0,0,0,1,0,0,0,0,0,0,1,0
1125,253.0,29.0,90.0,511,1098.0,5.8,190.0,0,0,0,0,1,1,1,0,0,0,0,0,0,1,0
872,3597.0,20.0,440.0,-1028,3384.0,19.9,170.0,0,0,0,0,1,0,0,0,0,1,1,0,0,1,0
1841,2668.0,0.0,857.0,-266,2299.0,3.4,686.0,0,0,0,0,1,0,1,0,0,0,0,0,0,0,0
3952,1386.0,4.0,70.0,309,3052.0,160.6,19.0,0,0,0,0,0,0,1,0,0,1,0,0,0,1,0
5049,1555.0,22.0,145.0,-50,386.0,2.8,139.0,1,0,0,0,0,0,1,0,0,1,0,0,1,0,0
3887,312.0,1565.0,545.0,81,2393.0,6.9,347.0,0,0,0,0,1,0,1,0,0,1,0,0,0,1,0
8055,93.0,7.0,20.0,508,65.0,2.0,32.0,0,0,0,0,1,0,0,1,0,1,1,0,1,0,0
626,2004.0,761.0,835.0,119,2425.0,6.3,387.0,0,0,0,0,0,0,0,0,0,0,1,0,0,1,0
182,1461.0,2.0,678.0,-611,1058.0,1.9,544.0,0,0,0,1,0,0,0,1,0,1,1,0,1,0,0
7936,862.0,65.0,569.0,-54,746.0,0.9,803.0,1,0,0,0,0,0,1,0,0,0,0,1,0,0,0
5490,4955.0,190.0,465.0,-64,1404.0,3.5,396.0,0,0,0,1,0,0,0,1,0,0,1,0,0,0,0
2356,1616.0,580.0,258.0,83,3408.0,46.7,73.0,0,0,0,0,1,0,0,1,0,0,1,0,0,1,0
2556,1486.0,1.0,100.0,815,713.0,356.5,2.0,1,0,0,0,0,0,1,0,0,1,0,0,0,1,0
105,2032.0,611.0,159.0,-58,2276.0,8.7,263.0,0,0,0,0,0,0,0,0,0,0,1,0,0,1,0
7669,328.0,12.0,48.0,-67,61.0,4.1,15.0,0,1,0,0,0,0,0,0,0,0,1,0,0,0,0
1282,716.0,427.0,214.0,-308,1923.0,7.9,244.0,0,1,0,0,0,0,1,0,0,0,0,0,0,1,0
765,3101.0,3.0,545.0,-67,1673.0,18.4,91.0,0,0,0,1,0,0,1,0,0,1,0,0,0,1,0
348,126.0,14.0,288.0,-104,484.0,5.5,88.0,0,0,0,0,0,1,1,0,0,1,0,0,0,1,0
3011,209.0,35.0,338.0,-122,405.0,1.1,378.0,0,0,0,0,1,0,0,1,0,1,1,0,1,0,0
7530,1910.0,558.0,712.0,-367,1970.0,4.1,482.0,0,0,0,0,0,0,0,1,0,0,1,0,0,0,0
7215,141.0,135.0,3.0,376,169.0,28.2,6.0,1,0,0,0,0,0,0,0,0,1,1,0,0,1,0
6006,976.0,595.0,94.0,-428,3142.0,314.2,10.0,0,0,0,1,0,0,0,0,0,0,1,0,0,1,0
2982,427.0,65.0,62.0,0,527.0,87.8,6.0,0,0,0,0,0,0,0,0,1,0,0,0,0,1,0
3410,1081.0,460.0,422.0,462,3305.0,5.7,581.0,0,0,0,0,0,0,0,0,1,0,0,0,0,1,0
3588,116.0,0.0,2.0,-99,101.0,9.2,11.0,0,0,0,0,0,0,1,0,0,0,0,0,0,1,0
4860,51.0,3.0,75.0,463,108.0,1.8,61.0,0,0,0,0,1,0,1,0,0,0,0,0,1,0,0
3092,99.0,3.0,26.0,814,293.0,6.1,48.0,0,0,0,0,0,0,1,0,0,0,0,0,0,1,0
5623,12.0,5.0,105.0,86,5.0,0.3,18.0,0,0,0,0,1,0,0,1,0,1,1,1,0,0,0
6526,190.0,6.0,337.0,353,104.0,0.4,253.0,0,0,0,0,0,1,0,0,0,0,1,1,0,0,0
6530,2068.0,1.0,525.0,-374,665.0,1.0,689.0,0,1,0,0,0,0,0,0,1,1,0,1,0,0,0
5850,755.0,5.0,277.0,-383,1234.0,7.4,166.0,0,0,0,0,0,0,1,0,0,1,0,0,0,1,0
5734,696.0,6.0,221.0,302,1234.0,12.5,99.0,1,0,0,0,0,0,0,1,0,0,1,0,0,1,0
7668,92.0,1030.0,296.0,-25,2331.0,7.0,331.0,1,0,0,0,0,0,1,0,0,1,0,0,0,1,0
8114,117.0,546.0,159.0,697,577.0,19.2,30.0,0,0,0,0,0,0,0,0,0,0,1,0,0,1,0
5840,121.0,149.0,124.0,-18,60.0,0.9,67.0,0,0,0,0,1,0,0,0,0,0,1,1,0,0,0
4872,2972.0,0.0,371.0,-136,210.0,0.3,601.0,1,0,0,0,0,0,0,0,0,0,1,1,0,0,0
4582,910.0,27.0,296.0,-60,865.0,3.3,261.0,1,0,0,0,0,0,0,1,0,0,1,0,0,0,0
6241,10.0,135.0,80.0,171,107.0,2.5,42.0,0,0,0,0,0,0,0,1,0,1,1,0,1,0,0
4194,510.0,25.0,229.0,-165,1291.0,23.1,56.0,0,0,0,0,0,0,1,0,0,0,0,0,0,1,0
3591,1996.0,92.0,976.0,97,2690.0,3.5,760.0,0,0,0,0,0,0,1,0,0,0,0,0,0,0,0
4908,217.0,1.0,39.0,69,156.0,52.0,3.0,0,0,0,1,0,0,0,0,0,1,1,0,0,1,0
6464,203.0,0.0,47.0,418,36.0,4.0,9.0,0,0,0,1,0,0,0,0,0,1,1,0,0,0,0
6351,1835.0,213.0,456.0,803,4654.0,24.1,193.0,0,0,0,1,0,0,1,0,0,0,0,0,0,1,0
7196,4.0,40.0,13.0,239,57.0,4.8,12.0,0,0,0,1,0,0,0,0,1,1,0,0,0,0,0
1519,3213.0,3.0,575.0,301,2164.0,3.2,681.0,0,0,0,0,0,0,1,0,0,1,0,0,0,0,0
8001,241.0,0.0,145.0,506,153.0,2.8,55.0,0,0,0,0,1,0,1,0,0,0,0,0,1,0,0
8149,114.0,0.0,8.0,-453,34.0,11.3,3.0,0,0,0,0,1,0,0,1,0,0,1,0,0,1,0
1914,644.0,0.0,182.0,500,134.0,2.2,60.0,0,0,0,0,1,1,0,0,0,0,1,0,1,0,0
7386,578.0,1117.0,132.0,-116,3912.0,108.7,36.0,0,0,0,0,0,0,0,0,0,1,1,0,0,1,0
3231,908.0,106.0,284.0,-189,806.0,3.5,230.0,1,0,0,0,0,0,1,0,0,0,0,0,0,0,0
3814,7.0,0.0,19.0,136,8.0,1.3,6.0,0,0,0,1,0,0,0,0,1,0,0,0,1,0,0
7778,291.0,143.0,221.0,-1145,2866.0,7.2,398.0,0,0,0,1,0,0,0,0,0,0,1,0,0,1,0
7100,1182.0,110.0,262.0,6,943.0,3.9,243.0,1,0,0,0,0,0,0,0,0,0,1,0,0,0,0
476,290.0,6.0,125.0,587,147.0,2.4,61.0,0,0,0,0,0,0,0,0,1,1,0,0,1,0,0
5329,513.0,31.0,434.0,-283,1471.0,6.3,232.0,0,0,0,0,0,0,0,0,0,1,1,0,0,1,0
5692,349.0,1.0,50.0,-677,958.0,59.9,16.0,0,0,0,0,0,1,0,0,1,1,0,0,0,1,0
1616,13.0,0.0,6.0,125,3.0,1.0,3.0,0,0,0,0,0,0,1,0,0,0,0,1,0,0,0
2055,567.0,2.0,652.0,56,952.0,1.7,574.0,0,0,0,0,0,0,0,0,0,0,1,0,1,0,0
3408,1424.0,1.0,671.0,155,992.0,2.6,386.0,0,0,0,0,0,0,1,0,0,0,0,0,1,0,0
6961,73.0,3.0,19.0,-311,21.0,3.5,6.0,0,0,0,0,0,0,0,1,0,1,1,0,0,0,0
4676,103.0,1137.0,92.0,-12,265.0,8.3,32.0,0,0,0,1,0,0,1,0,0,0,0,0,0,1,0
762,3745.0,78.0,745.0,408,2641.0,7.9,333.0,0,0,0,0,0,0,0,1,0,1,1,0,0,1,0
6185,1303.0,53.0,368.0,-54,1964.0,24.2,81.0,0,0,0,0,0,0,0,1,0,0,1,0,0,1,0
5683,1904.0,75.0,351.0,-73,1946.0,5.6,348.0,0,0,0,0,0,0,0,1,0,0,1,0,0,1,0
1488,8.0,1306.0,28.0,460,59.0,4.2,14.0,0,0,0,0,0,0,0,0,0,1,1,0,0,0,0
7625,1372.0,153.0,429.0,203,692.0,3.1,223.0,0,0,1,0,0,0,0,1,0,0,1,0,0,0,0
7926,5416.0,175.0,679.0,-888,5269.0,20.1,262.0,0,0,0,1,0,0,0,0,1,1,0,0,0,1,0
513,658.0,1274.0,78.0,224,3642.0,35.0,104.0,0,0,0,1,0,1,0,0,0,1,1,0,0,1,0
7944,21.0,0.0,4.0,434,12.0,1.1,11.0,0,0,0,1,0,0,0,0,1,1,0,0,1,0,0
2849,2913.0,517.0,484.0,433,1935.0,3.3,590.0,1,0,0,0,0,0,1,0,0,1,0,0,0,0,0
4093,839.0,7.0,204.0,-387,191.0,0.8,237.0,0,0,0,0,0,0,0,0,0,0,1,1,0,0,0
8105,2445.0,172.0,236.0,304,2751.0,8.0,346.0,0,0,0,0,0,0,0,0,1,1,0,0,0,1,0
390,1108.0,339.0,579.0,279,856.0,1.3,640.0,0,0,0,0,0,0,0,1,0,0,1,0,1,0,0
5254,91.0,612.0,16.0,1048,710.0,13.7,52.0,0,0,0,0,1,0,0,0,0,1,1,0,0,1,0
1248,684.0,1554.0,600.0,48,3402.0,14.4,236.0,0,0,1,0,0,0,0,0,1,0,0,0,0,1,0
5218,914.0,103.0,199.0,664,1575.0,19.2,82.0,0,0,0,0,1,0,0,0,0,0,1,0,0,1,0
420,1465.0,3.0,231.0,-256,2575.0,11.4,225.0,0,0,0,0,0,0,0,0,0,0,1,0,0,1,0
3920,502.0,4.0,225.0,-449,1209.0,8.0,151.0,0,0,1,0,0,0,0,0,1,0,0,0,0,1,0
2560,322.0,34.0,57.0,25,708.0,12.6,56.0,1,0,0,0,0,0,0,0,1,1,0,0,0,1,0
5720,1894.0,2.0,975.0,273,2237.0,4.7,472.0,0,0,0,1,0,0,0,0,1,0,0,0,0,0,0
7771,722.0,1246.0,259.0,8,2403.0,40.0,60.0,0,1,0,0,0,0,1,0,0,0,0,0,0,1,0
98,5473.0,31.0,1032.0,-228,2793.0,2.3,1224.0,0,1,0,0,0,0,0,0,1,1,0,0,1,0,0
3641,1339.0,10.0,148.0,-336,1135.0,35.5,32.0,0,0,0,0,1,0,0,0,0,0,1,0,0,1,0
3318,742.0,46.0,74.0,-41,899.0,112.4,8.0,0,0,0,1,0,0,0,0,0,1,1,0,0,1,0
6072,3005.0,113.0,808.0,-647,2704.0,3.5,763.0,1,0,0,0,0,0,0,1,0,0,1,0,0,0,0
2307,104.0,0.0,40.0,-399,108.0,3.0,36.0,0,0,0,0,1,0,0,1,0,0,1,0,0,0,0
7071,1082.0,166.0,215.0,-97,2180.0,10.9,200.0,0,0,0,0,0,0,0,0,0,1,1,0,0,1,0
1925,3574.0,1.0,467.0,704,2724.0,7.8,351.0,0,0,0,0,0,0,0,1,0,0,1,0,0,1,0
851,118.0,0.0,11.0,309,31.0,7.8,4.0,0,0,0,0,1,0,0,0,0,0,1,0,0,1,0
4685,27.0,0.0,43.0,29,5.0,0.8,6.0,0,0,0,0,0,0,0,1,0,0,1,1,0,0,0
6196,475.0,23.0,350.0,-60,1074.0,8.0,134.0,0,0,0,0,0,0,1,0,0,0,0,0,0,1,0
6827,4431.0,67.0,361.0,-41,3896.0,50.6,77.0,0,0,0,0,1,1,0,1,0,0,1,0,0,1,0
3300,2736.0,66.0,547.0,537,1114.0,4.1,274.0,0,1,0,0,0,0,1,0,0,1,0,0,0,0,0
6390,215.0,0.0,117.0,-477,81.0,0.4,199.0,0,0,0,0,0,0,0,0,1,0,0,1,0,0,0
7099,257.0,33.0,36.0,-489,342.0,342.0,1.0,0,0,0,0,0,0,0,0,1,0,0,0,0,1,0
4536,1166.0,3.0,81.0,231,335.0,4.2,80.0,0,0,0,0,0,0,0,0,1,0,0,0,0,0,0
7233,942.0,198.0,603.0,-284,297.0,0.5,626.0,0,0,0,1,0,0,0,1,0,1,1,1,0,0,0
7510,838.0,458.0,341.0,-150,1995.0,9.0,221.0,1,0,0,0,0,0,1,0,0,1,0,0,0,1,0
357,389.0,4.0,57.0,1186,499.0,11.3,44.0,1,0,0,0,0,0,0,0,1,0,0,0,0,1,0
2778,2782.0,0.0,581.0,-833,1779.0,7.4,242.0,0,0,0,1,0,0,0,0,1,1,0,0,0,1,0
2885,1117.0,0.0,41.0,123,547.0,6.1,90.0,0,0,0,0,0,0,0,0,0,1,1,0,0,1,0
2640,658.0,1098.0,522.0,49,1559.0,4.0,385.0,0,0,0,1,0,0,0,0,0,0,1,0,0,0,0
3255,2930.0,6.0,260.0,288,4234.0,27.7,153.0,0,0,0,1,0,0,0,1,0,0,1,0,0,1,0
5397,634.0,17.0,76.0,304,385.0,5.4,71.0,0,0,1,0,0,0,1,0,0,0,0,0,0,1,0
5874,1151.0,1151.0,561.0,497,5397.0,8.6,628.0,0,0,0,1,0,1,0,0,1,1,0,0,0,1,0
713,320.0,1.0,321.0,-276,348.0,1.0,348.0,0,0,0,0,1,0,0,1,0,1,1,1,0,0,0
7784,119.0,570.0,44.0,-165,42.0,0.9,48.0,0,0,1,0,0,0,0,0,0,1,1,1,0,0,0
0,3510.0,6.0,437.0,246,1426.0,9.4,151.0,0,0,0,1,0,0,0,1,0,1,1,0,0,1,0
1639,167.0,536.0,101.0,-560,401.0,12.5,32.0,0,1,0,0,0,0,0,0,0,1,1,0,0,1,0
1775,8.0,0.0,53.0,943,13.0,13.0,1.0,0,0,0,0,1,0,0,0,1,1,0,0,0,1,0
5711,363.0,208.0,109.0,-67,347.0,11.2,31.0,0,1,0,0,0,1,0,0,0,0,1,0,0,1,0
7903,74.0,74.0,77.0,-581,855.0,23.1,37.0,0,0,0,0,0,0,0,0,0,0,1,0,0,1,0
2101,1261.0,51.0,449.0,273,1671.0,2.2,745.0,0,0,0,1,0,1,1,0,0,0,0,0,1,0,0
3336,1772.0,5.0,178.0,186,1791.0,5.3,337.0,1,0,0,0,0,0,0,0,1,0,0,0,0,1,0
3726,1.0,94.0,14.0,353,197.0,28.1,7.0,0,0,0,1,0,0,0,0,0,1,1,0,0,1,0
2083,5361.0,286.0,185.0,-75,4175.0,11.5,362.0,0,0,0,0,0,0,0,0,0,0,1,0,0,1,0
6302,221.0,0.0,134.0,-594,348.0,0.8,421.0,0,0,0,1,0,0,0,0,1,0,0,1,0,0,0
7310,292.0,0.0,66.0,98,101.0,3.0,34.0,0,0,0,0,0,0,0,1,0,0,1,0,0,0,0
1169,236.0,8.0,75.0,-265,265.0,26.5,10.0,0,0,0,0,1,0,0,0,0,1,1,0,0,1,0
8578,16.0,10.0,41.0,-166,268.0,89.3,3.0,0,0,0,0,0,0,1,0,0,1,0,0,0,1,0
3858,1985.0,737.0,298.0,44,2502.0,113.7,22.0,0,0,0,1,0,0,0,0,0,1,1,0,0,1,0
2391,373.0,0.0,104.0,411,63.0,3.3,19.0,0,0,0,0,1,0,0,0,1,0,0,0,0,0,0
5535,3327.0,27.0,894.0,273,2809.0,7.6,370.0,0,0,1,0,0,0,0,0,0,0,1,0,0,1,0
8520,1029.0,272.0,910.0,-189,3768.0,7.0,542.0,0,0,0,0,1,0,0,0,1,1,0,0,0,1,0
2464,19.0,0.0,3.0,-564,5.0,1.2,4.0,1,0,0,0,0,0,0,1,0,0,1,0,1,0,0
8284,674.0,0.0,60.0,97,175.0,4.4,40.0,0,0,0,0,1,0,0,0,1,0,0,0,0,0,0
6462,445.0,8.0,212.0,336,556.0,1.5,363.0,0,0,0,0,1,0,0,0,0,0,1,0,1,0,0
3517,2548.0,10.0,219.0,-386,1368.0,9.9,138.0,0,0,0,0,1,0,0,1,0,1,1,0,0,1,0
8049,2776.0,1849.0,450.0,189,5573.0,14.9,374.0,0,1,0,0,0,0,0,1,0,0,1,0,0,1,0
7902,1760.0,0.0,146.0,208,71.0,0.8,86.0,0,0,0,0,0,0,0,1,0,0,1,1,0,0,0
2348,4108.0,0.0,234.0,-680,1496.0,14.7,102.0,0,0,0,1,0,0,0,0,1,0,0,0,0,1,0
1801,56.0,0.0,6.0,-364,154.0,154.0,1.0,0,0,0,0,0,0,0,1,0,0,1,0,0,1,0
1197,381.0,343.0,36.0,-115,244.0,30.5,8.0,0,0,0,1,0,0,0,0,1,1,0,0,0,1,0
7234,2300.0,8.0,297.0,1170,1437.0,3.8,378.0,1,0,0,0,0,0,0,1,0,0,1,0,0,0,0
4500,393.0,19.0,487.0,-694,1022.0,1.7,594.0,0,0,0,0,0,0,0,0,1,1,0,0,1,0,0
2202,2648.0,119.0,230.0,575,4562.0,55.0,83.0,0,0,0,0,0,0,1,0,0,0,0,0,0,1,0
627,2706.0,228.0,1930.0,-215,1756.0,1.3,1327.0,0,0,0,0,0,0,0,0,0,0,1,0,1,0,0
2780,2652.0,10.0,130.0,532,669.0,3.1,213.0,0,0,0,0,1,0,1,0,0,0,0,0,0,0,0
1735,700.0,127.0,92.0,166,220.0,14.7,15.0,0,0,0,1,0,0,0,0,0,0,1,0,0,1,0
5206,457.0,25.0,501.0,763,1670.0,6.1,274.0,0,0,0,0,0,0,1,0,0,0,0,0,0,1,0
206,1232.0,2283.0,392.0,408,5157.0,31.6,163.0,0,0,0,1,0,0,0,0,1,0,0,0,0,1,0
5757,996.0,45.0,238.0,-551,657.0,6.1,107.0,0,0,0,0,1,0,0,0,0,0,1,0,0,1,0
3390,495.0,0.0,379.0,374,648.0,0.9,702.0,0,0,0,0,0,1,0,1,0,1,1,1,0,0,0
2050,261.0,0.0,214.0,744,580.0,12.9,45.0,0,0,0,0,0,0,0,0,1,0,0,0,0,1,0
4621,131.0,3.0,24.0,-516,259.0,86.3,3.0,0,0,0,1,0,0,0,0,0,0,1,0,0,1,0
2383,159.0,288.0,124.0,-57,152.0,3.4,45.0,0,0,0,0,0,0,0,1,0,1,1,0,0,0,0
760,1.0,155.0,94.0,1103,93.0,0.9,99.0,0,0,0,0,0,0,0,0,1,0,0,1,0,0,0
4275,1108.0,53.0,106.0,58,2032.0,156.3,13.0,0,0,0,0,1,0,1,0,0,0,0,0,0,1,0
7217,167.0,23.0,98.0,532,169.0,1.5,112.0,0,0,0,1,0,0,1,0,0,1,0,0,1,0,0
7708,265.0,10.0,26.0,-333,83.0,2.8,30.0,0,0,0,0,0,0,0,1,0,0,1,0,1,0,0
5737,329.0,0.0,106.0,-237,244.0,10.6,23.0,1,0,0,0,0,0,0,0,1,1,0,0,0,1,0
6817,802.0,1438.0,399.0,137,1573.0,2.3,693.0,1,0,0,0,0,0,1,0,0,0,0,0,1,0,0
4949,1230.0,34.0,517.0,-192,836.0,3.1,271.0,0,1,0,0,0,0,0,0,0,0,1,0,0,0,0
7271,147.0,0.0,4.0,-817,7.0,7.0,1.0,0,0,0,0,0,1,0,0,0,0,1,0,0,1,0
5538,517.0,0.0,55.0,201,476.0,13.2,36.0,0,0,0,0,0,0,1,0,0,0,0,0,0,1,0
4251,234.0,16.0,137.0,664,408.0,2.2,188.0,0,1,0,0,0,0,1,0,0,0,0,0,1,0,0
6494,682.0,2.0,47.0,-150,821.0,11.4,72.0,0,0,0,0,0,0,1,0,0,0,0,0,0,1,0
861,154.0,19.0,109.0,213,290.0,7.2,40.0,0,0,0,0,1,0,0,0,0,0,1,0,0,1,0
6724,3921.0,964.0,884.0,-187,3099.0,2.5,1256.0,1,0,0,0,0,0,1,0,0,1,0,0,1,0,0
304,522.0,1.0,51.0,581,1140.0,47.5,24.0,0,0,0,0,1,0,0,0,1,0,0,0,0,1,0
720,393.0,0.0,359.0,164,1206.0,7.0,172.0,0,0,1,0,0,0,0,0,0,1,1,0,0,1,0
5331,710.0,77.0,457.0,254,1297.0,3.7,350.0,1,0,0,0,0,0,0,1,0,1,1,0,0,0,0
5076,10615.0,9.0,1559.0,766,10306.0,9.5,1090.0,0,0,0,0,1,0,1,0,0,0,0,0,0,1,0
7544,141.0,47.0,221.0,-260,579.0,3.6,159.0,0,1,0,0,0,0,1,0,0,1,0,0,0,0,0
6739,2326.0,33.0,380.0,-464,1042.0,15.1,69.0,0,0,0,0,0,0,0,0,1,0,0,0,0,1,0
4117,7328.0,38.0,1425.0,-246,10295.0,8.9,1154.0,0,0,0,0,1,0,1,0,0,0,0,0,0,1,0
8504,28.0,6.0,13.0,199,27.0,6.8,4.0,0,0,1,0,0,0,0,0,1,0,0,0,0,1,0
7649,135.0,4.0,126.0,407,147.0,4.3,34.0,0,0,0,0,1,0,0,0,0,0,1,0,0,0,0
8709,476.0,14.0,632.0,-366,1166.0,2.6,453.0,0,0,0,0,0,0,0,1,0,0,1,0,1,0,0
5968,22.0,2.0,19.0,761,157.0,39.2,4.0,0,0,0,1,0,1,0,0,1,0,0,0,0,1,0
2042,899.0,0.0,710.0,14,266.0,0.5,487.0,0,0,0,0,0,0,1,0,0,1,0,1,0,0,0
5537,252.0,14.0,65.0,60,166.0,3.1,53.0,1,0,0,0,0,0,0,1,0,1,1,0,0,0,0
2361,1654.0,131.0,690.0,255,3687.0,4.1,894.0,0,0,0,0,0,0,0,0,0,0,1,0,0,0,0
8274,78.0,0.0,44.0,-137,41.0,10.2,4.0,1,0,0,0,0,0,1,0,0,1,0,0,0,1,0
3566,3296.0,1.0,648.0,296,2725.0,3.9,705.0,0,0,0,1,0,1,1,0,0,0,0,0,0,0,0
5587,495.0,30.0,179.0,281,589.0,1.7,347.0,1,0,0,0,0,0,0,1,0,0,1,0,1,0,0
1946,1396.0,19.0,120.0,712,670.0,4.3,156.0,0,0,0,0,1,0,0,1,0,1,1,0,0,0,0
2478,916.0,17.0,548.0,-301,1718.0,8.7,198.0,0,0,0,0,0,0,0,0,0,0,1,0,0,1,0
5739,512.0,0.0,368.0,-270,1051.0,1.5,692.0,0,0,0,0,0,0,0,1,0,0,1,0,1,0,0
2766,76.0,4.0,105.0,197,146.0,1.7,88.0,0,0,0,0,1,0,0,0,0,1,1,0,1,0,0
4869,101.0,6.0,34.0,170,3.0,0.2,15.0,1,0,0,0,0,0,1,0,0,0,0,1,0,0,0
3644,59.0,78.0,135.0,-289,370.0,1.9,195.0,0,0,0,0,0,0,0,0,1,0,0,0,1,0,0
5577,1108.0,1982.0,199.0,-109,2714.0,20.3,134.0,0,0,0,1,0,0,0,1,0,1,1,0,0,1,0
2595,18.0,8.0,9.0,107,4.0,4.0,1.0,1,0,0,0,0,0,0,0,1,1,0,0,0,0,0
4136,5266.0,57.0,840.0,266,3187.0,5.3,597.0,0,0,0,0,0,0,0,1,0,0,1,0,0,1,0
4147,376.0,2.0,281.0,-150,571.0,2.8,207.0,0,0,0,1,0,0,0,0,0,1,1,0,1,0,0
65,1869.0,17.0,632.0,420,2183.0,3.2,672.0,0,0,0,0,0,0,1,0,0,1,0,0,0,0,0
5879,906.0,32.0,244.0,494,773.0,4.2,182.0,0,0,0,0,0,0,1,0,0,0,0,0,0,0,0
6189,780.0,46.0,178.0,-348,1613.0,16.8,96.0,0,0,0,0,0,0,1,0,0,0,0,0,0,1,0
5269,624.0,0.0,17.0,-149,19.0,1.0,20.0,0,0,0,1,0,0,1,0,0,0,0,1,0,0,0
1430,637.0,0.0,31.0,-211,616.0,154.0,4.0,0,0,0,0,0,0,0,0,1,0,0,0,0,1,0
4491,278.0,0.0,231.0,237,817.0,8.4,97.0,0,0,1,0,0,0,0,0,1,1,0,0,0,1,0
672,242.0,4012.0,300.0,-334,782.0,6.9,114.0,0,0,0,0,0,0,0,0,0,0,1,0,0,1,0
2046,2977.0,50.0,438.0,-13,1251.0,4.8,260.0,0,0,0,0,0,0,0,0,1,0,0,0,0,0,0
119,4105.0,0.0,266.0,-903,1578.0,9.1,173.0,0,0,0,0,0,0,0,0,0,0,1,0,0,1,0
3130,3028.0,430.0,650.0,607,2051.0,6.6,313.0,0,0,0,1,0,0,0,1,0,1,1,0,0,1,0
5639,1583.0,380.0,843.0,-209,2100.0,2.5,827.0,0,1,0,0,0,0,0,1,0,0,1,0,1,0,0
828,2162.0,5.0,1067.0,-27,909.0,1.2,776.0,0,1,0,0,0,0,0,0,1,0,0,0,1,0,0
5855,3206.0,740.0,1264.0,545,5797.0,5.6,1038.0,0,0,0,0,0,0,0,0,1,1,0,0,0,1,0
598,1980.0,2.0,588.0,177,6507.0,9.5,683.0,0,0,0,0,0,1,0,0,1,1,0,0,0,1,0
6140,405.0,0.0,236.0,160,697.0,4.2,167.0,1,0,0,0,0,0,1,0,0,0,0,0,0,0,0
133,868.0,10.0,342.0,459,1269.0,1.4,904.0,1,0,0,0,0,0,0,0,0,0,1,0,1,0,0
3450,2605.0,100.0,692.0,-233,4217.0,7.9,531.0,0,0,0,0,0,0,0,0,0,0,1,0,0,1,0
7397,1144.0,36.0,240.0,-502,1339.0,17.9,75.0,1,0,0,0,0,0,0,0,1,0,0,0,0,1,0
8319,108.0,2484.0,41.0,43,53.0,2.4,22.0,0,0,0,0,0,1,0,0,1,0,0,0,1,0,0
8677,2496.0,0.0,712.0,-698,2161.0,2.5,850.0,1,0,0,0,0,0,0,1,0,1,1,0,1,0,0
3936,431.0,24.0,28.0,191,538.0,89.7,6.0,1,0,0,0,0,0,0,0,1,0,0,0,0,1,0
8527,526.0,49.0,523.0,-102,363.0,2.0,178.0,0,0,0,0,0,0,1,0,0,0,0,0,1,0,0
1446,821.0,155.0,409.0,-314,1378.0,3.0,457.0,0,0,0,0,0,0,0,0,0,1,1,0,0,0,0
875,30.0,21.0,12.0,588,2.0,0.2,10.0,0,0,0,0,0,0,1,0,0,0,0,1,0,0,0
8543,409.0,2.0,174.0,407,174.0,0.8,221.0,0,0,0,0,1,0,0,1,0,0,1,1,0,0,0
7075,2608.0,11.0,375.0,742,993.0,5.2,192.0,0,0,0,0,1,0,0,0,1,0,0,0,0,1,0
3163,1551.0,87.0,560.0,954,1235.0,4.3,287.0,0,0,1,0,0,0,1,0,0,1,0,0,0,0,0
2760,612.0,43.0,148.0,-526,301.0,4.9,62.0,0,1,0,0,0,0,0,1,0,1,1,0,0,0,0
5126,2613.0,94.0,763.0,655,3875.0,5.8,670.0,0,0,0,0,0,0,0,0,1,1,0,0,0,1,0
2774,2629.0,5.0,566.0,-400,955.0,4.6,209.0,0,0,0,0,0,0,0,0,1,1,0,0,0,0,0
4038,1116.0,376.0,542.0,307,1440.0,3.9,365.0,0,0,0,0,0,1,1,0,0,0,0,0,0,0,0
5689,649.0,136.0,399.0,-364,303.0,0.6,495.0,0,0,0,0,0,0,0,0,1,0,0,1,0,0,0
3082,603.0,1.0,167.0,519,1385.0,14.0,99.0,0,0,0,0,0,0,0,1,0,0,1,0,0,1,0
1086,3276.0,1.0,552.0,-46,3076.0,12.0,257.0,0,1,0,0,0,1,0,1,0,0,1,0,0,1,0
7777,1178.0,507.0,424.0,-612,5147.0,17.4,296.0,0,0,0,0,0,0,0,1,0,0,1,0,0,1,0
7994,2969.0,5.0,721.0,-115,3595.0,10.0,359.0,1,0,0,0,0,1,0,0,0,0,1,0,0,1,0
5865,1834.0,8.0,997.0,-299,610.0,0.6,1044.0,0,0,0,0,0,0,0,1,0,1,1,1,0,0,0
2441,863.0,29.0,112.0,-685,474.0,11.3,42.0,0,0,0,1,0,0,1,0,0,1,0,0,0,1,0
2755,2794.0,0.0,412.0,-360,2968.0,14.7,202.0,1,0,0,0,0,0,0,1,0,0,1,0,0,1,0
1060,25.0,0.0,94.0,199,104.0,1.2,87.0,0,0,0,0,0,0,1,0,0,1,0,0,1,0,0
2807,27.0,0.0,20.0,392,18.0,1.2,15.0,0,0,0,1,0,0,0,0,0,0,1,0,1,0,0
3965,2160.0,3.0,730.0,-308,310.0,0.6,531.0,0,0,0,0,0,0,0,1,0,0,1,1,0,0,0
7264,93.0,47.0,21.0,438,186.0,16.9,11.0,0,0,0,1,0,0,0,0,0,0,1,0,0,1,0
3237,848.0,122.0,141.0,-687,1662.0,7.1,234.0,0,0,0,0,1,0,0,0,0,0,1,0,0,1,0
5795,375.0,1.0,29.0,-160,115.0,6.8,17.0,0,0,0,0,0,1,0,0,0,1,1,0,0,1,0
7630,1258.0,832.0,685.0,-230,1675.0,2.8,601.0,1,0,0,0,0,0,0,1,0,0,1,0,1,0,0
8204,2456.0,0.0,82.0,254,1510.0,12.3,123.0,0,0,0,0,0,0,0,0,0,0,1,0,0,1,0
6104,3919.0,138.0,615.0,-149,2961.0,8.6,344.0,0,0,0,0,1,0,0,0,0,0,1,0,0,1,0
8279,57.0,252.0,16.0,-133,176.0,13.5,13.0,0,0,0,1,0,0,1,0,0,1,0,0,0,1,0
930,15.0,199.0,14.0,424,64.0,12.8,5.0,0,0,1,0,0,0,0,0,0,0,1,0,0,1,0
2121,123.0,95.0,39.0,-132,111.0,27.8,4.0,0,0,0,1,0,0,0,0,1,1,0,0,0,1,0
3893,51.0,4.0,91.0,276,69.0,0.2,282.0,0,0,1,0,0,0,0,0,0,1,1,1,0,0,0
1939,131.0,103.0,105.0,-404,617.0,16.2,38.0,1,0,0,0,0,0,0,0,1,0,0,0,0,1,0
1879,1459.0,0.0,281.0,-316,549.0,3.2,171.0,0,0,1,0,0,0,0,0,0,0,1,0,0,0,0
7724,102.0,475.0,169.0,-131,280.0,1.4,201.0,0,0,0,1,0,0,0,1,0,1,1,0,1,0,0
973,549.0,79.0,111.0,-209,584.0,3.0,195.0,0,0,0,0,1,0,0,0,1,1,0,0,0,0,0
4416,353.0,34.0,405.0,599,651.0,6.2,105.0,0,1,0,0,0,0,0,0,0,0,1,0,0,1,0
2189,3048.0,12.0,253.0,-496,1489.0,4.9,301.0,0,0,0,0,1,0,0,1,0,0,1,0,0,0,0
5812,1272.0,6.0,202.0,-284,1500.0,4.7,319.0,0,0,0,0,1,0,0,1,0,0,1,0,0,0,0
969,453.0,149.0,53.0,19,361.0,5.2,69.0,0,0,0,0,0,0,0,1,0,0,1,0,0,1,0
7167,750.0,144.0,261.0,-19,2203.0,21.6,102.0,0,0,1,0,0,0,0,0,1,1,0,0,0,1,0
1052,4.0,168.0,11.0,-180,9.0,0.4,25.0,0,0,1,0,0,0,0,0,1,0,0,1,0,0,0
1923,1901.0,55.0,970.0,-785,1422.0,1.3,1102.0,0,0,0,0,0,0,1,0,0,0,0,0,1,0,0
4043,1392.0,1506.0,169.0,-17,3782.0,35.3,107.0,0,1,0,0,0,0,1,0,0,1,0,0,0,1,0
453,3701.0,89.0,391.0,-212,4211.0,16.0,264.0,1,0,0,0,0,0,0,0,1,0,0,0,0,1,0
5603,290.0,371.0,166.0,214,1890.0,8.0,237.0,0,1,0,0,0,0,1,0,0,0,0,0,0,1,0
5055,1610.0,71.0,394.0,-4,657.0,1.1,594.0,0,0,0,0,0,0,0,0,1,0,0,0,1,0,0
763,461.0,38.0,146.0,388,934.0,3.8,248.0,0,0,0,0,0,0,0,0,0,1,1,0,0,0,0
7860,2309.0,2.0,595.0,-341,469.0,0.4,1144.0,0,0,1,0,0,0,0,1,0,0,1,1,0,0,0
5287,5.0,759.0,40.0,280,30.0,1.5,20.0,1,0,0,0,0,0,0,0,1,0,0,0,1,0,0
607,1011.0,33.0,353.0,29,1581.0,10.1,157.0,0,1,0,0,0,0,1,0,0,1,0,0,0,1,0
3094,129.0,0.0,61.0,465,355.0,2.3,152.0,0,0,0,0,0,0,0,0,1,1,0,0,1,0,0
4603,32.0,740.0,171.0,284,141.0,0.4,359.0,1,0,0,0,0,0,1,0,0,1,0,1,0,0,0
6795,1779.0,278.0,293.0,-1140,1785.0,17.2,104.0,1,0,0,0,0,0,1,0,0,0,0,0,0,1,0
5449,633.0,26.0,320.0,-628,1155.0,2.5,454.0,0,0,0,0,1,0,0,1,0,0,1,0,1,0,0
5839,1343.0,10.0,537.0,-643,850.0,1.6,547.0,0,0,0,0,0,0,1,0,0,0,0,0,1,0,0
7031,550.0,0.0,60.0,444,897.0,16.9,53.0,0,0,0,0,0,1,0,0,1,1,0,0,0,1,0
594,423.0,22.0,75.0,-30,715.0,143.0,5.0,0,0,0,1,0,0,0,1,0,1,1,0,0,1,0
668,754.0,0.0,125.0,39,145.0,5.4,27.0,1,0,0,0,0,0,0,0,1,0,0,0,0,1,0
616,469.0,9.0,30.0,-239,1053.0,52.6,20.0,0,0,0,0,0,0,0,0,1,0,0,0,0,1,0
7272,296.0,123.0,219.0,-131,245.0,0.6,433.0,0,0,0,0,0,0,0,0,1,0,0,1,0,0,0
5539,241.0,91.0,97.0,63,333.0,1.4,241.0,0,1,0,0,0,0,1,0,0,0,0,0,1,0,0
3518,71.0,0.0,168.0,101,29.0,0.2,124.0,0,0,0,0,0,0,0,0,1,0,0,1,0,0,0
7700,68.0,22.0,105.0,362,68.0,11.3,6.0,0,0,0,1,0,0,0,0,0,1,1,0,0,1,0
4730,239.0,4.0,30.0,446,162.0,18.0,9.0,1,0,0,0,0,0,0,0,0,0,1,0,0,1,0
7853,158.0,0.0,6.0,622,82.0,82.0,1.0,0,0,0,0,0,0,0,0,1,0,0,0,0,1,0
5209,115.0,0.0,12.0,157,213.0,7.3,29.0,0,0,1,0,0,0,1,0,0,0,0,0,0,1,0
756,2403.0,536.0,659.0,-41,6466.0,6.6,977.0,0,0,0,1,0,0,0,1,0,0,1,0,0,1,0
5430,2218.0,0.0,779.0,-200,1278.0,6.1,211.0,0,0,0,0,0,0,0,1,0,1,1,0,0,1,0
5917,1784.0,100.0,79.0,-160,243.0,13.5,18.0,1,0,0,0,0,0,1,0,0,0,0,0,0,1,0
3193,643.0,66.0,194.0,-104,314.0,1.6,199.0,0,0,1,0,0,0,0,1,0,0,1,0,1,0,0
6828,1227.0,0.0,437.0,-446,1051.0,2.1,494.0,0,0,0,1,0,0,0,0,0,1,1,0,1,0,0
4850,1003.0,0.0,80.0,-29,509.0,8.6,59.0,0,0,0,0,1,0,1,0,0,0,0,0,0,1,0
2281,367.0,1.0,238.0,121,248.0,2.8,88.0,0,0,0,1,0,0,0,0,0,0,1,0,1,0,0
2897,261.0,0.0,62.0,-214,194.0,12.9,15.0,0,0,0,0,0,0,1,0,0,0,0,0,0,1,0
6222,83.0,304.0,302.0,55,511.0,1.4,355.0,0,1,0,0,0,0,1,0,0,0,0,0,1,0,0
5503,42.0,14.0,96.0,92,168.0,9.3,18.0,0,0,0,0,1,0,1,0,0,0,0,0,0,1,0
7006,46.0,0.0,10.0,-268,65.0,65.0,1.0,0,0,0,0,0,0,0,0,1,0,0,0,0,1,0
7964,935.0,130.0,642.0,-154,448.0,0.9,496.0,0,0,0,1,0,0,0,0,0,0,1,1,0,0,0
6466,3625.0,4.0,775.0,-170,1142.0,2.5,451.0,0,0,1,0,0,0,0,0,0,0,1,0,1,0,0
1072,304.0,1.0,316.0,-469,741.0,1.6,466.0,0,1,0,0,0,0,0,1,0,1,1,0,1,0,0
8420,820.0,2.0,361.0,-642,1017.0,8.9,114.0,1,0,0,0,0,0,1,0,0,0,0,0,0,1,0
4116,4119.0,412.0,1061.0,813,2115.0,1.8,1200.0,0,0,0,0,0,0,0,1,0,1,1,0,1,0,0
6995,128.0,0.0,43.0,86,17.0,0.7,26.0,0,0,0,0,0,0,0,0,1,1,0,1,0,0,0
3747,165.0,38.0,27.0,-402,193.0,4.2,46.0,1,0,0,0,0,0,1,0,0,0,0,0,0,0,0
343,478.0,86.0,99.0,-219,660.0,26.4,25.0,0,0,0,0,0,0,1,0,0,0,0,0,0,1,0
2639,2845.0,894.0,1324.0,446,5400.0,6.2,864.0,0,0,0,0,0,0,0,0,1,0,0,0,0,1,0
1478,231.0,0.0,8.0,168,365.0,182.5,2.0,0,0,0,0,0,0,0,0,0,1,1,0,0,1,0
6453,2212.0,587.0,196.0,-566,1443.0,6.0,239.0,1,0,0,0,0,0,0,1,0,1,1,0,0,1,0
449,1733.0,308.0,798.0,-568,729.0,1.5,500.0,0,1,0,0,0,0,0,1,0,0,1,0,1,0,0
5391,1070.0,400.0,320.0,560,1418.0,5.9,239.0,0,0,0,1,0,0,0,1,0,0,1,0,0,1,0
6401,9921.0,1.0,2498.0,917,7097.0,2.4,2918.0,1,0,0,0,0,0,0,1,0,0,1,0,1,0,0
4528,1733.0,561.0,266.0,-683,1213.0,7.4,163.0,0,0,0,0,0,0,0,0,0,0,1,0,0,1,0
997,868.0,0.0,72.0,383,131.0,32.8,4.0,1,0,0,0,0,0,0,1,0,0,1,0,0,1,0
7091,762.0,90.0,229.0,673,769.0,1.8,425.0,0,0,0,1,0,0,0,0,1,1,0,0,1,0,0
439,217.0,22.0,3.0,-88,166.0,23.7,7.0,0,1,0,0,0,1,0,1,0,1,1,0,0,1,0
6451,104.0,65.0,22.0,425,313.0,9.5,33.0,0,0,0,1,0,0,0,1,0,0,1,0,0,1,0
4821,945.0,1.0,374.0,382,776.0,2.6,301.0,0,0,1,0,0,0,0,1,0,0,1,0,1,0,0
6428,537.0,2153.0,300.0,80,1882.0,4.8,396.0,0,0,1,0,0,0,0,0,1,0,0,0,0,0,0
2655,208.0,21.0,493.0,577,249.0,0.6,418.0,0,0,0,0,0,0,0,0,1,0,0,1,0,0,0
4771,806.0,478.0,260.0,-1149,1941.0,30.8,63.0,0,0,0,1,0,0,0,0,0,0,1,0,0,1,0
4475,194.0,7.0,35.0,296,679.0,20.0,34.0,0,0,0,0,0,0,0,0,0,1,1,0,0,1,0
5586,438.0,0.0,163.0,490,391.0,2.7,146.0,0,0,0,0,0,0,0,0,1,0,0,0,1,0,0
3481,420.0,0.0,193.0,499,309.0,22.1,14.0,0,0,0,1,0,0,0,1,0,1,1,0,0,1,0
1849,538.0,170.0,414.0,442,1714.0,3.8,457.0,1,0,0,0,0,0,0,1,0,0,1,0,0,0,0
5336,1178.0,1553.0,407.0,177,992.0,1.1,903.0,0,0,0,0,0,0,1,0,0,1,0,0,1,0,0
6126,1372.0,535.0,574.0,-562,1563.0,6.5,242.0,0,0,0,0,0,0,0,1,0,0,1,0,0,1,0
3299,3149.0,1.0,554.0,-31,476.0,2.5,192.0,0,0,0,0,1,0,0,1,0,0,1,0,1,0,0
8304,2313.0,612.0,747.0,261,4313.0,2.5,1706.0,1,0,0,0,0,0,0,0,0,0,1,0,1,0,0
4578,3374.0,13.0,403.0,412,4782.0,7.0,686.0,0,0,0,0,0,0,0,0,0,1,1,0,0,1,0
2952,2899.0,142.0,420.0,-455,2639.0,5.2,506.0,0,0,0,0,0,0,0,0,1,0,0,0,0,1,0
6215,2930.0,0.0,948.0,-133,1972.0,2.6,746.0,0,0,0,1,0,0,0,1,0,0,1,0,1,0,0
176,2191.0,31.0,152.0,60,540.0,6.7,81.0,0,0,0,0,0,0,0,0,1,0,0,0,0,1,0
3542,1359.0,17.0,129.0,-428,572.0,7.5,76.0,0,0,0,0,0,1,0,0,1,0,0,0,0,1,0
6489,437.0,3.0,90.0,-773,128.0,2.2,59.0,0,1,0,0,0,0,0,0,1,0,0,0,1,0,0
143,342.0,817.0,153.0,-1092,669.0,5.2,129.0,0,0,0,0,0,0,0,0,1,0,0,0,0,1,0
5566,212.0,0.0,79.0,-31,450.0,15.0,30.0,1,0,0,0,0,0,0,0,0,1,1,0,0,1,0
919,429.0,80.0,253.0,-223,348.0,1.5,225.0,0,0,0,0,1,0,0,0,1,0,0,0,1,0,0
1534,111.0,967.0,95.0,-132,876.0,46.1,19.0,1,0,0,0,0,0,0,0,1,0,0,0,0,1,0
1866,2362.0,196.0,233.0,-466,1082.0,3.5,309.0,1,0,0,0,0,0,0,0,0,0,1,0,0,0,0
6394,1640.0,3.0,198.0,-60,1185.0,5.8,203.0,0,0,0,0,0,0,0,1,0,0,1,0,0,1,0
5036,47.0,1185.0,109.0,81,24.0,0.3,85.0,0,0,0,0,1,0,0,0,1,0,0,1,0,0,0
6391,1436.0,0.0,114.0,-198,1809.0,29.2,62.0,0,0,0,0,0,0,1,0,0,0,0,0,0,1,0
5396,2447.0,1012.0,646.0,-134,2069.0,3.4,610.0,0,0,1,0,0,0,1,0,0,0,0,0,0,0,0
5369,1358.0,67.0,471.0,-625,1177.0,2.4,482.0,0,0,0,0,0,0,0,1,0,0,1,0,1,0,0
1497,4034.0,2.0,523.0,-46,2699.0,11.7,231.0,0,0,0,0,1,0,1,0,0,0,0,0,0,1,0
208,1475.0,0.0,280.0,-474,711.0,6.0,118.0,0,0,0,0,0,0,0,1,0,0,1,0,0,1,0
1899,967.0,199.0,411.0,-488,1046.0,3.2,330.0,0,0,0,0,0,0,1,0,0,1,0,0,0,0,0
6279,1009.0,28.0,201.0,330,965.0,21.4,45.0,0,0,0,0,0,0,0,1,0,0,1,0,0,1,0
4031,2174.0,0.0,309.0,-484,465.0,3.7,125.0,0,0,0,1,0,1,0,1,0,1,1,0,0,0,0
8334,1074.0,1.0,101.0,-452,169.0,2.9,58.0,0,0,0,1,0,0,0,0,0,0,1,0,1,0,0
2203,322.0,2.0,54.0,346,1512.0,8.6,176.0,0,0,0,0,1,1,0,1,0,0,1,0,0,1,0
831,1682.0,52.0,431.0,-1078,345.0,2.0,175.0,0,0,0,0,0,0,0,0,0,0,1,0,1,0,0
5864,1505.0,42.0,249.0,-86,1497.0,6.2,241.0,0,0,0,0,0,0,0,0,0,0,1,0,0,1,0
3102,8.0,16.0,10.0,269,123.0,123.0,1.0,0,0,0,0,1,0,0,0,0,1,1,0,0,1,0
1236,485.0,1.0,137.0,123,548.0,6.1,90.0,0,0,0,1,0,0,0,0,0,0,1,0,0,1,0
4561,1738.0,350.0,583.0,220,2482.0,15.4,161.0,0,0,0,1,0,0,0,1,0,0,1,0,0,1,0
1280,225.0,75.0,84.0,272,112.0,1.6,69.0,1,0,0,0,0,0,0,0,1,0,0,0,1,0,0
4203,609.0,1.0,131.0,208,231.0,231.0,1.0,0,0,0,0,1,0,0,0,0,0,1,0,0,1,0
644,3287.0,264.0,904.0,-561,3241.0,2.3,1414.0,0,0,0,0,1,1,0,0,0,1,1,0,1,0,0
1200,5516.0,0.0,1092.0,-258,5030.0,4.9,1028.0,0,0,0,0,0,0,0,1,0,0,1,0,0,0,0
6577,387.0,0.0,118.0,-232,30.0,0.1,218.0,0,0,0,0,0,0,0,0,1,0,0,1,0,0,0
7424,1000.0,2.0,280.0,-152,154.0,0.5,297.0,0,0,1,0,0,1,0,0,0,0,1,1,0,0,0
2697,20.0,75.0,1.0,269,22.0,22.0,1.0,0,0,0,0,1,0,0,1,0,0,1,0,0,1,0
2874,394.0,0.0,58.0,-449,587.0,58.7,10.0,0,0,0,0,1,0,0,0,1,1,0,0,0,1,0
3923,35.0,547.0,72.0,-548,462.0,4.1,113.0,1,0,0,0,0,0,1,0,0,0,0,0,0,0,0
6053,1026.0,0.0,160.0,-139,527.0,31.0,17.0,0,1,0,0,0,0,0,1,0,0,1,0,0,1,0
6331,783.0,233.0,1097.0,147,849.0,0.9,955.0,0,1,0,0,0,0,0,0,1,0,0,1,0,0,0
1811,693.0,0.0,150.0,-61,876.0,54.8,16.0,0,0,0,0,0,0,0,0,0,0,1,0,0,1,0
2369,818.0,18.0,190.0,-434,383.0,2.0,189.0,0,0,0,0,0,0,0,1,0,0,1,0,1,0,0
8201,3508.0,23.0,593.0,9,1307.0,7.8,167.0,0,0,0,0,0,0,0,1,0,0,1,0,0,1,0
5288,5.0,49.0,81.0,83,45.0,0.8,54.0,0,0,0,1,0,0,0,1,0,1,1,1,0,0,0
8488,3204.0,1213.0,437.0,-283,4114.0,13.0,317.0,0,0,0,0,0,0,0,1,0,0,1,0,0,1,0
5439,362.0,185.0,106.0,-567,1294.0,143.8,9.0,0,0,0,0,1,0,0,0,1,0,0,0,0,1,0
3544,596.0,0.0,203.0,-38,691.0,12.6,55.0,0,0,0,0,1,0,0,0,1,0,0,0,0,1,0
4419,1981.0,4.0,168.0,-169,1523.0,12.9,118.0,1,0,0,0,0,0,0,0,1,1,0,0,0,1,0
217,80.0,2.0,46.0,-412,215.0,16.5,13.0,0,0,0,0,0,0,1,0,0,0,0,0,0,1,0
2410,736.0,1225.0,363.0,-277,615.0,1.7,372.0,1,0,0,0,0,0,0,0,1,1,0,0,1,0,0
6399,346.0,58.0,206.0,650,442.0,1.3,345.0,0,0,0,0,0,0,0,1,0,0,1,0,1,0,0
612,1388.0,559.0,699.0,-348,1206.0,1.6,760.0,0,1,0,0,0,0,0,0,1,1,0,0,1,0,0
5462,1931.0,56.0,358.0,-710,798.0,3.8,209.0,0,0,0,0,1,0,0,0,1,1,0,0,0,0,0
1788,446.0,9.0,26.0,-240,344.0,12.3,28.0,0,0,0,1,0,0,0,0,1,0,0,0,0,1,0
1940,1012.0,0.0,175.0,-153,159.0,3.5,45.0,0,0,0,0,0,0,1,0,0,0,0,0,0,0,0
485,2197.0,64.0,314.0,-125,1474.0,5.8,253.0,1,0,0,0,0,0,1,0,0,0,0,0,0,1,0
5642,1765.0,0.0,531.0,222,1850.0,2.7,692.0,1,0,0,0,0,0,0,0,0,0,1,0,1,0,0
6481,383.0,0.0,27.0,565,32.0,32.0,1.0,0,0,0,0,0,0,0,1,0,0,1,0,0,1,0
5829,771.0,107.0,85.0,395,494.0,12.0,41.0,0,0,0,0,0,0,1,0,0,1,0,0,0,1,0
956,773.0,46.0,439.0,-193,696.0,1.3,522.0,1,0,0,0,0,0,1,0,0,1,0,0,1,0,0
2819,3053.0,61.0,394.0,-339,2715.0,16.8,162.0,0,0,0,1,0,0,1,0,0,0,0,0,0,1,0
3038,746.0,0.0,44.0,37,38.0,4.2,9.0,1,0,0,0,0,0,0,0,0,0,1,0,0,0,0
1991,322.0,693.0,311.0,-248,728.0,25.1,29.0,0,0,0,1,0,1,0,1,0,0,1,0,0,1,0
984,153.0,16.0,41.0,-115,595.0,35.0,17.0,0,0,0,0,1,0,1,0,0,0,0,0,0,1,0
27,1470.0,10.0,165.0,160,1300.0,12.9,101.0,0,0,0,0,0,0,0,0,0,1,1,0,0,1,0
1172,5034.0,0.0,354.0,-556,1766.0,6.2,285.0,0,0,0,1,0,0,0,1,0,0,1,0,0,1,0
5201,1211.0,2.0,138.0,-309,347.0,8.3,42.0,0,1,0,0,0,0,0,0,1,0,0,0,0,1,0
3339,144.0,99.0,221.0,-58,92.0,0.5,200.0,0,0,0,0,0,0,0,0,0,0,1,1,0,0,0
5114,1308.0,901.0,1466.0,-189,2790.0,4.0,690.0,0,0,0,0,0,0,0,0,1,0,0,0,0,0,0
3041,1515.0,532.0,726.0,1465,3712.0,14.9,249.0,0,0,0,0,1,0,1,0,0,1,0,0,0,1,0
3663,2056.0,0.0,120.0,703,2230.0,45.5,49.0,0,0,0,0,0,1,0,0,0,0,1,0,0,1,0
5302,1784.0,230.0,1098.0,260,2859.0,5.7,503.0,0,0,0,0,1,0,0,0,1,1,0,0,0,1,0
5018,2048.0,10.0,672.0,474,3352.0,7.3,460.0,0,0,0,0,0,0,0,1,0,1,1,0,0,1,0
8400,1850.0,17.0,309.0,-87,806.0,7.1,114.0,0,0,0,0,0,0,1,0,0,0,0,0,0,1,0
8297,835.0,100.0,164.0,213,648.0,1.9,349.0,0,0,0,0,0,0,0,0,1,0,0,0,1,0,0
3999,1055.0,1.0,136.0,-5,942.0,17.4,54.0,0,0,0,0,1,0,0,1,0,0,1,0,0,1,0
8260,948.0,759.0,787.0,-147,500.0,0.9,564.0,0,1,0,0,0,0,0,0,1,0,0,1,0,0,0
7393,811.0,83.0,138.0,512,644.0,3.7,174.0,1,0,0,0,0,0,0,0,1,1,0,0,0,0,0
8650,232.0,0.0,34.0,336,88.0,6.8,13.0,0,1,0,0,0,0,0,0,1,0,0,0,0,1,0
5560,3868.0,17.0,1002.0,61,2992.0,2.6,1152.0,0,0,0,0,0,0,1,0,0,0,0,0,1,0,0
6823,1162.0,10.0,9.0,-377,206.0,103.0,2.0,1,0,0,0,0,1,0,0,1,1,0,0,0,1,0
1484,2098.0,695.0,1345.0,593,2210.0,1.9,1145.0,0,0,0,1,0,0,0,0,1,1,0,0,1,0,0
4057,1084.0,600.0,529.0,33,2421.0,5.5,439.0,1,0,0,0,0,0,0,0,0,0,1,0,0,1,0
3199,3563.0,0.0,64.0,-137,652.0,17.2,38.0,0,0,1,0,0,0,0,0,1,0,0,0,0,1,0
2432,1650.0,268.0,1169.0,-145,562.0,0.6,891.0,0,1,0,0,0,0,0,1,0,0,1,1,0,0,0
6206,120.0,495.0,133.0,-237,483.0,5.7,85.0,0,0,0,0,0,0,0,1,0,1,1,0,0,1,0
8561,2072.0,0.0,191.0,-330,491.0,6.5,76.0,0,0,0,0,1,0,0,0,0,1,1,0,0,1,0
794,1374.0,27.0,50.0,-440,946.0,12.1,78.0,0,0,0,0,1,0,0,0,1,0,0,0,0,1,0
2585,682.0,116.0,756.0,-106,1090.0,4.4,247.0,1,0,0,0,0,0,0,0,0,0,1,0,0,0,0
1247,511.0,777.0,103.0,-286,663.0,12.1,55.0,0,0,0,0,0,0,0,1,0,1,1,0,0,1,0
5485,2333.0,1559.0,616.0,-21,1209.0,2.8,434.0,0,0,0,0,0,0,0,0,0,0,1,0,1,0,0
7187,1522.0,28.0,436.0,-366,1690.0,7.5,225.0,1,0,0,0,0,0,0,0,1,0,0,0,0,1,0
1190,2334.0,129.0,497.0,-212,1661.0,7.2,231.0,0,0,1,0,0,0,0,1,0,1,1,0,0,1,0
5494,1485.0,201.0,422.0,-180,1300.0,2.8,470.0,1,0,0,0,0,0,0,0,1,1,0,0,1,0,0
320,351.0,0.0,54.0,-351,878.0,16.0,55.0,0,1,0,0,0,0,0,1,0,0,1,0,0,1,0
4335,1494.0,0.0,111.0,-565,231.0,12.2,19.0,0,0,0,1,0,0,0,0,0,0,1,0,0,1,0
7159,4146.0,0.0,337.0,-322,99.0,0.2,585.0,0,0,0,0,1,0,0,0,1,0,0,1,0,0,0
7449,2161.0,3.0,147.0,219,541.0,12.3,44.0,0,0,0,0,1,0,1,0,0,0,0,0,0,1,0
7163,59.0,179.0,53.0,392,342.0,42.8,8.0,1,0,0,0,0,0,0,0,1,0,0,0,0,1,0
5730,1386.0,11.0,103.0,171,895.0,7.4,121.0,1,0,0,0,0,0,0,0,1,0,0,0,0,1,0
2704,667.0,1.0,15.0,-624,733.0,733.0,1.0,0,0,0,0,0,0,0,1,0,1,1,0,0,1,0
4463,556.0,4.0,58.0,-115,1941.0,24.0,81.0,1,0,0,0,0,0,0,0,1,1,0,0,0,1,0
7566,811.0,9.0,85.0,-45,169.0,3.4,50.0,0,0,0,0,0,1,1,0,0,1,0,0,0,0,0
2886,595.0,0.0,113.0,-247,311.0,2.8,110.0,0,0,0,0,0,0,0,0,1,0,0,0,1,0,0
6970,825.0,0.0,120.0,-377,838.0,32.2,26.0,0,0,0,0,0,0,0,0,1,1,0,0,0,1,0
8002,2109.0,37.0,33.0,114,1638.0,32.1,51.0,0,0,1,0,0,0,0,0,0,0,1,0,0,1,0
6458,4637.0,85.0,368.0,-484,4450.0,42.8,104.0,0,0,0,0,0,1,1,0,0,0,0,0,0,1,0
6747,1849.0,0.0,128.0,48,865.0,6.8,127.0,0,0,0,0,0,0,0,0,1,0,0,0,0,1,0
6025,105.0,398.0,90.0,345,420.0,5.7,74.0,0,0,0,0,0,0,0,0,0,1,1,0,0,1,0
6381,6207.0,133.0,1435.0,-124,4755.0,5.9,811.0,0,0,0,0,0,0,0,1,0,0,1,0,0,1,0
3580,2257.0,1.0,232.0,94,2299.0,30.7,75.0,0,0,0,0,0,0,0,0,0,0,1,0,0,1,0
2510,3514.0,99.0,897.0,-93,2067.0,2.2,953.0,0,0,0,0,0,0,1,0,0,0,0,0,1,0,0
8672,3351.0,541.0,2200.0,853,6422.0,2.1,3107.0,1,0,0,0,0,0,0,0,0,0,1,0,1,0,0
4624,886.0,0.0,237.0,-117,542.0,2.9,185.0,1,0,0,0,0,0,0,0,1,0,0,0,1,0,0
1003,817.0,749.0,432.0,-126,1878.0,6.5,287.0,0,0,0,0,1,0,0,1,0,1,1,0,0,1,0
1696,380.0,1157.0,638.0,-117,1741.0,2.6,667.0,0,1,0,0,0,0,0,0,1,0,0,0,1,0,0
2527,7.0,29.0,81.0,380,122.0,3.3,37.0,0,0,0,0,1,0,0,1,0,0,1,0,0,0,0
3904,1039.0,208.0,439.0,-899,1090.0,3.8,284.0,0,0,1,0,0,0,0,0,0,0,1,0,0,0,0
6212,33.0,1596.0,50.0,-276,787.0,27.1,29.0,0,0,0,0,1,0,0,0,1,1,0,0,0,1,0
7617,1060.0,3.0,257.0,75,2566.0,11.0,234.0,0,0,0,0,1,0,0,0,1,0,0,0,0,1,0
7509,5566.0,1468.0,1764.0,-393,11769.0,5.1,2324.0,0,0,0,0,1,1,0,0,0,1,1,0,0,1,0
1523,2189.0,3111.0,1081.0,156,2049.0,3.6,562.0,0,0,0,0,0,0,0,0,1,0,0,0,0,0,0
6000,2360.0,0.0,155.0,-227,299.0,8.8,34.0,0,0,0,0,0,0,0,0,0,0,1,0,0,1,0
4629,1529.0,94.0,284.0,405,1613.0,5.0,324.0,0,0,0,0,0,0,1,0,0,1,0,0,0,0,0
3062,2136.0,192.0,173.0,-324,974.0,16.8,58.0,0,0,0,0,1,0,1,0,0,1,0,0,0,1,0
7340,215.0,5.0,18.0,-199,199.0,19.9,10.0,0,0,0,0,0,0,0,1,0,0,1,0,0,1,0
1750,362.0,4.0,56.0,-332,397.0,26.5,15.0,0,1,0,0,0,0,1,0,0,0,0,0,0,1,0
4063,46.0,0.0,421.0,-287,117.0,0.3,448.0,0,0,0,0,1,0,0,1,0,1,1,1,0,0,0
7250,1311.0,73.0,423.0,298,1562.0,10.2,153.0,0,0,0,0,0,0,1,0,0,1,0,0,0,1,0
5441,109.0,35.0,36.0,336,194.0,48.5,4.0,0,0,0,1,0,0,0,0,1,1,0,0,0,1,0
1104,484.0,0.0,51.0,-14,380.0,34.5,11.0,0,0,0,1,0,0,0,0,1,1,0,0,0,1,0
7351,42.0,2794.0,168.0,100,1106.0,7.4,149.0,0,0,0,1,0,0,1,0,0,0,0,0,0,1,0
4579,1124.0,3999.0,114.0,-215,5621.0,71.2,79.0,0,0,0,1,0,0,0,0,1,0,0,0,0,1,0
2338,396.0,1438.0,54.0,-506,1020.0,56.7,18.0,0,0,1,0,0,0,0,1,0,1,1,0,0,1,0
3061,6.0,0.0,47.0,276,7.0,0.4,18.0,0,0,0,0,0,0,0,1,0,0,1,1,0,0,0
2754,319.0,150.0,49.0,-105,645.0,33.9,19.0,0,1,0,0,0,0,1,0,0,0,0,0,0,1,0
4340,2.0,50.0,41.0,-3,116.0,6.8,17.0,0,0,0,0,0,0,0,0,1,0,0,0,0,1,0
7496,1675.0,0.0,250.0,622,2072.0,12.1,171.0,0,0,0,0,1,0,0,0,0,1,1,0,0,1,0
4511,495.0,836.0,235.0,2,845.0,18.4,46.0,0,0,0,1,0,0,1,0,0,0,0,0,0,1,0
5161,719.0,70.0,67.0,230,1710.0,53.4,32.0,0,1,0,0,0,0,0,0,1,1,0,0,0,1,0
1703,399.0,1.0,243.0,381,905.0,4.6,197.0,0,0,0,0,0,0,0,1,0,1,1,0,0,0,0
3692,3765.0,632.0,927.0,470,4589.0,5.2,891.0,1,0,0,0,0,0,1,0,0,0,0,0,0,1,0
3758,6.0,52.0,27.0,-153,307.0,3.7,83.0,0,0,1,0,0,0,0,1,0,1,1,0,0,0,0
6233,786.0,0.0,64.0,225,756.0,126.0,6.0,1,0,0,0,0,0,1,0,0,0,0,0,0,1,0
7466,375.0,263.0,251.0,-65,472.0,3.0,157.0,0,0,0,0,0,0,1,0,0,0,0,0,0,0,0
6386,792.0,3.0,346.0,630,497.0,2.0,243.0,0,0,0,1,0,0,0,0,1,0,0,0,1,0,0
1246,750.0,557.0,976.0,-302,761.0,1.5,507.0,0,0,0,1,0,0,0,0,1,0,0,0,1,0,0
8621,2060.0,0.0,411.0,580,1687.0,3.5,487.0,0,0,0,0,1,0,0,0,0,1,1,0,0,0,0
2379,812.0,288.0,73.0,-246,482.0,2.3,214.0,0,0,0,1,0,0,0,0,1,0,0,0,1,0,0
737,75.0,0.0,54.0,553,79.0,8.8,9.0,0,1,0,0,0,0,0,1,0,0,1,0,0,1,0
6918,86.0,1132.0,96.0,613,658.0,6.6,99.0,1,0,0,0,0,0,1,0,0,0,0,0,0,1,0
4907,550.0,222.0,191.0,-822,620.0,6.1,101.0,0,0,0,0,0,0,1,0,0,1,0,0,0,1,0
2844,6.0,65.0,16.0,1198,68.0,22.7,3.0,0,0,0,1,0,0,0,1,0,0,1,0,0,1,0
3457,1061.0,34.0,483.0,-213,541.0,1.0,550.0,0,0,0,0,0,0,0,1,0,1,1,1,0,0,0
7712,898.0,112.0,527.0,499,732.0,2.9,252.0,0,0,0,0,0,0,0,1,0,0,1,0,1,0,0
3334,610.0,2.0,257.0,-18,678.0,5.0,135.0,1,0,0,0,0,0,0,0,1,0,0,0,0,0,0
681,256.0,47.0,62.0,749,317.0,3.6,87.0,0,0,0,0,0,0,1,0,0,0,0,0,0,0,0
821,309.0,81.0,266.0,-229,2102.0,25.0,84.0,0,0,0,0,0,0,0,0,1,0,0,0,0,1,0
779,742.0,175.0,250.0,-599,902.0,1.9,486.0,0,1,0,0,0,0,0,1,0,0,1,0,1,0,0
8567,4469.0,1574.0,806.0,299,3253.0,5.0,648.0,0,0,0,0,0,0,0,1,0,0,1,0,0,0,0
2589,193.0,39.0,26.0,-292,140.0,5.8,24.0,0,1,0,0,0,0,0,0,1,0,0,0,0,1,0
7858,855.0,1.0,72.0,426,563.0,43.3,13.0,0,0,0,1,0,0,0,0,1,1,0,0,0,1,0
1949,445.0,1.0,141.0,247,372.0,2.1,177.0,0,0,0,1,0,0,1,0,0,0,0,0,1,0,0
2127,881.0,0.0,28.0,398,491.0,18.2,27.0,0,0,0,0,1,0,1,0,0,0,0,0,0,1,0
8138,146.0,0.0,33.0,358,115.0,4.3,27.0,0,0,0,0,0,0,1,0,0,0,0,0,0,0,0
5024,26.0,7.0,69.0,-19,346.0,3.7,93.0,0,0,0,0,0,0,0,0,0,0,1,0,0,0,0
5255,1667.0,7.0,617.0,253,2359.0,17.0,139.0,0,0,0,0,1,0,1,0,0,0,0,0,0,1,0
2248,687.0,0.0,99.0,-68,1528.0,8.3,183.0,1,0,0,0,0,0,1,0,0,0,0,0,0,1,0
6249,174.0,2.0,29.0,-155,19.0,0.3,63.0,0,0,0,1,0,0,0,0,1,0,0,1,0,0,0
7158,1138.0,52.0,226.0,-317,432.0,4.2,103.0,0,0,1,0,0,0,0,0,0,1,1,0,0,0,0
6431,1736.0,398.0,334.0,32,2055.0,8.0,256.0,0,1,0,0,0,0,0,0,1,0,0,0,0,1,0
555,154.0,1048.0,130.0,145,270.0,3.5,77.0,0,0,0,1,0,0,0,1,0,0,1,0,0,0,0
2998,627.0,96.0,315.0,-138,873.0,2.2,398.0,0,0,0,1,0,0,1,0,0,0,0,0,1,0,0
8028,2023.0,346.0,1374.0,485,1860.0,2.6,725.0,1,0,0,0,0,0,1,0,0,0,0,0,1,0,0
2308,2502.0,0.0,482.0,753,2641.0,23.8,111.0,0,0,0,0,0,0,0,0,0,0,1,0,0,1,0
2693,539.0,1.0,215.0,-440,386.0,0.8,481.0,1,0,0,0,0,0,0,0,0,0,1,1,0,0,0
727,1572.0,1367.0,839.0,-66,3168.0,5.5,578.0,0,1,0,0,0,0,0,0,1,1,0,0,0,1,0
3593,8816.0,26.0,989.0,264,8290.0,9.3,894.0,0,1,0,0,0,0,0,0,0,0,1,0,0,1,0
6977,6.0,0.0,29.0,56,204.0,40.8,5.0,0,0,0,0,0,0,1,0,0,0,0,0,0,1,0
6082,1968.0,207.0,201.0,618,3595.0,20.4,176.0,0,0,0,0,1,0,0,1,0,1,1,0,0,1,0
4531,710.0,0.0,454.0,-33,862.0,1.5,562.0,0,0,0,0,0,0,0,1,0,0,1,0,1,0,0
8152,2615.0,0.0,477.0,-398,223.0,0.3,770.0,1,0,0,0,0,0,0,0,0,1,1,1,0,0,0
5032,566.0,1845.0,307.0,-638,288.0,1.2,232.0,1,0,0,0,0,0,0,0,1,0,0,0,1,0,0
3381,76.0,1.0,13.0,791,184.0,8.4,22.0,0,0,0,0,1,0,0,1,0,0,1,0,0,1,0
2830,11.0,6.0,13.0,376,13.0,1.2,11.0,0,0,1,0,0,0,0,1,0,0,1,0,1,0,0
