product_primaryname,processing_periods_name,facility_type_name,beginningbalance,quantityreceived,quantitydispensed,stockinhand,quantityrequested,quantityapproved,totallossesandadjustments,amc,packsize,zone,dispensingunit
PYRA-COMP,5/1/2025,HEALTH CENTER,290,22,10,980,,,313,2,1,DISTRICT25,TABLET
PYRA-COMP,5/1/2025,HEALTH CENTER,3510,6,437,1426,,0,246,151,1,DISTRICT28,TABLET
ACT-GC,11/1/2025,HEALTH CENTER,125,,52,140,1433,,25,,30,DISTRICT1,BLISTER
PYRA-SAC,12/1/2024,HEALTH CENTER,1015,209,,533,810,327,408,,1,DISTRICT1,SACHET
SP,1/1/2024,HEALTH CENTER,2805,,528,,,730,42,448,1000,DISTRICT13,TABLET
ART-INJ,7/1/2025,HEALTH CENTER,1744,4,409,1508,,7396,-978,681,5,DISTRICT28,VIAL
RDT,4/1/2025,HEALTH CENTER,3187,737,471,3934,,,345,340,25,DISTRICT2,PIECE
ITN,1/1/2024,HEALTH CENTER,,,452,743,,3699,-769,121,50,DISTRICT28,PIECE
ART-INJ,12/1/2023,HEALTH CENTER,,0,,,,,133,0,5,DISTRICT8,VIAL
ACT-INF,1/1/2024,DISTRICT HOSPITAL,,,,,614,0,331,10,30,DISTRICT24,BLISTER
SP,8/1/2025,HEALTH CENTER,4,2,40,,,1,-264,4,1000,DISTRICT9,TABLET
PYRA-COMP,7/1/2025,HEALTH CENTER,3665,0,706,2667,,5338,-1042,332,1,DISTRICT23,TABLET
ACT-AD,7/1/2024,HEALTH CENTER,477,0,,2390,477,44,775,122,30,DISTRICT10,BLISTER
ACT-GC,4/1/2025,HEALTH CENTER,17,11,35,20,,268,-34,44,30,DISTRICT36,BLISTER
SP,5/1/2025,HEALTH CENTER,293,2,363,39,,6730,1216,,1000,DISTRICT25,TABLET
ACT-SC,8/1/2024,HEALTH CENTER,1876,,,2701,2297,3087,48,1292,30,DISTRICT8,BLISTER
ITN,12/1/2024,HEALTH CENTER,,0,,11,,2760,-209,352,50,DISTRICT32,PIECE
QUIN,3/1/2025,HEALTH CENTER,,513,253,,1037,548,-606,,1000,DISTRICT1,TABLET
ITN,9/1/2024,HEALTH CENTER,40,451,,608,,4,-502,9,50,DISTRICT25,PIECE
PYRA-COMP,10/1/2025,HEALTH CENTER,610,,108,,64,1,-523,34,1,DISTRICT18,TABLET
ACT-GC,5/1/2024,DISTRICT HOSPITAL,2002,0,343,1844,,434,252,,30,DISTRICT31,BLISTER
ACT-SC,7/1/2025,HEALTH CENTER,1257,0,66,747,,,-374,25,30,DISTRICT28,BLISTER
ACT-GC,7/1/2025,HEALTH CENTER,1171,1,187,,,48,-75,86,30,DISTRICT33,BLISTER
ACT-GC,4/1/2024,HEALTH CENTER,83,22,,,,1049,1387,21,30,DISTRICT16,BLISTER
PYRA-COMP,3/1/2025,HEALTH CENTER,1846,865,756,1321,,6,-5,,1,DISTRICT36,TABLET
QUIN,12/1/2023,HEALTH CENTER,789,0,160,1672,1484,79,720,90,1000,DISTRICT32,TABLET
ACT-GC,1/1/2025,HEALTH CENTER,809,1,18,,630,0,-232,54,30,DISTRICT26,BLISTER
ACT-GC,5/1/2025,HEALTH CENTER,89,1,57,65,,620,209,20,30,DISTRICT28,BLISTER
ACT-INF,6/1/2025,HEALTH CENTER,,1,129,574,,67,696,,30,DISTRICT9,BLISTER
ART-INJ,1/1/2024,HEALTH CENTER,389,114,,377,,0,-507,82,5,DISTRICT33,VIAL
QUIN,4/1/2025,HEALTH CENTER,,47,253,,1239,161,21,376,1000,DISTRICT24,TABLET
SP,9/1/2024,HEALTH CENTER,180,0,30,75,,0,728,29,1000,DISTRICT26,TABLET
ITN,4/1/2024,HEALTH CENTER,50,126,,2,,0,-95,0,50,DISTRICT19,PIECE
PYRA-COMP,10/1/2025,HEALTH CENTER,10481,337,1693,,126,0,324,,1,DISTRICT33,TABLET
PYRA-COMP,1/1/2024,HEALTH CENTER,2775,109,,1183,,,-358,380,1,DISTRICT1,TABLET
ART-INJ,6/1/2025,HEALTH CENTER,57,,30,,,0,-665,26,5,DISTRICT38,VIAL
ACT-AD,2/1/2024,HEALTH CENTER,4125,2604,1423,6554,,13,-179,1464,30,DISTRICT33,BLISTER
ACT-AD,1/1/2024,HEALTH CENTER,199,0,73,22,490,1,-251,58,30,DISTRICT31,BLISTER
ITN,2/1/2025,HEALTH CENTER,3,,17,327,,0,138,9,50,DISTRICT16,PIECE
ART-SUP,11/1/2024,HEALTH CENTER,,434,,,,1,-137,,2,DISTRICT8,CAPSULE
ART-SUP,8/1/2024,HEALTH CENTER,20,0,2,185,,0,-456,0,2,DISTRICT36,CAPSULE
QUIN,6/1/2024,HEALTH CENTER,1704,15,192,,671,,-373,357,1000,DISTRICT32,TABLET
ACT-AD,6/1/2025,HEALTH CENTER,5343,,900,1609,,9830,415,369,30,DISTRICT14,BLISTER
ART-INJ,5/1/2025,HEALTH CENTER,,103,78,,429,283,-626,26,5,DISTRICT28,VIAL
QUIN,3/1/2025,HEALTH CENTER,1832,1521,820,,1068,,-70,429,1000,DISTRICT4,TABLET
ART-INJ,12/1/2023,HEALTH CENTER,1748,0,47,,167,0,-597,,5,DISTRICT31,VIAL
ITN,3/1/2024,HEALTH CENTER,2377,,,665,,1,64,208,50,DISTRICT27,PIECE
ART-INJ,11/1/2024,HEALTH CENTER,95,,,168,,4364,-12,95,5,DISTRICT12,VIAL
PYRA-COMP,6/1/2024,HEALTH CENTER,,18,93,518,1003,24,539,27,1,DISTRICT22,TABLET
RDT,9/1/2025,HEALTH CENTER,263,,43,350,1471,0,-239,,25,DISTRICT9,PIECE
ACT-GC,10/1/2024,DISTRICT HOSPITAL,,0,155,107,,149,380,,30,DISTRICT1,BLISTER
QUIN,5/1/2024,HEALTH CENTER,2,1,,11,668,115,146,0,1000,DISTRICT32,TABLET
ART-INJ,2/1/2025,HEALTH CENTER,5431,0,347,2078,222,1,331,,5,DISTRICT2,VIAL
SP,2/1/2025,HEALTH CENTER,731,11,292,644,,,327,,1000,DISTRICT17,TABLET
ACT-INF,12/1/2023,HEALTH CENTER,83,,14,,189,0,-602,,30,DISTRICT19,BLISTER
PYRA-SAC,7/1/2025,HEALTH CENTER,971,28,85,1789,726,2503,175,178,1,DISTRICT24,SACHET
ACT-INF,1/1/2024,HEALTH CENTER,,19,,80,725,499,-322,104,30,DISTRICT17,BLISTER
RDT,2/1/2024,HEALTH CENTER,2243,0,535,2167,,319,420,583,25,DISTRICT15,PIECE
ACT-INF,8/1/2025,HEALTH CENTER,,0,,370,,153,419,27,30,DISTRICT32,BLISTER
SP,7/1/2024,HEALTH CENTER,223,69,610,339,,441,162,,1000,DISTRICT33,TABLET
QUIN,11/1/2024,DISTRICT HOSPITAL,,,,,793,4,-185,,1000,DISTRICT7,TABLET
QUIN,12/1/2024,HEALTH CENTER,,646,784,,,238,-91,,1000,DISTRICT9,TABLET
RDT,10/1/2025,HEALTH CENTER,,0,,488,,210,-310,222,25,DISTRICT20,PIECE
ART-INJ,11/1/2025,HEALTH CENTER,68,7,0,123,,1,226,,5,DISTRICT20,VIAL
ACT-GC,10/1/2025,HEALTH CENTER,6943,,1404,,,117,439,,30,DISTRICT26,BLISTER
PYRA-COMP,12/1/2024,HEALTH CENTER,,231,,3557,,,589,514,1,DISTRICT28,TABLET
ACT-AD,11/1/2024,HEALTH CENTER,,,39,,,22,-314,22,30,DISTRICT36,BLISTER
ACT-SC,8/1/2024,HEALTH CENTER,6197,780,,,,,-380,585,30,DISTRICT28,BLISTER
PYRA-COMP,1/1/2024,HEALTH CENTER,1581,24,,1640,,3592,273,369,1,DISTRICT17,TABLET
PYRA-COMP,3/1/2025,HEALTH CENTER,,3,66,540,,962,-260,329,1,DISTRICT37,TABLET
ART-SUP,11/1/2024,HEALTH CENTER,958,660,,,,282,-177,,2,DISTRICT15,CAPSULE
ART-INJ,11/1/2024,DISTRICT HOSPITAL,2973,323,638,,,70,525,533,5,DISTRICT25,VIAL
QUIN,7/1/2025,HEALTH CENTER,,2,28,350,,0,-313,,1000,DISTRICT11,TABLET
ACT-SC,5/1/2024,HEALTH CENTER,1346,0,82,600,,2,-278,33,30,DISTRICT16,BLISTER
ACT-GC,10/1/2025,HEALTH CENTER,1198,0,,1352,,22,-51,334,30,DISTRICT30,BLISTER
ITN,10/1/2025,HEALTH CENTER,6263,0,558,6833,,60,355,507,50,DISTRICT35,PIECE
ACT-GC,5/1/2024,HEALTH CENTER,901,,154,,,,-119,24,30,DISTRICT23,BLISTER
RDT,10/1/2025,HEALTH CENTER,4943,413,,1164,,22,-198,,25,DISTRICT12,PIECE
PYRA-SAC,11/1/2024,HEALTH CENTER,1814,4,221,,1680,,-858,43,1,DISTRICT26,SACHET
ACT-INF,7/1/2024,HEALTH CENTER,479,0,,332,79,0,-404,86,30,DISTRICT29,BLISTER
ACT-GC,2/1/2025,HEALTH CENTER,62,519,129,,,49,-127,68,30,DISTRICT20,BLISTER
PYRA-SAC,4/1/2025,HEALTH CENTER,1745,,273,,809,286,185,164,1,DISTRICT32,SACHET
ITN,5/1/2025,HEALTH CENTER,,0,1746,1748,,3467,-100,1211,50,DISTRICT28,PIECE
PYRA-SAC,11/1/2024,HEALTH CENTER,1497,,,1141,,1567,508,577,1,DISTRICT33,SACHET
ITN,9/1/2024,HEALTH CENTER,,0,148,,,231,-410,52,50,DISTRICT23,PIECE
QUIN,10/1/2024,HEALTH CENTER,,,37,1120,196,0,370,87,1000,DISTRICT11,TABLET
RDT,9/1/2024,HEALTH CENTER,526,,149,616,,0,1162,,25,DISTRICT24,PIECE
ACT-INF,12/1/2023,HEALTH CENTER,8961,1782,2133,,,,-833,1309,30,DISTRICT36,BLISTER
ACT-GC,3/1/2025,HEALTH CENTER,1007,,44,139,,1,350,,30,DISTRICT1,BLISTER
PYRA-SAC,1/1/2025,HEALTH CENTER,,533,192,1288,,0,265,,1,DISTRICT21,SACHET
SP,9/1/2024,HEALTH CENTER,644,,47,355,,,277,46,1000,DISTRICT32,TABLET
RDT,4/1/2024,DISTRICT HOSPITAL,1286,0,481,1297,,1121,380,581,25,DISTRICT9,PIECE
ITN,11/1/2025,HEALTH CENTER,,14,152,,,1,-466,74,50,DISTRICT8,PIECE
QUIN,11/1/2024,HEALTH CENTER,443,1,207,334,,,165,133,1000,DISTRICT23,TABLET
ACT-INF,11/1/2025,HEALTH CENTER,796,418,244,453,,12,598,22,30,DISTRICT20,BLISTER
ACT-AD,2/1/2024,HEALTH CENTER,610,2,,2376,,,537,33,30,DISTRICT1,BLISTER
ACT-INF,1/1/2025,HEALTH CENTER,3198,89,,,,,-149,630,30,DISTRICT37,BLISTER
ACT-GC,3/1/2024,HEALTH CENTER,1256,0,,281,,206,-66,,30,DISTRICT13,BLISTER
ACT-GC,5/1/2025,HEALTH CENTER,1443,,23,,,0,-373,56,30,DISTRICT13,BLISTER
ART-INJ,2/1/2024,HEALTH CENTER,,7,19,25,,0,86,2,5,DISTRICT11,VIAL
ACT-AD,5/1/2025,HEALTH CENTER,676,783,173,,,3,-31,285,30,DISTRICT21,BLISTER
ACT-GC,2/1/2025,HEALTH CENTER,634,234,,,,0,635,44,30,DISTRICT29,BLISTER
ACT-SC,3/1/2024,HEALTH CENTER,125,65,144,,,2174,-19,181,30,DISTRICT1,BLISTER
ACT-AD,8/1/2024,DISTRICT HOSPITAL,192,,317,950,,9,797,,30,DISTRICT14,BLISTER
ACT-GC,3/1/2024,HEALTH CENTER,783,,65,,525,,540,,30,DISTRICT30,BLISTER
PYRA-SAC,1/1/2024,HEALTH CENTER,,,101,,,,12,136,1,DISTRICT36,SACHET
ACT-SC,4/1/2024,DISTRICT HOSPITAL,,0,8,315,,0,8,0,30,DISTRICT25,BLISTER
ACT-INF,1/1/2024,HEALTH CENTER,1573,0,3,219,,0,107,1,30,DISTRICT9,BLISTER
SP,1/1/2024,HEALTH CENTER,2667,241,960,1373,,,-212,450,1000,DISTRICT21,TABLET
ITN,11/1/2024,HEALTH CENTER,,8,63,392,,162,215,103,50,DISTRICT6,PIECE
PYRA-SAC,3/1/2024,HEALTH CENTER,1259,,125,453,1291,452,458,,1,DISTRICT1,SACHET
ACT-AD,11/1/2024,DISTRICT HOSPITAL,337,19,,,,8,926,17,30,DISTRICT28,BLISTER
QUIN,9/1/2024,HEALTH CENTER,147,,28,94,,958,276,22,1000,DISTRICT25,TABLET
SP,12/1/2023,HEALTH CENTER,,0,583,5529,,1749,128,261,1000,DISTRICT29,TABLET
SP,7/1/2025,HEALTH CENTER,,,285,1428,,397,-685,76,1000,DISTRICT21,TABLET
PYRA-COMP,7/1/2025,HEALTH CENTER,,,126,798,,0,276,,1,DISTRICT10,TABLET
ACT-AD,9/1/2025,DISTRICT HOSPITAL,1280,1889,296,798,888,394,494,,30,DISTRICT25,BLISTER
RDT,2/1/2025,HEALTH CENTER,,0,82,68,,3,634,75,25,DISTRICT20,PIECE
PYRA-SAC,4/1/2024,HEALTH CENTER,104,,11,65,,,-278,,1,DISTRICT12,SACHET
ACT-INF,8/1/2025,HEALTH CENTER,,,199,909,836,1,842,106,30,DISTRICT31,BLISTER
ART-INJ,8/1/2025,HEALTH CENTER,719,43,293,2401,,424,112,420,5,DISTRICT4,VIAL
RDT,1/1/2024,HEALTH CENTER,60,0,2,69,,,-111,5,25,DISTRICT36,PIECE
SP,6/1/2024,HEALTH CENTER,636,,194,391,,2620,-347,,1000,DISTRICT37,TABLET
ART-INJ,2/1/2024,HEALTH CENTER,885,0,268,541,,2398,461,82,5,DISTRICT21,VIAL
ACT-SC,5/1/2024,HEALTH CENTER,3917,,896,1513,,141,-450,,30,DISTRICT28,BLISTER
ACT-GC,12/1/2024,REGIONAL HOSPITAL,1038,344,106,,258,0,204,14,30,DISTRICT32,BLISTER
ITN,10/1/2025,HEALTH CENTER,934,591,245,949,436,17,-263,,50,DISTRICT32,PIECE
QUIN,9/1/2024,HEALTH CENTER,597,4,331,380,,707,44,,1000,DISTRICT32,TABLET
SP,10/1/2025,HEALTH CENTER,395,0,248,,1691,16689,216,708,1000,DISTRICT15,TABLET
RDT,5/1/2025,HEALTH CENTER,1,0,0,2,,0,-30,0,25,DISTRICT33,PIECE
SP,1/1/2025,HEALTH CENTER,,,,78,,0,206,,1000,DISTRICT3,TABLET
ART-SUP,4/1/2025,HEALTH CENTER,4027,0,1119,,,1263,664,,2,DISTRICT1,CAPSULE
SP,9/1/2025,HEALTH CENTER,,3,953,1869,,436,550,941,1000,DISTRICT29,TABLET
SP,1/1/2025,HEALTH CENTER,2629,,254,984,,1,-92,149,1000,DISTRICT29,TABLET
ACT-INF,8/1/2024,HEALTH CENTER,1386,2926,625,,,1986,-332,,30,DISTRICT33,BLISTER
ART-SUP,7/1/2024,HEALTH CENTER,585,18,202,701,585,44,-206,309,2,DISTRICT13,CAPSULE
ART-SUP,3/1/2025,DISTRICT HOSPITAL,2155,,540,1207,,,429,,2,DISTRICT23,CAPSULE
ACT-INF,8/1/2024,HEALTH CENTER,173,0,42,852,,499,138,4,30,DISTRICT36,BLISTER
ART-SUP,5/1/2024,HEALTH CENTER,272,84,54,,,10,309,22,2,DISTRICT7,CAPSULE
ITN,12/1/2023,HEALTH CENTER,709,,373,,484,0,320,,50,DISTRICT33,PIECE
ACT-INF,8/1/2024,HEALTH CENTER,999,10,319,,693,,-233,,30,DISTRICT38,BLISTER
PYRA-SAC,2/1/2025,HEALTH CENTER,,,228,436,816,,137,141,1,DISTRICT30,SACHET
ART-INJ,8/1/2025,HEALTH CENTER,3435,2,875,1321,,2677,271,489,5,DISTRICT10,VIAL
ACT-SC,8/1/2024,HEALTH CENTER,1062,,123,996,,233,302,,30,DISTRICT16,BLISTER
ITN,6/1/2025,HEALTH CENTER,762,0,180,,,0,487,170,50,DISTRICT14,PIECE
ACT-SC,7/1/2025,HEALTH CENTER,289,709,,,,2845,1013,930,30,DISTRICT32,BLISTER
ACT-AD,12/1/2024,HEALTH CENTER,1635,,388,1953,,,-73,,30,DISTRICT37,BLISTER
SP,6/1/2024,HEALTH CENTER,,0,,181,,0,-32,2,1000,DISTRICT25,TABLET
ACT-SC,1/1/2024,HEALTH CENTER,229,0,124,,917,,-35,47,30,DISTRICT13,BLISTER
ART-SUP,2/1/2024,HEALTH CENTER,,,1134,2433,,3452,16,770,2,DISTRICT24,CAPSULE
PYRA-SAC,8/1/2024,HEALTH CENTER,4593,499,1403,,,,-796,1485,1,DISTRICT13,SACHET
QUIN,9/1/2025,HEALTH CENTER,,0,,451,,754,-42,,1000,DISTRICT37,TABLET
ACT-GC,6/1/2025,HEALTH CENTER,,980,,,,0,-148,5,30,DISTRICT16,BLISTER
SP,8/1/2025,HEALTH CENTER,9,0,,33,,1,520,8,1000,DISTRICT32,TABLET
ACT-AD,11/1/2024,HEALTH CENTER,2534,,,2557,,14,312,492,30,DISTRICT20,BLISTER
ACT-GC,8/1/2025,HEALTH CENTER,,0,311,,313,100,-161,489,30,DISTRICT14,BLISTER
PYRA-SAC,9/1/2024,HEALTH CENTER,,22,30,199,,1,-327,,1,DISTRICT9,SACHET
ITN,11/1/2024,DISTRICT HOSPITAL,211,0,17,173,,241,-745,36,50,DISTRICT25,PIECE
PYRA-SAC,3/1/2024,HEALTH CENTER,1,4,0,,,10,-55,,1,DISTRICT23,SACHET
ACT-SC,8/1/2025,HEALTH CENTER,197,,117,,433,303,146,82,30,DISTRICT13,BLISTER
ART-SUP,3/1/2024,HEALTH CENTER,1562,9,595,1404,,0,214,311,2,DISTRICT16,CAPSULE
ITN,9/1/2024,HEALTH CENTER,796,380,269,1414,,,-331,347,50,DISTRICT29,PIECE
ART-SUP,7/1/2025,HEALTH CENTER,792,432,24,399,,0,-419,,2,DISTRICT12,CAPSULE
QUIN,6/1/2024,HEALTH CENTER,1279,2,283,1977,584,408,-1007,309,1000,DISTRICT7,TABLET
QUIN,1/1/2024,HEALTH CENTER,4772,11,874,3820,302,0,95,303,1000,DISTRICT32,TABLET
RDT,4/1/2025,HEALTH CENTER,810,41,166,721,,438,-910,123,25,DISTRICT32,PIECE
PYRA-SAC,10/1/2024,HEALTH CENTER,,,105,209,,92,-176,,1,DISTRICT22,SACHET
ACT-SC,3/1/2025,HEALTH CENTER,1586,0,206,2076,,0,-307,,30,DISTRICT32,BLISTER
ACT-INF,7/1/2025,HEALTH CENTER,114,2,48,80,,170,-13,21,30,DISTRICT16,BLISTER
ART-SUP,11/1/2025,HEALTH CENTER,,61,706,,,521,-563,431,2,DISTRICT31,CAPSULE
ITN,1/1/2025,HEALTH CENTER,562,359,,,,3,142,,50,DISTRICT28,PIECE
SP,11/1/2024,HEALTH CENTER,1236,,149,,,,-191,35,1000,DISTRICT11,TABLET
ACT-SC,2/1/2025,HEALTH CENTER,1300,32,,2267,473,0,-825,551,30,DISTRICT24,BLISTER
ART-SUP,11/1/2025,HEALTH CENTER,37,,4,,,57,486,1,2,DISTRICT38,CAPSULE
ART-INJ,12/1/2023,HEALTH CENTER,404,,,916,,,-366,35,5,DISTRICT10,VIAL
RDT,10/1/2024,HEALTH CENTER,163,6,142,16,,2193,-91,437,25,DISTRICT8,PIECE
RDT,4/1/2025,HEALTH CENTER,,4,,205,469,334,217,136,25,DISTRICT10,PIECE
ACT-SC,1/1/2024,HEALTH CENTER,,,,812,,6,841,104,30,DISTRICT31,BLISTER
ART-INJ,11/1/2025,DISTRICT HOSPITAL,959,31,176,779,582,25,-483,53,5,DISTRICT28,VIAL
PYRA-SAC,2/1/2025,HEALTH CENTER,,6,,44,,,18,73,1,DISTRICT18,SACHET
ACT-AD,7/1/2024,HEALTH CENTER,460,,124,324,796,32,-692,37,30,DISTRICT28,BLISTER
RDT,4/1/2024,HEALTH CENTER,,0,1,115,201,,-572,0,25,DISTRICT3,PIECE
ACT-SC,7/1/2025,HEALTH CENTER,75,39,,202,,4,-176,51,30,DISTRICT25,BLISTER
SP,9/1/2025,HEALTH CENTER,206,1,9,208,,0,-452,,1000,DISTRICT14,TABLET
QUIN,8/1/2024,HEALTH CENTER,23,0,51,1,,1,-209,72,1000,DISTRICT2,TABLET
ACT-SC,7/1/2024,HEALTH CENTER,412,35,250,338,,891,-333,57,30,DISTRICT13,BLISTER
ACT-INF,4/1/2024,HEALTH CENTER,4600,3,580,970,,9377,-266,573,30,DISTRICT13,BLISTER
ACT-SC,3/1/2025,DISTRICT HOSPITAL,,,104,42,275,5,-338,52,30,DISTRICT38,BLISTER
PYRA-COMP,12/1/2023,HEALTH CENTER,1899,,240,435,682,0,-612,,1,DISTRICT15,TABLET
PYRA-COMP,3/1/2024,HEALTH CENTER,,,595,980,,2401,254,,1,DISTRICT21,TABLET
ACT-INF,4/1/2024,HEALTH CENTER,,0,321,482,972,1870,179,249,30,DISTRICT30,BLISTER
ART-SUP,8/1/2024,HEALTH CENTER,1248,,408,1545,,,475,338,2,DISTRICT25,CAPSULE
ACT-GC,2/1/2024,HEALTH CENTER,983,0,225,1166,,1106,-109,90,30,DISTRICT5,BLISTER
ACT-INF,7/1/2025,HEALTH CENTER,,328,181,407,,1155,352,,30,DISTRICT24,BLISTER
PYRA-SAC,8/1/2024,HEALTH CENTER,,286,270,2472,,6,438,235,1,DISTRICT8,SACHET
ART-SUP,1/1/2024,HEALTH CENTER,1099,,657,1608,,1915,785,,2,DISTRICT30,CAPSULE
RDT,3/1/2025,HEALTH CENTER,8,13,7,,,0,-338,9,25,DISTRICT7,PIECE
ACT-GC,11/1/2024,HEALTH CENTER,66,,88,240,,,53,8,30,DISTRICT18,BLISTER
PYRA-COMP,11/1/2024,HEALTH CENTER,,574,,550,,61,76,,1,DISTRICT29,TABLET
ART-SUP,2/1/2025,HEALTH CENTER,56,399,69,727,351,0,712,77,2,DISTRICT13,CAPSULE
RDT,10/1/2025,HEALTH CENTER,2996,0,183,,164,431,-49,271,25,DISTRICT6,PIECE
ART-SUP,5/1/2025,HEALTH CENTER,,0,0,2,,0,-633,,2,DISTRICT13,CAPSULE
ITN,8/1/2025,HEALTH CENTER,3461,0,827,2041,,2287,-234,802,50,DISTRICT3,PIECE
RDT,3/1/2025,HEALTH CENTER,,0,,309,,0,-219,45,25,DISTRICT4,PIECE
SP,2/1/2024,HEALTH CENTER,515,62,135,1045,732,0,345,,1000,DISTRICT33,TABLET
ART-INJ,11/1/2025,HEALTH CENTER,,,35,206,,0,12,1,5,DISTRICT23,VIAL
ACT-AD,8/1/2024,DISTRICT HOSPITAL,,0,,2165,,784,-235,407,30,DISTRICT33,BLISTER
ACT-SC,8/1/2024,REGIONAL HOSPITAL,,1,,3485,,0,503,41,30,DISTRICT29,BLISTER
ART-SUP,7/1/2024,HEALTH CENTER,1166,0,78,,,,194,19,2,DISTRICT31,CAPSULE
PYRA-COMP,11/1/2025,HEALTH CENTER,,,236,375,,0,1459,,1,DISTRICT27,TABLET
QUIN,4/1/2025,HEALTH CENTER,419,,,,,0,-289,74,1000,DISTRICT15,TABLET
PYRA-SAC,9/1/2024,HEALTH CENTER,,358,39,,660,43,193,,1,DISTRICT5,SACHET
ACT-INF,3/1/2024,HEALTH CENTER,1417,3,403,,104,0,-548,,30,DISTRICT2,BLISTER
ART-INJ,3/1/2025,HEALTH CENTER,170,,118,,,0,-106,25,5,DISTRICT9,VIAL
ITN,12/1/2023,HEALTH CENTER,563,257,220,894,985,8149,455,,50,DISTRICT30,PIECE
ACT-AD,10/1/2024,HEALTH CENTER,3,,18,,,0,-523,,30,DISTRICT23,BLISTER
ACT-GC,10/1/2025,HEALTH CENTER,1184,,765,,1033,309,-685,,30,DISTRICT13,BLISTER
ART-SUP,5/1/2025,HEALTH CENTER,,7,519,947,,671,19,552,2,DISTRICT30,CAPSULE
ACT-GC,12/1/2023,HEALTH CENTER,,,81,42,,1388,140,,30,DISTRICT6,BLISTER
RDT,12/1/2023,HEALTH CENTER,140,,21,124,,452,-98,,25,DISTRICT35,PIECE
ART-SUP,1/1/2025,DISTRICT HOSPITAL,30,8,,5,,0,111,0,2,DISTRICT38,CAPSULE
ACT-GC,2/1/2024,DISTRICT HOSPITAL,,0,219,176,,737,-366,292,30,DISTRICT8,BLISTER
ITN,2/1/2024,HEALTH CENTER,,9,,195,,,399,180,50,DISTRICT3,PIECE
ITN,11/1/2025,HEALTH CENTER,,11,,3437,,6806,213,1743,50,DISTRICT10,PIECE
ITN,3/1/2024,HEALTH CENTER,4200,174,844,,865,1148,-392,818,50,DISTRICT24,PIECE
ITN,4/1/2024,HEALTH CENTER,130,,2,,,0,-118,,50,DISTRICT13,PIECE
PYRA-COMP,7/1/2024,HEALTH CENTER,1577,1294,,1325,,0,304,578,1,DISTRICT18,TABLET
QUIN,9/1/2024,DISTRICT HOSPITAL,1835,3,376,1748,660,0,-237,161,1000,DISTRICT21,TABLET
QUIN,5/1/2025,DISTRICT HOSPITAL,640,210,,973,324,0,-791,230,1000,DISTRICT36,TABLET
ACT-SC,12/1/2023,HEALTH CENTER,2606,927,316,1537,,88,297,226,30,DISTRICT3,BLISTER
SP,4/1/2024,HEALTH CENTER,472,652,226,699,,0,-22,179,1000,DISTRICT9,TABLET
ACT-GC,5/1/2025,HEALTH CENTER,3960,0,558,1227,,275,8,126,30,DISTRICT32,BLISTER
PYRA-COMP,3/1/2024,HEALTH CENTER,1119,30,,,,,-201,413,1,DISTRICT2,TABLET
PYRA-COMP,1/1/2025,HEALTH CENTER,928,,,1822,,26,389,253,1,DISTRICT29,TABLET
QUIN,11/1/2025,DISTRICT HOSPITAL,,,111,,,71,312,,1000,DISTRICT29,TABLET
ART-SUP,6/1/2024,HEALTH CENTER,2202,,1644,1251,,7804,16,1256,2,DISTRICT38,CAPSULE
SP,6/1/2025,HEALTH CENTER,2755,1,1341,3201,,126,-185,1104,1000,DISTRICT15,TABLET
ACT-SC,5/1/2025,HEALTH CENTER,1770,150,913,2419,,0,-51,,30,DISTRICT32,BLISTER
ACT-INF,5/1/2024,HEALTH CENTER,7757,1215,1688,5216,,405,86,1441,30,DISTRICT25,BLISTER
PYRA-SAC,8/1/2025,HEALTH CENTER,,385,1194,6228,1286,,29,1293,1,DISTRICT36,SACHET
SP,2/1/2024,HEALTH CENTER,432,0,98,153,,24,-407,92,1000,DISTRICT3,TABLET
PYRA-COMP,10/1/2025,HEALTH CENTER,712,,,2763,,79,-327,312,1,DISTRICT5,TABLET
ART-INJ,10/1/2025,HEALTH CENTER,321,,303,,,3,284,464,5,DISTRICT6,VIAL
QUIN,4/1/2024,HEALTH CENTER,339,0,279,285,,34,-654,,1000,DISTRICT32,TABLET
ACT-INF,4/1/2024,HEALTH CENTER,946,692,,,,584,-939,186,30,DISTRICT32,BLISTER
PYRA-COMP,8/1/2025,HEALTH CENTER,465,0,,,,1,228,,1,DISTRICT20,TABLET
PYRA-SAC,2/1/2024,DISTRICT HOSPITAL,2989,0,,1556,1117,,-196,,1,DISTRICT22,SACHET
ACT-AD,2/1/2025,REGIONAL HOSPITAL,1769,382,,3366,616,31,779,,30,DISTRICT3,BLISTER
ACT-GC,7/1/2024,HEALTH CENTER,608,,95,,,,587,,30,DISTRICT1,BLISTER
ACT-GC,11/1/2024,HEALTH CENTER,,4,40,155,,2960,326,36,30,DISTRICT31,BLISTER
PYRA-COMP,1/1/2025,HEALTH CENTER,2260,,,1076,502,28,661,486,1,DISTRICT12,TABLET
ACT-SC,4/1/2025,HEALTH CENTER,926,,489,440,160,1586,173,219,30,DISTRICT26,BLISTER
RDT,3/1/2024,HEALTH CENTER,847,174,,1269,,0,92,,25,DISTRICT38,PIECE
PYRA-COMP,5/1/2025,HEALTH CENTER,858,,161,546,829,848,-493,35,1,DISTRICT29,TABLET
PYRA-SAC,11/1/2024,HEALTH CENTER,4617,54,459,3797,,78,-104,299,1,DISTRICT30,SACHET
ACT-GC,3/1/2024,REGIONAL HOSPITAL,1314,2,226,390,,2437,75,,30,DISTRICT16,BLISTER
ITN,11/1/2024,HEALTH CENTER,,62,134,194,,1841,71,15,50,DISTRICT2,PIECE
ART-SUP,3/1/2024,HEALTH CENTER,,0,,884,,0,69,,2,DISTRICT30,CAPSULE
ACT-SC,3/1/2025,HEALTH CENTER,,1228,686,1314,,2251,350,782,30,DISTRICT16,BLISTER
ACT-AD,1/1/2024,HEALTH CENTER,104,0,51,60,521,103,344,,30,DISTRICT10,BLISTER
ACT-AD,12/1/2024,HEALTH CENTER,,1831,,3318,,73,58,918,30,DISTRICT13,BLISTER
ACT-SC,2/1/2024,HEALTH CENTER,379,293,606,325,,2051,-256,351,30,DISTRICT5,BLISTER
ACT-GC,7/1/2025,HEALTH CENTER,,10,147,,1108,371,256,,30,DISTRICT32,BLISTER
PYRA-COMP,4/1/2025,HEALTH CENTER,5041,100,1241,2295,,6825,-144,1718,1,DISTRICT19,TABLET
ART-INJ,7/1/2024,HEALTH CENTER,,,,850,,2798,-997,946,5,DISTRICT26,VIAL
ITN,8/1/2025,HEALTH CENTER,3445,,769,1866,,666,-57,842,50,DISTRICT20,PIECE
ACT-AD,11/1/2024,HEALTH CENTER,,51,355,512,467,400,308,340,30,DISTRICT28,BLISTER
ACT-SC,9/1/2025,HEALTH CENTER,33,57,,324,1305,707,335,,30,DISTRICT15,BLISTER
QUIN,1/1/2025,HEALTH CENTER,43,31,149,375,659,0,413,,1000,DISTRICT13,TABLET
ACT-AD,4/1/2025,HEALTH CENTER,1427,36,1130,1652,,2789,227,937,30,DISTRICT32,BLISTER
PYRA-COMP,10/1/2024,HEALTH CENTER,,,883,904,,927,-199,558,1,DISTRICT22,TABLET
ITN,3/1/2025,HEALTH CENTER,1487,0,,918,,0,-149,11,50,DISTRICT10,PIECE
ACT-GC,6/1/2024,HEALTH CENTER,557,55,281,593,,31,-7,,30,DISTRICT1,BLISTER
PYRA-SAC,1/1/2024,REGIONAL HOSPITAL,371,,150,1063,663,5,385,35,1,DISTRICT29,SACHET
ART-SUP,2/1/2024,HEALTH CENTER,41,1,1,,,261,-737,2,2,DISTRICT15,CAPSULE
PYRA-SAC,1/1/2024,HEALTH CENTER,259,,60,106,,,207,,1,DISTRICT31,SACHET
PYRA-SAC,5/1/2024,HEALTH CENTER,1353,,,1171,,422,58,81,1,DISTRICT20,SACHET
ART-INJ,5/1/2024,HEALTH CENTER,,,47,290,755,277,-32,,5,DISTRICT38,VIAL
ART-INJ,3/1/2025,HEALTH CENTER,1723,1548,412,1209,,1,-313,164,5,DISTRICT10,VIAL
SP,3/1/2024,HEALTH CENTER,,,242,1375,260,,-51,,1000,DISTRICT14,TABLET
RDT,2/1/2024,HEALTH CENTER,1245,0,443,699,,77,-184,,25,DISTRICT31,PIECE
ACT-INF,6/1/2025,HEALTH CENTER,,0,112,28,1473,,-70,,30,DISTRICT21,BLISTER
ART-INJ,3/1/2024,HEALTH CENTER,183,,95,,848,1,138,46,5,DISTRICT36,VIAL
ITN,3/1/2025,DISTRICT HOSPITAL,,19,444,2400,,0,-317,840,50,DISTRICT20,PIECE
ACT-INF,12/1/2024,REGIONAL HOSPITAL,2,33,0,3,,,336,1,30,DISTRICT10,BLISTER
ITN,12/1/2023,HEALTH CENTER,0,71,1,44,,,285,0,50,DISTRICT23,PIECE
QUIN,11/1/2024,REGIONAL HOSPITAL,1594,0,221,,,449,-230,140,1000,DISTRICT6,TABLET
SP,2/1/2024,HEALTH CENTER,2017,108,344,2113,,,308,387,1000,DISTRICT1,TABLET
ART-INJ,12/1/2024,HEALTH CENTER,893,1269,138,,,,-102,139,5,DISTRICT31,VIAL
ACT-GC,5/1/2024,HEALTH CENTER,215,25,400,370,,1188,133,336,30,DISTRICT18,BLISTER
ACT-INF,2/1/2025,HEALTH CENTER,,4,10,55,1480,376,-900,11,30,DISTRICT3,BLISTER
PYRA-COMP,11/1/2024,HEALTH CENTER,2748,35,776,1642,,9736,-368,439,1,DISTRICT8,TABLET
ACT-INF,9/1/2024,HEALTH CENTER,35,0,37,184,,299,533,25,30,DISTRICT19,BLISTER
ACT-AD,6/1/2024,HEALTH CENTER,213,65,,,,1,264,,30,DISTRICT33,BLISTER
ACT-AD,11/1/2025,HEALTH CENTER,43,0,14,75,,,453,2,30,DISTRICT32,BLISTER
SP,9/1/2024,HEALTH CENTER,382,0,,490,,1612,-107,213,1000,DISTRICT26,TABLET
SP,10/1/2025,DISTRICT HOSPITAL,3351,,,1116,,221,84,,1000,DISTRICT33,TABLET
ITN,10/1/2025,HEALTH CENTER,150,0,,90,,0,-615,2,50,DISTRICT31,PIECE
PYRA-SAC,9/1/2025,HEALTH CENTER,223,0,,80,175,,-283,128,1,DISTRICT19,SACHET
ART-SUP,4/1/2024,HEALTH CENTER,,,,2415,,0,-320,94,2,DISTRICT25,CAPSULE
ITN,1/1/2025,HEALTH CENTER,45,,122,226,,373,261,14,50,DISTRICT10,PIECE
SP,2/1/2025,HEALTH CENTER,23,,,103,,39,1324,,1000,DISTRICT30,TABLET
ACT-SC,7/1/2025,HEALTH CENTER,,0,84,355,707,142,635,140,30,DISTRICT3,BLISTER
ACT-AD,7/1/2024,DISTRICT HOSPITAL,132,1,,,,,-388,9,30,DISTRICT1,BLISTER
SP,10/1/2025,HEALTH CENTER,1812,0,423,3124,,0,66,563,1000,DISTRICT15,TABLET
PYRA-SAC,6/1/2024,HEALTH CENTER,718,74,102,131,1584,19,-383,,1,DISTRICT14,SACHET
ACT-SC,4/1/2025,HEALTH CENTER,453,11,,,,7,-204,,30,DISTRICT8,BLISTER
ACT-SC,2/1/2025,HEALTH CENTER,8,,14,84,,3,500,11,30,DISTRICT28,BLISTER
ITN,10/1/2025,HEALTH CENTER,587,,388,753,,254,-550,,50,DISTRICT23,PIECE
RDT,1/1/2024,HEALTH CENTER,55,968,45,,,0,-326,,25,DISTRICT20,PIECE
ART-INJ,9/1/2024,HEALTH CENTER,323,21,39,1166,,0,-8,35,5,DISTRICT4,VIAL
RDT,2/1/2024,HEALTH CENTER,722,0,61,367,620,734,-158,53,25,DISTRICT31,PIECE
ACT-INF,3/1/2024,HEALTH CENTER,,0,,1590,,0,-131,29,30,DISTRICT24,BLISTER
RDT,9/1/2025,HEALTH CENTER,339,536,383,1345,,2,351,333,25,DISTRICT33,PIECE
ACT-SC,11/1/2025,HEALTH CENTER,129,31,,133,,1,-167,67,30,DISTRICT19,BLISTER
ACT-INF,2/1/2024,HEALTH CENTER,68,1,,,,233,-97,17,30,DISTRICT23,BLISTER
ART-INJ,9/1/2025,HEALTH CENTER,40,,49,224,,3300,174,30,5,DISTRICT25,VIAL
PYRA-SAC,4/1/2025,HEALTH CENTER,606,0,506,563,,0,-397,320,1,DISTRICT23,SACHET
PYRA-COMP,9/1/2025,HEALTH CENTER,22,142,111,103,891,66,603,,1,DISTRICT32,TABLET
PYRA-SAC,7/1/2025,DISTRICT HOSPITAL,694,0,82,912,,456,42,79,1,DISTRICT35,SACHET
ACT-AD,4/1/2025,HEALTH CENTER,543,,,,321,0,-72,26,30,DISTRICT9,BLISTER
ACT-INF,8/1/2025,HEALTH CENTER,1138,2,,475,912,2,-357,170,30,DISTRICT1,BLISTER
PYRA-COMP,3/1/2025,HEALTH CENTER,,,326,,,243,-70,226,1,DISTRICT25,TABLET
SP,1/1/2024,HEALTH CENTER,,,,,,898,250,9,1000,DISTRICT38,TABLET
SP,7/1/2024,HEALTH CENTER,,,409,2624,,582,-230,172,1000,DISTRICT1,TABLET
ACT-INF,8/1/2025,HEALTH CENTER,1364,,96,711,,0,-301,,30,DISTRICT6,BLISTER
ART-SUP,9/1/2025,HEALTH CENTER,111,,64,,357,0,2,17,2,DISTRICT13,CAPSULE
ART-SUP,6/1/2025,HEALTH CENTER,512,,707,1605,,,-9,,2,DISTRICT13,CAPSULE
PYRA-SAC,1/1/2025,HEALTH CENTER,291,0,18,,,,-241,,1,DISTRICT35,SACHET
ACT-AD,6/1/2024,HEALTH CENTER,2801,,,1404,,19026,-163,1221,30,DISTRICT19,BLISTER
ART-SUP,12/1/2024,HEALTH CENTER,245,,46,121,335,,-15,,2,DISTRICT17,CAPSULE
RDT,10/1/2024,HEALTH CENTER,2495,60,746,3878,1145,1,503,398,25,DISTRICT30,PIECE
PYRA-SAC,8/1/2025,DISTRICT HOSPITAL,581,,403,969,,5031,243,,1,DISTRICT26,SACHET
ART-SUP,5/1/2024,HEALTH CENTER,12,0,50,39,357,0,-68,114,2,DISTRICT15,CAPSULE
ACT-AD,11/1/2025,HEALTH CENTER,1626,102,472,,,3757,218,,30,DISTRICT20,BLISTER
ACT-AD,10/1/2024,DISTRICT HOSPITAL,,0,,104,194,1,200,20,30,DISTRICT16,BLISTER
ACT-INF,11/1/2025,HEALTH CENTER,2275,94,,2307,,8468,632,879,30,DISTRICT3,BLISTER
QUIN,3/1/2024,HEALTH CENTER,132,,,202,514,28,-383,,1000,DISTRICT15,TABLET
QUIN,12/1/2024,HEALTH CENTER,651,0,525,1055,709,0,37,,1000,DISTRICT31,TABLET
PYRA-COMP,10/1/2025,HEALTH CENTER,1513,,690,,832,1042,-362,452,1,DISTRICT16,TABLET
QUIN,9/1/2024,HEALTH CENTER,232,,42,,,50,86,186,1000,DISTRICT29,TABLET
SP,8/1/2024,HEALTH CENTER,2209,252,,2064,568,117,216,406,1000,DISTRICT15,TABLET
ACT-INF,9/1/2025,HEALTH CENTER,1722,10,265,343,606,0,652,,30,DISTRICT23,BLISTER
PYRA-COMP,9/1/2025,HEALTH CENTER,2801,24,485,2750,544,481,137,289,1,DISTRICT6,TABLET
RDT,5/1/2025,HEALTH CENTER,4711,435,,3703,,4,127,1685,25,DISTRICT30,PIECE
ACT-INF,9/1/2025,HEALTH CENTER,1388,0,236,1125,527,,-553,516,30,DISTRICT23,BLISTER
ART-INJ,9/1/2025,HEALTH CENTER,1236,7,165,437,,2085,102,242,5,DISTRICT16,VIAL
ACT-SC,11/1/2024,HEALTH CENTER,,37,,566,64,0,223,238,30,DISTRICT4,BLISTER
ACT-AD,11/1/2024,HEALTH CENTER,353,,60,1221,356,0,12,47,30,DISTRICT32,BLISTER
ACT-AD,5/1/2024,HEALTH CENTER,,1,528,,,,-205,,30,DISTRICT13,BLISTER
ACT-GC,8/1/2025,HEALTH CENTER,1470,10,165,1300,,59,160,101,30,DISTRICT15,BLISTER
ACT-INF,8/1/2024,HEALTH CENTER,,12,,753,,,307,213,30,DISTRICT36,BLISTER
ACT-AD,4/1/2025,HEALTH CENTER,4714,3,908,2832,,3646,358,1102,30,DISTRICT14,BLISTER
PYRA-SAC,10/1/2025,DISTRICT HOSPITAL,,841,236,,,495,159,102,1,DISTRICT32,SACHET
PYRA-SAC,10/1/2025,HEALTH CENTER,,337,522,,,424,853,,1,DISTRICT19,SACHET
SP,5/1/2025,HEALTH CENTER,,,,,,0,-228,,1000,DISTRICT13,TABLET
ART-INJ,10/1/2024,HEALTH CENTER,,4,45,97,,9,-199,38,5,DISTRICT3,VIAL
ACT-SC,3/1/2025,HEALTH CENTER,580,163,481,348,818,386,225,343,30,DISTRICT23,BLISTER
ACT-SC,10/1/2024,HEALTH CENTER,,,426,,,6902,-632,569,30,DISTRICT15,BLISTER
ACT-SC,5/1/2024,HEALTH CENTER,,122,485,3173,362,590,596,179,30,DISTRICT33,BLISTER
RDT,5/1/2024,HEALTH CENTER,,22,503,2145,2034,6285,-212,314,25,DISTRICT33,PIECE
ACT-AD,9/1/2025,HEALTH CENTER,1332,7,360,1087,,41,-282,,30,DISTRICT16,BLISTER
ACT-AD,5/1/2024,HEALTH CENTER,475,3,,699,,1569,150,,30,DISTRICT14,BLISTER
ACT-INF,1/1/2025,HEALTH CENTER,213,0,160,97,,0,6,,30,DISTRICT31,BLISTER
RDT,5/1/2025,DISTRICT HOSPITAL,125,,,255,,2905,433,77,25,DISTRICT9,PIECE
PYRA-COMP,4/1/2025,HEALTH CENTER,227,1068,,64,,4,204,,1,DISTRICT38,TABLET
RDT,12/1/2023,NATIONAL HOSPITAL,1,0,1,47,123,,-11,0,25,DISTRICT32,PIECE
ACT-AD,5/1/2025,HEALTH CENTER,2963,4,630,,,,-707,314,30,DISTRICT16,BLISTER
SP,11/1/2025,HEALTH CENTER,1166,44,766,1867,,224,-246,644,1000,DISTRICT11,TABLET
ACT-INF,9/1/2024,HEALTH CENTER,1123,150,,4794,,133,74,912,30,DISTRICT4,BLISTER
QUIN,4/1/2025,HEALTH CENTER,1670,41,,301,970,3091,-105,,1000,DISTRICT9,TABLET
PYRA-COMP,10/1/2025,HEALTH CENTER,1144,823,393,,,0,-359,168,1,DISTRICT13,TABLET
ACT-GC,4/1/2024,REGIONAL HOSPITAL,3782,1,436,,,,-328,310,30,DISTRICT33,BLISTER
ART-INJ,5/1/2024,HEALTH CENTER,32,2128,,,,13,635,,5,DISTRICT25,VIAL
ACT-INF,12/1/2023,HEALTH CENTER,,0,40,29,546,,-258,,30,DISTRICT16,BLISTER
PYRA-COMP,7/1/2024,HEALTH CENTER,1616,26,30,,437,2,-335,8,1,DISTRICT28,TABLET
PYRA-SAC,1/1/2025,HEALTH CENTER,597,7,209,621,195,2,648,90,1,DISTRICT33,SACHET
PYRA-COMP,9/1/2024,HEALTH CENTER,2111,,427,1144,,8,452,248,1,DISTRICT8,TABLET
ACT-GC,11/1/2025,HEALTH CENTER,3402,12,887,,,2187,-423,,30,DISTRICT20,BLISTER
ACT-AD,7/1/2024,HEALTH CENTER,917,,57,310,,459,-261,44,30,DISTRICT35,BLISTER
ACT-INF,11/1/2024,HEALTH CENTER,,,,303,,0,-801,,30,DISTRICT38,BLISTER
ART-SUP,10/1/2024,HEALTH CENTER,12,294,1,12,,,21,0,2,DISTRICT33,CAPSULE
PYRA-SAC,4/1/2025,HEALTH CENTER,2668,4,429,1589,,137,270,286,1,DISTRICT16,SACHET
RDT,10/1/2025,HEALTH CENTER,360,,99,,400,41,-933,37,25,DISTRICT29,PIECE
ART-INJ,12/1/2024,HEALTH CENTER,1957,128,1189,1861,,4707,675,872,5,DISTRICT28,VIAL
QUIN,11/1/2024,HEALTH CENTER,754,,45,,,13,347,10,1000,DISTRICT31,TABLET
PYRA-SAC,6/1/2025,HEALTH CENTER,,97,,96,,1902,-141,186,1,DISTRICT31,SACHET
ACT-INF,5/1/2025,HEALTH CENTER,,353,,98,,6,-700,,30,DISTRICT33,BLISTER
SP,9/1/2025,HEALTH CENTER,1783,1,243,1318,,,260,,1000,DISTRICT17,TABLET
QUIN,12/1/2023,HEALTH CENTER,2529,2,341,,,686,306,,1000,DISTRICT28,TABLET
ACT-AD,5/1/2024,HEALTH CENTER,,,13,425,,40,-114,,30,DISTRICT37,BLISTER
SP,3/1/2024,HEALTH CENTER,51,1,50,13,,,-245,,1000,DISTRICT32,TABLET
ART-INJ,8/1/2024,HEALTH CENTER,230,,279,53,964,935,17,337,5,DISTRICT33,VIAL
ACT-AD,6/1/2024,HEALTH CENTER,5,56,1,30,,912,-213,1,30,DISTRICT29,BLISTER
ART-INJ,2/1/2024,HEALTH CENTER,209,,35,219,,0,-986,,5,DISTRICT16,VIAL
ITN,11/1/2024,HEALTH CENTER,,0,77,780,,3,-145,32,50,DISTRICT33,PIECE
RDT,5/1/2025,HEALTH CENTER,,,28,,,,109,25,25,DISTRICT25,PIECE
SP,10/1/2024,HEALTH CENTER,665,2,198,691,,2,-241,112,1000,DISTRICT21,TABLET
ITN,7/1/2024,DISTRICT HOSPITAL,2615,,,3613,333,1153,-733,,50,DISTRICT5,PIECE
ACT-INF,12/1/2023,HEALTH CENTER,230,71,79,679,,179,93,74,30,DISTRICT15,BLISTER
ART-SUP,1/1/2025,REGIONAL HOSPITAL,,1077,,4736,,265,393,544,2,DISTRICT13,CAPSULE
ART-SUP,10/1/2024,HEALTH CENTER,485,0,336,277,425,0,492,,2,DISTRICT19,CAPSULE
PYRA-SAC,7/1/2024,HEALTH CENTER,546,1,262,,,0,397,212,1,DISTRICT6,SACHET
ACT-AD,7/1/2024,HEALTH CENTER,2316,482,679,3624,261,872,423,,30,DISTRICT29,BLISTER
SP,9/1/2024,HEALTH CENTER,3160,,1644,1101,,971,-858,1209,1000,DISTRICT28,TABLET
ACT-SC,4/1/2025,HEALTH CENTER,199,152,,,,1085,-196,3,30,DISTRICT16,BLISTER
ACT-GC,11/1/2025,HEALTH CENTER,172,0,,,,9,166,,30,DISTRICT3,BLISTER
ART-INJ,11/1/2024,HEALTH CENTER,73,0,6,,,0,-700,1,5,DISTRICT14,VIAL
PYRA-COMP,8/1/2024,HEALTH CENTER,2425,,543,,,,488,,1,DISTRICT3,TABLET
PYRA-COMP,5/1/2025,HEALTH CENTER,1980,205,620,1034,,0,-599,,1,DISTRICT28,TABLET
ART-INJ,1/1/2025,HEALTH CENTER,141,226,12,,,,168,1,5,DISTRICT1,VIAL
PYRA-SAC,4/1/2025,HEALTH CENTER,2344,33,942,2546,700,1854,-103,,1,DISTRICT3,SACHET
SP,5/1/2024,HEALTH CENTER,,194,25,61,,869,-100,,1000,DISTRICT36,TABLET
RDT,12/1/2023,HEALTH CENTER,,,178,2774,269,0,-141,154,25,DISTRICT9,PIECE
ACT-SC,2/1/2025,HEALTH CENTER,,1,555,,1508,0,189,154,30,DISTRICT1,BLISTER
PYRA-SAC,7/1/2025,HEALTH CENTER,264,105,172,282,759,454,205,92,1,DISTRICT28,SACHET
RDT,6/1/2025,HEALTH CENTER,115,,295,373,,1011,620,175,25,DISTRICT7,PIECE
PYRA-SAC,11/1/2025,HEALTH CENTER,585,334,,1406,,27,-48,,1,DISTRICT3,SACHET
ACT-AD,6/1/2024,HEALTH CENTER,891,,119,304,,0,-352,40,30,DISTRICT31,BLISTER
PYRA-COMP,8/1/2024,HEALTH CENTER,1715,1117,452,1448,,,288,,1,DISTRICT12,TABLET
ART-SUP,4/1/2024,HEALTH CENTER,656,,161,502,,17,-169,,2,DISTRICT26,CAPSULE
ART-SUP,7/1/2024,HEALTH CENTER,702,,89,131,569,6176,-393,75,2,DISTRICT7,CAPSULE
ACT-GC,6/1/2024,HEALTH CENTER,,,264,,,224,-94,231,30,DISTRICT32,BLISTER
PYRA-SAC,5/1/2024,HEALTH CENTER,247,17,,,,2948,455,251,1,DISTRICT1,SACHET
ART-SUP,12/1/2023,HEALTH CENTER,1654,,596,,,12167,321,,2,DISTRICT32,CAPSULE
ACT-GC,9/1/2024,HEALTH CENTER,,47,259,,,,-60,157,30,DISTRICT28,BLISTER
RDT,6/1/2024,HEALTH CENTER,824,26,476,105,,9219,451,129,25,DISTRICT1,PIECE
ART-SUP,9/1/2025,REGIONAL HOSPITAL,,35,,26,,,181,,2,DISTRICT37,CAPSULE
SP,10/1/2024,HEALTH CENTER,917,0,,731,,572,767,,1000,DISTRICT5,TABLET
ACT-GC,2/1/2025,HEALTH CENTER,1102,,,1798,,,465,176,30,DISTRICT9,BLISTER
RDT,6/1/2025,HEALTH CENTER,,105,,1424,,,514,208,25,DISTRICT13,PIECE
ACT-INF,11/1/2025,HEALTH CENTER,136,22,,,,0,18,80,30,DISTRICT8,BLISTER
QUIN,7/1/2024,HEALTH CENTER,522,,,,398,0,-78,,1000,DISTRICT30,TABLET
ACT-AD,4/1/2025,HEALTH CENTER,1999,895,,2618,,515,-39,534,30,DISTRICT29,BLISTER
ACT-INF,8/1/2024,HEALTH CENTER,98,157,,,,1,63,,30,DISTRICT31,BLISTER
PYRA-COMP,4/1/2024,HEALTH CENTER,322,565,,41,,0,542,5,1,DISTRICT26,TABLET
ACT-INF,5/1/2024,DISTRICT HOSPITAL,492,0,,134,,5195,152,143,30,DISTRICT32,BLISTER
ACT-SC,8/1/2025,HEALTH CENTER,1013,32,568,1007,,707,-34,779,30,DISTRICT30,BLISTER
PYRA-SAC,12/1/2023,HEALTH CENTER,458,10,86,178,1515,,222,190,1,DISTRICT27,SACHET
ACT-SC,11/1/2025,DISTRICT HOSPITAL,1900,,,6270,,303,195,,30,DISTRICT31,BLISTER
ACT-SC,3/1/2025,HEALTH CENTER,,,260,2023,,,-628,48,30,DISTRICT12,BLISTER
ACT-INF,10/1/2025,HEALTH CENTER,1016,19,242,,408,,-446,92,30,DISTRICT33,BLISTER
RDT,12/1/2023,HEALTH CENTER,75,0,,68,,0,3,,25,DISTRICT25,PIECE
PYRA-COMP,9/1/2024,HEALTH CENTER,634,1,69,613,,19,65,,1,DISTRICT14,TABLET
RDT,9/1/2025,NATIONAL HOSPITAL,,16,,953,,1635,472,255,25,DISTRICT32,PIECE
QUIN,10/1/2025,HEALTH CENTER,677,0,,478,,291,-576,,1000,DISTRICT4,TABLET
QUIN,3/1/2024,HEALTH CENTER,816,386,,1809,770,78,-607,358,1000,DISTRICT24,TABLET
ACT-GC,4/1/2025,HEALTH CENTER,13,195,48,431,,11,-118,19,30,DISTRICT32,BLISTER
SP,12/1/2024,HEALTH CENTER,,0,321,271,229,36,-699,532,1000,DISTRICT32,TABLET
ACT-AD,6/1/2025,DISTRICT HOSPITAL,8549,,755,2251,,,-444,737,30,DISTRICT13,BLISTER
RDT,4/1/2024,HEALTH CENTER,947,148,362,,,1143,686,650,25,DISTRICT36,PIECE
ART-SUP,6/1/2025,HEALTH CENTER,1851,301,751,,2183,16640,87,499,2,DISTRICT35,CAPSULE
ACT-AD,10/1/2024,HEALTH CENTER,13,0,28,10,,18,740,14,30,DISTRICT23,BLISTER
PYRA-COMP,8/1/2024,HEALTH CENTER,,0,,459,220,114,76,,1,DISTRICT1,TABLET
PYRA-COMP,7/1/2025,HEALTH CENTER,7,29,62,54,,849,144,36,1,DISTRICT15,TABLET
SP,12/1/2023,HEALTH CENTER,,,152,560,389,20,958,76,1000,DISTRICT6,TABLET
ART-INJ,11/1/2024,HEALTH CENTER,2099,,112,1480,,102,234,72,5,DISTRICT5,VIAL
ACT-SC,2/1/2024,HEALTH CENTER,,,177,769,,7275,310,,30,DISTRICT9,BLISTER
ART-INJ,10/1/2025,HEALTH CENTER,962,1,300,767,617,0,-673,,5,DISTRICT2,VIAL
ACT-AD,8/1/2025,HEALTH CENTER,661,6,,549,,49,-278,13,30,DISTRICT6,BLISTER
SP,1/1/2024,HEALTH CENTER,302,71,,282,,40,199,3,1000,DISTRICT12,TABLET
ACT-AD,6/1/2025,HEALTH CENTER,917,,,,832,,365,66,30,DISTRICT1,BLISTER
PYRA-COMP,6/1/2025,HEALTH CENTER,73,127,10,56,279,0,-299,1,1,DISTRICT31,TABLET
RDT,7/1/2025,DISTRICT HOSPITAL,122,,17,421,,194,342,6,25,DISTRICT33,PIECE
PYRA-SAC,12/1/2023,HEALTH CENTER,705,345,67,266,,31,304,,1,DISTRICT31,SACHET
ART-SUP,5/1/2024,HEALTH CENTER,2106,73,708,,,6895,-330,646,2,DISTRICT4,CAPSULE
ACT-GC,12/1/2024,HEALTH CENTER,,,513,4385,,5,721,,30,DISTRICT19,BLISTER
ACT-SC,3/1/2025,HEALTH CENTER,249,1,119,,,151,-386,,30,DISTRICT23,BLISTER
ART-SUP,2/1/2024,HEALTH CENTER,1522,1,,233,,342,-404,344,2,DISTRICT20,CAPSULE
QUIN,11/1/2025,HEALTH CENTER,3809,197,612,3210,1506,0,-1139,,1000,DISTRICT3,TABLET
ACT-SC,9/1/2024,HEALTH CENTER,,,185,,531,5,-1115,141,30,DISTRICT19,BLISTER
ACT-GC,3/1/2024,HEALTH CENTER,1260,40,89,698,,2,-405,65,30,DISTRICT17,BLISTER
ACT-SC,6/1/2024,HEALTH CENTER,1021,,,1196,,6,-100,49,30,DISTRICT28,BLISTER
ACT-GC,2/1/2024,HEALTH CENTER,200,1,,,,23,-111,97,30,DISTRICT19,BLISTER
ACT-SC,8/1/2025,HEALTH CENTER,,46,,472,,0,246,,30,DISTRICT32,BLISTER
ACT-GC,7/1/2025,HEALTH CENTER,1108,0,212,,,8,416,148,30,DISTRICT30,BLISTER
ITN,10/1/2024,HEALTH CENTER,,0,350,,,2757,52,184,50,DISTRICT21,PIECE
RDT,8/1/2025,HEALTH CENTER,1510,13,142,,253,133,-387,,25,DISTRICT13,PIECE
ART-INJ,7/1/2024,HEALTH CENTER,678,31,194,912,,0,226,,5,DISTRICT29,VIAL
RDT,7/1/2024,HEALTH CENTER,1470,,,2164,,199,284,,25,DISTRICT15,PIECE
ACT-INF,3/1/2024,HEALTH CENTER,87,295,47,173,,,337,5,30,DISTRICT6,BLISTER
ACT-SC,2/1/2025,HEALTH CENTER,10,0,,2,,626,-435,2,30,DISTRICT16,BLISTER
QUIN,1/1/2024,HEALTH CENTER,3542,0,231,,441,0,-125,,1000,DISTRICT10,TABLET
ACT-GC,6/1/2025,HEALTH CENTER,1967,28,,2843,,145,-109,309,30,DISTRICT18,BLISTER
ACT-INF,4/1/2024,REGIONAL HOSPITAL,233,565,307,916,1030,2082,-226,473,30,DISTRICT27,BLISTER
QUIN,2/1/2024,DISTRICT HOSPITAL,54,0,,546,,2,257,5,1000,DISTRICT3,TABLET
QUIN,2/1/2025,HEALTH CENTER,,0,771,2321,,3211,515,,1000,DISTRICT10,TABLET
QUIN,10/1/2024,HEALTH CENTER,476,0,,,1082,367,-45,,1000,DISTRICT36,TABLET
SP,1/1/2024,HEALTH CENTER,456,9,,,320,76,451,,1000,DISTRICT13,TABLET
ITN,8/1/2025,HEALTH CENTER,211,,,1009,620,3,687,,50,DISTRICT7,PIECE
ACT-SC,9/1/2025,HEALTH CENTER,875,,,,520,0,518,,30,DISTRICT9,BLISTER
ACT-AD,1/1/2024,HEALTH CENTER,3105,438,680,,,,-434,307,30,DISTRICT32,BLISTER
ACT-INF,11/1/2024,HEALTH CENTER,34,0,,20,,550,183,5,30,DISTRICT31,BLISTER
PYRA-SAC,8/1/2025,HEALTH CENTER,4823,0,372,2232,,,511,,1,DISTRICT19,SACHET
ACT-AD,10/1/2025,HEALTH CENTER,3043,,,2154,,0,-164,331,30,DISTRICT7,BLISTER
ACT-INF,6/1/2025,HEALTH CENTER,,377,372,1109,,461,-361,209,30,DISTRICT21,BLISTER
ITN,5/1/2025,REGIONAL HOSPITAL,742,69,,423,,19,-309,,50,DISTRICT31,PIECE
ACT-AD,8/1/2025,HEALTH CENTER,84,0,,4,,,-152,0,30,DISTRICT9,BLISTER
RDT,1/1/2024,HEALTH CENTER,,,48,686,691,,-910,2,25,DISTRICT21,PIECE
ACT-GC,3/1/2024,HEALTH CENTER,166,8,37,,246,0,-401,3,30,DISTRICT31,BLISTER
ACT-SC,11/1/2024,HEALTH CENTER,2960,294,,,375,1,-193,404,30,DISTRICT18,BLISTER
QUIN,5/1/2024,HEALTH CENTER,2705,,734,,,,720,539,1000,DISTRICT11,TABLET
PYRA-COMP,8/1/2025,HEALTH CENTER,,7,357,430,1310,7,411,,1,DISTRICT32,TABLET
PYRA-SAC,6/1/2025,HEALTH CENTER,,121,191,,,1029,-478,169,1,DISTRICT6,SACHET
ACT-GC,4/1/2024,HEALTH CENTER,,94,496,,,989,838,311,30,DISTRICT5,BLISTER
RDT,11/1/2025,HEALTH CENTER,,110,709,1453,,2575,289,402,25,DISTRICT24,PIECE
ART-SUP,4/1/2024,HEALTH CENTER,,1,22,52,,52,-16,71,2,DISTRICT5,CAPSULE
ACT-AD,2/1/2024,HEALTH CENTER,458,0,115,,672,183,-401,82,30,DISTRICT33,BLISTER
ACT-GC,1/1/2025,HEALTH CENTER,,,180,377,,0,-457,215,30,DISTRICT16,BLISTER
ACT-INF,10/1/2025,HEALTH CENTER,,51,135,224,,1,36,61,30,DISTRICT19,BLISTER
ACT-AD,2/1/2025,HEALTH CENTER,1623,505,1202,1726,2610,6403,235,886,30,DISTRICT2,BLISTER
ACT-GC,10/1/2025,HEALTH CENTER,650,,152,,,4382,51,107,30,DISTRICT1,BLISTER
ART-INJ,11/1/2025,HEALTH CENTER,4243,0,1028,3924,,,121,,5,DISTRICT24,VIAL
ACT-GC,8/1/2025,DISTRICT HOSPITAL,366,37,,172,,23,-412,9,30,DISTRICT32,BLISTER
ACT-GC,3/1/2025,HEALTH CENTER,162,,307,542,,134,309,76,30,DISTRICT22,BLISTER
ART-INJ,12/1/2023,HEALTH CENTER,,822,1372,4654,,68,222,1131,5,DISTRICT7,VIAL
SP,9/1/2025,REGIONAL HOSPITAL,147,0,,,1137,,-355,51,1000,DISTRICT13,TABLET
ACT-GC,4/1/2024,HEALTH CENTER,108,,1,,,,291,1,30,DISTRICT26,BLISTER
ACT-INF,4/1/2025,HEALTH CENTER,431,,,204,,115,492,894,30,DISTRICT2,BLISTER
QUIN,1/1/2024,HEALTH CENTER,,,40,398,463,1,942,18,1000,DISTRICT9,TABLET
ART-INJ,12/1/2023,HEALTH CENTER,1743,0,199,803,712,5,623,223,5,DISTRICT13,VIAL
SP,10/1/2024,HEALTH CENTER,137,35,,144,,33,34,6,1000,DISTRICT15,TABLET
ACT-INF,11/1/2024,HEALTH CENTER,56,,20,,444,8,197,23,30,DISTRICT25,BLISTER
ACT-AD,12/1/2023,DISTRICT HOSPITAL,,0,277,2245,961,466,120,,30,DISTRICT3,BLISTER
RDT,8/1/2024,HEALTH CENTER,,,951,3683,,52,346,797,25,DISTRICT13,PIECE
ART-INJ,9/1/2024,HEALTH CENTER,49,3,2,678,,2,-26,1,5,DISTRICT23,VIAL
ACT-SC,4/1/2024,HEALTH CENTER,,8,322,3236,,0,219,281,30,DISTRICT2,BLISTER
SP,3/1/2025,HEALTH CENTER,134,,70,,,89,455,47,1000,DISTRICT28,TABLET
ART-SUP,4/1/2024,HEALTH CENTER,125,,,285,,199,-30,,2,DISTRICT18,CAPSULE
RDT,12/1/2023,HEALTH CENTER,,,593,4094,,5517,393,786,25,DISTRICT1,PIECE
ACT-AD,10/1/2024,HEALTH CENTER,,,3,20,,1,269,0,30,DISTRICT10,BLISTER
QUIN,3/1/2024,HEALTH CENTER,8,0,8,,,1,-850,6,1000,DISTRICT24,TABLET
ITN,3/1/2025,HEALTH CENTER,2099,0,167,,,,-628,276,50,DISTRICT1,PIECE
QUIN,6/1/2024,HEALTH CENTER,114,,87,288,734,468,-408,212,1000,DISTRICT19,TABLET
ACT-INF,11/1/2024,DISTRICT HOSPITAL,5114,,,3560,,542,388,1080,30,DISTRICT12,BLISTER
ART-INJ,4/1/2024,HEALTH CENTER,878,0,,293,,2622,86,,5,DISTRICT19,VIAL
SP,6/1/2025,HEALTH CENTER,3786,0,,,,2109,-207,,1000,DISTRICT23,TABLET
ART-SUP,9/1/2024,HEALTH CENTER,,,,,270,0,-10,0,2,DISTRICT26,CAPSULE
PYRA-COMP,3/1/2025,HEALTH CENTER,515,2692,193,,,,683,235,1,DISTRICT20,TABLET
RDT,11/1/2025,DISTRICT HOSPITAL,,73,247,,,0,219,225,25,DISTRICT13,PIECE
ACT-GC,1/1/2024,HEALTH CENTER,641,0,14,452,136,87,30,,30,DISTRICT19,BLISTER
ACT-AD,2/1/2025,HEALTH CENTER,,57,,112,349,103,-637,63,30,DISTRICT17,BLISTER
ACT-INF,2/1/2025,HEALTH CENTER,138,5,46,,,68,-273,37,30,DISTRICT28,BLISTER
ART-INJ,2/1/2024,HEALTH CENTER,5416,0,805,2971,,269,141,780,5,DISTRICT2,VIAL
ACT-GC,7/1/2025,HEALTH CENTER,,,420,3997,,958,345,83,30,DISTRICT7,BLISTER
ACT-SC,6/1/2024,HEALTH CENTER,,1,914,4308,419,1,904,,30,DISTRICT30,BLISTER
PYRA-COMP,6/1/2024,HEALTH CENTER,2861,,,4359,,,288,440,1,DISTRICT31,TABLET
ITN,5/1/2024,HEALTH CENTER,,0,32,98,1460,107,354,201,50,DISTRICT15,PIECE
ACT-GC,9/1/2025,HEALTH CENTER,910,2,,885,,22,233,173,30,DISTRICT4,BLISTER
PYRA-COMP,4/1/2025,HEALTH CENTER,1161,0,181,,,,-351,,1,DISTRICT26,TABLET
ACT-SC,8/1/2024,HEALTH CENTER,1827,0,362,2210,,,80,,30,DISTRICT14,BLISTER
ACT-GC,7/1/2025,HEALTH CENTER,,,132,765,,0,59,292,30,DISTRICT25,BLISTER
PYRA-SAC,7/1/2025,HEALTH CENTER,,,,,,6288,-507,69,1,DISTRICT11,SACHET
ACT-SC,12/1/2024,HEALTH CENTER,1184,1038,411,514,1212,,-191,646,30,DISTRICT6,BLISTER
RDT,9/1/2025,HEALTH CENTER,3739,30,907,2407,,776,-487,1010,25,DISTRICT31,PIECE
ART-INJ,4/1/2024,HEALTH CENTER,,,61,,,,150,9,5,DISTRICT14,VIAL
ART-SUP,11/1/2024,HEALTH CENTER,1873,0,,986,,1919,-34,,2,DISTRICT30,CAPSULE
RDT,8/1/2024,HEALTH CENTER,497,31,,,,0,-273,32,25,DISTRICT16,PIECE
ACT-INF,8/1/2025,HEALTH CENTER,3813,57,667,3248,,117,-345,,30,DISTRICT30,BLISTER
ACT-INF,6/1/2025,HEALTH CENTER,387,0,15,217,,,-453,1,30,DISTRICT24,BLISTER
ACT-SC,3/1/2024,HEALTH CENTER,18,1,4,136,,580,135,1,30,DISTRICT6,BLISTER
ART-INJ,12/1/2024,HEALTH CENTER,437,0,195,185,784,4225,-615,99,5,DISTRICT28,VIAL
ITN,8/1/2024,HEALTH CENTER,224,3,194,600,,2059,75,200,50,DISTRICT15,PIECE
QUIN,9/1/2024,HEALTH CENTER,552,233,,287,,202,-521,173,1000,DISTRICT29,TABLET
ART-INJ,9/1/2024,REGIONAL HOSPITAL,,145,,2086,,0,11,173,5,DISTRICT33,VIAL
ART-INJ,6/1/2024,HEALTH CENTER,,150,941,833,,899,252,908,5,DISTRICT3,VIAL
ITN,4/1/2025,HEALTH CENTER,1866,0,398,974,,93,515,165,50,DISTRICT16,PIECE
ART-SUP,12/1/2023,DISTRICT HOSPITAL,2429,34,847,,,75,386,392,2,DISTRICT5,CAPSULE
ART-INJ,1/1/2024,REGIONAL HOSPITAL,,,1087,3175,,828,-150,941,5,DISTRICT25,VIAL
RDT,1/1/2025,HEALTH CENTER,337,,,,,896,-160,145,25,DISTRICT30,PIECE
ACT-INF,11/1/2024,HEALTH CENTER,1292,25,,2322,,0,-413,,30,DISTRICT38,BLISTER
ACT-AD,12/1/2023,HEALTH CENTER,,0,,15,113,,530,,30,DISTRICT26,BLISTER
ART-SUP,12/1/2024,HEALTH CENTER,,,297,,,2208,-136,118,2,DISTRICT20,CAPSULE
QUIN,10/1/2024,HEALTH CENTER,,63,1109,4618,,175,-227,,1000,DISTRICT15,TABLET
ITN,5/1/2025,HEALTH CENTER,1150,,,188,,,-36,35,50,DISTRICT31,PIECE
ART-INJ,7/1/2024,HEALTH CENTER,0,9,2,3,1292,0,5,0,5,DISTRICT9,VIAL
PYRA-SAC,5/1/2024,HEALTH CENTER,1686,,694,,,11,568,626,1,DISTRICT37,SACHET
RDT,8/1/2024,HEALTH CENTER,,645,196,,,0,309,40,25,DISTRICT28,PIECE
ART-INJ,3/1/2024,HEALTH CENTER,4676,247,875,3106,,418,0,,5,DISTRICT13,VIAL
ART-SUP,3/1/2025,HEALTH CENTER,597,,,861,1156,111,-271,,2,DISTRICT29,CAPSULE
RDT,4/1/2025,HEALTH CENTER,,,,1641,,592,-59,509,25,DISTRICT22,PIECE
ACT-AD,8/1/2024,HEALTH CENTER,183,33,193,631,,,407,53,30,DISTRICT22,BLISTER
ITN,11/1/2024,HEALTH CENTER,,,26,81,,0,-991,13,50,DISTRICT4,PIECE
ACT-INF,1/1/2024,HEALTH CENTER,1628,193,422,2483,,0,-281,189,30,DISTRICT25,BLISTER
PYRA-COMP,6/1/2024,HEALTH CENTER,295,206,140,521,712,4402,366,101,1,DISTRICT28,TABLET
ACT-SC,2/1/2024,DISTRICT HOSPITAL,161,0,,,,,443,0,30,DISTRICT32,BLISTER
ACT-SC,7/1/2025,DISTRICT HOSPITAL,856,52,75,167,501,0,-683,15,30,DISTRICT16,BLISTER
ART-INJ,10/1/2025,HEALTH CENTER,414,195,266,,,131,-41,385,5,DISTRICT23,VIAL
ART-SUP,8/1/2024,HEALTH CENTER,991,307,275,826,873,871,763,,2,DISTRICT35,CAPSULE
PYRA-SAC,11/1/2025,HEALTH CENTER,43,,126,606,,630,881,244,1,DISTRICT28,SACHET
PYRA-SAC,12/1/2023,HEALTH CENTER,48,65,8,,,3264,-110,16,1,DISTRICT10,SACHET
ACT-SC,7/1/2024,HEALTH CENTER,,0,242,673,,,-25,290,30,DISTRICT23,BLISTER
PYRA-SAC,3/1/2024,HEALTH CENTER,2125,,445,328,,1891,-193,338,1,DISTRICT1,SACHET
ITN,6/1/2024,HEALTH CENTER,,0,53,73,,,169,22,50,DISTRICT12,PIECE
PYRA-SAC,1/1/2025,HEALTH CENTER,1245,472,262,510,,335,789,73,1,DISTRICT16,SACHET
ACT-INF,5/1/2024,HEALTH CENTER,,,131,505,,2,65,,30,DISTRICT22,BLISTER
ACT-SC,9/1/2025,HEALTH CENTER,586,99,359,1007,,143,193,557,30,DISTRICT33,BLISTER
ITN,5/1/2025,HEALTH CENTER,1384,,213,,636,0,-289,9,50,DISTRICT32,PIECE
ACT-GC,3/1/2024,HEALTH CENTER,1091,235,302,784,,352,338,93,30,DISTRICT1,BLISTER
ITN,11/1/2025,HEALTH CENTER,1223,453,,3113,,,180,466,50,DISTRICT13,PIECE
ACT-GC,2/1/2024,HEALTH CENTER,2609,0,708,495,302,1361,912,954,30,DISTRICT6,BLISTER
ITN,9/1/2024,DISTRICT HOSPITAL,4319,1,2026,4124,,2183,55,916,50,DISTRICT18,PIECE
QUIN,8/1/2024,HEALTH CENTER,5494,,591,,,0,95,498,1000,DISTRICT10,TABLET
ART-SUP,6/1/2025,HEALTH CENTER,2421,,202,,,303,-16,133,2,DISTRICT1,CAPSULE
ITN,12/1/2024,HEALTH CENTER,,,559,1460,,0,123,400,50,DISTRICT32,PIECE
PYRA-COMP,8/1/2024,DISTRICT HOSPITAL,1199,234,,,,33,399,,1,DISTRICT16,TABLET
ART-SUP,5/1/2024,HEALTH CENTER,469,1,,,728,750,593,8,2,DISTRICT3,CAPSULE
ITN,3/1/2024,HEALTH CENTER,2990,24,,3830,1201,9,-253,,50,DISTRICT19,PIECE
PYRA-COMP,7/1/2025,HEALTH CENTER,1177,,58,,,29,166,,1,DISTRICT29,TABLET
ART-INJ,1/1/2025,DISTRICT HOSPITAL,527,32,,1063,,194,40,378,5,DISTRICT36,VIAL
ITN,3/1/2024,HEALTH CENTER,308,,246,1361,565,1318,-376,,50,DISTRICT31,PIECE
PYRA-SAC,2/1/2024,HEALTH CENTER,580,322,,679,,15,382,,1,DISTRICT36,SACHET
ART-SUP,10/1/2024,HEALTH CENTER,,1,,,337,2352,215,1047,2,DISTRICT31,CAPSULE
ART-SUP,7/1/2025,HEALTH CENTER,,18,392,1903,,0,334,,2,DISTRICT1,CAPSULE
ART-INJ,1/1/2024,HEALTH CENTER,81,1,9,102,466,0,-872,,5,DISTRICT37,VIAL
QUIN,8/1/2024,HEALTH CENTER,309,0,35,,,0,-110,2,1000,DISTRICT17,TABLET
ART-SUP,12/1/2023,HEALTH CENTER,79,0,5,4,222,24,-192,0,2,DISTRICT32,CAPSULE
PYRA-COMP,3/1/2025,HEALTH CENTER,8375,14,1972,7321,,883,-446,,1,DISTRICT10,TABLET
PYRA-COMP,2/1/2025,HEALTH CENTER,1568,0,,688,,1177,-373,77,1,DISTRICT14,TABLET
SP,1/1/2025,HEALTH CENTER,51,0,,399,,0,-87,40,1000,DISTRICT33,TABLET
RDT,10/1/2024,DISTRICT HOSPITAL,,0,9,59,,1,491,,25,DISTRICT32,PIECE
ART-SUP,9/1/2024,HEALTH CENTER,64,0,9,18,,25,-191,3,2,DISTRICT29,CAPSULE
ACT-INF,3/1/2025,HEALTH CENTER,244,618,147,522,,,253,115,30,DISTRICT23,BLISTER
ACT-GC,11/1/2024,HEALTH CENTER,,281,428,,,133,492,,30,DISTRICT29,BLISTER
RDT,2/1/2025,HEALTH CENTER,1199,0,348,,,1453,-305,,25,DISTRICT32,PIECE
RDT,3/1/2025,DISTRICT HOSPITAL,,16,,87,,973,-662,3,25,DISTRICT29,PIECE
ITN,9/1/2025,HEALTH CENTER,2936,752,133,1298,,0,636,45,50,DISTRICT8,PIECE
ACT-INF,9/1/2025,HEALTH CENTER,743,5,136,723,,0,434,49,30,DISTRICT17,BLISTER
RDT,2/1/2025,HEALTH CENTER,1025,174,,983,,3786,731,,25,DISTRICT37,PIECE
SP,7/1/2025,HEALTH CENTER,452,,,245,,3,-18,47,1000,DISTRICT36,TABLET
PYRA-SAC,1/1/2025,HEALTH CENTER,50,1263,193,,,,-125,693,1,DISTRICT20,SACHET
ACT-SC,10/1/2024,REGIONAL HOSPITAL,,133,664,,,2,296,363,30,DISTRICT10,BLISTER
ACT-INF,10/1/2024,HEALTH CENTER,8,761,56,419,,704,-145,2,30,DISTRICT1,BLISTER
ART-INJ,7/1/2024,HEALTH CENTER,,0,,393,,612,-252,43,5,DISTRICT13,VIAL
PYRA-SAC,3/1/2025,HEALTH CENTER,1961,947,,,,1487,-909,67,1,DISTRICT28,SACHET
PYRA-SAC,9/1/2024,HEALTH CENTER,,55,255,,557,0,-584,87,1,DISTRICT29,SACHET
RDT,12/1/2023,HEALTH CENTER,613,0,198,573,,899,-47,,25,DISTRICT9,PIECE
PYRA-SAC,10/1/2025,HEALTH CENTER,,127,176,477,528,,70,37,1,DISTRICT21,SACHET
ACT-GC,6/1/2024,HEALTH CENTER,1435,,,,,56,-37,,30,DISTRICT15,BLISTER
PYRA-COMP,5/1/2024,HEALTH CENTER,863,26,422,703,,,-56,253,1,DISTRICT18,TABLET
ACT-GC,2/1/2025,HEALTH CENTER,215,0,,,,,5,18,30,DISTRICT29,BLISTER
ART-INJ,3/1/2024,DISTRICT HOSPITAL,141,523,132,239,,745,-32,121,5,DISTRICT23,VIAL
ITN,7/1/2025,HEALTH CENTER,6,170,7,218,,0,-167,2,50,DISTRICT23,PIECE
ART-SUP,9/1/2024,HEALTH CENTER,,52,,1746,602,,10,,2,DISTRICT23,CAPSULE
ACT-INF,7/1/2025,HEALTH CENTER,228,,,,,0,-196,10,30,DISTRICT16,BLISTER
ART-SUP,5/1/2025,HEALTH CENTER,409,0,164,95,,742,200,60,2,DISTRICT25,CAPSULE
QUIN,7/1/2025,HEALTH CENTER,3126,129,,,243,0,-291,,1000,DISTRICT2,TABLET
SP,8/1/2025,HEALTH CENTER,4648,663,1309,4935,,92,-259,983,1000,DISTRICT1,TABLET
ACT-GC,10/1/2025,HEALTH CENTER,190,,100,117,,749,215,24,30,DISTRICT33,BLISTER
ACT-SC,1/1/2025,HEALTH CENTER,1705,5,332,281,,447,-465,599,30,DISTRICT19,BLISTER
ART-INJ,3/1/2025,HEALTH CENTER,608,0,416,,947,4,-129,140,5,DISTRICT38,VIAL
ACT-GC,9/1/2025,HEALTH CENTER,595,,,,,250,-9,,30,DISTRICT9,BLISTER
ART-INJ,9/1/2024,HEALTH CENTER,24,889,125,,819,0,16,22,5,DISTRICT13,VIAL
SP,10/1/2025,HEALTH CENTER,64,0,,,,176,190,,1000,DISTRICT38,TABLET
ACT-SC,6/1/2025,HEALTH CENTER,603,52,288,,,0,-464,,30,DISTRICT3,BLISTER
SP,7/1/2024,DISTRICT HOSPITAL,206,8,29,24,645,5,-131,5,1000,DISTRICT33,TABLET
ACT-SC,1/1/2025,HEALTH CENTER,390,148,,394,,493,-246,,30,DISTRICT21,BLISTER
PYRA-SAC,2/1/2024,NATIONAL HOSPITAL,,50,64,25,,1,316,50,1,DISTRICT36,SACHET
SP,4/1/2024,HEALTH CENTER,1929,12,352,4099,,356,-280,,1000,DISTRICT25,TABLET
ACT-SC,8/1/2024,DISTRICT HOSPITAL,1806,,,,1604,218,154,507,30,DISTRICT36,BLISTER
ART-SUP,7/1/2025,HEALTH CENTER,4,0,10,12,,0,225,3,2,DISTRICT12,CAPSULE
ITN,9/1/2025,DISTRICT HOSPITAL,83,,95,,,0,125,42,50,DISTRICT22,PIECE
ACT-GC,5/1/2024,HEALTH CENTER,,108,,191,,275,-319,114,30,DISTRICT11,BLISTER
ITN,9/1/2024,HEALTH CENTER,13,0,107,,,1755,112,55,50,DISTRICT37,PIECE
SP,6/1/2024,HEALTH CENTER,31,4,91,50,1367,821,-1057,,1000,DISTRICT10,TABLET
PYRA-SAC,1/1/2024,HEALTH CENTER,,3,127,,,2,-43,76,1,DISTRICT29,SACHET
ART-SUP,3/1/2024,HEALTH CENTER,,43,15,,368,0,-318,,2,DISTRICT14,CAPSULE
PYRA-SAC,12/1/2023,HEALTH CENTER,,2270,247,,,306,-30,401,1,DISTRICT13,SACHET
ART-INJ,4/1/2024,HEALTH CENTER,1082,,,69,237,0,321,,5,DISTRICT12,VIAL
ITN,2/1/2025,HEALTH CENTER,,0,54,1380,405,0,325,,50,DISTRICT13,PIECE
ACT-INF,10/1/2024,HEALTH CENTER,,,342,,,33,-606,272,30,DISTRICT21,BLISTER
ART-INJ,1/1/2025,HEALTH CENTER,,,152,450,,507,-93,,5,DISTRICT23,VIAL
ACT-GC,7/1/2024,DISTRICT HOSPITAL,159,1,156,807,,1250,334,93,30,DISTRICT32,BLISTER
ACT-GC,10/1/2024,HEALTH CENTER,,0,277,1078,,,281,584,30,DISTRICT16,BLISTER
PYRA-COMP,3/1/2024,HEALTH CENTER,1056,25,,1718,2609,262,-405,154,1,DISTRICT17,TABLET
ITN,6/1/2024,HEALTH CENTER,,767,215,92,,9825,361,166,50,DISTRICT28,PIECE
PYRA-COMP,12/1/2024,HEALTH CENTER,3694,,448,,,0,-73,523,1,DISTRICT16,TABLET
ACT-GC,1/1/2024,HEALTH CENTER,809,153,183,1361,,0,-492,,30,DISTRICT23,BLISTER
RDT,4/1/2024,HEALTH CENTER,3377,402,1195,2485,,,-162,852,25,DISTRICT29,PIECE
ACT-INF,8/1/2024,HEALTH CENTER,3173,46,600,3621,810,444,177,134,30,DISTRICT4,BLISTER
ART-INJ,11/1/2025,HEALTH CENTER,900,,,,,654,136,229,5,DISTRICT31,VIAL
ITN,4/1/2025,DISTRICT HOSPITAL,1713,9,,549,3413,1139,-1,,50,DISTRICT20,PIECE
ACT-SC,12/1/2024,HEALTH CENTER,118,0,77,345,,65,-160,6,30,DISTRICT19,BLISTER
ACT-INF,12/1/2024,HEALTH CENTER,,,285,,1783,2,-520,55,30,DISTRICT3,BLISTER
ITN,6/1/2025,HEALTH CENTER,1858,0,,1301,906,0,-27,160,50,DISTRICT2,PIECE
QUIN,10/1/2024,HEALTH CENTER,79,0,129,248,927,197,200,,1000,DISTRICT31,TABLET
ACT-INF,5/1/2025,HEALTH CENTER,639,22,,63,,,-52,,30,DISTRICT3,BLISTER
ACT-SC,3/1/2025,HEALTH CENTER,113,,311,,925,8644,591,244,30,DISTRICT33,BLISTER
ART-INJ,9/1/2025,HEALTH CENTER,,0,,831,1023,2734,-143,1172,5,DISTRICT24,VIAL
QUIN,6/1/2024,HEALTH CENTER,1163,622,271,1892,743,3,56,382,1000,DISTRICT1,TABLET
ACT-SC,4/1/2024,HEALTH CENTER,29,,5,,,10,1136,3,30,DISTRICT25,BLISTER
ITN,10/1/2024,HEALTH CENTER,2193,8,595,,,1184,-370,242,50,DISTRICT9,PIECE
ACT-SC,3/1/2024,HEALTH CENTER,2227,1571,335,2735,,6,79,405,30,DISTRICT20,BLISTER
SP,9/1/2024,HEALTH CENTER,1443,821,440,2512,1536,,547,192,1000,DISTRICT24,TABLET
RDT,8/1/2025,HEALTH CENTER,,18,859,2948,,470,-352,,25,DISTRICT35,PIECE
ACT-INF,8/1/2025,HEALTH CENTER,,,,2092,,,290,4,30,DISTRICT13,BLISTER
ART-INJ,5/1/2025,HEALTH CENTER,,,334,443,,5762,-329,,5,DISTRICT21,VIAL
ACT-INF,3/1/2025,DISTRICT HOSPITAL,1,,4,2,283,0,-612,0,30,DISTRICT13,BLISTER
ACT-AD,12/1/2023,HEALTH CENTER,966,,515,1399,,1233,140,477,30,DISTRICT10,BLISTER
RDT,1/1/2024,HEALTH CENTER,220,735,42,,,6,350,24,25,DISTRICT29,PIECE
ACT-INF,2/1/2025,DISTRICT HOSPITAL,43,175,,,370,16,-6,3,30,DISTRICT13,BLISTER
ART-INJ,6/1/2024,HEALTH CENTER,,231,,,,,9,200,5,DISTRICT14,VIAL
ACT-INF,5/1/2025,HEALTH CENTER,488,3,296,934,,25,-566,65,30,DISTRICT7,BLISTER
ART-INJ,2/1/2024,HEALTH CENTER,,,,1908,,,156,,5,DISTRICT28,VIAL
PYRA-SAC,1/1/2025,HEALTH CENTER,499,14,55,,623,260,1,77,1,DISTRICT13,SACHET
ACT-INF,6/1/2025,HEALTH CENTER,1548,10,239,,,,16,392,30,DISTRICT28,BLISTER
RDT,8/1/2024,HEALTH CENTER,295,,124,33,,651,-303,36,25,DISTRICT23,PIECE
RDT,10/1/2024,HEALTH CENTER,1711,141,477,,,990,-110,389,25,DISTRICT33,PIECE
ART-SUP,9/1/2024,HEALTH CENTER,,238,180,1331,591,0,-55,151,2,DISTRICT38,CAPSULE
PYRA-SAC,3/1/2025,HEALTH CENTER,11029,1426,,,,1683,150,2350,1,DISTRICT14,SACHET
ACT-INF,1/1/2024,HEALTH CENTER,33,1,44,,,,175,16,30,DISTRICT13,BLISTER
ART-INJ,10/1/2025,HEALTH CENTER,,,1500,4813,,2531,-428,1573,5,DISTRICT30,VIAL
ACT-AD,6/1/2024,HEALTH CENTER,2453,,224,,,,813,,30,DISTRICT37,BLISTER
PYRA-COMP,2/1/2025,HEALTH CENTER,,,63,27,,52,500,36,1,DISTRICT9,TABLET
PYRA-COMP,6/1/2025,HEALTH CENTER,,,387,403,128,50,21,219,1,DISTRICT15,TABLET
ACT-GC,4/1/2025,HEALTH CENTER,370,274,,,413,0,708,73,30,DISTRICT28,BLISTER
SP,6/1/2024,HEALTH CENTER,,0,308,,,4713,217,353,1000,DISTRICT33,TABLET
PYRA-COMP,12/1/2024,HEALTH CENTER,22,1142,,,,,443,9,1,DISTRICT15,TABLET
ACT-SC,6/1/2025,HEALTH CENTER,,3,102,204,345,297,-398,70,30,DISTRICT28,BLISTER
QUIN,12/1/2023,HEALTH CENTER,1999,0,,,,,-342,,1000,DISTRICT10,TABLET
ACT-AD,4/1/2025,HEALTH CENTER,,,,1493,,,285,149,30,DISTRICT37,BLISTER
ACT-SC,4/1/2024,HEALTH CENTER,161,425,274,,,79,-876,,30,DISTRICT10,BLISTER
ART-INJ,6/1/2025,HEALTH CENTER,451,,130,1042,631,53,13,186,5,DISTRICT3,VIAL
ART-INJ,10/1/2025,HEALTH CENTER,354,177,441,859,,3462,472,750,5,DISTRICT8,VIAL
ACT-GC,1/1/2025,HEALTH CENTER,154,,42,,,0,-158,2,30,DISTRICT13,BLISTER
ACT-SC,10/1/2025,HEALTH CENTER,,52,,12,,0,770,2,30,DISTRICT33,BLISTER
ACT-INF,12/1/2024,HEALTH CENTER,731,,80,1282,,,422,131,30,DISTRICT12,BLISTER
ART-SUP,6/1/2024,HEALTH CENTER,44,0,209,216,,1679,174,712,2,DISTRICT31,CAPSULE
PYRA-SAC,3/1/2024,DISTRICT HOSPITAL,946,71,535,,845,,-458,,1,DISTRICT30,SACHET
ACT-INF,5/1/2024,HEALTH CENTER,,,84,1542,,16,-212,,30,DISTRICT8,BLISTER
ACT-SC,12/1/2024,HEALTH CENTER,,0,167,,1937,,-107,14,30,DISTRICT3,BLISTER
ACT-AD,5/1/2025,HEALTH CENTER,665,7,218,1091,,10,439,78,30,DISTRICT1,BLISTER
QUIN,6/1/2024,HEALTH CENTER,,0,155,,,,-119,420,1000,DISTRICT8,TABLET
ACT-GC,10/1/2025,HEALTH CENTER,991,0,149,496,,0,-241,73,30,DISTRICT29,BLISTER
ACT-SC,12/1/2023,DISTRICT HOSPITAL,,,570,1022,,41,-316,190,30,DISTRICT15,BLISTER
QUIN,3/1/2025,HEALTH CENTER,,140,557,1722,,,36,,1000,DISTRICT20,TABLET
QUIN,12/1/2024,HEALTH CENTER,73,0,14,10,498,664,-269,,1000,DISTRICT36,TABLET
RDT,2/1/2025,HEALTH CENTER,365,,,333,,146,887,53,25,DISTRICT6,PIECE
RDT,5/1/2024,HEALTH CENTER,172,557,,433,650,466,-5,,25,DISTRICT13,PIECE
QUIN,5/1/2024,HEALTH CENTER,9,,24,205,,0,-269,,1000,DISTRICT18,TABLET
QUIN,11/1/2024,REGIONAL HOSPITAL,29,21,114,367,119,0,45,,1000,DISTRICT15,TABLET
PYRA-COMP,3/1/2024,HEALTH CENTER,629,,,1352,,,682,,1,DISTRICT13,TABLET
PYRA-COMP,8/1/2025,HEALTH CENTER,658,0,140,205,,16,-610,25,1,DISTRICT28,TABLET
QUIN,4/1/2024,DISTRICT HOSPITAL,1277,,,1300,,0,-546,239,1000,DISTRICT28,TABLET
RDT,2/1/2024,HEALTH CENTER,,0,234,1170,,2,-552,,25,DISTRICT16,PIECE
ART-INJ,10/1/2024,HEALTH CENTER,,0,49,10,,17,-70,10,5,DISTRICT37,VIAL
ACT-INF,9/1/2024,HEALTH CENTER,,90,,159,,6156,-478,,30,DISTRICT32,BLISTER
ACT-INF,11/1/2025,HEALTH CENTER,706,9,508,2228,575,2086,661,367,30,DISTRICT36,BLISTER
RDT,7/1/2025,HEALTH CENTER,,414,241,2038,,0,-367,,25,DISTRICT30,PIECE
ART-INJ,11/1/2025,HEALTH CENTER,575,,,,,1912,1,231,5,DISTRICT10,VIAL
PYRA-COMP,9/1/2024,HEALTH CENTER,410,973,228,,,2274,-384,,1,DISTRICT5,TABLET
QUIN,1/1/2024,HEALTH CENTER,,0,67,,,161,303,,1000,DISTRICT38,TABLET
RDT,12/1/2024,HEALTH CENTER,904,1029,275,1484,,61,435,,25,DISTRICT33,PIECE
ACT-INF,9/1/2025,HEALTH CENTER,3569,,1191,3581,,2022,573,1056,30,DISTRICT25,BLISTER
ACT-GC,3/1/2025,HEALTH CENTER,,,,274,,,-347,25,30,DISTRICT21,BLISTER
QUIN,1/1/2024,HEALTH CENTER,1384,,,1589,,1,383,21,1000,DISTRICT23,TABLET
ART-SUP,12/1/2024,HEALTH CENTER,,5,290,4824,732,0,33,,2,DISTRICT30,CAPSULE
ART-SUP,9/1/2024,HEALTH CENTER,4,66,16,,,511,637,27,2,DISTRICT10,CAPSULE
ART-INJ,9/1/2024,HEALTH CENTER,434,,84,114,467,,242,121,5,DISTRICT1,VIAL
PYRA-SAC,3/1/2024,HEALTH CENTER,,0,61,10,,,-432,12,1,DISTRICT23,SACHET
RDT,5/1/2025,HEALTH CENTER,196,,,,,1,-526,14,25,DISTRICT35,PIECE
RDT,1/1/2024,HEALTH CENTER,867,98,236,3592,867,2152,906,273,25,DISTRICT22,PIECE
ACT-INF,9/1/2024,HEALTH CENTER,207,283,172,681,,,337,274,30,DISTRICT1,BLISTER
ACT-SC,3/1/2024,DISTRICT HOSPITAL,709,,,,,0,-805,149,30,DISTRICT15,BLISTER
QUIN,6/1/2025,HEALTH CENTER,,,60,119,,3,147,86,1000,DISTRICT16,TABLET
ACT-AD,10/1/2025,HEALTH CENTER,,603,107,,,0,-251,,30,DISTRICT29,BLISTER
ACT-GC,10/1/2024,HEALTH CENTER,324,0,,211,,209,300,301,30,DISTRICT4,BLISTER
PYRA-COMP,11/1/2025,HEALTH CENTER,627,201,90,640,,951,-168,112,1,DISTRICT29,TABLET
ACT-AD,5/1/2025,HEALTH CENTER,13,527,5,,,0,-1006,0,30,DISTRICT31,BLISTER
QUIN,5/1/2025,HEALTH CENTER,4948,69,1758,2663,,65,226,2105,1000,DISTRICT8,TABLET
ACT-GC,3/1/2025,HEALTH CENTER,89,22,,135,,0,388,14,30,DISTRICT15,BLISTER
ACT-GC,11/1/2025,HEALTH CENTER,1499,,,2359,305,1,-454,382,30,DISTRICT4,BLISTER
ACT-SC,7/1/2025,HEALTH CENTER,,0,94,730,796,911,209,,30,DISTRICT10,BLISTER
ACT-GC,1/1/2024,HEALTH CENTER,522,,,1076,,209,689,,30,DISTRICT9,BLISTER
ACT-AD,11/1/2024,DISTRICT HOSPITAL,340,122,284,84,,13294,-215,382,30,DISTRICT12,BLISTER
RDT,10/1/2025,HEALTH CENTER,155,0,25,,716,2,-489,47,25,DISTRICT21,PIECE
ACT-AD,10/1/2024,HEALTH CENTER,917,0,62,624,,,513,8,30,DISTRICT3,BLISTER
QUIN,10/1/2025,HEALTH CENTER,14,1,23,11,146,,5,13,1000,DISTRICT38,TABLET
ITN,11/1/2024,HEALTH CENTER,6023,55,,5189,,,570,,50,DISTRICT16,PIECE
PYRA-COMP,6/1/2024,DISTRICT HOSPITAL,1899,3,165,2258,601,,374,68,1,DISTRICT28,TABLET
ART-INJ,5/1/2024,HEALTH CENTER,,0,15,30,,,252,1,5,DISTRICT31,VIAL
PYRA-COMP,7/1/2025,HEALTH CENTER,341,,714,573,989,1444,-223,1330,1,DISTRICT23,TABLET
ITN,2/1/2024,HEALTH CENTER,1489,14,344,1050,,,338,372,50,DISTRICT9,PIECE
ACT-AD,5/1/2024,HEALTH CENTER,2897,26,255,1195,,0,-235,,30,DISTRICT10,BLISTER
ACT-SC,4/1/2024,HEALTH CENTER,314,8,,758,,0,312,,30,DISTRICT16,BLISTER
SP,9/1/2024,HEALTH CENTER,525,,30,772,,,280,7,1000,DISTRICT16,TABLET
ART-SUP,6/1/2024,HEALTH CENTER,868,,,262,561,263,-303,3,2,DISTRICT29,CAPSULE
ACT-INF,4/1/2024,HEALTH CENTER,91,,32,413,,,329,,30,DISTRICT10,BLISTER
ART-SUP,8/1/2025,DISTRICT HOSPITAL,,321,78,532,565,,-318,38,2,DISTRICT20,CAPSULE
ACT-INF,6/1/2024,HEALTH CENTER,,776,854,,,,-15,,30,DISTRICT25,BLISTER
ART-INJ,3/1/2024,HEALTH CENTER,,159,854,849,1004,,-60,,5,DISTRICT32,VIAL
ART-INJ,9/1/2025,HEALTH CENTER,5266,0,173,1745,,1,81,103,5,DISTRICT6,VIAL
SP,7/1/2024,HEALTH CENTER,7,5,30,192,,0,-74,1,1000,DISTRICT5,TABLET
PYRA-SAC,9/1/2024,HEALTH CENTER,508,0,105,895,,38,-41,25,1,DISTRICT35,SACHET
ACT-AD,5/1/2025,HEALTH CENTER,1175,,482,,,15,346,,30,DISTRICT3,BLISTER
RDT,11/1/2024,HEALTH CENTER,,,,7,,0,121,1,25,DISTRICT28,PIECE
ART-INJ,7/1/2025,HEALTH CENTER,834,0,10,679,408,,157,29,5,DISTRICT33,VIAL
QUIN,9/1/2025,HEALTH CENTER,,59,,,,0,398,,1000,DISTRICT31,TABLET
PYRA-COMP,5/1/2024,DISTRICT HOSPITAL,106,2,,664,380,1115,824,,1,DISTRICT17,TABLET
ART-INJ,5/1/2025,HEALTH CENTER,536,289,573,1715,,35,-1089,285,5,DISTRICT5,VIAL
ART-SUP,6/1/2024,HEALTH CENTER,737,711,137,389,,,-61,200,2,DISTRICT16,CAPSULE
SP,2/1/2024,HEALTH CENTER,,,41,27,,274,-52,,1000,DISTRICT10,TABLET
ACT-SC,4/1/2024,HEALTH CENTER,365,520,517,555,813,2024,-663,345,30,DISTRICT32,BLISTER
PYRA-SAC,3/1/2024,HEALTH CENTER,943,,202,1151,126,14,-200,370,1,DISTRICT23,SACHET
ACT-INF,4/1/2024,HEALTH CENTER,389,12,,440,,,-541,279,30,DISTRICT20,BLISTER
RDT,5/1/2025,HEALTH CENTER,,,52,,,0,-208,6,25,DISTRICT7,PIECE
ACT-GC,6/1/2025,HEALTH CENTER,719,596,129,2183,,0,-581,,30,DISTRICT23,BLISTER
SP,11/1/2024,HEALTH CENTER,,91,804,1804,,,-747,730,1000,DISTRICT10,TABLET
PYRA-COMP,5/1/2024,HEALTH CENTER,660,227,320,815,1606,230,-82,278,1,DISTRICT17,TABLET
SP,7/1/2025,HEALTH CENTER,,,47,107,,2,234,65,1000,DISTRICT31,TABLET
SP,10/1/2024,HEALTH CENTER,139,,,73,,1,93,4,1000,DISTRICT15,TABLET
ITN,12/1/2024,HEALTH CENTER,1644,7,96,249,,143,122,146,50,DISTRICT26,PIECE
ART-INJ,2/1/2025,HEALTH CENTER,6242,588,1440,4487,,1155,634,1852,5,DISTRICT10,VIAL
PYRA-SAC,8/1/2024,HEALTH CENTER,,0,17,268,,0,-541,2,1,DISTRICT1,SACHET
ACT-INF,9/1/2024,HEALTH CENTER,210,0,98,103,,414,950,58,30,DISTRICT20,BLISTER
ACT-SC,9/1/2025,HEALTH CENTER,705,0,14,1490,149,,135,1,30,DISTRICT17,BLISTER
PYRA-SAC,4/1/2025,HEALTH CENTER,892,1799,,2539,1564,2085,-87,,1,DISTRICT3,SACHET
ACT-GC,7/1/2024,HEALTH CENTER,2829,263,,,,,-54,1395,30,DISTRICT30,BLISTER
ACT-GC,11/1/2024,HEALTH CENTER,2742,,225,1518,1281,,59,,30,DISTRICT1,BLISTER
ACT-GC,4/1/2025,HEALTH CENTER,2184,1523,1371,,,255,-41,1061,30,DISTRICT7,BLISTER
ACT-GC,4/1/2025,HEALTH CENTER,2057,,138,956,,96,-12,32,30,DISTRICT1,BLISTER
ACT-SC,7/1/2025,HEALTH CENTER,0,23,0,,,,-348,0,30,DISTRICT11,BLISTER
PYRA-SAC,10/1/2025,HEALTH CENTER,1,871,,62,910,25,-220,1,1,DISTRICT29,SACHET
ACT-SC,6/1/2024,DISTRICT HOSPITAL,758,13,378,929,,,-509,,30,DISTRICT30,BLISTER
ACT-GC,6/1/2024,HEALTH CENTER,,,348,,,,605,281,30,DISTRICT17,BLISTER
ART-SUP,12/1/2023,HEALTH CENTER,155,80,,133,751,0,-12,14,2,DISTRICT9,CAPSULE
ACT-INF,3/1/2024,DISTRICT HOSPITAL,358,13,67,776,,0,194,108,30,DISTRICT35,BLISTER
ART-INJ,4/1/2025,HEALTH CENTER,190,,,,1285,137,323,122,5,DISTRICT3,VIAL
PYRA-SAC,8/1/2025,HEALTH CENTER,,100,2193,1944,874,,-274,1673,1,DISTRICT29,SACHET
PYRA-SAC,9/1/2025,HEALTH CENTER,3705,555,612,,,0,-375,545,1,DISTRICT32,SACHET
PYRA-SAC,5/1/2025,HEALTH CENTER,1241,210,,520,,96,-820,,1,DISTRICT1,SACHET
ACT-SC,11/1/2024,HEALTH CENTER,1152,,,832,,16,268,25,30,DISTRICT15,BLISTER
PYRA-COMP,3/1/2025,HEALTH CENTER,,,382,395,,210,117,,1,DISTRICT31,TABLET
ART-INJ,8/1/2024,HEALTH CENTER,6,6,5,4,,777,-225,,5,DISTRICT32,VIAL
ART-SUP,3/1/2024,HEALTH CENTER,4777,0,422,1771,,15,-1077,164,2,DISTRICT15,CAPSULE
ART-SUP,10/1/2024,HEALTH CENTER,2767,546,621,4056,,,24,305,2,DISTRICT23,CAPSULE
ACT-INF,2/1/2025,DISTRICT HOSPITAL,181,0,,47,,110,-301,7,30,DISTRICT21,BLISTER
RDT,3/1/2025,HEALTH CENTER,,99,,1065,1171,,-443,687,25,DISTRICT28,PIECE
ACT-INF,7/1/2024,HEALTH CENTER,2588,,,,,5388,23,,30,DISTRICT20,BLISTER
ACT-AD,7/1/2024,HEALTH CENTER,1938,821,423,1226,,14,228,331,30,DISTRICT18,BLISTER
QUIN,11/1/2025,HEALTH CENTER,6,,3,29,,9,84,4,1000,DISTRICT6,TABLET
RDT,11/1/2025,HEALTH CENTER,,,40,297,,1,543,29,25,DISTRICT3,PIECE
ACT-SC,11/1/2024,HEALTH CENTER,,,170,292,,4323,-15,,30,DISTRICT5,BLISTER
PYRA-SAC,1/1/2025,HEALTH CENTER,,18,9,464,746,68,95,0,1,DISTRICT36,SACHET
ACT-INF,5/1/2024,HEALTH CENTER,3,0,1,1,84,,360,1,30,DISTRICT13,BLISTER
ACT-AD,12/1/2023,HEALTH CENTER,127,7,38,33,502,0,-427,3,30,DISTRICT31,BLISTER
ART-INJ,11/1/2025,DISTRICT HOSPITAL,4028,1160,1632,,,1262,75,1332,5,DISTRICT24,VIAL
PYRA-COMP,11/1/2025,HEALTH CENTER,,0,274,,733,,130,206,1,DISTRICT1,TABLET
SP,5/1/2024,HEALTH CENTER,,0,58,157,,97,-390,105,1000,DISTRICT31,TABLET
SP,4/1/2025,DISTRICT HOSPITAL,,,639,,286,0,231,440,1000,DISTRICT29,TABLET
ACT-AD,5/1/2024,HEALTH CENTER,3957,63,866,4544,,154,489,544,30,DISTRICT13,BLISTER
QUIN,8/1/2024,HEALTH CENTER,199,,91,1693,,13,-274,52,1000,DISTRICT22,TABLET
ART-SUP,12/1/2024,HEALTH CENTER,128,0,102,162,334,715,163,,2,DISTRICT33,CAPSULE
QUIN,8/1/2024,HEALTH CENTER,481,82,101,470,,153,-1029,41,1000,DISTRICT25,TABLET
ACT-INF,8/1/2025,HEALTH CENTER,1445,0,255,1906,,0,-94,215,30,DISTRICT20,BLISTER
ACT-GC,3/1/2024,HEALTH CENTER,4160,24,,1359,511,16,-47,159,30,DISTRICT8,BLISTER
ART-SUP,9/1/2024,HEALTH CENTER,256,657,439,,,1146,-507,488,2,DISTRICT6,CAPSULE
PYRA-SAC,1/1/2025,HEALTH CENTER,2656,,207,1021,2013,0,383,15,1,DISTRICT33,SACHET
ACT-INF,4/1/2024,DISTRICT HOSPITAL,119,45,,186,,0,-369,,30,DISTRICT29,BLISTER
PYRA-COMP,8/1/2025,HEALTH CENTER,514,0,,1231,,0,933,38,1,DISTRICT9,TABLET
RDT,5/1/2024,HEALTH CENTER,627,13,56,625,,0,221,25,25,DISTRICT33,PIECE
PYRA-COMP,8/1/2025,HEALTH CENTER,904,,204,461,,0,-632,,1,DISTRICT31,TABLET
PYRA-COMP,5/1/2024,HEALTH CENTER,1117,,336,,,596,-420,,1,DISTRICT29,TABLET
ART-SUP,2/1/2025,HEALTH CENTER,,236,70,875,,388,-756,74,2,DISTRICT3,CAPSULE
ACT-INF,11/1/2024,HEALTH CENTER,908,2,29,633,,11,-795,10,30,DISTRICT32,BLISTER
ART-INJ,4/1/2024,HEALTH CENTER,297,278,239,1029,,967,261,255,5,DISTRICT19,VIAL
ITN,7/1/2025,HEALTH CENTER,1245,,694,,1038,1598,28,320,50,DISTRICT33,PIECE
SP,7/1/2024,HEALTH CENTER,1457,89,,,1171,39,-248,362,1000,DISTRICT25,TABLET
ART-INJ,12/1/2024,HEALTH CENTER,573,,144,758,,,282,65,5,DISTRICT32,VIAL
ACT-GC,2/1/2025,HEALTH CENTER,417,24,237,341,983,3,405,257,30,DISTRICT8,BLISTER
ACT-INF,11/1/2025,HEALTH CENTER,1833,10,1007,,,18167,745,522,30,DISTRICT31,BLISTER
PYRA-SAC,12/1/2023,HEALTH CENTER,93,673,134,,341,,-174,,1,DISTRICT17,SACHET
PYRA-SAC,2/1/2024,HEALTH CENTER,3,19,32,29,,114,-223,18,1,DISTRICT14,SACHET
ACT-INF,1/1/2024,DISTRICT HOSPITAL,,5,653,,,419,-335,856,30,DISTRICT16,BLISTER
QUIN,4/1/2025,HEALTH CENTER,85,0,117,279,,0,50,24,1000,DISTRICT35,TABLET
PYRA-COMP,9/1/2025,HEALTH CENTER,1591,195,705,1265,1003,56,140,576,1,DISTRICT29,TABLET
ART-SUP,10/1/2024,HEALTH CENTER,,0,13,401,,,333,1,2,DISTRICT35,CAPSULE
ACT-GC,10/1/2025,HEALTH CENTER,,,,,,0,-539,13,30,DISTRICT30,BLISTER
ART-SUP,7/1/2025,HEALTH CENTER,1137,7,190,1003,,7,229,,2,DISTRICT12,CAPSULE
ART-INJ,4/1/2024,HEALTH CENTER,625,,,,540,6,130,75,5,DISTRICT18,VIAL
QUIN,6/1/2024,HEALTH CENTER,1201,13,221,1763,,79,-359,263,1000,DISTRICT22,TABLET
ACT-GC,10/1/2024,HEALTH CENTER,11,0,,2,,0,36,0,30,DISTRICT20,BLISTER
SP,11/1/2025,HEALTH CENTER,93,,175,439,735,,363,60,1000,DISTRICT1,TABLET
SP,1/1/2024,HEALTH CENTER,2470,,,,1222,21,-434,162,1000,DISTRICT1,TABLET
ACT-INF,10/1/2024,HEALTH CENTER,837,,473,,,1265,360,463,30,DISTRICT15,BLISTER
ACT-AD,3/1/2024,HEALTH CENTER,,1,,153,,0,262,135,30,DISTRICT31,BLISTER
ITN,4/1/2025,HEALTH CENTER,3729,,,3489,,5,-250,,50,DISTRICT26,PIECE
ACT-SC,5/1/2024,HEALTH CENTER,122,0,233,220,,728,-102,307,30,DISTRICT1,BLISTER
QUIN,12/1/2024,HEALTH CENTER,1478,0,306,1337,,19,-240,77,1000,DISTRICT16,TABLET
SP,11/1/2025,DISTRICT HOSPITAL,,0,,796,,350,-398,226,1000,DISTRICT9,TABLET
ART-SUP,8/1/2024,HEALTH CENTER,946,87,439,1311,,9039,-715,487,2,DISTRICT18,CAPSULE
ACT-GC,12/1/2023,HEALTH CENTER,1481,0,208,600,,0,582,13,30,DISTRICT29,BLISTER
ACT-GC,11/1/2025,HEALTH CENTER,,0,,727,,,-87,10,30,DISTRICT29,BLISTER
SP,11/1/2024,HEALTH CENTER,571,178,319,,,8125,421,457,1000,DISTRICT33,TABLET
SP,1/1/2024,HEALTH CENTER,180,124,135,,738,,-80,53,1000,DISTRICT22,TABLET
ART-INJ,4/1/2025,HEALTH CENTER,123,,,,399,1,44,,5,DISTRICT13,VIAL
QUIN,1/1/2024,HEALTH CENTER,,0,20,168,,0,378,10,1000,DISTRICT25,TABLET
PYRA-COMP,5/1/2024,HEALTH CENTER,,740,596,,,1,-41,314,1,DISTRICT29,TABLET
PYRA-SAC,8/1/2024,HEALTH CENTER,,756,,258,602,3303,-260,720,1,DISTRICT16,SACHET
ART-INJ,4/1/2024,HEALTH CENTER,,0,,224,173,6,239,27,5,DISTRICT28,VIAL
ACT-INF,9/1/2025,HEALTH CENTER,20,80,10,138,,552,-349,,30,DISTRICT12,BLISTER
PYRA-COMP,6/1/2024,HEALTH CENTER,553,68,167,184,2428,7426,84,296,1,DISTRICT35,TABLET
ACT-INF,2/1/2025,HEALTH CENTER,1719,,351,1188,,,217,,30,DISTRICT19,BLISTER
QUIN,10/1/2025,HEALTH CENTER,1,326,19,55,346,343,-299,15,1000,DISTRICT21,TABLET
ACT-AD,8/1/2025,HEALTH CENTER,53,125,51,,,,-6,33,30,DISTRICT30,BLISTER
ACT-INF,11/1/2025,HEALTH CENTER,638,,54,423,,,-257,4,30,DISTRICT32,BLISTER
QUIN,11/1/2024,HEALTH CENTER,760,,320,2432,901,48,-359,254,1000,DISTRICT5,TABLET
ACT-INF,8/1/2025,HEALTH CENTER,2765,1011,,1799,736,1023,-429,355,30,DISTRICT5,BLISTER
ACT-SC,11/1/2025,HEALTH CENTER,3425,502,1398,5671,,0,173,1700,30,DISTRICT24,BLISTER
ACT-GC,8/1/2025,HEALTH CENTER,1064,16,250,997,,,-506,87,30,DISTRICT31,BLISTER
SP,8/1/2024,HEALTH CENTER,3760,,367,1084,,2901,-26,409,1000,DISTRICT15,TABLET
PYRA-SAC,2/1/2025,HEALTH CENTER,983,138,317,361,867,732,125,,1,DISTRICT33,SACHET
ACT-SC,1/1/2025,HEALTH CENTER,462,547,,,,1351,369,245,30,DISTRICT29,BLISTER
ITN,10/1/2025,HEALTH CENTER,,0,32,89,225,0,56,24,50,DISTRICT6,PIECE
SP,12/1/2024,HEALTH CENTER,1025,0,222,382,261,,19,285,1000,DISTRICT16,TABLET
ITN,7/1/2025,HEALTH CENTER,,,32,,,20,-192,,50,DISTRICT32,PIECE
ACT-SC,6/1/2025,HEALTH CENTER,3479,147,702,2118,,,217,376,30,DISTRICT5,BLISTER
ACT-AD,4/1/2025,HEALTH CENTER,,177,,4,,497,-455,13,30,DISTRICT3,BLISTER
ACT-INF,10/1/2024,HEALTH CENTER,564,,215,,,0,-695,125,30,DISTRICT19,BLISTER
ACT-SC,9/1/2025,HEALTH CENTER,,451,49,230,,2394,-13,80,30,DISTRICT1,BLISTER
ACT-INF,8/1/2024,HEALTH CENTER,41,0,10,,77,,208,0,30,DISTRICT36,BLISTER
ACT-GC,3/1/2025,HEALTH CENTER,,0,1,,,0,-159,,30,DISTRICT13,BLISTER
QUIN,9/1/2024,HEALTH CENTER,121,,73,,1076,829,-725,16,1000,DISTRICT7,TABLET
ITN,10/1/2024,HEALTH CENTER,780,171,,,427,3,-432,75,50,DISTRICT35,PIECE
ACT-AD,1/1/2025,HEALTH CENTER,1648,89,,1359,,179,-1059,259,30,DISTRICT8,BLISTER
ACT-SC,2/1/2025,HEALTH CENTER,,166,121,1195,230,0,653,93,30,DISTRICT29,BLISTER
PYRA-SAC,11/1/2025,HEALTH CENTER,,81,,,565,3715,-356,525,1,DISTRICT18,SACHET
RDT,12/1/2024,HEALTH CENTER,451,,135,,,89,-208,105,25,DISTRICT6,PIECE
PYRA-COMP,6/1/2025,HEALTH CENTER,111,11,,,452,0,553,20,1,DISTRICT29,TABLET
ART-SUP,9/1/2024,HEALTH CENTER,2338,3,160,606,,21,-52,,2,DISTRICT19,CAPSULE
RDT,10/1/2025,HEALTH CENTER,,,334,,,,979,,25,DISTRICT15,PIECE
ACT-INF,2/1/2024,HEALTH CENTER,3645,,309,1138,,,269,180,30,DISTRICT16,BLISTER
RDT,12/1/2023,DISTRICT HOSPITAL,6745,,580,,,0,-330,,25,DISTRICT16,PIECE
ART-INJ,9/1/2025,HEALTH CENTER,534,,27,253,554,203,-23,32,5,DISTRICT7,VIAL
ITN,8/1/2025,HEALTH CENTER,,66,727,7560,,0,-397,416,50,DISTRICT23,PIECE
PYRA-SAC,4/1/2024,HEALTH CENTER,,33,177,1108,,82,73,183,1,DISTRICT1,SACHET
RDT,5/1/2024,DISTRICT HOSPITAL,277,11,230,,2016,50,-590,,25,DISTRICT9,PIECE
ART-INJ,9/1/2024,HEALTH CENTER,,,39,,,,-150,12,5,DISTRICT10,VIAL
QUIN,8/1/2025,HEALTH CENTER,,2,,2005,851,755,792,759,1000,DISTRICT32,TABLET
ART-INJ,1/1/2024,HEALTH CENTER,,,342,455,,,-437,,5,DISTRICT4,VIAL
ITN,8/1/2025,HEALTH CENTER,748,15,210,1377,,381,-74,,50,DISTRICT3,PIECE
QUIN,11/1/2025,HEALTH CENTER,828,195,,506,,,-363,999,1000,DISTRICT31,TABLET
SP,4/1/2025,HEALTH CENTER,72,,239,,112,3,254,116,1000,DISTRICT10,TABLET
ITN,10/1/2024,HEALTH CENTER,1040,73,69,612,313,14,7,7,50,DISTRICT26,PIECE
PYRA-SAC,8/1/2024,HEALTH CENTER,,,,3050,,223,-956,,1,DISTRICT35,SACHET
ART-INJ,3/1/2025,HEALTH CENTER,400,,235,825,231,0,526,128,5,DISTRICT28,VIAL
SP,5/1/2025,HEALTH CENTER,,1,283,815,,3713,-469,,1000,DISTRICT16,TABLET
RDT,6/1/2025,DISTRICT HOSPITAL,427,545,526,868,,110,-948,,25,DISTRICT19,PIECE
ACT-GC,1/1/2024,HEALTH CENTER,676,,103,238,,1,183,23,30,DISTRICT15,BLISTER
ITN,10/1/2025,HEALTH CENTER,299,2,44,,,90,58,1,50,DISTRICT20,PIECE
ACT-GC,5/1/2025,HEALTH CENTER,887,0,,564,580,3,536,,30,DISTRICT31,BLISTER
ART-SUP,3/1/2024,HEALTH CENTER,103,35,40,127,,68,-280,5,2,DISTRICT10,CAPSULE
ART-SUP,6/1/2025,HEALTH CENTER,,16,,,,0,-132,53,2,DISTRICT31,CAPSULE
ART-SUP,2/1/2024,HEALTH CENTER,333,,,,,623,-301,114,2,DISTRICT9,CAPSULE
QUIN,11/1/2025,HEALTH CENTER,417,355,58,236,167,,-299,39,1000,DISTRICT28,TABLET
ACT-SC,10/1/2025,HEALTH CENTER,1637,,813,3613,,15,188,159,30,DISTRICT33,BLISTER
PYRA-COMP,3/1/2024,HEALTH CENTER,4,12,17,6,,1,-594,6,1,DISTRICT31,TABLET
PYRA-SAC,8/1/2025,HEALTH CENTER,1688,131,698,555,,141,108,,1,DISTRICT38,SACHET
ACT-GC,4/1/2025,HEALTH CENTER,,0,696,1484,,592,225,,30,DISTRICT23,BLISTER
ART-SUP,11/1/2025,REGIONAL HOSPITAL,,,116,2341,139,0,396,,2,DISTRICT8,CAPSULE
ACT-AD,10/1/2024,HEALTH CENTER,190,573,139,290,,0,380,16,30,DISTRICT13,BLISTER
ACT-INF,9/1/2025,HEALTH CENTER,337,,117,454,,162,1113,200,30,DISTRICT20,BLISTER
PYRA-COMP,2/1/2024,HEALTH CENTER,44,0,8,217,,7,-630,4,1,DISTRICT21,TABLET
ART-INJ,1/1/2025,HEALTH CENTER,893,0,413,163,795,5521,-209,252,5,DISTRICT35,VIAL
QUIN,12/1/2024,HEALTH CENTER,1932,,199,487,271,50,331,241,1000,DISTRICT37,TABLET
ACT-INF,10/1/2025,HEALTH CENTER,1501,,282,,597,12,-892,,30,DISTRICT38,BLISTER
PYRA-SAC,7/1/2024,HEALTH CENTER,1974,,377,,,,-323,,1,DISTRICT24,SACHET
ART-INJ,9/1/2025,HEALTH CENTER,4,,7,136,71,0,586,0,5,DISTRICT16,VIAL
PYRA-SAC,4/1/2024,HEALTH CENTER,1382,837,354,1922,2361,,-362,141,1,DISTRICT24,SACHET
ART-SUP,1/1/2024,HEALTH CENTER,,,429,1978,538,0,-39,331,2,DISTRICT36,CAPSULE
ART-INJ,12/1/2023,HEALTH CENTER,829,,,839,,151,1220,20,5,DISTRICT29,VIAL
PYRA-SAC,2/1/2024,HEALTH CENTER,1917,269,,1960,,7569,-297,1104,1,DISTRICT6,SACHET
PYRA-COMP,3/1/2024,HEALTH CENTER,32,0,17,,,2184,46,48,1,DISTRICT23,TABLET
SP,8/1/2025,DISTRICT HOSPITAL,759,4,,451,,,-397,,1000,DISTRICT19,TABLET
ACT-INF,1/1/2024,HEALTH CENTER,1473,5,93,,,0,-555,502,30,DISTRICT7,BLISTER
QUIN,8/1/2024,HEALTH CENTER,579,283,,466,,603,-286,2000,1000,DISTRICT25,TABLET
ART-SUP,1/1/2025,HEALTH CENTER,1227,1,247,815,1431,66,241,,2,DISTRICT13,CAPSULE
ART-INJ,3/1/2025,HEALTH CENTER,443,51,111,887,,0,925,,5,DISTRICT17,VIAL
PYRA-COMP,9/1/2025,HEALTH CENTER,275,85,135,189,,1869,-910,,1,DISTRICT30,TABLET
RDT,6/1/2025,HEALTH CENTER,2324,786,783,,1056,,353,699,25,DISTRICT31,PIECE
ACT-INF,1/1/2025,HEALTH CENTER,142,0,25,211,,0,-483,,30,DISTRICT35,BLISTER
PYRA-COMP,10/1/2024,DISTRICT HOSPITAL,,12,1095,2726,,2344,-48,1099,1,DISTRICT31,TABLET
ACT-SC,1/1/2025,HEALTH CENTER,,,257,,,0,-43,,30,DISTRICT10,BLISTER
QUIN,5/1/2024,DISTRICT HOSPITAL,,808,66,96,719,,-375,17,1000,DISTRICT21,TABLET
SP,2/1/2024,HEALTH CENTER,,0,47,1826,373,20,545,33,1000,DISTRICT31,TABLET
PYRA-SAC,10/1/2025,HEALTH CENTER,2054,0,148,1434,62,19,-837,7,1,DISTRICT24,SACHET
SP,4/1/2024,HEALTH CENTER,26,6,24,29,,0,183,7,1000,DISTRICT33,TABLET
RDT,3/1/2025,HEALTH CENTER,189,,251,,511,2,-152,,25,DISTRICT14,PIECE
SP,11/1/2025,HEALTH CENTER,,0,7,2,,2,314,22,1000,DISTRICT35,TABLET
ACT-GC,11/1/2024,HEALTH CENTER,58,225,111,652,,8,-97,,30,DISTRICT13,BLISTER
PYRA-SAC,2/1/2025,HEALTH CENTER,,131,,,,4471,344,,1,DISTRICT26,SACHET
ACT-AD,11/1/2024,HEALTH CENTER,350,1994,,3833,1270,,10,224,30,DISTRICT18,BLISTER
PYRA-COMP,8/1/2025,HEALTH CENTER,1470,381,404,2560,,,138,390,1,DISTRICT13,TABLET
RDT,10/1/2024,HEALTH CENTER,146,5,32,233,401,,-640,15,25,DISTRICT9,PIECE
ACT-INF,1/1/2025,HEALTH CENTER,,499,486,2102,891,27,439,,30,DISTRICT21,BLISTER
SP,11/1/2024,HEALTH CENTER,2262,,777,3661,250,1,-515,681,1000,DISTRICT3,TABLET
RDT,10/1/2024,HEALTH CENTER,,,,225,,468,-198,120,25,DISTRICT36,PIECE
SP,10/1/2025,HEALTH CENTER,3065,,,3658,,12,-257,1135,1000,DISTRICT31,TABLET
PYRA-COMP,11/1/2025,HEALTH CENTER,2005,,,1745,,,-291,916,1,DISTRICT11,TABLET
ACT-GC,5/1/2024,HEALTH CENTER,127,2376,188,,882,32,-228,138,30,DISTRICT31,BLISTER
RDT,1/1/2025,HEALTH CENTER,451,618,45,,,0,250,3,25,DISTRICT15,PIECE
PYRA-COMP,3/1/2024,HEALTH CENTER,,1,410,435,,572,-175,510,1,DISTRICT32,TABLET
SP,8/1/2025,HEALTH CENTER,,37,126,,,16,471,178,1000,DISTRICT36,TABLET
QUIN,11/1/2024,HEALTH CENTER,859,0,,399,,,-181,,1000,DISTRICT1,TABLET
ACT-SC,9/1/2025,HEALTH CENTER,1179,1,,881,1038,0,-11,,30,DISTRICT6,BLISTER
RDT,9/1/2024,DISTRICT HOSPITAL,15,0,2,10,,11,988,,25,DISTRICT14,PIECE
PYRA-COMP,10/1/2024,HEALTH CENTER,3485,394,457,4355,,4429,29,373,1,DISTRICT9,TABLET
ACT-GC,7/1/2024,HEALTH CENTER,,0,,1591,,0,-39,26,30,DISTRICT15,BLISTER
ACT-AD,6/1/2024,HEALTH CENTER,2749,33,190,2344,,8256,-128,52,30,DISTRICT2,BLISTER
QUIN,4/1/2025,HEALTH CENTER,133,9,8,,108,0,-484,1,1000,DISTRICT38,TABLET
ACT-INF,7/1/2025,HEALTH CENTER,999,22,,438,,5,-294,288,30,DISTRICT19,BLISTER
RDT,9/1/2024,DISTRICT HOSPITAL,,5,413,1964,,241,140,565,25,DISTRICT28,PIECE
ACT-INF,9/1/2024,HEALTH CENTER,1446,,,1535,,0,-270,194,30,DISTRICT27,BLISTER
SP,4/1/2024,HEALTH CENTER,,407,320,5547,,0,-374,171,1000,DISTRICT30,TABLET
QUIN,1/1/2025,HEALTH CENTER,858,28,,919,616,1819,217,87,1000,DISTRICT30,TABLET
SP,8/1/2024,HEALTH CENTER,74,27,,86,,126,-425,67,1000,DISTRICT30,TABLET
ACT-AD,11/1/2025,HEALTH CENTER,748,751,,1307,,,294,,30,DISTRICT8,BLISTER
RDT,2/1/2025,HEALTH CENTER,3395,,,,,7958,-729,1121,25,DISTRICT9,PIECE
QUIN,3/1/2024,HEALTH CENTER,913,0,157,39,,,-645,,1000,DISTRICT29,TABLET
ACT-AD,8/1/2025,HEALTH CENTER,298,,,334,,3,-172,23,30,DISTRICT5,BLISTER
RDT,10/1/2025,HEALTH CENTER,0,,0,6,,,599,0,25,DISTRICT20,PIECE
PYRA-SAC,1/1/2024,HEALTH CENTER,222,224,,80,,,-9,10,1,DISTRICT32,SACHET
RDT,7/1/2025,HEALTH CENTER,4547,10,497,2446,,,-639,319,25,DISTRICT29,PIECE
RDT,2/1/2024,HEALTH CENTER,312,1315,,644,,2,-844,80,25,DISTRICT37,PIECE
ACT-GC,11/1/2024,HEALTH CENTER,,103,161,1129,,1402,74,210,30,DISTRICT31,BLISTER
ACT-SC,8/1/2025,HEALTH CENTER,,14,,3825,,1,-27,,30,DISTRICT13,BLISTER
ACT-SC,11/1/2025,HEALTH CENTER,598,,,,724,,749,,30,DISTRICT30,BLISTER
ACT-AD,3/1/2025,DISTRICT HOSPITAL,48,,245,294,840,,121,145,30,DISTRICT28,BLISTER
ART-SUP,1/1/2025,HEALTH CENTER,,6,,,,0,530,0,2,DISTRICT33,CAPSULE
ACT-SC,3/1/2024,HEALTH CENTER,1373,1,187,364,,631,69,146,30,DISTRICT15,BLISTER
QUIN,12/1/2024,REGIONAL HOSPITAL,549,4,341,151,1846,3,-280,,1000,DISTRICT1,TABLET
ACT-GC,1/1/2025,HEALTH CENTER,,,110,538,603,,-117,67,30,DISTRICT26,BLISTER
ACT-INF,8/1/2024,HEALTH CENTER,1222,39,,644,1278,814,-375,286,30,DISTRICT25,BLISTER
ART-SUP,1/1/2025,HEALTH CENTER,1549,126,,,,857,-187,,2,DISTRICT8,CAPSULE
PYRA-SAC,12/1/2023,HEALTH CENTER,6750,1,904,2776,,0,580,525,1,DISTRICT30,SACHET
ACT-AD,11/1/2024,HEALTH CENTER,,4,123,,1183,17,116,,30,DISTRICT29,BLISTER
PYRA-SAC,5/1/2025,HEALTH CENTER,245,,187,,,489,258,69,1,DISTRICT23,SACHET
ACT-AD,10/1/2024,DISTRICT HOSPITAL,,1674,,1256,427,,122,46,30,DISTRICT20,BLISTER
ART-SUP,9/1/2024,HEALTH CENTER,1030,,292,,765,2351,-349,,2,DISTRICT28,CAPSULE
PYRA-SAC,10/1/2025,HEALTH CENTER,338,0,,,,1,-720,,1,DISTRICT11,SACHET
PYRA-SAC,9/1/2024,HEALTH CENTER,275,109,9,191,551,1,-27,1,1,DISTRICT1,SACHET
PYRA-SAC,4/1/2024,HEALTH CENTER,159,13,148,54,540,39,-246,100,1,DISTRICT36,SACHET
SP,11/1/2024,HEALTH CENTER,426,16,37,,,1222,195,61,1000,DISTRICT25,TABLET
ACT-SC,3/1/2024,HEALTH CENTER,,26,135,,,11,-965,,30,DISTRICT33,BLISTER
RDT,11/1/2024,HEALTH CENTER,,856,170,734,,39,181,87,25,DISTRICT31,PIECE
ACT-INF,7/1/2024,HEALTH CENTER,131,36,247,191,638,199,-261,293,30,DISTRICT23,BLISTER
ITN,1/1/2024,HEALTH CENTER,3866,147,635,,,1,-1107,649,50,DISTRICT3,PIECE
ACT-GC,12/1/2024,HEALTH CENTER,1113,,150,,,2,509,,30,DISTRICT14,BLISTER
ACT-AD,3/1/2025,HEALTH CENTER,502,0,27,63,,15,-36,9,30,DISTRICT29,BLISTER
PYRA-COMP,6/1/2025,HEALTH CENTER,1574,0,,650,,2198,75,133,1,DISTRICT33,TABLET
PYRA-SAC,11/1/2024,HEALTH CENTER,5,286,85,124,,,-149,,1,DISTRICT23,SACHET
ART-SUP,10/1/2025,HEALTH CENTER,577,10,458,1721,,269,948,208,2,DISTRICT16,CAPSULE
ACT-AD,10/1/2025,HEALTH CENTER,,746,71,663,838,,822,39,30,DISTRICT29,BLISTER
ACT-INF,5/1/2024,HEALTH CENTER,907,0,137,114,,,-312,42,30,DISTRICT28,BLISTER
QUIN,4/1/2024,HEALTH CENTER,258,0,163,,,776,-1167,40,1000,DISTRICT3,TABLET
QUIN,8/1/2025,HEALTH CENTER,,,6,3,,,85,8,1000,DISTRICT31,TABLET
ART-SUP,7/1/2024,HEALTH CENTER,3646,,,3995,,0,511,296,2,DISTRICT32,CAPSULE
ACT-GC,8/1/2024,HEALTH CENTER,31,5,43,,,6,-333,74,30,DISTRICT25,BLISTER
ART-SUP,9/1/2024,HEALTH CENTER,63,20,,26,,2,-126,,2,DISTRICT13,CAPSULE
ART-INJ,3/1/2025,HEALTH CENTER,242,2,,,,6307,-227,,5,DISTRICT31,VIAL
ART-SUP,9/1/2025,HEALTH CENTER,,,,25,,68,732,,2,DISTRICT29,CAPSULE
ACT-AD,1/1/2024,HEALTH CENTER,1200,,519,1690,,1251,354,246,30,DISTRICT21,BLISTER
ACT-GC,12/1/2024,HEALTH CENTER,,13,172,249,119,81,-905,39,30,DISTRICT37,BLISTER
RDT,6/1/2025,HEALTH CENTER,1091,0,,725,971,,-624,24,25,DISTRICT14,PIECE
ACT-INF,9/1/2024,HEALTH CENTER,573,780,522,,,3,456,322,30,DISTRICT37,BLISTER
ACT-INF,6/1/2025,HEALTH CENTER,130,,15,55,,0,-97,0,30,DISTRICT2,BLISTER
PYRA-SAC,6/1/2025,HEALTH CENTER,4836,350,,5655,,2101,-228,2488,1,DISTRICT2,SACHET
ITN,2/1/2024,HEALTH CENTER,1601,26,307,1319,1958,42,-112,95,50,DISTRICT3,PIECE
ACT-INF,10/1/2024,HEALTH CENTER,772,0,24,580,,8,673,,30,DISTRICT3,BLISTER
SP,12/1/2023,HEALTH CENTER,80,10,,,642,712,-762,,1000,DISTRICT3,TABLET
ART-INJ,7/1/2025,HEALTH CENTER,,1,10,200,910,6351,-238,,5,DISTRICT13,VIAL
ACT-AD,2/1/2025,HEALTH CENTER,,1,96,21,,13,35,24,30,DISTRICT15,BLISTER
SP,7/1/2025,HEALTH CENTER,1873,89,167,2633,1156,,-248,,1000,DISTRICT15,TABLET
PYRA-SAC,3/1/2025,HEALTH CENTER,,59,130,1410,,0,438,23,1,DISTRICT36,SACHET
ART-SUP,4/1/2024,HEALTH CENTER,195,84,76,,,204,40,,2,DISTRICT14,CAPSULE
PYRA-COMP,2/1/2025,HEALTH CENTER,670,512,,,1048,,434,,1,DISTRICT32,TABLET
PYRA-COMP,7/1/2025,HEALTH CENTER,479,50,139,444,,,174,79,1,DISTRICT38,TABLET
ACT-AD,6/1/2025,DISTRICT HOSPITAL,1272,,256,883,224,0,-177,87,30,DISTRICT31,BLISTER
PYRA-SAC,10/1/2025,HEALTH CENTER,83,170,37,37,,3,-282,11,1,DISTRICT33,SACHET
ACT-SC,8/1/2024,HEALTH CENTER,6311,,,2502,,42,-636,471,30,DISTRICT32,BLISTER
ACT-SC,1/1/2024,HEALTH CENTER,1547,,,214,1614,4331,-541,259,30,DISTRICT26,BLISTER
QUIN,12/1/2023,HEALTH CENTER,106,,39,,,1,-118,,1000,DISTRICT18,TABLET
SP,8/1/2025,HEALTH CENTER,1,91,2,38,809,,-30,0,1000,DISTRICT17,TABLET
ACT-GC,8/1/2024,HEALTH CENTER,,0,3,,,0,498,0,30,DISTRICT28,BLISTER
ACT-INF,11/1/2024,HEALTH CENTER,,0,,429,,68,268,8,30,DISTRICT28,BLISTER
RDT,6/1/2024,HEALTH CENTER,935,0,57,199,,146,709,,25,DISTRICT11,PIECE
ACT-GC,1/1/2025,HEALTH CENTER,,26,382,457,438,13,-858,,30,DISTRICT24,BLISTER
ART-INJ,8/1/2024,HEALTH CENTER,5486,,427,2141,,1,-235,,5,DISTRICT13,VIAL
QUIN,1/1/2025,HEALTH CENTER,,0,38,12,,101,553,1,1000,DISTRICT28,TABLET
QUIN,9/1/2024,DISTRICT HOSPITAL,226,0,,,261,100,153,,1000,DISTRICT29,TABLET
SP,6/1/2024,HEALTH CENTER,1534,0,61,2082,279,,24,,1000,DISTRICT32,TABLET
RDT,10/1/2024,HEALTH CENTER,3217,0,,,,16,119,99,25,DISTRICT25,PIECE
ART-INJ,2/1/2025,HEALTH CENTER,2241,,222,3200,,1726,486,393,5,DISTRICT28,VIAL
PYRA-COMP,4/1/2025,HEALTH CENTER,1217,,,728,,1377,-1163,,1,DISTRICT31,TABLET
SP,9/1/2025,HEALTH CENTER,622,,197,700,,0,310,21,1000,DISTRICT28,TABLET
PYRA-SAC,10/1/2025,HEALTH CENTER,2869,,176,2839,,10,-196,142,1,DISTRICT32,SACHET
ITN,1/1/2024,HEALTH CENTER,,0,204,1474,,0,-340,101,50,DISTRICT13,PIECE
ACT-AD,10/1/2024,HEALTH CENTER,,0,13,159,,0,-294,0,30,DISTRICT9,BLISTER
SP,11/1/2025,HEALTH CENTER,252,4,83,,,,117,50,1000,DISTRICT4,TABLET
ACT-GC,9/1/2025,HEALTH CENTER,194,0,72,44,487,384,84,66,30,DISTRICT2,BLISTER
ART-SUP,4/1/2024,HEALTH CENTER,,,68,1551,1272,,330,123,2,DISTRICT3,CAPSULE
ITN,7/1/2025,HEALTH CENTER,635,541,867,2384,,36,25,617,50,DISTRICT22,PIECE
SP,7/1/2025,HEALTH CENTER,1648,70,,1693,,582,269,396,1000,DISTRICT10,TABLET
RDT,2/1/2024,HEALTH CENTER,1826,29,315,1495,,1841,-632,193,25,DISTRICT20,PIECE
ACT-GC,9/1/2025,HEALTH CENTER,231,1,18,965,,,-30,1,30,DISTRICT31,BLISTER
RDT,3/1/2025,NATIONAL HOSPITAL,660,199,,184,258,909,201,,25,DISTRICT7,PIECE
SP,8/1/2025,HEALTH CENTER,1235,3,337,1392,,5,294,51,1000,DISTRICT38,TABLET
SP,2/1/2024,HEALTH CENTER,1003,0,82,,,0,494,,1000,DISTRICT1,TABLET
ACT-GC,6/1/2024,HEALTH CENTER,394,542,233,2410,,122,93,250,30,DISTRICT8,BLISTER
PYRA-SAC,12/1/2024,HEALTH CENTER,,0,89,198,,0,701,67,1,DISTRICT29,SACHET
ACT-INF,6/1/2025,HEALTH CENTER,2859,736,1349,,,494,481,1245,30,DISTRICT25,BLISTER
PYRA-COMP,5/1/2024,HEALTH CENTER,,,656,1042,,,-2,516,1,DISTRICT6,TABLET
ACT-GC,9/1/2024,DISTRICT HOSPITAL,,,554,3113,,1,-28,,30,DISTRICT10,BLISTER
ART-INJ,4/1/2025,HEALTH CENTER,,135,202,,340,0,126,90,5,DISTRICT23,VIAL
ACT-INF,4/1/2024,HEALTH CENTER,231,,357,760,,37,78,182,30,DISTRICT36,BLISTER
ACT-GC,2/1/2024,DISTRICT HOSPITAL,367,,211,432,,202,632,,30,DISTRICT4,BLISTER
ART-SUP,3/1/2025,HEALTH CENTER,2873,639,591,3811,823,296,-843,297,2,DISTRICT10,CAPSULE
QUIN,9/1/2025,HEALTH CENTER,,1,12,149,,0,255,5,1000,DISTRICT36,TABLET
PYRA-COMP,12/1/2024,HEALTH CENTER,2,89,5,4,,0,-11,0,1,DISTRICT24,TABLET
ACT-SC,12/1/2024,HEALTH CENTER,325,24,218,799,,357,247,,30,DISTRICT15,BLISTER
SP,8/1/2024,HEALTH CENTER,2759,37,,,,11,-154,356,1000,DISTRICT29,TABLET
SP,2/1/2024,HEALTH CENTER,900,399,,2607,1099,0,143,,1000,DISTRICT14,TABLET
RDT,7/1/2025,HEALTH CENTER,38,301,,,245,326,362,33,25,DISTRICT26,PIECE
RDT,10/1/2024,HEALTH CENTER,804,,434,1875,969,3501,970,160,25,DISTRICT33,PIECE
QUIN,11/1/2024,HEALTH CENTER,3466,,868,2252,,558,207,921,1000,DISTRICT29,TABLET
ITN,4/1/2025,HEALTH CENTER,52,9,95,,375,0,-51,28,50,DISTRICT15,PIECE
ACT-AD,6/1/2024,HEALTH CENTER,2921,,458,2718,1437,439,481,397,30,DISTRICT30,BLISTER
QUIN,5/1/2025,REGIONAL HOSPITAL,,,1085,4051,,1110,-585,,1000,DISTRICT32,TABLET
SP,8/1/2025,HEALTH CENTER,633,0,197,1353,380,,-709,243,1000,DISTRICT33,TABLET
PYRA-SAC,1/1/2024,HEALTH CENTER,527,228,,144,,0,-894,8,1,DISTRICT31,SACHET
QUIN,10/1/2025,HEALTH CENTER,,0,4,30,158,0,-79,,1000,DISTRICT24,TABLET
PYRA-COMP,4/1/2025,HEALTH CENTER,539,308,710,758,,,652,,1,DISTRICT7,TABLET
ACT-INF,1/1/2024,HEALTH CENTER,37,,32,48,416,33,-423,39,30,DISTRICT7,BLISTER
PYRA-SAC,10/1/2025,HEALTH CENTER,3461,419,583,2646,,2,-447,572,1,DISTRICT16,SACHET
ART-INJ,8/1/2025,HEALTH CENTER,,70,208,1056,,72,441,166,5,DISTRICT23,VIAL
ART-INJ,8/1/2025,HEALTH CENTER,770,0,282,,,4,-237,93,5,DISTRICT37,VIAL
PYRA-SAC,12/1/2024,HEALTH CENTER,2144,134,800,2441,,8,-296,649,1,DISTRICT33,SACHET
SP,5/1/2025,HEALTH CENTER,,,26,750,,,-159,5,1000,DISTRICT8,TABLET
ART-SUP,8/1/2024,DISTRICT HOSPITAL,,,536,2661,,0,-275,,2,DISTRICT25,CAPSULE
SP,11/1/2024,HEALTH CENTER,,24,175,778,,2835,-244,,1000,DISTRICT18,TABLET
RDT,5/1/2024,HEALTH CENTER,,267,1095,2888,,701,-959,727,25,DISTRICT24,PIECE
PYRA-SAC,10/1/2025,HEALTH CENTER,,1067,254,,,0,172,135,1,DISTRICT26,SACHET
QUIN,9/1/2025,HEALTH CENTER,681,0,139,676,,,398,93,1000,DISTRICT17,TABLET
ART-SUP,10/1/2025,DISTRICT HOSPITAL,1063,120,51,3166,,52,308,,2,DISTRICT24,CAPSULE
ACT-AD,9/1/2024,HEALTH CENTER,,12,282,,728,2309,463,179,30,DISTRICT13,BLISTER
ART-SUP,6/1/2024,HEALTH CENTER,409,0,,56,,0,-142,26,2,DISTRICT19,CAPSULE
ACT-AD,6/1/2025,HEALTH CENTER,104,0,18,225,,510,364,,30,DISTRICT3,BLISTER
ACT-INF,11/1/2024,HEALTH CENTER,2189,56,1037,3698,,2447,461,753,30,DISTRICT10,BLISTER
ART-SUP,12/1/2024,HEALTH CENTER,1337,129,951,2095,,5278,730,776,2,DISTRICT1,CAPSULE
ACT-SC,7/1/2025,HEALTH CENTER,1539,359,90,423,481,0,-520,17,30,DISTRICT17,BLISTER
ACT-SC,2/1/2025,HEALTH CENTER,2240,228,,2451,,804,-469,158,30,DISTRICT3,BLISTER
SP,7/1/2024,HEALTH CENTER,1641,148,206,,,0,227,157,1000,DISTRICT25,TABLET
QUIN,7/1/2025,HEALTH CENTER,,,571,1830,,,-121,334,1000,DISTRICT19,TABLET
PYRA-COMP,5/1/2025,HEALTH CENTER,693,,336,779,,1069,-116,,1,DISTRICT32,TABLET
ART-INJ,9/1/2025,DISTRICT HOSPITAL,2392,1202,578,2452,,,-460,915,5,DISTRICT36,VIAL
ART-INJ,5/1/2024,HEALTH CENTER,,2118,,1478,,11,167,,5,DISTRICT21,VIAL
ART-INJ,1/1/2024,HEALTH CENTER,149,0,357,151,,2487,265,,5,DISTRICT32,VIAL
ACT-INF,8/1/2025,HEALTH CENTER,2710,,,3229,,0,33,660,30,DISTRICT15,BLISTER
ACT-SC,9/1/2024,HEALTH CENTER,11,2263,48,465,457,32,99,,30,DISTRICT12,BLISTER
ITN,12/1/2024,HEALTH CENTER,1890,361,,1741,,8,-79,,50,DISTRICT21,PIECE
ACT-AD,1/1/2025,HEALTH CENTER,,,1,6,2023,195,851,1,30,DISTRICT13,BLISTER
ACT-INF,6/1/2024,HEALTH CENTER,698,1,153,242,,0,150,65,30,DISTRICT31,BLISTER
QUIN,5/1/2024,HEALTH CENTER,746,57,417,309,1391,376,179,,1000,DISTRICT32,TABLET
SP,12/1/2023,HEALTH CENTER,147,,29,,220,3,-198,,1000,DISTRICT24,TABLET
ACT-SC,2/1/2025,DISTRICT HOSPITAL,,4,14,1014,126,0,682,3,30,DISTRICT33,BLISTER
ART-INJ,10/1/2025,HEALTH CENTER,3,,44,4,,,-1694,8,5,DISTRICT30,VIAL
ART-SUP,11/1/2024,HEALTH CENTER,2691,175,215,3990,,0,-30,84,2,DISTRICT36,CAPSULE
ACT-AD,7/1/2024,HEALTH CENTER,451,526,166,346,1298,,-198,37,30,DISTRICT10,BLISTER
QUIN,10/1/2025,DISTRICT HOSPITAL,1499,42,,3508,,,-380,700,1000,DISTRICT33,TABLET
ART-INJ,9/1/2025,HEALTH CENTER,5209,778,2111,3311,,,299,1845,5,DISTRICT10,VIAL
QUIN,8/1/2025,HEALTH CENTER,,0,613,581,,0,378,144,1000,DISTRICT32,TABLET
QUIN,10/1/2025,HEALTH CENTER,84,17,,,,,-160,,1000,DISTRICT32,TABLET
ACT-INF,11/1/2024,HEALTH CENTER,,1033,216,576,1710,401,-296,105,30,DISTRICT24,BLISTER
SP,5/1/2025,HEALTH CENTER,74,0,29,130,,0,128,9,1000,DISTRICT31,TABLET
ART-INJ,7/1/2025,HEALTH CENTER,736,3,357,423,,0,26,180,5,DISTRICT8,VIAL
QUIN,8/1/2024,HEALTH CENTER,549,,14,,,0,-238,2,1000,DISTRICT13,TABLET
RDT,1/1/2025,HEALTH CENTER,599,1,,156,585,0,1,8,25,DISTRICT1,PIECE
ART-SUP,9/1/2024,HEALTH CENTER,,,12,,,0,-327,,2,DISTRICT19,CAPSULE
ITN,6/1/2025,HEALTH CENTER,,638,699,,805,918,127,560,50,DISTRICT28,PIECE
SP,10/1/2025,HEALTH CENTER,2584,,635,,,1949,-88,745,1000,DISTRICT28,TABLET
ACT-INF,9/1/2024,HEALTH CENTER,432,70,85,,669,1,110,143,30,DISTRICT38,BLISTER
ART-INJ,5/1/2025,HEALTH CENTER,,2,414,331,,,132,,5,DISTRICT23,VIAL
PYRA-SAC,5/1/2025,HEALTH CENTER,,,159,1169,,87,545,49,1,DISTRICT29,SACHET
ACT-SC,11/1/2025,HEALTH CENTER,291,367,915,1866,,1372,-735,966,30,DISTRICT9,BLISTER
ACT-SC,9/1/2024,HEALTH CENTER,,130,,94,,,420,,30,DISTRICT20,BLISTER
ACT-AD,6/1/2024,HEALTH CENTER,671,,280,289,,,-311,268,30,DISTRICT5,BLISTER
PYRA-COMP,9/1/2025,HEALTH CENTER,247,,84,203,,530,222,87,1,DISTRICT8,TABLET
ACT-AD,2/1/2024,HEALTH CENTER,1869,17,632,2183,,31,420,672,30,DISTRICT20,BLISTER
ART-SUP,5/1/2025,HEALTH CENTER,1848,1023,966,4438,,26,-617,869,2,DISTRICT38,CAPSULE
ACT-SC,8/1/2025,HEALTH CENTER,,47,,1934,,,350,,30,DISTRICT26,BLISTER
RDT,4/1/2025,HEALTH CENTER,1057,1,439,1067,,0,200,83,25,DISTRICT9,PIECE
ART-INJ,5/1/2025,NATIONAL HOSPITAL,,219,,1278,,,-324,,5,DISTRICT3,VIAL
ART-SUP,6/1/2025,DISTRICT HOSPITAL,644,84,218,1181,,0,-35,166,2,DISTRICT28,CAPSULE
SP,9/1/2025,HEALTH CENTER,169,1,3,182,,,-599,1,1000,DISTRICT7,TABLET
RDT,6/1/2024,HEALTH CENTER,,0,31,173,,,24,,25,DISTRICT33,PIECE
ACT-AD,7/1/2025,HEALTH CENTER,,273,266,,,,-396,82,30,DISTRICT37,BLISTER
PYRA-COMP,10/1/2024,DISTRICT HOSPITAL,,,8,229,680,0,-471,,1,DISTRICT32,TABLET
ACT-GC,9/1/2024,HEALTH CENTER,,,473,,873,0,566,,30,DISTRICT9,BLISTER
ART-SUP,9/1/2025,HEALTH CENTER,540,0,50,1182,,1,-284,41,2,DISTRICT25,CAPSULE
ACT-INF,11/1/2025,HEALTH CENTER,577,0,336,,692,267,382,268,30,DISTRICT9,BLISTER
ACT-SC,5/1/2025,HEALTH CENTER,143,41,8,5,,,-268,,30,DISTRICT20,BLISTER
ART-INJ,8/1/2025,HEALTH CENTER,,,27,2158,,0,-167,23,5,DISTRICT32,VIAL
PYRA-COMP,7/1/2024,HEALTH CENTER,574,209,,1764,460,230,296,37,1,DISTRICT9,TABLET
ACT-AD,8/1/2025,HEALTH CENTER,326,23,316,1908,,0,265,,30,DISTRICT33,BLISTER
ART-SUP,8/1/2024,NATIONAL HOSPITAL,,0,,435,,,895,,2,DISTRICT15,CAPSULE
SP,1/1/2024,HEALTH CENTER,,,,,,2696,-177,105,1000,DISTRICT33,TABLET
ACT-INF,7/1/2024,HEALTH CENTER,6,48,15,,900,77,-261,7,30,DISTRICT33,BLISTER
ACT-GC,1/1/2025,HEALTH CENTER,600,46,201,1075,,4599,115,130,30,DISTRICT37,BLISTER
ART-INJ,6/1/2024,HEALTH CENTER,2688,0,291,963,,5233,-379,,5,DISTRICT20,VIAL
QUIN,12/1/2024,HEALTH CENTER,,,113,2597,999,11,-965,63,1000,DISTRICT6,TABLET
QUIN,12/1/2024,HEALTH CENTER,475,,182,1701,,2,199,38,1000,DISTRICT10,TABLET
ART-SUP,6/1/2024,HEALTH CENTER,210,2,279,600,,2182,130,317,2,DISTRICT25,CAPSULE
SP,11/1/2025,HEALTH CENTER,2709,343,351,2891,,0,-512,452,1000,DISTRICT4,TABLET
SP,8/1/2024,HEALTH CENTER,1665,5,161,840,,148,-123,70,1000,DISTRICT16,TABLET
ACT-GC,6/1/2024,HEALTH CENTER,831,265,591,3108,,1,298,442,30,DISTRICT9,BLISTER
RDT,2/1/2024,HEALTH CENTER,1032,,389,,959,1,765,,25,DISTRICT14,PIECE
ACT-SC,9/1/2025,HEALTH CENTER,1143,479,312,1458,,0,117,474,30,DISTRICT13,BLISTER
SP,9/1/2024,HEALTH CENTER,,9,364,302,,1,-161,,1000,DISTRICT16,TABLET
ITN,2/1/2024,HEALTH CENTER,650,7,185,398,,0,-126,,50,DISTRICT29,PIECE
SP,3/1/2024,HEALTH CENTER,,2,87,894,,0,-230,64,1000,DISTRICT7,TABLET
PYRA-SAC,10/1/2024,HEALTH CENTER,222,3,68,32,,0,651,26,1,DISTRICT38,SACHET
RDT,5/1/2024,HEALTH CENTER,,1,338,719,,1123,-604,175,25,DISTRICT28,PIECE
ACT-GC,12/1/2023,HEALTH CENTER,,,124,,731,2679,-148,32,30,DISTRICT29,BLISTER
QUIN,4/1/2025,HEALTH CENTER,423,,,,,12,248,11,1000,DISTRICT16,TABLET
ART-SUP,12/1/2024,HEALTH CENTER,37,,,143,2141,90,-117,3,2,DISTRICT20,CAPSULE
ACT-SC,11/1/2024,HEALTH CENTER,77,,51,,328,,151,7,30,DISTRICT12,BLISTER
ART-SUP,11/1/2024,HEALTH CENTER,1307,12,662,1016,777,7,-614,452,2,DISTRICT7,CAPSULE
PYRA-COMP,4/1/2025,HEALTH CENTER,,5,,484,,1263,459,166,1,DISTRICT13,TABLET
PYRA-SAC,8/1/2025,HEALTH CENTER,,8,58,983,573,59,551,,1,DISTRICT35,SACHET
SP,4/1/2025,HEALTH CENTER,,,14,,,,-569,1,1000,DISTRICT37,TABLET
ACT-SC,6/1/2024,HEALTH CENTER,1299,,,,,,-306,,30,DISTRICT31,BLISTER
ACT-AD,6/1/2024,HEALTH CENTER,,51,50,133,,13,-433,,30,DISTRICT19,BLISTER
PYRA-SAC,9/1/2024,HEALTH CENTER,,1331,271,343,646,75,134,,1,DISTRICT36,SACHET
QUIN,1/1/2024,HEALTH CENTER,1137,0,,1139,,24,-564,3,1000,DISTRICT24,TABLET
ACT-INF,3/1/2025,HEALTH CENTER,,9,9,,,0,269,22,30,DISTRICT7,BLISTER
PYRA-SAC,7/1/2025,REGIONAL HOSPITAL,437,8,194,,585,0,71,,1,DISTRICT19,SACHET
ITN,6/1/2024,HEALTH CENTER,59,876,267,229,,16857,-465,325,50,DISTRICT32,PIECE
RDT,2/1/2024,HEALTH CENTER,,18,,232,,,-24,167,25,DISTRICT25,PIECE
ACT-INF,2/1/2025,HEALTH CENTER,,201,147,,,161,-101,,30,DISTRICT21,BLISTER
ART-INJ,4/1/2025,HEALTH CENTER,146,,130,,1168,,166,116,5,DISTRICT26,VIAL
SP,8/1/2024,HEALTH CENTER,,93,7,,673,618,248,2,1000,DISTRICT32,TABLET
PYRA-COMP,11/1/2024,HEALTH CENTER,1967,17,170,798,,,630,81,1,DISTRICT30,TABLET
ACT-INF,4/1/2025,HEALTH CENTER,34,180,109,105,,1184,585,104,30,DISTRICT14,BLISTER
QUIN,5/1/2024,HEALTH CENTER,92,0,0,62,291,0,-303,0,1000,DISTRICT31,TABLET
ART-INJ,6/1/2024,DISTRICT HOSPITAL,202,65,94,,1894,1602,-459,69,5,DISTRICT28,VIAL
SP,2/1/2025,HEALTH CENTER,11,0,1,40,,0,71,1,1000,DISTRICT23,TABLET
SP,5/1/2024,HEALTH CENTER,,0,187,553,,1857,-200,129,1000,DISTRICT25,TABLET
PYRA-SAC,5/1/2024,HEALTH CENTER,2689,,,,,,224,279,1,DISTRICT19,SACHET
ACT-INF,10/1/2025,HEALTH CENTER,34,1,25,10,,1050,-540,,30,DISTRICT3,BLISTER
ART-INJ,4/1/2024,HEALTH CENTER,794,,189,1083,,0,596,150,5,DISTRICT11,VIAL
ACT-INF,2/1/2024,HEALTH CENTER,24,0,8,12,921,2,-509,,30,DISTRICT9,BLISTER
PYRA-COMP,1/1/2025,HEALTH CENTER,133,,78,97,,66,-131,63,1,DISTRICT33,TABLET
ITN,12/1/2024,HEALTH CENTER,18,,14,259,,0,163,,50,DISTRICT26,PIECE
PYRA-SAC,6/1/2024,HEALTH CENTER,,,,155,,,-504,47,1,DISTRICT20,SACHET
SP,8/1/2025,HEALTH CENTER,,,,116,,16,-535,10,1000,DISTRICT37,TABLET
ACT-SC,1/1/2025,REGIONAL HOSPITAL,735,155,51,548,1632,0,-559,,30,DISTRICT20,BLISTER
ART-SUP,5/1/2024,HEALTH CENTER,1352,27,52,978,,0,-566,15,2,DISTRICT5,CAPSULE
ART-SUP,2/1/2025,HEALTH CENTER,,53,,,,31,-116,66,2,DISTRICT1,CAPSULE
ACT-AD,11/1/2025,HEALTH CENTER,,0,337,,,0,44,19,30,DISTRICT29,BLISTER
ACT-INF,9/1/2025,DISTRICT HOSPITAL,,0,,495,68,,-346,12,30,DISTRICT1,BLISTER
QUIN,11/1/2024,HEALTH CENTER,17,,64,21,,53,-416,39,1000,DISTRICT36,TABLET
ITN,2/1/2025,HEALTH CENTER,,,25,505,,20,472,65,50,DISTRICT15,PIECE
SP,6/1/2025,DISTRICT HOSPITAL,,37,385,,,1,278,,1000,DISTRICT36,TABLET
SP,11/1/2025,HEALTH CENTER,1181,,,1512,,27,505,,1000,DISTRICT16,TABLET
ACT-INF,6/1/2025,HEALTH CENTER,,81,431,,1295,0,527,300,30,DISTRICT30,BLISTER
ART-INJ,2/1/2025,HEALTH CENTER,420,,143,227,,,-323,130,5,DISTRICT3,VIAL
ACT-INF,2/1/2025,HEALTH CENTER,393,601,515,,,363,-190,,30,DISTRICT25,BLISTER
SP,8/1/2024,HEALTH CENTER,340,0,,,,2,-243,5,1000,DISTRICT27,TABLET
PYRA-COMP,11/1/2025,HEALTH CENTER,,493,790,1255,,1581,-582,722,1,DISTRICT28,TABLET
ITN,8/1/2024,HEALTH CENTER,2099,,600,2582,,,-177,514,50,DISTRICT12,PIECE
ACT-AD,11/1/2025,HEALTH CENTER,,87,,130,,338,327,11,30,DISTRICT1,BLISTER
ACT-INF,10/1/2025,HEALTH CENTER,,3193,1169,,,96,-274,1168,30,DISTRICT1,BLISTER
RDT,12/1/2024,HEALTH CENTER,,684,,4489,,63,-799,,25,DISTRICT16,PIECE
RDT,2/1/2025,HEALTH CENTER,313,17,21,236,,0,-234,,25,DISTRICT11,PIECE
PYRA-COMP,2/1/2025,HEALTH CENTER,1073,2100,422,1426,356,1,15,278,1,DISTRICT14,TABLET
ITN,12/1/2024,HEALTH CENTER,,10,,,,0,95,,50,DISTRICT10,PIECE
ACT-SC,8/1/2025,HEALTH CENTER,5,8,,127,,0,110,0,30,DISTRICT18,BLISTER
ACT-AD,8/1/2024,HEALTH CENTER,0,,1,,,0,640,0,30,DISTRICT32,BLISTER
ITN,5/1/2025,HEALTH CENTER,,17,,1169,,3,-338,,50,DISTRICT16,PIECE
RDT,2/1/2025,HEALTH CENTER,2662,575,540,,,2,-401,295,25,DISTRICT20,PIECE
PYRA-COMP,2/1/2024,HEALTH CENTER,205,105,184,175,,8,-22,2,1,DISTRICT33,TABLET
RDT,3/1/2025,HEALTH CENTER,122,5328,42,884,558,135,-207,56,25,DISTRICT35,PIECE
ACT-AD,9/1/2025,REGIONAL HOSPITAL,878,429,416,,,6,-210,181,30,DISTRICT33,BLISTER
PYRA-SAC,8/1/2024,HEALTH CENTER,43,258,,313,,0,520,5,1,DISTRICT14,SACHET
ACT-INF,7/1/2024,HEALTH CENTER,1744,3,381,1231,,487,782,347,30,DISTRICT31,BLISTER
SP,10/1/2024,HEALTH CENTER,245,0,4,46,,0,289,,1000,DISTRICT26,TABLET
QUIN,10/1/2025,NATIONAL HOSPITAL,9,141,26,269,,0,209,25,1000,DISTRICT31,TABLET
ACT-INF,2/1/2024,HEALTH CENTER,389,1550,,,,17,-495,,30,DISTRICT27,BLISTER
ACT-SC,11/1/2025,HEALTH CENTER,,1,97,442,355,299,-313,,30,DISTRICT16,BLISTER
ACT-SC,2/1/2025,HEALTH CENTER,78,22,,635,,4,31,34,30,DISTRICT25,BLISTER
PYRA-SAC,10/1/2025,HEALTH CENTER,396,0,49,,,65,-784,20,1,DISTRICT8,SACHET
ITN,12/1/2024,DISTRICT HOSPITAL,,135,,252,315,1,-412,,50,DISTRICT9,PIECE
SP,8/1/2024,HEALTH CENTER,,0,,222,,0,-188,,1000,DISTRICT31,TABLET
ACT-GC,11/1/2024,HEALTH CENTER,1443,1,,1552,,,-43,,30,DISTRICT25,BLISTER
ART-INJ,1/1/2024,HEALTH CENTER,648,15,,,,3856,-151,444,5,DISTRICT5,VIAL
QUIN,10/1/2025,HEALTH CENTER,1014,0,186,694,,0,-503,35,1000,DISTRICT12,TABLET
ACT-GC,9/1/2025,HEALTH CENTER,,,31,12,,1143,-243,20,30,DISTRICT31,BLISTER
QUIN,7/1/2025,HEALTH CENTER,1651,344,,,,220,-224,,1000,DISTRICT6,TABLET
ACT-GC,10/1/2025,HEALTH CENTER,2482,28,,,,,508,2041,30,DISTRICT15,BLISTER
ITN,1/1/2024,HEALTH CENTER,367,23,216,274,,125,391,,50,DISTRICT38,PIECE
PYRA-COMP,3/1/2024,HEALTH CENTER,2310,0,42,,,145,-376,,1,DISTRICT29,TABLET
ACT-INF,12/1/2023,HEALTH CENTER,1,258,,27,,9,132,0,30,DISTRICT20,BLISTER
ART-INJ,3/1/2025,HEALTH CENTER,3043,,,7438,,154,-241,452,5,DISTRICT19,VIAL
SP,7/1/2025,HEALTH CENTER,380,,60,,,0,-365,12,1000,DISTRICT16,TABLET
SP,1/1/2024,DISTRICT HOSPITAL,,,406,1068,,0,131,503,1000,DISTRICT13,TABLET
PYRA-COMP,7/1/2025,HEALTH CENTER,882,56,,907,,,-347,,1,DISTRICT31,TABLET
PYRA-SAC,5/1/2024,HEALTH CENTER,226,1760,351,802,,,168,,1,DISTRICT16,SACHET
ACT-AD,2/1/2025,HEALTH CENTER,5462,,1156,3822,,251,-159,,30,DISTRICT36,BLISTER
PYRA-SAC,10/1/2025,HEALTH CENTER,1145,788,915,3482,,0,-645,810,1,DISTRICT36,SACHET
ART-INJ,4/1/2025,HEALTH CENTER,400,,326,,,0,157,534,5,DISTRICT9,VIAL
ITN,11/1/2025,HEALTH CENTER,,1,47,422,753,8,-115,,50,DISTRICT5,PIECE
ACT-GC,10/1/2024,HEALTH CENTER,,21,3,,,0,2,,30,DISTRICT36,BLISTER
PYRA-COMP,4/1/2025,HEALTH CENTER,,10,9,,,7,284,0,1,DISTRICT28,TABLET
PYRA-SAC,4/1/2025,HEALTH CENTER,111,213,119,,448,0,304,49,1,DISTRICT15,SACHET
ACT-INF,9/1/2024,HEALTH CENTER,469,48,23,,,0,496,8,30,DISTRICT25,BLISTER
ACT-SC,5/1/2024,HEALTH CENTER,1713,466,,1610,2448,4320,68,954,30,DISTRICT8,BLISTER
PYRA-SAC,2/1/2024,HEALTH CENTER,1374,23,330,318,,4463,-555,,1,DISTRICT23,SACHET
RDT,3/1/2024,HEALTH CENTER,310,,575,111,839,214,-772,1015,25,DISTRICT16,PIECE
ACT-SC,9/1/2024,HEALTH CENTER,1275,0,,721,,726,377,91,30,DISTRICT37,BLISTER
ACT-INF,4/1/2024,HEALTH CENTER,1182,0,360,400,787,8368,245,324,30,DISTRICT19,BLISTER
ITN,1/1/2025,HEALTH CENTER,1432,1031,,1483,,1214,326,,50,DISTRICT19,PIECE
ACT-SC,6/1/2025,HEALTH CENTER,24,,24,290,,601,-53,12,30,DISTRICT36,BLISTER
ACT-INF,6/1/2025,HEALTH CENTER,792,41,261,,,1616,-414,86,30,DISTRICT29,BLISTER
PYRA-COMP,10/1/2025,HEALTH CENTER,118,,,28,,,378,1,1,DISTRICT10,TABLET
QUIN,8/1/2025,HEALTH CENTER,,1,1103,2742,,,396,831,1000,DISTRICT32,TABLET
ACT-AD,5/1/2025,HEALTH CENTER,940,,340,,328,0,-1134,153,30,DISTRICT10,BLISTER
ART-SUP,11/1/2025,HEALTH CENTER,148,48,83,,,161,600,55,2,DISTRICT6,CAPSULE
ACT-SC,5/1/2025,HEALTH CENTER,1593,25,,1843,,,-8,,30,DISTRICT20,BLISTER
RDT,9/1/2024,HEALTH CENTER,1246,809,1056,936,,1,210,,25,DISTRICT23,PIECE
QUIN,9/1/2025,HEALTH CENTER,1393,11,427,859,,2221,128,576,1000,DISTRICT15,TABLET
SP,4/1/2024,HEALTH CENTER,116,5,,,,3,-53,93,1000,DISTRICT2,TABLET
ACT-INF,1/1/2024,HEALTH CENTER,2637,1498,,2942,889,0,230,358,30,DISTRICT25,BLISTER
ART-SUP,10/1/2025,HEALTH CENTER,1931,126,541,3145,492,9,621,313,2,DISTRICT21,CAPSULE
PYRA-COMP,5/1/2024,HEALTH CENTER,,18,51,314,,1698,-454,13,1,DISTRICT16,TABLET
ACT-AD,2/1/2024,HEALTH CENTER,1117,,263,,,4,-672,,30,DISTRICT10,BLISTER
ACT-AD,2/1/2025,HEALTH CENTER,,0,101,563,206,0,427,138,30,DISTRICT1,BLISTER
PYRA-COMP,11/1/2024,DISTRICT HOSPITAL,,0,,181,,0,31,3,1,DISTRICT29,TABLET
ART-INJ,2/1/2025,HEALTH CENTER,,,185,698,,,354,86,5,DISTRICT6,VIAL
ACT-INF,12/1/2023,HEALTH CENTER,,2,681,,,,-250,1038,30,DISTRICT20,BLISTER
ACT-GC,2/1/2025,HEALTH CENTER,3825,18,681,,,24,363,,30,DISTRICT7,BLISTER
ART-INJ,12/1/2023,HEALTH CENTER,,2150,473,2264,,2,-217,111,5,DISTRICT13,VIAL
SP,2/1/2025,HEALTH CENTER,53,565,58,273,,239,433,130,1000,DISTRICT29,TABLET
PYRA-COMP,4/1/2025,HEALTH CENTER,,0,326,1212,,,-747,,1,DISTRICT25,TABLET
ACT-AD,1/1/2024,HEALTH CENTER,,,249,1112,,5725,727,161,30,DISTRICT26,BLISTER
RDT,6/1/2025,HEALTH CENTER,1561,0,,,,18,136,,25,DISTRICT9,PIECE
ACT-GC,7/1/2024,HEALTH CENTER,1865,,403,,,199,-310,108,30,DISTRICT32,BLISTER
PYRA-SAC,11/1/2024,HEALTH CENTER,75,6,39,,,,-319,46,1,DISTRICT6,SACHET
PYRA-COMP,3/1/2024,HEALTH CENTER,,25,383,,681,0,279,518,1,DISTRICT26,TABLET
SP,10/1/2024,HEALTH CENTER,1376,6,286,231,589,212,-621,191,1000,DISTRICT19,TABLET
ACT-AD,6/1/2025,HEALTH CENTER,,1,,1019,,0,130,209,30,DISTRICT33,BLISTER
ITN,9/1/2024,HEALTH CENTER,844,22,96,254,,393,295,42,50,DISTRICT11,PIECE
ITN,7/1/2024,HEALTH CENTER,5808,,611,,,34,-5,,50,DISTRICT9,PIECE
RDT,9/1/2024,HEALTH CENTER,,382,,1155,,0,-371,155,25,DISTRICT15,PIECE
PYRA-SAC,5/1/2024,HEALTH CENTER,,545,271,946,,155,347,118,1,DISTRICT24,SACHET
ART-SUP,4/1/2025,HEALTH CENTER,686,690,520,,,,225,530,2,DISTRICT37,CAPSULE
ACT-SC,9/1/2024,HEALTH CENTER,651,177,438,639,471,,-171,568,30,DISTRICT33,BLISTER
ACT-SC,5/1/2025,HEALTH CENTER,,349,,4,,257,-512,39,30,DISTRICT31,BLISTER
RDT,8/1/2024,HEALTH CENTER,491,0,12,198,1866,258,-387,12,25,DISTRICT30,PIECE
ART-SUP,7/1/2025,HEALTH CENTER,15,0,8,77,,0,371,29,2,DISTRICT29,CAPSULE
ACT-SC,3/1/2024,HEALTH CENTER,,,301,,434,,225,206,30,DISTRICT1,BLISTER
ACT-INF,10/1/2025,HEALTH CENTER,,406,139,2060,,0,58,41,30,DISTRICT20,BLISTER
ITN,2/1/2024,HEALTH CENTER,427,70,,,,248,-239,,50,DISTRICT3,PIECE
SP,11/1/2024,HEALTH CENTER,,0,317,223,879,826,-153,418,1000,DISTRICT36,TABLET
ACT-INF,8/1/2025,HEALTH CENTER,,,,1803,,2983,451,274,30,DISTRICT37,BLISTER
ART-INJ,9/1/2025,HEALTH CENTER,578,,117,528,,3,-522,,5,DISTRICT32,VIAL
PYRA-COMP,8/1/2024,HEALTH CENTER,,0,55,51,,594,-272,81,1,DISTRICT3,TABLET
ART-INJ,10/1/2024,HEALTH CENTER,,1,74,119,340,2,-284,24,5,DISTRICT21,VIAL
SP,1/1/2025,HEALTH CENTER,653,,,97,1480,11841,108,,1000,DISTRICT2,TABLET
RDT,10/1/2025,HEALTH CENTER,,,45,343,,0,-287,,25,DISTRICT36,PIECE
ACT-GC,6/1/2024,HEALTH CENTER,,0,,1312,2225,1,183,346,30,DISTRICT6,BLISTER
PYRA-SAC,1/1/2024,HEALTH CENTER,532,3,370,433,,,177,18,1,DISTRICT10,SACHET
PYRA-SAC,9/1/2024,HEALTH CENTER,39,0,,3,,1053,-231,18,1,DISTRICT15,SACHET
ACT-INF,8/1/2024,HEALTH CENTER,,,335,1301,,,237,136,30,DISTRICT20,BLISTER
ITN,4/1/2025,HEALTH CENTER,,,,2759,497,102,534,,50,DISTRICT5,PIECE
PYRA-SAC,7/1/2025,HEALTH CENTER,,,285,1733,481,0,-423,306,1,DISTRICT37,SACHET
PYRA-SAC,9/1/2024,DISTRICT HOSPITAL,941,519,,882,,0,-261,43,1,DISTRICT10,SACHET
ACT-INF,3/1/2024,HEALTH CENTER,1209,1,211,115,111,0,215,,30,DISTRICT1,BLISTER
ART-SUP,9/1/2024,DISTRICT HOSPITAL,460,,404,,,0,-848,90,2,DISTRICT15,CAPSULE
PYRA-COMP,11/1/2025,HEALTH CENTER,,642,410,4843,,,-451,,1,DISTRICT29,TABLET
QUIN,10/1/2025,HEALTH CENTER,1937,48,333,2057,1422,4136,-669,505,1000,DISTRICT30,TABLET
PYRA-SAC,11/1/2025,DISTRICT HOSPITAL,,12,92,,,0,-1000,36,1,DISTRICT2,SACHET
QUIN,10/1/2024,HEALTH CENTER,67,0,73,168,930,,-228,0,1000,DISTRICT28,TABLET
PYRA-COMP,1/1/2024,HEALTH CENTER,0,,0,1,654,,-465,,1,DISTRICT17,TABLET
ACT-GC,11/1/2024,HEALTH CENTER,272,,2,24,,,77,,30,DISTRICT32,BLISTER
ART-SUP,10/1/2025,HEALTH CENTER,,3,1322,1798,210,3528,-490,1617,2,DISTRICT5,CAPSULE
PYRA-SAC,6/1/2025,HEALTH CENTER,963,17,212,835,,0,-127,72,1,DISTRICT36,SACHET
PYRA-SAC,10/1/2025,HEALTH CENTER,639,46,,450,,,-373,,1,DISTRICT6,SACHET
ITN,9/1/2024,HEALTH CENTER,,,582,717,512,1,-159,805,50,DISTRICT29,PIECE
RDT,9/1/2025,HEALTH CENTER,462,10,,,,118,-531,200,25,DISTRICT10,PIECE
ACT-INF,1/1/2025,HEALTH CENTER,78,0,52,130,,1197,-251,63,30,DISTRICT28,BLISTER
ACT-INF,9/1/2025,HEALTH CENTER,2798,,837,,1577,1889,-893,655,30,DISTRICT11,BLISTER
ART-INJ,1/1/2024,HEALTH CENTER,164,230,114,,,1373,-223,94,5,DISTRICT28,VIAL
ITN,7/1/2024,HEALTH CENTER,,214,124,,,285,-89,127,50,DISTRICT19,PIECE
ACT-GC,3/1/2025,HEALTH CENTER,,1040,738,2817,,,626,622,30,DISTRICT18,BLISTER
ACT-GC,3/1/2025,HEALTH CENTER,1957,180,429,1105,1838,,512,349,30,DISTRICT7,BLISTER
RDT,6/1/2025,HEALTH CENTER,4274,2148,938,4071,,1768,-24,692,25,DISTRICT12,PIECE
ACT-INF,7/1/2025,DISTRICT HOSPITAL,338,,,666,170,311,-275,416,30,DISTRICT35,BLISTER
ITN,9/1/2025,HEALTH CENTER,,25,451,2590,,18,-497,,50,DISTRICT28,PIECE
ACT-SC,4/1/2024,HEALTH CENTER,159,407,,291,,0,-550,5,30,DISTRICT13,BLISTER
ART-SUP,3/1/2025,HEALTH CENTER,,,71,,438,0,258,36,2,DISTRICT33,CAPSULE
QUIN,3/1/2024,HEALTH CENTER,5783,787,,4639,2615,,-198,1892,1000,DISTRICT23,TABLET
SP,6/1/2024,HEALTH CENTER,206,0,315,211,,464,46,219,1000,DISTRICT32,TABLET
ART-SUP,12/1/2023,HEALTH CENTER,1386,0,577,,415,,394,176,2,DISTRICT27,CAPSULE
ITN,4/1/2025,DISTRICT HOSPITAL,819,1484,,1604,,1965,-480,954,50,DISTRICT31,PIECE
SP,1/1/2024,HEALTH CENTER,3812,1,,,,,119,687,1000,DISTRICT5,TABLET
ACT-GC,11/1/2024,HEALTH CENTER,99,327,302,,,84,267,100,30,DISTRICT4,BLISTER
ART-SUP,2/1/2024,HEALTH CENTER,35,2,2,351,757,488,-279,0,2,DISTRICT24,CAPSULE
RDT,11/1/2024,HEALTH CENTER,1356,29,87,1173,,135,71,391,25,DISTRICT35,PIECE
PYRA-SAC,2/1/2024,HEALTH CENTER,790,2,121,1359,,,-594,,1,DISTRICT26,SACHET
RDT,1/1/2024,HEALTH CENTER,,0,174,673,,0,-162,,25,DISTRICT31,PIECE
ART-INJ,9/1/2025,HEALTH CENTER,,1,93,,959,2,187,,5,DISTRICT24,VIAL
SP,10/1/2024,DISTRICT HOSPITAL,1741,,329,2838,227,1,-243,,1000,DISTRICT5,TABLET
ACT-AD,10/1/2025,HEALTH CENTER,1158,,231,1280,815,8,-641,158,30,DISTRICT36,BLISTER
ART-INJ,2/1/2025,HEALTH CENTER,30,0,3,,,0,-916,,5,DISTRICT13,VIAL
ACT-GC,1/1/2025,HEALTH CENTER,10,0,46,106,,2619,522,44,30,DISTRICT3,BLISTER
SP,11/1/2024,HEALTH CENTER,1153,18,166,723,,68,-629,,1000,DISTRICT25,TABLET
PYRA-SAC,3/1/2025,HEALTH CENTER,,6,,,,,161,7,1,DISTRICT29,SACHET
SP,2/1/2024,HEALTH CENTER,,0,2,,,0,-74,0,1000,DISTRICT16,TABLET
ACT-INF,12/1/2023,HEALTH CENTER,76,0,4,11,,,-22,0,30,DISTRICT13,BLISTER
ACT-INF,7/1/2024,HEALTH CENTER,3077,219,1209,2907,,432,-374,1052,30,DISTRICT1,BLISTER
ACT-AD,1/1/2025,HEALTH CENTER,,848,759,3125,,29,-175,324,30,DISTRICT4,BLISTER
ACT-INF,10/1/2024,HEALTH CENTER,11,,11,100,,7387,464,67,30,DISTRICT30,BLISTER
QUIN,2/1/2025,DISTRICT HOSPITAL,,19,1193,1733,,7,87,1709,1000,DISTRICT30,TABLET
ACT-GC,2/1/2024,HEALTH CENTER,303,5,111,726,,8,-154,37,30,DISTRICT28,BLISTER
PYRA-SAC,1/1/2024,HEALTH CENTER,424,801,427,,,10,-271,,1,DISTRICT16,SACHET
RDT,4/1/2025,HEALTH CENTER,,1,,,758,31,211,279,25,DISTRICT24,PIECE
ART-SUP,6/1/2025,HEALTH CENTER,1548,,160,2266,,0,7,132,2,DISTRICT9,CAPSULE
ACT-GC,12/1/2024,DISTRICT HOSPITAL,899,,,1091,,122,-412,4,30,DISTRICT33,BLISTER
ITN,8/1/2024,HEALTH CENTER,,,,23,365,0,184,1,50,DISTRICT13,PIECE
ACT-AD,12/1/2023,HEALTH CENTER,2315,,499,1673,,1863,-604,374,30,DISTRICT8,BLISTER
QUIN,12/1/2023,HEALTH CENTER,272,86,55,1168,,1665,131,83,1000,DISTRICT22,TABLET
QUIN,11/1/2025,HEALTH CENTER,4367,0,,1621,,,-248,,1000,DISTRICT4,TABLET
QUIN,2/1/2024,HEALTH CENTER,,80,,3436,,486,-220,519,1000,DISTRICT7,TABLET
ACT-SC,6/1/2024,HEALTH CENTER,1138,2,235,542,480,155,-141,,30,DISTRICT20,BLISTER
QUIN,12/1/2023,HEALTH CENTER,,13,406,1419,760,1358,-220,250,1000,DISTRICT24,TABLET
ACT-GC,10/1/2025,HEALTH CENTER,734,194,340,2291,,1,170,155,30,DISTRICT36,BLISTER
ART-SUP,11/1/2024,HEALTH CENTER,,1061,9,2198,,0,-646,,2,DISTRICT14,CAPSULE
PYRA-COMP,9/1/2024,HEALTH CENTER,0,840,33,,,34,521,10,1,DISTRICT3,TABLET
QUIN,9/1/2024,HEALTH CENTER,,69,75,,,9,253,177,1000,DISTRICT23,TABLET
SP,12/1/2024,HEALTH CENTER,,1,,535,620,494,706,437,1000,DISTRICT28,TABLET
ART-SUP,8/1/2024,HEALTH CENTER,251,,164,628,,0,334,52,2,DISTRICT22,CAPSULE
ART-INJ,12/1/2023,HEALTH CENTER,114,11,19,42,1094,3,-62,,5,DISTRICT36,VIAL
SP,8/1/2024,HEALTH CENTER,664,67,,272,1057,1013,-235,189,1000,DISTRICT37,TABLET
PYRA-COMP,8/1/2025,HEALTH CENTER,411,1,,274,,,-11,,1,DISTRICT24,TABLET
ART-SUP,1/1/2024,DISTRICT HOSPITAL,23,0,,49,,480,373,6,2,DISTRICT1,CAPSULE
PYRA-COMP,5/1/2024,HEALTH CENTER,3132,524,1827,,,3320,-490,1749,1,DISTRICT23,TABLET
ACT-GC,11/1/2025,HEALTH CENTER,1517,5,226,405,,42,436,193,30,DISTRICT14,BLISTER
ART-INJ,11/1/2024,HEALTH CENTER,153,34,100,170,,175,347,60,5,DISTRICT33,VIAL
QUIN,4/1/2025,HEALTH CENTER,,41,,40,1645,5206,-129,242,1000,DISTRICT25,TABLET
SP,2/1/2025,DISTRICT HOSPITAL,,12,17,446,,,344,6,1000,DISTRICT4,TABLET
SP,1/1/2025,HEALTH CENTER,197,,,,,,-167,,1000,DISTRICT26,TABLET
ACT-INF,3/1/2025,HEALTH CENTER,,0,,,,11,604,,30,DISTRICT14,BLISTER
PYRA-COMP,1/1/2024,HEALTH CENTER,3270,36,1466,2754,,11,-425,487,1,DISTRICT24,TABLET
SP,1/1/2024,HEALTH CENTER,1036,0,522,,,1,-201,145,1000,DISTRICT31,TABLET
SP,3/1/2025,DISTRICT HOSPITAL,127,0,21,27,,741,-312,18,1000,DISTRICT3,TABLET
QUIN,8/1/2025,HEALTH CENTER,,394,1034,4692,,18,-4,469,1000,DISTRICT26,TABLET
QUIN,12/1/2023,HEALTH CENTER,1630,0,174,,,,-645,66,1000,DISTRICT29,TABLET
ACT-GC,7/1/2025,HEALTH CENTER,6824,,,,1206,0,-142,706,30,DISTRICT9,BLISTER
PYRA-SAC,12/1/2023,HEALTH CENTER,45,,55,266,1431,122,-607,,1,DISTRICT28,SACHET
RDT,2/1/2024,HEALTH CENTER,1432,,201,652,,2532,-453,,25,DISTRICT31,PIECE
QUIN,4/1/2025,HEALTH CENTER,,438,289,,,,-305,92,1000,DISTRICT35,TABLET
QUIN,6/1/2024,HEALTH CENTER,718,,,685,,238,-508,,1000,DISTRICT23,TABLET
PYRA-COMP,11/1/2025,HEALTH CENTER,1984,87,142,815,,348,267,,1,DISTRICT24,TABLET
ART-INJ,3/1/2025,HEALTH CENTER,280,2,25,,,3,508,156,5,DISTRICT20,VIAL
ACT-SC,7/1/2024,HEALTH CENTER,2718,,,2632,1421,2739,143,,30,DISTRICT14,BLISTER
RDT,7/1/2025,HEALTH CENTER,619,,,1354,,4,-445,290,25,DISTRICT20,PIECE
RDT,5/1/2025,HEALTH CENTER,1243,159,656,610,,16,492,264,25,DISTRICT30,PIECE
SP,2/1/2024,HEALTH CENTER,,0,86,453,1006,0,50,146,1000,DISTRICT9,TABLET
ACT-AD,7/1/2024,HEALTH CENTER,908,0,,1437,,0,247,55,30,DISTRICT28,BLISTER
ART-INJ,3/1/2025,HEALTH CENTER,30,24,15,16,,6,386,16,5,DISTRICT14,VIAL
ACT-SC,3/1/2024,HEALTH CENTER,1329,,215,1827,727,,-775,,30,DISTRICT38,BLISTER
ACT-INF,9/1/2025,DISTRICT HOSPITAL,482,,286,220,,,-462,95,30,DISTRICT2,BLISTER
SP,6/1/2024,HEALTH CENTER,4022,56,,,,438,-197,,1000,DISTRICT10,TABLET
ART-INJ,11/1/2025,DISTRICT HOSPITAL,2029,233,285,2351,,0,773,370,5,DISTRICT30,VIAL
ITN,4/1/2025,HEALTH CENTER,124,114,,96,,26,89,77,50,DISTRICT10,PIECE
ART-SUP,7/1/2024,HEALTH CENTER,,1164,529,2031,,30,-359,292,2,DISTRICT36,CAPSULE
ACT-GC,7/1/2024,HEALTH CENTER,3775,8,205,1224,521,1351,-339,124,30,DISTRICT20,BLISTER
QUIN,7/1/2024,HEALTH CENTER,445,560,,1077,,14,-193,,1000,DISTRICT7,TABLET
ART-SUP,3/1/2025,HEALTH CENTER,1237,1308,,1824,1632,,254,109,2,DISTRICT23,CAPSULE
ART-INJ,6/1/2024,HEALTH CENTER,2333,0,,760,1099,11048,446,1219,5,DISTRICT35,VIAL
ACT-INF,4/1/2025,HEALTH CENTER,2071,25,408,3055,,0,-194,,30,DISTRICT17,BLISTER
PYRA-COMP,11/1/2024,HEALTH CENTER,3317,5,927,2376,,,-180,,1,DISTRICT3,TABLET
ART-INJ,7/1/2025,DISTRICT HOSPITAL,,0,213,162,,,-413,,5,DISTRICT28,VIAL
PYRA-COMP,2/1/2025,HEALTH CENTER,47,,63,11,,4,-366,15,1,DISTRICT35,TABLET
QUIN,11/1/2024,HEALTH CENTER,450,0,9,11,,0,230,0,1000,DISTRICT36,TABLET
ACT-SC,11/1/2024,HEALTH CENTER,194,159,35,147,,0,136,8,30,DISTRICT9,BLISTER
PYRA-COMP,4/1/2024,HEALTH CENTER,2351,,285,,,255,171,185,1,DISTRICT32,TABLET
ACT-AD,3/1/2025,HEALTH CENTER,1107,4,,1178,,1991,34,386,30,DISTRICT32,BLISTER
PYRA-SAC,2/1/2024,HEALTH CENTER,91,,4,,,0,123,3,1,DISTRICT21,SACHET
RDT,7/1/2025,HEALTH CENTER,1514,206,,,,,-46,,25,DISTRICT20,PIECE
ACT-SC,4/1/2024,HEALTH CENTER,,10,156,646,,,-535,112,30,DISTRICT19,BLISTER
SP,9/1/2025,HEALTH CENTER,,,268,,2396,1830,-765,287,1000,DISTRICT31,TABLET
SP,6/1/2025,HEALTH CENTER,,46,120,,,0,-791,97,1000,DISTRICT33,TABLET
ACT-AD,10/1/2024,HEALTH CENTER,1220,69,232,392,,58,450,,30,DISTRICT16,BLISTER
ACT-SC,8/1/2024,HEALTH CENTER,,0,,314,537,369,-298,95,30,DISTRICT13,BLISTER
PYRA-SAC,8/1/2025,HEALTH CENTER,2756,0,353,271,,29,-4,,1,DISTRICT18,SACHET
ACT-INF,7/1/2025,HEALTH CENTER,,0,,1141,,,385,597,30,DISTRICT30,BLISTER
ACT-SC,5/1/2024,HEALTH CENTER,,285,,909,,75,263,,30,DISTRICT9,BLISTER
ART-INJ,5/1/2024,HEALTH CENTER,,,43,290,,26,131,21,5,DISTRICT26,VIAL
ACT-INF,1/1/2024,HEALTH CENTER,734,,,598,,0,108,,30,DISTRICT25,BLISTER
ART-INJ,2/1/2024,HEALTH CENTER,1282,39,,,,0,893,,5,DISTRICT10,VIAL
ACT-GC,2/1/2025,HEALTH CENTER,,,,,,767,-42,337,30,DISTRICT37,BLISTER
ART-SUP,10/1/2024,HEALTH CENTER,97,2,39,,,15,153,72,2,DISTRICT12,CAPSULE
ART-INJ,5/1/2025,HEALTH CENTER,15,22,6,65,,2,621,,5,DISTRICT11,VIAL
ACT-GC,1/1/2024,HEALTH CENTER,384,7,79,258,609,5,-449,46,30,DISTRICT3,BLISTER
ART-SUP,1/1/2025,HEALTH CENTER,,,,,,4,-155,180,2,DISTRICT7,CAPSULE
ART-SUP,1/1/2024,HEALTH CENTER,719,1521,1257,,,10,199,,2,DISTRICT10,CAPSULE
ACT-AD,7/1/2024,DISTRICT HOSPITAL,2858,2341,1377,1878,,6508,-675,1091,30,DISTRICT25,BLISTER
PYRA-SAC,6/1/2024,HEALTH CENTER,,0,,46,,,-384,141,1,DISTRICT32,SACHET
ACT-AD,9/1/2024,HEALTH CENTER,637,0,22,371,,0,222,2,30,DISTRICT30,BLISTER
QUIN,6/1/2025,HEALTH CENTER,0,0,14,,,0,474,4,1000,DISTRICT31,TABLET
ACT-AD,2/1/2024,HEALTH CENTER,,54,145,307,,216,204,48,30,DISTRICT6,BLISTER
ART-INJ,9/1/2025,HEALTH CENTER,,1,392,,,13,-484,,5,DISTRICT19,VIAL
ART-INJ,2/1/2025,HEALTH CENTER,1862,,,2214,,6,826,,5,DISTRICT5,VIAL
PYRA-SAC,8/1/2024,HEALTH CENTER,,0,,96,,0,388,,1,DISTRICT20,SACHET
PYRA-COMP,6/1/2025,REGIONAL HOSPITAL,,4,1317,1097,,2101,219,,1,DISTRICT20,TABLET
ITN,6/1/2024,HEALTH CENTER,,201,249,,343,,580,,50,DISTRICT12,PIECE
ACT-AD,11/1/2025,HEALTH CENTER,240,2414,,,532,0,-709,10,30,DISTRICT29,BLISTER
QUIN,6/1/2025,HEALTH CENTER,,,258,,,5,-142,,1000,DISTRICT15,TABLET
ACT-AD,6/1/2024,HEALTH CENTER,167,0,11,111,989,109,96,10,30,DISTRICT36,BLISTER
RDT,12/1/2023,HEALTH CENTER,183,0,16,330,,13,-88,5,25,DISTRICT30,PIECE
ART-INJ,3/1/2025,HEALTH CENTER,,,29,,,0,-128,1,5,DISTRICT37,VIAL
RDT,7/1/2024,HEALTH CENTER,2069,0,260,180,,4610,6,221,25,DISTRICT31,PIECE
ACT-GC,1/1/2025,HEALTH CENTER,,7,1703,1365,348,8904,-55,1443,30,DISTRICT38,BLISTER
ACT-SC,8/1/2024,HEALTH CENTER,1423,0,,343,444,2074,-835,260,30,DISTRICT15,BLISTER
ACT-INF,12/1/2024,DISTRICT HOSPITAL,55,0,58,20,,123,-245,70,30,DISTRICT29,BLISTER
SP,1/1/2025,HEALTH CENTER,938,2,148,525,,63,-1,76,1000,DISTRICT1,TABLET
ACT-INF,5/1/2025,HEALTH CENTER,,,142,,,695,325,85,30,DISTRICT2,BLISTER
SP,9/1/2024,HEALTH CENTER,1046,1,,,684,,-567,3,1000,DISTRICT13,TABLET
SP,9/1/2024,HEALTH CENTER,364,208,313,503,,984,276,93,1000,DISTRICT32,TABLET
PYRA-SAC,10/1/2025,HEALTH CENTER,,4348,524,3218,,,-510,609,1,DISTRICT4,SACHET
ACT-SC,5/1/2025,HEALTH CENTER,1063,,,96,,58,617,,30,DISTRICT3,BLISTER
ART-INJ,2/1/2025,HEALTH CENTER,5464,1180,,12651,,61,525,,5,DISTRICT23,VIAL
QUIN,1/1/2025,HEALTH CENTER,,3,52,1370,,0,-224,8,1000,DISTRICT29,TABLET
ART-INJ,8/1/2025,HEALTH CENTER,1645,1,54,1255,,0,15,43,5,DISTRICT28,VIAL
ART-INJ,10/1/2024,HEALTH CENTER,2088,0,72,417,,0,119,162,5,DISTRICT33,VIAL
PYRA-COMP,2/1/2025,HEALTH CENTER,,6,175,805,138,486,431,86,1,DISTRICT7,TABLET
ACT-INF,2/1/2025,HEALTH CENTER,,,97,106,,711,-1734,51,30,DISTRICT9,BLISTER
ACT-AD,5/1/2024,HEALTH CENTER,,6,,,,325,402,82,30,DISTRICT1,BLISTER
ITN,12/1/2023,HEALTH CENTER,1763,1,292,1511,,0,286,79,50,DISTRICT37,PIECE
RDT,3/1/2025,HEALTH CENTER,441,535,323,2145,,0,37,154,25,DISTRICT19,PIECE
ACT-AD,2/1/2024,HEALTH CENTER,2344,62,867,2801,1285,6338,38,,30,DISTRICT13,BLISTER
ACT-AD,5/1/2025,HEALTH CENTER,2597,0,257,,977,,-328,281,30,DISTRICT23,BLISTER
ACT-INF,11/1/2024,HEALTH CENTER,1199,9,172,660,,28,293,,30,DISTRICT9,BLISTER
ACT-AD,6/1/2025,HEALTH CENTER,,,253,,557,0,744,337,30,DISTRICT5,BLISTER
SP,1/1/2024,HEALTH CENTER,162,0,10,75,,10,-63,,1000,DISTRICT23,TABLET
ART-INJ,8/1/2024,HEALTH CENTER,,1,390,2879,,198,-85,580,5,DISTRICT16,VIAL
PYRA-SAC,8/1/2025,HEALTH CENTER,3195,55,690,2519,,1742,-282,573,1,DISTRICT13,SACHET
PYRA-SAC,8/1/2025,HEALTH CENTER,3433,172,877,1565,,1893,21,,1,DISTRICT20,SACHET
ART-INJ,7/1/2025,HEALTH CENTER,1746,23,487,,1188,1424,-255,,5,DISTRICT14,VIAL
RDT,5/1/2024,DISTRICT HOSPITAL,977,947,254,,,12,-133,521,25,DISTRICT10,PIECE
SP,7/1/2024,HEALTH CENTER,335,0,126,,,,316,128,1000,DISTRICT12,TABLET
PYRA-SAC,1/1/2025,HEALTH CENTER,248,465,280,389,,,91,74,1,DISTRICT13,SACHET
QUIN,9/1/2025,HEALTH CENTER,,24,,653,,21,190,401,1000,DISTRICT28,TABLET
ACT-GC,6/1/2024,HEALTH CENTER,,1,371,1941,,7,76,704,30,DISTRICT35,BLISTER
ACT-SC,3/1/2025,HEALTH CENTER,336,,,381,,715,-497,1,30,DISTRICT13,BLISTER
ART-INJ,9/1/2024,HEALTH CENTER,643,38,433,,,683,81,,5,DISTRICT33,VIAL
PYRA-COMP,1/1/2025,DISTRICT HOSPITAL,,,584,5550,566,40,-312,513,1,DISTRICT26,TABLET
PYRA-SAC,11/1/2024,HEALTH CENTER,151,,,,,54,646,,1,DISTRICT29,SACHET
RDT,12/1/2024,HEALTH CENTER,,487,430,2274,,0,533,,25,DISTRICT31,PIECE
ACT-GC,11/1/2025,HEALTH CENTER,928,3,287,1245,,294,620,,30,DISTRICT26,BLISTER
ACT-SC,1/1/2025,DISTRICT HOSPITAL,,,174,1010,,,563,124,30,DISTRICT28,BLISTER
ACT-INF,6/1/2025,HEALTH CENTER,,,1249,942,,,188,,30,DISTRICT12,BLISTER
PYRA-COMP,2/1/2024,HEALTH CENTER,1821,1630,,,,0,-197,187,1,DISTRICT23,TABLET
SP,10/1/2025,HEALTH CENTER,917,0,,,,0,300,94,1000,DISTRICT38,TABLET
QUIN,3/1/2024,HEALTH CENTER,,0,0,2,,0,-848,0,1000,DISTRICT2,TABLET
QUIN,10/1/2025,HEALTH CENTER,542,93,22,1423,,66,334,4,1000,DISTRICT3,TABLET
QUIN,9/1/2025,HEALTH CENTER,531,41,128,558,,4,19,36,1000,DISTRICT13,TABLET
ART-SUP,7/1/2025,REGIONAL HOSPITAL,1935,,,303,,3326,777,407,2,DISTRICT33,CAPSULE
QUIN,6/1/2025,HEALTH CENTER,163,0,26,65,,2,-167,,1000,DISTRICT1,TABLET
ACT-SC,2/1/2024,DISTRICT HOSPITAL,284,,148,,,1630,-293,127,30,DISTRICT29,BLISTER
ACT-SC,5/1/2024,HEALTH CENTER,150,,96,561,,0,-397,48,30,DISTRICT33,BLISTER
ACT-SC,5/1/2024,HEALTH CENTER,169,223,,,1077,0,-470,100,30,DISTRICT24,BLISTER
ART-INJ,8/1/2025,HEALTH CENTER,139,120,12,,,1618,-90,13,5,DISTRICT13,VIAL
PYRA-COMP,4/1/2025,HEALTH CENTER,1388,816,779,1939,488,3693,309,439,1,DISTRICT10,TABLET
PYRA-SAC,10/1/2025,HEALTH CENTER,1021,196,88,206,,5,-291,68,1,DISTRICT9,SACHET
PYRA-COMP,1/1/2025,HEALTH CENTER,652,0,,,,8,-855,15,1,DISTRICT14,TABLET
PYRA-SAC,12/1/2023,HEALTH CENTER,,218,179,141,2148,,-746,,1,DISTRICT31,SACHET
ACT-SC,12/1/2024,HEALTH CENTER,,28,49,,,,-232,26,30,DISTRICT6,BLISTER
RDT,11/1/2024,DISTRICT HOSPITAL,3627,,1221,1425,,,182,,25,DISTRICT30,PIECE
QUIN,11/1/2025,HEALTH CENTER,710,0,,,,79,-586,101,1000,DISTRICT26,TABLET
PYRA-SAC,7/1/2024,HEALTH CENTER,853,,,285,,6,-232,78,1,DISTRICT30,SACHET
ITN,6/1/2024,HEALTH CENTER,172,20,3,,,,-352,6,50,DISTRICT9,PIECE
ART-INJ,2/1/2025,HEALTH CENTER,869,,,,190,0,269,32,5,DISTRICT36,VIAL
ITN,10/1/2025,HEALTH CENTER,7,2,4,5,,0,873,0,50,DISTRICT25,PIECE
SP,7/1/2024,HEALTH CENTER,,1229,1509,3829,,8620,-152,,1000,DISTRICT21,TABLET
ACT-SC,9/1/2025,HEALTH CENTER,,,423,3243,,2,-176,157,30,DISTRICT13,BLISTER
PYRA-COMP,6/1/2024,HEALTH CENTER,289,49,72,177,,2,-17,,1,DISTRICT15,TABLET
QUIN,7/1/2025,HEALTH CENTER,2135,21,974,,,210,-421,860,1000,DISTRICT31,TABLET
ACT-GC,8/1/2024,HEALTH CENTER,,,436,1319,,,684,,30,DISTRICT28,BLISTER
QUIN,9/1/2024,HEALTH CENTER,,0,29,,855,,883,24,1000,DISTRICT36,TABLET
ACT-GC,7/1/2025,HEALTH CENTER,763,,294,,,496,-191,128,30,DISTRICT36,BLISTER
PYRA-COMP,8/1/2024,DISTRICT HOSPITAL,1384,18,,,,21,521,,1,DISTRICT29,TABLET
ITN,5/1/2024,HEALTH CENTER,353,315,357,183,,,491,90,50,DISTRICT19,PIECE
ACT-AD,5/1/2025,HEALTH CENTER,,124,288,1841,,4,667,392,30,DISTRICT21,BLISTER
ACT-INF,8/1/2025,HEALTH CENTER,,,,2693,,2,370,125,30,DISTRICT30,BLISTER
QUIN,1/1/2025,HEALTH CENTER,1459,210,169,1121,,0,-39,17,1000,DISTRICT21,TABLET
PYRA-SAC,12/1/2024,HEALTH CENTER,310,0,,37,,0,-162,4,1,DISTRICT28,SACHET
ITN,6/1/2024,HEALTH CENTER,27,,,24,,198,119,18,50,DISTRICT27,PIECE
SP,9/1/2025,HEALTH CENTER,233,1,,125,203,0,106,14,1000,DISTRICT26,TABLET
RDT,7/1/2024,HEALTH CENTER,801,114,188,,,0,-691,190,25,DISTRICT1,PIECE
ACT-GC,2/1/2024,HEALTH CENTER,,,24,,719,303,344,22,30,DISTRICT22,BLISTER
ACT-INF,8/1/2025,HEALTH CENTER,559,,60,252,,0,20,12,30,DISTRICT13,BLISTER
RDT,12/1/2024,HEALTH CENTER,432,,17,102,,,-262,18,25,DISTRICT12,PIECE
PYRA-COMP,12/1/2024,HEALTH CENTER,2557,5,298,,560,0,-24,164,1,DISTRICT14,TABLET
QUIN,10/1/2025,HEALTH CENTER,,421,326,,,1149,113,,1000,DISTRICT22,TABLET
PYRA-COMP,8/1/2025,HEALTH CENTER,813,,456,326,,,312,429,1,DISTRICT32,TABLET
ACT-GC,10/1/2025,HEALTH CENTER,150,21,,938,,24,-314,94,30,DISTRICT28,BLISTER
RDT,9/1/2025,HEALTH CENTER,594,,,774,1437,,265,540,25,DISTRICT9,PIECE
ACT-GC,4/1/2025,HEALTH CENTER,2076,1436,435,,,84,-814,431,30,DISTRICT20,BLISTER
ACT-AD,10/1/2025,HEALTH CENTER,690,226,376,,,603,-154,414,30,DISTRICT17,BLISTER
ACT-INF,10/1/2024,HEALTH CENTER,,404,154,,,,145,78,30,DISTRICT1,BLISTER
QUIN,7/1/2025,HEALTH CENTER,202,205,309,,,30,547,925,1000,DISTRICT3,TABLET
RDT,8/1/2025,HEALTH CENTER,1784,7,137,,,1146,212,48,25,DISTRICT15,PIECE
ACT-INF,11/1/2025,HEALTH CENTER,1080,,86,1148,,,-63,84,30,DISTRICT33,BLISTER
RDT,4/1/2025,HEALTH CENTER,474,,33,2379,,3,102,,25,DISTRICT31,PIECE
ART-INJ,9/1/2024,HEALTH CENTER,790,0,62,280,117,41,303,65,5,DISTRICT28,VIAL
ART-INJ,5/1/2024,DISTRICT HOSPITAL,8,0,19,145,,0,803,4,5,DISTRICT11,VIAL
ACT-SC,10/1/2025,HEALTH CENTER,2431,34,1343,2960,1154,386,-103,982,30,DISTRICT38,BLISTER
QUIN,3/1/2025,HEALTH CENTER,938,,371,,,3077,229,869,1000,DISTRICT37,TABLET
ACT-INF,12/1/2024,HEALTH CENTER,,18,279,589,,2,-254,89,30,DISTRICT1,BLISTER
ART-SUP,3/1/2024,HEALTH CENTER,3034,46,586,3278,483,0,166,,2,DISTRICT16,CAPSULE
ACT-AD,9/1/2024,HEALTH CENTER,235,0,1,,,0,34,,30,DISTRICT33,BLISTER
PYRA-SAC,11/1/2024,HEALTH CENTER,521,3,138,373,726,,-292,343,1,DISTRICT6,SACHET
ART-INJ,4/1/2024,HEALTH CENTER,4382,,,2474,539,480,-129,220,5,DISTRICT20,VIAL
ACT-GC,10/1/2025,HEALTH CENTER,6361,,,7769,157,0,59,666,30,DISTRICT23,BLISTER
ACT-INF,2/1/2024,HEALTH CENTER,303,120,343,,,,-76,82,30,DISTRICT19,BLISTER
ACT-GC,4/1/2025,HEALTH CENTER,15,0,17,35,181,47,611,8,30,DISTRICT33,BLISTER
ACT-INF,2/1/2024,HEALTH CENTER,5,122,133,49,,,-239,51,30,DISTRICT3,BLISTER
QUIN,4/1/2024,HEALTH CENTER,8,0,26,1,,15,-319,,1000,DISTRICT6,TABLET
ACT-AD,1/1/2024,HEALTH CENTER,,,219,,,0,-521,173,30,DISTRICT1,BLISTER
SP,11/1/2025,HEALTH CENTER,,,21,114,,0,-947,7,1000,DISTRICT28,TABLET
ITN,4/1/2025,HEALTH CENTER,998,19,274,,,418,-302,266,50,DISTRICT32,PIECE
ACT-SC,10/1/2025,HEALTH CENTER,40,87,9,70,,,-137,9,30,DISTRICT5,BLISTER
ITN,3/1/2025,HEALTH CENTER,91,,82,37,562,0,-114,4,50,DISTRICT12,PIECE
SP,8/1/2025,HEALTH CENTER,10,193,30,21,,33,51,6,1000,DISTRICT6,TABLET
ACT-INF,10/1/2024,HEALTH CENTER,14,7,5,157,,0,-74,2,30,DISTRICT35,BLISTER
SP,2/1/2025,HEALTH CENTER,,284,328,1329,,596,-92,,1000,DISTRICT28,TABLET
QUIN,6/1/2025,HEALTH CENTER,,0,145,48,,4,404,,1000,DISTRICT36,TABLET
ACT-INF,7/1/2024,HEALTH CENTER,1984,1,,3163,,25,-262,466,30,DISTRICT28,BLISTER
ITN,8/1/2025,HEALTH CENTER,,64,97,916,450,153,-345,,50,DISTRICT1,PIECE
ACT-SC,1/1/2025,HEALTH CENTER,1002,,166,563,,14,-642,,30,DISTRICT13,BLISTER
ACT-GC,7/1/2024,HEALTH CENTER,1966,0,870,2901,378,6,322,460,30,DISTRICT15,BLISTER
PYRA-COMP,7/1/2025,HEALTH CENTER,3208,69,807,4673,,288,-39,,1,DISTRICT19,TABLET
QUIN,4/1/2025,HEALTH CENTER,253,90,160,390,,71,585,,1000,DISTRICT32,TABLET
PYRA-SAC,3/1/2024,HEALTH CENTER,174,,297,870,,4179,508,640,1,DISTRICT19,SACHET
ACT-GC,7/1/2024,HEALTH CENTER,,0,,,,,542,8,30,DISTRICT4,BLISTER
RDT,9/1/2024,DISTRICT HOSPITAL,,130,,,,2176,-356,24,25,DISTRICT18,PIECE
ACT-SC,11/1/2024,HEALTH CENTER,200,,488,868,,590,337,638,30,DISTRICT15,BLISTER
RDT,2/1/2024,HEALTH CENTER,,171,289,1446,,946,-63,,25,DISTRICT23,PIECE
ACT-SC,7/1/2025,HEALTH CENTER,,166,19,211,439,,-61,16,30,DISTRICT6,BLISTER
ART-SUP,10/1/2025,HEALTH CENTER,,,,,1224,318,177,191,2,DISTRICT2,CAPSULE
ITN,11/1/2024,HEALTH CENTER,,0,,307,,240,-566,78,50,DISTRICT23,PIECE
RDT,3/1/2025,HEALTH CENTER,220,374,52,772,,,910,26,25,DISTRICT25,PIECE
PYRA-COMP,8/1/2024,HEALTH CENTER,739,,542,1188,1173,,302,509,1,DISTRICT2,TABLET
ACT-INF,6/1/2025,HEALTH CENTER,446,5,78,460,919,80,859,219,30,DISTRICT31,BLISTER
ACT-SC,8/1/2025,DISTRICT HOSPITAL,,3,,,588,0,300,127,30,DISTRICT38,BLISTER
ACT-AD,9/1/2025,HEALTH CENTER,,6,,4,,,-611,,30,DISTRICT5,BLISTER
RDT,8/1/2025,HEALTH CENTER,240,,251,,,0,-7,69,25,DISTRICT29,PIECE
PYRA-SAC,1/1/2024,HEALTH CENTER,436,433,,,,7,366,27,1,DISTRICT23,SACHET
ITN,10/1/2025,HEALTH CENTER,194,185,,444,,14,211,,50,DISTRICT25,PIECE
ART-SUP,7/1/2025,HEALTH CENTER,3361,,1349,,,3334,-320,1582,2,DISTRICT11,CAPSULE
QUIN,1/1/2025,HEALTH CENTER,285,418,490,649,,15656,353,929,1000,DISTRICT20,TABLET
ITN,3/1/2025,HEALTH CENTER,,200,67,70,,,47,106,50,DISTRICT22,PIECE
ART-SUP,6/1/2025,HEALTH CENTER,193,,64,,,,338,59,2,DISTRICT9,CAPSULE
ACT-INF,4/1/2024,HEALTH CENTER,8,63,67,53,,,-80,,30,DISTRICT20,BLISTER
ART-SUP,11/1/2025,HEALTH CENTER,1310,451,,,1311,,-144,304,2,DISTRICT16,CAPSULE
QUIN,11/1/2025,REGIONAL HOSPITAL,369,,83,116,,,-328,3,1000,DISTRICT26,TABLET
ACT-AD,8/1/2024,HEALTH CENTER,2275,314,,,,3,-149,557,30,DISTRICT13,BLISTER
QUIN,8/1/2024,HEALTH CENTER,502,2,281,900,638,,-440,306,1000,DISTRICT9,TABLET
RDT,6/1/2025,HEALTH CENTER,,3,,26,,104,348,2,25,DISTRICT13,PIECE
QUIN,12/1/2024,HEALTH CENTER,4354,419,1504,6217,948,2048,782,2253,1000,DISTRICT28,TABLET
ART-SUP,1/1/2024,HEALTH CENTER,308,258,83,458,,731,97,76,2,DISTRICT23,CAPSULE
PYRA-SAC,5/1/2024,HEALTH CENTER,70,0,57,,624,3286,259,,1,DISTRICT19,SACHET
ITN,4/1/2024,DISTRICT HOSPITAL,,61,121,1166,,0,305,,50,DISTRICT22,PIECE
ACT-GC,1/1/2025,HEALTH CENTER,117,28,37,,,,313,2,30,DISTRICT31,BLISTER
ART-SUP,11/1/2024,HEALTH CENTER,867,2,374,,370,1398,227,,2,DISTRICT3,CAPSULE
SP,12/1/2023,HEALTH CENTER,472,,46,162,,5732,-571,34,1000,DISTRICT14,TABLET
ACT-AD,3/1/2024,REGIONAL HOSPITAL,,724,121,556,,2,-497,,30,DISTRICT17,BLISTER
ITN,6/1/2025,NATIONAL HOSPITAL,,,67,179,,,-179,114,50,DISTRICT37,PIECE
PYRA-COMP,11/1/2025,HEALTH CENTER,414,,164,475,683,1,429,,1,DISTRICT28,TABLET
PYRA-COMP,4/1/2024,HEALTH CENTER,49,232,44,94,,304,-53,34,1,DISTRICT22,TABLET
ACT-SC,5/1/2024,HEALTH CENTER,,86,266,734,541,0,258,,30,DISTRICT20,BLISTER
ACT-SC,12/1/2024,HEALTH CENTER,1468,283,409,834,772,9,105,424,30,DISTRICT29,BLISTER
ACT-GC,1/1/2025,HEALTH CENTER,49,230,15,63,386,0,-518,18,30,DISTRICT24,BLISTER
ITN,8/1/2025,HEALTH CENTER,,155,57,288,221,144,-14,71,50,DISTRICT33,PIECE
QUIN,10/1/2025,HEALTH CENTER,5865,,239,3985,,0,76,247,1000,DISTRICT20,TABLET
ACT-SC,5/1/2024,HEALTH CENTER,217,0,37,,163,0,-98,24,30,DISTRICT10,BLISTER
ACT-GC,7/1/2024,NATIONAL HOSPITAL,,0,42,712,1221,53,1300,,30,DISTRICT32,BLISTER
RDT,12/1/2024,HEALTH CENTER,3978,1013,1527,,,0,-255,1449,25,DISTRICT4,PIECE
ITN,1/1/2024,HEALTH CENTER,,0,82,,,,-456,42,50,DISTRICT12,PIECE
ACT-GC,4/1/2025,HEALTH CENTER,35,,27,104,,69,-80,34,30,DISTRICT33,BLISTER
ACT-GC,7/1/2025,HEALTH CENTER,35,0,13,130,,,-636,47,30,DISTRICT26,BLISTER
PYRA-SAC,10/1/2025,HEALTH CENTER,,,,,,651,-637,,1,DISTRICT6,SACHET
ACT-AD,2/1/2024,HEALTH CENTER,2061,,413,1453,,1853,463,,30,DISTRICT21,BLISTER
ACT-GC,3/1/2025,HEALTH CENTER,622,0,7,,,10672,-32,24,30,DISTRICT24,BLISTER
ART-INJ,12/1/2023,HEALTH CENTER,821,166,225,638,,1,800,204,5,DISTRICT23,VIAL
RDT,5/1/2025,HEALTH CENTER,,415,,3113,,0,-564,154,25,DISTRICT14,PIECE
PYRA-COMP,7/1/2025,HEALTH CENTER,,43,,1974,554,146,446,158,1,DISTRICT13,TABLET
RDT,11/1/2024,HEALTH CENTER,399,,111,136,215,6,579,,25,DISTRICT2,PIECE
ACT-AD,1/1/2024,HEALTH CENTER,112,3,86,,,316,-66,58,30,DISTRICT3,BLISTER
ART-SUP,1/1/2024,HEALTH CENTER,26,,124,854,,3,-256,,2,DISTRICT32,CAPSULE
ART-INJ,3/1/2024,HEALTH CENTER,372,46,155,,,0,93,198,5,DISTRICT26,VIAL
PYRA-SAC,5/1/2024,HEALTH CENTER,138,0,12,95,481,6,-1021,8,1,DISTRICT28,SACHET
PYRA-COMP,7/1/2024,HEALTH CENTER,939,132,62,419,877,4,-259,2,1,DISTRICT3,TABLET
ACT-SC,4/1/2024,HEALTH CENTER,56,8,80,297,,281,-573,24,30,DISTRICT29,BLISTER
RDT,1/1/2024,HEALTH CENTER,89,,44,7,865,13,-413,74,25,DISTRICT6,PIECE
PYRA-COMP,9/1/2025,HEALTH CENTER,,,129,444,,1,-476,77,1,DISTRICT19,TABLET
ACT-AD,6/1/2024,HEALTH CENTER,,,61,92,476,0,-260,28,30,DISTRICT33,BLISTER
SP,2/1/2025,REGIONAL HOSPITAL,162,0,32,230,,114,180,94,1000,DISTRICT28,TABLET
ACT-INF,5/1/2024,HEALTH CENTER,373,0,67,,,0,73,113,30,DISTRICT6,BLISTER
PYRA-COMP,12/1/2023,HEALTH CENTER,849,1023,254,1072,,2867,-97,41,1,DISTRICT31,TABLET
PYRA-COMP,10/1/2024,HEALTH CENTER,3890,4744,1553,,,813,519,2455,1,DISTRICT25,TABLET
ACT-SC,7/1/2025,HEALTH CENTER,332,0,97,,997,451,346,89,30,DISTRICT13,BLISTER
RDT,12/1/2024,HEALTH CENTER,654,134,190,452,,3468,-191,,25,DISTRICT20,PIECE
PYRA-SAC,4/1/2025,HEALTH CENTER,190,19,136,549,,114,491,290,1,DISTRICT16,SACHET
SP,1/1/2025,HEALTH CENTER,49,,91,12,114,0,283,39,1000,DISTRICT8,TABLET
ART-SUP,6/1/2024,HEALTH CENTER,827,1,132,,,5831,-55,99,2,DISTRICT31,CAPSULE
PYRA-SAC,9/1/2024,HEALTH CENTER,4393,23,1593,3263,849,5292,39,1621,1,DISTRICT37,SACHET
ACT-GC,7/1/2024,HEALTH CENTER,10,413,,,,,-6,1,30,DISTRICT21,BLISTER
ACT-GC,3/1/2024,DISTRICT HOSPITAL,67,0,26,238,,1,234,27,30,DISTRICT29,BLISTER
ACT-AD,12/1/2023,HEALTH CENTER,306,,23,,45,0,857,13,30,DISTRICT7,BLISTER
QUIN,7/1/2024,HEALTH CENTER,,2,929,,,,-28,738,1000,DISTRICT25,TABLET
ACT-AD,5/1/2024,HEALTH CENTER,1280,5,,,,120,640,,30,DISTRICT9,BLISTER
ACT-GC,5/1/2024,HEALTH CENTER,,1,98,668,,6,59,287,30,DISTRICT21,BLISTER
ACT-AD,2/1/2024,HEALTH CENTER,1945,29,289,1876,358,36,-475,341,30,DISTRICT28,BLISTER
PYRA-COMP,12/1/2023,HEALTH CENTER,,0,126,191,859,471,569,82,1,DISTRICT23,TABLET
ACT-AD,7/1/2025,HEALTH CENTER,1516,196,,600,,12,494,,30,DISTRICT1,BLISTER
ACT-INF,7/1/2024,HEALTH CENTER,1,0,,15,,0,224,0,30,DISTRICT32,BLISTER
ACT-AD,3/1/2025,DISTRICT HOSPITAL,0,0,0,1,,,349,0,30,DISTRICT13,BLISTER
ITN,6/1/2025,HEALTH CENTER,745,,233,507,,0,-782,80,50,DISTRICT18,PIECE
ACT-AD,3/1/2024,HEALTH CENTER,383,575,110,,1237,23,-157,,30,DISTRICT10,BLISTER
PYRA-COMP,5/1/2024,HEALTH CENTER,244,2397,63,822,,0,-473,10,1,DISTRICT15,TABLET
ART-INJ,4/1/2025,HEALTH CENTER,,342,33,1119,,,-317,56,5,DISTRICT31,VIAL
PYRA-COMP,6/1/2025,DISTRICT HOSPITAL,293,5,19,,71,0,-76,13,1,DISTRICT36,TABLET
ACT-GC,11/1/2025,HEALTH CENTER,,,,742,,28,-545,559,30,DISTRICT37,BLISTER
ITN,1/1/2025,DISTRICT HOSPITAL,,2128,430,,,,223,,50,DISTRICT11,PIECE
ACT-GC,5/1/2025,HEALTH CENTER,,0,287,,,26,282,174,30,DISTRICT30,BLISTER
PYRA-COMP,1/1/2024,HEALTH CENTER,540,277,23,529,,0,-135,,1,DISTRICT21,TABLET
SP,3/1/2025,HEALTH CENTER,,1,,144,,54,68,218,1000,DISTRICT30,TABLET
ART-INJ,5/1/2025,HEALTH CENTER,863,0,,444,966,5893,232,171,5,DISTRICT25,VIAL
ITN,11/1/2025,HEALTH CENTER,20,0,2,128,236,,-282,0,50,DISTRICT4,PIECE
ACT-INF,2/1/2024,HEALTH CENTER,453,,,824,,10,451,170,30,DISTRICT22,BLISTER
QUIN,5/1/2024,HEALTH CENTER,54,,16,12,,0,48,1,1000,DISTRICT12,TABLET
PYRA-SAC,4/1/2025,HEALTH CENTER,,0,30,6,248,7,-388,,1,DISTRICT4,SACHET
ITN,10/1/2025,HEALTH CENTER,109,14,,209,,0,289,1,50,DISTRICT1,PIECE
PYRA-COMP,3/1/2024,HEALTH CENTER,,1,79,37,,4413,11,,1,DISTRICT31,TABLET
ART-INJ,8/1/2025,DISTRICT HOSPITAL,,3,,,,372,-97,,5,DISTRICT4,VIAL
ACT-SC,12/1/2023,HEALTH CENTER,31,0,65,67,,905,380,17,30,DISTRICT6,BLISTER
QUIN,5/1/2024,REGIONAL HOSPITAL,,,295,,,62,-1227,198,1000,DISTRICT10,TABLET
ART-INJ,10/1/2025,HEALTH CENTER,391,35,699,1416,,232,-442,929,5,DISTRICT36,VIAL
ART-SUP,10/1/2025,HEALTH CENTER,888,34,509,1839,,132,-309,290,2,DISTRICT29,CAPSULE
ITN,5/1/2024,HEALTH CENTER,333,1817,57,895,598,819,-364,66,50,DISTRICT14,PIECE
ART-SUP,4/1/2024,HEALTH CENTER,24,0,13,79,,294,-8,50,2,DISTRICT16,CAPSULE
ART-SUP,8/1/2024,HEALTH CENTER,862,0,79,846,,1,499,,2,DISTRICT28,CAPSULE
PYRA-COMP,4/1/2025,HEALTH CENTER,938,1528,238,1444,,572,182,155,1,DISTRICT24,TABLET
ACT-INF,7/1/2025,HEALTH CENTER,6874,2317,1241,7478,,0,-263,1354,30,DISTRICT31,BLISTER
PYRA-COMP,4/1/2025,HEALTH CENTER,1338,,307,751,,,-649,244,1,DISTRICT17,TABLET
ART-SUP,1/1/2024,HEALTH CENTER,184,2556,103,578,,0,-655,5,2,DISTRICT33,CAPSULE
PYRA-COMP,4/1/2025,HEALTH CENTER,527,0,17,,243,11,-635,7,1,DISTRICT31,TABLET
ART-SUP,6/1/2025,DISTRICT HOSPITAL,849,,172,,,0,47,,2,DISTRICT5,CAPSULE
ART-SUP,9/1/2025,HEALTH CENTER,,617,435,853,,1299,272,,2,DISTRICT30,CAPSULE
ACT-SC,5/1/2024,HEALTH CENTER,773,,325,,,7,-341,60,30,DISTRICT13,BLISTER
PYRA-COMP,11/1/2024,REGIONAL HOSPITAL,,4,415,,1052,874,-93,708,1,DISTRICT9,TABLET
SP,8/1/2025,DISTRICT HOSPITAL,3838,,,1218,,,-102,774,1000,DISTRICT10,TABLET
ART-INJ,5/1/2024,HEALTH CENTER,454,,8,14,450,77,516,36,5,DISTRICT29,VIAL
ART-INJ,12/1/2023,HEALTH CENTER,702,115,,512,,234,-351,123,5,DISTRICT23,VIAL
QUIN,10/1/2024,HEALTH CENTER,,258,705,3500,,82,-476,501,1000,DISTRICT19,TABLET
ART-INJ,3/1/2025,HEALTH CENTER,,,251,,,,-64,287,5,DISTRICT28,VIAL
PYRA-SAC,2/1/2024,HEALTH CENTER,2615,1,,,,0,-283,31,1,DISTRICT16,SACHET
ACT-AD,2/1/2024,HEALTH CENTER,85,27,,,1425,9723,156,,30,DISTRICT28,BLISTER
ART-INJ,3/1/2024,HEALTH CENTER,,1,233,,384,465,881,,5,DISTRICT3,VIAL
PYRA-SAC,4/1/2025,HEALTH CENTER,502,137,72,,,20,-491,,1,DISTRICT33,SACHET
SP,10/1/2024,HEALTH CENTER,983,4,439,2024,845,,539,675,1000,DISTRICT28,TABLET
ACT-AD,2/1/2024,REGIONAL HOSPITAL,1554,0,614,1190,,228,-189,846,30,DISTRICT15,BLISTER
PYRA-COMP,10/1/2025,HEALTH CENTER,3367,,1176,,260,100,467,,1,DISTRICT28,TABLET
PYRA-SAC,5/1/2025,HEALTH CENTER,109,14,,394,,0,35,40,1,DISTRICT9,SACHET
QUIN,5/1/2025,HEALTH CENTER,,0,176,1065,,0,-298,,1000,DISTRICT19,TABLET
PYRA-COMP,7/1/2025,HEALTH CENTER,1364,,439,,,2,364,307,1,DISTRICT36,TABLET
RDT,6/1/2025,HEALTH CENTER,1060,175,1693,,,11502,-140,1786,25,DISTRICT5,PIECE
ITN,9/1/2025,HEALTH CENTER,4356,2165,486,5985,,339,-620,876,50,DISTRICT13,PIECE
ACT-INF,10/1/2024,HEALTH CENTER,763,,26,,,,-248,9,30,DISTRICT14,BLISTER
ART-INJ,5/1/2024,HEALTH CENTER,1516,0,,,,0,827,,5,DISTRICT3,VIAL
PYRA-SAC,1/1/2025,HEALTH CENTER,1557,23,,1131,,438,413,324,1,DISTRICT21,SACHET
RDT,1/1/2024,HEALTH CENTER,952,100,187,2430,,1,712,82,25,DISTRICT35,PIECE
PYRA-SAC,8/1/2024,HEALTH CENTER,633,8,,169,239,0,-153,,1,DISTRICT25,SACHET
ITN,9/1/2025,HEALTH CENTER,,3,196,1378,,37,33,,50,DISTRICT19,PIECE
ITN,11/1/2025,HEALTH CENTER,,343,,,,9,-204,,50,DISTRICT18,PIECE
QUIN,9/1/2025,HEALTH CENTER,,0,359,,,1679,-442,,1000,DISTRICT35,TABLET
ACT-SC,6/1/2024,HEALTH CENTER,5788,85,742,2207,,3,-1309,,30,DISTRICT37,BLISTER
PYRA-SAC,8/1/2025,HEALTH CENTER,,52,,418,,0,-73,,1,DISTRICT6,SACHET
ITN,9/1/2024,HEALTH CENTER,8,1,39,,,0,-1019,7,50,DISTRICT29,PIECE
ACT-AD,5/1/2024,HEALTH CENTER,573,1109,159,2811,200,9,64,138,30,DISTRICT28,BLISTER
ACT-AD,3/1/2024,HEALTH CENTER,,24,146,1319,,0,-209,,30,DISTRICT19,BLISTER
ART-SUP,8/1/2025,HEALTH CENTER,,0,,20,,501,-191,21,2,DISTRICT32,CAPSULE
ACT-AD,4/1/2024,HEALTH CENTER,,,136,,,1,-882,22,30,DISTRICT15,BLISTER
QUIN,4/1/2024,HEALTH CENTER,,1,,107,,5575,93,160,1000,DISTRICT22,TABLET
RDT,4/1/2024,HEALTH CENTER,165,15,,198,526,53,-532,8,25,DISTRICT16,PIECE
PYRA-SAC,2/1/2024,HEALTH CENTER,,5,47,55,219,0,-504,3,1,DISTRICT20,SACHET
QUIN,12/1/2023,HEALTH CENTER,3339,20,1666,,1114,,169,,1000,DISTRICT33,TABLET
SP,8/1/2025,HEALTH CENTER,,,670,3453,,,-686,532,1000,DISTRICT33,TABLET
ACT-GC,4/1/2025,HEALTH CENTER,,18,537,1425,,0,888,199,30,DISTRICT11,BLISTER
ACT-AD,7/1/2025,HEALTH CENTER,,1,169,251,605,16,-708,45,30,DISTRICT29,BLISTER
ITN,6/1/2025,HEALTH CENTER,2643,26,,1364,1207,825,-155,,50,DISTRICT33,PIECE
ACT-AD,10/1/2025,HEALTH CENTER,29,87,,22,,2,143,,30,DISTRICT1,BLISTER
ACT-SC,7/1/2025,HEALTH CENTER,,,11,13,,0,499,9,30,DISTRICT36,BLISTER
SP,4/1/2025,HEALTH CENTER,454,53,23,768,,,-321,46,1000,DISTRICT12,TABLET
ACT-GC,1/1/2024,HEALTH CENTER,138,11,192,,,56,465,188,30,DISTRICT21,BLISTER
ACT-INF,10/1/2024,DISTRICT HOSPITAL,1305,261,979,3032,,4,-337,1354,30,DISTRICT32,BLISTER
ACT-INF,4/1/2025,HEALTH CENTER,411,14,119,,,0,331,,30,DISTRICT1,BLISTER
PYRA-SAC,11/1/2024,HEALTH CENTER,,,84,635,,,-254,,1,DISTRICT6,SACHET
ACT-SC,8/1/2024,HEALTH CENTER,177,11,19,60,,284,-92,,30,DISTRICT20,BLISTER
ITN,5/1/2024,HEALTH CENTER,3087,21,412,1786,,24,348,254,50,DISTRICT5,PIECE
RDT,12/1/2024,HEALTH CENTER,250,38,28,304,,591,-211,,25,DISTRICT32,PIECE
RDT,10/1/2024,HEALTH CENTER,305,,405,1673,,0,535,,25,DISTRICT3,PIECE
ART-SUP,8/1/2025,HEALTH CENTER,,91,,,,4780,23,521,2,DISTRICT9,CAPSULE
RDT,8/1/2025,HEALTH CENTER,597,66,19,,,150,327,25,25,DISTRICT4,PIECE
ART-INJ,12/1/2023,HEALTH CENTER,480,,268,996,,7,-19,250,5,DISTRICT13,VIAL
RDT,9/1/2024,HEALTH CENTER,,,23,111,,0,-228,7,25,DISTRICT3,PIECE
SP,7/1/2025,HEALTH CENTER,,19,,3169,1839,4550,-185,538,1000,DISTRICT21,TABLET
ACT-INF,4/1/2025,HEALTH CENTER,,,,,,0,-84,18,30,DISTRICT31,BLISTER
PYRA-COMP,5/1/2025,HEALTH CENTER,1030,,,,,0,-696,,1,DISTRICT28,TABLET
RDT,2/1/2024,DISTRICT HOSPITAL,283,9,152,440,,0,525,,25,DISTRICT38,PIECE
PYRA-SAC,10/1/2025,HEALTH CENTER,,,454,2056,,14,21,580,1,DISTRICT21,SACHET
ART-SUP,1/1/2025,HEALTH CENTER,,1,632,94,1059,40,455,382,2,DISTRICT38,CAPSULE
ACT-INF,3/1/2025,HEALTH CENTER,,,48,79,1523,,-155,25,30,DISTRICT3,BLISTER
RDT,11/1/2025,HEALTH CENTER,5473,31,1032,2793,,158,-228,1224,25,DISTRICT20,PIECE
ITN,11/1/2025,HEALTH CENTER,,342,,658,,6,152,,50,DISTRICT33,PIECE
ACT-GC,2/1/2025,HEALTH CENTER,2704,752,634,902,,107,-488,757,30,DISTRICT20,BLISTER
ART-INJ,6/1/2025,HEALTH CENTER,,0,1,6,76,0,-460,0,5,DISTRICT26,VIAL
ACT-SC,4/1/2025,HEALTH CENTER,1783,0,271,1410,,1,326,152,30,DISTRICT33,BLISTER
ACT-INF,6/1/2025,DISTRICT HOSPITAL,119,,563,227,,62,101,151,30,DISTRICT13,BLISTER
ACT-AD,4/1/2024,HEALTH CENTER,769,101,48,,,0,-422,1,30,DISTRICT8,BLISTER
PYRA-COMP,10/1/2025,HEALTH CENTER,,956,,,,,203,,1,DISTRICT25,TABLET
ART-SUP,7/1/2024,DISTRICT HOSPITAL,,0,538,1359,,,26,558,2,DISTRICT36,CAPSULE
PYRA-COMP,3/1/2025,DISTRICT HOSPITAL,923,,284,268,,86,371,199,1,DISTRICT23,TABLET
PYRA-SAC,8/1/2025,HEALTH CENTER,1280,3619,241,956,371,0,321,250,1,DISTRICT6,SACHET
SP,11/1/2024,HEALTH CENTER,2024,0,458,,1139,,-425,,1000,DISTRICT30,TABLET
SP,3/1/2025,HEALTH CENTER,592,0,245,798,420,28,266,161,1000,DISTRICT38,TABLET
ACT-AD,10/1/2024,HEALTH CENTER,,0,,608,,4,-146,327,30,DISTRICT7,BLISTER
ART-SUP,4/1/2025,HEALTH CENTER,1559,126,145,1126,313,0,-707,138,2,DISTRICT24,CAPSULE
ACT-AD,11/1/2025,HEALTH CENTER,1678,32,716,1524,,161,548,666,30,DISTRICT37,BLISTER
ITN,7/1/2025,HEALTH CENTER,202,6,,115,844,31,1008,114,50,DISTRICT9,PIECE
RDT,2/1/2025,HEALTH CENTER,707,41,170,675,,2044,322,91,25,DISTRICT16,PIECE
PYRA-SAC,11/1/2024,HEALTH CENTER,,404,,1504,,28,345,834,1,DISTRICT16,SACHET
ACT-GC,8/1/2024,HEALTH CENTER,,104,354,840,,1851,-503,,30,DISTRICT37,BLISTER
ACT-SC,4/1/2025,HEALTH CENTER,1119,9,69,,,0,-674,,30,DISTRICT1,BLISTER
ITN,10/1/2024,HEALTH CENTER,1817,441,834,2109,,41,-210,543,50,DISTRICT20,PIECE
PYRA-COMP,2/1/2024,HEALTH CENTER,423,,45,883,,0,-81,31,1,DISTRICT21,TABLET
ACT-INF,12/1/2024,HEALTH CENTER,,,168,992,,372,-154,,30,DISTRICT31,BLISTER
ACT-INF,12/1/2024,HEALTH CENTER,1280,271,94,321,,437,-22,,30,DISTRICT1,BLISTER
ACT-SC,7/1/2024,REGIONAL HOSPITAL,3854,7,557,2754,,1790,-228,435,30,DISTRICT9,BLISTER
ACT-GC,9/1/2025,HEALTH CENTER,2649,38,,682,,2916,287,916,30,DISTRICT10,BLISTER
ACT-INF,9/1/2025,HEALTH CENTER,354,0,,420,,0,-459,96,30,DISTRICT10,BLISTER
PYRA-COMP,6/1/2024,HEALTH CENTER,188,,,131,,,486,49,1,DISTRICT23,TABLET
ACT-SC,4/1/2024,HEALTH CENTER,,6,207,,,,-212,,30,DISTRICT28,BLISTER
ACT-SC,7/1/2024,HEALTH CENTER,,2935,,985,1083,951,121,,30,DISTRICT1,BLISTER
ACT-GC,2/1/2025,HEALTH CENTER,646,0,104,396,,4475,-452,175,30,DISTRICT37,BLISTER
SP,11/1/2024,HEALTH CENTER,14,53,16,660,,0,-426,,1000,DISTRICT3,TABLET
RDT,12/1/2024,HEALTH CENTER,,,38,71,,5,-496,16,25,DISTRICT23,PIECE
PYRA-SAC,12/1/2024,HEALTH CENTER,2028,,,1872,,2,471,,1,DISTRICT1,SACHET
ITN,10/1/2024,HEALTH CENTER,1242,3,210,,,240,37,535,50,DISTRICT9,PIECE
SP,3/1/2025,HEALTH CENTER,7225,,1281,3726,,4386,-224,1480,1000,DISTRICT2,TABLET
ART-INJ,7/1/2025,HEALTH CENTER,21,,8,,,1,-752,1,5,DISTRICT3,VIAL
ACT-SC,2/1/2025,HEALTH CENTER,3072,354,,3418,,10,105,120,30,DISTRICT7,BLISTER
PYRA-SAC,5/1/2025,DISTRICT HOSPITAL,1347,116,,1748,346,191,-73,139,1,DISTRICT5,SACHET
ART-INJ,1/1/2024,HEALTH CENTER,18,29,10,101,,0,686,19,5,DISTRICT37,VIAL
ACT-AD,7/1/2025,HEALTH CENTER,,0,,535,622,1824,-203,99,30,DISTRICT28,BLISTER
ACT-SC,2/1/2024,HEALTH CENTER,,0,47,30,,2,300,18,30,DISTRICT32,BLISTER
PYRA-SAC,1/1/2024,REGIONAL HOSPITAL,,,383,,678,1098,-124,586,1,DISTRICT9,SACHET
ACT-INF,7/1/2024,HEALTH CENTER,1171,1,203,271,1906,26,75,53,30,DISTRICT9,BLISTER
SP,3/1/2025,HEALTH CENTER,118,,50,53,,0,-571,,1000,DISTRICT5,TABLET
ACT-GC,3/1/2024,HEALTH CENTER,4411,2,307,,843,0,-243,,30,DISTRICT19,BLISTER
PYRA-COMP,4/1/2025,HEALTH CENTER,2854,8,242,2916,,41,-414,384,1,DISTRICT31,TABLET
ART-INJ,1/1/2024,HEALTH CENTER,,0,,40,,901,-203,24,5,DISTRICT14,VIAL
ITN,4/1/2025,HEALTH CENTER,1172,73,,434,,130,64,8,50,DISTRICT10,PIECE
ITN,1/1/2025,HEALTH CENTER,2347,0,254,431,,,7,153,50,DISTRICT24,PIECE
PYRA-SAC,5/1/2024,HEALTH CENTER,9,0,7,,,,-188,,1,DISTRICT22,SACHET
ACT-GC,2/1/2025,HEALTH CENTER,19,159,,,,0,253,44,30,DISTRICT32,BLISTER
PYRA-COMP,4/1/2025,HEALTH CENTER,771,,,850,735,60,-235,622,1,DISTRICT4,TABLET
PYRA-COMP,3/1/2025,HEALTH CENTER,1539,58,549,1785,,,144,,1,DISTRICT29,TABLET
ACT-INF,9/1/2024,HEALTH CENTER,1750,35,,3061,,540,292,589,30,DISTRICT5,BLISTER
PYRA-SAC,2/1/2024,HEALTH CENTER,,150,283,953,,118,-77,170,1,DISTRICT4,SACHET
ACT-AD,11/1/2025,HEALTH CENTER,224,446,122,2515,,0,108,123,30,DISTRICT20,BLISTER
RDT,2/1/2024,HEALTH CENTER,,,99,632,1193,4,572,67,25,DISTRICT30,PIECE
ART-SUP,4/1/2025,HEALTH CENTER,631,491,817,1919,,8673,-273,,2,DISTRICT1,CAPSULE
ART-INJ,2/1/2025,HEALTH CENTER,2076,,,2882,,6,-147,958,5,DISTRICT14,VIAL
ART-INJ,5/1/2025,HEALTH CENTER,583,774,,,,1252,95,669,5,DISTRICT29,VIAL
ACT-INF,1/1/2025,DISTRICT HOSPITAL,5059,,520,4505,497,126,802,,30,DISTRICT32,BLISTER
ART-SUP,2/1/2025,HEALTH CENTER,1442,78,180,784,,1788,-386,,2,DISTRICT19,CAPSULE
ACT-SC,9/1/2024,HEALTH CENTER,876,8,235,1943,,,-160,,30,DISTRICT6,BLISTER
RDT,7/1/2025,HEALTH CENTER,4017,32,,1372,,,123,320,25,DISTRICT21,PIECE
ACT-AD,9/1/2024,NATIONAL HOSPITAL,,,59,148,733,,132,59,30,DISTRICT19,BLISTER
ACT-INF,7/1/2025,REGIONAL HOSPITAL,8096,1674,1826,4239,,897,77,1933,30,DISTRICT19,BLISTER
ART-SUP,7/1/2024,HEALTH CENTER,,101,512,,,22,111,344,2,DISTRICT23,CAPSULE
PYRA-SAC,8/1/2024,HEALTH CENTER,369,,,293,,0,106,36,1,DISTRICT12,SACHET
PYRA-COMP,11/1/2025,HEALTH CENTER,,,,,439,27,356,1,1,DISTRICT31,TABLET
ART-INJ,10/1/2025,HEALTH CENTER,122,,40,,,,-336,68,5,DISTRICT33,VIAL
QUIN,5/1/2024,HEALTH CENTER,,213,326,780,,,120,125,1000,DISTRICT38,TABLET
SP,10/1/2025,HEALTH CENTER,1232,2,514,1475,,1226,495,386,1000,DISTRICT11,TABLET
ART-SUP,1/1/2024,HEALTH CENTER,,0,,309,,,235,24,2,DISTRICT5,CAPSULE
ACT-INF,2/1/2024,HEALTH CENTER,98,921,,165,,27,29,3,30,DISTRICT37,BLISTER
ACT-AD,12/1/2023,HEALTH CENTER,1521,1063,496,478,,36,-277,,30,DISTRICT14,BLISTER
ACT-SC,5/1/2025,HEALTH CENTER,,49,614,835,,320,-4,448,30,DISTRICT32,BLISTER
PYRA-COMP,5/1/2025,HEALTH CENTER,1695,6,286,2381,1317,0,686,,1,DISTRICT14,TABLET
ACT-GC,8/1/2024,HEALTH CENTER,2032,611,159,2276,,1,-58,263,30,DISTRICT30,BLISTER
ART-SUP,8/1/2025,HEALTH CENTER,1879,0,212,1828,,2840,72,,2,DISTRICT20,CAPSULE
PYRA-SAC,9/1/2024,HEALTH CENTER,192,82,89,132,,798,310,13,1,DISTRICT15,SACHET
ACT-AD,12/1/2023,HEALTH CENTER,1075,32,265,,1045,9,-662,250,30,DISTRICT13,BLISTER
ACT-SC,2/1/2025,HEALTH CENTER,,0,77,36,,,89,97,30,DISTRICT31,BLISTER
ART-INJ,2/1/2024,HEALTH CENTER,132,1,52,388,,4,376,71,5,DISTRICT3,VIAL
ACT-AD,5/1/2024,HEALTH CENTER,507,76,,,,0,-96,55,30,DISTRICT5,BLISTER
ACT-SC,11/1/2025,HEALTH CENTER,,0,,112,,850,-77,48,30,DISTRICT11,BLISTER
PYRA-SAC,9/1/2024,DISTRICT HOSPITAL,79,,82,83,,,-91,14,1,DISTRICT9,SACHET
QUIN,9/1/2024,HEALTH CENTER,,5,569,1032,,0,591,679,1000,DISTRICT28,TABLET
ART-INJ,9/1/2025,HEALTH CENTER,792,1322,399,,1467,67,-243,338,5,DISTRICT35,VIAL
ART-INJ,3/1/2025,DISTRICT HOSPITAL,,362,653,1727,,115,146,,5,DISTRICT3,VIAL
ACT-INF,7/1/2025,HEALTH CENTER,,265,199,295,,,56,,30,DISTRICT38,BLISTER
RDT,6/1/2024,HEALTH CENTER,127,13,,,,372,444,0,25,DISTRICT11,PIECE
ACT-SC,12/1/2023,HEALTH CENTER,376,55,49,690,,701,-419,23,30,DISTRICT23,BLISTER
PYRA-COMP,11/1/2025,HEALTH CENTER,783,62,,,,,266,,1,DISTRICT5,TABLET
ART-INJ,11/1/2024,HEALTH CENTER,,2,55,,,3965,580,9,5,DISTRICT7,VIAL
PYRA-COMP,2/1/2025,HEALTH CENTER,56,0,24,16,914,0,-139,,1,DISTRICT27,TABLET
PYRA-SAC,4/1/2024,HEALTH CENTER,930,57,,,,2775,1579,,1,DISTRICT6,SACHET
SP,4/1/2024,HEALTH CENTER,23,,26,6,,13,-320,15,1000,DISTRICT38,TABLET
ACT-AD,9/1/2025,HEALTH CENTER,179,,,636,,,82,76,30,DISTRICT30,BLISTER
SP,3/1/2025,HEALTH CENTER,321,,,54,285,0,558,0,1000,DISTRICT4,TABLET
PYRA-SAC,2/1/2025,HEALTH CENTER,436,244,46,362,,9,-349,,1,DISTRICT13,SACHET
ART-INJ,5/1/2024,DISTRICT HOSPITAL,2,1,1,1,,0,192,0,5,DISTRICT14,VIAL
PYRA-SAC,5/1/2024,HEALTH CENTER,,,309,,395,,-275,,1,DISTRICT1,SACHET
ACT-GC,9/1/2025,HEALTH CENTER,5863,3,1172,3182,,16,-76,896,30,DISTRICT7,BLISTER
ACT-SC,8/1/2025,HEALTH CENTER,12,137,28,51,,0,-13,23,30,DISTRICT12,BLISTER
QUIN,9/1/2025,HEALTH CENTER,2148,10,,,,102,78,918,1000,DISTRICT1,TABLET
ACT-GC,6/1/2025,HEALTH CENTER,1094,2,145,,,42,250,15,30,DISTRICT22,BLISTER
SP,1/1/2025,HEALTH CENTER,329,0,35,861,,1,-128,2,1000,DISTRICT29,TABLET
ACT-SC,2/1/2024,HEALTH CENTER,2,,5,5,,3721,-173,4,30,DISTRICT28,BLISTER
PYRA-COMP,2/1/2025,HEALTH CENTER,,200,,1186,1288,5704,642,137,1,DISTRICT36,TABLET
ACT-AD,2/1/2024,HEALTH CENTER,,927,487,3395,,0,506,125,30,DISTRICT31,BLISTER
PYRA-COMP,1/1/2024,HEALTH CENTER,4066,0,410,1940,2255,,-696,485,1,DISTRICT32,TABLET
ACT-INF,2/1/2024,HEALTH CENTER,54,1,57,,,7108,-256,61,30,DISTRICT26,BLISTER
ITN,5/1/2024,HEALTH CENTER,,0,,3,,,-333,,50,DISTRICT32,PIECE
ACT-AD,10/1/2025,HEALTH CENTER,775,31,310,,425,2350,-6,310,30,DISTRICT31,BLISTER
RDT,9/1/2025,HEALTH CENTER,47,,6,39,,1,-123,0,25,DISTRICT3,PIECE
PYRA-SAC,9/1/2024,DISTRICT HOSPITAL,,,164,,303,0,81,,1,DISTRICT19,SACHET
QUIN,4/1/2024,HEALTH CENTER,889,0,3,479,282,2,-150,4,1000,DISTRICT10,TABLET
ITN,7/1/2024,HEALTH CENTER,1869,1286,586,,928,37,-125,,50,DISTRICT1,PIECE
RDT,6/1/2025,HEALTH CENTER,471,3,278,,,65,-48,,25,DISTRICT24,PIECE
ACT-SC,12/1/2024,HEALTH CENTER,653,132,300,643,,126,-631,,30,DISTRICT1,BLISTER
ITN,12/1/2023,HEALTH CENTER,,0,,319,1026,2598,521,516,50,DISTRICT16,PIECE
RDT,6/1/2025,HEALTH CENTER,,,508,5126,890,,159,233,25,DISTRICT35,PIECE
ACT-GC,2/1/2024,HEALTH CENTER,14,18,,3,,59,-11,2,30,DISTRICT13,BLISTER
SP,3/1/2025,HEALTH CENTER,5907,,1871,3464,,,-133,1031,1000,DISTRICT31,TABLET
ITN,5/1/2024,HEALTH CENTER,70,,,236,2616,,-643,5,50,DISTRICT19,PIECE
ACT-SC,9/1/2024,HEALTH CENTER,,,,83,1574,22,-503,,30,DISTRICT32,BLISTER
ACT-AD,6/1/2025,HEALTH CENTER,3177,,355,,,0,-361,73,30,DISTRICT5,BLISTER
RDT,1/1/2025,HEALTH CENTER,349,,338,688,,1,357,,25,DISTRICT29,PIECE
PYRA-COMP,1/1/2024,HEALTH CENTER,49,5,28,31,,1,-36,,1,DISTRICT32,TABLET
ACT-SC,10/1/2024,HEALTH CENTER,,334,441,685,,,174,390,30,DISTRICT33,BLISTER
ART-INJ,2/1/2024,HEALTH CENTER,239,1,109,63,,5736,-163,89,5,DISTRICT19,VIAL
ART-INJ,8/1/2025,HEALTH CENTER,32,45,,,,,128,12,5,DISTRICT8,VIAL
PYRA-COMP,3/1/2024,HEALTH CENTER,67,81,99,,,1011,382,,1,DISTRICT14,TABLET
SP,4/1/2024,HEALTH CENTER,124,1,50,334,,18,332,,1000,DISTRICT7,TABLET
PYRA-COMP,8/1/2024,HEALTH CENTER,,0,18,,,0,1105,1,1,DISTRICT25,TABLET
PYRA-SAC,9/1/2024,HEALTH CENTER,,,219,218,,627,-410,,1,DISTRICT32,SACHET
ACT-GC,2/1/2024,HEALTH CENTER,1286,11,115,,577,,241,36,30,DISTRICT33,BLISTER
ART-INJ,4/1/2024,HEALTH CENTER,,242,130,,1095,8,-859,151,5,DISTRICT22,VIAL
QUIN,12/1/2024,HEALTH CENTER,1884,23,1288,867,,,461,1159,1000,DISTRICT31,TABLET
SP,6/1/2024,HEALTH CENTER,515,0,149,332,,0,-101,37,1000,DISTRICT1,TABLET
ART-INJ,8/1/2024,HEALTH CENTER,3,114,11,,819,0,91,1,5,DISTRICT32,VIAL
ART-SUP,2/1/2024,HEALTH CENTER,533,0,,67,1289,20,803,30,2,DISTRICT19,CAPSULE
PYRA-SAC,3/1/2025,HEALTH CENTER,685,7,,781,,10,-188,20,1,DISTRICT12,SACHET
PYRA-COMP,2/1/2024,HEALTH CENTER,869,0,,,,232,217,,1,DISTRICT18,TABLET
ACT-SC,11/1/2024,HEALTH CENTER,370,,,,863,,-64,13,30,DISTRICT20,BLISTER
ACT-INF,1/1/2024,HEALTH CENTER,,36,157,,651,27,-455,31,30,DISTRICT6,BLISTER
ART-SUP,8/1/2025,HEALTH CENTER,199,0,19,66,,985,505,7,2,DISTRICT20,CAPSULE
PYRA-SAC,10/1/2025,HEALTH CENTER,1059,,,1905,278,,278,231,1,DISTRICT28,SACHET
ACT-AD,9/1/2025,DISTRICT HOSPITAL,135,,,159,,0,74,55,30,DISTRICT31,BLISTER
SP,9/1/2024,HEALTH CENTER,62,0,17,54,,86,42,14,1000,DISTRICT25,TABLET
ART-INJ,10/1/2025,HEALTH CENTER,,122,1018,3839,,2,-395,751,5,DISTRICT5,VIAL
RDT,11/1/2025,HEALTH CENTER,2,3,31,73,,3562,213,36,25,DISTRICT28,PIECE
ACT-GC,4/1/2024,HEALTH CENTER,29,59,134,194,,14276,-227,104,30,DISTRICT38,BLISTER
SP,3/1/2024,HEALTH CENTER,170,743,490,,,264,-209,194,1000,DISTRICT10,TABLET
ACT-AD,5/1/2025,REGIONAL HOSPITAL,166,1124,,870,966,0,-96,141,30,DISTRICT36,BLISTER
ACT-SC,1/1/2025,HEALTH CENTER,1815,0,532,1500,,186,-898,355,30,DISTRICT3,BLISTER
ACT-SC,4/1/2024,HEALTH CENTER,,1592,659,,1251,0,-339,400,30,DISTRICT8,BLISTER
ART-INJ,12/1/2023,HEALTH CENTER,65,,44,235,,581,777,41,5,DISTRICT7,VIAL
ART-INJ,9/1/2024,HEALTH CENTER,,7,22,,,2567,-420,20,5,DISTRICT15,VIAL
ACT-SC,6/1/2024,HEALTH CENTER,,,,,,2,-77,27,30,DISTRICT31,BLISTER
ACT-SC,3/1/2025,HEALTH CENTER,1665,0,150,1058,,308,1081,,30,DISTRICT32,BLISTER
ACT-GC,10/1/2024,HEALTH CENTER,,0,131,,,,58,40,30,DISTRICT23,BLISTER
ACT-GC,3/1/2024,HEALTH CENTER,39,25,,106,,0,-702,5,30,DISTRICT33,BLISTER
ACT-GC,5/1/2024,HEALTH CENTER,1364,2,173,638,,85,-518,152,30,DISTRICT30,BLISTER
RDT,11/1/2025,HEALTH CENTER,,1041,947,2381,,,-341,345,25,DISTRICT36,PIECE
ACT-GC,5/1/2025,HEALTH CENTER,1348,,142,3808,212,4,-435,269,30,DISTRICT26,BLISTER
ACT-AD,4/1/2025,HEALTH CENTER,,,76,318,394,0,551,11,30,DISTRICT20,BLISTER
ITN,10/1/2025,HEALTH CENTER,2443,10,255,,,0,-564,84,50,DISTRICT23,PIECE
RDT,8/1/2025,HEALTH CENTER,92,,11,195,929,13,-368,4,25,DISTRICT29,PIECE
QUIN,2/1/2024,HEALTH CENTER,657,,602,1454,,92,37,917,1000,DISTRICT13,TABLET
SP,12/1/2023,HEALTH CENTER,,21,1435,,,0,-1000,1116,1000,DISTRICT24,TABLET
SP,5/1/2024,HEALTH CENTER,1036,367,485,1106,,120,732,733,1000,DISTRICT26,TABLET
QUIN,1/1/2025,HEALTH CENTER,285,45,83,1909,,0,230,,1000,DISTRICT5,TABLET
PYRA-SAC,10/1/2024,HEALTH CENTER,,5,62,,,4,532,,1,DISTRICT28,SACHET
PYRA-SAC,8/1/2025,DISTRICT HOSPITAL,8,,,34,,,681,1,1,DISTRICT10,SACHET
ACT-INF,12/1/2023,HEALTH CENTER,1355,244,720,4791,,3095,-31,529,30,DISTRICT26,BLISTER
SP,5/1/2025,HEALTH CENTER,2751,,496,1582,865,17,-117,,1000,DISTRICT13,TABLET
ACT-GC,10/1/2024,HEALTH CENTER,,,163,,,84,-30,7,30,DISTRICT1,BLISTER
ACT-INF,11/1/2024,HEALTH CENTER,250,0,,380,448,0,541,5,30,DISTRICT14,BLISTER
QUIN,9/1/2025,HEALTH CENTER,424,2,36,55,,0,-43,,1000,DISTRICT33,TABLET
PYRA-COMP,8/1/2025,HEALTH CENTER,1101,855,487,,,892,-235,417,1,DISTRICT31,TABLET
ACT-GC,12/1/2023,HEALTH CENTER,,19,6,,,0,-369,,30,DISTRICT29,BLISTER
ART-SUP,8/1/2025,HEALTH CENTER,924,,108,227,1277,0,-377,80,2,DISTRICT29,CAPSULE
QUIN,11/1/2024,HEALTH CENTER,70,,46,58,1012,6210,-24,33,1000,DISTRICT33,TABLET
ACT-SC,10/1/2025,HEALTH CENTER,962,,78,,,125,307,108,30,DISTRICT33,BLISTER
RDT,3/1/2024,HEALTH CENTER,2195,,,,389,2,-817,,25,DISTRICT31,PIECE
ITN,4/1/2024,HEALTH CENTER,42,46,,161,183,,-137,26,50,DISTRICT18,PIECE
PYRA-COMP,3/1/2025,HEALTH CENTER,18,259,45,,633,1,222,13,1,DISTRICT31,TABLET
ACT-SC,8/1/2024,HEALTH CENTER,2231,20,,2187,823,68,-456,,30,DISTRICT38,BLISTER
PYRA-COMP,3/1/2025,HEALTH CENTER,1026,203,245,,,373,-365,,1,DISTRICT18,TABLET
PYRA-COMP,10/1/2024,HEALTH CENTER,1902,53,454,1143,,3337,-354,262,1,DISTRICT33,TABLET
PYRA-COMP,3/1/2025,HEALTH CENTER,1549,20,52,747,,0,-588,52,1,DISTRICT37,TABLET
ITN,4/1/2025,HEALTH CENTER,633,95,,,,1,336,408,50,DISTRICT9,PIECE
RDT,3/1/2025,HEALTH CENTER,6159,3,1227,2930,518,,-517,940,25,DISTRICT23,PIECE
PYRA-COMP,1/1/2025,HEALTH CENTER,3152,137,781,2272,,2281,222,,1,DISTRICT2,TABLET
ACT-GC,2/1/2025,HEALTH CENTER,1000,3,,1933,,49,-340,836,30,DISTRICT4,BLISTER
ITN,9/1/2024,HEALTH CENTER,1320,0,146,91,304,,147,,50,DISTRICT23,PIECE
ART-INJ,7/1/2025,HEALTH CENTER,3347,0,208,506,,,-281,134,5,DISTRICT30,VIAL
ART-INJ,11/1/2024,HEALTH CENTER,,0,,,,33,110,,5,DISTRICT13,VIAL
ART-SUP,11/1/2024,HEALTH CENTER,2020,0,912,1756,,846,461,587,2,DISTRICT32,CAPSULE
ITN,2/1/2024,HEALTH CENTER,708,61,165,,610,,304,91,50,DISTRICT31,PIECE
SP,4/1/2025,HEALTH CENTER,1158,,318,744,,,556,,1000,DISTRICT23,TABLET
ART-SUP,11/1/2024,HEALTH CENTER,,78,243,1082,,1074,-283,,2,DISTRICT27,CAPSULE
SP,12/1/2024,HEALTH CENTER,751,0,,371,701,39,93,44,1000,DISTRICT28,TABLET
ART-INJ,7/1/2025,HEALTH CENTER,481,78,,,,80,-411,21,5,DISTRICT5,VIAL
PYRA-SAC,6/1/2025,HEALTH CENTER,331,1,,216,447,71,72,,1,DISTRICT32,SACHET
QUIN,7/1/2024,HEALTH CENTER,4363,1140,1401,6244,,79,-388,,1000,DISTRICT35,TABLET
SP,2/1/2025,HEALTH CENTER,,,,573,309,20,-312,,1000,DISTRICT13,TABLET
ACT-GC,1/1/2024,HEALTH CENTER,365,9,,58,,4,-743,13,30,DISTRICT26,BLISTER
ITN,12/1/2023,HEALTH CENTER,,,160,625,419,,96,103,50,DISTRICT13,PIECE
ACT-SC,8/1/2024,HEALTH CENTER,,325,,529,1080,,259,386,30,DISTRICT33,BLISTER
ACT-AD,7/1/2024,HEALTH CENTER,212,409,31,1560,,404,253,28,30,DISTRICT26,BLISTER
RDT,3/1/2024,HEALTH CENTER,5010,3,1426,,,,-24,1089,25,DISTRICT28,PIECE
PYRA-COMP,3/1/2025,HEALTH CENTER,1410,37,262,1164,,0,-240,220,1,DISTRICT30,TABLET
ACT-GC,5/1/2025,HEALTH CENTER,41,,18,53,,2,-81,15,30,DISTRICT28,BLISTER
ACT-GC,3/1/2024,HEALTH CENTER,,4,,2096,1104,1651,120,,30,DISTRICT13,BLISTER
RDT,10/1/2025,HEALTH CENTER,40,261,72,340,269,0,421,9,25,DISTRICT10,PIECE
ACT-AD,3/1/2024,HEALTH CENTER,130,,8,163,,0,227,7,30,DISTRICT31,BLISTER
ACT-GC,7/1/2024,HEALTH CENTER,280,21,456,608,1599,107,192,,30,DISTRICT33,BLISTER
ART-SUP,9/1/2025,HEALTH CENTER,224,,,151,204,9,582,6,2,DISTRICT15,CAPSULE
ITN,6/1/2025,HEALTH CENTER,,60,80,672,,25,-350,24,50,DISTRICT22,PIECE
ACT-SC,4/1/2025,HEALTH CENTER,,0,241,439,181,,11,,30,DISTRICT3,BLISTER
SP,4/1/2025,HEALTH CENTER,649,138,358,1589,,0,-589,271,1000,DISTRICT13,TABLET
ACT-SC,8/1/2024,HEALTH CENTER,143,0,,,,58,376,22,30,DISTRICT21,BLISTER
ACT-SC,11/1/2025,HEALTH CENTER,189,,119,,,,914,,30,DISTRICT10,BLISTER
PYRA-SAC,7/1/2024,HEALTH CENTER,2761,38,396,2852,1938,145,291,475,1,DISTRICT31,SACHET
ART-INJ,10/1/2024,HEALTH CENTER,,,99,1904,189,0,-452,40,5,DISTRICT37,VIAL
RDT,11/1/2025,HEALTH CENTER,,,,1361,,,-219,658,25,DISTRICT16,PIECE
SP,11/1/2024,HEALTH CENTER,295,403,256,1028,,0,-79,,1000,DISTRICT9,TABLET
ART-INJ,6/1/2025,HEALTH CENTER,3388,,,2101,800,28,-251,635,5,DISTRICT32,VIAL
SP,10/1/2024,HEALTH CENTER,1163,170,479,2171,,576,-681,270,1000,DISTRICT8,TABLET
ACT-AD,6/1/2024,DISTRICT HOSPITAL,3809,5,,,,772,-363,254,30,DISTRICT8,BLISTER
ITN,9/1/2025,HEALTH CENTER,607,470,165,1659,,0,562,108,50,DISTRICT13,PIECE
ART-SUP,8/1/2024,HEALTH CENTER,212,198,,772,1013,1979,201,,2,DISTRICT14,CAPSULE
ACT-INF,5/1/2025,HEALTH CENTER,3042,56,,,,5753,374,236,30,DISTRICT31,BLISTER
QUIN,5/1/2024,HEALTH CENTER,,46,233,440,,,-49,248,1000,DISTRICT9,TABLET
ACT-SC,3/1/2024,HEALTH CENTER,2286,,893,2082,791,12324,-46,,30,DISTRICT36,BLISTER
ITN,4/1/2024,HEALTH CENTER,438,125,39,500,,0,326,7,50,DISTRICT1,PIECE
ACT-INF,2/1/2024,HEALTH CENTER,0,10,,,1303,58,-245,21,30,DISTRICT29,BLISTER
ART-SUP,11/1/2025,HEALTH CENTER,190,11,147,,,8,-976,9,2,DISTRICT5,CAPSULE
QUIN,10/1/2024,HEALTH CENTER,,,227,1610,,0,-378,123,1000,DISTRICT19,TABLET
ITN,10/1/2024,REGIONAL HOSPITAL,,103,,,,0,-78,163,50,DISTRICT32,PIECE
PYRA-SAC,1/1/2025,HEALTH CENTER,,,,82,1310,612,176,18,1,DISTRICT36,SACHET
PYRA-COMP,10/1/2025,HEALTH CENTER,20,0,,266,,0,142,10,1,DISTRICT19,TABLET
ART-SUP,6/1/2024,HEALTH CENTER,,72,,151,,12,293,,2,DISTRICT31,CAPSULE
PYRA-COMP,10/1/2025,HEALTH CENTER,,,648,392,,2493,-69,299,1,DISTRICT16,TABLET
ITN,10/1/2024,HEALTH CENTER,2036,1,326,1064,,962,-1123,51,50,DISTRICT21,PIECE
ART-SUP,5/1/2025,HEALTH CENTER,4855,0,,,,289,-266,496,2,DISTRICT25,CAPSULE
ACT-INF,4/1/2025,HEALTH CENTER,2184,0,,347,,0,760,151,30,DISTRICT32,BLISTER
ART-INJ,1/1/2025,HEALTH CENTER,,2,281,,,57,3,32,5,DISTRICT33,VIAL
ART-SUP,1/1/2025,HEALTH CENTER,,,,2027,,72,154,669,2,DISTRICT29,CAPSULE
RDT,8/1/2024,HEALTH CENTER,,,260,,850,,-342,234,25,DISTRICT3,PIECE
ART-SUP,1/1/2024,HEALTH CENTER,400,0,23,92,,49,135,13,2,DISTRICT4,CAPSULE
ITN,12/1/2023,HEALTH CENTER,,733,204,1510,,4,-377,255,50,DISTRICT4,PIECE
ART-INJ,4/1/2024,HEALTH CENTER,298,0,69,131,,0,134,13,5,DISTRICT33,VIAL
PYRA-SAC,10/1/2024,HEALTH CENTER,326,4,,5,,51,-182,4,1,DISTRICT31,SACHET
QUIN,10/1/2024,HEALTH CENTER,469,0,158,,118,0,576,132,1000,DISTRICT31,TABLET
ACT-AD,4/1/2025,HEALTH CENTER,,,400,,,,454,235,30,DISTRICT32,BLISTER
PYRA-COMP,10/1/2024,DISTRICT HOSPITAL,683,127,251,669,1176,2256,-449,104,1,DISTRICT29,TABLET
PYRA-COMP,4/1/2024,HEALTH CENTER,,,160,728,,847,178,178,1,DISTRICT19,TABLET
ITN,2/1/2025,HEALTH CENTER,413,0,4,75,,223,-641,0,50,DISTRICT33,PIECE
ACT-INF,11/1/2024,HEALTH CENTER,363,,,192,,1712,-97,82,30,DISTRICT33,BLISTER
QUIN,8/1/2025,HEALTH CENTER,,0,225,,769,,-290,,1000,DISTRICT36,TABLET
SP,1/1/2025,HEALTH CENTER,1245,,,708,2443,,31,429,1000,DISTRICT13,TABLET
PYRA-COMP,11/1/2024,HEALTH CENTER,2472,59,,1573,715,2083,-466,,1,DISTRICT5,TABLET
QUIN,3/1/2024,HEALTH CENTER,603,170,453,,1338,225,110,,1000,DISTRICT33,TABLET
PYRA-COMP,7/1/2024,HEALTH CENTER,683,59,,1288,,0,318,295,1,DISTRICT35,TABLET
ART-INJ,7/1/2025,HEALTH CENTER,,7,62,,556,0,466,60,5,DISTRICT35,VIAL
SP,12/1/2024,HEALTH CENTER,,11,235,2634,,1,-244,197,1000,DISTRICT10,TABLET
ART-INJ,6/1/2024,HEALTH CENTER,92,,4,3,978,0,-26,,5,DISTRICT9,VIAL
RDT,12/1/2024,HEALTH CENTER,205,3,57,,604,,-136,59,25,DISTRICT15,PIECE
ART-SUP,1/1/2025,HEALTH CENTER,38,4113,257,66,,1,205,380,2,DISTRICT24,CAPSULE
SP,8/1/2024,HEALTH CENTER,34,9,7,346,,0,-149,,1000,DISTRICT8,TABLET
ART-SUP,2/1/2024,HEALTH CENTER,91,,485,220,326,0,317,113,2,DISTRICT9,CAPSULE
ACT-SC,6/1/2025,HEALTH CENTER,55,,,,,0,290,,30,DISTRICT32,BLISTER
PYRA-SAC,3/1/2024,HEALTH CENTER,,0,,185,,1,412,32,1,DISTRICT6,SACHET
ART-SUP,12/1/2023,HEALTH CENTER,,,400,1084,,28,40,292,2,DISTRICT23,CAPSULE
ART-INJ,12/1/2023,HEALTH CENTER,2270,18,303,2713,,,-366,169,5,DISTRICT35,VIAL
ART-SUP,3/1/2025,HEALTH CENTER,,0,8,,,0,-652,13,2,DISTRICT26,CAPSULE
ACT-INF,10/1/2024,HEALTH CENTER,113,0,,151,647,47,172,48,30,DISTRICT9,BLISTER
ACT-AD,7/1/2025,REGIONAL HOSPITAL,2373,335,332,2358,,15,129,95,30,DISTRICT23,BLISTER
SP,6/1/2025,HEALTH CENTER,,0,182,57,,,-449,,1000,DISTRICT12,TABLET
ITN,7/1/2024,HEALTH CENTER,,1227,812,,,383,-646,443,50,DISTRICT2,PIECE
RDT,12/1/2023,DISTRICT HOSPITAL,68,5,,128,,106,151,0,25,DISTRICT28,PIECE
ITN,3/1/2024,HEALTH CENTER,,685,819,4851,,850,324,723,50,DISTRICT23,PIECE
ACT-INF,11/1/2024,HEALTH CENTER,,0,12,,,1,125,5,30,DISTRICT25,BLISTER
PYRA-SAC,9/1/2024,HEALTH CENTER,2086,,,1894,,0,499,641,1,DISTRICT28,SACHET
ACT-GC,10/1/2025,HEALTH CENTER,1551,,,1240,,,26,84,30,DISTRICT30,BLISTER
ART-INJ,1/1/2025,HEALTH CENTER,15,0,,88,835,56,187,13,5,DISTRICT12,VIAL
RDT,2/1/2025,HEALTH CENTER,,0,890,2174,254,456,-241,,25,DISTRICT25,PIECE
ART-INJ,2/1/2024,HEALTH CENTER,6,22,,,481,,335,1,5,DISTRICT32,VIAL
ACT-GC,2/1/2025,HEALTH CENTER,456,0,,61,,13,256,231,30,DISTRICT23,BLISTER
SP,2/1/2024,HEALTH CENTER,437,206,651,1067,,2305,55,464,1000,DISTRICT13,TABLET
ART-INJ,12/1/2023,HEALTH CENTER,1566,593,,3371,121,0,312,15,5,DISTRICT29,VIAL
ACT-INF,8/1/2024,HEALTH CENTER,,,,49,598,0,295,8,30,DISTRICT10,BLISTER
PYRA-COMP,5/1/2024,HEALTH CENTER,924,0,279,874,250,210,-419,480,1,DISTRICT13,TABLET
ACT-GC,12/1/2023,HEALTH CENTER,98,0,,25,199,4,-262,,30,DISTRICT31,BLISTER
ART-INJ,12/1/2023,HEALTH CENTER,161,33,151,825,,,-366,33,5,DISTRICT4,VIAL
ACT-SC,8/1/2025,HEALTH CENTER,302,12,104,480,,11,21,35,30,DISTRICT29,BLISTER
PYRA-SAC,1/1/2024,HEALTH CENTER,,1220,,4149,,4,-303,393,1,DISTRICT13,SACHET
ITN,7/1/2024,HEALTH CENTER,,362,67,,,,-44,33,50,DISTRICT14,PIECE
ACT-GC,3/1/2025,HEALTH CENTER,15,38,8,33,,17,696,1,30,DISTRICT7,BLISTER
PYRA-COMP,5/1/2024,HEALTH CENTER,,18,947,,,15665,-150,1399,1,DISTRICT33,TABLET
ACT-SC,10/1/2025,HEALTH CENTER,291,528,476,,180,13,-622,382,30,DISTRICT7,BLISTER
ITN,4/1/2025,HEALTH CENTER,2416,,896,,,472,-416,1248,50,DISTRICT29,PIECE
ACT-AD,12/1/2024,HEALTH CENTER,,107,7,58,940,0,176,,30,DISTRICT16,BLISTER
SP,5/1/2024,HEALTH CENTER,,0,,60,702,1975,-137,,1000,DISTRICT23,TABLET
ACT-AD,10/1/2025,HEALTH CENTER,1493,1403,,,,,-766,,30,DISTRICT11,BLISTER
ACT-SC,1/1/2024,HEALTH CENTER,,31,341,1507,,,795,350,30,DISTRICT20,BLISTER
ACT-SC,12/1/2023,HEALTH CENTER,312,,41,638,,0,-80,,30,DISTRICT4,BLISTER
PYRA-COMP,1/1/2025,HEALTH CENTER,1560,165,,6611,,178,44,740,1,DISTRICT1,TABLET
ART-SUP,2/1/2025,HEALTH CENTER,22,,52,18,93,0,-1160,2,2,DISTRICT11,CAPSULE
ACT-SC,8/1/2025,HEALTH CENTER,4105,0,266,1578,,414,-903,173,30,DISTRICT12,BLISTER
PYRA-COMP,10/1/2025,HEALTH CENTER,1165,1548,,2806,,3,333,720,1,DISTRICT26,TABLET
RDT,7/1/2024,HEALTH CENTER,,223,405,,,13360,406,530,25,DISTRICT31,PIECE
RDT,1/1/2025,DISTRICT HOSPITAL,375,,26,,,,229,38,25,DISTRICT16,PIECE
ACT-INF,5/1/2024,HEALTH CENTER,,0,12,56,,,-397,5,30,DISTRICT32,BLISTER
ACT-AD,5/1/2025,HEALTH CENTER,1068,634,,1369,,2,296,76,30,DISTRICT31,BLISTER
ACT-GC,10/1/2025,HEALTH CENTER,770,0,45,569,883,98,-336,11,30,DISTRICT28,BLISTER
RDT,1/1/2025,HEALTH CENTER,132,200,75,240,,24,-428,,25,DISTRICT30,PIECE
ACT-GC,1/1/2025,HEALTH CENTER,217,735,,1718,355,4,-4,12,30,DISTRICT33,BLISTER
PYRA-COMP,1/1/2024,HEALTH CENTER,1431,,320,670,,85,78,67,1,DISTRICT3,TABLET
SP,11/1/2024,HEALTH CENTER,117,88,277,358,1524,3375,-105,,1000,DISTRICT31,TABLET
ACT-INF,7/1/2025,HEALTH CENTER,232,,309,,381,894,-373,237,30,DISTRICT32,BLISTER
SP,8/1/2024,HEALTH CENTER,323,0,32,29,167,0,331,4,1000,DISTRICT13,TABLET
PYRA-SAC,7/1/2024,HEALTH CENTER,623,,,196,,56,-170,,1,DISTRICT11,SACHET
PYRA-COMP,4/1/2024,HEALTH CENTER,591,150,265,803,,1446,-559,397,1,DISTRICT36,TABLET
ART-INJ,10/1/2024,HEALTH CENTER,1032,,,,,4,-248,52,5,DISTRICT36,VIAL
QUIN,8/1/2024,DISTRICT HOSPITAL,172,212,51,539,,,-311,41,1000,DISTRICT31,TABLET
ACT-INF,10/1/2024,HEALTH CENTER,49,1299,345,248,504,0,116,136,30,DISTRICT18,BLISTER
ACT-AD,1/1/2024,HEALTH CENTER,4692,,807,,,338,-57,,30,DISTRICT9,BLISTER
RDT,2/1/2024,HEALTH CENTER,,2,136,217,,269,36,102,25,DISTRICT32,PIECE
RDT,5/1/2024,HEALTH CENTER,,119,299,3281,,,291,170,25,DISTRICT38,PIECE
SP,5/1/2025,HEALTH CENTER,178,6,,74,536,0,-385,,1000,DISTRICT19,TABLET
ART-INJ,10/1/2025,HEALTH CENTER,896,,370,1426,,0,-348,347,5,DISTRICT33,VIAL
RDT,1/1/2024,HEALTH CENTER,180,534,,,,,300,,25,DISTRICT24,PIECE
ITN,12/1/2024,REGIONAL HOSPITAL,1798,29,610,1756,337,6,214,744,50,DISTRICT14,PIECE
SP,1/1/2024,HEALTH CENTER,530,115,,,,28,-432,85,1000,DISTRICT33,TABLET
ACT-AD,10/1/2024,HEALTH CENTER,432,,52,547,,2,-45,13,30,DISTRICT33,BLISTER
QUIN,7/1/2025,HEALTH CENTER,2591,788,,4007,2214,,-152,1274,1000,DISTRICT32,TABLET
ART-INJ,12/1/2024,HEALTH CENTER,1271,188,201,1840,,4505,278,245,5,DISTRICT33,VIAL
ITN,9/1/2024,HEALTH CENTER,,58,644,1578,,,-123,189,50,DISTRICT15,PIECE
ACT-AD,12/1/2023,HEALTH CENTER,,933,,,721,47,-225,167,30,DISTRICT23,BLISTER
RDT,2/1/2025,HEALTH CENTER,,1632,,3409,1103,5001,95,45,25,DISTRICT19,PIECE
ACT-AD,1/1/2024,HEALTH CENTER,324,106,77,,,,171,53,30,DISTRICT28,BLISTER
ITN,6/1/2025,HEALTH CENTER,1011,,,893,,408,9,50,50,DISTRICT33,PIECE
ITN,5/1/2024,HEALTH CENTER,,,600,,1049,41,-118,337,50,DISTRICT15,PIECE
QUIN,3/1/2024,HEALTH CENTER,70,0,97,153,,4659,-831,,1000,DISTRICT19,TABLET
ACT-AD,5/1/2024,HEALTH CENTER,942,,620,1460,950,2599,457,,30,DISTRICT35,BLISTER
ACT-AD,8/1/2024,HEALTH CENTER,645,385,664,2033,546,1029,735,503,30,DISTRICT14,BLISTER
QUIN,12/1/2023,HEALTH CENTER,1769,0,,,,771,26,,1000,DISTRICT9,TABLET
ACT-AD,12/1/2023,HEALTH CENTER,,0,296,,,1461,-448,166,30,DISTRICT29,BLISTER
ACT-SC,9/1/2024,HEALTH CENTER,1394,32,79,833,,,291,56,30,DISTRICT31,BLISTER
RDT,8/1/2024,HEALTH CENTER,1940,821,1016,3281,,2134,-484,862,25,DISTRICT3,PIECE
ACT-GC,1/1/2024,HEALTH CENTER,,0,498,502,,146,145,457,30,DISTRICT16,BLISTER
ACT-SC,6/1/2025,HEALTH CENTER,,7,43,464,,,149,12,30,DISTRICT31,BLISTER
ACT-SC,12/1/2023,HEALTH CENTER,3662,37,187,,,0,-704,56,30,DISTRICT29,BLISTER
ART-SUP,9/1/2025,HEALTH CENTER,556,259,202,1556,,,492,100,2,DISTRICT31,CAPSULE
ACT-SC,7/1/2024,HEALTH CENTER,77,,83,,,,-51,58,30,DISTRICT35,BLISTER
ITN,12/1/2024,HEALTH CENTER,1547,37,,,,149,534,393,50,DISTRICT22,PIECE
PYRA-SAC,2/1/2024,DISTRICT HOSPITAL,2515,695,292,2686,,1,91,106,1,DISTRICT33,SACHET
ACT-SC,2/1/2024,HEALTH CENTER,540,,7,138,,59,-295,3,30,DISTRICT28,BLISTER
PYRA-SAC,7/1/2025,HEALTH CENTER,4630,1315,1225,,,228,-188,507,1,DISTRICT30,SACHET
ART-INJ,4/1/2024,HEALTH CENTER,425,0,131,,1417,816,-675,,5,DISTRICT10,VIAL
ACT-SC,12/1/2024,HEALTH CENTER,1566,0,127,417,,147,-570,256,30,DISTRICT29,BLISTER
ART-INJ,8/1/2024,HEALTH CENTER,996,113,656,,,,-186,819,5,DISTRICT24,VIAL
ART-SUP,8/1/2024,HEALTH CENTER,,0,185,290,,,84,192,2,DISTRICT30,CAPSULE
ACT-INF,12/1/2023,HEALTH CENTER,1,,,,398,0,37,1,30,DISTRICT30,BLISTER
ITN,4/1/2024,HEALTH CENTER,,,678,1087,816,9258,-380,524,50,DISTRICT8,PIECE
ART-INJ,5/1/2025,HEALTH CENTER,549,0,,905,,9,-73,56,5,DISTRICT9,VIAL
ACT-GC,2/1/2025,HEALTH CENTER,26,0,8,87,,0,-182,2,30,DISTRICT25,BLISTER
ACT-INF,5/1/2025,HEALTH CENTER,918,,318,1301,,2458,-358,507,30,DISTRICT37,BLISTER
ART-INJ,9/1/2024,HEALTH CENTER,,,,,,,-814,499,5,DISTRICT38,VIAL
ACT-INF,3/1/2025,HEALTH CENTER,12,,98,,,467,219,,30,DISTRICT23,BLISTER
QUIN,7/1/2025,DISTRICT HOSPITAL,9456,1406,,,,2610,-480,1102,1000,DISTRICT13,TABLET
ACT-INF,7/1/2025,HEALTH CENTER,1288,,61,,,0,417,51,30,DISTRICT27,BLISTER
ACT-SC,11/1/2024,HEALTH CENTER,111,0,2,,,12,-588,0,30,DISTRICT3,BLISTER
ACT-GC,5/1/2025,DISTRICT HOSPITAL,828,,55,756,,,-281,48,30,DISTRICT35,BLISTER
ACT-GC,7/1/2024,REGIONAL HOSPITAL,874,,477,2389,,0,-124,229,30,DISTRICT9,BLISTER
ACT-GC,3/1/2025,HEALTH CENTER,,,,356,,105,454,,30,DISTRICT38,BLISTER
ART-SUP,5/1/2025,HEALTH CENTER,,1,305,814,,2317,184,,2,DISTRICT22,CAPSULE
ACT-INF,3/1/2024,HEALTH CENTER,1332,0,20,31,330,122,441,,30,DISTRICT30,BLISTER
ART-INJ,1/1/2025,HEALTH CENTER,3547,39,1012,,,158,-472,528,5,DISTRICT36,VIAL
ART-INJ,8/1/2024,HEALTH CENTER,892,85,138,887,,89,1065,448,5,DISTRICT16,VIAL
ART-SUP,8/1/2025,HEALTH CENTER,5486,,,6200,,,-804,405,2,DISTRICT17,CAPSULE
ITN,10/1/2024,HEALTH CENTER,668,264,,848,,24,-243,260,50,DISTRICT3,PIECE
RDT,9/1/2024,HEALTH CENTER,197,66,,22,533,10,-746,1,25,DISTRICT9,PIECE
ACT-INF,1/1/2025,DISTRICT HOSPITAL,300,,,,,0,-361,,30,DISTRICT1,BLISTER
ACT-AD,4/1/2025,HEALTH CENTER,4073,159,751,3458,,,495,,30,DISTRICT36,BLISTER
ART-SUP,8/1/2025,HEALTH CENTER,348,955,222,,,0,-570,88,2,DISTRICT9,CAPSULE
PYRA-COMP,1/1/2024,HEALTH CENTER,663,1,486,551,823,59,-553,165,1,DISTRICT32,TABLET
PYRA-SAC,8/1/2025,HEALTH CENTER,1132,2,314,1063,,2024,-87,,1,DISTRICT14,SACHET
PYRA-COMP,4/1/2024,HEALTH CENTER,381,3,135,153,,4382,303,,1,DISTRICT31,TABLET
RDT,10/1/2024,HEALTH CENTER,949,,26,311,330,13,-141,4,25,DISTRICT10,PIECE
SP,6/1/2025,HEALTH CENTER,,25,,15,,190,-204,3,1000,DISTRICT30,TABLET
ART-INJ,11/1/2024,HEALTH CENTER,527,29,,1169,,133,-347,,5,DISTRICT2,VIAL
RDT,1/1/2024,HEALTH CENTER,368,0,,1089,,,702,8,25,DISTRICT20,PIECE
PYRA-SAC,2/1/2025,HEALTH CENTER,2487,,,4017,,5,798,174,1,DISTRICT33,SACHET
PYRA-COMP,10/1/2024,DISTRICT HOSPITAL,1134,,66,527,,0,46,,1,DISTRICT38,TABLET
ACT-INF,11/1/2025,DISTRICT HOSPITAL,283,91,,162,755,,504,52,30,DISTRICT8,BLISTER
SP,5/1/2024,DISTRICT HOSPITAL,737,0,,59,,,-432,4,1000,DISTRICT16,TABLET
ACT-INF,9/1/2024,NATIONAL HOSPITAL,,,25,,1116,239,-134,6,30,DISTRICT30,BLISTER
RDT,8/1/2024,HEALTH CENTER,,617,458,,629,97,-712,,25,DISTRICT29,PIECE
ACT-INF,10/1/2025,HEALTH CENTER,62,0,,6,,673,-1211,0,30,DISTRICT24,BLISTER
ACT-GC,3/1/2024,REGIONAL HOSPITAL,190,225,375,,,18,417,,30,DISTRICT16,BLISTER
ITN,7/1/2025,DISTRICT HOSPITAL,486,135,191,,,321,-40,158,50,DISTRICT25,PIECE
ART-SUP,3/1/2025,HEALTH CENTER,,177,885,3654,2078,41,234,670,2,DISTRICT3,CAPSULE
SP,12/1/2024,HEALTH CENTER,,0,84,,,0,-295,,1000,DISTRICT25,TABLET
RDT,8/1/2025,HEALTH CENTER,2511,2,427,,,,-801,426,25,DISTRICT16,PIECE
RDT,11/1/2024,HEALTH CENTER,,186,1067,4752,,33,752,927,25,DISTRICT16,PIECE
SP,6/1/2025,HEALTH CENTER,116,11,147,262,,2,20,166,1000,DISTRICT36,TABLET
ACT-SC,2/1/2025,HEALTH CENTER,174,23,182,,494,85,94,78,30,DISTRICT6,BLISTER
QUIN,9/1/2025,HEALTH CENTER,,,51,325,,0,-735,0,1000,DISTRICT3,TABLET
PYRA-COMP,4/1/2024,HEALTH CENTER,,0,35,656,,1,-429,32,1,DISTRICT32,TABLET
PYRA-COMP,12/1/2024,HEALTH CENTER,,0,66,,,,282,23,1,DISTRICT7,TABLET
SP,2/1/2025,HEALTH CENTER,133,0,30,80,686,0,-119,2,1000,DISTRICT28,TABLET
ACT-INF,11/1/2024,DISTRICT HOSPITAL,739,,23,,,30,-177,13,30,DISTRICT37,BLISTER
ART-SUP,10/1/2025,HEALTH CENTER,203,58,4,,,0,-457,3,2,DISTRICT35,CAPSULE
ART-SUP,11/1/2025,HEALTH CENTER,213,,61,264,,0,484,,2,DISTRICT31,CAPSULE
ACT-INF,6/1/2025,DISTRICT HOSPITAL,34,3,13,584,,70,1534,,30,DISTRICT29,BLISTER
ART-SUP,3/1/2025,HEALTH CENTER,234,70,77,432,,0,-495,38,2,DISTRICT31,CAPSULE
ACT-SC,8/1/2024,HEALTH CENTER,3,57,15,3,749,0,275,6,30,DISTRICT37,BLISTER
ACT-GC,8/1/2024,HEALTH CENTER,414,1,41,153,,32,147,,30,DISTRICT24,BLISTER
SP,6/1/2025,HEALTH CENTER,462,0,199,,,3050,-177,90,1000,DISTRICT33,TABLET
SP,4/1/2025,HEALTH CENTER,405,0,35,401,393,0,-118,11,1000,DISTRICT23,TABLET
ACT-GC,5/1/2024,HEALTH CENTER,17,0,,,485,0,275,54,30,DISTRICT14,BLISTER
ACT-INF,11/1/2025,HEALTH CENTER,527,0,,,611,599,322,,30,DISTRICT11,BLISTER
SP,12/1/2023,HEALTH CENTER,,0,,,,642,991,8,1000,DISTRICT28,TABLET
ART-INJ,6/1/2024,HEALTH CENTER,,3,203,515,,11,-69,,5,DISTRICT3,VIAL
PYRA-COMP,3/1/2024,REGIONAL HOSPITAL,83,19,98,253,,921,-422,,1,DISTRICT31,TABLET
ACT-INF,9/1/2025,HEALTH CENTER,977,27,,1256,,238,206,387,30,DISTRICT19,BLISTER
QUIN,11/1/2024,HEALTH CENTER,56,,,,,1,53,,1000,DISTRICT29,TABLET
SP,5/1/2025,HEALTH CENTER,124,22,187,,594,128,534,65,1000,DISTRICT31,TABLET
ACT-AD,4/1/2024,HEALTH CENTER,431,,,552,,0,-293,10,30,DISTRICT14,BLISTER
ACT-INF,8/1/2025,HEALTH CENTER,3893,2,,1796,1007,,377,480,30,DISTRICT10,BLISTER
ACT-AD,6/1/2024,HEALTH CENTER,1134,0,64,192,,,-494,,30,DISTRICT14,BLISTER
ITN,6/1/2025,HEALTH CENTER,,41,55,83,267,0,52,41,50,DISTRICT16,PIECE
ACT-GC,1/1/2024,HEALTH CENTER,3716,,347,,1445,42,-72,190,30,DISTRICT20,BLISTER
ACT-INF,3/1/2025,HEALTH CENTER,165,0,135,,,59,148,45,30,DISTRICT25,BLISTER
SP,10/1/2025,REGIONAL HOSPITAL,,122,217,2129,798,163,276,91,1000,DISTRICT25,TABLET
ACT-AD,11/1/2025,HEALTH CENTER,,1,441,1231,,,304,651,30,DISTRICT25,BLISTER
PYRA-COMP,9/1/2024,HEALTH CENTER,,,5,67,835,0,500,3,1,DISTRICT16,TABLET
RDT,1/1/2024,HEALTH CENTER,808,10,,953,,0,-553,27,25,DISTRICT25,PIECE
ART-INJ,2/1/2024,HEALTH CENTER,,,633,732,,,-485,751,5,DISTRICT32,VIAL
ACT-INF,5/1/2024,HEALTH CENTER,19,7,11,,,920,94,,30,DISTRICT36,BLISTER
ITN,6/1/2025,HEALTH CENTER,4969,8,616,3793,,58,-244,698,50,DISTRICT4,PIECE
ACT-INF,7/1/2024,DISTRICT HOSPITAL,117,23,6,,,3,-616,33,30,DISTRICT9,BLISTER
ACT-INF,8/1/2024,HEALTH CENTER,456,0,288,360,1206,204,-295,,30,DISTRICT23,BLISTER
SP,1/1/2024,HEALTH CENTER,,26,207,1062,673,368,319,,1000,DISTRICT6,TABLET
QUIN,10/1/2025,DISTRICT HOSPITAL,51,,17,53,,1,48,10,1000,DISTRICT21,TABLET
SP,8/1/2025,HEALTH CENTER,,0,557,2637,,342,982,483,1000,DISTRICT29,TABLET
ACT-INF,2/1/2025,HEALTH CENTER,99,0,6,20,1189,1603,526,15,30,DISTRICT9,BLISTER
PYRA-SAC,9/1/2024,HEALTH CENTER,,3,8,,21,14,-553,1,1,DISTRICT21,SACHET
ACT-AD,7/1/2024,HEALTH CENTER,616,0,,,,0,502,45,30,DISTRICT9,BLISTER
ACT-GC,11/1/2025,REGIONAL HOSPITAL,604,475,,2031,831,0,-89,169,30,DISTRICT33,BLISTER
ACT-SC,12/1/2024,HEALTH CENTER,624,239,843,672,,15326,695,721,30,DISTRICT20,BLISTER
ART-INJ,8/1/2024,HEALTH CENTER,717,0,,90,362,1890,-403,2,5,DISTRICT9,VIAL
ACT-SC,5/1/2024,DISTRICT HOSPITAL,1140,332,,4513,,22,-857,77,30,DISTRICT29,BLISTER
RDT,1/1/2025,HEALTH CENTER,1528,57,684,4221,,316,27,99,25,DISTRICT29,PIECE
ACT-INF,10/1/2025,HEALTH CENTER,160,0,100,251,545,11,448,37,30,DISTRICT11,BLISTER
PYRA-COMP,5/1/2024,HEALTH CENTER,1295,20,470,,,492,-188,364,1,DISTRICT30,TABLET
ACT-INF,2/1/2024,HEALTH CENTER,49,0,55,,,2,100,,30,DISTRICT14,BLISTER
RDT,7/1/2024,HEALTH CENTER,1163,873,297,2482,,0,31,62,25,DISTRICT24,PIECE
SP,7/1/2024,HEALTH CENTER,,,518,,,18,-957,,1000,DISTRICT31,TABLET
ITN,1/1/2024,HEALTH CENTER,1791,148,233,2824,,0,52,106,50,DISTRICT13,PIECE
ART-SUP,7/1/2025,HEALTH CENTER,,,,,281,0,-21,1,2,DISTRICT3,CAPSULE
RDT,9/1/2025,HEALTH CENTER,,171,78,38,251,,-5,,25,DISTRICT16,PIECE
QUIN,9/1/2024,HEALTH CENTER,640,0,,440,,3563,-491,230,1000,DISTRICT6,TABLET
PYRA-SAC,4/1/2024,HEALTH CENTER,421,900,,232,,7262,-320,,1,DISTRICT5,SACHET
ACT-INF,1/1/2025,HEALTH CENTER,,6,,3833,684,181,638,162,30,DISTRICT33,BLISTER
SP,9/1/2025,HEALTH CENTER,17,10,,,,1,-156,,1000,DISTRICT25,TABLET
SP,1/1/2025,HEALTH CENTER,724,,410,2381,,0,399,,1000,DISTRICT1,TABLET
ACT-GC,4/1/2024,HEALTH CENTER,,0,,1621,,2066,102,,30,DISTRICT15,BLISTER
PYRA-SAC,4/1/2025,HEALTH CENTER,,61,,768,,,53,165,1,DISTRICT28,SACHET
QUIN,8/1/2024,HEALTH CENTER,364,6,40,70,,162,-802,22,1000,DISTRICT14,TABLET
ACT-AD,8/1/2024,HEALTH CENTER,,359,128,154,631,37,606,104,30,DISTRICT4,BLISTER
ITN,12/1/2024,HEALTH CENTER,,6,,3739,,28,498,,50,DISTRICT17,PIECE
ART-INJ,7/1/2024,HEALTH CENTER,,810,388,943,,,31,,5,DISTRICT19,VIAL
ACT-GC,3/1/2024,HEALTH CENTER,,,432,395,558,190,373,139,30,DISTRICT33,BLISTER
ART-INJ,6/1/2024,HEALTH CENTER,19,0,10,,,10,-506,2,5,DISTRICT1,VIAL
ACT-AD,3/1/2025,HEALTH CENTER,391,,72,1302,,,386,65,30,DISTRICT29,BLISTER
RDT,12/1/2023,HEALTH CENTER,2615,1,170,210,,,-436,73,25,DISTRICT15,PIECE
ACT-AD,4/1/2025,HEALTH CENTER,2167,,285,3240,896,216,663,452,30,DISTRICT1,BLISTER
ACT-SC,4/1/2025,HEALTH CENTER,,0,685,1724,691,,-80,338,30,DISTRICT31,BLISTER
SP,4/1/2025,DISTRICT HOSPITAL,27,0,,124,,,81,3,1000,DISTRICT23,TABLET
SP,11/1/2024,HEALTH CENTER,,3,59,269,,3967,364,,1000,DISTRICT29,TABLET
PYRA-SAC,5/1/2024,HEALTH CENTER,,1669,667,1395,869,232,407,441,1,DISTRICT13,SACHET
ACT-SC,8/1/2025,HEALTH CENTER,2056,1,948,,1257,14085,369,1229,30,DISTRICT32,BLISTER
ITN,4/1/2025,HEALTH CENTER,,0,578,1756,1903,3033,558,,50,DISTRICT23,PIECE
ACT-AD,3/1/2024,HEALTH CENTER,,,,,,8,35,,30,DISTRICT31,BLISTER
PYRA-SAC,6/1/2025,HEALTH CENTER,,0,140,,,68,-266,,1,DISTRICT36,SACHET
PYRA-COMP,12/1/2023,HEALTH CENTER,204,,344,,397,17,579,80,1,DISTRICT9,TABLET
ACT-SC,7/1/2025,HEALTH CENTER,257,4,,65,,260,-1133,59,30,DISTRICT3,BLISTER
ACT-SC,5/1/2025,HEALTH CENTER,,80,526,,,,910,347,30,DISTRICT33,BLISTER
ACT-SC,1/1/2024,HEALTH CENTER,,,30,56,,135,244,,30,DISTRICT16,BLISTER
QUIN,2/1/2024,HEALTH CENTER,43,0,,,,,803,6,1000,DISTRICT32,TABLET
ACT-AD,7/1/2025,DISTRICT HOSPITAL,628,91,,1215,,,-514,218,30,DISTRICT37,BLISTER
ACT-GC,8/1/2025,HEALTH CENTER,157,,,15,,0,235,13,30,DISTRICT22,BLISTER
ACT-INF,12/1/2024,HEALTH CENTER,1629,0,209,,,31,-158,31,30,DISTRICT25,BLISTER
SP,3/1/2025,HEALTH CENTER,,,912,,,476,351,,1000,DISTRICT28,TABLET
ACT-INF,7/1/2024,HEALTH CENTER,147,0,36,91,,5,-400,77,30,DISTRICT29,BLISTER
ACT-GC,10/1/2025,HEALTH CENTER,500,37,187,1140,,16,579,595,30,DISTRICT19,BLISTER
PYRA-SAC,6/1/2024,HEALTH CENTER,43,3,1,203,361,0,742,0,1,DISTRICT20,SACHET
ART-INJ,2/1/2024,DISTRICT HOSPITAL,,30,203,3300,,21,-537,,5,DISTRICT38,VIAL
ACT-GC,5/1/2025,HEALTH CENTER,316,0,107,105,,,-51,,30,DISTRICT29,BLISTER
ACT-INF,6/1/2025,HEALTH CENTER,,0,11,272,,0,-429,8,30,DISTRICT16,BLISTER
ACT-INF,2/1/2024,HEALTH CENTER,963,0,,1800,489,0,-437,152,30,DISTRICT38,BLISTER
ACT-SC,10/1/2024,HEALTH CENTER,19,0,21,157,,0,172,0,30,DISTRICT26,BLISTER
PYRA-COMP,7/1/2024,HEALTH CENTER,965,,123,1277,1238,32,-542,127,1,DISTRICT12,TABLET
SP,7/1/2025,HEALTH CENTER,122,,81,,,0,519,23,1000,DISTRICT33,TABLET
PYRA-SAC,12/1/2023,HEALTH CENTER,267,,186,115,,355,-985,20,1,DISTRICT31,SACHET
PYRA-SAC,2/1/2024,HEALTH CENTER,2403,,,4093,,329,-350,777,1,DISTRICT12,SACHET
ACT-GC,5/1/2024,HEALTH CENTER,265,15,156,,264,5,-456,93,30,DISTRICT20,BLISTER
PYRA-SAC,11/1/2024,DISTRICT HOSPITAL,7,,,,,5063,148,5,1,DISTRICT11,SACHET
ITN,8/1/2025,HEALTH CENTER,72,8,29,63,,,-346,23,50,DISTRICT13,PIECE
RDT,3/1/2024,HEALTH CENTER,1053,545,547,846,,12,2,,25,DISTRICT9,PIECE
PYRA-COMP,2/1/2024,HEALTH CENTER,170,3189,,63,,,-50,1,1,DISTRICT33,TABLET
RDT,6/1/2025,HEALTH CENTER,68,,196,,,0,568,,25,DISTRICT29,PIECE
ACT-GC,7/1/2025,REGIONAL HOSPITAL,483,,,150,1022,4834,-411,,30,DISTRICT21,BLISTER
ACT-INF,9/1/2025,HEALTH CENTER,,10,4,18,2047,0,675,,30,DISTRICT38,BLISTER
PYRA-COMP,1/1/2025,HEALTH CENTER,910,0,,,,89,1176,294,1,DISTRICT18,TABLET
ACT-SC,10/1/2024,DISTRICT HOSPITAL,1104,,,92,,80,-246,53,30,DISTRICT15,BLISTER
ART-INJ,9/1/2024,HEALTH CENTER,5120,0,,,,1343,651,842,5,DISTRICT19,VIAL
ART-INJ,7/1/2025,HEALTH CENTER,,1,109,1116,,1000,-444,,5,DISTRICT2,VIAL
RDT,6/1/2025,HEALTH CENTER,322,1870,,1263,,,-25,,25,DISTRICT25,PIECE
ACT-SC,8/1/2025,HEALTH CENTER,229,0,413,,376,1,270,191,30,DISTRICT32,BLISTER
ACT-GC,7/1/2025,HEALTH CENTER,831,1,384,127,,1334,-152,171,30,DISTRICT20,BLISTER
QUIN,10/1/2025,HEALTH CENTER,,5,92,40,,2105,492,35,1000,DISTRICT20,TABLET
ART-INJ,10/1/2025,HEALTH CENTER,115,0,,,156,0,32,8,5,DISTRICT23,VIAL
PYRA-COMP,7/1/2024,HEALTH CENTER,832,,889,2617,,14314,818,730,1,DISTRICT27,TABLET
ACT-INF,7/1/2025,DISTRICT HOSPITAL,,0,9,238,,0,487,,30,DISTRICT25,BLISTER
ACT-INF,8/1/2024,HEALTH CENTER,339,50,33,,143,51,-79,7,30,DISTRICT17,BLISTER
RDT,10/1/2024,HEALTH CENTER,,,886,1498,,2583,-124,992,25,DISTRICT13,PIECE
ACT-SC,4/1/2024,HEALTH CENTER,82,0,34,6,,112,-155,0,30,DISTRICT4,BLISTER
SP,7/1/2025,HEALTH CENTER,,610,,1502,,3931,469,,1000,DISTRICT25,TABLET
ITN,10/1/2024,DISTRICT HOSPITAL,,295,,488,,1567,109,156,50,DISTRICT25,PIECE
ITN,8/1/2025,HEALTH CENTER,18,0,29,3,,6415,-209,47,50,DISTRICT8,PIECE
ITN,2/1/2025,HEALTH CENTER,399,0,84,1334,517,,-20,19,50,DISTRICT15,PIECE
ACT-INF,5/1/2024,HEALTH CENTER,514,2,55,1218,,0,-104,,30,DISTRICT5,BLISTER
QUIN,2/1/2025,HEALTH CENTER,281,0,85,187,,3,317,258,1000,DISTRICT30,TABLET
ART-INJ,5/1/2024,HEALTH CENTER,,,,1,,4242,-456,,5,DISTRICT27,VIAL
SP,8/1/2025,HEALTH CENTER,25,,26,14,,0,294,21,1000,DISTRICT13,TABLET
RDT,5/1/2025,HEALTH CENTER,908,0,,717,,,-473,17,25,DISTRICT1,PIECE
PYRA-COMP,11/1/2025,DISTRICT HOSPITAL,970,9,333,939,550,,-942,283,1,DISTRICT36,TABLET
ITN,1/1/2024,HEALTH CENTER,624,59,281,169,,0,-491,,50,DISTRICT31,PIECE
PYRA-COMP,5/1/2024,HEALTH CENTER,101,3305,40,184,,1,337,27,1,DISTRICT8,TABLET
ACT-INF,10/1/2024,HEALTH CENTER,,,162,738,,4690,-466,,30,DISTRICT32,BLISTER
QUIN,8/1/2025,HEALTH CENTER,,951,584,1964,,351,-262,,1000,DISTRICT8,TABLET
ACT-GC,3/1/2025,HEALTH CENTER,7,0,76,,205,54,517,30,30,DISTRICT14,BLISTER
PYRA-COMP,2/1/2025,HEALTH CENTER,742,0,,74,680,3,228,36,1,DISTRICT4,TABLET
ART-SUP,12/1/2024,HEALTH CENTER,158,,40,132,,108,138,3,2,DISTRICT33,CAPSULE
ACT-AD,12/1/2023,HEALTH CENTER,19,2,8,37,,407,631,1,30,DISTRICT5,BLISTER
ACT-INF,9/1/2024,HEALTH CENTER,5802,,1967,6060,,,-20,,30,DISTRICT10,BLISTER
ACT-GC,1/1/2025,HEALTH CENTER,,75,679,,1987,2951,1021,282,30,DISTRICT33,BLISTER
ART-SUP,10/1/2024,NATIONAL HOSPITAL,808,1,386,22,1952,6505,-85,262,2,DISTRICT37,CAPSULE
ACT-AD,2/1/2024,HEALTH CENTER,1201,,219,,,,-230,,30,DISTRICT36,BLISTER
ACT-AD,12/1/2023,HEALTH CENTER,4118,167,,,,1004,-139,1813,30,DISTRICT21,BLISTER
ITN,6/1/2024,HEALTH CENTER,2333,0,300,,,154,305,,50,DISTRICT28,PIECE
PYRA-SAC,6/1/2024,HEALTH CENTER,121,22,,,,69,-50,8,1,DISTRICT28,SACHET
ART-INJ,12/1/2023,NATIONAL HOSPITAL,,397,,127,885,3308,152,396,5,DISTRICT25,VIAL
ART-INJ,8/1/2024,HEALTH CENTER,868,10,342,1269,,10,459,904,5,DISTRICT5,VIAL
ACT-SC,7/1/2025,HEALTH CENTER,483,0,92,297,,146,134,12,30,DISTRICT26,BLISTER
ART-SUP,1/1/2025,HEALTH CENTER,,,739,2293,,13,272,,2,DISTRICT30,CAPSULE
ACT-GC,7/1/2025,HEALTH CENTER,141,2,491,310,,0,637,139,30,DISTRICT16,BLISTER
ITN,3/1/2025,HEALTH CENTER,120,,55,,,1,-209,26,50,DISTRICT12,PIECE
ACT-GC,11/1/2025,HEALTH CENTER,321,5,225,136,,,-560,422,30,DISTRICT21,BLISTER
PYRA-COMP,7/1/2025,HEALTH CENTER,29,,25,124,,,251,34,1,DISTRICT1,TABLET
ACT-GC,11/1/2024,HEALTH CENTER,613,0,,73,,,-84,8,30,DISTRICT25,BLISTER
PYRA-SAC,9/1/2024,HEALTH CENTER,564,493,156,,,5,286,25,1,DISTRICT35,SACHET
ART-INJ,5/1/2025,HEALTH CENTER,441,103,,162,542,,-171,46,5,DISTRICT3,VIAL
RDT,11/1/2024,HEALTH CENTER,93,121,,,,2,457,8,25,DISTRICT3,PIECE
ACT-SC,7/1/2025,HEALTH CENTER,,61,392,,1139,2870,-353,281,30,DISTRICT13,BLISTER
PYRA-SAC,5/1/2024,HEALTH CENTER,3092,,,,1340,2213,-325,681,1,DISTRICT13,SACHET
ACT-GC,1/1/2024,HEALTH CENTER,,272,538,3497,,275,-234,818,30,DISTRICT8,BLISTER
ACT-AD,4/1/2024,HEALTH CENTER,,,651,,,174,-74,930,30,DISTRICT24,BLISTER
SP,7/1/2025,HEALTH CENTER,675,,,734,689,,-125,,1000,DISTRICT33,TABLET
SP,7/1/2024,HEALTH CENTER,793,0,90,1034,854,,-275,,1000,DISTRICT25,TABLET
ACT-AD,10/1/2025,HEALTH CENTER,,3,268,305,677,463,362,185,30,DISTRICT9,BLISTER
ACT-GC,1/1/2025,HEALTH CENTER,,0,90,,,137,-140,38,30,DISTRICT17,BLISTER
ACT-GC,5/1/2024,HEALTH CENTER,,35,,,277,0,46,15,30,DISTRICT7,BLISTER
QUIN,9/1/2025,HEALTH CENTER,492,44,180,3379,,99,-349,232,1000,DISTRICT3,TABLET
ACT-GC,3/1/2025,HEALTH CENTER,442,307,6,,648,0,-220,3,30,DISTRICT11,BLISTER
QUIN,1/1/2025,HEALTH CENTER,,,,2079,,,-439,518,1000,DISTRICT31,TABLET
PYRA-SAC,6/1/2025,HEALTH CENTER,,64,826,2459,659,2286,-425,,1,DISTRICT32,SACHET
RDT,12/1/2023,HEALTH CENTER,1496,207,636,1305,,10708,85,895,25,DISTRICT20,PIECE
ART-INJ,3/1/2025,HEALTH CENTER,107,0,,136,,0,27,69,5,DISTRICT19,VIAL
QUIN,5/1/2025,HEALTH CENTER,1197,188,88,2148,190,0,-485,108,1000,DISTRICT31,TABLET
PYRA-COMP,12/1/2024,HEALTH CENTER,1774,0,204,484,,3487,-16,133,1,DISTRICT12,TABLET
PYRA-COMP,8/1/2025,HEALTH CENTER,408,119,,430,,8148,-443,453,1,DISTRICT22,TABLET
PYRA-COMP,4/1/2025,HEALTH CENTER,52,78,9,91,,0,-307,,1,DISTRICT33,TABLET
QUIN,3/1/2024,HEALTH CENTER,128,0,,403,,695,542,105,1000,DISTRICT11,TABLET
ACT-INF,2/1/2025,HEALTH CENTER,20,5,297,100,341,197,-22,,30,DISTRICT16,BLISTER
QUIN,10/1/2024,HEALTH CENTER,79,8,,171,,34,-59,239,1000,DISTRICT31,TABLET
ACT-SC,8/1/2024,HEALTH CENTER,349,0,,104,1994,116,-559,11,30,DISTRICT27,BLISTER
ART-SUP,10/1/2024,HEALTH CENTER,2694,0,,509,,,-138,,2,DISTRICT4,CAPSULE
SP,1/1/2024,DISTRICT HOSPITAL,3209,0,,2609,,28,-365,562,1000,DISTRICT13,TABLET
ACT-AD,6/1/2025,HEALTH CENTER,599,15,123,1179,,1435,-65,34,30,DISTRICT15,BLISTER
ART-SUP,10/1/2024,HEALTH CENTER,782,,,650,,1664,262,,2,DISTRICT1,CAPSULE
ACT-GC,12/1/2023,HEALTH CENTER,2546,0,103,395,,,-204,,30,DISTRICT31,BLISTER
ACT-INF,12/1/2024,HEALTH CENTER,3298,536,,,,,-428,624,30,DISTRICT14,BLISTER
RDT,2/1/2025,DISTRICT HOSPITAL,,,385,2503,,7127,51,172,25,DISTRICT31,PIECE
ACT-GC,6/1/2024,HEALTH CENTER,,0,,,,3391,-166,553,30,DISTRICT14,BLISTER
RDT,11/1/2024,HEALTH CENTER,728,91,69,390,,1,-472,32,25,DISTRICT9,PIECE
PYRA-SAC,8/1/2024,HEALTH CENTER,88,19,169,,,43,-262,50,1,DISTRICT15,SACHET
ITN,3/1/2024,HEALTH CENTER,433,0,,,,330,97,188,50,DISTRICT24,PIECE
ACT-AD,4/1/2025,DISTRICT HOSPITAL,325,,,183,,1397,-79,28,30,DISTRICT21,BLISTER
ACT-INF,11/1/2025,DISTRICT HOSPITAL,381,248,,524,,204,26,,30,DISTRICT8,BLISTER
ART-SUP,11/1/2024,HEALTH CENTER,227,141,,388,,206,493,32,2,DISTRICT2,CAPSULE
PYRA-SAC,8/1/2025,HEALTH CENTER,198,,,74,,178,406,116,1,DISTRICT19,SACHET
ACT-INF,12/1/2023,HEALTH CENTER,656,,161,60,,137,107,150,30,DISTRICT31,BLISTER
ACT-SC,7/1/2024,HEALTH CENTER,1623,38,1178,2528,,307,-232,1409,30,DISTRICT36,BLISTER
QUIN,9/1/2024,HEALTH CENTER,1948,694,1270,2566,,,-363,1159,1000,DISTRICT37,TABLET
QUIN,12/1/2023,REGIONAL HOSPITAL,169,0,0,54,738,0,87,,1000,DISTRICT11,TABLET
ITN,12/1/2023,HEALTH CENTER,654,3,1186,426,,7282,-387,759,50,DISTRICT23,PIECE
QUIN,7/1/2025,HEALTH CENTER,,,519,1615,,996,792,,1000,DISTRICT36,TABLET
ACT-AD,6/1/2025,HEALTH CENTER,1379,3,,1005,,6218,-853,,30,DISTRICT19,BLISTER
ART-SUP,3/1/2024,HEALTH CENTER,193,,42,608,,264,237,41,2,DISTRICT29,CAPSULE
ART-INJ,8/1/2025,HEALTH CENTER,6,968,203,,,13,346,37,5,DISTRICT35,VIAL
PYRA-COMP,12/1/2024,HEALTH CENTER,2934,1057,,3904,976,20,-210,591,1,DISTRICT28,TABLET
QUIN,4/1/2024,HEALTH CENTER,1451,,,1686,,1610,62,1388,1000,DISTRICT4,TABLET
ACT-INF,2/1/2024,DISTRICT HOSPITAL,3469,,,,,16,299,532,30,DISTRICT22,BLISTER
ACT-AD,4/1/2024,HEALTH CENTER,140,2,83,,,19,590,29,30,DISTRICT30,BLISTER
PYRA-SAC,7/1/2024,HEALTH CENTER,,,11,5,,248,361,4,1,DISTRICT9,SACHET
PYRA-SAC,12/1/2023,HEALTH CENTER,669,2,38,,,3,-25,5,1,DISTRICT25,SACHET
ACT-GC,9/1/2025,HEALTH CENTER,,,,303,,775,-271,107,30,DISTRICT6,BLISTER
ITN,7/1/2024,HEALTH CENTER,,54,11,536,,1,-92,,50,DISTRICT20,PIECE
ACT-INF,5/1/2024,DISTRICT HOSPITAL,6264,,,4344,,1,-455,245,30,DISTRICT7,BLISTER
ACT-INF,4/1/2024,HEALTH CENTER,,,664,4576,953,0,340,264,30,DISTRICT15,BLISTER
ACT-GC,11/1/2024,HEALTH CENTER,,583,,99,1689,4,64,15,30,DISTRICT1,BLISTER
SP,10/1/2024,HEALTH CENTER,2151,66,1241,3249,869,,151,1647,1000,DISTRICT15,TABLET
QUIN,7/1/2025,HEALTH CENTER,,,1001,1404,,,767,613,1000,DISTRICT32,TABLET
PYRA-SAC,12/1/2023,HEALTH CENTER,2105,,417,3076,,1683,77,317,1,DISTRICT33,SACHET
SP,8/1/2025,HEALTH CENTER,118,0,,,,1613,913,31,1000,DISTRICT25,TABLET
QUIN,2/1/2024,HEALTH CENTER,262,,53,1176,,120,3,,1000,DISTRICT5,TABLET
RDT,12/1/2023,HEALTH CENTER,,0,293,525,,221,124,200,25,DISTRICT21,PIECE
ACT-AD,5/1/2025,HEALTH CENTER,444,0,34,22,,,-652,,30,DISTRICT25,BLISTER
ACT-INF,7/1/2025,HEALTH CENTER,1095,616,375,,853,,141,213,30,DISTRICT29,BLISTER
PYRA-SAC,7/1/2024,HEALTH CENTER,486,0,136,462,930,7038,-832,407,1,DISTRICT28,SACHET
ART-SUP,6/1/2024,HEALTH CENTER,569,99,,,,,251,,2,DISTRICT9,CAPSULE
ACT-GC,9/1/2025,HEALTH CENTER,2364,,975,2740,,626,556,656,30,DISTRICT1,BLISTER
RDT,12/1/2024,HEALTH CENTER,,0,2,7,313,0,-472,,25,DISTRICT28,PIECE
ART-SUP,3/1/2024,HEALTH CENTER,,968,610,,,298,149,,2,DISTRICT24,CAPSULE
PYRA-SAC,4/1/2024,HEALTH CENTER,834,,130,775,755,223,561,99,1,DISTRICT25,SACHET
QUIN,10/1/2025,HEALTH CENTER,,834,78,,,0,192,19,1000,DISTRICT32,TABLET
ACT-AD,8/1/2025,HEALTH CENTER,,,,9,,2,33,1,30,DISTRICT14,BLISTER
ART-SUP,5/1/2024,HEALTH CENTER,841,367,494,,,1,286,33,2,DISTRICT14,CAPSULE
RDT,9/1/2025,HEALTH CENTER,40,643,85,452,352,0,-313,,25,DISTRICT2,PIECE
ACT-INF,6/1/2025,HEALTH CENTER,286,1,,,,3166,3,222,30,DISTRICT28,BLISTER
ACT-AD,4/1/2025,HEALTH CENTER,,12,,624,680,,440,51,30,DISTRICT17,BLISTER
ACT-SC,1/1/2024,DISTRICT HOSPITAL,713,1482,324,999,,,-184,343,30,DISTRICT15,BLISTER
ITN,10/1/2025,HEALTH CENTER,529,8,,,404,0,-474,6,50,DISTRICT13,PIECE
QUIN,3/1/2025,HEALTH CENTER,,0,108,,,44,-609,92,1000,DISTRICT5,TABLET
RDT,1/1/2024,HEALTH CENTER,20,1,10,,,3577,-517,4,25,DISTRICT8,PIECE
SP,6/1/2025,HEALTH CENTER,182,,112,655,1245,0,-105,70,1000,DISTRICT16,TABLET
QUIN,9/1/2025,HEALTH CENTER,23,0,,38,,0,-138,1,1000,DISTRICT19,TABLET
ACT-GC,1/1/2025,HEALTH CENTER,,541,,2602,,,214,,30,DISTRICT15,BLISTER
ACT-AD,4/1/2024,HEALTH CENTER,810,46,395,1131,68,1,517,229,30,DISTRICT35,BLISTER
ART-INJ,8/1/2025,DISTRICT HOSPITAL,,84,433,,,3805,209,,5,DISTRICT21,VIAL
PYRA-COMP,9/1/2024,HEALTH CENTER,1098,316,669,645,,691,340,438,1,DISTRICT28,TABLET
PYRA-COMP,3/1/2025,HEALTH CENTER,1076,1,275,2074,,0,-536,85,1,DISTRICT15,TABLET
ACT-SC,5/1/2025,HEALTH CENTER,585,,58,1031,,0,-243,24,30,DISTRICT20,BLISTER
ART-INJ,7/1/2024,HEALTH CENTER,44,133,,151,,260,167,5,5,DISTRICT5,VIAL
QUIN,2/1/2025,HEALTH CENTER,1254,0,62,689,,2,-530,18,1000,DISTRICT13,TABLET
PYRA-COMP,2/1/2024,HEALTH CENTER,,733,,4415,,0,184,,1,DISTRICT32,TABLET
PYRA-COMP,9/1/2024,HEALTH CENTER,1628,0,,1488,,21,404,76,1,DISTRICT32,TABLET
ACT-INF,6/1/2024,HEALTH CENTER,,181,324,137,,71,-459,,30,DISTRICT36,BLISTER
QUIN,1/1/2025,HEALTH CENTER,1060,,230,712,,0,-96,98,1000,DISTRICT13,TABLET
RDT,5/1/2024,HEALTH CENTER,538,509,461,,,,-270,384,25,DISTRICT22,PIECE
ACT-AD,1/1/2025,HEALTH CENTER,,200,152,1187,1134,0,-528,64,30,DISTRICT28,BLISTER
SP,1/1/2024,DISTRICT HOSPITAL,465,,351,,,1735,700,,1000,DISTRICT28,TABLET
ACT-INF,1/1/2024,HEALTH CENTER,14,2179,,183,,0,3,1,30,DISTRICT10,BLISTER
PYRA-COMP,12/1/2023,HEALTH CENTER,593,24,98,447,1006,1890,-551,35,1,DISTRICT38,TABLET
ACT-INF,3/1/2025,HEALTH CENTER,629,260,,,,138,276,,30,DISTRICT5,BLISTER
ACT-INF,3/1/2025,HEALTH CENTER,882,0,,1052,,37,566,486,30,DISTRICT38,BLISTER
ART-SUP,7/1/2024,HEALTH CENTER,908,4,46,362,,0,-327,16,2,DISTRICT2,CAPSULE
ACT-GC,9/1/2025,HEALTH CENTER,551,23,,,,5,359,435,30,DISTRICT32,BLISTER
ACT-SC,6/1/2024,HEALTH CENTER,191,,,29,,,289,,30,DISTRICT20,BLISTER
ITN,11/1/2024,HEALTH CENTER,,26,14,,,176,853,23,50,DISTRICT9,PIECE
ITN,11/1/2025,HEALTH CENTER,57,,7,82,,15,49,12,50,DISTRICT38,PIECE
ACT-SC,11/1/2024,HEALTH CENTER,845,301,224,586,,1,229,241,30,DISTRICT31,BLISTER
ART-INJ,10/1/2025,HEALTH CENTER,2216,,,3151,,162,-583,681,5,DISTRICT13,VIAL
RDT,9/1/2024,HEALTH CENTER,1176,724,,,,25,266,123,25,DISTRICT23,PIECE
PYRA-SAC,5/1/2024,HEALTH CENTER,406,1491,232,994,685,1274,24,,1,DISTRICT13,SACHET
ACT-AD,1/1/2025,HEALTH CENTER,,411,206,239,,1462,425,165,30,DISTRICT35,BLISTER
ACT-AD,11/1/2025,HEALTH CENTER,498,55,229,118,,3351,304,447,30,DISTRICT29,BLISTER
ACT-SC,4/1/2024,HEALTH CENTER,,,458,1665,,3217,-65,195,30,DISTRICT22,BLISTER
QUIN,5/1/2025,HEALTH CENTER,605,0,370,2357,,1670,-42,192,1000,DISTRICT15,TABLET
ACT-INF,3/1/2025,HEALTH CENTER,1379,,347,2526,,2912,402,,30,DISTRICT28,BLISTER
ACT-INF,5/1/2025,HEALTH CENTER,1769,0,,1257,,,534,838,30,DISTRICT30,BLISTER
ART-SUP,10/1/2024,HEALTH CENTER,64,9,271,66,897,3931,55,,2,DISTRICT31,CAPSULE
ACT-AD,6/1/2024,HEALTH CENTER,115,,182,,,2,835,,30,DISTRICT23,BLISTER
ACT-INF,10/1/2024,HEALTH CENTER,2227,0,1243,1520,,920,543,1531,30,DISTRICT33,BLISTER
ITN,4/1/2025,HEALTH CENTER,258,683,,3645,,1,455,,50,DISTRICT7,PIECE
ACT-SC,5/1/2024,HEALTH CENTER,864,236,331,,,3,233,,30,DISTRICT30,BLISTER
ART-INJ,10/1/2024,HEALTH CENTER,722,,,1558,,1901,-166,155,5,DISTRICT25,VIAL
ITN,7/1/2025,HEALTH CENTER,1609,196,636,2986,,177,-523,463,50,DISTRICT1,PIECE
ACT-AD,11/1/2024,HEALTH CENTER,300,,,,,1,322,,30,DISTRICT33,BLISTER
PYRA-COMP,2/1/2024,HEALTH CENTER,542,,14,126,,0,-262,18,1,DISTRICT13,TABLET
ART-INJ,1/1/2024,HEALTH CENTER,,204,,322,,0,-65,90,5,DISTRICT24,VIAL
RDT,11/1/2024,HEALTH CENTER,285,1,95,22,,707,210,44,25,DISTRICT31,PIECE
ACT-SC,7/1/2024,HEALTH CENTER,2994,,436,2986,,,-251,484,30,DISTRICT28,BLISTER
SP,3/1/2025,HEALTH CENTER,231,,189,,,0,1004,,1000,DISTRICT28,TABLET
QUIN,9/1/2024,HEALTH CENTER,,,516,,,,367,710,1000,DISTRICT33,TABLET
ITN,1/1/2025,HEALTH CENTER,2364,21,422,,,104,-145,,50,DISTRICT12,PIECE
PYRA-COMP,12/1/2024,HEALTH CENTER,,55,569,2895,,2079,106,,1,DISTRICT6,TABLET
QUIN,2/1/2025,HEALTH CENTER,315,9,175,479,,0,183,50,1000,DISTRICT22,TABLET
PYRA-SAC,2/1/2025,REGIONAL HOSPITAL,,48,,,,589,466,,1,DISTRICT11,SACHET
ACT-INF,10/1/2024,DISTRICT HOSPITAL,520,,,858,,0,-507,,30,DISTRICT16,BLISTER
ART-SUP,1/1/2024,HEALTH CENTER,204,1,22,107,,1,82,15,2,DISTRICT7,CAPSULE
RDT,2/1/2025,HEALTH CENTER,968,0,425,,,330,-123,143,25,DISTRICT31,PIECE
PYRA-SAC,5/1/2025,HEALTH CENTER,3351,283,655,3578,1260,1702,-67,262,1,DISTRICT7,SACHET
ART-INJ,1/1/2025,HEALTH CENTER,1162,0,446,,,,-82,184,5,DISTRICT16,VIAL
PYRA-COMP,12/1/2023,HEALTH CENTER,63,0,19,128,1095,1,-31,4,1,DISTRICT25,TABLET
ACT-SC,9/1/2025,HEALTH CENTER,,117,185,626,,180,537,43,30,DISTRICT10,BLISTER
PYRA-COMP,1/1/2024,HEALTH CENTER,1403,352,243,,,,-453,129,1,DISTRICT23,TABLET
ACT-AD,1/1/2024,HEALTH CENTER,,,190,,,0,495,78,30,DISTRICT20,BLISTER
RDT,1/1/2024,HEALTH CENTER,4740,16,,,1703,348,-547,,25,DISTRICT1,PIECE
PYRA-COMP,2/1/2025,HEALTH CENTER,1026,,244,533,,654,-338,101,1,DISTRICT10,TABLET
SP,11/1/2024,HEALTH CENTER,130,,,1336,,0,-57,,1000,DISTRICT31,TABLET
SP,12/1/2023,HEALTH CENTER,27,0,22,14,,,-153,,1000,DISTRICT28,TABLET
PYRA-COMP,7/1/2025,HEALTH CENTER,,927,,,,2,-228,,1,DISTRICT33,TABLET
ART-INJ,5/1/2025,HEALTH CENTER,472,13,48,456,,4,-78,,5,DISTRICT8,VIAL
QUIN,6/1/2025,HEALTH CENTER,3428,94,,5693,,0,-912,1084,1000,DISTRICT25,TABLET
RDT,7/1/2025,HEALTH CENTER,140,28,44,18,,10,-117,,25,DISTRICT26,PIECE
ACT-GC,11/1/2025,HEALTH CENTER,342,817,153,669,,354,-1092,129,30,DISTRICT4,BLISTER
RDT,11/1/2024,HEALTH CENTER,96,2,,54,,,661,105,25,DISTRICT24,PIECE
ACT-GC,4/1/2024,HEALTH CENTER,1370,251,531,2385,,415,555,294,30,DISTRICT33,BLISTER
ACT-INF,4/1/2024,HEALTH CENTER,783,0,93,,,299,320,,30,DISTRICT29,BLISTER
ACT-INF,6/1/2025,HEALTH CENTER,,10,407,,,0,-551,65,30,DISTRICT9,BLISTER
ACT-SC,11/1/2024,HEALTH CENTER,1290,153,529,1903,848,6256,-351,643,30,DISTRICT20,BLISTER
ITN,12/1/2023,HEALTH CENTER,84,544,56,413,,16,90,18,50,DISTRICT36,PIECE
SP,7/1/2024,HEALTH CENTER,,,624,1505,,0,-563,422,1000,DISTRICT21,TABLET
SP,1/1/2025,HEALTH CENTER,565,130,115,,1020,187,225,50,1000,DISTRICT3,TABLET
ART-SUP,3/1/2025,HEALTH CENTER,1133,,,,917,,-458,,2,DISTRICT1,CAPSULE
PYRA-COMP,3/1/2024,HEALTH CENTER,94,75,10,,,931,-6,13,1,DISTRICT16,TABLET
ART-SUP,2/1/2024,HEALTH CENTER,6,9,,28,,,934,0,2,DISTRICT29,CAPSULE
ART-SUP,1/1/2025,HEALTH CENTER,1663,6,,,812,161,-1414,,2,DISTRICT28,CAPSULE
ACT-SC,2/1/2024,HEALTH CENTER,27,,18,,,,-2,9,30,DISTRICT5,BLISTER
QUIN,3/1/2024,HEALTH CENTER,5620,608,2008,10027,1469,,303,2181,1000,DISTRICT20,TABLET
ACT-INF,3/1/2024,HEALTH CENTER,,,702,,,37,-166,633,30,DISTRICT33,BLISTER
ITN,9/1/2024,NATIONAL HOSPITAL,1442,1,,,,308,-478,286,50,DISTRICT21,PIECE
ACT-GC,5/1/2024,HEALTH CENTER,,,3,,,8,522,4,30,DISTRICT31,BLISTER
ACT-INF,11/1/2025,HEALTH CENTER,726,0,21,523,,0,150,8,30,DISTRICT1,BLISTER
ACT-INF,2/1/2024,HEALTH CENTER,939,1,20,114,,3,-657,33,30,DISTRICT36,BLISTER
PYRA-SAC,3/1/2025,HEALTH CENTER,288,,61,299,614,,319,64,1,DISTRICT36,SACHET
SP,4/1/2025,HEALTH CENTER,862,4,93,1067,,162,-553,,1000,DISTRICT22,TABLET
PYRA-COMP,5/1/2025,HEALTH CENTER,2354,,,,1296,5328,34,,1,DISTRICT5,TABLET
ACT-INF,6/1/2025,HEALTH CENTER,,824,15,,,0,92,39,30,DISTRICT31,BLISTER
ITN,9/1/2025,HEALTH CENTER,1712,1713,525,6295,,0,301,,50,DISTRICT6,PIECE
ACT-SC,6/1/2025,HEALTH CENTER,539,0,,235,375,,108,,30,DISTRICT33,BLISTER
RDT,2/1/2024,HEALTH CENTER,61,,,,,0,-639,1,25,DISTRICT36,PIECE
ACT-INF,8/1/2024,HEALTH CENTER,,,226,,,0,-31,37,30,DISTRICT29,BLISTER
ACT-SC,10/1/2024,HEALTH CENTER,641,,75,908,161,1,162,40,30,DISTRICT26,BLISTER
ACT-GC,3/1/2024,HEALTH CENTER,,229,417,511,,,400,266,30,DISTRICT13,BLISTER
ACT-INF,11/1/2025,DISTRICT HOSPITAL,312,0,251,255,641,110,-207,116,30,DISTRICT13,BLISTER
ACT-INF,9/1/2025,HEALTH CENTER,468,0,,398,,607,257,33,30,DISTRICT23,BLISTER
ITN,7/1/2024,HEALTH CENTER,1244,0,224,,,1188,401,,50,DISTRICT32,PIECE
PYRA-SAC,5/1/2024,HEALTH CENTER,,,,924,,906,-241,,1,DISTRICT30,SACHET
QUIN,10/1/2024,HEALTH CENTER,110,,,145,574,0,274,,1000,DISTRICT11,TABLET
QUIN,4/1/2024,HEALTH CENTER,1864,107,,,,,188,140,1000,DISTRICT9,TABLET
QUIN,12/1/2024,HEALTH CENTER,692,,,,975,4,-408,11,1000,DISTRICT25,TABLET
ACT-GC,1/1/2025,DISTRICT HOSPITAL,,1,13,,,115,-437,,30,DISTRICT3,BLISTER
ART-INJ,8/1/2025,HEALTH CENTER,5194,1,916,1927,,9022,-1083,1564,5,DISTRICT36,VIAL
SP,2/1/2025,HEALTH CENTER,,7,,47,,1576,8,,1000,DISTRICT32,TABLET
PYRA-SAC,12/1/2024,HEALTH CENTER,670,75,,1479,,114,466,256,1,DISTRICT10,SACHET
RDT,2/1/2024,HEALTH CENTER,85,,30,,2399,5,-576,1,25,DISTRICT31,PIECE
ITN,10/1/2024,HEALTH CENTER,3107,0,598,1906,,,-229,742,50,DISTRICT31,PIECE
RDT,3/1/2024,HEALTH CENTER,3596,9,831,1737,822,3646,-600,864,25,DISTRICT16,PIECE
PYRA-COMP,12/1/2024,HEALTH CENTER,,,95,468,,0,-450,44,1,DISTRICT15,TABLET
ITN,12/1/2023,HEALTH CENTER,1046,562,,225,2168,135,398,319,50,DISTRICT30,PIECE
ART-INJ,11/1/2024,HEALTH CENTER,733,,169,239,,37,-57,,5,DISTRICT2,VIAL
SP,7/1/2025,HEALTH CENTER,60,,38,17,213,0,-297,16,1000,DISTRICT37,TABLET
ART-INJ,2/1/2024,HEALTH CENTER,715,0,124,1103,,305,-14,54,5,DISTRICT3,VIAL
PYRA-COMP,2/1/2024,HEALTH CENTER,,64,257,1123,777,806,-530,136,1,DISTRICT32,TABLET
PYRA-SAC,6/1/2024,HEALTH CENTER,,4,505,,2052,,-283,328,1,DISTRICT32,SACHET
ART-SUP,8/1/2025,HEALTH CENTER,,2111,1046,,,1635,157,496,2,DISTRICT33,CAPSULE
ACT-AD,12/1/2024,HEALTH CENTER,2034,2,254,5174,,643,-124,444,30,DISTRICT35,BLISTER
PYRA-COMP,1/1/2025,HEALTH CENTER,1203,,827,,,9,53,341,1,DISTRICT29,TABLET
ART-SUP,10/1/2024,HEALTH CENTER,2336,100,,,603,,410,474,2,DISTRICT7,CAPSULE
PYRA-SAC,12/1/2024,HEALTH CENTER,523,9,368,,,18,-276,153,1,DISTRICT14,SACHET
PYRA-SAC,5/1/2024,HEALTH CENTER,,,584,4300,628,1400,703,198,1,DISTRICT19,SACHET
ACT-AD,8/1/2025,HEALTH CENTER,2458,,,6845,,207,-229,677,30,DISTRICT9,BLISTER
PYRA-SAC,12/1/2024,HEALTH CENTER,450,,332,1022,,0,262,500,1,DISTRICT24,SACHET
SP,6/1/2024,HEALTH CENTER,150,1,300,860,525,73,340,267,1000,DISTRICT25,TABLET
ITN,3/1/2025,REGIONAL HOSPITAL,626,0,,410,,747,544,481,50,DISTRICT38,PIECE
ACT-SC,11/1/2025,HEALTH CENTER,3031,65,1019,1649,366,816,371,1127,30,DISTRICT33,BLISTER
PYRA-SAC,3/1/2025,HEALTH CENTER,,62,,1360,,28,-127,,1,DISTRICT35,SACHET
ACT-SC,10/1/2025,HEALTH CENTER,1893,642,423,2435,386,13,493,206,30,DISTRICT22,BLISTER
ACT-GC,1/1/2025,REGIONAL HOSPITAL,674,9,21,,,1,-365,7,30,DISTRICT1,BLISTER
ITN,2/1/2025,REGIONAL HOSPITAL,466,,220,,,0,33,,50,DISTRICT15,PIECE
ACT-AD,6/1/2025,NATIONAL HOSPITAL,250,461,29,648,983,,-24,17,30,DISTRICT13,BLISTER
ACT-AD,9/1/2025,HEALTH CENTER,39,,,132,705,0,488,0,30,DISTRICT28,BLISTER
ACT-AD,3/1/2025,HEALTH CENTER,220,0,14,,189,0,-162,1,30,DISTRICT33,BLISTER
PYRA-COMP,4/1/2024,DISTRICT HOSPITAL,3463,22,234,3080,,,-537,,1,DISTRICT36,TABLET
ACT-INF,11/1/2025,HEALTH CENTER,138,,14,,,343,-149,1,30,DISTRICT24,BLISTER
PYRA-SAC,6/1/2024,HEALTH CENTER,37,,3,65,,0,-195,2,1,DISTRICT38,SACHET
SP,11/1/2024,HEALTH CENTER,,1,476,185,,651,-297,414,1000,DISTRICT10,TABLET
ACT-GC,4/1/2024,HEALTH CENTER,2632,,572,1064,1254,1050,170,308,30,DISTRICT24,BLISTER
ART-SUP,8/1/2024,HEALTH CENTER,2265,2,413,1449,,211,476,,2,DISTRICT31,CAPSULE
ART-SUP,5/1/2025,HEALTH CENTER,,250,115,158,,,-461,28,2,DISTRICT38,CAPSULE
ART-SUP,9/1/2024,HEALTH CENTER,468,0,14,,,11,105,38,2,DISTRICT14,CAPSULE
ACT-GC,2/1/2024,HEALTH CENTER,0,0,,7,,413,-33,1,30,DISTRICT13,BLISTER
ITN,6/1/2025,HEALTH CENTER,1834,0,640,1910,,0,-328,560,50,DISTRICT33,PIECE
ACT-SC,1/1/2025,HEALTH CENTER,,699,56,283,,175,-218,258,30,DISTRICT24,BLISTER
ART-INJ,6/1/2025,HEALTH CENTER,,6,155,184,,,-58,,5,DISTRICT10,VIAL
ART-INJ,5/1/2025,HEALTH CENTER,1759,,898,556,,895,-372,835,5,DISTRICT6,VIAL
ACT-GC,11/1/2025,HEALTH CENTER,354,2,15,1059,,0,-500,,30,DISTRICT9,BLISTER
ACT-AD,11/1/2024,HEALTH CENTER,,0,,483,,512,940,,30,DISTRICT19,BLISTER
RDT,5/1/2024,HEALTH CENTER,283,529,,263,792,72,-349,29,25,DISTRICT1,PIECE
ACT-SC,5/1/2024,HEALTH CENTER,198,0,16,75,,0,-77,,30,DISTRICT19,BLISTER
ACT-AD,10/1/2025,HEALTH CENTER,4558,0,245,,,,-6,76,30,DISTRICT30,BLISTER
ART-SUP,6/1/2025,HEALTH CENTER,,,113,594,,,389,278,2,DISTRICT31,CAPSULE
ART-INJ,12/1/2023,HEALTH CENTER,1228,0,297,558,1077,1460,214,,5,DISTRICT13,VIAL
ART-SUP,7/1/2024,HEALTH CENTER,,0,,,590,56,804,82,2,DISTRICT37,CAPSULE
PYRA-COMP,12/1/2024,HEALTH CENTER,1434,538,1084,,294,585,-136,1893,1,DISTRICT9,TABLET
PYRA-SAC,11/1/2024,HEALTH CENTER,,771,144,219,607,,-508,85,1,DISTRICT14,SACHET
ACT-SC,9/1/2024,HEALTH CENTER,215,245,275,490,,3,573,,30,DISTRICT20,BLISTER
PYRA-COMP,2/1/2025,HEALTH CENTER,,,224,954,,1473,-476,165,1,DISTRICT19,TABLET
ART-INJ,11/1/2025,HEALTH CENTER,5192,0,462,5327,,1,-300,,5,DISTRICT9,VIAL
ACT-INF,7/1/2025,HEALTH CENTER,,,57,,,33,204,,30,DISTRICT5,BLISTER
PYRA-SAC,5/1/2025,HEALTH CENTER,,,12,,373,0,-507,2,1,DISTRICT3,SACHET
ACT-AD,5/1/2025,HEALTH CENTER,1518,492,,2142,,8,-287,565,30,DISTRICT10,BLISTER
ART-SUP,10/1/2024,DISTRICT HOSPITAL,879,,609,1673,,,-9,268,2,DISTRICT24,CAPSULE
ACT-AD,5/1/2025,HEALTH CENTER,395,,152,,,355,-791,,30,DISTRICT3,BLISTER
ACT-INF,12/1/2023,HEALTH CENTER,210,,84,,,28,15,68,30,DISTRICT20,BLISTER
ACT-AD,5/1/2025,REGIONAL HOSPITAL,,,21,,,1012,-381,5,30,DISTRICT36,BLISTER
QUIN,12/1/2023,HEALTH CENTER,1141,,635,2956,1828,3424,172,1029,1000,DISTRICT35,TABLET
ACT-GC,7/1/2025,HEALTH CENTER,346,17,148,519,,1519,190,,30,DISTRICT6,BLISTER
ART-SUP,5/1/2025,HEALTH CENTER,1,,3,83,1472,42,-272,1,2,DISTRICT32,CAPSULE
SP,11/1/2024,HEALTH CENTER,4260,0,,2273,,2,-79,,1000,DISTRICT14,TABLET
PYRA-COMP,2/1/2024,HEALTH CENTER,397,255,56,544,,181,340,,1,DISTRICT11,TABLET
ACT-AD,8/1/2025,HEALTH CENTER,,0,,,,,82,2,30,DISTRICT22,BLISTER
ACT-INF,5/1/2025,HEALTH CENTER,328,,210,357,,,-137,249,30,DISTRICT15,BLISTER
SP,1/1/2025,HEALTH CENTER,,1,507,4298,322,249,-856,627,1000,DISTRICT31,TABLET
ACT-GC,9/1/2025,HEALTH CENTER,,1,16,,,104,-400,,30,DISTRICT2,BLISTER
ACT-SC,1/1/2024,HEALTH CENTER,1580,11,417,,,,153,,30,DISTRICT14,BLISTER
ACT-SC,3/1/2025,HEALTH CENTER,,0,,1247,,2,140,268,30,DISTRICT21,BLISTER
ACT-SC,8/1/2025,HEALTH CENTER,91,,,157,,523,78,111,30,DISTRICT15,BLISTER
SP,5/1/2025,HEALTH CENTER,662,0,35,92,797,,523,11,1000,DISTRICT25,TABLET
QUIN,3/1/2025,HEALTH CENTER,14,0,21,7,,2368,-234,9,1000,DISTRICT18,TABLET
ACT-SC,2/1/2025,HEALTH CENTER,785,,208,,402,35,-107,207,30,DISTRICT31,BLISTER
QUIN,2/1/2024,HEALTH CENTER,,0,703,1564,,,-63,,1000,DISTRICT7,TABLET
ITN,10/1/2024,HEALTH CENTER,270,,238,,,0,721,42,50,DISTRICT11,PIECE
QUIN,4/1/2024,HEALTH CENTER,1492,0,,450,543,82,-645,,1000,DISTRICT19,TABLET
PYRA-COMP,9/1/2025,HEALTH CENTER,69,,85,194,,0,63,23,1,DISTRICT16,TABLET
PYRA-SAC,11/1/2024,HEALTH CENTER,101,296,99,108,,,125,84,1,DISTRICT11,SACHET
SP,12/1/2024,HEALTH CENTER,59,5,,312,,796,412,,1000,DISTRICT38,TABLET
ACT-INF,2/1/2024,HEALTH CENTER,40,36,,,,127,433,30,30,DISTRICT10,BLISTER
ACT-AD,6/1/2024,HEALTH CENTER,4,11,111,11,,1789,685,56,30,DISTRICT20,BLISTER
QUIN,10/1/2025,HEALTH CENTER,,3,235,,170,797,103,,1000,DISTRICT17,TABLET
ACT-INF,6/1/2024,HEALTH CENTER,247,,5,,,,-304,,30,DISTRICT16,BLISTER
ACT-AD,6/1/2025,HEALTH CENTER,127,2,108,24,593,2137,116,7,30,DISTRICT13,BLISTER
RDT,10/1/2025,HEALTH CENTER,1855,,218,4634,,,-358,268,25,DISTRICT13,PIECE
QUIN,2/1/2024,HEALTH CENTER,5,100,,,,2,41,14,1000,DISTRICT23,TABLET
PYRA-SAC,9/1/2025,HEALTH CENTER,,381,,1874,,,-256,,1,DISTRICT15,SACHET
ACT-INF,10/1/2024,HEALTH CENTER,6,4,29,14,391,10,319,12,30,DISTRICT26,BLISTER
ACT-INF,3/1/2025,HEALTH CENTER,11,1,,,670,8,-265,77,30,DISTRICT26,BLISTER
ART-SUP,9/1/2024,HEALTH CENTER,,,24,72,,3903,407,33,2,DISTRICT16,CAPSULE
RDT,3/1/2024,DISTRICT HOSPITAL,1400,163,,590,,10,-99,568,25,DISTRICT20,PIECE
ART-SUP,10/1/2024,HEALTH CENTER,399,,91,,,,360,9,2,DISTRICT9,CAPSULE
RDT,2/1/2025,HEALTH CENTER,455,37,368,539,,179,-427,,25,DISTRICT28,PIECE
ITN,8/1/2024,HEALTH CENTER,1437,6,319,743,,606,142,,50,DISTRICT28,PIECE
ACT-AD,6/1/2025,HEALTH CENTER,,1613,997,1042,356,1,51,632,30,DISTRICT16,BLISTER
ACT-AD,1/1/2024,NATIONAL HOSPITAL,1691,218,334,,,10,-155,,30,DISTRICT32,BLISTER
PYRA-SAC,2/1/2024,DISTRICT HOSPITAL,2078,,545,2003,,0,-192,598,1,DISTRICT21,SACHET
SP,10/1/2024,HEALTH CENTER,,,,1611,,8,771,604,1000,DISTRICT20,TABLET
QUIN,5/1/2025,HEALTH CENTER,,,672,6423,,,311,96,1000,DISTRICT23,TABLET
SP,8/1/2024,HEALTH CENTER,3654,57,449,,,897,-578,645,1000,DISTRICT9,TABLET
ART-SUP,7/1/2025,HEALTH CENTER,243,45,140,,,104,165,170,2,DISTRICT31,CAPSULE
ACT-SC,5/1/2025,HEALTH CENTER,,,64,192,,895,129,,30,DISTRICT8,BLISTER
QUIN,2/1/2025,HEALTH CENTER,34,0,50,,,,-202,18,1000,DISTRICT30,TABLET
PYRA-SAC,4/1/2024,HEALTH CENTER,263,4,89,24,,26,-115,66,1,DISTRICT9,SACHET
ACT-AD,7/1/2025,HEALTH CENTER,821,,79,968,,1,-235,10,30,DISTRICT25,BLISTER
QUIN,10/1/2025,HEALTH CENTER,,0,,961,,27,105,87,1000,DISTRICT19,TABLET
ACT-INF,2/1/2024,HEALTH CENTER,1497,0,245,1204,683,45,1,160,30,DISTRICT16,BLISTER
PYRA-SAC,7/1/2025,HEALTH CENTER,45,433,3,86,,,-187,,1,DISTRICT13,SACHET
PYRA-SAC,6/1/2025,HEALTH CENTER,360,,63,35,229,0,-370,12,1,DISTRICT27,SACHET
ART-SUP,2/1/2024,HEALTH CENTER,463,7,16,142,555,2,-364,21,2,DISTRICT32,CAPSULE
ACT-GC,1/1/2024,HEALTH CENTER,3772,,,2476,,,452,941,30,DISTRICT24,BLISTER
ART-INJ,5/1/2024,HEALTH CENTER,266,0,57,,560,,-858,,5,DISTRICT1,VIAL
PYRA-SAC,5/1/2024,HEALTH CENTER,3063,546,781,1035,453,,-245,421,1,DISTRICT25,SACHET
ART-INJ,1/1/2025,HEALTH CENTER,,82,161,225,,,7,,5,DISTRICT28,VIAL
PYRA-COMP,5/1/2025,HEALTH CENTER,,0,24,,,,-5,1,1,DISTRICT17,TABLET
ART-SUP,1/1/2025,HEALTH CENTER,262,99,231,411,,,-75,60,2,DISTRICT13,CAPSULE
ITN,11/1/2024,HEALTH CENTER,22,31,,,1065,0,169,,50,DISTRICT32,PIECE
ART-SUP,1/1/2025,HEALTH CENTER,1715,119,101,1253,,0,-649,175,2,DISTRICT29,CAPSULE
RDT,10/1/2024,HEALTH CENTER,2449,650,337,4143,,0,-340,80,25,DISTRICT26,PIECE
PYRA-SAC,1/1/2024,HEALTH CENTER,150,0,29,298,,,-179,6,1,DISTRICT18,SACHET
PYRA-COMP,12/1/2024,HEALTH CENTER,709,0,3,38,,0,-851,,1,DISTRICT33,TABLET
ACT-INF,12/1/2024,HEALTH CENTER,,0,64,259,,43,-1066,,30,DISTRICT29,BLISTER
ITN,4/1/2025,HEALTH CENTER,,0,650,,,0,-878,450,50,DISTRICT9,PIECE
PYRA-COMP,1/1/2025,HEALTH CENTER,231,,25,,539,1396,289,14,1,DISTRICT35,TABLET
ART-SUP,10/1/2025,HEALTH CENTER,1464,0,471,,,1078,877,537,2,DISTRICT13,CAPSULE
ART-SUP,4/1/2024,HEALTH CENTER,,329,236,207,,568,-71,353,2,DISTRICT8,CAPSULE
PYRA-COMP,11/1/2025,HEALTH CENTER,1260,420,,3097,1073,17,417,,1,DISTRICT11,TABLET
QUIN,2/1/2025,HEALTH CENTER,,73,537,4836,631,0,613,196,1000,DISTRICT17,TABLET
ART-INJ,11/1/2025,HEALTH CENTER,,,82,1594,874,131,-10,87,5,DISTRICT10,VIAL
ACT-GC,7/1/2024,HEALTH CENTER,291,16,23,465,,0,186,13,30,DISTRICT14,BLISTER
ACT-INF,9/1/2025,HEALTH CENTER,3,,0,,63,0,267,,30,DISTRICT1,BLISTER
ACT-SC,12/1/2024,HEALTH CENTER,980,99,777,620,,9110,269,,30,DISTRICT23,BLISTER
ACT-GC,6/1/2024,DISTRICT HOSPITAL,21,,,21,,1839,-393,301,30,DISTRICT9,BLISTER
PYRA-SAC,4/1/2024,HEALTH CENTER,,,141,825,,,652,,1,DISTRICT35,SACHET
QUIN,1/1/2025,DISTRICT HOSPITAL,,,,119,,2479,81,128,1000,DISTRICT14,TABLET
ACT-AD,7/1/2024,DISTRICT HOSPITAL,2650,78,416,1708,,75,136,,30,DISTRICT4,BLISTER
ACT-GC,12/1/2023,HEALTH CENTER,442,,77,434,,,-126,,30,DISTRICT10,BLISTER
ACT-GC,4/1/2024,REGIONAL HOSPITAL,2155,364,450,556,,364,-727,707,30,DISTRICT28,BLISTER
ART-SUP,7/1/2025,HEALTH CENTER,,1423,344,,926,1754,130,136,2,DISTRICT10,CAPSULE
ITN,2/1/2025,HEALTH CENTER,75,0,9,23,,,-53,0,50,DISTRICT31,PIECE
ART-INJ,11/1/2024,HEALTH CENTER,1691,1,117,,,0,-6,,5,DISTRICT9,VIAL
ACT-INF,2/1/2025,HEALTH CENTER,,,16,8,,3,41,0,30,DISTRICT9,BLISTER
ACT-AD,12/1/2024,HEALTH CENTER,,3,114,,,,269,61,30,DISTRICT32,BLISTER
RDT,9/1/2024,HEALTH CENTER,,0,9,,206,0,-824,14,25,DISTRICT22,PIECE
PYRA-SAC,7/1/2024,DISTRICT HOSPITAL,377,10,25,178,,,-511,27,1,DISTRICT32,SACHET
RDT,8/1/2024,HEALTH CENTER,2946,230,,,1453,3603,-405,1319,25,DISTRICT18,PIECE
PYRA-COMP,5/1/2024,HEALTH CENTER,38,10,139,,,5830,146,64,1,DISTRICT8,TABLET
ACT-SC,7/1/2025,HEALTH CENTER,,0,2,8,567,426,-958,2,30,DISTRICT7,BLISTER
PYRA-SAC,3/1/2025,HEALTH CENTER,,0,185,813,,,495,104,1,DISTRICT37,SACHET
QUIN,4/1/2024,HEALTH CENTER,59,,86,322,,45,-385,,1000,DISTRICT15,TABLET
ACT-SC,7/1/2024,HEALTH CENTER,,,734,3902,,124,-906,668,30,DISTRICT11,BLISTER
ACT-SC,5/1/2024,HEALTH CENTER,,,548,,680,2131,150,274,30,DISTRICT15,BLISTER
ITN,8/1/2025,HEALTH CENTER,190,139,28,1631,192,23,-173,15,50,DISTRICT20,PIECE
ART-INJ,8/1/2025,HEALTH CENTER,,2175,1505,,,2182,-150,1461,5,DISTRICT33,VIAL
ACT-GC,3/1/2025,HEALTH CENTER,269,0,,482,570,912,155,,30,DISTRICT25,BLISTER
QUIN,8/1/2024,HEALTH CENTER,,,83,130,,122,113,28,1000,DISTRICT16,TABLET
ART-SUP,4/1/2024,HEALTH CENTER,,,,1330,,1226,1016,,2,DISTRICT29,CAPSULE
ITN,2/1/2025,HEALTH CENTER,1141,,321,423,,51,60,496,50,DISTRICT19,PIECE
QUIN,5/1/2025,HEALTH CENTER,63,0,20,61,,31,-406,8,1000,DISTRICT26,TABLET
ART-SUP,7/1/2025,HEALTH CENTER,2922,124,681,2393,1721,581,-31,438,2,DISTRICT24,CAPSULE
RDT,5/1/2024,HEALTH CENTER,,9,95,,,0,206,,25,DISTRICT5,PIECE
ART-SUP,8/1/2024,HEALTH CENTER,,249,605,760,,73,325,410,2,DISTRICT33,CAPSULE
PYRA-COMP,6/1/2024,HEALTH CENTER,408,,25,,,0,-22,76,1,DISTRICT17,TABLET
ITN,5/1/2024,HEALTH CENTER,67,,,44,,801,-431,24,50,DISTRICT23,PIECE
RDT,2/1/2024,HEALTH CENTER,744,12,297,430,,69,267,467,25,DISTRICT25,PIECE
PYRA-COMP,6/1/2024,HEALTH CENTER,293,0,18,185,,,275,,1,DISTRICT15,TABLET
ART-INJ,2/1/2025,HEALTH CENTER,41,97,575,,,14899,897,259,5,DISTRICT35,VIAL
ACT-SC,2/1/2024,HEALTH CENTER,381,13,51,386,,1,-315,43,30,DISTRICT4,BLISTER
ART-INJ,2/1/2025,HEALTH CENTER,27,,,5,,129,-766,2,5,DISTRICT19,VIAL
PYRA-SAC,10/1/2025,HEALTH CENTER,1305,,,,,,-152,1176,1,DISTRICT28,SACHET
PYRA-SAC,2/1/2024,HEALTH CENTER,,,194,204,173,,87,137,1,DISTRICT35,SACHET
ART-SUP,8/1/2025,HEALTH CENTER,1129,,367,707,,148,977,,2,DISTRICT33,CAPSULE
QUIN,3/1/2024,DISTRICT HOSPITAL,,1048,956,2754,1987,,108,,1000,DISTRICT20,TABLET
ACT-SC,2/1/2024,HEALTH CENTER,657,648,190,2410,,0,-43,43,30,DISTRICT2,BLISTER
ART-INJ,5/1/2025,HEALTH CENTER,2274,,,3107,,3047,542,,5,DISTRICT26,VIAL
QUIN,7/1/2025,HEALTH CENTER,247,,47,,622,5,627,48,1000,DISTRICT25,TABLET
PYRA-COMP,3/1/2024,HEALTH CENTER,14,0,3,3,,3,24,4,1,DISTRICT23,TABLET
PYRA-SAC,5/1/2025,HEALTH CENTER,762,52,1067,,,6904,906,792,1,DISTRICT2,SACHET
ACT-INF,8/1/2025,HEALTH CENTER,427,12,191,1619,,7,18,,30,DISTRICT26,BLISTER
ACT-SC,7/1/2024,HEALTH CENTER,943,246,418,,,869,373,,30,DISTRICT11,BLISTER
QUIN,4/1/2024,HEALTH CENTER,,1062,,1536,,49,-267,199,1000,DISTRICT25,TABLET
QUIN,9/1/2024,HEALTH CENTER,,,307,1471,838,442,-358,100,1000,DISTRICT31,TABLET
ACT-AD,6/1/2025,HEALTH CENTER,,0,1,,,527,-281,0,30,DISTRICT25,BLISTER
ACT-AD,4/1/2025,HEALTH CENTER,5562,18,833,3208,,,655,733,30,DISTRICT14,BLISTER
QUIN,12/1/2023,HEALTH CENTER,,12,479,2353,,0,672,,1000,DISTRICT1,TABLET
ART-SUP,3/1/2025,HEALTH CENTER,132,122,,206,,2,-657,11,2,DISTRICT12,CAPSULE
QUIN,2/1/2025,HEALTH CENTER,561,,,884,,0,291,349,1000,DISTRICT33,TABLET
RDT,1/1/2024,HEALTH CENTER,320,17,,1161,1454,,-163,61,25,DISTRICT29,PIECE
ITN,5/1/2024,HEALTH CENTER,2224,364,679,,1354,906,245,,50,DISTRICT10,PIECE
ACT-SC,8/1/2025,DISTRICT HOSPITAL,,14,,,429,323,408,260,30,DISTRICT14,BLISTER
SP,6/1/2025,HEALTH CENTER,235,51,,572,,254,388,118,1000,DISTRICT23,TABLET
PYRA-SAC,8/1/2024,HEALTH CENTER,33,,163,46,,35,78,72,1,DISTRICT27,SACHET
SP,3/1/2025,HEALTH CENTER,,,150,,,0,0,,1000,DISTRICT1,TABLET
ACT-AD,8/1/2024,HEALTH CENTER,1888,6,73,896,1500,0,-635,2,30,DISTRICT12,BLISTER
ACT-SC,3/1/2025,HEALTH CENTER,,,,1503,,,197,778,30,DISTRICT11,BLISTER
ART-SUP,6/1/2024,HEALTH CENTER,118,5,,47,634,1,-503,13,2,DISTRICT1,CAPSULE
ART-SUP,11/1/2025,HEALTH CENTER,1442,174,,4368,256,5647,-374,,2,DISTRICT26,CAPSULE
ACT-INF,12/1/2024,HEALTH CENTER,374,336,215,553,,0,-751,,30,DISTRICT13,BLISTER
PYRA-COMP,9/1/2024,HEALTH CENTER,,254,97,2409,,419,792,,1,DISTRICT31,TABLET
RDT,5/1/2024,HEALTH CENTER,1461,0,440,1222,,159,-321,149,25,DISTRICT4,PIECE
PYRA-COMP,9/1/2025,HEALTH CENTER,,0,74,156,,,733,32,1,DISTRICT33,TABLET
ACT-GC,6/1/2025,HEALTH CENTER,,0,125,39,618,221,-264,10,30,DISTRICT20,BLISTER
PYRA-COMP,11/1/2025,HEALTH CENTER,,9,459,,,30,195,293,1,DISTRICT23,TABLET
ITN,1/1/2025,HEALTH CENTER,609,0,95,570,,,-219,11,50,DISTRICT32,PIECE
SP,3/1/2024,HEALTH CENTER,2413,37,705,,,0,-365,363,1000,DISTRICT30,TABLET
ITN,1/1/2024,HEALTH CENTER,1032,635,144,424,,,-222,39,50,DISTRICT9,PIECE
ITN,3/1/2025,HEALTH CENTER,345,,7,,,218,621,10,50,DISTRICT11,PIECE
ACT-AD,6/1/2024,HEALTH CENTER,835,430,139,,,0,-547,49,30,DISTRICT4,BLISTER
RDT,2/1/2024,HEALTH CENTER,,,,,,40,-558,106,25,DISTRICT13,PIECE
PYRA-COMP,9/1/2024,HEALTH CENTER,1491,98,858,1429,,47,-166,,1,DISTRICT28,TABLET
ACT-AD,7/1/2025,HEALTH CENTER,65,,7,36,869,8,154,3,30,DISTRICT19,BLISTER
ACT-GC,7/1/2024,HEALTH CENTER,118,43,,,,,-363,,30,DISTRICT33,BLISTER
ART-SUP,9/1/2024,HEALTH CENTER,,0,,613,,0,-260,,2,DISTRICT31,CAPSULE
ACT-GC,4/1/2025,HEALTH CENTER,3235,0,178,2597,,206,-21,,30,DISTRICT28,BLISTER
PYRA-SAC,7/1/2025,HEALTH CENTER,,1029,161,2004,695,0,-135,173,1,DISTRICT24,SACHET
PYRA-COMP,3/1/2024,HEALTH CENTER,12,0,,58,757,0,-451,4,1,DISTRICT30,TABLET
PYRA-COMP,7/1/2024,HEALTH CENTER,2723,,,,,1009,486,236,1,DISTRICT35,TABLET
RDT,11/1/2025,HEALTH CENTER,,725,,1092,,70,254,964,25,DISTRICT10,PIECE
RDT,2/1/2024,HEALTH CENTER,6,,2,137,,0,-28,0,25,DISTRICT19,PIECE
ACT-AD,4/1/2024,HEALTH CENTER,580,108,543,604,,163,-120,299,30,DISTRICT24,BLISTER
ACT-GC,11/1/2025,HEALTH CENTER,,2291,33,1207,,4,26,14,30,DISTRICT24,BLISTER
ACT-AD,10/1/2025,HEALTH CENTER,,410,457,3356,,19,331,544,30,DISTRICT9,BLISTER
RDT,1/1/2024,HEALTH CENTER,570,10,170,1019,,9,-111,154,25,DISTRICT23,PIECE
PYRA-SAC,9/1/2025,HEALTH CENTER,1420,0,,1179,,8433,-425,648,1,DISTRICT38,SACHET
SP,7/1/2024,HEALTH CENTER,1511,,404,366,,132,319,112,1000,DISTRICT6,TABLET
ART-INJ,12/1/2024,HEALTH CENTER,,0,6,37,,0,145,22,5,DISTRICT33,VIAL
PYRA-COMP,10/1/2025,HEALTH CENTER,446,482,134,,1278,,281,245,1,DISTRICT29,TABLET
ACT-GC,7/1/2025,HEALTH CENTER,40,0,,135,,501,400,296,30,DISTRICT23,BLISTER
PYRA-SAC,10/1/2025,HEALTH CENTER,,1534,237,2077,428,18,675,195,1,DISTRICT8,SACHET
ART-SUP,12/1/2023,HEALTH CENTER,2416,767,1376,3752,,8295,-512,1015,2,DISTRICT20,CAPSULE
PYRA-COMP,6/1/2024,HEALTH CENTER,2039,4,746,838,,2311,621,515,1,DISTRICT9,TABLET
ACT-SC,6/1/2025,HEALTH CENTER,,49,856,,,772,-256,,30,DISTRICT7,BLISTER
ACT-SC,12/1/2023,DISTRICT HOSPITAL,,2032,118,1134,,22,-358,41,30,DISTRICT28,BLISTER
ITN,4/1/2024,HEALTH CENTER,543,132,,867,1566,0,-1028,283,50,DISTRICT5,PIECE
SP,12/1/2024,HEALTH CENTER,,,141,371,146,,-255,122,1000,DISTRICT6,TABLET
QUIN,2/1/2025,HEALTH CENTER,396,37,330,,,53,-247,,1000,DISTRICT5,TABLET
ACT-INF,8/1/2024,HEALTH CENTER,,117,147,1240,,0,-1,187,30,DISTRICT6,BLISTER
ART-INJ,8/1/2024,HEALTH CENTER,949,1136,644,,439,0,981,620,5,DISTRICT31,VIAL
ACT-AD,1/1/2025,DISTRICT HOSPITAL,38,,37,117,,3398,360,88,30,DISTRICT35,BLISTER
ACT-AD,4/1/2025,HEALTH CENTER,,1,225,414,,158,-211,209,30,DISTRICT12,BLISTER
ACT-AD,5/1/2025,HEALTH CENTER,,0,20,41,,150,-227,31,30,DISTRICT7,BLISTER
ACT-INF,10/1/2025,HEALTH CENTER,910,23,336,365,,557,-93,203,30,DISTRICT30,BLISTER
ACT-SC,7/1/2025,HEALTH CENTER,142,,,,,,51,32,30,DISTRICT16,BLISTER
SP,2/1/2025,HEALTH CENTER,1990,35,,,,0,84,550,1000,DISTRICT31,TABLET
ART-SUP,7/1/2025,HEALTH CENTER,,4,92,372,,1,-907,63,2,DISTRICT21,CAPSULE
ACT-GC,10/1/2025,HEALTH CENTER,366,,105,237,,,-442,17,30,DISTRICT24,BLISTER
ACT-AD,1/1/2024,HEALTH CENTER,27,34,,61,,,-135,48,30,DISTRICT21,BLISTER
ITN,1/1/2024,HEALTH CENTER,1586,22,100,1157,169,,127,91,50,DISTRICT1,PIECE
ACT-GC,2/1/2025,HEALTH CENTER,457,0,,,,0,245,6,30,DISTRICT32,BLISTER
PYRA-COMP,12/1/2024,HEALTH CENTER,,,,2379,,0,-484,64,1,DISTRICT25,TABLET
SP,6/1/2024,HEALTH CENTER,,0,,,904,216,470,133,1000,DISTRICT31,TABLET
PYRA-SAC,8/1/2025,HEALTH CENTER,1527,9,271,1423,,11,-45,,1,DISTRICT32,SACHET
ART-SUP,10/1/2025,DISTRICT HOSPITAL,,1,125,,1648,1444,-28,152,2,DISTRICT4,CAPSULE
RDT,11/1/2024,HEALTH CENTER,81,365,478,184,,1196,-81,461,25,DISTRICT1,PIECE
PYRA-SAC,9/1/2024,HEALTH CENTER,5807,964,1900,,639,,572,1360,1,DISTRICT23,SACHET
ITN,6/1/2024,HEALTH CENTER,,1,539,1037,,2083,-111,210,50,DISTRICT33,PIECE
SP,8/1/2024,HEALTH CENTER,441,,,1365,,0,-387,431,1000,DISTRICT25,TABLET
ACT-SC,7/1/2024,HEALTH CENTER,263,0,91,343,,1053,-158,90,30,DISTRICT3,BLISTER
ACT-GC,4/1/2025,HEALTH CENTER,,0,48,37,,596,109,16,30,DISTRICT19,BLISTER
QUIN,8/1/2025,HEALTH CENTER,,977,,1905,,385,-1232,1025,1000,DISTRICT4,TABLET
QUIN,8/1/2024,HEALTH CENTER,3302,58,,,,1,-842,310,1000,DISTRICT29,TABLET
PYRA-SAC,4/1/2025,HEALTH CENTER,,119,71,450,,,-368,57,1,DISTRICT9,SACHET
ACT-INF,4/1/2024,DISTRICT HOSPITAL,,477,1083,2491,,1696,316,749,30,DISTRICT20,BLISTER
PYRA-COMP,7/1/2025,HEALTH CENTER,191,738,58,574,,,463,,1,DISTRICT31,TABLET
ACT-AD,12/1/2023,HEALTH CENTER,55,0,25,,,842,-11,19,30,DISTRICT21,BLISTER
ACT-SC,3/1/2025,HEALTH CENTER,,0,,428,,,-123,10,30,DISTRICT29,BLISTER
ART-SUP,1/1/2024,HEALTH CENTER,973,245,,1653,,130,-344,,2,DISTRICT35,CAPSULE
PYRA-COMP,2/1/2025,HEALTH CENTER,116,31,,211,,3,-67,37,1,DISTRICT32,TABLET
PYRA-COMP,8/1/2025,HEALTH CENTER,,0,861,,,0,-334,,1,DISTRICT20,TABLET
ACT-GC,11/1/2025,HEALTH CENTER,2838,1354,769,1782,297,,-782,,30,DISTRICT38,BLISTER
ACT-INF,5/1/2024,HEALTH CENTER,,2,30,249,,49,923,4,30,DISTRICT23,BLISTER
ACT-AD,10/1/2025,HEALTH CENTER,1619,,894,2745,450,2350,-594,674,30,DISTRICT32,BLISTER
ACT-INF,6/1/2025,HEALTH CENTER,,0,,341,,,-145,108,30,DISTRICT20,BLISTER
SP,9/1/2025,HEALTH CENTER,,0,,416,,1018,772,219,1000,DISTRICT33,TABLET
PYRA-COMP,2/1/2025,HEALTH CENTER,2863,302,336,2007,1571,435,190,,1,DISTRICT22,TABLET
ACT-INF,2/1/2025,HEALTH CENTER,20,,55,,,349,-229,7,30,DISTRICT31,BLISTER
QUIN,3/1/2024,HEALTH CENTER,1251,0,221,100,,20,253,247,1000,DISTRICT28,TABLET
ACT-SC,10/1/2024,HEALTH CENTER,806,1,96,358,239,0,-224,29,30,DISTRICT25,BLISTER
ART-SUP,3/1/2024,HEALTH CENTER,3617,3,,,1578,1004,-720,490,2,DISTRICT8,CAPSULE
ACT-GC,10/1/2025,HEALTH CENTER,17,0,48,12,,406,-776,81,30,DISTRICT14,BLISTER
SP,10/1/2024,HEALTH CENTER,161,51,78,,306,168,-176,16,1000,DISTRICT32,TABLET
ART-INJ,8/1/2025,HEALTH CENTER,86,85,22,,465,,269,,5,DISTRICT29,VIAL
ART-INJ,6/1/2025,HEALTH CENTER,93,60,,157,,378,332,,5,DISTRICT22,VIAL
ART-INJ,5/1/2025,HEALTH CENTER,925,,236,314,,,437,341,5,DISTRICT27,VIAL
ACT-GC,5/1/2025,HEALTH CENTER,,84,49,,785,1545,61,,30,DISTRICT9,BLISTER
ACT-GC,3/1/2025,HEALTH CENTER,1229,,153,1772,,,30,,30,DISTRICT11,BLISTER
SP,9/1/2025,HEALTH CENTER,,3,,422,,1862,141,,1000,DISTRICT29,TABLET
ART-SUP,3/1/2025,HEALTH CENTER,2401,0,370,1717,,143,-152,164,2,DISTRICT32,CAPSULE
RDT,4/1/2024,HEALTH CENTER,,,,428,,193,-100,5,25,DISTRICT16,PIECE
SP,8/1/2024,HEALTH CENTER,,0,,997,691,74,-410,,1000,DISTRICT31,TABLET
QUIN,2/1/2024,HEALTH CENTER,,0,147,44,,1065,-525,344,1000,DISTRICT7,TABLET
ACT-GC,3/1/2025,HEALTH CENTER,3223,,,4207,,,-289,,30,DISTRICT29,BLISTER
PYRA-SAC,12/1/2023,HEALTH CENTER,668,4,96,704,724,18,-285,8,1,DISTRICT21,SACHET
PYRA-COMP,9/1/2025,HEALTH CENTER,1801,24,192,,105,0,-341,,1,DISTRICT29,TABLET
QUIN,6/1/2024,DISTRICT HOSPITAL,709,,235,810,,18,746,,1000,DISTRICT17,TABLET
ART-INJ,7/1/2025,HEALTH CENTER,493,10,132,297,,4459,96,34,5,DISTRICT35,VIAL
PYRA-SAC,7/1/2025,DISTRICT HOSPITAL,,34,,3,,158,-476,8,1,DISTRICT21,SACHET
ACT-SC,8/1/2024,HEALTH CENTER,6995,392,,3764,,586,-59,351,30,DISTRICT38,BLISTER
ITN,1/1/2024,HEALTH CENTER,,,,1280,,110,505,655,50,DISTRICT26,PIECE
ACT-SC,2/1/2024,HEALTH CENTER,3,0,3,,,0,-20,0,30,DISTRICT30,BLISTER
ACT-SC,11/1/2025,HEALTH CENTER,,0,156,301,,2316,-594,,30,DISTRICT31,BLISTER
SP,5/1/2024,HEALTH CENTER,237,15,212,,,0,469,133,1000,DISTRICT29,TABLET
ITN,11/1/2024,HEALTH CENTER,,2,241,,407,0,278,172,50,DISTRICT33,PIECE
ACT-AD,1/1/2024,HEALTH CENTER,,1,,247,2056,3,155,,30,DISTRICT36,BLISTER
ACT-GC,2/1/2024,HEALTH CENTER,644,0,316,,,14,222,,30,DISTRICT32,BLISTER
ACT-GC,8/1/2025,HEALTH CENTER,,183,234,782,189,77,93,,30,DISTRICT21,BLISTER
ART-INJ,8/1/2024,DISTRICT HOSPITAL,,56,,1183,455,0,674,153,5,DISTRICT2,VIAL
RDT,7/1/2025,DISTRICT HOSPITAL,1830,189,360,1231,,5,282,,25,DISTRICT15,PIECE
QUIN,10/1/2024,HEALTH CENTER,851,6,163,,,,133,140,1000,DISTRICT29,TABLET
ACT-AD,11/1/2025,HEALTH CENTER,242,0,14,162,,2,-197,2,30,DISTRICT19,BLISTER
ACT-INF,9/1/2025,HEALTH CENTER,1095,2,1050,1747,1051,,-235,1088,30,DISTRICT7,BLISTER
ART-INJ,9/1/2025,HEALTH CENTER,,1072,,3333,,1,27,,5,DISTRICT9,VIAL
ART-SUP,9/1/2024,HEALTH CENTER,61,,14,,,,807,5,2,DISTRICT30,CAPSULE
PYRA-SAC,12/1/2023,HEALTH CENTER,8,468,80,,,1,702,,1,DISTRICT13,SACHET
ART-SUP,5/1/2025,HEALTH CENTER,1108,2,,,,,1012,,2,DISTRICT24,CAPSULE
ACT-INF,9/1/2024,HEALTH CENTER,6,0,9,15,433,97,-190,,30,DISTRICT13,BLISTER
PYRA-SAC,8/1/2025,HEALTH CENTER,0,,2,4,,0,455,,1,DISTRICT33,SACHET
ACT-INF,10/1/2024,HEALTH CENTER,807,4,,848,1349,1078,381,358,30,DISTRICT32,BLISTER
ACT-AD,6/1/2025,HEALTH CENTER,509,179,158,1256,,7,-20,,30,DISTRICT1,BLISTER
ACT-SC,7/1/2024,HEALTH CENTER,427,121,,1062,,2,-265,271,30,DISTRICT19,BLISTER
ART-INJ,8/1/2025,HEALTH CENTER,496,,339,1783,1103,,-584,,5,DISTRICT10,VIAL
PYRA-SAC,6/1/2025,HEALTH CENTER,3414,125,305,,,368,401,149,1,DISTRICT10,SACHET
QUIN,6/1/2024,HEALTH CENTER,128,0,64,1028,,105,577,80,1000,DISTRICT1,TABLET
ACT-INF,1/1/2025,HEALTH CENTER,196,191,16,,,0,-29,2,30,DISTRICT19,BLISTER
SP,10/1/2024,REGIONAL HOSPITAL,22,1009,69,,1402,1,241,24,1000,DISTRICT35,TABLET
ACT-AD,10/1/2025,DISTRICT HOSPITAL,293,0,,800,,0,-399,85,30,DISTRICT1,BLISTER
ART-SUP,9/1/2025,HEALTH CENTER,1756,715,891,2386,,1589,-309,958,2,DISTRICT20,CAPSULE
PYRA-COMP,3/1/2024,HEALTH CENTER,10,0,,,,0,-209,,1,DISTRICT16,TABLET
SP,5/1/2024,HEALTH CENTER,,210,63,,,0,-857,21,1000,DISTRICT21,TABLET
QUIN,7/1/2025,HEALTH CENTER,1474,0,168,,,,133,,1000,DISTRICT35,TABLET
ACT-GC,8/1/2024,HEALTH CENTER,649,,,,,469,-105,,30,DISTRICT17,BLISTER
ACT-SC,2/1/2025,HEALTH CENTER,1259,6,241,1532,398,15,116,,30,DISTRICT18,BLISTER
QUIN,4/1/2025,HEALTH CENTER,2742,0,1004,1166,,,-222,662,1000,DISTRICT30,TABLET
SP,12/1/2023,HEALTH CENTER,268,0,52,9,,80,-194,35,1000,DISTRICT32,TABLET
PYRA-COMP,3/1/2025,HEALTH CENTER,410,,133,241,,,595,,1,DISTRICT3,TABLET
QUIN,7/1/2024,HEALTH CENTER,882,89,,2526,,0,167,8,1000,DISTRICT25,TABLET
ART-SUP,5/1/2025,DISTRICT HOSPITAL,2006,0,133,1910,1412,0,-331,51,2,DISTRICT2,CAPSULE
PYRA-SAC,12/1/2023,HEALTH CENTER,446,,,976,,0,-559,22,1,DISTRICT18,SACHET
RDT,3/1/2025,DISTRICT HOSPITAL,2583,,485,,,822,257,383,25,DISTRICT15,PIECE
ART-SUP,3/1/2025,HEALTH CENTER,,2644,,,443,0,-124,,2,DISTRICT16,CAPSULE
ACT-AD,8/1/2025,DISTRICT HOSPITAL,2157,60,412,1338,,3559,-327,,30,DISTRICT31,BLISTER
PYRA-SAC,5/1/2025,HEALTH CENTER,162,0,,106,,0,-99,1,1,DISTRICT29,SACHET
PYRA-COMP,6/1/2025,HEALTH CENTER,3409,,251,1842,,0,-249,,1,DISTRICT4,TABLET
ACT-INF,7/1/2024,HEALTH CENTER,594,2,189,736,,,-159,,30,DISTRICT6,BLISTER
ITN,5/1/2025,HEALTH CENTER,,2,,260,256,,-65,3,50,DISTRICT20,PIECE
RDT,4/1/2024,HEALTH CENTER,,,,,460,,558,280,25,DISTRICT14,PIECE
ART-SUP,12/1/2024,DISTRICT HOSPITAL,,1,12,20,,933,357,1,2,DISTRICT16,CAPSULE
ACT-INF,7/1/2025,HEALTH CENTER,1549,16,,,,41,621,331,30,DISTRICT38,BLISTER
QUIN,9/1/2024,HEALTH CENTER,,,,1977,,597,299,614,1000,DISTRICT16,TABLET
PYRA-SAC,6/1/2024,HEALTH CENTER,,175,364,,650,53,978,,1,DISTRICT10,SACHET
ACT-INF,3/1/2024,HEALTH CENTER,300,,,52,,0,399,0,30,DISTRICT13,BLISTER
ACT-SC,6/1/2025,HEALTH CENTER,48,,9,,,100,377,,30,DISTRICT15,BLISTER
ACT-GC,10/1/2024,HEALTH CENTER,524,19,,1356,1766,2,80,15,30,DISTRICT25,BLISTER
PYRA-COMP,5/1/2024,HEALTH CENTER,1644,92,150,,,0,8,181,1,DISTRICT25,TABLET
ART-SUP,3/1/2024,HEALTH CENTER,,2,219,208,,1989,-405,96,2,DISTRICT25,CAPSULE
ART-SUP,8/1/2024,HEALTH CENTER,488,569,,,,0,-475,,2,DISTRICT35,CAPSULE
PYRA-COMP,5/1/2024,HEALTH CENTER,,35,126,321,1833,31,224,66,1,DISTRICT31,TABLET
ART-SUP,3/1/2025,HEALTH CENTER,260,0,48,,,0,-85,41,2,DISTRICT10,CAPSULE
RDT,9/1/2025,HEALTH CENTER,8256,681,1108,2952,,0,-189,1348,25,DISTRICT18,PIECE
SP,8/1/2024,HEALTH CENTER,,25,976,2629,,789,647,426,1000,DISTRICT32,TABLET
ACT-AD,2/1/2025,HEALTH CENTER,,11,1127,2427,1322,4915,-853,683,30,DISTRICT20,BLISTER
ACT-AD,1/1/2025,HEALTH CENTER,13,430,,,,1582,-154,15,30,DISTRICT2,BLISTER
RDT,7/1/2025,HEALTH CENTER,40,,29,47,,0,354,1,25,DISTRICT22,PIECE
ART-SUP,8/1/2025,HEALTH CENTER,2,33,7,,1025,0,722,3,2,DISTRICT10,CAPSULE
RDT,2/1/2024,HEALTH CENTER,676,92,,857,464,,166,18,25,DISTRICT16,PIECE
QUIN,5/1/2025,HEALTH CENTER,1967,22,487,1976,,,-453,285,1000,DISTRICT24,TABLET
ACT-AD,5/1/2025,HEALTH CENTER,196,0,,64,119,511,148,11,30,DISTRICT24,BLISTER
ACT-SC,12/1/2023,HEALTH CENTER,297,4,42,,,0,342,108,30,DISTRICT29,BLISTER
PYRA-SAC,7/1/2024,HEALTH CENTER,,165,248,1167,,14,-533,,1,DISTRICT3,SACHET
SP,7/1/2025,HEALTH CENTER,4169,,310,2763,,2445,83,149,1000,DISTRICT28,TABLET
PYRA-SAC,4/1/2025,REGIONAL HOSPITAL,1810,1,87,269,,64,-67,,1,DISTRICT12,SACHET
ITN,5/1/2025,HEALTH CENTER,56,0,7,139,458,3,-318,42,50,DISTRICT15,PIECE
RDT,9/1/2025,HEALTH CENTER,,182,933,,,1244,-664,940,25,DISTRICT28,PIECE
PYRA-SAC,3/1/2024,HEALTH CENTER,494,986,68,2200,,0,-171,58,1,DISTRICT32,SACHET
PYRA-SAC,10/1/2024,HEALTH CENTER,,618,,1348,1973,,-128,458,1,DISTRICT32,SACHET
ART-INJ,7/1/2024,HEALTH CENTER,1966,,277,,,0,-402,773,5,DISTRICT37,VIAL
ART-INJ,10/1/2024,HEALTH CENTER,235,,43,240,,9,-448,,5,DISTRICT31,VIAL
ACT-INF,5/1/2025,HEALTH CENTER,78,85,72,,,487,-205,,30,DISTRICT20,BLISTER
ACT-AD,2/1/2024,HEALTH CENTER,548,239,,1410,1247,1987,-94,166,30,DISTRICT7,BLISTER
ITN,7/1/2025,HEALTH CENTER,123,,85,133,1170,151,-114,44,50,DISTRICT18,PIECE
ACT-AD,11/1/2024,HEALTH CENTER,,12,,,430,,-673,85,30,DISTRICT1,BLISTER
ART-SUP,5/1/2025,HEALTH CENTER,393,8,67,517,,,325,25,2,DISTRICT26,CAPSULE
RDT,6/1/2025,HEALTH CENTER,,,324,,590,17972,809,,25,DISTRICT23,PIECE
ACT-AD,11/1/2024,HEALTH CENTER,47,122,129,92,621,1,-183,,30,DISTRICT36,BLISTER
SP,7/1/2025,HEALTH CENTER,695,,,217,,0,41,5,1000,DISTRICT32,TABLET
RDT,3/1/2025,HEALTH CENTER,488,0,12,110,709,180,-229,,25,DISTRICT2,PIECE
ART-INJ,12/1/2023,HEALTH CENTER,253,,330,,,53,-487,,5,DISTRICT21,VIAL
RDT,10/1/2024,HEALTH CENTER,153,,180,259,,1158,-78,,25,DISTRICT13,PIECE
SP,8/1/2025,HEALTH CENTER,,118,97,433,,,-476,67,1000,DISTRICT28,TABLET
ACT-GC,11/1/2025,HEALTH CENTER,9,1,2,97,,0,79,0,30,DISTRICT36,BLISTER
RDT,2/1/2024,HEALTH CENTER,414,199,341,223,,,458,,25,DISTRICT33,PIECE
PYRA-SAC,7/1/2025,HEALTH CENTER,,,31,93,,1,96,47,1,DISTRICT19,SACHET
PYRA-COMP,8/1/2025,HEALTH CENTER,2320,695,,,,199,460,,1,DISTRICT7,TABLET
ACT-GC,12/1/2024,HEALTH CENTER,13,0,3,129,,188,216,,30,DISTRICT24,BLISTER
SP,4/1/2024,HEALTH CENTER,1675,1,,1388,1154,22,-494,12,1000,DISTRICT24,TABLET
ACT-INF,2/1/2025,HEALTH CENTER,177,0,238,523,,450,-308,,30,DISTRICT20,BLISTER
SP,8/1/2024,HEALTH CENTER,330,3,27,801,878,6,-178,,1000,DISTRICT28,TABLET
PYRA-COMP,8/1/2025,HEALTH CENTER,1312,205,,696,,4,-217,22,1,DISTRICT14,TABLET
ACT-GC,7/1/2025,HEALTH CENTER,,0,,,,24,253,17,30,DISTRICT33,BLISTER
ART-INJ,6/1/2024,HEALTH CENTER,,924,,1098,,,-136,417,5,DISTRICT1,VIAL
PYRA-SAC,6/1/2025,HEALTH CENTER,1293,11,,,,430,758,230,1,DISTRICT26,SACHET
SP,12/1/2023,HEALTH CENTER,179,2,,,,0,-517,110,1000,DISTRICT15,TABLET
ITN,1/1/2025,HEALTH CENTER,858,,515,,,1410,448,440,50,DISTRICT20,PIECE
SP,7/1/2024,HEALTH CENTER,167,1,295,160,865,166,683,156,1000,DISTRICT26,TABLET
PYRA-COMP,8/1/2025,HEALTH CENTER,,321,262,519,,0,574,33,1,DISTRICT25,TABLET
ITN,11/1/2025,HEALTH CENTER,25,0,16,74,116,3,176,2,50,DISTRICT28,PIECE
SP,3/1/2024,HEALTH CENTER,308,,51,,,1386,505,112,1000,DISTRICT37,TABLET
ACT-SC,11/1/2024,HEALTH CENTER,1083,0,103,753,,0,466,,30,DISTRICT29,BLISTER
PYRA-SAC,11/1/2024,HEALTH CENTER,301,14,,,,,221,74,1,DISTRICT15,SACHET
QUIN,2/1/2025,DISTRICT HOSPITAL,395,4,,,,126,-6,287,1000,DISTRICT37,TABLET
ITN,6/1/2024,HEALTH CENTER,,71,180,2731,,54,463,319,50,DISTRICT6,PIECE
PYRA-SAC,8/1/2024,HEALTH CENTER,,250,,671,,2,346,202,1,DISTRICT19,SACHET
PYRA-SAC,5/1/2024,HEALTH CENTER,446,13,31,253,1750,,210,13,1,DISTRICT13,SACHET
RDT,12/1/2023,HEALTH CENTER,,,186,1266,,1017,-352,151,25,DISTRICT15,PIECE
PYRA-SAC,11/1/2025,HEALTH CENTER,472,139,,623,,12472,120,58,1,DISTRICT31,SACHET
QUIN,6/1/2025,DISTRICT HOSPITAL,1353,298,,4038,,37,-676,,1000,DISTRICT16,TABLET
ITN,1/1/2024,HEALTH CENTER,,14,,,,5,-346,220,50,DISTRICT16,PIECE
QUIN,9/1/2024,REGIONAL HOSPITAL,710,,169,2915,,0,175,65,1000,DISTRICT15,TABLET
ITN,7/1/2025,DISTRICT HOSPITAL,1250,98,325,872,,0,586,190,50,DISTRICT24,PIECE
PYRA-COMP,3/1/2025,HEALTH CENTER,,,,576,,272,-1028,67,1,DISTRICT10,TABLET
ART-SUP,10/1/2024,HEALTH CENTER,1826,21,898,728,839,,186,804,2,DISTRICT13,CAPSULE
ART-INJ,4/1/2025,HEALTH CENTER,3,0,0,,,0,46,,5,DISTRICT36,VIAL
QUIN,2/1/2024,HEALTH CENTER,471,,112,458,,468,23,58,1000,DISTRICT32,TABLET
SP,3/1/2024,HEALTH CENTER,866,,,1838,769,1,1015,,1000,DISTRICT15,TABLET
ART-SUP,8/1/2025,HEALTH CENTER,865,24,333,1178,1141,214,-229,138,2,DISTRICT37,CAPSULE
QUIN,6/1/2024,HEALTH CENTER,377,250,129,261,894,,473,,1000,DISTRICT28,TABLET
QUIN,9/1/2024,HEALTH CENTER,627,0,29,,,19,528,22,1000,DISTRICT25,TABLET
ART-INJ,6/1/2025,HEALTH CENTER,3338,1,,,,2,53,312,5,DISTRICT11,VIAL
ACT-AD,10/1/2025,HEALTH CENTER,210,1246,341,,,0,267,107,30,DISTRICT5,BLISTER
ACT-INF,1/1/2025,HEALTH CENTER,,,695,,,24,240,,30,DISTRICT16,BLISTER
QUIN,11/1/2025,HEALTH CENTER,,19,256,784,774,0,20,42,1000,DISTRICT20,TABLET
ACT-INF,5/1/2024,HEALTH CENTER,3641,1,865,,,2984,143,862,30,DISTRICT19,BLISTER
ART-SUP,12/1/2023,DISTRICT HOSPITAL,451,,,121,,,-586,152,2,DISTRICT28,CAPSULE
RDT,3/1/2025,HEALTH CENTER,,259,182,,,2,157,27,25,DISTRICT12,PIECE
QUIN,3/1/2024,HEALTH CENTER,371,,36,208,,,199,,1000,DISTRICT38,TABLET
ART-SUP,12/1/2023,HEALTH CENTER,1683,527,,1760,,,-112,56,2,DISTRICT1,CAPSULE
ACT-INF,4/1/2025,HEALTH CENTER,659,0,232,726,,1,-88,20,30,DISTRICT31,BLISTER
ACT-AD,12/1/2023,HEALTH CENTER,162,41,59,,,184,212,25,30,DISTRICT12,BLISTER
PYRA-SAC,5/1/2025,HEALTH CENTER,,,156,701,,,78,31,1,DISTRICT13,SACHET
PYRA-COMP,2/1/2024,HEALTH CENTER,,1,262,164,,1717,-259,217,1,DISTRICT24,TABLET
QUIN,12/1/2023,HEALTH CENTER,469,,64,,,84,519,49,1000,DISTRICT29,TABLET
ITN,10/1/2024,DISTRICT HOSPITAL,24,0,,2,453,,-183,34,50,DISTRICT31,PIECE
PYRA-SAC,1/1/2024,HEALTH CENTER,5,314,17,137,969,137,245,4,1,DISTRICT29,SACHET
ITN,7/1/2025,HEALTH CENTER,6437,489,1168,,,1204,-155,1541,50,DISTRICT21,PIECE
RDT,11/1/2025,HEALTH CENTER,817,0,296,207,,2493,-74,287,25,DISTRICT29,PIECE
RDT,5/1/2025,HEALTH CENTER,1128,8,551,,,5757,180,222,25,DISTRICT36,PIECE
PYRA-COMP,3/1/2025,HEALTH CENTER,419,23,177,,,245,287,,1,DISTRICT30,TABLET
RDT,6/1/2025,HEALTH CENTER,,7,104,131,,3304,66,,25,DISTRICT10,PIECE
SP,6/1/2024,HEALTH CENTER,352,,106,79,569,,49,,1000,DISTRICT35,TABLET
ITN,5/1/2025,HEALTH CENTER,,1610,20,,517,0,164,4,50,DISTRICT20,PIECE
ACT-AD,7/1/2024,HEALTH CENTER,,1223,,163,,4,352,,30,DISTRICT8,BLISTER
QUIN,9/1/2025,HEALTH CENTER,1817,,495,1784,,2,2,197,1000,DISTRICT23,TABLET
ART-INJ,1/1/2024,HEALTH CENTER,964,0,275,411,1000,,-384,325,5,DISTRICT31,VIAL
ACT-SC,7/1/2024,HEALTH CENTER,,345,47,180,1948,0,-517,2,30,DISTRICT38,BLISTER
ART-INJ,2/1/2024,HEALTH CENTER,1125,125,726,664,,7871,151,318,5,DISTRICT33,VIAL
QUIN,9/1/2025,HEALTH CENTER,986,0,,614,,,895,147,1000,DISTRICT23,TABLET
ACT-SC,2/1/2024,HEALTH CENTER,1590,,491,1675,,662,967,169,30,DISTRICT36,BLISTER
PYRA-COMP,5/1/2024,HEALTH CENTER,953,0,48,647,,650,-684,,1,DISTRICT32,TABLET
ITN,6/1/2024,HEALTH CENTER,1180,999,,2693,,,-149,,50,DISTRICT30,PIECE
ART-SUP,4/1/2024,HEALTH CENTER,1088,121,99,,,1308,368,35,2,DISTRICT16,CAPSULE
ITN,9/1/2025,HEALTH CENTER,,,330,399,,34,-448,,50,DISTRICT6,PIECE
ITN,3/1/2024,HEALTH CENTER,48,2,96,104,,5,1,199,50,DISTRICT21,PIECE
ART-SUP,6/1/2024,HEALTH CENTER,703,48,52,1319,575,0,748,,2,DISTRICT1,CAPSULE
ART-SUP,7/1/2024,DISTRICT HOSPITAL,80,2,,63,,0,559,,2,DISTRICT14,CAPSULE
ACT-AD,7/1/2025,REGIONAL HOSPITAL,1717,,250,,644,0,-98,429,30,DISTRICT21,BLISTER
SP,5/1/2025,HEALTH CENTER,,0,135,,,,96,,1000,DISTRICT31,TABLET
QUIN,3/1/2024,DISTRICT HOSPITAL,,,139,658,388,,-267,82,1000,DISTRICT3,TABLET
RDT,4/1/2025,HEALTH CENTER,195,7,,494,,43,-8,49,25,DISTRICT31,PIECE
ACT-INF,4/1/2024,HEALTH CENTER,183,700,332,1190,,,-161,200,30,DISTRICT38,BLISTER
PYRA-SAC,8/1/2025,HEALTH CENTER,9,108,,3,,1591,-838,,1,DISTRICT13,SACHET
PYRA-SAC,12/1/2023,HEALTH CENTER,211,,19,182,,995,65,,1,DISTRICT5,SACHET
SP,6/1/2025,HEALTH CENTER,399,,,714,,,-501,48,1000,DISTRICT21,TABLET
ACT-SC,2/1/2024,HEALTH CENTER,8259,,589,4583,,2,174,324,30,DISTRICT2,BLISTER
ART-SUP,5/1/2024,REGIONAL HOSPITAL,,,,2642,,50,-2,,2,DISTRICT30,CAPSULE
SP,1/1/2024,HEALTH CENTER,8,32,13,6,1214,49,125,,1000,DISTRICT3,TABLET
PYRA-COMP,4/1/2025,HEALTH CENTER,,0,401,844,,164,50,143,1,DISTRICT23,TABLET
ACT-INF,4/1/2024,HEALTH CENTER,1614,11,,1936,,12,1021,293,30,DISTRICT29,BLISTER
ART-SUP,7/1/2024,HEALTH CENTER,,228,207,667,671,206,-290,162,2,DISTRICT29,CAPSULE
ACT-INF,5/1/2025,HEALTH CENTER,,73,248,2483,,,28,,30,DISTRICT24,BLISTER
ITN,8/1/2025,HEALTH CENTER,1055,,,862,,0,271,240,50,DISTRICT20,PIECE
QUIN,2/1/2025,HEALTH CENTER,1271,0,310,2279,,,63,,1000,DISTRICT29,TABLET
ACT-GC,4/1/2025,HEALTH CENTER,,281,129,,,0,-130,26,30,DISTRICT35,BLISTER
ACT-INF,11/1/2024,HEALTH CENTER,88,1001,51,,,,-763,59,30,DISTRICT28,BLISTER
PYRA-COMP,3/1/2024,HEALTH CENTER,,0,0,8,,0,281,0,1,DISTRICT30,TABLET
SP,8/1/2025,HEALTH CENTER,,1,,,,766,-254,309,1000,DISTRICT16,TABLET
ITN,3/1/2024,HEALTH CENTER,40,0,52,7,,1,-92,15,50,DISTRICT4,PIECE
ITN,4/1/2025,HEALTH CENTER,1036,1,,669,966,6690,143,243,50,DISTRICT12,PIECE
ART-SUP,7/1/2024,HEALTH CENTER,318,1,,,,7,-42,,2,DISTRICT24,CAPSULE
PYRA-COMP,2/1/2024,HEALTH CENTER,126,6,21,,,31,-399,,1,DISTRICT7,TABLET
ACT-SC,7/1/2024,HEALTH CENTER,3759,0,849,4538,,104,-225,523,30,DISTRICT25,BLISTER
ACT-SC,4/1/2025,HEALTH CENTER,,37,261,,1372,,-450,366,30,DISTRICT25,BLISTER
SP,6/1/2024,HEALTH CENTER,1279,40,312,1551,,,-270,231,1000,DISTRICT32,TABLET
PYRA-SAC,8/1/2024,HEALTH CENTER,15,95,56,70,,31,389,25,1,DISTRICT9,SACHET
ACT-SC,3/1/2024,HEALTH CENTER,53,68,6,706,,2,-8,1,30,DISTRICT13,BLISTER
PYRA-SAC,8/1/2025,HEALTH CENTER,613,1618,27,875,,611,247,37,1,DISTRICT7,SACHET
ACT-SC,3/1/2025,HEALTH CENTER,548,,,,,1655,374,397,30,DISTRICT19,BLISTER
ITN,7/1/2024,HEALTH CENTER,646,68,,,498,,632,,50,DISTRICT28,PIECE
PYRA-SAC,4/1/2025,HEALTH CENTER,229,53,46,1071,,0,357,12,1,DISTRICT15,SACHET
ACT-GC,1/1/2025,HEALTH CENTER,,,144,340,,3984,288,,30,DISTRICT25,BLISTER
RDT,5/1/2024,HEALTH CENTER,132,21,13,504,,236,-44,2,25,DISTRICT22,PIECE
ACT-GC,4/1/2025,HEALTH CENTER,56,18,14,110,,1,-134,0,30,DISTRICT35,BLISTER
ACT-AD,3/1/2025,HEALTH CENTER,,,310,2064,,,122,,30,DISTRICT37,BLISTER
PYRA-COMP,10/1/2024,DISTRICT HOSPITAL,1062,17,323,580,,475,-197,262,1,DISTRICT19,TABLET
ART-INJ,6/1/2025,HEALTH CENTER,192,636,25,,,0,252,12,5,DISTRICT31,VIAL
ART-INJ,5/1/2025,HEALTH CENTER,284,,50,30,,,-107,174,5,DISTRICT20,VIAL
ACT-GC,2/1/2024,HEALTH CENTER,411,3,98,113,,,-537,,30,DISTRICT7,BLISTER
SP,3/1/2025,HEALTH CENTER,94,,,219,,0,372,36,1000,DISTRICT35,TABLET
ART-INJ,5/1/2025,HEALTH CENTER,,4,272,398,,2877,95,139,5,DISTRICT35,VIAL
ACT-AD,10/1/2024,HEALTH CENTER,2500,230,610,2386,699,604,-381,710,30,DISTRICT15,BLISTER
PYRA-SAC,11/1/2025,HEALTH CENTER,,321,177,1540,,164,303,479,1,DISTRICT22,SACHET
ACT-AD,6/1/2025,HEALTH CENTER,895,,68,892,,0,409,36,30,DISTRICT28,BLISTER
ACT-INF,11/1/2025,HEALTH CENTER,,,102,378,1008,2,-157,41,30,DISTRICT29,BLISTER
ACT-INF,8/1/2025,HEALTH CENTER,,0,,13,,1,360,1,30,DISTRICT15,BLISTER
PYRA-COMP,1/1/2024,HEALTH CENTER,4,8,,39,,0,-1029,2,1,DISTRICT31,TABLET
SP,4/1/2024,HEALTH CENTER,615,0,65,,,0,-79,,1000,DISTRICT14,TABLET
PYRA-SAC,5/1/2025,HEALTH CENTER,,262,,,,1,771,,1,DISTRICT15,SACHET
ITN,9/1/2024,DISTRICT HOSPITAL,5084,0,564,1932,,,-418,340,50,DISTRICT26,PIECE
PYRA-COMP,9/1/2025,HEALTH CENTER,,50,,203,,715,-493,,1,DISTRICT16,TABLET
ACT-GC,2/1/2025,HEALTH CENTER,,1,,2,232,0,196,4,30,DISTRICT19,BLISTER
ACT-GC,10/1/2024,HEALTH CENTER,,0,0,,,6,-497,0,30,DISTRICT32,BLISTER
ART-SUP,11/1/2024,HEALTH CENTER,1246,0,349,,,470,-903,,2,DISTRICT6,CAPSULE
PYRA-COMP,9/1/2025,HEALTH CENTER,1442,58,274,886,,9,1027,212,1,DISTRICT3,TABLET
ART-SUP,6/1/2025,HEALTH CENTER,2558,4160,1713,6590,,389,-94,1728,2,DISTRICT1,CAPSULE
ART-INJ,2/1/2024,HEALTH CENTER,5,314,23,41,499,,42,,5,DISTRICT28,VIAL
ACT-INF,10/1/2025,HEALTH CENTER,54,,349,468,558,3846,7,334,30,DISTRICT23,BLISTER
PYRA-SAC,3/1/2024,HEALTH CENTER,78,0,40,17,1000,346,-35,29,1,DISTRICT26,SACHET
RDT,3/1/2025,HEALTH CENTER,555,,174,314,,2348,809,,25,DISTRICT15,PIECE
PYRA-SAC,5/1/2024,HEALTH CENTER,179,92,,62,,,88,42,1,DISTRICT36,SACHET
ACT-SC,6/1/2024,HEALTH CENTER,69,2,,67,,,436,,30,DISTRICT30,BLISTER
ITN,4/1/2025,HEALTH CENTER,144,97,128,,953,123,-122,59,50,DISTRICT31,PIECE
SP,6/1/2025,HEALTH CENTER,2573,489,551,4322,1969,116,-955,402,1000,DISTRICT36,TABLET
ART-SUP,10/1/2025,HEALTH CENTER,15,19,18,81,,89,477,15,2,DISTRICT25,CAPSULE
RDT,10/1/2024,DISTRICT HOSPITAL,,,112,129,,528,-279,47,25,DISTRICT15,PIECE
QUIN,4/1/2025,HEALTH CENTER,320,,208,,,2363,-447,122,1000,DISTRICT29,TABLET
QUIN,6/1/2024,HEALTH CENTER,335,0,86,330,,40,451,40,1000,DISTRICT2,TABLET
QUIN,1/1/2025,HEALTH CENTER,353,0,,472,192,1,702,25,1000,DISTRICT27,TABLET
QUIN,6/1/2024,HEALTH CENTER,31,5,23,16,1457,171,-146,43,1000,DISTRICT33,TABLET
RDT,1/1/2024,DISTRICT HOSPITAL,,116,231,885,,,-163,917,25,DISTRICT14,PIECE
SP,5/1/2024,HEALTH CENTER,885,0,,,,19,207,26,1000,DISTRICT13,TABLET
ART-SUP,5/1/2024,HEALTH CENTER,2538,476,,3642,295,491,-307,540,2,DISTRICT32,CAPSULE
ART-INJ,4/1/2024,HEALTH CENTER,,,193,,,,1183,110,5,DISTRICT9,VIAL
ACT-INF,11/1/2025,HEALTH CENTER,,0,354,1532,534,1240,-880,205,30,DISTRICT23,BLISTER
ART-SUP,10/1/2025,HEALTH CENTER,683,14,187,,,25,-260,70,2,DISTRICT38,CAPSULE
RDT,5/1/2024,HEALTH CENTER,,,48,139,,0,975,,25,DISTRICT10,PIECE
PYRA-COMP,2/1/2024,HEALTH CENTER,,1203,190,110,,10,-718,80,1,DISTRICT30,TABLET
ACT-AD,5/1/2025,HEALTH CENTER,171,27,,156,,0,-158,,30,DISTRICT15,BLISTER
QUIN,3/1/2024,HEALTH CENTER,4090,0,494,,1064,3977,27,,1000,DISTRICT15,TABLET
ART-INJ,3/1/2025,HEALTH CENTER,958,0,264,214,578,7,-136,134,5,DISTRICT32,VIAL
ACT-AD,2/1/2024,HEALTH CENTER,479,430,99,2055,,0,-85,24,30,DISTRICT31,BLISTER
RDT,3/1/2024,HEALTH CENTER,3264,0,,2191,672,86,-693,95,25,DISTRICT29,PIECE
ACT-INF,1/1/2024,HEALTH CENTER,,,,,,514,434,229,30,DISTRICT29,BLISTER
PYRA-COMP,2/1/2024,HEALTH CENTER,2015,14,520,2433,,,446,330,1,DISTRICT22,TABLET
ACT-INF,5/1/2024,HEALTH CENTER,281,1155,336,,2670,353,268,,30,DISTRICT22,BLISTER
QUIN,12/1/2024,HEALTH CENTER,263,5,229,668,,15,-216,138,1000,DISTRICT30,TABLET
ACT-SC,3/1/2025,HEALTH CENTER,2364,,947,2702,2366,1494,345,,30,DISTRICT1,BLISTER
ACT-AD,10/1/2024,HEALTH CENTER,1100,204,239,1177,,459,-4,142,30,DISTRICT11,BLISTER
QUIN,5/1/2024,HEALTH CENTER,,,750,562,,47,55,256,1000,DISTRICT33,TABLET
ITN,10/1/2024,HEALTH CENTER,,0,80,532,,0,-759,18,50,DISTRICT10,PIECE
ART-INJ,7/1/2025,HEALTH CENTER,5843,103,1207,5992,,79,817,889,5,DISTRICT31,VIAL
PYRA-SAC,10/1/2025,HEALTH CENTER,285,2,289,402,,96,-868,296,1,DISTRICT23,SACHET
ITN,2/1/2025,HEALTH CENTER,,0,,,32,4,-140,2,50,DISTRICT9,PIECE
PYRA-SAC,2/1/2024,HEALTH CENTER,3467,,,3646,,710,36,,1,DISTRICT35,SACHET
QUIN,7/1/2025,HEALTH CENTER,,0,233,1037,,1955,220,130,1000,DISTRICT22,TABLET
ACT-GC,9/1/2024,HEALTH CENTER,27,,11,44,,183,65,7,30,DISTRICT28,BLISTER
SP,4/1/2025,HEALTH CENTER,743,175,198,,,1,-169,98,1000,DISTRICT13,TABLET
ACT-AD,5/1/2024,HEALTH CENTER,2813,0,275,,,159,-459,509,30,DISTRICT32,BLISTER
ITN,1/1/2024,HEALTH CENTER,610,,11,813,,2,-516,1,50,DISTRICT25,PIECE
PYRA-SAC,10/1/2024,HEALTH CENTER,848,,39,,,1959,177,,1,DISTRICT33,SACHET
SP,8/1/2025,HEALTH CENTER,1845,,,3358,,,201,176,1000,DISTRICT2,TABLET
QUIN,10/1/2024,REGIONAL HOSPITAL,,0,91,,,,-1216,22,1000,DISTRICT33,TABLET
ACT-AD,10/1/2025,HEALTH CENTER,573,,,,,3131,316,497,30,DISTRICT1,BLISTER
ACT-SC,11/1/2025,HEALTH CENTER,1080,1,124,,,413,-394,325,30,DISTRICT5,BLISTER
ACT-AD,7/1/2024,HEALTH CENTER,,0,94,568,,63,-312,,30,DISTRICT4,BLISTER
ACT-INF,9/1/2025,HEALTH CENTER,244,,,99,,165,-330,230,30,DISTRICT31,BLISTER
SP,11/1/2025,DISTRICT HOSPITAL,392,0,172,,403,1319,201,,1000,DISTRICT35,TABLET
PYRA-SAC,5/1/2024,HEALTH CENTER,2577,,,3135,,63,265,,1,DISTRICT26,SACHET
SP,6/1/2024,HEALTH CENTER,906,0,36,,,,-424,9,1000,DISTRICT35,TABLET
ART-INJ,5/1/2025,HEALTH CENTER,1634,5,363,928,,0,-810,,5,DISTRICT19,VIAL
ART-INJ,4/1/2025,HEALTH CENTER,,,334,403,430,2075,-177,,5,DISTRICT28,VIAL
ACT-GC,8/1/2024,HEALTH CENTER,1265,2,,869,,,427,217,30,DISTRICT32,BLISTER
RDT,6/1/2024,HEALTH CENTER,1711,,254,1120,,18,488,394,25,DISTRICT21,PIECE
ART-INJ,6/1/2024,HEALTH CENTER,,,,454,499,277,-132,496,5,DISTRICT1,VIAL
SP,11/1/2025,HEALTH CENTER,5658,,986,2573,,7177,-22,1571,1000,DISTRICT14,TABLET
QUIN,5/1/2024,HEALTH CENTER,31,0,1,5,,0,-732,1,1000,DISTRICT17,TABLET
ITN,2/1/2024,HEALTH CENTER,2538,14,791,,,1124,-259,,50,DISTRICT26,PIECE
ART-INJ,6/1/2025,HEALTH CENTER,412,23,,,,,-171,,5,DISTRICT9,VIAL
QUIN,9/1/2024,HEALTH CENTER,,504,100,596,,,608,190,1000,DISTRICT9,TABLET
ACT-GC,7/1/2024,HEALTH CENTER,1288,,82,399,,1,-282,46,30,DISTRICT13,BLISTER
ACT-GC,10/1/2025,HEALTH CENTER,1375,83,845,1822,,2876,-351,603,30,DISTRICT28,BLISTER
ACT-INF,6/1/2024,HEALTH CENTER,835,,28,,,145,-184,,30,DISTRICT9,BLISTER
SP,12/1/2023,HEALTH CENTER,,,679,,,45,-689,,1000,DISTRICT15,TABLET
SP,3/1/2024,HEALTH CENTER,,,24,,395,0,-33,5,1000,DISTRICT2,TABLET
ART-INJ,11/1/2025,HEALTH CENTER,1073,,397,,,0,-227,,5,DISTRICT22,VIAL
ACT-GC,1/1/2024,HEALTH CENTER,,69,33,,617,,278,27,30,DISTRICT1,BLISTER
SP,3/1/2025,HEALTH CENTER,656,8,,,,96,-377,227,1000,DISTRICT25,TABLET
SP,3/1/2025,HEALTH CENTER,621,0,22,192,,0,265,4,1000,DISTRICT1,TABLET
ITN,5/1/2025,HEALTH CENTER,,168,304,,1412,789,-175,,50,DISTRICT20,PIECE
PYRA-COMP,3/1/2024,HEALTH CENTER,,34,52,21,,40,-288,4,1,DISTRICT25,TABLET
ACT-INF,7/1/2025,HEALTH CENTER,814,,,177,,205,672,,30,DISTRICT20,BLISTER
ACT-INF,1/1/2025,HEALTH CENTER,290,2,191,,,937,-51,60,30,DISTRICT28,BLISTER
ACT-AD,9/1/2024,DISTRICT HOSPITAL,307,,,102,197,0,-525,1,30,DISTRICT20,BLISTER
ACT-AD,5/1/2025,HEALTH CENTER,1327,33,,558,546,2,-88,326,30,DISTRICT36,BLISTER
ACT-GC,10/1/2025,HEALTH CENTER,1795,9,,2229,481,0,-723,70,30,DISTRICT26,BLISTER
ACT-GC,7/1/2024,HEALTH CENTER,46,37,16,,,699,598,14,30,DISTRICT14,BLISTER
PYRA-SAC,4/1/2024,HEALTH CENTER,,90,,627,,11,-459,179,1,DISTRICT2,SACHET
ACT-GC,4/1/2025,DISTRICT HOSPITAL,122,,1,205,,0,-294,0,30,DISTRICT19,BLISTER
ACT-AD,12/1/2024,HEALTH CENTER,604,,,1761,,38,-432,,30,DISTRICT5,BLISTER
ART-SUP,8/1/2025,HEALTH CENTER,,,192,,,6,-1080,19,2,DISTRICT31,CAPSULE
PYRA-COMP,10/1/2024,HEALTH CENTER,87,0,20,12,,7,487,,1,DISTRICT33,TABLET
ACT-SC,8/1/2024,HEALTH CENTER,52,0,79,36,,364,829,,30,DISTRICT6,BLISTER
ACT-SC,9/1/2024,HEALTH CENTER,2435,0,,,,2438,-850,300,30,DISTRICT19,BLISTER
ART-INJ,5/1/2025,HEALTH CENTER,316,637,139,518,,0,-147,56,5,DISTRICT2,VIAL
ART-INJ,3/1/2025,HEALTH CENTER,1784,3,176,1636,,,-424,88,5,DISTRICT25,VIAL
PYRA-COMP,2/1/2025,HEALTH CENTER,144,,106,341,539,553,-72,44,1,DISTRICT33,TABLET
ACT-SC,2/1/2025,HEALTH CENTER,,485,,7592,,9,30,443,30,DISTRICT29,BLISTER
ART-SUP,5/1/2025,HEALTH CENTER,,0,139,2451,162,0,440,,2,DISTRICT9,CAPSULE
ITN,3/1/2024,HEALTH CENTER,752,,280,792,359,267,-278,228,50,DISTRICT33,PIECE
SP,6/1/2024,HEALTH CENTER,738,0,473,1065,,,-275,528,1000,DISTRICT6,TABLET
ART-INJ,7/1/2025,HEALTH CENTER,1312,,,,,1,106,161,5,DISTRICT8,VIAL
ACT-INF,8/1/2024,HEALTH CENTER,1084,,393,2803,,867,-2,384,30,DISTRICT1,BLISTER
PYRA-COMP,10/1/2024,HEALTH CENTER,81,0,53,,,11986,48,,1,DISTRICT3,TABLET
ACT-AD,9/1/2025,HEALTH CENTER,,,308,861,,699,106,257,30,DISTRICT13,BLISTER
PYRA-COMP,9/1/2024,HEALTH CENTER,72,0,14,20,879,,630,2,1,DISTRICT28,TABLET
ACT-SC,10/1/2025,HEALTH CENTER,,,10,7,692,,-13,2,30,DISTRICT2,BLISTER
ACT-SC,5/1/2025,HEALTH CENTER,650,17,74,,,0,-245,12,30,DISTRICT30,BLISTER
SP,2/1/2025,HEALTH CENTER,2870,250,991,3222,,1,614,304,1000,DISTRICT5,TABLET
ACT-AD,7/1/2024,HEALTH CENTER,,24,,,,41,536,120,30,DISTRICT23,BLISTER
ACT-INF,10/1/2024,HEALTH CENTER,28,,,2,,0,472,0,30,DISTRICT22,BLISTER
QUIN,4/1/2025,HEALTH CENTER,1520,21,,616,,56,-367,24,1000,DISTRICT3,TABLET
ACT-AD,9/1/2024,HEALTH CENTER,24,8,33,161,,68,20,19,30,DISTRICT28,BLISTER
RDT,10/1/2025,HEALTH CENTER,933,1,285,404,,,-170,181,25,DISTRICT1,PIECE
ART-SUP,1/1/2024,HEALTH CENTER,2640,0,671,2123,,2495,-399,941,2,DISTRICT18,CAPSULE
RDT,9/1/2024,HEALTH CENTER,841,,,502,486,1905,-207,,25,DISTRICT20,PIECE
ACT-SC,2/1/2024,HEALTH CENTER,124,0,27,53,,,433,5,30,DISTRICT3,BLISTER
ACT-AD,11/1/2025,HEALTH CENTER,2191,31,152,540,,46,60,81,30,DISTRICT35,BLISTER
QUIN,6/1/2024,HEALTH CENTER,,0,2,210,,,-1158,2,1000,DISTRICT23,TABLET
PYRA-SAC,5/1/2024,HEALTH CENTER,,73,,,,411,314,456,1,DISTRICT3,SACHET
ACT-INF,10/1/2025,HEALTH CENTER,,151,242,3057,,1671,-409,373,30,DISTRICT8,BLISTER
SP,2/1/2024,HEALTH CENTER,2123,39,,3424,,3288,326,508,1000,DISTRICT18,TABLET
ACT-GC,12/1/2023,REGIONAL HOSPITAL,2407,0,531,,1030,,522,,30,DISTRICT23,BLISTER
ART-INJ,2/1/2024,HEALTH CENTER,,0,71,137,1108,0,-605,25,5,DISTRICT5,VIAL
PYRA-COMP,6/1/2024,HEALTH CENTER,1499,100,996,2696,,416,-118,1373,1,DISTRICT23,TABLET
PYRA-SAC,9/1/2025,HEALTH CENTER,,,614,1675,820,6,1171,,1,DISTRICT32,SACHET
ART-INJ,10/1/2024,HEALTH CENTER,,44,,,766,295,218,,5,DISTRICT11,VIAL
RDT,6/1/2024,HEALTH CENTER,776,62,,540,,64,-365,80,25,DISTRICT37,PIECE
ITN,4/1/2025,HEALTH CENTER,2365,2,596,890,,,28,,50,DISTRICT7,PIECE
ITN,8/1/2024,HEALTH CENTER,690,11,,199,,4050,118,114,50,DISTRICT19,PIECE
ART-INJ,4/1/2025,HEALTH CENTER,1082,827,675,976,,2154,127,892,5,DISTRICT31,VIAL
ACT-INF,8/1/2025,HEALTH CENTER,150,,283,117,,7551,198,315,30,DISTRICT35,BLISTER
ART-SUP,5/1/2025,HEALTH CENTER,528,2,128,83,,237,-159,,2,DISTRICT16,CAPSULE
PYRA-SAC,3/1/2024,HEALTH CENTER,,,112,475,1422,4,-1043,,1,DISTRICT13,SACHET
PYRA-SAC,3/1/2024,HEALTH CENTER,,2608,26,3029,,0,544,26,1,DISTRICT29,SACHET
PYRA-SAC,1/1/2024,HEALTH CENTER,620,,,,1404,5412,30,159,1,DISTRICT31,SACHET
ART-SUP,9/1/2025,HEALTH CENTER,706,0,250,698,,3585,16,121,2,DISTRICT25,CAPSULE
ACT-INF,12/1/2024,HEALTH CENTER,319,,181,,,,-7,52,30,DISTRICT7,BLISTER
ACT-SC,11/1/2024,HEALTH CENTER,,813,37,1572,,0,-894,23,30,DISTRICT13,BLISTER
ACT-INF,6/1/2025,HEALTH CENTER,1975,108,657,540,,13395,-33,669,30,DISTRICT24,BLISTER
ITN,5/1/2024,HEALTH CENTER,,,220,1179,281,,-601,,50,DISTRICT32,PIECE
QUIN,2/1/2024,HEALTH CENTER,,,161,203,,,-355,,1000,DISTRICT31,TABLET
ART-SUP,11/1/2024,HEALTH CENTER,1719,0,113,2171,,,-440,,2,DISTRICT23,CAPSULE
ART-SUP,5/1/2024,HEALTH CENTER,2020,31,,2308,,3,-6,,2,DISTRICT28,CAPSULE
PYRA-SAC,1/1/2024,HEALTH CENTER,1074,,,2296,,1,158,361,1,DISTRICT22,SACHET
PYRA-SAC,8/1/2024,DISTRICT HOSPITAL,,50,278,1860,,0,-98,154,1,DISTRICT26,SACHET
PYRA-COMP,4/1/2025,HEALTH CENTER,1160,6,133,197,,2,-204,87,1,DISTRICT22,TABLET
ART-INJ,3/1/2025,HEALTH CENTER,451,41,261,284,,,323,457,5,DISTRICT28,VIAL
ACT-GC,12/1/2023,DISTRICT HOSPITAL,,143,302,254,,,-91,183,30,DISTRICT28,BLISTER
ACT-GC,2/1/2024,HEALTH CENTER,10,4,37,73,,,1098,9,30,DISTRICT31,BLISTER
ACT-INF,2/1/2024,HEALTH CENTER,,46,399,2587,,,119,252,30,DISTRICT29,BLISTER
ART-SUP,3/1/2024,HEALTH CENTER,432,,175,159,1083,540,-657,,2,DISTRICT29,CAPSULE
PYRA-SAC,6/1/2024,HEALTH CENTER,1538,848,433,2427,1321,,341,131,1,DISTRICT27,SACHET
PYRA-COMP,6/1/2025,HEALTH CENTER,1276,1,,1229,,199,46,352,1,DISTRICT35,TABLET
QUIN,10/1/2025,HEALTH CENTER,,211,,4262,,41,-352,258,1000,DISTRICT8,TABLET
ITN,11/1/2024,HEALTH CENTER,97,0,159,22,,3062,-298,,50,DISTRICT16,PIECE
ACT-INF,7/1/2024,HEALTH CENTER,1646,32,,1165,,16,417,183,30,DISTRICT16,BLISTER
SP,11/1/2025,HEALTH CENTER,,,22,780,,0,77,15,1000,DISTRICT2,TABLET
PYRA-SAC,4/1/2025,HEALTH CENTER,,8,,217,,0,-64,49,1,DISTRICT38,SACHET
ACT-GC,4/1/2025,DISTRICT HOSPITAL,2951,30,742,1996,,238,-107,775,30,DISTRICT30,BLISTER
PYRA-SAC,10/1/2024,HEALTH CENTER,128,0,102,14,,6391,-216,,1,DISTRICT38,SACHET
ITN,11/1/2024,DISTRICT HOSPITAL,,0,32,6,,5010,-615,337,50,DISTRICT36,PIECE
ART-SUP,8/1/2025,HEALTH CENTER,615,170,433,,,8,-159,282,2,DISTRICT23,CAPSULE
ACT-AD,4/1/2025,HEALTH CENTER,428,6,84,163,256,,-302,86,30,DISTRICT33,BLISTER
QUIN,8/1/2025,HEALTH CENTER,,,,34,,,-433,0,1000,DISTRICT31,TABLET
PYRA-COMP,3/1/2024,HEALTH CENTER,789,243,192,261,,6,-41,66,1,DISTRICT36,TABLET
QUIN,3/1/2025,DISTRICT HOSPITAL,2558,,945,2113,,1412,-34,543,1000,DISTRICT33,TABLET
ART-SUP,5/1/2024,HEALTH CENTER,,1955,876,1915,,,357,1291,2,DISTRICT25,CAPSULE
PYRA-SAC,2/1/2024,HEALTH CENTER,,74,187,220,,1380,5,,1,DISTRICT14,SACHET
QUIN,7/1/2025,HEALTH CENTER,310,0,12,180,,0,12,5,1000,DISTRICT18,TABLET
ACT-GC,2/1/2025,HEALTH CENTER,,,,22,,1,643,1,30,DISTRICT15,BLISTER
ACT-INF,12/1/2023,HEALTH CENTER,12,0,,,419,,-27,5,30,DISTRICT23,BLISTER
ACT-AD,1/1/2024,HEALTH CENTER,1696,4,182,,,4,-318,,30,DISTRICT5,BLISTER
ART-INJ,11/1/2024,HEALTH CENTER,,1001,171,1338,,,206,307,5,DISTRICT21,VIAL
ACT-AD,2/1/2024,HEALTH CENTER,760,0,,1193,,517,13,,30,DISTRICT15,BLISTER
ART-SUP,6/1/2025,HEALTH CENTER,692,2787,605,,457,18,-190,245,2,DISTRICT7,CAPSULE
ITN,12/1/2023,HEALTH CENTER,370,0,,295,,2,-183,145,50,DISTRICT4,PIECE
ACT-AD,9/1/2025,HEALTH CENTER,,345,521,,959,4197,-269,797,30,DISTRICT28,BLISTER
QUIN,6/1/2025,REGIONAL HOSPITAL,3481,,312,,630,21,-703,,1000,DISTRICT37,TABLET
ACT-AD,7/1/2025,HEALTH CENTER,1605,2,159,402,,,-521,,30,DISTRICT28,BLISTER
ACT-INF,3/1/2025,HEALTH CENTER,1409,0,195,1420,,9,-122,,30,DISTRICT12,BLISTER
PYRA-COMP,7/1/2024,HEALTH CENTER,195,2179,616,,,193,-441,556,1,DISTRICT3,TABLET
ITN,7/1/2025,HEALTH CENTER,225,176,164,804,,7,192,114,50,DISTRICT37,PIECE
PYRA-SAC,3/1/2025,HEALTH CENTER,27,0,1,,,3,199,0,1,DISTRICT5,SACHET
ART-SUP,6/1/2025,HEALTH CENTER,,25,164,308,,2,310,193,2,DISTRICT10,CAPSULE
QUIN,12/1/2024,HEALTH CENTER,,189,726,2175,,12398,-744,972,1000,DISTRICT29,TABLET
RDT,11/1/2024,HEALTH CENTER,382,1711,292,2080,640,10,-266,107,25,DISTRICT10,PIECE
ACT-SC,8/1/2025,HEALTH CENTER,1157,202,,,,,-121,53,30,DISTRICT9,BLISTER
PYRA-COMP,8/1/2024,HEALTH CENTER,216,113,88,366,,184,-117,12,1,DISTRICT19,TABLET
RDT,10/1/2025,HEALTH CENTER,1951,1283,671,2448,,16,333,639,25,DISTRICT36,PIECE
RDT,2/1/2024,HEALTH CENTER,1788,5,,,,15,-752,7,25,DISTRICT1,PIECE
QUIN,5/1/2024,NATIONAL HOSPITAL,123,17,238,,,915,202,362,1000,DISTRICT13,TABLET
ACT-SC,11/1/2024,HEALTH CENTER,,0,267,25,1519,6,-454,139,30,DISTRICT19,BLISTER
PYRA-COMP,4/1/2025,HEALTH CENTER,984,,784,2987,,1591,876,481,1,DISTRICT36,TABLET
RDT,9/1/2024,HEALTH CENTER,422,,8,182,,0,-31,,25,DISTRICT31,PIECE
SP,8/1/2024,HEALTH CENTER,1558,1157,159,,,1152,-113,60,1000,DISTRICT2,TABLET
PYRA-COMP,9/1/2025,HEALTH CENTER,3558,,1036,1335,,1812,-348,874,1,DISTRICT21,TABLET
ACT-INF,4/1/2024,HEALTH CENTER,,,786,,,35,-1134,370,30,DISTRICT3,BLISTER
ACT-INF,7/1/2024,HEALTH CENTER,82,,16,98,,0,231,1,30,DISTRICT10,BLISTER
ITN,7/1/2024,HEALTH CENTER,2045,481,703,1514,,24,181,468,50,DISTRICT31,PIECE
QUIN,1/1/2025,HEALTH CENTER,622,321,202,,,0,-469,,1000,DISTRICT1,TABLET
ACT-INF,1/1/2024,HEALTH CENTER,132,0,120,,785,4,145,,30,DISTRICT32,BLISTER
PYRA-COMP,12/1/2023,HEALTH CENTER,1845,,,2243,,30,704,462,1,DISTRICT29,TABLET
ACT-GC,7/1/2025,REGIONAL HOSPITAL,44,179,138,546,,5,809,29,30,DISTRICT21,BLISTER
SP,4/1/2025,HEALTH CENTER,329,1,86,1010,,0,-171,,1000,DISTRICT31,TABLET
ACT-INF,5/1/2024,HEALTH CENTER,12,4,7,14,,122,-168,,30,DISTRICT33,BLISTER
RDT,9/1/2024,HEALTH CENTER,,,203,,,17,-222,126,25,DISTRICT26,PIECE
ACT-GC,7/1/2024,HEALTH CENTER,399,2,65,69,,24,392,58,30,DISTRICT36,BLISTER
ACT-INF,7/1/2024,HEALTH CENTER,342,0,437,49,,51,128,172,30,DISTRICT32,BLISTER
ACT-GC,12/1/2023,HEALTH CENTER,925,,,,,105,646,,30,DISTRICT35,BLISTER
ACT-SC,2/1/2025,HEALTH CENTER,208,,52,108,,267,690,43,30,DISTRICT24,BLISTER
PYRA-SAC,4/1/2025,HEALTH CENTER,2953,26,997,3656,,2656,361,,1,DISTRICT3,SACHET
ART-SUP,3/1/2024,HEALTH CENTER,2026,4,197,869,,0,-870,125,2,DISTRICT29,CAPSULE
ITN,9/1/2024,HEALTH CENTER,,1094,569,1047,,2219,-113,227,50,DISTRICT25,PIECE
ART-SUP,5/1/2025,HEALTH CENTER,,,222,1442,,0,-137,,2,DISTRICT20,CAPSULE
ITN,4/1/2025,HEALTH CENTER,,,,207,962,0,-226,32,50,DISTRICT5,PIECE
ART-SUP,10/1/2024,HEALTH CENTER,1132,0,,1149,965,,144,76,2,DISTRICT12,CAPSULE
ACT-AD,5/1/2024,HEALTH CENTER,151,3,,615,,,1268,96,30,DISTRICT8,BLISTER
ACT-GC,8/1/2024,HEALTH CENTER,46,2,,122,,,-22,31,30,DISTRICT9,BLISTER
ACT-GC,2/1/2024,HEALTH CENTER,6813,0,1803,3721,,2273,-134,1868,30,DISTRICT1,BLISTER
ACT-AD,8/1/2025,HEALTH CENTER,396,,,930,,7,-48,,30,DISTRICT23,BLISTER
ITN,11/1/2025,HEALTH CENTER,2025,220,,2996,,,-278,973,50,DISTRICT19,PIECE
SP,12/1/2024,HEALTH CENTER,5,,7,192,,0,226,,1000,DISTRICT22,TABLET
QUIN,9/1/2025,HEALTH CENTER,214,,52,237,,0,536,21,1000,DISTRICT36,TABLET
ART-INJ,10/1/2024,HEALTH CENTER,,200,,3150,172,60,831,400,5,DISTRICT35,VIAL
ITN,7/1/2025,HEALTH CENTER,1568,470,1142,,,1701,878,1061,50,DISTRICT23,PIECE
ACT-SC,8/1/2024,HEALTH CENTER,217,726,,631,308,0,-176,15,30,DISTRICT10,BLISTER
ART-SUP,2/1/2025,HEALTH CENTER,31,,17,36,,3,906,6,2,DISTRICT27,CAPSULE
ITN,1/1/2025,HEALTH CENTER,1274,50,231,,,3175,-387,231,50,DISTRICT11,PIECE
ACT-INF,5/1/2025,HEALTH CENTER,1622,0,419,580,888,20,-589,,30,DISTRICT3,BLISTER
PYRA-COMP,10/1/2024,HEALTH CENTER,,2,4,160,,,458,1,1,DISTRICT38,TABLET
ACT-AD,2/1/2025,HEALTH CENTER,,,176,978,1918,10,465,,30,DISTRICT5,BLISTER
ACT-GC,6/1/2024,HEALTH CENTER,2033,130,879,2522,1297,0,-258,,30,DISTRICT27,BLISTER
ACT-AD,8/1/2025,HEALTH CENTER,3321,208,,,,3,-188,853,30,DISTRICT35,BLISTER
ART-INJ,11/1/2024,DISTRICT HOSPITAL,881,159,865,1208,,1385,624,771,5,DISTRICT24,VIAL
ITN,1/1/2024,DISTRICT HOSPITAL,91,,52,9,,174,453,10,50,DISTRICT18,PIECE
ACT-INF,12/1/2023,HEALTH CENTER,,,74,32,483,1,-424,97,30,DISTRICT22,BLISTER
ART-INJ,9/1/2024,HEALTH CENTER,554,,151,323,1187,5,120,46,5,DISTRICT13,VIAL
ART-SUP,7/1/2024,REGIONAL HOSPITAL,,16,8,4,,5418,65,1,2,DISTRICT4,CAPSULE
RDT,11/1/2024,HEALTH CENTER,,4,217,636,,,-234,90,25,DISTRICT17,PIECE
QUIN,10/1/2025,HEALTH CENTER,807,0,139,,1322,166,-122,,1000,DISTRICT31,TABLET
ACT-AD,5/1/2024,HEALTH CENTER,290,,131,,407,0,-151,,30,DISTRICT24,BLISTER
ACT-AD,2/1/2025,HEALTH CENTER,20,330,34,,1577,5,195,,30,DISTRICT3,BLISTER
QUIN,2/1/2024,HEALTH CENTER,,283,761,3153,1988,1505,-354,523,1000,DISTRICT23,TABLET
ACT-GC,2/1/2024,HEALTH CENTER,140,0,79,206,488,100,137,406,30,DISTRICT33,BLISTER
ACT-AD,9/1/2024,HEALTH CENTER,1071,,109,648,,83,598,75,30,DISTRICT2,BLISTER
QUIN,1/1/2024,HEALTH CENTER,409,7,334,351,,2641,65,,1000,DISTRICT37,TABLET
PYRA-SAC,5/1/2025,HEALTH CENTER,1461,2,678,1058,2896,4012,-611,544,1,DISTRICT7,SACHET
QUIN,5/1/2024,DISTRICT HOSPITAL,202,2,105,1177,,0,190,72,1000,DISTRICT1,TABLET
SP,6/1/2024,HEALTH CENTER,1,,,5,,13,-327,11,1000,DISTRICT17,TABLET
ITN,4/1/2024,HEALTH CENTER,,3,,37,,8,228,160,50,DISTRICT31,PIECE
ACT-SC,10/1/2024,HEALTH CENTER,1565,0,,,,23,-160,512,30,DISTRICT19,BLISTER
ACT-GC,4/1/2024,HEALTH CENTER,347,11,370,809,,,-182,,30,DISTRICT32,BLISTER
PYRA-COMP,11/1/2024,HEALTH CENTER,65,7,2,314,,0,-811,,1,DISTRICT28,TABLET
ACT-GC,2/1/2025,DISTRICT HOSPITAL,2435,,711,,277,0,-32,343,30,DISTRICT38,BLISTER
ACT-AD,7/1/2025,HEALTH CENTER,,744,80,319,,235,-233,34,30,DISTRICT20,BLISTER
ACT-INF,1/1/2025,DISTRICT HOSPITAL,2514,0,307,1317,893,604,193,309,30,DISTRICT1,BLISTER
ART-SUP,10/1/2025,HEALTH CENTER,,,101,127,782,1718,-80,,2,DISTRICT33,CAPSULE
ACT-GC,6/1/2024,HEALTH CENTER,2450,37,,2091,,,91,68,30,DISTRICT20,BLISTER
PYRA-SAC,7/1/2025,HEALTH CENTER,1369,0,234,2490,326,0,-778,,1,DISTRICT20,SACHET
PYRA-SAC,9/1/2025,HEALTH CENTER,7410,507,,3808,,2,397,413,1,DISTRICT20,SACHET
PYRA-SAC,10/1/2024,HEALTH CENTER,1525,655,,,,360,393,730,1,DISTRICT4,SACHET
ART-INJ,11/1/2025,HEALTH CENTER,,1441,12,429,,0,-363,0,5,DISTRICT14,VIAL
ITN,6/1/2024,HEALTH CENTER,399,,126,381,,8352,-162,222,50,DISTRICT1,PIECE
ACT-GC,11/1/2024,HEALTH CENTER,108,1001,158,297,,10,-55,,30,DISTRICT32,BLISTER
SP,3/1/2024,HEALTH CENTER,,4,955,3697,,470,273,,1000,DISTRICT36,TABLET
SP,1/1/2024,HEALTH CENTER,16,10,,361,,0,-491,50,1000,DISTRICT28,TABLET
SP,3/1/2025,HEALTH CENTER,93,0,23,103,,1,451,4,1000,DISTRICT16,TABLET
PYRA-COMP,12/1/2023,HEALTH CENTER,1965,,450,432,363,,-640,327,1,DISTRICT8,TABLET
ACT-INF,9/1/2025,HEALTH CENTER,,6,,,,,371,199,30,DISTRICT21,BLISTER
PYRA-COMP,7/1/2025,HEALTH CENTER,,,72,885,369,0,651,45,1,DISTRICT12,TABLET
ART-INJ,4/1/2024,HEALTH CENTER,763,,210,,,164,-257,252,5,DISTRICT4,VIAL
RDT,3/1/2025,HEALTH CENTER,433,0,68,608,,,111,,25,DISTRICT1,PIECE
PYRA-COMP,12/1/2023,HEALTH CENTER,3344,0,,2049,,0,-283,,1,DISTRICT8,TABLET
PYRA-SAC,7/1/2025,HEALTH CENTER,,9,,,1201,,546,,1,DISTRICT4,SACHET
ACT-SC,5/1/2024,HEALTH CENTER,1196,,185,,699,275,620,227,30,DISTRICT21,BLISTER
PYRA-COMP,3/1/2025,HEALTH CENTER,,443,120,604,,,-632,76,1,DISTRICT19,TABLET
SP,10/1/2024,HEALTH CENTER,1690,36,421,2824,,1,-61,,1000,DISTRICT17,TABLET
ART-INJ,8/1/2024,HEALTH CENTER,259,251,208,334,,4306,321,105,5,DISTRICT23,VIAL
ACT-INF,2/1/2025,HEALTH CENTER,,351,680,,,,224,,30,DISTRICT32,BLISTER
ACT-SC,12/1/2023,HEALTH CENTER,915,,249,1180,,56,-588,210,30,DISTRICT29,BLISTER
ART-SUP,1/1/2024,HEALTH CENTER,715,,733,,,1045,-1232,1298,2,DISTRICT17,CAPSULE
ITN,9/1/2024,HEALTH CENTER,161,3,49,,,0,133,66,50,DISTRICT25,PIECE
ACT-INF,12/1/2023,HEALTH CENTER,,73,730,2311,,2708,107,409,30,DISTRICT13,BLISTER
QUIN,7/1/2024,HEALTH CENTER,117,,131,72,,5620,44,136,1000,DISTRICT37,TABLET
ART-INJ,1/1/2024,HEALTH CENTER,,1,733,,,14,21,,5,DISTRICT31,VIAL
PYRA-COMP,10/1/2025,HEALTH CENTER,2055,141,,2469,696,3901,-120,911,1,DISTRICT33,TABLET
RDT,4/1/2024,HEALTH CENTER,228,2,38,216,,33,533,5,25,DISTRICT31,PIECE
ACT-SC,9/1/2024,HEALTH CENTER,1521,0,76,,,0,-83,75,30,DISTRICT1,BLISTER
ACT-GC,11/1/2024,HEALTH CENTER,847,99,,635,,42,83,344,30,DISTRICT15,BLISTER
ACT-AD,8/1/2024,HEALTH CENTER,70,,,57,271,31,161,15,30,DISTRICT28,BLISTER
ART-INJ,3/1/2025,HEALTH CENTER,,,,658,,0,131,322,5,DISTRICT10,VIAL
PYRA-COMP,3/1/2024,HEALTH CENTER,485,1,,,,90,-21,144,1,DISTRICT26,TABLET
SP,2/1/2024,HEALTH CENTER,3101,,1025,,,3598,-740,360,1000,DISTRICT36,TABLET
ACT-INF,6/1/2024,HEALTH CENTER,5287,3,226,,,0,-116,,30,DISTRICT20,BLISTER
ACT-AD,9/1/2025,HEALTH CENTER,556,1,,209,,286,744,159,30,DISTRICT28,BLISTER
PYRA-COMP,9/1/2024,HEALTH CENTER,,67,,,656,2088,453,469,1,DISTRICT33,TABLET
ACT-AD,12/1/2024,HEALTH CENTER,635,4359,135,1096,,0,-33,51,30,DISTRICT1,BLISTER
ACT-GC,11/1/2025,HEALTH CENTER,3118,,815,2606,,199,-181,,30,DISTRICT37,BLISTER
RDT,12/1/2024,HEALTH CENTER,,1378,1035,,,4005,716,675,25,DISTRICT31,PIECE
QUIN,12/1/2024,HEALTH CENTER,,0,158,816,,2,-886,124,1000,DISTRICT38,TABLET
SP,7/1/2025,HEALTH CENTER,5422,904,1828,,,7836,-121,1120,1000,DISTRICT11,TABLET
RDT,3/1/2024,HEALTH CENTER,1538,282,124,,,0,480,89,25,DISTRICT13,PIECE
ACT-SC,3/1/2025,HEALTH CENTER,,9,,,,4,139,24,30,DISTRICT38,BLISTER
ART-SUP,6/1/2025,DISTRICT HOSPITAL,2739,853,954,,,,-163,941,2,DISTRICT16,CAPSULE
ITN,2/1/2024,HEALTH CENTER,225,2,,742,1155,5042,301,48,50,DISTRICT4,PIECE
ACT-AD,4/1/2025,HEALTH CENTER,302,89,,644,242,0,1,36,30,DISTRICT33,BLISTER
SP,5/1/2025,HEALTH CENTER,949,,148,1112,,114,1139,129,1000,DISTRICT3,TABLET
ART-SUP,9/1/2024,HEALTH CENTER,794,,655,1582,606,0,310,135,2,DISTRICT33,CAPSULE
RDT,10/1/2024,HEALTH CENTER,376,6,,55,464,552,231,211,25,DISTRICT30,PIECE
ITN,11/1/2024,HEALTH CENTER,411,,140,181,,74,-474,72,50,DISTRICT7,PIECE
ACT-GC,3/1/2024,DISTRICT HOSPITAL,1828,75,285,2454,,0,130,156,30,DISTRICT9,BLISTER
SP,1/1/2025,HEALTH CENTER,1419,0,509,,,9,195,,1000,DISTRICT1,TABLET
ACT-INF,2/1/2024,HEALTH CENTER,502,,79,,,24,-145,,30,DISTRICT18,BLISTER
RDT,8/1/2025,HEALTH CENTER,516,50,210,,,6291,402,184,25,DISTRICT14,PIECE
PYRA-COMP,6/1/2025,HEALTH CENTER,195,,170,,,28,-416,115,1,DISTRICT23,TABLET
ACT-AD,6/1/2025,HEALTH CENTER,,419,187,,,7,-662,,30,DISTRICT21,BLISTER
ACT-AD,7/1/2025,HEALTH CENTER,58,,,4,408,1572,-229,,30,DISTRICT33,BLISTER
ART-SUP,11/1/2024,HEALTH CENTER,,98,922,5620,695,12733,-686,1139,2,DISTRICT33,CAPSULE
ITN,6/1/2024,HEALTH CENTER,,,325,,326,163,-319,,50,DISTRICT31,PIECE
ITN,6/1/2025,HEALTH CENTER,267,,211,475,388,8,-524,,50,DISTRICT29,PIECE
ITN,11/1/2024,HEALTH CENTER,136,1299,,653,,20,125,126,50,DISTRICT29,PIECE
ACT-AD,5/1/2024,DISTRICT HOSPITAL,,0,14,5,,0,-102,7,30,DISTRICT28,BLISTER
ACT-INF,3/1/2025,HEALTH CENTER,14,,33,12,,5,-43,6,30,DISTRICT5,BLISTER
ACT-INF,6/1/2024,HEALTH CENTER,1550,0,425,,579,17,132,,30,DISTRICT25,BLISTER
QUIN,4/1/2024,NATIONAL HOSPITAL,2327,,267,301,,335,-211,195,1000,DISTRICT24,TABLET
ART-SUP,5/1/2024,HEALTH CENTER,,,,671,,584,-296,843,2,DISTRICT18,CAPSULE
PYRA-COMP,12/1/2024,HEALTH CENTER,314,,,558,,167,300,155,1,DISTRICT31,TABLET
ART-SUP,12/1/2023,HEALTH CENTER,271,314,73,112,,55,291,81,2,DISTRICT29,CAPSULE
ITN,3/1/2025,HEALTH CENTER,507,,403,298,,,-90,,50,DISTRICT18,PIECE
PYRA-SAC,11/1/2025,HEALTH CENTER,1580,118,,1954,,0,-1076,159,1,DISTRICT9,SACHET
ART-INJ,7/1/2024,HEALTH CENTER,,122,976,393,,5514,48,834,5,DISTRICT25,VIAL
ACT-SC,7/1/2025,HEALTH CENTER,1353,,499,2110,,,-265,175,30,DISTRICT8,BLISTER
SP,11/1/2025,HEALTH CENTER,46,2,,342,,62,-143,17,1000,DISTRICT25,TABLET
ITN,2/1/2024,HEALTH CENTER,,,45,602,,1135,-895,,50,DISTRICT5,PIECE
PYRA-SAC,1/1/2024,HEALTH CENTER,725,46,,749,407,,-471,208,1,DISTRICT33,SACHET
ACT-GC,8/1/2024,HEALTH CENTER,,2,52,372,,0,96,46,30,DISTRICT31,BLISTER
ART-INJ,3/1/2025,HEALTH CENTER,303,,88,279,,4,-446,125,5,DISTRICT33,VIAL
PYRA-SAC,5/1/2024,HEALTH CENTER,57,4,,152,,5,429,6,1,DISTRICT30,SACHET
ACT-AD,3/1/2024,HEALTH CENTER,1153,167,310,1408,,0,428,49,30,DISTRICT29,BLISTER
SP,3/1/2024,HEALTH CENTER,992,,96,506,,0,0,,1000,DISTRICT31,TABLET
ACT-SC,11/1/2024,HEALTH CENTER,274,2,,159,,115,267,,30,DISTRICT33,BLISTER
SP,10/1/2024,DISTRICT HOSPITAL,50,0,76,28,,7,-611,23,1000,DISTRICT2,TABLET
PYRA-COMP,2/1/2024,HEALTH CENTER,,347,451,2733,,350,24,374,1,DISTRICT33,TABLET
ITN,7/1/2024,HEALTH CENTER,5833,210,754,3915,,0,-378,760,50,DISTRICT1,PIECE
ART-SUP,5/1/2025,HEALTH CENTER,,203,405,1542,847,1555,-543,,2,DISTRICT9,CAPSULE
ART-SUP,1/1/2025,HEALTH CENTER,57,0,,383,,1,-90,0,2,DISTRICT13,CAPSULE
ITN,3/1/2024,HEALTH CENTER,231,10,123,,,18,-564,,50,DISTRICT1,PIECE
QUIN,10/1/2025,HEALTH CENTER,1111,,211,2809,,,-94,78,1000,DISTRICT22,TABLET
PYRA-COMP,8/1/2025,HEALTH CENTER,77,,46,,,72,222,6,1,DISTRICT8,TABLET
ITN,5/1/2024,HEALTH CENTER,152,126,51,,,,-177,,50,DISTRICT25,PIECE
ACT-INF,3/1/2024,HEALTH CENTER,,0,240,,,47,-515,286,30,DISTRICT26,BLISTER
PYRA-COMP,1/1/2025,DISTRICT HOSPITAL,2300,,860,639,,,229,368,1,DISTRICT31,TABLET
PYRA-COMP,3/1/2024,DISTRICT HOSPITAL,,,,2500,,113,-68,,1,DISTRICT32,TABLET
SP,10/1/2024,HEALTH CENTER,3,,,23,,1085,-730,36,1000,DISTRICT35,TABLET
ACT-GC,2/1/2024,HEALTH CENTER,4005,2,830,2214,,14,-126,780,30,DISTRICT7,BLISTER
ITN,12/1/2024,HEALTH CENTER,,34,,476,,3,-78,3,50,DISTRICT14,PIECE
ACT-GC,5/1/2025,HEALTH CENTER,726,3,,,,1,-591,129,30,DISTRICT1,BLISTER
PYRA-SAC,1/1/2025,HEALTH CENTER,,3,654,2857,,,597,762,1,DISTRICT8,SACHET
ACT-INF,9/1/2024,HEALTH CENTER,30,0,39,,520,2,34,,30,DISTRICT10,BLISTER
ACT-AD,10/1/2024,HEALTH CENTER,400,,552,1881,,,679,,30,DISTRICT38,BLISTER
ITN,10/1/2025,HEALTH CENTER,,218,,723,,0,520,,50,DISTRICT8,PIECE
QUIN,9/1/2024,HEALTH CENTER,,19,666,,1017,,90,1041,1000,DISTRICT29,TABLET
PYRA-SAC,1/1/2024,HEALTH CENTER,1022,,71,,450,,-564,,1,DISTRICT2,SACHET
ART-SUP,3/1/2025,HEALTH CENTER,241,6,125,,,8,200,70,2,DISTRICT37,CAPSULE
QUIN,11/1/2025,HEALTH CENTER,,9,225,1734,,0,-241,215,1000,DISTRICT24,TABLET
ART-SUP,7/1/2024,HEALTH CENTER,,,2,10,,1,-180,0,2,DISTRICT35,CAPSULE
ACT-INF,6/1/2025,HEALTH CENTER,1835,13,497,1600,,0,579,,30,DISTRICT22,BLISTER
ART-INJ,7/1/2025,HEALTH CENTER,2100,1210,206,,,,237,145,5,DISTRICT13,VIAL
ACT-GC,1/1/2024,HEALTH CENTER,15,3,10,107,,0,150,1,30,DISTRICT23,BLISTER
ACT-SC,6/1/2025,HEALTH CENTER,,177,35,992,,,471,13,30,DISTRICT20,BLISTER
ACT-SC,8/1/2025,HEALTH CENTER,1081,22,265,959,1176,8466,79,213,30,DISTRICT28,BLISTER
QUIN,11/1/2024,HEALTH CENTER,117,235,19,213,520,,-373,1,1000,DISTRICT13,TABLET
SP,10/1/2024,HEALTH CENTER,2929,21,,,1272,3565,272,434,1000,DISTRICT21,TABLET
PYRA-SAC,1/1/2025,HEALTH CENTER,,18,28,47,,107,-231,7,1,DISTRICT13,SACHET
QUIN,6/1/2024,HEALTH CENTER,,16,1305,4949,,928,444,782,1000,DISTRICT3,TABLET
PYRA-COMP,9/1/2024,HEALTH CENTER,1900,99,,1171,,3,279,,1,DISTRICT23,TABLET
RDT,9/1/2024,DISTRICT HOSPITAL,,20,324,389,1549,,-40,,25,DISTRICT15,PIECE
SP,4/1/2025,HEALTH CENTER,170,,75,131,,3,-452,15,1000,DISTRICT31,TABLET
SP,1/1/2025,HEALTH CENTER,24,,,,243,,-564,0,1000,DISTRICT28,TABLET
QUIN,5/1/2024,HEALTH CENTER,1720,2,369,1346,,,725,,1000,DISTRICT28,TABLET
SP,11/1/2024,HEALTH CENTER,,0,295,419,,265,-382,159,1000,DISTRICT10,TABLET
SP,10/1/2024,HEALTH CENTER,,1,51,1245,,0,-318,17,1000,DISTRICT37,TABLET
RDT,5/1/2024,HEALTH CENTER,219,0,97,226,,,-504,113,25,DISTRICT3,PIECE
ACT-INF,4/1/2025,HEALTH CENTER,1675,,241,,,4861,727,116,30,DISTRICT32,BLISTER
ART-INJ,8/1/2025,NATIONAL HOSPITAL,511,,371,866,1074,9,359,220,5,DISTRICT7,VIAL
ACT-GC,3/1/2025,HEALTH CENTER,,,222,876,,346,96,,30,DISTRICT4,BLISTER
ART-SUP,6/1/2024,HEALTH CENTER,1266,0,6,59,271,1,-351,,2,DISTRICT5,CAPSULE
PYRA-SAC,10/1/2025,HEALTH CENTER,3080,,,2394,1386,1430,-24,653,1,DISTRICT33,SACHET
PYRA-SAC,8/1/2024,HEALTH CENTER,,442,138,850,2586,9401,143,,1,DISTRICT15,SACHET
ART-INJ,9/1/2025,HEALTH CENTER,128,13,12,52,,0,-166,2,5,DISTRICT29,VIAL
PYRA-SAC,1/1/2024,HEALTH CENTER,151,5,82,80,,0,-633,,1,DISTRICT29,SACHET
ART-INJ,10/1/2025,HEALTH CENTER,586,,,,,,269,223,5,DISTRICT31,VIAL
ACT-INF,8/1/2025,HEALTH CENTER,,0,,1023,1224,478,109,364,30,DISTRICT29,BLISTER
QUIN,10/1/2025,HEALTH CENTER,,1,1452,3122,,134,51,1596,1000,DISTRICT14,TABLET
PYRA-SAC,12/1/2023,DISTRICT HOSPITAL,,,71,726,,251,-20,76,1,DISTRICT26,SACHET
ACT-AD,10/1/2024,HEALTH CENTER,5,,0,16,,0,-666,0,30,DISTRICT32,BLISTER
RDT,11/1/2025,HEALTH CENTER,638,140,288,859,,80,-70,248,25,DISTRICT26,PIECE
QUIN,9/1/2025,HEALTH CENTER,5,0,15,,,222,-452,,1000,DISTRICT23,TABLET
ACT-INF,2/1/2025,HEALTH CENTER,1001,69,270,1111,,0,740,447,30,DISTRICT28,BLISTER
ACT-INF,11/1/2024,HEALTH CENTER,2418,,487,3368,213,1,-925,,30,DISTRICT10,BLISTER
PYRA-COMP,8/1/2025,HEALTH CENTER,789,3,357,113,984,4622,767,149,1,DISTRICT23,TABLET
ART-INJ,5/1/2024,HEALTH CENTER,293,1,83,234,,129,257,38,5,DISTRICT13,VIAL
ACT-INF,4/1/2025,HEALTH CENTER,,,,3,,35,-122,11,30,DISTRICT23,BLISTER
ACT-GC,4/1/2024,HEALTH CENTER,361,0,174,,,81,782,,30,DISTRICT13,BLISTER
ACT-INF,2/1/2024,HEALTH CENTER,338,0,,,,,-194,113,30,DISTRICT33,BLISTER
ART-INJ,11/1/2024,HEALTH CENTER,3253,119,854,,,614,204,,5,DISTRICT3,VIAL
SP,3/1/2025,HEALTH CENTER,2008,,362,,,4673,-317,,1000,DISTRICT32,TABLET
RDT,7/1/2024,HEALTH CENTER,958,5,279,124,,,-726,379,25,DISTRICT3,PIECE
ACT-GC,1/1/2024,HEALTH CENTER,2949,,,5241,,,394,972,30,DISTRICT25,BLISTER
PYRA-SAC,12/1/2023,HEALTH CENTER,29,16,30,72,,,294,,1,DISTRICT15,SACHET
RDT,3/1/2024,HEALTH CENTER,32,0,5,1,,10,-721,1,25,DISTRICT14,PIECE
ART-SUP,2/1/2024,HEALTH CENTER,2472,,370,5688,,,-895,119,2,DISTRICT2,CAPSULE
ACT-INF,6/1/2024,DISTRICT HOSPITAL,1811,0,290,,,,574,,30,DISTRICT9,BLISTER
ACT-SC,11/1/2025,HEALTH CENTER,1,0,0,1,,0,541,0,30,DISTRICT17,BLISTER
PYRA-SAC,11/1/2024,HEALTH CENTER,,169,19,51,,16,154,0,1,DISTRICT36,SACHET
ART-INJ,6/1/2025,HEALTH CENTER,3967,77,733,3372,,,436,576,5,DISTRICT2,VIAL
PYRA-COMP,3/1/2025,DISTRICT HOSPITAL,76,0,102,111,295,35,498,,1,DISTRICT13,TABLET
ACT-SC,8/1/2025,DISTRICT HOSPITAL,6093,,226,4756,311,8,82,320,30,DISTRICT9,BLISTER
ACT-AD,10/1/2024,HEALTH CENTER,543,278,544,4839,,,597,479,30,DISTRICT10,BLISTER
QUIN,3/1/2024,HEALTH CENTER,751,,511,1419,800,1069,512,258,1000,DISTRICT15,TABLET
ART-INJ,1/1/2024,HEALTH CENTER,1303,,83,383,325,1037,232,129,5,DISTRICT26,VIAL
PYRA-COMP,8/1/2024,HEALTH CENTER,,1037,173,946,1421,0,409,17,1,DISTRICT9,TABLET
PYRA-SAC,11/1/2025,HEALTH CENTER,,469,1310,1261,894,85,276,,1,DISTRICT24,SACHET
ACT-AD,7/1/2024,HEALTH CENTER,342,0,71,353,,,250,,30,DISTRICT35,BLISTER
ART-SUP,7/1/2025,HEALTH CENTER,,89,73,,132,0,398,,2,DISTRICT29,CAPSULE
ACT-INF,3/1/2025,HEALTH CENTER,,0,70,352,,49,50,108,30,DISTRICT8,BLISTER
RDT,1/1/2025,HEALTH CENTER,36,,85,,,3356,254,,25,DISTRICT23,PIECE
SP,4/1/2025,DISTRICT HOSPITAL,,1,225,1104,,1,-86,,1000,DISTRICT36,TABLET
PYRA-COMP,4/1/2024,HEALTH CENTER,538,181,,420,92,0,-642,,1,DISTRICT25,TABLET
ART-INJ,5/1/2025,DISTRICT HOSPITAL,566,15,,,,9,-897,218,5,DISTRICT9,VIAL
ART-INJ,7/1/2025,HEALTH CENTER,,,45,244,767,65,75,17,5,DISTRICT13,VIAL
RDT,1/1/2025,HEALTH CENTER,,,175,,170,0,-536,133,25,DISTRICT3,PIECE
PYRA-COMP,4/1/2024,HEALTH CENTER,1394,,135,1039,,0,13,46,1,DISTRICT23,TABLET
PYRA-COMP,2/1/2025,HEALTH CENTER,2361,,572,1888,565,59,-403,360,1,DISTRICT16,TABLET
RDT,1/1/2024,HEALTH CENTER,,2,312,,,776,-504,369,25,DISTRICT12,PIECE
QUIN,8/1/2025,HEALTH CENTER,2703,0,669,4313,367,35,363,623,1000,DISTRICT9,TABLET
ART-SUP,2/1/2025,HEALTH CENTER,,8,516,238,,3970,192,455,2,DISTRICT31,CAPSULE
ART-INJ,10/1/2024,HEALTH CENTER,4,0,1,14,,,-117,,5,DISTRICT36,VIAL
SP,1/1/2024,HEALTH CENTER,,45,,1471,,973,412,,1000,DISTRICT29,TABLET
ITN,4/1/2025,HEALTH CENTER,1354,,,1229,,0,421,40,50,DISTRICT25,PIECE
ACT-INF,2/1/2024,HEALTH CENTER,180,6,,,,1796,292,205,30,DISTRICT25,BLISTER
ACT-AD,7/1/2025,DISTRICT HOSPITAL,3074,2675,1550,1986,1127,7087,-822,956,30,DISTRICT13,BLISTER
PYRA-SAC,8/1/2025,DISTRICT HOSPITAL,809,474,125,1288,,0,-214,73,1,DISTRICT12,SACHET
ACT-AD,1/1/2025,HEALTH CENTER,467,,216,,,0,88,,30,DISTRICT11,BLISTER
PYRA-SAC,9/1/2025,HEALTH CENTER,209,112,217,,,282,-318,43,1,DISTRICT30,SACHET
ART-SUP,7/1/2024,HEALTH CENTER,145,,6,32,,1681,198,3,2,DISTRICT28,CAPSULE
SP,2/1/2024,HEALTH CENTER,,,,529,,0,699,22,1000,DISTRICT11,TABLET
RDT,5/1/2024,HEALTH CENTER,1119,420,1068,,,597,242,588,25,DISTRICT32,PIECE
RDT,5/1/2025,HEALTH CENTER,144,593,114,1044,,140,8,59,25,DISTRICT3,PIECE
ACT-AD,7/1/2024,HEALTH CENTER,1500,,271,326,,3938,197,717,30,DISTRICT13,BLISTER
RDT,7/1/2025,HEALTH CENTER,66,84,72,,,,-412,10,25,DISTRICT4,PIECE
ITN,8/1/2024,HEALTH CENTER,0,,,2,,0,730,5,50,DISTRICT31,PIECE
QUIN,9/1/2024,HEALTH CENTER,,4,43,270,,571,70,,1000,DISTRICT9,TABLET
ITN,9/1/2025,HEALTH CENTER,78,1,42,,,0,465,3,50,DISTRICT25,PIECE
RDT,6/1/2025,HEALTH CENTER,892,1102,349,,867,0,793,71,25,DISTRICT17,PIECE
PYRA-COMP,3/1/2025,HEALTH CENTER,679,46,308,160,1055,1814,-78,,1,DISTRICT23,TABLET
RDT,10/1/2025,HEALTH CENTER,1300,961,267,2940,725,536,521,185,25,DISTRICT22,PIECE
ART-SUP,6/1/2025,HEALTH CENTER,,,6,66,,1,108,,2,DISTRICT14,CAPSULE
ART-SUP,3/1/2025,HEALTH CENTER,1452,1717,,3095,1382,,294,1542,2,DISTRICT22,CAPSULE
ACT-INF,6/1/2024,DISTRICT HOSPITAL,544,,157,565,,,50,,30,DISTRICT15,BLISTER
ART-INJ,1/1/2025,HEALTH CENTER,,4,76,52,,1,871,38,5,DISTRICT13,VIAL
SP,1/1/2025,HEALTH CENTER,212,5,,477,355,0,-26,110,1000,DISTRICT36,TABLET
ACT-SC,11/1/2024,HEALTH CENTER,118,373,,261,,0,-519,,30,DISTRICT13,BLISTER
QUIN,10/1/2024,HEALTH CENTER,2075,269,,339,,3762,94,761,1000,DISTRICT23,TABLET
ACT-GC,3/1/2024,HEALTH CENTER,2269,0,105,1134,,0,-442,30,30,DISTRICT2,BLISTER
ART-INJ,2/1/2025,HEALTH CENTER,1595,101,200,,,1,-418,75,5,DISTRICT25,VIAL
ITN,3/1/2025,HEALTH CENTER,,9,,2620,,,-545,36,50,DISTRICT19,PIECE
ACT-SC,7/1/2025,HEALTH CENTER,75,,,,,0,385,8,30,DISTRICT38,BLISTER
ACT-AD,2/1/2025,HEALTH CENTER,2407,,,2105,1096,1,286,238,30,DISTRICT13,BLISTER
ACT-AD,11/1/2025,HEALTH CENTER,313,,12,104,,1,-101,5,30,DISTRICT11,BLISTER
ACT-SC,1/1/2024,HEALTH CENTER,1375,8,,903,,261,318,,30,DISTRICT9,BLISTER
ART-INJ,10/1/2025,HEALTH CENTER,1234,11,110,726,,1,-314,46,5,DISTRICT30,VIAL
ART-SUP,4/1/2025,HEALTH CENTER,,45,51,60,,,87,,2,DISTRICT16,CAPSULE
PYRA-COMP,3/1/2024,HEALTH CENTER,,,181,209,,45,-647,82,1,DISTRICT3,TABLET
PYRA-COMP,3/1/2025,NATIONAL HOSPITAL,,458,709,,,,497,,1,DISTRICT29,TABLET
RDT,2/1/2024,HEALTH CENTER,2178,1,367,770,553,4,453,272,25,DISTRICT25,PIECE
ACT-INF,8/1/2025,HEALTH CENTER,842,,211,1504,,,-393,,30,DISTRICT26,BLISTER
QUIN,4/1/2024,HEALTH CENTER,,886,276,3547,,27,59,252,1000,DISTRICT15,TABLET
ACT-INF,4/1/2024,HEALTH CENTER,3921,142,756,3940,,44,798,,30,DISTRICT16,BLISTER
PYRA-COMP,3/1/2024,HEALTH CENTER,2563,781,317,3224,377,,458,,1,DISTRICT3,TABLET
ART-INJ,12/1/2023,HEALTH CENTER,416,4,,499,,572,438,,5,DISTRICT28,VIAL
ACT-GC,2/1/2024,HEALTH CENTER,38,0,7,80,805,0,536,,30,DISTRICT28,BLISTER
ACT-GC,10/1/2025,HEALTH CENTER,2283,2,2010,3336,,10297,314,1860,30,DISTRICT4,BLISTER
ACT-SC,4/1/2024,HEALTH CENTER,6828,,1133,,2375,,82,712,30,DISTRICT13,BLISTER
ACT-INF,9/1/2024,HEALTH CENTER,439,0,,178,346,34,348,85,30,DISTRICT14,BLISTER
ACT-SC,4/1/2024,HEALTH CENTER,,107,800,1477,,2018,-521,330,30,DISTRICT4,BLISTER
PYRA-COMP,12/1/2024,HEALTH CENTER,87,0,18,,,1,-238,4,1,DISTRICT1,TABLET
ITN,4/1/2024,HEALTH CENTER,393,1,,,,,-277,5,50,DISTRICT32,PIECE
ACT-INF,9/1/2025,HEALTH CENTER,30,13,13,,,103,-217,,30,DISTRICT8,BLISTER
ART-SUP,6/1/2025,HEALTH CENTER,1250,68,157,3097,,0,1105,23,2,DISTRICT4,CAPSULE
QUIN,1/1/2025,HEALTH CENTER,,117,101,1051,,0,255,91,1000,DISTRICT35,TABLET
PYRA-COMP,11/1/2025,HEALTH CENTER,,,94,726,,0,-77,,1,DISTRICT29,TABLET
ACT-INF,12/1/2023,HEALTH CENTER,,70,17,516,377,0,-363,,30,DISTRICT14,BLISTER
QUIN,6/1/2025,HEALTH CENTER,24,,,38,474,5,-18,,1000,DISTRICT13,TABLET
ACT-INF,5/1/2024,HEALTH CENTER,3660,78,1098,,975,5555,-53,820,30,DISTRICT22,BLISTER
ACT-GC,12/1/2023,HEALTH CENTER,1021,0,259,439,1256,881,465,485,30,DISTRICT13,BLISTER
ACT-GC,5/1/2025,HEALTH CENTER,2521,,888,,543,3010,435,,30,DISTRICT35,BLISTER
QUIN,5/1/2024,HEALTH CENTER,,219,225,2603,783,74,790,,1000,DISTRICT16,TABLET
PYRA-COMP,10/1/2024,HEALTH CENTER,,0,,171,1027,23,90,17,1,DISTRICT20,TABLET
PYRA-COMP,3/1/2025,HEALTH CENTER,9,0,,3,,0,-554,0,1,DISTRICT2,TABLET
ACT-GC,2/1/2024,HEALTH CENTER,1099,,150,693,572,,-389,309,30,DISTRICT14,BLISTER
ACT-SC,6/1/2024,HEALTH CENTER,1462,1,388,1305,,101,-732,,30,DISTRICT30,BLISTER
ACT-INF,4/1/2025,HEALTH CENTER,,0,21,,,428,-535,37,30,DISTRICT17,BLISTER
QUIN,4/1/2025,HEALTH CENTER,209,0,39,151,,,-629,,1000,DISTRICT36,TABLET
SP,12/1/2024,HEALTH CENTER,59,152,148,232,,,-71,36,1000,DISTRICT29,TABLET
ART-SUP,4/1/2025,HEALTH CENTER,,4513,1059,3695,,0,161,,2,DISTRICT29,CAPSULE
PYRA-COMP,8/1/2025,HEALTH CENTER,112,0,30,561,,0,-48,10,1,DISTRICT8,TABLET
ART-SUP,11/1/2025,HEALTH CENTER,1500,159,382,,,5549,395,778,2,DISTRICT28,CAPSULE
ITN,7/1/2025,HEALTH CENTER,0,0,,1,,0,-485,0,50,DISTRICT36,PIECE
PYRA-SAC,9/1/2024,HEALTH CENTER,1708,127,,2539,,1213,156,166,1,DISTRICT33,SACHET
ART-SUP,1/1/2025,HEALTH CENTER,,3,611,1767,,732,372,,2,DISTRICT16,CAPSULE
ACT-AD,1/1/2024,HEALTH CENTER,,0,,321,,529,-94,,30,DISTRICT25,BLISTER
ACT-SC,2/1/2025,HEALTH CENTER,,23,663,2471,,1872,-19,394,30,DISTRICT6,BLISTER
PYRA-SAC,4/1/2024,HEALTH CENTER,465,24,122,1102,,,-296,173,1,DISTRICT35,SACHET
QUIN,8/1/2024,HEALTH CENTER,,1,39,,477,0,-228,,1000,DISTRICT8,TABLET
ACT-SC,10/1/2025,HEALTH CENTER,,,232,2460,466,407,477,87,30,DISTRICT29,BLISTER
PYRA-COMP,4/1/2024,HEALTH CENTER,4761,0,,1603,,2607,175,788,1,DISTRICT26,TABLET
PYRA-COMP,12/1/2024,DISTRICT HOSPITAL,79,,56,69,,,-334,7,1,DISTRICT27,TABLET
ACT-SC,7/1/2025,HEALTH CENTER,1173,,39,,,0,-204,0,30,DISTRICT33,BLISTER
ART-SUP,2/1/2025,HEALTH CENTER,376,174,,775,439,79,-231,,2,DISTRICT13,CAPSULE
RDT,11/1/2024,HEALTH CENTER,3539,,883,3186,,529,-406,1385,25,DISTRICT8,PIECE
PYRA-COMP,12/1/2023,HEALTH CENTER,1732,0,190,,639,86,128,50,1,DISTRICT11,TABLET
ART-INJ,10/1/2025,HEALTH CENTER,1878,,246,1690,,0,-119,55,5,DISTRICT25,VIAL
PYRA-COMP,3/1/2025,HEALTH CENTER,18,0,26,5,672,378,40,2,1,DISTRICT13,TABLET
ACT-GC,7/1/2025,HEALTH CENTER,805,,329,1166,,177,206,157,30,DISTRICT6,BLISTER
ART-INJ,7/1/2024,HEALTH CENTER,765,,317,467,,1296,624,183,5,DISTRICT3,VIAL
QUIN,5/1/2025,HEALTH CENTER,,0,,1500,,3721,82,,1000,DISTRICT16,TABLET
ACT-INF,9/1/2025,HEALTH CENTER,,0,85,1019,,0,96,,30,DISTRICT33,BLISTER
RDT,4/1/2024,HEALTH CENTER,93,0,,64,1384,11071,-304,27,25,DISTRICT38,PIECE
ACT-SC,9/1/2025,HEALTH CENTER,3153,0,,2026,,1,58,494,30,DISTRICT33,BLISTER
ART-SUP,8/1/2024,HEALTH CENTER,,661,,1122,1327,76,129,226,2,DISTRICT9,CAPSULE
RDT,10/1/2025,HEALTH CENTER,1532,,185,152,,340,-536,120,25,DISTRICT31,PIECE
RDT,7/1/2024,HEALTH CENTER,211,,,1072,600,9358,256,,25,DISTRICT11,PIECE
ACT-AD,6/1/2024,HEALTH CENTER,526,0,81,,,0,60,30,30,DISTRICT5,BLISTER
ACT-INF,11/1/2025,DISTRICT HOSPITAL,,5,108,,,3,-434,85,30,DISTRICT28,BLISTER
ART-INJ,11/1/2024,HEALTH CENTER,920,8,,554,,2,-203,336,5,DISTRICT13,VIAL
RDT,4/1/2024,HEALTH CENTER,536,,,922,,879,129,108,25,DISTRICT20,PIECE
ACT-GC,8/1/2024,HEALTH CENTER,535,0,156,144,,,70,42,30,DISTRICT28,BLISTER
ACT-INF,10/1/2024,HEALTH CENTER,,,,1168,,417,214,166,30,DISTRICT29,BLISTER
ART-SUP,7/1/2024,HEALTH CENTER,456,36,,147,,0,-677,,2,DISTRICT14,CAPSULE
ACT-INF,12/1/2024,HEALTH CENTER,4191,278,478,5453,,0,-648,692,30,DISTRICT10,BLISTER
ACT-GC,5/1/2024,HEALTH CENTER,905,7,271,1481,,0,298,78,30,DISTRICT17,BLISTER
PYRA-SAC,1/1/2025,HEALTH CENTER,,,,,,,595,,1,DISTRICT22,SACHET
ACT-AD,6/1/2024,HEALTH CENTER,269,32,,,,11,201,56,30,DISTRICT1,BLISTER
RDT,1/1/2024,HEALTH CENTER,417,16,,349,,0,-614,2,25,DISTRICT31,PIECE
ACT-AD,10/1/2024,HEALTH CENTER,1724,0,343,,362,119,89,,30,DISTRICT25,BLISTER
ACT-SC,4/1/2025,HEALTH CENTER,2250,635,764,,,1107,133,676,30,DISTRICT20,BLISTER
ACT-AD,10/1/2024,HEALTH CENTER,459,59,95,1028,,,153,62,30,DISTRICT7,BLISTER
ACT-INF,10/1/2025,HEALTH CENTER,634,0,16,,358,1,-101,,30,DISTRICT32,BLISTER
PYRA-SAC,6/1/2025,HEALTH CENTER,387,9,,529,,0,69,25,1,DISTRICT36,SACHET
ITN,11/1/2025,HEALTH CENTER,693,436,129,1239,694,73,252,37,50,DISTRICT26,PIECE
QUIN,1/1/2025,HEALTH CENTER,653,201,373,1736,492,551,-24,402,1000,DISTRICT25,TABLET
ART-SUP,5/1/2025,HEALTH CENTER,681,23,204,963,,3,578,,2,DISTRICT10,CAPSULE
RDT,9/1/2024,HEALTH CENTER,,16,118,564,,6,-578,,25,DISTRICT30,PIECE
ITN,5/1/2024,HEALTH CENTER,90,,82,223,,902,229,35,50,DISTRICT6,PIECE
ACT-AD,12/1/2023,DISTRICT HOSPITAL,47,0,26,209,,4,-73,,30,DISTRICT23,BLISTER
ACT-SC,10/1/2025,HEALTH CENTER,,218,716,2234,443,191,582,,30,DISTRICT20,BLISTER
ART-SUP,9/1/2025,HEALTH CENTER,,122,1705,4532,,7214,-1305,1019,2,DISTRICT2,CAPSULE
ART-INJ,4/1/2024,HEALTH CENTER,639,1506,871,2162,,46,-31,690,5,DISTRICT38,VIAL
ART-INJ,5/1/2024,HEALTH CENTER,66,28,79,,1069,191,-815,,5,DISTRICT35,VIAL
ART-SUP,1/1/2025,HEALTH CENTER,221,,445,,,799,-320,640,2,DISTRICT33,CAPSULE
ITN,11/1/2025,HEALTH CENTER,38,4,109,331,,375,85,,50,DISTRICT30,PIECE
RDT,7/1/2024,HEALTH CENTER,,1335,,1602,,1815,607,131,25,DISTRICT5,PIECE
ACT-GC,5/1/2025,HEALTH CENTER,193,,,416,,,218,,30,DISTRICT15,BLISTER
SP,3/1/2024,HEALTH CENTER,,315,1763,4305,1157,10750,-505,1077,1000,DISTRICT28,TABLET
SP,5/1/2025,HEALTH CENTER,1268,29,,1893,,5241,887,,1000,DISTRICT25,TABLET
ACT-GC,10/1/2024,DISTRICT HOSPITAL,3845,28,,2933,,3,-174,366,30,DISTRICT15,BLISTER
ITN,8/1/2024,HEALTH CENTER,3621,15,381,,,0,24,41,50,DISTRICT25,PIECE
RDT,5/1/2024,HEALTH CENTER,152,182,15,,,6,1200,5,25,DISTRICT15,PIECE
PYRA-COMP,7/1/2024,HEALTH CENTER,151,350,32,203,,0,-201,,1,DISTRICT31,TABLET
QUIN,11/1/2025,HEALTH CENTER,213,0,16,129,,,-248,59,1000,DISTRICT22,TABLET
SP,7/1/2024,HEALTH CENTER,825,0,322,925,,0,677,71,1000,DISTRICT6,TABLET
ACT-SC,5/1/2024,DISTRICT HOSPITAL,296,0,116,500,1151,521,-864,204,30,DISTRICT31,BLISTER
ACT-GC,11/1/2024,HEALTH CENTER,12,,23,77,144,10,471,14,30,DISTRICT9,BLISTER
ACT-SC,9/1/2024,HEALTH CENTER,278,6,123,,,0,-551,,30,DISTRICT23,BLISTER
ACT-GC,8/1/2024,HEALTH CENTER,18,0,26,,,7,-70,13,30,DISTRICT16,BLISTER
ART-INJ,11/1/2024,HEALTH CENTER,656,122,127,,1131,,721,,5,DISTRICT3,VIAL
ART-SUP,4/1/2025,HEALTH CENTER,507,724,358,208,,774,320,351,2,DISTRICT32,CAPSULE
RDT,10/1/2024,HEALTH CENTER,620,0,,543,,2618,580,,25,DISTRICT30,PIECE
ACT-SC,3/1/2025,REGIONAL HOSPITAL,884,45,38,,1249,0,223,32,30,DISTRICT23,BLISTER
ACT-INF,5/1/2024,REGIONAL HOSPITAL,230,76,56,,1124,257,-928,26,30,DISTRICT30,BLISTER
SP,9/1/2025,HEALTH CENTER,,,,3580,,119,476,,1000,DISTRICT29,TABLET
PYRA-COMP,12/1/2023,HEALTH CENTER,,541,360,1319,2392,701,-283,179,1,DISTRICT21,TABLET
PYRA-SAC,4/1/2025,HEALTH CENTER,228,3,36,1059,,43,-389,7,1,DISTRICT18,SACHET
ART-INJ,10/1/2025,HEALTH CENTER,,1805,585,5166,942,21,-301,360,5,DISTRICT28,VIAL
RDT,2/1/2025,HEALTH CENTER,5529,89,1706,4117,,291,646,,25,DISTRICT6,PIECE
QUIN,9/1/2024,HEALTH CENTER,,0,,,,5969,412,225,1000,DISTRICT13,TABLET
PYRA-COMP,9/1/2025,HEALTH CENTER,1148,431,,1480,269,,-417,,1,DISTRICT30,TABLET
QUIN,11/1/2024,HEALTH CENTER,,31,1213,,,65,-439,,1000,DISTRICT29,TABLET
ITN,3/1/2024,HEALTH CENTER,1952,,,,,123,228,261,50,DISTRICT28,PIECE
ITN,8/1/2025,HEALTH CENTER,402,124,153,267,,223,224,77,50,DISTRICT28,PIECE
RDT,1/1/2025,HEALTH CENTER,2658,19,,,,432,5,796,25,DISTRICT15,PIECE
ACT-INF,3/1/2024,HEALTH CENTER,3,11,0,71,171,1,51,0,30,DISTRICT31,BLISTER
ART-INJ,4/1/2025,HEALTH CENTER,,,1062,4399,,34,340,536,5,DISTRICT27,VIAL
RDT,11/1/2024,HEALTH CENTER,5,58,6,,,123,-162,8,25,DISTRICT20,PIECE
ACT-GC,4/1/2024,HEALTH CENTER,806,1,,963,,0,587,,30,DISTRICT13,BLISTER
ACT-GC,2/1/2025,HEALTH CENTER,810,171,715,355,1902,6135,343,1067,30,DISTRICT32,BLISTER
ART-INJ,7/1/2024,HEALTH CENTER,2482,0,,844,1428,5,-814,210,5,DISTRICT18,VIAL
PYRA-COMP,6/1/2024,HEALTH CENTER,1129,521,,1654,,,471,243,1,DISTRICT25,TABLET
ITN,8/1/2024,DISTRICT HOSPITAL,,71,,1600,,946,559,,50,DISTRICT29,PIECE
ART-INJ,11/1/2025,HEALTH CENTER,487,230,123,117,,235,-1,,5,DISTRICT1,VIAL
RDT,1/1/2024,HEALTH CENTER,1798,0,237,,,,-643,333,25,DISTRICT23,PIECE
SP,9/1/2024,HEALTH CENTER,2,,8,,593,0,240,0,1000,DISTRICT1,TABLET
QUIN,3/1/2024,HEALTH CENTER,2054,0,370,,,2092,46,743,1000,DISTRICT25,TABLET
ACT-INF,1/1/2024,HEALTH CENTER,,170,,,,,370,978,30,DISTRICT15,BLISTER
RDT,1/1/2025,HEALTH CENTER,444,115,423,717,1161,29,-526,484,25,DISTRICT16,PIECE
PYRA-SAC,3/1/2025,HEALTH CENTER,351,,29,240,,,186,8,1,DISTRICT15,SACHET
ART-SUP,2/1/2024,HEALTH CENTER,462,87,74,111,,1209,-35,,2,DISTRICT16,CAPSULE
PYRA-SAC,4/1/2025,HEALTH CENTER,545,54,,1164,,20818,-575,,1,DISTRICT12,SACHET
RDT,11/1/2024,HEALTH CENTER,3005,,182,1877,,,269,106,25,DISTRICT33,PIECE
SP,11/1/2025,HEALTH CENTER,919,,246,383,,2,-377,216,1000,DISTRICT28,TABLET
RDT,4/1/2024,HEALTH CENTER,34,,33,247,734,0,149,,25,DISTRICT25,PIECE
ART-SUP,4/1/2025,HEALTH CENTER,584,1,103,744,,0,262,41,2,DISTRICT26,CAPSULE
ART-SUP,6/1/2024,HEALTH CENTER,2142,39,,2014,,5726,22,436,2,DISTRICT19,CAPSULE
SP,9/1/2025,HEALTH CENTER,785,0,,120,,187,-631,185,1000,DISTRICT32,TABLET
ITN,8/1/2024,HEALTH CENTER,1903,193,,1983,1249,2625,546,611,50,DISTRICT10,PIECE
ACT-GC,3/1/2025,HEALTH CENTER,1464,,,2053,,760,482,222,30,DISTRICT11,BLISTER
ACT-AD,3/1/2025,HEALTH CENTER,6788,0,735,2864,,0,-193,,30,DISTRICT15,BLISTER
ACT-SC,9/1/2024,HEALTH CENTER,2572,0,123,1301,,,-498,292,30,DISTRICT20,BLISTER
QUIN,8/1/2024,HEALTH CENTER,10,253,,,,8,199,15,1000,DISTRICT14,TABLET
ART-INJ,8/1/2025,HEALTH CENTER,167,19,117,72,,12,75,74,5,DISTRICT35,VIAL
ART-SUP,1/1/2024,HEALTH CENTER,,,105,,,2946,92,66,2,DISTRICT36,CAPSULE
ACT-INF,5/1/2024,HEALTH CENTER,26,2,75,66,,54,12,125,30,DISTRICT10,BLISTER
PYRA-SAC,5/1/2025,HEALTH CENTER,8,10,4,85,670,0,944,6,1,DISTRICT1,SACHET
ACT-AD,2/1/2025,HEALTH CENTER,,3,,400,,0,111,2,30,DISTRICT27,BLISTER
ITN,6/1/2025,HEALTH CENTER,325,1351,189,1578,864,,568,116,50,DISTRICT30,PIECE
QUIN,5/1/2024,HEALTH CENTER,1687,89,1846,,,7066,-104,,1000,DISTRICT20,TABLET
ACT-GC,10/1/2024,DISTRICT HOSPITAL,,,169,672,1168,1,-482,64,30,DISTRICT36,BLISTER
PYRA-SAC,5/1/2024,DISTRICT HOSPITAL,166,157,25,,1369,0,-456,1,1,DISTRICT28,SACHET
RDT,9/1/2025,HEALTH CENTER,368,,,969,,111,-57,,25,DISTRICT22,PIECE
RDT,10/1/2025,HEALTH CENTER,1170,1,133,,,106,-475,156,25,DISTRICT21,PIECE
SP,11/1/2025,HEALTH CENTER,2283,415,455,1272,496,,-260,428,1000,DISTRICT25,TABLET
ART-SUP,4/1/2024,HEALTH CENTER,476,6,,732,1006,189,-347,48,2,DISTRICT36,CAPSULE
PYRA-COMP,10/1/2025,HEALTH CENTER,,,,194,392,0,1114,1,1,DISTRICT11,TABLET
ACT-INF,1/1/2024,HEALTH CENTER,899,9,24,579,,0,-991,,30,DISTRICT12,BLISTER
PYRA-COMP,4/1/2024,HEALTH CENTER,361,797,,792,870,,124,11,1,DISTRICT38,TABLET
PYRA-COMP,9/1/2025,HEALTH CENTER,1509,3,244,598,,201,92,884,1,DISTRICT15,TABLET
PYRA-COMP,6/1/2024,HEALTH CENTER,,341,353,1411,,,-282,65,1,DISTRICT13,TABLET
ART-INJ,4/1/2025,HEALTH CENTER,335,107,91,,,2311,246,172,5,DISTRICT38,VIAL
ART-SUP,5/1/2025,HEALTH CENTER,1201,0,97,151,,569,92,25,2,DISTRICT5,CAPSULE
PYRA-COMP,3/1/2024,HEALTH CENTER,3103,,160,,,0,480,47,1,DISTRICT4,TABLET
ITN,5/1/2024,HEALTH CENTER,,626,,,,608,79,73,50,DISTRICT1,PIECE
ACT-AD,9/1/2024,DISTRICT HOSPITAL,1239,25,,806,,31,-23,278,30,DISTRICT5,BLISTER
SP,10/1/2024,HEALTH CENTER,1677,,215,360,450,17,4,60,1000,DISTRICT38,TABLET
ART-INJ,9/1/2024,HEALTH CENTER,17,0,,,106,1,887,7,5,DISTRICT19,VIAL
ACT-SC,11/1/2025,HEALTH CENTER,1214,,407,4375,,0,-156,349,30,DISTRICT32,BLISTER
ACT-SC,3/1/2024,HEALTH CENTER,43,,263,852,423,3,254,192,30,DISTRICT2,BLISTER
PYRA-COMP,4/1/2024,HEALTH CENTER,446,,,,774,,-37,247,1,DISTRICT24,TABLET
PYRA-COMP,4/1/2025,HEALTH CENTER,2462,382,699,3014,,619,-5,544,1,DISTRICT27,TABLET
ITN,7/1/2024,HEALTH CENTER,4068,779,1712,7166,,11,-162,1235,50,DISTRICT4,PIECE
ACT-SC,4/1/2025,HEALTH CENTER,4713,,843,3047,2237,0,-649,,30,DISTRICT25,BLISTER
PYRA-SAC,4/1/2024,HEALTH CENTER,605,,167,838,,,406,74,1,DISTRICT32,SACHET
ACT-SC,12/1/2023,HEALTH CENTER,37,2,,6,,,459,,30,DISTRICT25,BLISTER
RDT,7/1/2024,HEALTH CENTER,1149,,,691,,874,-707,,25,DISTRICT30,PIECE
PYRA-SAC,11/1/2025,HEALTH CENTER,1232,2283,392,5157,,0,408,163,1,DISTRICT13,SACHET
ACT-GC,10/1/2025,HEALTH CENTER,,204,63,878,535,,-543,78,30,DISTRICT9,BLISTER
RDT,12/1/2024,HEALTH CENTER,1349,41,474,2243,,22,3,362,25,DISTRICT26,PIECE
QUIN,11/1/2025,HEALTH CENTER,743,,210,,,0,31,139,1000,DISTRICT28,TABLET
QUIN,6/1/2025,HEALTH CENTER,,,324,,,2387,-260,315,1000,DISTRICT18,TABLET
ACT-SC,8/1/2024,HEALTH CENTER,1952,,69,,,559,-694,,30,DISTRICT23,BLISTER
SP,5/1/2025,DISTRICT HOSPITAL,,,159,90,,,-38,58,1000,DISTRICT24,TABLET
RDT,7/1/2024,HEALTH CENTER,925,,440,4079,,285,623,852,25,DISTRICT21,PIECE
PYRA-COMP,9/1/2025,HEALTH CENTER,71,31,72,56,,376,317,14,1,DISTRICT28,TABLET
PYRA-COMP,4/1/2025,HEALTH CENTER,59,,,42,,0,-289,0,1,DISTRICT10,TABLET
QUIN,5/1/2024,HEALTH CENTER,,166,425,3256,,,1,116,1000,DISTRICT10,TABLET
ART-INJ,6/1/2024,HEALTH CENTER,4331,68,,1373,,462,-99,,5,DISTRICT25,VIAL
SP,3/1/2025,HEALTH CENTER,,0,18,163,,8,-357,,1000,DISTRICT33,TABLET
QUIN,12/1/2023,HEALTH CENTER,544,,315,242,,1,-91,299,1000,DISTRICT33,TABLET
QUIN,1/1/2025,HEALTH CENTER,137,292,162,,,381,-196,131,1000,DISTRICT3,TABLET
SP,9/1/2024,HEALTH CENTER,732,0,126,1396,770,,-341,88,1000,DISTRICT8,TABLET
SP,4/1/2025,HEALTH CENTER,131,,,220,,0,644,61,1000,DISTRICT15,TABLET
ACT-SC,2/1/2025,HEALTH CENTER,,,342,1651,510,18,-461,212,30,DISTRICT22,BLISTER
RDT,8/1/2024,HEALTH CENTER,126,,10,30,,,-776,20,25,DISTRICT22,PIECE
ACT-SC,3/1/2025,HEALTH CENTER,,281,,656,,849,326,,30,DISTRICT25,BLISTER
ACT-GC,12/1/2024,HEALTH CENTER,9265,13,1896,6564,1849,,860,1952,30,DISTRICT25,BLISTER
SP,7/1/2025,HEALTH CENTER,171,61,406,337,,5252,438,475,1000,DISTRICT25,TABLET
ACT-INF,2/1/2024,HEALTH CENTER,5141,,,,1641,0,55,,30,DISTRICT29,BLISTER
ACT-GC,6/1/2024,HEALTH CENTER,2172,144,168,855,,964,313,470,30,DISTRICT11,BLISTER
ITN,1/1/2025,HEALTH CENTER,41,,12,27,,0,46,2,50,DISTRICT28,PIECE
ACT-SC,6/1/2025,DISTRICT HOSPITAL,611,64,,,446,3095,612,920,30,DISTRICT27,BLISTER
RDT,9/1/2024,HEALTH CENTER,,1,,30,403,328,922,0,25,DISTRICT28,PIECE
RDT,9/1/2024,HEALTH CENTER,,12,124,,399,,-157,31,25,DISTRICT9,PIECE
SP,12/1/2023,HEALTH CENTER,,1281,284,2238,681,,-329,417,1000,DISTRICT11,TABLET
ACT-INF,9/1/2025,HEALTH CENTER,4969,0,,1822,,,-580,679,30,DISTRICT13,BLISTER
RDT,9/1/2025,HEALTH CENTER,391,1239,387,721,,45,432,510,25,DISTRICT10,PIECE
ACT-INF,11/1/2025,HEALTH CENTER,423,164,80,,,,-143,,30,DISTRICT5,BLISTER
ITN,3/1/2024,HEALTH CENTER,5,13,8,65,,0,-324,1,50,DISTRICT38,PIECE
RDT,7/1/2024,HEALTH CENTER,642,0,289,179,,48,-21,65,25,DISTRICT23,PIECE
ART-INJ,5/1/2025,HEALTH CENTER,2742,,578,,,0,1231,536,5,DISTRICT31,VIAL
ART-INJ,11/1/2025,HEALTH CENTER,1081,0,26,,,5,-690,20,5,DISTRICT20,VIAL
ART-INJ,10/1/2025,HEALTH CENTER,,,22,283,509,26,-157,3,5,DISTRICT7,VIAL
PYRA-COMP,9/1/2025,HEALTH CENTER,1482,141,587,1696,,4494,-280,396,1,DISTRICT2,TABLET
ACT-INF,10/1/2024,HEALTH CENTER,2493,,394,1012,646,,-86,,30,DISTRICT16,BLISTER
QUIN,9/1/2025,HEALTH CENTER,1352,54,,,,819,-933,54,1000,DISTRICT26,TABLET
ACT-AD,6/1/2024,HEALTH CENTER,553,517,294,,,5330,477,,30,DISTRICT3,BLISTER
QUIN,9/1/2025,HEALTH CENTER,,244,689,3194,1388,2,-72,225,1000,DISTRICT12,TABLET
ACT-AD,7/1/2025,HEALTH CENTER,2299,,151,1507,241,27,281,231,30,DISTRICT5,BLISTER
RDT,8/1/2024,HEALTH CENTER,3295,0,299,3317,,0,-84,103,25,DISTRICT23,PIECE
ART-SUP,1/1/2024,HEALTH CENTER,338,411,,631,692,,-522,63,2,DISTRICT13,CAPSULE
ART-INJ,3/1/2025,HEALTH CENTER,191,0,,51,,0,871,55,5,DISTRICT24,VIAL
ACT-GC,10/1/2025,HEALTH CENTER,11,,72,117,,,252,5,30,DISTRICT13,BLISTER
PYRA-SAC,2/1/2024,DISTRICT HOSPITAL,94,,211,1322,,7,743,182,1,DISTRICT20,SACHET
QUIN,11/1/2024,HEALTH CENTER,1025,1,160,298,,179,52,,1000,DISTRICT28,TABLET
QUIN,2/1/2024,HEALTH CENTER,5146,54,708,,,112,-66,607,1000,DISTRICT33,TABLET
ITN,10/1/2025,HEALTH CENTER,8,,2,65,,,577,0,50,DISTRICT16,PIECE
PYRA-COMP,3/1/2024,HEALTH CENTER,,950,,,,3813,-67,424,1,DISTRICT33,TABLET
SP,12/1/2024,HEALTH CENTER,1795,0,,1027,1318,12,-138,584,1000,DISTRICT4,TABLET
ACT-GC,2/1/2024,HEALTH CENTER,,,365,2642,,0,565,,30,DISTRICT33,BLISTER
ACT-AD,1/1/2024,HEALTH CENTER,,549,1060,,,7767,539,2073,30,DISTRICT1,BLISTER
PYRA-COMP,6/1/2024,HEALTH CENTER,2687,0,427,,,1605,-733,,1,DISTRICT14,TABLET
QUIN,6/1/2025,HEALTH CENTER,3623,,610,,,2251,-680,322,1000,DISTRICT15,TABLET
PYRA-COMP,1/1/2025,HEALTH CENTER,1501,1,35,589,423,0,-186,,1,DISTRICT14,TABLET
ITN,9/1/2024,HEALTH CENTER,917,,109,552,,2,926,,50,DISTRICT9,PIECE
QUIN,2/1/2024,HEALTH CENTER,1656,,229,1958,459,39,-12,144,1000,DISTRICT21,TABLET
ART-INJ,4/1/2025,HEALTH CENTER,1260,420,352,2498,,1201,81,,5,DISTRICT28,VIAL
ACT-SC,9/1/2025,HEALTH CENTER,1402,6,714,1018,79,,-50,362,30,DISTRICT28,BLISTER
SP,2/1/2024,HEALTH CENTER,2813,0,,1991,,0,250,63,1000,DISTRICT32,TABLET
PYRA-COMP,1/1/2025,HEALTH CENTER,1365,49,134,945,,0,-238,,1,DISTRICT2,TABLET
ACT-AD,3/1/2024,HEALTH CENTER,858,75,26,217,,164,-648,5,30,DISTRICT30,BLISTER
ACT-GC,9/1/2024,HEALTH CENTER,397,0,,183,569,0,449,29,30,DISTRICT7,BLISTER
ACT-INF,12/1/2024,HEALTH CENTER,3395,0,166,,,33,-692,25,30,DISTRICT14,BLISTER
RDT,1/1/2025,HEALTH CENTER,5254,0,,4024,,,443,,25,DISTRICT33,PIECE
SP,11/1/2025,HEALTH CENTER,,,657,,,,-699,338,1000,DISTRICT3,TABLET
ART-SUP,2/1/2024,DISTRICT HOSPITAL,,1,140,994,,747,93,114,2,DISTRICT10,CAPSULE
QUIN,3/1/2024,HEALTH CENTER,142,0,54,110,,1699,-73,,1000,DISTRICT11,TABLET
ART-INJ,3/1/2025,HEALTH CENTER,1626,1003,204,,,1,-343,253,5,DISTRICT28,VIAL
PYRA-SAC,2/1/2025,REGIONAL HOSPITAL,750,5,97,500,,,-8,3,1,DISTRICT18,SACHET
ACT-SC,8/1/2024,HEALTH CENTER,1047,9,848,2180,122,713,356,,30,DISTRICT16,BLISTER
ACT-SC,1/1/2025,HEALTH CENTER,50,,8,,,18,-835,2,30,DISTRICT32,BLISTER
QUIN,5/1/2024,HEALTH CENTER,1849,0,,185,,1,481,40,1000,DISTRICT31,TABLET
ACT-SC,2/1/2025,HEALTH CENTER,,232,,,,8,293,444,30,DISTRICT29,BLISTER
ART-SUP,12/1/2024,HEALTH CENTER,,,12,30,89,1,-382,4,2,DISTRICT15,CAPSULE
QUIN,6/1/2024,HEALTH CENTER,4194,,,3858,491,,116,1322,1000,DISTRICT26,TABLET
ACT-INF,3/1/2025,HEALTH CENTER,,4,,591,,,-1174,126,30,DISTRICT32,BLISTER
ACT-INF,8/1/2024,HEALTH CENTER,,,218,3243,,0,-600,,30,DISTRICT29,BLISTER
RDT,9/1/2025,HEALTH CENTER,1505,108,1148,1617,943,,-800,895,25,DISTRICT21,PIECE
PYRA-COMP,7/1/2024,HEALTH CENTER,717,0,160,390,,62,14,55,1,DISTRICT24,TABLET
PYRA-COMP,2/1/2025,HEALTH CENTER,2949,1387,1457,2437,742,,-358,987,1,DISTRICT4,TABLET
ACT-GC,9/1/2025,HEALTH CENTER,,,,440,,0,107,11,30,DISTRICT17,BLISTER
ACT-AD,11/1/2025,HEALTH CENTER,,1,,232,,1874,-40,,30,DISTRICT24,BLISTER
ACT-AD,1/1/2025,HEALTH CENTER,2166,,182,,,,-414,249,30,DISTRICT25,BLISTER
ACT-GC,12/1/2024,HEALTH CENTER,25,0,,,100,,19,1,30,DISTRICT7,BLISTER
ACT-SC,8/1/2025,HEALTH CENTER,198,700,,1350,,,-297,404,30,DISTRICT20,BLISTER
RDT,1/1/2025,HEALTH CENTER,2453,1270,311,3409,,1,-275,74,25,DISTRICT36,PIECE
ACT-INF,12/1/2024,HEALTH CENTER,8356,374,1428,7130,,0,253,1058,30,DISTRICT5,BLISTER
ITN,7/1/2024,HEALTH CENTER,150,729,277,308,,289,-497,60,50,DISTRICT23,PIECE
ACT-GC,5/1/2025,HEALTH CENTER,,250,107,,,12,603,101,30,DISTRICT8,BLISTER
ITN,4/1/2025,HEALTH CENTER,5101,344,560,3837,,,555,231,50,DISTRICT31,PIECE
ACT-SC,6/1/2025,HEALTH CENTER,3061,588,,2447,,0,605,1105,30,DISTRICT23,BLISTER
ACT-SC,7/1/2025,HEALTH CENTER,,1,,43,,305,392,5,30,DISTRICT11,BLISTER
ACT-AD,11/1/2024,HEALTH CENTER,,,0,2,,0,-186,,30,DISTRICT4,BLISTER
ITN,6/1/2025,HEALTH CENTER,527,0,,44,,7,102,,50,DISTRICT24,PIECE
ACT-GC,1/1/2024,DISTRICT HOSPITAL,,,20,124,,73,415,,30,DISTRICT24,BLISTER
ACT-GC,10/1/2024,DISTRICT HOSPITAL,,0,209,1957,,70,318,158,30,DISTRICT32,BLISTER
ART-SUP,5/1/2025,HEALTH CENTER,314,0,,267,,846,725,,2,DISTRICT35,CAPSULE
ITN,6/1/2025,HEALTH CENTER,3357,702,1321,3603,793,95,221,521,50,DISTRICT27,PIECE
ACT-AD,4/1/2025,HEALTH CENTER,1446,0,129,60,1461,,-841,,30,DISTRICT3,BLISTER
QUIN,9/1/2024,HEALTH CENTER,,0,6,,,0,265,,1000,DISTRICT17,TABLET
ART-SUP,8/1/2024,HEALTH CENTER,,6,344,,,4042,-149,607,2,DISTRICT23,CAPSULE
QUIN,5/1/2024,HEALTH CENTER,497,0,,1168,299,,314,124,1000,DISTRICT37,TABLET
ACT-AD,5/1/2025,HEALTH CENTER,1475,0,280,711,,91,-474,118,30,DISTRICT38,BLISTER
PYRA-COMP,3/1/2024,HEALTH CENTER,738,2,124,,,,-670,,1,DISTRICT13,TABLET
PYRA-SAC,4/1/2024,HEALTH CENTER,797,0,410,467,522,4412,210,,1,DISTRICT9,SACHET
ACT-AD,1/1/2025,HEALTH CENTER,1157,8,210,753,1470,0,-160,33,30,DISTRICT9,BLISTER
RDT,1/1/2025,HEALTH CENTER,,105,13,130,986,3,-344,,25,DISTRICT16,PIECE
ACT-SC,1/1/2025,HEALTH CENTER,803,4,,94,,0,43,0,30,DISTRICT17,BLISTER
ACT-SC,4/1/2024,HEALTH CENTER,2392,,298,,,1,-357,38,30,DISTRICT33,BLISTER
ACT-SC,3/1/2025,DISTRICT HOSPITAL,780,1146,496,663,,0,179,660,30,DISTRICT38,BLISTER
ACT-AD,12/1/2023,HEALTH CENTER,575,0,,24,,0,53,28,30,DISTRICT26,BLISTER
ITN,2/1/2025,HEALTH CENTER,72,34,66,247,,0,-578,10,50,DISTRICT29,PIECE
ACT-INF,5/1/2024,HEALTH CENTER,4949,0,422,2271,,4,-171,261,30,DISTRICT4,BLISTER
ACT-INF,9/1/2025,HEALTH CENTER,1404,0,107,255,,0,159,27,30,DISTRICT17,BLISTER
ACT-INF,8/1/2025,HEALTH CENTER,977,0,,1013,,2,-241,,30,DISTRICT37,BLISTER
ACT-AD,1/1/2024,HEALTH CENTER,,93,15,1808,2382,1,-312,,30,DISTRICT33,BLISTER
PYRA-SAC,7/1/2025,HEALTH CENTER,385,1,,,,675,-741,131,1,DISTRICT26,SACHET
ACT-INF,3/1/2025,HEALTH CENTER,13,,2,18,,,249,,30,DISTRICT1,BLISTER
RDT,7/1/2024,HEALTH CENTER,,27,,667,,3,9,,25,DISTRICT1,PIECE
ACT-SC,12/1/2024,HEALTH CENTER,666,,663,1790,,95,1001,,30,DISTRICT11,BLISTER
ART-SUP,12/1/2023,HEALTH CENTER,836,,420,358,1045,647,-715,517,2,DISTRICT4,CAPSULE
ITN,6/1/2024,HEALTH CENTER,2209,2,,1179,184,,111,170,50,DISTRICT31,PIECE
ART-INJ,12/1/2023,HEALTH CENTER,534,0,26,15,890,5,-30,,5,DISTRICT31,VIAL
ART-SUP,12/1/2023,REGIONAL HOSPITAL,1300,559,457,1413,1638,5,-2,,2,DISTRICT15,CAPSULE
ACT-GC,8/1/2024,HEALTH CENTER,590,,,,,4316,167,44,30,DISTRICT5,BLISTER
ACT-SC,2/1/2024,HEALTH CENTER,14,59,3,65,,6,-738,0,30,DISTRICT22,BLISTER
ACT-AD,11/1/2024,HEALTH CENTER,1170,5,48,1398,211,0,228,,30,DISTRICT25,BLISTER
SP,5/1/2025,HEALTH CENTER,1283,0,138,10,,331,65,78,1000,DISTRICT27,TABLET
ACT-INF,5/1/2025,HEALTH CENTER,,0,142,30,,,402,52,30,DISTRICT31,BLISTER
ACT-AD,1/1/2024,HEALTH CENTER,3333,,715,,,55,134,641,30,DISTRICT21,BLISTER
RDT,4/1/2024,HEALTH CENTER,1364,,,3354,,99,582,570,25,DISTRICT9,PIECE
ACT-SC,12/1/2023,HEALTH CENTER,1665,,387,1354,,1,-109,192,30,DISTRICT37,BLISTER
QUIN,8/1/2025,HEALTH CENTER,,0,96,219,206,0,-615,17,1000,DISTRICT30,TABLET
QUIN,9/1/2025,DISTRICT HOSPITAL,187,,69,294,429,0,-190,,1000,DISTRICT10,TABLET
PYRA-SAC,5/1/2024,HEALTH CENTER,2919,,,4934,,0,-197,257,1,DISTRICT35,SACHET
ART-INJ,7/1/2024,HEALTH CENTER,367,25,28,444,,0,42,4,5,DISTRICT38,VIAL
PYRA-COMP,7/1/2024,HEALTH CENTER,,159,,,,18,361,48,1,DISTRICT32,TABLET
QUIN,7/1/2025,HEALTH CENTER,562,,264,2194,662,3,-212,133,1000,DISTRICT9,TABLET
RDT,4/1/2024,HEALTH CENTER,45,0,1,20,,40,7,,25,DISTRICT16,PIECE
PYRA-SAC,11/1/2025,HEALTH CENTER,502,119,35,1452,,682,149,149,1,DISTRICT36,SACHET
ACT-INF,10/1/2025,HEALTH CENTER,,26,,1744,876,442,-397,90,30,DISTRICT32,BLISTER
RDT,8/1/2024,HEALTH CENTER,,5,1271,4273,,147,25,,25,DISTRICT4,PIECE
ACT-INF,11/1/2025,HEALTH CENTER,2873,0,529,651,,2363,-206,714,30,DISTRICT36,BLISTER
ACT-GC,1/1/2024,HEALTH CENTER,4587,0,428,2314,,,184,560,30,DISTRICT8,BLISTER
ACT-SC,3/1/2024,HEALTH CENTER,,1,198,187,,0,242,,30,DISTRICT28,BLISTER
PYRA-SAC,10/1/2025,HEALTH CENTER,949,163,157,1208,,0,-354,15,1,DISTRICT7,SACHET
ACT-SC,6/1/2024,HEALTH CENTER,40,,33,,1143,38,89,,30,DISTRICT33,BLISTER
ACT-AD,10/1/2025,REGIONAL HOSPITAL,156,0,27,,,24,-84,0,30,DISTRICT32,BLISTER
ART-SUP,12/1/2023,DISTRICT HOSPITAL,541,99,72,,,211,-209,,2,DISTRICT24,CAPSULE
PYRA-COMP,6/1/2024,HEALTH CENTER,538,171,61,,,1603,-382,31,1,DISTRICT26,TABLET
SP,12/1/2023,HEALTH CENTER,1454,9,579,,235,4,244,241,1000,DISTRICT22,TABLET
RDT,12/1/2023,HEALTH CENTER,,54,484,357,,9938,147,321,25,DISTRICT26,PIECE
ITN,11/1/2025,HEALTH CENTER,1969,,567,,526,0,-535,,50,DISTRICT38,PIECE
QUIN,9/1/2024,HEALTH CENTER,2920,23,647,2450,,37,284,499,1000,DISTRICT29,TABLET
PYRA-SAC,5/1/2024,HEALTH CENTER,,0,,732,,,143,71,1,DISTRICT8,SACHET
PYRA-COMP,11/1/2025,HEALTH CENTER,720,622,114,,,0,-163,85,1,DISTRICT8,TABLET
ACT-GC,12/1/2023,HEALTH CENTER,636,1,15,1650,,0,-65,14,30,DISTRICT18,BLISTER
ACT-INF,11/1/2025,HEALTH CENTER,761,0,18,747,,31,381,10,30,DISTRICT19,BLISTER
ART-INJ,5/1/2025,HEALTH CENTER,327,529,74,854,574,0,130,56,5,DISTRICT13,VIAL
RDT,3/1/2025,HEALTH CENTER,81,0,,89,,0,-952,0,25,DISTRICT31,PIECE
ACT-SC,11/1/2025,HEALTH CENTER,1071,0,,318,1287,1245,425,,30,DISTRICT28,BLISTER
PYRA-SAC,8/1/2025,HEALTH CENTER,67,550,117,,,112,-487,,1,DISTRICT20,SACHET
PYRA-COMP,12/1/2023,HEALTH CENTER,157,,417,,1995,982,-28,,1,DISTRICT28,TABLET
PYRA-SAC,1/1/2024,HEALTH CENTER,1088,0,,671,,1427,-151,659,1,DISTRICT21,SACHET
ITN,7/1/2025,HEALTH CENTER,113,51,168,202,,,181,51,50,DISTRICT33,PIECE
PYRA-SAC,4/1/2025,HEALTH CENTER,533,0,77,63,,1486,375,193,1,DISTRICT25,SACHET
ACT-SC,7/1/2024,DISTRICT HOSPITAL,2408,0,243,,,0,-188,51,30,DISTRICT28,BLISTER
SP,9/1/2024,HEALTH CENTER,170,1,39,,,,-218,,1000,DISTRICT25,TABLET
ART-INJ,1/1/2025,HEALTH CENTER,2876,370,820,4567,,,328,,5,DISTRICT8,VIAL
ART-SUP,5/1/2025,HEALTH CENTER,29,0,,9,,12547,845,227,2,DISTRICT32,CAPSULE
ART-INJ,10/1/2025,HEALTH CENTER,1567,485,,1079,,156,-377,263,5,DISTRICT36,VIAL
PYRA-SAC,10/1/2025,HEALTH CENTER,,18,256,,733,193,-614,136,1,DISTRICT21,SACHET
ACT-AD,6/1/2024,HEALTH CENTER,3168,,,1245,,1785,603,,30,DISTRICT35,BLISTER
ART-INJ,9/1/2025,HEALTH CENTER,152,0,,88,,6294,282,57,5,DISTRICT9,VIAL
SP,10/1/2025,HEALTH CENTER,254,0,336,514,1197,0,-50,227,1000,DISTRICT23,TABLET
SP,6/1/2024,HEALTH CENTER,188,29,,24,209,0,-203,,1000,DISTRICT38,TABLET
ACT-SC,9/1/2025,HEALTH CENTER,,0,78,,,0,-293,252,30,DISTRICT35,BLISTER
QUIN,4/1/2025,HEALTH CENTER,3224,0,43,,,4,-164,9,1000,DISTRICT33,TABLET
SP,9/1/2024,HEALTH CENTER,45,1715,264,,1509,364,408,,1000,DISTRICT15,TABLET
SP,12/1/2024,DISTRICT HOSPITAL,,,369,,,,273,,1000,DISTRICT32,TABLET
RDT,9/1/2024,HEALTH CENTER,2326,27,503,,668,3,465,,25,DISTRICT24,PIECE
ACT-AD,2/1/2024,HEALTH CENTER,2194,6,552,,,1760,-557,1122,30,DISTRICT36,BLISTER
ART-INJ,3/1/2024,HEALTH CENTER,,,202,287,,0,734,37,5,DISTRICT21,VIAL
ART-SUP,8/1/2025,HEALTH CENTER,,360,50,807,,0,822,,2,DISTRICT8,CAPSULE
ART-INJ,10/1/2024,HEALTH CENTER,381,,50,,,0,160,121,5,DISTRICT17,VIAL
ART-SUP,10/1/2024,HEALTH CENTER,,1,6,5,,,-55,0,2,DISTRICT31,CAPSULE
PYRA-SAC,10/1/2024,HEALTH CENTER,17,10,10,9,,286,224,,1,DISTRICT37,SACHET
ACT-INF,2/1/2024,HEALTH CENTER,80,2,46,215,,22,-412,13,30,DISTRICT18,BLISTER
RDT,3/1/2025,DISTRICT HOSPITAL,2752,0,,2175,,2764,297,1009,25,DISTRICT26,PIECE
ACT-SC,7/1/2024,HEALTH CENTER,631,,64,27,,0,888,28,30,DISTRICT8,BLISTER
QUIN,8/1/2025,HEALTH CENTER,,,162,220,348,,3,40,1000,DISTRICT21,TABLET
QUIN,3/1/2024,HEALTH CENTER,,93,13,745,,0,-868,67,1000,DISTRICT9,TABLET
ACT-AD,3/1/2025,HEALTH CENTER,1658,9,,1066,,1157,908,34,30,DISTRICT31,BLISTER
ITN,4/1/2025,HEALTH CENTER,,0,8,,,72,-34,,50,DISTRICT32,PIECE
RDT,4/1/2025,HEALTH CENTER,780,,201,,,391,-245,55,25,DISTRICT31,PIECE
ACT-GC,7/1/2025,DISTRICT HOSPITAL,2167,1680,611,,,3823,-3,217,30,DISTRICT17,BLISTER
PYRA-COMP,11/1/2025,HEALTH CENTER,1710,28,622,3938,,1,958,,1,DISTRICT25,TABLET
PYRA-COMP,1/1/2025,HEALTH CENTER,,1,1679,1811,,7148,608,1213,1,DISTRICT2,TABLET
PYRA-COMP,8/1/2025,HEALTH CENTER,,771,332,,,,-172,521,1,DISTRICT38,TABLET
QUIN,4/1/2024,HEALTH CENTER,1383,524,180,992,,0,61,47,1000,DISTRICT2,TABLET
PYRA-SAC,3/1/2024,HEALTH CENTER,,18,,54,,0,-17,1,1,DISTRICT10,SACHET
ACT-SC,10/1/2024,HEALTH CENTER,620,,364,185,,198,357,,30,DISTRICT19,BLISTER
ACT-GC,9/1/2024,HEALTH CENTER,,254,,548,,,161,339,30,DISTRICT20,BLISTER
ACT-INF,2/1/2025,HEALTH CENTER,273,244,195,230,,5,311,,30,DISTRICT33,BLISTER
QUIN,7/1/2025,HEALTH CENTER,3095,0,331,402,,0,142,,1000,DISTRICT36,TABLET
SP,3/1/2024,HEALTH CENTER,1770,,392,1700,403,1074,-68,,1000,DISTRICT1,TABLET
ACT-AD,6/1/2024,HEALTH CENTER,2947,,606,2353,343,203,336,,30,DISTRICT2,BLISTER
QUIN,7/1/2024,HEALTH CENTER,208,0,,83,,7,-522,,1000,DISTRICT17,TABLET
ART-INJ,1/1/2024,HEALTH CENTER,1188,0,,,690,93,123,20,5,DISTRICT31,VIAL
ITN,1/1/2025,REGIONAL HOSPITAL,,19,86,8,,,415,98,50,DISTRICT31,PIECE
PYRA-SAC,6/1/2025,HEALTH CENTER,189,,,,,1,-284,,1,DISTRICT26,SACHET
ITN,1/1/2025,HEALTH CENTER,318,,94,423,,6676,-434,,50,DISTRICT28,PIECE
QUIN,3/1/2025,HEALTH CENTER,6,,,33,,16,-537,60,1000,DISTRICT33,TABLET
PYRA-SAC,9/1/2024,HEALTH CENTER,1,0,100,2,,2301,5,161,1,DISTRICT35,SACHET
ART-SUP,12/1/2023,HEALTH CENTER,,3,58,217,,21,-278,61,2,DISTRICT9,CAPSULE
ART-INJ,6/1/2024,HEALTH CENTER,2465,16,400,2649,,29,-240,291,5,DISTRICT27,VIAL
RDT,7/1/2025,HEALTH CENTER,,78,111,243,738,,339,12,25,DISTRICT35,PIECE
ACT-SC,2/1/2025,HEALTH CENTER,1073,163,,1453,,24,-236,,30,DISTRICT14,BLISTER
RDT,8/1/2024,HEALTH CENTER,868,40,437,109,1690,,-486,110,25,DISTRICT32,PIECE
QUIN,11/1/2025,HEALTH CENTER,1687,,,,412,54,-103,,1000,DISTRICT9,TABLET
ITN,6/1/2025,HEALTH CENTER,351,,237,512,,,336,365,50,DISTRICT9,PIECE
PYRA-SAC,6/1/2024,HEALTH CENTER,1235,239,60,665,,0,-391,56,1,DISTRICT30,SACHET
ART-INJ,6/1/2024,HEALTH CENTER,2854,78,,,,39,-1043,1175,5,DISTRICT1,VIAL
ACT-GC,3/1/2025,HEALTH CENTER,6,,,24,,,-650,,30,DISTRICT29,BLISTER
ART-SUP,9/1/2025,HEALTH CENTER,2661,116,983,3010,,280,-170,591,2,DISTRICT28,CAPSULE
SP,1/1/2025,HEALTH CENTER,302,1146,304,1365,,5,19,256,1000,DISTRICT31,TABLET
ACT-INF,6/1/2024,HEALTH CENTER,,0,22,,655,3059,-90,7,30,DISTRICT15,BLISTER
ART-INJ,11/1/2024,HEALTH CENTER,251,1,89,586,,1,441,136,5,DISTRICT23,VIAL
ACT-GC,3/1/2025,HEALTH CENTER,,56,1516,,,1251,-343,1271,30,DISTRICT11,BLISTER
ART-SUP,4/1/2024,HEALTH CENTER,,214,,51,,644,18,,2,DISTRICT33,CAPSULE
ART-INJ,12/1/2023,HEALTH CENTER,5050,,1994,3452,1248,3389,-272,,5,DISTRICT33,VIAL
ACT-AD,2/1/2024,HEALTH CENTER,2066,637,723,3269,967,0,334,502,30,DISTRICT33,BLISTER
SP,11/1/2024,HEALTH CENTER,63,103,,,,21,140,,1000,DISTRICT3,TABLET
RDT,9/1/2025,HEALTH CENTER,1304,1,101,195,,30,619,189,25,DISTRICT23,PIECE
SP,11/1/2024,HEALTH CENTER,816,0,,99,,0,-232,,1000,DISTRICT15,TABLET
ACT-SC,12/1/2024,HEALTH CENTER,,,,4056,767,812,-7,546,30,DISTRICT10,BLISTER
ART-INJ,9/1/2025,HEALTH CENTER,895,14,486,,894,3509,-70,399,5,DISTRICT25,VIAL
ACT-GC,1/1/2024,HEALTH CENTER,,,0,11,,0,-58,0,30,DISTRICT9,BLISTER
ACT-INF,1/1/2025,HEALTH CENTER,,32,133,376,408,,288,,30,DISTRICT14,BLISTER
SP,9/1/2024,NATIONAL HOSPITAL,387,44,310,413,,129,-927,203,1000,DISTRICT36,TABLET
PYRA-SAC,4/1/2025,HEALTH CENTER,206,1,,184,672,5,-322,,1,DISTRICT35,SACHET
RDT,5/1/2025,HEALTH CENTER,1547,332,381,,,19,-91,,25,DISTRICT29,PIECE
ACT-SC,2/1/2025,HEALTH CENTER,,,,571,,19,579,193,30,DISTRICT20,BLISTER
PYRA-SAC,8/1/2024,HEALTH CENTER,,,167,564,,1,458,94,1,DISTRICT23,SACHET
ACT-GC,1/1/2025,HEALTH CENTER,577,496,547,1546,,0,464,490,30,DISTRICT25,BLISTER
PYRA-COMP,10/1/2025,HEALTH CENTER,756,556,,725,,,-815,134,1,DISTRICT37,TABLET
ACT-SC,8/1/2024,HEALTH CENTER,,502,,1238,,9,-367,234,30,DISTRICT26,BLISTER
ITN,5/1/2024,HEALTH CENTER,2873,153,2019,,,22361,998,,50,DISTRICT31,PIECE
ACT-GC,3/1/2025,HEALTH CENTER,433,,87,162,1064,0,551,,30,DISTRICT25,BLISTER
PYRA-SAC,7/1/2025,HEALTH CENTER,,1,127,,,,350,,1,DISTRICT22,SACHET
ITN,9/1/2024,HEALTH CENTER,193,1,55,91,,2149,-472,19,50,DISTRICT25,PIECE
QUIN,4/1/2025,HEALTH CENTER,1249,,348,689,283,,-113,69,1000,DISTRICT16,TABLET
ACT-INF,12/1/2023,HEALTH CENTER,,22,149,55,,2590,354,34,30,DISTRICT3,BLISTER
ACT-AD,10/1/2025,HEALTH CENTER,,267,479,1474,,,-197,,30,DISTRICT24,BLISTER
PYRA-SAC,10/1/2024,HEALTH CENTER,,0,50,178,,32,34,6,1,DISTRICT31,SACHET
RDT,5/1/2025,HEALTH CENTER,64,0,132,523,612,176,-168,108,25,DISTRICT31,PIECE
ACT-GC,8/1/2025,HEALTH CENTER,,,170,1929,,6,386,,30,DISTRICT33,BLISTER
ART-SUP,10/1/2025,DISTRICT HOSPITAL,,0,55,27,,416,-25,146,2,DISTRICT20,CAPSULE
ITN,2/1/2024,HEALTH CENTER,1161,29,,,,377,-88,,50,DISTRICT14,PIECE
SP,2/1/2024,HEALTH CENTER,229,3,34,,880,1633,-395,29,1000,DISTRICT14,TABLET
ACT-INF,4/1/2024,HEALTH CENTER,23,0,4,9,244,4,300,1,30,DISTRICT32,BLISTER
ART-SUP,11/1/2025,HEALTH CENTER,,1085,,1364,,2026,533,21,2,DISTRICT10,CAPSULE
ART-SUP,8/1/2025,HEALTH CENTER,1324,1,159,683,333,,430,84,2,DISTRICT1,CAPSULE
ACT-INF,6/1/2024,HEALTH CENTER,1558,9,130,,654,29,532,,30,DISTRICT31,BLISTER
ACT-AD,6/1/2024,HEALTH CENTER,,,46,613,,285,367,5,30,DISTRICT19,BLISTER
PYRA-SAC,9/1/2024,HEALTH CENTER,641,26,44,,,,-558,42,1,DISTRICT15,SACHET
ART-SUP,10/1/2024,HEALTH CENTER,,7,15,,,0,319,,2,DISTRICT33,CAPSULE
ACT-AD,11/1/2024,HEALTH CENTER,29,0,53,50,,37,909,24,30,DISTRICT33,BLISTER
ACT-SC,9/1/2024,HEALTH CENTER,1282,31,479,,,0,384,,30,DISTRICT8,BLISTER
ART-SUP,8/1/2024,HEALTH CENTER,,891,1709,,,13557,-179,,2,DISTRICT28,CAPSULE
ACT-AD,5/1/2025,HEALTH CENTER,2172,,360,2622,,433,-288,749,30,DISTRICT10,BLISTER
ART-INJ,1/1/2024,HEALTH CENTER,,,,828,,,-128,,5,DISTRICT13,VIAL
ACT-INF,5/1/2024,HEALTH CENTER,864,28,228,1197,,56,-149,,30,DISTRICT31,BLISTER
ACT-GC,7/1/2024,HEALTH CENTER,,,354,256,406,1474,-147,,30,DISTRICT13,BLISTER
SP,1/1/2025,HEALTH CENTER,285,18,15,,786,0,25,2,1000,DISTRICT24,TABLET
ACT-GC,8/1/2025,HEALTH CENTER,1483,,401,1734,352,139,365,540,30,DISTRICT21,BLISTER
ITN,4/1/2025,DISTRICT HOSPITAL,,36,,2983,,0,-715,542,50,DISTRICT13,PIECE
ACT-INF,6/1/2024,HEALTH CENTER,1890,,535,,,102,241,715,30,DISTRICT1,BLISTER
ACT-AD,3/1/2025,HEALTH CENTER,,184,,1830,,0,217,,30,DISTRICT31,BLISTER
RDT,1/1/2024,HEALTH CENTER,,0,,,,3451,32,,25,DISTRICT3,PIECE
ACT-INF,3/1/2025,HEALTH CENTER,,155,293,789,,2127,-162,,30,DISTRICT9,BLISTER
QUIN,3/1/2024,HEALTH CENTER,,,120,2191,,0,483,47,1000,DISTRICT1,TABLET
ART-INJ,8/1/2025,HEALTH CENTER,125,,,175,,0,68,,5,DISTRICT9,VIAL
ART-INJ,1/1/2024,HEALTH CENTER,31,,6,7,1525,131,-463,0,5,DISTRICT33,VIAL
SP,5/1/2025,DISTRICT HOSPITAL,1722,12,,353,,38,-205,315,1000,DISTRICT24,TABLET
PYRA-SAC,10/1/2024,HEALTH CENTER,,2,180,369,,8,643,,1,DISTRICT32,SACHET
ACT-INF,3/1/2025,HEALTH CENTER,433,333,352,827,,1454,-47,246,30,DISTRICT2,BLISTER
ACT-INF,3/1/2025,HEALTH CENTER,832,,432,1836,,287,102,425,30,DISTRICT32,BLISTER
ACT-AD,5/1/2025,HEALTH CENTER,59,26,11,,,3793,-187,10,30,DISTRICT28,BLISTER
PYRA-SAC,3/1/2025,HEALTH CENTER,324,1477,108,246,,16439,-76,,1,DISTRICT6,SACHET
RDT,4/1/2024,HEALTH CENTER,42,11,1,35,,0,364,0,25,DISTRICT10,PIECE
SP,4/1/2024,HEALTH CENTER,,332,,,,957,-247,221,1000,DISTRICT4,TABLET
ART-SUP,6/1/2024,HEALTH CENTER,,,155,1026,473,1,-379,,2,DISTRICT9,CAPSULE
ACT-GC,6/1/2025,HEALTH CENTER,525,0,,,,,44,33,30,DISTRICT10,BLISTER
ACT-SC,6/1/2024,HEALTH CENTER,5161,,1457,5221,,606,-1066,2108,30,DISTRICT16,BLISTER
ITN,6/1/2025,HEALTH CENTER,1932,,,1129,,,-245,305,50,DISTRICT28,PIECE
ACT-GC,3/1/2024,HEALTH CENTER,1509,270,268,,,745,6,202,30,DISTRICT21,BLISTER
PYRA-COMP,7/1/2025,HEALTH CENTER,4209,403,794,,,,-168,,1,DISTRICT10,TABLET
RDT,4/1/2025,HEALTH CENTER,,1081,201,733,,0,-749,,25,DISTRICT19,PIECE
ACT-GC,11/1/2024,HEALTH CENTER,66,,,,,,-519,8,30,DISTRICT15,BLISTER
ACT-SC,10/1/2024,HEALTH CENTER,463,168,,158,,366,194,,30,DISTRICT18,BLISTER
PYRA-COMP,7/1/2024,HEALTH CENTER,917,,436,1207,,61,91,150,1,DISTRICT20,TABLET
ITN,7/1/2024,HEALTH CENTER,139,67,27,27,,,5,17,50,DISTRICT29,PIECE
SP,12/1/2023,HEALTH CENTER,319,0,,72,,382,452,165,1000,DISTRICT1,TABLET
QUIN,7/1/2024,HEALTH CENTER,1,0,,144,,4,1035,2,1000,DISTRICT38,TABLET
QUIN,11/1/2025,HEALTH CENTER,2509,699,,1239,,980,-334,,1000,DISTRICT28,TABLET
ACT-SC,8/1/2024,HEALTH CENTER,1914,1165,668,1558,,,105,,30,DISTRICT3,BLISTER
PYRA-SAC,5/1/2024,HEALTH CENTER,,87,138,,1118,1,-137,,1,DISTRICT32,SACHET
ACT-INF,7/1/2025,HEALTH CENTER,293,1,64,378,,0,63,23,30,DISTRICT38,BLISTER
ACT-GC,10/1/2025,HEALTH CENTER,1903,0,,774,,245,68,247,30,DISTRICT29,BLISTER
ACT-INF,10/1/2024,HEALTH CENTER,201,1,2,93,,0,-203,,30,DISTRICT20,BLISTER
QUIN,3/1/2025,HEALTH CENTER,43,0,,144,,3,-456,,1000,DISTRICT9,TABLET
ACT-GC,12/1/2023,HEALTH CENTER,,,229,3630,,0,365,134,30,DISTRICT24,BLISTER
PYRA-COMP,6/1/2024,HEALTH CENTER,,825,1,102,,245,382,4,1,DISTRICT25,TABLET
SP,2/1/2025,HEALTH CENTER,2924,9,332,,,,-103,367,1000,DISTRICT36,TABLET
ACT-INF,1/1/2024,HEALTH CENTER,,,289,422,,2350,-406,,30,DISTRICT1,BLISTER
QUIN,4/1/2025,HEALTH CENTER,1939,0,,350,,954,236,160,1000,DISTRICT1,TABLET
ART-SUP,1/1/2024,HEALTH CENTER,5845,,587,3613,,93,-639,,2,DISTRICT1,CAPSULE
ACT-AD,1/1/2024,HEALTH CENTER,1127,2,100,846,515,,119,,30,DISTRICT29,BLISTER
ART-INJ,2/1/2024,HEALTH CENTER,32,2,,32,,5,242,15,5,DISTRICT28,VIAL
ART-INJ,3/1/2025,HEALTH CENTER,35,,,98,,,740,10,5,DISTRICT13,VIAL
ACT-GC,11/1/2025,HEALTH CENTER,140,0,117,35,,,-172,,30,DISTRICT26,BLISTER
ACT-SC,11/1/2025,HEALTH CENTER,1,,,,,0,94,1,30,DISTRICT11,BLISTER
ACT-AD,10/1/2025,HEALTH CENTER,1572,312,867,,,,-508,,30,DISTRICT2,BLISTER
PYRA-COMP,12/1/2023,HEALTH CENTER,1347,,,743,,0,-909,15,1,DISTRICT7,TABLET
ACT-SC,12/1/2023,HEALTH CENTER,,0,59,,,343,-430,45,30,DISTRICT29,BLISTER
ACT-GC,1/1/2024,HEALTH CENTER,,,1062,,,1,-133,,30,DISTRICT25,BLISTER
ART-INJ,6/1/2024,HEALTH CENTER,,0,,264,555,,-285,342,5,DISTRICT7,VIAL
RDT,9/1/2024,HEALTH CENTER,4,1494,26,139,,0,535,,25,DISTRICT32,PIECE
ART-SUP,3/1/2024,HEALTH CENTER,,45,148,522,,,32,96,2,DISTRICT36,CAPSULE
ACT-GC,9/1/2024,HEALTH CENTER,2856,0,484,1118,,268,29,,30,DISTRICT14,BLISTER
RDT,5/1/2025,HEALTH CENTER,783,944,174,,,243,-486,,25,DISTRICT3,PIECE
SP,3/1/2024,HEALTH CENTER,30,,4,,,694,361,6,1000,DISTRICT31,TABLET
PYRA-COMP,12/1/2024,HEALTH CENTER,301,,238,1348,,0,541,,1,DISTRICT25,TABLET
ACT-AD,4/1/2024,HEALTH CENTER,75,98,,,,0,-217,,30,DISTRICT21,BLISTER
SP,3/1/2024,HEALTH CENTER,25,88,,292,,118,821,26,1000,DISTRICT36,TABLET
ACT-AD,10/1/2025,HEALTH CENTER,,,216,,954,528,-55,54,30,DISTRICT29,BLISTER
RDT,6/1/2024,HEALTH CENTER,21,,8,119,666,23,76,0,25,DISTRICT3,PIECE
SP,4/1/2025,HEALTH CENTER,,,207,,445,,354,180,1000,DISTRICT12,TABLET
ACT-SC,2/1/2025,HEALTH CENTER,22,0,2,9,,0,-226,,30,DISTRICT8,BLISTER
RDT,11/1/2024,HEALTH CENTER,63,51,90,16,,3970,57,66,25,DISTRICT19,PIECE
SP,9/1/2025,HEALTH CENTER,666,102,965,,784,4,-389,,1000,DISTRICT32,TABLET
ART-SUP,3/1/2025,HEALTH CENTER,,93,,259,,4,496,131,2,DISTRICT11,CAPSULE
ACT-SC,1/1/2024,HEALTH CENTER,2343,0,254,1161,,2,416,,30,DISTRICT33,BLISTER
ACT-INF,1/1/2024,HEALTH CENTER,3825,,626,3121,,17,-385,952,30,DISTRICT32,BLISTER
ACT-GC,1/1/2024,DISTRICT HOSPITAL,3727,,469,,524,,-292,646,30,DISTRICT31,BLISTER
QUIN,9/1/2025,HEALTH CENTER,32,0,,69,,0,-8,6,1000,DISTRICT19,TABLET
PYRA-COMP,9/1/2024,HEALTH CENTER,3867,2026,727,7457,,3645,345,,1,DISTRICT16,TABLET
ART-INJ,12/1/2024,HEALTH CENTER,433,,261,,262,44,-345,132,5,DISTRICT29,VIAL
SP,12/1/2024,HEALTH CENTER,,,194,756,,6,491,136,1000,DISTRICT10,TABLET
ITN,9/1/2024,HEALTH CENTER,,87,,415,,45,-6,,50,DISTRICT24,PIECE
SP,9/1/2024,HEALTH CENTER,620,123,43,,,0,-85,,1000,DISTRICT20,TABLET
ACT-INF,7/1/2025,DISTRICT HOSPITAL,,1,484,802,799,167,554,641,30,DISTRICT10,BLISTER
ACT-AD,6/1/2025,HEALTH CENTER,421,14,,53,1154,17141,530,149,30,DISTRICT32,BLISTER
SP,10/1/2025,HEALTH CENTER,393,19,,,,0,162,,1000,DISTRICT9,TABLET
RDT,9/1/2024,DISTRICT HOSPITAL,461,30,149,565,,474,-17,116,25,DISTRICT13,PIECE
PYRA-COMP,10/1/2024,HEALTH CENTER,734,74,,612,,0,-307,42,1,DISTRICT31,TABLET
ART-SUP,12/1/2024,HEALTH CENTER,,219,364,,725,0,-121,149,2,DISTRICT33,CAPSULE
ART-INJ,8/1/2025,HEALTH CENTER,2431,0,559,642,,205,448,403,5,DISTRICT16,VIAL
RDT,10/1/2024,HEALTH CENTER,2129,56,910,5467,,289,-732,,25,DISTRICT14,PIECE
PYRA-COMP,7/1/2024,HEALTH CENTER,75,55,13,19,,1039,205,2,1,DISTRICT32,TABLET
ART-SUP,6/1/2025,HEALTH CENTER,909,,11,192,225,0,-227,,2,DISTRICT24,CAPSULE
SP,2/1/2025,HEALTH CENTER,13,7,97,237,,,-121,21,1000,DISTRICT4,TABLET
SP,9/1/2024,HEALTH CENTER,385,5,260,380,,253,630,231,1000,DISTRICT33,TABLET
ITN,1/1/2024,HEALTH CENTER,2416,11,,,,0,-519,,50,DISTRICT10,PIECE
ART-SUP,7/1/2024,HEALTH CENTER,,0,,2,,10758,141,52,2,DISTRICT14,CAPSULE
RDT,7/1/2024,HEALTH CENTER,745,420,532,377,,1639,30,565,25,DISTRICT37,PIECE
QUIN,1/1/2025,HEALTH CENTER,,124,389,1762,559,,102,214,1000,DISTRICT33,TABLET
PYRA-COMP,2/1/2024,HEALTH CENTER,,299,,189,,4570,98,227,1,DISTRICT22,TABLET
ACT-INF,10/1/2024,HEALTH CENTER,426,,,342,514,,-326,,30,DISTRICT20,BLISTER
SP,12/1/2023,HEALTH CENTER,454,,82,296,350,2,213,,1000,DISTRICT20,TABLET
ART-INJ,9/1/2025,HEALTH CENTER,1786,,,,,1101,-721,,5,DISTRICT22,VIAL
ACT-GC,10/1/2025,HEALTH CENTER,956,28,292,1132,,0,-212,377,30,DISTRICT37,BLISTER
ART-SUP,12/1/2023,HEALTH CENTER,321,0,82,497,1117,788,275,89,2,DISTRICT36,CAPSULE
ITN,6/1/2025,HEALTH CENTER,,,400,1490,,7,-369,473,50,DISTRICT20,PIECE
ART-INJ,12/1/2024,HEALTH CENTER,420,,199,1307,,0,924,79,5,DISTRICT26,VIAL
RDT,12/1/2024,DISTRICT HOSPITAL,,320,,4302,,1664,300,684,25,DISTRICT10,PIECE
ART-INJ,5/1/2024,HEALTH CENTER,2001,,280,,,,-575,,5,DISTRICT31,VIAL
QUIN,2/1/2024,HEALTH CENTER,50,37,41,188,,1670,642,12,1000,DISTRICT20,TABLET
ART-SUP,6/1/2025,HEALTH CENTER,354,2,317,,,40,-640,282,2,DISTRICT36,CAPSULE
ART-SUP,9/1/2024,HEALTH CENTER,962,785,442,,,137,207,,2,DISTRICT2,CAPSULE
RDT,5/1/2024,HEALTH CENTER,1211,1,,506,,504,-590,116,25,DISTRICT25,PIECE
ACT-AD,1/1/2025,HEALTH CENTER,1064,158,242,1729,1443,161,-101,,30,DISTRICT19,BLISTER
SP,12/1/2024,HEALTH CENTER,362,0,248,1859,,5,1211,251,1000,DISTRICT31,TABLET
PYRA-COMP,1/1/2025,DISTRICT HOSPITAL,7,174,5,,,0,-175,1,1,DISTRICT36,TABLET
QUIN,10/1/2025,HEALTH CENTER,5249,48,1455,2427,,1825,-213,,1000,DISTRICT13,TABLET
ART-SUP,3/1/2025,HEALTH CENTER,2371,205,728,,,244,-362,,2,DISTRICT26,CAPSULE
QUIN,12/1/2023,HEALTH CENTER,602,11,,,,129,215,30,1000,DISTRICT13,TABLET
ART-INJ,5/1/2025,HEALTH CENTER,,27,205,312,510,0,-546,93,5,DISTRICT36,VIAL
ART-SUP,12/1/2024,HEALTH CENTER,2956,750,1002,2848,,,459,,2,DISTRICT13,CAPSULE
ART-INJ,2/1/2025,HEALTH CENTER,1461,,,,963,66,-553,222,5,DISTRICT31,VIAL
ACT-SC,9/1/2024,HEALTH CENTER,218,,74,189,,,1058,16,30,DISTRICT3,BLISTER
QUIN,12/1/2023,HEALTH CENTER,226,,,427,,3822,-390,,1000,DISTRICT33,TABLET
ACT-SC,12/1/2024,HEALTH CENTER,,,120,2597,,0,-674,100,30,DISTRICT5,BLISTER
ACT-INF,7/1/2024,HEALTH CENTER,276,,414,274,,0,-227,498,30,DISTRICT26,BLISTER
ITN,3/1/2025,HEALTH CENTER,3745,0,130,2022,,51,199,,50,DISTRICT9,PIECE
ACT-AD,2/1/2025,HEALTH CENTER,690,0,87,342,,0,669,6,30,DISTRICT9,BLISTER
PYRA-SAC,4/1/2025,HEALTH CENTER,,206,,,,,313,818,1,DISTRICT36,SACHET
ACT-GC,6/1/2024,HEALTH CENTER,181,0,38,448,,489,183,16,30,DISTRICT13,BLISTER
ITN,2/1/2024,HEALTH CENTER,,,278,1153,,275,-186,126,50,DISTRICT36,PIECE
ACT-INF,6/1/2025,HEALTH CENTER,,77,830,2088,854,9258,460,,30,DISTRICT3,BLISTER
PYRA-COMP,2/1/2024,HEALTH CENTER,,20,91,176,312,0,-400,95,1,DISTRICT28,TABLET
QUIN,12/1/2023,HEALTH CENTER,,0,174,697,,28,65,191,1000,DISTRICT16,TABLET
ART-SUP,8/1/2025,HEALTH CENTER,551,0,,773,,,-172,,2,DISTRICT22,CAPSULE
ART-INJ,10/1/2025,HEALTH CENTER,72,,14,115,,5,-205,13,5,DISTRICT37,VIAL
ACT-SC,11/1/2024,HEALTH CENTER,,,32,9,,80,145,,30,DISTRICT28,BLISTER
SP,6/1/2024,DISTRICT HOSPITAL,11,17,,,,,758,0,1000,DISTRICT24,TABLET
SP,11/1/2024,HEALTH CENTER,2654,1074,590,3377,,1,-571,,1000,DISTRICT30,TABLET
PYRA-SAC,1/1/2024,HEALTH CENTER,,4,19,28,480,,-34,4,1,DISTRICT20,SACHET
ACT-INF,9/1/2024,HEALTH CENTER,1,7,,19,,1,-229,4,30,DISTRICT20,BLISTER
ACT-SC,9/1/2025,HEALTH CENTER,377,404,,1153,1223,,-413,,30,DISTRICT30,BLISTER
ACT-SC,12/1/2024,HEALTH CENTER,,0,282,,,0,219,,30,DISTRICT25,BLISTER
ACT-AD,9/1/2025,HEALTH CENTER,3013,102,634,5390,372,,1080,485,30,DISTRICT1,BLISTER
PYRA-SAC,1/1/2025,DISTRICT HOSPITAL,5373,167,,5466,824,181,-507,947,1,DISTRICT22,SACHET
QUIN,3/1/2024,HEALTH CENTER,303,0,73,355,326,1,-406,103,1000,DISTRICT10,TABLET
ACT-SC,2/1/2025,HEALTH CENTER,,231,,539,,15,-40,18,30,DISTRICT13,BLISTER
SP,10/1/2025,HEALTH CENTER,191,0,,220,,0,32,,1000,DISTRICT33,TABLET
ACT-SC,5/1/2025,HEALTH CENTER,463,398,220,1173,,126,-158,336,30,DISTRICT5,BLISTER
ACT-AD,4/1/2024,HEALTH CENTER,161,225,,,470,1,357,51,30,DISTRICT15,BLISTER
ART-INJ,10/1/2024,HEALTH CENTER,,0,115,35,,1057,-571,80,5,DISTRICT8,VIAL
ACT-GC,6/1/2024,HEALTH CENTER,591,101,341,,,27,-145,,30,DISTRICT14,BLISTER
ACT-SC,7/1/2024,HEALTH CENTER,,0,,116,,0,122,65,30,DISTRICT25,BLISTER
ART-SUP,8/1/2025,DISTRICT HOSPITAL,,0,,956,,143,-497,89,2,DISTRICT13,CAPSULE
PYRA-COMP,8/1/2025,HEALTH CENTER,6689,0,221,,,0,-717,209,1,DISTRICT33,TABLET
ART-INJ,10/1/2025,HEALTH CENTER,,0,103,116,,,236,85,5,DISTRICT31,VIAL
ACT-GC,9/1/2024,HEALTH CENTER,,0,145,280,,26,-76,79,30,DISTRICT24,BLISTER
QUIN,1/1/2025,DISTRICT HOSPITAL,101,689,75,809,1050,1,670,610,1000,DISTRICT35,TABLET
ART-INJ,5/1/2024,HEALTH CENTER,,30,168,880,418,166,109,154,5,DISTRICT20,VIAL
ITN,11/1/2025,HEALTH CENTER,0,150,5,29,,82,271,4,50,DISTRICT13,PIECE
ACT-AD,2/1/2025,HEALTH CENTER,325,345,,,,72,-659,22,30,DISTRICT35,BLISTER
ITN,8/1/2025,HEALTH CENTER,,,919,1254,,2191,365,512,50,DISTRICT7,PIECE
ITN,8/1/2024,DISTRICT HOSPITAL,,13,1127,6117,793,,-311,1295,50,DISTRICT29,PIECE
ITN,9/1/2025,HEALTH CENTER,,44,,22,,,-490,7,50,DISTRICT29,PIECE
ACT-GC,4/1/2024,HEALTH CENTER,3201,485,335,3747,,,-16,248,30,DISTRICT9,BLISTER
SP,11/1/2025,HEALTH CENTER,90,18,12,42,197,,-180,6,1000,DISTRICT13,TABLET
RDT,11/1/2025,HEALTH CENTER,,,,1192,,60,237,200,25,DISTRICT36,PIECE
PYRA-COMP,4/1/2025,HEALTH CENTER,,,1476,2343,,,-396,1098,1,DISTRICT19,TABLET
ART-SUP,8/1/2025,HEALTH CENTER,,22,363,130,,81,-167,,2,DISTRICT8,CAPSULE
ACT-GC,10/1/2025,DISTRICT HOSPITAL,,0,,280,,0,631,1,30,DISTRICT23,BLISTER
PYRA-SAC,11/1/2025,HEALTH CENTER,1088,204,298,489,,0,196,170,1,DISTRICT29,SACHET
ITN,9/1/2024,HEALTH CENTER,444,,,409,,2443,-520,,50,DISTRICT9,PIECE
RDT,5/1/2025,HEALTH CENTER,242,0,111,85,,1868,88,,25,DISTRICT25,PIECE
PYRA-SAC,2/1/2025,DISTRICT HOSPITAL,149,,,336,1376,22,13,130,1,DISTRICT26,SACHET
ACT-SC,8/1/2024,HEALTH CENTER,,22,300,1475,,722,-359,817,30,DISTRICT32,BLISTER
ACT-GC,7/1/2025,HEALTH CENTER,5236,59,516,2069,,266,-177,441,30,DISTRICT6,BLISTER
ACT-SC,5/1/2024,HEALTH CENTER,1280,144,,960,502,23,-239,,30,DISTRICT24,BLISTER
ACT-SC,4/1/2024,HEALTH CENTER,1013,,,1248,189,1,-108,23,30,DISTRICT31,BLISTER
ACT-INF,1/1/2024,HEALTH CENTER,713,,437,,443,5495,354,269,30,DISTRICT32,BLISTER
ITN,7/1/2024,HEALTH CENTER,1112,,37,929,,0,-772,,50,DISTRICT24,PIECE
PYRA-SAC,11/1/2025,HEALTH CENTER,822,200,619,,,,905,237,1,DISTRICT28,SACHET
ART-INJ,3/1/2025,HEALTH CENTER,,26,43,247,,0,163,21,5,DISTRICT29,VIAL
ACT-SC,1/1/2025,HEALTH CENTER,,285,566,2768,,258,-15,343,30,DISTRICT22,BLISTER
ACT-SC,7/1/2025,HEALTH CENTER,104,0,81,122,,3228,-324,38,30,DISTRICT20,BLISTER
ACT-SC,5/1/2025,HEALTH CENTER,,,151,1104,,,177,18,30,DISTRICT33,BLISTER
ACT-AD,8/1/2025,HEALTH CENTER,,,63,11,,58,-316,17,30,DISTRICT28,BLISTER
ART-INJ,11/1/2025,HEALTH CENTER,7155,14,900,2593,,185,-840,845,5,DISTRICT11,VIAL
SP,8/1/2024,HEALTH CENTER,,165,,,,,-137,366,1000,DISTRICT13,TABLET
ACT-SC,1/1/2025,HEALTH CENTER,9,22,7,92,,2923,202,4,30,DISTRICT23,BLISTER
ACT-SC,3/1/2024,HEALTH CENTER,684,49,,656,714,3476,-52,24,30,DISTRICT31,BLISTER
ART-SUP,8/1/2024,HEALTH CENTER,290,,34,,913,,189,28,2,DISTRICT13,CAPSULE
ACT-AD,4/1/2025,HEALTH CENTER,0,0,0,2,175,172,150,0,30,DISTRICT21,BLISTER
ACT-INF,8/1/2024,HEALTH CENTER,,0,,334,,,-25,61,30,DISTRICT25,BLISTER
SP,1/1/2025,HEALTH CENTER,1899,332,,2113,542,,140,417,1000,DISTRICT1,TABLET
QUIN,9/1/2024,HEALTH CENTER,164,9,136,12,,1181,-45,,1000,DISTRICT24,TABLET
SP,12/1/2023,HEALTH CENTER,639,0,,241,,3274,295,139,1000,DISTRICT21,TABLET
SP,11/1/2024,HEALTH CENTER,2780,12,,3184,,1,-137,,1000,DISTRICT33,TABLET
PYRA-SAC,6/1/2025,HEALTH CENTER,1760,0,363,,,1,-168,160,1,DISTRICT23,SACHET
ART-INJ,8/1/2024,HEALTH CENTER,671,8,87,820,,,180,176,5,DISTRICT32,VIAL
PYRA-SAC,5/1/2025,HEALTH CENTER,,1815,387,413,,2642,134,206,1,DISTRICT16,SACHET
QUIN,5/1/2024,HEALTH CENTER,,,164,366,,21,37,65,1000,DISTRICT12,TABLET
PYRA-SAC,2/1/2025,HEALTH CENTER,,2,911,1614,,5774,-116,,1,DISTRICT5,SACHET
QUIN,12/1/2023,HEALTH CENTER,160,0,32,123,,4108,-853,49,1000,DISTRICT29,TABLET
ITN,2/1/2024,DISTRICT HOSPITAL,2350,11,443,2209,,,-631,,50,DISTRICT4,PIECE
RDT,7/1/2024,HEALTH CENTER,177,,333,211,,608,290,,25,DISTRICT21,PIECE
ACT-SC,7/1/2024,HEALTH CENTER,21,0,3,14,,,52,2,30,DISTRICT9,BLISTER
ACT-AD,9/1/2024,HEALTH CENTER,586,16,173,423,,,635,43,30,DISTRICT3,BLISTER
ACT-SC,12/1/2023,HEALTH CENTER,198,,247,,,534,-145,114,30,DISTRICT14,BLISTER
RDT,4/1/2025,HEALTH CENTER,650,0,,1407,,0,-147,7,25,DISTRICT18,PIECE
QUIN,4/1/2025,DISTRICT HOSPITAL,52,15,8,,1386,,-321,2,1000,DISTRICT29,TABLET
ACT-INF,4/1/2025,HEALTH CENTER,2181,0,232,1026,,,-313,,30,DISTRICT1,BLISTER
ACT-GC,9/1/2024,DISTRICT HOSPITAL,115,,142,132,,139,-42,128,30,DISTRICT21,BLISTER
RDT,3/1/2025,HEALTH CENTER,1460,,231,1293,781,,-223,265,25,DISTRICT9,PIECE
RDT,8/1/2025,HEALTH CENTER,140,36,28,,,1360,761,,25,DISTRICT25,PIECE
QUIN,6/1/2024,HEALTH CENTER,,85,113,112,,705,184,,1000,DISTRICT29,TABLET
ART-INJ,3/1/2024,HEALTH CENTER,1519,0,348,,,3278,-103,,5,DISTRICT29,VIAL
ACT-INF,2/1/2025,HEALTH CENTER,111,,56,491,599,14,10,17,30,DISTRICT23,BLISTER
PYRA-COMP,6/1/2025,HEALTH CENTER,,1531,979,2457,,,-407,1114,1,DISTRICT28,TABLET
PYRA-COMP,12/1/2023,HEALTH CENTER,418,714,230,,,,187,73,1,DISTRICT25,TABLET
PYRA-SAC,2/1/2024,HEALTH CENTER,0,0,1,2,,0,638,,1,DISTRICT38,SACHET
ACT-INF,8/1/2025,HEALTH CENTER,1453,500,672,3353,,27,-376,,30,DISTRICT10,BLISTER
PYRA-COMP,8/1/2024,HEALTH CENTER,793,46,,596,1044,70,221,,1,DISTRICT4,TABLET
ART-INJ,4/1/2024,HEALTH CENTER,,1,819,,1914,2258,21,429,5,DISTRICT32,VIAL
ACT-AD,2/1/2024,HEALTH CENTER,1297,4,660,380,,2001,-106,632,30,DISTRICT1,BLISTER
ITN,7/1/2024,HEALTH CENTER,,,415,,,5469,426,324,50,DISTRICT18,PIECE
ART-INJ,12/1/2023,HEALTH CENTER,678,895,58,,,2,467,32,5,DISTRICT31,VIAL
ACT-INF,8/1/2024,HEALTH CENTER,49,,57,233,,24,-84,,30,DISTRICT35,BLISTER
ACT-AD,3/1/2025,HEALTH CENTER,,9,30,599,,0,-508,2,30,DISTRICT14,BLISTER
ART-INJ,10/1/2024,HEALTH CENTER,397,,27,69,,135,647,17,5,DISTRICT10,VIAL
ITN,3/1/2024,HEALTH CENTER,1196,,146,,,0,-524,24,50,DISTRICT19,PIECE
QUIN,1/1/2025,HEALTH CENTER,,26,318,812,598,754,-503,171,1000,DISTRICT4,TABLET
SP,8/1/2024,HEALTH CENTER,39,32,4,194,,0,-284,1,1000,DISTRICT27,TABLET
ACT-GC,6/1/2024,HEALTH CENTER,,,111,1781,,,-203,,30,DISTRICT12,BLISTER
SP,12/1/2023,HEALTH CENTER,12,0,1,5,,0,89,1,1000,DISTRICT24,TABLET
ART-INJ,4/1/2025,HEALTH CENTER,5708,87,,2182,919,1743,65,908,5,DISTRICT22,VIAL
ACT-GC,4/1/2024,HEALTH CENTER,,234,655,2947,1157,2619,-29,,30,DISTRICT10,BLISTER
ART-INJ,5/1/2024,HEALTH CENTER,188,4,,536,,2389,505,43,5,DISTRICT38,VIAL
ACT-SC,10/1/2024,REGIONAL HOSPITAL,,,56,319,,,-650,20,30,DISTRICT33,BLISTER
PYRA-COMP,5/1/2025,HEALTH CENTER,53,75,99,346,,0,-353,47,1,DISTRICT25,TABLET
PYRA-COMP,3/1/2024,HEALTH CENTER,285,209,304,,,15032,-236,287,1,DISTRICT33,TABLET
ITN,8/1/2024,HEALTH CENTER,776,,,,,0,-74,68,50,DISTRICT16,PIECE
SP,12/1/2023,HEALTH CENTER,127,5,,395,,20,409,6,1000,DISTRICT29,TABLET
PYRA-COMP,2/1/2025,HEALTH CENTER,1151,2,,317,,1,-696,8,1,DISTRICT32,TABLET
ART-INJ,9/1/2025,HEALTH CENTER,190,722,201,871,946,4,-93,,5,DISTRICT4,VIAL
ART-INJ,3/1/2024,HEALTH CENTER,0,0,1,1,,4073,86,0,5,DISTRICT3,VIAL
ART-SUP,6/1/2025,HEALTH CENTER,2019,2132,,5123,,1747,201,884,2,DISTRICT11,CAPSULE
ITN,6/1/2025,HEALTH CENTER,518,404,502,1599,,37,-171,190,50,DISTRICT1,PIECE
PYRA-COMP,1/1/2025,HEALTH CENTER,2737,19,704,2625,1534,704,-899,765,1,DISTRICT28,TABLET
PYRA-SAC,9/1/2024,HEALTH CENTER,,163,77,710,,,42,35,1,DISTRICT23,SACHET
ITN,7/1/2024,HEALTH CENTER,1478,,,,,,-337,348,50,DISTRICT36,PIECE
QUIN,5/1/2025,HEALTH CENTER,521,0,,272,,541,260,352,1000,DISTRICT30,TABLET
ACT-AD,11/1/2025,HEALTH CENTER,1691,5,,895,365,50,177,82,30,DISTRICT12,BLISTER
ACT-AD,8/1/2024,HEALTH CENTER,46,0,24,15,1593,427,-384,,30,DISTRICT10,BLISTER
ITN,12/1/2023,HEALTH CENTER,,0,14,203,,,212,27,50,DISTRICT30,PIECE
ACT-GC,8/1/2024,HEALTH CENTER,85,181,179,,,3,98,,30,DISTRICT3,BLISTER
ACT-INF,5/1/2024,HEALTH CENTER,,,189,,,700,-59,73,30,DISTRICT29,BLISTER
ACT-INF,2/1/2025,HEALTH CENTER,877,0,200,113,535,0,239,133,30,DISTRICT15,BLISTER
ACT-AD,3/1/2025,HEALTH CENTER,889,5,172,75,,4042,169,110,30,DISTRICT2,BLISTER
ART-SUP,10/1/2024,HEALTH CENTER,433,158,675,130,983,14489,220,,2,DISTRICT1,CAPSULE
ITN,1/1/2024,HEALTH CENTER,1674,,1035,2592,,1265,362,,50,DISTRICT16,PIECE
PYRA-SAC,6/1/2024,HEALTH CENTER,821,,146,969,,0,-779,55,1,DISTRICT9,SACHET
PYRA-SAC,11/1/2024,HEALTH CENTER,2,327,28,,218,,1063,13,1,DISTRICT10,SACHET
ACT-SC,10/1/2024,HEALTH CENTER,230,43,,983,,0,-401,69,30,DISTRICT12,BLISTER
ITN,5/1/2024,HEALTH CENTER,249,28,122,,955,1,934,,50,DISTRICT7,PIECE
QUIN,6/1/2025,HEALTH CENTER,352,0,316,386,,,439,93,1000,DISTRICT9,TABLET
ART-INJ,6/1/2024,HEALTH CENTER,46,,3,,,,-292,,5,DISTRICT33,VIAL
QUIN,4/1/2025,HEALTH CENTER,208,95,41,139,,6,-103,125,1000,DISTRICT19,TABLET
ART-INJ,3/1/2025,HEALTH CENTER,66,,,239,125,,300,13,5,DISTRICT23,VIAL
ITN,5/1/2025,HEALTH CENTER,2232,14,,3784,,50,-720,1072,50,DISTRICT17,PIECE
RDT,10/1/2025,HEALTH CENTER,48,,,,,244,-284,69,25,DISTRICT4,PIECE
ART-INJ,4/1/2025,HEALTH CENTER,,1,6,,1216,,-407,1,5,DISTRICT3,VIAL
ACT-GC,9/1/2025,HEALTH CENTER,,2,514,783,,2,-36,,30,DISTRICT20,BLISTER
ACT-SC,8/1/2024,HEALTH CENTER,40,0,,,,0,286,0,30,DISTRICT37,BLISTER
ACT-INF,6/1/2025,HEALTH CENTER,888,1,,1180,815,,134,178,30,DISTRICT22,BLISTER
ART-SUP,11/1/2025,HEALTH CENTER,2019,0,760,,,148,-355,671,2,DISTRICT30,CAPSULE
PYRA-SAC,11/1/2024,HEALTH CENTER,78,123,16,22,,,-101,27,1,DISTRICT20,SACHET
RDT,10/1/2025,HEALTH CENTER,642,,538,,,267,-666,653,25,DISTRICT7,PIECE
PYRA-COMP,1/1/2024,DISTRICT HOSPITAL,115,0,52,136,,13660,-436,109,1,DISTRICT26,TABLET
ACT-SC,6/1/2024,HEALTH CENTER,,3,144,614,,1,-384,,30,DISTRICT4,BLISTER
ART-SUP,11/1/2024,HEALTH CENTER,7,8,,9,,8,272,3,2,DISTRICT38,CAPSULE
RDT,4/1/2025,HEALTH CENTER,34,376,,228,,,54,1,25,DISTRICT21,PIECE
ART-INJ,5/1/2025,HEALTH CENTER,,119,54,125,,1493,-163,,5,DISTRICT26,VIAL
ACT-INF,8/1/2024,HEALTH CENTER,1405,450,601,,,,155,545,30,DISTRICT9,BLISTER
ACT-SC,2/1/2024,HEALTH CENTER,,4,225,1024,806,2138,-505,,30,DISTRICT29,BLISTER
ACT-INF,7/1/2025,HEALTH CENTER,,0,,1037,,629,-91,439,30,DISTRICT25,BLISTER
PYRA-COMP,9/1/2024,HEALTH CENTER,84,127,148,126,,,-188,75,1,DISTRICT25,TABLET
ART-SUP,12/1/2024,HEALTH CENTER,,1,409,1497,810,,151,275,2,DISTRICT30,CAPSULE
ACT-SC,3/1/2025,HEALTH CENTER,,0,11,,,0,-142,,30,DISTRICT25,BLISTER
RDT,2/1/2025,HEALTH CENTER,2587,111,467,,646,16,680,191,25,DISTRICT33,PIECE
QUIN,12/1/2024,HEALTH CENTER,1061,1,318,1328,,143,-475,431,1000,DISTRICT33,TABLET
PYRA-SAC,12/1/2024,HEALTH CENTER,215,2,46,165,,0,383,8,1,DISTRICT29,SACHET
PYRA-COMP,5/1/2025,HEALTH CENTER,1066,2440,,2418,1783,2144,-28,329,1,DISTRICT29,TABLET
ACT-GC,4/1/2025,HEALTH CENTER,,119,,584,880,1,-608,170,30,DISTRICT35,BLISTER
ACT-INF,1/1/2025,HEALTH CENTER,604,0,,106,,0,180,1,30,DISTRICT19,BLISTER
PYRA-COMP,2/1/2024,HEALTH CENTER,2704,116,717,2612,,,168,421,1,DISTRICT1,TABLET
PYRA-COMP,5/1/2024,HEALTH CENTER,1085,,,2733,,0,-61,113,1,DISTRICT20,TABLET
ART-SUP,9/1/2024,HEALTH CENTER,205,410,366,679,949,6,691,,2,DISTRICT32,CAPSULE
ART-INJ,8/1/2025,HEALTH CENTER,,984,275,1242,,0,1040,315,5,DISTRICT31,VIAL
ACT-SC,2/1/2024,HEALTH CENTER,,,149,,,141,-583,330,30,DISTRICT32,BLISTER
QUIN,12/1/2023,HEALTH CENTER,,0,3,13,644,,293,,1000,DISTRICT12,TABLET
ART-INJ,4/1/2025,HEALTH CENTER,2486,,,2608,,313,175,834,5,DISTRICT7,VIAL
ART-SUP,7/1/2025,HEALTH CENTER,427,,75,80,,710,-611,,2,DISTRICT9,CAPSULE
ART-SUP,8/1/2025,HEALTH CENTER,180,290,218,376,,24,-107,136,2,DISTRICT37,CAPSULE
ACT-AD,10/1/2024,HEALTH CENTER,1204,3,379,385,,3703,133,379,30,DISTRICT29,BLISTER
ACT-GC,2/1/2024,HEALTH CENTER,,,,3,,93,-738,2,30,DISTRICT32,BLISTER
ART-SUP,5/1/2024,DISTRICT HOSPITAL,1700,40,383,,735,13,482,,2,DISTRICT11,CAPSULE
ACT-GC,4/1/2024,HEALTH CENTER,,,,256,532,496,-160,610,30,DISTRICT25,BLISTER
ACT-GC,2/1/2025,HEALTH CENTER,3719,786,590,3553,,,394,,30,DISTRICT9,BLISTER
ACT-AD,1/1/2024,HEALTH CENTER,3807,0,441,,,,-721,788,30,DISTRICT5,BLISTER
RDT,5/1/2025,DISTRICT HOSPITAL,583,235,147,920,,451,-119,97,25,DISTRICT29,PIECE
ITN,2/1/2025,HEALTH CENTER,54,30,6,139,,2,209,,50,DISTRICT20,PIECE
RDT,9/1/2025,HEALTH CENTER,601,,,361,181,,-259,105,25,DISTRICT18,PIECE
ACT-AD,6/1/2024,HEALTH CENTER,,0,8,659,,0,-405,7,30,DISTRICT1,BLISTER
SP,1/1/2024,HEALTH CENTER,,,701,,,15,-419,349,1000,DISTRICT24,TABLET
ACT-INF,9/1/2025,HEALTH CENTER,75,0,12,908,521,0,-399,1,30,DISTRICT31,BLISTER
ACT-INF,9/1/2025,HEALTH CENTER,2270,8,,1783,1565,81,1133,390,30,DISTRICT2,BLISTER
ART-SUP,5/1/2024,HEALTH CENTER,55,1370,183,243,,3453,280,188,2,DISTRICT31,CAPSULE
ACT-SC,10/1/2025,HEALTH CENTER,3118,,516,,,3,161,173,30,DISTRICT30,BLISTER
ACT-SC,9/1/2024,HEALTH CENTER,,0,,553,264,249,-186,86,30,DISTRICT29,BLISTER
RDT,7/1/2025,HEALTH CENTER,1858,,200,1262,,7325,-727,,25,DISTRICT24,PIECE
PYRA-SAC,7/1/2025,HEALTH CENTER,2535,1704,925,3010,,,-352,1104,1,DISTRICT31,SACHET
SP,5/1/2025,HEALTH CENTER,534,323,,949,,32,-409,,1000,DISTRICT3,TABLET
ART-SUP,4/1/2024,HEALTH CENTER,771,53,107,551,,9,613,36,2,DISTRICT3,CAPSULE
ART-INJ,5/1/2025,HEALTH CENTER,,62,,139,,822,-481,44,5,DISTRICT3,VIAL
PYRA-SAC,9/1/2025,HEALTH CENTER,,,3,1,,325,20,0,1,DISTRICT36,SACHET
ACT-SC,9/1/2024,HEALTH CENTER,,877,1619,,,371,230,,30,DISTRICT9,BLISTER
PYRA-COMP,12/1/2024,HEALTH CENTER,,87,148,875,,2828,991,101,1,DISTRICT10,TABLET
ACT-SC,12/1/2024,HEALTH CENTER,,1,104,,,9,213,,30,DISTRICT24,BLISTER
ART-INJ,8/1/2024,HEALTH CENTER,,0,,7,,,-2,0,5,DISTRICT35,VIAL
ART-SUP,10/1/2024,HEALTH CENTER,744,5,69,658,,,-284,9,2,DISTRICT28,CAPSULE
PYRA-SAC,9/1/2025,HEALTH CENTER,33,1,13,,,0,102,27,1,DISTRICT8,SACHET
ACT-GC,1/1/2024,HEALTH CENTER,,0,384,,,9903,-361,374,30,DISTRICT33,BLISTER
ACT-INF,3/1/2024,HEALTH CENTER,1074,0,,,,1,-504,20,30,DISTRICT10,BLISTER
QUIN,11/1/2024,HEALTH CENTER,485,459,33,712,515,0,-385,,1000,DISTRICT9,TABLET
SP,8/1/2025,DISTRICT HOSPITAL,579,0,96,55,374,0,-385,32,1000,DISTRICT9,TABLET
ACT-INF,7/1/2025,HEALTH CENTER,,,1261,3220,,193,-67,993,30,DISTRICT36,BLISTER
ACT-GC,5/1/2024,HEALTH CENTER,2493,50,704,1463,,279,115,,30,DISTRICT1,BLISTER
ACT-GC,1/1/2024,HEALTH CENTER,69,91,,39,,,-50,,30,DISTRICT33,BLISTER
ACT-AD,9/1/2025,HEALTH CENTER,,0,9,2,,20,680,0,30,DISTRICT14,BLISTER
ART-INJ,2/1/2025,HEALTH CENTER,53,3,107,,,977,-176,90,5,DISTRICT19,VIAL
QUIN,7/1/2025,HEALTH CENTER,78,205,,336,,5,-364,,1000,DISTRICT23,TABLET
PYRA-SAC,1/1/2024,HEALTH CENTER,172,0,108,29,,2173,317,111,1,DISTRICT17,SACHET
ACT-GC,1/1/2024,DISTRICT HOSPITAL,,0,122,251,,601,-560,51,30,DISTRICT26,BLISTER
ITN,2/1/2025,HEALTH CENTER,106,,59,34,463,143,-36,125,50,DISTRICT28,PIECE
PYRA-SAC,12/1/2024,HEALTH CENTER,1925,419,380,4256,,0,84,,1,DISTRICT26,SACHET
RDT,1/1/2025,REGIONAL HOSPITAL,,60,828,,,10722,-726,546,25,DISTRICT33,PIECE
RDT,7/1/2024,REGIONAL HOSPITAL,2274,1,140,324,,1256,-309,,25,DISTRICT13,PIECE
RDT,3/1/2025,HEALTH CENTER,704,295,537,,,6396,-326,201,25,DISTRICT23,PIECE
QUIN,8/1/2024,HEALTH CENTER,93,,400,393,,3,-232,156,1000,DISTRICT26,TABLET
ACT-AD,2/1/2024,HEALTH CENTER,283,,81,260,394,,-146,,30,DISTRICT38,BLISTER
ACT-INF,4/1/2024,HEALTH CENTER,1915,,140,,,0,-217,125,30,DISTRICT4,BLISTER
ITN,8/1/2025,HEALTH CENTER,424,41,159,1348,,0,168,310,50,DISTRICT31,PIECE
ACT-INF,10/1/2025,HEALTH CENTER,5338,57,,4006,517,1,-90,,30,DISTRICT14,BLISTER
ACT-GC,7/1/2024,HEALTH CENTER,,176,139,304,,237,188,,30,DISTRICT4,BLISTER
ACT-GC,10/1/2024,HEALTH CENTER,296,10,,258,,5,-76,41,30,DISTRICT14,BLISTER
ACT-SC,2/1/2024,HEALTH CENTER,7481,42,,4527,,1,71,383,30,DISTRICT21,BLISTER
ACT-INF,12/1/2024,DISTRICT HOSPITAL,367,100,,,,3,-51,4,30,DISTRICT16,BLISTER
RDT,12/1/2024,HEALTH CENTER,513,4,,,,,437,,25,DISTRICT1,PIECE
ACT-GC,4/1/2025,HEALTH CENTER,6,0,14,52,,3584,-234,10,30,DISTRICT12,BLISTER
PYRA-COMP,2/1/2024,HEALTH CENTER,1624,0,130,1606,,0,111,,1,DISTRICT25,TABLET
ACT-GC,8/1/2025,HEALTH CENTER,1808,,,300,,96,-726,63,30,DISTRICT5,BLISTER
SP,8/1/2025,HEALTH CENTER,34,0,2,,,0,21,,1000,DISTRICT16,TABLET
ACT-GC,7/1/2024,HEALTH CENTER,1626,37,661,4452,,0,228,601,30,DISTRICT2,BLISTER
SP,4/1/2024,HEALTH CENTER,,,11,,,,519,6,1000,DISTRICT24,TABLET
PYRA-SAC,6/1/2025,HEALTH CENTER,23,9,17,6,,968,-564,,1,DISTRICT35,SACHET
ITN,9/1/2025,HEALTH CENTER,,,678,5375,,342,101,527,50,DISTRICT31,PIECE
ART-SUP,12/1/2024,HEALTH CENTER,,,,716,,0,862,20,2,DISTRICT5,CAPSULE
PYRA-COMP,11/1/2024,HEALTH CENTER,,20,,2613,,23,-303,166,1,DISTRICT33,TABLET
ACT-GC,7/1/2024,HEALTH CENTER,1220,,437,1324,,456,-237,458,30,DISTRICT20,BLISTER
ACT-INF,12/1/2024,HEALTH CENTER,248,59,,,,218,-986,125,30,DISTRICT4,BLISTER
ITN,3/1/2024,HEALTH CENTER,349,0,124,,,2621,186,42,50,DISTRICT31,PIECE
PYRA-SAC,10/1/2024,HEALTH CENTER,419,39,401,223,,69,608,142,1,DISTRICT33,SACHET
ACT-INF,7/1/2025,HEALTH CENTER,1909,17,767,2577,,,193,242,30,DISTRICT10,BLISTER
ART-INJ,6/1/2025,HEALTH CENTER,,197,325,,1386,15,85,342,5,DISTRICT3,VIAL
PYRA-COMP,12/1/2023,DISTRICT HOSPITAL,949,,346,1242,136,1,-239,158,1,DISTRICT2,TABLET
SP,7/1/2024,HEALTH CENTER,97,3245,114,,,1,332,55,1000,DISTRICT25,TABLET
PYRA-COMP,8/1/2024,HEALTH CENTER,1421,,,1474,,178,273,,1,DISTRICT11,TABLET
PYRA-SAC,11/1/2025,HEALTH CENTER,,,,1529,1077,50,-154,545,1,DISTRICT15,SACHET
SP,8/1/2024,HEALTH CENTER,,81,539,965,,145,-294,106,1000,DISTRICT15,TABLET
ACT-INF,5/1/2025,HEALTH CENTER,1618,570,,2272,,1119,-941,,30,DISTRICT31,BLISTER
ITN,11/1/2025,DISTRICT HOSPITAL,1357,7,422,2082,,282,741,774,50,DISTRICT25,PIECE
PYRA-COMP,8/1/2024,HEALTH CENTER,,461,544,2283,,106,273,547,1,DISTRICT21,TABLET
ACT-INF,9/1/2024,HEALTH CENTER,6148,7,,3602,,184,-530,512,30,DISTRICT23,BLISTER
ACT-AD,3/1/2025,HEALTH CENTER,,3,233,,,53,132,,30,DISTRICT28,BLISTER
ART-INJ,6/1/2024,HEALTH CENTER,,471,102,259,,220,-22,,5,DISTRICT11,VIAL
ART-SUP,10/1/2024,HEALTH CENTER,298,,96,341,,85,84,13,2,DISTRICT13,CAPSULE
QUIN,4/1/2025,HEALTH CENTER,1766,0,514,1444,1685,,903,454,1000,DISTRICT23,TABLET
ITN,10/1/2025,HEALTH CENTER,,4,,,,,523,,50,DISTRICT28,PIECE
RDT,6/1/2025,HEALTH CENTER,,31,937,1673,,104,-123,,25,DISTRICT3,PIECE
ACT-GC,7/1/2024,HEALTH CENTER,32,648,198,250,,,-116,112,30,DISTRICT38,BLISTER
ART-SUP,6/1/2025,HEALTH CENTER,1471,,541,,,,-108,416,2,DISTRICT25,CAPSULE
SP,4/1/2024,HEALTH CENTER,352,3,,172,,29,274,,1000,DISTRICT1,TABLET
RDT,7/1/2024,HEALTH CENTER,87,0,,33,191,1,23,,25,DISTRICT1,PIECE
ACT-SC,12/1/2024,HEALTH CENTER,1529,0,67,1354,,,-23,58,30,DISTRICT17,BLISTER
ACT-SC,11/1/2024,HEALTH CENTER,1480,,433,2805,235,51,415,39,30,DISTRICT23,BLISTER
ART-INJ,4/1/2024,DISTRICT HOSPITAL,835,3,501,,,,-1021,,5,DISTRICT10,VIAL
ACT-AD,2/1/2024,HEALTH CENTER,,9,6,140,,0,238,3,30,DISTRICT29,BLISTER
RDT,9/1/2025,HEALTH CENTER,,,96,,,27,-959,44,25,DISTRICT3,PIECE
SP,8/1/2025,HEALTH CENTER,1028,20,496,,,157,-138,516,1000,DISTRICT20,TABLET
ACT-AD,12/1/2024,HEALTH CENTER,,8,,179,,,438,15,30,DISTRICT4,BLISTER
PYRA-SAC,10/1/2025,HEALTH CENTER,2842,,749,1951,430,52,236,,1,DISTRICT9,SACHET
ACT-SC,9/1/2025,HEALTH CENTER,,0,,244,1343,177,-170,,30,DISTRICT29,BLISTER
RDT,10/1/2024,HEALTH CENTER,53,132,37,,,,-234,2,25,DISTRICT33,PIECE
ACT-SC,5/1/2024,HEALTH CENTER,,0,82,505,,0,-49,44,30,DISTRICT38,BLISTER
ART-INJ,6/1/2024,HEALTH CENTER,184,,,75,,,-484,5,5,DISTRICT36,VIAL
PYRA-COMP,4/1/2025,HEALTH CENTER,1487,,561,708,,48,-86,324,1,DISTRICT36,TABLET
ART-INJ,5/1/2025,HEALTH CENTER,2061,464,,2381,541,701,-292,410,5,DISTRICT33,VIAL
ITN,3/1/2025,HEALTH CENTER,,0,2,27,,0,-720,,50,DISTRICT31,PIECE
ACT-GC,2/1/2025,HEALTH CENTER,635,3,172,26,,486,-178,,30,DISTRICT16,BLISTER
PYRA-COMP,11/1/2024,HEALTH CENTER,649,2074,99,786,,0,467,,1,DISTRICT33,TABLET
QUIN,11/1/2024,HEALTH CENTER,4415,3,1473,,,536,157,1074,1000,DISTRICT10,TABLET
ACT-INF,7/1/2025,HEALTH CENTER,590,322,,369,,85,272,282,30,DISTRICT13,BLISTER
ART-INJ,8/1/2024,HEALTH CENTER,978,28,577,1486,,127,185,290,5,DISTRICT29,VIAL
ACT-GC,11/1/2025,HEALTH CENTER,,,,115,,437,333,39,30,DISTRICT20,BLISTER
ART-SUP,3/1/2024,HEALTH CENTER,1209,347,518,1701,,949,154,322,2,DISTRICT28,CAPSULE
ACT-GC,12/1/2024,HEALTH CENTER,,,4,178,,12,341,,30,DISTRICT20,BLISTER
ACT-SC,12/1/2023,HEALTH CENTER,411,13,,1769,1278,54,303,145,30,DISTRICT15,BLISTER
ACT-GC,4/1/2025,HEALTH CENTER,,357,,,,,157,574,30,DISTRICT30,BLISTER
ITN,8/1/2024,DISTRICT HOSPITAL,962,92,118,,,171,-329,17,50,DISTRICT37,PIECE
ITN,10/1/2024,HEALTH CENTER,1355,27,239,2352,,0,399,,50,DISTRICT28,PIECE
ART-INJ,5/1/2024,HEALTH CENTER,4359,498,,4472,715,10,-273,406,5,DISTRICT4,VIAL
SP,6/1/2025,HEALTH CENTER,1526,0,,312,632,87,188,515,1000,DISTRICT33,TABLET
RDT,10/1/2024,HEALTH CENTER,223,3,,128,173,143,450,2,25,DISTRICT16,PIECE
QUIN,4/1/2024,HEALTH CENTER,2944,0,275,,,182,559,214,1000,DISTRICT30,TABLET
ACT-GC,1/1/2025,HEALTH CENTER,551,26,,109,,117,-40,51,30,DISTRICT23,BLISTER
ART-INJ,7/1/2025,HEALTH CENTER,,1,11,658,,513,4,20,5,DISTRICT3,VIAL
ACT-INF,12/1/2023,HEALTH CENTER,,126,,70,980,1568,38,,30,DISTRICT32,BLISTER
ACT-GC,4/1/2024,HEALTH CENTER,456,,182,321,,5,75,94,30,DISTRICT9,BLISTER
ART-SUP,8/1/2024,HEALTH CENTER,,0,257,457,,,271,63,2,DISTRICT15,CAPSULE
SP,9/1/2025,HEALTH CENTER,52,71,49,101,,7,437,68,1000,DISTRICT4,TABLET
PYRA-COMP,1/1/2024,HEALTH CENTER,716,,205,1268,,8009,389,371,1,DISTRICT1,TABLET
QUIN,11/1/2024,HEALTH CENTER,1257,1335,650,1823,1300,37,-376,142,1000,DISTRICT14,TABLET
ACT-AD,3/1/2024,HEALTH CENTER,3105,0,,594,838,3645,-431,84,30,DISTRICT5,BLISTER
SP,4/1/2025,HEALTH CENTER,1682,0,63,166,,0,50,,1000,DISTRICT23,TABLET
QUIN,1/1/2025,HEALTH CENTER,1679,472,841,2904,1909,79,967,,1000,DISTRICT31,TABLET
RDT,9/1/2025,HEALTH CENTER,637,26,129,570,,,0,208,25,DISTRICT3,PIECE
ART-INJ,2/1/2025,HEALTH CENTER,,0,383,1865,,0,-625,,5,DISTRICT9,VIAL
PYRA-SAC,8/1/2024,HEALTH CENTER,2130,1,,1221,,6,-146,289,1,DISTRICT31,SACHET
SP,1/1/2024,HEALTH CENTER,874,,,,,109,91,106,1000,DISTRICT14,TABLET
PYRA-SAC,6/1/2024,HEALTH CENTER,,1188,76,1638,,2007,509,19,1,DISTRICT38,SACHET
ACT-AD,8/1/2025,HEALTH CENTER,416,0,78,1113,,243,353,,30,DISTRICT16,BLISTER
ART-SUP,11/1/2024,HEALTH CENTER,395,7,283,,,50,52,,2,DISTRICT29,CAPSULE
PYRA-COMP,11/1/2024,HEALTH CENTER,68,,74,624,,2,-249,32,1,DISTRICT20,TABLET
ART-INJ,12/1/2024,HEALTH CENTER,625,459,,1735,524,2,391,20,5,DISTRICT17,VIAL
QUIN,6/1/2025,HEALTH CENTER,267,1,130,141,,1,13,146,1000,DISTRICT19,TABLET
ACT-INF,11/1/2024,HEALTH CENTER,574,0,136,680,,0,713,50,30,DISTRICT24,BLISTER
ACT-INF,3/1/2025,HEALTH CENTER,,2,289,,,5,-84,383,30,DISTRICT21,BLISTER
RDT,12/1/2023,HEALTH CENTER,,,76,23,,9849,-712,,25,DISTRICT6,PIECE
ACT-SC,6/1/2025,HEALTH CENTER,,504,1180,5901,790,7,83,1176,30,DISTRICT19,BLISTER
ACT-AD,10/1/2024,HEALTH CENTER,3724,,558,,,8,272,176,30,DISTRICT35,BLISTER
ACT-GC,7/1/2025,HEALTH CENTER,1422,46,295,941,,4980,-501,327,30,DISTRICT20,BLISTER
QUIN,2/1/2024,HEALTH CENTER,1448,2473,1096,2363,,656,-381,1553,1000,DISTRICT20,TABLET
ART-SUP,1/1/2024,DISTRICT HOSPITAL,111,,,,,0,25,7,2,DISTRICT23,CAPSULE
ACT-AD,3/1/2025,HEALTH CENTER,4313,7,529,857,901,11,343,58,30,DISTRICT26,BLISTER
SP,8/1/2024,HEALTH CENTER,208,,42,64,,1295,-52,,1000,DISTRICT30,TABLET
ACT-GC,8/1/2025,HEALTH CENTER,160,0,40,,,0,408,10,30,DISTRICT5,BLISTER
PYRA-COMP,10/1/2024,HEALTH CENTER,515,61,299,,,,295,58,1,DISTRICT21,TABLET
SP,12/1/2023,HEALTH CENTER,1067,34,,821,,,36,85,1000,DISTRICT9,TABLET
ART-INJ,7/1/2024,HEALTH CENTER,352,0,18,58,,11,-37,10,5,DISTRICT5,VIAL
ITN,11/1/2025,HEALTH CENTER,,15,585,585,,4184,-127,795,50,DISTRICT23,PIECE
ART-SUP,9/1/2024,NATIONAL HOSPITAL,2002,243,,2331,,2,377,,2,DISTRICT28,CAPSULE
ACT-AD,3/1/2025,HEALTH CENTER,862,109,318,1256,,0,-33,252,30,DISTRICT31,BLISTER
SP,2/1/2024,HEALTH CENTER,4105,471,584,3616,,1,223,,1000,DISTRICT35,TABLET
RDT,2/1/2025,HEALTH CENTER,352,339,266,,353,,-575,81,25,DISTRICT19,PIECE
ACT-GC,9/1/2025,HEALTH CENTER,1226,1,,,,,-133,31,30,DISTRICT6,BLISTER
ACT-INF,5/1/2025,HEALTH CENTER,2909,,392,1699,,0,-462,,30,DISTRICT7,BLISTER
ART-INJ,12/1/2023,HEALTH CENTER,2012,0,,,,4948,284,467,5,DISTRICT8,VIAL
SP,10/1/2024,HEALTH CENTER,,0,3,138,,0,-348,1,1000,DISTRICT36,TABLET
ACT-SC,6/1/2025,DISTRICT HOSPITAL,144,,82,,103,0,-508,40,30,DISTRICT33,BLISTER
ACT-AD,6/1/2024,HEALTH CENTER,3016,,,1948,,7723,16,307,30,DISTRICT13,BLISTER
ACT-GC,5/1/2024,HEALTH CENTER,,147,515,2794,,0,648,,30,DISTRICT2,BLISTER
QUIN,8/1/2025,HEALTH CENTER,1020,0,239,1515,,,-322,,1000,DISTRICT28,TABLET
ITN,9/1/2024,DISTRICT HOSPITAL,3259,,475,1236,,0,-82,186,50,DISTRICT5,PIECE
ART-INJ,8/1/2025,HEALTH CENTER,,40,62,282,528,,-684,10,5,DISTRICT13,VIAL
PYRA-COMP,10/1/2024,REGIONAL HOSPITAL,,,38,35,,,-136,,1,DISTRICT17,TABLET
ART-SUP,1/1/2024,HEALTH CENTER,821,,233,509,864,18,-108,81,2,DISTRICT16,CAPSULE
SP,11/1/2025,HEALTH CENTER,,0,1,6,263,0,90,,1000,DISTRICT23,TABLET
ACT-AD,6/1/2025,HEALTH CENTER,2143,,1641,2353,1824,1225,-36,,30,DISTRICT4,BLISTER
ITN,1/1/2024,HEALTH CENTER,2482,522,647,,463,85,-94,484,50,DISTRICT21,PIECE
ART-SUP,7/1/2025,HEALTH CENTER,339,,89,572,191,,-137,43,2,DISTRICT7,CAPSULE
ACT-SC,11/1/2024,HEALTH CENTER,,0,,,411,62,-139,56,30,DISTRICT14,BLISTER
ACT-INF,7/1/2025,HEALTH CENTER,,156,,1052,844,37,-183,235,30,DISTRICT30,BLISTER
ITN,9/1/2024,HEALTH CENTER,,0,33,,,169,-352,6,50,DISTRICT23,PIECE
PYRA-COMP,3/1/2025,HEALTH CENTER,284,58,,335,363,6,-195,91,1,DISTRICT29,TABLET
ACT-GC,1/1/2025,HEALTH CENTER,351,1,1,237,,,-369,2,30,DISTRICT26,BLISTER
QUIN,6/1/2024,HEALTH CENTER,1046,,,340,502,47,633,68,1000,DISTRICT31,TABLET
ITN,12/1/2024,HEALTH CENTER,45,0,10,44,,0,854,2,50,DISTRICT23,PIECE
RDT,6/1/2024,HEALTH CENTER,1026,134,,3323,,2524,1114,314,25,DISTRICT10,PIECE
ACT-INF,1/1/2024,HEALTH CENTER,,3,688,1930,400,,-603,998,30,DISTRICT3,BLISTER
ACT-AD,2/1/2025,HEALTH CENTER,4990,1025,,,,,-66,582,30,DISTRICT29,BLISTER
ACT-INF,10/1/2025,HEALTH CENTER,194,,185,,,0,92,31,30,DISTRICT23,BLISTER
ITN,4/1/2025,HEALTH CENTER,1172,,240,,,1314,-164,178,50,DISTRICT2,PIECE
RDT,12/1/2023,HEALTH CENTER,893,518,218,,,,-113,90,25,DISTRICT4,PIECE
PYRA-COMP,1/1/2024,HEALTH CENTER,,54,,5,,,317,29,1,DISTRICT36,TABLET
ITN,11/1/2024,HEALTH CENTER,71,,259,768,1044,888,1277,,50,DISTRICT31,PIECE
SP,12/1/2024,HEALTH CENTER,864,,201,1849,1316,,-418,97,1000,DISTRICT32,TABLET
RDT,11/1/2025,HEALTH CENTER,939,,299,,,0,436,94,25,DISTRICT29,PIECE
PYRA-COMP,8/1/2024,HEALTH CENTER,1122,0,,,,1140,-322,22,1,DISTRICT28,TABLET
ACT-AD,2/1/2025,HEALTH CENTER,1405,120,209,,174,0,-267,87,30,DISTRICT21,BLISTER
RDT,9/1/2025,HEALTH CENTER,826,6,385,749,970,1981,-148,434,25,DISTRICT9,PIECE
SP,8/1/2024,DISTRICT HOSPITAL,282,217,53,,,7,711,26,1000,DISTRICT14,TABLET
PYRA-SAC,9/1/2025,HEALTH CENTER,679,295,599,635,,1,-475,259,1,DISTRICT8,SACHET
RDT,6/1/2025,HEALTH CENTER,271,,285,1051,,9,486,85,25,DISTRICT31,PIECE
RDT,3/1/2024,HEALTH CENTER,1461,,222,830,,0,211,35,25,DISTRICT3,PIECE
ACT-AD,11/1/2025,DISTRICT HOSPITAL,1511,,,1267,1294,,65,159,30,DISTRICT28,BLISTER
ACT-SC,9/1/2024,HEALTH CENTER,,0,51,,144,72,-37,24,30,DISTRICT15,BLISTER
ACT-GC,9/1/2024,HEALTH CENTER,,,699,199,,237,-108,751,30,DISTRICT14,BLISTER
ACT-GC,8/1/2024,HEALTH CENTER,231,9,21,130,,0,-432,19,30,DISTRICT31,BLISTER
ITN,9/1/2024,HEALTH CENTER,,0,379,716,,10,188,,50,DISTRICT29,PIECE
RDT,3/1/2025,HEALTH CENTER,501,7,220,,,32,366,,25,DISTRICT2,PIECE
RDT,9/1/2025,HEALTH CENTER,363,297,,297,,1,-107,27,25,DISTRICT29,PIECE
SP,11/1/2024,HEALTH CENTER,849,0,,952,,17071,-6,,1000,DISTRICT10,TABLET
QUIN,1/1/2025,HEALTH CENTER,710,,,,,7652,-367,873,1000,DISTRICT3,TABLET
ACT-SC,6/1/2025,HEALTH CENTER,,0,,,,5,382,115,30,DISTRICT13,BLISTER
PYRA-SAC,1/1/2024,HEALTH CENTER,21,,18,,,246,-616,21,1,DISTRICT1,SACHET
ITN,6/1/2024,HEALTH CENTER,,,109,559,,0,-454,20,50,DISTRICT20,PIECE
ART-INJ,5/1/2025,HEALTH CENTER,302,,68,,,59,471,95,5,DISTRICT24,VIAL
ACT-SC,11/1/2025,HEALTH CENTER,1500,,121,374,,0,-369,66,30,DISTRICT16,BLISTER
ACT-INF,9/1/2024,HEALTH CENTER,,0,,338,,0,-71,,30,DISTRICT6,BLISTER
ACT-SC,10/1/2025,HEALTH CENTER,958,,,2523,428,8,513,55,30,DISTRICT6,BLISTER
ACT-GC,3/1/2024,HEALTH CENTER,,537,748,6354,,,129,617,30,DISTRICT12,BLISTER
ACT-AD,8/1/2025,HEALTH CENTER,4996,1141,,,,1306,243,1240,30,DISTRICT33,BLISTER
ACT-AD,11/1/2025,HEALTH CENTER,249,0,472,289,,,-390,,30,DISTRICT30,BLISTER
ART-INJ,12/1/2024,HEALTH CENTER,622,,68,970,,21,-977,149,5,DISTRICT8,VIAL
QUIN,1/1/2024,HEALTH CENTER,,49,,,,0,-397,15,1000,DISTRICT22,TABLET
ACT-SC,5/1/2025,HEALTH CENTER,1210,0,174,629,,23,-72,135,30,DISTRICT38,BLISTER
ACT-INF,7/1/2025,HEALTH CENTER,,369,356,1451,,67,626,150,30,DISTRICT2,BLISTER
SP,10/1/2024,HEALTH CENTER,7,0,46,36,604,115,158,8,1000,DISTRICT2,TABLET
ACT-SC,11/1/2024,HEALTH CENTER,,3,23,29,,0,266,,30,DISTRICT17,BLISTER
PYRA-SAC,3/1/2025,HEALTH CENTER,,119,29,266,147,3,-31,40,1,DISTRICT23,SACHET
ART-INJ,8/1/2025,DISTRICT HOSPITAL,8171,,2388,5332,,489,140,,5,DISTRICT38,VIAL
ART-INJ,1/1/2024,HEALTH CENTER,2732,13,,1780,952,394,-148,364,5,DISTRICT12,VIAL
ACT-SC,1/1/2025,HEALTH CENTER,1837,,575,,,273,-445,,30,DISTRICT5,BLISTER
ART-SUP,8/1/2025,HEALTH CENTER,,,88,342,,0,247,71,2,DISTRICT32,CAPSULE
PYRA-COMP,7/1/2024,HEALTH CENTER,,957,462,2392,,0,10,541,1,DISTRICT2,TABLET
QUIN,7/1/2025,HEALTH CENTER,,,238,738,,,-151,177,1000,DISTRICT22,TABLET
RDT,12/1/2024,DISTRICT HOSPITAL,945,105,410,2649,,388,58,509,25,DISTRICT2,PIECE
SP,7/1/2025,HEALTH CENTER,,1,,793,,1531,645,297,1000,DISTRICT13,TABLET
ART-SUP,9/1/2024,REGIONAL HOSPITAL,1296,0,,280,,,-633,,2,DISTRICT31,CAPSULE
SP,9/1/2025,HEALTH CENTER,,,954,2355,,2,-579,,1000,DISTRICT20,TABLET
ACT-GC,1/1/2025,HEALTH CENTER,6077,6,692,,,2312,-427,,30,DISTRICT18,BLISTER
ACT-GC,2/1/2025,HEALTH CENTER,10429,46,1767,8818,,96,233,2101,30,DISTRICT32,BLISTER
PYRA-SAC,10/1/2024,HEALTH CENTER,46,,3,259,,0,156,1,1,DISTRICT29,SACHET
ACT-SC,12/1/2023,HEALTH CENTER,2879,,957,,,289,-399,529,30,DISTRICT16,BLISTER
QUIN,4/1/2025,HEALTH CENTER,545,0,294,135,985,3575,-271,,1000,DISTRICT1,TABLET
SP,12/1/2023,HEALTH CENTER,187,0,,,,136,460,20,1000,DISTRICT4,TABLET
QUIN,10/1/2025,DISTRICT HOSPITAL,,,492,,208,2,-1145,,1000,DISTRICT20,TABLET
QUIN,3/1/2025,HEALTH CENTER,,0,,61,164,0,-370,,1000,DISTRICT16,TABLET
SP,5/1/2025,HEALTH CENTER,,,77,1881,986,1671,448,,1000,DISTRICT3,TABLET
ITN,3/1/2024,HEALTH CENTER,3145,,554,,,111,168,494,50,DISTRICT28,PIECE
ACT-GC,2/1/2024,HEALTH CENTER,13,0,70,52,,11,-36,24,30,DISTRICT6,BLISTER
ART-INJ,4/1/2024,HEALTH CENTER,4235,20,386,2111,,0,-220,289,5,DISTRICT24,VIAL
ACT-SC,7/1/2024,HEALTH CENTER,,,2,,,20,182,0,30,DISTRICT16,BLISTER
ACT-GC,2/1/2024,HEALTH CENTER,990,,108,557,,2,679,76,30,DISTRICT29,BLISTER
ART-SUP,7/1/2025,HEALTH CENTER,149,142,145,262,,3,-6,,2,DISTRICT28,CAPSULE
ACT-INF,5/1/2025,HEALTH CENTER,,3,,,,99,402,190,30,DISTRICT36,BLISTER
RDT,9/1/2024,HEALTH CENTER,,17,155,,,240,-263,377,25,DISTRICT1,PIECE
PYRA-SAC,5/1/2024,HEALTH CENTER,,763,294,,1136,,-575,316,1,DISTRICT5,SACHET
QUIN,7/1/2025,HEALTH CENTER,1860,6,516,2494,1272,1181,-262,,1000,DISTRICT22,TABLET
QUIN,12/1/2023,HEALTH CENTER,1785,845,352,,,283,538,,1000,DISTRICT32,TABLET
ART-INJ,12/1/2023,HEALTH CENTER,2062,23,,2538,,,-912,198,5,DISTRICT6,VIAL
ART-INJ,9/1/2024,HEALTH CENTER,,61,,1585,638,10,-406,,5,DISTRICT25,VIAL
PYRA-COMP,8/1/2024,DISTRICT HOSPITAL,1069,,,47,,20,42,4,1,DISTRICT25,TABLET
RDT,6/1/2025,HEALTH CENTER,436,1065,324,1125,,7,-293,303,25,DISTRICT5,PIECE
ART-SUP,5/1/2025,HEALTH CENTER,59,444,46,18,,175,369,2,2,DISTRICT5,CAPSULE
ACT-INF,8/1/2025,HEALTH CENTER,,,223,294,642,4099,-265,87,30,DISTRICT16,BLISTER
SP,6/1/2024,HEALTH CENTER,370,,438,363,478,0,800,,1000,DISTRICT14,TABLET
ART-SUP,3/1/2024,HEALTH CENTER,4806,380,1056,,1910,5698,-400,1491,2,DISTRICT29,CAPSULE
ITN,10/1/2024,HEALTH CENTER,1230,,547,3090,,750,30,604,50,DISTRICT13,PIECE
SP,2/1/2025,HEALTH CENTER,878,3,424,805,302,0,212,,1000,DISTRICT31,TABLET
RDT,9/1/2025,HEALTH CENTER,,3,217,,,47,246,71,25,DISTRICT22,PIECE
ACT-GC,9/1/2024,HEALTH CENTER,205,99,64,78,166,0,-344,93,30,DISTRICT22,BLISTER
ACT-INF,5/1/2024,HEALTH CENTER,976,977,,1123,,10,-1126,149,30,DISTRICT24,BLISTER
ITN,6/1/2025,HEALTH CENTER,275,0,65,274,451,,-402,,50,DISTRICT1,PIECE
ART-SUP,6/1/2025,HEALTH CENTER,316,140,,557,,7,-242,183,2,DISTRICT33,CAPSULE
PYRA-COMP,8/1/2024,HEALTH CENTER,1661,21,,1333,,828,760,294,1,DISTRICT24,TABLET
SP,7/1/2025,HEALTH CENTER,,0,17,,,1,597,,1000,DISTRICT31,TABLET
RDT,2/1/2024,HEALTH CENTER,58,209,58,122,,637,-225,54,25,DISTRICT8,PIECE
ART-INJ,3/1/2025,DISTRICT HOSPITAL,4606,89,731,1990,,2636,-504,228,5,DISTRICT6,VIAL
PYRA-COMP,5/1/2024,HEALTH CENTER,2020,32,215,,,2203,-41,119,1,DISTRICT26,TABLET
ART-SUP,2/1/2025,HEALTH CENTER,1742,1,163,1850,1234,0,-905,100,2,DISTRICT10,CAPSULE
ART-INJ,12/1/2023,HEALTH CENTER,1221,49,185,,1304,18,-1008,100,5,DISTRICT6,VIAL
ITN,11/1/2025,HEALTH CENTER,679,19,265,416,,,466,,50,DISTRICT16,PIECE
PYRA-SAC,3/1/2024,DISTRICT HOSPITAL,,,,423,,0,-3,,1,DISTRICT24,SACHET
QUIN,3/1/2025,HEALTH CENTER,735,,227,161,,900,-702,182,1000,DISTRICT25,TABLET
RDT,12/1/2024,HEALTH CENTER,1169,0,55,517,259,,-693,18,25,DISTRICT36,PIECE
PYRA-SAC,10/1/2025,HEALTH CENTER,219,0,26,,,,-111,13,1,DISTRICT16,SACHET
ACT-AD,5/1/2025,HEALTH CENTER,577,,177,,229,70,-207,272,30,DISTRICT33,BLISTER
PYRA-COMP,5/1/2025,HEALTH CENTER,2123,6,261,2095,594,,244,,1,DISTRICT4,TABLET
ACT-AD,6/1/2024,HEALTH CENTER,198,,201,330,,12,-175,169,30,DISTRICT36,BLISTER
ITN,9/1/2025,HEALTH CENTER,,,100,1238,,356,213,61,50,DISTRICT35,PIECE
ART-INJ,6/1/2024,HEALTH CENTER,,0,,425,,,465,,5,DISTRICT16,VIAL
ACT-SC,11/1/2024,HEALTH CENTER,25,,13,,,,-12,2,30,DISTRICT19,BLISTER
RDT,3/1/2024,HEALTH CENTER,,1,219,291,,20,84,48,25,DISTRICT3,PIECE
QUIN,9/1/2024,HEALTH CENTER,1196,0,290,,1263,403,564,335,1000,DISTRICT7,TABLET
PYRA-COMP,1/1/2024,HEALTH CENTER,,0,1,3,537,,263,4,1,DISTRICT10,TABLET
ART-INJ,7/1/2025,HEALTH CENTER,1070,816,,1687,,552,407,511,5,DISTRICT33,VIAL
ACT-INF,7/1/2024,HEALTH CENTER,5,5,,,1002,264,238,0,30,DISTRICT6,BLISTER
ITN,5/1/2024,HEALTH CENTER,66,0,33,,,2263,-44,,50,DISTRICT6,PIECE
ITN,3/1/2025,HEALTH CENTER,506,,69,922,,0,370,106,50,DISTRICT32,PIECE
SP,4/1/2024,HEALTH CENTER,,,671,818,,7177,157,787,1000,DISTRICT29,TABLET
ITN,6/1/2025,NATIONAL HOSPITAL,1661,7,,713,,0,458,157,50,DISTRICT37,PIECE
ART-SUP,2/1/2024,HEALTH CENTER,,,,501,,545,856,,2,DISTRICT16,CAPSULE
QUIN,9/1/2024,HEALTH CENTER,,,,1760,103,133,372,67,1000,DISTRICT29,TABLET
RDT,2/1/2025,HEALTH CENTER,249,355,,717,,243,538,192,25,DISTRICT28,PIECE
SP,9/1/2025,HEALTH CENTER,,215,15,25,,0,28,4,1000,DISTRICT33,TABLET
SP,8/1/2025,HEALTH CENTER,314,,186,490,,9,302,,1000,DISTRICT1,TABLET
PYRA-SAC,9/1/2025,HEALTH CENTER,656,,559,769,1548,,-139,667,1,DISTRICT19,SACHET
ITN,10/1/2025,HEALTH CENTER,,0,446,462,,32,533,,50,DISTRICT16,PIECE
ITN,9/1/2024,HEALTH CENTER,3058,0,582,1301,,81,196,,50,DISTRICT6,PIECE
RDT,6/1/2025,HEALTH CENTER,3501,0,349,3497,216,8,26,227,25,DISTRICT24,PIECE
ACT-INF,7/1/2025,HEALTH CENTER,,,12,39,502,0,-706,0,30,DISTRICT20,BLISTER
ACT-AD,6/1/2025,DISTRICT HOSPITAL,20,15,28,33,,507,-219,,30,DISTRICT5,BLISTER
ITN,7/1/2024,HEALTH CENTER,692,,,888,1689,640,-15,253,50,DISTRICT15,PIECE
SP,3/1/2025,DISTRICT HOSPITAL,927,,576,314,,,-251,,1000,DISTRICT33,TABLET
RDT,1/1/2025,DISTRICT HOSPITAL,,0,373,245,,1509,-8,210,25,DISTRICT35,PIECE
RDT,12/1/2024,HEALTH CENTER,480,,243,112,,,-751,,25,DISTRICT28,PIECE
ITN,6/1/2024,DISTRICT HOSPITAL,651,,101,386,160,117,32,93,50,DISTRICT13,PIECE
RDT,10/1/2024,HEALTH CENTER,,194,13,387,,3,624,13,25,DISTRICT28,PIECE
RDT,1/1/2024,HEALTH CENTER,41,0,,,,0,-125,14,25,DISTRICT23,PIECE
QUIN,1/1/2025,HEALTH CENTER,621,0,323,894,,357,-117,165,1000,DISTRICT31,TABLET
ACT-SC,8/1/2024,HEALTH CENTER,1287,3,719,2064,1087,877,-1,513,30,DISTRICT17,BLISTER
SP,9/1/2025,HEALTH CENTER,,0,289,,496,0,248,282,1000,DISTRICT13,TABLET
PYRA-SAC,8/1/2024,HEALTH CENTER,787,604,,1008,1723,,-23,263,1,DISTRICT33,SACHET
ACT-AD,5/1/2025,HEALTH CENTER,2233,161,,2376,1780,6,533,,30,DISTRICT30,BLISTER
ART-SUP,3/1/2025,HEALTH CENTER,1576,202,619,189,837,840,-6,561,2,DISTRICT14,CAPSULE
SP,1/1/2024,HEALTH CENTER,641,1,59,571,,5,64,,1000,DISTRICT11,TABLET
ART-SUP,5/1/2025,HEALTH CENTER,169,,44,365,,0,153,21,2,DISTRICT13,CAPSULE
ACT-INF,3/1/2024,HEALTH CENTER,,2,617,,1044,,105,,30,DISTRICT29,BLISTER
ITN,2/1/2025,HEALTH CENTER,,442,,,,2,-756,188,50,DISTRICT13,PIECE
ACT-SC,3/1/2025,HEALTH CENTER,,,,92,,1,178,15,30,DISTRICT13,BLISTER
ART-SUP,10/1/2024,HEALTH CENTER,1279,0,105,559,1149,324,-201,24,2,DISTRICT33,CAPSULE
QUIN,3/1/2025,HEALTH CENTER,175,766,179,1463,1341,593,571,250,1000,DISTRICT20,TABLET
ACT-GC,9/1/2024,NATIONAL HOSPITAL,,,615,1380,513,13,441,521,30,DISTRICT28,BLISTER
ACT-AD,10/1/2024,HEALTH CENTER,27,6,91,185,,4,302,52,30,DISTRICT33,BLISTER
QUIN,9/1/2024,HEALTH CENTER,19,0,,18,,18,550,6,1000,DISTRICT27,TABLET
ACT-INF,5/1/2025,HEALTH CENTER,0,321,,,,8,421,1,30,DISTRICT33,BLISTER
PYRA-SAC,1/1/2025,DISTRICT HOSPITAL,7234,45,1423,6479,757,286,-31,975,1,DISTRICT32,SACHET
PYRA-SAC,9/1/2025,HEALTH CENTER,3214,11,126,1332,,,-645,25,1,DISTRICT25,SACHET
ACT-INF,12/1/2024,DISTRICT HOSPITAL,398,,,1217,639,0,-757,,30,DISTRICT31,BLISTER
ITN,8/1/2024,HEALTH CENTER,2805,0,406,,1006,340,-28,64,50,DISTRICT22,PIECE
RDT,2/1/2024,HEALTH CENTER,890,2950,397,1569,,956,32,248,25,DISTRICT24,PIECE
ACT-INF,6/1/2024,DISTRICT HOSPITAL,,117,404,1442,,1412,158,422,30,DISTRICT38,BLISTER
ACT-SC,4/1/2024,HEALTH CENTER,,,,208,118,,-5,54,30,DISTRICT31,BLISTER
ACT-AD,8/1/2025,HEALTH CENTER,,,77,,,0,659,26,30,DISTRICT23,BLISTER
ART-INJ,9/1/2024,HEALTH CENTER,,3,16,7,,0,188,,5,DISTRICT8,VIAL
ACT-INF,7/1/2025,HEALTH CENTER,1,50,,44,,,172,11,30,DISTRICT32,BLISTER
ACT-INF,11/1/2024,HEALTH CENTER,999,488,850,1993,,231,-260,1034,30,DISTRICT15,BLISTER
ACT-SC,8/1/2025,HEALTH CENTER,53,,8,87,516,0,-504,1,30,DISTRICT19,BLISTER
ACT-GC,2/1/2025,HEALTH CENTER,103,,37,,,17,-107,,30,DISTRICT9,BLISTER
ART-INJ,8/1/2024,HEALTH CENTER,,59,81,981,,0,-759,18,5,DISTRICT31,VIAL
ACT-GC,8/1/2025,HEALTH CENTER,39,28,11,,280,0,-126,,30,DISTRICT26,BLISTER
ITN,12/1/2024,HEALTH CENTER,374,2,,,,1982,-345,,50,DISTRICT4,PIECE
ACT-AD,11/1/2024,HEALTH CENTER,4,1,15,2,1118,1442,525,,30,DISTRICT12,BLISTER
ACT-INF,11/1/2025,HEALTH CENTER,,379,937,,,4263,168,1377,30,DISTRICT36,BLISTER
ACT-SC,4/1/2025,HEALTH CENTER,1508,,411,376,,1615,-122,370,30,DISTRICT37,BLISTER
ITN,1/1/2025,HEALTH CENTER,774,0,129,1089,,28,-139,166,50,DISTRICT32,PIECE
PYRA-SAC,10/1/2025,REGIONAL HOSPITAL,,,33,286,,,1003,,1,DISTRICT1,SACHET
ACT-AD,9/1/2024,HEALTH CENTER,1,14,8,2,,249,-309,1,30,DISTRICT32,BLISTER
PYRA-SAC,11/1/2024,HEALTH CENTER,980,,274,708,,6,114,,1,DISTRICT32,SACHET
ART-INJ,6/1/2024,HEALTH CENTER,295,416,17,534,,0,215,45,5,DISTRICT31,VIAL
PYRA-COMP,12/1/2024,HEALTH CENTER,1286,,603,,,27,-593,292,1,DISTRICT3,TABLET
ITN,5/1/2024,HEALTH CENTER,,128,,1067,899,0,120,138,50,DISTRICT3,PIECE
QUIN,3/1/2025,HEALTH CENTER,1657,,590,,1420,,-661,510,1000,DISTRICT27,TABLET
ACT-SC,4/1/2024,HEALTH CENTER,1998,1,,2141,,0,-207,182,30,DISTRICT31,BLISTER
RDT,2/1/2024,HEALTH CENTER,5783,1,528,3722,,63,-159,432,25,DISTRICT31,PIECE
QUIN,10/1/2025,HEALTH CENTER,714,31,,,,,-164,153,1000,DISTRICT26,TABLET
SP,9/1/2024,HEALTH CENTER,,0,225,759,,,419,60,1000,DISTRICT21,TABLET
ACT-SC,11/1/2025,HEALTH CENTER,1152,0,665,,303,986,406,,30,DISTRICT26,BLISTER
ITN,4/1/2024,HEALTH CENTER,151,318,,90,633,,-32,111,50,DISTRICT37,PIECE
ITN,1/1/2024,HEALTH CENTER,116,10,,148,,122,154,307,50,DISTRICT10,PIECE
SP,4/1/2025,HEALTH CENTER,,2,21,,,,-180,4,1000,DISTRICT22,TABLET
QUIN,11/1/2024,HEALTH CENTER,,0,78,282,146,,208,192,1000,DISTRICT31,TABLET
RDT,8/1/2024,HEALTH CENTER,2176,6,199,549,1365,0,-1051,79,25,DISTRICT3,PIECE
ITN,4/1/2025,DISTRICT HOSPITAL,303,,53,943,,0,-236,30,50,DISTRICT19,PIECE
ART-SUP,10/1/2024,HEALTH CENTER,,58,166,912,,587,388,131,2,DISTRICT14,CAPSULE
ACT-GC,1/1/2025,DISTRICT HOSPITAL,352,3,,789,574,0,73,53,30,DISTRICT1,BLISTER
ACT-INF,2/1/2024,HEALTH CENTER,,,543,2294,1937,,960,882,30,DISTRICT1,BLISTER
SP,6/1/2025,HEALTH CENTER,198,23,116,171,,476,-528,22,1000,DISTRICT18,TABLET
QUIN,10/1/2024,HEALTH CENTER,2130,0,159,1881,,,37,94,1000,DISTRICT9,TABLET
ACT-SC,2/1/2024,DISTRICT HOSPITAL,2678,0,1190,849,,521,203,1693,30,DISTRICT2,BLISTER
PYRA-SAC,4/1/2025,HEALTH CENTER,485,303,,515,,,-226,163,1,DISTRICT28,SACHET
ACT-AD,9/1/2025,HEALTH CENTER,,157,50,40,,,-718,58,30,DISTRICT24,BLISTER
PYRA-SAC,1/1/2025,HEALTH CENTER,,,74,360,,1,358,61,1,DISTRICT38,SACHET
QUIN,7/1/2025,HEALTH CENTER,,,514,798,,1,-66,323,1000,DISTRICT22,TABLET
RDT,1/1/2024,HEALTH CENTER,,0,160,,,19,16,145,25,DISTRICT32,PIECE
ACT-GC,2/1/2025,HEALTH CENTER,512,172,396,1023,,225,-336,106,30,DISTRICT15,BLISTER
PYRA-SAC,9/1/2024,HEALTH CENTER,1846,,323,,494,153,-175,279,1,DISTRICT23,SACHET
PYRA-SAC,9/1/2024,HEALTH CENTER,1691,0,207,266,,,637,,1,DISTRICT15,SACHET
PYRA-SAC,4/1/2025,HEALTH CENTER,95,2,86,,,75,-173,26,1,DISTRICT4,SACHET
ACT-AD,12/1/2023,HEALTH CENTER,168,0,5,71,,1,-261,,30,DISTRICT20,BLISTER
ACT-SC,3/1/2024,HEALTH CENTER,834,1644,,,1948,36,151,88,30,DISTRICT9,BLISTER
PYRA-COMP,2/1/2025,HEALTH CENTER,,1729,1790,7757,,3259,-206,,1,DISTRICT16,TABLET
RDT,8/1/2024,HEALTH CENTER,234,10,291,,,1779,-687,393,25,DISTRICT36,PIECE
ACT-SC,6/1/2024,HEALTH CENTER,252,5,84,743,,4,148,35,30,DISTRICT31,BLISTER
SP,11/1/2024,REGIONAL HOSPITAL,761,0,,383,,101,-239,395,1000,DISTRICT16,TABLET
QUIN,1/1/2025,HEALTH CENTER,300,0,161,191,,0,441,43,1000,DISTRICT30,TABLET
ART-INJ,2/1/2024,HEALTH CENTER,,1,,1075,342,215,-62,543,5,DISTRICT29,VIAL
PYRA-COMP,8/1/2024,DISTRICT HOSPITAL,184,24,326,127,,2,-503,151,1,DISTRICT9,TABLET
PYRA-SAC,6/1/2025,DISTRICT HOSPITAL,719,296,,725,,,-245,19,1,DISTRICT13,SACHET
ACT-GC,12/1/2024,HEALTH CENTER,788,1461,423,2465,,97,290,,30,DISTRICT10,BLISTER
SP,1/1/2025,HEALTH CENTER,1935,,690,1564,,2976,-86,640,1000,DISTRICT32,TABLET
ACT-AD,11/1/2024,HEALTH CENTER,323,152,326,441,,83,164,170,30,DISTRICT19,BLISTER
ACT-GC,6/1/2024,HEALTH CENTER,3069,97,1214,,,,795,,30,DISTRICT4,BLISTER
RDT,11/1/2024,DISTRICT HOSPITAL,,,15,,,0,-32,1,25,DISTRICT2,PIECE
ACT-INF,9/1/2024,HEALTH CENTER,25,,,181,,,816,,30,DISTRICT9,BLISTER
ACT-INF,11/1/2025,HEALTH CENTER,,,138,1240,,,258,143,30,DISTRICT9,BLISTER
ACT-INF,11/1/2024,HEALTH CENTER,469,46,,,405,1432,-621,323,30,DISTRICT5,BLISTER
ACT-AD,6/1/2024,REGIONAL HOSPITAL,,,,272,,479,559,254,30,DISTRICT14,BLISTER
ART-SUP,8/1/2024,DISTRICT HOSPITAL,1979,4,297,,,311,-155,,2,DISTRICT19,CAPSULE
ACT-INF,8/1/2025,REGIONAL HOSPITAL,1723,374,300,954,,0,-3,,30,DISTRICT16,BLISTER
PYRA-SAC,7/1/2024,HEALTH CENTER,241,360,258,1483,460,,38,119,1,DISTRICT13,SACHET
ART-INJ,8/1/2025,HEALTH CENTER,,2,1077,1783,,32,-178,,5,DISTRICT1,VIAL
ART-INJ,9/1/2025,HEALTH CENTER,,1,,174,,7,-633,32,5,DISTRICT19,VIAL
ACT-INF,9/1/2024,HEALTH CENTER,1992,14,708,,,9,137,366,30,DISTRICT29,BLISTER
ART-INJ,6/1/2025,HEALTH CENTER,941,102,,2205,595,0,1128,348,5,DISTRICT16,VIAL
SP,5/1/2025,HEALTH CENTER,556,,174,840,,971,-108,321,1000,DISTRICT23,TABLET
ART-INJ,3/1/2024,DISTRICT HOSPITAL,501,0,315,,,36,315,,5,DISTRICT33,VIAL
ART-SUP,4/1/2025,HEALTH CENTER,844,757,,3144,955,3637,363,722,2,DISTRICT20,CAPSULE
ACT-SC,7/1/2025,HEALTH CENTER,,17,149,,,103,-305,66,30,DISTRICT9,BLISTER
ART-SUP,8/1/2024,HEALTH CENTER,,0,24,629,445,34,-81,15,2,DISTRICT19,CAPSULE
PYRA-COMP,3/1/2025,HEALTH CENTER,226,314,183,,,,252,,1,DISTRICT27,TABLET
SP,2/1/2024,HEALTH CENTER,1548,685,776,1566,,494,-371,247,1000,DISTRICT23,TABLET
SP,7/1/2025,HEALTH CENTER,109,2,92,,,,-179,40,1000,DISTRICT13,TABLET
QUIN,10/1/2025,HEALTH CENTER,47,0,28,,,,456,9,1000,DISTRICT21,TABLET
ACT-AD,8/1/2025,HEALTH CENTER,,,572,828,541,167,-53,196,30,DISTRICT28,BLISTER
ART-INJ,6/1/2024,DISTRICT HOSPITAL,457,67,217,,,3660,-81,,5,DISTRICT33,VIAL
ART-SUP,2/1/2025,HEALTH CENTER,,129,60,49,,184,-471,52,2,DISTRICT9,CAPSULE
ACT-GC,3/1/2024,HEALTH CENTER,521,0,,250,271,35,109,1,30,DISTRICT13,BLISTER
QUIN,2/1/2024,HEALTH CENTER,,,,,,0,-707,,1000,DISTRICT30,TABLET
ACT-GC,9/1/2024,HEALTH CENTER,530,0,212,273,,0,-73,171,30,DISTRICT29,BLISTER
PYRA-COMP,11/1/2024,HEALTH CENTER,2235,0,742,1679,,10941,467,558,1,DISTRICT20,TABLET
PYRA-COMP,5/1/2025,HEALTH CENTER,34,,,209,,0,142,0,1,DISTRICT29,TABLET
ACT-SC,12/1/2024,HEALTH CENTER,169,0,,41,576,124,-167,,30,DISTRICT32,BLISTER
SP,3/1/2025,HEALTH CENTER,538,901,110,3021,,,125,,1000,DISTRICT33,TABLET
RDT,10/1/2025,HEALTH CENTER,4451,,1004,3760,1114,1696,490,531,25,DISTRICT14,PIECE
ITN,4/1/2025,HEALTH CENTER,754,6,191,690,,272,464,194,50,DISTRICT28,PIECE
ART-SUP,4/1/2024,HEALTH CENTER,513,1492,,1729,,2569,-278,,2,DISTRICT29,CAPSULE
ACT-INF,1/1/2024,HEALTH CENTER,,0,,22,,7,-182,,30,DISTRICT23,BLISTER
ITN,7/1/2025,HEALTH CENTER,1714,37,,,427,90,-243,266,50,DISTRICT37,PIECE
ART-INJ,11/1/2025,HEALTH CENTER,493,659,183,1227,,177,380,,5,DISTRICT8,VIAL
ART-SUP,8/1/2024,HEALTH CENTER,1439,,301,641,,,-387,,2,DISTRICT24,CAPSULE
SP,1/1/2024,HEALTH CENTER,,,34,384,,224,473,5,1000,DISTRICT28,TABLET
ART-SUP,10/1/2024,HEALTH CENTER,555,14,35,,707,535,574,158,2,DISTRICT23,CAPSULE
ACT-GC,1/1/2025,HEALTH CENTER,,1,99,396,,0,-457,,30,DISTRICT13,BLISTER
ART-INJ,9/1/2025,HEALTH CENTER,2648,3,,1783,,1509,-16,,5,DISTRICT31,VIAL
SP,6/1/2024,DISTRICT HOSPITAL,33,33,12,,121,0,105,1,1000,DISTRICT25,TABLET
ART-INJ,10/1/2024,HEALTH CENTER,58,,77,181,375,31,57,20,5,DISTRICT15,VIAL
ACT-SC,2/1/2025,HEALTH CENTER,3580,,783,,,836,80,,30,DISTRICT7,BLISTER
QUIN,5/1/2025,HEALTH CENTER,,0,490,397,,1279,-270,153,1000,DISTRICT19,TABLET
ACT-GC,8/1/2024,HEALTH CENTER,395,0,276,38,,16,-584,106,30,DISTRICT10,BLISTER
ACT-AD,7/1/2024,HEALTH CENTER,,,425,1020,,0,-238,350,30,DISTRICT1,BLISTER
ACT-GC,7/1/2025,HEALTH CENTER,,,1030,2820,,964,103,1126,30,DISTRICT7,BLISTER
RDT,6/1/2024,HEALTH CENTER,,0,,945,,0,-657,48,25,DISTRICT35,PIECE
SP,5/1/2024,HEALTH CENTER,566,246,318,,,0,295,33,1000,DISTRICT1,TABLET
RDT,8/1/2024,HEALTH CENTER,1767,,507,,,1582,-393,444,25,DISTRICT37,PIECE
ART-INJ,4/1/2024,HEALTH CENTER,1974,47,218,447,,870,-609,195,5,DISTRICT38,VIAL
QUIN,5/1/2025,HEALTH CENTER,539,,,102,496,0,0,7,1000,DISTRICT32,TABLET
ITN,3/1/2024,HEALTH CENTER,166,5,,351,,,619,12,50,DISTRICT28,PIECE
ART-SUP,3/1/2024,HEALTH CENTER,1,10,2,6,293,0,-309,,2,DISTRICT31,CAPSULE
ACT-GC,6/1/2024,HEALTH CENTER,475,15,241,,,1831,20,69,30,DISTRICT20,BLISTER
PYRA-SAC,10/1/2024,HEALTH CENTER,3210,143,1013,4299,,4446,330,1360,1,DISTRICT15,SACHET
SP,12/1/2023,HEALTH CENTER,,207,,2882,,155,191,624,1000,DISTRICT29,TABLET
ITN,8/1/2024,HEALTH CENTER,259,0,67,,871,34,206,5,50,DISTRICT18,PIECE
PYRA-COMP,4/1/2025,HEALTH CENTER,69,4,28,248,,995,-339,18,1,DISTRICT3,TABLET
ACT-INF,12/1/2024,HEALTH CENTER,115,,14,589,,,496,,30,DISTRICT29,BLISTER
SP,4/1/2024,HEALTH CENTER,,,1720,7825,,1864,-21,,1000,DISTRICT13,TABLET
ITN,6/1/2024,HEALTH CENTER,,25,,837,,,209,43,50,DISTRICT20,PIECE
ACT-GC,4/1/2024,HEALTH CENTER,82,1414,,125,,3,-40,27,30,DISTRICT13,BLISTER
ART-INJ,1/1/2025,HEALTH CENTER,450,10,,203,,1306,-295,65,5,DISTRICT13,VIAL
ACT-INF,1/1/2024,HEALTH CENTER,,96,124,,346,11,610,63,30,DISTRICT21,BLISTER
ACT-SC,6/1/2025,HEALTH CENTER,637,0,278,153,,10,409,25,30,DISTRICT29,BLISTER
ACT-SC,2/1/2024,DISTRICT HOSPITAL,,0,35,124,907,,549,20,30,DISTRICT33,BLISTER
RDT,3/1/2025,HEALTH CENTER,1061,21,448,397,420,0,188,479,25,DISTRICT21,PIECE
ART-INJ,7/1/2024,HEALTH CENTER,1799,0,341,1857,,,1007,,5,DISTRICT30,VIAL
PYRA-COMP,8/1/2024,HEALTH CENTER,4894,1882,982,4500,,19,-219,783,1,DISTRICT31,TABLET
ACT-SC,8/1/2025,HEALTH CENTER,766,,142,,829,87,-732,121,30,DISTRICT13,BLISTER
ART-INJ,8/1/2024,HEALTH CENTER,,45,370,2172,,10254,234,,5,DISTRICT12,VIAL
ACT-INF,1/1/2025,HEALTH CENTER,1020,2,,,,0,369,49,30,DISTRICT13,BLISTER
SP,10/1/2025,HEALTH CENTER,81,1086,,806,,3246,-142,591,1000,DISTRICT16,TABLET
ACT-AD,4/1/2024,HEALTH CENTER,,0,,,,8,-822,15,30,DISTRICT25,BLISTER
ART-SUP,10/1/2024,HEALTH CENTER,61,0,6,4,,2,71,,2,DISTRICT13,CAPSULE
SP,8/1/2024,HEALTH CENTER,2677,1,189,1694,,0,-564,264,1000,DISTRICT15,TABLET
ART-SUP,7/1/2025,DISTRICT HOSPITAL,433,0,,,,196,358,7,2,DISTRICT36,CAPSULE
PYRA-SAC,8/1/2025,HEALTH CENTER,749,,,1576,,5478,20,,1,DISTRICT27,SACHET
PYRA-COMP,6/1/2024,HEALTH CENTER,66,1,28,,,86,-314,,1,DISTRICT35,TABLET
ACT-AD,12/1/2023,HEALTH CENTER,377,,71,237,,0,-42,21,30,DISTRICT23,BLISTER
SP,4/1/2025,HEALTH CENTER,,0,58,183,,,-18,5,1000,DISTRICT33,TABLET
PYRA-SAC,7/1/2025,HEALTH CENTER,1017,5,223,265,1201,429,194,261,1,DISTRICT32,SACHET
ITN,4/1/2024,HEALTH CENTER,2286,1429,485,2127,,,461,584,50,DISTRICT20,PIECE
QUIN,7/1/2025,HEALTH CENTER,,1,,3,76,218,532,4,1000,DISTRICT27,TABLET
RDT,8/1/2024,HEALTH CENTER,,,470,1991,,,600,188,25,DISTRICT29,PIECE
QUIN,3/1/2024,HEALTH CENTER,,0,77,,,,453,,1000,DISTRICT32,TABLET
ACT-INF,5/1/2025,HEALTH CENTER,202,99,391,,,16,-514,157,30,DISTRICT13,BLISTER
PYRA-COMP,2/1/2024,HEALTH CENTER,109,2,6,344,1114,1477,-634,22,1,DISTRICT23,TABLET
ITN,7/1/2025,HEALTH CENTER,861,0,91,,,2110,-152,78,50,DISTRICT19,PIECE
ART-INJ,9/1/2024,HEALTH CENTER,885,498,,,1312,972,-362,38,5,DISTRICT20,VIAL
QUIN,6/1/2024,HEALTH CENTER,,125,75,520,,,-54,66,1000,DISTRICT32,TABLET
ACT-INF,4/1/2025,HEALTH CENTER,1422,320,459,1453,709,,387,369,30,DISTRICT10,BLISTER
RDT,10/1/2025,HEALTH CENTER,,15,244,3252,,0,868,275,25,DISTRICT32,PIECE
ITN,5/1/2024,HEALTH CENTER,368,,,7,,0,-240,0,50,DISTRICT23,PIECE
ACT-GC,11/1/2025,HEALTH CENTER,1411,109,,,,751,-119,650,30,DISTRICT15,BLISTER
ACT-AD,10/1/2025,HEALTH CENTER,2231,114,233,,207,20,-6,96,30,DISTRICT4,BLISTER
RDT,6/1/2024,HEALTH CENTER,113,1,38,5,,4328,-257,,25,DISTRICT20,PIECE
ACT-AD,4/1/2025,HEALTH CENTER,1018,48,159,444,683,2857,-90,167,30,DISTRICT23,BLISTER
PYRA-SAC,10/1/2025,HEALTH CENTER,12,269,72,86,,2,-372,17,1,DISTRICT20,SACHET
PYRA-SAC,4/1/2024,HEALTH CENTER,8,0,0,2,,1590,319,0,1,DISTRICT9,SACHET
ITN,5/1/2024,HEALTH CENTER,581,1123,106,1569,,34,208,,50,DISTRICT26,PIECE
ACT-INF,4/1/2025,HEALTH CENTER,776,0,328,1418,,292,-960,,30,DISTRICT22,BLISTER
RDT,7/1/2025,HEALTH CENTER,,,21,150,,1654,673,12,25,DISTRICT30,PIECE
PYRA-SAC,2/1/2024,HEALTH CENTER,,986,122,1718,,,-336,,1,DISTRICT35,SACHET
ART-SUP,3/1/2025,DISTRICT HOSPITAL,360,752,145,673,,798,-332,82,2,DISTRICT30,CAPSULE
ITN,7/1/2024,HEALTH CENTER,,270,87,112,,,362,25,50,DISTRICT8,PIECE
QUIN,12/1/2023,HEALTH CENTER,668,22,,405,494,1,-983,,1000,DISTRICT22,TABLET
PYRA-COMP,8/1/2025,HEALTH CENTER,326,144,,,1504,1,-243,558,1,DISTRICT23,TABLET
PYRA-SAC,1/1/2025,HEALTH CENTER,426,21,117,453,,143,483,,1,DISTRICT33,SACHET
PYRA-SAC,10/1/2025,HEALTH CENTER,4002,308,940,4433,,1,-638,1104,1,DISTRICT24,SACHET
ART-SUP,7/1/2024,HEALTH CENTER,,2328,,,,13,86,21,2,DISTRICT26,CAPSULE
RDT,9/1/2024,HEALTH CENTER,5014,,1142,6006,,192,802,569,25,DISTRICT33,PIECE
ACT-SC,5/1/2025,HEALTH CENTER,3241,3,288,554,939,114,-324,,30,DISTRICT22,BLISTER
ACT-AD,2/1/2024,HEALTH CENTER,374,,220,297,,,5,99,30,DISTRICT1,BLISTER
ACT-SC,8/1/2025,HEALTH CENTER,2792,749,919,,,46,317,242,30,DISTRICT23,BLISTER
QUIN,2/1/2025,HEALTH CENTER,,35,492,2698,,6,59,,1000,DISTRICT32,TABLET
ART-INJ,11/1/2024,HEALTH CENTER,47,,15,213,451,0,392,,5,DISTRICT31,VIAL
ITN,12/1/2024,HEALTH CENTER,379,,93,190,,,-518,20,50,DISTRICT30,PIECE
RDT,2/1/2024,DISTRICT HOSPITAL,1815,8,104,1552,,0,-418,333,25,DISTRICT29,PIECE
ACT-GC,7/1/2024,HEALTH CENTER,,,307,2917,,170,-542,183,30,DISTRICT14,BLISTER
RDT,6/1/2025,DISTRICT HOSPITAL,1282,774,,1701,,225,338,296,25,DISTRICT29,PIECE
PYRA-SAC,12/1/2023,HEALTH CENTER,553,,197,385,,,-452,173,1,DISTRICT18,SACHET
ART-INJ,6/1/2025,HEALTH CENTER,1261,662,356,534,,13,6,,5,DISTRICT32,VIAL
RDT,12/1/2024,HEALTH CENTER,4,,22,,392,73,845,,25,DISTRICT14,PIECE
ART-INJ,4/1/2025,HEALTH CENTER,,,370,,,392,450,21,5,DISTRICT22,VIAL
ART-INJ,4/1/2024,HEALTH CENTER,361,,,21,,587,368,,5,DISTRICT5,VIAL
QUIN,12/1/2023,DISTRICT HOSPITAL,216,10,29,,,1,-862,20,1000,DISTRICT19,TABLET
ART-INJ,3/1/2024,HEALTH CENTER,1994,1055,775,6697,270,303,-363,1005,5,DISTRICT23,VIAL
ART-SUP,6/1/2024,HEALTH CENTER,0,,0,,,0,-180,0,2,DISTRICT7,CAPSULE
PYRA-SAC,4/1/2025,REGIONAL HOSPITAL,801,64,117,1072,1291,7,-420,10,1,DISTRICT23,SACHET
RDT,6/1/2025,HEALTH CENTER,968,,398,821,,5914,-245,658,25,DISTRICT9,PIECE
PYRA-COMP,7/1/2025,HEALTH CENTER,0,,3,6,,,700,0,1,DISTRICT20,TABLET
ACT-SC,6/1/2025,HEALTH CENTER,642,,647,626,,,-618,,30,DISTRICT20,BLISTER
RDT,4/1/2025,HEALTH CENTER,,,,420,448,,-86,4,25,DISTRICT20,PIECE
ACT-SC,9/1/2024,HEALTH CENTER,,104,717,,,0,460,726,30,DISTRICT38,BLISTER
ACT-GC,7/1/2024,HEALTH CENTER,,0,,1293,331,6805,-23,29,30,DISTRICT26,BLISTER
ACT-AD,10/1/2024,DISTRICT HOSPITAL,2340,0,,1271,427,1535,157,,30,DISTRICT20,BLISTER
SP,4/1/2025,HEALTH CENTER,,24,,2,229,240,282,0,1000,DISTRICT33,TABLET
ACT-AD,9/1/2025,HEALTH CENTER,2816,,244,,,,135,63,30,DISTRICT23,BLISTER
ACT-GC,3/1/2024,HEALTH CENTER,1889,18,474,3111,,367,206,519,30,DISTRICT37,BLISTER
SP,1/1/2024,HEALTH CENTER,,0,248,2662,382,,-396,,1000,DISTRICT17,TABLET
SP,11/1/2024,HEALTH CENTER,747,4,560,1787,,34,399,716,1000,DISTRICT36,TABLET
PYRA-SAC,2/1/2024,HEALTH CENTER,,4,679,,1528,,-101,604,1,DISTRICT1,SACHET
SP,9/1/2025,HEALTH CENTER,397,,,940,389,82,945,68,1000,DISTRICT28,TABLET
ACT-AD,10/1/2025,HEALTH CENTER,,,,750,,5806,-35,,30,DISTRICT4,BLISTER
SP,5/1/2024,HEALTH CENTER,6,,37,53,,36,-187,27,1000,DISTRICT20,TABLET
ART-SUP,5/1/2024,HEALTH CENTER,1311,1525,309,4510,,,556,69,2,DISTRICT36,CAPSULE
PYRA-COMP,12/1/2024,HEALTH CENTER,14,,,,,0,-557,,1,DISTRICT38,TABLET
ART-SUP,10/1/2024,HEALTH CENTER,,18,229,,,21,134,166,2,DISTRICT22,CAPSULE
PYRA-COMP,10/1/2025,DISTRICT HOSPITAL,1398,270,274,847,,,-384,,1,DISTRICT2,TABLET
SP,2/1/2025,HEALTH CENTER,,16,,,,98,-964,,1000,DISTRICT33,TABLET
ACT-SC,8/1/2024,HEALTH CENTER,171,,108,239,,50,80,70,30,DISTRICT29,BLISTER
ART-SUP,4/1/2025,HEALTH CENTER,1153,466,444,,711,1132,-95,326,2,DISTRICT17,CAPSULE
SP,3/1/2024,HEALTH CENTER,235,,21,176,,,-381,2,1000,DISTRICT35,TABLET
ACT-SC,2/1/2025,HEALTH CENTER,4255,,374,,,2985,-287,,30,DISTRICT13,BLISTER
RDT,2/1/2025,HEALTH CENTER,534,,310,377,585,72,387,,25,DISTRICT32,PIECE
ACT-GC,5/1/2025,HEALTH CENTER,1490,,133,3919,500,0,438,9,30,DISTRICT7,BLISTER
QUIN,12/1/2023,DISTRICT HOSPITAL,1417,0,162,831,,0,-168,112,1000,DISTRICT25,TABLET
ART-INJ,12/1/2024,HEALTH CENTER,,19,,57,807,296,573,121,5,DISTRICT37,VIAL
ACT-SC,8/1/2025,HEALTH CENTER,1882,,614,308,,,352,,30,DISTRICT16,BLISTER
QUIN,11/1/2025,HEALTH CENTER,1498,287,,1048,555,238,-565,856,1000,DISTRICT2,TABLET
ACT-AD,3/1/2024,HEALTH CENTER,257,,141,146,497,280,-91,72,30,DISTRICT16,BLISTER
RDT,5/1/2024,HEALTH CENTER,930,24,180,982,,642,105,69,25,DISTRICT24,PIECE
ACT-GC,11/1/2024,HEALTH CENTER,812,0,515,392,,,490,169,30,DISTRICT6,BLISTER
ITN,4/1/2025,HEALTH CENTER,48,,27,334,259,0,145,1,50,DISTRICT15,PIECE
ACT-SC,10/1/2025,HEALTH CENTER,,0,24,273,,5,298,,30,DISTRICT9,BLISTER
PYRA-COMP,6/1/2025,HEALTH CENTER,2121,131,172,2156,,0,-619,,1,DISTRICT23,TABLET
ART-INJ,10/1/2025,HEALTH CENTER,1041,0,,820,,909,592,266,5,DISTRICT37,VIAL
ART-SUP,2/1/2025,HEALTH CENTER,3951,63,235,1208,790,,387,63,2,DISTRICT31,CAPSULE
ACT-GC,6/1/2024,HEALTH CENTER,165,,9,157,,0,180,,30,DISTRICT10,BLISTER
RDT,2/1/2025,HEALTH CENTER,103,197,47,,,6,-22,67,25,DISTRICT10,PIECE
ACT-INF,9/1/2025,HEALTH CENTER,,124,418,548,703,,-543,,30,DISTRICT9,BLISTER
PYRA-SAC,7/1/2024,HEALTH CENTER,621,803,107,621,,0,-389,179,1,DISTRICT1,SACHET
SP,11/1/2024,HEALTH CENTER,,,,207,,,502,15,1000,DISTRICT23,TABLET
SP,1/1/2024,HEALTH CENTER,449,0,,,,0,-634,17,1000,DISTRICT26,TABLET
SP,12/1/2024,HEALTH CENTER,510,113,483,709,436,2948,-666,839,1000,DISTRICT2,TABLET
ACT-AD,10/1/2025,HEALTH CENTER,342,,,1124,,566,739,,30,DISTRICT29,BLISTER
QUIN,8/1/2024,HEALTH CENTER,6554,86,794,3083,,217,-477,567,1000,DISTRICT25,TABLET
SP,6/1/2024,HEALTH CENTER,5335,2,712,3265,,,192,551,1000,DISTRICT20,TABLET
ITN,8/1/2025,HEALTH CENTER,166,144,,2579,787,,94,,50,DISTRICT31,PIECE
ACT-AD,4/1/2024,HEALTH CENTER,2631,579,709,,,1665,138,463,30,DISTRICT13,BLISTER
ACT-INF,12/1/2024,REGIONAL HOSPITAL,2106,103,,,,,494,314,30,DISTRICT26,BLISTER
ART-INJ,5/1/2025,HEALTH CENTER,,7,261,1013,,,-99,,5,DISTRICT36,VIAL
ACT-SC,4/1/2025,HEALTH CENTER,12,1267,190,547,,27,73,68,30,DISTRICT4,BLISTER
PYRA-COMP,1/1/2025,HEALTH CENTER,665,187,437,1231,,141,198,250,1,DISTRICT33,TABLET
ACT-INF,12/1/2023,HEALTH CENTER,791,0,284,148,,819,138,196,30,DISTRICT9,BLISTER
PYRA-COMP,3/1/2025,HEALTH CENTER,3484,183,730,2801,,,-506,,1,DISTRICT31,TABLET
ITN,6/1/2025,HEALTH CENTER,2318,287,,3429,,0,-113,133,50,DISTRICT26,PIECE
ACT-GC,5/1/2024,HEALTH CENTER,304,0,198,29,,1290,-445,114,30,DISTRICT37,BLISTER
ACT-SC,12/1/2023,HEALTH CENTER,,,47,879,,1,225,32,30,DISTRICT13,BLISTER
ACT-GC,9/1/2025,DISTRICT HOSPITAL,302,0,26,840,,1,-104,22,30,DISTRICT20,BLISTER
ACT-GC,12/1/2024,HEALTH CENTER,,16,350,,712,,-716,,30,DISTRICT30,BLISTER
ACT-INF,8/1/2024,DISTRICT HOSPITAL,1169,,,704,,1577,841,,30,DISTRICT25,BLISTER
SP,9/1/2025,HEALTH CENTER,955,,254,,353,,741,60,1000,DISTRICT5,TABLET
ITN,12/1/2024,HEALTH CENTER,1474,39,,785,,52,-12,404,50,DISTRICT20,PIECE
ACT-INF,4/1/2024,HEALTH CENTER,1020,0,444,1177,,13850,89,302,30,DISTRICT23,BLISTER
ACT-GC,8/1/2025,HEALTH CENTER,942,89,812,,407,390,-329,1055,30,DISTRICT31,BLISTER
ACT-AD,12/1/2024,DISTRICT HOSPITAL,,0,,3,,0,-266,0,30,DISTRICT19,BLISTER
ART-SUP,11/1/2024,HEALTH CENTER,301,0,147,265,,55,34,90,2,DISTRICT36,CAPSULE
ACT-AD,9/1/2024,DISTRICT HOSPITAL,1116,0,81,1140,,21,538,46,30,DISTRICT8,BLISTER
PYRA-SAC,5/1/2024,HEALTH CENTER,,,470,1053,,0,101,486,1,DISTRICT28,SACHET
PYRA-SAC,4/1/2024,HEALTH CENTER,,2,,2874,1412,,-149,1040,1,DISTRICT20,SACHET
ITN,1/1/2025,HEALTH CENTER,,148,195,1308,,35,-1035,97,50,DISTRICT15,PIECE
ACT-AD,9/1/2025,HEALTH CENTER,,3,431,1057,510,0,29,322,30,DISTRICT23,BLISTER
RDT,4/1/2024,HEALTH CENTER,2066,,1222,,681,1534,369,597,25,DISTRICT19,PIECE
ART-SUP,8/1/2024,HEALTH CENTER,1,1,2,,185,0,-191,7,2,DISTRICT8,CAPSULE
ITN,6/1/2024,HEALTH CENTER,,0,,,,0,-24,24,50,DISTRICT29,PIECE
QUIN,3/1/2025,HEALTH CENTER,,,,2703,253,0,309,43,1000,DISTRICT13,TABLET
ACT-SC,4/1/2025,HEALTH CENTER,1523,2,,1490,,,-626,325,30,DISTRICT6,BLISTER
PYRA-COMP,9/1/2025,HEALTH CENTER,261,18,117,345,,,-564,101,1,DISTRICT28,TABLET
ITN,11/1/2024,HEALTH CENTER,60,68,10,371,,,105,0,50,DISTRICT23,PIECE
SP,9/1/2024,DISTRICT HOSPITAL,16,,163,5,,5045,725,,1000,DISTRICT21,TABLET
PYRA-COMP,5/1/2025,HEALTH CENTER,1243,1139,578,3084,,30,-615,731,1,DISTRICT17,TABLET
PYRA-COMP,5/1/2024,HEALTH CENTER,507,82,343,,,230,-567,,1,DISTRICT16,TABLET
QUIN,12/1/2024,HEALTH CENTER,352,63,214,956,,0,353,192,1000,DISTRICT27,TABLET
SP,1/1/2024,HEALTH CENTER,584,60,66,464,719,6,-112,56,1000,DISTRICT3,TABLET
ACT-INF,9/1/2025,HEALTH CENTER,564,,,,,11,-700,146,30,DISTRICT14,BLISTER
ITN,9/1/2025,HEALTH CENTER,,,67,173,,18,192,27,50,DISTRICT19,PIECE
PYRA-COMP,2/1/2024,HEALTH CENTER,123,25,,213,,19,211,,1,DISTRICT9,TABLET
PYRA-COMP,3/1/2025,HEALTH CENTER,,3686,685,3844,1036,0,146,162,1,DISTRICT21,TABLET
ACT-AD,3/1/2024,HEALTH CENTER,2332,357,958,5778,,146,441,835,30,DISTRICT25,BLISTER
ACT-GC,6/1/2024,HEALTH CENTER,288,120,395,590,,5,-499,130,30,DISTRICT28,BLISTER
PYRA-SAC,2/1/2024,HEALTH CENTER,,853,,,,0,-81,330,1,DISTRICT19,SACHET
ACT-INF,11/1/2024,HEALTH CENTER,1940,,245,1410,,11,522,113,30,DISTRICT31,BLISTER
ACT-INF,9/1/2025,HEALTH CENTER,3402,76,486,2753,369,,76,,30,DISTRICT28,BLISTER
ACT-AD,3/1/2024,HEALTH CENTER,18,0,,,,482,-527,3,30,DISTRICT1,BLISTER
ACT-INF,7/1/2024,HEALTH CENTER,1814,561,,,,202,278,,30,DISTRICT3,BLISTER
ACT-INF,4/1/2024,HEALTH CENTER,674,58,,1654,,0,580,18,30,DISTRICT29,BLISTER
ART-SUP,8/1/2024,HEALTH CENTER,,4214,506,458,1670,422,-649,131,2,DISTRICT32,CAPSULE
ART-INJ,6/1/2024,HEALTH CENTER,6,,14,,528,0,-703,3,5,DISTRICT25,VIAL
SP,1/1/2024,HEALTH CENTER,1746,27,708,2639,454,464,-423,543,1000,DISTRICT32,TABLET
SP,6/1/2025,HEALTH CENTER,110,187,,,,80,116,34,1000,DISTRICT1,TABLET
ACT-INF,6/1/2024,HEALTH CENTER,2424,95,772,,,4,-280,464,30,DISTRICT30,BLISTER
PYRA-COMP,12/1/2024,HEALTH CENTER,359,235,325,673,897,2618,-161,188,1,DISTRICT31,TABLET
RDT,4/1/2025,HEALTH CENTER,261,,137,293,,4070,-1075,,25,DISTRICT25,PIECE
PYRA-SAC,7/1/2024,HEALTH CENTER,,,396,1525,,,-298,813,1,DISTRICT1,SACHET
ITN,10/1/2025,HEALTH CENTER,234,,,223,,1466,82,,50,DISTRICT30,PIECE
PYRA-SAC,7/1/2025,HEALTH CENTER,354,2,,19,,1,24,4,1,DISTRICT16,SACHET
ACT-AD,11/1/2025,HEALTH CENTER,,16,,,862,1040,297,,30,DISTRICT30,BLISTER
ACT-INF,5/1/2025,HEALTH CENTER,1289,13,,1635,,,524,276,30,DISTRICT13,BLISTER
ACT-INF,12/1/2024,HEALTH CENTER,,715,430,1164,,21,609,384,30,DISTRICT18,BLISTER
ART-INJ,12/1/2024,DISTRICT HOSPITAL,,903,791,,,3894,-186,673,5,DISTRICT1,VIAL
RDT,12/1/2024,HEALTH CENTER,22,12,,,,,207,,25,DISTRICT37,PIECE
ACT-AD,5/1/2024,HEALTH CENTER,,0,,,176,0,-670,92,30,DISTRICT1,BLISTER
ITN,2/1/2025,HEALTH CENTER,22,,42,87,,163,-122,,50,DISTRICT30,PIECE
ART-SUP,3/1/2025,HEALTH CENTER,215,7,376,,717,3575,274,180,2,DISTRICT1,CAPSULE
ACT-SC,4/1/2024,HEALTH CENTER,4428,0,,2991,465,1052,-318,,30,DISTRICT8,BLISTER
QUIN,2/1/2025,DISTRICT HOSPITAL,,0,98,,,,-602,,1000,DISTRICT25,TABLET
PYRA-COMP,9/1/2024,HEALTH CENTER,3495,366,1033,2602,,19929,-676,1685,1,DISTRICT16,TABLET
ART-INJ,10/1/2024,HEALTH CENTER,1419,30,881,,,5881,377,917,5,DISTRICT30,VIAL
QUIN,9/1/2025,HEALTH CENTER,627,0,46,,,2004,362,39,1000,DISTRICT27,TABLET
QUIN,5/1/2024,HEALTH CENTER,20,0,5,101,278,2,98,0,1000,DISTRICT15,TABLET
PYRA-SAC,8/1/2024,HEALTH CENTER,3561,,,2116,,0,-504,278,1,DISTRICT29,SACHET
ACT-INF,12/1/2023,HEALTH CENTER,1899,57,942,1575,,507,458,,30,DISTRICT15,BLISTER
PYRA-COMP,10/1/2024,HEALTH CENTER,474,0,234,283,,,-447,220,1,DISTRICT30,TABLET
ACT-GC,10/1/2025,HEALTH CENTER,872,0,92,,,218,891,49,30,DISTRICT9,BLISTER
ART-INJ,11/1/2024,HEALTH CENTER,2312,0,269,2000,213,253,-710,371,5,DISTRICT25,VIAL
SP,4/1/2025,HEALTH CENTER,522,2,29,177,,0,185,3,1000,DISTRICT33,TABLET
ACT-SC,1/1/2024,HEALTH CENTER,556,,350,474,,,280,317,30,DISTRICT5,BLISTER
ART-SUP,4/1/2025,HEALTH CENTER,318,174,,541,522,36,-23,64,2,DISTRICT15,CAPSULE
PYRA-COMP,5/1/2025,HEALTH CENTER,,1029,,2647,,3871,-830,46,1,DISTRICT33,TABLET
ART-INJ,9/1/2025,HEALTH CENTER,,,566,,,,208,560,5,DISTRICT26,VIAL
ART-INJ,5/1/2024,HEALTH CENTER,74,380,294,683,,47,-50,590,5,DISTRICT15,VIAL
QUIN,3/1/2024,HEALTH CENTER,,0,125,,,344,-735,53,1000,DISTRICT31,TABLET
ART-SUP,1/1/2025,DISTRICT HOSPITAL,,238,176,,1052,0,661,161,2,DISTRICT30,CAPSULE
PYRA-SAC,5/1/2024,HEALTH CENTER,1493,3911,862,2994,,4,-501,,1,DISTRICT16,SACHET
PYRA-COMP,1/1/2025,HEALTH CENTER,1,42,,,,20,116,,1,DISTRICT33,TABLET
PYRA-SAC,1/1/2024,DISTRICT HOSPITAL,,0,,20,487,32,-88,23,1,DISTRICT31,SACHET
SP,12/1/2023,HEALTH CENTER,446,0,,74,,570,366,139,1000,DISTRICT25,TABLET
ACT-GC,3/1/2024,HEALTH CENTER,1796,,75,366,,0,-1111,100,30,DISTRICT26,BLISTER
ACT-INF,2/1/2025,HEALTH CENTER,125,0,,41,753,2,694,10,30,DISTRICT28,BLISTER
ACT-INF,2/1/2024,HEALTH CENTER,5047,,698,4344,1076,,847,,30,DISTRICT13,BLISTER
ART-INJ,8/1/2025,DISTRICT HOSPITAL,,1380,403,401,630,1873,-672,595,5,DISTRICT4,VIAL
ART-SUP,2/1/2025,REGIONAL HOSPITAL,1238,511,133,1335,,0,-912,59,2,DISTRICT12,CAPSULE
ACT-SC,2/1/2025,HEALTH CENTER,,0,,,1599,2524,101,,30,DISTRICT26,BLISTER
ITN,12/1/2023,HEALTH CENTER,2142,1565,,1989,,1870,-755,268,50,DISTRICT1,PIECE
ACT-AD,1/1/2025,HEALTH CENTER,2280,631,852,,,7800,67,780,30,DISTRICT32,BLISTER
SP,6/1/2024,HEALTH CENTER,119,,146,120,,1153,205,9,1000,DISTRICT21,TABLET
SP,10/1/2024,HEALTH CENTER,687,258,,1778,,0,-721,3,1000,DISTRICT16,TABLET
ART-SUP,9/1/2025,HEALTH CENTER,,,21,715,,0,-1132,47,2,DISTRICT23,CAPSULE
ART-SUP,10/1/2025,HEALTH CENTER,,9,,921,,4,239,238,2,DISTRICT3,CAPSULE
SP,12/1/2024,HEALTH CENTER,2811,208,,3527,,0,213,827,1000,DISTRICT24,TABLET
ART-INJ,5/1/2024,HEALTH CENTER,,,140,552,,,874,339,5,DISTRICT33,VIAL
ACT-AD,3/1/2024,HEALTH CENTER,843,1,80,2233,128,0,66,,30,DISTRICT28,BLISTER
ACT-INF,11/1/2024,HEALTH CENTER,,0,145,450,,0,399,17,30,DISTRICT29,BLISTER
ITN,4/1/2024,HEALTH CENTER,929,0,147,246,,0,872,13,50,DISTRICT3,PIECE
RDT,12/1/2024,HEALTH CENTER,,6,123,,,0,359,,25,DISTRICT15,PIECE
ACT-INF,9/1/2024,HEALTH CENTER,,1,,1017,,3,-677,423,30,DISTRICT33,BLISTER
RDT,10/1/2025,HEALTH CENTER,316,,91,574,710,,-46,67,25,DISTRICT9,PIECE
ACT-GC,8/1/2024,HEALTH CENTER,,32,33,,149,6,23,17,30,DISTRICT9,BLISTER
ART-INJ,7/1/2024,HEALTH CENTER,,33,,590,,2912,236,,5,DISTRICT30,VIAL
QUIN,3/1/2024,HEALTH CENTER,5335,74,487,2190,,16,36,246,1000,DISTRICT9,TABLET
PYRA-SAC,2/1/2025,DISTRICT HOSPITAL,707,,,390,,1879,-551,274,1,DISTRICT31,SACHET
ACT-AD,8/1/2025,HEALTH CENTER,900,3,390,390,,106,-120,300,30,DISTRICT9,BLISTER
ART-INJ,4/1/2024,HEALTH CENTER,,39,523,1687,2133,2469,-778,247,5,DISTRICT35,VIAL
ACT-INF,5/1/2025,HEALTH CENTER,,,133,1032,,,214,,30,DISTRICT21,BLISTER
ACT-INF,12/1/2023,HEALTH CENTER,418,,94,292,440,66,-41,55,30,DISTRICT1,BLISTER
QUIN,9/1/2025,HEALTH CENTER,426,0,24,1372,,,534,,1000,DISTRICT25,TABLET
RDT,10/1/2024,HEALTH CENTER,1027,,629,392,,14647,276,390,25,DISTRICT9,PIECE
ART-SUP,7/1/2025,HEALTH CENTER,665,48,317,421,,5,404,213,2,DISTRICT18,CAPSULE
ART-INJ,5/1/2025,HEALTH CENTER,139,515,21,954,264,0,-724,0,5,DISTRICT28,VIAL
ACT-AD,8/1/2024,HEALTH CENTER,1148,,351,1702,1689,,740,468,30,DISTRICT15,BLISTER
QUIN,1/1/2025,HEALTH CENTER,2114,,959,1636,,,512,,1000,DISTRICT3,TABLET
ITN,9/1/2025,HEALTH CENTER,1590,,185,1062,,0,-7,127,50,DISTRICT31,PIECE
QUIN,6/1/2024,HEALTH CENTER,547,305,276,,,2105,304,127,1000,DISTRICT35,TABLET
QUIN,5/1/2024,HEALTH CENTER,1465,45,434,1101,1908,8,-99,115,1000,DISTRICT32,TABLET
PYRA-SAC,3/1/2024,HEALTH CENTER,38,,,41,,0,433,29,1,DISTRICT25,SACHET
PYRA-SAC,6/1/2024,HEALTH CENTER,30,394,92,514,709,,-701,45,1,DISTRICT33,SACHET
ART-SUP,2/1/2024,HEALTH CENTER,69,,62,1004,,8,373,18,2,DISTRICT25,CAPSULE
ART-SUP,9/1/2024,HEALTH CENTER,1456,1096,993,1326,,9107,249,,2,DISTRICT20,CAPSULE
QUIN,2/1/2024,HEALTH CENTER,,,33,155,1370,977,-344,32,1000,DISTRICT20,TABLET
ACT-SC,9/1/2024,HEALTH CENTER,179,1,103,,,6,97,,30,DISTRICT12,BLISTER
ACT-SC,2/1/2025,HEALTH CENTER,1072,9,135,380,,3298,466,12,30,DISTRICT29,BLISTER
ACT-GC,1/1/2024,HEALTH CENTER,809,,243,516,,36,620,,30,DISTRICT31,BLISTER
ACT-SC,3/1/2024,HEALTH CENTER,,1,130,,,0,-485,36,30,DISTRICT19,BLISTER
ACT-SC,2/1/2025,HEALTH CENTER,,,128,174,,,244,97,30,DISTRICT12,BLISTER
QUIN,4/1/2024,HEALTH CENTER,,,287,5435,71,200,-33,220,1000,DISTRICT20,TABLET
ACT-INF,7/1/2024,HEALTH CENTER,58,,90,,1727,228,695,,30,DISTRICT23,BLISTER
ART-INJ,5/1/2025,HEALTH CENTER,698,,275,1579,,21,-412,135,5,DISTRICT36,VIAL
ACT-AD,6/1/2025,HEALTH CENTER,2662,186,195,,1276,1,182,79,30,DISTRICT5,BLISTER
ART-INJ,5/1/2025,HEALTH CENTER,,0,423,931,,,-46,270,5,DISTRICT27,VIAL
ACT-AD,10/1/2025,HEALTH CENTER,,28,415,1108,,,80,,30,DISTRICT26,BLISTER
ACT-GC,2/1/2025,HEALTH CENTER,2828,60,899,5385,,612,-380,,30,DISTRICT19,BLISTER
ITN,9/1/2025,HEALTH CENTER,,653,,1679,1047,185,-473,,50,DISTRICT32,PIECE
ACT-INF,11/1/2024,HEALTH CENTER,,,0,,226,0,147,0,30,DISTRICT30,BLISTER
ACT-AD,9/1/2024,HEALTH CENTER,306,2,94,207,,0,-397,29,30,DISTRICT26,BLISTER
ART-INJ,3/1/2024,HEALTH CENTER,64,26,50,12,518,47,205,6,5,DISTRICT9,VIAL
PYRA-COMP,11/1/2024,HEALTH CENTER,2272,,,2249,,0,471,456,1,DISTRICT30,TABLET
RDT,7/1/2025,HEALTH CENTER,,13,370,1747,,0,-401,,25,DISTRICT11,PIECE
ACT-INF,10/1/2024,HEALTH CENTER,,1,,2664,,3,-368,165,30,DISTRICT8,BLISTER
PYRA-SAC,7/1/2025,HEALTH CENTER,459,0,149,476,,3436,641,,1,DISTRICT28,SACHET
ACT-AD,1/1/2024,HEALTH CENTER,,448,120,167,735,1779,-1234,134,30,DISTRICT6,BLISTER
QUIN,9/1/2025,HEALTH CENTER,996,36,671,2826,365,6346,236,421,1000,DISTRICT20,TABLET
ART-SUP,10/1/2024,HEALTH CENTER,47,903,33,,1398,72,954,82,2,DISTRICT2,CAPSULE
ART-INJ,3/1/2024,HEALTH CENTER,181,22,,,,146,204,112,5,DISTRICT1,VIAL
ART-INJ,8/1/2024,HEALTH CENTER,,0,4,3,,549,136,11,5,DISTRICT20,VIAL
ART-SUP,11/1/2025,HEALTH CENTER,2910,0,,3105,,,-185,885,2,DISTRICT7,CAPSULE
SP,5/1/2025,HEALTH CENTER,292,8,65,51,,0,-184,3,1000,DISTRICT32,TABLET
RDT,6/1/2024,HEALTH CENTER,1727,214,151,1901,,2,-208,52,25,DISTRICT29,PIECE
SP,10/1/2024,NATIONAL HOSPITAL,669,9,72,332,945,0,283,129,1000,DISTRICT31,TABLET
ACT-GC,1/1/2024,HEALTH CENTER,60,0,2,,,,-400,0,30,DISTRICT24,BLISTER
ACT-GC,3/1/2025,REGIONAL HOSPITAL,,19,431,,,1859,-237,465,30,DISTRICT20,BLISTER
ACT-SC,4/1/2025,HEALTH CENTER,,,,594,,421,-199,316,30,DISTRICT1,BLISTER
ACT-SC,5/1/2025,HEALTH CENTER,118,0,102,,,23,153,34,30,DISTRICT33,BLISTER
PYRA-SAC,11/1/2024,HEALTH CENTER,91,49,46,258,,,-181,,1,DISTRICT13,SACHET
PYRA-SAC,9/1/2025,DISTRICT HOSPITAL,21,,,,663,0,-66,,1,DISTRICT25,SACHET
QUIN,1/1/2025,HEALTH CENTER,,,225,649,,412,906,206,1000,DISTRICT13,TABLET
SP,9/1/2024,HEALTH CENTER,4103,43,,3708,,1503,-553,646,1000,DISTRICT29,TABLET
RDT,4/1/2025,HEALTH CENTER,,7,929,,,85,114,1200,25,DISTRICT30,PIECE
QUIN,9/1/2025,HEALTH CENTER,,0,,45,,,355,8,1000,DISTRICT16,TABLET
ART-SUP,6/1/2024,HEALTH CENTER,,9,1030,,640,278,-293,,2,DISTRICT25,CAPSULE
SP,10/1/2024,HEALTH CENTER,17,126,10,,,0,-599,29,1000,DISTRICT33,TABLET
PYRA-SAC,6/1/2024,HEALTH CENTER,,170,,780,,,-49,124,1,DISTRICT33,SACHET
RDT,8/1/2025,HEALTH CENTER,371,2,,103,1067,26,-304,268,25,DISTRICT33,PIECE
ACT-GC,8/1/2024,HEALTH CENTER,35,0,,11,,,-454,21,30,DISTRICT27,BLISTER
ACT-GC,8/1/2025,HEALTH CENTER,,55,260,1172,,0,281,,30,DISTRICT31,BLISTER
PYRA-COMP,11/1/2025,HEALTH CENTER,,487,690,,,924,255,,1,DISTRICT25,TABLET
ACT-INF,5/1/2025,DISTRICT HOSPITAL,2045,,72,,,0,-221,20,30,DISTRICT29,BLISTER
ITN,7/1/2025,HEALTH CENTER,,,2,,207,0,499,2,50,DISTRICT26,PIECE
QUIN,2/1/2025,HEALTH CENTER,864,1,415,570,,,-236,132,1000,DISTRICT15,TABLET
PYRA-SAC,8/1/2024,HEALTH CENTER,394,229,213,,,2466,-413,,1,DISTRICT23,SACHET
QUIN,1/1/2024,HEALTH CENTER,262,429,128,420,,0,354,4,1000,DISTRICT15,TABLET
ACT-AD,2/1/2024,HEALTH CENTER,255,,,181,,1851,270,145,30,DISTRICT37,BLISTER
ACT-INF,10/1/2024,HEALTH CENTER,862,3,203,,,126,140,,30,DISTRICT33,BLISTER
ACT-AD,12/1/2024,HEALTH CENTER,47,25,,,,0,-270,,30,DISTRICT21,BLISTER
ART-INJ,6/1/2025,DISTRICT HOSPITAL,1583,8,1328,2486,,12461,-183,913,5,DISTRICT13,VIAL
SP,1/1/2024,HEALTH CENTER,,14,460,2685,,275,-349,305,1000,DISTRICT10,TABLET
ART-INJ,4/1/2025,HEALTH CENTER,625,2,311,385,426,123,348,,5,DISTRICT30,VIAL
ACT-AD,1/1/2025,HEALTH CENTER,1416,,,,1047,1206,-754,155,30,DISTRICT29,BLISTER
SP,9/1/2025,HEALTH CENTER,967,,338,1437,,17,-1015,93,1000,DISTRICT31,TABLET
ART-SUP,9/1/2024,HEALTH CENTER,,32,,116,876,64,-232,60,2,DISTRICT30,CAPSULE
RDT,8/1/2024,HEALTH CENTER,82,317,,144,,0,-84,2,25,DISTRICT14,PIECE
ACT-SC,8/1/2024,HEALTH CENTER,404,9,,,1896,73,-358,184,30,DISTRICT30,BLISTER
ITN,1/1/2025,HEALTH CENTER,,242,61,,,692,302,8,50,DISTRICT29,PIECE
ACT-AD,1/1/2024,HEALTH CENTER,,1409,,,,1792,-280,692,30,DISTRICT8,BLISTER
SP,11/1/2025,HEALTH CENTER,266,0,62,,,2,350,122,1000,DISTRICT37,TABLET
ITN,3/1/2025,DISTRICT HOSPITAL,3087,148,493,3008,,0,270,467,50,DISTRICT13,PIECE
ACT-AD,11/1/2025,REGIONAL HOSPITAL,,122,,354,,0,234,7,30,DISTRICT28,BLISTER
ART-INJ,10/1/2024,HEALTH CENTER,629,4,116,,,0,-416,5,5,DISTRICT26,VIAL
QUIN,2/1/2025,HEALTH CENTER,,1109,696,,,0,-44,,1000,DISTRICT5,TABLET
ACT-INF,10/1/2025,HEALTH CENTER,164,0,113,,,0,414,,30,DISTRICT28,BLISTER
SP,1/1/2025,HEALTH CENTER,,,,993,,0,-549,40,1000,DISTRICT13,TABLET
PYRA-COMP,5/1/2024,HEALTH CENTER,19,,,131,,0,-415,,1,DISTRICT1,TABLET
ACT-SC,6/1/2024,DISTRICT HOSPITAL,1849,,384,,,0,-328,454,30,DISTRICT23,BLISTER
ART-INJ,6/1/2025,HEALTH CENTER,4247,113,420,,,0,-48,248,5,DISTRICT20,VIAL
SP,4/1/2024,HEALTH CENTER,,0,236,,,22,-218,,1000,DISTRICT5,TABLET
SP,5/1/2025,HEALTH CENTER,,455,632,2596,1162,56,-427,542,1000,DISTRICT19,TABLET
ART-INJ,7/1/2025,HEALTH CENTER,3158,,515,,,3859,-98,,5,DISTRICT25,VIAL
SP,6/1/2025,HEALTH CENTER,3319,,,490,,584,-37,,1000,DISTRICT36,TABLET
PYRA-SAC,8/1/2024,HEALTH CENTER,,64,57,345,,0,-334,31,1,DISTRICT2,SACHET
ACT-AD,4/1/2025,HEALTH CENTER,238,,415,303,1518,1537,-331,,30,DISTRICT37,BLISTER
SP,5/1/2024,HEALTH CENTER,1308,,304,2158,,,-173,242,1000,DISTRICT30,TABLET
ART-SUP,5/1/2025,HEALTH CENTER,1827,99,407,2982,,2,542,555,2,DISTRICT23,CAPSULE
PYRA-COMP,7/1/2024,HEALTH CENTER,359,61,,517,944,622,-1083,77,1,DISTRICT29,TABLET
ART-SUP,1/1/2025,HEALTH CENTER,991,,217,,356,464,-555,,2,DISTRICT36,CAPSULE
ACT-GC,4/1/2025,DISTRICT HOSPITAL,,,1415,2201,,856,-655,1150,30,DISTRICT26,BLISTER
ACT-SC,4/1/2024,HEALTH CENTER,3141,21,986,5728,,0,348,858,30,DISTRICT38,BLISTER
ACT-INF,12/1/2024,HEALTH CENTER,918,311,336,,,,-264,,30,DISTRICT36,BLISTER
ACT-INF,5/1/2024,HEALTH CENTER,1256,182,421,1144,319,0,-100,674,30,DISTRICT17,BLISTER
PYRA-SAC,2/1/2024,HEALTH CENTER,60,11,0,,,0,-403,0,1,DISTRICT35,SACHET
SP,8/1/2024,HEALTH CENTER,294,10,98,301,,4,-362,126,1000,DISTRICT33,TABLET
ART-SUP,5/1/2024,HEALTH CENTER,,0,10,,662,,-276,1,2,DISTRICT1,CAPSULE
PYRA-COMP,2/1/2024,HEALTH CENTER,1908,,,,480,,229,59,1,DISTRICT38,TABLET
ACT-GC,8/1/2025,HEALTH CENTER,145,0,,,221,0,-103,16,30,DISTRICT2,BLISTER
ACT-GC,6/1/2025,HEALTH CENTER,83,,46,,,1,442,15,30,DISTRICT26,BLISTER
ITN,6/1/2024,HEALTH CENTER,,6,,325,325,0,352,,50,DISTRICT26,PIECE
ITN,7/1/2024,HEALTH CENTER,,19,101,801,,0,-37,50,50,DISTRICT38,PIECE
ACT-GC,7/1/2024,HEALTH CENTER,196,22,811,134,,1753,-387,407,30,DISTRICT19,BLISTER
RDT,6/1/2024,HEALTH CENTER,2667,907,,,346,1,-27,262,25,DISTRICT2,PIECE
SP,12/1/2023,HEALTH CENTER,,,104,,,470,36,78,1000,DISTRICT26,TABLET
ACT-SC,7/1/2025,HEALTH CENTER,1029,198,216,1887,,18,625,226,30,DISTRICT27,BLISTER
ITN,8/1/2025,HEALTH CENTER,815,388,254,2131,748,30,-70,254,50,DISTRICT11,PIECE
ART-INJ,2/1/2025,HEALTH CENTER,8936,2,,9083,,1,-107,,5,DISTRICT18,VIAL
ACT-AD,6/1/2025,HEALTH CENTER,1017,1,180,304,,,-717,302,30,DISTRICT12,BLISTER
ACT-AD,5/1/2025,HEALTH CENTER,6490,,1548,3650,,3456,482,1079,30,DISTRICT20,BLISTER
ITN,5/1/2024,HEALTH CENTER,,45,153,410,1052,757,671,,50,DISTRICT23,PIECE
ART-INJ,4/1/2024,HEALTH CENTER,1487,6,,1151,,260,430,83,5,DISTRICT15,VIAL
ACT-AD,2/1/2025,HEALTH CENTER,1062,0,181,1166,,,-146,,30,DISTRICT13,BLISTER
ACT-GC,7/1/2025,HEALTH CENTER,320,1,,366,39,0,-221,,30,DISTRICT6,BLISTER
ACT-SC,9/1/2024,HEALTH CENTER,,0,30,78,,18,39,52,30,DISTRICT23,BLISTER
ACT-AD,5/1/2024,HEALTH CENTER,3829,,151,1382,,9,-368,233,30,DISTRICT12,BLISTER
ACT-GC,7/1/2024,HEALTH CENTER,,5,115,175,,,-39,115,30,DISTRICT9,BLISTER
RDT,8/1/2025,HEALTH CENTER,,0,531,1542,,32,527,136,25,DISTRICT22,PIECE
ACT-INF,10/1/2025,HEALTH CENTER,2392,24,548,,,1872,564,,30,DISTRICT28,BLISTER
ART-SUP,11/1/2024,HEALTH CENTER,201,0,39,160,,0,56,11,2,DISTRICT30,CAPSULE
SP,8/1/2025,HEALTH CENTER,342,0,,,,0,-98,0,1000,DISTRICT31,TABLET
ACT-GC,9/1/2024,HEALTH CENTER,12,6,41,6,1985,4956,-3,20,30,DISTRICT6,BLISTER
QUIN,7/1/2024,HEALTH CENTER,525,49,496,,,1854,-671,803,1000,DISTRICT5,TABLET
ACT-AD,8/1/2024,HEALTH CENTER,309,799,,699,,477,347,202,30,DISTRICT26,BLISTER
ACT-AD,2/1/2025,HEALTH CENTER,713,1232,298,492,,10,373,,30,DISTRICT14,BLISTER
QUIN,4/1/2025,HEALTH CENTER,,210,178,83,,385,-270,17,1000,DISTRICT16,TABLET
ART-INJ,3/1/2025,HEALTH CENTER,216,,,50,707,3640,-188,75,5,DISTRICT17,VIAL
QUIN,11/1/2024,HEALTH CENTER,304,1,599,1152,902,2,-245,394,1000,DISTRICT20,TABLET
SP,10/1/2025,HEALTH CENTER,2419,1,,3109,,14851,-253,280,1000,DISTRICT3,TABLET
ACT-AD,7/1/2024,HEALTH CENTER,10238,,1808,,,,147,,30,DISTRICT32,BLISTER
RDT,9/1/2025,HEALTH CENTER,191,15,100,117,,20,133,76,25,DISTRICT4,PIECE
QUIN,3/1/2024,HEALTH CENTER,3959,0,,3601,,1280,371,714,1000,DISTRICT10,TABLET
QUIN,3/1/2025,HEALTH CENTER,98,,,17,,726,-231,3,1000,DISTRICT28,TABLET
SP,4/1/2025,HEALTH CENTER,,,181,1415,,12,331,143,1000,DISTRICT36,TABLET
ACT-INF,5/1/2024,HEALTH CENTER,1423,2,365,3905,,97,-47,363,30,DISTRICT5,BLISTER
ACT-AD,10/1/2024,HEALTH CENTER,3185,1,373,,,2578,435,229,30,DISTRICT23,BLISTER
ACT-AD,7/1/2025,HEALTH CENTER,371,668,250,,,,827,,30,DISTRICT7,BLISTER
ART-INJ,11/1/2025,HEALTH CENTER,4,264,24,,,0,-211,5,5,DISTRICT30,VIAL
PYRA-COMP,8/1/2025,HEALTH CENTER,239,421,661,2072,,3,-205,545,1,DISTRICT13,TABLET
SP,7/1/2025,HEALTH CENTER,1429,172,146,2073,,0,-729,86,1000,DISTRICT29,TABLET
PYRA-COMP,10/1/2025,HEALTH CENTER,,445,182,3515,,5,314,,1,DISTRICT29,TABLET
ACT-INF,8/1/2024,HEALTH CENTER,155,1440,438,1013,,10,209,90,30,DISTRICT20,BLISTER
RDT,10/1/2024,HEALTH CENTER,,,,1357,,992,-136,270,25,DISTRICT35,PIECE
ITN,6/1/2024,HEALTH CENTER,,210,,5703,,0,-119,605,50,DISTRICT9,PIECE
ACT-SC,12/1/2023,HEALTH CENTER,,88,87,,,,528,20,30,DISTRICT25,BLISTER
ITN,7/1/2024,HEALTH CENTER,192,7,113,319,,,803,309,50,DISTRICT20,PIECE
PYRA-SAC,11/1/2024,HEALTH CENTER,,28,386,182,,3632,242,105,1,DISTRICT24,SACHET
ACT-GC,8/1/2025,HEALTH CENTER,,,1006,3026,,32,-517,892,30,DISTRICT10,BLISTER
QUIN,12/1/2024,HEALTH CENTER,1475,,185,104,,4317,217,36,1000,DISTRICT3,TABLET
ACT-INF,9/1/2024,HEALTH CENTER,788,23,90,980,357,0,831,12,30,DISTRICT38,BLISTER
ACT-SC,8/1/2025,HEALTH CENTER,1694,10,,,,0,331,,30,DISTRICT33,BLISTER
ACT-INF,5/1/2025,HEALTH CENTER,489,1224,,3026,700,,17,,30,DISTRICT31,BLISTER
SP,9/1/2024,HEALTH CENTER,,2,248,412,,2434,-259,,1000,DISTRICT28,TABLET
ART-SUP,8/1/2025,HEALTH CENTER,,22,,1250,,675,564,708,2,DISTRICT28,CAPSULE
ART-INJ,10/1/2024,HEALTH CENTER,,,,77,,5,248,8,5,DISTRICT32,VIAL
PYRA-SAC,3/1/2024,HEALTH CENTER,36,350,48,84,,281,510,,1,DISTRICT26,SACHET
ACT-SC,12/1/2024,HEALTH CENTER,,,3,,,4,-316,,30,DISTRICT6,BLISTER
ACT-GC,7/1/2025,HEALTH CENTER,,232,6,2,,702,-21,,30,DISTRICT26,BLISTER
PYRA-SAC,1/1/2024,HEALTH CENTER,4785,,493,1659,,459,-227,,1,DISTRICT30,SACHET
ACT-AD,11/1/2024,HEALTH CENTER,,415,158,,,0,802,,30,DISTRICT26,BLISTER
ITN,10/1/2025,HEALTH CENTER,899,,66,285,471,898,-430,4,50,DISTRICT21,PIECE
ACT-SC,5/1/2024,HEALTH CENTER,304,13,214,385,,108,269,263,30,DISTRICT4,BLISTER
ACT-GC,6/1/2025,HEALTH CENTER,1925,,,2110,280,0,48,,30,DISTRICT33,BLISTER
SP,3/1/2025,HEALTH CENTER,64,,34,44,,,272,10,1000,DISTRICT3,TABLET
ACT-AD,10/1/2024,HEALTH CENTER,495,94,241,453,,885,65,,30,DISTRICT27,BLISTER
ACT-INF,4/1/2025,HEALTH CENTER,932,309,,1605,,39,-89,202,30,DISTRICT31,BLISTER
ART-SUP,4/1/2024,HEALTH CENTER,,2094,91,437,728,281,-44,94,2,DISTRICT1,CAPSULE
ACT-AD,3/1/2025,HEALTH CENTER,170,241,,,,14,395,237,30,DISTRICT32,BLISTER
PYRA-COMP,3/1/2025,HEALTH CENTER,1766,0,442,721,1260,,-547,153,1,DISTRICT14,TABLET
PYRA-COMP,1/1/2024,HEALTH CENTER,987,,106,408,1168,3,-409,57,1,DISTRICT21,TABLET
PYRA-COMP,6/1/2024,HEALTH CENTER,,5,100,392,,,432,31,1,DISTRICT16,TABLET
PYRA-COMP,4/1/2025,HEALTH CENTER,2852,419,733,3945,,,98,,1,DISTRICT23,TABLET
ACT-GC,10/1/2025,DISTRICT HOSPITAL,185,0,226,119,,1,-123,156,30,DISTRICT33,BLISTER
ACT-INF,7/1/2024,HEALTH CENTER,47,,17,57,,2,-143,2,30,DISTRICT33,BLISTER
ACT-SC,3/1/2024,HEALTH CENTER,525,3,104,,,148,-444,,30,DISTRICT29,BLISTER
ITN,10/1/2025,HEALTH CENTER,1499,,124,383,,267,175,139,50,DISTRICT6,PIECE
ITN,4/1/2024,HEALTH CENTER,,,173,55,,0,-67,,50,DISTRICT21,PIECE
SP,1/1/2024,HEALTH CENTER,,,,827,,11,271,76,1000,DISTRICT32,TABLET
PYRA-COMP,10/1/2025,HEALTH CENTER,9,0,48,26,150,221,154,,1,DISTRICT19,TABLET
ACT-SC,4/1/2025,DISTRICT HOSPITAL,,,663,1501,,0,71,771,30,DISTRICT21,BLISTER
ITN,5/1/2025,HEALTH CENTER,1453,21,150,369,,2062,108,111,50,DISTRICT6,PIECE
QUIN,4/1/2025,HEALTH CENTER,2694,2,,640,946,4565,52,725,1000,DISTRICT33,TABLET
ACT-INF,2/1/2025,HEALTH CENTER,3226,373,1863,5178,1194,6426,-96,,30,DISTRICT1,BLISTER
RDT,12/1/2024,DISTRICT HOSPITAL,1346,0,189,827,,481,-205,177,25,DISTRICT23,PIECE
PYRA-COMP,7/1/2025,HEALTH CENTER,1848,2082,153,4476,,0,310,,1,DISTRICT18,TABLET
RDT,4/1/2025,HEALTH CENTER,1629,15,,132,,0,600,58,25,DISTRICT15,PIECE
ITN,7/1/2025,HEALTH CENTER,,,251,440,,576,53,,50,DISTRICT26,PIECE
ITN,8/1/2025,HEALTH CENTER,6913,66,721,2237,,665,-328,250,50,DISTRICT38,PIECE
ART-INJ,3/1/2025,HEALTH CENTER,,1113,,2202,,0,-1,,5,DISTRICT29,VIAL
SP,2/1/2024,HEALTH CENTER,422,0,288,158,,1762,-87,180,1000,DISTRICT6,TABLET
PYRA-COMP,6/1/2025,HEALTH CENTER,322,86,119,,,1,350,90,1,DISTRICT31,TABLET
PYRA-SAC,3/1/2024,REGIONAL HOSPITAL,2565,,857,,,,782,650,1,DISTRICT13,SACHET
ART-SUP,11/1/2024,HEALTH CENTER,180,0,34,,459,108,-361,25,2,DISTRICT23,CAPSULE
RDT,5/1/2024,HEALTH CENTER,278,2,78,,,309,-699,53,25,DISTRICT33,PIECE
SP,11/1/2024,HEALTH CENTER,474,,410,999,,5740,228,,1000,DISTRICT1,TABLET
ITN,1/1/2025,HEALTH CENTER,375,114,,,,3,-507,17,50,DISTRICT21,PIECE
PYRA-COMP,12/1/2023,HEALTH CENTER,180,282,135,,,0,-173,20,1,DISTRICT32,TABLET
ACT-AD,11/1/2025,HEALTH CENTER,,0,,,,1069,309,34,30,DISTRICT28,BLISTER
PYRA-SAC,2/1/2024,HEALTH CENTER,352,0,,321,,2,2,208,1,DISTRICT5,SACHET
ART-SUP,11/1/2025,HEALTH CENTER,1689,0,380,1932,,47,279,,2,DISTRICT11,CAPSULE
SP,12/1/2024,HEALTH CENTER,,97,310,,,123,243,266,1000,DISTRICT3,TABLET
ART-SUP,9/1/2024,HEALTH CENTER,55,30,,58,,1637,678,,2,DISTRICT25,CAPSULE
ACT-INF,11/1/2024,HEALTH CENTER,1390,,347,,,367,466,,30,DISTRICT28,BLISTER
QUIN,4/1/2024,HEALTH CENTER,,0,,,153,0,-91,,1000,DISTRICT14,TABLET
PYRA-SAC,6/1/2024,HEALTH CENTER,,1307,135,561,1037,30,231,173,1,DISTRICT32,SACHET
QUIN,3/1/2025,HEALTH CENTER,3097,,1230,3312,562,1826,398,1107,1000,DISTRICT5,TABLET
ITN,11/1/2024,HEALTH CENTER,1351,4,148,765,,118,-24,123,50,DISTRICT20,PIECE
ACT-GC,7/1/2024,HEALTH CENTER,125,74,201,549,,0,-134,116,30,DISTRICT33,BLISTER
SP,3/1/2024,HEALTH CENTER,,1,284,,,8,219,,1000,DISTRICT35,TABLET
ITN,3/1/2024,HEALTH CENTER,,0,3,19,,0,-179,,50,DISTRICT2,PIECE
PYRA-COMP,11/1/2025,HEALTH CENTER,1492,,359,328,805,2005,-441,,1,DISTRICT13,TABLET
PYRA-SAC,1/1/2024,DISTRICT HOSPITAL,,926,131,,,196,262,178,1,DISTRICT29,SACHET
PYRA-SAC,2/1/2025,HEALTH CENTER,,1101,,524,,,-796,,1,DISTRICT17,SACHET
QUIN,9/1/2024,HEALTH CENTER,753,47,107,,,0,-109,58,1000,DISTRICT17,TABLET
ITN,9/1/2024,HEALTH CENTER,2626,40,586,3736,1366,658,781,453,50,DISTRICT30,PIECE
QUIN,11/1/2025,HEALTH CENTER,78,,26,23,975,0,933,42,1000,DISTRICT14,TABLET
PYRA-COMP,7/1/2024,HEALTH CENTER,,288,27,634,,,-771,107,1,DISTRICT31,TABLET
ACT-GC,5/1/2025,DISTRICT HOSPITAL,,0,35,106,,689,-195,7,30,DISTRICT28,BLISTER
ACT-SC,5/1/2025,HEALTH CENTER,,1,167,,271,0,65,106,30,DISTRICT36,BLISTER
ACT-SC,8/1/2024,HEALTH CENTER,233,,30,165,,,172,22,30,DISTRICT18,BLISTER
ITN,2/1/2024,HEALTH CENTER,72,1,28,,256,,-574,,50,DISTRICT15,PIECE
ACT-INF,3/1/2025,HEALTH CENTER,1913,1,179,509,,1,-408,346,30,DISTRICT29,BLISTER
ACT-SC,7/1/2025,HEALTH CENTER,177,0,,88,,21,361,60,30,DISTRICT10,BLISTER
QUIN,11/1/2024,DISTRICT HOSPITAL,10,,37,100,339,602,1037,17,1000,DISTRICT24,TABLET
PYRA-COMP,1/1/2025,HEALTH CENTER,1816,,,1958,543,0,14,69,1,DISTRICT37,TABLET
ART-INJ,4/1/2025,HEALTH CENTER,869,650,211,2521,,547,583,143,5,DISTRICT11,VIAL
ART-SUP,5/1/2024,HEALTH CENTER,,,172,898,,109,341,146,2,DISTRICT24,CAPSULE
RDT,5/1/2024,HEALTH CENTER,79,,49,338,,1,-248,,25,DISTRICT23,PIECE
ITN,8/1/2024,HEALTH CENTER,19,,,13,,3507,832,9,50,DISTRICT9,PIECE
ACT-SC,4/1/2024,HEALTH CENTER,,0,119,523,1045,,-924,43,30,DISTRICT25,BLISTER
ACT-INF,5/1/2024,HEALTH CENTER,,1,77,,1861,2611,-73,102,30,DISTRICT13,BLISTER
QUIN,1/1/2025,HEALTH CENTER,275,7,212,848,,43,885,,1000,DISTRICT6,TABLET
PYRA-COMP,7/1/2024,HEALTH CENTER,2482,,750,,,0,409,499,1,DISTRICT10,TABLET
ACT-GC,2/1/2025,HEALTH CENTER,3502,,,,,,-103,,30,DISTRICT37,BLISTER
ACT-GC,4/1/2024,HEALTH CENTER,,4,473,,1509,0,367,353,30,DISTRICT29,BLISTER
ACT-INF,12/1/2024,HEALTH CENTER,1,0,,,,0,-311,,30,DISTRICT28,BLISTER
ART-SUP,8/1/2025,HEALTH CENTER,843,0,,233,,,-715,,2,DISTRICT8,CAPSULE
PYRA-COMP,11/1/2024,HEALTH CENTER,3302,6,465,,720,1,-640,257,1,DISTRICT16,TABLET
PYRA-SAC,7/1/2024,DISTRICT HOSPITAL,,0,23,,,51,-1010,,1,DISTRICT20,SACHET
ART-INJ,6/1/2025,HEALTH CENTER,256,0,,792,,161,-303,,5,DISTRICT23,VIAL
RDT,11/1/2024,HEALTH CENTER,,495,592,1347,1368,,-379,,25,DISTRICT22,PIECE
ITN,5/1/2024,HEALTH CENTER,,9,19,6,955,724,184,15,50,DISTRICT9,PIECE
ART-SUP,2/1/2024,HEALTH CENTER,1159,,,,,2303,377,,2,DISTRICT25,CAPSULE
ACT-SC,11/1/2025,DISTRICT HOSPITAL,,623,760,2541,,5028,655,1145,30,DISTRICT33,BLISTER
QUIN,4/1/2024,HEALTH CENTER,100,,200,1028,,0,-175,26,1000,DISTRICT36,TABLET
PYRA-SAC,11/1/2024,DISTRICT HOSPITAL,,78,376,3101,1493,2,121,270,1,DISTRICT20,SACHET
ITN,4/1/2025,HEALTH CENTER,536,67,254,954,1542,115,131,62,50,DISTRICT18,PIECE
ACT-GC,3/1/2024,HEALTH CENTER,69,2,32,,,0,383,4,30,DISTRICT26,BLISTER
PYRA-COMP,9/1/2024,HEALTH CENTER,,92,1126,5304,,,-291,671,1,DISTRICT15,TABLET
ACT-INF,6/1/2025,HEALTH CENTER,45,12,1,180,,12,914,0,30,DISTRICT31,BLISTER
QUIN,1/1/2025,HEALTH CENTER,1083,14,368,352,,25,212,288,1000,DISTRICT12,TABLET
ITN,11/1/2025,HEALTH CENTER,5,0,9,19,,83,412,1,50,DISTRICT30,PIECE
QUIN,5/1/2025,HEALTH CENTER,1496,,117,,,8,48,,1000,DISTRICT25,TABLET
PYRA-COMP,5/1/2024,HEALTH CENTER,251,26,576,,1409,1034,281,435,1,DISTRICT29,TABLET
RDT,8/1/2025,HEALTH CENTER,1345,0,618,904,,12,-429,166,25,DISTRICT6,PIECE
ART-INJ,12/1/2024,HEALTH CENTER,215,0,8,501,601,1,-120,,5,DISTRICT35,VIAL
ART-INJ,4/1/2024,HEALTH CENTER,,,1,,,0,591,0,5,DISTRICT20,VIAL
RDT,5/1/2024,HEALTH CENTER,,13,148,245,553,0,59,,25,DISTRICT33,PIECE
QUIN,2/1/2025,HEALTH CENTER,6756,346,1055,,,2,-152,,1000,DISTRICT38,TABLET
PYRA-COMP,4/1/2025,HEALTH CENTER,,1155,,43,,1097,245,,1,DISTRICT9,TABLET
SP,5/1/2024,HEALTH CENTER,363,0,162,513,,496,-371,124,1000,DISTRICT32,TABLET
ACT-GC,12/1/2023,HEALTH CENTER,6,0,,,,,310,3,30,DISTRICT23,BLISTER
PYRA-COMP,6/1/2024,HEALTH CENTER,700,,79,2529,,0,721,42,1,DISTRICT29,TABLET
SP,2/1/2025,HEALTH CENTER,,0,,1691,,17,-92,171,1000,DISTRICT10,TABLET
ACT-GC,7/1/2025,HEALTH CENTER,2596,219,1252,,446,531,-674,,30,DISTRICT17,BLISTER
PYRA-COMP,4/1/2024,HEALTH CENTER,,1183,206,425,,13,-207,179,1,DISTRICT15,TABLET
ART-INJ,7/1/2024,HEALTH CENTER,,4,84,289,322,1429,570,,5,DISTRICT7,VIAL
ART-SUP,7/1/2025,HEALTH CENTER,184,26,,,,20,-322,44,2,DISTRICT29,CAPSULE
ACT-AD,11/1/2025,HEALTH CENTER,407,8,261,449,91,0,378,55,30,DISTRICT28,BLISTER
QUIN,11/1/2024,HEALTH CENTER,565,,2,317,,0,-268,,1000,DISTRICT38,TABLET
SP,8/1/2024,HEALTH CENTER,141,0,9,2,,,128,3,1000,DISTRICT14,TABLET
ITN,2/1/2025,HEALTH CENTER,314,1384,75,1462,439,3388,292,300,50,DISTRICT1,PIECE
PYRA-COMP,2/1/2024,HEALTH CENTER,3404,147,,423,,,-281,430,1,DISTRICT5,TABLET
RDT,4/1/2024,HEALTH CENTER,739,6,492,1224,921,1135,915,654,25,DISTRICT15,PIECE
ACT-SC,9/1/2024,HEALTH CENTER,2127,117,,1436,,1894,-119,423,30,DISTRICT28,BLISTER
QUIN,7/1/2025,DISTRICT HOSPITAL,2464,22,629,5790,,0,-956,671,1000,DISTRICT12,TABLET
PYRA-SAC,8/1/2025,HEALTH CENTER,2630,1,855,1391,,6546,-218,571,1,DISTRICT4,SACHET
ACT-SC,7/1/2025,HEALTH CENTER,9,0,,17,307,0,293,0,30,DISTRICT9,BLISTER
PYRA-SAC,12/1/2024,HEALTH CENTER,171,,41,204,,,418,,1,DISTRICT13,SACHET
ACT-INF,4/1/2025,HEALTH CENTER,5,,59,,,44,113,23,30,DISTRICT20,BLISTER
PYRA-SAC,6/1/2024,HEALTH CENTER,1027,0,170,489,,461,137,,1,DISTRICT32,SACHET
ACT-INF,5/1/2024,HEALTH CENTER,291,,624,1203,,,1059,,30,DISTRICT7,BLISTER
ACT-SC,7/1/2025,HEALTH CENTER,775,3,185,,,0,-70,8,30,DISTRICT8,BLISTER
SP,2/1/2025,HEALTH CENTER,1735,,367,,385,6,-368,277,1000,DISTRICT28,TABLET
ACT-SC,8/1/2024,HEALTH CENTER,,33,,343,716,,-52,8,30,DISTRICT24,BLISTER
ITN,6/1/2024,HEALTH CENTER,2368,,483,4708,,13,-12,470,50,DISTRICT10,PIECE
ACT-AD,12/1/2024,HEALTH CENTER,,189,194,,490,104,220,59,30,DISTRICT26,BLISTER
PYRA-COMP,10/1/2024,HEALTH CENTER,3849,1183,,4592,,4906,139,1807,1,DISTRICT5,TABLET
ART-SUP,9/1/2025,HEALTH CENTER,1624,176,890,190,,,654,478,2,DISTRICT8,CAPSULE
ACT-INF,1/1/2025,HEALTH CENTER,69,,76,478,973,,30,,30,DISTRICT29,BLISTER
ACT-SC,8/1/2025,HEALTH CENTER,691,1,24,,,0,-757,,30,DISTRICT31,BLISTER
ACT-INF,7/1/2024,HEALTH CENTER,,,,2001,,0,-737,99,30,DISTRICT33,BLISTER
ITN,4/1/2024,HEALTH CENTER,718,1,,1173,778,67,247,203,50,DISTRICT31,PIECE
QUIN,5/1/2024,HEALTH CENTER,,0,258,935,,111,69,598,1000,DISTRICT6,TABLET
PYRA-COMP,10/1/2025,HEALTH CENTER,27,0,3,,466,3,-324,2,1,DISTRICT16,TABLET
ACT-SC,11/1/2024,HEALTH CENTER,,7,50,384,365,4428,356,107,30,DISTRICT19,BLISTER
PYRA-SAC,11/1/2024,HEALTH CENTER,1207,,728,2089,904,0,450,1081,1,DISTRICT15,SACHET
PYRA-SAC,4/1/2025,HEALTH CENTER,1998,,633,,,,-303,,1,DISTRICT14,SACHET
ITN,6/1/2024,HEALTH CENTER,821,33,,607,,,245,78,50,DISTRICT32,PIECE
PYRA-SAC,8/1/2024,HEALTH CENTER,,6,,2403,,453,-151,,1,DISTRICT32,SACHET
PYRA-SAC,7/1/2025,HEALTH CENTER,1054,183,406,1248,,,-233,567,1,DISTRICT2,SACHET
ACT-INF,4/1/2025,HEALTH CENTER,,5,33,,,1,-389,31,30,DISTRICT38,BLISTER
ACT-GC,5/1/2024,HEALTH CENTER,,235,126,445,,293,538,144,30,DISTRICT24,BLISTER
ART-INJ,9/1/2024,REGIONAL HOSPITAL,827,3,132,,,6,-473,,5,DISTRICT22,VIAL
ACT-AD,8/1/2024,HEALTH CENTER,1172,,,4287,1389,28,-666,,30,DISTRICT33,BLISTER
ART-SUP,11/1/2025,HEALTH CENTER,,0,159,,,0,-447,,2,DISTRICT25,CAPSULE
ACT-GC,4/1/2024,HEALTH CENTER,1699,152,,,,88,-644,106,30,DISTRICT22,BLISTER
ACT-AD,9/1/2024,DISTRICT HOSPITAL,,0,81,433,544,173,833,21,30,DISTRICT20,BLISTER
ITN,5/1/2024,HEALTH CENTER,618,175,839,1044,1452,2589,-302,,50,DISTRICT29,PIECE
ART-SUP,4/1/2025,HEALTH CENTER,1041,0,138,439,,,-322,92,2,DISTRICT20,CAPSULE
QUIN,9/1/2024,HEALTH CENTER,122,444,476,1149,,54,-93,,1000,DISTRICT27,TABLET
ACT-INF,4/1/2025,HEALTH CENTER,36,44,19,15,,0,-41,3,30,DISTRICT8,BLISTER
PYRA-COMP,4/1/2024,HEALTH CENTER,464,,,698,,12,-137,15,1,DISTRICT30,TABLET
ART-SUP,12/1/2023,DISTRICT HOSPITAL,186,,,18,1168,870,-93,4,2,DISTRICT23,CAPSULE
ACT-AD,6/1/2024,HEALTH CENTER,524,71,,1296,,0,390,64,30,DISTRICT23,BLISTER
SP,11/1/2025,HEALTH CENTER,,194,26,122,,0,104,6,1000,DISTRICT25,TABLET
QUIN,11/1/2024,HEALTH CENTER,1154,17,479,,,936,-421,273,1000,DISTRICT9,TABLET
PYRA-SAC,4/1/2025,HEALTH CENTER,,226,,646,,105,17,21,1,DISTRICT3,SACHET
SP,2/1/2025,REGIONAL HOSPITAL,,355,177,1072,,230,-122,99,1000,DISTRICT29,TABLET
SP,3/1/2025,HEALTH CENTER,2897,8,398,,91,0,-497,,1000,DISTRICT4,TABLET
ACT-SC,5/1/2024,HEALTH CENTER,2,0,,6,,10,176,,30,DISTRICT23,BLISTER
ART-SUP,10/1/2024,HEALTH CENTER,,,525,1467,,15,-466,451,2,DISTRICT26,CAPSULE
SP,9/1/2025,HEALTH CENTER,1945,0,117,1377,741,,-482,21,1000,DISTRICT32,TABLET
ACT-GC,1/1/2025,HEALTH CENTER,340,,118,,496,,-66,428,30,DISTRICT16,BLISTER
ACT-INF,4/1/2024,HEALTH CENTER,305,8,,,,1,558,,30,DISTRICT18,BLISTER
ACT-INF,6/1/2024,HEALTH CENTER,4,0,4,39,,2377,80,6,30,DISTRICT19,BLISTER
RDT,6/1/2024,HEALTH CENTER,332,,146,1313,,,291,10,25,DISTRICT30,PIECE
ART-INJ,2/1/2025,HEALTH CENTER,338,27,172,,,101,721,93,5,DISTRICT9,VIAL
ACT-INF,1/1/2025,HEALTH CENTER,3,0,,2,,0,194,0,30,DISTRICT9,BLISTER
PYRA-COMP,8/1/2025,HEALTH CENTER,172,,,820,,8,200,12,1,DISTRICT13,TABLET
PYRA-SAC,5/1/2025,HEALTH CENTER,813,4090,648,,,1174,-216,,1,DISTRICT26,SACHET
PYRA-SAC,4/1/2024,HEALTH CENTER,5211,3,702,1802,,,202,,1,DISTRICT12,SACHET
PYRA-COMP,6/1/2024,HEALTH CENTER,936,,845,1950,808,1718,47,625,1,DISTRICT21,TABLET
QUIN,12/1/2024,HEALTH CENTER,1780,,642,,,189,-232,,1000,DISTRICT14,TABLET
RDT,8/1/2024,HEALTH CENTER,,0,43,215,,,482,3,25,DISTRICT13,PIECE
ART-INJ,7/1/2025,HEALTH CENTER,,616,,815,1129,0,602,62,5,DISTRICT9,VIAL
SP,8/1/2024,HEALTH CENTER,1449,13,270,949,445,0,417,217,1000,DISTRICT6,TABLET
RDT,12/1/2024,HEALTH CENTER,153,0,12,101,,0,117,14,25,DISTRICT9,PIECE
ART-INJ,2/1/2024,HEALTH CENTER,15,18,272,,,1,720,91,5,DISTRICT9,VIAL
ACT-SC,4/1/2024,HEALTH CENTER,24,0,1,14,,0,-375,0,30,DISTRICT35,BLISTER
SP,8/1/2025,HEALTH CENTER,,223,,,,86,-253,52,1000,DISTRICT33,TABLET
ACT-SC,2/1/2025,HEALTH CENTER,68,17,47,210,,,383,5,30,DISTRICT8,BLISTER
RDT,10/1/2024,HEALTH CENTER,5,,,,455,0,295,0,25,DISTRICT22,PIECE
SP,3/1/2024,HEALTH CENTER,1344,167,418,,360,11,-151,813,1000,DISTRICT30,TABLET
QUIN,5/1/2024,HEALTH CENTER,437,38,10,,,0,-416,2,1000,DISTRICT27,TABLET
ACT-SC,2/1/2024,HEALTH CENTER,380,1,,,286,16,-454,28,30,DISTRICT33,BLISTER
ITN,7/1/2025,HEALTH CENTER,,72,,1569,1669,138,127,254,50,DISTRICT16,PIECE
ACT-INF,5/1/2024,HEALTH CENTER,3542,,716,3099,,2,-119,883,30,DISTRICT1,BLISTER
PYRA-COMP,10/1/2025,HEALTH CENTER,1741,,,1609,,106,-115,,1,DISTRICT11,TABLET
ART-INJ,2/1/2025,HEALTH CENTER,,69,145,358,651,1389,125,111,5,DISTRICT12,VIAL
ITN,5/1/2024,HEALTH CENTER,310,,70,416,,,-108,,50,DISTRICT15,PIECE
QUIN,1/1/2025,HEALTH CENTER,781,,214,704,,0,-764,66,1000,DISTRICT13,TABLET
SP,1/1/2025,HEALTH CENTER,1834,0,908,861,,100,8,949,1000,DISTRICT13,TABLET
ITN,7/1/2025,DISTRICT HOSPITAL,104,,,,,,-93,147,50,DISTRICT37,PIECE
ACT-SC,3/1/2024,HEALTH CENTER,1242,7,680,,,0,-137,,30,DISTRICT28,BLISTER
SP,10/1/2025,HEALTH CENTER,384,22,199,486,1286,,-389,,1000,DISTRICT13,TABLET
ACT-SC,2/1/2024,DISTRICT HOSPITAL,3,146,3,82,1183,10,-145,3,30,DISTRICT18,BLISTER
ACT-INF,9/1/2025,HEALTH CENTER,1998,0,66,546,,,200,31,30,DISTRICT1,BLISTER
ITN,3/1/2025,HEALTH CENTER,2375,,199,816,,0,-414,60,50,DISTRICT15,PIECE
ITN,3/1/2024,HEALTH CENTER,,,55,84,,10,158,,50,DISTRICT20,PIECE
ACT-AD,4/1/2024,HEALTH CENTER,,158,,,,2843,498,284,30,DISTRICT15,BLISTER
ACT-SC,3/1/2024,HEALTH CENTER,,0,16,50,,29,-432,42,30,DISTRICT13,BLISTER
ART-SUP,1/1/2024,HEALTH CENTER,2035,1,555,1542,,552,556,442,2,DISTRICT18,CAPSULE
SP,2/1/2025,HEALTH CENTER,2075,5,315,,,,-92,110,1000,DISTRICT13,TABLET
ACT-GC,1/1/2025,HEALTH CENTER,302,0,59,64,593,1773,10,63,30,DISTRICT20,BLISTER
ACT-GC,11/1/2024,HEALTH CENTER,,,,829,572,0,-61,317,30,DISTRICT9,BLISTER
ART-SUP,9/1/2024,HEALTH CENTER,485,,585,171,,4434,-306,397,2,DISTRICT25,CAPSULE
ACT-SC,11/1/2025,HEALTH CENTER,0,,25,,,,-371,1,30,DISTRICT16,BLISTER
RDT,2/1/2024,HEALTH CENTER,,0,20,111,411,1,-642,14,25,DISTRICT26,PIECE
ART-INJ,7/1/2025,HEALTH CENTER,,5,59,77,707,,369,21,5,DISTRICT8,VIAL
ART-INJ,10/1/2024,HEALTH CENTER,121,,13,985,41,11,-711,,5,DISTRICT1,VIAL
SP,10/1/2025,HEALTH CENTER,1044,276,162,1039,,2,-1238,69,1000,DISTRICT38,TABLET
QUIN,11/1/2024,HEALTH CENTER,522,1,51,1140,213,0,581,24,1000,DISTRICT35,TABLET
PYRA-COMP,4/1/2024,HEALTH CENTER,,817,542,5307,828,1,241,429,1,DISTRICT13,TABLET
QUIN,1/1/2024,DISTRICT HOSPITAL,2798,534,548,3004,,2402,-191,1215,1000,DISTRICT15,TABLET
ACT-SC,1/1/2024,DISTRICT HOSPITAL,58,13,,98,168,616,-83,2,30,DISTRICT14,BLISTER
QUIN,11/1/2024,HEALTH CENTER,740,515,359,3011,,,-203,,1000,DISTRICT21,TABLET
ART-SUP,4/1/2024,HEALTH CENTER,877,19,94,2392,375,0,127,99,2,DISTRICT25,CAPSULE
ITN,4/1/2024,HEALTH CENTER,548,5,716,969,,371,-489,322,50,DISTRICT31,PIECE
ACT-AD,4/1/2024,HEALTH CENTER,1341,,,330,,516,-653,,30,DISTRICT21,BLISTER
PYRA-COMP,8/1/2024,HEALTH CENTER,,1406,678,2126,,982,-654,,1,DISTRICT11,TABLET
ACT-INF,6/1/2025,HEALTH CENTER,22,0,,44,,0,-328,2,30,DISTRICT26,BLISTER
ACT-SC,11/1/2025,HEALTH CENTER,,,600,,,1154,504,279,30,DISTRICT2,BLISTER
SP,11/1/2025,HEALTH CENTER,,0,,258,,0,605,,1000,DISTRICT25,TABLET
ACT-SC,3/1/2024,HEALTH CENTER,405,13,88,,,0,128,12,30,DISTRICT32,BLISTER
PYRA-SAC,12/1/2024,HEALTH CENTER,2275,4,558,847,,233,-498,231,1,DISTRICT4,SACHET
PYRA-COMP,3/1/2025,HEALTH CENTER,10,526,51,269,,0,516,21,1,DISTRICT38,TABLET
ART-SUP,8/1/2024,HEALTH CENTER,589,,351,332,,,-552,530,2,DISTRICT20,CAPSULE
ACT-AD,9/1/2024,HEALTH CENTER,408,0,156,8,,1791,884,,30,DISTRICT30,BLISTER
ITN,7/1/2025,HEALTH CENTER,258,1,,,,1,177,398,50,DISTRICT30,PIECE
ART-SUP,11/1/2025,HEALTH CENTER,,261,1704,1656,,1519,-479,1529,2,DISTRICT31,CAPSULE
ART-SUP,8/1/2024,HEALTH CENTER,774,7,124,477,1891,,-940,141,2,DISTRICT2,CAPSULE
ART-INJ,2/1/2025,HEALTH CENTER,2421,0,,723,510,,-756,37,5,DISTRICT29,VIAL
ACT-SC,8/1/2024,HEALTH CENTER,66,88,142,11,,,398,,30,DISTRICT7,BLISTER
ART-SUP,6/1/2024,REGIONAL HOSPITAL,1154,0,48,385,,2,-348,13,2,DISTRICT16,CAPSULE
ACT-GC,5/1/2024,HEALTH CENTER,1338,19,45,519,,0,123,,30,DISTRICT36,BLISTER
ITN,10/1/2025,HEALTH CENTER,,,,,317,2214,506,354,50,DISTRICT28,PIECE
RDT,9/1/2025,HEALTH CENTER,5202,3620,985,9696,,1504,-179,1276,25,DISTRICT38,PIECE
ITN,11/1/2024,HEALTH CENTER,201,80,,,,,-182,,50,DISTRICT20,PIECE
ART-SUP,9/1/2024,HEALTH CENTER,256,144,250,201,905,14,99,185,2,DISTRICT33,CAPSULE
PYRA-COMP,9/1/2025,HEALTH CENTER,,50,403,404,,1,-505,144,1,DISTRICT23,TABLET
ACT-GC,3/1/2025,HEALTH CENTER,25,8,5,16,285,8,239,7,30,DISTRICT37,BLISTER
ITN,6/1/2024,HEALTH CENTER,1311,,,,,5266,-607,499,50,DISTRICT30,PIECE
ITN,1/1/2024,HEALTH CENTER,1435,0,178,854,,,97,110,50,DISTRICT30,PIECE
ACT-GC,8/1/2025,HEALTH CENTER,,,78,32,,23,210,75,30,DISTRICT28,BLISTER
SP,2/1/2025,DISTRICT HOSPITAL,,173,386,,,1,-348,,1000,DISTRICT16,TABLET
ART-SUP,7/1/2025,HEALTH CENTER,510,86,,1153,978,64,-18,585,2,DISTRICT14,CAPSULE
RDT,6/1/2025,HEALTH CENTER,2827,28,589,1734,,1,-195,921,25,DISTRICT15,PIECE
ACT-AD,12/1/2024,HEALTH CENTER,,8,329,,,99,971,379,30,DISTRICT3,BLISTER
ACT-INF,6/1/2024,HEALTH CENTER,,107,1382,3902,,6903,327,1606,30,DISTRICT29,BLISTER
QUIN,7/1/2025,DISTRICT HOSPITAL,,7,128,295,,16,-156,112,1000,DISTRICT5,TABLET
ACT-SC,9/1/2024,HEALTH CENTER,603,,400,1642,,1103,297,140,30,DISTRICT13,BLISTER
PYRA-SAC,10/1/2025,HEALTH CENTER,,,,1829,,2484,521,377,1,DISTRICT26,SACHET
ACT-SC,9/1/2024,HEALTH CENTER,77,6,,,,8151,-151,343,30,DISTRICT12,BLISTER
ACT-GC,12/1/2024,REGIONAL HOSPITAL,1143,,,,649,5,516,374,30,DISTRICT26,BLISTER
PYRA-SAC,5/1/2025,HEALTH CENTER,,,269,1361,913,13,335,194,1,DISTRICT31,SACHET
QUIN,4/1/2025,HEALTH CENTER,2023,0,,599,,30,36,250,1000,DISTRICT11,TABLET
PYRA-COMP,5/1/2025,HEALTH CENTER,,,652,1606,,2359,507,467,1,DISTRICT24,TABLET
ACT-SC,9/1/2024,HEALTH CENTER,241,0,114,199,,,50,42,30,DISTRICT32,BLISTER
ACT-GC,11/1/2024,HEALTH CENTER,284,1937,334,497,,320,-20,,30,DISTRICT31,BLISTER
PYRA-SAC,6/1/2024,HEALTH CENTER,,,472,2327,540,0,20,187,1,DISTRICT21,SACHET
PYRA-COMP,3/1/2024,HEALTH CENTER,265,13,38,485,,1090,303,50,1,DISTRICT27,TABLET
PYRA-SAC,4/1/2025,HEALTH CENTER,,186,649,,,0,-292,460,1,DISTRICT13,SACHET
ACT-SC,8/1/2024,HEALTH CENTER,,,,477,,5149,537,428,30,DISTRICT1,BLISTER
PYRA-SAC,9/1/2025,HEALTH CENTER,,1333,701,3258,,2420,160,,1,DISTRICT25,SACHET
RDT,4/1/2025,HEALTH CENTER,2227,413,,1593,854,1893,67,,25,DISTRICT20,PIECE
ACT-AD,5/1/2025,HEALTH CENTER,1678,0,700,,580,1,211,674,30,DISTRICT29,BLISTER
PYRA-COMP,6/1/2025,HEALTH CENTER,,2,25,471,327,169,107,79,1,DISTRICT15,TABLET
PYRA-SAC,1/1/2025,HEALTH CENTER,1493,,702,2553,2232,,-117,412,1,DISTRICT11,SACHET
ACT-SC,5/1/2024,HEALTH CENTER,3407,,459,,1791,690,-526,225,30,DISTRICT15,BLISTER
ACT-GC,2/1/2024,HEALTH CENTER,,11,364,,,2698,-311,394,30,DISTRICT29,BLISTER
QUIN,5/1/2025,HEALTH CENTER,21,0,1,41,,0,601,0,1000,DISTRICT31,TABLET
ART-SUP,7/1/2024,HEALTH CENTER,,0,130,,,795,-165,84,2,DISTRICT13,CAPSULE
ACT-GC,2/1/2024,HEALTH CENTER,1085,90,153,,,0,-470,29,30,DISTRICT3,BLISTER
ART-SUP,4/1/2025,HEALTH CENTER,155,298,45,,356,0,-749,5,2,DISTRICT12,CAPSULE
ART-INJ,3/1/2025,HEALTH CENTER,281,,205,288,,23,-74,224,5,DISTRICT24,VIAL
SP,4/1/2025,HEALTH CENTER,1486,191,,328,,843,-450,67,1000,DISTRICT20,TABLET
ART-INJ,5/1/2025,HEALTH CENTER,1317,17,379,250,,1173,27,630,5,DISTRICT9,VIAL
QUIN,6/1/2024,HEALTH CENTER,,0,1203,1198,1054,1808,-250,932,1000,DISTRICT23,TABLET
ART-SUP,11/1/2024,HEALTH CENTER,,648,,,,72,17,,2,DISTRICT25,CAPSULE
SP,3/1/2025,HEALTH CENTER,,49,,,,3280,67,290,1000,DISTRICT14,TABLET
QUIN,5/1/2024,HEALTH CENTER,428,,177,650,,1242,-301,14,1000,DISTRICT24,TABLET
ART-SUP,10/1/2024,HEALTH CENTER,746,901,369,,,,95,209,2,DISTRICT33,CAPSULE
ITN,12/1/2024,HEALTH CENTER,,108,631,2808,,35,-432,817,50,DISTRICT21,PIECE
ACT-AD,6/1/2024,HEALTH CENTER,,30,340,2655,,181,-482,246,30,DISTRICT1,BLISTER
QUIN,10/1/2025,HEALTH CENTER,1029,,186,,,431,156,,1000,DISTRICT3,TABLET
ART-SUP,10/1/2025,HEALTH CENTER,,1310,,4233,,0,-458,376,2,DISTRICT22,CAPSULE
SP,3/1/2025,HEALTH CENTER,3455,,,3840,,0,-672,379,1000,DISTRICT29,TABLET
ACT-INF,7/1/2025,HEALTH CENTER,180,0,,184,262,,-536,1,30,DISTRICT31,BLISTER
ART-SUP,12/1/2024,HEALTH CENTER,661,1,241,381,590,3943,-966,176,2,DISTRICT20,CAPSULE
PYRA-SAC,11/1/2024,HEALTH CENTER,64,733,49,53,,21,346,46,1,DISTRICT2,SACHET
ART-SUP,3/1/2025,HEALTH CENTER,3865,1470,1892,4635,,405,418,1208,2,DISTRICT26,CAPSULE
ACT-SC,3/1/2025,HEALTH CENTER,,18,29,97,,7,-251,13,30,DISTRICT6,BLISTER
QUIN,10/1/2025,HEALTH CENTER,994,0,358,256,697,220,-238,216,1000,DISTRICT24,TABLET
ACT-INF,9/1/2025,HEALTH CENTER,4945,1,,1582,,3606,-106,519,30,DISTRICT5,BLISTER
PYRA-COMP,5/1/2025,HEALTH CENTER,,7,372,,612,27,-73,35,1,DISTRICT27,TABLET
ITN,12/1/2023,HEALTH CENTER,346,,12,,,1,-81,,50,DISTRICT26,PIECE
ACT-INF,8/1/2025,HEALTH CENTER,1422,43,,1522,,0,255,166,30,DISTRICT13,BLISTER
ITN,3/1/2025,HEALTH CENTER,548,0,41,1149,,21,506,68,50,DISTRICT4,PIECE
ART-INJ,9/1/2025,HEALTH CENTER,97,0,4,,,12,-106,,5,DISTRICT3,VIAL
ART-INJ,2/1/2025,HEALTH CENTER,35,0,9,19,,0,-221,1,5,DISTRICT20,VIAL
ACT-SC,1/1/2025,HEALTH CENTER,,9,1230,,,17,-73,,30,DISTRICT2,BLISTER
ACT-SC,5/1/2024,HEALTH CENTER,,,76,890,,0,-450,,30,DISTRICT26,BLISTER
PYRA-SAC,2/1/2024,HEALTH CENTER,1677,88,,1865,,1,385,253,1,DISTRICT13,SACHET
PYRA-SAC,6/1/2025,HEALTH CENTER,420,1,90,,,5271,36,5,1,DISTRICT25,SACHET
PYRA-SAC,11/1/2024,HEALTH CENTER,68,3772,306,1348,,,188,405,1,DISTRICT33,SACHET
ITN,6/1/2024,HEALTH CENTER,,,367,763,1596,1903,10,680,50,DISTRICT31,PIECE
RDT,6/1/2025,HEALTH CENTER,352,0,,,,0,156,,25,DISTRICT19,PIECE
ACT-GC,2/1/2025,HEALTH CENTER,35,63,2,,,2,-152,1,30,DISTRICT38,BLISTER
PYRA-COMP,11/1/2025,HEALTH CENTER,,,304,547,,260,-674,,1,DISTRICT14,TABLET
ART-SUP,5/1/2024,HEALTH CENTER,,0,84,,391,,248,,2,DISTRICT15,CAPSULE
ACT-INF,10/1/2024,HEALTH CENTER,190,7,14,310,213,0,79,29,30,DISTRICT7,BLISTER
SP,4/1/2025,HEALTH CENTER,,386,,2506,,0,323,28,1000,DISTRICT14,TABLET
ART-SUP,4/1/2025,HEALTH CENTER,1622,1,,,,222,-376,59,2,DISTRICT24,CAPSULE
ACT-GC,10/1/2025,HEALTH CENTER,163,,274,,,14,-622,112,30,DISTRICT33,BLISTER
PYRA-COMP,12/1/2024,HEALTH CENTER,,,150,1609,,22,-259,107,1,DISTRICT1,TABLET
ACT-AD,9/1/2025,HEALTH CENTER,,362,500,1323,,,505,,30,DISTRICT16,BLISTER
ACT-INF,10/1/2024,HEALTH CENTER,,,264,,,316,222,233,30,DISTRICT15,BLISTER
ART-INJ,9/1/2025,HEALTH CENTER,,,,223,,,600,3,5,DISTRICT13,VIAL
ACT-AD,5/1/2025,HEALTH CENTER,4139,,,2081,,8477,-105,,30,DISTRICT17,BLISTER
PYRA-COMP,3/1/2025,HEALTH CENTER,2415,117,,,,0,-507,124,1,DISTRICT35,TABLET
ACT-SC,4/1/2024,HEALTH CENTER,745,2,94,,,602,60,286,30,DISTRICT38,BLISTER
ART-SUP,2/1/2025,HEALTH CENTER,15,,274,28,,9697,253,124,2,DISTRICT28,CAPSULE
SP,12/1/2023,HEALTH CENTER,,124,,1608,,1,233,,1000,DISTRICT15,TABLET
ACT-GC,10/1/2025,HEALTH CENTER,,228,290,729,,269,44,,30,DISTRICT20,BLISTER
SP,10/1/2025,HEALTH CENTER,,,232,158,854,1223,-81,326,1000,DISTRICT24,TABLET
ACT-INF,8/1/2024,HEALTH CENTER,230,0,32,62,,0,7,1,30,DISTRICT20,BLISTER
ACT-AD,8/1/2024,HEALTH CENTER,,14,31,718,,0,-443,,30,DISTRICT13,BLISTER
PYRA-SAC,9/1/2025,HEALTH CENTER,46,20,1,116,,0,-164,0,1,DISTRICT36,SACHET
QUIN,4/1/2025,HEALTH CENTER,,0,,3129,2262,2892,878,1147,1000,DISTRICT16,TABLET
ART-INJ,10/1/2025,HEALTH CENTER,433,8,30,222,,17,-148,,5,DISTRICT4,VIAL
ITN,6/1/2024,HEALTH CENTER,408,0,,,865,,497,53,50,DISTRICT4,PIECE
QUIN,10/1/2025,HEALTH CENTER,1585,907,,3413,,0,167,388,1000,DISTRICT32,TABLET
QUIN,3/1/2025,HEALTH CENTER,,59,,4478,732,60,-165,306,1000,DISTRICT31,TABLET
ART-INJ,9/1/2025,HEALTH CENTER,,,,,,3,-379,0,5,DISTRICT31,VIAL
SP,1/1/2024,HEALTH CENTER,712,42,116,1432,473,,-627,15,1000,DISTRICT5,TABLET
SP,4/1/2024,HEALTH CENTER,618,4,283,1788,,0,293,,1000,DISTRICT25,TABLET
ACT-GC,1/1/2024,HEALTH CENTER,112,0,24,68,363,1,30,7,30,DISTRICT13,BLISTER
ITN,7/1/2025,HEALTH CENTER,3259,1,,1287,,1,-166,111,50,DISTRICT25,PIECE
ART-SUP,2/1/2024,HEALTH CENTER,,,997,,635,86,-378,,2,DISTRICT2,CAPSULE
RDT,11/1/2025,HEALTH CENTER,,2,,619,,7,-139,,25,DISTRICT25,PIECE
ART-SUP,7/1/2024,HEALTH CENTER,,4,,58,137,1,17,3,2,DISTRICT30,CAPSULE
ACT-SC,9/1/2025,DISTRICT HOSPITAL,292,0,211,,1078,,10,,30,DISTRICT37,BLISTER
ACT-AD,5/1/2025,HEALTH CENTER,,,405,3487,,18,79,1037,30,DISTRICT29,BLISTER
RDT,10/1/2025,HEALTH CENTER,4818,315,464,4753,450,0,186,,25,DISTRICT13,PIECE
PYRA-COMP,6/1/2025,HEALTH CENTER,,,,1019,426,2,-214,139,1,DISTRICT5,TABLET
PYRA-COMP,1/1/2024,HEALTH CENTER,468,329,,748,,,108,181,1,DISTRICT28,TABLET
ACT-AD,3/1/2024,HEALTH CENTER,,41,1098,1784,898,,-708,1065,30,DISTRICT38,BLISTER
ACT-AD,4/1/2024,HEALTH CENTER,355,,31,184,387,89,-555,27,30,DISTRICT4,BLISTER
RDT,1/1/2025,HEALTH CENTER,14,428,3,,,1,380,2,25,DISTRICT25,PIECE
QUIN,8/1/2024,HEALTH CENTER,10,,14,134,,0,-346,27,1000,DISTRICT37,TABLET
PYRA-COMP,1/1/2025,HEALTH CENTER,,166,,1703,,1841,-256,718,1,DISTRICT25,TABLET
QUIN,1/1/2025,HEALTH CENTER,1095,170,328,1363,,,594,279,1000,DISTRICT24,TABLET
QUIN,9/1/2024,HEALTH CENTER,2284,,702,,,15563,102,731,1000,DISTRICT32,TABLET
RDT,4/1/2024,HEALTH CENTER,1268,0,314,334,,50,-120,183,25,DISTRICT5,PIECE
ART-INJ,9/1/2024,HEALTH CENTER,5140,,590,3242,,7,-560,511,5,DISTRICT36,VIAL
ACT-INF,7/1/2024,HEALTH CENTER,5246,,861,,,332,31,560,30,DISTRICT31,BLISTER
PYRA-COMP,2/1/2024,HEALTH CENTER,2638,103,,2024,851,1039,467,,1,DISTRICT32,TABLET
RDT,5/1/2024,HEALTH CENTER,,801,288,,,,-64,70,25,DISTRICT32,PIECE
QUIN,8/1/2025,HEALTH CENTER,2440,6,345,,,66,-499,,1000,DISTRICT9,TABLET
PYRA-SAC,12/1/2024,HEALTH CENTER,98,150,13,602,,0,58,0,1,DISTRICT2,SACHET
ACT-AD,9/1/2025,HEALTH CENTER,886,717,227,331,674,,319,79,30,DISTRICT3,BLISTER
RDT,10/1/2024,HEALTH CENTER,250,12,226,425,,5,426,236,25,DISTRICT23,PIECE
ACT-INF,9/1/2025,HEALTH CENTER,489,124,,966,394,,-214,10,30,DISTRICT19,BLISTER
ACT-SC,1/1/2024,HEALTH CENTER,,0,3,76,1521,0,-986,0,30,DISTRICT29,BLISTER
QUIN,6/1/2024,HEALTH CENTER,1345,0,,,,,-361,9,1000,DISTRICT25,TABLET
PYRA-SAC,8/1/2024,HEALTH CENTER,1955,,354,406,1429,,-311,229,1,DISTRICT29,SACHET
ART-INJ,9/1/2024,HEALTH CENTER,64,14,26,,,3,721,14,5,DISTRICT35,VIAL
ACT-AD,11/1/2025,HEALTH CENTER,,1,241,2372,180,0,-264,113,30,DISTRICT13,BLISTER
ITN,12/1/2024,HEALTH CENTER,,,,17,,,-169,24,50,DISTRICT33,PIECE
ART-SUP,2/1/2025,HEALTH CENTER,465,0,65,595,,1449,2,,2,DISTRICT23,CAPSULE
ACT-AD,1/1/2024,HEALTH CENTER,254,2,232,872,,8,294,81,30,DISTRICT37,BLISTER
ITN,1/1/2025,HEALTH CENTER,,,14,6,,,-842,0,50,DISTRICT16,PIECE
QUIN,5/1/2025,HEALTH CENTER,,0,84,96,520,8488,234,32,1000,DISTRICT38,TABLET
SP,4/1/2024,HEALTH CENTER,485,2053,,,1977,3772,607,199,1000,DISTRICT16,TABLET
ART-SUP,8/1/2024,HEALTH CENTER,690,14,437,,,3138,-211,437,2,DISTRICT6,CAPSULE
RDT,11/1/2024,HEALTH CENTER,1097,87,824,2052,1333,155,318,502,25,DISTRICT19,PIECE
SP,4/1/2025,HEALTH CENTER,,6,49,86,431,165,5,19,1000,DISTRICT28,TABLET
QUIN,3/1/2025,HEALTH CENTER,861,0,,507,,1126,305,,1000,DISTRICT3,TABLET
QUIN,11/1/2024,HEALTH CENTER,,17,97,,,0,710,27,1000,DISTRICT20,TABLET
PYRA-SAC,5/1/2024,HEALTH CENTER,1730,,,,,9561,-813,842,1,DISTRICT14,SACHET
PYRA-COMP,8/1/2024,HEALTH CENTER,121,2,5,135,,29,-7,,1,DISTRICT25,TABLET
ACT-SC,10/1/2025,HEALTH CENTER,479,337,,86,,180,-647,78,30,DISTRICT9,BLISTER
RDT,10/1/2024,HEALTH CENTER,2743,,,,425,185,302,171,25,DISTRICT29,PIECE
ACT-SC,12/1/2024,HEALTH CENTER,283,1,38,,,,-164,5,30,DISTRICT7,BLISTER
QUIN,9/1/2024,HEALTH CENTER,2108,11,282,,,,-538,241,1000,DISTRICT30,TABLET
PYRA-COMP,12/1/2024,HEALTH CENTER,883,601,253,745,1288,675,418,182,1,DISTRICT24,TABLET
PYRA-SAC,5/1/2024,HEALTH CENTER,4,384,,21,1040,4767,-529,,1,DISTRICT35,SACHET
ACT-INF,8/1/2025,HEALTH CENTER,2539,,,1818,,52,-131,,30,DISTRICT25,BLISTER
ACT-GC,4/1/2025,HEALTH CENTER,170,178,,,,,80,,30,DISTRICT13,BLISTER
ACT-SC,8/1/2024,DISTRICT HOSPITAL,,3,173,183,,1,-242,65,30,DISTRICT32,BLISTER
ITN,11/1/2025,DISTRICT HOSPITAL,88,248,66,148,456,10,696,,50,DISTRICT33,PIECE
ART-INJ,5/1/2024,HEALTH CENTER,22,,30,109,,310,-411,39,5,DISTRICT17,VIAL
RDT,1/1/2025,HEALTH CENTER,230,,44,303,,37,-239,13,25,DISTRICT31,PIECE
ACT-INF,9/1/2024,HEALTH CENTER,0,0,0,1,300,0,368,0,30,DISTRICT14,BLISTER
QUIN,10/1/2025,HEALTH CENTER,85,,44,42,,,-307,3,1000,DISTRICT25,TABLET
QUIN,7/1/2025,REGIONAL HOSPITAL,77,2,94,,,,-327,41,1000,DISTRICT9,TABLET
ART-SUP,3/1/2025,HEALTH CENTER,,,121,,,13,-447,,2,DISTRICT26,CAPSULE
SP,11/1/2024,HEALTH CENTER,485,14,116,1147,,,-546,176,1000,DISTRICT25,TABLET
ART-SUP,10/1/2025,HEALTH CENTER,,72,1290,4091,,239,229,1613,2,DISTRICT29,CAPSULE
SP,3/1/2024,HEALTH CENTER,796,,36,1137,,0,-1135,40,1000,DISTRICT22,TABLET
ACT-SC,10/1/2025,HEALTH CENTER,1989,0,349,2684,955,,595,,30,DISTRICT27,BLISTER
ACT-GC,10/1/2024,HEALTH CENTER,591,271,,1473,,1,327,,30,DISTRICT19,BLISTER
ACT-GC,2/1/2024,HEALTH CENTER,1926,,252,749,1393,3,215,254,30,DISTRICT30,BLISTER
QUIN,5/1/2024,HEALTH CENTER,,1,521,340,,,-365,251,1000,DISTRICT38,TABLET
ACT-SC,8/1/2024,HEALTH CENTER,144,,68,,741,37,16,63,30,DISTRICT25,BLISTER
RDT,11/1/2024,HEALTH CENTER,,1,,618,391,,319,248,25,DISTRICT22,PIECE
ART-INJ,2/1/2024,HEALTH CENTER,7452,,1924,,,36,425,,5,DISTRICT13,VIAL
ACT-INF,12/1/2024,HEALTH CENTER,,,15,138,,0,-186,6,30,DISTRICT15,BLISTER
PYRA-SAC,5/1/2025,HEALTH CENTER,,649,19,60,,36,-24,11,1,DISTRICT15,SACHET
PYRA-SAC,5/1/2025,HEALTH CENTER,1924,,307,,,102,334,,1,DISTRICT20,SACHET
QUIN,6/1/2025,HEALTH CENTER,,577,804,4012,,0,-391,534,1000,DISTRICT20,TABLET
ITN,6/1/2024,HEALTH CENTER,,,,,,44,18,,50,DISTRICT21,PIECE
RDT,1/1/2025,HEALTH CENTER,,,3,88,,,706,,25,DISTRICT1,PIECE
QUIN,7/1/2025,HEALTH CENTER,,1,,1199,61,,87,,1000,DISTRICT9,TABLET
ART-SUP,7/1/2025,HEALTH CENTER,557,10,301,169,,906,110,,2,DISTRICT38,CAPSULE
ACT-AD,7/1/2024,HEALTH CENTER,,2247,99,355,,2,277,50,30,DISTRICT8,BLISTER
ACT-AD,7/1/2025,HEALTH CENTER,,,24,4,,32,106,,30,DISTRICT13,BLISTER
SP,3/1/2025,HEALTH CENTER,1229,,,1306,,220,-298,254,1000,DISTRICT36,TABLET
ACT-INF,2/1/2025,DISTRICT HOSPITAL,24,0,6,19,,0,-413,1,30,DISTRICT30,BLISTER
ACT-SC,10/1/2025,HEALTH CENTER,231,56,,842,,0,370,7,30,DISTRICT3,BLISTER
ACT-INF,6/1/2024,REGIONAL HOSPITAL,2907,,1395,1378,1678,590,-105,1145,30,DISTRICT29,BLISTER
RDT,9/1/2025,HEALTH CENTER,916,3,,,,334,-292,291,25,DISTRICT29,PIECE
SP,8/1/2024,HEALTH CENTER,,,,,350,,221,303,1000,DISTRICT13,TABLET
QUIN,1/1/2025,HEALTH CENTER,196,,67,128,,6257,637,133,1000,DISTRICT5,TABLET
ITN,4/1/2024,HEALTH CENTER,5642,3108,723,,,20,254,475,50,DISTRICT10,PIECE
ART-SUP,5/1/2025,HEALTH CENTER,587,,33,481,,775,99,8,2,DISTRICT13,CAPSULE
ACT-GC,10/1/2024,HEALTH CENTER,2988,,420,,,,173,244,30,DISTRICT13,BLISTER
ACT-SC,1/1/2025,HEALTH CENTER,291,,57,887,,0,-197,,30,DISTRICT26,BLISTER
RDT,11/1/2025,HEALTH CENTER,203,316,493,329,1815,2236,605,299,25,DISTRICT7,PIECE
ACT-GC,6/1/2025,HEALTH CENTER,1364,10,345,,1022,2896,-380,450,30,DISTRICT16,BLISTER
ACT-GC,7/1/2025,HEALTH CENTER,2566,127,,1045,839,,-233,,30,DISTRICT9,BLISTER
QUIN,6/1/2025,HEALTH CENTER,958,,120,1064,,960,-518,68,1000,DISTRICT14,TABLET
ACT-SC,7/1/2024,HEALTH CENTER,1628,,271,1585,,2124,-66,,30,DISTRICT23,BLISTER
SP,4/1/2024,HEALTH CENTER,,19,135,670,642,214,353,142,1000,DISTRICT10,TABLET
ART-INJ,4/1/2024,DISTRICT HOSPITAL,35,192,38,,,0,-616,42,5,DISTRICT21,VIAL
ACT-INF,11/1/2025,DISTRICT HOSPITAL,2027,361,251,1953,,,-768,280,30,DISTRICT29,BLISTER
RDT,11/1/2025,HEALTH CENTER,2424,1987,,4029,,,-42,765,25,DISTRICT31,PIECE
ACT-INF,2/1/2024,HEALTH CENTER,382,151,40,553,,60,159,19,30,DISTRICT10,BLISTER
ACT-INF,1/1/2024,HEALTH CENTER,358,22,20,637,,,166,2,30,DISTRICT24,BLISTER
QUIN,12/1/2024,HEALTH CENTER,550,,298,1521,,179,385,327,1000,DISTRICT31,TABLET
ACT-SC,2/1/2025,HEALTH CENTER,73,,412,847,,1508,501,407,30,DISTRICT6,BLISTER
ACT-SC,5/1/2025,HEALTH CENTER,343,,130,96,,0,119,226,30,DISTRICT15,BLISTER
ITN,8/1/2024,HEALTH CENTER,,,140,88,,36,-152,42,50,DISTRICT9,PIECE
ACT-GC,7/1/2025,HEALTH CENTER,758,0,250,,121,0,-463,,30,DISTRICT9,BLISTER
PYRA-SAC,6/1/2025,HEALTH CENTER,2946,445,2625,4030,,,-82,1609,1,DISTRICT14,SACHET
ACT-INF,11/1/2025,HEALTH CENTER,12,0,2,,,6,522,,30,DISTRICT21,BLISTER
ACT-SC,4/1/2024,HEALTH CENTER,456,0,112,436,,1,-406,25,30,DISTRICT31,BLISTER
RDT,1/1/2024,HEALTH CENTER,19,4,,,1099,2,-412,,25,DISTRICT37,PIECE
PYRA-SAC,6/1/2024,HEALTH CENTER,52,10,9,36,876,,-698,,1,DISTRICT13,SACHET
RDT,12/1/2024,HEALTH CENTER,1262,112,232,1147,,,-375,,25,DISTRICT2,PIECE
RDT,9/1/2024,HEALTH CENTER,1110,0,244,275,,,227,63,25,DISTRICT27,PIECE
ACT-GC,4/1/2025,HEALTH CENTER,,520,67,262,,77,99,38,30,DISTRICT12,BLISTER
SP,11/1/2025,HEALTH CENTER,,0,153,338,,,-582,186,1000,DISTRICT35,TABLET
ACT-SC,6/1/2024,DISTRICT HOSPITAL,,92,,1816,,2,739,192,30,DISTRICT25,BLISTER
PYRA-COMP,9/1/2025,HEALTH CENTER,,0,8,60,341,0,-174,,1,DISTRICT33,TABLET
ART-SUP,7/1/2025,HEALTH CENTER,,0,119,392,449,206,-450,17,2,DISTRICT7,CAPSULE
ART-INJ,3/1/2024,HEALTH CENTER,2389,,64,983,,41,-396,62,5,DISTRICT1,VIAL
ITN,11/1/2025,HEALTH CENTER,10,,176,45,,,840,,50,DISTRICT29,PIECE
ITN,5/1/2024,NATIONAL HOSPITAL,301,142,,482,,0,288,,50,DISTRICT17,PIECE
ACT-SC,4/1/2024,HEALTH CENTER,304,,46,356,,0,-57,,30,DISTRICT15,BLISTER
ACT-SC,6/1/2024,HEALTH CENTER,,,252,70,,7,521,59,30,DISTRICT33,BLISTER
ART-INJ,6/1/2024,NATIONAL HOSPITAL,52,,144,63,,194,315,107,5,DISTRICT4,VIAL
ART-INJ,12/1/2024,HEALTH CENTER,296,0,,73,,,-49,,5,DISTRICT2,VIAL
PYRA-COMP,5/1/2025,HEALTH CENTER,,1298,165,626,,,425,361,1,DISTRICT31,TABLET
ACT-INF,1/1/2024,HEALTH CENTER,,4,281,891,,219,-310,415,30,DISTRICT35,BLISTER
ACT-GC,8/1/2025,HEALTH CENTER,25,562,196,243,608,,-758,141,30,DISTRICT18,BLISTER
PYRA-COMP,9/1/2024,HEALTH CENTER,,13,248,388,,,-291,,1,DISTRICT32,TABLET
ACT-INF,10/1/2025,HEALTH CENTER,639,363,,397,,1,179,115,30,DISTRICT33,BLISTER
ACT-AD,8/1/2025,HEALTH CENTER,,271,,385,,21,372,,30,DISTRICT35,BLISTER
PYRA-SAC,5/1/2025,HEALTH CENTER,,142,102,2255,,0,-583,38,1,DISTRICT30,SACHET
PYRA-COMP,2/1/2024,HEALTH CENTER,71,0,4,,,0,373,1,1,DISTRICT25,TABLET
PYRA-SAC,8/1/2025,HEALTH CENTER,,,640,,,212,-346,457,1,DISTRICT31,SACHET
SP,4/1/2024,HEALTH CENTER,,,89,,,0,-711,22,1000,DISTRICT20,TABLET
SP,12/1/2024,HEALTH CENTER,168,22,,139,388,0,472,,1000,DISTRICT27,TABLET
ART-INJ,4/1/2025,HEALTH CENTER,9032,4,1533,4616,,504,198,1100,5,DISTRICT31,VIAL
ITN,3/1/2024,HEALTH CENTER,21,,,15,,,-491,0,50,DISTRICT23,PIECE
SP,8/1/2024,HEALTH CENTER,1741,,623,4622,,1,312,695,1000,DISTRICT31,TABLET
ACT-SC,12/1/2024,HEALTH CENTER,1918,0,370,,,68,-465,239,30,DISTRICT23,BLISTER
ACT-SC,11/1/2025,HEALTH CENTER,,7,,974,,5785,-298,423,30,DISTRICT22,BLISTER
ART-INJ,8/1/2024,DISTRICT HOSPITAL,,0,204,454,284,,1112,178,5,DISTRICT28,VIAL
ART-INJ,6/1/2025,HEALTH CENTER,2578,623,553,1658,,0,78,,5,DISTRICT9,VIAL
ACT-GC,1/1/2025,HEALTH CENTER,337,,78,503,437,0,-459,29,30,DISTRICT35,BLISTER
ACT-GC,4/1/2024,HEALTH CENTER,,358,,,,10008,-167,1001,30,DISTRICT32,BLISTER
ACT-SC,7/1/2024,HEALTH CENTER,2468,225,1448,4880,242,0,216,,30,DISTRICT24,BLISTER
ACT-INF,9/1/2025,HEALTH CENTER,,72,297,2300,,1,15,164,30,DISTRICT29,BLISTER
SP,4/1/2025,HEALTH CENTER,97,,,162,,0,84,,1000,DISTRICT3,TABLET
RDT,5/1/2025,HEALTH CENTER,,4,3,49,,18,64,12,25,DISTRICT9,PIECE
ITN,7/1/2025,HEALTH CENTER,1420,0,,,966,5269,120,399,50,DISTRICT32,PIECE
ACT-INF,6/1/2024,HEALTH CENTER,1959,,700,1005,,1258,-506,436,30,DISTRICT36,BLISTER
ACT-GC,11/1/2024,HEALTH CENTER,378,13,37,181,788,2307,-246,33,30,DISTRICT28,BLISTER
PYRA-COMP,3/1/2024,DISTRICT HOSPITAL,60,318,148,941,,5,218,14,1,DISTRICT33,TABLET
ART-INJ,1/1/2024,HEALTH CENTER,32,0,14,,,8,-174,24,5,DISTRICT33,VIAL
PYRA-COMP,4/1/2024,HEALTH CENTER,9,67,2,75,,0,255,6,1,DISTRICT37,TABLET
ACT-SC,5/1/2024,HEALTH CENTER,393,0,84,,,11,61,5,30,DISTRICT16,BLISTER
PYRA-COMP,8/1/2025,HEALTH CENTER,,,516,1842,,,-241,494,1,DISTRICT13,TABLET
SP,1/1/2025,HEALTH CENTER,,29,,215,,3,336,,1000,DISTRICT20,TABLET
ACT-SC,5/1/2025,HEALTH CENTER,443,67,,,,76,1415,,30,DISTRICT31,BLISTER
ART-SUP,6/1/2024,HEALTH CENTER,687,0,,,846,0,362,73,2,DISTRICT3,CAPSULE
PYRA-SAC,3/1/2024,HEALTH CENTER,65,282,57,600,804,76,-548,53,1,DISTRICT32,SACHET
ACT-SC,1/1/2024,HEALTH CENTER,,0,22,166,,0,-356,,30,DISTRICT19,BLISTER
ART-SUP,7/1/2025,HEALTH CENTER,,6,332,542,867,4931,-275,597,2,DISTRICT6,CAPSULE
PYRA-COMP,6/1/2024,HEALTH CENTER,11,212,2,51,,0,-351,2,1,DISTRICT10,TABLET
PYRA-SAC,7/1/2025,HEALTH CENTER,913,,130,592,,1061,-374,,1,DISTRICT17,SACHET
ART-SUP,9/1/2025,HEALTH CENTER,1511,13,266,,,1,-309,226,2,DISTRICT31,CAPSULE
ACT-INF,10/1/2024,HEALTH CENTER,288,92,183,1239,1090,83,-872,78,30,DISTRICT31,BLISTER
PYRA-SAC,10/1/2025,HEALTH CENTER,,71,601,1278,,540,314,532,1,DISTRICT9,SACHET
ART-INJ,3/1/2025,HEALTH CENTER,,7,133,146,,2,-476,458,5,DISTRICT28,VIAL
ACT-GC,9/1/2024,HEALTH CENTER,,,232,537,405,,-1119,349,30,DISTRICT22,BLISTER
ITN,8/1/2025,HEALTH CENTER,,67,,,,825,32,,50,DISTRICT7,PIECE
ACT-GC,2/1/2024,HEALTH CENTER,,,,437,,0,438,,30,DISTRICT9,BLISTER
ART-SUP,7/1/2024,DISTRICT HOSPITAL,,328,,1688,443,2,-505,113,2,DISTRICT20,CAPSULE
QUIN,9/1/2024,DISTRICT HOSPITAL,85,0,,443,,8,158,,1000,DISTRICT20,TABLET
SP,12/1/2023,HEALTH CENTER,2967,7,371,2721,,4557,-801,,1000,DISTRICT5,TABLET
ITN,2/1/2025,HEALTH CENTER,,,23,521,,,543,2,50,DISTRICT38,PIECE
ITN,8/1/2024,HEALTH CENTER,535,,33,,,1,41,27,50,DISTRICT25,PIECE
PYRA-COMP,12/1/2023,HEALTH CENTER,609,0,166,102,,,228,,1,DISTRICT18,TABLET
ACT-GC,6/1/2025,HEALTH CENTER,5028,0,340,,,18,-328,,30,DISTRICT13,BLISTER
ART-SUP,4/1/2025,HEALTH CENTER,,0,,2999,,,426,,2,DISTRICT1,CAPSULE
ACT-SC,10/1/2025,HEALTH CENTER,576,0,110,756,,103,-157,,30,DISTRICT28,BLISTER
ACT-SC,3/1/2025,HEALTH CENTER,181,3,75,359,,1,223,49,30,DISTRICT32,BLISTER
PYRA-COMP,12/1/2023,HEALTH CENTER,667,,266,,,3201,441,603,1,DISTRICT8,TABLET
ART-SUP,5/1/2024,HEALTH CENTER,1087,1,337,1246,1272,438,151,,2,DISTRICT31,CAPSULE
ART-SUP,2/1/2024,HEALTH CENTER,,20,123,762,,46,-45,92,2,DISTRICT26,CAPSULE
ART-INJ,11/1/2025,HEALTH CENTER,1504,32,550,1980,,3063,-372,638,5,DISTRICT29,VIAL
PYRA-SAC,3/1/2024,HEALTH CENTER,,69,5,110,844,5,-405,,1,DISTRICT1,SACHET
ACT-GC,5/1/2024,HEALTH CENTER,1,9,13,6,,0,598,1,30,DISTRICT5,BLISTER
ACT-AD,7/1/2025,HEALTH CENTER,1610,2,,,1642,502,-203,1264,30,DISTRICT31,BLISTER
ACT-GC,2/1/2025,HEALTH CENTER,,132,27,413,893,57,-63,,30,DISTRICT25,BLISTER
ART-SUP,12/1/2024,HEALTH CENTER,2016,0,299,554,,64,-127,174,2,DISTRICT16,CAPSULE
PYRA-COMP,11/1/2024,HEALTH CENTER,7051,,1814,9225,849,781,177,1428,1,DISTRICT29,TABLET
ACT-INF,6/1/2025,HEALTH CENTER,,1,195,,1338,690,-247,195,30,DISTRICT32,BLISTER
RDT,2/1/2025,HEALTH CENTER,2028,539,481,727,1039,332,-226,449,25,DISTRICT15,PIECE
ACT-GC,5/1/2025,HEALTH CENTER,,102,97,308,,0,-179,119,30,DISTRICT15,BLISTER
ACT-INF,5/1/2025,HEALTH CENTER,25,4,11,37,710,0,-120,7,30,DISTRICT26,BLISTER
PYRA-COMP,5/1/2024,DISTRICT HOSPITAL,235,301,29,714,,,28,8,1,DISTRICT16,TABLET
PYRA-COMP,4/1/2024,HEALTH CENTER,1111,3,771,2070,2464,578,174,317,1,DISTRICT12,TABLET
PYRA-SAC,12/1/2023,HEALTH CENTER,1621,114,201,,,0,-243,,1,DISTRICT14,SACHET
ACT-SC,10/1/2025,HEALTH CENTER,23,144,87,285,,0,772,19,30,DISTRICT6,BLISTER
ART-SUP,6/1/2025,HEALTH CENTER,5101,1520,735,4590,,1,24,653,2,DISTRICT32,CAPSULE
SP,11/1/2025,HEALTH CENTER,175,,102,,,,-112,162,1000,DISTRICT25,TABLET
ACT-INF,12/1/2023,HEALTH CENTER,272,24,,1110,1182,4406,-605,463,30,DISTRICT23,BLISTER
ART-SUP,12/1/2024,HEALTH CENTER,566,162,,982,354,0,-400,,2,DISTRICT33,CAPSULE
ART-SUP,6/1/2024,HEALTH CENTER,1236,0,207,478,,,-490,98,2,DISTRICT25,CAPSULE
SP,8/1/2025,HEALTH CENTER,231,174,212,,,39,309,45,1000,DISTRICT3,TABLET
RDT,1/1/2024,HEALTH CENTER,4245,824,,3603,,0,-266,346,25,DISTRICT32,PIECE
ART-SUP,5/1/2025,REGIONAL HOSPITAL,317,,,,,1183,-256,86,2,DISTRICT13,CAPSULE
PYRA-SAC,5/1/2025,HEALTH CENTER,578,557,211,2048,760,20,803,20,1,DISTRICT29,SACHET
RDT,6/1/2024,HEALTH CENTER,,2,7,44,,18,195,,25,DISTRICT17,PIECE
PYRA-COMP,10/1/2024,HEALTH CENTER,440,63,,124,181,54,302,55,1,DISTRICT9,TABLET
PYRA-COMP,3/1/2024,HEALTH CENTER,,0,,149,363,,-566,8,1,DISTRICT26,TABLET
ITN,4/1/2024,HEALTH CENTER,,0,,181,,3569,135,,50,DISTRICT28,PIECE
ACT-INF,9/1/2025,HEALTH CENTER,126,15,75,56,,195,709,15,30,DISTRICT12,BLISTER
ACT-INF,9/1/2024,HEALTH CENTER,2435,1264,550,1764,,3,48,615,30,DISTRICT3,BLISTER
ACT-INF,4/1/2025,REGIONAL HOSPITAL,,,600,1079,,131,259,,30,DISTRICT26,BLISTER
RDT,5/1/2025,HEALTH CENTER,351,0,54,878,,7,-351,55,25,DISTRICT26,PIECE
ART-INJ,7/1/2025,HEALTH CENTER,109,1,1,17,604,0,-753,0,5,DISTRICT33,VIAL
RDT,5/1/2025,HEALTH CENTER,,,157,,1065,1928,-179,,25,DISTRICT6,PIECE
QUIN,6/1/2024,HEALTH CENTER,6,101,29,33,863,2850,-79,,1000,DISTRICT6,TABLET
ART-INJ,2/1/2025,HEALTH CENTER,134,1111,,350,,5,62,32,5,DISTRICT16,VIAL
ACT-AD,9/1/2025,DISTRICT HOSPITAL,564,3,30,,,0,543,19,30,DISTRICT17,BLISTER
RDT,9/1/2024,HEALTH CENTER,847,4,123,,1040,1,8,5,25,DISTRICT28,PIECE
ACT-INF,2/1/2024,HEALTH CENTER,4070,1,1063,,,184,246,550,30,DISTRICT7,BLISTER
PYRA-SAC,2/1/2024,HEALTH CENTER,326,,172,1293,,557,66,31,1,DISTRICT31,SACHET
ART-INJ,7/1/2025,HEALTH CENTER,,1,216,,278,139,-281,,5,DISTRICT1,VIAL
ACT-AD,5/1/2024,HEALTH CENTER,548,,,193,,,-444,206,30,DISTRICT16,BLISTER
ART-SUP,5/1/2025,HEALTH CENTER,,1,18,866,,1,67,35,2,DISTRICT25,CAPSULE
ACT-AD,7/1/2024,HEALTH CENTER,,,345,1619,,,485,,30,DISTRICT31,BLISTER
ART-SUP,12/1/2023,HEALTH CENTER,41,4,,52,,737,-238,4,2,DISTRICT8,CAPSULE
QUIN,12/1/2024,HEALTH CENTER,,851,,1458,,116,-114,38,1000,DISTRICT1,TABLET
PYRA-SAC,9/1/2024,HEALTH CENTER,,1933,598,2171,495,0,203,241,1,DISTRICT29,SACHET
ACT-SC,7/1/2025,HEALTH CENTER,2329,234,431,2391,,0,-19,472,30,DISTRICT9,BLISTER
ACT-INF,12/1/2024,HEALTH CENTER,544,,90,,,24,215,61,30,DISTRICT38,BLISTER
PYRA-SAC,2/1/2025,HEALTH CENTER,49,2581,55,,,45,-553,9,1,DISTRICT26,SACHET
ACT-SC,11/1/2025,HEALTH CENTER,4167,,843,1907,,,-259,557,30,DISTRICT1,BLISTER
ITN,6/1/2025,HEALTH CENTER,,,,5702,855,4515,-336,2036,50,DISTRICT18,PIECE
ACT-GC,3/1/2025,HEALTH CENTER,2377,257,430,5178,,1,334,,30,DISTRICT26,BLISTER
ART-INJ,11/1/2024,HEALTH CENTER,446,1,362,428,,5545,251,,5,DISTRICT26,VIAL
PYRA-COMP,7/1/2024,HEALTH CENTER,4569,18,260,921,1283,1,-1041,,1,DISTRICT15,TABLET
ART-SUP,9/1/2025,HEALTH CENTER,1006,,153,,,,-450,127,2,DISTRICT27,CAPSULE
ITN,5/1/2024,HEALTH CENTER,1335,849,,1558,,194,546,,50,DISTRICT10,PIECE
PYRA-SAC,9/1/2025,HEALTH CENTER,,691,28,44,,0,-855,,1,DISTRICT19,SACHET
QUIN,10/1/2024,HEALTH CENTER,2778,,515,3099,,0,118,,1000,DISTRICT28,TABLET
ART-INJ,10/1/2024,HEALTH CENTER,6,,41,441,,2,484,,5,DISTRICT6,VIAL
RDT,3/1/2025,HEALTH CENTER,140,4,139,,653,,-200,175,25,DISTRICT20,PIECE
PYRA-COMP,4/1/2025,DISTRICT HOSPITAL,531,,72,979,,,-24,41,1,DISTRICT23,TABLET
ACT-INF,8/1/2025,DISTRICT HOSPITAL,4056,92,927,2734,,625,175,,30,DISTRICT31,BLISTER
QUIN,8/1/2025,HEALTH CENTER,641,,241,439,,,608,,1000,DISTRICT14,TABLET
PYRA-COMP,11/1/2024,HEALTH CENTER,,213,,,,0,83,2,1,DISTRICT36,TABLET
PYRA-COMP,8/1/2025,HEALTH CENTER,151,1,250,886,,2009,598,,1,DISTRICT36,TABLET
ACT-GC,11/1/2024,HEALTH CENTER,,4,63,260,627,0,-255,81,30,DISTRICT9,BLISTER
RDT,8/1/2024,HEALTH CENTER,,0,212,151,,4,-262,98,25,DISTRICT18,PIECE
ART-INJ,12/1/2023,HEALTH CENTER,618,9,,1041,,28,344,311,5,DISTRICT29,VIAL
SP,5/1/2024,HEALTH CENTER,10,0,,266,,5,-315,30,1000,DISTRICT12,TABLET
PYRA-COMP,3/1/2025,HEALTH CENTER,1504,424,113,773,755,770,-710,151,1,DISTRICT12,TABLET
ACT-INF,3/1/2025,HEALTH CENTER,42,,37,165,,0,-326,33,30,DISTRICT19,BLISTER
SP,3/1/2025,HEALTH CENTER,,1,246,599,291,517,275,260,1000,DISTRICT1,TABLET
SP,4/1/2025,HEALTH CENTER,1396,1380,626,1905,,,-579,697,1000,DISTRICT10,TABLET
ACT-AD,8/1/2025,HEALTH CENTER,322,0,101,498,534,4,76,134,30,DISTRICT1,BLISTER
ART-INJ,3/1/2024,HEALTH CENTER,,1,49,12,,,-230,107,5,DISTRICT33,VIAL
PYRA-SAC,1/1/2024,HEALTH CENTER,3340,454,563,4675,178,0,504,363,1,DISTRICT19,SACHET
ACT-INF,10/1/2025,HEALTH CENTER,71,,,,,9,374,11,30,DISTRICT9,BLISTER
ACT-GC,2/1/2024,HEALTH CENTER,,,209,251,1093,33,-136,86,30,DISTRICT36,BLISTER
RDT,1/1/2025,HEALTH CENTER,1262,44,367,1575,205,,-461,319,25,DISTRICT29,PIECE
ACT-AD,3/1/2024,HEALTH CENTER,611,,,,,2071,-3,,30,DISTRICT18,BLISTER
ACT-AD,5/1/2024,HEALTH CENTER,84,15,,,383,,484,2,30,DISTRICT28,BLISTER
ITN,6/1/2025,HEALTH CENTER,,,36,907,670,0,-47,15,50,DISTRICT10,PIECE
SP,2/1/2024,HEALTH CENTER,36,4229,,1313,,7,-137,,1000,DISTRICT14,TABLET
RDT,12/1/2024,HEALTH CENTER,2553,2579,,,,2122,-203,709,25,DISTRICT13,PIECE
ART-SUP,7/1/2025,HEALTH CENTER,,6,406,,,1840,-37,438,2,DISTRICT15,CAPSULE
ACT-AD,11/1/2025,HEALTH CENTER,,211,,222,,842,-306,23,30,DISTRICT7,BLISTER
ART-INJ,2/1/2024,HEALTH CENTER,686,39,523,,492,9688,-947,,5,DISTRICT8,VIAL
ART-INJ,7/1/2024,HEALTH CENTER,107,9,,20,1072,,85,6,5,DISTRICT36,VIAL
ACT-SC,2/1/2025,HEALTH CENTER,583,22,78,,,109,-610,8,30,DISTRICT32,BLISTER
PYRA-COMP,12/1/2024,HEALTH CENTER,1027,,293,887,550,2,-42,288,1,DISTRICT1,TABLET
ACT-AD,9/1/2024,HEALTH CENTER,243,20,,227,,2903,615,291,30,DISTRICT29,BLISTER
SP,9/1/2024,HEALTH CENTER,311,1450,,1558,882,0,-158,303,1000,DISTRICT13,TABLET
RDT,2/1/2025,DISTRICT HOSPITAL,1402,616,846,2828,545,1297,972,1490,25,DISTRICT32,PIECE
ACT-INF,7/1/2025,HEALTH CENTER,1699,,225,2024,,,-475,86,30,DISTRICT1,BLISTER
RDT,2/1/2024,HEALTH CENTER,4044,,1310,,,5136,-1,1342,25,DISTRICT23,PIECE
QUIN,11/1/2024,HEALTH CENTER,462,1,227,,752,19,102,214,1000,DISTRICT28,TABLET
SP,9/1/2024,HEALTH CENTER,312,296,202,,,900,-598,214,1000,DISTRICT12,TABLET
ITN,2/1/2025,HEALTH CENTER,882,0,,,240,,336,,50,DISTRICT37,PIECE
RDT,1/1/2024,HEALTH CENTER,259,0,6,,,0,-931,14,25,DISTRICT13,PIECE
ITN,8/1/2024,HEALTH CENTER,,0,41,108,,0,76,,50,DISTRICT13,PIECE
PYRA-COMP,2/1/2025,HEALTH CENTER,68,,5,37,,4061,655,5,1,DISTRICT30,TABLET
PYRA-SAC,4/1/2024,HEALTH CENTER,303,0,,124,554,0,-89,,1,DISTRICT28,SACHET
ACT-INF,7/1/2025,HEALTH CENTER,3357,,,,359,6,-10,521,30,DISTRICT14,BLISTER
ACT-GC,8/1/2025,HEALTH CENTER,73,7,22,,,44,24,,30,DISTRICT3,BLISTER
QUIN,9/1/2025,HEALTH CENTER,1201,49,,,,105,359,561,1000,DISTRICT30,TABLET
ITN,6/1/2025,NATIONAL HOSPITAL,,746,2941,8682,,4,285,2552,50,DISTRICT15,PIECE
SP,11/1/2025,HEALTH CENTER,,58,,744,,2057,201,542,1000,DISTRICT21,TABLET
ART-SUP,10/1/2025,HEALTH CENTER,1770,145,104,,,0,-297,23,2,DISTRICT15,CAPSULE
ACT-INF,5/1/2024,HEALTH CENTER,,755,1037,,1940,,-548,1141,30,DISTRICT29,BLISTER
ACT-SC,4/1/2025,HEALTH CENTER,,,,1588,,636,-131,,30,DISTRICT14,BLISTER
ACT-GC,1/1/2024,HEALTH CENTER,2177,38,576,748,,7279,-163,1073,30,DISTRICT14,BLISTER
ACT-INF,1/1/2025,HEALTH CENTER,,,826,2191,,1296,-31,752,30,DISTRICT9,BLISTER
PYRA-SAC,11/1/2024,HEALTH CENTER,11,156,24,238,,0,-285,0,1,DISTRICT33,SACHET
RDT,11/1/2024,DISTRICT HOSPITAL,391,20,241,1196,,1004,162,622,25,DISTRICT24,PIECE
ACT-SC,11/1/2024,HEALTH CENTER,133,0,37,139,,130,-138,14,30,DISTRICT18,BLISTER
ART-INJ,12/1/2024,HEALTH CENTER,1632,574,723,1439,,7,522,349,5,DISTRICT20,VIAL
ACT-GC,3/1/2025,HEALTH CENTER,,0,13,508,467,572,-90,,30,DISTRICT9,BLISTER
ART-INJ,2/1/2025,HEALTH CENTER,408,,434,,,56,-948,150,5,DISTRICT14,VIAL
RDT,1/1/2025,HEALTH CENTER,2599,4,357,,,1842,69,,25,DISTRICT8,PIECE
ACT-AD,4/1/2024,HEALTH CENTER,465,0,785,172,547,5318,-77,465,30,DISTRICT36,BLISTER
ACT-GC,10/1/2025,HEALTH CENTER,,251,137,1322,664,1,358,147,30,DISTRICT31,BLISTER
ACT-SC,3/1/2025,HEALTH CENTER,29,,85,,,18,310,15,30,DISTRICT18,BLISTER
ART-INJ,3/1/2024,DISTRICT HOSPITAL,1790,823,208,,,465,-155,231,5,DISTRICT13,VIAL
ART-INJ,3/1/2025,HEALTH CENTER,115,420,72,,1874,,488,278,5,DISTRICT23,VIAL
ITN,5/1/2024,HEALTH CENTER,131,2,,,,0,93,,50,DISTRICT29,PIECE
ITN,11/1/2024,HEALTH CENTER,2019,4,,905,,3,840,,50,DISTRICT32,PIECE
ACT-INF,9/1/2025,HEALTH CENTER,548,2380,146,1589,,0,-287,,30,DISTRICT25,BLISTER
ACT-GC,9/1/2025,HEALTH CENTER,812,0,,92,,0,-333,29,30,DISTRICT26,BLISTER
PYRA-COMP,6/1/2024,HEALTH CENTER,623,58,118,1068,,680,-372,101,1,DISTRICT10,TABLET
QUIN,1/1/2025,DISTRICT HOSPITAL,,0,95,331,,0,-241,11,1000,DISTRICT13,TABLET
ACT-INF,8/1/2024,HEALTH CENTER,1905,0,235,674,,2,-207,100,30,DISTRICT20,BLISTER
RDT,10/1/2024,HEALTH CENTER,131,,,22,,3528,-431,,25,DISTRICT1,PIECE
SP,11/1/2025,HEALTH CENTER,5314,124,1888,4665,,1595,-229,1064,1000,DISTRICT18,TABLET
PYRA-SAC,6/1/2025,HEALTH CENTER,,447,117,,1660,,421,158,1,DISTRICT22,SACHET
PYRA-COMP,5/1/2025,HEALTH CENTER,,7,559,,310,492,77,309,1,DISTRICT4,TABLET
ART-SUP,10/1/2024,HEALTH CENTER,,,287,1659,,,-124,,2,DISTRICT19,CAPSULE
ART-INJ,11/1/2024,HEALTH CENTER,571,1,598,,,1,31,420,5,DISTRICT11,VIAL
RDT,5/1/2024,HEALTH CENTER,964,0,,1065,,7218,-283,484,25,DISTRICT33,PIECE
RDT,11/1/2025,HEALTH CENTER,220,1934,176,400,1782,,610,30,25,DISTRICT27,PIECE
SP,4/1/2025,HEALTH CENTER,,,9,295,,2,228,,1000,DISTRICT33,TABLET
SP,5/1/2025,HEALTH CENTER,,0,24,121,740,481,284,21,1000,DISTRICT33,TABLET
PYRA-COMP,4/1/2025,HEALTH CENTER,,37,52,2004,,,-107,,1,DISTRICT14,TABLET
SP,5/1/2025,HEALTH CENTER,2100,13,661,1716,,9562,69,1107,1000,DISTRICT38,TABLET
ACT-SC,6/1/2025,HEALTH CENTER,396,0,,6,,0,148,53,30,DISTRICT10,BLISTER
ACT-GC,8/1/2024,HEALTH CENTER,266,0,146,569,,25,644,,30,DISTRICT30,BLISTER
ITN,10/1/2024,HEALTH CENTER,,8,190,957,815,6,-314,,50,DISTRICT16,PIECE
ITN,12/1/2024,HEALTH CENTER,12,0,63,,620,5,381,46,50,DISTRICT28,PIECE
ACT-SC,9/1/2025,HEALTH CENTER,,,11,376,,0,107,,30,DISTRICT13,BLISTER
ART-INJ,2/1/2025,REGIONAL HOSPITAL,49,422,1,,1001,,58,,5,DISTRICT12,VIAL
ACT-SC,11/1/2024,HEALTH CENTER,956,,224,1599,,7395,-838,60,30,DISTRICT1,BLISTER
QUIN,2/1/2025,HEALTH CENTER,,,174,807,,0,-455,138,1000,DISTRICT15,TABLET
ACT-GC,3/1/2025,HEALTH CENTER,26,25,29,17,,40,498,5,30,DISTRICT3,BLISTER
ACT-GC,11/1/2025,HEALTH CENTER,580,2,208,,584,736,-774,164,30,DISTRICT25,BLISTER
SP,9/1/2024,HEALTH CENTER,85,0,,,,0,-969,1,1000,DISTRICT17,TABLET
ART-SUP,3/1/2025,HEALTH CENTER,393,2,,159,199,34,-88,79,2,DISTRICT14,CAPSULE
ART-INJ,4/1/2025,DISTRICT HOSPITAL,6622,20,,2093,1446,13,-363,,5,DISTRICT8,VIAL
PYRA-COMP,3/1/2025,DISTRICT HOSPITAL,11,0,1,18,446,200,-131,1,1,DISTRICT26,TABLET
ACT-INF,11/1/2024,HEALTH CENTER,4033,0,807,1991,,57,244,537,30,DISTRICT5,BLISTER
ART-SUP,10/1/2025,HEALTH CENTER,1114,122,707,1055,,5554,334,431,2,DISTRICT25,CAPSULE
ACT-GC,1/1/2024,HEALTH CENTER,3,,3,,169,0,-227,,30,DISTRICT16,BLISTER
ART-SUP,4/1/2025,HEALTH CENTER,213,,81,59,,124,-55,68,2,DISTRICT30,CAPSULE
QUIN,5/1/2024,HEALTH CENTER,303,,170,54,,443,368,,1000,DISTRICT15,TABLET
ART-INJ,1/1/2025,HEALTH CENTER,58,7,37,,,50,681,38,5,DISTRICT23,VIAL
ART-SUP,3/1/2024,HEALTH CENTER,730,615,269,1459,,,-281,,2,DISTRICT33,CAPSULE
ACT-AD,11/1/2024,HEALTH CENTER,2339,,317,,,,-471,355,30,DISTRICT19,BLISTER
ACT-GC,4/1/2025,HEALTH CENTER,682,0,80,,,,-745,63,30,DISTRICT16,BLISTER
ACT-INF,8/1/2024,HEALTH CENTER,1879,226,,1569,,256,68,395,30,DISTRICT10,BLISTER
ITN,8/1/2025,HEALTH CENTER,870,,300,,,,75,262,50,DISTRICT8,PIECE
PYRA-COMP,10/1/2024,HEALTH CENTER,675,,,409,,677,-288,7,1,DISTRICT28,TABLET
PYRA-SAC,8/1/2024,DISTRICT HOSPITAL,705,,64,474,1779,4781,126,,1,DISTRICT13,SACHET
SP,7/1/2025,HEALTH CENTER,,0,,21,,50,-287,24,1000,DISTRICT4,TABLET
ACT-AD,1/1/2025,HEALTH CENTER,,0,34,1428,616,1,-849,6,30,DISTRICT36,BLISTER
SP,11/1/2024,HEALTH CENTER,,,,580,,,574,722,1000,DISTRICT19,TABLET
PYRA-COMP,9/1/2025,HEALTH CENTER,495,57,192,386,1645,88,113,43,1,DISTRICT20,TABLET
RDT,7/1/2025,HEALTH CENTER,,18,90,,,19,-558,134,25,DISTRICT27,PIECE
SP,9/1/2024,HEALTH CENTER,2335,50,269,,,511,-107,,1000,DISTRICT31,TABLET
ACT-SC,8/1/2024,HEALTH CENTER,1214,,,,1577,118,420,404,30,DISTRICT32,BLISTER
QUIN,9/1/2024,HEALTH CENTER,,0,39,,766,21,214,2,1000,DISTRICT29,TABLET
PYRA-SAC,10/1/2025,REGIONAL HOSPITAL,2795,1394,887,2424,,5158,192,836,1,DISTRICT24,SACHET
ART-SUP,2/1/2025,HEALTH CENTER,96,0,48,127,,29,157,93,2,DISTRICT33,CAPSULE
ITN,7/1/2025,HEALTH CENTER,2584,,505,650,,93,-506,262,50,DISTRICT9,PIECE
ACT-INF,1/1/2024,HEALTH CENTER,2,0,0,3,,0,361,0,30,DISTRICT13,BLISTER
ACT-INF,10/1/2025,HEALTH CENTER,,95,104,703,143,,-488,,30,DISTRICT20,BLISTER
PYRA-SAC,8/1/2024,HEALTH CENTER,,,125,191,,113,-10,161,1,DISTRICT31,SACHET
RDT,10/1/2025,HEALTH CENTER,10,,,5,,,-459,,25,DISTRICT15,PIECE
RDT,5/1/2024,HEALTH CENTER,6,0,5,,438,0,361,0,25,DISTRICT28,PIECE
ART-SUP,3/1/2025,HEALTH CENTER,,34,127,,,,-351,23,2,DISTRICT29,CAPSULE
PYRA-SAC,9/1/2025,HEALTH CENTER,1383,1274,,2188,151,3,-297,,1,DISTRICT36,SACHET
SP,4/1/2025,HEALTH CENTER,6717,10,1279,,,,634,1228,1000,DISTRICT1,TABLET
RDT,6/1/2024,HEALTH CENTER,253,,146,882,,0,-208,119,25,DISTRICT1,PIECE
ITN,4/1/2025,HEALTH CENTER,1038,,553,2110,247,1167,-721,609,50,DISTRICT37,PIECE
QUIN,9/1/2024,HEALTH CENTER,1855,479,127,,,0,-255,291,1000,DISTRICT13,TABLET
ART-SUP,3/1/2024,HEALTH CENTER,164,1,48,1186,343,851,625,32,2,DISTRICT29,CAPSULE
ACT-SC,4/1/2025,HEALTH CENTER,,,494,107,660,2703,-274,362,30,DISTRICT36,BLISTER
PYRA-COMP,3/1/2025,HEALTH CENTER,767,593,104,721,1627,3104,-369,78,1,DISTRICT25,TABLET
ACT-SC,2/1/2024,HEALTH CENTER,562,25,,297,,3654,97,126,30,DISTRICT23,BLISTER
SP,7/1/2025,HEALTH CENTER,,,258,,,137,-249,82,1000,DISTRICT3,TABLET
ITN,6/1/2024,REGIONAL HOSPITAL,,108,,2718,,5,138,283,50,DISTRICT28,PIECE
ACT-SC,4/1/2024,HEALTH CENTER,346,0,,229,,0,144,49,30,DISTRICT33,BLISTER
ACT-GC,10/1/2025,HEALTH CENTER,278,180,,513,,1,95,78,30,DISTRICT25,BLISTER
ACT-SC,1/1/2025,HEALTH CENTER,2103,,,1678,820,0,-39,104,30,DISTRICT9,BLISTER
RDT,11/1/2024,HEALTH CENTER,41,,38,,,,93,64,25,DISTRICT9,PIECE
ACT-GC,8/1/2024,HEALTH CENTER,,9,196,272,,,349,51,30,DISTRICT14,BLISTER
ACT-GC,4/1/2024,HEALTH CENTER,312,3,,,,0,94,88,30,DISTRICT19,BLISTER
ART-SUP,5/1/2024,HEALTH CENTER,39,0,13,,,0,-705,3,2,DISTRICT9,CAPSULE
ACT-GC,6/1/2025,HEALTH CENTER,99,,,4,,53,490,3,30,DISTRICT7,BLISTER
ART-SUP,8/1/2025,HEALTH CENTER,130,,19,68,273,0,887,1,2,DISTRICT32,CAPSULE
RDT,3/1/2024,HEALTH CENTER,1453,,210,,,1513,-513,221,25,DISTRICT17,PIECE
ART-SUP,11/1/2025,REGIONAL HOSPITAL,2207,0,647,,,13,-898,,2,DISTRICT32,CAPSULE
ART-INJ,12/1/2023,HEALTH CENTER,1524,140,,,,,718,122,5,DISTRICT30,VIAL
RDT,7/1/2025,HEALTH CENTER,433,0,231,,,,244,158,25,DISTRICT5,PIECE
ACT-GC,2/1/2024,HEALTH CENTER,1432,795,462,1781,1208,408,66,554,30,DISTRICT18,BLISTER
PYRA-COMP,10/1/2024,HEALTH CENTER,,607,178,578,,87,94,115,1,DISTRICT33,TABLET
ACT-GC,2/1/2025,HEALTH CENTER,229,70,,736,627,33,650,100,30,DISTRICT9,BLISTER
ACT-SC,4/1/2025,HEALTH CENTER,3138,,359,599,,223,-69,207,30,DISTRICT35,BLISTER
ART-INJ,9/1/2024,HEALTH CENTER,316,91,158,2231,,,-288,7,5,DISTRICT20,VIAL
ACT-GC,11/1/2024,DISTRICT HOSPITAL,631,511,791,1121,,293,-626,436,30,DISTRICT36,BLISTER
ACT-GC,8/1/2024,HEALTH CENTER,,,40,226,,0,-56,1,30,DISTRICT11,BLISTER
QUIN,10/1/2024,HEALTH CENTER,107,,141,,,239,44,571,1000,DISTRICT29,TABLET
ACT-SC,2/1/2024,HEALTH CENTER,,38,181,1509,736,1,514,,30,DISTRICT15,BLISTER
ACT-AD,2/1/2024,DISTRICT HOSPITAL,,,,83,,2140,-32,75,30,DISTRICT33,BLISTER
QUIN,10/1/2024,HEALTH CENTER,393,0,53,248,,,-116,61,1000,DISTRICT3,TABLET
PYRA-COMP,9/1/2024,HEALTH CENTER,2627,59,384,891,,756,182,224,1,DISTRICT33,TABLET
ART-SUP,8/1/2025,HEALTH CENTER,3136,466,,2468,,0,-40,399,2,DISTRICT31,CAPSULE
ACT-INF,2/1/2025,HEALTH CENTER,,,26,,838,0,-733,11,30,DISTRICT23,BLISTER
ITN,7/1/2024,HEALTH CENTER,1483,,274,1704,,2,537,128,50,DISTRICT28,PIECE
ACT-AD,7/1/2024,HEALTH CENTER,,545,193,3668,,0,-106,123,30,DISTRICT29,BLISTER
PYRA-COMP,6/1/2024,HEALTH CENTER,842,,484,1095,,975,165,127,1,DISTRICT10,TABLET
PYRA-COMP,6/1/2024,HEALTH CENTER,1779,690,,2209,,1614,182,,1,DISTRICT25,TABLET
RDT,12/1/2024,HEALTH CENTER,,144,,137,,2242,-429,,25,DISTRICT32,PIECE
ACT-SC,1/1/2024,HEALTH CENTER,,,27,16,1108,1458,-210,35,30,DISTRICT2,BLISTER
PYRA-SAC,9/1/2024,DISTRICT HOSPITAL,2544,1191,,2314,,0,-1,380,1,DISTRICT31,SACHET
ACT-AD,8/1/2024,HEALTH CENTER,306,21,45,1072,1122,99,303,,30,DISTRICT1,BLISTER
PYRA-SAC,8/1/2025,HEALTH CENTER,12,,9,3,,2550,69,58,1,DISTRICT13,SACHET
ACT-INF,1/1/2024,HEALTH CENTER,,94,84,1676,384,3,-246,75,30,DISTRICT31,BLISTER
SP,10/1/2025,HEALTH CENTER,460,0,204,673,,2898,-254,550,1000,DISTRICT32,TABLET
RDT,6/1/2025,HEALTH CENTER,,,901,2260,,0,169,278,25,DISTRICT36,PIECE
SP,11/1/2024,HEALTH CENTER,111,0,10,13,,197,575,4,1000,DISTRICT12,TABLET
QUIN,1/1/2024,HEALTH CENTER,,14,529,211,,286,-484,353,1000,DISTRICT31,TABLET
SP,7/1/2025,HEALTH CENTER,510,0,144,,582,393,-267,,1000,DISTRICT33,TABLET
ITN,5/1/2025,HEALTH CENTER,,,743,3253,,,239,486,50,DISTRICT26,PIECE
PYRA-COMP,9/1/2024,HEALTH CENTER,137,1118,,486,381,0,764,1,1,DISTRICT35,TABLET
ACT-SC,3/1/2025,HEALTH CENTER,979,2,335,275,,1508,-77,233,30,DISTRICT4,BLISTER
ACT-GC,10/1/2024,HEALTH CENTER,28,8,,,,330,-237,,30,DISTRICT31,BLISTER
PYRA-COMP,8/1/2024,HEALTH CENTER,229,1068,,243,,1,-82,88,1,DISTRICT38,TABLET
QUIN,9/1/2024,HEALTH CENTER,2036,13,496,501,576,,-1567,142,1000,DISTRICT3,TABLET
ACT-GC,10/1/2024,HEALTH CENTER,1241,2,816,1146,1397,5992,-268,817,30,DISTRICT28,BLISTER
PYRA-SAC,6/1/2024,HEALTH CENTER,267,,71,139,,0,169,48,1,DISTRICT31,SACHET
ART-SUP,9/1/2024,DISTRICT HOSPITAL,2,,59,4,,1016,349,36,2,DISTRICT3,CAPSULE
PYRA-SAC,5/1/2025,HEALTH CENTER,6013,107,,5987,,1,250,618,1,DISTRICT4,SACHET
PYRA-COMP,7/1/2025,HEALTH CENTER,1967,,,3228,1319,29,-272,57,1,DISTRICT5,TABLET
ACT-GC,4/1/2025,HEALTH CENTER,,1,,957,412,0,-40,9,30,DISTRICT13,BLISTER
ART-SUP,1/1/2024,HEALTH CENTER,,,148,71,,106,-12,72,2,DISTRICT11,CAPSULE
ART-SUP,6/1/2025,HEALTH CENTER,38,,8,32,633,12,768,10,2,DISTRICT3,CAPSULE
QUIN,10/1/2025,HEALTH CENTER,,0,359,252,,1234,31,,1000,DISTRICT11,TABLET
PYRA-COMP,1/1/2025,HEALTH CENTER,688,,127,157,370,,-18,62,1,DISTRICT29,TABLET
ACT-AD,10/1/2024,HEALTH CENTER,,,,2718,,,-466,,30,DISTRICT7,BLISTER
RDT,1/1/2025,HEALTH CENTER,,11,,,,0,324,,25,DISTRICT29,PIECE
ART-INJ,2/1/2025,REGIONAL HOSPITAL,,31,,,,258,-282,422,5,DISTRICT16,VIAL
RDT,2/1/2024,HEALTH CENTER,,17,39,,567,390,-561,,25,DISTRICT7,PIECE
PYRA-SAC,12/1/2023,HEALTH CENTER,,156,113,759,153,0,-754,9,1,DISTRICT10,SACHET
RDT,5/1/2024,HEALTH CENTER,1481,,,,,4032,-319,564,25,DISTRICT5,PIECE
ART-INJ,5/1/2024,HEALTH CENTER,,106,,687,,5,218,73,5,DISTRICT9,VIAL
ACT-GC,2/1/2025,HEALTH CENTER,1139,0,,38,425,30,-264,,30,DISTRICT29,BLISTER
ACT-INF,1/1/2025,HEALTH CENTER,1506,6,251,,140,0,-10,160,30,DISTRICT24,BLISTER
SP,9/1/2025,HEALTH CENTER,,27,493,3334,,0,-321,342,1000,DISTRICT32,TABLET
ACT-INF,4/1/2025,HEALTH CENTER,2067,,238,1333,320,27,-758,135,30,DISTRICT13,BLISTER
QUIN,12/1/2024,HEALTH CENTER,794,,125,565,,599,336,235,1000,DISTRICT9,TABLET
ITN,1/1/2024,HEALTH CENTER,,96,193,1437,,,484,540,50,DISTRICT9,PIECE
ART-INJ,7/1/2025,HEALTH CENTER,254,23,,191,912,109,-301,175,5,DISTRICT20,VIAL
ACT-GC,1/1/2024,DISTRICT HOSPITAL,4166,2289,1094,6554,,2040,565,684,30,DISTRICT1,BLISTER
ACT-SC,5/1/2025,HEALTH CENTER,1073,0,41,,,0,-242,42,30,DISTRICT32,BLISTER
PYRA-COMP,2/1/2024,HEALTH CENTER,1086,980,144,1378,,1,-571,78,1,DISTRICT1,TABLET
RDT,7/1/2025,HEALTH CENTER,164,,253,,299,38,-201,,25,DISTRICT12,PIECE
PYRA-COMP,8/1/2024,HEALTH CENTER,1597,,160,940,,15,389,86,1,DISTRICT35,TABLET
ITN,7/1/2025,HEALTH CENTER,28,0,,38,,2,785,22,50,DISTRICT28,PIECE
ITN,5/1/2024,HEALTH CENTER,,1,62,,,635,162,93,50,DISTRICT20,PIECE
PYRA-COMP,11/1/2025,HEALTH CENTER,26,,4,10,,264,-66,,1,DISTRICT1,TABLET
RDT,5/1/2024,HEALTH CENTER,1469,127,,289,,2028,-549,,25,DISTRICT19,PIECE
ACT-AD,2/1/2025,HEALTH CENTER,175,0,,61,492,53,851,,30,DISTRICT17,BLISTER
QUIN,11/1/2024,HEALTH CENTER,,0,367,1439,,7,-171,333,1000,DISTRICT28,TABLET
QUIN,1/1/2024,HEALTH CENTER,1182,,435,666,,,-15,334,1000,DISTRICT29,TABLET
ACT-AD,12/1/2023,HEALTH CENTER,1160,,,1165,,,-268,,30,DISTRICT23,BLISTER
PYRA-COMP,12/1/2024,HEALTH CENTER,1152,194,379,,,1840,104,441,1,DISTRICT1,TABLET
ART-INJ,11/1/2024,HEALTH CENTER,13,255,6,,,,-448,,5,DISTRICT21,VIAL
PYRA-COMP,7/1/2024,HEALTH CENTER,767,0,,,,24,-159,276,1,DISTRICT3,TABLET
ART-SUP,7/1/2025,HEALTH CENTER,319,31,70,311,,228,-303,,2,DISTRICT23,CAPSULE
PYRA-COMP,3/1/2025,HEALTH CENTER,,1066,311,2219,,68,-286,,1,DISTRICT2,TABLET
RDT,6/1/2025,HEALTH CENTER,1449,,383,509,,361,-704,,25,DISTRICT35,PIECE
ACT-SC,8/1/2025,HEALTH CENTER,1133,32,170,,,237,310,21,30,DISTRICT20,BLISTER
ACT-AD,4/1/2024,HEALTH CENTER,688,1,19,,419,3,502,22,30,DISTRICT36,BLISTER
PYRA-COMP,10/1/2024,DISTRICT HOSPITAL,4814,,1053,3105,1180,1751,-215,1019,1,DISTRICT28,TABLET
ACT-AD,9/1/2025,HEALTH CENTER,5,1,40,156,522,63,727,13,30,DISTRICT18,BLISTER
ACT-SC,2/1/2025,HEALTH CENTER,,,,331,451,1182,129,81,30,DISTRICT31,BLISTER
ACT-GC,6/1/2025,HEALTH CENTER,2573,,984,2789,,1954,126,,30,DISTRICT33,BLISTER
QUIN,1/1/2025,HEALTH CENTER,,,784,2328,,7,510,576,1000,DISTRICT26,TABLET
QUIN,2/1/2024,HEALTH CENTER,155,,52,199,652,1,-44,5,1000,DISTRICT5,TABLET
ACT-INF,5/1/2025,HEALTH CENTER,79,,152,,,35,457,,30,DISTRICT7,BLISTER
PYRA-SAC,12/1/2024,HEALTH CENTER,714,,175,,,3297,804,38,1,DISTRICT24,SACHET
PYRA-COMP,6/1/2024,DISTRICT HOSPITAL,2294,51,,239,,1034,30,168,1,DISTRICT28,TABLET
ACT-INF,7/1/2024,NATIONAL HOSPITAL,775,253,234,3420,,92,-498,,30,DISTRICT31,BLISTER
SP,3/1/2025,HEALTH CENTER,342,0,24,,,6,-355,,1000,DISTRICT19,TABLET
ART-SUP,12/1/2024,HEALTH CENTER,372,1,87,589,,0,-28,,2,DISTRICT3,CAPSULE
ART-INJ,1/1/2025,HEALTH CENTER,13,240,54,84,,,-346,,5,DISTRICT29,VIAL
ACT-GC,11/1/2025,HEALTH CENTER,21,0,10,7,,,-430,4,30,DISTRICT26,BLISTER
SP,4/1/2024,HEALTH CENTER,1745,3,289,1495,,1177,793,170,1000,DISTRICT32,TABLET
PYRA-COMP,4/1/2025,HEALTH CENTER,4509,,568,2694,,0,44,,1,DISTRICT31,TABLET
ART-SUP,12/1/2024,HEALTH CENTER,291,,116,,,20,67,213,2,DISTRICT15,CAPSULE
ACT-SC,6/1/2024,HEALTH CENTER,,,774,2457,,3,-78,667,30,DISTRICT30,BLISTER
ART-SUP,9/1/2025,HEALTH CENTER,,,63,,80,5,-112,,2,DISTRICT5,CAPSULE
ACT-SC,1/1/2025,HEALTH CENTER,7,,3,13,,0,473,0,30,DISTRICT38,BLISTER
ACT-SC,4/1/2024,HEALTH CENTER,,105,35,55,,1,-230,20,30,DISTRICT28,BLISTER
ART-SUP,7/1/2025,HEALTH CENTER,347,2,,870,,5,332,231,2,DISTRICT29,CAPSULE
ITN,3/1/2025,HEALTH CENTER,725,189,223,277,,4,-24,284,50,DISTRICT38,PIECE
ART-SUP,7/1/2025,HEALTH CENTER,1517,,306,1986,393,,515,98,2,DISTRICT20,CAPSULE
QUIN,8/1/2024,HEALTH CENTER,1735,0,239,790,,,-93,400,1000,DISTRICT20,TABLET
SP,7/1/2025,HEALTH CENTER,,364,53,758,899,0,-99,,1000,DISTRICT33,TABLET
ART-INJ,8/1/2025,HEALTH CENTER,3974,,638,4294,,156,-79,986,5,DISTRICT24,VIAL
SP,1/1/2025,HEALTH CENTER,,1,82,,,136,-91,,1000,DISTRICT33,TABLET
ACT-SC,9/1/2024,HEALTH CENTER,867,,760,926,,,51,240,30,DISTRICT24,BLISTER
ACT-SC,3/1/2024,HEALTH CENTER,,1,260,,548,2028,98,268,30,DISTRICT1,BLISTER
QUIN,11/1/2024,HEALTH CENTER,,1979,1180,3078,,738,-313,,1000,DISTRICT28,TABLET
QUIN,8/1/2024,HEALTH CENTER,89,2367,325,,,174,711,68,1000,DISTRICT1,TABLET
PYRA-COMP,4/1/2024,HEALTH CENTER,20,281,77,180,,1,-1,121,1,DISTRICT25,TABLET
ACT-INF,9/1/2025,HEALTH CENTER,13,0,55,,,14,138,226,30,DISTRICT26,BLISTER
ACT-INF,9/1/2024,HEALTH CENTER,6,,21,58,,8,383,,30,DISTRICT1,BLISTER
QUIN,1/1/2024,HEALTH CENTER,326,9,336,231,,7663,-624,311,1000,DISTRICT12,TABLET
ACT-AD,8/1/2025,HEALTH CENTER,157,72,230,,,,-421,163,30,DISTRICT10,BLISTER
ACT-INF,3/1/2025,HEALTH CENTER,,,,205,933,7521,-164,,30,DISTRICT12,BLISTER
RDT,4/1/2024,HEALTH CENTER,198,3,109,414,,638,269,274,25,DISTRICT25,PIECE
ACT-INF,1/1/2024,HEALTH CENTER,2017,929,352,1458,,0,27,229,30,DISTRICT6,BLISTER
ACT-SC,8/1/2024,HEALTH CENTER,,0,213,155,,9,245,18,30,DISTRICT12,BLISTER
QUIN,8/1/2024,HEALTH CENTER,166,11,319,242,106,29,599,564,1000,DISTRICT19,TABLET
ACT-SC,1/1/2024,HEALTH CENTER,,,122,,,0,-816,,30,DISTRICT8,BLISTER
PYRA-SAC,1/1/2025,HEALTH CENTER,43,0,,80,,13,389,149,1,DISTRICT38,SACHET
ACT-AD,3/1/2024,HEALTH CENTER,,167,,2634,,,-278,,30,DISTRICT7,BLISTER
PYRA-COMP,2/1/2025,HEALTH CENTER,1599,197,135,1157,1030,39,-921,,1,DISTRICT33,TABLET
ACT-INF,12/1/2024,HEALTH CENTER,,,480,,,9389,-949,350,30,DISTRICT14,BLISTER
ART-SUP,3/1/2025,HEALTH CENTER,1081,2,82,103,,1694,-874,,2,DISTRICT23,CAPSULE
ART-SUP,10/1/2025,HEALTH CENTER,,,636,,,11,-197,343,2,DISTRICT28,CAPSULE
ITN,5/1/2024,HEALTH CENTER,1584,,153,,,291,-842,188,50,DISTRICT17,PIECE
QUIN,8/1/2024,HEALTH CENTER,37,,20,63,,,98,3,1000,DISTRICT13,TABLET
PYRA-COMP,7/1/2024,DISTRICT HOSPITAL,4249,467,,3440,,0,175,1395,1,DISTRICT36,TABLET
ACT-AD,3/1/2024,HEALTH CENTER,1749,,115,1872,,21,395,101,30,DISTRICT26,BLISTER
ACT-GC,7/1/2025,HEALTH CENTER,166,1,,,,389,-511,9,30,DISTRICT30,BLISTER
PYRA-SAC,7/1/2024,DISTRICT HOSPITAL,922,210,617,540,,96,183,1018,1,DISTRICT20,SACHET
ART-INJ,4/1/2024,HEALTH CENTER,157,0,16,198,,23,-215,10,5,DISTRICT10,VIAL
ACT-SC,8/1/2025,HEALTH CENTER,1781,653,444,,,2,444,643,30,DISTRICT17,BLISTER
ACT-AD,8/1/2024,HEALTH CENTER,245,59,443,,153,,757,191,30,DISTRICT29,BLISTER
ACT-INF,8/1/2024,HEALTH CENTER,,,302,58,,542,721,274,30,DISTRICT24,BLISTER
ITN,4/1/2025,HEALTH CENTER,1491,1,,,951,292,432,256,50,DISTRICT14,PIECE
ACT-INF,7/1/2025,HEALTH CENTER,27,7,3,73,,,-129,,30,DISTRICT30,BLISTER
ACT-AD,7/1/2025,HEALTH CENTER,477,7,204,660,245,,668,41,30,DISTRICT13,BLISTER
ACT-INF,5/1/2025,HEALTH CENTER,276,0,,280,,5,356,79,30,DISTRICT26,BLISTER
ITN,3/1/2025,HEALTH CENTER,640,106,391,,,266,357,,50,DISTRICT16,PIECE
SP,11/1/2025,HEALTH CENTER,1104,,464,,848,3581,-987,472,1000,DISTRICT32,TABLET
RDT,9/1/2025,HEALTH CENTER,407,24,,494,368,0,91,317,25,DISTRICT18,PIECE
PYRA-COMP,10/1/2025,HEALTH CENTER,21,,56,14,,87,-329,,1,DISTRICT13,TABLET
PYRA-COMP,5/1/2025,HEALTH CENTER,1710,2,491,1960,463,117,-102,352,1,DISTRICT13,TABLET
QUIN,4/1/2024,HEALTH CENTER,2647,,,,,1677,-142,418,1000,DISTRICT38,TABLET
ACT-INF,8/1/2025,HEALTH CENTER,300,37,,555,,0,321,59,30,DISTRICT12,BLISTER
RDT,5/1/2025,HEALTH CENTER,707,,,2587,,,292,11,25,DISTRICT37,PIECE
ACT-INF,4/1/2025,HEALTH CENTER,2303,121,403,1422,1182,,-276,328,30,DISTRICT38,BLISTER
ACT-INF,5/1/2024,HEALTH CENTER,806,,155,301,,3,-150,93,30,DISTRICT31,BLISTER
ITN,8/1/2025,HEALTH CENTER,218,0,,159,,0,686,4,50,DISTRICT3,PIECE
PYRA-SAC,11/1/2025,HEALTH CENTER,3370,11,574,1597,564,,-714,,1,DISTRICT13,SACHET
SP,3/1/2024,HEALTH CENTER,307,12,,,,3,-189,11,1000,DISTRICT27,TABLET
ACT-AD,6/1/2024,HEALTH CENTER,717,0,12,371,,,-483,1,30,DISTRICT26,BLISTER
QUIN,1/1/2024,HEALTH CENTER,116,0,81,142,1126,1559,403,101,1000,DISTRICT33,TABLET
PYRA-SAC,5/1/2024,HEALTH CENTER,2381,0,,1845,,331,-216,448,1,DISTRICT23,SACHET
ACT-SC,11/1/2025,HEALTH CENTER,,,28,420,,6,165,114,30,DISTRICT31,BLISTER
RDT,1/1/2024,HEALTH CENTER,21,51,,5,,308,-9,1,25,DISTRICT1,PIECE
ITN,5/1/2024,HEALTH CENTER,221,,38,138,939,262,-132,119,50,DISTRICT9,PIECE
PYRA-COMP,9/1/2024,HEALTH CENTER,2021,791,231,1113,,252,20,196,1,DISTRICT35,TABLET
QUIN,3/1/2024,HEALTH CENTER,3352,27,739,,1027,,104,,1000,DISTRICT28,TABLET
ACT-INF,12/1/2024,HEALTH CENTER,9,0,,5,,,102,,30,DISTRICT30,BLISTER
ACT-SC,1/1/2025,HEALTH CENTER,,0,76,268,,2,503,99,30,DISTRICT32,BLISTER
ITN,8/1/2025,HEALTH CENTER,1633,549,478,712,,2351,-395,301,50,DISTRICT31,PIECE
ACT-INF,11/1/2024,HEALTH CENTER,1380,87,220,3627,,,-460,157,30,DISTRICT25,BLISTER
PYRA-SAC,3/1/2025,HEALTH CENTER,17,113,3,477,,0,325,1,1,DISTRICT13,SACHET
ACT-SC,9/1/2025,HEALTH CENTER,,8,,1232,,1035,68,202,30,DISTRICT22,BLISTER
PYRA-COMP,10/1/2024,HEALTH CENTER,232,0,,181,,8435,-512,255,1,DISTRICT20,TABLET
ART-INJ,9/1/2025,NATIONAL HOSPITAL,,1360,,1117,1161,3776,428,283,5,DISTRICT22,VIAL
SP,2/1/2025,HEALTH CENTER,590,,589,527,3429,,127,573,1000,DISTRICT9,TABLET
ACT-GC,5/1/2025,HEALTH CENTER,,,,328,,3955,-739,237,30,DISTRICT19,BLISTER
QUIN,10/1/2024,HEALTH CENTER,124,,12,,,1086,707,,1000,DISTRICT33,TABLET
RDT,2/1/2024,HEALTH CENTER,3191,,301,4011,,,78,14,25,DISTRICT9,PIECE
ACT-AD,12/1/2024,HEALTH CENTER,50,40,,,,34,-470,,30,DISTRICT21,BLISTER
QUIN,9/1/2024,HEALTH CENTER,341,1,257,456,,0,111,22,1000,DISTRICT28,TABLET
ITN,10/1/2024,HEALTH CENTER,,1,202,2056,,0,-233,63,50,DISTRICT25,PIECE
ITN,9/1/2024,HEALTH CENTER,606,19,386,949,,65,-219,499,50,DISTRICT16,PIECE
QUIN,4/1/2024,HEALTH CENTER,,103,231,266,445,212,187,137,1000,DISTRICT31,TABLET
ACT-AD,1/1/2024,HEALTH CENTER,4306,1,254,3660,,0,-168,141,30,DISTRICT19,BLISTER
ACT-AD,4/1/2024,HEALTH CENTER,,14,,175,,341,71,6,30,DISTRICT8,BLISTER
PYRA-SAC,12/1/2024,HEALTH CENTER,1080,59,510,1523,,4479,-517,578,1,DISTRICT28,SACHET
QUIN,11/1/2024,HEALTH CENTER,,4,,,,3,51,,1000,DISTRICT11,TABLET
ART-INJ,1/1/2024,HEALTH CENTER,,0,370,219,,34,159,301,5,DISTRICT28,VIAL
PYRA-COMP,7/1/2024,HEALTH CENTER,1364,0,144,780,,0,391,49,1,DISTRICT5,TABLET
ITN,12/1/2024,HEALTH CENTER,788,,84,623,,6,29,87,50,DISTRICT25,PIECE
SP,10/1/2024,HEALTH CENTER,,219,,13,437,1478,576,72,1000,DISTRICT1,TABLET
PYRA-SAC,5/1/2024,HEALTH CENTER,70,16,97,86,,552,214,148,1,DISTRICT10,SACHET
ACT-SC,8/1/2025,HEALTH CENTER,,2,0,23,530,0,-597,0,30,DISTRICT24,BLISTER
ART-INJ,9/1/2024,HEALTH CENTER,238,,294,1463,556,5353,174,513,5,DISTRICT32,VIAL
ACT-INF,6/1/2024,HEALTH CENTER,1,0,,2,,,-493,,30,DISTRICT5,BLISTER
QUIN,3/1/2025,HEALTH CENTER,,9,4,250,,,561,0,1000,DISTRICT29,TABLET
PYRA-SAC,12/1/2023,HEALTH CENTER,310,568,99,1028,,151,410,99,1,DISTRICT29,SACHET
ACT-INF,1/1/2024,HEALTH CENTER,1844,1,,1567,655,,376,292,30,DISTRICT28,BLISTER
PYRA-SAC,4/1/2024,HEALTH CENTER,3318,,1175,,,,-687,918,1,DISTRICT31,SACHET
ITN,1/1/2024,HEALTH CENTER,2383,21,481,,,497,337,279,50,DISTRICT9,PIECE
RDT,12/1/2023,HEALTH CENTER,505,,93,44,,,63,,25,DISTRICT1,PIECE
RDT,12/1/2023,HEALTH CENTER,2681,1,296,1852,565,0,-361,59,25,DISTRICT5,PIECE
PYRA-COMP,4/1/2024,HEALTH CENTER,12,,,,,0,-262,1,1,DISTRICT28,TABLET
PYRA-SAC,2/1/2025,HEALTH CENTER,,0,82,80,,139,120,,1,DISTRICT16,SACHET
PYRA-COMP,11/1/2024,HEALTH CENTER,519,0,111,560,636,261,603,71,1,DISTRICT28,TABLET
ART-SUP,6/1/2025,HEALTH CENTER,,769,1201,5518,,6,-482,260,2,DISTRICT8,CAPSULE
ACT-GC,8/1/2024,HEALTH CENTER,374,169,,110,,271,-18,,30,DISTRICT13,BLISTER
QUIN,11/1/2025,HEALTH CENTER,442,0,140,304,,1799,-259,58,1000,DISTRICT15,TABLET
ART-INJ,2/1/2024,REGIONAL HOSPITAL,,0,,37,1027,797,143,4,5,DISTRICT15,VIAL
ACT-GC,3/1/2025,HEALTH CENTER,750,0,270,42,,,31,177,30,DISTRICT5,BLISTER
QUIN,2/1/2024,HEALTH CENTER,33,,,10,,0,-440,4,1000,DISTRICT19,TABLET
PYRA-SAC,3/1/2025,DISTRICT HOSPITAL,,620,224,,509,1420,598,,1,DISTRICT3,SACHET
PYRA-SAC,11/1/2025,HEALTH CENTER,1294,,385,,867,77,-668,289,1,DISTRICT26,SACHET
PYRA-COMP,12/1/2023,HEALTH CENTER,1177,0,147,,,886,-663,138,1,DISTRICT14,TABLET
PYRA-SAC,5/1/2025,HEALTH CENTER,,1,13,,348,,651,30,1,DISTRICT11,SACHET
QUIN,7/1/2024,HEALTH CENTER,1043,,343,,,25,-145,161,1000,DISTRICT30,TABLET
ACT-GC,3/1/2025,HEALTH CENTER,,90,675,2162,,2257,-659,408,30,DISTRICT28,BLISTER
QUIN,8/1/2025,HEALTH CENTER,100,2,124,,,350,431,,1000,DISTRICT35,TABLET
ITN,8/1/2025,HEALTH CENTER,,4,267,2455,,0,-572,,50,DISTRICT6,PIECE
ART-INJ,5/1/2024,HEALTH CENTER,1862,193,182,,,,541,106,5,DISTRICT38,VIAL
SP,5/1/2025,HEALTH CENTER,,,546,,,10,-51,347,1000,DISTRICT26,TABLET
QUIN,11/1/2024,HEALTH CENTER,2054,,,2225,,11,-568,346,1000,DISTRICT38,TABLET
ITN,11/1/2025,HEALTH CENTER,1074,0,,886,,157,554,,50,DISTRICT33,PIECE
ACT-AD,3/1/2025,DISTRICT HOSPITAL,,4,71,248,83,0,-531,,30,DISTRICT16,BLISTER
SP,6/1/2025,HEALTH CENTER,1686,0,883,1204,498,102,275,,1000,DISTRICT35,TABLET
ITN,11/1/2024,HEALTH CENTER,312,0,5,125,17,0,-234,9,50,DISTRICT31,PIECE
SP,5/1/2024,HEALTH CENTER,,,29,543,,0,93,,1000,DISTRICT13,TABLET
RDT,4/1/2024,HEALTH CENTER,1086,,111,,,446,736,50,25,DISTRICT29,PIECE
QUIN,12/1/2024,HEALTH CENTER,1726,35,425,2271,790,547,-983,333,1000,DISTRICT1,TABLET
QUIN,10/1/2024,HEALTH CENTER,1698,0,529,348,1592,1184,421,689,1000,DISTRICT13,TABLET
ACT-INF,4/1/2025,HEALTH CENTER,,0,,473,,0,-827,,30,DISTRICT9,BLISTER
PYRA-SAC,4/1/2024,HEALTH CENTER,264,24,21,203,478,7,74,20,1,DISTRICT36,SACHET
ACT-SC,4/1/2024,HEALTH CENTER,1073,,135,,,0,557,,30,DISTRICT19,BLISTER
PYRA-COMP,1/1/2025,HEALTH CENTER,,0,276,,522,1,-307,,1,DISTRICT16,TABLET
ART-SUP,4/1/2024,HEALTH CENTER,151,14,53,48,408,2393,-8,2,2,DISTRICT29,CAPSULE
ITN,4/1/2025,DISTRICT HOSPITAL,,72,584,,,7,-540,162,50,DISTRICT8,PIECE
PYRA-COMP,6/1/2024,HEALTH CENTER,,3,40,,,,-310,7,1,DISTRICT4,TABLET
ACT-GC,9/1/2025,HEALTH CENTER,1903,184,,1554,176,0,-10,,30,DISTRICT37,BLISTER
ART-INJ,9/1/2025,HEALTH CENTER,,118,310,,746,26,-287,282,5,DISTRICT21,VIAL
PYRA-SAC,6/1/2024,HEALTH CENTER,0,15,,,,90,-29,,1,DISTRICT2,SACHET
ACT-INF,6/1/2024,HEALTH CENTER,59,331,625,,910,,296,510,30,DISTRICT13,BLISTER
PYRA-COMP,1/1/2025,HEALTH CENTER,1236,5,166,1687,,,-505,,1,DISTRICT20,TABLET
QUIN,4/1/2024,HEALTH CENTER,,0,2,222,185,0,-1,,1000,DISTRICT6,TABLET
PYRA-SAC,9/1/2024,HEALTH CENTER,,1,2,61,,0,704,0,1,DISTRICT16,SACHET
SP,9/1/2025,HEALTH CENTER,151,,118,112,532,13,502,,1000,DISTRICT12,TABLET
ITN,3/1/2025,HEALTH CENTER,248,0,46,801,1009,53,344,4,50,DISTRICT8,PIECE
RDT,11/1/2025,HEALTH CENTER,5195,,,2451,1930,621,671,,25,DISTRICT16,PIECE
ACT-AD,11/1/2024,HEALTH CENTER,2377,0,,,,29,-43,115,30,DISTRICT23,BLISTER
RDT,10/1/2025,HEALTH CENTER,202,,,59,,1131,-454,,25,DISTRICT32,PIECE
SP,4/1/2025,DISTRICT HOSPITAL,1236,35,512,587,,59,-93,,1000,DISTRICT32,TABLET
PYRA-COMP,10/1/2024,HEALTH CENTER,,41,126,1368,,,804,,1,DISTRICT31,TABLET
ART-INJ,8/1/2025,HEALTH CENTER,645,19,,190,,,-548,,5,DISTRICT16,VIAL
QUIN,6/1/2025,HEALTH CENTER,241,17,375,488,,10704,57,1039,1000,DISTRICT7,TABLET
RDT,2/1/2025,HEALTH CENTER,4204,72,879,4138,,56,462,,25,DISTRICT33,PIECE
RDT,11/1/2024,HEALTH CENTER,264,33,79,69,1532,6719,-124,162,25,DISTRICT28,PIECE
PYRA-COMP,3/1/2025,DISTRICT HOSPITAL,927,,237,,,499,-845,25,1,DISTRICT17,TABLET
QUIN,12/1/2023,HEALTH CENTER,23,350,33,110,678,3,382,20,1000,DISTRICT1,TABLET
PYRA-COMP,11/1/2025,HEALTH CENTER,,46,129,,,1365,-502,,1,DISTRICT27,TABLET
PYRA-SAC,4/1/2024,HEALTH CENTER,,0,107,,1652,453,-234,16,1,DISTRICT7,SACHET
ACT-AD,10/1/2025,HEALTH CENTER,1396,38,90,,,1,-389,,30,DISTRICT28,BLISTER
ACT-GC,10/1/2024,HEALTH CENTER,565,,435,2793,,90,54,,30,DISTRICT31,BLISTER
ACT-SC,7/1/2025,HEALTH CENTER,292,51,78,,,,-567,34,30,DISTRICT20,BLISTER
ITN,10/1/2025,HEALTH CENTER,942,3,,,,262,-596,279,50,DISTRICT29,PIECE
PYRA-COMP,2/1/2024,HEALTH CENTER,,335,222,,,76,1229,65,1,DISTRICT11,TABLET
SP,9/1/2024,HEALTH CENTER,708,1,254,1199,,264,-693,369,1000,DISTRICT3,TABLET
ITN,11/1/2025,DISTRICT HOSPITAL,708,0,,,,1,-530,,50,DISTRICT11,PIECE
ACT-GC,2/1/2025,HEALTH CENTER,478,86,99,660,461,69,-219,25,30,DISTRICT2,BLISTER
ITN,5/1/2025,HEALTH CENTER,81,2,38,58,,9,695,75,50,DISTRICT20,PIECE
ART-SUP,5/1/2025,HEALTH CENTER,110,,,315,1242,5,14,17,2,DISTRICT19,CAPSULE
QUIN,7/1/2025,HEALTH CENTER,,0,78,,307,257,266,7,1000,DISTRICT20,TABLET
ACT-AD,11/1/2024,HEALTH CENTER,,5,,,395,421,-340,23,30,DISTRICT21,BLISTER
ACT-AD,3/1/2024,HEALTH CENTER,,,656,1963,,,-1049,,30,DISTRICT19,BLISTER
PYRA-SAC,2/1/2025,HEALTH CENTER,381,175,14,349,,,286,2,1,DISTRICT6,SACHET
ART-INJ,10/1/2024,HEALTH CENTER,,0,42,259,657,5,62,,5,DISTRICT26,VIAL
PYRA-COMP,4/1/2024,HEALTH CENTER,,,379,849,427,209,-271,543,1,DISTRICT21,TABLET
ACT-AD,3/1/2025,HEALTH CENTER,641,1,240,531,,0,-134,212,30,DISTRICT22,BLISTER
ITN,7/1/2024,HEALTH CENTER,21,,5,3,,0,-492,0,50,DISTRICT12,PIECE
RDT,3/1/2024,HEALTH CENTER,1300,1043,370,2960,,,30,245,25,DISTRICT14,PIECE
ACT-AD,6/1/2025,HEALTH CENTER,,,447,756,,549,-270,295,30,DISTRICT31,BLISTER
ACT-GC,4/1/2024,HEALTH CENTER,2185,,915,,,4,202,1120,30,DISTRICT14,BLISTER
ACT-INF,2/1/2025,HEALTH CENTER,533,,592,621,,35,467,506,30,DISTRICT25,BLISTER
ACT-AD,3/1/2025,HEALTH CENTER,348,,,262,898,0,-148,57,30,DISTRICT36,BLISTER
PYRA-SAC,5/1/2025,HEALTH CENTER,,,432,2008,573,0,636,486,1,DISTRICT16,SACHET
ART-INJ,10/1/2025,HEALTH CENTER,4102,,797,2507,,1535,336,805,5,DISTRICT16,VIAL
ITN,11/1/2025,HEALTH CENTER,,,,4595,780,452,199,600,50,DISTRICT19,PIECE
SP,2/1/2024,HEALTH CENTER,1025,2,287,,,6154,207,164,1000,DISTRICT20,TABLET
ART-SUP,9/1/2024,HEALTH CENTER,,104,,1046,,0,-484,,2,DISTRICT16,CAPSULE
PYRA-COMP,6/1/2024,HEALTH CENTER,488,,429,,465,125,514,155,1,DISTRICT13,TABLET
ACT-GC,4/1/2024,HEALTH CENTER,1994,433,1006,5137,,1,-385,605,30,DISTRICT20,BLISTER
ACT-SC,10/1/2024,DISTRICT HOSPITAL,1994,85,265,1749,,7,137,91,30,DISTRICT28,BLISTER
ACT-AD,4/1/2025,HEALTH CENTER,277,108,35,383,609,,112,5,30,DISTRICT32,BLISTER
PYRA-COMP,11/1/2025,HEALTH CENTER,1289,0,161,822,,1,-482,61,1,DISTRICT28,TABLET
SP,12/1/2024,HEALTH CENTER,,56,206,570,,656,-313,74,1000,DISTRICT29,TABLET
ACT-GC,12/1/2023,DISTRICT HOSPITAL,4293,0,,4570,,,32,,30,DISTRICT13,BLISTER
ACT-INF,6/1/2024,HEALTH CENTER,549,6,54,,,210,-625,,30,DISTRICT30,BLISTER
QUIN,12/1/2023,HEALTH CENTER,2247,6,,1136,,1,476,284,1000,DISTRICT33,TABLET
ART-SUP,7/1/2024,HEALTH CENTER,725,,23,,,0,273,4,2,DISTRICT14,CAPSULE
ART-SUP,7/1/2025,HEALTH CENTER,3534,44,585,1919,,16854,-284,984,2,DISTRICT15,CAPSULE
ITN,3/1/2025,HEALTH CENTER,3908,3,,4793,,158,439,978,50,DISTRICT10,PIECE
PYRA-SAC,2/1/2024,HEALTH CENTER,,143,145,,,122,231,,1,DISTRICT21,SACHET
ART-SUP,1/1/2025,DISTRICT HOSPITAL,,23,,297,,2423,-645,,2,DISTRICT16,CAPSULE
PYRA-COMP,7/1/2024,REGIONAL HOSPITAL,,,22,470,,,116,,1,DISTRICT28,TABLET
ACT-INF,1/1/2024,HEALTH CENTER,,,,,,537,304,,30,DISTRICT38,BLISTER
ART-INJ,10/1/2024,HEALTH CENTER,29,0,7,23,,0,-375,0,5,DISTRICT19,VIAL
ACT-INF,4/1/2025,DISTRICT HOSPITAL,61,,58,102,524,58,90,16,30,DISTRICT7,BLISTER
ART-INJ,11/1/2024,HEALTH CENTER,267,,69,,,1983,182,18,5,DISTRICT29,VIAL
ACT-SC,12/1/2024,HEALTH CENTER,179,165,,,,,-223,34,30,DISTRICT16,BLISTER
QUIN,9/1/2025,HEALTH CENTER,,2,,2083,,0,-342,,1000,DISTRICT27,TABLET
PYRA-COMP,6/1/2025,HEALTH CENTER,,,,3266,2594,1828,935,,1,DISTRICT25,TABLET
ACT-INF,7/1/2025,HEALTH CENTER,26,,,402,915,,286,0,30,DISTRICT22,BLISTER
QUIN,5/1/2025,HEALTH CENTER,1636,4,83,755,938,0,-209,25,1000,DISTRICT7,TABLET
ACT-INF,12/1/2023,DISTRICT HOSPITAL,,451,1355,2961,,158,-61,,30,DISTRICT37,BLISTER
ACT-SC,11/1/2025,HEALTH CENTER,,,85,,395,10,-303,,30,DISTRICT8,BLISTER
ACT-GC,3/1/2025,HEALTH CENTER,,,234,810,,462,-827,,30,DISTRICT4,BLISTER
PYRA-SAC,6/1/2025,HEALTH CENTER,1672,495,372,,496,2,-660,100,1,DISTRICT37,SACHET
RDT,4/1/2025,HEALTH CENTER,,124,125,304,,,-286,51,25,DISTRICT36,PIECE
ACT-GC,8/1/2024,HEALTH CENTER,8,,52,149,1037,4,-444,37,30,DISTRICT13,BLISTER
ART-INJ,7/1/2025,HEALTH CENTER,183,2,,126,470,0,44,9,5,DISTRICT26,VIAL
ACT-INF,4/1/2024,HEALTH CENTER,735,,431,407,1797,16,-956,151,30,DISTRICT32,BLISTER
QUIN,7/1/2025,HEALTH CENTER,4687,,1493,1502,889,1050,358,1016,1000,DISTRICT31,TABLET
ACT-INF,7/1/2024,HEALTH CENTER,17,499,193,,,1,-960,250,30,DISTRICT32,BLISTER
ITN,8/1/2024,HEALTH CENTER,671,9,48,560,,2,43,18,50,DISTRICT29,PIECE
ACT-INF,2/1/2024,DISTRICT HOSPITAL,,272,240,,,0,-281,275,30,DISTRICT35,BLISTER
ART-SUP,8/1/2025,NATIONAL HOSPITAL,,0,141,669,,,243,,2,DISTRICT15,CAPSULE
ACT-GC,2/1/2024,DISTRICT HOSPITAL,126,14,288,484,,1027,-104,88,30,DISTRICT3,BLISTER
SP,3/1/2025,HEALTH CENTER,21,114,240,,,0,-747,241,1000,DISTRICT4,TABLET
PYRA-COMP,12/1/2024,HEALTH CENTER,553,1208,,,446,285,-736,60,1,DISTRICT5,TABLET
PYRA-SAC,1/1/2025,HEALTH CENTER,1791,1141,,3268,,3071,107,968,1,DISTRICT28,SACHET
SP,4/1/2024,HEALTH CENTER,99,9,70,,,,804,87,1000,DISTRICT28,TABLET
ITN,2/1/2024,HEALTH CENTER,273,,196,,735,,506,,50,DISTRICT31,PIECE
ART-INJ,8/1/2025,HEALTH CENTER,6398,187,,5639,,21,-720,1853,5,DISTRICT8,VIAL
SP,6/1/2025,HEALTH CENTER,337,3,167,71,,367,411,102,1000,DISTRICT20,TABLET
QUIN,2/1/2025,HEALTH CENTER,905,0,28,341,,1,-136,10,1000,DISTRICT13,TABLET
RDT,9/1/2025,HEALTH CENTER,83,48,80,299,,26,160,5,25,DISTRICT16,PIECE
SP,10/1/2024,HEALTH CENTER,,1,,,,,-494,177,1000,DISTRICT28,TABLET
ART-INJ,9/1/2025,HEALTH CENTER,1070,54,356,399,,,87,281,5,DISTRICT16,VIAL
ITN,4/1/2025,HEALTH CENTER,574,0,,77,,1438,-394,5,50,DISTRICT28,PIECE
PYRA-SAC,6/1/2024,HEALTH CENTER,,74,215,862,485,0,-185,84,1,DISTRICT20,SACHET
ACT-AD,3/1/2024,HEALTH CENTER,,,,256,1399,68,111,14,30,DISTRICT20,BLISTER
ACT-AD,1/1/2025,HEALTH CENTER,,22,81,,,0,-372,43,30,DISTRICT3,BLISTER
SP,12/1/2023,HEALTH CENTER,212,11,,222,,157,-636,43,1000,DISTRICT33,TABLET
ACT-GC,12/1/2024,HEALTH CENTER,113,0,15,195,421,,6,,30,DISTRICT13,BLISTER
ART-SUP,1/1/2025,HEALTH CENTER,,0,213,675,,965,57,29,2,DISTRICT29,CAPSULE
ITN,6/1/2024,HEALTH CENTER,5612,169,,3872,,0,-226,,50,DISTRICT27,PIECE
ART-SUP,1/1/2024,HEALTH CENTER,2270,,,2060,,,260,672,2,DISTRICT32,CAPSULE
ACT-GC,1/1/2025,HEALTH CENTER,5028,,,3508,1659,6352,-393,1463,30,DISTRICT21,BLISTER
ART-INJ,7/1/2025,HEALTH CENTER,529,410,559,847,,2056,403,471,5,DISTRICT33,VIAL
ACT-INF,9/1/2025,HEALTH CENTER,649,1,56,111,,879,-554,2,30,DISTRICT1,BLISTER
ART-SUP,3/1/2024,HEALTH CENTER,511,,10,219,,0,265,6,2,DISTRICT1,CAPSULE
ITN,7/1/2024,HEALTH CENTER,1298,18,701,2795,,224,220,,50,DISTRICT8,PIECE
ART-INJ,2/1/2024,HEALTH CENTER,,890,1000,1789,,,303,1358,5,DISTRICT25,VIAL
PYRA-COMP,5/1/2025,HEALTH CENTER,,107,283,2321,,,115,92,1,DISTRICT36,TABLET
ACT-INF,3/1/2025,HEALTH CENTER,,0,74,,,2367,86,83,30,DISTRICT29,BLISTER
ACT-SC,4/1/2025,HEALTH CENTER,638,11,,,,224,80,623,30,DISTRICT8,BLISTER
ACT-INF,8/1/2025,HEALTH CENTER,3333,25,326,1322,,222,-114,350,30,DISTRICT31,BLISTER
QUIN,4/1/2025,HEALTH CENTER,,,,287,,23,-275,132,1000,DISTRICT19,TABLET
ACT-AD,9/1/2025,HEALTH CENTER,943,1,413,820,,98,483,59,30,DISTRICT12,BLISTER
SP,12/1/2023,HEALTH CENTER,120,0,82,29,,56,-296,,1000,DISTRICT38,TABLET
PYRA-COMP,11/1/2024,HEALTH CENTER,,1,,,1350,540,-491,,1,DISTRICT32,TABLET
ART-INJ,1/1/2024,HEALTH CENTER,554,55,359,1326,,2579,695,213,5,DISTRICT20,VIAL
ART-INJ,1/1/2024,REGIONAL HOSPITAL,153,3,136,148,,1,-511,,5,DISTRICT38,VIAL
RDT,2/1/2025,HEALTH CENTER,1398,281,,1396,,1521,-1176,459,25,DISTRICT25,PIECE
ACT-SC,1/1/2025,HEALTH CENTER,,11,,215,,2,471,23,30,DISTRICT12,BLISTER
ACT-GC,6/1/2025,HEALTH CENTER,692,9,245,968,,2,620,,30,DISTRICT31,BLISTER
ACT-GC,11/1/2025,HEALTH CENTER,,180,160,1356,1206,338,-92,54,30,DISTRICT31,BLISTER
RDT,2/1/2025,HEALTH CENTER,,,908,5374,,7396,-258,1717,25,DISTRICT37,PIECE
ACT-GC,8/1/2025,HEALTH CENTER,1267,824,95,1986,,0,-1505,12,30,DISTRICT33,BLISTER
ART-SUP,7/1/2025,HEALTH CENTER,2244,,534,1984,653,4,-333,235,2,DISTRICT1,CAPSULE
SP,6/1/2024,DISTRICT HOSPITAL,8903,26,2434,7035,2256,3690,511,2550,1000,DISTRICT24,TABLET
ACT-GC,1/1/2024,HEALTH CENTER,72,0,16,121,269,57,789,,30,DISTRICT31,BLISTER
ACT-SC,5/1/2025,HEALTH CENTER,1252,,346,534,,7,390,,30,DISTRICT30,BLISTER
ACT-SC,5/1/2025,HEALTH CENTER,20,5,447,,,10110,402,199,30,DISTRICT10,BLISTER
ITN,2/1/2025,HEALTH CENTER,,1,,685,414,1242,494,319,50,DISTRICT29,PIECE
ITN,10/1/2025,HEALTH CENTER,1102,558,,,,48,215,557,50,DISTRICT15,PIECE
ART-SUP,10/1/2025,HEALTH CENTER,,0,,24,306,,-244,,2,DISTRICT16,CAPSULE
RDT,5/1/2025,HEALTH CENTER,,446,41,117,,0,-366,2,25,DISTRICT13,PIECE
ACT-AD,8/1/2025,HEALTH CENTER,3325,343,,2966,,329,550,,30,DISTRICT31,BLISTER
SP,10/1/2024,HEALTH CENTER,1305,,197,1891,,0,506,53,1000,DISTRICT19,TABLET
ART-INJ,5/1/2024,HEALTH CENTER,2,42,3,,,0,63,15,5,DISTRICT36,VIAL
ACT-AD,5/1/2025,HEALTH CENTER,141,1273,,13,295,396,590,,30,DISTRICT28,BLISTER
ART-INJ,10/1/2024,HEALTH CENTER,,,479,2587,,,-811,,5,DISTRICT13,VIAL
ACT-SC,4/1/2024,HEALTH CENTER,2784,0,,,,935,-293,305,30,DISTRICT32,BLISTER
PYRA-SAC,8/1/2024,DISTRICT HOSPITAL,196,,146,,,1837,-351,4,1,DISTRICT10,SACHET
QUIN,10/1/2024,HEALTH CENTER,154,,339,478,,0,758,219,1000,DISTRICT36,TABLET
ART-SUP,2/1/2024,HEALTH CENTER,,238,1211,4048,,1900,-205,972,2,DISTRICT19,CAPSULE
SP,9/1/2025,HEALTH CENTER,,58,423,2049,,88,-199,170,1000,DISTRICT23,TABLET
RDT,8/1/2024,HEALTH CENTER,,,82,23,,130,781,61,25,DISTRICT30,PIECE
ACT-INF,12/1/2024,HEALTH CENTER,,0,,82,598,0,-160,1,30,DISTRICT30,BLISTER
PYRA-SAC,8/1/2025,HEALTH CENTER,719,1147,266,2118,,0,435,118,1,DISTRICT23,SACHET
PYRA-COMP,11/1/2025,HEALTH CENTER,180,,221,,421,,36,607,1,DISTRICT6,TABLET
QUIN,7/1/2025,REGIONAL HOSPITAL,1779,60,519,1957,,1512,411,,1000,DISTRICT24,TABLET
ACT-SC,8/1/2024,HEALTH CENTER,,83,,,,2271,-489,179,30,DISTRICT20,BLISTER
ACT-GC,8/1/2025,HEALTH CENTER,1480,0,467,1068,,,-475,,30,DISTRICT31,BLISTER
ART-INJ,12/1/2024,HEALTH CENTER,534,2,,771,,,132,484,5,DISTRICT23,VIAL
ACT-AD,11/1/2024,HEALTH CENTER,482,2074,352,,670,5214,696,697,30,DISTRICT13,BLISTER
ACT-AD,6/1/2025,HEALTH CENTER,,700,635,,,399,299,,30,DISTRICT8,BLISTER
RDT,10/1/2025,HEALTH CENTER,,49,1427,3610,1148,,-1104,754,25,DISTRICT19,PIECE
QUIN,4/1/2024,HEALTH CENTER,,,56,138,,52,685,,1000,DISTRICT28,TABLET
ACT-SC,3/1/2024,DISTRICT HOSPITAL,2568,122,956,2236,,309,-611,,30,DISTRICT23,BLISTER
ITN,3/1/2025,HEALTH CENTER,904,247,,1752,,50,118,674,50,DISTRICT15,PIECE
SP,1/1/2025,HEALTH CENTER,,727,1569,4128,,146,46,,1000,DISTRICT8,TABLET
RDT,10/1/2025,HEALTH CENTER,7,0,12,1,,217,-203,,25,DISTRICT8,PIECE
RDT,11/1/2025,DISTRICT HOSPITAL,,,289,2058,,0,-744,,25,DISTRICT20,PIECE
ACT-AD,9/1/2024,HEALTH CENTER,2039,0,230,1242,,3309,27,285,30,DISTRICT37,BLISTER
ACT-GC,4/1/2025,HEALTH CENTER,283,4,19,27,,0,-33,10,30,DISTRICT35,BLISTER
ART-SUP,7/1/2025,HEALTH CENTER,1391,55,628,,,37,-357,,2,DISTRICT4,CAPSULE
ACT-INF,4/1/2025,HEALTH CENTER,2549,248,171,1431,742,0,-1263,198,30,DISTRICT15,BLISTER
ACT-AD,9/1/2024,HEALTH CENTER,,,649,1053,924,1506,42,548,30,DISTRICT37,BLISTER
ITN,3/1/2024,HEALTH CENTER,1409,15,,,1264,,83,,50,DISTRICT30,PIECE
QUIN,11/1/2024,HEALTH CENTER,,1011,877,,,594,-136,,1000,DISTRICT1,TABLET
RDT,2/1/2024,HEALTH CENTER,3052,43,471,,,4243,62,397,25,DISTRICT3,PIECE
SP,9/1/2024,HEALTH CENTER,,0,199,998,,3783,116,,1000,DISTRICT28,TABLET
PYRA-SAC,3/1/2025,HEALTH CENTER,,,440,,,4041,-709,361,1,DISTRICT31,SACHET
ACT-AD,9/1/2025,DISTRICT HOSPITAL,,16,58,,,,585,25,30,DISTRICT2,BLISTER
ACT-AD,8/1/2024,HEALTH CENTER,1112,1,228,1661,,0,127,6,30,DISTRICT16,BLISTER
ACT-INF,10/1/2025,HEALTH CENTER,577,2,186,60,,3250,331,,30,DISTRICT10,BLISTER
PYRA-SAC,3/1/2025,DISTRICT HOSPITAL,,0,733,937,1324,2090,90,862,1,DISTRICT38,SACHET
ACT-GC,5/1/2025,HEALTH CENTER,1496,126,223,282,983,2,-118,,30,DISTRICT26,BLISTER
ART-INJ,10/1/2024,DISTRICT HOSPITAL,1051,,277,593,341,0,165,586,5,DISTRICT11,VIAL
PYRA-COMP,10/1/2024,HEALTH CENTER,969,2495,504,3088,,,-543,525,1,DISTRICT31,TABLET
ART-SUP,5/1/2024,HEALTH CENTER,156,,54,225,,1,-101,1,2,DISTRICT20,CAPSULE
ACT-GC,10/1/2024,HEALTH CENTER,626,26,146,1406,820,124,374,86,30,DISTRICT25,BLISTER
SP,11/1/2025,HEALTH CENTER,2921,,112,579,,3,-364,166,1000,DISTRICT1,TABLET
SP,6/1/2024,HEALTH CENTER,,0,6,68,946,31,-435,6,1000,DISTRICT16,TABLET
RDT,2/1/2024,HEALTH CENTER,1001,,685,419,,,113,416,25,DISTRICT22,PIECE
ART-SUP,8/1/2025,HEALTH CENTER,,219,426,2736,,0,34,278,2,DISTRICT9,CAPSULE
SP,8/1/2024,HEALTH CENTER,8149,42,692,,,334,-566,717,1000,DISTRICT22,TABLET
ACT-INF,3/1/2025,HEALTH CENTER,,16,1,32,,,61,0,30,DISTRICT29,BLISTER
ACT-SC,6/1/2025,HEALTH CENTER,5202,0,567,2753,,0,-581,,30,DISTRICT14,BLISTER
ART-INJ,11/1/2024,HEALTH CENTER,,0,214,848,,2,11,135,5,DISTRICT19,VIAL
ITN,12/1/2023,HEALTH CENTER,6495,0,302,,,894,212,450,50,DISTRICT19,PIECE
ACT-INF,1/1/2025,HEALTH CENTER,,7,85,301,,0,-990,116,30,DISTRICT19,BLISTER
QUIN,8/1/2025,HEALTH CENTER,3787,,,,570,1,-378,980,1000,DISTRICT27,TABLET
QUIN,12/1/2024,HEALTH CENTER,,11,30,538,,30,-575,10,1000,DISTRICT29,TABLET
PYRA-SAC,1/1/2025,HEALTH CENTER,,,728,1652,,,-921,760,1,DISTRICT4,SACHET
ACT-SC,11/1/2025,HEALTH CENTER,1550,2,,2759,,2300,-27,1173,30,DISTRICT16,BLISTER
ART-INJ,12/1/2024,HEALTH CENTER,1250,381,,459,514,487,-44,200,5,DISTRICT28,VIAL
RDT,2/1/2025,DISTRICT HOSPITAL,303,413,95,,,242,-260,,25,DISTRICT20,PIECE
PYRA-COMP,8/1/2025,HEALTH CENTER,727,590,,,,2775,-381,499,1,DISTRICT13,TABLET
ART-INJ,4/1/2025,HEALTH CENTER,168,0,9,,971,196,-131,32,5,DISTRICT8,VIAL
ACT-SC,12/1/2024,HEALTH CENTER,127,2,88,331,,0,401,13,30,DISTRICT19,BLISTER
ITN,6/1/2025,HEALTH CENTER,11382,426,1257,,,19,413,753,50,DISTRICT38,PIECE
RDT,7/1/2025,HEALTH CENTER,394,0,20,72,1495,96,26,,25,DISTRICT19,PIECE
PYRA-SAC,4/1/2025,HEALTH CENTER,,6,1,12,642,,-678,,1,DISTRICT23,SACHET
RDT,9/1/2024,HEALTH CENTER,1368,,456,2226,,2341,-244,,25,DISTRICT14,PIECE
ART-INJ,10/1/2025,HEALTH CENTER,,37,191,37,,3230,-906,114,5,DISTRICT24,VIAL
PYRA-COMP,7/1/2025,HEALTH CENTER,695,,98,,,5209,-561,196,1,DISTRICT24,TABLET
ART-INJ,12/1/2023,HEALTH CENTER,246,2,,351,952,1630,-616,,5,DISTRICT8,VIAL
ACT-INF,10/1/2024,HEALTH CENTER,159,0,,146,,0,205,0,30,DISTRICT28,BLISTER
ACT-INF,9/1/2025,HEALTH CENTER,1390,,446,,,0,502,164,30,DISTRICT18,BLISTER
ART-INJ,2/1/2024,HEALTH CENTER,1648,0,,755,,5709,195,,5,DISTRICT31,VIAL
ACT-AD,4/1/2024,HEALTH CENTER,572,942,71,,,1427,-347,37,30,DISTRICT24,BLISTER
ACT-GC,10/1/2024,DISTRICT HOSPITAL,,,,,,0,-329,172,30,DISTRICT29,BLISTER
ART-INJ,12/1/2023,HEALTH CENTER,,4,578,2616,717,0,-284,42,5,DISTRICT27,VIAL
ART-SUP,12/1/2023,HEALTH CENTER,297,1,,,1418,194,-43,247,2,DISTRICT20,CAPSULE
ACT-INF,10/1/2025,HEALTH CENTER,647,65,213,515,513,,219,145,30,DISTRICT33,BLISTER
ART-INJ,1/1/2025,HEALTH CENTER,10,,12,150,,2,691,36,5,DISTRICT31,VIAL
PYRA-SAC,1/1/2025,HEALTH CENTER,,0,7,102,519,,-343,0,1,DISTRICT2,SACHET
ITN,12/1/2023,HEALTH CENTER,,,85,417,493,0,257,24,50,DISTRICT23,PIECE
ITN,12/1/2023,HEALTH CENTER,2238,6,273,,1266,3841,202,,50,DISTRICT38,PIECE
PYRA-COMP,5/1/2025,HEALTH CENTER,1015,,,1550,,291,237,75,1,DISTRICT10,TABLET
SP,4/1/2024,HEALTH CENTER,669,,289,2691,1330,4802,189,,1000,DISTRICT15,TABLET
PYRA-SAC,9/1/2025,HEALTH CENTER,,1204,143,139,,5089,269,25,1,DISTRICT24,SACHET
PYRA-COMP,6/1/2024,HEALTH CENTER,4284,3,415,,,63,690,286,1,DISTRICT32,TABLET
ACT-INF,7/1/2025,HEALTH CENTER,54,,,202,,3,90,37,30,DISTRICT3,BLISTER
ACT-AD,7/1/2025,HEALTH CENTER,,,187,,,2459,-594,193,30,DISTRICT3,BLISTER
PYRA-SAC,1/1/2024,HEALTH CENTER,,1732,447,337,1301,433,-312,272,1,DISTRICT7,SACHET
ACT-SC,1/1/2024,HEALTH CENTER,151,,,96,,0,-670,,30,DISTRICT38,BLISTER
PYRA-SAC,12/1/2024,HEALTH CENTER,152,,34,669,,0,-846,,1,DISTRICT36,SACHET
ITN,8/1/2025,HEALTH CENTER,91,16,,,,184,151,8,50,DISTRICT36,PIECE
ACT-SC,4/1/2024,HEALTH CENTER,1243,3,410,,,14600,278,333,30,DISTRICT33,BLISTER
RDT,5/1/2025,HEALTH CENTER,134,10,,67,,5,-150,14,25,DISTRICT32,PIECE
ACT-AD,7/1/2024,HEALTH CENTER,2687,,1738,,,16331,328,,30,DISTRICT29,BLISTER
PYRA-COMP,7/1/2025,HEALTH CENTER,1919,390,348,2326,,311,124,655,1,DISTRICT20,TABLET
SP,6/1/2025,HEALTH CENTER,,0,340,140,272,151,114,,1000,DISTRICT9,TABLET
ART-INJ,4/1/2025,HEALTH CENTER,2555,203,1337,,,,315,,5,DISTRICT36,VIAL
PYRA-SAC,12/1/2024,HEALTH CENTER,37,0,14,13,232,,-32,,1,DISTRICT30,SACHET
ACT-AD,1/1/2024,HEALTH CENTER,701,,,361,1355,249,-146,,30,DISTRICT30,BLISTER
ART-SUP,2/1/2025,HEALTH CENTER,243,,181,377,,959,227,173,2,DISTRICT14,CAPSULE
ART-SUP,10/1/2024,HEALTH CENTER,,227,536,2585,,19,133,465,2,DISTRICT37,CAPSULE
QUIN,7/1/2025,HEALTH CENTER,130,,755,273,743,,716,430,1000,DISTRICT13,TABLET
ART-INJ,6/1/2024,HEALTH CENTER,31,67,21,146,,34,208,6,5,DISTRICT4,VIAL
ACT-SC,7/1/2025,HEALTH CENTER,,,,1201,,0,230,,30,DISTRICT14,BLISTER
ART-SUP,10/1/2025,HEALTH CENTER,159,,,224,285,1,-80,,2,DISTRICT20,CAPSULE
ITN,11/1/2024,HEALTH CENTER,2981,1275,,,,58,-332,636,50,DISTRICT1,PIECE
ACT-SC,8/1/2025,HEALTH CENTER,,0,72,2,,1,200,15,30,DISTRICT28,BLISTER
ACT-INF,9/1/2024,HEALTH CENTER,,84,339,505,533,7,502,120,30,DISTRICT33,BLISTER
ART-INJ,7/1/2024,HEALTH CENTER,,13,,,,2963,-389,,5,DISTRICT9,VIAL
SP,9/1/2024,HEALTH CENTER,165,186,36,1051,1120,,-133,130,1000,DISTRICT31,TABLET
ACT-SC,2/1/2025,HEALTH CENTER,1014,455,1367,2326,,2,-189,808,30,DISTRICT36,BLISTER
ACT-AD,6/1/2025,HEALTH CENTER,560,,147,33,,2430,-613,63,30,DISTRICT22,BLISTER
QUIN,4/1/2024,HEALTH CENTER,2585,,704,1156,727,8,138,319,1000,DISTRICT28,TABLET
ACT-GC,1/1/2024,HEALTH CENTER,1438,,,,,,-396,590,30,DISTRICT18,BLISTER
ACT-INF,9/1/2025,HEALTH CENTER,1422,0,341,1649,420,1948,-77,460,30,DISTRICT5,BLISTER
RDT,4/1/2025,HEALTH CENTER,,30,,11,,4657,-292,168,25,DISTRICT13,PIECE
ACT-SC,3/1/2024,HEALTH CENTER,37,,24,36,,,-246,19,30,DISTRICT9,BLISTER
SP,7/1/2025,HEALTH CENTER,576,1,,97,602,,-8,6,1000,DISTRICT29,TABLET
SP,5/1/2024,HEALTH CENTER,840,0,135,950,,,514,75,1000,DISTRICT20,TABLET
ACT-SC,11/1/2024,HEALTH CENTER,186,,162,935,,31,-21,327,30,DISTRICT1,BLISTER
ITN,2/1/2025,HEALTH CENTER,1831,1229,130,,,0,-67,6,50,DISTRICT35,PIECE
RDT,7/1/2025,HEALTH CENTER,711,,208,681,969,139,-481,263,25,DISTRICT25,PIECE
ART-INJ,9/1/2024,HEALTH CENTER,,584,1465,3339,,2,45,1502,5,DISTRICT36,VIAL
ACT-SC,10/1/2024,HEALTH CENTER,,104,61,545,,407,198,181,30,DISTRICT29,BLISTER
ACT-GC,8/1/2024,HEALTH CENTER,201,1069,306,,601,,185,,30,DISTRICT13,BLISTER
ACT-INF,4/1/2024,HEALTH CENTER,236,0,47,57,,0,-834,29,30,DISTRICT20,BLISTER
ACT-SC,3/1/2024,HEALTH CENTER,899,772,,1054,282,0,-444,156,30,DISTRICT12,BLISTER
ITN,8/1/2025,HEALTH CENTER,,3,283,,338,76,-194,162,50,DISTRICT4,PIECE
ACT-GC,2/1/2025,HEALTH CENTER,,,456,1765,,12,-350,344,30,DISTRICT28,BLISTER
PYRA-COMP,10/1/2025,HEALTH CENTER,693,92,,1063,,813,-41,82,1,DISTRICT37,TABLET
ACT-INF,2/1/2025,HEALTH CENTER,,,,2415,,2,-542,621,30,DISTRICT36,BLISTER
ACT-INF,7/1/2024,HEALTH CENTER,,0,,157,,2,459,23,30,DISTRICT26,BLISTER
ACT-AD,8/1/2025,HEALTH CENTER,1167,,,,440,22,97,,30,DISTRICT19,BLISTER
ACT-GC,8/1/2025,HEALTH CENTER,82,1,54,220,,0,137,6,30,DISTRICT10,BLISTER
ART-SUP,12/1/2023,HEALTH CENTER,394,0,210,,,193,100,276,2,DISTRICT16,CAPSULE
RDT,4/1/2024,HEALTH CENTER,700,99,225,770,804,56,182,185,25,DISTRICT33,PIECE
ACT-GC,6/1/2024,HEALTH CENTER,366,99,,,810,1,-133,56,30,DISTRICT15,BLISTER
ACT-GC,12/1/2024,HEALTH CENTER,195,1459,,,,502,273,573,30,DISTRICT15,BLISTER
ITN,7/1/2024,HEALTH CENTER,,0,526,735,,282,-43,633,50,DISTRICT14,PIECE
PYRA-SAC,2/1/2024,HEALTH CENTER,,,,,737,1,-57,,1,DISTRICT25,SACHET
ART-SUP,12/1/2023,HEALTH CENTER,0,1,9,16,,97,233,0,2,DISTRICT17,CAPSULE
ACT-GC,3/1/2025,DISTRICT HOSPITAL,1393,10,,1847,,687,696,247,30,DISTRICT5,BLISTER
ACT-AD,11/1/2025,HEALTH CENTER,228,,189,1428,,,387,202,30,DISTRICT31,BLISTER
QUIN,2/1/2025,HEALTH CENTER,,,374,498,,1667,-239,217,1000,DISTRICT37,TABLET
SP,11/1/2024,HEALTH CENTER,1134,0,113,157,,1,-709,5,1000,DISTRICT31,TABLET
ACT-INF,8/1/2024,HEALTH CENTER,27,0,,,,1,-1062,5,30,DISTRICT10,BLISTER
ACT-INF,10/1/2025,HEALTH CENTER,40,304,165,,,55,164,151,30,DISTRICT38,BLISTER
ART-INJ,9/1/2024,HEALTH CENTER,,1492,699,2433,,10,-491,457,5,DISTRICT25,VIAL
PYRA-SAC,7/1/2024,HEALTH CENTER,341,,,,,,492,39,1,DISTRICT37,SACHET
ART-INJ,10/1/2025,HEALTH CENTER,3530,,731,4701,,802,-258,936,5,DISTRICT21,VIAL
ACT-SC,9/1/2025,HEALTH CENTER,77,245,26,612,354,,321,2,30,DISTRICT9,BLISTER
ACT-GC,3/1/2025,HEALTH CENTER,717,,,111,1264,14,-211,13,30,DISTRICT16,BLISTER
ACT-SC,12/1/2024,HEALTH CENTER,3012,,,,211,443,-341,,30,DISTRICT36,BLISTER
RDT,7/1/2025,HEALTH CENTER,,,,1752,,0,-179,,25,DISTRICT31,PIECE
RDT,5/1/2024,HEALTH CENTER,,622,,65,,241,-756,,25,DISTRICT28,PIECE
ACT-INF,1/1/2024,HEALTH CENTER,,0,7,,198,0,196,,30,DISTRICT37,BLISTER
ITN,8/1/2024,HEALTH CENTER,218,,601,726,213,,105,700,50,DISTRICT31,PIECE
ACT-GC,9/1/2025,HEALTH CENTER,2336,334,894,3746,1272,922,79,498,30,DISTRICT31,BLISTER
ACT-GC,7/1/2025,HEALTH CENTER,,,220,148,,2623,-170,179,30,DISTRICT13,BLISTER
SP,8/1/2024,HEALTH CENTER,3600,,1369,,,209,-252,,1000,DISTRICT6,TABLET
RDT,11/1/2025,HEALTH CENTER,2021,0,,1373,,23,40,350,25,DISTRICT25,PIECE
ITN,3/1/2024,HEALTH CENTER,3383,137,,2219,720,0,-218,722,50,DISTRICT5,PIECE
ACT-SC,8/1/2024,HEALTH CENTER,5107,,1124,4392,,25,612,506,30,DISTRICT16,BLISTER
ACT-SC,3/1/2025,HEALTH CENTER,1153,,425,2519,,16,316,224,30,DISTRICT32,BLISTER
ACT-SC,7/1/2025,HEALTH CENTER,2964,18,1251,1454,,4603,-300,1223,30,DISTRICT33,BLISTER
ART-SUP,6/1/2025,HEALTH CENTER,1047,7,,,,3025,-155,120,2,DISTRICT23,CAPSULE
ART-INJ,3/1/2025,HEALTH CENTER,,0,18,,,8,-72,,5,DISTRICT15,VIAL
ITN,3/1/2024,HEALTH CENTER,,,679,585,1202,1,197,197,50,DISTRICT32,PIECE
SP,10/1/2024,HEALTH CENTER,,1,,3241,,732,-342,871,1000,DISTRICT29,TABLET
ACT-GC,12/1/2024,HEALTH CENTER,,13,572,2008,,4645,452,1009,30,DISTRICT25,BLISTER
PYRA-SAC,4/1/2025,HEALTH CENTER,225,149,145,607,,,-544,,1,DISTRICT16,SACHET
ART-SUP,9/1/2024,HEALTH CENTER,1232,87,,1071,,,-735,90,2,DISTRICT27,CAPSULE
QUIN,8/1/2025,HEALTH CENTER,611,,207,,,7557,-756,224,1000,DISTRICT16,TABLET
SP,10/1/2024,HEALTH CENTER,12,31,89,757,,0,-80,247,1000,DISTRICT5,TABLET
ACT-INF,5/1/2024,HEALTH CENTER,3091,,229,,,1,-222,93,30,DISTRICT13,BLISTER
ART-INJ,11/1/2025,HEALTH CENTER,389,4,57,499,,0,1186,44,5,DISTRICT9,VIAL
ACT-SC,11/1/2025,HEALTH CENTER,371,0,150,146,,44,-957,111,30,DISTRICT13,BLISTER
SP,5/1/2024,HEALTH CENTER,314,0,,161,693,144,-315,68,1000,DISTRICT20,TABLET
ART-SUP,4/1/2024,HEALTH CENTER,,,,,585,6,692,83,2,DISTRICT31,CAPSULE
PYRA-SAC,7/1/2024,HEALTH CENTER,195,219,72,168,,529,49,,1,DISTRICT37,SACHET
ACT-SC,2/1/2024,DISTRICT HOSPITAL,2091,6,459,,752,,617,307,30,DISTRICT1,BLISTER
PYRA-COMP,11/1/2025,HEALTH CENTER,,79,,,815,0,-958,1,1,DISTRICT27,TABLET
ART-INJ,9/1/2024,HEALTH CENTER,,39,27,228,,0,-150,,5,DISTRICT20,VIAL
ACT-INF,7/1/2024,HEALTH CENTER,,244,518,1396,,7,-912,330,30,DISTRICT13,BLISTER
PYRA-COMP,1/1/2025,HEALTH CENTER,939,,,754,,3,-836,104,1,DISTRICT29,TABLET
PYRA-SAC,6/1/2024,HEALTH CENTER,1947,126,165,1884,,41,-673,153,1,DISTRICT36,SACHET
QUIN,8/1/2024,HEALTH CENTER,,67,1077,1063,209,6168,-157,,1000,DISTRICT31,TABLET
PYRA-COMP,1/1/2024,NATIONAL HOSPITAL,3901,55,560,,,31,980,258,1,DISTRICT15,TABLET
QUIN,8/1/2025,HEALTH CENTER,976,9,488,,,6575,-209,,1000,DISTRICT33,TABLET
ART-INJ,7/1/2024,HEALTH CENTER,,,,,223,0,-65,0,5,DISTRICT16,VIAL
ACT-GC,12/1/2024,HEALTH CENTER,696,19,116,1148,,,-606,,30,DISTRICT15,BLISTER
ACT-GC,7/1/2025,HEALTH CENTER,5765,,,3539,,557,-164,,30,DISTRICT14,BLISTER
ACT-GC,8/1/2024,DISTRICT HOSPITAL,2691,,629,4564,,29,106,397,30,DISTRICT6,BLISTER
ACT-AD,10/1/2024,HEALTH CENTER,,,26,23,,,-1326,4,30,DISTRICT33,BLISTER
ACT-SC,7/1/2024,HEALTH CENTER,,95,452,3298,,0,-125,284,30,DISTRICT20,BLISTER
SP,5/1/2024,HEALTH CENTER,3337,1,400,1194,1058,11,255,,1000,DISTRICT1,TABLET
ACT-AD,12/1/2024,HEALTH CENTER,,,,1537,1224,454,-518,524,30,DISTRICT13,BLISTER
ITN,7/1/2024,HEALTH CENTER,559,,62,1925,,3,-17,53,50,DISTRICT10,PIECE
ACT-GC,1/1/2025,HEALTH CENTER,778,,,283,1606,0,-656,,30,DISTRICT6,BLISTER
ART-SUP,10/1/2025,HEALTH CENTER,,2,462,,733,7,221,255,2,DISTRICT15,CAPSULE
ACT-AD,11/1/2025,HEALTH CENTER,1041,,792,1988,,3685,222,,30,DISTRICT26,BLISTER
PYRA-SAC,4/1/2025,HEALTH CENTER,1461,0,,2896,,118,-452,202,1,DISTRICT14,SACHET
PYRA-COMP,1/1/2025,HEALTH CENTER,1419,,569,1322,,6547,-360,191,1,DISTRICT12,TABLET
ACT-INF,5/1/2024,HEALTH CENTER,,1322,115,1805,,2,-209,99,30,DISTRICT24,BLISTER
ACT-INF,8/1/2025,HEALTH CENTER,1297,,263,346,,63,344,172,30,DISTRICT3,BLISTER
ITN,12/1/2023,HEALTH CENTER,,3,,,,0,254,130,50,DISTRICT7,PIECE
PYRA-SAC,5/1/2025,HEALTH CENTER,199,0,48,124,,1151,156,,1,DISTRICT9,SACHET
ITN,8/1/2025,HEALTH CENTER,756,34,220,,724,,-1,,50,DISTRICT38,PIECE
ACT-SC,7/1/2024,HEALTH CENTER,2879,8,,1911,,0,-478,148,30,DISTRICT32,BLISTER
ACT-GC,10/1/2025,HEALTH CENTER,,0,529,,,,418,303,30,DISTRICT10,BLISTER
ACT-SC,8/1/2025,HEALTH CENTER,2666,82,604,,,33,-310,260,30,DISTRICT13,BLISTER
RDT,12/1/2023,NATIONAL HOSPITAL,,29,405,1286,590,75,684,478,25,DISTRICT28,PIECE
PYRA-SAC,8/1/2025,HEALTH CENTER,,0,,550,521,0,-46,,1,DISTRICT36,SACHET
ART-SUP,7/1/2025,HEALTH CENTER,2182,,,679,,2936,308,816,2,DISTRICT31,CAPSULE
SP,11/1/2025,HEALTH CENTER,11,50,,,,3,298,26,1000,DISTRICT16,TABLET
RDT,9/1/2024,HEALTH CENTER,1760,,,2373,139,2,212,685,25,DISTRICT25,PIECE
PYRA-COMP,3/1/2025,HEALTH CENTER,102,,,36,446,,345,,1,DISTRICT8,TABLET
ACT-INF,8/1/2024,HEALTH CENTER,1559,0,350,337,1097,528,48,307,30,DISTRICT10,BLISTER
ACT-INF,5/1/2024,HEALTH CENTER,75,0,19,100,,16,-400,,30,DISTRICT31,BLISTER
PYRA-COMP,12/1/2023,HEALTH CENTER,891,,,496,,30,176,73,1,DISTRICT28,TABLET
QUIN,4/1/2025,HEALTH CENTER,1249,0,380,448,,,-142,161,1000,DISTRICT23,TABLET
QUIN,11/1/2025,HEALTH CENTER,169,265,102,620,,0,-428,107,1000,DISTRICT7,TABLET
ART-INJ,9/1/2025,HEALTH CENTER,749,1,,233,,474,-168,,5,DISTRICT14,VIAL
RDT,8/1/2024,HEALTH CENTER,392,0,51,118,,0,214,35,25,DISTRICT29,PIECE
ACT-AD,3/1/2025,HEALTH CENTER,493,,206,,246,,527,,30,DISTRICT13,BLISTER
RDT,9/1/2024,HEALTH CENTER,,204,,,,0,-599,,25,DISTRICT29,PIECE
ACT-GC,12/1/2024,HEALTH CENTER,2211,98,,2609,,,-2,552,30,DISTRICT31,BLISTER
PYRA-SAC,7/1/2025,HEALTH CENTER,195,0,75,3,,79,-111,31,1,DISTRICT19,SACHET
RDT,4/1/2024,HEALTH CENTER,359,22,,623,,234,-370,,25,DISTRICT31,PIECE
ART-INJ,1/1/2025,HEALTH CENTER,,1044,,5217,,0,345,28,5,DISTRICT35,VIAL
ITN,11/1/2025,HEALTH CENTER,,,30,116,,104,784,44,50,DISTRICT33,PIECE
ACT-INF,2/1/2025,HEALTH CENTER,1388,24,,,,633,-291,29,30,DISTRICT1,BLISTER
ACT-INF,4/1/2024,HEALTH CENTER,3140,0,329,,,0,-670,191,30,DISTRICT22,BLISTER
ACT-AD,11/1/2025,HEALTH CENTER,,,567,,466,241,-600,773,30,DISTRICT13,BLISTER
ACT-SC,8/1/2025,HEALTH CENTER,,37,,3226,,,-243,338,30,DISTRICT12,BLISTER
QUIN,3/1/2024,HEALTH CENTER,,35,139,223,920,6153,-167,62,1000,DISTRICT7,TABLET
ACT-SC,8/1/2025,HEALTH CENTER,,,17,44,,1,-400,6,30,DISTRICT8,BLISTER
ACT-AD,12/1/2023,HEALTH CENTER,,32,71,806,,2629,-47,24,30,DISTRICT19,BLISTER
RDT,10/1/2025,DISTRICT HOSPITAL,,0,95,382,1239,2,-690,9,25,DISTRICT37,PIECE
RDT,12/1/2024,DISTRICT HOSPITAL,,0,16,82,,740,-423,,25,DISTRICT32,PIECE
ACT-SC,10/1/2024,HEALTH CENTER,,1,,21,93,,159,20,30,DISTRICT23,BLISTER
ACT-GC,1/1/2025,HEALTH CENTER,9537,,1926,4322,,1111,-46,1228,30,DISTRICT4,BLISTER
PYRA-COMP,6/1/2025,HEALTH CENTER,1877,1,231,,,,1320,96,1,DISTRICT15,TABLET
QUIN,11/1/2024,HEALTH CENTER,1815,35,296,1548,,344,48,913,1000,DISTRICT19,TABLET
ACT-GC,3/1/2024,HEALTH CENTER,1774,,543,883,752,6675,-810,,30,DISTRICT29,BLISTER
ACT-AD,4/1/2024,HEALTH CENTER,505,2,100,,,0,-269,14,30,DISTRICT25,BLISTER
ACT-SC,4/1/2025,HEALTH CENTER,1181,1268,625,2709,,,93,523,30,DISTRICT31,BLISTER
SP,5/1/2025,HEALTH CENTER,1269,,,1672,,561,709,,1000,DISTRICT37,TABLET
ACT-SC,2/1/2025,HEALTH CENTER,27,33,,11,348,0,873,47,30,DISTRICT33,BLISTER
ART-SUP,9/1/2024,HEALTH CENTER,,639,,1090,,0,154,219,2,DISTRICT2,CAPSULE
SP,8/1/2025,HEALTH CENTER,1157,0,31,348,,1,155,8,1000,DISTRICT36,TABLET
ACT-INF,3/1/2024,HEALTH CENTER,13,,32,,602,18,423,2,30,DISTRICT13,BLISTER
PYRA-SAC,3/1/2025,HEALTH CENTER,143,1615,252,682,432,0,70,,1,DISTRICT13,SACHET
SP,10/1/2025,HEALTH CENTER,1273,625,,,,531,85,95,1000,DISTRICT3,TABLET
ACT-SC,6/1/2025,HEALTH CENTER,852,30,,,,0,-183,,30,DISTRICT32,BLISTER
ACT-GC,8/1/2024,HEALTH CENTER,,5,168,236,,529,-87,123,30,DISTRICT6,BLISTER
PYRA-COMP,12/1/2024,HEALTH CENTER,627,904,288,1193,1427,0,-28,183,1,DISTRICT9,TABLET
PYRA-COMP,7/1/2024,HEALTH CENTER,451,,120,441,633,0,-754,59,1,DISTRICT26,TABLET
PYRA-COMP,6/1/2024,HEALTH CENTER,84,2,12,,,0,-10,5,1,DISTRICT18,TABLET
SP,7/1/2024,HEALTH CENTER,242,,19,,,,-573,,1000,DISTRICT4,TABLET
ACT-AD,9/1/2024,HEALTH CENTER,604,14,,249,924,0,182,2,30,DISTRICT15,BLISTER
ART-INJ,7/1/2024,HEALTH CENTER,,,102,,,65,-110,98,5,DISTRICT17,VIAL
PYRA-SAC,11/1/2024,HEALTH CENTER,43,,49,,,0,-574,,1,DISTRICT20,SACHET
SP,11/1/2025,HEALTH CENTER,72,0,17,72,,0,-154,0,1000,DISTRICT28,TABLET
PYRA-SAC,10/1/2025,HEALTH CENTER,1301,45,275,1393,505,5252,237,556,1,DISTRICT15,SACHET
ART-SUP,8/1/2025,HEALTH CENTER,1157,30,,,,7,34,,2,DISTRICT9,CAPSULE
PYRA-COMP,12/1/2023,HEALTH CENTER,1109,75,99,813,,0,-636,,1,DISTRICT15,TABLET
ITN,7/1/2025,HEALTH CENTER,153,,,1213,264,184,-326,60,50,DISTRICT28,PIECE
SP,7/1/2025,HEALTH CENTER,,99,,1261,,,608,563,1000,DISTRICT30,TABLET
ACT-SC,7/1/2024,HEALTH CENTER,468,7,144,1087,,,-138,,30,DISTRICT8,BLISTER
ACT-INF,5/1/2025,HEALTH CENTER,,20,,2672,974,731,437,533,30,DISTRICT33,BLISTER
ACT-INF,8/1/2025,HEALTH CENTER,1574,3,,,,0,463,97,30,DISTRICT15,BLISTER
PYRA-SAC,10/1/2024,HEALTH CENTER,10343,774,,11459,,8335,277,3927,1,DISTRICT13,SACHET
ART-SUP,1/1/2024,HEALTH CENTER,862,10,,,,17,449,,2,DISTRICT29,CAPSULE
QUIN,7/1/2025,HEALTH CENTER,60,0,16,,935,0,15,2,1000,DISTRICT29,TABLET
ACT-AD,4/1/2024,HEALTH CENTER,,2,,1701,,0,-380,212,30,DISTRICT25,BLISTER
ACT-INF,7/1/2024,HEALTH CENTER,1272,,17,492,,597,447,13,30,DISTRICT9,BLISTER
QUIN,12/1/2023,HEALTH CENTER,1678,3,,422,,,280,,1000,DISTRICT2,TABLET
ART-INJ,8/1/2024,HEALTH CENTER,,1,475,2886,1530,170,-415,,5,DISTRICT13,VIAL
ACT-INF,8/1/2025,HEALTH CENTER,1170,,,,,8093,-519,897,30,DISTRICT8,BLISTER
ITN,1/1/2024,HEALTH CENTER,195,318,,,,,-160,22,50,DISTRICT18,PIECE
ACT-SC,12/1/2023,HEALTH CENTER,817,3,,395,310,,-75,179,30,DISTRICT16,BLISTER
ACT-INF,8/1/2025,HEALTH CENTER,,345,20,128,,0,-360,5,30,DISTRICT5,BLISTER
ACT-SC,5/1/2025,HEALTH CENTER,1320,561,444,1648,327,51,243,,30,DISTRICT20,BLISTER
QUIN,11/1/2024,HEALTH CENTER,659,,433,2911,,1638,349,748,1000,DISTRICT9,TABLET
SP,12/1/2023,REGIONAL HOSPITAL,75,0,35,169,,0,118,7,1000,DISTRICT16,TABLET
ART-INJ,8/1/2024,HEALTH CENTER,2971,214,,,,0,27,,5,DISTRICT13,VIAL
ACT-GC,3/1/2025,HEALTH CENTER,,0,,245,1084,20,-11,,30,DISTRICT15,BLISTER
ACT-SC,5/1/2025,HEALTH CENTER,,,573,4134,,0,-172,,30,DISTRICT10,BLISTER
ART-SUP,10/1/2025,HEALTH CENTER,101,0,14,,884,182,259,,2,DISTRICT33,CAPSULE
ART-SUP,6/1/2024,HEALTH CENTER,,,37,190,,0,-361,17,2,DISTRICT2,CAPSULE
ACT-SC,4/1/2025,DISTRICT HOSPITAL,2440,,,115,,723,-660,89,30,DISTRICT35,BLISTER
ACT-INF,3/1/2024,HEALTH CENTER,,,,1166,,4,361,402,30,DISTRICT31,BLISTER
ACT-INF,1/1/2025,HEALTH CENTER,,16,691,,,169,-238,,30,DISTRICT26,BLISTER
ACT-GC,4/1/2024,HEALTH CENTER,2124,,591,2707,,85,300,,30,DISTRICT26,BLISTER
RDT,7/1/2025,HEALTH CENTER,,1143,,,,7,280,,25,DISTRICT12,PIECE
ITN,2/1/2024,HEALTH CENTER,367,7,,232,452,0,-220,29,50,DISTRICT1,PIECE
RDT,8/1/2024,HEALTH CENTER,,5,,149,,0,441,0,25,DISTRICT29,PIECE
ACT-INF,12/1/2023,HEALTH CENTER,1201,0,161,504,,610,-222,80,30,DISTRICT20,BLISTER
SP,9/1/2025,HEALTH CENTER,87,291,190,,1189,79,-415,24,1000,DISTRICT31,TABLET
ACT-INF,9/1/2025,HEALTH CENTER,2564,570,372,3557,,0,-264,120,30,DISTRICT21,BLISTER
ACT-SC,5/1/2025,HEALTH CENTER,338,61,35,58,750,37,760,7,30,DISTRICT35,BLISTER
SP,9/1/2025,HEALTH CENTER,5165,0,593,,305,,-140,406,1000,DISTRICT15,TABLET
ACT-INF,8/1/2024,HEALTH CENTER,420,24,526,647,,715,521,655,30,DISTRICT26,BLISTER
ACT-SC,6/1/2025,HEALTH CENTER,4555,,,2100,362,55,-670,,30,DISTRICT29,BLISTER
ART-INJ,8/1/2025,HEALTH CENTER,7,3,,,,,-381,25,5,DISTRICT31,VIAL
ACT-GC,2/1/2025,HEALTH CENTER,289,1334,329,1097,,1575,381,561,30,DISTRICT15,BLISTER
RDT,1/1/2024,HEALTH CENTER,13,0,,,,1578,135,18,25,DISTRICT31,PIECE
ART-INJ,3/1/2025,HEALTH CENTER,3135,7,,,,,-349,,5,DISTRICT28,VIAL
QUIN,12/1/2023,HEALTH CENTER,860,12,101,1237,,,109,,1000,DISTRICT26,TABLET
ART-SUP,6/1/2024,HEALTH CENTER,,204,172,,,2354,-240,20,2,DISTRICT28,CAPSULE
QUIN,11/1/2024,HEALTH CENTER,4,0,,5,,2,416,0,1000,DISTRICT9,TABLET
QUIN,11/1/2025,HEALTH CENTER,,,565,1440,,1177,530,,1000,DISTRICT28,TABLET
ACT-GC,3/1/2024,HEALTH CENTER,12,,,,,6,85,10,30,DISTRICT30,BLISTER
ART-SUP,8/1/2024,HEALTH CENTER,817,718,1235,,,365,334,712,2,DISTRICT28,CAPSULE
ITN,1/1/2025,HEALTH CENTER,482,,58,35,,99,185,61,50,DISTRICT33,PIECE
ACT-INF,6/1/2024,HEALTH CENTER,303,0,4,25,,152,-205,1,30,DISTRICT19,BLISTER
ART-INJ,4/1/2024,HEALTH CENTER,2015,,,4878,681,3,340,,5,DISTRICT36,VIAL
QUIN,5/1/2025,HEALTH CENTER,360,,449,,,20,714,,1000,DISTRICT29,TABLET
ART-SUP,9/1/2024,HEALTH CENTER,15,543,2,171,1089,0,706,9,2,DISTRICT31,CAPSULE
ITN,7/1/2024,HEALTH CENTER,1994,,,2556,,0,179,,50,DISTRICT1,PIECE
ART-SUP,6/1/2025,HEALTH CENTER,,204,,184,,6,250,50,2,DISTRICT35,CAPSULE
ACT-INF,7/1/2024,HEALTH CENTER,,,,339,,0,79,37,30,DISTRICT23,BLISTER
SP,6/1/2025,HEALTH CENTER,38,,16,,,0,-152,4,1000,DISTRICT9,TABLET
ITN,5/1/2024,HEALTH CENTER,234,0,31,122,,0,-416,1,50,DISTRICT20,PIECE
ACT-AD,3/1/2024,HEALTH CENTER,,395,,4075,446,1219,424,,30,DISTRICT11,BLISTER
ITN,5/1/2025,HEALTH CENTER,,6,118,429,,1,247,81,50,DISTRICT26,PIECE
ART-SUP,11/1/2024,HEALTH CENTER,773,1525,728,3252,,0,46,832,2,DISTRICT29,CAPSULE
ACT-GC,11/1/2024,HEALTH CENTER,74,15,79,,739,108,362,44,30,DISTRICT23,BLISTER
QUIN,4/1/2024,HEALTH CENTER,,,870,3478,,,307,,1000,DISTRICT16,TABLET
RDT,10/1/2024,HEALTH CENTER,718,,378,,386,58,-870,500,25,DISTRICT9,PIECE
SP,6/1/2024,HEALTH CENTER,0,,,8,,0,47,,1000,DISTRICT36,TABLET
ART-INJ,4/1/2025,HEALTH CENTER,2569,2,331,3347,,401,-347,,5,DISTRICT24,VIAL
ART-SUP,4/1/2025,HEALTH CENTER,2279,0,,,,0,460,10,2,DISTRICT29,CAPSULE
RDT,8/1/2024,HEALTH CENTER,,35,18,9,,0,439,23,25,DISTRICT16,PIECE
ART-SUP,6/1/2025,DISTRICT HOSPITAL,3557,124,936,,,2202,190,1188,2,DISTRICT31,CAPSULE
ART-SUP,12/1/2024,REGIONAL HOSPITAL,698,59,,898,676,0,34,52,2,DISTRICT29,CAPSULE
ART-INJ,2/1/2025,HEALTH CENTER,82,44,135,82,,2,33,121,5,DISTRICT10,VIAL
RDT,2/1/2024,HEALTH CENTER,,,269,64,268,,-383,103,25,DISTRICT31,PIECE
ACT-AD,7/1/2024,HEALTH CENTER,83,,11,106,,,-377,15,30,DISTRICT9,BLISTER
ACT-INF,1/1/2025,HEALTH CENTER,1299,,142,1153,800,,-447,64,30,DISTRICT1,BLISTER
ART-SUP,6/1/2025,HEALTH CENTER,,0,4,,,3679,-574,11,2,DISTRICT11,CAPSULE
PYRA-SAC,10/1/2024,HEALTH CENTER,,733,34,24,,,977,43,1,DISTRICT25,SACHET
ACT-GC,1/1/2025,DISTRICT HOSPITAL,,0,962,1170,,,343,775,30,DISTRICT20,BLISTER
PYRA-SAC,9/1/2024,HEALTH CENTER,,,7,495,,0,13,0,1,DISTRICT9,SACHET
RDT,3/1/2025,HEALTH CENTER,5,,,1,,1,-273,,25,DISTRICT32,PIECE
ITN,1/1/2024,HEALTH CENTER,2300,,180,998,,6711,185,,50,DISTRICT14,PIECE
ART-SUP,10/1/2024,HEALTH CENTER,,98,,48,,13,-117,110,2,DISTRICT8,CAPSULE
PYRA-COMP,1/1/2024,HEALTH CENTER,1147,71,87,1014,400,0,156,,1,DISTRICT3,TABLET
ITN,5/1/2024,HEALTH CENTER,,490,339,,712,149,535,72,50,DISTRICT16,PIECE
ITN,11/1/2025,HEALTH CENTER,148,96,,437,,,791,,50,DISTRICT1,PIECE
ART-INJ,8/1/2024,HEALTH CENTER,2566,188,604,,,664,-401,375,5,DISTRICT29,VIAL
RDT,5/1/2025,HEALTH CENTER,,,1258,4490,,5233,-161,1074,25,DISTRICT37,PIECE
QUIN,9/1/2025,HEALTH CENTER,4257,,1554,894,,2412,-390,,1000,DISTRICT13,TABLET
ACT-GC,1/1/2024,HEALTH CENTER,,,,,,726,-5,,30,DISTRICT5,BLISTER
PYRA-SAC,6/1/2025,HEALTH CENTER,2146,0,,822,522,44,-160,159,1,DISTRICT37,SACHET
RDT,10/1/2025,REGIONAL HOSPITAL,1979,,359,3549,,0,244,603,25,DISTRICT31,PIECE
RDT,8/1/2024,HEALTH CENTER,433,0,64,,,75,747,,25,DISTRICT33,PIECE
ACT-AD,4/1/2025,HEALTH CENTER,620,0,191,,,3,317,151,30,DISTRICT32,BLISTER
PYRA-COMP,6/1/2025,HEALTH CENTER,,503,621,4036,,383,246,745,1,DISTRICT14,TABLET
ITN,8/1/2025,HEALTH CENTER,,,1,12,,920,36,2,50,DISTRICT32,PIECE
RDT,2/1/2024,HEALTH CENTER,594,0,167,1453,,76,-335,,25,DISTRICT20,PIECE
ART-INJ,1/1/2024,HEALTH CENTER,5560,317,,,284,13964,-66,1367,5,DISTRICT9,VIAL
RDT,3/1/2024,HEALTH CENTER,578,7,,200,1181,,-524,,25,DISTRICT30,PIECE
RDT,4/1/2025,HEALTH CENTER,719,0,,366,,616,-190,,25,DISTRICT37,PIECE
ACT-SC,3/1/2025,HEALTH CENTER,49,0,,178,,2066,-518,,30,DISTRICT37,BLISTER
ART-INJ,2/1/2025,HEALTH CENTER,1043,310,182,2602,,5,83,,5,DISTRICT23,VIAL
ACT-INF,12/1/2023,DISTRICT HOSPITAL,494,,155,597,,50,-264,41,30,DISTRICT13,BLISTER
ART-INJ,3/1/2024,HEALTH CENTER,,0,278,,,229,-850,290,5,DISTRICT9,VIAL
RDT,11/1/2024,HEALTH CENTER,,21,173,,,420,1115,88,25,DISTRICT13,PIECE
PYRA-SAC,9/1/2024,REGIONAL HOSPITAL,,4,13,,,179,-376,,1,DISTRICT10,SACHET
RDT,11/1/2025,HEALTH CENTER,165,251,,225,,131,168,,25,DISTRICT5,PIECE
QUIN,9/1/2025,HEALTH CENTER,,1,,3477,,1,293,187,1000,DISTRICT28,TABLET
PYRA-COMP,10/1/2024,HEALTH CENTER,2838,,,1810,,732,-447,,1,DISTRICT12,TABLET
PYRA-SAC,9/1/2025,HEALTH CENTER,,35,355,1952,58,,836,,1,DISTRICT1,SACHET
ACT-AD,4/1/2024,HEALTH CENTER,23,107,,,,0,896,6,30,DISTRICT23,BLISTER
ART-INJ,4/1/2024,HEALTH CENTER,1284,5,91,557,568,21,211,126,5,DISTRICT37,VIAL
PYRA-COMP,9/1/2025,HEALTH CENTER,309,,214,,,,-167,51,1,DISTRICT6,TABLET
SP,4/1/2024,HEALTH CENTER,,4,524,1120,,27,-3,,1000,DISTRICT14,TABLET
RDT,2/1/2024,HEALTH CENTER,,13,612,2022,343,0,741,695,25,DISTRICT20,PIECE
ART-SUP,3/1/2025,HEALTH CENTER,7,48,17,139,,0,80,14,2,DISTRICT37,CAPSULE
QUIN,2/1/2025,HEALTH CENTER,853,64,180,781,,,-71,84,1000,DISTRICT19,TABLET
PYRA-SAC,12/1/2024,HEALTH CENTER,466,27,353,2081,,735,-230,120,1,DISTRICT22,SACHET
ART-INJ,12/1/2023,HEALTH CENTER,380,851,,813,,0,-732,37,5,DISTRICT9,VIAL
ACT-INF,2/1/2024,HEALTH CENTER,692,2,23,1650,,,-570,2,30,DISTRICT15,BLISTER
ACT-AD,9/1/2024,DISTRICT HOSPITAL,2602,94,,,,114,-179,107,30,DISTRICT3,BLISTER
ACT-AD,4/1/2025,HEALTH CENTER,1474,1675,1109,2268,,43,-32,,30,DISTRICT25,BLISTER
SP,9/1/2025,HEALTH CENTER,,6,194,2087,910,0,494,123,1000,DISTRICT33,TABLET
QUIN,3/1/2024,HEALTH CENTER,,,,,1533,50,581,38,1000,DISTRICT13,TABLET
ACT-INF,5/1/2025,HEALTH CENTER,834,,262,,,1643,-725,228,30,DISTRICT4,BLISTER
ART-SUP,8/1/2024,HEALTH CENTER,4767,74,,,,3768,-154,,2,DISTRICT28,CAPSULE
ART-INJ,8/1/2024,HEALTH CENTER,3506,98,,3856,,63,-631,916,5,DISTRICT21,VIAL
SP,8/1/2024,HEALTH CENTER,912,106,230,,,0,118,187,1000,DISTRICT28,TABLET
PYRA-COMP,6/1/2025,HEALTH CENTER,1182,1434,799,1489,,9218,-130,544,1,DISTRICT1,TABLET
PYRA-COMP,6/1/2025,HEALTH CENTER,,274,,2945,,37,3,,1,DISTRICT16,TABLET
ACT-AD,6/1/2025,HEALTH CENTER,537,,94,1699,,,-590,207,30,DISTRICT13,BLISTER
RDT,1/1/2025,HEALTH CENTER,3651,,468,2994,,587,204,,25,DISTRICT30,PIECE
RDT,3/1/2024,HEALTH CENTER,165,,274,,,0,-406,103,25,DISTRICT4,PIECE
RDT,6/1/2025,HEALTH CENTER,484,517,,,,4,-782,,25,DISTRICT32,PIECE
QUIN,11/1/2024,HEALTH CENTER,1471,0,365,957,,124,-160,,1000,DISTRICT3,TABLET
PYRA-COMP,4/1/2025,HEALTH CENTER,709,0,163,586,562,0,20,57,1,DISTRICT37,TABLET
ACT-GC,8/1/2024,HEALTH CENTER,,0,,19,538,,367,,30,DISTRICT33,BLISTER
PYRA-SAC,9/1/2025,HEALTH CENTER,376,9,24,,,0,-168,11,1,DISTRICT32,SACHET
RDT,8/1/2024,HEALTH CENTER,,0,53,657,393,,-239,5,25,DISTRICT23,PIECE
ACT-AD,7/1/2025,HEALTH CENTER,1357,0,24,1131,,,85,,30,DISTRICT33,BLISTER
ART-SUP,11/1/2025,HEALTH CENTER,849,1055,1391,2210,,8,-5,,2,DISTRICT25,CAPSULE
ACT-GC,6/1/2024,HEALTH CENTER,503,,28,780,,,-159,,30,DISTRICT36,BLISTER
ART-INJ,12/1/2024,HEALTH CENTER,,409,1001,4129,,20,-745,381,5,DISTRICT24,VIAL
SP,10/1/2025,HEALTH CENTER,202,0,,,,168,170,3,1000,DISTRICT28,TABLET
SP,8/1/2024,HEALTH CENTER,149,222,79,,,16,171,26,1000,DISTRICT9,TABLET
ACT-SC,10/1/2025,HEALTH CENTER,45,0,50,,,543,-268,54,30,DISTRICT8,BLISTER
ART-SUP,1/1/2024,DISTRICT HOSPITAL,1753,11,,,,324,-20,,2,DISTRICT36,CAPSULE
ACT-SC,10/1/2024,HEALTH CENTER,,120,580,4540,,0,161,374,30,DISTRICT31,BLISTER
RDT,8/1/2025,HEALTH CENTER,318,0,,511,,0,522,,25,DISTRICT17,PIECE
QUIN,3/1/2024,DISTRICT HOSPITAL,5789,0,,2520,,,-703,,1000,DISTRICT3,TABLET
ART-SUP,3/1/2025,HEALTH CENTER,4025,76,728,2509,767,2337,202,,2,DISTRICT33,CAPSULE
ART-INJ,6/1/2025,HEALTH CENTER,,1475,744,,,639,149,1192,5,DISTRICT25,VIAL
SP,12/1/2024,HEALTH CENTER,68,0,170,14,,9841,783,129,1000,DISTRICT30,TABLET
ACT-AD,10/1/2025,HEALTH CENTER,79,,,127,296,,-132,,30,DISTRICT28,BLISTER
ACT-AD,11/1/2025,DISTRICT HOSPITAL,208,457,142,,,431,685,,30,DISTRICT38,BLISTER
SP,6/1/2024,HEALTH CENTER,1867,,700,1151,,2317,-16,,1000,DISTRICT16,TABLET
PYRA-COMP,11/1/2025,HEALTH CENTER,,,428,728,,1541,878,704,1,DISTRICT19,TABLET
RDT,7/1/2024,HEALTH CENTER,1011,0,118,,540,,-379,113,25,DISTRICT20,PIECE
QUIN,8/1/2024,HEALTH CENTER,,239,,793,,0,-214,31,1000,DISTRICT30,TABLET
ART-SUP,3/1/2025,HEALTH CENTER,1,197,,13,,923,-476,8,2,DISTRICT35,CAPSULE
PYRA-COMP,10/1/2025,HEALTH CENTER,1729,,,,,288,-537,101,1,DISTRICT20,TABLET
ACT-INF,12/1/2023,HEALTH CENTER,338,0,431,380,,,-188,,30,DISTRICT23,BLISTER
PYRA-SAC,2/1/2025,HEALTH CENTER,,,,123,338,1,-1020,10,1,DISTRICT26,SACHET
ITN,4/1/2024,HEALTH CENTER,53,1620,160,,,0,-275,15,50,DISTRICT16,PIECE
SP,12/1/2024,HEALTH CENTER,1001,,873,,,612,47,519,1000,DISTRICT28,TABLET
QUIN,2/1/2025,HEALTH CENTER,260,180,437,,,17,201,287,1000,DISTRICT10,TABLET
ITN,8/1/2025,HEALTH CENTER,486,110,,,437,8,-590,306,50,DISTRICT8,PIECE
RDT,2/1/2024,HEALTH CENTER,21,7,,94,,3,-702,6,25,DISTRICT27,PIECE
RDT,3/1/2024,HEALTH CENTER,,1,454,520,,30,-4,826,25,DISTRICT9,PIECE
SP,1/1/2024,HEALTH CENTER,,2,88,66,,121,-105,,1000,DISTRICT24,TABLET
ACT-AD,6/1/2024,HEALTH CENTER,417,0,,116,,0,226,17,30,DISTRICT20,BLISTER
PYRA-COMP,10/1/2024,HEALTH CENTER,,780,,55,,412,489,,1,DISTRICT27,TABLET
PYRA-COMP,6/1/2024,HEALTH CENTER,,6,315,,,5,533,301,1,DISTRICT28,TABLET
ART-SUP,6/1/2024,HEALTH CENTER,,84,52,523,,110,-165,8,2,DISTRICT13,CAPSULE
ART-INJ,3/1/2025,HEALTH CENTER,,,168,1941,898,,-424,202,5,DISTRICT15,VIAL
SP,7/1/2025,HEALTH CENTER,,13,,459,647,0,-332,,1000,DISTRICT19,TABLET
PYRA-SAC,10/1/2025,HEALTH CENTER,36,,5,462,,,13,24,1,DISTRICT33,SACHET
ACT-AD,1/1/2025,HEALTH CENTER,1987,0,272,,,26,-183,75,30,DISTRICT23,BLISTER
SP,9/1/2025,HEALTH CENTER,2376,,391,3130,,,-711,,1000,DISTRICT21,TABLET
PYRA-SAC,10/1/2024,HEALTH CENTER,1385,3,,,,,185,,1,DISTRICT5,SACHET
QUIN,12/1/2024,HEALTH CENTER,,,,,,1545,-16,173,1000,DISTRICT1,TABLET
PYRA-SAC,8/1/2024,HEALTH CENTER,6854,,,9136,,3,238,1338,1,DISTRICT30,SACHET
ART-INJ,2/1/2025,HEALTH CENTER,424,109,42,,,,-319,7,5,DISTRICT8,VIAL
PYRA-COMP,6/1/2025,HEALTH CENTER,3045,2633,1033,3559,,1930,16,482,1,DISTRICT33,TABLET
SP,3/1/2025,HEALTH CENTER,200,,165,811,,562,-711,,1000,DISTRICT5,TABLET
ART-INJ,12/1/2024,HEALTH CENTER,74,17,51,,,0,439,,5,DISTRICT4,VIAL
PYRA-SAC,2/1/2025,HEALTH CENTER,,,,633,,6,-221,83,1,DISTRICT8,SACHET
ART-SUP,4/1/2024,HEALTH CENTER,1,,20,2,,123,594,20,2,DISTRICT25,CAPSULE
SP,11/1/2024,DISTRICT HOSPITAL,1838,,580,1196,,0,298,224,1000,DISTRICT7,TABLET
ACT-SC,7/1/2024,HEALTH CENTER,123,,,499,551,84,632,9,30,DISTRICT4,BLISTER
ACT-INF,3/1/2025,DISTRICT HOSPITAL,868,1,,1361,,,510,134,30,DISTRICT13,BLISTER
PYRA-COMP,10/1/2024,REGIONAL HOSPITAL,1568,,100,,,1013,-308,,1,DISTRICT35,TABLET
ACT-INF,8/1/2025,HEALTH CENTER,1296,61,,483,,791,253,735,30,DISTRICT1,BLISTER
ACT-SC,8/1/2025,HEALTH CENTER,,0,,746,,396,-304,21,30,DISTRICT29,BLISTER
ACT-INF,2/1/2025,DISTRICT HOSPITAL,1796,60,,1477,678,166,-122,411,30,DISTRICT5,BLISTER
ART-SUP,8/1/2024,HEALTH CENTER,119,50,45,321,1040,332,104,12,2,DISTRICT25,CAPSULE
QUIN,5/1/2025,HEALTH CENTER,2968,0,509,1399,475,,-172,,1000,DISTRICT23,TABLET
PYRA-COMP,2/1/2025,HEALTH CENTER,,479,,499,642,153,-154,,1,DISTRICT3,TABLET
QUIN,12/1/2024,REGIONAL HOSPITAL,,0,12,4,,,-540,26,1000,DISTRICT8,TABLET
ACT-AD,12/1/2023,DISTRICT HOSPITAL,,27,,1187,1409,149,-24,359,30,DISTRICT15,BLISTER
RDT,10/1/2024,HEALTH CENTER,1221,0,,,,0,206,18,25,DISTRICT20,PIECE
ART-INJ,11/1/2025,HEALTH CENTER,47,125,38,84,,0,-515,,5,DISTRICT29,VIAL
ITN,9/1/2025,HEALTH CENTER,,50,255,,1091,0,273,73,50,DISTRICT37,PIECE
QUIN,3/1/2024,HEALTH CENTER,763,0,,168,,266,-42,,1000,DISTRICT37,TABLET
ACT-INF,1/1/2024,HEALTH CENTER,,,,318,271,1942,338,458,30,DISTRICT20,BLISTER
ITN,5/1/2025,HEALTH CENTER,325,,,497,1239,54,-283,,50,DISTRICT28,PIECE
ITN,12/1/2024,HEALTH CENTER,1,0,8,7,,0,527,2,50,DISTRICT20,PIECE
PYRA-COMP,10/1/2024,HEALTH CENTER,,1630,784,3104,,72,-201,,1,DISTRICT28,TABLET
ACT-GC,4/1/2024,HEALTH CENTER,604,0,231,315,403,925,-197,158,30,DISTRICT36,BLISTER
SP,7/1/2024,HEALTH CENTER,,0,30,,,8,89,,1000,DISTRICT36,TABLET
ACT-SC,11/1/2025,HEALTH CENTER,,245,70,154,1127,0,-363,21,30,DISTRICT7,BLISTER
QUIN,1/1/2024,HEALTH CENTER,,0,85,28,,442,-161,,1000,DISTRICT16,TABLET
PYRA-COMP,10/1/2024,HEALTH CENTER,163,337,,,,116,-127,89,1,DISTRICT10,TABLET
ACT-AD,12/1/2023,HEALTH CENTER,100,9,9,529,,,30,1,30,DISTRICT26,BLISTER
PYRA-COMP,11/1/2025,HEALTH CENTER,,90,140,361,1142,106,-269,123,1,DISTRICT12,TABLET
ART-INJ,8/1/2025,HEALTH CENTER,2001,463,286,930,,,-228,417,5,DISTRICT29,VIAL
ITN,6/1/2024,HEALTH CENTER,413,,,,,0,-601,115,50,DISTRICT24,PIECE
ART-INJ,9/1/2024,HEALTH CENTER,1127,200,362,,,,-168,342,5,DISTRICT36,VIAL
SP,2/1/2024,HEALTH CENTER,391,32,,154,1308,,459,25,1000,DISTRICT26,TABLET
ACT-INF,8/1/2024,HEALTH CENTER,240,0,93,59,109,0,142,,30,DISTRICT10,BLISTER
PYRA-COMP,3/1/2024,HEALTH CENTER,,12,621,,,140,76,232,1,DISTRICT17,TABLET
PYRA-COMP,4/1/2024,HEALTH CENTER,,581,,,,39,-451,451,1,DISTRICT28,TABLET
PYRA-COMP,10/1/2025,HEALTH CENTER,1862,,,,,60,-103,20,1,DISTRICT28,TABLET
SP,6/1/2024,DISTRICT HOSPITAL,777,3,139,922,,,-809,22,1000,DISTRICT30,TABLET
QUIN,6/1/2024,HEALTH CENTER,781,7,239,1332,,0,146,,1000,DISTRICT23,TABLET
QUIN,3/1/2024,HEALTH CENTER,276,2,,,284,355,589,,1000,DISTRICT36,TABLET
ART-INJ,3/1/2025,HEALTH CENTER,3067,,1042,2145,,,368,699,5,DISTRICT18,VIAL
ACT-INF,2/1/2025,HEALTH CENTER,508,474,,,,,79,,30,DISTRICT17,BLISTER
RDT,4/1/2024,HEALTH CENTER,369,501,171,,,,-854,185,25,DISTRICT1,PIECE
ITN,6/1/2025,HEALTH CENTER,,4,146,544,2254,7499,205,,50,DISTRICT35,PIECE
ACT-SC,6/1/2024,HEALTH CENTER,335,5,35,179,858,12,438,60,30,DISTRICT35,BLISTER
ITN,4/1/2025,HEALTH CENTER,565,1,46,623,,0,322,23,50,DISTRICT33,PIECE
ACT-INF,7/1/2025,HEALTH CENTER,2691,,361,,555,1,35,63,30,DISTRICT15,BLISTER
ACT-SC,6/1/2025,HEALTH CENTER,570,0,112,,251,1505,686,29,30,DISTRICT29,BLISTER
PYRA-SAC,4/1/2025,HEALTH CENTER,673,9,171,,,,-62,,1,DISTRICT29,SACHET
SP,5/1/2025,HEALTH CENTER,,2,7,,,148,151,,1000,DISTRICT20,TABLET
ITN,1/1/2025,HEALTH CENTER,20,3,102,102,384,57,-739,,50,DISTRICT25,PIECE
RDT,9/1/2025,HEALTH CENTER,1821,,179,992,1611,474,362,325,25,DISTRICT28,PIECE
ACT-INF,1/1/2025,HEALTH CENTER,17,0,7,83,,0,152,,30,DISTRICT3,BLISTER
PYRA-COMP,7/1/2025,HEALTH CENTER,126,6,,98,,1616,81,,1,DISTRICT11,TABLET
SP,12/1/2024,HEALTH CENTER,38,31,23,24,,0,20,48,1000,DISTRICT13,TABLET
ART-INJ,2/1/2025,REGIONAL HOSPITAL,1197,686,,2478,,163,-109,290,5,DISTRICT9,VIAL
ART-SUP,7/1/2025,HEALTH CENTER,1072,0,393,571,578,,58,,2,DISTRICT4,CAPSULE
ART-SUP,3/1/2024,HEALTH CENTER,,,,,,19,-4,76,2,DISTRICT21,CAPSULE
ITN,12/1/2024,HEALTH CENTER,1956,498,,2946,,480,101,592,50,DISTRICT25,PIECE
ACT-SC,12/1/2023,HEALTH CENTER,,420,50,536,226,0,-100,58,30,DISTRICT1,BLISTER
RDT,3/1/2025,HEALTH CENTER,1945,362,60,707,,8,591,129,25,DISTRICT19,PIECE
ACT-SC,2/1/2024,HEALTH CENTER,1594,,311,2725,,0,1012,199,30,DISTRICT22,BLISTER
PYRA-COMP,2/1/2024,HEALTH CENTER,923,3,123,174,,837,661,,1,DISTRICT17,TABLET
ACT-SC,1/1/2025,HEALTH CENTER,,538,1020,,2364,104,306,,30,DISTRICT28,BLISTER
ACT-SC,3/1/2025,REGIONAL HOSPITAL,494,303,146,1301,1457,0,588,169,30,DISTRICT17,BLISTER
ACT-SC,4/1/2024,DISTRICT HOSPITAL,956,,340,452,,10,-364,,30,DISTRICT29,BLISTER
PYRA-COMP,10/1/2024,HEALTH CENTER,5991,34,1452,,,13198,-599,1565,1,DISTRICT23,TABLET
ART-SUP,3/1/2024,HEALTH CENTER,583,,19,,,,174,3,2,DISTRICT28,CAPSULE
ACT-INF,6/1/2025,HEALTH CENTER,4416,19,671,3609,,0,458,796,30,DISTRICT19,BLISTER
QUIN,4/1/2025,DISTRICT HOSPITAL,235,26,191,649,914,137,587,193,1000,DISTRICT25,TABLET
PYRA-SAC,2/1/2024,HEALTH CENTER,974,0,,160,778,,-33,,1,DISTRICT25,SACHET
ACT-GC,8/1/2024,REGIONAL HOSPITAL,,,426,1407,705,1454,-278,553,30,DISTRICT11,BLISTER
ACT-GC,3/1/2025,HEALTH CENTER,10,,75,1,,,-255,9,30,DISTRICT24,BLISTER
ACT-INF,2/1/2024,HEALTH CENTER,2233,14,,,1747,1413,162,482,30,DISTRICT25,BLISTER
PYRA-COMP,9/1/2024,HEALTH CENTER,387,2,71,322,499,1,-288,256,1,DISTRICT2,TABLET
QUIN,4/1/2024,HEALTH CENTER,152,6,,537,,0,-859,,1000,DISTRICT3,TABLET
ACT-AD,9/1/2025,HEALTH CENTER,1551,,78,,,242,-729,,30,DISTRICT38,BLISTER
ACT-GC,4/1/2024,HEALTH CENTER,,1,11,,,0,258,0,30,DISTRICT5,BLISTER
ART-SUP,5/1/2025,HEALTH CENTER,1593,0,,1133,,1241,-278,309,2,DISTRICT15,CAPSULE
ACT-GC,4/1/2024,HEALTH CENTER,,7,432,,462,7,-261,,30,DISTRICT12,BLISTER
ACT-GC,7/1/2025,HEALTH CENTER,,48,387,,,1536,360,299,30,DISTRICT33,BLISTER
PYRA-SAC,9/1/2025,HEALTH CENTER,845,569,,3636,,,719,,1,DISTRICT25,SACHET
PYRA-COMP,12/1/2024,HEALTH CENTER,948,,384,2004,,1090,-211,530,1,DISTRICT22,TABLET
ITN,8/1/2024,HEALTH CENTER,2127,121,175,1991,,0,141,139,50,DISTRICT24,PIECE
ART-SUP,4/1/2025,HEALTH CENTER,530,,,564,,2,53,15,2,DISTRICT21,CAPSULE
ACT-GC,6/1/2024,HEALTH CENTER,186,,156,683,,5,287,,30,DISTRICT3,BLISTER
ACT-GC,9/1/2025,HEALTH CENTER,,87,506,1407,,0,-387,,30,DISTRICT1,BLISTER
ACT-INF,6/1/2024,HEALTH CENTER,,0,,502,,1987,356,,30,DISTRICT35,BLISTER
PYRA-SAC,1/1/2024,HEALTH CENTER,2850,,869,3423,296,0,-741,1052,1,DISTRICT32,SACHET
ACT-SC,1/1/2024,HEALTH CENTER,4222,0,800,,,2450,-210,,30,DISTRICT25,BLISTER
PYRA-SAC,9/1/2025,HEALTH CENTER,,,,318,,100,59,22,1,DISTRICT32,SACHET
QUIN,4/1/2024,HEALTH CENTER,303,1,,787,,,-293,193,1000,DISTRICT18,TABLET
ACT-AD,8/1/2025,HEALTH CENTER,1347,,542,2017,,4381,443,378,30,DISTRICT25,BLISTER
ART-INJ,7/1/2024,HEALTH CENTER,,,,,,0,-257,145,5,DISTRICT38,VIAL
PYRA-COMP,4/1/2025,DISTRICT HOSPITAL,,,60,1139,,,-726,17,1,DISTRICT15,TABLET
ART-INJ,4/1/2024,HEALTH CENTER,,,479,1170,,239,212,520,5,DISTRICT1,VIAL
ACT-INF,12/1/2024,NATIONAL HOSPITAL,,31,228,,1862,4303,-449,159,30,DISTRICT10,BLISTER
PYRA-SAC,3/1/2025,HEALTH CENTER,3307,711,,,727,17,306,291,1,DISTRICT10,SACHET
ACT-AD,3/1/2025,HEALTH CENTER,222,1604,,,,637,-215,135,30,DISTRICT3,BLISTER
PYRA-COMP,11/1/2025,HEALTH CENTER,,0,211,,625,1389,-222,165,1,DISTRICT17,TABLET
ART-INJ,6/1/2024,HEALTH CENTER,,6,,482,,,-274,114,5,DISTRICT11,VIAL
SP,1/1/2025,HEALTH CENTER,492,0,132,90,,6521,-279,120,1000,DISTRICT32,TABLET
ACT-AD,6/1/2025,HEALTH CENTER,,,447,,,52,-324,,30,DISTRICT19,BLISTER
ACT-AD,5/1/2025,HEALTH CENTER,,1324,752,2026,1969,128,106,866,30,DISTRICT9,BLISTER
PYRA-SAC,1/1/2025,HEALTH CENTER,2609,1077,476,,,,-964,343,1,DISTRICT38,SACHET
ART-INJ,9/1/2024,HEALTH CENTER,,58,25,,,14,-896,,5,DISTRICT29,VIAL
ART-SUP,3/1/2025,HEALTH CENTER,,0,141,337,,1,808,139,2,DISTRICT25,CAPSULE
ART-INJ,12/1/2024,HEALTH CENTER,245,247,,225,,0,-593,,5,DISTRICT37,VIAL
ART-SUP,10/1/2024,HEALTH CENTER,2200,2660,,4275,,,-415,197,2,DISTRICT32,CAPSULE
RDT,1/1/2025,HEALTH CENTER,6,,1,12,198,0,73,,25,DISTRICT4,PIECE
ACT-GC,8/1/2025,HEALTH CENTER,0,,2,,,0,654,2,30,DISTRICT21,BLISTER
ART-SUP,8/1/2025,HEALTH CENTER,1205,0,,835,,0,-39,267,2,DISTRICT35,CAPSULE
PYRA-SAC,10/1/2025,HEALTH CENTER,1123,2154,178,2667,,592,-474,23,1,DISTRICT23,SACHET
ART-SUP,1/1/2024,HEALTH CENTER,308,,185,354,,1604,-413,,2,DISTRICT21,CAPSULE
ACT-INF,1/1/2024,HEALTH CENTER,1561,143,562,847,,4825,-665,659,30,DISTRICT1,BLISTER
PYRA-COMP,9/1/2025,HEALTH CENTER,1026,112,499,,,107,1000,,1,DISTRICT31,TABLET
PYRA-COMP,1/1/2025,HEALTH CENTER,8,1,17,,,2656,-426,29,1,DISTRICT19,TABLET
PYRA-SAC,10/1/2024,DISTRICT HOSPITAL,65,630,108,523,,55,-122,,1,DISTRICT35,SACHET
ART-INJ,2/1/2024,HEALTH CENTER,145,30,,163,,1,-62,,5,DISTRICT16,VIAL
ITN,2/1/2024,HEALTH CENTER,3216,12,116,2462,,62,93,53,50,DISTRICT25,PIECE
SP,9/1/2024,HEALTH CENTER,,,250,605,1591,2,-343,248,1000,DISTRICT36,TABLET
SP,9/1/2025,HEALTH CENTER,279,52,128,191,,,-598,16,1000,DISTRICT23,TABLET
PYRA-COMP,3/1/2025,HEALTH CENTER,682,0,157,1069,,3866,687,,1,DISTRICT21,TABLET
SP,6/1/2024,HEALTH CENTER,504,,138,,,4,182,,1000,DISTRICT33,TABLET
ITN,10/1/2024,HEALTH CENTER,,292,318,915,,8,-38,243,50,DISTRICT13,PIECE
RDT,1/1/2024,HEALTH CENTER,,1342,888,3400,,0,-476,478,25,DISTRICT31,PIECE
ACT-INF,3/1/2024,HEALTH CENTER,,14,,398,,8,-553,71,30,DISTRICT29,BLISTER
SP,2/1/2025,HEALTH CENTER,1985,4,,,,2167,-641,,1000,DISTRICT19,TABLET
ACT-GC,8/1/2024,DISTRICT HOSPITAL,834,,154,404,327,2672,-121,208,30,DISTRICT14,BLISTER
PYRA-SAC,5/1/2024,HEALTH CENTER,3625,896,747,3732,751,0,-124,253,1,DISTRICT32,SACHET
RDT,4/1/2025,HEALTH CENTER,1134,20,,,,9,-285,98,25,DISTRICT33,PIECE
ITN,10/1/2025,HEALTH CENTER,3154,,,2923,,,-92,,50,DISTRICT28,PIECE
PYRA-COMP,4/1/2024,HEALTH CENTER,1083,,470,4055,,,243,265,1,DISTRICT3,TABLET
PYRA-COMP,4/1/2025,HEALTH CENTER,423,0,131,247,,,319,13,1,DISTRICT14,TABLET
RDT,4/1/2024,HEALTH CENTER,,,,1109,,481,249,217,25,DISTRICT15,PIECE
ART-INJ,10/1/2024,HEALTH CENTER,,0,31,710,,788,-261,,5,DISTRICT25,VIAL
PYRA-SAC,4/1/2025,HEALTH CENTER,481,7,,489,,2,-355,,1,DISTRICT8,SACHET
ACT-INF,2/1/2025,HEALTH CENTER,877,1,310,,,3,182,179,30,DISTRICT38,BLISTER
ACT-INF,4/1/2025,HEALTH CENTER,1878,1,165,1295,,,-662,63,30,DISTRICT26,BLISTER
ACT-SC,7/1/2025,HEALTH CENTER,244,8,333,,,,916,490,30,DISTRICT9,BLISTER
ACT-AD,3/1/2025,HEALTH CENTER,1016,0,,544,,7,-130,267,30,DISTRICT29,BLISTER
PYRA-SAC,3/1/2024,REGIONAL HOSPITAL,412,0,28,231,,391,-401,2,1,DISTRICT28,SACHET
ACT-GC,3/1/2024,HEALTH CENTER,,309,602,,,1634,930,235,30,DISTRICT21,BLISTER
PYRA-SAC,5/1/2025,HEALTH CENTER,2371,,328,1181,345,0,-42,370,1,DISTRICT9,SACHET
ART-INJ,3/1/2025,HEALTH CENTER,2005,81,,2035,,15,-543,973,5,DISTRICT25,VIAL
PYRA-SAC,1/1/2024,HEALTH CENTER,,,,24,,1,-599,23,1,DISTRICT3,SACHET
QUIN,9/1/2024,HEALTH CENTER,2707,,220,2230,,,73,619,1000,DISTRICT9,TABLET
SP,9/1/2025,HEALTH CENTER,,,,,,214,143,,1000,DISTRICT24,TABLET
SP,9/1/2024,HEALTH CENTER,,6,,2222,,67,29,181,1000,DISTRICT4,TABLET
ACT-GC,10/1/2024,HEALTH CENTER,127,,27,,,35,-790,18,30,DISTRICT33,BLISTER
ACT-AD,4/1/2025,HEALTH CENTER,7272,,754,,,371,406,420,30,DISTRICT24,BLISTER
ACT-GC,7/1/2025,HEALTH CENTER,34,,,254,1078,51,357,23,30,DISTRICT9,BLISTER
ACT-AD,5/1/2024,HEALTH CENTER,2270,32,46,553,369,26,-205,20,30,DISTRICT19,BLISTER
PYRA-SAC,2/1/2024,DISTRICT HOSPITAL,248,1979,227,,,0,60,112,1,DISTRICT29,SACHET
QUIN,12/1/2024,HEALTH CENTER,834,0,,319,928,1338,309,22,1000,DISTRICT4,TABLET
PYRA-SAC,9/1/2025,HEALTH CENTER,,12,10,,,0,454,,1,DISTRICT28,SACHET
PYRA-COMP,2/1/2024,HEALTH CENTER,228,21,119,366,,53,43,85,1,DISTRICT35,TABLET
PYRA-SAC,5/1/2024,HEALTH CENTER,155,,62,86,828,1,-87,31,1,DISTRICT3,SACHET
ACT-GC,3/1/2025,REGIONAL HOSPITAL,,0,281,1108,,577,-457,217,30,DISTRICT28,BLISTER
QUIN,6/1/2025,HEALTH CENTER,827,,851,595,278,6180,-339,599,1000,DISTRICT13,TABLET
ART-INJ,3/1/2025,HEALTH CENTER,,0,257,683,,,-57,,5,DISTRICT1,VIAL
PYRA-COMP,8/1/2024,HEALTH CENTER,836,3,,1232,181,0,-552,106,1,DISTRICT13,TABLET
PYRA-COMP,7/1/2025,HEALTH CENTER,,17,,,,5,74,10,1,DISTRICT13,TABLET
ACT-INF,10/1/2025,HEALTH CENTER,6056,123,581,,,800,110,,30,DISTRICT36,BLISTER
PYRA-COMP,1/1/2024,HEALTH CENTER,744,0,,991,,829,-112,8,1,DISTRICT30,TABLET
ACT-INF,4/1/2024,HEALTH CENTER,,34,53,461,,0,-560,49,30,DISTRICT18,BLISTER
PYRA-SAC,12/1/2024,HEALTH CENTER,2165,5,114,788,560,1,-23,94,1,DISTRICT31,SACHET
ART-SUP,10/1/2025,HEALTH CENTER,,0,420,2883,210,48,502,35,2,DISTRICT19,CAPSULE
ACT-GC,1/1/2025,HEALTH CENTER,,1,,25,,0,-64,,30,DISTRICT13,BLISTER
ACT-AD,7/1/2024,HEALTH CENTER,1357,2,359,142,,6229,485,328,30,DISTRICT26,BLISTER
ACT-AD,12/1/2024,HEALTH CENTER,1033,4,,777,,,-263,,30,DISTRICT35,BLISTER
ACT-INF,10/1/2025,HEALTH CENTER,757,,,638,,16268,585,,30,DISTRICT9,BLISTER
ITN,2/1/2024,HEALTH CENTER,760,0,687,,,29,-180,407,50,DISTRICT20,PIECE
ACT-SC,7/1/2024,HEALTH CENTER,,5,95,185,,0,-101,16,30,DISTRICT19,BLISTER
RDT,6/1/2024,HEALTH CENTER,495,,943,,,2,1104,1104,25,DISTRICT9,PIECE
ACT-AD,7/1/2025,HEALTH CENTER,,1,425,518,,25,33,,30,DISTRICT3,BLISTER
RDT,1/1/2024,HEALTH CENTER,158,,45,40,,,240,3,25,DISTRICT37,PIECE
QUIN,8/1/2025,HEALTH CENTER,75,0,9,67,213,,-962,7,1000,DISTRICT27,TABLET
ART-SUP,7/1/2024,HEALTH CENTER,286,0,24,65,477,0,-190,6,2,DISTRICT17,CAPSULE
ACT-GC,9/1/2025,HEALTH CENTER,70,0,,,,89,-830,,30,DISTRICT9,BLISTER
ACT-AD,8/1/2024,DISTRICT HOSPITAL,34,1,22,6,,22,-7,,30,DISTRICT10,BLISTER
ITN,1/1/2024,HEALTH CENTER,1,,1,,,2075,-1186,0,50,DISTRICT29,PIECE
ART-INJ,9/1/2025,HEALTH CENTER,612,104,463,899,,4731,-262,785,5,DISTRICT20,VIAL
ACT-AD,6/1/2024,HEALTH CENTER,1199,,113,1048,,45,-863,88,30,DISTRICT37,BLISTER
ART-SUP,4/1/2025,HEALTH CENTER,3208,14,,2389,1171,,8,,2,DISTRICT38,CAPSULE
ART-SUP,4/1/2024,HEALTH CENTER,482,9,280,475,,352,-788,238,2,DISTRICT16,CAPSULE
QUIN,4/1/2024,HEALTH CENTER,85,45,80,,,,-365,,1000,DISTRICT28,TABLET
ART-SUP,8/1/2025,HEALTH CENTER,34,0,2,,,1,-1,1,2,DISTRICT31,CAPSULE
PYRA-COMP,12/1/2024,HEALTH CENTER,,268,122,147,,1517,-209,100,1,DISTRICT17,TABLET
ITN,8/1/2024,HEALTH CENTER,1628,247,,868,756,0,-79,,50,DISTRICT37,PIECE
ACT-GC,1/1/2024,HEALTH CENTER,,,,312,,370,-61,0,30,DISTRICT20,BLISTER
RDT,3/1/2025,HEALTH CENTER,2318,333,486,1505,545,14,31,378,25,DISTRICT28,PIECE
ACT-AD,8/1/2025,HEALTH CENTER,2186,297,639,2634,,0,-390,998,30,DISTRICT13,BLISTER
ACT-GC,4/1/2024,DISTRICT HOSPITAL,,,,1895,,8,68,361,30,DISTRICT25,BLISTER
ART-SUP,8/1/2025,HEALTH CENTER,2873,0,112,,,0,-145,35,2,DISTRICT33,CAPSULE
ACT-AD,11/1/2025,HEALTH CENTER,1736,,1137,1300,,100,-316,998,30,DISTRICT9,BLISTER
ACT-SC,5/1/2025,HEALTH CENTER,2989,0,,808,396,45,624,570,30,DISTRICT10,BLISTER
ACT-GC,6/1/2024,HEALTH CENTER,,0,81,188,,8,31,13,30,DISTRICT30,BLISTER
ITN,7/1/2024,HEALTH CENTER,,0,119,,,15,-522,87,50,DISTRICT30,PIECE
PYRA-COMP,11/1/2025,HEALTH CENTER,665,1392,311,,,3,-264,,1,DISTRICT26,TABLET
PYRA-SAC,5/1/2025,HEALTH CENTER,153,,18,19,,2,642,11,1,DISTRICT26,SACHET
PYRA-COMP,1/1/2024,HEALTH CENTER,,,10,324,726,,92,1,1,DISTRICT37,TABLET
RDT,4/1/2024,HEALTH CENTER,2024,1,,,,938,-677,301,25,DISTRICT33,PIECE
ITN,11/1/2024,HEALTH CENTER,270,0,15,,,,258,25,50,DISTRICT24,PIECE
ART-INJ,11/1/2025,HEALTH CENTER,,0,3,228,92,0,530,,5,DISTRICT28,VIAL
QUIN,12/1/2024,HEALTH CENTER,186,6,,,,,676,1,1000,DISTRICT26,TABLET
ART-INJ,3/1/2024,HEALTH CENTER,,,268,,241,0,30,,5,DISTRICT6,VIAL
PYRA-SAC,5/1/2024,HEALTH CENTER,1176,230,481,,,,309,988,1,DISTRICT5,SACHET
ART-INJ,6/1/2025,HEALTH CENTER,4118,,1478,,178,144,-270,926,5,DISTRICT15,VIAL
SP,10/1/2024,HEALTH CENTER,894,226,156,679,,,597,218,1000,DISTRICT31,TABLET
ACT-INF,11/1/2025,HEALTH CENTER,583,0,262,,346,7,517,59,30,DISTRICT32,BLISTER
ACT-SC,11/1/2024,HEALTH CENTER,2412,391,,1906,,4404,290,,30,DISTRICT8,BLISTER
RDT,9/1/2024,REGIONAL HOSPITAL,,1,591,1147,,,610,825,25,DISTRICT25,PIECE
ITN,9/1/2025,HEALTH CENTER,0,127,1,25,,22,78,2,50,DISTRICT28,PIECE
PYRA-SAC,8/1/2024,HEALTH CENTER,66,0,,,309,27,-620,4,1,DISTRICT30,SACHET
RDT,6/1/2024,HEALTH CENTER,,129,1088,1534,1174,,-226,966,25,DISTRICT1,PIECE
PYRA-SAC,5/1/2025,HEALTH CENTER,73,137,75,292,,,-387,64,1,DISTRICT37,SACHET
ITN,6/1/2024,HEALTH CENTER,3656,,914,1631,1447,14,-486,743,50,DISTRICT31,PIECE
PYRA-COMP,10/1/2025,HEALTH CENTER,281,8,,,,600,123,52,1,DISTRICT25,TABLET
ART-INJ,9/1/2025,HEALTH CENTER,804,13,,2038,,49,-286,,5,DISTRICT17,VIAL
PYRA-SAC,4/1/2025,HEALTH CENTER,426,398,576,,,,365,,1,DISTRICT36,SACHET
PYRA-COMP,7/1/2024,HEALTH CENTER,1,,17,16,,1613,216,3,1,DISTRICT36,TABLET
QUIN,9/1/2024,HEALTH CENTER,,0,3,3,395,,553,,1000,DISTRICT26,TABLET
ACT-AD,3/1/2024,HEALTH CENTER,469,,106,1407,,,142,,30,DISTRICT4,BLISTER
QUIN,6/1/2024,HEALTH CENTER,135,2,127,1482,,324,-708,63,1000,DISTRICT20,TABLET
PYRA-SAC,12/1/2023,HEALTH CENTER,834,1,18,,,9,-1220,,1,DISTRICT2,SACHET
RDT,3/1/2024,HEALTH CENTER,1568,78,643,208,,223,239,329,25,DISTRICT36,PIECE
RDT,3/1/2025,HEALTH CENTER,1647,83,281,1503,,0,-283,119,25,DISTRICT31,PIECE
PYRA-COMP,4/1/2025,HEALTH CENTER,,,741,3531,791,88,-548,,1,DISTRICT23,TABLET
ACT-AD,4/1/2025,HEALTH CENTER,2020,0,,1936,,529,197,163,30,DISTRICT8,BLISTER
ITN,3/1/2024,HEALTH CENTER,,1,,162,,63,-129,,50,DISTRICT12,PIECE
PYRA-SAC,8/1/2024,HEALTH CENTER,419,4,,1167,454,0,-472,,1,DISTRICT25,SACHET
RDT,3/1/2024,DISTRICT HOSPITAL,1817,1636,,1040,,4291,-260,809,25,DISTRICT25,PIECE
ART-SUP,10/1/2024,HEALTH CENTER,24,,35,192,,338,237,14,2,DISTRICT8,CAPSULE
PYRA-COMP,9/1/2025,DISTRICT HOSPITAL,1194,,,1708,537,0,361,297,1,DISTRICT19,TABLET
PYRA-SAC,11/1/2025,HEALTH CENTER,4144,0,671,1989,,12339,117,911,1,DISTRICT30,SACHET
PYRA-COMP,7/1/2025,HEALTH CENTER,320,0,,268,232,0,-85,95,1,DISTRICT32,TABLET
ACT-SC,10/1/2025,HEALTH CENTER,1070,,885,1296,,4537,80,685,30,DISTRICT27,BLISTER
RDT,7/1/2025,HEALTH CENTER,22,104,10,60,,0,346,8,25,DISTRICT2,PIECE
ART-SUP,11/1/2024,HEALTH CENTER,972,1324,,,,35,556,447,2,DISTRICT24,CAPSULE
PYRA-COMP,8/1/2024,HEALTH CENTER,811,128,494,479,,5869,729,459,1,DISTRICT29,TABLET
ART-INJ,12/1/2023,HEALTH CENTER,,188,65,27,,3306,-49,,5,DISTRICT32,VIAL
ACT-GC,6/1/2024,HEALTH CENTER,30,,14,15,1138,74,605,16,30,DISTRICT14,BLISTER
ACT-SC,5/1/2024,HEALTH CENTER,,0,88,,,,112,12,30,DISTRICT26,BLISTER
ITN,12/1/2023,HEALTH CENTER,,0,6,,,0,845,,50,DISTRICT38,PIECE
ART-SUP,8/1/2025,HEALTH CENTER,3542,,854,4018,206,0,232,,2,DISTRICT1,CAPSULE
ART-SUP,11/1/2024,HEALTH CENTER,359,381,259,926,,7,94,199,2,DISTRICT21,CAPSULE
ACT-INF,12/1/2023,HEALTH CENTER,,24,529,2683,484,52,139,317,30,DISTRICT32,BLISTER
ITN,4/1/2024,HEALTH CENTER,135,404,,,,328,63,67,50,DISTRICT25,PIECE
PYRA-SAC,5/1/2025,HEALTH CENTER,153,27,136,,1170,1167,-305,106,1,DISTRICT29,SACHET
RDT,8/1/2025,HEALTH CENTER,775,246,,,603,,120,176,25,DISTRICT15,PIECE
ART-INJ,12/1/2024,HEALTH CENTER,3538,770,1047,1999,,191,-311,695,5,DISTRICT14,VIAL
PYRA-SAC,12/1/2023,DISTRICT HOSPITAL,,556,349,1777,1249,15,-267,110,1,DISTRICT25,SACHET
PYRA-SAC,1/1/2024,HEALTH CENTER,3,,28,,,5,-277,4,1,DISTRICT4,SACHET
PYRA-COMP,4/1/2025,HEALTH CENTER,377,,6,135,,6,175,,1,DISTRICT5,TABLET
ACT-SC,3/1/2025,HEALTH CENTER,4400,83,822,3216,1332,,523,,30,DISTRICT29,BLISTER
ACT-SC,5/1/2024,HEALTH CENTER,,,310,2561,,,-108,,30,DISTRICT32,BLISTER
ACT-INF,9/1/2025,HEALTH CENTER,1976,342,319,671,,5,-479,50,30,DISTRICT33,BLISTER
ACT-INF,4/1/2025,HEALTH CENTER,295,62,341,761,,,-25,,30,DISTRICT9,BLISTER
ART-INJ,8/1/2025,DISTRICT HOSPITAL,,116,233,1602,,2,-573,,5,DISTRICT1,VIAL
PYRA-COMP,7/1/2024,HEALTH CENTER,979,,,1528,,11,89,,1,DISTRICT11,TABLET
PYRA-COMP,7/1/2024,HEALTH CENTER,310,28,,570,,0,-751,49,1,DISTRICT10,TABLET
PYRA-COMP,12/1/2024,HEALTH CENTER,477,1,86,241,,164,-109,43,1,DISTRICT15,TABLET
ITN,12/1/2024,HEALTH CENTER,2172,358,932,,1123,26,-77,,50,DISTRICT31,PIECE
ITN,6/1/2025,HEALTH CENTER,2012,114,,,633,0,-105,,50,DISTRICT21,PIECE
PYRA-SAC,8/1/2024,HEALTH CENTER,,261,104,134,,543,122,211,1,DISTRICT35,SACHET
PYRA-COMP,2/1/2025,HEALTH CENTER,1115,592,,424,,7,-826,518,1,DISTRICT10,TABLET
ACT-GC,12/1/2024,HEALTH CENTER,,34,1163,2040,,,-20,,30,DISTRICT3,BLISTER
QUIN,2/1/2024,HEALTH CENTER,282,,25,103,,160,404,19,1000,DISTRICT30,TABLET
ACT-SC,2/1/2025,HEALTH CENTER,,7,217,2497,,0,-336,113,30,DISTRICT20,BLISTER
ACT-SC,11/1/2024,DISTRICT HOSPITAL,,232,16,1677,,0,-480,0,30,DISTRICT23,BLISTER
ACT-INF,10/1/2025,HEALTH CENTER,6090,5,1058,3321,,296,-152,431,30,DISTRICT9,BLISTER
ACT-AD,1/1/2025,HEALTH CENTER,799,105,160,990,,3935,956,263,30,DISTRICT11,BLISTER
RDT,6/1/2025,HEALTH CENTER,2,0,11,100,754,1617,90,14,25,DISTRICT29,PIECE
SP,12/1/2024,HEALTH CENTER,353,0,,2,824,625,-287,189,1000,DISTRICT16,TABLET
PYRA-SAC,6/1/2025,HEALTH CENTER,,771,534,4395,,,209,,1,DISTRICT21,SACHET
PYRA-SAC,1/1/2024,HEALTH CENTER,,,,232,,2,-162,73,1,DISTRICT15,SACHET
ACT-INF,2/1/2025,HEALTH CENTER,1083,0,96,132,282,91,-381,24,30,DISTRICT35,BLISTER
SP,11/1/2024,HEALTH CENTER,,2,861,4401,,12402,160,,1000,DISTRICT29,TABLET
ACT-SC,6/1/2025,HEALTH CENTER,,712,,462,,694,159,,30,DISTRICT25,BLISTER
RDT,10/1/2024,HEALTH CENTER,1885,70,947,728,,134,89,1187,25,DISTRICT23,PIECE
ACT-INF,1/1/2025,HEALTH CENTER,1055,,215,316,,221,-101,64,30,DISTRICT35,BLISTER
ITN,3/1/2024,HEALTH CENTER,835,22,181,,,1240,-487,46,50,DISTRICT26,PIECE
QUIN,6/1/2025,HEALTH CENTER,609,5,290,,,130,387,169,1000,DISTRICT25,TABLET
ACT-INF,8/1/2024,HEALTH CENTER,,1,,684,,,480,,30,DISTRICT22,BLISTER
SP,4/1/2024,HEALTH CENTER,587,13,,153,1209,4183,683,,1000,DISTRICT1,TABLET
RDT,5/1/2025,HEALTH CENTER,15,35,17,56,951,0,148,,25,DISTRICT13,PIECE
QUIN,10/1/2024,HEALTH CENTER,2145,68,411,514,,,499,,1000,DISTRICT10,TABLET
ART-INJ,6/1/2024,HEALTH CENTER,695,,194,615,,465,-856,75,5,DISTRICT13,VIAL
RDT,6/1/2024,HEALTH CENTER,,2,218,,,,573,,25,DISTRICT12,PIECE
PYRA-COMP,1/1/2024,HEALTH CENTER,,829,298,842,,73,-210,,1,DISTRICT23,TABLET
PYRA-SAC,2/1/2024,HEALTH CENTER,,405,62,60,247,2,-495,29,1,DISTRICT15,SACHET
ACT-SC,2/1/2024,HEALTH CENTER,3782,3,841,2980,1536,18,-602,,30,DISTRICT27,BLISTER
RDT,9/1/2024,HEALTH CENTER,994,128,278,,,0,434,,25,DISTRICT16,PIECE
ACT-AD,8/1/2024,HEALTH CENTER,2771,704,,1489,,,-473,,30,DISTRICT25,BLISTER
ACT-AD,9/1/2025,HEALTH CENTER,22,0,1,9,1220,110,-458,0,30,DISTRICT23,BLISTER
ART-SUP,6/1/2025,HEALTH CENTER,,102,,1311,,0,351,782,2,DISTRICT23,CAPSULE
ACT-INF,3/1/2024,HEALTH CENTER,715,,123,,,337,361,28,30,DISTRICT35,BLISTER
ACT-SC,4/1/2025,HEALTH CENTER,0,0,1,3,,1,-602,0,30,DISTRICT18,BLISTER
QUIN,7/1/2025,HEALTH CENTER,665,2,139,,,3,100,117,1000,DISTRICT9,TABLET
ACT-INF,9/1/2025,HEALTH CENTER,1,0,10,8,,2720,-572,17,30,DISTRICT12,BLISTER
ACT-AD,9/1/2024,NATIONAL HOSPITAL,,212,306,,,1112,144,109,30,DISTRICT31,BLISTER
ACT-AD,6/1/2025,DISTRICT HOSPITAL,,8,7,647,,0,762,4,30,DISTRICT23,BLISTER
ART-INJ,4/1/2024,HEALTH CENTER,2273,,,1813,,698,-251,546,5,DISTRICT28,VIAL
PYRA-COMP,10/1/2025,HEALTH CENTER,,2,,173,,,-564,70,1,DISTRICT36,TABLET
ACT-AD,5/1/2024,HEALTH CENTER,1262,1255,138,1697,,3464,-316,,30,DISTRICT19,BLISTER
SP,7/1/2024,HEALTH CENTER,1740,,205,998,,35,-708,260,1000,DISTRICT28,TABLET
ACT-SC,9/1/2025,HEALTH CENTER,882,14,702,759,708,,-89,276,30,DISTRICT15,BLISTER
ACT-GC,12/1/2023,HEALTH CENTER,9,,4,211,144,9,-226,0,30,DISTRICT33,BLISTER
PYRA-COMP,7/1/2024,HEALTH CENTER,331,,89,650,,3303,322,93,1,DISTRICT29,TABLET
QUIN,5/1/2025,DISTRICT HOSPITAL,8,,36,,170,1039,524,55,1000,DISTRICT8,TABLET
ACT-GC,9/1/2024,HEALTH CENTER,2566,6,,4888,,54,496,692,30,DISTRICT8,BLISTER
ACT-INF,3/1/2024,HEALTH CENTER,111,,8,38,,0,-109,3,30,DISTRICT19,BLISTER
SP,4/1/2025,HEALTH CENTER,1174,,185,765,,3,-28,104,1000,DISTRICT33,TABLET
QUIN,2/1/2025,DISTRICT HOSPITAL,1722,0,,,,0,313,,1000,DISTRICT17,TABLET
ACT-GC,6/1/2024,HEALTH CENTER,,,,497,,661,496,682,30,DISTRICT31,BLISTER
ACT-SC,3/1/2024,HEALTH CENTER,2077,1,,1887,,615,-507,375,30,DISTRICT15,BLISTER
SP,6/1/2025,HEALTH CENTER,,,94,23,507,,-1001,109,1000,DISTRICT26,TABLET
ACT-AD,4/1/2025,HEALTH CENTER,2475,0,421,1519,762,79,510,391,30,DISTRICT33,BLISTER
ART-SUP,3/1/2025,HEALTH CENTER,198,71,126,223,,118,-203,404,2,DISTRICT6,CAPSULE
ITN,6/1/2024,HEALTH CENTER,82,,4,5,337,1474,276,0,50,DISTRICT14,PIECE
SP,12/1/2023,HEALTH CENTER,2928,0,647,466,,2661,118,893,1000,DISTRICT23,TABLET
ACT-SC,10/1/2024,HEALTH CENTER,1065,,,524,,101,-59,,30,DISTRICT20,BLISTER
PYRA-SAC,6/1/2025,HEALTH CENTER,680,1259,,992,,,5,,1,DISTRICT16,SACHET
SP,9/1/2025,HEALTH CENTER,2556,0,,883,503,0,-259,50,1000,DISTRICT5,TABLET
SP,8/1/2025,DISTRICT HOSPITAL,2647,550,,2955,510,20,161,205,1000,DISTRICT38,TABLET
RDT,5/1/2025,HEALTH CENTER,,27,384,,733,120,-87,201,25,DISTRICT14,PIECE
ART-INJ,6/1/2024,HEALTH CENTER,2743,0,284,2066,,70,219,134,5,DISTRICT18,VIAL
PYRA-COMP,3/1/2024,HEALTH CENTER,3987,349,,5334,,99,37,956,1,DISTRICT38,TABLET
RDT,5/1/2024,DISTRICT HOSPITAL,220,,31,,,4,45,19,25,DISTRICT1,PIECE
RDT,1/1/2025,HEALTH CENTER,4531,,,4401,,877,478,1344,25,DISTRICT16,PIECE
ITN,1/1/2025,HEALTH CENTER,,,,1067,,,606,83,50,DISTRICT10,PIECE
ART-INJ,3/1/2024,DISTRICT HOSPITAL,,0,7,10,1252,0,-710,,5,DISTRICT33,VIAL
ITN,12/1/2024,HEALTH CENTER,12,,37,24,,7,-129,,50,DISTRICT19,PIECE
ART-SUP,3/1/2025,DISTRICT HOSPITAL,377,0,151,44,,416,-70,,2,DISTRICT28,CAPSULE
ITN,8/1/2024,DISTRICT HOSPITAL,86,68,42,272,,827,261,14,50,DISTRICT33,PIECE
PYRA-COMP,4/1/2025,HEALTH CENTER,,742,,18,1455,675,-93,9,1,DISTRICT33,TABLET
ACT-INF,4/1/2024,HEALTH CENTER,260,0,52,472,1382,0,-345,,30,DISTRICT32,BLISTER
ITN,6/1/2024,HEALTH CENTER,,0,159,99,,,339,71,50,DISTRICT32,PIECE
RDT,9/1/2024,HEALTH CENTER,,,56,1699,197,,-294,16,25,DISTRICT19,PIECE
ACT-SC,11/1/2024,HEALTH CENTER,108,0,73,,,18,-100,23,30,DISTRICT38,BLISTER
PYRA-COMP,7/1/2024,HEALTH CENTER,,1,57,157,275,251,271,1,1,DISTRICT31,TABLET
ACT-AD,4/1/2024,HEALTH CENTER,2934,11,688,1463,527,14,108,179,30,DISTRICT16,BLISTER
ACT-SC,2/1/2025,HEALTH CENTER,,0,,,,,-299,60,30,DISTRICT23,BLISTER
QUIN,6/1/2025,HEALTH CENTER,1535,,,1088,,,173,79,1000,DISTRICT14,TABLET
ITN,9/1/2025,HEALTH CENTER,,0,51,3,,0,-43,7,50,DISTRICT20,PIECE
ACT-GC,12/1/2023,DISTRICT HOSPITAL,377,0,9,193,604,658,-106,4,30,DISTRICT13,BLISTER
RDT,6/1/2025,DISTRICT HOSPITAL,1047,36,,,1114,183,59,,25,DISTRICT9,PIECE
QUIN,6/1/2025,HEALTH CENTER,,0,103,,,,13,149,1000,DISTRICT20,TABLET
ART-SUP,6/1/2024,HEALTH CENTER,3947,1545,1102,2439,,,234,967,2,DISTRICT14,CAPSULE
ITN,12/1/2023,HEALTH CENTER,1487,,92,1386,409,0,472,58,50,DISTRICT37,PIECE
RDT,8/1/2024,HEALTH CENTER,,,,129,,1623,-45,67,25,DISTRICT10,PIECE
ART-SUP,5/1/2024,HEALTH CENTER,1083,1,85,,,,-239,45,2,DISTRICT20,CAPSULE
ART-INJ,9/1/2024,DISTRICT HOSPITAL,2046,,409,,1301,20,391,495,5,DISTRICT3,VIAL
PYRA-COMP,1/1/2024,HEALTH CENTER,,,390,1874,443,526,-282,320,1,DISTRICT31,TABLET
RDT,8/1/2024,HEALTH CENTER,1163,1,605,,,9441,-315,,25,DISTRICT30,PIECE
ACT-GC,5/1/2025,HEALTH CENTER,,,,,960,965,-25,335,30,DISTRICT3,BLISTER
RDT,3/1/2024,HEALTH CENTER,,304,258,773,,236,302,,25,DISTRICT12,PIECE
ACT-SC,1/1/2024,HEALTH CENTER,790,24,134,709,,389,-16,,30,DISTRICT15,BLISTER
RDT,11/1/2025,HEALTH CENTER,459,,181,,,81,-420,176,25,DISTRICT5,PIECE
ACT-AD,12/1/2024,HEALTH CENTER,191,,816,,,12841,86,1359,30,DISTRICT36,BLISTER
SP,3/1/2024,DISTRICT HOSPITAL,134,413,,213,510,7,-263,73,1000,DISTRICT7,TABLET
ACT-INF,4/1/2024,HEALTH CENTER,65,0,,34,,0,13,4,30,DISTRICT37,BLISTER
ART-INJ,11/1/2025,HEALTH CENTER,24,80,,275,,5,553,,5,DISTRICT38,VIAL
ART-INJ,8/1/2024,HEALTH CENTER,,3,31,359,,54,312,26,5,DISTRICT16,VIAL
QUIN,2/1/2024,HEALTH CENTER,112,0,92,372,,0,117,155,1000,DISTRICT31,TABLET
ART-INJ,9/1/2024,HEALTH CENTER,897,61,,1322,751,31,-4,,5,DISTRICT21,VIAL
PYRA-SAC,6/1/2025,HEALTH CENTER,8,33,7,5,,20,1043,7,1,DISTRICT33,SACHET
ACT-GC,2/1/2024,HEALTH CENTER,456,,25,820,299,0,-214,2,30,DISTRICT26,BLISTER
PYRA-COMP,6/1/2025,HEALTH CENTER,,0,194,,,,-549,23,1,DISTRICT29,TABLET
PYRA-SAC,8/1/2024,HEALTH CENTER,3435,334,470,,,589,256,222,1,DISTRICT31,SACHET
ACT-INF,3/1/2024,HEALTH CENTER,1036,0,127,518,,43,161,43,30,DISTRICT33,BLISTER
ITN,4/1/2025,HEALTH CENTER,660,27,,,,40,-219,145,50,DISTRICT38,PIECE
ART-SUP,5/1/2024,HEALTH CENTER,24,,,,335,1,237,99,2,DISTRICT33,CAPSULE
ART-SUP,7/1/2025,HEALTH CENTER,2891,1007,,1292,,7,156,1243,2,DISTRICT19,CAPSULE
SP,8/1/2024,HEALTH CENTER,856,0,301,,395,0,-10,261,1000,DISTRICT14,TABLET
QUIN,8/1/2024,HEALTH CENTER,142,0,,107,1486,953,366,,1000,DISTRICT3,TABLET
ACT-AD,1/1/2025,HEALTH CENTER,1143,192,,,,983,-105,482,30,DISTRICT14,BLISTER
ACT-GC,7/1/2024,HEALTH CENTER,2700,,,5646,,13,-192,141,30,DISTRICT19,BLISTER
ACT-GC,6/1/2025,HEALTH CENTER,111,,,267,,8,-704,82,30,DISTRICT33,BLISTER
ACT-INF,1/1/2025,DISTRICT HOSPITAL,,498,,,,311,439,,30,DISTRICT32,BLISTER
PYRA-SAC,10/1/2025,REGIONAL HOSPITAL,1,,18,17,,10,130,12,1,DISTRICT15,SACHET
ACT-INF,4/1/2025,HEALTH CENTER,5905,90,,4615,602,313,244,661,30,DISTRICT8,BLISTER
SP,1/1/2025,HEALTH CENTER,2578,64,330,674,,2,-850,45,1000,DISTRICT23,TABLET
ITN,10/1/2024,HEALTH CENTER,270,,,2139,,30,-5,71,50,DISTRICT21,PIECE
ACT-INF,2/1/2025,HEALTH CENTER,168,,32,,,0,310,28,30,DISTRICT18,BLISTER
ART-SUP,5/1/2024,HEALTH CENTER,23,6,19,2,841,114,157,1,2,DISTRICT5,CAPSULE
ACT-AD,11/1/2025,HEALTH CENTER,113,1077,,563,,0,618,,30,DISTRICT33,BLISTER
ACT-AD,8/1/2025,HEALTH CENTER,5973,76,,3914,,0,-204,703,30,DISTRICT1,BLISTER
ACT-INF,7/1/2025,HEALTH CENTER,7084,1747,1641,5923,,1040,-168,2239,30,DISTRICT15,BLISTER
ACT-AD,10/1/2025,HEALTH CENTER,,15,227,199,953,5,187,,30,DISTRICT32,BLISTER
ART-SUP,11/1/2024,HEALTH CENTER,4586,103,935,,,3247,-786,,2,DISTRICT20,CAPSULE
ACT-SC,10/1/2024,HEALTH CENTER,,10,95,766,,,-218,24,30,DISTRICT4,BLISTER
ACT-SC,5/1/2024,HEALTH CENTER,92,53,130,,,49,-93,200,30,DISTRICT3,BLISTER
ACT-INF,9/1/2025,HEALTH CENTER,,0,146,,,54,-183,,30,DISTRICT6,BLISTER
PYRA-COMP,8/1/2025,HEALTH CENTER,,166,13,,,,-493,,1,DISTRICT13,TABLET
RDT,1/1/2025,HEALTH CENTER,198,,33,,413,7,443,7,25,DISTRICT31,PIECE
PYRA-SAC,7/1/2024,HEALTH CENTER,,1464,26,254,984,0,170,1,1,DISTRICT1,SACHET
QUIN,1/1/2025,HEALTH CENTER,,314,164,2360,1063,0,-58,166,1000,DISTRICT28,TABLET
ART-SUP,5/1/2024,HEALTH CENTER,1957,,,1277,,,401,147,2,DISTRICT25,CAPSULE
QUIN,6/1/2025,HEALTH CENTER,110,,72,749,,,-628,28,1000,DISTRICT26,TABLET
SP,5/1/2024,HEALTH CENTER,457,552,,,,2,-205,147,1000,DISTRICT28,TABLET
SP,10/1/2025,HEALTH CENTER,113,0,37,,,,-45,42,1000,DISTRICT24,TABLET
ITN,11/1/2024,HEALTH CENTER,790,1,298,,,49,-485,78,50,DISTRICT22,PIECE
ACT-INF,9/1/2025,HEALTH CENTER,,418,336,910,587,310,754,284,30,DISTRICT1,BLISTER
ACT-AD,2/1/2024,HEALTH CENTER,143,0,,,,1,-440,0,30,DISTRICT13,BLISTER
ACT-SC,9/1/2025,HEALTH CENTER,6943,78,,5443,,98,245,1508,30,DISTRICT24,BLISTER
ACT-INF,3/1/2024,HEALTH CENTER,1974,200,256,,,17,-668,249,30,DISTRICT25,BLISTER
QUIN,5/1/2024,HEALTH CENTER,841,0,,525,,0,-685,28,1000,DISTRICT26,TABLET
PYRA-COMP,5/1/2025,HEALTH CENTER,677,117,194,69,699,0,-668,152,1,DISTRICT33,TABLET
ACT-GC,8/1/2024,DISTRICT HOSPITAL,7,0,19,14,,2,-52,7,30,DISTRICT23,BLISTER
ITN,6/1/2024,HEALTH CENTER,915,271,136,,,,247,92,50,DISTRICT26,PIECE
ACT-AD,4/1/2024,HEALTH CENTER,687,0,,257,,1,-123,54,30,DISTRICT20,BLISTER
PYRA-COMP,10/1/2025,HEALTH CENTER,924,449,,1924,,207,24,1014,1,DISTRICT27,TABLET
QUIN,1/1/2024,HEALTH CENTER,526,438,681,1674,385,2,-310,,1000,DISTRICT14,TABLET
QUIN,11/1/2025,HEALTH CENTER,613,12,410,376,489,75,669,408,1000,DISTRICT25,TABLET
ACT-SC,8/1/2024,HEALTH CENTER,305,1389,,,,,325,195,30,DISTRICT28,BLISTER
ACT-AD,11/1/2025,HEALTH CENTER,119,0,127,30,,43,-643,149,30,DISTRICT2,BLISTER
ACT-GC,1/1/2025,HEALTH CENTER,6738,2,543,5758,1014,130,447,745,30,DISTRICT29,BLISTER
ACT-SC,10/1/2024,HEALTH CENTER,218,,,1095,,,49,,30,DISTRICT33,BLISTER
QUIN,10/1/2024,HEALTH CENTER,,25,343,3467,662,,775,,1000,DISTRICT1,TABLET
ART-SUP,10/1/2025,DISTRICT HOSPITAL,44,,52,38,,0,-188,30,2,DISTRICT8,CAPSULE
RDT,3/1/2024,HEALTH CENTER,47,929,79,,,2866,112,12,25,DISTRICT36,PIECE
SP,9/1/2024,HEALTH CENTER,,,,,424,0,56,0,1000,DISTRICT10,TABLET
PYRA-SAC,1/1/2024,HEALTH CENTER,5115,,889,5312,,635,-703,1100,1,DISTRICT26,SACHET
PYRA-SAC,10/1/2024,HEALTH CENTER,2,39,97,28,,44,428,,1,DISTRICT24,SACHET
ACT-AD,5/1/2025,HEALTH CENTER,234,1,284,378,,,-508,349,30,DISTRICT18,BLISTER
PYRA-COMP,10/1/2024,HEALTH CENTER,5011,55,1322,2730,,939,420,,1,DISTRICT33,TABLET
ACT-INF,12/1/2023,HEALTH CENTER,,,27,400,,1,57,16,30,DISTRICT20,BLISTER
ACT-GC,9/1/2024,HEALTH CENTER,1624,,611,1634,1365,0,197,619,30,DISTRICT3,BLISTER
ITN,12/1/2024,HEALTH CENTER,78,1,,23,1264,1272,1184,1,50,DISTRICT1,PIECE
ITN,2/1/2025,HEALTH CENTER,2581,,705,1887,,3421,71,639,50,DISTRICT19,PIECE
ACT-GC,8/1/2025,HEALTH CENTER,,33,,2408,,,445,860,30,DISTRICT25,BLISTER
ACT-GC,5/1/2024,HEALTH CENTER,734,,172,,461,3045,121,278,30,DISTRICT10,BLISTER
ART-SUP,8/1/2025,HEALTH CENTER,2933,0,,,,162,-600,,2,DISTRICT35,CAPSULE
ACT-INF,3/1/2025,DISTRICT HOSPITAL,307,2,38,,,0,-311,49,30,DISTRICT14,BLISTER
QUIN,5/1/2025,HEALTH CENTER,77,53,89,80,,220,959,116,1000,DISTRICT13,TABLET
RDT,1/1/2024,HEALTH CENTER,892,2,349,188,548,4099,330,351,25,DISTRICT1,PIECE
QUIN,9/1/2024,HEALTH CENTER,,0,,499,,0,180,97,1000,DISTRICT22,TABLET
ACT-SC,1/1/2025,HEALTH CENTER,3167,97,1086,,,2262,-788,,30,DISTRICT30,BLISTER
ACT-AD,5/1/2025,HEALTH CENTER,1108,339,579,856,,59,279,640,30,DISTRICT23,BLISTER
ACT-GC,4/1/2025,HEALTH CENTER,1206,68,222,979,,189,147,,30,DISTRICT29,BLISTER
QUIN,11/1/2024,HEALTH CENTER,,0,31,,,0,-490,,1000,DISTRICT7,TABLET
PYRA-COMP,4/1/2025,DISTRICT HOSPITAL,1393,724,337,1662,,,237,243,1,DISTRICT21,TABLET
SP,8/1/2024,HEALTH CENTER,305,,115,1087,1076,1174,173,,1000,DISTRICT16,TABLET
QUIN,11/1/2025,HEALTH CENTER,1832,0,223,448,,4,-86,257,1000,DISTRICT28,TABLET
ACT-INF,3/1/2024,HEALTH CENTER,328,,73,,,0,-123,6,30,DISTRICT25,BLISTER
PYRA-COMP,3/1/2025,HEALTH CENTER,459,338,175,469,,,570,69,1,DISTRICT21,TABLET
ACT-AD,2/1/2025,HEALTH CENTER,1831,48,676,1443,,2866,57,593,30,DISTRICT31,BLISTER
ACT-SC,4/1/2025,HEALTH CENTER,108,,74,178,671,,87,99,30,DISTRICT38,BLISTER
ART-SUP,6/1/2025,HEALTH CENTER,2053,148,526,941,,4138,-448,607,2,DISTRICT16,CAPSULE
ACT-GC,7/1/2025,HEALTH CENTER,1615,316,435,2113,,1631,-37,954,30,DISTRICT20,BLISTER
SP,10/1/2024,DISTRICT HOSPITAL,356,,,,,25,358,60,1000,DISTRICT32,TABLET
SP,7/1/2024,HEALTH CENTER,1780,8,952,1698,,926,-409,795,1000,DISTRICT29,TABLET
SP,3/1/2025,HEALTH CENTER,4489,,1661,4937,1521,5065,227,1344,1000,DISTRICT1,TABLET
ITN,6/1/2025,HEALTH CENTER,,,,153,,697,301,240,50,DISTRICT12,PIECE
ACT-GC,12/1/2023,HEALTH CENTER,,,3,60,,,-175,0,30,DISTRICT33,BLISTER
QUIN,3/1/2025,HEALTH CENTER,59,0,2,64,103,0,310,4,1000,DISTRICT28,TABLET
ACT-SC,7/1/2024,HEALTH CENTER,864,65,,207,,913,355,77,30,DISTRICT30,BLISTER
ITN,12/1/2024,HEALTH CENTER,167,2,40,211,,46,307,13,50,DISTRICT10,PIECE
ACT-INF,3/1/2025,DISTRICT HOSPITAL,,,117,,684,4032,383,133,30,DISTRICT33,BLISTER
ACT-AD,11/1/2024,HEALTH CENTER,1494,,174,800,,1068,-220,127,30,DISTRICT28,BLISTER
ITN,1/1/2025,HEALTH CENTER,827,47,,,763,0,71,265,50,DISTRICT36,PIECE
SP,7/1/2025,HEALTH CENTER,91,,66,,,0,333,33,1000,DISTRICT33,TABLET
PYRA-SAC,4/1/2025,HEALTH CENTER,386,187,,338,,0,543,54,1,DISTRICT18,SACHET
ART-INJ,11/1/2024,HEALTH CENTER,314,,,,,4,-707,250,5,DISTRICT7,VIAL
ACT-INF,5/1/2025,HEALTH CENTER,23,135,,8,,,144,79,30,DISTRICT20,BLISTER
ART-SUP,6/1/2025,HEALTH CENTER,6778,0,,3240,,,170,873,2,DISTRICT19,CAPSULE
PYRA-COMP,11/1/2025,HEALTH CENTER,695,561,358,2690,,,244,,1,DISTRICT25,TABLET
PYRA-COMP,12/1/2024,HEALTH CENTER,753,,231,1491,,211,-994,612,1,DISTRICT21,TABLET
SP,11/1/2025,DISTRICT HOSPITAL,263,12,,,946,97,365,5,1000,DISTRICT24,TABLET
ITN,1/1/2025,HEALTH CENTER,368,,252,340,,693,-122,105,50,DISTRICT13,PIECE
RDT,2/1/2025,HEALTH CENTER,629,0,173,,416,1,-149,,25,DISTRICT16,PIECE
ACT-AD,11/1/2025,HEALTH CENTER,,505,10,13,,0,-212,,30,DISTRICT25,BLISTER
ACT-INF,1/1/2024,HEALTH CENTER,,0,,943,,70,291,669,30,DISTRICT20,BLISTER
PYRA-COMP,3/1/2024,HEALTH CENTER,430,,19,,,0,-383,1,1,DISTRICT1,TABLET
RDT,4/1/2024,HEALTH CENTER,,17,349,1292,1049,,-396,275,25,DISTRICT38,PIECE
ACT-SC,8/1/2025,HEALTH CENTER,3140,,290,,1812,1841,-241,221,30,DISTRICT31,BLISTER
ART-SUP,10/1/2025,HEALTH CENTER,122,0,82,291,,0,560,,2,DISTRICT8,CAPSULE
QUIN,8/1/2025,DISTRICT HOSPITAL,,109,220,1056,,4,445,49,1000,DISTRICT29,TABLET
PYRA-COMP,11/1/2025,HEALTH CENTER,1131,228,424,1528,,,286,38,1,DISTRICT35,TABLET
RDT,8/1/2024,HEALTH CENTER,80,0,1,3,,0,-340,0,25,DISTRICT3,PIECE
ART-SUP,10/1/2025,HEALTH CENTER,2472,800,517,,,174,-541,786,2,DISTRICT16,CAPSULE
ACT-GC,6/1/2025,HEALTH CENTER,3425,,944,4111,,2064,941,,30,DISTRICT23,BLISTER
RDT,4/1/2025,REGIONAL HOSPITAL,4573,,1049,4693,,2951,-146,1032,25,DISTRICT26,PIECE
RDT,12/1/2023,HEALTH CENTER,12,,22,,118,0,453,19,25,DISTRICT29,PIECE
QUIN,10/1/2025,HEALTH CENTER,5513,121,1640,2858,,,233,,1000,DISTRICT33,TABLET
ITN,8/1/2024,DISTRICT HOSPITAL,1495,180,440,,,292,-143,277,50,DISTRICT26,PIECE
PYRA-SAC,5/1/2025,HEALTH CENTER,,1355,509,2348,511,,-962,200,1,DISTRICT37,SACHET
ACT-INF,1/1/2024,HEALTH CENTER,2335,282,,2913,,,-529,337,30,DISTRICT6,BLISTER
ACT-AD,3/1/2024,HEALTH CENTER,693,,134,273,1029,8,307,185,30,DISTRICT18,BLISTER
RDT,9/1/2025,HEALTH CENTER,136,,173,1320,187,0,345,63,25,DISTRICT38,PIECE
ITN,8/1/2025,HEALTH CENTER,333,,150,336,,16,-187,52,50,DISTRICT1,PIECE
QUIN,5/1/2024,HEALTH CENTER,,,254,,,0,804,177,1000,DISTRICT15,TABLET
RDT,8/1/2025,HEALTH CENTER,,0,,31,,900,534,47,25,DISTRICT9,PIECE
ACT-SC,1/1/2025,HEALTH CENTER,46,,52,130,,980,619,12,30,DISTRICT6,BLISTER
PYRA-SAC,12/1/2024,HEALTH CENTER,1294,10,358,,,1398,-1218,,1,DISTRICT25,SACHET
QUIN,7/1/2025,HEALTH CENTER,15,0,9,27,,0,465,1,1000,DISTRICT33,TABLET
RDT,6/1/2025,HEALTH CENTER,122,0,,392,,0,-341,,25,DISTRICT9,PIECE
ACT-INF,11/1/2024,HEALTH CENTER,,0,87,854,,7,-141,,30,DISTRICT32,BLISTER
ART-SUP,5/1/2025,HEALTH CENTER,1873,,882,,,436,-566,873,2,DISTRICT16,CAPSULE
ACT-AD,12/1/2023,HEALTH CENTER,374,1244,521,,,1199,86,197,30,DISTRICT30,BLISTER
PYRA-SAC,7/1/2025,HEALTH CENTER,178,,38,,,1098,386,3,1,DISTRICT25,SACHET
ACT-INF,2/1/2025,HEALTH CENTER,2167,10,,2316,,1,246,330,30,DISTRICT9,BLISTER
ART-SUP,6/1/2024,HEALTH CENTER,52,0,,,,,-39,68,2,DISTRICT3,CAPSULE
ACT-SC,1/1/2025,HEALTH CENTER,50,76,,40,,15,628,,30,DISTRICT24,BLISTER
SP,10/1/2024,HEALTH CENTER,3700,,,,520,17,2,,1000,DISTRICT24,TABLET
SP,5/1/2024,HEALTH CENTER,,872,160,672,174,0,1239,34,1000,DISTRICT29,TABLET
ART-INJ,9/1/2024,HEALTH CENTER,,0,,,434,0,-1025,0,5,DISTRICT16,VIAL
ITN,3/1/2025,HEALTH CENTER,1933,42,930,1472,,1803,210,,50,DISTRICT5,PIECE
ACT-AD,8/1/2025,DISTRICT HOSPITAL,4098,5,1882,1213,,,545,1565,30,DISTRICT35,BLISTER
ACT-INF,7/1/2025,HEALTH CENTER,303,45,273,,,2918,517,100,30,DISTRICT15,BLISTER
ART-INJ,8/1/2025,HEALTH CENTER,904,,,796,,0,463,14,5,DISTRICT4,VIAL
ACT-GC,7/1/2025,HEALTH CENTER,,1,869,4742,,907,379,,30,DISTRICT19,BLISTER
RDT,5/1/2024,HEALTH CENTER,338,0,49,,,0,176,5,25,DISTRICT19,PIECE
ART-SUP,2/1/2025,HEALTH CENTER,131,2,29,1048,135,0,504,12,2,DISTRICT31,CAPSULE
ART-INJ,7/1/2025,HEALTH CENTER,,184,15,334,464,1,372,32,5,DISTRICT30,VIAL
ACT-AD,6/1/2025,HEALTH CENTER,,,361,,1125,126,-14,223,30,DISTRICT22,BLISTER
ART-INJ,9/1/2025,HEALTH CENTER,757,,,918,468,0,534,93,5,DISTRICT7,VIAL
PYRA-SAC,11/1/2024,HEALTH CENTER,,53,1092,2892,,424,-249,1296,1,DISTRICT20,SACHET
ITN,9/1/2025,HEALTH CENTER,709,2,61,633,,0,-573,9,50,DISTRICT32,PIECE
ART-INJ,3/1/2024,HEALTH CENTER,94,761,,394,,7,-470,,5,DISTRICT21,VIAL
PYRA-COMP,7/1/2025,HEALTH CENTER,2326,30,369,2067,152,16,-180,615,1,DISTRICT31,TABLET
RDT,8/1/2024,HEALTH CENTER,116,1,42,99,,381,421,93,25,DISTRICT7,PIECE
ACT-AD,12/1/2023,HEALTH CENTER,1308,,,,,0,-586,304,30,DISTRICT9,BLISTER
ART-INJ,2/1/2025,HEALTH CENTER,127,8,6,,,0,-309,1,5,DISTRICT6,VIAL
ART-INJ,10/1/2025,HEALTH CENTER,,63,121,,462,0,-199,10,5,DISTRICT22,VIAL
ACT-INF,2/1/2024,HEALTH CENTER,3652,206,,,,,-501,853,30,DISTRICT23,BLISTER
ACT-GC,5/1/2025,HEALTH CENTER,214,36,,452,,,-209,217,30,DISTRICT23,BLISTER
ACT-GC,6/1/2025,HEALTH CENTER,52,1,22,118,95,11,-105,9,30,DISTRICT33,BLISTER
ACT-GC,7/1/2024,HEALTH CENTER,35,0,,48,,2517,-114,,30,DISTRICT7,BLISTER
PYRA-COMP,7/1/2024,HEALTH CENTER,255,,,164,,,-694,185,1,DISTRICT16,TABLET
ITN,11/1/2024,HEALTH CENTER,,4,101,,,0,-228,,50,DISTRICT36,PIECE
PYRA-SAC,11/1/2025,HEALTH CENTER,,,28,,,20,-504,,1,DISTRICT36,SACHET
QUIN,11/1/2025,HEALTH CENTER,1229,,374,1675,,0,-666,244,1000,DISTRICT19,TABLET
ACT-SC,6/1/2025,HEALTH CENTER,187,72,,669,,76,44,59,30,DISTRICT31,BLISTER
ACT-SC,4/1/2024,HEALTH CENTER,,,,2868,,0,-82,297,30,DISTRICT23,BLISTER
ACT-AD,4/1/2024,HEALTH CENTER,231,,314,,507,1230,341,317,30,DISTRICT12,BLISTER
ART-INJ,2/1/2025,HEALTH CENTER,61,0,,14,,117,-137,,5,DISTRICT28,VIAL
ART-SUP,9/1/2025,HEALTH CENTER,5271,19,1788,1938,,,-227,1235,2,DISTRICT23,CAPSULE
SP,9/1/2025,HEALTH CENTER,1418,0,13,650,,0,-896,8,1000,DISTRICT23,TABLET
PYRA-COMP,2/1/2025,HEALTH CENTER,15,77,,19,,0,-328,13,1,DISTRICT38,TABLET
SP,5/1/2025,HEALTH CENTER,1229,,,852,,650,674,,1000,DISTRICT18,TABLET
ITN,2/1/2024,HEALTH CENTER,76,,126,283,,328,-1039,95,50,DISTRICT38,PIECE
PYRA-COMP,12/1/2024,HEALTH CENTER,667,10,267,634,,,-545,,1,DISTRICT23,TABLET
SP,1/1/2024,NATIONAL HOSPITAL,1713,,216,2798,,45,-171,400,1000,DISTRICT32,TABLET
ITN,7/1/2024,HEALTH CENTER,105,71,10,,230,0,-939,1,50,DISTRICT30,PIECE
ACT-AD,2/1/2024,HEALTH CENTER,,22,,785,,83,-62,126,30,DISTRICT13,BLISTER
ACT-AD,11/1/2024,HEALTH CENTER,3660,,357,,625,161,791,286,30,DISTRICT32,BLISTER
ITN,5/1/2025,HEALTH CENTER,106,2,45,158,873,41,349,33,50,DISTRICT23,PIECE
QUIN,12/1/2023,HEALTH CENTER,1809,4,,1518,,,317,48,1000,DISTRICT28,TABLET
RDT,1/1/2025,HEALTH CENTER,1081,139,,1623,,1051,459,374,25,DISTRICT35,PIECE
ART-INJ,10/1/2024,HEALTH CENTER,2031,,833,730,,126,-130,674,5,DISTRICT11,VIAL
ART-INJ,12/1/2024,HEALTH CENTER,4,0,,6,,0,-78,0,5,DISTRICT9,VIAL
PYRA-SAC,7/1/2024,HEALTH CENTER,,4,103,,,,1031,97,1,DISTRICT25,SACHET
PYRA-SAC,2/1/2025,HEALTH CENTER,314,29,257,,,0,-228,493,1,DISTRICT31,SACHET
ACT-SC,10/1/2024,HEALTH CENTER,,1608,462,955,,249,934,389,30,DISTRICT25,BLISTER
ACT-AD,6/1/2024,HEALTH CENTER,3436,299,1710,8934,949,1543,114,1122,30,DISTRICT6,BLISTER
SP,12/1/2024,HEALTH CENTER,141,0,615,2947,,431,-148,446,1000,DISTRICT8,TABLET
PYRA-COMP,9/1/2025,HEALTH CENTER,2517,,,,527,4,-159,,1,DISTRICT13,TABLET
QUIN,11/1/2025,HEALTH CENTER,441,,,1189,,0,-231,58,1000,DISTRICT29,TABLET
ACT-INF,11/1/2024,HEALTH CENTER,348,0,,,,1,-461,26,30,DISTRICT5,BLISTER
RDT,5/1/2024,HEALTH CENTER,179,521,58,232,,,798,,25,DISTRICT25,PIECE
ACT-INF,12/1/2023,HEALTH CENTER,755,73,239,762,1024,4377,-139,500,30,DISTRICT2,BLISTER
ITN,1/1/2024,HEALTH CENTER,509,0,50,952,,13,-651,27,50,DISTRICT1,PIECE
ITN,4/1/2024,HEALTH CENTER,,0,,24,,73,-283,,50,DISTRICT8,PIECE
QUIN,2/1/2024,HEALTH CENTER,207,0,590,460,,,-150,423,1000,DISTRICT26,TABLET
SP,5/1/2024,HEALTH CENTER,1369,6,,1229,,,-824,,1000,DISTRICT35,TABLET
ART-INJ,10/1/2024,HEALTH CENTER,1137,,,,392,3401,356,139,5,DISTRICT8,VIAL
PYRA-COMP,9/1/2025,HEALTH CENTER,402,761,,364,276,7748,-107,,1,DISTRICT8,TABLET
PYRA-COMP,10/1/2025,HEALTH CENTER,156,,,,,13888,576,170,1,DISTRICT31,TABLET
ACT-INF,1/1/2025,HEALTH CENTER,379,199,126,915,,0,62,52,30,DISTRICT33,BLISTER
ITN,12/1/2024,HEALTH CENTER,,0,77,27,359,1,-87,,50,DISTRICT18,PIECE
PYRA-COMP,7/1/2025,HEALTH CENTER,,,307,,788,,-23,224,1,DISTRICT16,TABLET
ITN,8/1/2024,HEALTH CENTER,1977,90,658,2693,,,156,866,50,DISTRICT32,PIECE
PYRA-SAC,10/1/2025,HEALTH CENTER,,380,442,,,267,-311,,1,DISTRICT32,SACHET
RDT,4/1/2024,HEALTH CENTER,,1,171,109,,,-232,,25,DISTRICT29,PIECE
ACT-GC,7/1/2024,HEALTH CENTER,6,,18,87,,418,-146,9,30,DISTRICT25,BLISTER
ACT-AD,9/1/2024,HEALTH CENTER,,0,,2009,,2524,-799,683,30,DISTRICT17,BLISTER
ACT-INF,1/1/2024,HEALTH CENTER,12,6,14,25,,0,330,6,30,DISTRICT3,BLISTER
PYRA-COMP,6/1/2024,HEALTH CENTER,233,1,156,49,,58,158,136,1,DISTRICT9,TABLET
ITN,6/1/2024,HEALTH CENTER,338,0,1,,42,1,578,0,50,DISTRICT33,PIECE
ACT-SC,11/1/2024,HEALTH CENTER,285,0,77,,991,0,86,,30,DISTRICT8,BLISTER
SP,6/1/2024,HEALTH CENTER,101,0,,,,,-223,0,1000,DISTRICT9,TABLET
RDT,10/1/2024,HEALTH CENTER,504,745,758,,,39,434,769,25,DISTRICT12,PIECE
QUIN,3/1/2024,HEALTH CENTER,13,0,,,,0,213,4,1000,DISTRICT36,TABLET
PYRA-SAC,7/1/2025,HEALTH CENTER,59,0,3,45,1138,90,1049,13,1,DISTRICT8,SACHET
SP,3/1/2025,HEALTH CENTER,,0,,273,,5,-447,20,1000,DISTRICT29,TABLET
PYRA-SAC,5/1/2024,HEALTH CENTER,1220,0,30,296,603,0,-756,48,1,DISTRICT22,SACHET
SP,3/1/2025,DISTRICT HOSPITAL,1518,,,,669,0,-497,,1000,DISTRICT1,TABLET
ACT-AD,2/1/2025,HEALTH CENTER,,,142,760,,,-771,100,30,DISTRICT21,BLISTER
ACT-INF,4/1/2025,HEALTH CENTER,1714,,132,2121,,162,145,70,30,DISTRICT36,BLISTER
ACT-AD,1/1/2024,HEALTH CENTER,846,1467,,1553,257,,-3,,30,DISTRICT9,BLISTER
RDT,8/1/2024,HEALTH CENTER,,,,211,162,4454,-383,533,25,DISTRICT35,PIECE
PYRA-SAC,1/1/2025,HEALTH CENTER,2906,,,,406,4,-296,395,1,DISTRICT28,SACHET
ACT-SC,7/1/2024,HEALTH CENTER,2750,22,,,790,,88,770,30,DISTRICT9,BLISTER
ART-SUP,9/1/2025,HEALTH CENTER,3285,352,,3440,1174,,-434,746,2,DISTRICT17,CAPSULE
PYRA-COMP,10/1/2024,HEALTH CENTER,3326,232,751,664,2023,,-100,575,1,DISTRICT29,TABLET
PYRA-SAC,12/1/2024,HEALTH CENTER,2853,2,216,1794,,36,-107,,1,DISTRICT12,SACHET
SP,4/1/2025,HEALTH CENTER,124,0,,23,,,192,166,1000,DISTRICT17,TABLET
SP,11/1/2024,HEALTH CENTER,,0,225,72,1418,6424,-433,127,1000,DISTRICT10,TABLET
ART-SUP,12/1/2024,HEALTH CENTER,28,17,46,174,182,0,404,28,2,DISTRICT33,CAPSULE
PYRA-SAC,2/1/2025,HEALTH CENTER,211,,167,,952,4126,-662,,1,DISTRICT18,SACHET
ACT-AD,11/1/2024,HEALTH CENTER,,,21,8,,425,353,1,30,DISTRICT21,BLISTER
ART-INJ,10/1/2025,HEALTH CENTER,1498,1,54,1892,,,727,54,5,DISTRICT24,VIAL
ITN,12/1/2024,HEALTH CENTER,2,78,4,21,507,0,168,,50,DISTRICT31,PIECE
ART-SUP,2/1/2025,HEALTH CENTER,,4,72,484,,,-114,15,2,DISTRICT1,CAPSULE
PYRA-SAC,1/1/2024,HEALTH CENTER,,,831,3197,1213,1238,-134,428,1,DISTRICT23,SACHET
ACT-INF,11/1/2024,HEALTH CENTER,855,26,99,173,,6,135,94,30,DISTRICT31,BLISTER
ITN,9/1/2025,HEALTH CENTER,987,1,,826,,0,528,232,50,DISTRICT13,PIECE
ITN,10/1/2025,HEALTH CENTER,1831,342,1062,1343,,6,531,,50,DISTRICT3,PIECE
PYRA-COMP,1/1/2024,DISTRICT HOSPITAL,333,4,,337,425,0,251,4,1,DISTRICT19,TABLET
ACT-INF,2/1/2024,HEALTH CENTER,574,,,474,,2,932,86,30,DISTRICT10,BLISTER
ART-SUP,6/1/2024,HEALTH CENTER,,28,5,1197,,11,198,0,2,DISTRICT19,CAPSULE
PYRA-COMP,2/1/2024,HEALTH CENTER,302,0,46,,,1688,-324,18,1,DISTRICT15,TABLET
PYRA-COMP,11/1/2025,HEALTH CENTER,52,950,146,,1097,22,-159,263,1,DISTRICT16,TABLET
SP,1/1/2024,HEALTH CENTER,3,143,0,147,,0,-402,0,1000,DISTRICT20,TABLET
RDT,3/1/2024,HEALTH CENTER,892,288,112,758,,0,-482,7,25,DISTRICT31,PIECE
SP,9/1/2025,HEALTH CENTER,4,2,25,9,,0,-245,2,1000,DISTRICT36,TABLET
ACT-SC,2/1/2024,HEALTH CENTER,,0,,460,,,-83,83,30,DISTRICT9,BLISTER
ART-INJ,3/1/2024,HEALTH CENTER,,215,100,403,677,1,103,263,5,DISTRICT23,VIAL
ACT-INF,5/1/2024,HEALTH CENTER,1060,0,248,1215,,7,-1208,170,30,DISTRICT24,BLISTER
RDT,1/1/2025,HEALTH CENTER,2022,814,319,,,473,239,434,25,DISTRICT3,PIECE
QUIN,8/1/2024,HEALTH CENTER,798,31,112,1109,459,0,-634,69,1000,DISTRICT35,TABLET
QUIN,11/1/2024,HEALTH CENTER,344,1117,8,152,,0,-440,,1000,DISTRICT20,TABLET
PYRA-COMP,11/1/2025,DISTRICT HOSPITAL,,587,46,,,3,92,,1,DISTRICT33,TABLET
ITN,3/1/2024,HEALTH CENTER,32,,108,138,,6,-467,18,50,DISTRICT26,PIECE
PYRA-SAC,11/1/2024,HEALTH CENTER,149,19,116,511,,0,512,81,1,DISTRICT13,SACHET
ITN,1/1/2024,HEALTH CENTER,306,17,140,544,,,528,,50,DISTRICT3,PIECE
SP,3/1/2024,HEALTH CENTER,,,20,,,14,358,,1000,DISTRICT26,TABLET
ACT-SC,9/1/2025,HEALTH CENTER,139,666,309,192,504,2,-401,410,30,DISTRICT12,BLISTER
ACT-SC,2/1/2025,HEALTH CENTER,,0,237,,1131,2514,-702,139,30,DISTRICT19,BLISTER
ACT-INF,5/1/2025,HEALTH CENTER,111,0,15,,,0,703,9,30,DISTRICT7,BLISTER
ART-INJ,10/1/2025,HEALTH CENTER,104,0,,,43,,-449,,5,DISTRICT37,VIAL
QUIN,5/1/2024,HEALTH CENTER,252,26,,772,689,6,432,6,1000,DISTRICT14,TABLET
RDT,3/1/2025,DISTRICT HOSPITAL,34,2,,,,0,12,12,25,DISTRICT9,PIECE
QUIN,10/1/2024,HEALTH CENTER,,,263,1896,,144,524,38,1000,DISTRICT30,TABLET
SP,7/1/2024,HEALTH CENTER,1599,300,519,,,64,218,204,1000,DISTRICT3,TABLET
ACT-GC,7/1/2024,HEALTH CENTER,11,,4,17,,0,385,8,30,DISTRICT30,BLISTER
QUIN,5/1/2025,HEALTH CENTER,,0,,,329,2614,-253,3,1000,DISTRICT29,TABLET
RDT,9/1/2024,DISTRICT HOSPITAL,2033,9,,1554,,10119,138,678,25,DISTRICT31,PIECE
PYRA-COMP,8/1/2025,HEALTH CENTER,,206,238,4511,,0,-618,71,1,DISTRICT22,TABLET
ACT-GC,11/1/2025,HEALTH CENTER,5206,,350,1415,,,-8,,30,DISTRICT13,BLISTER
ACT-AD,11/1/2024,REGIONAL HOSPITAL,184,,,426,,389,-458,110,30,DISTRICT1,BLISTER
ACT-AD,6/1/2024,HEALTH CENTER,194,,49,352,,17,992,,30,DISTRICT28,BLISTER
PYRA-SAC,2/1/2024,HEALTH CENTER,,0,358,1287,,2459,-336,160,1,DISTRICT11,SACHET
QUIN,6/1/2025,HEALTH CENTER,,2,125,216,,,-409,81,1000,DISTRICT36,TABLET
SP,2/1/2025,HEALTH CENTER,2617,0,475,1108,558,3351,182,1084,1000,DISTRICT23,TABLET
ACT-AD,12/1/2023,HEALTH CENTER,71,668,262,340,,240,342,117,30,DISTRICT17,BLISTER
SP,7/1/2025,HEALTH CENTER,,,31,25,,12,482,10,1000,DISTRICT28,TABLET
SP,12/1/2024,HEALTH CENTER,1384,,,3203,1175,2602,61,318,1000,DISTRICT9,TABLET
ACT-AD,4/1/2024,HEALTH CENTER,2880,68,396,1422,,165,-310,159,30,DISTRICT25,BLISTER
PYRA-COMP,8/1/2024,DISTRICT HOSPITAL,236,125,39,1255,,33,255,32,1,DISTRICT9,TABLET
ACT-GC,5/1/2024,DISTRICT HOSPITAL,1695,1,474,,,7626,-195,,30,DISTRICT3,BLISTER
RDT,6/1/2025,HEALTH CENTER,,6,129,26,,209,537,156,25,DISTRICT14,PIECE
ACT-INF,12/1/2023,HEALTH CENTER,,0,55,123,,0,337,117,30,DISTRICT38,BLISTER
ART-SUP,5/1/2024,HEALTH CENTER,726,,108,,,0,-498,13,2,DISTRICT16,CAPSULE
ACT-SC,8/1/2025,HEALTH CENTER,308,8,,,1277,1763,-128,,30,DISTRICT21,BLISTER
RDT,5/1/2025,HEALTH CENTER,896,2,238,1607,,0,-80,107,25,DISTRICT10,PIECE
ART-SUP,11/1/2025,HEALTH CENTER,5322,123,226,3964,,0,-524,,2,DISTRICT7,CAPSULE
ART-SUP,6/1/2025,HEALTH CENTER,,,351,1009,,34,-209,412,2,DISTRICT29,CAPSULE
ART-SUP,9/1/2024,HEALTH CENTER,,87,1001,2316,,32,-515,,2,DISTRICT29,CAPSULE
ART-INJ,10/1/2025,DISTRICT HOSPITAL,,,162,,,,366,143,5,DISTRICT32,VIAL
ACT-SC,8/1/2024,HEALTH CENTER,317,0,367,357,,,-244,,30,DISTRICT14,BLISTER
QUIN,12/1/2023,HEALTH CENTER,213,,,874,,23,-388,,1000,DISTRICT31,TABLET
ACT-INF,9/1/2024,HEALTH CENTER,706,,,,956,4,-250,,30,DISTRICT14,BLISTER
ITN,2/1/2024,HEALTH CENTER,2858,284,,2254,,2,248,345,50,DISTRICT33,PIECE
SP,5/1/2025,HEALTH CENTER,1791,0,524,2658,,2,-278,,1000,DISTRICT14,TABLET
PYRA-COMP,1/1/2025,HEALTH CENTER,,221,174,342,,,-166,,1,DISTRICT1,TABLET
RDT,5/1/2024,HEALTH CENTER,30,,2,47,332,0,147,,25,DISTRICT3,PIECE
PYRA-COMP,4/1/2025,HEALTH CENTER,2179,0,296,586,,0,-347,108,1,DISTRICT6,TABLET
PYRA-COMP,8/1/2025,HEALTH CENTER,649,,109,386,,,745,43,1,DISTRICT25,TABLET
ACT-SC,12/1/2023,HEALTH CENTER,,44,,268,,0,242,9,30,DISTRICT37,BLISTER
PYRA-SAC,1/1/2025,HEALTH CENTER,76,,3,458,,4,-122,0,1,DISTRICT15,SACHET
ACT-INF,12/1/2024,HEALTH CENTER,196,,56,,,141,-343,11,30,DISTRICT33,BLISTER
ACT-AD,10/1/2024,HEALTH CENTER,5074,5557,2411,6703,,1837,-110,2049,30,DISTRICT30,BLISTER
ACT-INF,8/1/2024,HEALTH CENTER,669,,248,545,,,-541,131,30,DISTRICT1,BLISTER
PYRA-SAC,10/1/2025,HEALTH CENTER,771,40,19,,,,306,3,1,DISTRICT23,SACHET
RDT,11/1/2025,HEALTH CENTER,,16,190,534,440,2845,477,,25,DISTRICT36,PIECE
PYRA-SAC,12/1/2024,HEALTH CENTER,613,,471,1689,,7,-321,297,1,DISTRICT8,SACHET
ACT-GC,7/1/2024,HEALTH CENTER,930,,,410,1432,119,206,248,30,DISTRICT4,BLISTER
PYRA-COMP,2/1/2025,HEALTH CENTER,3586,0,1733,1446,,7962,-115,,1,DISTRICT31,TABLET
ACT-SC,2/1/2025,HEALTH CENTER,554,,,714,,3,17,,30,DISTRICT5,BLISTER
ACT-INF,5/1/2024,HEALTH CENTER,154,0,90,53,520,,-167,12,30,DISTRICT29,BLISTER
ACT-SC,5/1/2024,HEALTH CENTER,758,,,,557,655,-460,49,30,DISTRICT32,BLISTER
ACT-INF,10/1/2024,HEALTH CENTER,,0,,2531,,0,-111,286,30,DISTRICT25,BLISTER
ACT-INF,5/1/2025,DISTRICT HOSPITAL,,87,,,,143,749,790,30,DISTRICT2,BLISTER
ITN,2/1/2025,HEALTH CENTER,552,,100,,,645,-48,5,50,DISTRICT8,PIECE
PYRA-COMP,6/1/2024,HEALTH CENTER,1268,1061,162,1024,,0,-137,98,1,DISTRICT31,TABLET
ACT-AD,11/1/2024,HEALTH CENTER,2683,,688,,,0,-196,563,30,DISTRICT1,BLISTER
PYRA-SAC,4/1/2024,HEALTH CENTER,159,27,66,124,,8,-259,66,1,DISTRICT31,SACHET
QUIN,12/1/2024,HEALTH CENTER,337,0,211,24,,,-340,127,1000,DISTRICT21,TABLET
ACT-SC,5/1/2025,HEALTH CENTER,,,158,,246,0,-339,,30,DISTRICT5,BLISTER
ACT-GC,9/1/2024,HEALTH CENTER,356,,102,189,1836,271,-706,37,30,DISTRICT36,BLISTER
ACT-GC,12/1/2024,HEALTH CENTER,993,0,92,,221,0,126,27,30,DISTRICT7,BLISTER
ACT-AD,9/1/2024,HEALTH CENTER,11,,4,,538,,190,1,30,DISTRICT11,BLISTER
QUIN,7/1/2024,HEALTH CENTER,3037,0,132,,855,3646,138,,1000,DISTRICT32,TABLET
ACT-AD,7/1/2024,HEALTH CENTER,410,226,409,243,,1,193,257,30,DISTRICT36,BLISTER
ACT-INF,11/1/2024,HEALTH CENTER,,0,36,85,553,,949,5,30,DISTRICT32,BLISTER
SP,5/1/2025,HEALTH CENTER,255,,,462,831,,61,90,1000,DISTRICT35,TABLET
ACT-SC,12/1/2024,HEALTH CENTER,1631,45,200,681,,2,-292,,30,DISTRICT32,BLISTER
ACT-SC,8/1/2025,HEALTH CENTER,147,41,86,261,,2,-376,34,30,DISTRICT6,BLISTER
ITN,9/1/2025,HEALTH CENTER,2,123,77,105,729,0,-349,44,50,DISTRICT17,PIECE
ACT-SC,12/1/2023,HEALTH CENTER,1241,,285,,,,1018,273,30,DISTRICT22,BLISTER
ACT-GC,11/1/2024,HEALTH CENTER,,,,44,,,747,,30,DISTRICT15,BLISTER
PYRA-SAC,4/1/2025,HEALTH CENTER,144,,,,,,-265,,1,DISTRICT7,SACHET
QUIN,10/1/2025,HEALTH CENTER,,15,,,600,21,-204,202,1000,DISTRICT31,TABLET
ACT-INF,11/1/2025,HEALTH CENTER,,,323,5797,,0,298,224,30,DISTRICT38,BLISTER
PYRA-SAC,12/1/2024,HEALTH CENTER,152,33,,,,1805,-227,435,1,DISTRICT35,SACHET
ART-SUP,5/1/2024,DISTRICT HOSPITAL,237,164,409,,,2440,489,265,2,DISTRICT32,CAPSULE
ART-SUP,7/1/2025,HEALTH CENTER,276,0,,680,,23,-498,,2,DISTRICT20,CAPSULE
ACT-AD,8/1/2025,HEALTH CENTER,,,378,1398,320,0,-31,146,30,DISTRICT13,BLISTER
ART-INJ,6/1/2025,HEALTH CENTER,1729,8,207,,,62,551,122,5,DISTRICT10,VIAL
ART-SUP,11/1/2024,HEALTH CENTER,403,629,,,,484,97,147,2,DISTRICT31,CAPSULE
ART-SUP,11/1/2025,HEALTH CENTER,5105,,1355,6804,,,983,,2,DISTRICT37,CAPSULE
QUIN,6/1/2025,HEALTH CENTER,2622,0,,1458,,0,-355,,1000,DISTRICT9,TABLET
ACT-INF,1/1/2025,DISTRICT HOSPITAL,,535,,649,,,-342,52,30,DISTRICT32,BLISTER
ART-SUP,3/1/2024,HEALTH CENTER,2361,,917,,,1,1022,,2,DISTRICT26,CAPSULE
ACT-SC,6/1/2025,HEALTH CENTER,1657,428,172,2279,,,324,37,30,DISTRICT30,BLISTER
ACT-GC,1/1/2024,HEALTH CENTER,1092,,206,,,62,-454,,30,DISTRICT20,BLISTER
ACT-AD,9/1/2024,HEALTH CENTER,935,541,78,,1255,32,386,87,30,DISTRICT32,BLISTER
RDT,10/1/2025,HEALTH CENTER,421,193,133,910,,0,619,196,25,DISTRICT31,PIECE
PYRA-COMP,2/1/2025,HEALTH CENTER,5699,114,1188,4321,,0,688,824,1,DISTRICT20,TABLET
ACT-SC,1/1/2025,HEALTH CENTER,1132,,140,1559,,,625,,30,DISTRICT20,BLISTER
PYRA-COMP,7/1/2024,HEALTH CENTER,,,1069,2522,,,-364,943,1,DISTRICT23,TABLET
QUIN,8/1/2024,HEALTH CENTER,,,82,328,,125,103,33,1000,DISTRICT13,TABLET
PYRA-COMP,10/1/2025,HEALTH CENTER,58,2,63,202,,160,-780,111,1,DISTRICT23,TABLET
ACT-AD,5/1/2025,HEALTH CENTER,1736,,485,3897,,1,98,299,30,DISTRICT18,BLISTER
QUIN,5/1/2025,HEALTH CENTER,269,2,127,,283,5,-400,56,1000,DISTRICT36,TABLET
SP,10/1/2025,HEALTH CENTER,158,17,,74,1316,0,-320,30,1000,DISTRICT31,TABLET
ACT-SC,1/1/2025,HEALTH CENTER,2664,,,2269,,170,-65,1222,30,DISTRICT28,BLISTER
ACT-GC,12/1/2024,HEALTH CENTER,956,6,492,1283,,39,976,235,30,DISTRICT37,BLISTER
ACT-INF,11/1/2025,HEALTH CENTER,,,149,479,596,,851,,30,DISTRICT13,BLISTER
SP,9/1/2024,HEALTH CENTER,,1760,,1197,,13,238,,1000,DISTRICT2,TABLET
ART-SUP,8/1/2024,HEALTH CENTER,,,30,,,0,-293,8,2,DISTRICT32,CAPSULE
QUIN,11/1/2025,HEALTH CENTER,2392,,688,1619,,0,-113,,1000,DISTRICT9,TABLET
PYRA-SAC,12/1/2024,HEALTH CENTER,262,,,,,,-470,2,1,DISTRICT7,SACHET
ACT-GC,4/1/2024,HEALTH CENTER,,125,,245,406,1,-240,76,30,DISTRICT31,BLISTER
ACT-GC,7/1/2025,HEALTH CENTER,,,32,44,,3472,393,2,30,DISTRICT30,BLISTER
ACT-SC,5/1/2024,HEALTH CENTER,1670,6,126,1438,,0,-502,,30,DISTRICT19,BLISTER
ACT-AD,11/1/2024,HEALTH CENTER,1564,,527,296,,2580,-68,,30,DISTRICT28,BLISTER
SP,2/1/2025,HEALTH CENTER,2137,,,3143,1030,3,438,564,1000,DISTRICT13,TABLET
QUIN,10/1/2024,HEALTH CENTER,1619,0,,497,,5758,118,33,1000,DISTRICT21,TABLET
SP,2/1/2024,HEALTH CENTER,188,0,42,,,0,-193,,1000,DISTRICT2,TABLET
SP,6/1/2025,HEALTH CENTER,,0,,11,193,38,-132,91,1000,DISTRICT4,TABLET
ART-INJ,5/1/2025,HEALTH CENTER,1009,691,586,1152,,2315,167,424,5,DISTRICT1,VIAL
ITN,5/1/2025,HEALTH CENTER,640,2,18,481,,0,-1056,6,50,DISTRICT4,PIECE
SP,7/1/2024,HEALTH CENTER,4189,4,,1823,,,189,,1000,DISTRICT16,TABLET
PYRA-SAC,6/1/2024,HEALTH CENTER,1013,11,267,1255,,171,-211,,1,DISTRICT13,SACHET
ACT-GC,5/1/2024,HEALTH CENTER,1027,8,,656,301,149,-211,424,30,DISTRICT38,BLISTER
ACT-GC,8/1/2025,HEALTH CENTER,,28,620,2211,274,1,-60,377,30,DISTRICT27,BLISTER
QUIN,10/1/2024,HEALTH CENTER,,,12,127,,544,-627,,1000,DISTRICT11,TABLET
RDT,8/1/2025,HEALTH CENTER,,36,119,75,,489,-700,36,25,DISTRICT12,PIECE
ART-SUP,10/1/2025,HEALTH CENTER,1852,634,407,,798,40,46,237,2,DISTRICT29,CAPSULE
ACT-SC,7/1/2024,HEALTH CENTER,,12,,,,322,-28,,30,DISTRICT21,BLISTER
RDT,2/1/2025,HEALTH CENTER,,,684,1438,,,203,904,25,DISTRICT29,PIECE
ACT-INF,6/1/2025,HEALTH CENTER,,376,291,928,,0,-428,,30,DISTRICT10,BLISTER
ACT-GC,7/1/2024,HEALTH CENTER,1293,92,89,,,4,-60,,30,DISTRICT9,BLISTER
ACT-GC,7/1/2025,HEALTH CENTER,50,0,,,493,0,-210,1,30,DISTRICT25,BLISTER
ACT-SC,12/1/2024,HEALTH CENTER,118,168,335,1176,,,346,65,30,DISTRICT18,BLISTER
ART-SUP,9/1/2024,HEALTH CENTER,801,0,35,,1172,1124,-269,12,2,DISTRICT15,CAPSULE
ACT-INF,12/1/2023,HEALTH CENTER,,0,50,99,,,227,,30,DISTRICT3,BLISTER
ACT-INF,11/1/2024,HEALTH CENTER,1346,,403,1650,,120,-61,506,30,DISTRICT25,BLISTER
ITN,8/1/2024,HEALTH CENTER,452,10,88,538,,1410,-8,20,50,DISTRICT26,PIECE
SP,12/1/2023,HEALTH CENTER,1533,1,545,2588,,,-421,702,1000,DISTRICT32,TABLET
ACT-INF,11/1/2025,HEALTH CENTER,994,,36,,518,3,748,7,30,DISTRICT28,BLISTER
ACT-GC,5/1/2024,HEALTH CENTER,92,0,,147,,0,-163,0,30,DISTRICT15,BLISTER
RDT,11/1/2024,HEALTH CENTER,744,67,452,147,1025,622,-188,86,25,DISTRICT15,PIECE
ART-INJ,10/1/2025,HEALTH CENTER,201,,52,284,,0,110,23,5,DISTRICT15,VIAL
ACT-INF,9/1/2025,HEALTH CENTER,,41,104,318,141,0,174,31,30,DISTRICT25,BLISTER
ITN,5/1/2024,HEALTH CENTER,613,295,,2620,,,-39,,50,DISTRICT31,PIECE
PYRA-COMP,9/1/2024,HEALTH CENTER,,19,36,1301,,0,-304,12,1,DISTRICT18,TABLET
SP,9/1/2024,HEALTH CENTER,,2416,67,,,674,-410,45,1000,DISTRICT13,TABLET
ITN,5/1/2024,HEALTH CENTER,7132,,,4914,,658,-316,638,50,DISTRICT32,PIECE
PYRA-SAC,9/1/2024,HEALTH CENTER,,,,1709,,0,66,153,1,DISTRICT9,SACHET
QUIN,12/1/2023,HEALTH CENTER,1274,3,639,1630,,1906,-364,375,1000,DISTRICT11,TABLET
ART-INJ,5/1/2024,HEALTH CENTER,,81,,315,1420,616,453,,5,DISTRICT33,VIAL
ITN,2/1/2024,HEALTH CENTER,,1,499,,,835,84,317,50,DISTRICT37,PIECE
ART-SUP,10/1/2025,HEALTH CENTER,125,21,79,,,2,1126,,2,DISTRICT20,CAPSULE
ITN,8/1/2025,HEALTH CENTER,15,3,8,53,794,79,-111,16,50,DISTRICT35,PIECE
ART-INJ,9/1/2025,HEALTH CENTER,14,1,343,59,,2637,276,,5,DISTRICT24,VIAL
ACT-INF,9/1/2024,HEALTH CENTER,1118,1,522,,1174,315,178,254,30,DISTRICT36,BLISTER
ITN,8/1/2024,HEALTH CENTER,36,39,57,,,1,578,,50,DISTRICT23,PIECE
ACT-INF,9/1/2025,HEALTH CENTER,1575,365,,4368,829,0,101,290,30,DISTRICT7,BLISTER
QUIN,2/1/2024,HEALTH CENTER,,0,105,,,758,808,,1000,DISTRICT29,TABLET
ART-SUP,11/1/2024,HEALTH CENTER,654,1031,288,,,0,126,,2,DISTRICT28,CAPSULE
ACT-GC,9/1/2024,HEALTH CENTER,,0,128,,,,92,,30,DISTRICT11,BLISTER
PYRA-SAC,1/1/2024,HEALTH CENTER,1477,8,,1083,,755,215,,1,DISTRICT3,SACHET
ACT-SC,4/1/2024,HEALTH CENTER,94,0,6,,,3839,-1066,2,30,DISTRICT15,BLISTER
PYRA-COMP,3/1/2025,HEALTH CENTER,2632,655,,,,,-666,131,1,DISTRICT14,TABLET
ACT-GC,3/1/2025,HEALTH CENTER,1215,79,209,1868,1319,0,181,38,30,DISTRICT13,BLISTER
ACT-AD,4/1/2024,HEALTH CENTER,2276,1623,1456,2109,,4106,-204,764,30,DISTRICT1,BLISTER
ACT-INF,9/1/2025,HEALTH CENTER,325,5,46,83,,0,417,10,30,DISTRICT37,BLISTER
ACT-SC,7/1/2025,HEALTH CENTER,1484,,,638,,,-406,167,30,DISTRICT13,BLISTER
ART-SUP,7/1/2025,HEALTH CENTER,136,,179,369,,,853,136,2,DISTRICT16,CAPSULE
PYRA-SAC,4/1/2024,HEALTH CENTER,362,,,1463,,95,105,114,1,DISTRICT15,SACHET
ART-SUP,9/1/2024,DISTRICT HOSPITAL,,,1110,581,,822,-377,841,2,DISTRICT32,CAPSULE
ART-INJ,2/1/2025,HEALTH CENTER,,102,,1667,,0,253,115,5,DISTRICT13,VIAL
RDT,11/1/2024,HEALTH CENTER,370,1021,368,,,1873,68,,25,DISTRICT27,PIECE
PYRA-SAC,6/1/2025,HEALTH CENTER,4334,,517,,,0,107,169,1,DISTRICT23,SACHET
ITN,7/1/2024,HEALTH CENTER,1010,169,173,381,1578,11235,-52,24,50,DISTRICT9,PIECE
QUIN,8/1/2025,HEALTH CENTER,1207,16,43,317,,310,-474,,1000,DISTRICT24,TABLET
ACT-SC,10/1/2024,HEALTH CENTER,508,0,,76,1386,1850,-504,15,30,DISTRICT19,BLISTER
SP,4/1/2024,HEALTH CENTER,1129,0,,289,1771,3906,650,119,1000,DISTRICT28,TABLET
ART-INJ,5/1/2024,HEALTH CENTER,,,,,260,,-454,44,5,DISTRICT16,VIAL
PYRA-SAC,9/1/2025,HEALTH CENTER,2561,33,1225,2514,,37,-236,1056,1,DISTRICT16,SACHET
ACT-INF,2/1/2024,HEALTH CENTER,97,1,27,,513,18,-418,18,30,DISTRICT11,BLISTER
ACT-SC,6/1/2024,DISTRICT HOSPITAL,80,0,21,125,,0,278,,30,DISTRICT33,BLISTER
RDT,10/1/2024,HEALTH CENTER,79,416,12,21,,,-126,1,25,DISTRICT19,PIECE
ACT-AD,10/1/2024,HEALTH CENTER,,0,69,239,,1,-12,39,30,DISTRICT8,BLISTER
PYRA-SAC,9/1/2025,HEALTH CENTER,1497,220,126,,,0,236,107,1,DISTRICT25,SACHET
ACT-GC,10/1/2024,HEALTH CENTER,2827,162,233,1853,,0,-198,,30,DISTRICT23,BLISTER
SP,6/1/2025,HEALTH CENTER,4603,69,1306,,,834,-222,,1000,DISTRICT2,TABLET
ITN,8/1/2025,HEALTH CENTER,1302,539,670,225,,0,-378,446,50,DISTRICT12,PIECE
PYRA-SAC,11/1/2025,HEALTH CENTER,456,,32,635,,0,688,1,1,DISTRICT25,SACHET
ACT-AD,10/1/2025,HEALTH CENTER,224,398,232,,743,0,385,,30,DISTRICT31,BLISTER
ACT-GC,1/1/2025,HEALTH CENTER,,1,3,,395,,86,0,30,DISTRICT23,BLISTER
ART-INJ,9/1/2025,HEALTH CENTER,,,,,,,-54,169,5,DISTRICT28,VIAL
ART-INJ,1/1/2025,HEALTH CENTER,852,97,,2033,,,286,,5,DISTRICT22,VIAL
SP,8/1/2025,HEALTH CENTER,1285,29,192,1468,,0,323,36,1000,DISTRICT25,TABLET
QUIN,4/1/2025,HEALTH CENTER,56,0,21,,,7,370,,1000,DISTRICT32,TABLET
ACT-GC,12/1/2023,HEALTH CENTER,706,9,,,1551,1652,-659,,30,DISTRICT8,BLISTER
ART-INJ,5/1/2024,HEALTH CENTER,291,332,121,715,,0,-430,51,5,DISTRICT3,VIAL
ART-INJ,4/1/2024,HEALTH CENTER,43,0,17,1028,,0,-238,2,5,DISTRICT37,VIAL
RDT,4/1/2024,HEALTH CENTER,105,21,168,71,,148,-453,111,25,DISTRICT25,PIECE
PYRA-SAC,12/1/2024,HEALTH CENTER,,,,,1479,,40,,1,DISTRICT2,SACHET
ACT-INF,8/1/2024,HEALTH CENTER,30,,101,,,1,478,158,30,DISTRICT29,BLISTER
ART-SUP,10/1/2025,HEALTH CENTER,276,13,22,359,,46,20,,2,DISTRICT24,CAPSULE
ACT-GC,12/1/2023,HEALTH CENTER,631,243,,353,,1,741,54,30,DISTRICT22,BLISTER
ART-SUP,1/1/2025,HEALTH CENTER,107,752,180,255,1761,60,-317,42,2,DISTRICT12,CAPSULE
ACT-GC,12/1/2024,HEALTH CENTER,2768,259,673,,,262,-43,1074,30,DISTRICT8,BLISTER
ACT-GC,8/1/2024,HEALTH CENTER,1034,7,,,,1570,-164,405,30,DISTRICT33,BLISTER
PYRA-SAC,12/1/2023,NATIONAL HOSPITAL,350,,139,553,,,-117,254,1,DISTRICT21,SACHET
SP,11/1/2024,HEALTH CENTER,,1,,,1434,19,942,162,1000,DISTRICT20,TABLET
SP,6/1/2025,HEALTH CENTER,409,3,115,901,,4,139,154,1000,DISTRICT29,TABLET
RDT,1/1/2025,HEALTH CENTER,545,,31,1040,,,290,29,25,DISTRICT15,PIECE
ACT-GC,12/1/2023,HEALTH CENTER,1322,20,303,2673,,,1266,383,30,DISTRICT25,BLISTER
ITN,8/1/2024,HEALTH CENTER,1047,,46,,,3,-438,6,50,DISTRICT16,PIECE
ART-SUP,4/1/2025,HEALTH CENTER,,346,870,,2373,10242,-538,584,2,DISTRICT21,CAPSULE
ITN,9/1/2025,HEALTH CENTER,988,0,246,,,2248,-615,205,50,DISTRICT25,PIECE
ART-SUP,8/1/2025,HEALTH CENTER,11,,23,32,,0,-249,1,2,DISTRICT3,CAPSULE
ACT-SC,5/1/2024,HEALTH CENTER,,40,,606,,0,294,,30,DISTRICT13,BLISTER
ART-INJ,7/1/2024,HEALTH CENTER,3757,,488,,,2,-151,467,5,DISTRICT18,VIAL
ART-SUP,9/1/2025,HEALTH CENTER,,,,304,,30,-201,,2,DISTRICT28,CAPSULE
ACT-INF,1/1/2024,HEALTH CENTER,2488,324,303,2411,,,-502,424,30,DISTRICT25,BLISTER
RDT,4/1/2024,HEALTH CENTER,2580,1838,405,,,0,-314,249,25,DISTRICT23,PIECE
ITN,5/1/2025,HEALTH CENTER,,23,569,2699,2155,207,-468,308,50,DISTRICT16,PIECE
ACT-SC,4/1/2025,HEALTH CENTER,,,73,229,367,0,67,,30,DISTRICT9,BLISTER
ACT-INF,12/1/2023,HEALTH CENTER,2619,440,824,5071,533,,-97,,30,DISTRICT14,BLISTER
SP,8/1/2024,DISTRICT HOSPITAL,815,,377,918,,5644,-844,478,1000,DISTRICT23,TABLET
SP,9/1/2025,HEALTH CENTER,,,607,93,,25,-481,,1000,DISTRICT13,TABLET
ITN,4/1/2024,HEALTH CENTER,12,,192,,,0,-393,,50,DISTRICT13,PIECE
ACT-AD,3/1/2025,HEALTH CENTER,284,7,,41,,,-859,4,30,DISTRICT28,BLISTER
ACT-GC,5/1/2024,HEALTH CENTER,3610,501,1106,3053,,,72,1321,30,DISTRICT37,BLISTER
ACT-INF,5/1/2024,HEALTH CENTER,400,99,378,1268,,17,440,,30,DISTRICT29,BLISTER
RDT,12/1/2024,REGIONAL HOSPITAL,5754,11,661,2867,,1319,73,,25,DISTRICT25,PIECE
ACT-AD,6/1/2024,HEALTH CENTER,454,,22,,505,0,-78,16,30,DISTRICT20,BLISTER
ITN,5/1/2025,HEALTH CENTER,,24,831,7454,,1,-288,1811,50,DISTRICT29,PIECE
PYRA-SAC,10/1/2025,HEALTH CENTER,,,223,,,4,1012,87,1,DISTRICT21,SACHET
RDT,4/1/2024,HEALTH CENTER,,,151,,,3,292,66,25,DISTRICT33,PIECE
RDT,8/1/2024,HEALTH CENTER,268,237,184,,287,6,124,,25,DISTRICT15,PIECE
ART-INJ,2/1/2024,DISTRICT HOSPITAL,17,1,11,,,,-199,16,5,DISTRICT20,VIAL
ART-SUP,8/1/2024,HEALTH CENTER,,,,,,,14,8,2,DISTRICT24,CAPSULE
SP,2/1/2025,HEALTH CENTER,,0,788,3593,,11,-14,,1000,DISTRICT14,TABLET
ACT-AD,4/1/2025,HEALTH CENTER,166,2,188,100,1208,330,245,99,30,DISTRICT33,BLISTER
SP,6/1/2024,HEALTH CENTER,,,23,81,,0,-193,4,1000,DISTRICT7,TABLET
ART-SUP,2/1/2025,HEALTH CENTER,26,,31,456,,,306,1,2,DISTRICT13,CAPSULE
PYRA-COMP,10/1/2024,HEALTH CENTER,1998,,152,1999,,0,331,75,1,DISTRICT20,TABLET
ACT-AD,4/1/2025,HEALTH CENTER,641,,92,14,,123,-206,,30,DISTRICT19,BLISTER
ART-SUP,11/1/2025,DISTRICT HOSPITAL,,6,535,2462,,3,-330,895,2,DISTRICT31,CAPSULE
PYRA-SAC,10/1/2025,HEALTH CENTER,,203,242,525,,4595,-253,514,1,DISTRICT36,SACHET
ACT-INF,8/1/2025,HEALTH CENTER,5731,,1380,3377,3834,7597,227,,30,DISTRICT19,BLISTER
ACT-INF,4/1/2024,HEALTH CENTER,1696,0,163,1802,,,373,71,30,DISTRICT14,BLISTER
ART-SUP,6/1/2024,HEALTH CENTER,885,35,125,464,,381,-17,152,2,DISTRICT28,CAPSULE
ART-SUP,4/1/2025,HEALTH CENTER,,,,1444,,,102,417,2,DISTRICT32,CAPSULE
PYRA-SAC,10/1/2025,HEALTH CENTER,52,1272,499,409,,53,8,223,1,DISTRICT31,SACHET
QUIN,10/1/2024,HEALTH CENTER,1018,561,,609,,142,-357,182,1000,DISTRICT8,TABLET
ART-INJ,12/1/2023,HEALTH CENTER,15,8,68,4,,1106,19,48,5,DISTRICT5,VIAL
ITN,2/1/2025,HEALTH CENTER,,3,159,420,294,0,-291,43,50,DISTRICT17,PIECE
ACT-SC,2/1/2025,HEALTH CENTER,0,299,10,5,,248,-231,40,30,DISTRICT16,BLISTER
SP,8/1/2025,HEALTH CENTER,,10,24,214,,0,12,,1000,DISTRICT20,TABLET
PYRA-COMP,9/1/2025,HEALTH CENTER,2184,,,765,540,1508,-188,120,1,DISTRICT19,TABLET
ACT-AD,5/1/2025,HEALTH CENTER,,131,150,1221,520,19,140,,30,DISTRICT32,BLISTER
ART-SUP,1/1/2024,HEALTH CENTER,,,,835,,3362,-243,253,2,DISTRICT36,CAPSULE
ART-SUP,6/1/2025,HEALTH CENTER,1261,122,,684,870,5,-79,3,2,DISTRICT1,CAPSULE
PYRA-COMP,7/1/2025,HEALTH CENTER,,72,,,,649,572,,1,DISTRICT26,TABLET
ART-SUP,11/1/2024,HEALTH CENTER,34,8,,9,,468,1094,44,2,DISTRICT35,CAPSULE
ART-SUP,1/1/2025,HEALTH CENTER,3,,95,,277,0,105,17,2,DISTRICT7,CAPSULE
SP,8/1/2025,DISTRICT HOSPITAL,3369,0,,370,731,4550,152,507,1000,DISTRICT9,TABLET
ACT-SC,8/1/2025,HEALTH CENTER,,0,268,42,,,-972,199,30,DISTRICT33,BLISTER
QUIN,12/1/2023,REGIONAL HOSPITAL,352,,142,,,,-701,,1000,DISTRICT15,TABLET
ITN,10/1/2025,DISTRICT HOSPITAL,682,4,222,232,,,638,54,50,DISTRICT31,PIECE
ACT-GC,1/1/2024,HEALTH CENTER,,,369,1075,,10,277,440,30,DISTRICT16,BLISTER
ART-INJ,9/1/2024,HEALTH CENTER,112,,94,389,,,332,21,5,DISTRICT9,VIAL
ACT-INF,1/1/2025,HEALTH CENTER,65,3,41,,,1,383,,30,DISTRICT15,BLISTER
RDT,9/1/2025,HEALTH CENTER,624,1,116,,,0,645,66,25,DISTRICT32,PIECE
QUIN,10/1/2024,HEALTH CENTER,372,323,,562,711,64,355,630,1000,DISTRICT14,TABLET
RDT,2/1/2024,HEALTH CENTER,184,3,309,186,,,-333,,25,DISTRICT36,PIECE
ACT-SC,11/1/2024,HEALTH CENTER,3639,,840,4353,,173,-272,938,30,DISTRICT3,BLISTER
QUIN,8/1/2024,HEALTH CENTER,19,,,9,,2,-707,,1000,DISTRICT1,TABLET
ACT-INF,4/1/2024,HEALTH CENTER,2276,1,,2363,,0,242,34,30,DISTRICT17,BLISTER
PYRA-COMP,7/1/2024,DISTRICT HOSPITAL,687,560,,,732,612,-1003,197,1,DISTRICT33,TABLET
ART-SUP,10/1/2024,HEALTH CENTER,155,,41,878,,0,-434,2,2,DISTRICT9,CAPSULE
ACT-INF,1/1/2024,HEALTH CENTER,36,8,55,9,,905,-764,,30,DISTRICT6,BLISTER
ART-SUP,3/1/2024,HEALTH CENTER,48,0,2,,307,0,85,,2,DISTRICT21,CAPSULE
ACT-GC,3/1/2024,HEALTH CENTER,,1,,,696,1,458,51,30,DISTRICT17,BLISTER
ITN,4/1/2025,HEALTH CENTER,3208,174,1074,,2980,,-791,1476,50,DISTRICT20,PIECE
ITN,2/1/2025,HEALTH CENTER,838,,,,247,0,777,45,50,DISTRICT25,PIECE
ITN,3/1/2024,REGIONAL HOSPITAL,990,,103,114,,5,-4,86,50,DISTRICT8,PIECE
ITN,4/1/2025,HEALTH CENTER,,0,42,882,,0,4,6,50,DISTRICT28,PIECE
ACT-SC,5/1/2024,HEALTH CENTER,201,7,54,1181,1330,,341,59,30,DISTRICT19,BLISTER
PYRA-COMP,12/1/2024,HEALTH CENTER,,0,,132,600,,588,142,1,DISTRICT15,TABLET
ART-INJ,6/1/2025,DISTRICT HOSPITAL,313,2,81,52,1018,,-121,,5,DISTRICT1,VIAL
PYRA-COMP,3/1/2024,HEALTH CENTER,,,10,257,,8,-719,11,1,DISTRICT8,TABLET
PYRA-COMP,11/1/2025,DISTRICT HOSPITAL,672,43,214,1330,,0,-336,106,1,DISTRICT13,TABLET
ACT-SC,7/1/2024,HEALTH CENTER,1160,0,63,91,,551,-96,,30,DISTRICT7,BLISTER
ITN,4/1/2025,HEALTH CENTER,,3,,,,55,-637,223,50,DISTRICT23,PIECE
PYRA-SAC,7/1/2024,HEALTH CENTER,3059,0,563,2393,,92,617,340,1,DISTRICT36,SACHET
ITN,10/1/2024,HEALTH CENTER,799,78,,,,,712,89,50,DISTRICT13,PIECE
ART-SUP,9/1/2024,HEALTH CENTER,1417,2250,1247,4122,,,14,982,2,DISTRICT28,CAPSULE
ART-SUP,2/1/2024,HEALTH CENTER,53,433,159,1163,,251,231,33,2,DISTRICT10,CAPSULE
ART-INJ,3/1/2025,HEALTH CENTER,21,1,,47,1580,815,-359,26,5,DISTRICT29,VIAL
ACT-INF,4/1/2024,HEALTH CENTER,1152,,208,2157,,8,427,,30,DISTRICT31,BLISTER
ART-SUP,3/1/2025,HEALTH CENTER,,136,,,,254,455,338,2,DISTRICT28,CAPSULE
PYRA-SAC,7/1/2024,HEALTH CENTER,239,406,,844,,1,185,,1,DISTRICT11,SACHET
ITN,6/1/2025,HEALTH CENTER,,51,150,1634,,3,366,61,50,DISTRICT8,PIECE
PYRA-SAC,9/1/2024,HEALTH CENTER,4165,,,2322,,479,137,966,1,DISTRICT2,SACHET
ACT-GC,11/1/2024,HEALTH CENTER,995,28,,320,745,,211,92,30,DISTRICT9,BLISTER
PYRA-SAC,2/1/2025,HEALTH CENTER,1631,1264,1728,,1422,3253,396,,1,DISTRICT36,SACHET
QUIN,1/1/2025,HEALTH CENTER,,0,,514,,1182,636,,1000,DISTRICT10,TABLET
ACT-GC,5/1/2024,HEALTH CENTER,8,,38,,,90,-260,46,30,DISTRICT4,BLISTER
ACT-SC,2/1/2024,HEALTH CENTER,724,23,112,,570,69,-314,105,30,DISTRICT8,BLISTER
ART-SUP,12/1/2024,HEALTH CENTER,,,,3188,,,-71,285,2,DISTRICT12,CAPSULE
PYRA-COMP,11/1/2025,HEALTH CENTER,,1,28,,1118,0,177,6,1,DISTRICT21,TABLET
ART-INJ,1/1/2024,HEALTH CENTER,22,,7,14,319,0,-285,2,5,DISTRICT33,VIAL
ART-INJ,1/1/2025,HEALTH CENTER,377,,,,,244,-343,140,5,DISTRICT28,VIAL
ITN,2/1/2024,HEALTH CENTER,,0,,150,,33,399,31,50,DISTRICT31,PIECE
ACT-AD,6/1/2024,HEALTH CENTER,1555,1,,409,,0,-382,41,30,DISTRICT29,BLISTER
ART-SUP,8/1/2025,HEALTH CENTER,,0,106,423,650,1627,-1212,203,2,DISTRICT37,CAPSULE
ACT-AD,2/1/2025,HEALTH CENTER,213,,163,369,,7457,-255,60,30,DISTRICT29,BLISTER
ACT-GC,7/1/2025,HEALTH CENTER,82,0,,64,,9,712,36,30,DISTRICT29,BLISTER
ITN,6/1/2024,HEALTH CENTER,8352,,,8004,1484,1598,-158,710,50,DISTRICT1,PIECE
RDT,4/1/2025,HEALTH CENTER,286,1,15,84,,43,242,,25,DISTRICT20,PIECE
PYRA-COMP,2/1/2025,HEALTH CENTER,,67,9,447,,,-415,1,1,DISTRICT33,TABLET
PYRA-SAC,11/1/2024,HEALTH CENTER,260,,13,65,,171,-20,,1,DISTRICT29,SACHET
ART-SUP,3/1/2025,HEALTH CENTER,,0,158,1070,513,551,26,15,2,DISTRICT29,CAPSULE
ART-INJ,11/1/2024,HEALTH CENTER,963,6,73,,,0,-431,33,5,DISTRICT36,VIAL
PYRA-COMP,11/1/2024,HEALTH CENTER,1354,,,,,2844,-431,,1,DISTRICT32,TABLET
ACT-SC,9/1/2025,HEALTH CENTER,362,268,166,1548,368,0,708,119,30,DISTRICT35,BLISTER
PYRA-COMP,3/1/2024,HEALTH CENTER,406,1022,437,,,4,335,278,1,DISTRICT25,TABLET
ACT-SC,11/1/2025,REGIONAL HOSPITAL,,1176,84,3312,,0,-605,279,30,DISTRICT16,BLISTER
ACT-SC,8/1/2025,HEALTH CENTER,48,0,3,,,,494,2,30,DISTRICT28,BLISTER
QUIN,7/1/2025,HEALTH CENTER,113,11,,486,,0,468,4,1000,DISTRICT4,TABLET
ACT-INF,7/1/2024,HEALTH CENTER,112,1,,508,,3284,401,595,30,DISTRICT23,BLISTER
ART-SUP,4/1/2024,HEALTH CENTER,2430,1860,869,3702,,0,34,661,2,DISTRICT20,CAPSULE
ITN,9/1/2025,HEALTH CENTER,112,,,228,420,0,1,1,50,DISTRICT36,PIECE
ACT-GC,10/1/2024,HEALTH CENTER,1855,4,235,3671,,4078,-216,284,30,DISTRICT16,BLISTER
ACT-SC,5/1/2024,DISTRICT HOSPITAL,,49,96,679,585,,-1258,,30,DISTRICT7,BLISTER
ART-INJ,5/1/2025,HEALTH CENTER,228,,,342,,,72,502,5,DISTRICT20,VIAL
ACT-GC,8/1/2024,HEALTH CENTER,604,0,149,273,,49,570,,30,DISTRICT32,BLISTER
SP,3/1/2024,HEALTH CENTER,261,,23,,,1,456,9,1000,DISTRICT37,TABLET
ACT-INF,11/1/2025,HEALTH CENTER,,46,1528,,961,5880,-498,,30,DISTRICT32,BLISTER
ACT-GC,7/1/2025,HEALTH CENTER,2801,0,306,,,,-701,,30,DISTRICT28,BLISTER
ITN,7/1/2024,HEALTH CENTER,,14,300,,,1987,-173,361,50,DISTRICT36,PIECE
ART-SUP,10/1/2025,HEALTH CENTER,,157,204,585,,24,640,,2,DISTRICT32,CAPSULE
RDT,4/1/2025,HEALTH CENTER,354,,,455,565,3,-3,326,25,DISTRICT37,PIECE
ACT-SC,1/1/2024,DISTRICT HOSPITAL,350,0,7,11,,237,-850,,30,DISTRICT30,BLISTER
ACT-SC,6/1/2025,HEALTH CENTER,1403,,379,,,0,-621,319,30,DISTRICT9,BLISTER
ACT-SC,12/1/2024,HEALTH CENTER,,0,,,,92,129,2,30,DISTRICT31,BLISTER
ACT-AD,2/1/2025,HEALTH CENTER,,0,,535,,0,162,,30,DISTRICT13,BLISTER
PYRA-COMP,8/1/2024,DISTRICT HOSPITAL,,8,315,,,,-39,280,1,DISTRICT7,TABLET
ACT-AD,5/1/2024,HEALTH CENTER,,0,,,,5,219,186,30,DISTRICT32,BLISTER
ACT-SC,12/1/2023,HEALTH CENTER,239,,198,263,,56,35,44,30,DISTRICT28,BLISTER
PYRA-COMP,11/1/2024,HEALTH CENTER,560,9,,549,,288,391,,1,DISTRICT2,TABLET
RDT,10/1/2024,HEALTH CENTER,808,,47,961,,0,211,31,25,DISTRICT35,PIECE
ACT-GC,11/1/2025,HEALTH CENTER,,2,7,53,,0,250,0,30,DISTRICT17,BLISTER
QUIN,12/1/2023,HEALTH CENTER,,20,176,,,0,-230,236,1000,DISTRICT31,TABLET
ART-INJ,10/1/2024,HEALTH CENTER,,,120,1389,,0,169,16,5,DISTRICT14,VIAL
PYRA-SAC,10/1/2025,HEALTH CENTER,1868,205,589,2074,746,,247,341,1,DISTRICT18,SACHET
RDT,7/1/2025,HEALTH CENTER,,92,75,506,230,,-331,,25,DISTRICT29,PIECE
ITN,12/1/2024,HEALTH CENTER,,,137,2303,,0,-264,79,50,DISTRICT9,PIECE
PYRA-COMP,9/1/2025,HEALTH CENTER,3104,,483,2283,,,69,,1,DISTRICT33,TABLET
PYRA-SAC,9/1/2025,HEALTH CENTER,,,,21,,19,608,,1,DISTRICT37,SACHET
RDT,3/1/2025,HEALTH CENTER,,511,410,1352,,0,-89,258,25,DISTRICT9,PIECE
QUIN,9/1/2025,HEALTH CENTER,,0,82,17,,,344,48,1000,DISTRICT23,TABLET
ART-SUP,7/1/2025,HEALTH CENTER,8,,,15,,0,-235,2,2,DISTRICT9,CAPSULE
PYRA-SAC,3/1/2025,HEALTH CENTER,135,37,100,310,,1219,119,219,1,DISTRICT13,SACHET
ITN,10/1/2024,DISTRICT HOSPITAL,,1295,34,1098,,,523,,50,DISTRICT31,PIECE
ACT-GC,5/1/2024,HEALTH CENTER,901,0,65,159,,95,-534,30,30,DISTRICT16,BLISTER
QUIN,2/1/2025,DISTRICT HOSPITAL,782,1,130,811,1374,0,424,125,1000,DISTRICT15,TABLET
RDT,10/1/2025,HEALTH CENTER,,,,99,,0,-92,55,25,DISTRICT12,PIECE
ART-INJ,12/1/2023,HEALTH CENTER,4892,,182,3609,1395,20,-376,127,5,DISTRICT37,VIAL
ACT-SC,8/1/2025,HEALTH CENTER,226,0,,10,,1,-193,5,30,DISTRICT26,BLISTER
ACT-GC,1/1/2025,HEALTH CENTER,2874,,,1355,,10,-272,353,30,DISTRICT1,BLISTER
ACT-GC,6/1/2025,HEALTH CENTER,20,18,,,,190,-52,70,30,DISTRICT31,BLISTER
PYRA-SAC,2/1/2024,HEALTH CENTER,,17,82,147,,4,-650,,1,DISTRICT31,SACHET
ACT-SC,2/1/2025,HEALTH CENTER,,,576,,,3570,383,485,30,DISTRICT24,BLISTER
ACT-SC,8/1/2024,HEALTH CENTER,64,,,9,,52,185,,30,DISTRICT33,BLISTER
ART-INJ,9/1/2024,HEALTH CENTER,,96,197,,,602,-576,,5,DISTRICT33,VIAL
ACT-SC,4/1/2025,HEALTH CENTER,88,0,,12,,,-604,5,30,DISTRICT20,BLISTER
ACT-GC,11/1/2025,HEALTH CENTER,22,71,2,59,,,-551,0,30,DISTRICT13,BLISTER
ART-INJ,12/1/2024,HEALTH CENTER,2392,81,239,2668,661,4,-280,105,5,DISTRICT12,VIAL
ART-INJ,12/1/2024,HEALTH CENTER,3046,,387,3589,666,,-154,157,5,DISTRICT1,VIAL
QUIN,1/1/2024,HEALTH CENTER,,,82,254,937,4,-418,,1000,DISTRICT36,TABLET
RDT,8/1/2024,HEALTH CENTER,17,,5,104,,,415,0,25,DISTRICT10,PIECE
ACT-AD,10/1/2025,DISTRICT HOSPITAL,,1,18,,337,,1,,30,DISTRICT18,BLISTER
QUIN,8/1/2025,HEALTH CENTER,,,474,1215,757,96,263,,1000,DISTRICT31,TABLET
ACT-SC,8/1/2025,HEALTH CENTER,1465,3,231,2575,,0,-256,225,30,DISTRICT6,BLISTER
QUIN,7/1/2024,HEALTH CENTER,548,0,105,1121,,398,-45,160,1000,DISTRICT26,TABLET
ART-INJ,6/1/2024,HEALTH CENTER,,336,26,343,,3,918,,5,DISTRICT21,VIAL
ITN,10/1/2024,HEALTH CENTER,,6,1,3,,91,-244,,50,DISTRICT29,PIECE
PYRA-COMP,8/1/2024,HEALTH CENTER,457,27,,102,,28,170,62,1,DISTRICT23,TABLET
ART-SUP,8/1/2025,HEALTH CENTER,3793,41,301,2093,,5,383,437,2,DISTRICT38,CAPSULE
ACT-SC,3/1/2025,HEALTH CENTER,1994,9,1028,3759,,638,125,,30,DISTRICT23,BLISTER
ACT-GC,9/1/2025,HEALTH CENTER,182,,142,332,,106,-22,83,30,DISTRICT31,BLISTER
QUIN,2/1/2024,HEALTH CENTER,846,,554,,,37,520,116,1000,DISTRICT29,TABLET
SP,6/1/2025,HEALTH CENTER,,1,505,856,494,327,154,110,1000,DISTRICT10,TABLET
PYRA-COMP,7/1/2025,HEALTH CENTER,409,1,89,331,,175,381,10,1,DISTRICT23,TABLET
ART-SUP,10/1/2025,HEALTH CENTER,,31,357,231,,0,-34,545,2,DISTRICT10,CAPSULE
ART-SUP,7/1/2025,DISTRICT HOSPITAL,311,0,134,230,221,,4,,2,DISTRICT13,CAPSULE
PYRA-SAC,8/1/2025,HEALTH CENTER,2357,4,390,562,,236,-136,178,1,DISTRICT15,SACHET
QUIN,8/1/2024,HEALTH CENTER,,,,1060,,258,-105,48,1000,DISTRICT37,TABLET
RDT,7/1/2025,HEALTH CENTER,140,1484,30,304,,,-461,55,25,DISTRICT9,PIECE
SP,1/1/2024,HEALTH CENTER,1440,,94,,,,148,28,1000,DISTRICT15,TABLET
PYRA-SAC,6/1/2024,HEALTH CENTER,93,145,102,383,,0,-48,8,1,DISTRICT33,SACHET
PYRA-SAC,7/1/2025,HEALTH CENTER,793,11,61,309,,0,-737,159,1,DISTRICT32,SACHET
SP,1/1/2025,HEALTH CENTER,185,92,178,,,0,-208,,1000,DISTRICT36,TABLET
ART-SUP,9/1/2025,HEALTH CENTER,987,116,486,1841,,11,84,240,2,DISTRICT14,CAPSULE
ART-INJ,3/1/2024,HEALTH CENTER,4551,,,5880,314,6,-546,718,5,DISTRICT23,VIAL
ART-SUP,1/1/2024,HEALTH CENTER,,304,,52,,0,316,28,2,DISTRICT3,CAPSULE
PYRA-COMP,9/1/2024,HEALTH CENTER,,488,395,574,,283,-262,,1,DISTRICT1,TABLET
PYRA-COMP,8/1/2024,HEALTH CENTER,181,40,,598,,0,250,,1,DISTRICT20,TABLET
ART-INJ,11/1/2024,HEALTH CENTER,155,0,22,1584,,0,-222,,5,DISTRICT12,VIAL
PYRA-SAC,6/1/2025,HEALTH CENTER,1785,1464,623,4076,,0,-31,967,1,DISTRICT21,SACHET
ART-INJ,12/1/2024,HEALTH CENTER,20,0,1,,,0,-222,0,5,DISTRICT27,VIAL
SP,6/1/2025,HEALTH CENTER,,198,45,994,,0,-659,,1000,DISTRICT32,TABLET
ART-SUP,7/1/2024,HEALTH CENTER,1,,1,32,,,131,0,2,DISTRICT29,CAPSULE
ACT-GC,11/1/2024,HEALTH CENTER,,0,201,1558,,4348,-498,359,30,DISTRICT6,BLISTER
RDT,12/1/2024,HEALTH CENTER,,63,342,,,96,457,372,25,DISTRICT28,PIECE
QUIN,7/1/2025,HEALTH CENTER,,120,636,8580,,28,508,619,1000,DISTRICT17,TABLET
PYRA-SAC,2/1/2024,HEALTH CENTER,398,,104,212,,,-584,,1,DISTRICT25,SACHET
ACT-AD,10/1/2025,DISTRICT HOSPITAL,21,2,43,116,,186,-398,32,30,DISTRICT24,BLISTER
QUIN,8/1/2024,HEALTH CENTER,286,3,,,,17,490,,1000,DISTRICT30,TABLET
ART-INJ,5/1/2024,HEALTH CENTER,,0,104,1491,,,-298,,5,DISTRICT16,VIAL
PYRA-COMP,10/1/2024,DISTRICT HOSPITAL,,83,57,445,,45,-162,93,1,DISTRICT1,TABLET
ACT-INF,6/1/2025,HEALTH CENTER,284,,,680,,7,-19,14,30,DISTRICT28,BLISTER
RDT,9/1/2025,HEALTH CENTER,524,334,93,568,,267,-478,86,25,DISTRICT11,PIECE
ACT-GC,4/1/2024,HEALTH CENTER,429,193,297,489,,,-412,,30,DISTRICT14,BLISTER
ACT-GC,7/1/2024,HEALTH CENTER,,899,,578,,2,47,,30,DISTRICT7,BLISTER
ITN,5/1/2024,HEALTH CENTER,,0,94,,,5339,-247,86,50,DISTRICT32,PIECE
PYRA-COMP,3/1/2024,HEALTH CENTER,348,1,36,753,,30,-431,35,1,DISTRICT22,TABLET
PYRA-SAC,11/1/2025,DISTRICT HOSPITAL,,304,190,3059,379,1,-492,62,1,DISTRICT25,SACHET
RDT,4/1/2025,HEALTH CENTER,227,85,82,,260,,446,76,25,DISTRICT29,PIECE
ACT-AD,8/1/2025,HEALTH CENTER,2154,2412,596,2638,,8271,442,723,30,DISTRICT3,BLISTER
RDT,6/1/2025,HEALTH CENTER,676,,707,1700,560,338,457,,25,DISTRICT28,PIECE
ACT-INF,7/1/2024,HEALTH CENTER,,,305,,,48,-25,,30,DISTRICT33,BLISTER
ART-SUP,11/1/2024,HEALTH CENTER,1277,114,575,714,,665,371,1038,2,DISTRICT2,CAPSULE
ART-INJ,11/1/2024,HEALTH CENTER,18,393,21,83,,0,-291,,5,DISTRICT14,VIAL
ITN,9/1/2024,HEALTH CENTER,772,,101,721,,62,198,32,50,DISTRICT15,PIECE
QUIN,12/1/2024,HEALTH CENTER,1,0,0,1,,,282,,1000,DISTRICT1,TABLET
PYRA-SAC,12/1/2023,HEALTH CENTER,2838,499,1657,2406,,6322,759,1202,1,DISTRICT4,SACHET
ART-INJ,7/1/2024,HEALTH CENTER,410,9,30,217,,0,-547,3,5,DISTRICT28,VIAL
ART-INJ,7/1/2024,HEALTH CENTER,,182,,299,,0,129,118,5,DISTRICT38,VIAL
ACT-INF,1/1/2025,HEALTH CENTER,1514,3,293,653,,0,133,229,30,DISTRICT5,BLISTER
ACT-GC,8/1/2024,HEALTH CENTER,,0,,,,0,423,0,30,DISTRICT6,BLISTER
ART-SUP,10/1/2025,HEALTH CENTER,0,,3,3,,0,966,,2,DISTRICT30,CAPSULE
ART-INJ,2/1/2025,HEALTH CENTER,,,,,,1900,-687,472,5,DISTRICT26,VIAL
RDT,5/1/2025,HEALTH CENTER,51,175,,338,,13536,155,,25,DISTRICT25,PIECE
ACT-GC,6/1/2024,HEALTH CENTER,,54,49,1462,,529,771,137,30,DISTRICT20,BLISTER
SP,2/1/2025,HEALTH CENTER,,,,,,597,185,20,1000,DISTRICT16,TABLET
ART-SUP,12/1/2024,HEALTH CENTER,,5,93,2173,,,-340,,2,DISTRICT28,CAPSULE
ART-INJ,8/1/2025,HEALTH CENTER,819,44,158,,,269,789,,5,DISTRICT11,VIAL
QUIN,11/1/2025,HEALTH CENTER,,,361,,328,34,554,303,1000,DISTRICT13,TABLET
ITN,7/1/2024,HEALTH CENTER,464,,261,591,,0,-352,197,50,DISTRICT32,PIECE
ACT-SC,11/1/2025,HEALTH CENTER,4806,32,,1696,,,456,,30,DISTRICT28,BLISTER
PYRA-COMP,3/1/2025,HEALTH CENTER,1172,,396,,530,0,315,,1,DISTRICT26,TABLET
PYRA-SAC,2/1/2025,HEALTH CENTER,944,,565,1507,,3790,-17,410,1,DISTRICT11,SACHET
ACT-AD,1/1/2024,HEALTH CENTER,,0,213,,,141,-13,39,30,DISTRICT35,BLISTER
SP,9/1/2024,HEALTH CENTER,3400,0,,,,0,-402,189,1000,DISTRICT13,TABLET
ACT-INF,4/1/2025,HEALTH CENTER,2886,1,,1024,,12007,-180,601,30,DISTRICT13,BLISTER
ACT-SC,10/1/2024,HEALTH CENTER,99,3076,81,,486,592,184,,30,DISTRICT31,BLISTER
ACT-SC,12/1/2024,HEALTH CENTER,2224,26,572,914,674,,282,697,30,DISTRICT37,BLISTER
ART-SUP,10/1/2024,HEALTH CENTER,602,0,415,,811,42,-117,164,2,DISTRICT8,CAPSULE
RDT,7/1/2025,HEALTH CENTER,947,,654,,,8398,1001,616,25,DISTRICT33,PIECE
ACT-INF,2/1/2024,HEALTH CENTER,2639,112,497,3479,,0,-121,357,30,DISTRICT28,BLISTER
PYRA-COMP,12/1/2023,HEALTH CENTER,2131,0,567,969,,10,94,680,1,DISTRICT36,TABLET
QUIN,11/1/2025,HEALTH CENTER,649,0,640,489,,2213,-323,716,1000,DISTRICT6,TABLET
SP,10/1/2024,HEALTH CENTER,1576,0,,186,,0,-375,67,1000,DISTRICT29,TABLET
ACT-SC,4/1/2025,HEALTH CENTER,,1,236,1671,,153,-356,150,30,DISTRICT24,BLISTER
QUIN,11/1/2025,HEALTH CENTER,7,0,16,4,,599,296,,1000,DISTRICT33,TABLET
QUIN,8/1/2024,NATIONAL HOSPITAL,,12,19,196,569,0,91,7,1000,DISTRICT20,TABLET
PYRA-COMP,11/1/2025,HEALTH CENTER,,1148,528,804,,4007,-683,643,1,DISTRICT24,TABLET
QUIN,8/1/2025,HEALTH CENTER,4268,0,534,2098,,991,-239,328,1000,DISTRICT28,TABLET
ART-INJ,1/1/2024,HEALTH CENTER,607,17,325,,,0,45,262,5,DISTRICT30,VIAL
ITN,11/1/2024,HEALTH CENTER,806,,320,501,,5340,144,331,50,DISTRICT20,PIECE
RDT,9/1/2024,HEALTH CENTER,,259,,,,2,29,142,25,DISTRICT35,PIECE
ACT-SC,3/1/2025,HEALTH CENTER,1155,840,177,,,2,-708,88,30,DISTRICT3,BLISTER
QUIN,1/1/2024,HEALTH CENTER,4167,258,995,,,,223,1139,1000,DISTRICT24,TABLET
ART-INJ,6/1/2024,HEALTH CENTER,,5,618,1239,,91,52,569,5,DISTRICT33,VIAL
ITN,11/1/2025,HEALTH CENTER,1459,,404,713,515,0,165,,50,DISTRICT19,PIECE
ITN,2/1/2024,HEALTH CENTER,159,,139,,,1,-34,37,50,DISTRICT20,PIECE
ACT-AD,6/1/2025,HEALTH CENTER,68,2195,434,2513,,283,-59,272,30,DISTRICT16,BLISTER
QUIN,8/1/2025,HEALTH CENTER,1,0,0,7,172,0,-537,,1000,DISTRICT5,TABLET
ITN,7/1/2024,DISTRICT HOSPITAL,424,83,134,423,390,136,-678,,50,DISTRICT29,PIECE
QUIN,5/1/2024,HEALTH CENTER,,5,,67,,2,-593,26,1000,DISTRICT27,TABLET
ACT-GC,3/1/2025,HEALTH CENTER,4141,,1755,4345,,1110,299,1602,30,DISTRICT19,BLISTER
ART-SUP,12/1/2023,HEALTH CENTER,789,119,270,,,4,22,,2,DISTRICT9,CAPSULE
ITN,9/1/2024,HEALTH CENTER,1675,0,783,604,1001,2330,13,640,50,DISTRICT33,PIECE
QUIN,7/1/2025,HEALTH CENTER,1335,0,85,,,1,11,11,1000,DISTRICT23,TABLET
ITN,11/1/2024,HEALTH CENTER,1877,1770,938,,1519,237,-127,,50,DISTRICT25,PIECE
QUIN,9/1/2024,HEALTH CENTER,1263,0,278,703,,1,-83,,1000,DISTRICT29,TABLET
ACT-INF,6/1/2024,HEALTH CENTER,997,,444,,,,-237,682,30,DISTRICT25,BLISTER
ART-INJ,10/1/2025,HEALTH CENTER,3381,15,589,2761,,,-15,,5,DISTRICT5,VIAL
ART-SUP,10/1/2025,HEALTH CENTER,,262,5,71,,0,132,11,2,DISTRICT22,CAPSULE
ACT-GC,11/1/2024,HEALTH CENTER,801,,138,625,801,892,-1068,,30,DISTRICT18,BLISTER
ACT-GC,2/1/2024,HEALTH CENTER,1086,14,345,161,867,0,-440,325,30,DISTRICT14,BLISTER
ART-INJ,9/1/2024,DISTRICT HOSPITAL,,0,251,1620,,90,-222,,5,DISTRICT25,VIAL
ART-INJ,7/1/2025,HEALTH CENTER,229,561,112,261,,68,-60,146,5,DISTRICT11,VIAL
RDT,10/1/2025,HEALTH CENTER,685,1,184,421,1046,36,92,79,25,DISTRICT14,PIECE
ITN,1/1/2025,HEALTH CENTER,534,76,240,409,1295,,436,,50,DISTRICT18,PIECE
RDT,5/1/2025,HEALTH CENTER,,3,,2139,899,1571,65,145,25,DISTRICT33,PIECE
ACT-GC,2/1/2024,HEALTH CENTER,625,,326,31,,340,236,279,30,DISTRICT29,BLISTER
PYRA-SAC,2/1/2025,HEALTH CENTER,3394,0,710,987,,246,1428,1046,1,DISTRICT9,SACHET
SP,3/1/2024,HEALTH CENTER,,33,382,1181,,719,-313,,1000,DISTRICT32,TABLET
ACT-INF,8/1/2025,HEALTH CENTER,471,,258,197,862,,-301,,30,DISTRICT20,BLISTER
ART-INJ,9/1/2025,HEALTH CENTER,,,33,86,,,-942,,5,DISTRICT33,VIAL
ACT-GC,6/1/2025,HEALTH CENTER,,,4,16,,544,-988,5,30,DISTRICT33,BLISTER
ART-INJ,10/1/2025,HEALTH CENTER,,4276,754,941,,0,-454,,5,DISTRICT19,VIAL
PYRA-COMP,8/1/2024,HEALTH CENTER,442,162,51,381,1397,0,702,23,1,DISTRICT28,TABLET
ACT-INF,2/1/2025,HEALTH CENTER,209,16,242,500,,0,410,,30,DISTRICT33,BLISTER
ITN,11/1/2025,HEALTH CENTER,173,2,27,39,,,-579,36,50,DISTRICT9,PIECE
ACT-INF,12/1/2023,HEALTH CENTER,197,,,609,,339,-102,245,30,DISTRICT12,BLISTER
ACT-INF,1/1/2024,REGIONAL HOSPITAL,,8,19,,,110,163,,30,DISTRICT33,BLISTER
QUIN,9/1/2025,HEALTH CENTER,362,0,300,,806,977,-535,247,1000,DISTRICT19,TABLET
SP,2/1/2025,HEALTH CENTER,1,,0,3,,,-83,0,1000,DISTRICT30,TABLET
PYRA-COMP,11/1/2025,HEALTH CENTER,,20,74,794,,0,-212,,1,DISTRICT28,TABLET
QUIN,4/1/2024,HEALTH CENTER,,,247,373,,305,685,178,1000,DISTRICT3,TABLET
QUIN,10/1/2024,HEALTH CENTER,1315,,338,521,,522,283,115,1000,DISTRICT1,TABLET
QUIN,11/1/2024,HEALTH CENTER,,0,674,1123,,4100,531,532,1000,DISTRICT10,TABLET
SP,9/1/2025,HEALTH CENTER,7,2,,34,,14,210,48,1000,DISTRICT20,TABLET
ACT-GC,12/1/2024,HEALTH CENTER,,,81,2400,269,,158,35,30,DISTRICT29,BLISTER
ACT-GC,8/1/2024,HEALTH CENTER,3328,0,705,2135,,372,-677,612,30,DISTRICT33,BLISTER
ART-SUP,9/1/2024,DISTRICT HOSPITAL,112,38,,,839,69,-161,0,2,DISTRICT5,CAPSULE
SP,2/1/2024,HEALTH CENTER,,0,,,,1360,-217,,1000,DISTRICT21,TABLET
ACT-GC,8/1/2025,HEALTH CENTER,2281,591,,,,6,-501,111,30,DISTRICT13,BLISTER
RDT,6/1/2024,HEALTH CENTER,,,1237,1225,,3500,-639,,25,DISTRICT7,PIECE
ACT-AD,8/1/2025,HEALTH CENTER,911,0,15,501,,0,-492,6,30,DISTRICT23,BLISTER
ART-INJ,5/1/2024,HEALTH CENTER,553,2,,208,746,371,348,206,5,DISTRICT31,VIAL
QUIN,5/1/2024,HEALTH CENTER,3087,,411,3665,,1,-483,,1000,DISTRICT38,TABLET
ACT-GC,2/1/2025,HEALTH CENTER,78,,,518,,489,298,,30,DISTRICT7,BLISTER
ACT-SC,8/1/2025,HEALTH CENTER,,,40,25,,25,-150,18,30,DISTRICT15,BLISTER
ART-INJ,9/1/2024,HEALTH CENTER,,939,542,,,892,-28,242,5,DISTRICT12,VIAL
PYRA-SAC,9/1/2025,HEALTH CENTER,,,146,688,608,1,-123,16,1,DISTRICT25,SACHET
RDT,10/1/2024,HEALTH CENTER,,,22,70,,894,-560,54,25,DISTRICT38,PIECE
ACT-SC,2/1/2025,HEALTH CENTER,316,0,,79,,10,570,,30,DISTRICT16,BLISTER
ACT-GC,9/1/2024,HEALTH CENTER,1241,5,193,1148,,645,556,,30,DISTRICT13,BLISTER
ACT-SC,5/1/2024,HEALTH CENTER,4,0,5,,,0,232,0,30,DISTRICT3,BLISTER
ART-INJ,1/1/2024,HEALTH CENTER,443,,87,,,,-143,21,5,DISTRICT23,VIAL
PYRA-SAC,11/1/2024,HEALTH CENTER,99,1991,,97,,64,-408,,1,DISTRICT38,SACHET
QUIN,3/1/2024,HEALTH CENTER,22,1,1,110,,9,375,,1000,DISTRICT4,TABLET
ART-INJ,2/1/2025,HEALTH CENTER,726,3,12,233,,42,-202,3,5,DISTRICT20,VIAL
ACT-GC,11/1/2024,NATIONAL HOSPITAL,136,0,,,723,,-609,41,30,DISTRICT13,BLISTER
ACT-GC,11/1/2025,HEALTH CENTER,1146,35,191,1603,,0,357,321,30,DISTRICT16,BLISTER
ACT-SC,8/1/2024,HEALTH CENTER,1482,477,334,1528,,363,390,,30,DISTRICT22,BLISTER
PYRA-SAC,1/1/2025,DISTRICT HOSPITAL,1382,,239,,,0,-506,149,1,DISTRICT13,SACHET
ACT-GC,1/1/2024,HEALTH CENTER,1596,0,252,,,,343,126,30,DISTRICT23,BLISTER
ACT-GC,3/1/2025,HEALTH CENTER,673,0,,1397,593,2592,-371,,30,DISTRICT14,BLISTER
ACT-AD,6/1/2024,HEALTH CENTER,812,0,,628,2138,4760,-247,,30,DISTRICT29,BLISTER
SP,3/1/2024,HEALTH CENTER,2983,,363,631,,292,146,130,1000,DISTRICT32,TABLET
PYRA-SAC,2/1/2024,HEALTH CENTER,998,,,1995,,1529,548,62,1,DISTRICT37,SACHET
QUIN,12/1/2024,HEALTH CENTER,332,108,666,387,1210,13651,169,,1000,DISTRICT25,TABLET
QUIN,11/1/2025,HEALTH CENTER,219,0,108,143,,,556,65,1000,DISTRICT16,TABLET
ACT-INF,12/1/2023,DISTRICT HOSPITAL,3431,,1177,1975,,1574,-493,1138,30,DISTRICT35,BLISTER
ITN,9/1/2024,HEALTH CENTER,,126,381,405,,22,-203,916,50,DISTRICT15,PIECE
ART-INJ,3/1/2024,HEALTH CENTER,,11,8,,,0,107,6,5,DISTRICT36,VIAL
SP,2/1/2025,HEALTH CENTER,21,2097,244,,1230,168,-79,44,1000,DISTRICT28,TABLET
ACT-SC,4/1/2025,HEALTH CENTER,,21,1,3,301,0,-970,1,30,DISTRICT8,BLISTER
PYRA-SAC,4/1/2024,HEALTH CENTER,,0,55,,545,3,-26,14,1,DISTRICT29,SACHET
RDT,2/1/2024,HEALTH CENTER,,0,65,115,,1236,-408,225,25,DISTRICT9,PIECE
PYRA-SAC,4/1/2025,HEALTH CENTER,,271,239,,,,49,531,1,DISTRICT32,SACHET
QUIN,6/1/2025,HEALTH CENTER,180,0,220,827,,562,-656,257,1000,DISTRICT16,TABLET
ART-SUP,10/1/2024,HEALTH CENTER,,416,267,418,610,908,-320,464,2,DISTRICT14,CAPSULE
ACT-AD,12/1/2024,HEALTH CENTER,1974,0,,1322,866,5927,636,133,30,DISTRICT29,BLISTER
ACT-SC,10/1/2024,HEALTH CENTER,,9,93,35,,0,-278,31,30,DISTRICT35,BLISTER
ITN,9/1/2025,HEALTH CENTER,89,167,58,67,,46,401,,50,DISTRICT10,PIECE
ACT-INF,10/1/2025,HEALTH CENTER,588,2,97,460,,0,-76,51,30,DISTRICT31,BLISTER
QUIN,5/1/2024,HEALTH CENTER,664,2,,88,,,-12,317,1000,DISTRICT9,TABLET
ACT-SC,9/1/2024,HEALTH CENTER,,,47,1229,,0,292,,30,DISTRICT4,BLISTER
PYRA-COMP,12/1/2024,HEALTH CENTER,,4025,,922,,0,-288,30,1,DISTRICT3,TABLET
ACT-AD,5/1/2025,HEALTH CENTER,632,12,,943,567,149,734,33,30,DISTRICT13,BLISTER
PYRA-SAC,6/1/2024,DISTRICT HOSPITAL,1205,519,396,575,,24,576,137,1,DISTRICT29,SACHET
ART-INJ,1/1/2025,HEALTH CENTER,745,0,51,208,,,633,13,5,DISTRICT3,VIAL
RDT,4/1/2024,HEALTH CENTER,81,,174,415,,140,-40,,25,DISTRICT32,PIECE
ART-SUP,8/1/2024,HEALTH CENTER,,7,,182,153,2555,-230,,2,DISTRICT28,CAPSULE
QUIN,2/1/2024,HEALTH CENTER,,3,,177,119,0,112,8,1000,DISTRICT16,TABLET
ACT-AD,8/1/2024,HEALTH CENTER,121,61,,142,,3910,-354,309,30,DISTRICT33,BLISTER
RDT,1/1/2025,HEALTH CENTER,1608,,232,779,,144,109,531,25,DISTRICT29,PIECE
ACT-SC,4/1/2024,HEALTH CENTER,,157,257,112,,2090,-215,174,30,DISTRICT6,BLISTER
ACT-SC,10/1/2024,HEALTH CENTER,398,,72,103,,,3,,30,DISTRICT12,BLISTER
ACT-GC,8/1/2025,HEALTH CENTER,3640,,751,4838,735,0,1012,705,30,DISTRICT10,BLISTER
ACT-GC,9/1/2024,HEALTH CENTER,,,26,92,,426,-86,,30,DISTRICT24,BLISTER
ART-INJ,11/1/2024,HEALTH CENTER,1083,0,47,1242,194,0,528,2,5,DISTRICT33,VIAL
ACT-GC,10/1/2024,HEALTH CENTER,180,0,,,,0,136,1,30,DISTRICT23,BLISTER
SP,7/1/2025,HEALTH CENTER,2210,3,653,,,111,-687,167,1000,DISTRICT7,TABLET
ART-SUP,12/1/2024,HEALTH CENTER,907,41,,705,,1,771,43,2,DISTRICT9,CAPSULE
ART-INJ,7/1/2024,HEALTH CENTER,301,46,235,84,1105,965,16,78,5,DISTRICT30,VIAL
PYRA-COMP,6/1/2024,HEALTH CENTER,191,,165,24,,5622,389,72,1,DISTRICT28,TABLET
ART-INJ,8/1/2024,HEALTH CENTER,181,195,20,,1382,,156,39,5,DISTRICT38,VIAL
ART-SUP,10/1/2024,HEALTH CENTER,311,16,,,,1642,-333,,2,DISTRICT32,CAPSULE
PYRA-COMP,3/1/2024,HEALTH CENTER,1068,0,,,380,27,-211,269,1,DISTRICT16,TABLET
ACT-AD,8/1/2024,HEALTH CENTER,164,4,58,5,,,365,17,30,DISTRICT32,BLISTER
ACT-INF,8/1/2024,HEALTH CENTER,4962,33,1658,1539,,321,-1019,1562,30,DISTRICT28,BLISTER
ART-INJ,3/1/2024,HEALTH CENTER,,,353,,,0,276,136,5,DISTRICT8,VIAL
PYRA-SAC,12/1/2023,DISTRICT HOSPITAL,,,,620,,1992,376,,1,DISTRICT31,SACHET
RDT,10/1/2024,DISTRICT HOSPITAL,,283,317,207,,7,991,243,25,DISTRICT32,PIECE
PYRA-COMP,12/1/2023,HEALTH CENTER,1307,0,358,,,424,291,422,1,DISTRICT14,TABLET
ACT-AD,9/1/2025,HEALTH CENTER,4710,1,,,,328,-525,196,30,DISTRICT13,BLISTER
RDT,5/1/2025,HEALTH CENTER,359,1,12,180,533,64,965,2,25,DISTRICT23,PIECE
ART-SUP,3/1/2024,DISTRICT HOSPITAL,1472,0,363,643,,,-23,447,2,DISTRICT33,CAPSULE
RDT,12/1/2024,HEALTH CENTER,902,0,68,,467,139,-59,21,25,DISTRICT24,PIECE
PYRA-COMP,11/1/2025,HEALTH CENTER,,0,,,,16,316,,1,DISTRICT30,TABLET
SP,5/1/2024,HEALTH CENTER,524,100,472,860,,0,309,46,1000,DISTRICT31,TABLET
RDT,10/1/2025,HEALTH CENTER,7060,37,707,5802,,9,-728,324,25,DISTRICT26,PIECE
ACT-INF,5/1/2024,HEALTH CENTER,,,,559,,1507,600,,30,DISTRICT19,BLISTER
PYRA-COMP,7/1/2025,HEALTH CENTER,,0,,,,13,-366,110,1,DISTRICT31,TABLET
ART-INJ,6/1/2025,HEALTH CENTER,,,521,1084,593,4,210,,5,DISTRICT21,VIAL
ACT-GC,10/1/2024,HEALTH CENTER,,0,,22,,4437,437,90,30,DISTRICT3,BLISTER
ITN,4/1/2025,HEALTH CENTER,2636,,,2548,872,21,-397,394,50,DISTRICT19,PIECE
RDT,5/1/2024,DISTRICT HOSPITAL,217,22,3,166,,13,-88,7,25,DISTRICT25,PIECE
ITN,6/1/2025,HEALTH CENTER,230,1113,81,723,,,-11,,50,DISTRICT31,PIECE
ACT-GC,6/1/2025,HEALTH CENTER,,,462,3245,,8567,148,1007,30,DISTRICT25,BLISTER
PYRA-SAC,6/1/2024,HEALTH CENTER,236,,11,30,,1,-452,2,1,DISTRICT29,SACHET
ACT-AD,1/1/2024,DISTRICT HOSPITAL,2663,190,358,,,340,-615,,30,DISTRICT13,BLISTER
ACT-SC,5/1/2025,HEALTH CENTER,728,7,118,668,,1,71,10,30,DISTRICT32,BLISTER
ITN,3/1/2025,HEALTH CENTER,907,0,162,502,,187,316,73,50,DISTRICT1,PIECE
ACT-INF,2/1/2024,HEALTH CENTER,381,86,,1098,2194,1326,-81,,30,DISTRICT11,BLISTER
RDT,5/1/2025,HEALTH CENTER,1294,,291,,280,,638,297,25,DISTRICT29,PIECE
PYRA-SAC,12/1/2024,HEALTH CENTER,59,7,196,598,,,505,167,1,DISTRICT7,SACHET
PYRA-COMP,11/1/2024,REGIONAL HOSPITAL,756,1,,297,,1395,527,,1,DISTRICT38,TABLET
ACT-AD,9/1/2024,HEALTH CENTER,6787,29,,3755,,21,-459,920,30,DISTRICT25,BLISTER
PYRA-COMP,10/1/2024,HEALTH CENTER,6,10,,,182,,207,0,1,DISTRICT10,TABLET
ART-SUP,5/1/2024,HEALTH CENTER,1953,,68,,232,0,-341,78,2,DISTRICT1,CAPSULE
SP,3/1/2024,HEALTH CENTER,130,4,127,,,2929,268,,1000,DISTRICT16,TABLET
ACT-AD,7/1/2024,HEALTH CENTER,814,,,944,,,342,52,30,DISTRICT19,BLISTER
SP,1/1/2024,HEALTH CENTER,,685,177,450,,,-139,100,1000,DISTRICT29,TABLET
PYRA-COMP,5/1/2024,HEALTH CENTER,805,0,63,,,2,180,31,1,DISTRICT20,TABLET
QUIN,7/1/2024,HEALTH CENTER,3648,45,,3829,,,307,123,1000,DISTRICT33,TABLET
ITN,6/1/2024,HEALTH CENTER,159,373,,,1898,685,324,,50,DISTRICT32,PIECE
ACT-GC,7/1/2025,DISTRICT HOSPITAL,18,420,,,1010,0,-439,9,30,DISTRICT14,BLISTER
ACT-SC,1/1/2024,HEALTH CENTER,,877,141,1385,,3,-168,14,30,DISTRICT31,BLISTER
SP,7/1/2024,HEALTH CENTER,941,,203,,,436,231,148,1000,DISTRICT16,TABLET
ART-INJ,10/1/2025,HEALTH CENTER,535,36,,,199,0,159,451,5,DISTRICT29,VIAL
PYRA-SAC,1/1/2025,HEALTH CENTER,,91,147,772,535,7,-463,59,1,DISTRICT9,SACHET
ACT-GC,6/1/2025,HEALTH CENTER,1791,59,219,1330,,13,-697,,30,DISTRICT33,BLISTER
ART-INJ,1/1/2025,HEALTH CENTER,673,0,80,2867,,0,210,194,5,DISTRICT16,VIAL
QUIN,11/1/2025,HEALTH CENTER,573,,,635,562,0,738,51,1000,DISTRICT31,TABLET
ACT-SC,8/1/2025,HEALTH CENTER,,,111,1468,,10,-401,51,30,DISTRICT3,BLISTER
ART-SUP,2/1/2024,HEALTH CENTER,1027,6,13,1100,,0,-280,2,2,DISTRICT8,CAPSULE
PYRA-COMP,6/1/2025,HEALTH CENTER,16226,,,,2733,6513,-1131,2551,1,DISTRICT9,TABLET
PYRA-COMP,3/1/2024,HEALTH CENTER,153,55,,116,879,0,-256,36,1,DISTRICT8,TABLET
ART-SUP,12/1/2023,HEALTH CENTER,29,0,5,168,,0,599,0,2,DISTRICT20,CAPSULE
PYRA-SAC,11/1/2024,HEALTH CENTER,,,,,689,6225,222,136,1,DISTRICT17,SACHET
ACT-GC,2/1/2024,HEALTH CENTER,1207,0,64,1205,,0,-242,,30,DISTRICT30,BLISTER
PYRA-SAC,8/1/2024,HEALTH CENTER,,2,68,1081,,87,-554,65,1,DISTRICT31,SACHET
ACT-SC,7/1/2024,HEALTH CENTER,500,,128,561,1393,7,-604,42,30,DISTRICT19,BLISTER
ACT-SC,11/1/2024,HEALTH CENTER,,,120,235,,2163,347,,30,DISTRICT16,BLISTER
ACT-GC,11/1/2024,REGIONAL HOSPITAL,1903,0,,177,,1776,-10,668,30,DISTRICT5,BLISTER
ART-SUP,1/1/2025,HEALTH CENTER,2174,91,796,1089,1074,,-58,671,2,DISTRICT16,CAPSULE
ACT-GC,9/1/2025,HEALTH CENTER,,143,1819,,642,13,-552,2114,30,DISTRICT2,BLISTER
SP,6/1/2025,HEALTH CENTER,1039,26,,868,270,5,265,162,1000,DISTRICT25,TABLET
ITN,6/1/2025,HEALTH CENTER,,0,,228,,0,-572,0,50,DISTRICT16,PIECE
ART-INJ,3/1/2025,HEALTH CENTER,1514,332,506,2551,584,,-689,114,5,DISTRICT22,VIAL
ART-INJ,9/1/2025,HEALTH CENTER,,,,677,151,0,-94,107,5,DISTRICT2,VIAL
ACT-AD,6/1/2025,HEALTH CENTER,1237,,623,,,1,344,232,30,DISTRICT8,BLISTER
ART-SUP,8/1/2024,HEALTH CENTER,,,,380,,,186,,2,DISTRICT10,CAPSULE
ART-INJ,5/1/2025,HEALTH CENTER,,,,7566,,43,-88,1396,5,DISTRICT30,VIAL
ACT-SC,8/1/2024,HEALTH CENTER,925,0,461,581,,213,133,,30,DISTRICT19,BLISTER
ART-SUP,11/1/2024,HEALTH CENTER,,,321,2373,,5,69,232,2,DISTRICT36,CAPSULE
PYRA-COMP,10/1/2025,HEALTH CENTER,136,,,,,,-317,334,1,DISTRICT38,TABLET
ART-SUP,2/1/2025,HEALTH CENTER,16,215,15,,1127,54,473,8,2,DISTRICT22,CAPSULE
ACT-AD,11/1/2024,HEALTH CENTER,,,12,2,607,1,-359,4,30,DISTRICT17,BLISTER
ACT-INF,9/1/2024,HEALTH CENTER,128,48,110,1285,387,0,-115,16,30,DISTRICT12,BLISTER
ART-SUP,1/1/2024,HEALTH CENTER,,0,19,500,,0,-539,0,2,DISTRICT31,CAPSULE
QUIN,2/1/2024,HEALTH CENTER,275,0,,712,578,120,-110,45,1000,DISTRICT36,TABLET
ACT-AD,1/1/2025,HEALTH CENTER,,0,180,337,,871,-150,,30,DISTRICT10,BLISTER
ACT-INF,4/1/2025,HEALTH CENTER,,0,354,2150,544,21,154,113,30,DISTRICT31,BLISTER
RDT,5/1/2024,HEALTH CENTER,,4,1203,2616,500,2030,-110,1205,25,DISTRICT21,PIECE
ACT-INF,5/1/2025,HEALTH CENTER,,,1119,,,1465,447,,30,DISTRICT14,BLISTER
ART-INJ,11/1/2024,HEALTH CENTER,19,11,55,95,,105,438,175,5,DISTRICT5,VIAL
RDT,6/1/2025,HEALTH CENTER,45,,106,111,,0,-294,33,25,DISTRICT37,PIECE
ITN,4/1/2024,HEALTH CENTER,,226,593,4396,,8,86,680,50,DISTRICT6,PIECE
PYRA-SAC,6/1/2024,HEALTH CENTER,686,2,,286,,577,401,,1,DISTRICT2,SACHET
ART-SUP,7/1/2025,HEALTH CENTER,,2,,1405,1375,,-950,384,2,DISTRICT12,CAPSULE
ITN,8/1/2025,HEALTH CENTER,541,146,,,763,0,58,13,50,DISTRICT21,PIECE
ART-SUP,8/1/2024,HEALTH CENTER,,65,73,7,,405,190,22,2,DISTRICT33,CAPSULE
ART-INJ,6/1/2024,HEALTH CENTER,1445,,361,971,,269,-26,287,5,DISTRICT28,VIAL
ACT-AD,4/1/2025,DISTRICT HOSPITAL,,515,257,1319,,1445,-257,133,30,DISTRICT25,BLISTER
SP,4/1/2025,HEALTH CENTER,35,0,,309,,,-448,13,1000,DISTRICT32,TABLET
SP,11/1/2024,HEALTH CENTER,,0,,,,222,77,,1000,DISTRICT22,TABLET
ACT-SC,2/1/2025,HEALTH CENTER,91,,46,201,906,125,380,,30,DISTRICT36,BLISTER
ACT-SC,7/1/2024,HEALTH CENTER,,3200,326,2873,,5,441,45,30,DISTRICT17,BLISTER
SP,4/1/2025,HEALTH CENTER,83,,222,,,434,172,20,1000,DISTRICT22,TABLET
ACT-AD,4/1/2025,HEALTH CENTER,638,,113,,,343,-1121,,30,DISTRICT21,BLISTER
PYRA-COMP,8/1/2025,HEALTH CENTER,195,,53,1204,1155,167,273,71,1,DISTRICT19,TABLET
ITN,11/1/2024,HEALTH CENTER,653,8,,,,6348,63,584,50,DISTRICT35,PIECE
PYRA-COMP,7/1/2024,HEALTH CENTER,454,28,65,217,,10,294,,1,DISTRICT35,TABLET
ART-SUP,7/1/2025,HEALTH CENTER,,0,237,217,,0,387,,2,DISTRICT32,CAPSULE
QUIN,7/1/2024,HEALTH CENTER,130,,25,,,396,292,13,1000,DISTRICT14,TABLET
ART-INJ,2/1/2025,HEALTH CENTER,,,415,4168,,,1,599,5,DISTRICT11,VIAL
ACT-SC,4/1/2024,HEALTH CENTER,,2269,447,1147,,,295,,30,DISTRICT9,BLISTER
ITN,7/1/2025,HEALTH CENTER,,0,,,870,0,-975,,50,DISTRICT25,PIECE
PYRA-COMP,10/1/2025,HEALTH CENTER,2471,0,,,,5,425,341,1,DISTRICT36,TABLET
ITN,2/1/2024,HEALTH CENTER,2043,0,638,1037,,1117,167,406,50,DISTRICT13,PIECE
QUIN,5/1/2024,HEALTH CENTER,,0,,346,,0,124,8,1000,DISTRICT36,TABLET
ART-INJ,12/1/2023,HEALTH CENTER,420,0,,409,,3078,713,57,5,DISTRICT11,VIAL
ACT-INF,2/1/2025,HEALTH CENTER,334,,,682,,880,162,15,30,DISTRICT26,BLISTER
ITN,6/1/2025,HEALTH CENTER,,,301,117,,474,216,,50,DISTRICT31,PIECE
RDT,9/1/2024,HEALTH CENTER,,,2,,840,,-476,0,25,DISTRICT4,PIECE
ART-INJ,7/1/2025,HEALTH CENTER,1,,0,219,,1,372,,5,DISTRICT23,VIAL
ACT-AD,6/1/2024,HEALTH CENTER,2038,601,,3409,822,,-155,478,30,DISTRICT1,BLISTER
ACT-SC,4/1/2024,HEALTH CENTER,831,1,117,219,,,474,239,30,DISTRICT6,BLISTER
ACT-INF,2/1/2025,HEALTH CENTER,1414,,643,1673,617,260,57,800,30,DISTRICT36,BLISTER
ACT-AD,9/1/2025,DISTRICT HOSPITAL,,8,190,891,1751,0,-401,90,30,DISTRICT11,BLISTER
ART-INJ,8/1/2025,HEALTH CENTER,589,171,,,,,-65,97,5,DISTRICT38,VIAL
ART-INJ,7/1/2024,HEALTH CENTER,3506,1126,843,,,,366,848,5,DISTRICT25,VIAL
SP,6/1/2024,HEALTH CENTER,,241,273,,434,0,-532,,1000,DISTRICT31,TABLET
ART-SUP,5/1/2025,HEALTH CENTER,407,,486,889,,77,-88,259,2,DISTRICT14,CAPSULE
PYRA-SAC,9/1/2024,HEALTH CENTER,36,,29,6,,432,-201,21,1,DISTRICT31,SACHET
ACT-AD,3/1/2024,HEALTH CENTER,,0,0,67,,0,-87,0,30,DISTRICT21,BLISTER
ART-SUP,4/1/2024,DISTRICT HOSPITAL,5113,281,685,1919,525,2,-245,389,2,DISTRICT36,CAPSULE
ART-INJ,2/1/2024,HEALTH CENTER,,317,449,652,520,,-469,212,5,DISTRICT20,VIAL
ART-INJ,10/1/2024,HEALTH CENTER,117,,15,10,,,467,3,5,DISTRICT4,VIAL
ACT-INF,1/1/2024,DISTRICT HOSPITAL,,0,328,,1727,432,423,214,30,DISTRICT25,BLISTER
PYRA-SAC,10/1/2024,HEALTH CENTER,21,,,279,,427,572,8,1,DISTRICT37,SACHET
ART-INJ,6/1/2024,HEALTH CENTER,1689,1,43,1067,378,0,-200,17,5,DISTRICT8,VIAL
ACT-AD,9/1/2025,HEALTH CENTER,,2195,,2874,,59,134,,30,DISTRICT16,BLISTER
ITN,5/1/2025,HEALTH CENTER,,0,18,16,,431,611,0,50,DISTRICT25,PIECE
PYRA-COMP,9/1/2025,HEALTH CENTER,874,465,179,708,,156,126,194,1,DISTRICT19,TABLET
ACT-AD,2/1/2024,HEALTH CENTER,81,0,96,34,1971,2059,287,218,30,DISTRICT37,BLISTER
RDT,5/1/2025,HEALTH CENTER,856,430,253,1266,,,-16,,25,DISTRICT20,PIECE
SP,6/1/2025,HEALTH CENTER,2722,397,908,4357,,,52,492,1000,DISTRICT33,TABLET
ART-INJ,3/1/2025,HEALTH CENTER,,,204,,,,-310,41,5,DISTRICT10,VIAL
ACT-INF,8/1/2024,HEALTH CENTER,480,32,59,167,321,156,-396,5,30,DISTRICT2,BLISTER
RDT,4/1/2024,HEALTH CENTER,,40,25,1027,,0,541,15,25,DISTRICT8,PIECE
ACT-SC,12/1/2024,HEALTH CENTER,1176,,,383,,221,931,47,30,DISTRICT33,BLISTER
ART-SUP,1/1/2024,HEALTH CENTER,,,,,,112,516,,2,DISTRICT32,CAPSULE
SP,3/1/2025,HEALTH CENTER,35,,,115,,3,318,,1000,DISTRICT25,TABLET
PYRA-COMP,10/1/2025,HEALTH CENTER,424,,,81,,101,108,19,1,DISTRICT36,TABLET
ACT-AD,10/1/2024,HEALTH CENTER,123,1,11,,,488,354,,30,DISTRICT9,BLISTER
ACT-AD,3/1/2024,HEALTH CENTER,,6,511,365,,4064,-357,419,30,DISTRICT17,BLISTER
ACT-INF,6/1/2025,HEALTH CENTER,,0,9,,,,-59,,30,DISTRICT11,BLISTER
SP,2/1/2024,DISTRICT HOSPITAL,191,,,319,,327,-453,,1000,DISTRICT9,TABLET
ART-SUP,2/1/2025,HEALTH CENTER,,,216,1216,,0,135,133,2,DISTRICT15,CAPSULE
ART-SUP,2/1/2024,HEALTH CENTER,110,0,62,332,,2989,162,35,2,DISTRICT18,CAPSULE
ART-SUP,4/1/2025,HEALTH CENTER,358,90,466,992,816,0,79,397,2,DISTRICT26,CAPSULE
SP,12/1/2023,HEALTH CENTER,,,203,766,,0,-318,,1000,DISTRICT6,TABLET
ACT-GC,12/1/2023,HEALTH CENTER,452,0,,203,270,524,308,,30,DISTRICT19,BLISTER
ACT-INF,12/1/2024,HEALTH CENTER,656,245,,2191,,103,381,,30,DISTRICT3,BLISTER
ART-INJ,9/1/2025,HEALTH CENTER,749,1133,,,746,,-351,47,5,DISTRICT12,VIAL
ACT-AD,10/1/2025,HEALTH CENTER,790,,14,335,,2,330,,30,DISTRICT23,BLISTER
ITN,8/1/2024,HEALTH CENTER,754,4,77,736,,0,557,206,50,DISTRICT33,PIECE
RDT,4/1/2024,HEALTH CENTER,68,241,68,,1691,4,-1,25,25,DISTRICT26,PIECE
ART-INJ,9/1/2024,HEALTH CENTER,,0,471,1715,689,,123,439,5,DISTRICT18,VIAL
ACT-INF,6/1/2024,HEALTH CENTER,16,5,7,,,,-37,3,30,DISTRICT26,BLISTER
ACT-AD,2/1/2024,HEALTH CENTER,,0,17,5,,26,-472,2,30,DISTRICT21,BLISTER
PYRA-COMP,2/1/2024,HEALTH CENTER,3982,,,1152,811,,-554,,1,DISTRICT1,TABLET
QUIN,4/1/2025,HEALTH CENTER,1785,69,510,,,,61,342,1000,DISTRICT22,TABLET
ACT-GC,11/1/2025,HEALTH CENTER,1353,22,180,790,,,241,78,30,DISTRICT38,BLISTER
PYRA-COMP,11/1/2025,HEALTH CENTER,147,0,12,,482,,-571,6,1,DISTRICT1,TABLET
RDT,7/1/2025,HEALTH CENTER,172,84,39,,,0,144,1,25,DISTRICT23,PIECE
ART-INJ,7/1/2024,HEALTH CENTER,3360,6,,,,22,-79,415,5,DISTRICT22,VIAL
PYRA-COMP,9/1/2025,HEALTH CENTER,771,0,,,,1,245,,1,DISTRICT2,TABLET
ART-INJ,5/1/2024,HEALTH CENTER,,128,,,776,1346,-220,404,5,DISTRICT8,VIAL
ACT-AD,7/1/2025,DISTRICT HOSPITAL,699,,5,437,,0,12,6,30,DISTRICT13,BLISTER
ACT-SC,4/1/2024,HEALTH CENTER,1141,26,149,821,,,-612,,30,DISTRICT13,BLISTER
ART-SUP,3/1/2024,HEALTH CENTER,18,0,,,,0,-410,10,2,DISTRICT35,CAPSULE
RDT,10/1/2024,HEALTH CENTER,1037,136,,,,623,17,,25,DISTRICT28,PIECE
ACT-GC,5/1/2025,HEALTH CENTER,867,8,224,119,613,816,138,,30,DISTRICT10,BLISTER
RDT,5/1/2025,HEALTH CENTER,2214,0,161,,,1,-307,,25,DISTRICT13,PIECE
QUIN,9/1/2025,HEALTH CENTER,274,,,2373,,,-388,,1000,DISTRICT13,TABLET
ACT-AD,11/1/2025,HEALTH CENTER,42,,199,,,,935,45,30,DISTRICT2,BLISTER
PYRA-SAC,2/1/2025,HEALTH CENTER,2450,,678,1624,,1,-105,402,1,DISTRICT30,SACHET
PYRA-COMP,4/1/2024,HEALTH CENTER,,5,271,221,,192,379,126,1,DISTRICT20,TABLET
ACT-SC,10/1/2024,HEALTH CENTER,3824,,609,915,,4588,-148,,30,DISTRICT31,BLISTER
SP,3/1/2024,HEALTH CENTER,,0,1,110,505,3,-157,,1000,DISTRICT9,TABLET
PYRA-SAC,4/1/2024,HEALTH CENTER,123,,27,116,,0,-269,21,1,DISTRICT24,SACHET
ACT-AD,7/1/2024,HEALTH CENTER,153,260,44,45,,15,-220,,30,DISTRICT10,BLISTER
PYRA-SAC,9/1/2024,HEALTH CENTER,,4,5,147,535,,61,,1,DISTRICT33,SACHET
ART-SUP,9/1/2024,HEALTH CENTER,69,1,26,,,0,-520,8,2,DISTRICT1,CAPSULE
PYRA-COMP,8/1/2024,HEALTH CENTER,,1867,1500,1454,1521,8416,5,1111,1,DISTRICT14,TABLET
QUIN,1/1/2025,HEALTH CENTER,125,,30,,1146,,132,51,1000,DISTRICT28,TABLET
ACT-AD,7/1/2025,HEALTH CENTER,,471,38,773,1001,0,337,16,30,DISTRICT26,BLISTER
ACT-GC,5/1/2024,HEALTH CENTER,,416,,256,657,0,1,14,30,DISTRICT16,BLISTER
PYRA-SAC,12/1/2024,HEALTH CENTER,289,241,4,,,,-238,1,1,DISTRICT28,SACHET
ITN,2/1/2024,HEALTH CENTER,237,1,120,604,415,5,399,217,50,DISTRICT6,PIECE
ACT-GC,1/1/2024,HEALTH CENTER,1132,1,314,,,0,-347,71,30,DISTRICT20,BLISTER
RDT,5/1/2024,HEALTH CENTER,1733,308,798,729,,2965,-568,500,25,DISTRICT30,PIECE
ART-SUP,5/1/2024,HEALTH CENTER,,1,,6,,92,-281,6,2,DISTRICT37,CAPSULE
ART-INJ,1/1/2024,HEALTH CENTER,416,1,47,114,,252,-292,19,5,DISTRICT1,VIAL
ITN,3/1/2024,HEALTH CENTER,2380,,294,,,89,-80,,50,DISTRICT23,PIECE
PYRA-COMP,3/1/2024,HEALTH CENTER,126,1,60,194,,1,631,48,1,DISTRICT28,TABLET
ITN,6/1/2025,HEALTH CENTER,,209,669,,,447,139,758,50,DISTRICT36,PIECE
ART-SUP,11/1/2025,HEALTH CENTER,,69,251,1740,,176,-1178,,2,DISTRICT23,CAPSULE
RDT,11/1/2025,HEALTH CENTER,200,9,80,250,,840,838,,25,DISTRICT23,PIECE
ITN,6/1/2024,HEALTH CENTER,,,217,,,0,-374,131,50,DISTRICT28,PIECE
ART-INJ,5/1/2024,HEALTH CENTER,,152,70,438,,0,-149,120,5,DISTRICT16,VIAL
ACT-INF,10/1/2024,HEALTH CENTER,630,,122,59,1020,773,522,121,30,DISTRICT16,BLISTER
ACT-AD,10/1/2025,HEALTH CENTER,7138,70,1666,,1111,10,670,,30,DISTRICT13,BLISTER
ACT-SC,3/1/2025,REGIONAL HOSPITAL,386,51,96,,,,-190,75,30,DISTRICT33,BLISTER
PYRA-COMP,10/1/2025,HEALTH CENTER,2573,,808,,,4620,611,1423,1,DISTRICT1,TABLET
ACT-AD,10/1/2025,HEALTH CENTER,53,0,29,3,429,2049,135,,30,DISTRICT26,BLISTER
ACT-SC,11/1/2024,DISTRICT HOSPITAL,67,1,19,50,137,73,-193,42,30,DISTRICT15,BLISTER
QUIN,10/1/2025,HEALTH CENTER,,20,242,,1084,5,-138,394,1000,DISTRICT15,TABLET
PYRA-COMP,5/1/2025,HEALTH CENTER,,,273,,,1206,-333,,1,DISTRICT13,TABLET
PYRA-COMP,2/1/2024,HEALTH CENTER,429,63,268,473,,230,390,,1,DISTRICT32,TABLET
PYRA-SAC,1/1/2024,HEALTH CENTER,261,204,188,779,,88,212,,1,DISTRICT14,SACHET
QUIN,11/1/2025,HEALTH CENTER,,1,,691,,389,-101,1001,1000,DISTRICT26,TABLET
ART-SUP,6/1/2025,HEALTH CENTER,,0,198,,725,,499,173,2,DISTRICT28,CAPSULE
RDT,10/1/2024,HEALTH CENTER,,,,1695,,264,64,502,25,DISTRICT33,PIECE
ACT-AD,8/1/2025,HEALTH CENTER,299,4,,995,,,287,38,30,DISTRICT6,BLISTER
ACT-GC,11/1/2024,HEALTH CENTER,,,,6472,1443,2493,-64,3003,30,DISTRICT24,BLISTER
ART-SUP,11/1/2025,HEALTH CENTER,42,25,,530,877,0,299,44,2,DISTRICT4,CAPSULE
QUIN,12/1/2023,HEALTH CENTER,1484,1,324,617,,37,-352,,1000,DISTRICT20,TABLET
ACT-GC,10/1/2024,HEALTH CENTER,11,213,144,111,728,,-583,94,30,DISTRICT16,BLISTER
ART-SUP,10/1/2025,HEALTH CENTER,901,0,462,128,,6446,-104,404,2,DISTRICT26,CAPSULE
SP,4/1/2024,HEALTH CENTER,363,0,36,242,524,124,26,6,1000,DISTRICT35,TABLET
QUIN,12/1/2023,HEALTH CENTER,621,0,62,,424,5,653,61,1000,DISTRICT6,TABLET
ART-SUP,9/1/2025,HEALTH CENTER,935,,,300,,29,-89,,2,DISTRICT25,CAPSULE
ITN,4/1/2024,HEALTH CENTER,136,0,,21,,0,-23,,50,DISTRICT1,PIECE
ACT-AD,11/1/2025,HEALTH CENTER,324,,298,,,,-16,84,30,DISTRICT8,BLISTER
ITN,3/1/2024,HEALTH CENTER,,9,87,79,,304,-150,17,50,DISTRICT28,PIECE
ACT-GC,8/1/2025,HEALTH CENTER,,7,358,77,495,3864,139,288,30,DISTRICT31,BLISTER
PYRA-SAC,6/1/2024,HEALTH CENTER,,91,,1264,,2972,574,474,1,DISTRICT29,SACHET
ART-INJ,8/1/2025,HEALTH CENTER,,3,81,441,,4,-30,,5,DISTRICT32,VIAL
ACT-INF,5/1/2025,HEALTH CENTER,3442,0,887,2082,,0,355,640,30,DISTRICT26,BLISTER
QUIN,5/1/2024,HEALTH CENTER,,0,187,542,,1586,387,203,1000,DISTRICT33,TABLET
ACT-SC,3/1/2024,HEALTH CENTER,,38,29,377,,40,-1065,22,30,DISTRICT16,BLISTER
QUIN,12/1/2023,HEALTH CENTER,683,0,90,,,0,-906,86,1000,DISTRICT20,TABLET
ART-SUP,11/1/2024,HEALTH CENTER,730,0,293,,,1120,171,281,2,DISTRICT28,CAPSULE
PYRA-SAC,4/1/2024,HEALTH CENTER,137,1564,66,,563,625,675,82,1,DISTRICT29,SACHET
RDT,2/1/2024,HEALTH CENTER,179,56,58,,,0,-604,4,25,DISTRICT30,PIECE
PYRA-COMP,2/1/2025,HEALTH CENTER,3055,5,,5138,,,721,320,1,DISTRICT22,TABLET
ACT-INF,4/1/2025,HEALTH CENTER,,1,,816,,4,-114,502,30,DISTRICT21,BLISTER
ART-INJ,1/1/2024,HEALTH CENTER,338,11,116,125,,,-104,359,5,DISTRICT21,VIAL
SP,1/1/2024,HEALTH CENTER,1180,2,115,189,1374,,247,82,1000,DISTRICT37,TABLET
ACT-SC,4/1/2024,HEALTH CENTER,3737,,824,,,1685,456,,30,DISTRICT13,BLISTER
ACT-SC,12/1/2024,HEALTH CENTER,452,1100,335,1875,,291,-85,288,30,DISTRICT7,BLISTER
ACT-GC,3/1/2024,HEALTH CENTER,,,,1198,,296,888,,30,DISTRICT15,BLISTER
ACT-SC,5/1/2024,HEALTH CENTER,,18,,264,560,,43,381,30,DISTRICT29,BLISTER
PYRA-COMP,11/1/2025,HEALTH CENTER,,0,118,,,2,772,,1,DISTRICT32,TABLET
PYRA-COMP,9/1/2025,HEALTH CENTER,1776,334,959,1497,,1174,84,818,1,DISTRICT24,TABLET
ITN,7/1/2025,HEALTH CENTER,1155,77,542,,,3422,-302,1105,50,DISTRICT12,PIECE
PYRA-SAC,1/1/2024,HEALTH CENTER,5036,413,1050,3083,,3258,-485,785,1,DISTRICT8,SACHET
ACT-SC,3/1/2024,HEALTH CENTER,547,243,178,1116,,21,-669,50,30,DISTRICT32,BLISTER
ITN,10/1/2024,HEALTH CENTER,182,39,,1063,100,16,123,,50,DISTRICT25,PIECE
PYRA-SAC,12/1/2024,HEALTH CENTER,923,56,188,,,0,-442,22,1,DISTRICT33,SACHET
ACT-SC,9/1/2024,HEALTH CENTER,1087,1,108,765,,0,-343,127,30,DISTRICT20,BLISTER
ART-SUP,12/1/2023,HEALTH CENTER,,,32,,,1667,-287,2,2,DISTRICT26,CAPSULE
SP,2/1/2024,HEALTH CENTER,1893,0,687,,923,12,240,213,1000,DISTRICT27,TABLET
ACT-SC,4/1/2025,HEALTH CENTER,54,,108,206,429,1842,-29,263,30,DISTRICT28,BLISTER
ITN,6/1/2024,HEALTH CENTER,64,0,,132,611,28,-453,159,50,DISTRICT13,PIECE
ACT-INF,7/1/2025,HEALTH CENTER,2107,258,388,3004,,1,110,73,30,DISTRICT24,BLISTER
ACT-GC,12/1/2023,HEALTH CENTER,,5,224,,309,12,-413,,30,DISTRICT9,BLISTER
ACT-INF,6/1/2024,HEALTH CENTER,1204,0,468,1380,,567,383,66,30,DISTRICT35,BLISTER
PYRA-SAC,5/1/2025,HEALTH CENTER,2487,520,519,,,1474,-402,533,1,DISTRICT28,SACHET
QUIN,5/1/2024,HEALTH CENTER,,,201,,,,29,37,1000,DISTRICT36,TABLET
ACT-SC,8/1/2025,HEALTH CENTER,946,44,1249,1416,1357,,-332,1798,30,DISTRICT25,BLISTER
QUIN,8/1/2024,HEALTH CENTER,,,,,,0,-288,,1000,DISTRICT19,TABLET
ART-INJ,8/1/2025,DISTRICT HOSPITAL,197,3,103,201,,1,-588,98,5,DISTRICT24,VIAL
ACT-SC,11/1/2024,HEALTH CENTER,,600,425,201,771,1842,167,,30,DISTRICT1,BLISTER
ACT-SC,1/1/2024,HEALTH CENTER,15,,12,20,,9,20,1,30,DISTRICT14,BLISTER
ART-SUP,3/1/2025,HEALTH CENTER,257,2896,,549,,1292,221,160,2,DISTRICT33,CAPSULE
ART-INJ,11/1/2025,HEALTH CENTER,3701,89,391,4211,,11,-212,264,5,DISTRICT13,VIAL
PYRA-SAC,6/1/2024,REGIONAL HOSPITAL,105,3,,127,,83,67,,1,DISTRICT24,SACHET
ACT-GC,5/1/2025,HEALTH CENTER,3270,,249,1950,,0,-510,155,30,DISTRICT20,BLISTER
RDT,1/1/2024,HEALTH CENTER,4,886,58,,264,0,33,12,25,DISTRICT3,PIECE
ITN,9/1/2024,REGIONAL HOSPITAL,302,19,15,502,623,0,-695,14,50,DISTRICT12,PIECE
ITN,6/1/2025,HEALTH CENTER,,1491,1,,861,,162,1,50,DISTRICT1,PIECE
RDT,10/1/2025,HEALTH CENTER,1487,,520,1540,,734,-151,,25,DISTRICT31,PIECE
ACT-GC,6/1/2025,HEALTH CENTER,182,32,11,471,,0,213,2,30,DISTRICT15,BLISTER
ITN,9/1/2025,DISTRICT HOSPITAL,624,,203,431,,117,-299,136,50,DISTRICT33,PIECE
RDT,10/1/2024,HEALTH CENTER,334,1,,,,,-672,20,25,DISTRICT29,PIECE
ACT-SC,3/1/2024,HEALTH CENTER,,88,,1019,,0,-378,,30,DISTRICT7,BLISTER
ACT-GC,7/1/2024,HEALTH CENTER,445,,233,1665,264,0,346,370,30,DISTRICT29,BLISTER
SP,4/1/2024,DISTRICT HOSPITAL,,0,422,1595,,,-453,152,1000,DISTRICT32,TABLET
ACT-GC,6/1/2024,HEALTH CENTER,289,0,1,,,,-327,0,30,DISTRICT23,BLISTER
QUIN,11/1/2024,REGIONAL HOSPITAL,,,616,775,1041,1418,476,,1000,DISTRICT31,TABLET
ART-INJ,3/1/2025,HEALTH CENTER,,9,100,1337,,2,-336,14,5,DISTRICT21,VIAL
PYRA-COMP,12/1/2024,HEALTH CENTER,,,62,138,,,-950,17,1,DISTRICT30,TABLET
ACT-SC,4/1/2024,HEALTH CENTER,2102,0,819,,,5506,-285,,30,DISTRICT15,BLISTER
ART-INJ,3/1/2025,HEALTH CENTER,86,17,72,144,,272,82,56,5,DISTRICT33,VIAL
PYRA-COMP,10/1/2024,HEALTH CENTER,102,19,249,262,,106,-294,,1,DISTRICT12,TABLET
ACT-SC,2/1/2024,HEALTH CENTER,749,47,57,1900,,0,129,58,30,DISTRICT31,BLISTER
PYRA-COMP,1/1/2025,HEALTH CENTER,,,,271,,6,638,32,1,DISTRICT23,TABLET
ACT-SC,2/1/2024,HEALTH CENTER,389,0,,124,,9,-336,82,30,DISTRICT19,BLISTER
ACT-GC,7/1/2025,HEALTH CENTER,,,87,571,,18,-204,25,30,DISTRICT20,BLISTER
ART-SUP,2/1/2024,HEALTH CENTER,243,392,73,147,,483,293,,2,DISTRICT13,CAPSULE
ACT-AD,6/1/2024,HEALTH CENTER,709,2152,707,,,6168,431,,30,DISTRICT9,BLISTER
ACT-AD,7/1/2024,HEALTH CENTER,1079,0,174,,,,-664,169,30,DISTRICT33,BLISTER
ACT-AD,6/1/2024,HEALTH CENTER,994,,198,,,,-36,,30,DISTRICT14,BLISTER
ACT-SC,1/1/2025,HEALTH CENTER,802,1,,1409,,0,366,143,30,DISTRICT36,BLISTER
SP,11/1/2025,HEALTH CENTER,4520,15,,3394,,,-117,1382,1000,DISTRICT31,TABLET
ACT-GC,4/1/2024,HEALTH CENTER,716,,119,,,,46,62,30,DISTRICT32,BLISTER
ITN,2/1/2025,HEALTH CENTER,1060,370,264,670,,2859,-93,338,50,DISTRICT30,PIECE
ACT-AD,6/1/2024,HEALTH CENTER,60,,,58,,7366,-117,,30,DISTRICT32,BLISTER
ACT-INF,5/1/2025,HEALTH CENTER,1891,0,,120,,9,-331,156,30,DISTRICT27,BLISTER
ART-INJ,11/1/2025,HEALTH CENTER,146,0,43,17,494,403,-74,,5,DISTRICT31,VIAL
SP,5/1/2024,HEALTH CENTER,1655,0,128,1091,,9,238,,1000,DISTRICT5,TABLET
RDT,7/1/2025,HEALTH CENTER,459,,,282,1031,417,743,162,25,DISTRICT16,PIECE
ACT-INF,8/1/2024,DISTRICT HOSPITAL,4,29,4,73,613,664,376,,30,DISTRICT38,BLISTER
ART-SUP,4/1/2024,DISTRICT HOSPITAL,,13,1992,2673,,19432,-430,2660,2,DISTRICT28,CAPSULE
ITN,9/1/2025,HEALTH CENTER,,,99,135,351,80,-162,30,50,DISTRICT9,PIECE
SP,1/1/2024,HEALTH CENTER,,21,299,799,,,-111,219,1000,DISTRICT31,TABLET
QUIN,8/1/2024,HEALTH CENTER,,8,512,,,,149,714,1000,DISTRICT8,TABLET
ACT-SC,5/1/2024,DISTRICT HOSPITAL,1231,0,86,1627,,1203,-337,8,30,DISTRICT12,BLISTER
ACT-AD,10/1/2025,HEALTH CENTER,1536,277,,,,23,-299,390,30,DISTRICT33,BLISTER
ART-SUP,1/1/2025,HEALTH CENTER,1153,281,484,1736,,1612,-180,238,2,DISTRICT14,CAPSULE
ART-INJ,7/1/2024,DISTRICT HOSPITAL,,19,,2610,541,741,-200,,5,DISTRICT20,VIAL
ART-INJ,6/1/2024,HEALTH CENTER,703,26,190,,,77,-312,327,5,DISTRICT7,VIAL
QUIN,2/1/2025,DISTRICT HOSPITAL,444,28,355,925,457,2439,787,211,1000,DISTRICT27,TABLET
ART-INJ,9/1/2024,HEALTH CENTER,,635,369,,,12,-280,,5,DISTRICT3,VIAL
ACT-INF,12/1/2023,HEALTH CENTER,2836,0,,708,,0,-258,,30,DISTRICT4,BLISTER
ACT-SC,2/1/2025,DISTRICT HOSPITAL,2347,,,863,843,1913,-375,417,30,DISTRICT35,BLISTER
ACT-AD,12/1/2023,HEALTH CENTER,2839,51,830,,2363,2723,255,808,30,DISTRICT5,BLISTER
ART-SUP,9/1/2024,HEALTH CENTER,167,15,,795,,16,-546,,2,DISTRICT7,CAPSULE
ACT-SC,8/1/2024,HEALTH CENTER,150,570,,,,12,339,,30,DISTRICT15,BLISTER
ART-INJ,2/1/2024,HEALTH CENTER,108,,28,4,,74,46,2,5,DISTRICT18,VIAL
SP,9/1/2024,HEALTH CENTER,994,360,,,,6,-285,251,1000,DISTRICT33,TABLET
PYRA-SAC,7/1/2025,HEALTH CENTER,24,1,27,74,,21,-130,20,1,DISTRICT33,SACHET
ACT-SC,3/1/2025,HEALTH CENTER,950,33,600,548,,4090,-189,715,30,DISTRICT26,BLISTER
RDT,12/1/2023,HEALTH CENTER,,0,,,,,514,4,25,DISTRICT13,PIECE
PYRA-SAC,12/1/2023,DISTRICT HOSPITAL,574,,,,,,52,,1,DISTRICT11,SACHET
PYRA-SAC,7/1/2025,HEALTH CENTER,,125,175,,,731,-470,107,1,DISTRICT19,SACHET
ART-INJ,5/1/2025,HEALTH CENTER,3676,,1322,2376,,1355,-400,,5,DISTRICT15,VIAL
QUIN,8/1/2025,HEALTH CENTER,188,,,,,1,-302,20,1000,DISTRICT15,TABLET
ITN,1/1/2024,HEALTH CENTER,2195,,,1322,715,1728,471,,50,DISTRICT36,PIECE
ACT-INF,5/1/2025,HEALTH CENTER,1656,,305,2813,,0,291,197,30,DISTRICT7,BLISTER
PYRA-COMP,5/1/2025,HEALTH CENTER,560,0,28,94,,0,-196,6,1,DISTRICT16,TABLET
ACT-SC,8/1/2025,HEALTH CENTER,,,127,776,,,-260,357,30,DISTRICT8,BLISTER
ART-SUP,12/1/2024,HEALTH CENTER,,,202,304,1148,1925,-396,166,2,DISTRICT6,CAPSULE
ITN,10/1/2024,HEALTH CENTER,715,0,205,,,1814,-213,71,50,DISTRICT23,PIECE
ACT-GC,6/1/2024,HEALTH CENTER,,,,,939,3702,-84,,30,DISTRICT13,BLISTER
PYRA-COMP,8/1/2024,HEALTH CENTER,2361,,,2420,,1,-158,,1,DISTRICT3,TABLET
ACT-SC,3/1/2024,HEALTH CENTER,100,7,29,154,,0,252,4,30,DISTRICT20,BLISTER
PYRA-COMP,7/1/2025,HEALTH CENTER,2160,49,244,1368,338,0,210,,1,DISTRICT20,TABLET
QUIN,1/1/2024,HEALTH CENTER,380,0,43,,1093,4,-198,117,1000,DISTRICT1,TABLET
PYRA-COMP,8/1/2025,HEALTH CENTER,24,0,23,,152,365,414,15,1,DISTRICT4,TABLET
ACT-INF,10/1/2024,HEALTH CENTER,2282,12,123,919,,,75,45,30,DISTRICT17,BLISTER
QUIN,2/1/2025,HEALTH CENTER,6992,1,759,5435,725,2012,-249,962,1000,DISTRICT28,TABLET
RDT,9/1/2025,HEALTH CENTER,1712,99,476,1428,300,88,271,,25,DISTRICT13,PIECE
PYRA-SAC,12/1/2024,HEALTH CENTER,500,,252,388,,1,656,,1,DISTRICT21,SACHET
ITN,6/1/2025,HEALTH CENTER,1015,9,681,2397,,261,-526,518,50,DISTRICT5,PIECE
PYRA-SAC,6/1/2024,HEALTH CENTER,33,0,30,410,268,,261,2,1,DISTRICT10,SACHET
ACT-GC,2/1/2025,REGIONAL HOSPITAL,,335,927,700,,812,293,,30,DISTRICT19,BLISTER
QUIN,1/1/2024,HEALTH CENTER,,1123,,,,1,176,207,1000,DISTRICT33,TABLET
ACT-AD,7/1/2024,HEALTH CENTER,331,120,81,718,,61,118,39,30,DISTRICT32,BLISTER
PYRA-SAC,8/1/2024,HEALTH CENTER,575,1490,214,468,1343,6926,-586,94,1,DISTRICT13,SACHET
ART-INJ,2/1/2024,DISTRICT HOSPITAL,17,,9,135,,506,-222,9,5,DISTRICT36,VIAL
ITN,8/1/2024,HEALTH CENTER,289,,52,779,235,80,63,121,50,DISTRICT20,PIECE
RDT,8/1/2025,HEALTH CENTER,5037,95,856,2940,,28,-887,664,25,DISTRICT32,PIECE
PYRA-SAC,8/1/2024,HEALTH CENTER,,,1,11,,,-440,,1,DISTRICT24,SACHET
QUIN,9/1/2024,HEALTH CENTER,311,,5,,,135,-8,27,1000,DISTRICT15,TABLET
QUIN,10/1/2025,HEALTH CENTER,3103,0,831,,,3584,531,,1000,DISTRICT25,TABLET
ACT-GC,1/1/2024,HEALTH CENTER,,0,25,,,,115,10,30,DISTRICT14,BLISTER
ART-SUP,10/1/2024,HEALTH CENTER,204,53,214,,,3246,-437,54,2,DISTRICT20,CAPSULE
SP,3/1/2025,HEALTH CENTER,,23,115,637,,0,720,,1000,DISTRICT5,TABLET
ACT-GC,12/1/2024,HEALTH CENTER,,,949,,,8,208,,30,DISTRICT13,BLISTER
RDT,1/1/2024,HEALTH CENTER,46,,2,,,0,227,5,25,DISTRICT9,PIECE
ITN,10/1/2025,HEALTH CENTER,,0,9,143,,43,620,0,50,DISTRICT18,PIECE
PYRA-COMP,4/1/2025,DISTRICT HOSPITAL,5525,0,406,,279,,808,685,1,DISTRICT3,TABLET
ACT-AD,10/1/2025,HEALTH CENTER,2214,,554,,,2686,103,,30,DISTRICT9,BLISTER
PYRA-SAC,4/1/2024,HEALTH CENTER,1541,59,462,1171,,0,-589,151,1,DISTRICT28,SACHET
ACT-INF,11/1/2024,DISTRICT HOSPITAL,,39,10,1975,725,,140,,30,DISTRICT29,BLISTER
QUIN,11/1/2025,HEALTH CENTER,551,0,127,,,0,170,24,1000,DISTRICT9,TABLET
SP,9/1/2025,HEALTH CENTER,,,,239,,,-912,135,1000,DISTRICT33,TABLET
SP,12/1/2024,HEALTH CENTER,,1,267,2001,763,1550,330,128,1000,DISTRICT38,TABLET
ITN,6/1/2024,HEALTH CENTER,354,,109,866,,,3,32,50,DISTRICT2,PIECE
PYRA-COMP,8/1/2025,HEALTH CENTER,450,0,38,56,81,0,128,9,1,DISTRICT17,TABLET
SP,4/1/2024,HEALTH CENTER,562,0,322,925,,131,-568,,1000,DISTRICT29,TABLET
ACT-INF,10/1/2025,HEALTH CENTER,2668,,,4539,,292,-464,,30,DISTRICT8,BLISTER
ACT-SC,10/1/2024,HEALTH CENTER,1856,2,24,,,0,224,0,30,DISTRICT7,BLISTER
PYRA-SAC,12/1/2024,HEALTH CENTER,1221,888,542,1990,,2,-383,536,1,DISTRICT26,SACHET
QUIN,4/1/2024,HEALTH CENTER,484,0,14,168,,0,15,,1000,DISTRICT3,TABLET
ACT-AD,8/1/2025,HEALTH CENTER,,0,,,,0,-213,,30,DISTRICT9,BLISTER
ACT-AD,6/1/2025,HEALTH CENTER,102,,18,26,286,2,-388,44,30,DISTRICT12,BLISTER
ACT-AD,12/1/2024,HEALTH CENTER,29,0,18,24,,,131,14,30,DISTRICT5,BLISTER
RDT,5/1/2024,HEALTH CENTER,649,2228,304,522,,496,-320,,25,DISTRICT24,PIECE
ACT-GC,12/1/2023,HEALTH CENTER,9,1,26,346,734,0,771,1,30,DISTRICT7,BLISTER
RDT,7/1/2025,HEALTH CENTER,1188,2,393,,,31,304,169,25,DISTRICT13,PIECE
SP,2/1/2024,HEALTH CENTER,98,,5,,,0,77,,1000,DISTRICT13,TABLET
ACT-AD,6/1/2025,DISTRICT HOSPITAL,194,1,,832,,,163,,30,DISTRICT13,BLISTER
ACT-GC,12/1/2023,HEALTH CENTER,1840,0,307,1451,,1052,422,150,30,DISTRICT9,BLISTER
QUIN,4/1/2024,HEALTH CENTER,0,,9,108,,0,315,,1000,DISTRICT13,TABLET
ACT-GC,5/1/2025,HEALTH CENTER,249,,,447,,94,450,145,30,DISTRICT31,BLISTER
PYRA-SAC,10/1/2024,HEALTH CENTER,,48,,6,743,,-395,3,1,DISTRICT38,SACHET
ACT-SC,5/1/2024,HEALTH CENTER,157,,474,183,,,-116,191,30,DISTRICT6,BLISTER
ACT-GC,8/1/2024,HEALTH CENTER,,0,29,66,,3,39,27,30,DISTRICT7,BLISTER
ACT-SC,3/1/2025,HEALTH CENTER,,0,535,2198,409,0,-78,,30,DISTRICT36,BLISTER
ACT-GC,10/1/2025,HEALTH CENTER,313,,,,,1359,545,220,30,DISTRICT5,BLISTER
QUIN,3/1/2024,HEALTH CENTER,2597,0,303,2718,,1160,275,110,1000,DISTRICT33,TABLET
ACT-AD,1/1/2025,HEALTH CENTER,290,0,,271,1173,30,-201,30,30,DISTRICT6,BLISTER
QUIN,10/1/2024,HEALTH CENTER,822,,237,,,0,-995,37,1000,DISTRICT15,TABLET
PYRA-COMP,9/1/2024,HEALTH CENTER,4,,34,,491,0,-40,,1,DISTRICT1,TABLET
ACT-INF,8/1/2024,HEALTH CENTER,0,75,,5,,,570,6,30,DISTRICT9,BLISTER
ITN,1/1/2024,HEALTH CENTER,891,0,,518,127,1,-804,,50,DISTRICT11,PIECE
ART-SUP,2/1/2025,DISTRICT HOSPITAL,,109,,1210,,9319,209,226,2,DISTRICT25,CAPSULE
ART-SUP,2/1/2025,HEALTH CENTER,,,2533,8231,2051,5990,408,2429,2,DISTRICT29,CAPSULE
ACT-SC,10/1/2025,HEALTH CENTER,,,144,,,214,158,39,30,DISTRICT31,BLISTER
ACT-INF,5/1/2025,HEALTH CENTER,1044,0,197,,1389,,-746,43,30,DISTRICT28,BLISTER
QUIN,5/1/2025,HEALTH CENTER,456,,74,,79,966,1276,19,1000,DISTRICT15,TABLET
PYRA-COMP,3/1/2025,HEALTH CENTER,,551,283,,,52,-270,,1,DISTRICT26,TABLET
ACT-GC,3/1/2025,HEALTH CENTER,4606,3,,2307,,1023,-199,1015,30,DISTRICT25,BLISTER
ACT-AD,9/1/2024,HEALTH CENTER,3860,14,466,,,,574,461,30,DISTRICT1,BLISTER
QUIN,12/1/2024,HEALTH CENTER,,0,0,,,,-75,1,1000,DISTRICT15,TABLET
ACT-GC,5/1/2025,HEALTH CENTER,1625,,,,,,-45,11,30,DISTRICT25,BLISTER
ART-INJ,4/1/2024,HEALTH CENTER,1857,1351,620,3118,,10,-310,310,5,DISTRICT36,VIAL
ACT-AD,1/1/2025,HEALTH CENTER,,616,,5853,,433,-178,1016,30,DISTRICT29,BLISTER
RDT,6/1/2025,HEALTH CENTER,1031,,,512,,413,-246,495,25,DISTRICT13,PIECE
ACT-SC,10/1/2025,HEALTH CENTER,166,,52,157,,4574,526,15,30,DISTRICT8,BLISTER
ACT-INF,6/1/2024,HEALTH CENTER,135,53,326,,,0,-291,156,30,DISTRICT23,BLISTER
QUIN,10/1/2025,HEALTH CENTER,1343,,281,1024,556,0,-297,,1000,DISTRICT28,TABLET
ACT-INF,8/1/2025,HEALTH CENTER,,,646,1268,923,4165,-515,636,30,DISTRICT18,BLISTER
ART-SUP,1/1/2024,HEALTH CENTER,,788,792,1517,2049,17142,170,,2,DISTRICT3,CAPSULE
RDT,8/1/2024,HEALTH CENTER,240,,69,666,,1,-570,,25,DISTRICT30,PIECE
ART-SUP,9/1/2025,HEALTH CENTER,2414,,,2434,826,0,11,420,2,DISTRICT15,CAPSULE
QUIN,2/1/2024,DISTRICT HOSPITAL,2578,0,,,,15919,-191,1680,1000,DISTRICT16,TABLET
ACT-INF,7/1/2025,HEALTH CENTER,546,0,22,,330,223,-369,25,30,DISTRICT5,BLISTER
ACT-SC,3/1/2025,HEALTH CENTER,1704,1,196,,,1402,54,63,30,DISTRICT12,BLISTER
ITN,9/1/2025,HEALTH CENTER,297,147,,,,0,16,13,50,DISTRICT7,PIECE
ART-INJ,4/1/2024,HEALTH CENTER,719,,,231,,5,-69,133,5,DISTRICT3,VIAL
ACT-AD,6/1/2025,HEALTH CENTER,,909,,3128,666,3745,-561,315,30,DISTRICT33,BLISTER
ART-INJ,5/1/2024,HEALTH CENTER,,60,,152,616,1621,649,194,5,DISTRICT21,VIAL
PYRA-SAC,4/1/2025,REGIONAL HOSPITAL,,244,153,263,,,-93,101,1,DISTRICT11,SACHET
ART-INJ,3/1/2025,HEALTH CENTER,,0,204,368,1307,559,-6,55,5,DISTRICT18,VIAL
ACT-GC,7/1/2025,HEALTH CENTER,2406,0,89,404,,,274,104,30,DISTRICT18,BLISTER
ACT-INF,11/1/2024,HEALTH CENTER,515,0,54,200,,,471,,30,DISTRICT3,BLISTER
ART-SUP,8/1/2025,HEALTH CENTER,,6,,803,,92,-269,501,2,DISTRICT25,CAPSULE
ART-SUP,2/1/2024,HEALTH CENTER,,,65,215,,4855,13,44,2,DISTRICT1,CAPSULE
ACT-INF,7/1/2024,HEALTH CENTER,632,,204,1378,,,-41,,30,DISTRICT12,BLISTER
SP,1/1/2025,HEALTH CENTER,,,163,,,27,-200,,1000,DISTRICT2,TABLET
ACT-GC,2/1/2024,HEALTH CENTER,2786,0,,616,,2,-249,188,30,DISTRICT14,BLISTER
ACT-SC,7/1/2025,HEALTH CENTER,2383,,323,3840,,20,449,76,30,DISTRICT36,BLISTER
ACT-SC,5/1/2024,HEALTH CENTER,22,99,,462,,126,303,61,30,DISTRICT28,BLISTER
SP,3/1/2024,HEALTH CENTER,1986,467,642,2376,,618,-467,637,1000,DISTRICT25,TABLET
ACT-GC,11/1/2025,HEALTH CENTER,,9,,,730,785,-285,111,30,DISTRICT20,BLISTER
ACT-SC,3/1/2024,HEALTH CENTER,987,515,502,2712,,,117,,30,DISTRICT4,BLISTER
ART-INJ,1/1/2025,HEALTH CENTER,,204,358,755,,116,25,493,5,DISTRICT26,VIAL
ART-SUP,9/1/2025,HEALTH CENTER,303,,131,,,9,-332,,2,DISTRICT29,CAPSULE
QUIN,2/1/2025,HEALTH CENTER,,,88,,,,-556,73,1000,DISTRICT31,TABLET
PYRA-COMP,2/1/2024,HEALTH CENTER,553,,,,,147,594,284,1,DISTRICT7,TABLET
ART-INJ,4/1/2024,HEALTH CENTER,1331,0,183,,1209,94,-194,73,5,DISTRICT26,VIAL
ACT-SC,7/1/2025,HEALTH CENTER,18,90,,916,,,-193,16,30,DISTRICT22,BLISTER
ACT-GC,2/1/2024,HEALTH CENTER,24,179,,141,,,-328,1,30,DISTRICT13,BLISTER
SP,9/1/2025,HEALTH CENTER,,0,,,,429,78,11,1000,DISTRICT28,TABLET
ACT-INF,5/1/2024,HEALTH CENTER,74,3,,167,,2722,1014,,30,DISTRICT4,BLISTER
ART-INJ,5/1/2025,HEALTH CENTER,,459,260,491,1458,1439,140,,5,DISTRICT25,VIAL
ACT-GC,2/1/2024,HEALTH CENTER,232,,,,,,284,248,30,DISTRICT1,BLISTER
ACT-GC,9/1/2024,HEALTH CENTER,326,1,23,,,6,194,61,30,DISTRICT13,BLISTER
ACT-GC,7/1/2024,HEALTH CENTER,37,0,34,9,,103,38,,30,DISTRICT12,BLISTER
ART-INJ,11/1/2024,HEALTH CENTER,1077,0,189,,,2215,573,27,5,DISTRICT1,VIAL
PYRA-COMP,7/1/2025,HEALTH CENTER,,,1304,2301,,82,494,1019,1,DISTRICT36,TABLET
QUIN,4/1/2025,HEALTH CENTER,3073,246,1671,1601,,12581,-82,2023,1000,DISTRICT31,TABLET
ART-INJ,9/1/2024,HEALTH CENTER,,2,25,367,,,-603,3,5,DISTRICT5,VIAL
ART-SUP,6/1/2025,DISTRICT HOSPITAL,3096,408,79,1053,854,5,-436,10,2,DISTRICT32,CAPSULE
PYRA-SAC,1/1/2025,REGIONAL HOSPITAL,1650,0,336,326,868,1593,283,335,1,DISTRICT35,SACHET
SP,2/1/2024,HEALTH CENTER,,13,729,404,,4,584,871,1000,DISTRICT28,TABLET
QUIN,10/1/2024,HEALTH CENTER,52,35,9,10,,,-108,4,1000,DISTRICT35,TABLET
ACT-INF,11/1/2024,HEALTH CENTER,26,15,84,127,,1123,-322,,30,DISTRICT16,BLISTER
ART-SUP,9/1/2025,HEALTH CENTER,835,319,263,842,,,-341,241,2,DISTRICT7,CAPSULE
QUIN,9/1/2024,HEALTH CENTER,574,239,34,873,,,-649,11,1000,DISTRICT8,TABLET
ACT-INF,10/1/2025,HEALTH CENTER,2956,124,1288,3684,,1070,-446,719,30,DISTRICT29,BLISTER
ACT-AD,7/1/2025,HEALTH CENTER,2685,457,1140,2486,1226,,875,956,30,DISTRICT16,BLISTER
QUIN,11/1/2024,HEALTH CENTER,,850,678,1159,,1274,172,,1000,DISTRICT5,TABLET
ACT-INF,6/1/2024,HEALTH CENTER,,2,162,308,,0,-328,57,30,DISTRICT29,BLISTER
ITN,3/1/2025,HEALTH CENTER,437,,,363,617,6038,275,358,50,DISTRICT21,PIECE
PYRA-SAC,3/1/2024,HEALTH CENTER,,1112,,345,,106,323,,1,DISTRICT23,SACHET
ACT-INF,8/1/2025,DISTRICT HOSPITAL,103,,80,161,,12,335,,30,DISTRICT28,BLISTER
QUIN,9/1/2024,HEALTH CENTER,,,301,,,1035,829,354,1000,DISTRICT33,TABLET
ACT-INF,8/1/2024,HEALTH CENTER,217,1,251,,,207,-219,318,30,DISTRICT13,BLISTER
ACT-AD,4/1/2024,HEALTH CENTER,,571,,679,,345,-203,,30,DISTRICT12,BLISTER
PYRA-SAC,8/1/2024,HEALTH CENTER,881,46,504,1022,,362,0,287,1,DISTRICT3,SACHET
ITN,5/1/2024,HEALTH CENTER,672,168,,457,1002,1,113,23,50,DISTRICT22,PIECE
SP,4/1/2025,HEALTH CENTER,,,,631,743,6,143,8,1000,DISTRICT8,TABLET
ITN,2/1/2024,HEALTH CENTER,1181,0,37,843,,2,221,6,50,DISTRICT26,PIECE
ART-INJ,3/1/2024,HEALTH CENTER,30,9,89,69,,291,254,28,5,DISTRICT32,VIAL
ART-SUP,7/1/2024,HEALTH CENTER,496,0,29,41,,66,377,13,2,DISTRICT2,CAPSULE
RDT,3/1/2025,HEALTH CENTER,1802,503,,,325,,-79,,25,DISTRICT15,PIECE
QUIN,7/1/2025,DISTRICT HOSPITAL,584,25,278,412,,11445,280,412,1000,DISTRICT28,TABLET
ACT-GC,3/1/2025,HEALTH CENTER,1063,,186,1602,2017,260,-143,202,30,DISTRICT31,BLISTER
ACT-INF,8/1/2024,HEALTH CENTER,,,59,134,,1,503,41,30,DISTRICT1,BLISTER
ACT-SC,7/1/2025,HEALTH CENTER,3250,207,910,,1675,81,263,1018,30,DISTRICT33,BLISTER
ART-SUP,2/1/2025,HEALTH CENTER,356,,202,,,4338,-377,73,2,DISTRICT20,CAPSULE
ART-SUP,3/1/2024,HEALTH CENTER,20,515,7,,,305,948,5,2,DISTRICT18,CAPSULE
PYRA-COMP,2/1/2024,HEALTH CENTER,482,,,241,,0,88,,1,DISTRICT3,TABLET
PYRA-SAC,2/1/2024,HEALTH CENTER,,23,,42,,36,-566,8,1,DISTRICT9,SACHET
PYRA-SAC,11/1/2024,HEALTH CENTER,,329,485,2090,,210,-713,162,1,DISTRICT20,SACHET
QUIN,2/1/2025,HEALTH CENTER,568,266,772,,1713,876,-173,872,1000,DISTRICT36,TABLET
ACT-SC,6/1/2024,HEALTH CENTER,,0,88,188,,2,193,37,30,DISTRICT10,BLISTER
ITN,3/1/2024,HEALTH CENTER,788,495,317,2342,634,302,453,,50,DISTRICT13,PIECE
ACT-INF,6/1/2025,HEALTH CENTER,,,12,,113,0,144,34,30,DISTRICT30,BLISTER
ACT-SC,11/1/2025,HEALTH CENTER,1852,195,480,589,,874,51,,30,DISTRICT25,BLISTER
QUIN,3/1/2025,HEALTH CENTER,223,0,,239,,0,251,,1000,DISTRICT33,TABLET
ART-INJ,9/1/2025,HEALTH CENTER,1833,,477,1453,1124,1,-768,296,5,DISTRICT32,VIAL
PYRA-COMP,3/1/2025,HEALTH CENTER,,,44,766,452,0,-413,25,1,DISTRICT33,TABLET
ACT-GC,3/1/2024,HEALTH CENTER,119,0,,,676,936,-769,86,30,DISTRICT28,BLISTER
PYRA-SAC,7/1/2024,HEALTH CENTER,,1078,,1758,651,76,432,724,1,DISTRICT25,SACHET
PYRA-SAC,8/1/2024,HEALTH CENTER,,1,62,,,,-546,203,1,DISTRICT21,SACHET
PYRA-SAC,6/1/2025,HEALTH CENTER,451,57,115,345,,26,-410,179,1,DISTRICT25,SACHET
QUIN,3/1/2025,HEALTH CENTER,452,0,211,522,,,-482,,1000,DISTRICT36,TABLET
ACT-INF,7/1/2025,HEALTH CENTER,79,,94,364,,,564,19,30,DISTRICT18,BLISTER
ACT-GC,8/1/2024,HEALTH CENTER,,26,472,471,,1700,1156,621,30,DISTRICT6,BLISTER
QUIN,9/1/2024,HEALTH CENTER,2864,,704,2294,,81,-425,712,1000,DISTRICT33,TABLET
ART-INJ,3/1/2025,HEALTH CENTER,3215,2,1055,1717,,2875,-89,1369,5,DISTRICT7,VIAL
ART-SUP,7/1/2024,HEALTH CENTER,47,2,87,33,,420,-328,,2,DISTRICT32,CAPSULE
RDT,7/1/2024,HEALTH CENTER,,,1363,5606,,936,98,1002,25,DISTRICT38,PIECE
SP,5/1/2025,HEALTH CENTER,9061,4,1763,,417,7,181,723,1000,DISTRICT31,TABLET
ACT-SC,11/1/2025,HEALTH CENTER,246,1,73,52,,1179,83,7,30,DISTRICT20,BLISTER
PYRA-SAC,5/1/2025,HEALTH CENTER,1752,32,181,800,1242,589,36,140,1,DISTRICT13,SACHET
PYRA-SAC,6/1/2024,HEALTH CENTER,,,,517,1236,48,385,306,1,DISTRICT32,SACHET
ACT-GC,9/1/2024,HEALTH CENTER,,0,198,,717,,425,,30,DISTRICT20,BLISTER
RDT,12/1/2023,HEALTH CENTER,916,,,1481,,5371,-104,1088,25,DISTRICT32,PIECE
ITN,11/1/2025,HEALTH CENTER,,,1198,4972,,1893,392,,50,DISTRICT13,PIECE
ART-INJ,7/1/2025,DISTRICT HOSPITAL,928,0,322,138,,,-447,299,5,DISTRICT5,VIAL
ART-INJ,1/1/2024,HEALTH CENTER,,89,8,20,1136,1,-216,20,5,DISTRICT16,VIAL
ACT-INF,8/1/2024,HEALTH CENTER,,184,,1160,289,,716,254,30,DISTRICT16,BLISTER
ART-INJ,7/1/2024,HEALTH CENTER,2246,1,,1937,280,0,-878,,5,DISTRICT33,VIAL
ART-SUP,10/1/2024,HEALTH CENTER,,0,,35,,1659,-284,12,2,DISTRICT24,CAPSULE
ART-SUP,1/1/2024,HEALTH CENTER,680,46,301,,,808,-98,135,2,DISTRICT3,CAPSULE
PYRA-SAC,1/1/2025,HEALTH CENTER,0,0,2,,,5,-646,0,1,DISTRICT3,SACHET
QUIN,6/1/2024,HEALTH CENTER,26,14,139,270,,98,-186,126,1000,DISTRICT24,TABLET
ACT-AD,9/1/2025,HEALTH CENTER,680,,217,1043,,,-264,98,30,DISTRICT4,BLISTER
ACT-INF,3/1/2024,HEALTH CENTER,2505,,670,,,,-364,555,30,DISTRICT38,BLISTER
ACT-SC,5/1/2025,HEALTH CENTER,1052,844,491,2369,,1608,86,,30,DISTRICT26,BLISTER
ACT-SC,6/1/2024,HEALTH CENTER,,247,294,2363,506,0,120,285,30,DISTRICT37,BLISTER
ITN,5/1/2024,HEALTH CENTER,29,38,14,,,0,332,,50,DISTRICT9,PIECE
PYRA-SAC,6/1/2025,HEALTH CENTER,1495,168,948,3317,,685,559,943,1,DISTRICT21,SACHET
ACT-GC,2/1/2024,HEALTH CENTER,212,,321,1468,,1099,-303,,30,DISTRICT23,BLISTER
PYRA-COMP,5/1/2024,HEALTH CENTER,,,,10,,0,230,,1,DISTRICT31,TABLET
PYRA-SAC,11/1/2024,HEALTH CENTER,43,86,16,57,2113,64,73,,1,DISTRICT31,SACHET
PYRA-SAC,2/1/2024,HEALTH CENTER,,,245,,757,0,-53,251,1,DISTRICT9,SACHET
PYRA-SAC,5/1/2025,HEALTH CENTER,4955,,842,,,994,-272,428,1,DISTRICT7,SACHET
RDT,9/1/2025,HEALTH CENTER,577,175,406,,,854,-107,291,25,DISTRICT32,PIECE
ACT-GC,10/1/2024,DISTRICT HOSPITAL,2299,24,377,2862,,0,318,163,30,DISTRICT26,BLISTER
RDT,2/1/2024,HEALTH CENTER,498,948,66,,,0,-1038,,25,DISTRICT15,PIECE
ART-INJ,9/1/2024,HEALTH CENTER,,1,263,998,,1141,125,,5,DISTRICT1,VIAL
ACT-GC,9/1/2025,HEALTH CENTER,635,1092,149,,,2,439,,30,DISTRICT15,BLISTER
QUIN,11/1/2024,HEALTH CENTER,,,277,523,776,2272,49,648,1000,DISTRICT25,TABLET
ACT-SC,3/1/2025,HEALTH CENTER,1885,,,2478,,0,470,,30,DISTRICT28,BLISTER
ART-SUP,11/1/2024,HEALTH CENTER,143,144,47,148,,206,-333,24,2,DISTRICT38,CAPSULE
ACT-INF,8/1/2025,HEALTH CENTER,,1242,135,,,892,-343,92,30,DISTRICT28,BLISTER
PYRA-COMP,2/1/2025,HEALTH CENTER,1951,6,84,,,,-468,,1,DISTRICT2,TABLET
ART-INJ,4/1/2024,DISTRICT HOSPITAL,2734,0,229,,,739,328,229,5,DISTRICT9,VIAL
ART-SUP,4/1/2024,HEALTH CENTER,825,3,257,775,393,,-201,,2,DISTRICT29,CAPSULE
ACT-GC,10/1/2025,HEALTH CENTER,,1,13,,,3,-189,,30,DISTRICT11,BLISTER
RDT,6/1/2025,HEALTH CENTER,992,0,,674,,0,64,,25,DISTRICT32,PIECE
ACT-AD,3/1/2024,HEALTH CENTER,,0,,233,583,0,-35,9,30,DISTRICT5,BLISTER
ACT-SC,12/1/2024,HEALTH CENTER,0,702,0,,,,-671,0,30,DISTRICT30,BLISTER
ART-INJ,12/1/2024,HEALTH CENTER,390,0,,171,,4112,526,99,5,DISTRICT22,VIAL
QUIN,8/1/2025,HEALTH CENTER,2431,0,230,1262,,16,-392,,1000,DISTRICT14,TABLET
RDT,4/1/2025,HEALTH CENTER,,24,9,38,,0,-501,0,25,DISTRICT12,PIECE
ACT-AD,8/1/2024,HEALTH CENTER,,5,148,1581,,2,-636,7,30,DISTRICT21,BLISTER
ART-INJ,10/1/2025,HEALTH CENTER,60,608,30,,,4,191,2,5,DISTRICT28,VIAL
ACT-AD,2/1/2024,HEALTH CENTER,662,,97,,,0,-554,8,30,DISTRICT26,BLISTER
RDT,9/1/2024,HEALTH CENTER,236,0,105,,,785,1030,,25,DISTRICT38,PIECE
ACT-INF,6/1/2025,HEALTH CENTER,3906,0,332,2131,1267,,281,,30,DISTRICT2,BLISTER
SP,4/1/2025,HEALTH CENTER,35,3,179,,,,244,52,1000,DISTRICT35,TABLET
PYRA-COMP,8/1/2025,HEALTH CENTER,1405,,,2716,,,406,294,1,DISTRICT31,TABLET
QUIN,5/1/2024,HEALTH CENTER,943,0,163,,,133,515,,1000,DISTRICT13,TABLET
ITN,11/1/2025,HEALTH CENTER,10,0,,,,0,-199,0,50,DISTRICT25,PIECE
PYRA-COMP,3/1/2025,HEALTH CENTER,10,1,9,4,,242,-266,,1,DISTRICT8,TABLET
ART-INJ,10/1/2025,HEALTH CENTER,273,0,,,73,0,146,25,5,DISTRICT31,VIAL
ACT-INF,2/1/2025,HEALTH CENTER,2592,104,284,1677,,131,296,58,30,DISTRICT33,BLISTER
PYRA-COMP,7/1/2025,HEALTH CENTER,825,25,258,1293,,317,-172,352,1,DISTRICT35,TABLET
PYRA-COMP,6/1/2024,DISTRICT HOSPITAL,148,3174,63,1118,,1,-1,16,1,DISTRICT16,TABLET
PYRA-SAC,7/1/2025,HEALTH CENTER,523,117,60,,379,2,423,,1,DISTRICT15,SACHET
ACT-AD,9/1/2024,HEALTH CENTER,324,124,357,668,,,-336,118,30,DISTRICT1,BLISTER
RDT,9/1/2024,HEALTH CENTER,890,,291,1649,,,1253,525,25,DISTRICT19,PIECE
ACT-AD,6/1/2025,HEALTH CENTER,,1,76,802,,0,-196,,30,DISTRICT14,BLISTER
RDT,1/1/2025,HEALTH CENTER,,2,,,,2133,484,,25,DISTRICT24,PIECE
ITN,3/1/2024,HEALTH CENTER,,3,382,867,,730,630,,50,DISTRICT25,PIECE
RDT,10/1/2025,HEALTH CENTER,228,,107,531,,,74,171,25,DISTRICT9,PIECE
SP,8/1/2025,HEALTH CENTER,,104,391,,,376,186,212,1000,DISTRICT17,TABLET
SP,11/1/2025,HEALTH CENTER,647,7,,,,5,346,49,1000,DISTRICT32,TABLET
PYRA-COMP,4/1/2024,HEALTH CENTER,621,,15,1507,,6,-264,4,1,DISTRICT14,TABLET
ACT-GC,12/1/2023,HEALTH CENTER,1325,0,181,,,256,315,184,30,DISTRICT20,BLISTER
SP,7/1/2024,HEALTH CENTER,1089,80,183,,,533,577,,1000,DISTRICT1,TABLET
ACT-SC,11/1/2025,HEALTH CENTER,,0,,323,,,169,2,30,DISTRICT36,BLISTER
RDT,7/1/2025,HEALTH CENTER,,104,4,61,,0,-209,,25,DISTRICT32,PIECE
RDT,6/1/2024,HEALTH CENTER,22,12,,143,,971,99,51,25,DISTRICT28,PIECE
ACT-SC,2/1/2025,HEALTH CENTER,35,62,,,,786,109,,30,DISTRICT23,BLISTER
PYRA-SAC,1/1/2024,HEALTH CENTER,1087,213,128,967,,123,-659,45,1,DISTRICT23,SACHET
ACT-INF,4/1/2024,HEALTH CENTER,2664,18,1222,4193,851,0,427,,30,DISTRICT21,BLISTER
PYRA-SAC,12/1/2023,HEALTH CENTER,46,16,16,57,,0,218,21,1,DISTRICT30,SACHET
PYRA-COMP,7/1/2024,HEALTH CENTER,1434,,458,712,886,2018,-219,,1,DISTRICT23,TABLET
ART-INJ,7/1/2024,HEALTH CENTER,5543,,1265,1951,,2153,-7,947,5,DISTRICT3,VIAL
PYRA-COMP,11/1/2024,HEALTH CENTER,394,22,,,275,0,365,1,1,DISTRICT16,TABLET
ART-INJ,6/1/2024,HEALTH CENTER,,8,690,,860,7291,157,657,5,DISTRICT25,VIAL
ART-INJ,10/1/2024,HEALTH CENTER,193,,54,60,,1698,91,45,5,DISTRICT31,VIAL
RDT,9/1/2025,HEALTH CENTER,1182,0,113,,,,543,15,25,DISTRICT1,PIECE
ACT-AD,4/1/2024,HEALTH CENTER,,,17,406,,0,85,4,30,DISTRICT4,BLISTER
ACT-GC,2/1/2025,HEALTH CENTER,,,338,1789,,233,-369,369,30,DISTRICT6,BLISTER
ITN,1/1/2024,HEALTH CENTER,,11,33,32,,32,-366,13,50,DISTRICT13,PIECE
PYRA-SAC,5/1/2025,HEALTH CENTER,242,4,7,17,,0,-572,7,1,DISTRICT20,SACHET
ACT-SC,2/1/2025,DISTRICT HOSPITAL,,438,1141,3139,,,-219,,30,DISTRICT28,BLISTER
ART-INJ,11/1/2024,DISTRICT HOSPITAL,3398,0,327,,,627,578,,5,DISTRICT9,VIAL
ACT-SC,10/1/2024,HEALTH CENTER,851,223,,1398,,1,75,,30,DISTRICT33,BLISTER
ITN,9/1/2024,DISTRICT HOSPITAL,146,29,322,,557,990,384,,50,DISTRICT25,PIECE
ART-INJ,11/1/2025,HEALTH CENTER,135,67,117,954,,48,-280,,5,DISTRICT33,VIAL
ACT-INF,5/1/2024,HEALTH CENTER,197,0,28,23,,598,90,,30,DISTRICT3,BLISTER
RDT,7/1/2024,REGIONAL HOSPITAL,,0,,1628,,,-451,446,25,DISTRICT6,PIECE
PYRA-SAC,9/1/2024,HEALTH CENTER,520,,,106,,109,557,81,1,DISTRICT2,SACHET
ACT-GC,8/1/2025,HEALTH CENTER,,1,73,257,,2583,-854,76,30,DISTRICT9,BLISTER
ART-INJ,3/1/2025,DISTRICT HOSPITAL,,68,66,129,,45,-252,,5,DISTRICT35,VIAL
QUIN,8/1/2025,HEALTH CENTER,483,,103,777,,550,6,74,1000,DISTRICT14,TABLET
ACT-INF,9/1/2024,HEALTH CENTER,1796,39,,4456,,1442,869,1067,30,DISTRICT15,BLISTER
ACT-INF,2/1/2025,HEALTH CENTER,326,,244,295,610,1672,689,,30,DISTRICT33,BLISTER
ITN,11/1/2025,HEALTH CENTER,1805,0,1146,,,1208,-117,1276,50,DISTRICT13,PIECE
ACT-GC,4/1/2024,HEALTH CENTER,3259,46,906,1955,,1091,300,1095,30,DISTRICT19,BLISTER
ART-INJ,5/1/2025,HEALTH CENTER,2372,81,178,,,0,503,280,5,DISTRICT6,VIAL
ACT-INF,3/1/2025,HEALTH CENTER,1819,3,,,432,0,-309,,30,DISTRICT13,BLISTER
QUIN,10/1/2025,HEALTH CENTER,849,11,470,1494,,0,560,301,1000,DISTRICT36,TABLET
ACT-SC,4/1/2024,HEALTH CENTER,,1,198,821,,4734,184,165,30,DISTRICT26,BLISTER
QUIN,2/1/2024,HEALTH CENTER,11,0,,,,13,-765,1,1000,DISTRICT5,TABLET
PYRA-COMP,2/1/2025,HEALTH CENTER,19,0,,2,,238,-429,1,1,DISTRICT15,TABLET
ART-INJ,1/1/2024,HEALTH CENTER,9,,11,,,7,-451,,5,DISTRICT36,VIAL
ACT-GC,7/1/2024,HEALTH CENTER,398,,,375,,12,41,192,30,DISTRICT20,BLISTER
ART-INJ,2/1/2024,HEALTH CENTER,611,16,,,,5,-47,66,5,DISTRICT24,VIAL
RDT,1/1/2025,HEALTH CENTER,803,864,427,2312,,0,859,182,25,DISTRICT20,PIECE
ART-SUP,7/1/2024,HEALTH CENTER,3346,323,1076,1286,832,2363,134,936,2,DISTRICT9,CAPSULE
ACT-GC,3/1/2025,HEALTH CENTER,1807,,300,,,834,-78,,30,DISTRICT29,BLISTER
ART-SUP,8/1/2025,HEALTH CENTER,399,8,189,,318,1,487,108,2,DISTRICT29,CAPSULE
SP,7/1/2024,HEALTH CENTER,3096,,256,800,,121,219,,1000,DISTRICT28,TABLET
ITN,10/1/2024,HEALTH CENTER,2458,422,853,,1191,,484,693,50,DISTRICT9,PIECE
ACT-SC,3/1/2024,DISTRICT HOSPITAL,253,8,52,573,,0,657,18,30,DISTRICT26,BLISTER
QUIN,2/1/2025,HEALTH CENTER,297,,70,190,,176,109,34,1000,DISTRICT25,TABLET
ACT-INF,12/1/2024,HEALTH CENTER,153,2,,,151,0,175,,30,DISTRICT28,BLISTER
ITN,7/1/2024,HEALTH CENTER,411,,274,,,69,373,256,50,DISTRICT31,PIECE
SP,2/1/2025,HEALTH CENTER,1189,0,508,906,,,399,,1000,DISTRICT16,TABLET
ACT-SC,12/1/2023,HEALTH CENTER,268,,104,204,,8,-213,16,30,DISTRICT12,BLISTER
ACT-SC,8/1/2024,HEALTH CENTER,7753,12,,3072,,0,-480,,30,DISTRICT20,BLISTER
RDT,5/1/2024,HEALTH CENTER,936,,,423,,4,-65,,25,DISTRICT12,PIECE
ITN,9/1/2025,DISTRICT HOSPITAL,73,,61,40,,,277,27,50,DISTRICT19,PIECE
ITN,7/1/2024,HEALTH CENTER,309,,,,437,0,-380,236,50,DISTRICT1,PIECE
ART-INJ,4/1/2024,HEALTH CENTER,,5,362,718,,1,-690,,5,DISTRICT17,VIAL
ACT-INF,8/1/2024,HEALTH CENTER,46,0,21,42,,,-323,4,30,DISTRICT22,BLISTER
ART-INJ,3/1/2025,HEALTH CENTER,153,334,,,,1,-122,50,5,DISTRICT35,VIAL
ART-SUP,10/1/2024,HEALTH CENTER,908,208,208,2674,,0,333,,2,DISTRICT15,CAPSULE
ACT-GC,12/1/2024,DISTRICT HOSPITAL,,0,20,17,1139,490,592,102,30,DISTRICT30,BLISTER
QUIN,10/1/2025,HEALTH CENTER,204,92,64,413,,1,-380,9,1000,DISTRICT20,TABLET
PYRA-SAC,3/1/2025,DISTRICT HOSPITAL,3270,77,1501,,,1098,140,,1,DISTRICT25,SACHET
ITN,10/1/2025,HEALTH CENTER,690,60,441,,,,-279,287,50,DISTRICT13,PIECE
RDT,7/1/2025,REGIONAL HOSPITAL,,3,,79,2194,449,358,,25,DISTRICT32,PIECE
ACT-INF,3/1/2025,HEALTH CENTER,1803,0,,726,895,,-119,838,30,DISTRICT31,BLISTER
ACT-GC,3/1/2024,HEALTH CENTER,1480,2,228,1135,,,595,203,30,DISTRICT30,BLISTER
RDT,2/1/2025,HEALTH CENTER,838,160,25,1670,513,0,-85,2,25,DISTRICT31,PIECE
QUIN,10/1/2024,HEALTH CENTER,698,,70,1394,,0,232,16,1000,DISTRICT30,TABLET
ACT-AD,1/1/2024,HEALTH CENTER,,,536,,,301,326,373,30,DISTRICT31,BLISTER
ACT-SC,11/1/2024,HEALTH CENTER,,43,17,432,,965,-353,33,30,DISTRICT10,BLISTER
ACT-GC,12/1/2023,HEALTH CENTER,,316,396,787,,1,223,85,30,DISTRICT15,BLISTER
ART-INJ,1/1/2024,HEALTH CENTER,,7,,336,555,0,-614,14,5,DISTRICT29,VIAL
ITN,9/1/2024,HEALTH CENTER,,141,40,499,,4,416,,50,DISTRICT15,PIECE
ART-INJ,9/1/2025,HEALTH CENTER,1920,887,728,4318,,426,53,517,5,DISTRICT18,VIAL
QUIN,6/1/2025,HEALTH CENTER,191,,120,740,,1113,290,131,1000,DISTRICT7,TABLET
SP,5/1/2024,HEALTH CENTER,1897,,,317,,238,-50,183,1000,DISTRICT20,TABLET
QUIN,10/1/2025,HEALTH CENTER,3551,92,1314,,,,-365,905,1000,DISTRICT8,TABLET
PYRA-SAC,5/1/2025,HEALTH CENTER,162,,147,405,,0,497,127,1,DISTRICT37,SACHET
ACT-INF,11/1/2024,HEALTH CENTER,40,0,21,149,,4064,-311,7,30,DISTRICT9,BLISTER
QUIN,12/1/2024,DISTRICT HOSPITAL,,23,101,3835,1758,72,181,65,1000,DISTRICT33,TABLET
ACT-AD,5/1/2024,HEALTH CENTER,,357,,898,1407,46,-100,,30,DISTRICT24,BLISTER
SP,3/1/2025,HEALTH CENTER,647,0,,1399,50,2,-60,2,1000,DISTRICT35,TABLET
ACT-INF,8/1/2024,HEALTH CENTER,,42,88,605,,41,-251,96,30,DISTRICT12,BLISTER
PYRA-SAC,3/1/2025,HEALTH CENTER,697,0,,860,,3834,-99,,1,DISTRICT20,SACHET
SP,6/1/2024,HEALTH CENTER,638,19,,,,19,785,158,1000,DISTRICT17,TABLET
PYRA-COMP,5/1/2025,HEALTH CENTER,42,55,149,103,,3,-1248,45,1,DISTRICT13,TABLET
RDT,10/1/2025,HEALTH CENTER,66,,7,23,15,0,-266,0,25,DISTRICT23,PIECE
ART-INJ,8/1/2025,DISTRICT HOSPITAL,256,,,225,,,-634,9,5,DISTRICT20,VIAL
PYRA-COMP,12/1/2023,HEALTH CENTER,5,63,6,20,,273,274,1,1,DISTRICT27,TABLET
ACT-GC,2/1/2024,HEALTH CENTER,,72,126,457,,,-937,55,30,DISTRICT1,BLISTER
SP,11/1/2024,HEALTH CENTER,16,37,9,7,,5,638,,1000,DISTRICT14,TABLET
PYRA-SAC,1/1/2025,HEALTH CENTER,5090,63,415,4636,,1,-697,551,1,DISTRICT3,SACHET
RDT,3/1/2024,HEALTH CENTER,2319,127,1080,1859,1052,285,524,850,25,DISTRICT6,PIECE
QUIN,11/1/2025,HEALTH CENTER,,6,94,811,,0,-1037,48,1000,DISTRICT9,TABLET
ITN,11/1/2024,HEALTH CENTER,1685,2,459,,289,5,194,732,50,DISTRICT22,PIECE
RDT,11/1/2025,DISTRICT HOSPITAL,,5,499,,,466,-193,548,25,DISTRICT22,PIECE
ITN,3/1/2024,HEALTH CENTER,,,5,115,,1,-30,13,50,DISTRICT32,PIECE
ART-INJ,3/1/2025,HEALTH CENTER,,2706,1179,6878,,339,-89,,5,DISTRICT26,VIAL
ART-INJ,5/1/2024,HEALTH CENTER,2997,3,768,2842,,9,-468,852,5,DISTRICT36,VIAL
ACT-INF,10/1/2024,HEALTH CENTER,,,51,3210,661,,-535,75,30,DISTRICT11,BLISTER
ACT-SC,4/1/2025,HEALTH CENTER,4835,,862,4421,,,-122,551,30,DISTRICT22,BLISTER
QUIN,6/1/2025,HEALTH CENTER,633,614,439,437,749,,-506,757,1000,DISTRICT24,TABLET
ACT-AD,1/1/2025,HEALTH CENTER,,67,501,443,1154,0,211,181,30,DISTRICT33,BLISTER
ACT-SC,7/1/2024,HEALTH CENTER,,,,,478,,235,608,30,DISTRICT9,BLISTER
RDT,9/1/2024,HEALTH CENTER,,,175,460,683,384,280,189,25,DISTRICT3,PIECE
PYRA-COMP,8/1/2024,HEALTH CENTER,1932,663,626,,,2597,-296,,1,DISTRICT30,TABLET
ACT-AD,4/1/2025,HEALTH CENTER,1154,,207,,,0,37,,30,DISTRICT1,BLISTER
ITN,6/1/2025,HEALTH CENTER,462,,,,,8,664,206,50,DISTRICT35,PIECE
RDT,11/1/2025,HEALTH CENTER,1933,2,537,1630,,14,-509,152,25,DISTRICT32,PIECE
RDT,2/1/2025,HEALTH CENTER,66,46,,32,,0,-376,0,25,DISTRICT1,PIECE
PYRA-COMP,9/1/2025,DISTRICT HOSPITAL,6395,68,730,2312,,481,-294,948,1,DISTRICT15,TABLET
RDT,10/1/2024,HEALTH CENTER,1145,,638,,611,1166,482,495,25,DISTRICT23,PIECE
ITN,7/1/2024,HEALTH CENTER,312,3,,273,778,0,-69,,50,DISTRICT3,PIECE
ACT-AD,2/1/2025,HEALTH CENTER,104,,32,45,,,-15,8,30,DISTRICT16,BLISTER
RDT,7/1/2025,HEALTH CENTER,916,61,60,626,,537,69,,25,DISTRICT32,PIECE
QUIN,4/1/2025,HEALTH CENTER,3989,259,795,2017,,,-330,,1000,DISTRICT9,TABLET
ACT-AD,5/1/2025,HEALTH CENTER,1618,10,542,714,,188,-33,678,30,DISTRICT9,BLISTER
ACT-AD,5/1/2025,DISTRICT HOSPITAL,585,0,,,,,-465,,30,DISTRICT9,BLISTER
ACT-SC,7/1/2025,HEALTH CENTER,1749,0,75,,282,1,-150,14,30,DISTRICT13,BLISTER
SP,5/1/2025,HEALTH CENTER,,,22,91,,1,-712,1,1000,DISTRICT2,TABLET
RDT,1/1/2024,HEALTH CENTER,2382,1,461,,,7410,-245,204,25,DISTRICT29,PIECE
PYRA-SAC,8/1/2024,HEALTH CENTER,149,,49,58,,0,67,19,1,DISTRICT10,SACHET
PYRA-COMP,9/1/2024,HEALTH CENTER,36,15,,214,393,1,429,29,1,DISTRICT22,TABLET
QUIN,12/1/2024,HEALTH CENTER,,,160,804,,,1,,1000,DISTRICT11,TABLET
ACT-GC,9/1/2025,HEALTH CENTER,,0,,130,,,580,3,30,DISTRICT20,BLISTER
ACT-INF,4/1/2025,HEALTH CENTER,307,,78,,,1,-506,51,30,DISTRICT30,BLISTER
ITN,9/1/2024,HEALTH CENTER,171,25,,,,1,989,68,50,DISTRICT18,PIECE
ART-SUP,7/1/2025,HEALTH CENTER,785,369,458,,,6119,629,,2,DISTRICT32,CAPSULE
PYRA-SAC,10/1/2025,HEALTH CENTER,,,145,645,829,0,-173,,1,DISTRICT9,SACHET
RDT,1/1/2025,HEALTH CENTER,,1,120,253,,,84,,25,DISTRICT27,PIECE
ITN,12/1/2023,HEALTH CENTER,,190,665,,,953,245,429,50,DISTRICT19,PIECE
ITN,8/1/2024,HEALTH CENTER,1264,124,865,1099,,2852,101,,50,DISTRICT8,PIECE
PYRA-SAC,9/1/2024,HEALTH CENTER,402,11,2,532,571,,-279,,1,DISTRICT5,SACHET
RDT,5/1/2024,HEALTH CENTER,199,1,,282,,4005,-406,276,25,DISTRICT36,PIECE
PYRA-COMP,5/1/2024,HEALTH CENTER,,4,284,65,793,,-94,,1,DISTRICT14,TABLET
ACT-AD,7/1/2025,HEALTH CENTER,1256,710,,3850,,50,-185,,30,DISTRICT7,BLISTER
ACT-GC,6/1/2025,HEALTH CENTER,287,78,300,,,3311,-113,337,30,DISTRICT10,BLISTER
SP,10/1/2024,HEALTH CENTER,,14,885,1907,,184,291,260,1000,DISTRICT1,TABLET
PYRA-COMP,1/1/2024,HEALTH CENTER,1117,,183,1128,,7,-99,224,1,DISTRICT25,TABLET
ITN,5/1/2025,HEALTH CENTER,6470,,1117,,,,-498,1034,50,DISTRICT20,PIECE
ACT-AD,11/1/2025,HEALTH CENTER,290,6,125,147,,4,587,61,30,DISTRICT28,BLISTER
ART-SUP,10/1/2024,HEALTH CENTER,162,252,,642,467,118,-139,,2,DISTRICT6,CAPSULE
RDT,12/1/2024,HEALTH CENTER,266,102,35,252,,268,-676,23,25,DISTRICT15,PIECE
QUIN,9/1/2025,HEALTH CENTER,,,296,,,8606,-95,388,1000,DISTRICT29,TABLET
QUIN,11/1/2025,HEALTH CENTER,2404,0,,490,,80,72,195,1000,DISTRICT21,TABLET
SP,7/1/2024,HEALTH CENTER,,72,,1363,,133,-490,437,1000,DISTRICT19,TABLET
PYRA-SAC,5/1/2025,HEALTH CENTER,,5,,444,,,108,36,1,DISTRICT17,SACHET
RDT,5/1/2024,HEALTH CENTER,108,0,12,43,,0,78,11,25,DISTRICT31,PIECE
ART-SUP,10/1/2025,HEALTH CENTER,3182,119,796,,,,-302,367,2,DISTRICT5,CAPSULE
ACT-INF,3/1/2024,HEALTH CENTER,3962,0,828,1263,,1,394,839,30,DISTRICT25,BLISTER
PYRA-SAC,7/1/2024,HEALTH CENTER,127,82,92,,464,0,220,47,1,DISTRICT33,SACHET
ACT-GC,6/1/2025,HEALTH CENTER,807,430,,610,966,756,-252,299,30,DISTRICT24,BLISTER
ACT-SC,4/1/2025,HEALTH CENTER,,179,105,150,,0,-711,58,30,DISTRICT24,BLISTER
ACT-GC,9/1/2024,HEALTH CENTER,3390,145,1058,4052,,297,-239,,30,DISTRICT29,BLISTER
ART-INJ,3/1/2024,HEALTH CENTER,,1,15,129,,0,-1206,10,5,DISTRICT18,VIAL
RDT,9/1/2024,DISTRICT HOSPITAL,586,0,51,,,612,-256,,25,DISTRICT38,PIECE
ACT-INF,9/1/2025,DISTRICT HOSPITAL,51,,69,961,,606,245,,30,DISTRICT9,BLISTER
ACT-SC,5/1/2025,DISTRICT HOSPITAL,1824,16,575,1446,,4,323,,30,DISTRICT28,BLISTER
ART-SUP,5/1/2024,HEALTH CENTER,127,722,,157,1433,85,-343,37,2,DISTRICT7,CAPSULE
ACT-INF,7/1/2025,HEALTH CENTER,1744,,281,2360,,264,480,227,30,DISTRICT9,BLISTER
QUIN,3/1/2024,HEALTH CENTER,1493,233,419,1544,,0,183,437,1000,DISTRICT36,TABLET
ACT-AD,12/1/2024,HEALTH CENTER,1678,63,366,377,,0,396,,30,DISTRICT29,BLISTER
QUIN,10/1/2025,HEALTH CENTER,7,0,0,,191,1,-568,,1000,DISTRICT31,TABLET
ART-SUP,10/1/2025,HEALTH CENTER,336,,48,,259,1,-405,28,2,DISTRICT7,CAPSULE
SP,2/1/2025,HEALTH CENTER,1586,0,,279,233,282,-214,67,1000,DISTRICT32,TABLET
PYRA-SAC,12/1/2023,HEALTH CENTER,,,56,,,0,-512,1,1,DISTRICT24,SACHET
SP,5/1/2024,HEALTH CENTER,625,1,129,,,408,-137,71,1000,DISTRICT33,TABLET
ITN,1/1/2025,HEALTH CENTER,372,0,453,468,,654,434,270,50,DISTRICT18,PIECE
PYRA-COMP,3/1/2024,HEALTH CENTER,247,,180,109,,,474,42,1,DISTRICT28,TABLET
PYRA-SAC,6/1/2024,HEALTH CENTER,,,,1071,,18,1079,116,1,DISTRICT29,SACHET
ACT-INF,3/1/2025,HEALTH CENTER,,30,9,,,2,-595,2,30,DISTRICT25,BLISTER
SP,7/1/2025,HEALTH CENTER,,,7,619,,0,-158,2,1000,DISTRICT32,TABLET
ITN,11/1/2025,HEALTH CENTER,116,,,118,,631,-482,,50,DISTRICT12,PIECE
ACT-SC,4/1/2024,HEALTH CENTER,,122,18,,,5,263,1,30,DISTRICT31,BLISTER
ACT-SC,9/1/2024,HEALTH CENTER,,,785,2036,1199,0,337,359,30,DISTRICT1,BLISTER
PYRA-SAC,6/1/2024,HEALTH CENTER,1651,393,339,442,,,-21,138,1,DISTRICT3,SACHET
QUIN,5/1/2025,HEALTH CENTER,1111,183,887,1120,,0,277,373,1000,DISTRICT25,TABLET
QUIN,5/1/2024,HEALTH CENTER,1710,14,,,,21,-121,,1000,DISTRICT21,TABLET
ART-INJ,10/1/2025,HEALTH CENTER,,17,0,1,661,0,-717,0,5,DISTRICT8,VIAL
ACT-INF,2/1/2024,HEALTH CENTER,158,0,34,,,,872,16,30,DISTRICT19,BLISTER
PYRA-COMP,11/1/2024,HEALTH CENTER,485,1,166,,,2717,132,58,1,DISTRICT36,TABLET
SP,8/1/2025,HEALTH CENTER,687,1,69,,,,293,250,1000,DISTRICT20,TABLET
PYRA-COMP,9/1/2024,HEALTH CENTER,342,717,136,,,,-433,20,1,DISTRICT29,TABLET
ACT-GC,5/1/2024,HEALTH CENTER,1477,1,,,160,,124,,30,DISTRICT33,BLISTER
PYRA-SAC,11/1/2024,HEALTH CENTER,640,,1,,,0,-90,0,1,DISTRICT14,SACHET
ACT-SC,5/1/2025,HEALTH CENTER,,,29,,,219,79,,30,DISTRICT31,BLISTER
SP,5/1/2025,HEALTH CENTER,2703,,330,,,9,-237,,1000,DISTRICT23,TABLET
PYRA-COMP,6/1/2025,HEALTH CENTER,3257,134,474,5160,,0,-78,840,1,DISTRICT20,TABLET
ART-INJ,1/1/2025,HEALTH CENTER,,3,0,23,46,0,51,0,5,DISTRICT21,VIAL
PYRA-COMP,7/1/2024,HEALTH CENTER,7007,126,1167,2703,,,-87,666,1,DISTRICT20,TABLET
ART-INJ,5/1/2025,HEALTH CENTER,65,,15,278,,0,-40,7,5,DISTRICT19,VIAL
PYRA-COMP,10/1/2024,HEALTH CENTER,196,,,578,,302,-23,63,1,DISTRICT31,TABLET
RDT,1/1/2025,HEALTH CENTER,,,251,635,,,88,345,25,DISTRICT3,PIECE
ACT-SC,8/1/2024,DISTRICT HOSPITAL,833,,165,689,,401,-416,64,30,DISTRICT6,BLISTER
ACT-SC,3/1/2024,HEALTH CENTER,2575,138,241,1982,,35,-494,749,30,DISTRICT26,BLISTER
PYRA-COMP,4/1/2025,HEALTH CENTER,,11,77,348,,71,121,,1,DISTRICT13,TABLET
QUIN,11/1/2024,HEALTH CENTER,510,,177,,,38,601,25,1000,DISTRICT23,TABLET
ART-INJ,12/1/2024,HEALTH CENTER,1258,,547,,,1289,-392,485,5,DISTRICT4,VIAL
RDT,4/1/2025,HEALTH CENTER,4,0,30,60,1718,5,-477,1,25,DISTRICT29,PIECE
ACT-INF,4/1/2025,HEALTH CENTER,1167,182,,,,418,-89,277,30,DISTRICT14,BLISTER
ACT-SC,7/1/2025,HEALTH CENTER,2264,3,,,,751,-96,,30,DISTRICT9,BLISTER
ART-INJ,6/1/2024,HEALTH CENTER,3822,2062,1144,2638,,3577,-472,527,5,DISTRICT33,VIAL
PYRA-COMP,9/1/2024,HEALTH CENTER,,0,192,,,176,341,429,1,DISTRICT25,TABLET
QUIN,3/1/2025,HEALTH CENTER,3678,1,803,,,102,-192,641,1000,DISTRICT28,TABLET
PYRA-COMP,5/1/2025,HEALTH CENTER,394,,24,,834,0,-210,,1,DISTRICT21,TABLET
SP,3/1/2024,HEALTH CENTER,53,,94,53,377,4,811,43,1000,DISTRICT35,TABLET
ITN,8/1/2025,HEALTH CENTER,3909,76,526,,,221,602,1335,50,DISTRICT24,PIECE
PYRA-SAC,3/1/2025,HEALTH CENTER,,856,44,536,915,0,28,3,1,DISTRICT32,SACHET
PYRA-SAC,11/1/2024,HEALTH CENTER,172,0,23,,,236,377,11,1,DISTRICT9,SACHET
ACT-INF,6/1/2025,HEALTH CENTER,2855,,,,,192,-68,667,30,DISTRICT1,BLISTER
ITN,10/1/2025,HEALTH CENTER,356,221,322,,,3178,-398,358,50,DISTRICT22,PIECE
ACT-AD,5/1/2025,HEALTH CENTER,3855,211,,2343,,335,732,,30,DISTRICT7,BLISTER
ACT-GC,7/1/2024,HEALTH CENTER,,0,4,37,563,0,250,,30,DISTRICT33,BLISTER
ACT-AD,10/1/2025,HEALTH CENTER,,285,45,,577,0,-380,,30,DISTRICT28,BLISTER
SP,5/1/2025,HEALTH CENTER,,0,495,544,937,3730,-239,585,1000,DISTRICT29,TABLET
ACT-SC,9/1/2025,HEALTH CENTER,117,,20,337,756,102,158,58,30,DISTRICT20,BLISTER
ACT-GC,1/1/2024,HEALTH CENTER,251,,138,208,,529,44,,30,DISTRICT19,BLISTER
PYRA-COMP,10/1/2025,HEALTH CENTER,1739,3,446,1653,,2119,-410,,1,DISTRICT25,TABLET
PYRA-SAC,2/1/2024,HEALTH CENTER,23,205,48,23,106,5,-129,7,1,DISTRICT23,SACHET
ACT-SC,7/1/2025,HEALTH CENTER,,0,204,310,934,111,-192,,30,DISTRICT27,BLISTER
PYRA-COMP,7/1/2024,DISTRICT HOSPITAL,37,,,146,737,,203,,1,DISTRICT26,TABLET
ACT-GC,2/1/2025,HEALTH CENTER,270,65,226,,,,-698,128,30,DISTRICT11,BLISTER
QUIN,11/1/2025,HEALTH CENTER,643,358,,931,,,751,,1000,DISTRICT26,TABLET
ITN,2/1/2024,HEALTH CENTER,531,,,596,718,0,-673,101,50,DISTRICT32,PIECE
ACT-INF,9/1/2025,HEALTH CENTER,151,,29,576,,,241,,30,DISTRICT3,BLISTER
ART-SUP,1/1/2025,HEALTH CENTER,,625,837,,,12789,168,467,2,DISTRICT30,CAPSULE
PYRA-SAC,11/1/2024,HEALTH CENTER,1282,,335,1885,737,1700,-328,314,1,DISTRICT20,SACHET
PYRA-SAC,2/1/2025,HEALTH CENTER,466,135,99,1029,,,258,,1,DISTRICT24,SACHET
ACT-GC,3/1/2024,HEALTH CENTER,1492,177,180,822,,0,-584,206,30,DISTRICT20,BLISTER
RDT,11/1/2024,HEALTH CENTER,,55,421,657,,1599,-385,,25,DISTRICT31,PIECE
ACT-AD,12/1/2023,DISTRICT HOSPITAL,,36,,3136,,2188,-217,148,30,DISTRICT16,BLISTER
ART-SUP,7/1/2025,HEALTH CENTER,,97,,369,,284,242,,2,DISTRICT23,CAPSULE
QUIN,2/1/2025,HEALTH CENTER,,,90,,,0,-281,,1000,DISTRICT31,TABLET
ACT-GC,2/1/2025,HEALTH CENTER,3156,101,,,,9110,-60,759,30,DISTRICT9,BLISTER
ITN,12/1/2024,DISTRICT HOSPITAL,6992,,2378,6619,,1116,-211,,50,DISTRICT9,PIECE
RDT,4/1/2025,HEALTH CENTER,1255,0,,,,1705,-839,853,25,DISTRICT29,PIECE
RDT,10/1/2024,HEALTH CENTER,4544,,639,1249,,,187,393,25,DISTRICT17,PIECE
ACT-GC,3/1/2024,HEALTH CENTER,,,320,677,,132,-208,281,30,DISTRICT3,BLISTER
ACT-GC,1/1/2024,REGIONAL HOSPITAL,749,0,,141,321,4,-50,17,30,DISTRICT36,BLISTER
QUIN,11/1/2025,HEALTH CENTER,,0,,20,,0,-358,2,1000,DISTRICT32,TABLET
ACT-INF,5/1/2024,HEALTH CENTER,,75,1298,1151,,6381,-340,1219,30,DISTRICT33,BLISTER
RDT,4/1/2024,HEALTH CENTER,459,,109,,,6,79,24,25,DISTRICT28,PIECE
ART-INJ,1/1/2025,HEALTH CENTER,623,715,,255,,28,-308,,5,DISTRICT20,VIAL
QUIN,6/1/2025,HEALTH CENTER,2668,,936,3807,,1333,154,,1000,DISTRICT19,TABLET
ART-INJ,10/1/2025,HEALTH CENTER,304,7,122,,,1,229,20,5,DISTRICT3,VIAL
PYRA-SAC,11/1/2025,HEALTH CENTER,,383,,,,1407,-466,703,1,DISTRICT31,SACHET
SP,11/1/2024,HEALTH CENTER,466,66,104,662,,31,451,146,1000,DISTRICT30,TABLET
ACT-INF,11/1/2024,HEALTH CENTER,6368,21,,,,0,116,625,30,DISTRICT11,BLISTER
ITN,5/1/2025,HEALTH CENTER,98,275,37,,,0,141,42,50,DISTRICT16,PIECE
QUIN,8/1/2024,HEALTH CENTER,47,0,,22,609,4,-305,15,1000,DISTRICT38,TABLET
PYRA-COMP,4/1/2025,REGIONAL HOSPITAL,,3,339,610,,316,-135,428,1,DISTRICT8,TABLET
ITN,6/1/2025,HEALTH CENTER,,42,,371,,,-310,204,50,DISTRICT36,PIECE
QUIN,6/1/2024,HEALTH CENTER,1956,4,526,,,4159,-121,386,1000,DISTRICT35,TABLET
QUIN,2/1/2024,HEALTH CENTER,,,83,721,,220,142,88,1000,DISTRICT16,TABLET
PYRA-SAC,7/1/2024,HEALTH CENTER,,100,172,1386,,,280,40,1,DISTRICT3,SACHET
ITN,10/1/2024,HEALTH CENTER,790,,,528,,,-15,247,50,DISTRICT28,PIECE
ART-INJ,3/1/2024,HEALTH CENTER,64,4,18,52,,1,-376,1,5,DISTRICT1,VIAL
ART-INJ,12/1/2024,HEALTH CENTER,1390,,162,650,211,1,312,,5,DISTRICT1,VIAL
ITN,2/1/2025,HEALTH CENTER,1300,,452,1415,,60,71,,50,DISTRICT36,PIECE
ACT-INF,2/1/2025,HEALTH CENTER,331,1,235,743,1116,75,223,161,30,DISTRICT30,BLISTER
ACT-INF,11/1/2025,HEALTH CENTER,,72,79,100,,0,103,14,30,DISTRICT13,BLISTER
PYRA-SAC,7/1/2024,HEALTH CENTER,1235,0,110,,,2401,-54,,1,DISTRICT35,SACHET
QUIN,3/1/2024,HEALTH CENTER,,42,1070,4157,,1390,-193,,1000,DISTRICT20,TABLET
ITN,11/1/2024,DISTRICT HOSPITAL,509,,130,189,529,,-112,45,50,DISTRICT25,PIECE
SP,11/1/2025,HEALTH CENTER,1275,103,218,1583,,260,-255,222,1000,DISTRICT37,TABLET
ITN,7/1/2024,HEALTH CENTER,2212,0,201,,,2,-547,46,50,DISTRICT37,PIECE
ACT-SC,4/1/2024,REGIONAL HOSPITAL,687,1116,175,,,0,79,,30,DISTRICT33,BLISTER
SP,3/1/2025,HEALTH CENTER,1637,0,566,1497,697,382,-169,,1000,DISTRICT3,TABLET
ACT-AD,8/1/2024,HEALTH CENTER,,1,516,,,5,-244,221,30,DISTRICT33,BLISTER
ART-SUP,11/1/2024,HEALTH CENTER,,4,107,862,,0,-354,2,2,DISTRICT23,CAPSULE
ITN,11/1/2025,HEALTH CENTER,207,1,37,44,,24,353,8,50,DISTRICT19,PIECE
PYRA-COMP,7/1/2024,HEALTH CENTER,682,69,100,1124,,,205,,1,DISTRICT9,TABLET
PYRA-COMP,3/1/2024,HEALTH CENTER,230,641,211,,,1020,42,,1,DISTRICT6,TABLET
ACT-AD,9/1/2024,HEALTH CENTER,1173,11,515,,,,-693,344,30,DISTRICT23,BLISTER
SP,8/1/2024,REGIONAL HOSPITAL,3428,234,581,,,405,-777,475,1000,DISTRICT19,TABLET
ART-SUP,1/1/2024,DISTRICT HOSPITAL,,119,64,,,,-225,4,2,DISTRICT9,CAPSULE
QUIN,7/1/2025,HEALTH CENTER,7556,17,1299,,1300,,174,1359,1000,DISTRICT11,TABLET
SP,1/1/2024,HEALTH CENTER,829,222,556,1474,885,7492,38,,1000,DISTRICT17,TABLET
ACT-AD,4/1/2024,HEALTH CENTER,166,1036,545,550,,,246,,30,DISTRICT5,BLISTER
ACT-GC,8/1/2025,HEALTH CENTER,,1,285,,1335,,-193,163,30,DISTRICT32,BLISTER
ART-SUP,5/1/2024,HEALTH CENTER,223,,57,225,,89,-298,38,2,DISTRICT27,CAPSULE
ART-INJ,2/1/2024,HEALTH CENTER,2125,,534,1572,,0,41,1066,5,DISTRICT10,VIAL
ACT-GC,8/1/2025,HEALTH CENTER,1704,75,380,1468,,2,190,347,30,DISTRICT19,BLISTER
ITN,1/1/2025,HEALTH CENTER,305,1304,183,499,,0,-19,251,50,DISTRICT24,PIECE
SP,10/1/2024,HEALTH CENTER,134,0,39,161,500,328,57,0,1000,DISTRICT32,TABLET
ITN,6/1/2024,HEALTH CENTER,,38,,3113,641,0,282,473,50,DISTRICT35,PIECE
ART-SUP,9/1/2024,HEALTH CENTER,461,231,236,95,1237,4,-258,29,2,DISTRICT1,CAPSULE
ACT-GC,9/1/2024,HEALTH CENTER,483,0,,451,333,4,421,,30,DISTRICT18,BLISTER
QUIN,11/1/2025,DISTRICT HOSPITAL,2564,54,,4209,,175,2,1037,1000,DISTRICT1,TABLET
ACT-AD,3/1/2024,HEALTH CENTER,1194,,,,,21,-229,120,30,DISTRICT36,BLISTER
ITN,7/1/2024,HEALTH CENTER,,8,124,839,,,183,,50,DISTRICT12,PIECE
ACT-GC,12/1/2024,HEALTH CENTER,1231,,404,,299,30,-686,699,30,DISTRICT28,BLISTER
ART-INJ,2/1/2024,HEALTH CENTER,2197,64,314,1474,,2458,-125,253,5,DISTRICT13,VIAL
ITN,7/1/2024,HEALTH CENTER,,0,109,1195,,,191,,50,DISTRICT32,PIECE
PYRA-SAC,7/1/2024,HEALTH CENTER,738,2,222,101,,740,344,173,1,DISTRICT9,SACHET
ITN,3/1/2024,HEALTH CENTER,,454,135,1258,,0,-255,,50,DISTRICT31,PIECE
ACT-SC,7/1/2024,HEALTH CENTER,47,,9,641,,0,120,2,30,DISTRICT4,BLISTER
ITN,7/1/2024,HEALTH CENTER,76,,2,,,1,223,1,50,DISTRICT33,PIECE
ITN,10/1/2024,HEALTH CENTER,,,22,,,0,336,,50,DISTRICT15,PIECE
ART-SUP,8/1/2024,HEALTH CENTER,521,,31,650,,0,306,35,2,DISTRICT31,CAPSULE
SP,10/1/2024,REGIONAL HOSPITAL,,47,57,281,,35,122,87,1000,DISTRICT33,TABLET
SP,10/1/2025,HEALTH CENTER,2229,,,,,98,-455,294,1000,DISTRICT3,TABLET
ACT-AD,10/1/2025,HEALTH CENTER,,,239,1033,,1114,-96,190,30,DISTRICT22,BLISTER
RDT,5/1/2025,HEALTH CENTER,3388,599,,4071,,27,-543,511,25,DISTRICT15,PIECE
PYRA-SAC,10/1/2024,HEALTH CENTER,721,47,172,914,,5108,420,,1,DISTRICT3,SACHET
ART-SUP,5/1/2024,HEALTH CENTER,,,177,,313,0,-395,254,2,DISTRICT17,CAPSULE
PYRA-COMP,1/1/2024,HEALTH CENTER,396,0,12,168,,522,231,12,1,DISTRICT36,TABLET
QUIN,6/1/2025,HEALTH CENTER,2850,3,,,308,,-85,,1000,DISTRICT8,TABLET
SP,12/1/2023,HEALTH CENTER,152,1,215,221,,801,49,121,1000,DISTRICT9,TABLET
ACT-AD,2/1/2024,HEALTH CENTER,1708,,352,1987,,948,-117,,30,DISTRICT4,BLISTER
RDT,6/1/2024,HEALTH CENTER,181,0,157,25,3378,10252,-402,,25,DISTRICT37,PIECE
ART-INJ,10/1/2024,HEALTH CENTER,,2,58,,,7,164,,5,DISTRICT7,VIAL
PYRA-SAC,11/1/2024,HEALTH CENTER,538,1,34,1167,,0,219,,1,DISTRICT9,SACHET
ACT-INF,3/1/2024,HEALTH CENTER,525,1105,247,,2098,,-162,189,30,DISTRICT24,BLISTER
ACT-INF,3/1/2025,HEALTH CENTER,203,80,,305,,22,599,18,30,DISTRICT1,BLISTER
QUIN,12/1/2023,DISTRICT HOSPITAL,700,114,,1356,,3141,128,73,1000,DISTRICT31,TABLET
ART-INJ,11/1/2025,HEALTH CENTER,207,58,293,,,980,-1119,123,5,DISTRICT6,VIAL
ART-SUP,9/1/2025,HEALTH CENTER,,9,29,,,127,104,30,2,DISTRICT20,CAPSULE
PYRA-COMP,5/1/2025,HEALTH CENTER,503,670,108,,,6357,-337,,1,DISTRICT24,TABLET
RDT,10/1/2025,HEALTH CENTER,12,,37,50,,0,666,5,25,DISTRICT1,PIECE
ITN,5/1/2025,HEALTH CENTER,,149,661,2338,,,983,,50,DISTRICT25,PIECE
ITN,5/1/2024,HEALTH CENTER,497,23,32,766,,0,-268,,50,DISTRICT31,PIECE
SP,12/1/2023,HEALTH CENTER,1252,112,133,1086,737,,273,123,1000,DISTRICT23,TABLET
ART-INJ,8/1/2024,HEALTH CENTER,,507,,,,,53,100,5,DISTRICT23,VIAL
ART-INJ,10/1/2024,HEALTH CENTER,4230,,,4136,,8,228,506,5,DISTRICT29,VIAL
ACT-AD,6/1/2024,HEALTH CENTER,,937,,,,,-1013,,30,DISTRICT13,BLISTER
PYRA-COMP,8/1/2024,HEALTH CENTER,,,3,87,358,0,-434,4,1,DISTRICT5,TABLET
RDT,11/1/2024,HEALTH CENTER,447,0,333,509,,6324,-466,158,25,DISTRICT3,PIECE
PYRA-COMP,1/1/2025,HEALTH CENTER,,1,571,5016,,,-1028,256,1,DISTRICT13,TABLET
ITN,9/1/2024,HEALTH CENTER,1389,688,265,1248,,752,-89,174,50,DISTRICT26,PIECE
RDT,10/1/2024,HEALTH CENTER,1328,324,289,,,407,-108,59,25,DISTRICT3,PIECE
ART-INJ,7/1/2025,HEALTH CENTER,2051,,298,1899,1318,,-597,295,5,DISTRICT32,VIAL
ACT-AD,6/1/2025,HEALTH CENTER,1671,1036,1119,3454,744,0,-206,548,30,DISTRICT18,BLISTER
ART-SUP,2/1/2025,HEALTH CENTER,,976,110,950,403,644,-266,190,2,DISTRICT8,CAPSULE
ACT-INF,4/1/2024,HEALTH CENTER,174,132,81,637,,0,-287,,30,DISTRICT1,BLISTER
ACT-INF,11/1/2025,HEALTH CENTER,1040,0,41,,,0,34,8,30,DISTRICT29,BLISTER
ART-SUP,2/1/2024,HEALTH CENTER,,10,8,,563,660,108,5,2,DISTRICT6,CAPSULE
ACT-INF,4/1/2025,HEALTH CENTER,3758,,826,3266,,0,-541,1112,30,DISTRICT33,BLISTER
ACT-INF,7/1/2025,HEALTH CENTER,,,423,1091,,0,432,264,30,DISTRICT1,BLISTER
ACT-GC,8/1/2024,HEALTH CENTER,84,2,,249,,411,206,28,30,DISTRICT16,BLISTER
ART-SUP,7/1/2025,HEALTH CENTER,489,173,362,461,,1712,-468,,2,DISTRICT22,CAPSULE
QUIN,9/1/2024,HEALTH CENTER,2015,,,271,,1,-554,295,1000,DISTRICT23,TABLET
SP,2/1/2024,DISTRICT HOSPITAL,1639,913,181,2994,,321,-360,364,1000,DISTRICT29,TABLET
SP,6/1/2025,HEALTH CENTER,572,,,792,,,-508,190,1000,DISTRICT13,TABLET
RDT,8/1/2025,HEALTH CENTER,490,,218,,1127,2154,162,,25,DISTRICT23,PIECE
RDT,6/1/2025,HEALTH CENTER,,56,,1145,776,2,237,,25,DISTRICT13,PIECE
ART-SUP,8/1/2024,HEALTH CENTER,,58,1337,4197,,,-91,,2,DISTRICT31,CAPSULE
ITN,8/1/2024,HEALTH CENTER,68,15,,43,283,17,159,,50,DISTRICT8,PIECE
ART-INJ,12/1/2024,HEALTH CENTER,127,64,,663,,,-424,162,5,DISTRICT32,VIAL
PYRA-COMP,11/1/2024,HEALTH CENTER,61,,,1109,,0,-198,49,1,DISTRICT28,TABLET
ACT-AD,10/1/2025,HEALTH CENTER,241,,,1194,,1,20,189,30,DISTRICT13,BLISTER
ITN,2/1/2024,HEALTH CENTER,5,23,,,,4,393,,50,DISTRICT33,PIECE
PYRA-COMP,11/1/2025,HEALTH CENTER,277,0,22,246,,10,-196,2,1,DISTRICT20,TABLET
ACT-SC,6/1/2025,HEALTH CENTER,1901,0,,,,118,-212,47,30,DISTRICT29,BLISTER
PYRA-COMP,10/1/2024,HEALTH CENTER,1163,,780,1761,,138,829,479,1,DISTRICT10,TABLET
RDT,7/1/2025,HEALTH CENTER,2177,150,,1591,,90,-13,,25,DISTRICT31,PIECE
ACT-INF,12/1/2023,HEALTH CENTER,,239,144,715,,,-491,100,30,DISTRICT14,BLISTER
ART-INJ,11/1/2025,HEALTH CENTER,818,0,121,238,,0,-1316,,5,DISTRICT5,VIAL
ART-INJ,11/1/2024,HEALTH CENTER,,,,,,3,-322,,5,DISTRICT9,VIAL
ACT-GC,6/1/2025,HEALTH CENTER,521,,390,1047,,32,-63,178,30,DISTRICT36,BLISTER
PYRA-SAC,3/1/2024,HEALTH CENTER,,1,332,1343,,83,-461,114,1,DISTRICT23,SACHET
ACT-AD,10/1/2025,HEALTH CENTER,3946,5,,4011,,190,-695,,30,DISTRICT30,BLISTER
ACT-INF,8/1/2024,HEALTH CENTER,954,723,264,1039,,2026,785,412,30,DISTRICT35,BLISTER
ACT-INF,2/1/2024,HEALTH CENTER,32,0,5,,,0,-230,1,30,DISTRICT38,BLISTER
ACT-AD,7/1/2024,HEALTH CENTER,,,97,,672,0,-91,2,30,DISTRICT14,BLISTER
SP,5/1/2024,HEALTH CENTER,69,43,,51,,155,-164,27,1000,DISTRICT10,TABLET
QUIN,2/1/2024,HEALTH CENTER,,,8,,,0,-89,1,1000,DISTRICT8,TABLET
PYRA-COMP,12/1/2023,HEALTH CENTER,1760,327,,,514,33,321,28,1,DISTRICT37,TABLET
SP,6/1/2024,HEALTH CENTER,725,0,200,671,,270,-30,98,1000,DISTRICT13,TABLET
ITN,3/1/2024,HEALTH CENTER,2499,65,498,870,,,254,300,50,DISTRICT32,PIECE
SP,8/1/2025,HEALTH CENTER,371,0,22,,,,-327,28,1000,DISTRICT23,TABLET
RDT,5/1/2025,HEALTH CENTER,165,,,988,,0,803,147,25,DISTRICT10,PIECE
ART-SUP,8/1/2025,HEALTH CENTER,462,,189,553,,,-522,138,2,DISTRICT25,CAPSULE
ACT-INF,2/1/2024,HEALTH CENTER,,123,8,212,1013,15,27,0,30,DISTRICT1,BLISTER
SP,12/1/2024,HEALTH CENTER,286,0,134,175,,,224,,1000,DISTRICT31,TABLET
SP,1/1/2025,HEALTH CENTER,3857,34,262,1519,,4,11,418,1000,DISTRICT24,TABLET
ITN,11/1/2024,HEALTH CENTER,,,59,100,,0,40,,50,DISTRICT13,PIECE
SP,1/1/2025,HEALTH CENTER,1485,6,458,1354,,,450,356,1000,DISTRICT15,TABLET
RDT,9/1/2024,HEALTH CENTER,1073,54,263,429,,,-124,,25,DISTRICT13,PIECE
PYRA-COMP,9/1/2024,HEALTH CENTER,4410,0,952,2386,1052,1733,226,522,1,DISTRICT25,TABLET
PYRA-COMP,8/1/2025,HEALTH CENTER,,,,,,1781,503,269,1,DISTRICT33,TABLET
ACT-GC,3/1/2025,HEALTH CENTER,2704,,,,,186,-177,,30,DISTRICT5,BLISTER
SP,12/1/2023,HEALTH CENTER,,,,619,,2610,-585,,1000,DISTRICT31,TABLET
ACT-INF,4/1/2024,HEALTH CENTER,11316,547,3169,,,3360,40,2967,30,DISTRICT14,BLISTER
SP,9/1/2024,HEALTH CENTER,30,34,8,153,242,0,82,,1000,DISTRICT32,TABLET
ART-SUP,2/1/2025,REGIONAL HOSPITAL,8813,,468,3496,,4,-70,299,2,DISTRICT7,CAPSULE
QUIN,5/1/2025,HEALTH CENTER,,752,936,,,123,-472,,1000,DISTRICT24,TABLET
RDT,5/1/2024,HEALTH CENTER,,,,1460,,115,-14,,25,DISTRICT1,PIECE
RDT,2/1/2024,HEALTH CENTER,943,1577,724,1974,,,1219,798,25,DISTRICT38,PIECE
SP,5/1/2024,HEALTH CENTER,,,,,1146,142,-106,,1000,DISTRICT33,TABLET
PYRA-SAC,3/1/2025,HEALTH CENTER,,,252,,,0,875,,1,DISTRICT9,SACHET
ART-SUP,11/1/2024,HEALTH CENTER,1821,4,,265,289,0,-38,,2,DISTRICT23,CAPSULE
ITN,2/1/2024,DISTRICT HOSPITAL,7,0,,62,,1,359,,50,DISTRICT10,PIECE
ACT-GC,6/1/2024,HEALTH CENTER,,54,685,,,621,-396,,30,DISTRICT11,BLISTER
ACT-SC,1/1/2024,REGIONAL HOSPITAL,,101,168,3360,,0,46,124,30,DISTRICT33,BLISTER
QUIN,1/1/2024,HEALTH CENTER,702,,426,,,3556,44,300,1000,DISTRICT24,TABLET
ACT-INF,10/1/2025,HEALTH CENTER,1697,,,,,6,12,,30,DISTRICT20,BLISTER
PYRA-SAC,6/1/2025,HEALTH CENTER,42,22,,133,,0,-180,17,1,DISTRICT30,SACHET
QUIN,7/1/2025,HEALTH CENTER,,93,65,611,,,38,15,1000,DISTRICT31,TABLET
ART-INJ,9/1/2025,HEALTH CENTER,1625,,394,2970,,7,80,412,5,DISTRICT31,VIAL
QUIN,2/1/2025,HEALTH CENTER,1307,0,212,1622,,,857,198,1000,DISTRICT35,TABLET
QUIN,8/1/2025,HEALTH CENTER,1786,2,1039,,,2937,122,530,1000,DISTRICT19,TABLET
PYRA-SAC,7/1/2024,HEALTH CENTER,297,60,60,,,0,-401,,1,DISTRICT4,SACHET
RDT,8/1/2024,HEALTH CENTER,5,0,5,,,235,748,0,25,DISTRICT25,PIECE
PYRA-SAC,4/1/2024,HEALTH CENTER,4354,989,,4023,,,-181,470,1,DISTRICT32,SACHET
ACT-INF,3/1/2025,HEALTH CENTER,1578,0,,1935,,105,27,583,30,DISTRICT35,BLISTER
ACT-AD,6/1/2025,HEALTH CENTER,1247,571,203,1603,,0,-1329,,30,DISTRICT19,BLISTER
ACT-SC,9/1/2025,HEALTH CENTER,1557,306,1424,1647,,194,487,1316,30,DISTRICT26,BLISTER
ITN,8/1/2025,HEALTH CENTER,148,26,52,770,811,2,66,17,50,DISTRICT27,PIECE
ART-SUP,9/1/2024,HEALTH CENTER,,2,6,,,22,-309,0,2,DISTRICT28,CAPSULE
ACT-AD,11/1/2025,HEALTH CENTER,,,56,164,,0,444,18,30,DISTRICT10,BLISTER
PYRA-SAC,12/1/2023,HEALTH CENTER,,2,95,,,1148,315,31,1,DISTRICT19,SACHET
ART-SUP,5/1/2024,HEALTH CENTER,,,22,744,,0,163,,2,DISTRICT18,CAPSULE
PYRA-SAC,4/1/2025,HEALTH CENTER,125,0,,77,,,-93,,1,DISTRICT35,SACHET
QUIN,3/1/2024,HEALTH CENTER,62,,199,,,51,-497,107,1000,DISTRICT23,TABLET
ITN,6/1/2024,HEALTH CENTER,1294,92,,1782,,,-288,,50,DISTRICT24,PIECE
ART-SUP,12/1/2023,HEALTH CENTER,,,169,254,,0,-468,14,2,DISTRICT33,CAPSULE
ACT-AD,11/1/2024,HEALTH CENTER,4934,,219,3014,889,889,-517,240,30,DISTRICT21,BLISTER
ACT-GC,11/1/2024,HEALTH CENTER,69,6,,44,,,-226,,30,DISTRICT31,BLISTER
PYRA-COMP,3/1/2024,HEALTH CENTER,104,47,,,,0,527,,1,DISTRICT16,TABLET
ART-SUP,7/1/2024,HEALTH CENTER,342,213,57,140,,0,78,,2,DISTRICT30,CAPSULE
ACT-INF,2/1/2024,HEALTH CENTER,,770,,2230,,205,-262,,30,DISTRICT15,BLISTER
ACT-SC,2/1/2024,HEALTH CENTER,,,,1026,,0,100,61,30,DISTRICT24,BLISTER
ART-SUP,2/1/2024,HEALTH CENTER,745,0,153,103,1221,258,-425,231,2,DISTRICT16,CAPSULE
QUIN,1/1/2025,HEALTH CENTER,1349,1,339,706,,1149,-30,146,1000,DISTRICT17,TABLET
ITN,9/1/2025,HEALTH CENTER,831,,88,,,0,817,4,50,DISTRICT29,PIECE
SP,1/1/2025,HEALTH CENTER,,11,,,,4,851,134,1000,DISTRICT23,TABLET
PYRA-SAC,8/1/2024,HEALTH CENTER,615,,12,,,,-426,16,1,DISTRICT23,SACHET
QUIN,1/1/2024,HEALTH CENTER,,,419,2450,439,,-181,896,1000,DISTRICT31,TABLET
RDT,6/1/2025,HEALTH CENTER,1196,2,554,,,117,-106,222,25,DISTRICT7,PIECE
ART-SUP,6/1/2025,HEALTH CENTER,547,,,,,,92,16,2,DISTRICT9,CAPSULE
ACT-SC,10/1/2025,HEALTH CENTER,417,31,234,521,799,,171,50,30,DISTRICT23,BLISTER
QUIN,3/1/2024,HEALTH CENTER,452,71,354,1254,,592,-65,342,1000,DISTRICT17,TABLET
ART-INJ,5/1/2025,HEALTH CENTER,,36,840,,2079,8945,57,414,5,DISTRICT35,VIAL
PYRA-SAC,9/1/2024,HEALTH CENTER,1856,41,217,1193,,3,437,56,1,DISTRICT23,SACHET
SP,4/1/2025,HEALTH CENTER,2417,299,,2584,216,73,-480,103,1000,DISTRICT6,TABLET
ACT-GC,1/1/2025,HEALTH CENTER,,324,,,1232,,-84,146,30,DISTRICT36,BLISTER
PYRA-COMP,6/1/2025,HEALTH CENTER,204,0,174,,200,,383,47,1,DISTRICT16,TABLET
SP,12/1/2023,HEALTH CENTER,671,,454,,681,,154,783,1000,DISTRICT11,TABLET
ACT-AD,9/1/2025,NATIONAL HOSPITAL,,370,848,2264,843,289,-745,691,30,DISTRICT33,BLISTER
PYRA-SAC,7/1/2025,HEALTH CENTER,63,340,,443,901,0,63,25,1,DISTRICT33,SACHET
SP,9/1/2024,HEALTH CENTER,232,0,,38,508,,-635,,1000,DISTRICT27,TABLET
QUIN,10/1/2025,HEALTH CENTER,84,0,,175,,214,-37,17,1000,DISTRICT20,TABLET
ACT-GC,6/1/2025,HEALTH CENTER,,,281,,,0,349,,30,DISTRICT28,BLISTER
ACT-SC,1/1/2025,HEALTH CENTER,2060,1036,,,428,0,-257,,30,DISTRICT28,BLISTER
ACT-SC,4/1/2024,HEALTH CENTER,,0,158,134,,,-144,210,30,DISTRICT1,BLISTER
ACT-GC,1/1/2025,HEALTH CENTER,595,,,546,,175,160,,30,DISTRICT32,BLISTER
PYRA-COMP,3/1/2025,HEALTH CENTER,,5,13,138,,4,807,,1,DISTRICT12,TABLET
QUIN,10/1/2025,HEALTH CENTER,5,,48,595,,0,187,,1000,DISTRICT31,TABLET
ACT-SC,3/1/2025,HEALTH CENTER,1,0,0,1,,,-471,,30,DISTRICT30,BLISTER
ART-INJ,10/1/2024,HEALTH CENTER,1242,29,135,,609,0,-307,150,5,DISTRICT20,VIAL
ACT-AD,10/1/2025,HEALTH CENTER,670,4219,149,1652,,2135,381,103,30,DISTRICT21,BLISTER
ACT-INF,1/1/2024,HEALTH CENTER,1351,13,211,687,,,-839,76,30,DISTRICT5,BLISTER
QUIN,4/1/2025,HEALTH CENTER,,9,418,,575,1,423,147,1000,DISTRICT25,TABLET
RDT,7/1/2025,HEALTH CENTER,912,,392,,,750,518,342,25,DISTRICT31,PIECE
ACT-SC,7/1/2024,HEALTH CENTER,755,,699,1598,,29,-457,112,30,DISTRICT24,BLISTER
PYRA-COMP,1/1/2024,HEALTH CENTER,,31,1776,3826,,2582,756,2191,1,DISTRICT4,TABLET
PYRA-COMP,10/1/2024,DISTRICT HOSPITAL,161,56,236,114,1112,1356,44,173,1,DISTRICT29,TABLET
RDT,2/1/2024,HEALTH CENTER,18,0,6,,,29,-194,26,25,DISTRICT19,PIECE
ACT-SC,4/1/2024,HEALTH CENTER,1642,84,540,3382,879,333,-265,388,30,DISTRICT35,BLISTER
ACT-SC,6/1/2025,HEALTH CENTER,1275,46,410,1208,,2772,322,,30,DISTRICT8,BLISTER
QUIN,4/1/2024,HEALTH CENTER,30,,5,,858,1421,212,0,1000,DISTRICT36,TABLET
PYRA-SAC,1/1/2025,HEALTH CENTER,467,581,,255,,53,703,59,1,DISTRICT31,SACHET
PYRA-SAC,6/1/2025,HEALTH CENTER,1461,,656,608,,16,626,440,1,DISTRICT23,SACHET
PYRA-SAC,4/1/2025,HEALTH CENTER,256,255,42,,,0,-71,,1,DISTRICT25,SACHET
ITN,7/1/2024,HEALTH CENTER,,350,,,,3076,-705,635,50,DISTRICT13,PIECE
PYRA-SAC,5/1/2024,HEALTH CENTER,2127,65,764,4494,,181,459,,1,DISTRICT24,SACHET
ACT-SC,1/1/2025,DISTRICT HOSPITAL,62,161,132,25,,2073,571,123,30,DISTRICT7,BLISTER
ART-INJ,8/1/2025,HEALTH CENTER,930,216,431,876,2019,,601,268,5,DISTRICT16,VIAL
ITN,5/1/2024,HEALTH CENTER,,38,486,350,,613,-893,367,50,DISTRICT31,PIECE
ITN,11/1/2024,HEALTH CENTER,977,25,424,2593,,3562,732,346,50,DISTRICT30,PIECE
ACT-INF,11/1/2024,HEALTH CENTER,,26,,4666,1542,4531,-163,,30,DISTRICT3,BLISTER
ART-SUP,6/1/2024,HEALTH CENTER,1958,5,,1880,,,168,188,2,DISTRICT33,CAPSULE
ACT-INF,5/1/2024,HEALTH CENTER,1067,876,260,1342,,1091,343,200,30,DISTRICT4,BLISTER
ART-SUP,11/1/2025,HEALTH CENTER,,47,486,1651,,,-656,,2,DISTRICT25,CAPSULE
SP,7/1/2025,HEALTH CENTER,283,0,26,,259,0,565,,1000,DISTRICT15,TABLET
ACT-GC,8/1/2024,HEALTH CENTER,1457,0,510,1335,,8516,-203,262,30,DISTRICT20,BLISTER
ITN,10/1/2025,HEALTH CENTER,4437,1299,893,,,1117,-438,,50,DISTRICT13,PIECE
ACT-AD,9/1/2024,HEALTH CENTER,2982,,,3944,,15,-355,727,30,DISTRICT10,BLISTER
PYRA-SAC,4/1/2024,HEALTH CENTER,1271,,184,699,694,569,-375,,1,DISTRICT26,SACHET
PYRA-SAC,2/1/2025,HEALTH CENTER,,0,126,103,,,141,46,1,DISTRICT24,SACHET
ART-SUP,12/1/2024,DISTRICT HOSPITAL,,,267,,,,-293,234,2,DISTRICT38,CAPSULE
ACT-SC,4/1/2024,HEALTH CENTER,3442,1882,269,,,19,-601,190,30,DISTRICT29,BLISTER
ACT-SC,11/1/2025,HEALTH CENTER,922,0,22,226,788,,-809,41,30,DISTRICT33,BLISTER
RDT,8/1/2025,HEALTH CENTER,1205,,171,2218,667,0,143,19,25,DISTRICT28,PIECE
ACT-SC,11/1/2025,HEALTH CENTER,324,0,131,75,536,,800,10,30,DISTRICT7,BLISTER
RDT,11/1/2025,HEALTH CENTER,557,0,,227,,175,375,201,25,DISTRICT15,PIECE
QUIN,6/1/2024,HEALTH CENTER,563,0,356,120,,17,-444,,1000,DISTRICT19,TABLET
SP,2/1/2024,HEALTH CENTER,1181,0,,331,,2,-195,151,1000,DISTRICT20,TABLET
ACT-INF,11/1/2025,HEALTH CENTER,5003,577,,3999,,497,58,350,30,DISTRICT31,BLISTER
ITN,4/1/2024,HEALTH CENTER,4223,,536,,,589,413,395,50,DISTRICT35,PIECE
ACT-AD,1/1/2024,DISTRICT HOSPITAL,1609,44,215,607,,1554,-81,,30,DISTRICT25,BLISTER
ACT-SC,5/1/2025,HEALTH CENTER,849,0,259,,,142,280,83,30,DISTRICT29,BLISTER
RDT,8/1/2025,HEALTH CENTER,3463,,382,5006,198,0,419,255,25,DISTRICT1,PIECE
ACT-INF,12/1/2024,HEALTH CENTER,420,0,,926,,3805,45,213,30,DISTRICT28,BLISTER
ITN,11/1/2025,HEALTH CENTER,152,37,448,,,7,412,187,50,DISTRICT9,PIECE
ART-SUP,12/1/2023,HEALTH CENTER,2657,3,,,,16,-469,82,2,DISTRICT25,CAPSULE
QUIN,7/1/2025,HEALTH CENTER,,14,,446,,911,-434,104,1000,DISTRICT25,TABLET
RDT,2/1/2024,HEALTH CENTER,,182,18,40,826,0,-247,2,25,DISTRICT16,PIECE
RDT,5/1/2024,HEALTH CENTER,4457,123,822,3965,,,-330,558,25,DISTRICT32,PIECE
SP,12/1/2024,HEALTH CENTER,23,0,,23,,95,-510,2,1000,DISTRICT33,TABLET
ACT-INF,8/1/2024,HEALTH CENTER,871,1,,407,,,-405,67,30,DISTRICT11,BLISTER
QUIN,7/1/2025,HEALTH CENTER,1204,,126,458,,24,-97,68,1000,DISTRICT15,TABLET
ITN,12/1/2024,HEALTH CENTER,2159,276,337,703,,26,-26,,50,DISTRICT1,PIECE
ART-SUP,9/1/2024,HEALTH CENTER,,1,,24,556,0,105,,2,DISTRICT21,CAPSULE
RDT,2/1/2024,HEALTH CENTER,193,0,102,63,,189,384,27,25,DISTRICT18,PIECE
ART-INJ,11/1/2025,HEALTH CENTER,4,,4,6,,70,-763,5,5,DISTRICT31,VIAL
ITN,11/1/2024,HEALTH CENTER,1443,0,365,,,,-509,132,50,DISTRICT13,PIECE
PYRA-COMP,9/1/2025,HEALTH CENTER,955,1674,598,1045,1441,59,-681,258,1,DISTRICT16,TABLET
ACT-AD,1/1/2025,HEALTH CENTER,3012,14,,792,,,-35,,30,DISTRICT30,BLISTER
PYRA-COMP,1/1/2025,HEALTH CENTER,7,,4,,,0,-813,0,1,DISTRICT36,TABLET
ACT-AD,4/1/2024,HEALTH CENTER,2758,885,925,2289,,435,165,407,30,DISTRICT9,BLISTER
QUIN,12/1/2024,HEALTH CENTER,4570,10,1380,2557,,340,-831,,1000,DISTRICT20,TABLET
ACT-INF,11/1/2025,HEALTH CENTER,4561,12,1240,2209,1822,,-597,360,30,DISTRICT13,BLISTER
ACT-SC,9/1/2025,HEALTH CENTER,,,11,16,,1031,-20,3,30,DISTRICT10,BLISTER
PYRA-COMP,8/1/2024,HEALTH CENTER,160,,12,,,,-735,41,1,DISTRICT35,TABLET
SP,8/1/2025,HEALTH CENTER,538,,33,,,0,26,,1000,DISTRICT23,TABLET
ACT-INF,10/1/2025,HEALTH CENTER,895,0,6,81,,288,563,6,30,DISTRICT9,BLISTER
PYRA-SAC,9/1/2025,HEALTH CENTER,,,530,1462,1034,29,-249,,1,DISTRICT32,SACHET
ACT-AD,8/1/2025,HEALTH CENTER,1762,193,,3684,,0,530,34,30,DISTRICT37,BLISTER
ACT-INF,2/1/2025,HEALTH CENTER,807,0,,,,3,110,2,30,DISTRICT31,BLISTER
ITN,4/1/2025,HEALTH CENTER,3620,,,,548,0,-274,339,50,DISTRICT20,PIECE
ACT-GC,10/1/2025,HEALTH CENTER,4722,0,,,,1480,18,584,30,DISTRICT16,BLISTER
RDT,11/1/2024,HEALTH CENTER,,1081,241,1124,,,-761,,25,DISTRICT3,PIECE
ACT-AD,5/1/2025,HEALTH CENTER,50,,,,303,,-678,1,30,DISTRICT19,BLISTER
PYRA-SAC,9/1/2025,HEALTH CENTER,412,,89,22,,5,-545,19,1,DISTRICT25,SACHET
ACT-SC,5/1/2024,HEALTH CENTER,3951,,,2505,746,4338,-646,,30,DISTRICT7,BLISTER
ACT-GC,7/1/2024,HEALTH CENTER,4045,5,687,4747,,538,-154,802,30,DISTRICT25,BLISTER
ART-INJ,1/1/2025,HEALTH CENTER,,15,368,1591,,1,1143,130,5,DISTRICT20,VIAL
ITN,1/1/2025,HEALTH CENTER,,0,,80,,4511,631,155,50,DISTRICT28,PIECE
PYRA-SAC,7/1/2025,DISTRICT HOSPITAL,4194,,1153,4497,,2948,-355,986,1,DISTRICT25,SACHET
ART-INJ,2/1/2024,HEALTH CENTER,,2,,508,,255,-199,16,5,DISTRICT10,VIAL
ACT-GC,6/1/2025,HEALTH CENTER,537,0,300,237,530,4895,754,764,30,DISTRICT33,BLISTER
QUIN,12/1/2024,HEALTH CENTER,,373,,,,504,-109,3,1000,DISTRICT16,TABLET
ACT-SC,12/1/2023,HEALTH CENTER,0,,6,6,,,145,6,30,DISTRICT29,BLISTER
ACT-AD,7/1/2025,HEALTH CENTER,2264,34,346,975,,1,204,,30,DISTRICT32,BLISTER
ART-SUP,10/1/2024,HEALTH CENTER,517,2,,469,,,623,70,2,DISTRICT25,CAPSULE
ITN,8/1/2025,HEALTH CENTER,126,36,352,,,4022,-361,350,50,DISTRICT12,PIECE
SP,1/1/2025,DISTRICT HOSPITAL,641,839,,1294,,2545,-353,219,1000,DISTRICT16,TABLET
ART-INJ,1/1/2024,HEALTH CENTER,1669,1853,222,,,1,-597,153,5,DISTRICT16,VIAL
ACT-INF,6/1/2025,HEALTH CENTER,367,122,,450,,9357,23,936,30,DISTRICT36,BLISTER
QUIN,7/1/2025,HEALTH CENTER,674,,101,863,468,0,-185,4,1000,DISTRICT31,TABLET
RDT,7/1/2024,HEALTH CENTER,163,,,247,,1,712,3,25,DISTRICT6,PIECE
ART-INJ,11/1/2025,HEALTH CENTER,202,162,,836,,,-481,,5,DISTRICT9,VIAL
ACT-INF,2/1/2025,HEALTH CENTER,2429,78,,2236,,5,-39,,30,DISTRICT1,BLISTER
ACT-AD,1/1/2025,HEALTH CENTER,,,530,1126,,3356,-50,587,30,DISTRICT33,BLISTER
ACT-GC,11/1/2025,HEALTH CENTER,277,0,13,90,,,17,78,30,DISTRICT12,BLISTER
ACT-GC,7/1/2025,HEALTH CENTER,1901,,157,1422,649,0,-1140,189,30,DISTRICT6,BLISTER
QUIN,3/1/2025,HEALTH CENTER,4473,1,1307,2257,,,6,1494,1000,DISTRICT21,TABLET
RDT,9/1/2024,HEALTH CENTER,1544,302,555,,,88,-375,747,25,DISTRICT9,PIECE
ART-INJ,5/1/2024,HEALTH CENTER,2511,279,439,,,,723,590,5,DISTRICT8,VIAL
RDT,9/1/2024,HEALTH CENTER,243,0,102,128,,1317,474,19,25,DISTRICT10,PIECE
ART-SUP,11/1/2024,HEALTH CENTER,,198,99,111,,188,-949,88,2,DISTRICT29,CAPSULE
PYRA-SAC,3/1/2025,HEALTH CENTER,391,583,,306,,,-487,4,1,DISTRICT15,SACHET
ACT-AD,3/1/2024,HEALTH CENTER,1054,0,64,1471,417,0,905,79,30,DISTRICT33,BLISTER
ITN,8/1/2024,HEALTH CENTER,2516,17,470,2812,,256,311,533,50,DISTRICT13,PIECE
ACT-INF,8/1/2025,HEALTH CENTER,5989,801,563,,,0,-187,,30,DISTRICT16,BLISTER
ART-INJ,9/1/2025,HEALTH CENTER,890,3,37,,,853,216,138,5,DISTRICT31,VIAL
ART-SUP,6/1/2025,HEALTH CENTER,,,9,,,5,399,25,2,DISTRICT38,CAPSULE
SP,8/1/2025,HEALTH CENTER,371,0,108,228,,217,19,104,1000,DISTRICT35,TABLET
RDT,2/1/2024,DISTRICT HOSPITAL,,541,387,1311,,,33,221,25,DISTRICT20,PIECE
PYRA-SAC,10/1/2025,HEALTH CENTER,598,,266,555,68,57,753,117,1,DISTRICT14,SACHET
RDT,9/1/2025,DISTRICT HOSPITAL,3770,1755,1264,1949,,,-564,991,25,DISTRICT7,PIECE
ACT-GC,3/1/2025,HEALTH CENTER,50,,3,3,,230,320,2,30,DISTRICT28,BLISTER
PYRA-COMP,1/1/2025,HEALTH CENTER,445,0,196,1077,,1899,753,,1,DISTRICT9,TABLET
ACT-AD,11/1/2025,HEALTH CENTER,483,197,121,158,,1642,0,,30,DISTRICT15,BLISTER
ART-SUP,9/1/2024,HEALTH CENTER,2057,2,309,2051,,20,124,253,2,DISTRICT17,CAPSULE
SP,6/1/2024,HEALTH CENTER,,,763,1949,,1668,-49,,1000,DISTRICT32,TABLET
ACT-SC,12/1/2024,HEALTH CENTER,,,505,3962,1208,,90,1124,30,DISTRICT24,BLISTER
RDT,3/1/2024,HEALTH CENTER,1009,,108,659,,15,-77,36,25,DISTRICT7,PIECE
ART-INJ,8/1/2025,HEALTH CENTER,243,6,36,,,,-106,,5,DISTRICT15,VIAL
ACT-GC,7/1/2024,HEALTH CENTER,29,0,,48,454,0,638,1,30,DISTRICT12,BLISTER
QUIN,4/1/2024,HEALTH CENTER,55,0,26,43,365,,-88,,1000,DISTRICT9,TABLET
ACT-SC,6/1/2024,HEALTH CENTER,6871,1730,,6078,,106,-304,786,30,DISTRICT9,BLISTER
ART-INJ,2/1/2025,HEALTH CENTER,0,139,0,25,,0,-369,,5,DISTRICT4,VIAL
QUIN,8/1/2024,HEALTH CENTER,,0,,,169,0,-552,1,1000,DISTRICT1,TABLET
ACT-INF,1/1/2025,HEALTH CENTER,26,,31,152,256,12,1102,3,30,DISTRICT15,BLISTER
ACT-INF,3/1/2025,HEALTH CENTER,178,0,73,257,,0,76,8,30,DISTRICT23,BLISTER
ART-SUP,3/1/2024,HEALTH CENTER,,0,,,353,157,-166,9,2,DISTRICT26,CAPSULE
PYRA-COMP,7/1/2025,HEALTH CENTER,939,0,,178,361,0,-494,,1,DISTRICT1,TABLET
ACT-SC,8/1/2024,HEALTH CENTER,3715,,1400,,,0,-25,1286,30,DISTRICT6,BLISTER
ITN,6/1/2024,HEALTH CENTER,,,173,1975,,,78,155,50,DISTRICT14,PIECE
ACT-GC,7/1/2024,HEALTH CENTER,172,159,,2137,,423,169,721,30,DISTRICT1,BLISTER
RDT,2/1/2024,HEALTH CENTER,1126,4,143,,,,-381,137,25,DISTRICT36,PIECE
ACT-AD,8/1/2025,HEALTH CENTER,,127,7,102,,9,-66,,30,DISTRICT20,BLISTER
PYRA-SAC,3/1/2025,HEALTH CENTER,1798,5664,550,3019,,1,206,458,1,DISTRICT38,SACHET
ACT-SC,12/1/2024,HEALTH CENTER,306,0,,41,563,223,335,0,30,DISTRICT23,BLISTER
RDT,2/1/2024,HEALTH CENTER,,122,184,,,23,-334,,25,DISTRICT20,PIECE
ITN,12/1/2024,DISTRICT HOSPITAL,,8,89,,,0,-923,76,50,DISTRICT24,PIECE
ACT-GC,1/1/2024,HEALTH CENTER,4253,23,,2048,1065,0,562,126,30,DISTRICT18,BLISTER
ACT-GC,9/1/2024,HEALTH CENTER,3085,1,382,2253,,427,-460,391,30,DISTRICT25,BLISTER
ACT-AD,1/1/2025,HEALTH CENTER,232,63,,79,,1826,503,111,30,DISTRICT3,BLISTER
ITN,1/1/2024,HEALTH CENTER,2776,,260,,,6,418,237,50,DISTRICT28,PIECE
RDT,2/1/2025,HEALTH CENTER,564,,,628,302,,-15,146,25,DISTRICT26,PIECE
ACT-SC,3/1/2025,HEALTH CENTER,29,1,6,101,,,551,1,30,DISTRICT23,BLISTER
ACT-AD,5/1/2024,HEALTH CENTER,2197,5,441,,,446,313,,30,DISTRICT9,BLISTER
ACT-INF,1/1/2024,HEALTH CENTER,425,1,318,57,1621,,401,541,30,DISTRICT9,BLISTER
SP,12/1/2023,HEALTH CENTER,,0,231,527,,,445,,1000,DISTRICT4,TABLET
QUIN,9/1/2024,HEALTH CENTER,84,0,14,84,,0,218,,1000,DISTRICT13,TABLET
ART-INJ,4/1/2024,DISTRICT HOSPITAL,1000,,,437,637,0,156,365,5,DISTRICT15,VIAL
ART-SUP,3/1/2024,HEALTH CENTER,470,,279,,,6,-3,213,2,DISTRICT24,CAPSULE
QUIN,9/1/2024,HEALTH CENTER,,313,747,3759,,1626,364,792,1000,DISTRICT30,TABLET
SP,1/1/2024,HEALTH CENTER,,0,4,2,,16,-34,0,1000,DISTRICT22,TABLET
PYRA-COMP,3/1/2025,HEALTH CENTER,,0,8,13,,,-13,,1,DISTRICT18,TABLET
ACT-INF,12/1/2023,HEALTH CENTER,115,4,26,163,,4738,1182,14,30,DISTRICT24,BLISTER
RDT,3/1/2025,HEALTH CENTER,,,,,,5,578,,25,DISTRICT29,PIECE
PYRA-COMP,3/1/2024,HEALTH CENTER,22,1,29,,,,510,5,1,DISTRICT20,TABLET
SP,5/1/2024,HEALTH CENTER,32,14,117,136,,168,-60,160,1000,DISTRICT29,TABLET
ACT-INF,8/1/2024,HEALTH CENTER,73,95,37,,,67,-689,,30,DISTRICT1,BLISTER
QUIN,10/1/2024,HEALTH CENTER,,38,290,1328,,0,590,,1000,DISTRICT23,TABLET
ART-INJ,7/1/2025,HEALTH CENTER,,11,56,138,,0,335,,5,DISTRICT3,VIAL
PYRA-COMP,5/1/2024,HEALTH CENTER,,0,15,1010,,5,383,22,1,DISTRICT8,TABLET
QUIN,3/1/2025,HEALTH CENTER,,1,,573,,55,417,57,1000,DISTRICT37,TABLET
ART-INJ,7/1/2024,HEALTH CENTER,2479,613,922,3065,564,133,-607,,5,DISTRICT25,VIAL
RDT,8/1/2025,HEALTH CENTER,1061,,,539,,176,447,135,25,DISTRICT21,PIECE
ITN,1/1/2024,HEALTH CENTER,,180,20,,,236,-107,30,50,DISTRICT1,PIECE
PYRA-COMP,7/1/2024,HEALTH CENTER,1176,70,517,4189,,38,-264,637,1,DISTRICT14,TABLET
SP,11/1/2025,HEALTH CENTER,,0,,2197,9,0,-468,,1000,DISTRICT32,TABLET
RDT,2/1/2025,HEALTH CENTER,235,0,17,538,,0,234,38,25,DISTRICT9,PIECE
ITN,5/1/2025,HEALTH CENTER,58,1,103,83,,4078,375,121,50,DISTRICT26,PIECE
QUIN,10/1/2025,HEALTH CENTER,2676,0,412,1727,453,3,476,254,1000,DISTRICT20,TABLET
ART-INJ,1/1/2025,HEALTH CENTER,,,674,1229,,1250,48,601,5,DISTRICT1,VIAL
ACT-GC,7/1/2025,NATIONAL HOSPITAL,2513,71,835,2651,,370,436,,30,DISTRICT18,BLISTER
ACT-SC,4/1/2024,HEALTH CENTER,321,,38,,,23,135,,30,DISTRICT26,BLISTER
ART-INJ,2/1/2024,HEALTH CENTER,101,7,33,,,101,489,10,5,DISTRICT17,VIAL
PYRA-COMP,4/1/2025,HEALTH CENTER,17,109,,,,0,394,38,1,DISTRICT28,TABLET
ITN,4/1/2024,HEALTH CENTER,1971,,700,1105,,5,652,360,50,DISTRICT20,PIECE
ACT-INF,3/1/2025,HEALTH CENTER,2280,27,,1263,594,0,-467,86,30,DISTRICT29,BLISTER
ITN,1/1/2025,HEALTH CENTER,4671,,,6363,,,270,,50,DISTRICT21,PIECE
PYRA-SAC,9/1/2024,HEALTH CENTER,1866,1,,399,,0,-128,12,1,DISTRICT25,SACHET
QUIN,5/1/2024,DISTRICT HOSPITAL,1442,435,,880,,,-553,76,1000,DISTRICT1,TABLET
PYRA-SAC,3/1/2024,HEALTH CENTER,7,15,4,16,,4,453,,1,DISTRICT38,SACHET
SP,6/1/2024,DISTRICT HOSPITAL,,0,,,,0,-11,6,1000,DISTRICT16,TABLET
QUIN,2/1/2025,HEALTH CENTER,879,0,164,654,,10,-803,264,1000,DISTRICT9,TABLET
ART-SUP,9/1/2024,HEALTH CENTER,65,,,144,,1733,380,,2,DISTRICT32,CAPSULE
ACT-INF,11/1/2025,HEALTH CENTER,3729,147,613,4722,656,0,-757,172,30,DISTRICT17,BLISTER
ART-SUP,12/1/2024,REGIONAL HOSPITAL,55,9,,,,135,-152,20,2,DISTRICT22,CAPSULE
ACT-AD,6/1/2025,DISTRICT HOSPITAL,1446,400,,,,4,-550,,30,DISTRICT7,BLISTER
ACT-SC,5/1/2024,HEALTH CENTER,151,803,129,1084,,1526,-264,107,30,DISTRICT21,BLISTER
ART-INJ,12/1/2024,HEALTH CENTER,4188,0,1088,1930,,,-155,1554,5,DISTRICT37,VIAL
ACT-GC,4/1/2025,DISTRICT HOSPITAL,225,0,,229,368,0,-1183,1,30,DISTRICT32,BLISTER
PYRA-SAC,6/1/2024,HEALTH CENTER,456,,21,94,,63,-152,4,1,DISTRICT28,SACHET
ART-SUP,12/1/2023,HEALTH CENTER,290,149,,444,,9,-458,,2,DISTRICT3,CAPSULE
PYRA-SAC,6/1/2024,HEALTH CENTER,,,49,141,,0,-504,25,1,DISTRICT29,SACHET
SP,5/1/2025,HEALTH CENTER,817,0,41,,,9,-19,51,1000,DISTRICT14,TABLET
ITN,1/1/2025,HEALTH CENTER,436,226,,773,1961,304,-27,200,50,DISTRICT26,PIECE
ACT-GC,11/1/2025,HEALTH CENTER,2734,114,781,,,6397,-362,,30,DISTRICT21,BLISTER
ACT-GC,1/1/2024,HEALTH CENTER,728,0,83,,,1,-321,,30,DISTRICT13,BLISTER
ACT-INF,3/1/2025,HEALTH CENTER,7,37,19,30,,,-132,13,30,DISTRICT33,BLISTER
PYRA-COMP,6/1/2024,HEALTH CENTER,1663,,405,3069,240,0,-232,38,1,DISTRICT37,TABLET
ACT-AD,1/1/2025,HEALTH CENTER,275,22,,111,,113,596,50,30,DISTRICT30,BLISTER
PYRA-SAC,11/1/2024,HEALTH CENTER,,131,244,,707,0,-546,16,1,DISTRICT28,SACHET
ITN,4/1/2025,HEALTH CENTER,,84,103,76,,,208,7,50,DISTRICT35,PIECE
RDT,6/1/2024,HEALTH CENTER,385,,66,,1556,,426,56,25,DISTRICT20,PIECE
SP,9/1/2024,HEALTH CENTER,157,,43,797,,2259,-371,28,1000,DISTRICT17,TABLET
PYRA-SAC,7/1/2025,HEALTH CENTER,1454,78,396,1420,,3164,487,221,1,DISTRICT18,SACHET
ACT-GC,1/1/2025,HEALTH CENTER,,252,660,2925,,302,-70,595,30,DISTRICT9,BLISTER
ACT-GC,2/1/2024,REGIONAL HOSPITAL,,1,40,259,478,1,-94,,30,DISTRICT32,BLISTER
SP,12/1/2023,HEALTH CENTER,596,255,214,2558,,,-230,522,1000,DISTRICT23,TABLET
PYRA-COMP,4/1/2025,HEALTH CENTER,,6,110,552,100,,-465,15,1,DISTRICT32,TABLET
ACT-AD,3/1/2024,HEALTH CENTER,,47,47,646,,,-626,41,30,DISTRICT28,BLISTER
ACT-AD,5/1/2025,HEALTH CENTER,329,,,,,20,-394,245,30,DISTRICT9,BLISTER
ART-INJ,3/1/2024,HEALTH CENTER,,,,2939,,300,-46,322,5,DISTRICT30,VIAL
ITN,8/1/2024,HEALTH CENTER,1030,0,105,166,,0,-535,,50,DISTRICT2,PIECE
SP,2/1/2024,HEALTH CENTER,1744,,116,632,,0,-603,69,1000,DISTRICT32,TABLET
PYRA-COMP,2/1/2025,HEALTH CENTER,6970,196,,6030,706,1,304,1923,1,DISTRICT20,TABLET
ITN,3/1/2024,HEALTH CENTER,2842,32,858,1881,,7232,1070,836,50,DISTRICT38,PIECE
ACT-AD,10/1/2025,HEALTH CENTER,,0,698,7024,,1511,-154,801,30,DISTRICT6,BLISTER
QUIN,5/1/2024,DISTRICT HOSPITAL,454,,19,204,,,-173,26,1000,DISTRICT25,TABLET
RDT,4/1/2024,HEALTH CENTER,1900,0,152,1398,,0,372,,25,DISTRICT13,PIECE
QUIN,10/1/2024,HEALTH CENTER,5554,201,,5810,,40,396,,1000,DISTRICT13,TABLET
ACT-SC,8/1/2025,HEALTH CENTER,,298,613,5037,,,-367,548,30,DISTRICT16,BLISTER
ACT-AD,8/1/2025,HEALTH CENTER,101,110,,,,589,284,21,30,DISTRICT29,BLISTER
PYRA-SAC,12/1/2023,HEALTH CENTER,8,6,,,,463,426,10,1,DISTRICT1,SACHET
PYRA-COMP,5/1/2024,HEALTH CENTER,338,,78,111,,2472,280,79,1,DISTRICT15,TABLET
ART-INJ,4/1/2024,HEALTH CENTER,,846,151,2551,161,,327,,5,DISTRICT12,VIAL
ART-INJ,6/1/2025,HEALTH CENTER,5699,5,947,2347,,13989,435,552,5,DISTRICT10,VIAL
SP,5/1/2025,HEALTH CENTER,,,66,306,,,-433,23,1000,DISTRICT24,TABLET
RDT,6/1/2025,HEALTH CENTER,,,,574,403,11,-28,514,25,DISTRICT35,PIECE
ART-SUP,8/1/2025,HEALTH CENTER,127,,276,245,,0,-53,107,2,DISTRICT9,CAPSULE
ACT-INF,12/1/2023,HEALTH CENTER,1657,2,360,4288,,42,208,251,30,DISTRICT1,BLISTER
ACT-AD,3/1/2025,HEALTH CENTER,36,8,565,224,,,422,596,30,DISTRICT36,BLISTER
ART-SUP,10/1/2024,HEALTH CENTER,,42,247,2982,345,267,67,634,2,DISTRICT16,CAPSULE
ACT-INF,2/1/2025,HEALTH CENTER,523,1,50,253,,,-883,16,30,DISTRICT31,BLISTER
ACT-SC,1/1/2024,HEALTH CENTER,1405,101,183,,,0,449,,30,DISTRICT11,BLISTER
RDT,7/1/2025,REGIONAL HOSPITAL,,5,3,100,484,0,-205,1,25,DISTRICT14,PIECE
ACT-GC,1/1/2025,HEALTH CENTER,,,885,1250,,13,-509,,30,DISTRICT24,BLISTER
ACT-INF,6/1/2025,HEALTH CENTER,227,0,,,,1,-102,,30,DISTRICT8,BLISTER
ACT-INF,3/1/2024,HEALTH CENTER,139,69,80,1135,,0,-365,87,30,DISTRICT3,BLISTER
ACT-SC,3/1/2024,REGIONAL HOSPITAL,1163,0,213,,,,-263,186,30,DISTRICT29,BLISTER
SP,12/1/2023,HEALTH CENTER,117,0,0,1,,42,-1012,2,1000,DISTRICT17,TABLET
ART-INJ,2/1/2025,HEALTH CENTER,1618,44,406,,,2807,360,796,5,DISTRICT16,VIAL
PYRA-SAC,8/1/2024,DISTRICT HOSPITAL,177,725,158,912,595,0,-92,87,1,DISTRICT31,SACHET
SP,5/1/2024,HEALTH CENTER,2358,,750,1174,,604,63,347,1000,DISTRICT23,TABLET
PYRA-SAC,9/1/2025,HEALTH CENTER,,,185,716,,0,-384,120,1,DISTRICT38,SACHET
PYRA-SAC,9/1/2025,HEALTH CENTER,1993,409,,2828,1199,2405,297,883,1,DISTRICT24,SACHET
ACT-SC,2/1/2025,HEALTH CENTER,,,242,440,959,437,-477,118,30,DISTRICT13,BLISTER
ITN,9/1/2025,HEALTH CENTER,2627,188,515,2032,,0,500,613,50,DISTRICT10,PIECE
QUIN,5/1/2024,HEALTH CENTER,1114,,99,,,,-231,10,1000,DISTRICT29,TABLET
ART-INJ,5/1/2025,DISTRICT HOSPITAL,95,,,844,356,0,-365,36,5,DISTRICT32,VIAL
ITN,5/1/2025,HEALTH CENTER,1275,,,2050,,0,-199,61,50,DISTRICT31,PIECE
PYRA-SAC,1/1/2025,HEALTH CENTER,,360,53,,,,427,14,1,DISTRICT29,SACHET
SP,11/1/2025,HEALTH CENTER,1442,3,197,,,0,330,45,1000,DISTRICT31,TABLET
ACT-AD,1/1/2025,HEALTH CENTER,,3,186,637,1173,0,398,181,30,DISTRICT9,BLISTER
ACT-SC,4/1/2025,HEALTH CENTER,2631,1,455,,,891,155,80,30,DISTRICT22,BLISTER
ART-SUP,10/1/2025,HEALTH CENTER,2751,,,2312,,0,-42,209,2,DISTRICT11,CAPSULE
ACT-INF,11/1/2024,HEALTH CENTER,5,0,2,46,,121,181,1,30,DISTRICT9,BLISTER
ACT-SC,11/1/2025,HEALTH CENTER,,8,18,33,,2,-149,,30,DISTRICT7,BLISTER
PYRA-SAC,6/1/2024,HEALTH CENTER,371,301,,407,,,954,201,1,DISTRICT17,SACHET
ART-SUP,7/1/2025,HEALTH CENTER,301,1,102,328,218,,51,28,2,DISTRICT26,CAPSULE
ITN,5/1/2025,HEALTH CENTER,,517,,,,,-788,21,50,DISTRICT29,PIECE
ACT-SC,10/1/2024,HEALTH CENTER,,0,,,,2605,-291,315,30,DISTRICT26,BLISTER
ACT-INF,7/1/2025,HEALTH CENTER,1219,0,56,,601,10,479,,30,DISTRICT23,BLISTER
ACT-SC,1/1/2025,HEALTH CENTER,,2,419,737,,607,857,356,30,DISTRICT33,BLISTER
ART-INJ,6/1/2025,HEALTH CENTER,114,23,66,858,371,5,137,81,5,DISTRICT14,VIAL
PYRA-COMP,7/1/2024,HEALTH CENTER,,0,34,115,,73,-91,2,1,DISTRICT26,TABLET
RDT,5/1/2024,HEALTH CENTER,195,0,13,60,,40,-264,3,25,DISTRICT38,PIECE
ACT-INF,1/1/2024,HEALTH CENTER,,22,,261,,,-95,,30,DISTRICT18,BLISTER
ACT-AD,5/1/2025,HEALTH CENTER,,56,26,732,,6,112,5,30,DISTRICT9,BLISTER
ITN,9/1/2025,HEALTH CENTER,,,256,,,193,-555,285,50,DISTRICT15,PIECE
ITN,10/1/2025,HEALTH CENTER,5911,386,,4161,,,-648,,50,DISTRICT31,PIECE
QUIN,2/1/2024,REGIONAL HOSPITAL,331,,86,164,,56,-210,30,1000,DISTRICT15,TABLET
ACT-AD,11/1/2024,HEALTH CENTER,1497,0,280,504,989,1368,144,192,30,DISTRICT12,BLISTER
SP,2/1/2024,HEALTH CENTER,3348,0,1397,705,,5751,23,1154,1000,DISTRICT28,TABLET
ACT-GC,3/1/2024,HEALTH CENTER,625,,55,,,,-135,,30,DISTRICT15,BLISTER
RDT,9/1/2024,HEALTH CENTER,146,,,795,,0,283,,25,DISTRICT14,PIECE
ACT-GC,7/1/2024,HEALTH CENTER,382,344,,2223,,,131,,30,DISTRICT15,BLISTER
PYRA-SAC,8/1/2024,HEALTH CENTER,841,86,313,775,1758,7310,466,,1,DISTRICT33,SACHET
PYRA-SAC,9/1/2025,HEALTH CENTER,1452,,211,2757,,0,-133,197,1,DISTRICT29,SACHET
QUIN,9/1/2025,HEALTH CENTER,1686,,,1282,,0,-215,97,1000,DISTRICT35,TABLET
PYRA-COMP,7/1/2024,HEALTH CENTER,0,1,,54,,166,-311,3,1,DISTRICT10,TABLET
PYRA-SAC,4/1/2024,HEALTH CENTER,90,0,,34,127,1926,170,,1,DISTRICT5,SACHET
ITN,7/1/2024,HEALTH CENTER,,,473,1230,346,66,692,434,50,DISTRICT28,PIECE
SP,8/1/2024,HEALTH CENTER,,0,20,,344,0,-74,,1000,DISTRICT15,TABLET
ART-SUP,11/1/2024,HEALTH CENTER,1,6,0,,,,86,,2,DISTRICT9,CAPSULE
ACT-INF,9/1/2024,HEALTH CENTER,869,,97,142,,0,-527,,30,DISTRICT15,BLISTER
ACT-GC,12/1/2023,HEALTH CENTER,,,1140,2063,,6752,524,,30,DISTRICT9,BLISTER
SP,3/1/2025,HEALTH CENTER,6029,239,366,5717,,0,-737,252,1000,DISTRICT31,TABLET
ACT-SC,12/1/2024,HEALTH CENTER,8613,0,968,2219,,,454,,30,DISTRICT4,BLISTER
ACT-GC,1/1/2025,DISTRICT HOSPITAL,958,103,913,,838,837,308,,30,DISTRICT28,BLISTER
ACT-GC,7/1/2024,HEALTH CENTER,364,1138,176,770,770,0,1085,,30,DISTRICT8,BLISTER
ACT-INF,10/1/2025,HEALTH CENTER,151,10,,415,,0,94,76,30,DISTRICT25,BLISTER
ACT-GC,8/1/2024,HEALTH CENTER,465,2,177,,,843,-144,,30,DISTRICT5,BLISTER
ACT-GC,6/1/2024,HEALTH CENTER,671,250,,1016,878,1763,-511,191,30,DISTRICT32,BLISTER
ART-SUP,6/1/2025,HEALTH CENTER,1115,2136,285,,,2,-138,205,2,DISTRICT11,CAPSULE
ART-INJ,4/1/2025,HEALTH CENTER,2651,,953,2357,644,,120,721,5,DISTRICT30,VIAL
ACT-SC,7/1/2025,HEALTH CENTER,63,,21,260,,,-628,12,30,DISTRICT13,BLISTER
ACT-AD,4/1/2024,HEALTH CENTER,1805,0,,452,,260,-393,4,30,DISTRICT14,BLISTER
PYRA-SAC,4/1/2024,HEALTH CENTER,,10,116,,1122,29,-603,85,1,DISTRICT32,SACHET
ACT-GC,5/1/2024,HEALTH CENTER,,5,410,770,609,1422,21,269,30,DISTRICT16,BLISTER
