record_id,product_primaryname,processing_periods_name,facility_type_name,beginningbalance,quantityreceived,quantitydispensed,stockinhand,totallossesandadjustments,amc,quantityapproved,zone
Req-001,PYRA-COMP,May 2025,HEALTH CENTER,290.0,22.0,10.0,980.0,313,2.0,1,DISTRICT25
Req-002,PYRA-COMP,May 2025,HEALTH CENTER,3510.0,6.0,437.0,1426.0,246,151.0,2,DISTRICT28
Req-003,ACT-GC,Nov 2025,HEALTH CENTER,125.0,,52.0,140.0,25,,1,DISTRICT1
Req-004,PYRA-SAC,Dec 2024,HEALTH CENTER,1015.0,209.0,,533.0,408,,2,DISTRICT1
Req-005,SP,Jan 2024,HEALTH CENTER,2805.0,,528.0,,42,448.0,1,DISTRICT13
Req-006,ART-INJ,Jul 2025,HEALTH CENTER,1744.0,4.0,409.0,1508.0,-978,681.0,2,DISTRICT28
Req-007,RDT,Apr 2025,HEALTH CENTER,3187.0,737.0,471.0,3934.0,345,340.0,1,DISTRICT2
Req-008,ITN,Jan 2024,HEALTH CENTER,,,452.0,743.0,-769,121.0,2,DISTRICT28
Req-009,ART-INJ,Dec 2023,HEALTH CENTER,,0.0,,,133,0.0,1,DISTRICT8
Req-010,ACT-INF,Jan 2024,DISTRICT HOSPITAL,,,,,331,10.0,2,DISTRICT24
Req-011,SP,Aug 2025,HEALTH CENTER,4.0,2.0,40.0,,-264,4.0,1,DISTRICT9
Req-012,PYRA-COMP,Jul 2025,HEALTH CENTER,3665.0,0.0,706.0,2667.0,-1042,332.0,2,DISTRICT23
Req-013,ACT-AD,Jul 2024,HEALTH CENTER,477.0,0.0,,2390.0,775,122.0,1,DISTRICT10
Req-014,ACT-GC,Apr 2025,HEALTH CENTER,17.0,11.0,35.0,20.0,-34,44.0,2,DISTRICT36
Req-015,SP,May 2025,HEALTH CENTER,293.0,2.0,363.0,39.0,1216,,1,DISTRICT25
Req-016,ACT-SC,Aug 2024,HEALTH CENTER,1876.0,,,2701.0,48,1292.0,2,DISTRICT8
Req-017,ITN,Dec 2024,HEALTH CENTER,,0.0,,11.0,-209,352.0,1,DISTRICT32
Req-018,QUIN,Mar 2025,HEALTH CENTER,,513.0,253.0,,-606,,2,DISTRICT1
Req-019,ITN,Sep 2024,HEALTH CENTER,40.0,451.0,,608.0,-502,9.0,1,DISTRICT25
Req-020,PYRA-COMP,Oct 2025,HEALTH CENTER,610.0,,108.0,,-523,34.0,2,DISTRICT18
Req-021,ACT-GC,May 2024,DISTRICT HOSPITAL,2002.0,0.0,343.0,1844.0,252,,1,DISTRICT31
Req-022,ACT-SC,Jul 2025,HEALTH CENTER,1257.0,0.0,66.0,747.0,-374,25.0,2,DISTRICT28
Req-023,ACT-GC,Jul 2025,HEALTH CENTER,1171.0,1.0,187.0,,-75,86.0,1,DISTRICT33
Req-024,ACT-GC,Apr 2024,HEALTH CENTER,83.0,22.0,,,1387,21.0,2,DISTRICT16
Req-025,PYRA-COMP,Mar 2025,HEALTH CENTER,1846.0,865.0,756.0,1321.0,-5,,1,DISTRICT36
Req-026,QUIN,Dec 2023,HEALTH CENTER,789.0,0.0,160.0,1672.0,720,90.0,2,DISTRICT32
Req-027,ACT-GC,Jan 2025,HEALTH CENTER,809.0,1.0,18.0,,-232,54.0,1,DISTRICT26
Req-028,ACT-GC,May 2025,HEALTH CENTER,89.0,1.0,57.0,65.0,209,20.0,2,DISTRICT28
Req-029,ACT-INF,Jun 2025,HEALTH CENTER,,1.0,129.0,574.0,696,,1,DISTRICT9
Req-030,ART-INJ,Jan 2024,HEALTH CENTER,389.0,114.0,,377.0,-507,82.0,2,DISTRICT33
Req-031,QUIN,Apr 2025,HEALTH CENTER,,47.0,253.0,,21,376.0,1,DISTRICT24
Req-032,SP,Sep 2024,HEALTH CENTER,180.0,0.0,30.0,75.0,728,29.0,2,DISTRICT26
Req-033,ITN,Apr 2024,HEALTH CENTER,50.0,126.0,,2.0,-95,0.0,1,DISTRICT19
Req-034,PYRA-COMP,Oct 2025,HEALTH CENTER,10481.0,337.0,1693.0,,324,,2,DISTRICT33
Req-035,PYRA-COMP,Jan 2024,HEALTH CENTER,2775.0,109.0,,1183.0,-358,380.0,1,DISTRICT1
Req-036,ART-INJ,Jun 2025,HEALTH CENTER,57.0,,30.0,,-665,26.0,2,DISTRICT38
Req-037,ACT-AD,Feb 2024,HEALTH CENTER,4125.0,2604.0,1423.0,6554.0,-179,1464.0,1,DISTRICT33
Req-038,ACT-AD,Jan 2024,HEALTH CENTER,199.0,0.0,73.0,22.0,-251,58.0,2,DISTRICT31
Req-039,ITN,Feb 2025,HEALTH CENTER,3.0,,17.0,327.0,138,9.0,1,DISTRICT16
Req-040,ART-SUP,Nov 2024,HEALTH CENTER,,434.0,,,-137,,2,DISTRICT8
Req-041,ART-SUP,Aug 2024,HEALTH CENTER,20.0,0.0,2.0,185.0,-456,0.0,1,DISTRICT36
Req-042,QUIN,Jun 2024,HEALTH CENTER,1704.0,15.0,192.0,,-373,357.0,2,DISTRICT32
Req-043,ACT-AD,Jun 2025,HEALTH CENTER,5343.0,,900.0,1609.0,415,369.0,1,DISTRICT14
Req-044,ART-INJ,May 2025,HEALTH CENTER,,103.0,78.0,,-626,26.0,2,DISTRICT28
Req-045,QUIN,Mar 2025,HEALTH CENTER,1832.0,1521.0,820.0,,-70,429.0,1,DISTRICT4
Req-046,ART-INJ,Dec 2023,HEALTH CENTER,1748.0,0.0,47.0,,-597,,2,DISTRICT31
Req-047,ITN,Mar 2024,HEALTH CENTER,2377.0,,,665.0,64,208.0,1,DISTRICT27
Req-048,ART-INJ,Nov 2024,HEALTH CENTER,95.0,,,168.0,-12,95.0,2,DISTRICT12
Req-049,PYRA-COMP,Jun 2024,HEALTH CENTER,,18.0,93.0,518.0,539,27.0,1,DISTRICT22
Req-050,RDT,Sep 2025,HEALTH CENTER,263.0,,43.0,350.0,-239,,2,DISTRICT9
Req-051,ACT-GC,Oct 2024,DISTRICT HOSPITAL,,0.0,155.0,107.0,380,,1,DISTRICT1
Req-052,QUIN,May 2024,HEALTH CENTER,2.0,1.0,,11.0,146,0.0,2,DISTRICT32
Req-053,ART-INJ,Feb 2025,HEALTH CENTER,5431.0,0.0,347.0,2078.0,331,,1,DISTRICT2
Req-054,SP,Feb 2025,HEALTH CENTER,731.0,11.0,292.0,644.0,327,,2,DISTRICT17
Req-055,ACT-INF,Dec 2023,HEALTH CENTER,83.0,,14.0,,-602,,1,DISTRICT19
Req-056,PYRA-SAC,Jul 2025,HEALTH CENTER,971.0,28.0,85.0,1789.0,175,178.0,2,DISTRICT24
Req-057,ACT-INF,Jan 2024,HEALTH CENTER,,19.0,,80.0,-322,104.0,1,DISTRICT17
Req-058,RDT,Feb 2024,HEALTH CENTER,2243.0,0.0,535.0,2167.0,420,583.0,2,DISTRICT15
Req-059,ACT-INF,Aug 2025,HEALTH CENTER,,0.0,,370.0,419,27.0,1,DISTRICT32
Req-060,SP,Jul 2024,HEALTH CENTER,223.0,69.0,610.0,339.0,162,,2,DISTRICT33
Req-061,QUIN,Nov 2024,DISTRICT HOSPITAL,,,,,-185,,1,DISTRICT7
Req-062,QUIN,Dec 2024,HEALTH CENTER,,646.0,784.0,,-91,,2,DISTRICT9
Req-063,RDT,Oct 2025,HEALTH CENTER,,0.0,,488.0,-310,222.0,1,DISTRICT20
Req-064,ART-INJ,Nov 2025,HEALTH CENTER,68.0,7.0,0.0,123.0,226,,2,DISTRICT20
Req-065,ACT-GC,Oct 2025,HEALTH CENTER,6943.0,,1404.0,,439,,1,DISTRICT26
Req-066,PYRA-COMP,Dec 2024,HEALTH CENTER,,231.0,,3557.0,589,514.0,2,DISTRICT28
Req-067,ACT-AD,Nov 2024,HEALTH CENTER,,,39.0,,-314,22.0,1,DISTRICT36
Req-068,ACT-SC,Aug 2024,HEALTH CENTER,6197.0,780.0,,,-380,585.0,2,DISTRICT28
Req-069,PYRA-COMP,Jan 2024,HEALTH CENTER,1581.0,24.0,,1640.0,273,369.0,1,DISTRICT17
Req-070,PYRA-COMP,Mar 2025,HEALTH CENTER,,3.0,66.0,540.0,-260,329.0,2,DISTRICT37
Req-071,ART-SUP,Nov 2024,HEALTH CENTER,958.0,660.0,,,-177,,1,DISTRICT15
Req-072,ART-INJ,Nov 2024,DISTRICT HOSPITAL,2973.0,323.0,638.0,,525,533.0,2,DISTRICT25
Req-073,QUIN,Jul 2025,HEALTH CENTER,,2.0,28.0,350.0,-313,,1,DISTRICT11
Req-074,ACT-SC,May 2024,HEALTH CENTER,1346.0,0.0,82.0,600.0,-278,33.0,2,DISTRICT16
Req-075,ACT-GC,Oct 2025,HEALTH CENTER,1198.0,0.0,,1352.0,-51,334.0,1,DISTRICT30
Req-076,ITN,Oct 2025,HEALTH CENTER,6263.0,0.0,558.0,6833.0,355,507.0,2,DISTRICT35
Req-077,ACT-GC,May 2024,HEALTH CENTER,901.0,,154.0,,-119,24.0,1,DISTRICT23
Req-078,RDT,Oct 2025,HEALTH CENTER,4943.0,413.0,,1164.0,-198,,2,DISTRICT12
Req-079,PYRA-SAC,Nov 2024,HEALTH CENTER,1814.0,4.0,221.0,,-858,43.0,1,DISTRICT26
Req-080,ACT-INF,Jul 2024,HEALTH CENTER,479.0,0.0,,332.0,-404,86.0,2,DISTRICT29
Req-081,ACT-GC,Feb 2025,HEALTH CENTER,62.0,519.0,129.0,,-127,68.0,1,DISTRICT20
Req-082,PYRA-SAC,Apr 2025,HEALTH CENTER,1745.0,,273.0,,185,164.0,2,DISTRICT32
Req-083,ITN,May 2025,HEALTH CENTER,,0.0,1746.0,1748.0,-100,1211.0,1,DISTRICT28
Req-084,PYRA-SAC,Nov 2024,HEALTH CENTER,1497.0,,,1141.0,508,577.0,2,DISTRICT33
Req-085,ITN,Sep 2024,HEALTH CENTER,,0.0,148.0,,-410,52.0,1,DISTRICT23
Req-086,QUIN,Oct 2024,HEALTH CENTER,,,37.0,1120.0,370,87.0,2,DISTRICT11
Req-087,RDT,Sep 2024,HEALTH CENTER,526.0,,149.0,616.0,1162,,1,DISTRICT24
Req-088,ACT-INF,Dec 2023,HEALTH CENTER,8961.0,1782.0,2133.0,,-833,1309.0,2,DISTRICT36
Req-089,ACT-GC,Mar 2025,HEALTH CENTER,1007.0,,44.0,139.0,350,,1,DISTRICT1
Req-090,PYRA-SAC,Jan 2025,HEALTH CENTER,,533.0,192.0,1288.0,265,,2,DISTRICT21
Req-091,SP,Sep 2024,HEALTH CENTER,644.0,,47.0,355.0,277,46.0,1,DISTRICT32
Req-092,RDT,Apr 2024,DISTRICT HOSPITAL,1286.0,0.0,481.0,1297.0,380,581.0,2,DISTRICT9
Req-093,ITN,Nov 2025,HEALTH CENTER,,14.0,152.0,,-466,74.0,1,DISTRICT8
Req-094,QUIN,Nov 2024,HEALTH CENTER,443.0,1.0,207.0,334.0,165,133.0,2,DISTRICT23
Req-095,ACT-INF,Nov 2025,HEALTH CENTER,796.0,418.0,244.0,453.0,598,22.0,1,DISTRICT20
Req-096,ACT-AD,Feb 2024,HEALTH CENTER,610.0,2.0,,2376.0,537,33.0,2,DISTRICT1
Req-097,ACT-INF,Jan 2025,HEALTH CENTER,3198.0,89.0,,,-149,630.0,1,DISTRICT37
Req-098,ACT-GC,Mar 2024,HEALTH CENTER,1256.0,0.0,,281.0,-66,,2,DISTRICT13
Req-099,ACT-GC,May 2025,HEALTH CENTER,1443.0,,23.0,,-373,56.0,1,DISTRICT13
Req-100,ART-INJ,Feb 2024,HEALTH CENTER,,7.0,19.0,25.0,86,2.0,2,DISTRICT11
Req-101,ACT-AD,May 2025,HEALTH CENTER,676.0,783.0,173.0,,-31,285.0,1,DISTRICT21
Req-102,ACT-GC,Feb 2025,HEALTH CENTER,634.0,234.0,,,635,44.0,2,DISTRICT29
Req-103,ACT-SC,Mar 2024,HEALTH CENTER,125.0,65.0,144.0,,-19,181.0,1,DISTRICT1
Req-104,ACT-AD,Aug 2024,DISTRICT HOSPITAL,192.0,,317.0,950.0,797,,2,DISTRICT14
Req-105,ACT-GC,Mar 2024,HEALTH CENTER,783.0,,65.0,,540,,1,DISTRICT30
Req-106,PYRA-SAC,Jan 2024,HEALTH CENTER,,,101.0,,12,136.0,2,DISTRICT36
Req-107,ACT-SC,Apr 2024,DISTRICT HOSPITAL,,0.0,8.0,315.0,8,0.0,1,DISTRICT25
Req-108,ACT-INF,Jan 2024,HEALTH CENTER,1573.0,0.0,3.0,219.0,107,1.0,2,DISTRICT9
Req-109,SP,Jan 2024,HEALTH CENTER,2667.0,241.0,960.0,1373.0,-212,450.0,1,DISTRICT21
Req-110,ITN,Nov 2024,HEALTH CENTER,,8.0,63.0,392.0,215,103.0,2,DISTRICT6
Req-111,PYRA-SAC,Mar 2024,HEALTH CENTER,1259.0,,125.0,453.0,458,,1,DISTRICT1
Req-112,ACT-AD,Nov 2024,DISTRICT HOSPITAL,337.0,19.0,,,926,17.0,2,DISTRICT28
Req-113,QUIN,Sep 2024,HEALTH CENTER,147.0,,28.0,94.0,276,22.0,1,DISTRICT25
Req-114,SP,Dec 2023,HEALTH CENTER,,0.0,583.0,5529.0,128,261.0,2,DISTRICT29
Req-115,SP,Jul 2025,HEALTH CENTER,,,285.0,1428.0,-685,76.0,1,DISTRICT21
Req-116,PYRA-COMP,Jul 2025,HEALTH CENTER,,,126.0,798.0,276,,2,DISTRICT10
Req-117,ACT-AD,Sep 2025,DISTRICT HOSPITAL,1280.0,1889.0,296.0,798.0,494,,1,DISTRICT25
Req-118,RDT,Feb 2025,HEALTH CENTER,,0.0,82.0,68.0,634,75.0,2,DISTRICT20
Req-119,PYRA-SAC,Apr 2024,HEALTH CENTER,104.0,,11.0,65.0,-278,,1,DISTRICT12
Req-120,ACT-INF,Aug 2025,HEALTH CENTER,,,199.0,909.0,842,106.0,2,DISTRICT31
Req-121,ART-INJ,Aug 2025,HEALTH CENTER,719.0,43.0,293.0,2401.0,112,420.0,1,DISTRICT4
Req-122,RDT,Jan 2024,HEALTH CENTER,60.0,0.0,2.0,69.0,-111,5.0,2,DISTRICT36
Req-123,SP,Jun 2024,HEALTH CENTER,636.0,,194.0,391.0,-347,,1,DISTRICT37
Req-124,ART-INJ,Feb 2024,HEALTH CENTER,885.0,0.0,268.0,541.0,461,82.0,2,DISTRICT21
Req-125,ACT-SC,May 2024,HEALTH CENTER,3917.0,,896.0,1513.0,-450,,1,DISTRICT28
Req-126,ACT-GC,Dec 2024,REGIONAL HOSPITAL,1038.0,344.0,106.0,,204,14.0,2,DISTRICT32
Req-127,ITN,Oct 2025,HEALTH CENTER,934.0,591.0,245.0,949.0,-263,,1,DISTRICT32
Req-128,QUIN,Sep 2024,HEALTH CENTER,597.0,4.0,331.0,380.0,44,,2,DISTRICT32
Req-129,SP,Oct 2025,HEALTH CENTER,395.0,0.0,248.0,,216,708.0,1,DISTRICT15
Req-130,RDT,May 2025,HEALTH CENTER,1.0,0.0,0.0,2.0,-30,0.0,2,DISTRICT33
Req-131,SP,Jan 2025,HEALTH CENTER,,,,78.0,206,,1,DISTRICT3
Req-132,ART-SUP,Apr 2025,HEALTH CENTER,4027.0,0.0,1119.0,,664,,2,DISTRICT1
Req-133,SP,Sep 2025,HEALTH CENTER,,3.0,953.0,1869.0,550,941.0,1,DISTRICT29
Req-134,SP,Jan 2025,HEALTH CENTER,2629.0,,254.0,984.0,-92,149.0,2,DISTRICT29
Req-135,ACT-INF,Aug 2024,HEALTH CENTER,1386.0,2926.0,625.0,,-332,,1,DISTRICT33
Req-136,ART-SUP,Jul 2024,HEALTH CENTER,585.0,18.0,202.0,701.0,-206,309.0,2,DISTRICT13
Req-137,ART-SUP,Mar 2025,DISTRICT HOSPITAL,2155.0,,540.0,1207.0,429,,1,DISTRICT23
Req-138,ACT-INF,Aug 2024,HEALTH CENTER,173.0,0.0,42.0,852.0,138,4.0,2,DISTRICT36
Req-139,ART-SUP,May 2024,HEALTH CENTER,272.0,84.0,54.0,,309,22.0,1,DISTRICT7
Req-140,ITN,Dec 2023,HEALTH CENTER,709.0,,373.0,,320,,2,DISTRICT33
Req-141,ACT-INF,Aug 2024,HEALTH CENTER,999.0,10.0,319.0,,-233,,1,DISTRICT38
Req-142,PYRA-SAC,Feb 2025,HEALTH CENTER,,,228.0,436.0,137,141.0,2,DISTRICT30
Req-143,ART-INJ,Aug 2025,HEALTH CENTER,3435.0,2.0,875.0,1321.0,271,489.0,1,DISTRICT10
Req-144,ACT-SC,Aug 2024,HEALTH CENTER,1062.0,,123.0,996.0,302,,2,DISTRICT16
Req-145,ITN,Jun 2025,HEALTH CENTER,762.0,0.0,180.0,,487,170.0,1,DISTRICT14
Req-146,ACT-SC,Jul 2025,HEALTH CENTER,289.0,709.0,,,1013,930.0,2,DISTRICT32
Req-147,ACT-AD,Dec 2024,HEALTH CENTER,1635.0,,388.0,1953.0,-73,,1,DISTRICT37
Req-148,SP,Jun 2024,HEALTH CENTER,,0.0,,181.0,-32,2.0,2,DISTRICT25
Req-149,ACT-SC,Jan 2024,HEALTH CENTER,229.0,0.0,124.0,,-35,47.0,1,DISTRICT13
Req-150,ART-SUP,Feb 2024,HEALTH CENTER,,,1134.0,2433.0,16,770.0,2,DISTRICT24
Req-151,PYRA-SAC,Aug 2024,HEALTH CENTER,4593.0,499.0,1403.0,,-796,1485.0,1,DISTRICT13
Req-152,QUIN,Sep 2025,HEALTH CENTER,,0.0,,451.0,-42,,2,DISTRICT37
Req-153,ACT-GC,Jun 2025,HEALTH CENTER,,980.0,,,-148,5.0,1,DISTRICT16
Req-154,SP,Aug 2025,HEALTH CENTER,9.0,0.0,,33.0,520,8.0,2,DISTRICT32
Req-155,ACT-AD,Nov 2024,HEALTH CENTER,2534.0,,,2557.0,312,492.0,1,DISTRICT20
Req-156,ACT-GC,Aug 2025,HEALTH CENTER,,0.0,311.0,,-161,489.0,2,DISTRICT14
Req-157,PYRA-SAC,Sep 2024,HEALTH CENTER,,22.0,30.0,199.0,-327,,1,DISTRICT9
Req-158,ITN,Nov 2024,DISTRICT HOSPITAL,211.0,0.0,17.0,173.0,-745,36.0,2,DISTRICT25
Req-159,PYRA-SAC,Mar 2024,HEALTH CENTER,1.0,4.0,0.0,,-55,,1,DISTRICT23
Req-160,ACT-SC,Aug 2025,HEALTH CENTER,197.0,,117.0,,146,82.0,2,DISTRICT13
Req-161,ART-SUP,Mar 2024,HEALTH CENTER,1562.0,9.0,595.0,1404.0,214,311.0,1,DISTRICT16
Req-162,ITN,Sep 2024,HEALTH CENTER,796.0,380.0,269.0,1414.0,-331,347.0,2,DISTRICT29
Req-163,ART-SUP,Jul 2025,HEALTH CENTER,792.0,432.0,24.0,399.0,-419,,1,DISTRICT12
Req-164,QUIN,Jun 2024,HEALTH CENTER,1279.0,2.0,283.0,1977.0,-1007,309.0,2,DISTRICT7
Req-165,QUIN,Jan 2024,HEALTH CENTER,4772.0,11.0,874.0,3820.0,95,303.0,1,DISTRICT32
Req-166,RDT,Apr 2025,HEALTH CENTER,810.0,41.0,166.0,721.0,-910,123.0,2,DISTRICT32
Req-167,PYRA-SAC,Oct 2024,HEALTH CENTER,,,105.0,209.0,-176,,1,DISTRICT22
Req-168,ACT-SC,Mar 2025,HEALTH CENTER,1586.0,0.0,206.0,2076.0,-307,,2,DISTRICT32
Req-169,ACT-INF,Jul 2025,HEALTH CENTER,114.0,2.0,48.0,80.0,-13,21.0,1,DISTRICT16
Req-170,ART-SUP,Nov 2025,HEALTH CENTER,,61.0,706.0,,-563,431.0,2,DISTRICT31
Req-171,ITN,Jan 2025,HEALTH CENTER,562.0,359.0,,,142,,1,DISTRICT28
Req-172,SP,Nov 2024,HEALTH CENTER,1236.0,,149.0,,-191,35.0,2,DISTRICT11
Req-173,ACT-SC,Feb 2025,HEALTH CENTER,1300.0,32.0,,2267.0,-825,551.0,1,DISTRICT24
Req-174,ART-SUP,Nov 2025,HEALTH CENTER,37.0,,4.0,,486,1.0,2,DISTRICT38
Req-175,ART-INJ,Dec 2023,HEALTH CENTER,404.0,,,916.0,-366,35.0,1,DISTRICT10
Req-176,RDT,Oct 2024,HEALTH CENTER,163.0,6.0,142.0,16.0,-91,437.0,2,DISTRICT8
Req-177,RDT,Apr 2025,HEALTH CENTER,,4.0,,205.0,217,136.0,1,DISTRICT10
Req-178,ACT-SC,Jan 2024,HEALTH CENTER,,,,812.0,841,104.0,2,DISTRICT31
Req-179,ART-INJ,Nov 2025,DISTRICT HOSPITAL,959.0,31.0,176.0,779.0,-483,53.0,1,DISTRICT28
Req-180,PYRA-SAC,Feb 2025,HEALTH CENTER,,6.0,,44.0,18,73.0,2,DISTRICT18
Req-181,ACT-AD,Jul 2024,HEALTH CENTER,460.0,,124.0,324.0,-692,37.0,1,DISTRICT28
Req-182,RDT,Apr 2024,HEALTH CENTER,,0.0,1.0,115.0,-572,0.0,2,DISTRICT3
Req-183,ACT-SC,Jul 2025,HEALTH CENTER,75.0,39.0,,202.0,-176,51.0,1,DISTRICT25
Req-184,SP,Sep 2025,HEALTH CENTER,206.0,1.0,9.0,208.0,-452,,2,DISTRICT14
Req-185,QUIN,Aug 2024,HEALTH CENTER,23.0,0.0,51.0,1.0,-209,72.0,1,DISTRICT2
Req-186,ACT-SC,Jul 2024,HEALTH CENTER,412.0,35.0,250.0,338.0,-333,57.0,2,DISTRICT13
Req-187,ACT-INF,Apr 2024,HEALTH CENTER,4600.0,3.0,580.0,970.0,-266,573.0,1,DISTRICT13
Req-188,ACT-SC,Mar 2025,DISTRICT HOSPITAL,,,104.0,42.0,-338,52.0,2,DISTRICT38
Req-189,PYRA-COMP,Dec 2023,HEALTH CENTER,1899.0,,240.0,435.0,-612,,1,DISTRICT15
Req-190,PYRA-COMP,Mar 2024,HEALTH CENTER,,,595.0,980.0,254,,2,DISTRICT21
Req-191,ACT-INF,Apr 2024,HEALTH CENTER,,0.0,321.0,482.0,179,249.0,1,DISTRICT30
Req-192,ART-SUP,Aug 2024,HEALTH CENTER,1248.0,,408.0,1545.0,475,338.0,2,DISTRICT25
Req-193,ACT-GC,Feb 2024,HEALTH CENTER,983.0,0.0,225.0,1166.0,-109,90.0,1,DISTRICT5
Req-194,ACT-INF,Jul 2025,HEALTH CENTER,,328.0,181.0,407.0,352,,2,DISTRICT24
Req-195,PYRA-SAC,Aug 2024,HEALTH CENTER,,286.0,270.0,2472.0,438,235.0,1,DISTRICT8
Req-196,ART-SUP,Jan 2024,HEALTH CENTER,1099.0,,657.0,1608.0,785,,2,DISTRICT30
Req-197,RDT,Mar 2025,HEALTH CENTER,8.0,13.0,7.0,,-338,9.0,1,DISTRICT7
Req-198,ACT-GC,Nov 2024,HEALTH CENTER,66.0,,88.0,240.0,53,8.0,2,DISTRICT18
Req-199,PYRA-COMP,Nov 2024,HEALTH CENTER,,574.0,,550.0,76,,1,DISTRICT29
Req-200,ART-SUP,Feb 2025,HEALTH CENTER,56.0,399.0,69.0,727.0,712,77.0,2,DISTRICT13
Req-201,RDT,Oct 2025,HEALTH CENTER,2996.0,0.0,183.0,,-49,271.0,1,DISTRICT6
Req-202,ART-SUP,May 2025,HEALTH CENTER,,0.0,0.0,2.0,-633,,2,DISTRICT13
Req-203,ITN,Aug 2025,HEALTH CENTER,3461.0,0.0,827.0,2041.0,-234,802.0,1,DISTRICT3
Req-204,RDT,Mar 2025,HEALTH CENTER,,0.0,,309.0,-219,45.0,2,DISTRICT4
Req-205,SP,Feb 2024,HEALTH CENTER,515.0,62.0,135.0,1045.0,345,,1,DISTRICT33
Req-206,ART-INJ,Nov 2025,HEALTH CENTER,,,35.0,206.0,12,1.0,2,DISTRICT23
Req-207,ACT-AD,Aug 2024,DISTRICT HOSPITAL,,0.0,,2165.0,-235,407.0,1,DISTRICT33
Req-208,ACT-SC,Aug 2024,REGIONAL HOSPITAL,,1.0,,3485.0,503,41.0,2,DISTRICT29
Req-209,ART-SUP,Jul 2024,HEALTH CENTER,1166.0,0.0,78.0,,194,19.0,1,DISTRICT31
Req-210,PYRA-COMP,Nov 2025,HEALTH CENTER,,,236.0,375.0,1459,,2,DISTRICT27
Req-211,QUIN,Apr 2025,HEALTH CENTER,419.0,,,,-289,74.0,1,DISTRICT15
Req-212,PYRA-SAC,Sep 2024,HEALTH CENTER,,358.0,39.0,,193,,2,DISTRICT5
Req-213,ACT-INF,Mar 2024,HEALTH CENTER,1417.0,3.0,403.0,,-548,,1,DISTRICT2
Req-214,ART-INJ,Mar 2025,HEALTH CENTER,170.0,,118.0,,-106,25.0,2,DISTRICT9
Req-215,ITN,Dec 2023,HEALTH CENTER,563.0,257.0,220.0,894.0,455,,1,DISTRICT30
Req-216,ACT-AD,Oct 2024,HEALTH CENTER,3.0,,18.0,,-523,,2,DISTRICT23
Req-217,ACT-GC,Oct 2025,HEALTH CENTER,1184.0,,765.0,,-685,,1,DISTRICT13
Req-218,ART-SUP,May 2025,HEALTH CENTER,,7.0,519.0,947.0,19,552.0,2,DISTRICT30
Req-219,ACT-GC,Dec 2023,HEALTH CENTER,,,81.0,42.0,140,,1,DISTRICT6
Req-220,RDT,Dec 2023,HEALTH CENTER,140.0,,21.0,124.0,-98,,2,DISTRICT35
Req-221,ART-SUP,Jan 2025,DISTRICT HOSPITAL,30.0,8.0,,5.0,111,0.0,1,DISTRICT38
Req-222,ACT-GC,Feb 2024,DISTRICT HOSPITAL,,0.0,219.0,176.0,-366,292.0,2,DISTRICT8
Req-223,ITN,Feb 2024,HEALTH CENTER,,9.0,,195.0,399,180.0,1,DISTRICT3
Req-224,ITN,Nov 2025,HEALTH CENTER,,11.0,,3437.0,213,1743.0,2,DISTRICT10
Req-225,ITN,Mar 2024,HEALTH CENTER,4200.0,174.0,844.0,,-392,818.0,1,DISTRICT24
Req-226,ITN,Apr 2024,HEALTH CENTER,130.0,,2.0,,-118,,2,DISTRICT13
Req-227,PYRA-COMP,Jul 2024,HEALTH CENTER,1577.0,1294.0,,1325.0,304,578.0,1,DISTRICT18
Req-228,QUIN,Sep 2024,DISTRICT HOSPITAL,1835.0,3.0,376.0,1748.0,-237,161.0,2,DISTRICT21
Req-229,QUIN,May 2025,DISTRICT HOSPITAL,640.0,210.0,,973.0,-791,230.0,1,DISTRICT36
Req-230,ACT-SC,Dec 2023,HEALTH CENTER,2606.0,927.0,316.0,1537.0,297,226.0,2,DISTRICT3
Req-231,SP,Apr 2024,HEALTH CENTER,472.0,652.0,226.0,699.0,-22,179.0,1,DISTRICT9
Req-232,ACT-GC,May 2025,HEALTH CENTER,3960.0,0.0,558.0,1227.0,8,126.0,2,DISTRICT32
Req-233,PYRA-COMP,Mar 2024,HEALTH CENTER,1119.0,30.0,,,-201,413.0,1,DISTRICT2
Req-234,PYRA-COMP,Jan 2025,HEALTH CENTER,928.0,,,1822.0,389,253.0,2,DISTRICT29
Req-235,QUIN,Nov 2025,DISTRICT HOSPITAL,,,111.0,,312,,1,DISTRICT29
Req-236,ART-SUP,Jun 2024,HEALTH CENTER,2202.0,,1644.0,1251.0,16,1256.0,2,DISTRICT38
Req-237,SP,Jun 2025,HEALTH CENTER,2755.0,1.0,1341.0,3201.0,-185,1104.0,1,DISTRICT15
Req-238,ACT-SC,May 2025,HEALTH CENTER,1770.0,150.0,913.0,2419.0,-51,,2,DISTRICT32
Req-239,ACT-INF,May 2024,HEALTH CENTER,7757.0,1215.0,1688.0,5216.0,86,1441.0,1,DISTRICT25
Req-240,PYRA-SAC,Aug 2025,HEALTH CENTER,,385.0,1194.0,6228.0,29,1293.0,2,DISTRICT36
Req-241,SP,Feb 2024,HEALTH CENTER,432.0,0.0,98.0,153.0,-407,92.0,1,DISTRICT3
Req-242,PYRA-COMP,Oct 2025,HEALTH CENTER,712.0,,,2763.0,-327,312.0,2,DISTRICT5
Req-243,ART-INJ,Oct 2025,HEALTH CENTER,321.0,,303.0,,284,464.0,1,DISTRICT6
Req-244,QUIN,Apr 2024,HEALTH CENTER,339.0,0.0,279.0,285.0,-654,,2,DISTRICT32
Req-245,ACT-INF,Apr 2024,HEALTH CENTER,946.0,692.0,,,-939,186.0,1,DISTRICT32
Req-246,PYRA-COMP,Aug 2025,HEALTH CENTER,465.0,0.0,,,228,,2,DISTRICT20
Req-247,PYRA-SAC,Feb 2024,DISTRICT HOSPITAL,2989.0,0.0,,1556.0,-196,,1,DISTRICT22
Req-248,ACT-AD,Feb 2025,REGIONAL HOSPITAL,1769.0,382.0,,3366.0,779,,2,DISTRICT3
Req-249,ACT-GC,Jul 2024,HEALTH CENTER,608.0,,95.0,,587,,1,DISTRICT1
Req-250,ACT-GC,Nov 2024,HEALTH CENTER,,4.0,40.0,155.0,326,36.0,2,DISTRICT31
Req-251,PYRA-COMP,Jan 2025,HEALTH CENTER,2260.0,,,1076.0,661,486.0,1,DISTRICT12
Req-252,ACT-SC,Apr 2025,HEALTH CENTER,926.0,,489.0,440.0,173,219.0,2,DISTRICT26
Req-253,RDT,Mar 2024,HEALTH CENTER,847.0,174.0,,1269.0,92,,1,DISTRICT38
Req-254,PYRA-COMP,May 2025,HEALTH CENTER,858.0,,161.0,546.0,-493,35.0,2,DISTRICT29
Req-255,PYRA-SAC,Nov 2024,HEALTH CENTER,4617.0,54.0,459.0,3797.0,-104,299.0,1,DISTRICT30
Req-256,ACT-GC,Mar 2024,REGIONAL HOSPITAL,1314.0,2.0,226.0,390.0,75,,2,DISTRICT16
Req-257,ITN,Nov 2024,HEALTH CENTER,,62.0,134.0,194.0,71,15.0,1,DISTRICT2
Req-258,ART-SUP,Mar 2024,HEALTH CENTER,,0.0,,884.0,69,,2,DISTRICT30
Req-259,ACT-SC,Mar 2025,HEALTH CENTER,,1228.0,686.0,1314.0,350,782.0,1,DISTRICT16
Req-260,ACT-AD,Jan 2024,HEALTH CENTER,104.0,0.0,51.0,60.0,344,,2,DISTRICT10
Req-261,ACT-AD,Dec 2024,HEALTH CENTER,,1831.0,,3318.0,58,918.0,1,DISTRICT13
Req-262,ACT-SC,Feb 2024,HEALTH CENTER,379.0,293.0,606.0,325.0,-256,351.0,2,DISTRICT5
Req-263,ACT-GC,Jul 2025,HEALTH CENTER,,10.0,147.0,,256,,1,DISTRICT32
Req-264,PYRA-COMP,Apr 2025,HEALTH CENTER,5041.0,100.0,1241.0,2295.0,-144,1718.0,2,DISTRICT19
Req-265,ART-INJ,Jul 2024,HEALTH CENTER,,,,850.0,-997,946.0,1,DISTRICT26
Req-266,ITN,Aug 2025,HEALTH CENTER,3445.0,,769.0,1866.0,-57,842.0,2,DISTRICT20
Req-267,ACT-AD,Nov 2024,HEALTH CENTER,,51.0,355.0,512.0,308,340.0,1,DISTRICT28
Req-268,ACT-SC,Sep 2025,HEALTH CENTER,33.0,57.0,,324.0,335,,2,DISTRICT15
Req-269,QUIN,Jan 2025,HEALTH CENTER,43.0,31.0,149.0,375.0,413,,1,DISTRICT13
Req-270,ACT-AD,Apr 2025,HEALTH CENTER,1427.0,36.0,1130.0,1652.0,227,937.0,2,DISTRICT32
Req-271,PYRA-COMP,Oct 2024,HEALTH CENTER,,,883.0,904.0,-199,558.0,1,DISTRICT22
Req-272,ITN,Mar 2025,HEALTH CENTER,1487.0,0.0,,918.0,-149,11.0,2,DISTRICT10
Req-273,ACT-GC,Jun 2024,HEALTH CENTER,557.0,55.0,281.0,593.0,-7,,1,DISTRICT1
Req-274,PYRA-SAC,Jan 2024,REGIONAL HOSPITAL,371.0,,150.0,1063.0,385,35.0,2,DISTRICT29
Req-275,ART-SUP,Feb 2024,HEALTH CENTER,41.0,1.0,1.0,,-737,2.0,1,DISTRICT15
Req-276,PYRA-SAC,Jan 2024,HEALTH CENTER,259.0,,60.0,106.0,207,,2,DISTRICT31
Req-277,PYRA-SAC,May 2024,HEALTH CENTER,1353.0,,,1171.0,58,81.0,1,DISTRICT20
Req-278,ART-INJ,May 2024,HEALTH CENTER,,,47.0,290.0,-32,,2,DISTRICT38
Req-279,ART-INJ,Mar 2025,HEALTH CENTER,1723.0,1548.0,412.0,1209.0,-313,164.0,1,DISTRICT10
Req-280,SP,Mar 2024,HEALTH CENTER,,,242.0,1375.0,-51,,2,DISTRICT14
Req-281,RDT,Feb 2024,HEALTH CENTER,1245.0,0.0,443.0,699.0,-184,,1,DISTRICT31
Req-282,ACT-INF,Jun 2025,HEALTH CENTER,,0.0,112.0,28.0,-70,,2,DISTRICT21
Req-283,ART-INJ,Mar 2024,HEALTH CENTER,183.0,,95.0,,138,46.0,1,DISTRICT36
Req-284,ITN,Mar 2025,DISTRICT HOSPITAL,,19.0,444.0,2400.0,-317,840.0,2,DISTRICT20
Req-285,ACT-INF,Dec 2024,REGIONAL HOSPITAL,2.0,33.0,0.0,3.0,336,1.0,1,DISTRICT10
Req-286,ITN,Dec 2023,HEALTH CENTER,0.0,71.0,1.0,44.0,285,0.0,2,DISTRICT23
Req-287,QUIN,Nov 2024,REGIONAL HOSPITAL,1594.0,0.0,221.0,,-230,140.0,1,DISTRICT6
Req-288,SP,Feb 2024,HEALTH CENTER,2017.0,108.0,344.0,2113.0,308,387.0,2,DISTRICT1
Req-289,ART-INJ,Dec 2024,HEALTH CENTER,893.0,1269.0,138.0,,-102,139.0,1,DISTRICT31
Req-290,ACT-GC,May 2024,HEALTH CENTER,215.0,25.0,400.0,370.0,133,336.0,2,DISTRICT18
Req-291,ACT-INF,Feb 2025,HEALTH CENTER,,4.0,10.0,55.0,-900,11.0,1,DISTRICT3
Req-292,PYRA-COMP,Nov 2024,HEALTH CENTER,2748.0,35.0,776.0,1642.0,-368,439.0,2,DISTRICT8
Req-293,ACT-INF,Sep 2024,HEALTH CENTER,35.0,0.0,37.0,184.0,533,25.0,1,DISTRICT19
Req-294,ACT-AD,Jun 2024,HEALTH CENTER,213.0,65.0,,,264,,2,DISTRICT33
Req-295,ACT-AD,Nov 2025,HEALTH CENTER,43.0,0.0,14.0,75.0,453,2.0,1,DISTRICT32
Req-296,SP,Sep 2024,HEALTH CENTER,382.0,0.0,,490.0,-107,213.0,2,DISTRICT26
Req-297,SP,Oct 2025,DISTRICT HOSPITAL,3351.0,,,1116.0,84,,1,DISTRICT33
Req-298,ITN,Oct 2025,HEALTH CENTER,150.0,0.0,,90.0,-615,2.0,2,DISTRICT31
Req-299,PYRA-SAC,Sep 2025,HEALTH CENTER,223.0,0.0,,80.0,-283,128.0,1,DISTRICT19
Req-300,ART-SUP,Apr 2024,HEALTH CENTER,,,,2415.0,-320,94.0,2,DISTRICT25
Req-301,ITN,Jan 2025,HEALTH CENTER,45.0,,122.0,226.0,261,14.0,1,DISTRICT10
Req-302,SP,Feb 2025,HEALTH CENTER,23.0,,,103.0,1324,,2,DISTRICT30
Req-303,ACT-SC,Jul 2025,HEALTH CENTER,,0.0,84.0,355.0,635,140.0,1,DISTRICT3
Req-304,ACT-AD,Jul 2024,DISTRICT HOSPITAL,132.0,1.0,,,-388,9.0,2,DISTRICT1
Req-305,SP,Oct 2025,HEALTH CENTER,1812.0,0.0,423.0,3124.0,66,563.0,1,DISTRICT15
Req-306,PYRA-SAC,Jun 2024,HEALTH CENTER,718.0,74.0,102.0,131.0,-383,,2,DISTRICT14
Req-307,ACT-SC,Apr 2025,HEALTH CENTER,453.0,11.0,,,-204,,1,DISTRICT8
Req-308,ACT-SC,Feb 2025,HEALTH CENTER,8.0,,14.0,84.0,500,11.0,2,DISTRICT28
Req-309,ITN,Oct 2025,HEALTH CENTER,587.0,,388.0,753.0,-550,,1,DISTRICT23
Req-310,RDT,Jan 2024,HEALTH CENTER,55.0,968.0,45.0,,-326,,2,DISTRICT20
Req-311,ART-INJ,Sep 2024,HEALTH CENTER,323.0,21.0,39.0,1166.0,-8,35.0,1,DISTRICT4
Req-312,RDT,Feb 2024,HEALTH CENTER,722.0,0.0,61.0,367.0,-158,53.0,2,DISTRICT31
Req-313,ACT-INF,Mar 2024,HEALTH CENTER,,0.0,,1590.0,-131,29.0,1,DISTRICT24
Req-314,RDT,Sep 2025,HEALTH CENTER,339.0,536.0,383.0,1345.0,351,333.0,2,DISTRICT33
Req-315,ACT-SC,Nov 2025,HEALTH CENTER,129.0,31.0,,133.0,-167,67.0,1,DISTRICT19
Req-316,ACT-INF,Feb 2024,HEALTH CENTER,68.0,1.0,,,-97,17.0,2,DISTRICT23
Req-317,ART-INJ,Sep 2025,HEALTH CENTER,40.0,,49.0,224.0,174,30.0,1,DISTRICT25
Req-318,PYRA-SAC,Apr 2025,HEALTH CENTER,606.0,0.0,506.0,563.0,-397,320.0,2,DISTRICT23
Req-319,PYRA-COMP,Sep 2025,HEALTH CENTER,22.0,142.0,111.0,103.0,603,,1,DISTRICT32
Req-320,PYRA-SAC,Jul 2025,DISTRICT HOSPITAL,694.0,0.0,82.0,912.0,42,79.0,2,DISTRICT35
Req-321,ACT-AD,Apr 2025,HEALTH CENTER,543.0,,,,-72,26.0,1,DISTRICT9
Req-322,ACT-INF,Aug 2025,HEALTH CENTER,1138.0,2.0,,475.0,-357,170.0,2,DISTRICT1
Req-323,PYRA-COMP,Mar 2025,HEALTH CENTER,,,326.0,,-70,226.0,1,DISTRICT25
Req-324,SP,Jan 2024,HEALTH CENTER,,,,,250,9.0,2,DISTRICT38
Req-325,SP,Jul 2024,HEALTH CENTER,,,409.0,2624.0,-230,172.0,1,DISTRICT1
Req-326,ACT-INF,Aug 2025,HEALTH CENTER,1364.0,,96.0,711.0,-301,,2,DISTRICT6
Req-327,ART-SUP,Sep 2025,HEALTH CENTER,111.0,,64.0,,2,17.0,1,DISTRICT13
Req-328,ART-SUP,Jun 2025,HEALTH CENTER,512.0,,707.0,1605.0,-9,,2,DISTRICT13
Req-329,PYRA-SAC,Jan 2025,HEALTH CENTER,291.0,0.0,18.0,,-241,,1,DISTRICT35
Req-330,ACT-AD,Jun 2024,HEALTH CENTER,2801.0,,,1404.0,-163,1221.0,2,DISTRICT19
Req-331,ART-SUP,Dec 2024,HEALTH CENTER,245.0,,46.0,121.0,-15,,1,DISTRICT17
Req-332,RDT,Oct 2024,HEALTH CENTER,2495.0,60.0,746.0,3878.0,503,398.0,2,DISTRICT30
Req-333,PYRA-SAC,Aug 2025,DISTRICT HOSPITAL,581.0,,403.0,969.0,243,,1,DISTRICT26
Req-334,ART-SUP,May 2024,HEALTH CENTER,12.0,0.0,50.0,39.0,-68,114.0,2,DISTRICT15
Req-335,ACT-AD,Nov 2025,HEALTH CENTER,1626.0,102.0,472.0,,218,,1,DISTRICT20
Req-336,ACT-AD,Oct 2024,DISTRICT HOSPITAL,,0.0,,104.0,200,20.0,2,DISTRICT16
Req-337,ACT-INF,Nov 2025,HEALTH CENTER,2275.0,94.0,,2307.0,632,879.0,1,DISTRICT3
Req-338,QUIN,Mar 2024,HEALTH CENTER,132.0,,,202.0,-383,,2,DISTRICT15
Req-339,QUIN,Dec 2024,HEALTH CENTER,651.0,0.0,525.0,1055.0,37,,1,DISTRICT31
Req-340,PYRA-COMP,Oct 2025,HEALTH CENTER,1513.0,,690.0,,-362,452.0,2,DISTRICT16
Req-341,QUIN,Sep 2024,HEALTH CENTER,232.0,,42.0,,86,186.0,1,DISTRICT29
Req-342,SP,Aug 2024,HEALTH CENTER,2209.0,252.0,,2064.0,216,406.0,2,DISTRICT15
Req-343,ACT-INF,Sep 2025,HEALTH CENTER,1722.0,10.0,265.0,343.0,652,,1,DISTRICT23
Req-344,PYRA-COMP,Sep 2025,HEALTH CENTER,2801.0,24.0,485.0,2750.0,137,289.0,2,DISTRICT6
Req-345,RDT,May 2025,HEALTH CENTER,4711.0,435.0,,3703.0,127,1685.0,1,DISTRICT30
Req-346,ACT-INF,Sep 2025,HEALTH CENTER,1388.0,0.0,236.0,1125.0,-553,516.0,2,DISTRICT23
Req-347,ART-INJ,Sep 2025,HEALTH CENTER,1236.0,7.0,165.0,437.0,102,242.0,1,DISTRICT16
Req-348,ACT-SC,Nov 2024,HEALTH CENTER,,37.0,,566.0,223,238.0,2,DISTRICT4
Req-349,ACT-AD,Nov 2024,HEALTH CENTER,353.0,,60.0,1221.0,12,47.0,1,DISTRICT32
Req-350,ACT-AD,May 2024,HEALTH CENTER,,1.0,528.0,,-205,,2,DISTRICT13
Req-351,ACT-GC,Aug 2025,HEALTH CENTER,1470.0,10.0,165.0,1300.0,160,101.0,1,DISTRICT15
Req-352,ACT-INF,Aug 2024,HEALTH CENTER,,12.0,,753.0,307,213.0,2,DISTRICT36
Req-353,ACT-AD,Apr 2025,HEALTH CENTER,4714.0,3.0,908.0,2832.0,358,1102.0,1,DISTRICT14
Req-354,PYRA-SAC,Oct 2025,DISTRICT HOSPITAL,,841.0,236.0,,159,102.0,2,DISTRICT32
Req-355,PYRA-SAC,Oct 2025,HEALTH CENTER,,337.0,522.0,,853,,1,DISTRICT19
Req-356,SP,May 2025,HEALTH CENTER,,,,,-228,,2,DISTRICT13
Req-357,ART-INJ,Oct 2024,HEALTH CENTER,,4.0,45.0,97.0,-199,38.0,1,DISTRICT3
Req-358,ACT-SC,Mar 2025,HEALTH CENTER,580.0,163.0,481.0,348.0,225,343.0,2,DISTRICT23
Req-359,ACT-SC,Oct 2024,HEALTH CENTER,,,426.0,,-632,569.0,1,DISTRICT15
Req-360,ACT-SC,May 2024,HEALTH CENTER,,122.0,485.0,3173.0,596,179.0,2,DISTRICT33
Req-361,RDT,May 2024,HEALTH CENTER,,22.0,503.0,2145.0,-212,314.0,1,DISTRICT33
Req-362,ACT-AD,Sep 2025,HEALTH CENTER,1332.0,7.0,360.0,1087.0,-282,,2,DISTRICT16
Req-363,ACT-AD,May 2024,HEALTH CENTER,475.0,3.0,,699.0,150,,1,DISTRICT14
Req-364,ACT-INF,Jan 2025,HEALTH CENTER,213.0,0.0,160.0,97.0,6,,2,DISTRICT31
Req-365,RDT,May 2025,DISTRICT HOSPITAL,125.0,,,255.0,433,77.0,1,DISTRICT9
Req-366,PYRA-COMP,Apr 2025,HEALTH CENTER,227.0,1068.0,,64.0,204,,2,DISTRICT38
Req-367,RDT,Dec 2023,NATIONAL HOSPITAL,1.0,0.0,1.0,47.0,-11,0.0,1,DISTRICT32
Req-368,ACT-AD,May 2025,HEALTH CENTER,2963.0,4.0,630.0,,-707,314.0,2,DISTRICT16
Req-369,SP,Nov 2025,HEALTH CENTER,1166.0,44.0,766.0,1867.0,-246,644.0,1,DISTRICT11
Req-370,ACT-INF,Sep 2024,HEALTH CENTER,1123.0,150.0,,4794.0,74,912.0,2,DISTRICT4
Req-371,QUIN,Apr 2025,HEALTH CENTER,1670.0,41.0,,301.0,-105,,1,DISTRICT9
Req-372,PYRA-COMP,Oct 2025,HEALTH CENTER,1144.0,823.0,393.0,,-359,168.0,2,DISTRICT13
Req-373,ACT-GC,Apr 2024,REGIONAL HOSPITAL,3782.0,1.0,436.0,,-328,310.0,1,DISTRICT33
Req-374,ART-INJ,May 2024,HEALTH CENTER,32.0,2128.0,,,635,,2,DISTRICT25
Req-375,ACT-INF,Dec 2023,HEALTH CENTER,,0.0,40.0,29.0,-258,,1,DISTRICT16
Req-376,PYRA-COMP,Jul 2024,HEALTH CENTER,1616.0,26.0,30.0,,-335,8.0,2,DISTRICT28
Req-377,PYRA-SAC,Jan 2025,HEALTH CENTER,597.0,7.0,209.0,621.0,648,90.0,1,DISTRICT33
Req-378,PYRA-COMP,Sep 2024,HEALTH CENTER,2111.0,,427.0,1144.0,452,248.0,2,DISTRICT8
Req-379,ACT-GC,Nov 2025,HEALTH CENTER,3402.0,12.0,887.0,,-423,,1,DISTRICT20
Req-380,ACT-AD,Jul 2024,HEALTH CENTER,917.0,,57.0,310.0,-261,44.0,2,DISTRICT35
Req-381,ACT-INF,Nov 2024,HEALTH CENTER,,,,303.0,-801,,1,DISTRICT38
Req-382,ART-SUP,Oct 2024,HEALTH CENTER,12.0,294.0,1.0,12.0,21,0.0,2,DISTRICT33
Req-383,PYRA-SAC,Apr 2025,HEALTH CENTER,2668.0,4.0,429.0,1589.0,270,286.0,1,DISTRICT16
Req-384,RDT,Oct 2025,HEALTH CENTER,360.0,,99.0,,-933,37.0,2,DISTRICT29
Req-385,ART-INJ,Dec 2024,HEALTH CENTER,1957.0,128.0,1189.0,1861.0,675,872.0,1,DISTRICT28
Req-386,QUIN,Nov 2024,HEALTH CENTER,754.0,,45.0,,347,10.0,2,DISTRICT31
Req-387,PYRA-SAC,Jun 2025,HEALTH CENTER,,97.0,,96.0,-141,186.0,1,DISTRICT31
Req-388,ACT-INF,May 2025,HEALTH CENTER,,353.0,,98.0,-700,,2,DISTRICT33
Req-389,SP,Sep 2025,HEALTH CENTER,1783.0,1.0,243.0,1318.0,260,,1,DISTRICT17
Req-390,QUIN,Dec 2023,HEALTH CENTER,2529.0,2.0,341.0,,306,,2,DISTRICT28
Req-391,ACT-AD,May 2024,HEALTH CENTER,,,13.0,425.0,-114,,1,DISTRICT37
Req-392,SP,Mar 2024,HEALTH CENTER,51.0,1.0,50.0,13.0,-245,,2,DISTRICT32
Req-393,ART-INJ,Aug 2024,HEALTH CENTER,230.0,,279.0,53.0,17,337.0,1,DISTRICT33
Req-394,ACT-AD,Jun 2024,HEALTH CENTER,5.0,56.0,1.0,30.0,-213,1.0,2,DISTRICT29
Req-395,ART-INJ,Feb 2024,HEALTH CENTER,209.0,,35.0,219.0,-986,,1,DISTRICT16
Req-396,ITN,Nov 2024,HEALTH CENTER,,0.0,77.0,780.0,-145,32.0,2,DISTRICT33
Req-397,RDT,May 2025,HEALTH CENTER,,,28.0,,109,25.0,1,DISTRICT25
Req-398,SP,Oct 2024,HEALTH CENTER,665.0,2.0,198.0,691.0,-241,112.0,2,DISTRICT21
Req-399,ITN,Jul 2024,DISTRICT HOSPITAL,2615.0,,,3613.0,-733,,1,DISTRICT5
Req-400,ACT-INF,Dec 2023,HEALTH CENTER,230.0,71.0,79.0,679.0,93,74.0,2,DISTRICT15
Req-401,ART-SUP,Jan 2025,REGIONAL HOSPITAL,,1077.0,,4736.0,393,544.0,1,DISTRICT13
Req-402,ART-SUP,Oct 2024,HEALTH CENTER,485.0,0.0,336.0,277.0,492,,2,DISTRICT19
Req-403,PYRA-SAC,Jul 2024,HEALTH CENTER,546.0,1.0,262.0,,397,212.0,1,DISTRICT6
Req-404,ACT-AD,Jul 2024,HEALTH CENTER,2316.0,482.0,679.0,3624.0,423,,2,DISTRICT29
Req-405,SP,Sep 2024,HEALTH CENTER,3160.0,,1644.0,1101.0,-858,1209.0,1,DISTRICT28
Req-406,ACT-SC,Apr 2025,HEALTH CENTER,199.0,152.0,,,-196,3.0,2,DISTRICT16
Req-407,ACT-GC,Nov 2025,HEALTH CENTER,172.0,0.0,,,166,,1,DISTRICT3
Req-408,ART-INJ,Nov 2024,HEALTH CENTER,73.0,0.0,6.0,,-700,1.0,2,DISTRICT14
Req-409,PYRA-COMP,Aug 2024,HEALTH CENTER,2425.0,,543.0,,488,,1,DISTRICT3
Req-410,PYRA-COMP,May 2025,HEALTH CENTER,1980.0,205.0,620.0,1034.0,-599,,2,DISTRICT28
Req-411,ART-INJ,Jan 2025,HEALTH CENTER,141.0,226.0,12.0,,168,1.0,1,DISTRICT1
Req-412,PYRA-SAC,Apr 2025,HEALTH CENTER,2344.0,33.0,942.0,2546.0,-103,,2,DISTRICT3
Req-413,SP,May 2024,HEALTH CENTER,,194.0,25.0,61.0,-100,,1,DISTRICT36
Req-414,RDT,Dec 2023,HEALTH CENTER,,,178.0,2774.0,-141,154.0,2,DISTRICT9
Req-415,ACT-SC,Feb 2025,HEALTH CENTER,,1.0,555.0,,189,154.0,1,DISTRICT1
Req-416,PYRA-SAC,Jul 2025,HEALTH CENTER,264.0,105.0,172.0,282.0,205,92.0,2,DISTRICT28
Req-417,RDT,Jun 2025,HEALTH CENTER,115.0,,295.0,373.0,620,175.0,1,DISTRICT7
Req-418,PYRA-SAC,Nov 2025,HEALTH CENTER,585.0,334.0,,1406.0,-48,,2,DISTRICT3
Req-419,ACT-AD,Jun 2024,HEALTH CENTER,891.0,,119.0,304.0,-352,40.0,1,DISTRICT31
Req-420,PYRA-COMP,Aug 2024,HEALTH CENTER,1715.0,1117.0,452.0,1448.0,288,,2,DISTRICT12
Req-421,ART-SUP,Apr 2024,HEALTH CENTER,656.0,,161.0,502.0,-169,,1,DISTRICT26
Req-422,ART-SUP,Jul 2024,HEALTH CENTER,702.0,,89.0,131.0,-393,75.0,2,DISTRICT7
Req-423,ACT-GC,Jun 2024,HEALTH CENTER,,,264.0,,-94,231.0,1,DISTRICT32
Req-424,PYRA-SAC,May 2024,HEALTH CENTER,247.0,17.0,,,455,251.0,2,DISTRICT1
Req-425,ART-SUP,Dec 2023,HEALTH CENTER,1654.0,,596.0,,321,,1,DISTRICT32
Req-426,ACT-GC,Sep 2024,HEALTH CENTER,,47.0,259.0,,-60,157.0,2,DISTRICT28
Req-427,RDT,Jun 2024,HEALTH CENTER,824.0,26.0,476.0,105.0,451,129.0,1,DISTRICT1
Req-428,ART-SUP,Sep 2025,REGIONAL HOSPITAL,,35.0,,26.0,181,,2,DISTRICT37
Req-429,SP,Oct 2024,HEALTH CENTER,917.0,0.0,,731.0,767,,1,DISTRICT5
Req-430,ACT-GC,Feb 2025,HEALTH CENTER,1102.0,,,1798.0,465,176.0,2,DISTRICT9
Req-431,RDT,Jun 2025,HEALTH CENTER,,105.0,,1424.0,514,208.0,1,DISTRICT13
Req-432,ACT-INF,Nov 2025,HEALTH CENTER,136.0,22.0,,,18,80.0,2,DISTRICT8
Req-433,QUIN,Jul 2024,HEALTH CENTER,522.0,,,,-78,,1,DISTRICT30
Req-434,ACT-AD,Apr 2025,HEALTH CENTER,1999.0,895.0,,2618.0,-39,534.0,2,DISTRICT29
Req-435,ACT-INF,Aug 2024,HEALTH CENTER,98.0,157.0,,,63,,1,DISTRICT31
Req-436,PYRA-COMP,Apr 2024,HEALTH CENTER,322.0,565.0,,41.0,542,5.0,2,DISTRICT26
Req-437,ACT-INF,May 2024,DISTRICT HOSPITAL,492.0,0.0,,134.0,152,143.0,1,DISTRICT32
Req-438,ACT-SC,Aug 2025,HEALTH CENTER,1013.0,32.0,568.0,1007.0,-34,779.0,2,DISTRICT30
Req-439,PYRA-SAC,Dec 2023,HEALTH CENTER,458.0,10.0,86.0,178.0,222,190.0,1,DISTRICT27
Req-440,ACT-SC,Nov 2025,DISTRICT HOSPITAL,1900.0,,,6270.0,195,,2,DISTRICT31
Req-441,ACT-SC,Mar 2025,HEALTH CENTER,,,260.0,2023.0,-628,48.0,1,DISTRICT12
Req-442,ACT-INF,Oct 2025,HEALTH CENTER,1016.0,19.0,242.0,,-446,92.0,2,DISTRICT33
Req-443,RDT,Dec 2023,HEALTH CENTER,75.0,0.0,,68.0,3,,1,DISTRICT25
Req-444,PYRA-COMP,Sep 2024,HEALTH CENTER,634.0,1.0,69.0,613.0,65,,2,DISTRICT14
Req-445,RDT,Sep 2025,NATIONAL HOSPITAL,,16.0,,953.0,472,255.0,1,DISTRICT32
Req-446,QUIN,Oct 2025,HEALTH CENTER,677.0,0.0,,478.0,-576,,2,DISTRICT4
Req-447,QUIN,Mar 2024,HEALTH CENTER,816.0,386.0,,1809.0,-607,358.0,1,DISTRICT24
Req-448,ACT-GC,Apr 2025,HEALTH CENTER,13.0,195.0,48.0,431.0,-118,19.0,2,DISTRICT32
Req-449,SP,Dec 2024,HEALTH CENTER,,0.0,321.0,271.0,-699,532.0,1,DISTRICT32
Req-450,ACT-AD,Jun 2025,DISTRICT HOSPITAL,8549.0,,755.0,2251.0,-444,737.0,2,DISTRICT13
Req-451,RDT,Apr 2024,HEALTH CENTER,947.0,148.0,362.0,,686,650.0,1,DISTRICT36
Req-452,ART-SUP,Jun 2025,HEALTH CENTER,1851.0,301.0,751.0,,87,499.0,2,DISTRICT35
Req-453,ACT-AD,Oct 2024,HEALTH CENTER,13.0,0.0,28.0,10.0,740,14.0,1,DISTRICT23
Req-454,PYRA-COMP,Aug 2024,HEALTH CENTER,,0.0,,459.0,76,,2,DISTRICT1
Req-455,PYRA-COMP,Jul 2025,HEALTH CENTER,7.0,29.0,62.0,54.0,144,36.0,1,DISTRICT15
Req-456,SP,Dec 2023,HEALTH CENTER,,,152.0,560.0,958,76.0,2,DISTRICT6
Req-457,ART-INJ,Nov 2024,HEALTH CENTER,2099.0,,112.0,1480.0,234,72.0,1,DISTRICT5
Req-458,ACT-SC,Feb 2024,HEALTH CENTER,,,177.0,769.0,310,,2,DISTRICT9
Req-459,ART-INJ,Oct 2025,HEALTH CENTER,962.0,1.0,300.0,767.0,-673,,1,DISTRICT2
Req-460,ACT-AD,Aug 2025,HEALTH CENTER,661.0,6.0,,549.0,-278,13.0,2,DISTRICT6
Req-461,SP,Jan 2024,HEALTH CENTER,302.0,71.0,,282.0,199,3.0,1,DISTRICT12
Req-462,ACT-AD,Jun 2025,HEALTH CENTER,917.0,,,,365,66.0,2,DISTRICT1
Req-463,PYRA-COMP,Jun 2025,HEALTH CENTER,73.0,127.0,10.0,56.0,-299,1.0,1,DISTRICT31
Req-464,RDT,Jul 2025,DISTRICT HOSPITAL,122.0,,17.0,421.0,342,6.0,2,DISTRICT33
Req-465,PYRA-SAC,Dec 2023,HEALTH CENTER,705.0,345.0,67.0,266.0,304,,1,DISTRICT31
Req-466,ART-SUP,May 2024,HEALTH CENTER,2106.0,73.0,708.0,,-330,646.0,2,DISTRICT4
Req-467,ACT-GC,Dec 2024,HEALTH CENTER,,,513.0,4385.0,721,,1,DISTRICT19
Req-468,ACT-SC,Mar 2025,HEALTH CENTER,249.0,1.0,119.0,,-386,,2,DISTRICT23
Req-469,ART-SUP,Feb 2024,HEALTH CENTER,1522.0,1.0,,233.0,-404,344.0,1,DISTRICT20
Req-470,QUIN,Nov 2025,HEALTH CENTER,3809.0,197.0,612.0,3210.0,-1139,,2,DISTRICT3
Req-471,ACT-SC,Sep 2024,HEALTH CENTER,,,185.0,,-1115,141.0,1,DISTRICT19
Req-472,ACT-GC,Mar 2024,HEALTH CENTER,1260.0,40.0,89.0,698.0,-405,65.0,2,DISTRICT17
Req-473,ACT-SC,Jun 2024,HEALTH CENTER,1021.0,,,1196.0,-100,49.0,1,DISTRICT28
Req-474,ACT-GC,Feb 2024,HEALTH CENTER,200.0,1.0,,,-111,97.0,2,DISTRICT19
Req-475,ACT-SC,Aug 2025,HEALTH CENTER,,46.0,,472.0,246,,1,DISTRICT32
Req-476,ACT-GC,Jul 2025,HEALTH CENTER,1108.0,0.0,212.0,,416,148.0,2,DISTRICT30
Req-477,ITN,Oct 2024,HEALTH CENTER,,0.0,350.0,,52,184.0,1,DISTRICT21
Req-478,RDT,Aug 2025,HEALTH CENTER,1510.0,13.0,142.0,,-387,,2,DISTRICT13
Req-479,ART-INJ,Jul 2024,HEALTH CENTER,678.0,31.0,194.0,912.0,226,,1,DISTRICT29
Req-480,RDT,Jul 2024,HEALTH CENTER,1470.0,,,2164.0,284,,2,DISTRICT15
Req-481,ACT-INF,Mar 2024,HEALTH CENTER,87.0,295.0,47.0,173.0,337,5.0,1,DISTRICT6
Req-482,ACT-SC,Feb 2025,HEALTH CENTER,10.0,0.0,,2.0,-435,2.0,2,DISTRICT16
Req-483,QUIN,Jan 2024,HEALTH CENTER,3542.0,0.0,231.0,,-125,,1,DISTRICT10
Req-484,ACT-GC,Jun 2025,HEALTH CENTER,1967.0,28.0,,2843.0,-109,309.0,2,DISTRICT18
Req-485,ACT-INF,Apr 2024,REGIONAL HOSPITAL,233.0,565.0,307.0,916.0,-226,473.0,1,DISTRICT27
Req-486,QUIN,Feb 2024,DISTRICT HOSPITAL,54.0,0.0,,546.0,257,5.0,2,DISTRICT3
Req-487,QUIN,Feb 2025,HEALTH CENTER,,0.0,771.0,2321.0,515,,1,DISTRICT10
Req-488,QUIN,Oct 2024,HEALTH CENTER,476.0,0.0,,,-45,,2,DISTRICT36
Req-489,SP,Jan 2024,HEALTH CENTER,456.0,9.0,,,451,,1,DISTRICT13
Req-490,ITN,Aug 2025,HEALTH CENTER,211.0,,,1009.0,687,,2,DISTRICT7
Req-491,ACT-SC,Sep 2025,HEALTH CENTER,875.0,,,,518,,1,DISTRICT9
Req-492,ACT-AD,Jan 2024,HEALTH CENTER,3105.0,438.0,680.0,,-434,307.0,2,DISTRICT32
Req-493,ACT-INF,Nov 2024,HEALTH CENTER,34.0,0.0,,20.0,183,5.0,1,DISTRICT31
Req-494,PYRA-SAC,Aug 2025,HEALTH CENTER,4823.0,0.0,372.0,2232.0,511,,2,DISTRICT19
Req-495,ACT-AD,Oct 2025,HEALTH CENTER,3043.0,,,2154.0,-164,331.0,1,DISTRICT7
Req-496,ACT-INF,Jun 2025,HEALTH CENTER,,377.0,372.0,1109.0,-361,209.0,2,DISTRICT21
Req-497,ITN,May 2025,REGIONAL HOSPITAL,742.0,69.0,,423.0,-309,,1,DISTRICT31
Req-498,ACT-AD,Aug 2025,HEALTH CENTER,84.0,0.0,,4.0,-152,0.0,2,DISTRICT9
Req-499,RDT,Jan 2024,HEALTH CENTER,,,48.0,686.0,-910,2.0,1,DISTRICT21
Req-500,ACT-GC,Mar 2024,HEALTH CENTER,166.0,8.0,37.0,,-401,3.0,2,DISTRICT31
Req-501,ACT-SC,Nov 2024,HEALTH CENTER,2960.0,294.0,,,-193,404.0,1,DISTRICT18
Req-502,QUIN,May 2024,HEALTH CENTER,2705.0,,734.0,,720,539.0,2,DISTRICT11
Req-503,PYRA-COMP,Aug 2025,HEALTH CENTER,,7.0,357.0,430.0,411,,1,DISTRICT32
Req-504,PYRA-SAC,Jun 2025,HEALTH CENTER,,121.0,191.0,,-478,169.0,2,DISTRICT6
Req-505,ACT-GC,Apr 2024,HEALTH CENTER,,94.0,496.0,,838,311.0,1,DISTRICT5
Req-506,RDT,Nov 2025,HEALTH CENTER,,110.0,709.0,1453.0,289,402.0,2,DISTRICT24
Req-507,ART-SUP,Apr 2024,HEALTH CENTER,,1.0,22.0,52.0,-16,71.0,1,DISTRICT5
Req-508,ACT-AD,Feb 2024,HEALTH CENTER,458.0,0.0,115.0,,-401,82.0,2,DISTRICT33
Req-509,ACT-GC,Jan 2025,HEALTH CENTER,,,180.0,377.0,-457,215.0,1,DISTRICT16
Req-510,ACT-INF,Oct 2025,HEALTH CENTER,,51.0,135.0,224.0,36,61.0,2,DISTRICT19
Req-511,ACT-AD,Feb 2025,HEALTH CENTER,1623.0,505.0,1202.0,1726.0,235,886.0,1,DISTRICT2
Req-512,ACT-GC,Oct 2025,HEALTH CENTER,650.0,,152.0,,51,107.0,2,DISTRICT1
Req-513,ART-INJ,Nov 2025,HEALTH CENTER,4243.0,0.0,1028.0,3924.0,121,,1,DISTRICT24
Req-514,ACT-GC,Aug 2025,DISTRICT HOSPITAL,366.0,37.0,,172.0,-412,9.0,2,DISTRICT32
Req-515,ACT-GC,Mar 2025,HEALTH CENTER,162.0,,307.0,542.0,309,76.0,1,DISTRICT22
Req-516,ART-INJ,Dec 2023,HEALTH CENTER,,822.0,1372.0,4654.0,222,1131.0,2,DISTRICT7
Req-517,SP,Sep 2025,REGIONAL HOSPITAL,147.0,0.0,,,-355,51.0,1,DISTRICT13
Req-518,ACT-GC,Apr 2024,HEALTH CENTER,108.0,,1.0,,291,1.0,2,DISTRICT26
Req-519,ACT-INF,Apr 2025,HEALTH CENTER,431.0,,,204.0,492,894.0,1,DISTRICT2
Req-520,QUIN,Jan 2024,HEALTH CENTER,,,40.0,398.0,942,18.0,2,DISTRICT9
Req-521,ART-INJ,Dec 2023,HEALTH CENTER,1743.0,0.0,199.0,803.0,623,223.0,1,DISTRICT13
Req-522,SP,Oct 2024,HEALTH CENTER,137.0,35.0,,144.0,34,6.0,2,DISTRICT15
Req-523,ACT-INF,Nov 2024,HEALTH CENTER,56.0,,20.0,,197,23.0,1,DISTRICT25
Req-524,ACT-AD,Dec 2023,DISTRICT HOSPITAL,,0.0,277.0,2245.0,120,,2,DISTRICT3
Req-525,RDT,Aug 2024,HEALTH CENTER,,,951.0,3683.0,346,797.0,1,DISTRICT13
Req-526,ART-INJ,Sep 2024,HEALTH CENTER,49.0,3.0,2.0,678.0,-26,1.0,2,DISTRICT23
Req-527,ACT-SC,Apr 2024,HEALTH CENTER,,8.0,322.0,3236.0,219,281.0,1,DISTRICT2
Req-528,SP,Mar 2025,HEALTH CENTER,134.0,,70.0,,455,47.0,2,DISTRICT28
Req-529,ART-SUP,Apr 2024,HEALTH CENTER,125.0,,,285.0,-30,,1,DISTRICT18
Req-530,RDT,Dec 2023,HEALTH CENTER,,,593.0,4094.0,393,786.0,2,DISTRICT1
Req-531,ACT-AD,Oct 2024,HEALTH CENTER,,,3.0,20.0,269,0.0,1,DISTRICT10
Req-532,QUIN,Mar 2024,HEALTH CENTER,8.0,0.0,8.0,,-850,6.0,2,DISTRICT24
Req-533,ITN,Mar 2025,HEALTH CENTER,2099.0,0.0,167.0,,-628,276.0,1,DISTRICT1
Req-534,QUIN,Jun 2024,HEALTH CENTER,114.0,,87.0,288.0,-408,212.0,2,DISTRICT19
Req-535,ACT-INF,Nov 2024,DISTRICT HOSPITAL,5114.0,,,3560.0,388,1080.0,1,DISTRICT12
Req-536,ART-INJ,Apr 2024,HEALTH CENTER,878.0,0.0,,293.0,86,,2,DISTRICT19
Req-537,SP,Jun 2025,HEALTH CENTER,3786.0,0.0,,,-207,,1,DISTRICT23
Req-538,ART-SUP,Sep 2024,HEALTH CENTER,,,,,-10,0.0,2,DISTRICT26
Req-539,PYRA-COMP,Mar 2025,HEALTH CENTER,515.0,2692.0,193.0,,683,235.0,1,DISTRICT20
Req-540,RDT,Nov 2025,DISTRICT HOSPITAL,,73.0,247.0,,219,225.0,2,DISTRICT13
Req-541,ACT-GC,Jan 2024,HEALTH CENTER,641.0,0.0,14.0,452.0,30,,1,DISTRICT19
Req-542,ACT-AD,Feb 2025,HEALTH CENTER,,57.0,,112.0,-637,63.0,2,DISTRICT17
Req-543,ACT-INF,Feb 2025,HEALTH CENTER,138.0,5.0,46.0,,-273,37.0,1,DISTRICT28
Req-544,ART-INJ,Feb 2024,HEALTH CENTER,5416.0,0.0,805.0,2971.0,141,780.0,2,DISTRICT2
Req-545,ACT-GC,Jul 2025,HEALTH CENTER,,,420.0,3997.0,345,83.0,1,DISTRICT7
Req-546,ACT-SC,Jun 2024,HEALTH CENTER,,1.0,914.0,4308.0,904,,2,DISTRICT30
Req-547,PYRA-COMP,Jun 2024,HEALTH CENTER,2861.0,,,4359.0,288,440.0,1,DISTRICT31
Req-548,ITN,May 2024,HEALTH CENTER,,0.0,32.0,98.0,354,201.0,2,DISTRICT15
Req-549,ACT-GC,Sep 2025,HEALTH CENTER,910.0,2.0,,885.0,233,173.0,1,DISTRICT4
Req-550,PYRA-COMP,Apr 2025,HEALTH CENTER,1161.0,0.0,181.0,,-351,,2,DISTRICT26
Req-551,ACT-SC,Aug 2024,HEALTH CENTER,1827.0,0.0,362.0,2210.0,80,,1,DISTRICT14
Req-552,ACT-GC,Jul 2025,HEALTH CENTER,,,132.0,765.0,59,292.0,2,DISTRICT25
Req-553,PYRA-SAC,Jul 2025,HEALTH CENTER,,,,,-507,69.0,1,DISTRICT11
Req-554,ACT-SC,Dec 2024,HEALTH CENTER,1184.0,1038.0,411.0,514.0,-191,646.0,2,DISTRICT6
Req-555,RDT,Sep 2025,HEALTH CENTER,3739.0,30.0,907.0,2407.0,-487,1010.0,1,DISTRICT31
Req-556,ART-INJ,Apr 2024,HEALTH CENTER,,,61.0,,150,9.0,2,DISTRICT14
Req-557,ART-SUP,Nov 2024,HEALTH CENTER,1873.0,0.0,,986.0,-34,,1,DISTRICT30
Req-558,RDT,Aug 2024,HEALTH CENTER,497.0,31.0,,,-273,32.0,2,DISTRICT16
Req-559,ACT-INF,Aug 2025,HEALTH CENTER,3813.0,57.0,667.0,3248.0,-345,,1,DISTRICT30
Req-560,ACT-INF,Jun 2025,HEALTH CENTER,387.0,0.0,15.0,217.0,-453,1.0,2,DISTRICT24
Req-561,ACT-SC,Mar 2024,HEALTH CENTER,18.0,1.0,4.0,136.0,135,1.0,1,DISTRICT6
Req-562,ART-INJ,Dec 2024,HEALTH CENTER,437.0,0.0,195.0,185.0,-615,99.0,2,DISTRICT28
Req-563,ITN,Aug 2024,HEALTH CENTER,224.0,3.0,194.0,600.0,75,200.0,1,DISTRICT15
Req-564,QUIN,Sep 2024,HEALTH CENTER,552.0,233.0,,287.0,-521,173.0,2,DISTRICT29
Req-565,ART-INJ,Sep 2024,REGIONAL HOSPITAL,,145.0,,2086.0,11,173.0,1,DISTRICT33
Req-566,ART-INJ,Jun 2024,HEALTH CENTER,,150.0,941.0,833.0,252,908.0,2,DISTRICT3
Req-567,ITN,Apr 2025,HEALTH CENTER,1866.0,0.0,398.0,974.0,515,165.0,1,DISTRICT16
Req-568,ART-SUP,Dec 2023,DISTRICT HOSPITAL,2429.0,34.0,847.0,,386,392.0,2,DISTRICT5
Req-569,ART-INJ,Jan 2024,REGIONAL HOSPITAL,,,1087.0,3175.0,-150,941.0,1,DISTRICT25
Req-570,RDT,Jan 2025,HEALTH CENTER,337.0,,,,-160,145.0,2,DISTRICT30
Req-571,ACT-INF,Nov 2024,HEALTH CENTER,1292.0,25.0,,2322.0,-413,,1,DISTRICT38
Req-572,ACT-AD,Dec 2023,HEALTH CENTER,,0.0,,15.0,530,,2,DISTRICT26
Req-573,ART-SUP,Dec 2024,HEALTH CENTER,,,297.0,,-136,118.0,1,DISTRICT20
Req-574,QUIN,Oct 2024,HEALTH CENTER,,63.0,1109.0,4618.0,-227,,2,DISTRICT15
Req-575,ITN,May 2025,HEALTH CENTER,1150.0,,,188.0,-36,35.0,1,DISTRICT31
Req-576,ART-INJ,Jul 2024,HEALTH CENTER,0.0,9.0,2.0,3.0,5,0.0,2,DISTRICT9
Req-577,PYRA-SAC,May 2024,HEALTH CENTER,1686.0,,694.0,,568,626.0,1,DISTRICT37
Req-578,RDT,Aug 2024,HEALTH CENTER,,645.0,196.0,,309,40.0,2,DISTRICT28
Req-579,ART-INJ,Mar 2024,HEALTH CENTER,4676.0,247.0,875.0,3106.0,0,,1,DISTRICT13
Req-580,ART-SUP,Mar 2025,HEALTH CENTER,597.0,,,861.0,-271,,2,DISTRICT29
Req-581,RDT,Apr 2025,HEALTH CENTER,,,,1641.0,-59,509.0,1,DISTRICT22
Req-582,ACT-AD,Aug 2024,HEALTH CENTER,183.0,33.0,193.0,631.0,407,53.0,2,DISTRICT22
Req-583,ITN,Nov 2024,HEALTH CENTER,,,26.0,81.0,-991,13.0,1,DISTRICT4
Req-584,ACT-INF,Jan 2024,HEALTH CENTER,1628.0,193.0,422.0,2483.0,-281,189.0,2,DISTRICT25
Req-585,PYRA-COMP,Jun 2024,HEALTH CENTER,295.0,206.0,140.0,521.0,366,101.0,1,DISTRICT28
Req-586,ACT-SC,Feb 2024,DISTRICT HOSPITAL,161.0,0.0,,,443,0.0,2,DISTRICT32
Req-587,ACT-SC,Jul 2025,DISTRICT HOSPITAL,856.0,52.0,75.0,167.0,-683,15.0,1,DISTRICT16
Req-588,ART-INJ,Oct 2025,HEALTH CENTER,414.0,195.0,266.0,,-41,385.0,2,DISTRICT23
Req-589,ART-SUP,Aug 2024,HEALTH CENTER,991.0,307.0,275.0,826.0,763,,1,DISTRICT35
Req-590,PYRA-SAC,Nov 2025,HEALTH CENTER,43.0,,126.0,606.0,881,244.0,2,DISTRICT28
Req-591,PYRA-SAC,Dec 2023,HEALTH CENTER,48.0,65.0,8.0,,-110,16.0,1,DISTRICT10
Req-592,ACT-SC,Jul 2024,HEALTH CENTER,,0.0,242.0,673.0,-25,290.0,2,DISTRICT23
Req-593,PYRA-SAC,Mar 2024,HEALTH CENTER,2125.0,,445.0,328.0,-193,338.0,1,DISTRICT1
Req-594,ITN,Jun 2024,HEALTH CENTER,,0.0,53.0,73.0,169,22.0,2,DISTRICT12
Req-595,PYRA-SAC,Jan 2025,HEALTH CENTER,1245.0,472.0,262.0,510.0,789,73.0,1,DISTRICT16
Req-596,ACT-INF,May 2024,HEALTH CENTER,,,131.0,505.0,65,,2,DISTRICT22
Req-597,ACT-SC,Sep 2025,HEALTH CENTER,586.0,99.0,359.0,1007.0,193,557.0,1,DISTRICT33
Req-598,ITN,May 2025,HEALTH CENTER,1384.0,,213.0,,-289,9.0,2,DISTRICT32
Req-599,ACT-GC,Mar 2024,HEALTH CENTER,1091.0,235.0,302.0,784.0,338,93.0,1,DISTRICT1
Req-600,ITN,Nov 2025,HEALTH CENTER,1223.0,453.0,,3113.0,180,466.0,2,DISTRICT13
Req-601,ACT-GC,Feb 2024,HEALTH CENTER,2609.0,0.0,708.0,495.0,912,954.0,1,DISTRICT6
Req-602,ITN,Sep 2024,DISTRICT HOSPITAL,4319.0,1.0,2026.0,4124.0,55,916.0,2,DISTRICT18
Req-603,QUIN,Aug 2024,HEALTH CENTER,5494.0,,591.0,,95,498.0,1,DISTRICT10
Req-604,ART-SUP,Jun 2025,HEALTH CENTER,2421.0,,202.0,,-16,133.0,2,DISTRICT1
Req-605,ITN,Dec 2024,HEALTH CENTER,,,559.0,1460.0,123,400.0,1,DISTRICT32
Req-606,PYRA-COMP,Aug 2024,DISTRICT HOSPITAL,1199.0,234.0,,,399,,2,DISTRICT16
Req-607,ART-SUP,May 2024,HEALTH CENTER,469.0,1.0,,,593,8.0,1,DISTRICT3
Req-608,ITN,Mar 2024,HEALTH CENTER,2990.0,24.0,,3830.0,-253,,2,DISTRICT19
Req-609,PYRA-COMP,Jul 2025,HEALTH CENTER,1177.0,,58.0,,166,,1,DISTRICT29
Req-610,ART-INJ,Jan 2025,DISTRICT HOSPITAL,527.0,32.0,,1063.0,40,378.0,2,DISTRICT36
Req-611,ITN,Mar 2024,HEALTH CENTER,308.0,,246.0,1361.0,-376,,1,DISTRICT31
Req-612,PYRA-SAC,Feb 2024,HEALTH CENTER,580.0,322.0,,679.0,382,,2,DISTRICT36
Req-613,ART-SUP,Oct 2024,HEALTH CENTER,,1.0,,,215,1047.0,1,DISTRICT31
Req-614,ART-SUP,Jul 2025,HEALTH CENTER,,18.0,392.0,1903.0,334,,2,DISTRICT1
Req-615,ART-INJ,Jan 2024,HEALTH CENTER,81.0,1.0,9.0,102.0,-872,,1,DISTRICT37
Req-616,QUIN,Aug 2024,HEALTH CENTER,309.0,0.0,35.0,,-110,2.0,2,DISTRICT17
Req-617,ART-SUP,Dec 2023,HEALTH CENTER,79.0,0.0,5.0,4.0,-192,0.0,1,DISTRICT32
Req-618,PYRA-COMP,Mar 2025,HEALTH CENTER,8375.0,14.0,1972.0,7321.0,-446,,2,DISTRICT10
Req-619,PYRA-COMP,Feb 2025,HEALTH CENTER,1568.0,0.0,,688.0,-373,77.0,1,DISTRICT14
Req-620,SP,Jan 2025,HEALTH CENTER,51.0,0.0,,399.0,-87,40.0,2,DISTRICT33
Req-621,RDT,Oct 2024,DISTRICT HOSPITAL,,0.0,9.0,59.0,491,,1,DISTRICT32
Req-622,ART-SUP,Sep 2024,HEALTH CENTER,64.0,0.0,9.0,18.0,-191,3.0,2,DISTRICT29
Req-623,ACT-INF,Mar 2025,HEALTH CENTER,244.0,618.0,147.0,522.0,253,115.0,1,DISTRICT23
Req-624,ACT-GC,Nov 2024,HEALTH CENTER,,281.0,428.0,,492,,2,DISTRICT29
Req-625,RDT,Feb 2025,HEALTH CENTER,1199.0,0.0,348.0,,-305,,1,DISTRICT32
Req-626,RDT,Mar 2025,DISTRICT HOSPITAL,,16.0,,87.0,-662,3.0,2,DISTRICT29
Req-627,ITN,Sep 2025,HEALTH CENTER,2936.0,752.0,133.0,1298.0,636,45.0,1,DISTRICT8
Req-628,ACT-INF,Sep 2025,HEALTH CENTER,743.0,5.0,136.0,723.0,434,49.0,2,DISTRICT17
Req-629,RDT,Feb 2025,HEALTH CENTER,1025.0,174.0,,983.0,731,,1,DISTRICT37
Req-630,SP,Jul 2025,HEALTH CENTER,452.0,,,245.0,-18,47.0,2,DISTRICT36
Req-631,PYRA-SAC,Jan 2025,HEALTH CENTER,50.0,1263.0,193.0,,-125,693.0,1,DISTRICT20
Req-632,ACT-SC,Oct 2024,REGIONAL HOSPITAL,,133.0,664.0,,296,363.0,2,DISTRICT10
Req-633,ACT-INF,Oct 2024,HEALTH CENTER,8.0,761.0,56.0,419.0,-145,2.0,1,DISTRICT1
Req-634,ART-INJ,Jul 2024,HEALTH CENTER,,0.0,,393.0,-252,43.0,2,DISTRICT13
Req-635,PYRA-SAC,Mar 2025,HEALTH CENTER,1961.0,947.0,,,-909,67.0,1,DISTRICT28
Req-636,PYRA-SAC,Sep 2024,HEALTH CENTER,,55.0,255.0,,-584,87.0,2,DISTRICT29
Req-637,RDT,Dec 2023,HEALTH CENTER,613.0,0.0,198.0,573.0,-47,,1,DISTRICT9
Req-638,PYRA-SAC,Oct 2025,HEALTH CENTER,,127.0,176.0,477.0,70,37.0,2,DISTRICT21
Req-639,ACT-GC,Jun 2024,HEALTH CENTER,1435.0,,,,-37,,1,DISTRICT15
Req-640,PYRA-COMP,May 2024,HEALTH CENTER,863.0,26.0,422.0,703.0,-56,253.0,2,DISTRICT18
Req-641,ACT-GC,Feb 2025,HEALTH CENTER,215.0,0.0,,,5,18.0,1,DISTRICT29
Req-642,ART-INJ,Mar 2024,DISTRICT HOSPITAL,141.0,523.0,132.0,239.0,-32,121.0,2,DISTRICT23
Req-643,ITN,Jul 2025,HEALTH CENTER,6.0,170.0,7.0,218.0,-167,2.0,1,DISTRICT23
Req-644,ART-SUP,Sep 2024,HEALTH CENTER,,52.0,,1746.0,10,,2,DISTRICT23
Req-645,ACT-INF,Jul 2025,HEALTH CENTER,228.0,,,,-196,10.0,1,DISTRICT16
Req-646,ART-SUP,May 2025,HEALTH CENTER,409.0,0.0,164.0,95.0,200,60.0,2,DISTRICT25
Req-647,QUIN,Jul 2025,HEALTH CENTER,3126.0,129.0,,,-291,,1,DISTRICT2
Req-648,SP,Aug 2025,HEALTH CENTER,4648.0,663.0,1309.0,4935.0,-259,983.0,2,DISTRICT1
Req-649,ACT-GC,Oct 2025,HEALTH CENTER,190.0,,100.0,117.0,215,24.0,1,DISTRICT33
Req-650,ACT-SC,Jan 2025,HEALTH CENTER,1705.0,5.0,332.0,281.0,-465,599.0,2,DISTRICT19
Req-651,ART-INJ,Mar 2025,HEALTH CENTER,608.0,0.0,416.0,,-129,140.0,1,DISTRICT38
Req-652,ACT-GC,Sep 2025,HEALTH CENTER,595.0,,,,-9,,2,DISTRICT9
Req-653,ART-INJ,Sep 2024,HEALTH CENTER,24.0,889.0,125.0,,16,22.0,1,DISTRICT13
Req-654,SP,Oct 2025,HEALTH CENTER,64.0,0.0,,,190,,2,DISTRICT38
Req-655,ACT-SC,Jun 2025,HEALTH CENTER,603.0,52.0,288.0,,-464,,1,DISTRICT3
Req-656,SP,Jul 2024,DISTRICT HOSPITAL,206.0,8.0,29.0,24.0,-131,5.0,2,DISTRICT33
Req-657,ACT-SC,Jan 2025,HEALTH CENTER,390.0,148.0,,394.0,-246,,1,DISTRICT21
Req-658,PYRA-SAC,Feb 2024,NATIONAL HOSPITAL,,50.0,64.0,25.0,316,50.0,2,DISTRICT36
Req-659,SP,Apr 2024,HEALTH CENTER,1929.0,12.0,352.0,4099.0,-280,,1,DISTRICT25
Req-660,ACT-SC,Aug 2024,DISTRICT HOSPITAL,1806.0,,,,154,507.0,2,DISTRICT36
Req-661,ART-SUP,Jul 2025,HEALTH CENTER,4.0,0.0,10.0,12.0,225,3.0,1,DISTRICT12
Req-662,ITN,Sep 2025,DISTRICT HOSPITAL,83.0,,95.0,,125,42.0,2,DISTRICT22
Req-663,ACT-GC,May 2024,HEALTH CENTER,,108.0,,191.0,-319,114.0,1,DISTRICT11
Req-664,ITN,Sep 2024,HEALTH CENTER,13.0,0.0,107.0,,112,55.0,2,DISTRICT37
Req-665,SP,Jun 2024,HEALTH CENTER,31.0,4.0,91.0,50.0,-1057,,1,DISTRICT10
Req-666,PYRA-SAC,Jan 2024,HEALTH CENTER,,3.0,127.0,,-43,76.0,2,DISTRICT29
Req-667,ART-SUP,Mar 2024,HEALTH CENTER,,43.0,15.0,,-318,,1,DISTRICT14
Req-668,PYRA-SAC,Dec 2023,HEALTH CENTER,,2270.0,247.0,,-30,401.0,2,DISTRICT13
Req-669,ART-INJ,Apr 2024,HEALTH CENTER,1082.0,,,69.0,321,,1,DISTRICT12
Req-670,ITN,Feb 2025,HEALTH CENTER,,0.0,54.0,1380.0,325,,2,DISTRICT13
Req-671,ACT-INF,Oct 2024,HEALTH CENTER,,,342.0,,-606,272.0,1,DISTRICT21
Req-672,ART-INJ,Jan 2025,HEALTH CENTER,,,152.0,450.0,-93,,2,DISTRICT23
Req-673,ACT-GC,Jul 2024,DISTRICT HOSPITAL,159.0,1.0,156.0,807.0,334,93.0,1,DISTRICT32
Req-674,ACT-GC,Oct 2024,HEALTH CENTER,,0.0,277.0,1078.0,281,584.0,2,DISTRICT16
Req-675,PYRA-COMP,Mar 2024,HEALTH CENTER,1056.0,25.0,,1718.0,-405,154.0,1,DISTRICT17
Req-676,ITN,Jun 2024,HEALTH CENTER,,767.0,215.0,92.0,361,166.0,2,DISTRICT28
Req-677,PYRA-COMP,Dec 2024,HEALTH CENTER,3694.0,,448.0,,-73,523.0,1,DISTRICT16
Req-678,ACT-GC,Jan 2024,HEALTH CENTER,809.0,153.0,183.0,1361.0,-492,,2,DISTRICT23
Req-679,RDT,Apr 2024,HEALTH CENTER,3377.0,402.0,1195.0,2485.0,-162,852.0,1,DISTRICT29
Req-680,ACT-INF,Aug 2024,HEALTH CENTER,3173.0,46.0,600.0,3621.0,177,134.0,2,DISTRICT4
Req-681,ART-INJ,Nov 2025,HEALTH CENTER,900.0,,,,136,229.0,1,DISTRICT31
Req-682,ITN,Apr 2025,DISTRICT HOSPITAL,1713.0,9.0,,549.0,-1,,2,DISTRICT20
Req-683,ACT-SC,Dec 2024,HEALTH CENTER,118.0,0.0,77.0,345.0,-160,6.0,1,DISTRICT19
Req-684,ACT-INF,Dec 2024,HEALTH CENTER,,,285.0,,-520,55.0,2,DISTRICT3
Req-685,ITN,Jun 2025,HEALTH CENTER,1858.0,0.0,,1301.0,-27,160.0,1,DISTRICT2
Req-686,QUIN,Oct 2024,HEALTH CENTER,79.0,0.0,129.0,248.0,200,,2,DISTRICT31
Req-687,ACT-INF,May 2025,HEALTH CENTER,639.0,22.0,,63.0,-52,,1,DISTRICT3
Req-688,ACT-SC,Mar 2025,HEALTH CENTER,113.0,,311.0,,591,244.0,2,DISTRICT33
Req-689,ART-INJ,Sep 2025,HEALTH CENTER,,0.0,,831.0,-143,1172.0,1,DISTRICT24
Req-690,QUIN,Jun 2024,HEALTH CENTER,1163.0,622.0,271.0,1892.0,56,382.0,2,DISTRICT1
Req-691,ACT-SC,Apr 2024,HEALTH CENTER,29.0,,5.0,,1136,3.0,1,DISTRICT25
Req-692,ITN,Oct 2024,HEALTH CENTER,2193.0,8.0,595.0,,-370,242.0,2,DISTRICT9
Req-693,ACT-SC,Mar 2024,HEALTH CENTER,2227.0,1571.0,335.0,2735.0,79,405.0,1,DISTRICT20
Req-694,SP,Sep 2024,HEALTH CENTER,1443.0,821.0,440.0,2512.0,547,192.0,2,DISTRICT24
Req-695,RDT,Aug 2025,HEALTH CENTER,,18.0,859.0,2948.0,-352,,1,DISTRICT35
Req-696,ACT-INF,Aug 2025,HEALTH CENTER,,,,2092.0,290,4.0,2,DISTRICT13
Req-697,ART-INJ,May 2025,HEALTH CENTER,,,334.0,443.0,-329,,1,DISTRICT21
Req-698,ACT-INF,Mar 2025,DISTRICT HOSPITAL,1.0,,4.0,2.0,-612,0.0,2,DISTRICT13
Req-699,ACT-AD,Dec 2023,HEALTH CENTER,966.0,,515.0,1399.0,140,477.0,1,DISTRICT10
Req-700,RDT,Jan 2024,HEALTH CENTER,220.0,735.0,42.0,,350,24.0,2,DISTRICT29
Req-701,ACT-INF,Feb 2025,DISTRICT HOSPITAL,43.0,175.0,,,-6,3.0,1,DISTRICT13
Req-702,ART-INJ,Jun 2024,HEALTH CENTER,,231.0,,,9,200.0,2,DISTRICT14
Req-703,ACT-INF,May 2025,HEALTH CENTER,488.0,3.0,296.0,934.0,-566,65.0,1,DISTRICT7
Req-704,ART-INJ,Feb 2024,HEALTH CENTER,,,,1908.0,156,,2,DISTRICT28
Req-705,PYRA-SAC,Jan 2025,HEALTH CENTER,499.0,14.0,55.0,,1,77.0,1,DISTRICT13
Req-706,ACT-INF,Jun 2025,HEALTH CENTER,1548.0,10.0,239.0,,16,392.0,2,DISTRICT28
Req-707,RDT,Aug 2024,HEALTH CENTER,295.0,,124.0,33.0,-303,36.0,1,DISTRICT23
Req-708,RDT,Oct 2024,HEALTH CENTER,1711.0,141.0,477.0,,-110,389.0,2,DISTRICT33
Req-709,ART-SUP,Sep 2024,HEALTH CENTER,,238.0,180.0,1331.0,-55,151.0,1,DISTRICT38
Req-710,PYRA-SAC,Mar 2025,HEALTH CENTER,11029.0,1426.0,,,150,2350.0,2,DISTRICT14
Req-711,ACT-INF,Jan 2024,HEALTH CENTER,33.0,1.0,44.0,,175,16.0,1,DISTRICT13
Req-712,ART-INJ,Oct 2025,HEALTH CENTER,,,1500.0,4813.0,-428,1573.0,2,DISTRICT30
Req-713,ACT-AD,Jun 2024,HEALTH CENTER,2453.0,,224.0,,813,,1,DISTRICT37
Req-714,PYRA-COMP,Feb 2025,HEALTH CENTER,,,63.0,27.0,500,36.0,2,DISTRICT9
Req-715,PYRA-COMP,Jun 2025,HEALTH CENTER,,,387.0,403.0,21,219.0,1,DISTRICT15
Req-716,ACT-GC,Apr 2025,HEALTH CENTER,370.0,274.0,,,708,73.0,2,DISTRICT28
Req-717,SP,Jun 2024,HEALTH CENTER,,0.0,308.0,,217,353.0,1,DISTRICT33
Req-718,PYRA-COMP,Dec 2024,HEALTH CENTER,22.0,1142.0,,,443,9.0,2,DISTRICT15
Req-719,ACT-SC,Jun 2025,HEALTH CENTER,,3.0,102.0,204.0,-398,70.0,1,DISTRICT28
Req-720,QUIN,Dec 2023,HEALTH CENTER,1999.0,0.0,,,-342,,2,DISTRICT10
Req-721,ACT-AD,Apr 2025,HEALTH CENTER,,,,1493.0,285,149.0,1,DISTRICT37
Req-722,ACT-SC,Apr 2024,HEALTH CENTER,161.0,425.0,274.0,,-876,,2,DISTRICT10
Req-723,ART-INJ,Jun 2025,HEALTH CENTER,451.0,,130.0,1042.0,13,186.0,1,DISTRICT3
Req-724,ART-INJ,Oct 2025,HEALTH CENTER,354.0,177.0,441.0,859.0,472,750.0,2,DISTRICT8
Req-725,ACT-GC,Jan 2025,HEALTH CENTER,154.0,,42.0,,-158,2.0,1,DISTRICT13
Req-726,ACT-SC,Oct 2025,HEALTH CENTER,,52.0,,12.0,770,2.0,2,DISTRICT33
Req-727,ACT-INF,Dec 2024,HEALTH CENTER,731.0,,80.0,1282.0,422,131.0,1,DISTRICT12
Req-728,ART-SUP,Jun 2024,HEALTH CENTER,44.0,0.0,209.0,216.0,174,712.0,2,DISTRICT31
Req-729,PYRA-SAC,Mar 2024,DISTRICT HOSPITAL,946.0,71.0,535.0,,-458,,1,DISTRICT30
Req-730,ACT-INF,May 2024,HEALTH CENTER,,,84.0,1542.0,-212,,2,DISTRICT8
Req-731,ACT-SC,Dec 2024,HEALTH CENTER,,0.0,167.0,,-107,14.0,1,DISTRICT3
Req-732,ACT-AD,May 2025,HEALTH CENTER,665.0,7.0,218.0,1091.0,439,78.0,2,DISTRICT1
Req-733,QUIN,Jun 2024,HEALTH CENTER,,0.0,155.0,,-119,420.0,1,DISTRICT8
Req-734,ACT-GC,Oct 2025,HEALTH CENTER,991.0,0.0,149.0,496.0,-241,73.0,2,DISTRICT29
Req-735,ACT-SC,Dec 2023,DISTRICT HOSPITAL,,,570.0,1022.0,-316,190.0,1,DISTRICT15
Req-736,QUIN,Mar 2025,HEALTH CENTER,,140.0,557.0,1722.0,36,,2,DISTRICT20
Req-737,QUIN,Dec 2024,HEALTH CENTER,73.0,0.0,14.0,10.0,-269,,1,DISTRICT36
Req-738,RDT,Feb 2025,HEALTH CENTER,365.0,,,333.0,887,53.0,2,DISTRICT6
Req-739,RDT,May 2024,HEALTH CENTER,172.0,557.0,,433.0,-5,,1,DISTRICT13
Req-740,QUIN,May 2024,HEALTH CENTER,9.0,,24.0,205.0,-269,,2,DISTRICT18
Req-741,QUIN,Nov 2024,REGIONAL HOSPITAL,29.0,21.0,114.0,367.0,45,,1,DISTRICT15
Req-742,PYRA-COMP,Mar 2024,HEALTH CENTER,629.0,,,1352.0,682,,2,DISTRICT13
Req-743,PYRA-COMP,Aug 2025,HEALTH CENTER,658.0,0.0,140.0,205.0,-610,25.0,1,DISTRICT28
Req-744,QUIN,Apr 2024,DISTRICT HOSPITAL,1277.0,,,1300.0,-546,239.0,2,DISTRICT28
Req-745,RDT,Feb 2024,HEALTH CENTER,,0.0,234.0,1170.0,-552,,1,DISTRICT16
Req-746,ART-INJ,Oct 2024,HEALTH CENTER,,0.0,49.0,10.0,-70,10.0,2,DISTRICT37
Req-747,ACT-INF,Sep 2024,HEALTH CENTER,,90.0,,159.0,-478,,1,DISTRICT32
Req-748,ACT-INF,Nov 2025,HEALTH CENTER,706.0,9.0,508.0,2228.0,661,367.0,2,DISTRICT36
Req-749,RDT,Jul 2025,HEALTH CENTER,,414.0,241.0,2038.0,-367,,1,DISTRICT30
Req-750,ART-INJ,Nov 2025,HEALTH CENTER,575.0,,,,1,231.0,2,DISTRICT10
Req-751,PYRA-COMP,Sep 2024,HEALTH CENTER,410.0,973.0,228.0,,-384,,1,DISTRICT5
Req-752,QUIN,Jan 2024,HEALTH CENTER,,0.0,67.0,,303,,2,DISTRICT38
Req-753,RDT,Dec 2024,HEALTH CENTER,904.0,1029.0,275.0,1484.0,435,,1,DISTRICT33
Req-754,ACT-INF,Sep 2025,HEALTH CENTER,3569.0,,1191.0,3581.0,573,1056.0,2,DISTRICT25
Req-755,ACT-GC,Mar 2025,HEALTH CENTER,,,,274.0,-347,25.0,1,DISTRICT21
Req-756,QUIN,Jan 2024,HEALTH CENTER,1384.0,,,1589.0,383,21.0,2,DISTRICT23
Req-757,ART-SUP,Dec 2024,HEALTH CENTER,,5.0,290.0,4824.0,33,,1,DISTRICT30
Req-758,ART-SUP,Sep 2024,HEALTH CENTER,4.0,66.0,16.0,,637,27.0,2,DISTRICT10
Req-759,ART-INJ,Sep 2024,HEALTH CENTER,434.0,,84.0,114.0,242,121.0,1,DISTRICT1
Req-760,PYRA-SAC,Mar 2024,HEALTH CENTER,,0.0,61.0,10.0,-432,12.0,2,DISTRICT23
Req-761,RDT,May 2025,HEALTH CENTER,196.0,,,,-526,14.0,1,DISTRICT35
Req-762,RDT,Jan 2024,HEALTH CENTER,867.0,98.0,236.0,3592.0,906,273.0,2,DISTRICT22
Req-763,ACT-INF,Sep 2024,HEALTH CENTER,207.0,283.0,172.0,681.0,337,274.0,1,DISTRICT1
Req-764,ACT-SC,Mar 2024,DISTRICT HOSPITAL,709.0,,,,-805,149.0,2,DISTRICT15
Req-765,QUIN,Jun 2025,HEALTH CENTER,,,60.0,119.0,147,86.0,1,DISTRICT16
Req-766,ACT-AD,Oct 2025,HEALTH CENTER,,603.0,107.0,,-251,,2,DISTRICT29
Req-767,ACT-GC,Oct 2024,HEALTH CENTER,324.0,0.0,,211.0,300,301.0,1,DISTRICT4
Req-768,PYRA-COMP,Nov 2025,HEALTH CENTER,627.0,201.0,90.0,640.0,-168,112.0,2,DISTRICT29
Req-769,ACT-AD,May 2025,HEALTH CENTER,13.0,527.0,5.0,,-1006,0.0,1,DISTRICT31
Req-770,QUIN,May 2025,HEALTH CENTER,4948.0,69.0,1758.0,2663.0,226,2105.0,2,DISTRICT8
Req-771,ACT-GC,Mar 2025,HEALTH CENTER,89.0,22.0,,135.0,388,14.0,1,DISTRICT15
Req-772,ACT-GC,Nov 2025,HEALTH CENTER,1499.0,,,2359.0,-454,382.0,2,DISTRICT4
Req-773,ACT-SC,Jul 2025,HEALTH CENTER,,0.0,94.0,730.0,209,,1,DISTRICT10
Req-774,ACT-GC,Jan 2024,HEALTH CENTER,522.0,,,1076.0,689,,2,DISTRICT9
Req-775,ACT-AD,Nov 2024,DISTRICT HOSPITAL,340.0,122.0,284.0,84.0,-215,382.0,1,DISTRICT12
Req-776,RDT,Oct 2025,HEALTH CENTER,155.0,0.0,25.0,,-489,47.0,2,DISTRICT21
Req-777,ACT-AD,Oct 2024,HEALTH CENTER,917.0,0.0,62.0,624.0,513,8.0,1,DISTRICT3
Req-778,QUIN,Oct 2025,HEALTH CENTER,14.0,1.0,23.0,11.0,5,13.0,2,DISTRICT38
Req-779,ITN,Nov 2024,HEALTH CENTER,6023.0,55.0,,5189.0,570,,1,DISTRICT16
Req-780,PYRA-COMP,Jun 2024,DISTRICT HOSPITAL,1899.0,3.0,165.0,2258.0,374,68.0,2,DISTRICT28
Req-781,ART-INJ,May 2024,HEALTH CENTER,,0.0,15.0,30.0,252,1.0,1,DISTRICT31
Req-782,PYRA-COMP,Jul 2025,HEALTH CENTER,341.0,,714.0,573.0,-223,1330.0,2,DISTRICT23
Req-783,ITN,Feb 2024,HEALTH CENTER,1489.0,14.0,344.0,1050.0,338,372.0,1,DISTRICT9
Req-784,ACT-AD,May 2024,HEALTH CENTER,2897.0,26.0,255.0,1195.0,-235,,2,DISTRICT10
Req-785,ACT-SC,Apr 2024,HEALTH CENTER,314.0,8.0,,758.0,312,,1,DISTRICT16
Req-786,SP,Sep 2024,HEALTH CENTER,525.0,,30.0,772.0,280,7.0,2,DISTRICT16
Req-787,ART-SUP,Jun 2024,HEALTH CENTER,868.0,,,262.0,-303,3.0,1,DISTRICT29
Req-788,ACT-INF,Apr 2024,HEALTH CENTER,91.0,,32.0,413.0,329,,2,DISTRICT10
Req-789,ART-SUP,Aug 2025,DISTRICT HOSPITAL,,321.0,78.0,532.0,-318,38.0,1,DISTRICT20
Req-790,ACT-INF,Jun 2024,HEALTH CENTER,,776.0,854.0,,-15,,2,DISTRICT25
Req-791,ART-INJ,Mar 2024,HEALTH CENTER,,159.0,854.0,849.0,-60,,1,DISTRICT32
Req-792,ART-INJ,Sep 2025,HEALTH CENTER,5266.0,0.0,173.0,1745.0,81,103.0,2,DISTRICT6
Req-793,SP,Jul 2024,HEALTH CENTER,7.0,5.0,30.0,192.0,-74,1.0,1,DISTRICT5
Req-794,PYRA-SAC,Sep 2024,HEALTH CENTER,508.0,0.0,105.0,895.0,-41,25.0,2,DISTRICT35
Req-795,ACT-AD,May 2025,HEALTH CENTER,1175.0,,482.0,,346,,1,DISTRICT3
Req-796,RDT,Nov 2024,HEALTH CENTER,,,,7.0,121,1.0,2,DISTRICT28
Req-797,ART-INJ,Jul 2025,HEALTH CENTER,834.0,0.0,10.0,679.0,157,29.0,1,DISTRICT33
Req-798,QUIN,Sep 2025,HEALTH CENTER,,59.0,,,398,,2,DISTRICT31
Req-799,PYRA-COMP,May 2024,DISTRICT HOSPITAL,106.0,2.0,,664.0,824,,1,DISTRICT17
Req-800,ART-INJ,May 2025,HEALTH CENTER,536.0,289.0,573.0,1715.0,-1089,285.0,2,DISTRICT5
Req-801,ART-SUP,Jun 2024,HEALTH CENTER,737.0,711.0,137.0,389.0,-61,200.0,1,DISTRICT16
Req-802,SP,Feb 2024,HEALTH CENTER,,,41.0,27.0,-52,,2,DISTRICT10
Req-803,ACT-SC,Apr 2024,HEALTH CENTER,365.0,520.0,517.0,555.0,-663,345.0,1,DISTRICT32
Req-804,PYRA-SAC,Mar 2024,HEALTH CENTER,943.0,,202.0,1151.0,-200,370.0,2,DISTRICT23
Req-805,ACT-INF,Apr 2024,HEALTH CENTER,389.0,12.0,,440.0,-541,279.0,1,DISTRICT20
Req-806,RDT,May 2025,HEALTH CENTER,,,52.0,,-208,6.0,2,DISTRICT7
Req-807,ACT-GC,Jun 2025,HEALTH CENTER,719.0,596.0,129.0,2183.0,-581,,1,DISTRICT23
Req-808,SP,Nov 2024,HEALTH CENTER,,91.0,804.0,1804.0,-747,730.0,2,DISTRICT10
Req-809,PYRA-COMP,May 2024,HEALTH CENTER,660.0,227.0,320.0,815.0,-82,278.0,1,DISTRICT17
Req-810,SP,Jul 2025,HEALTH CENTER,,,47.0,107.0,234,65.0,2,DISTRICT31
Req-811,SP,Oct 2024,HEALTH CENTER,139.0,,,73.0,93,4.0,1,DISTRICT15
Req-812,ITN,Dec 2024,HEALTH CENTER,1644.0,7.0,96.0,249.0,122,146.0,2,DISTRICT26
Req-813,ART-INJ,Feb 2025,HEALTH CENTER,6242.0,588.0,1440.0,4487.0,634,1852.0,1,DISTRICT10
Req-814,PYRA-SAC,Aug 2024,HEALTH CENTER,,0.0,17.0,268.0,-541,2.0,2,DISTRICT1
Req-815,ACT-INF,Sep 2024,HEALTH CENTER,210.0,0.0,98.0,103.0,950,58.0,1,DISTRICT20
Req-816,ACT-SC,Sep 2025,HEALTH CENTER,705.0,0.0,14.0,1490.0,135,1.0,2,DISTRICT17
Req-817,PYRA-SAC,Apr 2025,HEALTH CENTER,892.0,1799.0,,2539.0,-87,,1,DISTRICT3
Req-818,ACT-GC,Jul 2024,HEALTH CENTER,2829.0,263.0,,,-54,1395.0,2,DISTRICT30
Req-819,ACT-GC,Nov 2024,HEALTH CENTER,2742.0,,225.0,1518.0,59,,1,DISTRICT1
Req-820,ACT-GC,Apr 2025,HEALTH CENTER,2184.0,1523.0,1371.0,,-41,1061.0,2,DISTRICT7
Req-821,ACT-GC,Apr 2025,HEALTH CENTER,2057.0,,138.0,956.0,-12,32.0,1,DISTRICT1
Req-822,ACT-SC,Jul 2025,HEALTH CENTER,0.0,23.0,0.0,,-348,0.0,2,DISTRICT11
Req-823,PYRA-SAC,Oct 2025,HEALTH CENTER,1.0,871.0,,62.0,-220,1.0,1,DISTRICT29
Req-824,ACT-SC,Jun 2024,DISTRICT HOSPITAL,758.0,13.0,378.0,929.0,-509,,2,DISTRICT30
Req-825,ACT-GC,Jun 2024,HEALTH CENTER,,,348.0,,605,281.0,1,DISTRICT17
Req-826,ART-SUP,Dec 2023,HEALTH CENTER,155.0,80.0,,133.0,-12,14.0,2,DISTRICT9
Req-827,ACT-INF,Mar 2024,DISTRICT HOSPITAL,358.0,13.0,67.0,776.0,194,108.0,1,DISTRICT35
Req-828,ART-INJ,Apr 2025,HEALTH CENTER,190.0,,,,323,122.0,2,DISTRICT3
Req-829,PYRA-SAC,Aug 2025,HEALTH CENTER,,100.0,2193.0,1944.0,-274,1673.0,1,DISTRICT29
Req-830,PYRA-SAC,Sep 2025,HEALTH CENTER,3705.0,555.0,612.0,,-375,545.0,2,DISTRICT32
Req-831,PYRA-SAC,May 2025,HEALTH CENTER,1241.0,210.0,,520.0,-820,,1,DISTRICT1
Req-832,ACT-SC,Nov 2024,HEALTH CENTER,1152.0,,,832.0,268,25.0,2,DISTRICT15
Req-833,PYRA-COMP,Mar 2025,HEALTH CENTER,,,382.0,395.0,117,,1,DISTRICT31
Req-834,ART-INJ,Aug 2024,HEALTH CENTER,6.0,6.0,5.0,4.0,-225,,2,DISTRICT32
Req-835,ART-SUP,Mar 2024,HEALTH CENTER,4777.0,0.0,422.0,1771.0,-1077,164.0,1,DISTRICT15
Req-836,ART-SUP,Oct 2024,HEALTH CENTER,2767.0,546.0,621.0,4056.0,24,305.0,2,DISTRICT23
Req-837,ACT-INF,Feb 2025,DISTRICT HOSPITAL,181.0,0.0,,47.0,-301,7.0,1,DISTRICT21
Req-838,RDT,Mar 2025,HEALTH CENTER,,99.0,,1065.0,-443,687.0,2,DISTRICT28
Req-839,ACT-INF,Jul 2024,HEALTH CENTER,2588.0,,,,23,,1,DISTRICT20
Req-840,ACT-AD,Jul 2024,HEALTH CENTER,1938.0,821.0,423.0,1226.0,228,331.0,2,DISTRICT18
Req-841,QUIN,Nov 2025,HEALTH CENTER,6.0,,3.0,29.0,84,4.0,1,DISTRICT6
Req-842,RDT,Nov 2025,HEALTH CENTER,,,40.0,297.0,543,29.0,2,DISTRICT3
Req-843,ACT-SC,Nov 2024,HEALTH CENTER,,,170.0,292.0,-15,,1,DISTRICT5
Req-844,PYRA-SAC,Jan 2025,HEALTH CENTER,,18.0,9.0,464.0,95,0.0,2,DISTRICT36
Req-845,ACT-INF,May 2024,HEALTH CENTER,3.0,0.0,1.0,1.0,360,1.0,1,DISTRICT13
Req-846,ACT-AD,Dec 2023,HEALTH CENTER,127.0,7.0,38.0,33.0,-427,3.0,2,DISTRICT31
Req-847,ART-INJ,Nov 2025,DISTRICT HOSPITAL,4028.0,1160.0,1632.0,,75,1332.0,1,DISTRICT24
Req-848,PYRA-COMP,Nov 2025,HEALTH CENTER,,0.0,274.0,,130,206.0,2,DISTRICT1
Req-849,SP,May 2024,HEALTH CENTER,,0.0,58.0,157.0,-390,105.0,1,DISTRICT31
Req-850,SP,Apr 2025,DISTRICT HOSPITAL,,,639.0,,231,440.0,2,DISTRICT29
Req-851,ACT-AD,May 2024,HEALTH CENTER,3957.0,63.0,866.0,4544.0,489,544.0,1,DISTRICT13
Req-852,QUIN,Aug 2024,HEALTH CENTER,199.0,,91.0,1693.0,-274,52.0,2,DISTRICT22
Req-853,ART-SUP,Dec 2024,HEALTH CENTER,128.0,0.0,102.0,162.0,163,,1,DISTRICT33
Req-854,QUIN,Aug 2024,HEALTH CENTER,481.0,82.0,101.0,470.0,-1029,41.0,2,DISTRICT25
Req-855,ACT-INF,Aug 2025,HEALTH CENTER,1445.0,0.0,255.0,1906.0,-94,215.0,1,DISTRICT20
Req-856,ACT-GC,Mar 2024,HEALTH CENTER,4160.0,24.0,,1359.0,-47,159.0,2,DISTRICT8
Req-857,ART-SUP,Sep 2024,HEALTH CENTER,256.0,657.0,439.0,,-507,488.0,1,DISTRICT6
Req-858,PYRA-SAC,Jan 2025,HEALTH CENTER,2656.0,,207.0,1021.0,383,15.0,2,DISTRICT33
Req-859,ACT-INF,Apr 2024,DISTRICT HOSPITAL,119.0,45.0,,186.0,-369,,1,DISTRICT29
Req-860,PYRA-COMP,Aug 2025,HEALTH CENTER,514.0,0.0,,1231.0,933,38.0,2,DISTRICT9
Req-861,RDT,May 2024,HEALTH CENTER,627.0,13.0,56.0,625.0,221,25.0,1,DISTRICT33
Req-862,PYRA-COMP,Aug 2025,HEALTH CENTER,904.0,,204.0,461.0,-632,,2,DISTRICT31
Req-863,PYRA-COMP,May 2024,HEALTH CENTER,1117.0,,336.0,,-420,,1,DISTRICT29
Req-864,ART-SUP,Feb 2025,HEALTH CENTER,,236.0,70.0,875.0,-756,74.0,2,DISTRICT3
Req-865,ACT-INF,Nov 2024,HEALTH CENTER,908.0,2.0,29.0,633.0,-795,10.0,1,DISTRICT32
Req-866,ART-INJ,Apr 2024,HEALTH CENTER,297.0,278.0,239.0,1029.0,261,255.0,2,DISTRICT19
Req-867,ITN,Jul 2025,HEALTH CENTER,1245.0,,694.0,,28,320.0,1,DISTRICT33
Req-868,SP,Jul 2024,HEALTH CENTER,1457.0,89.0,,,-248,362.0,2,DISTRICT25
Req-869,ART-INJ,Dec 2024,HEALTH CENTER,573.0,,144.0,758.0,282,65.0,1,DISTRICT32
Req-870,ACT-GC,Feb 2025,HEALTH CENTER,417.0,24.0,237.0,341.0,405,257.0,2,DISTRICT8
Req-871,ACT-INF,Nov 2025,HEALTH CENTER,1833.0,10.0,1007.0,,745,522.0,1,DISTRICT31
Req-872,PYRA-SAC,Dec 2023,HEALTH CENTER,93.0,673.0,134.0,,-174,,2,DISTRICT17
Req-873,PYRA-SAC,Feb 2024,HEALTH CENTER,3.0,19.0,32.0,29.0,-223,18.0,1,DISTRICT14
Req-874,ACT-INF,Jan 2024,DISTRICT HOSPITAL,,5.0,653.0,,-335,856.0,2,DISTRICT16
Req-875,QUIN,Apr 2025,HEALTH CENTER,85.0,0.0,117.0,279.0,50,24.0,1,DISTRICT35
Req-876,PYRA-COMP,Sep 2025,HEALTH CENTER,1591.0,195.0,705.0,1265.0,140,576.0,2,DISTRICT29
Req-877,ART-SUP,Oct 2024,HEALTH CENTER,,0.0,13.0,401.0,333,1.0,1,DISTRICT35
Req-878,ACT-GC,Oct 2025,HEALTH CENTER,,,,,-539,13.0,2,DISTRICT30
Req-879,ART-SUP,Jul 2025,HEALTH CENTER,1137.0,7.0,190.0,1003.0,229,,1,DISTRICT12
Req-880,ART-INJ,Apr 2024,HEALTH CENTER,625.0,,,,130,75.0,2,DISTRICT18
Req-881,QUIN,Jun 2024,HEALTH CENTER,1201.0,13.0,221.0,1763.0,-359,263.0,1,DISTRICT22
Req-882,ACT-GC,Oct 2024,HEALTH CENTER,11.0,0.0,,2.0,36,0.0,2,DISTRICT20
Req-883,SP,Nov 2025,HEALTH CENTER,93.0,,175.0,439.0,363,60.0,1,DISTRICT1
Req-884,SP,Jan 2024,HEALTH CENTER,2470.0,,,,-434,162.0,2,DISTRICT1
Req-885,ACT-INF,Oct 2024,HEALTH CENTER,837.0,,473.0,,360,463.0,1,DISTRICT15
Req-886,ACT-AD,Mar 2024,HEALTH CENTER,,1.0,,153.0,262,135.0,2,DISTRICT31
Req-887,ITN,Apr 2025,HEALTH CENTER,3729.0,,,3489.0,-250,,1,DISTRICT26
Req-888,ACT-SC,May 2024,HEALTH CENTER,122.0,0.0,233.0,220.0,-102,307.0,2,DISTRICT1
Req-889,QUIN,Dec 2024,HEALTH CENTER,1478.0,0.0,306.0,1337.0,-240,77.0,1,DISTRICT16
Req-890,SP,Nov 2025,DISTRICT HOSPITAL,,0.0,,796.0,-398,226.0,2,DISTRICT9
Req-891,ART-SUP,Aug 2024,HEALTH CENTER,946.0,87.0,439.0,1311.0,-715,487.0,1,DISTRICT18
Req-892,ACT-GC,Dec 2023,HEALTH CENTER,1481.0,0.0,208.0,600.0,582,13.0,2,DISTRICT29
Req-893,ACT-GC,Nov 2025,HEALTH CENTER,,0.0,,727.0,-87,10.0,1,DISTRICT29
Req-894,SP,Nov 2024,HEALTH CENTER,571.0,178.0,319.0,,421,457.0,2,DISTRICT33
Req-895,SP,Jan 2024,HEALTH CENTER,180.0,124.0,135.0,,-80,53.0,1,DISTRICT22
Req-896,ART-INJ,Apr 2025,HEALTH CENTER,123.0,,,,44,,2,DISTRICT13
Req-897,QUIN,Jan 2024,HEALTH CENTER,,0.0,20.0,168.0,378,10.0,1,DISTRICT25
Req-898,PYRA-COMP,May 2024,HEALTH CENTER,,740.0,596.0,,-41,314.0,2,DISTRICT29
Req-899,PYRA-SAC,Aug 2024,HEALTH CENTER,,756.0,,258.0,-260,720.0,1,DISTRICT16
Req-900,ART-INJ,Apr 2024,HEALTH CENTER,,0.0,,224.0,239,27.0,2,DISTRICT28
Req-901,ACT-INF,Sep 2025,HEALTH CENTER,20.0,80.0,10.0,138.0,-349,,1,DISTRICT12
Req-902,PYRA-COMP,Jun 2024,HEALTH CENTER,553.0,68.0,167.0,184.0,84,296.0,2,DISTRICT35
Req-903,ACT-INF,Feb 2025,HEALTH CENTER,1719.0,,351.0,1188.0,217,,1,DISTRICT19
Req-904,QUIN,Oct 2025,HEALTH CENTER,1.0,326.0,19.0,55.0,-299,15.0,2,DISTRICT21
Req-905,ACT-AD,Aug 2025,HEALTH CENTER,53.0,125.0,51.0,,-6,33.0,1,DISTRICT30
Req-906,ACT-INF,Nov 2025,HEALTH CENTER,638.0,,54.0,423.0,-257,4.0,2,DISTRICT32
Req-907,QUIN,Nov 2024,HEALTH CENTER,760.0,,320.0,2432.0,-359,254.0,1,DISTRICT5
Req-908,ACT-INF,Aug 2025,HEALTH CENTER,2765.0,1011.0,,1799.0,-429,355.0,2,DISTRICT5
Req-909,ACT-SC,Nov 2025,HEALTH CENTER,3425.0,502.0,1398.0,5671.0,173,1700.0,1,DISTRICT24
Req-910,ACT-GC,Aug 2025,HEALTH CENTER,1064.0,16.0,250.0,997.0,-506,87.0,2,DISTRICT31
Req-911,SP,Aug 2024,HEALTH CENTER,3760.0,,367.0,1084.0,-26,409.0,1,DISTRICT15
Req-912,PYRA-SAC,Feb 2025,HEALTH CENTER,983.0,138.0,317.0,361.0,125,,2,DISTRICT33
Req-913,ACT-SC,Jan 2025,HEALTH CENTER,462.0,547.0,,,369,245.0,1,DISTRICT29
Req-914,ITN,Oct 2025,HEALTH CENTER,,0.0,32.0,89.0,56,24.0,2,DISTRICT6
Req-915,SP,Dec 2024,HEALTH CENTER,1025.0,0.0,222.0,382.0,19,285.0,1,DISTRICT16
Req-916,ITN,Jul 2025,HEALTH CENTER,,,32.0,,-192,,2,DISTRICT32
Req-917,ACT-SC,Jun 2025,HEALTH CENTER,3479.0,147.0,702.0,2118.0,217,376.0,1,DISTRICT5
Req-918,ACT-AD,Apr 2025,HEALTH CENTER,,177.0,,4.0,-455,13.0,2,DISTRICT3
Req-919,ACT-INF,Oct 2024,HEALTH CENTER,564.0,,215.0,,-695,125.0,1,DISTRICT19
Req-920,ACT-SC,Sep 2025,HEALTH CENTER,,451.0,49.0,230.0,-13,80.0,2,DISTRICT1
Req-921,ACT-INF,Aug 2024,HEALTH CENTER,41.0,0.0,10.0,,208,0.0,1,DISTRICT36
Req-922,ACT-GC,Mar 2025,HEALTH CENTER,,0.0,1.0,,-159,,2,DISTRICT13
Req-923,QUIN,Sep 2024,HEALTH CENTER,121.0,,73.0,,-725,16.0,1,DISTRICT7
Req-924,ITN,Oct 2024,HEALTH CENTER,780.0,171.0,,,-432,75.0,2,DISTRICT35
Req-925,ACT-AD,Jan 2025,HEALTH CENTER,1648.0,89.0,,1359.0,-1059,259.0,1,DISTRICT8
Req-926,ACT-SC,Feb 2025,HEALTH CENTER,,166.0,121.0,1195.0,653,93.0,2,DISTRICT29
Req-927,PYRA-SAC,Nov 2025,HEALTH CENTER,,81.0,,,-356,525.0,1,DISTRICT18
Req-928,RDT,Dec 2024,HEALTH CENTER,451.0,,135.0,,-208,105.0,2,DISTRICT6
Req-929,PYRA-COMP,Jun 2025,HEALTH CENTER,111.0,11.0,,,553,20.0,1,DISTRICT29
Req-930,ART-SUP,Sep 2024,HEALTH CENTER,2338.0,3.0,160.0,606.0,-52,,2,DISTRICT19
Req-931,RDT,Oct 2025,HEALTH CENTER,,,334.0,,979,,1,DISTRICT15
Req-932,ACT-INF,Feb 2024,HEALTH CENTER,3645.0,,309.0,1138.0,269,180.0,2,DISTRICT16
Req-933,RDT,Dec 2023,DISTRICT HOSPITAL,6745.0,,580.0,,-330,,1,DISTRICT16
Req-934,ART-INJ,Sep 2025,HEALTH CENTER,534.0,,27.0,253.0,-23,32.0,2,DISTRICT7
Req-935,ITN,Aug 2025,HEALTH CENTER,,66.0,727.0,7560.0,-397,416.0,1,DISTRICT23
Req-936,PYRA-SAC,Apr 2024,HEALTH CENTER,,33.0,177.0,1108.0,73,183.0,2,DISTRICT1
Req-937,RDT,May 2024,DISTRICT HOSPITAL,277.0,11.0,230.0,,-590,,1,DISTRICT9
Req-938,ART-INJ,Sep 2024,HEALTH CENTER,,,39.0,,-150,12.0,2,DISTRICT10
Req-939,QUIN,Aug 2025,HEALTH CENTER,,2.0,,2005.0,792,759.0,1,DISTRICT32
Req-940,ART-INJ,Jan 2024,HEALTH CENTER,,,342.0,455.0,-437,,2,DISTRICT4
Req-941,ITN,Aug 2025,HEALTH CENTER,748.0,15.0,210.0,1377.0,-74,,1,DISTRICT3
Req-942,QUIN,Nov 2025,HEALTH CENTER,828.0,195.0,,506.0,-363,999.0,2,DISTRICT31
Req-943,SP,Apr 2025,HEALTH CENTER,72.0,,239.0,,254,116.0,1,DISTRICT10
Req-944,ITN,Oct 2024,HEALTH CENTER,1040.0,73.0,69.0,612.0,7,7.0,2,DISTRICT26
Req-945,PYRA-SAC,Aug 2024,HEALTH CENTER,,,,3050.0,-956,,1,DISTRICT35
Req-946,ART-INJ,Mar 2025,HEALTH CENTER,400.0,,235.0,825.0,526,128.0,2,DISTRICT28
Req-947,SP,May 2025,HEALTH CENTER,,1.0,283.0,815.0,-469,,1,DISTRICT16
Req-948,RDT,Jun 2025,DISTRICT HOSPITAL,427.0,545.0,526.0,868.0,-948,,2,DISTRICT19
Req-949,ACT-GC,Jan 2024,HEALTH CENTER,676.0,,103.0,238.0,183,23.0,1,DISTRICT15
Req-950,ITN,Oct 2025,HEALTH CENTER,299.0,2.0,44.0,,58,1.0,2,DISTRICT20
Req-951,ACT-GC,May 2025,HEALTH CENTER,887.0,0.0,,564.0,536,,1,DISTRICT31
Req-952,ART-SUP,Mar 2024,HEALTH CENTER,103.0,35.0,40.0,127.0,-280,5.0,2,DISTRICT10
Req-953,ART-SUP,Jun 2025,HEALTH CENTER,,16.0,,,-132,53.0,1,DISTRICT31
Req-954,ART-SUP,Feb 2024,HEALTH CENTER,333.0,,,,-301,114.0,2,DISTRICT9
Req-955,QUIN,Nov 2025,HEALTH CENTER,417.0,355.0,58.0,236.0,-299,39.0,1,DISTRICT28
Req-956,ACT-SC,Oct 2025,HEALTH CENTER,1637.0,,813.0,3613.0,188,159.0,2,DISTRICT33
Req-957,PYRA-COMP,Mar 2024,HEALTH CENTER,4.0,12.0,17.0,6.0,-594,6.0,1,DISTRICT31
Req-958,PYRA-SAC,Aug 2025,HEALTH CENTER,1688.0,131.0,698.0,555.0,108,,2,DISTRICT38
Req-959,ACT-GC,Apr 2025,HEALTH CENTER,,0.0,696.0,1484.0,225,,1,DISTRICT23
Req-960,ART-SUP,Nov 2025,REGIONAL HOSPITAL,,,116.0,2341.0,396,,2,DISTRICT8
Req-961,ACT-AD,Oct 2024,HEALTH CENTER,190.0,573.0,139.0,290.0,380,16.0,1,DISTRICT13
Req-962,ACT-INF,Sep 2025,HEALTH CENTER,337.0,,117.0,454.0,1113,200.0,2,DISTRICT20
Req-963,PYRA-COMP,Feb 2024,HEALTH CENTER,44.0,0.0,8.0,217.0,-630,4.0,1,DISTRICT21
Req-964,ART-INJ,Jan 2025,HEALTH CENTER,893.0,0.0,413.0,163.0,-209,252.0,2,DISTRICT35
Req-965,QUIN,Dec 2024,HEALTH CENTER,1932.0,,199.0,487.0,331,241.0,1,DISTRICT37
Req-966,ACT-INF,Oct 2025,HEALTH CENTER,1501.0,,282.0,,-892,,2,DISTRICT38
Req-967,PYRA-SAC,Jul 2024,HEALTH CENTER,1974.0,,377.0,,-323,,1,DISTRICT24
Req-968,ART-INJ,Sep 2025,HEALTH CENTER,4.0,,7.0,136.0,586,0.0,2,DISTRICT16
Req-969,PYRA-SAC,Apr 2024,HEALTH CENTER,1382.0,837.0,354.0,1922.0,-362,141.0,1,DISTRICT24
Req-970,ART-SUP,Jan 2024,HEALTH CENTER,,,429.0,1978.0,-39,331.0,2,DISTRICT36
Req-971,ART-INJ,Dec 2023,HEALTH CENTER,829.0,,,839.0,1220,20.0,1,DISTRICT29
Req-972,PYRA-SAC,Feb 2024,HEALTH CENTER,1917.0,269.0,,1960.0,-297,1104.0,2,DISTRICT6
Req-973,PYRA-COMP,Mar 2024,HEALTH CENTER,32.0,0.0,17.0,,46,48.0,1,DISTRICT23
Req-974,SP,Aug 2025,DISTRICT HOSPITAL,759.0,4.0,,451.0,-397,,2,DISTRICT19
Req-975,ACT-INF,Jan 2024,HEALTH CENTER,1473.0,5.0,93.0,,-555,502.0,1,DISTRICT7
Req-976,QUIN,Aug 2024,HEALTH CENTER,579.0,283.0,,466.0,-286,2000.0,2,DISTRICT25
Req-977,ART-SUP,Jan 2025,HEALTH CENTER,1227.0,1.0,247.0,815.0,241,,1,DISTRICT13
Req-978,ART-INJ,Mar 2025,HEALTH CENTER,443.0,51.0,111.0,887.0,925,,2,DISTRICT17
Req-979,PYRA-COMP,Sep 2025,HEALTH CENTER,275.0,85.0,135.0,189.0,-910,,1,DISTRICT30
Req-980,RDT,Jun 2025,HEALTH CENTER,2324.0,786.0,783.0,,353,699.0,2,DISTRICT31
Req-981,ACT-INF,Jan 2025,HEALTH CENTER,142.0,0.0,25.0,211.0,-483,,1,DISTRICT35
Req-982,PYRA-COMP,Oct 2024,DISTRICT HOSPITAL,,12.0,1095.0,2726.0,-48,1099.0,2,DISTRICT31
Req-983,ACT-SC,Jan 2025,HEALTH CENTER,,,257.0,,-43,,1,DISTRICT10
Req-984,QUIN,May 2024,DISTRICT HOSPITAL,,808.0,66.0,96.0,-375,17.0,2,DISTRICT21
Req-985,SP,Feb 2024,HEALTH CENTER,,0.0,47.0,1826.0,545,33.0,1,DISTRICT31
Req-986,PYRA-SAC,Oct 2025,HEALTH CENTER,2054.0,0.0,148.0,1434.0,-837,7.0,2,DISTRICT24
Req-987,SP,Apr 2024,HEALTH CENTER,26.0,6.0,24.0,29.0,183,7.0,1,DISTRICT33
Req-988,RDT,Mar 2025,HEALTH CENTER,189.0,,251.0,,-152,,2,DISTRICT14
Req-989,SP,Nov 2025,HEALTH CENTER,,0.0,7.0,2.0,314,22.0,1,DISTRICT35
Req-990,ACT-GC,Nov 2024,HEALTH CENTER,58.0,225.0,111.0,652.0,-97,,2,DISTRICT13
Req-991,PYRA-SAC,Feb 2025,HEALTH CENTER,,131.0,,,344,,1,DISTRICT26
Req-992,ACT-AD,Nov 2024,HEALTH CENTER,350.0,1994.0,,3833.0,10,224.0,2,DISTRICT18
Req-993,PYRA-COMP,Aug 2025,HEALTH CENTER,1470.0,381.0,404.0,2560.0,138,390.0,1,DISTRICT13
Req-994,RDT,Oct 2024,HEALTH CENTER,146.0,5.0,32.0,233.0,-640,15.0,2,DISTRICT9
Req-995,ACT-INF,Jan 2025,HEALTH CENTER,,499.0,486.0,2102.0,439,,1,DISTRICT21
Req-996,SP,Nov 2024,HEALTH CENTER,2262.0,,777.0,3661.0,-515,681.0,2,DISTRICT3
Req-997,RDT,Oct 2024,HEALTH CENTER,,,,225.0,-198,120.0,1,DISTRICT36
Req-998,SP,Oct 2025,HEALTH CENTER,3065.0,,,3658.0,-257,1135.0,2,DISTRICT31
Req-999,PYRA-COMP,Nov 2025,HEALTH CENTER,2005.0,,,1745.0,-291,916.0,1,DISTRICT11
Req-1000,ACT-GC,May 2024,HEALTH CENTER,127.0,2376.0,188.0,,-228,138.0,2,DISTRICT31
Req-1001,RDT,Jan 2025,HEALTH CENTER,451.0,618.0,45.0,,250,3.0,1,DISTRICT15
Req-1002,PYRA-COMP,Mar 2024,HEALTH CENTER,,1.0,410.0,435.0,-175,510.0,2,DISTRICT32
Req-1003,SP,Aug 2025,HEALTH CENTER,,37.0,126.0,,471,178.0,1,DISTRICT36
Req-1004,QUIN,Nov 2024,HEALTH CENTER,859.0,0.0,,399.0,-181,,2,DISTRICT1
Req-1005,ACT-SC,Sep 2025,HEALTH CENTER,1179.0,1.0,,881.0,-11,,1,DISTRICT6
Req-1006,RDT,Sep 2024,DISTRICT HOSPITAL,15.0,0.0,2.0,10.0,988,,2,DISTRICT14
Req-1007,PYRA-COMP,Oct 2024,HEALTH CENTER,3485.0,394.0,457.0,4355.0,29,373.0,1,DISTRICT9
Req-1008,ACT-GC,Jul 2024,HEALTH CENTER,,0.0,,1591.0,-39,26.0,2,DISTRICT15
Req-1009,ACT-AD,Jun 2024,HEALTH CENTER,2749.0,33.0,190.0,2344.0,-128,52.0,1,DISTRICT2
Req-1010,QUIN,Apr 2025,HEALTH CENTER,133.0,9.0,8.0,,-484,1.0,2,DISTRICT38
Req-1011,ACT-INF,Jul 2025,HEALTH CENTER,999.0,22.0,,438.0,-294,288.0,1,DISTRICT19
Req-1012,RDT,Sep 2024,DISTRICT HOSPITAL,,5.0,413.0,1964.0,140,565.0,2,DISTRICT28
Req-1013,ACT-INF,Sep 2024,HEALTH CENTER,1446.0,,,1535.0,-270,194.0,1,DISTRICT27
Req-1014,SP,Apr 2024,HEALTH CENTER,,407.0,320.0,5547.0,-374,171.0,2,DISTRICT30
Req-1015,QUIN,Jan 2025,HEALTH CENTER,858.0,28.0,,919.0,217,87.0,1,DISTRICT30
Req-1016,SP,Aug 2024,HEALTH CENTER,74.0,27.0,,86.0,-425,67.0,2,DISTRICT30
Req-1017,ACT-AD,Nov 2025,HEALTH CENTER,748.0,751.0,,1307.0,294,,1,DISTRICT8
Req-1018,RDT,Feb 2025,HEALTH CENTER,3395.0,,,,-729,1121.0,2,DISTRICT9
Req-1019,QUIN,Mar 2024,HEALTH CENTER,913.0,0.0,157.0,39.0,-645,,1,DISTRICT29
Req-1020,ACT-AD,Aug 2025,HEALTH CENTER,298.0,,,334.0,-172,23.0,2,DISTRICT5
Req-1021,RDT,Oct 2025,HEALTH CENTER,0.0,,0.0,6.0,599,0.0,1,DISTRICT20
Req-1022,PYRA-SAC,Jan 2024,HEALTH CENTER,222.0,224.0,,80.0,-9,10.0,2,DISTRICT32
Req-1023,RDT,Jul 2025,HEALTH CENTER,4547.0,10.0,497.0,2446.0,-639,319.0,1,DISTRICT29
Req-1024,RDT,Feb 2024,HEALTH CENTER,312.0,1315.0,,644.0,-844,80.0,2,DISTRICT37
Req-1025,ACT-GC,Nov 2024,HEALTH CENTER,,103.0,161.0,1129.0,74,210.0,1,DISTRICT31
Req-1026,ACT-SC,Aug 2025,HEALTH CENTER,,14.0,,3825.0,-27,,2,DISTRICT13
Req-1027,ACT-SC,Nov 2025,HEALTH CENTER,598.0,,,,749,,1,DISTRICT30
Req-1028,ACT-AD,Mar 2025,DISTRICT HOSPITAL,48.0,,245.0,294.0,121,145.0,2,DISTRICT28
Req-1029,ART-SUP,Jan 2025,HEALTH CENTER,,6.0,,,530,0.0,1,DISTRICT33
Req-1030,ACT-SC,Mar 2024,HEALTH CENTER,1373.0,1.0,187.0,364.0,69,146.0,2,DISTRICT15
Req-1031,QUIN,Dec 2024,REGIONAL HOSPITAL,549.0,4.0,341.0,151.0,-280,,1,DISTRICT1
Req-1032,ACT-GC,Jan 2025,HEALTH CENTER,,,110.0,538.0,-117,67.0,2,DISTRICT26
Req-1033,ACT-INF,Aug 2024,HEALTH CENTER,1222.0,39.0,,644.0,-375,286.0,1,DISTRICT25
Req-1034,ART-SUP,Jan 2025,HEALTH CENTER,1549.0,126.0,,,-187,,2,DISTRICT8
Req-1035,PYRA-SAC,Dec 2023,HEALTH CENTER,6750.0,1.0,904.0,2776.0,580,525.0,1,DISTRICT30
Req-1036,ACT-AD,Nov 2024,HEALTH CENTER,,4.0,123.0,,116,,2,DISTRICT29
Req-1037,PYRA-SAC,May 2025,HEALTH CENTER,245.0,,187.0,,258,69.0,1,DISTRICT23
Req-1038,ACT-AD,Oct 2024,DISTRICT HOSPITAL,,1674.0,,1256.0,122,46.0,2,DISTRICT20
Req-1039,ART-SUP,Sep 2024,HEALTH CENTER,1030.0,,292.0,,-349,,1,DISTRICT28
Req-1040,PYRA-SAC,Oct 2025,HEALTH CENTER,338.0,0.0,,,-720,,2,DISTRICT11
Req-1041,PYRA-SAC,Sep 2024,HEALTH CENTER,275.0,109.0,9.0,191.0,-27,1.0,1,DISTRICT1
Req-1042,PYRA-SAC,Apr 2024,HEALTH CENTER,159.0,13.0,148.0,54.0,-246,100.0,2,DISTRICT36
Req-1043,SP,Nov 2024,HEALTH CENTER,426.0,16.0,37.0,,195,61.0,1,DISTRICT25
Req-1044,ACT-SC,Mar 2024,HEALTH CENTER,,26.0,135.0,,-965,,2,DISTRICT33
Req-1045,RDT,Nov 2024,HEALTH CENTER,,856.0,170.0,734.0,181,87.0,1,DISTRICT31
Req-1046,ACT-INF,Jul 2024,HEALTH CENTER,131.0,36.0,247.0,191.0,-261,293.0,2,DISTRICT23
Req-1047,ITN,Jan 2024,HEALTH CENTER,3866.0,147.0,635.0,,-1107,649.0,1,DISTRICT3
Req-1048,ACT-GC,Dec 2024,HEALTH CENTER,1113.0,,150.0,,509,,2,DISTRICT14
Req-1049,ACT-AD,Mar 2025,HEALTH CENTER,502.0,0.0,27.0,63.0,-36,9.0,1,DISTRICT29
Req-1050,PYRA-COMP,Jun 2025,HEALTH CENTER,1574.0,0.0,,650.0,75,133.0,2,DISTRICT33
Req-1051,PYRA-SAC,Nov 2024,HEALTH CENTER,5.0,286.0,85.0,124.0,-149,,1,DISTRICT23
Req-1052,ART-SUP,Oct 2025,HEALTH CENTER,577.0,10.0,458.0,1721.0,948,208.0,2,DISTRICT16
Req-1053,ACT-AD,Oct 2025,HEALTH CENTER,,746.0,71.0,663.0,822,39.0,1,DISTRICT29
Req-1054,ACT-INF,May 2024,HEALTH CENTER,907.0,0.0,137.0,114.0,-312,42.0,2,DISTRICT28
Req-1055,QUIN,Apr 2024,HEALTH CENTER,258.0,0.0,163.0,,-1167,40.0,1,DISTRICT3
Req-1056,QUIN,Aug 2025,HEALTH CENTER,,,6.0,3.0,85,8.0,2,DISTRICT31
Req-1057,ART-SUP,Jul 2024,HEALTH CENTER,3646.0,,,3995.0,511,296.0,1,DISTRICT32
Req-1058,ACT-GC,Aug 2024,HEALTH CENTER,31.0,5.0,43.0,,-333,74.0,2,DISTRICT25
Req-1059,ART-SUP,Sep 2024,HEALTH CENTER,63.0,20.0,,26.0,-126,,1,DISTRICT13
Req-1060,ART-INJ,Mar 2025,HEALTH CENTER,242.0,2.0,,,-227,,2,DISTRICT31
Req-1061,ART-SUP,Sep 2025,HEALTH CENTER,,,,25.0,732,,1,DISTRICT29
Req-1062,ACT-AD,Jan 2024,HEALTH CENTER,1200.0,,519.0,1690.0,354,246.0,2,DISTRICT21
Req-1063,ACT-GC,Dec 2024,HEALTH CENTER,,13.0,172.0,249.0,-905,39.0,1,DISTRICT37
Req-1064,RDT,Jun 2025,HEALTH CENTER,1091.0,0.0,,725.0,-624,24.0,2,DISTRICT14
Req-1065,ACT-INF,Sep 2024,HEALTH CENTER,573.0,780.0,522.0,,456,322.0,1,DISTRICT37
Req-1066,ACT-INF,Jun 2025,HEALTH CENTER,130.0,,15.0,55.0,-97,0.0,2,DISTRICT2
Req-1067,PYRA-SAC,Jun 2025,HEALTH CENTER,4836.0,350.0,,5655.0,-228,2488.0,1,DISTRICT2
Req-1068,ITN,Feb 2024,HEALTH CENTER,1601.0,26.0,307.0,1319.0,-112,95.0,2,DISTRICT3
Req-1069,ACT-INF,Oct 2024,HEALTH CENTER,772.0,0.0,24.0,580.0,673,,1,DISTRICT3
Req-1070,SP,Dec 2023,HEALTH CENTER,80.0,10.0,,,-762,,2,DISTRICT3
Req-1071,ART-INJ,Jul 2025,HEALTH CENTER,,1.0,10.0,200.0,-238,,1,DISTRICT13
Req-1072,ACT-AD,Feb 2025,HEALTH CENTER,,1.0,96.0,21.0,35,24.0,2,DISTRICT15
Req-1073,SP,Jul 2025,HEALTH CENTER,1873.0,89.0,167.0,2633.0,-248,,1,DISTRICT15
Req-1074,PYRA-SAC,Mar 2025,HEALTH CENTER,,59.0,130.0,1410.0,438,23.0,2,DISTRICT36
Req-1075,ART-SUP,Apr 2024,HEALTH CENTER,195.0,84.0,76.0,,40,,1,DISTRICT14
Req-1076,PYRA-COMP,Feb 2025,HEALTH CENTER,670.0,512.0,,,434,,2,DISTRICT32
Req-1077,PYRA-COMP,Jul 2025,HEALTH CENTER,479.0,50.0,139.0,444.0,174,79.0,1,DISTRICT38
Req-1078,ACT-AD,Jun 2025,DISTRICT HOSPITAL,1272.0,,256.0,883.0,-177,87.0,2,DISTRICT31
Req-1079,PYRA-SAC,Oct 2025,HEALTH CENTER,83.0,170.0,37.0,37.0,-282,11.0,1,DISTRICT33
Req-1080,ACT-SC,Aug 2024,HEALTH CENTER,6311.0,,,2502.0,-636,471.0,2,DISTRICT32
Req-1081,ACT-SC,Jan 2024,HEALTH CENTER,1547.0,,,214.0,-541,259.0,1,DISTRICT26
Req-1082,QUIN,Dec 2023,HEALTH CENTER,106.0,,39.0,,-118,,2,DISTRICT18
Req-1083,SP,Aug 2025,HEALTH CENTER,1.0,91.0,2.0,38.0,-30,0.0,1,DISTRICT17
Req-1084,ACT-GC,Aug 2024,HEALTH CENTER,,0.0,3.0,,498,0.0,2,DISTRICT28
Req-1085,ACT-INF,Nov 2024,HEALTH CENTER,,0.0,,429.0,268,8.0,1,DISTRICT28
Req-1086,RDT,Jun 2024,HEALTH CENTER,935.0,0.0,57.0,199.0,709,,2,DISTRICT11
Req-1087,ACT-GC,Jan 2025,HEALTH CENTER,,26.0,382.0,457.0,-858,,1,DISTRICT24
Req-1088,ART-INJ,Aug 2024,HEALTH CENTER,5486.0,,427.0,2141.0,-235,,2,DISTRICT13
Req-1089,QUIN,Jan 2025,HEALTH CENTER,,0.0,38.0,12.0,553,1.0,1,DISTRICT28
Req-1090,QUIN,Sep 2024,DISTRICT HOSPITAL,226.0,0.0,,,153,,2,DISTRICT29
Req-1091,SP,Jun 2024,HEALTH CENTER,1534.0,0.0,61.0,2082.0,24,,1,DISTRICT32
Req-1092,RDT,Oct 2024,HEALTH CENTER,3217.0,0.0,,,119,99.0,2,DISTRICT25
Req-1093,ART-INJ,Feb 2025,HEALTH CENTER,2241.0,,222.0,3200.0,486,393.0,1,DISTRICT28
Req-1094,PYRA-COMP,Apr 2025,HEALTH CENTER,1217.0,,,728.0,-1163,,2,DISTRICT31
Req-1095,SP,Sep 2025,HEALTH CENTER,622.0,,197.0,700.0,310,21.0,1,DISTRICT28
Req-1096,PYRA-SAC,Oct 2025,HEALTH CENTER,2869.0,,176.0,2839.0,-196,142.0,2,DISTRICT32
Req-1097,ITN,Jan 2024,HEALTH CENTER,,0.0,204.0,1474.0,-340,101.0,1,DISTRICT13
Req-1098,ACT-AD,Oct 2024,HEALTH CENTER,,0.0,13.0,159.0,-294,0.0,2,DISTRICT9
Req-1099,SP,Nov 2025,HEALTH CENTER,252.0,4.0,83.0,,117,50.0,1,DISTRICT4
Req-1100,ACT-GC,Sep 2025,HEALTH CENTER,194.0,0.0,72.0,44.0,84,66.0,2,DISTRICT2
Req-1101,ART-SUP,Apr 2024,HEALTH CENTER,,,68.0,1551.0,330,123.0,1,DISTRICT3
Req-1102,ITN,Jul 2025,HEALTH CENTER,635.0,541.0,867.0,2384.0,25,617.0,2,DISTRICT22
Req-1103,SP,Jul 2025,HEALTH CENTER,1648.0,70.0,,1693.0,269,396.0,1,DISTRICT10
Req-1104,RDT,Feb 2024,HEALTH CENTER,1826.0,29.0,315.0,1495.0,-632,193.0,2,DISTRICT20
Req-1105,ACT-GC,Sep 2025,HEALTH CENTER,231.0,1.0,18.0,965.0,-30,1.0,1,DISTRICT31
Req-1106,RDT,Mar 2025,NATIONAL HOSPITAL,660.0,199.0,,184.0,201,,2,DISTRICT7
Req-1107,SP,Aug 2025,HEALTH CENTER,1235.0,3.0,337.0,1392.0,294,51.0,1,DISTRICT38
Req-1108,SP,Feb 2024,HEALTH CENTER,1003.0,0.0,82.0,,494,,2,DISTRICT1
Req-1109,ACT-GC,Jun 2024,HEALTH CENTER,394.0,542.0,233.0,2410.0,93,250.0,1,DISTRICT8
Req-1110,PYRA-SAC,Dec 2024,HEALTH CENTER,,0.0,89.0,198.0,701,67.0,2,DISTRICT29
Req-1111,ACT-INF,Jun 2025,HEALTH CENTER,2859.0,736.0,1349.0,,481,1245.0,1,DISTRICT25
Req-1112,PYRA-COMP,May 2024,HEALTH CENTER,,,656.0,1042.0,-2,516.0,2,DISTRICT6
Req-1113,ACT-GC,Sep 2024,DISTRICT HOSPITAL,,,554.0,3113.0,-28,,1,DISTRICT10
Req-1114,ART-INJ,Apr 2025,HEALTH CENTER,,135.0,202.0,,126,90.0,2,DISTRICT23
Req-1115,ACT-INF,Apr 2024,HEALTH CENTER,231.0,,357.0,760.0,78,182.0,1,DISTRICT36
Req-1116,ACT-GC,Feb 2024,DISTRICT HOSPITAL,367.0,,211.0,432.0,632,,2,DISTRICT4
Req-1117,ART-SUP,Mar 2025,HEALTH CENTER,2873.0,639.0,591.0,3811.0,-843,297.0,1,DISTRICT10
Req-1118,QUIN,Sep 2025,HEALTH CENTER,,1.0,12.0,149.0,255,5.0,2,DISTRICT36
Req-1119,PYRA-COMP,Dec 2024,HEALTH CENTER,2.0,89.0,5.0,4.0,-11,0.0,1,DISTRICT24
Req-1120,ACT-SC,Dec 2024,HEALTH CENTER,325.0,24.0,218.0,799.0,247,,2,DISTRICT15
Req-1121,SP,Aug 2024,HEALTH CENTER,2759.0,37.0,,,-154,356.0,1,DISTRICT29
Req-1122,SP,Feb 2024,HEALTH CENTER,900.0,399.0,,2607.0,143,,2,DISTRICT14
Req-1123,RDT,Jul 2025,HEALTH CENTER,38.0,301.0,,,362,33.0,1,DISTRICT26
Req-1124,RDT,Oct 2024,HEALTH CENTER,804.0,,434.0,1875.0,970,160.0,2,DISTRICT33
Req-1125,QUIN,Nov 2024,HEALTH CENTER,3466.0,,868.0,2252.0,207,921.0,1,DISTRICT29
Req-1126,ITN,Apr 2025,HEALTH CENTER,52.0,9.0,95.0,,-51,28.0,2,DISTRICT15
Req-1127,ACT-AD,Jun 2024,HEALTH CENTER,2921.0,,458.0,2718.0,481,397.0,1,DISTRICT30
Req-1128,QUIN,May 2025,REGIONAL HOSPITAL,,,1085.0,4051.0,-585,,2,DISTRICT32
Req-1129,SP,Aug 2025,HEALTH CENTER,633.0,0.0,197.0,1353.0,-709,243.0,1,DISTRICT33
Req-1130,PYRA-SAC,Jan 2024,HEALTH CENTER,527.0,228.0,,144.0,-894,8.0,2,DISTRICT31
Req-1131,QUIN,Oct 2025,HEALTH CENTER,,0.0,4.0,30.0,-79,,1,DISTRICT24
Req-1132,PYRA-COMP,Apr 2025,HEALTH CENTER,539.0,308.0,710.0,758.0,652,,2,DISTRICT7
Req-1133,ACT-INF,Jan 2024,HEALTH CENTER,37.0,,32.0,48.0,-423,39.0,1,DISTRICT7
Req-1134,PYRA-SAC,Oct 2025,HEALTH CENTER,3461.0,419.0,583.0,2646.0,-447,572.0,2,DISTRICT16
Req-1135,ART-INJ,Aug 2025,HEALTH CENTER,,70.0,208.0,1056.0,441,166.0,1,DISTRICT23
Req-1136,ART-INJ,Aug 2025,HEALTH CENTER,770.0,0.0,282.0,,-237,93.0,2,DISTRICT37
Req-1137,PYRA-SAC,Dec 2024,HEALTH CENTER,2144.0,134.0,800.0,2441.0,-296,649.0,1,DISTRICT33
Req-1138,SP,May 2025,HEALTH CENTER,,,26.0,750.0,-159,5.0,2,DISTRICT8
Req-1139,ART-SUP,Aug 2024,DISTRICT HOSPITAL,,,536.0,2661.0,-275,,1,DISTRICT25
Req-1140,SP,Nov 2024,HEALTH CENTER,,24.0,175.0,778.0,-244,,2,DISTRICT18
Req-1141,RDT,May 2024,HEALTH CENTER,,267.0,1095.0,2888.0,-959,727.0,1,DISTRICT24
Req-1142,PYRA-SAC,Oct 2025,HEALTH CENTER,,1067.0,254.0,,172,135.0,2,DISTRICT26
Req-1143,QUIN,Sep 2025,HEALTH CENTER,681.0,0.0,139.0,676.0,398,93.0,1,DISTRICT17
Req-1144,ART-SUP,Oct 2025,DISTRICT HOSPITAL,1063.0,120.0,51.0,3166.0,308,,2,DISTRICT24
Req-1145,ACT-AD,Sep 2024,HEALTH CENTER,,12.0,282.0,,463,179.0,1,DISTRICT13
Req-1146,ART-SUP,Jun 2024,HEALTH CENTER,409.0,0.0,,56.0,-142,26.0,2,DISTRICT19
Req-1147,ACT-AD,Jun 2025,HEALTH CENTER,104.0,0.0,18.0,225.0,364,,1,DISTRICT3
Req-1148,ACT-INF,Nov 2024,HEALTH CENTER,2189.0,56.0,1037.0,3698.0,461,753.0,2,DISTRICT10
Req-1149,ART-SUP,Dec 2024,HEALTH CENTER,1337.0,129.0,951.0,2095.0,730,776.0,1,DISTRICT1
Req-1150,ACT-SC,Jul 2025,HEALTH CENTER,1539.0,359.0,90.0,423.0,-520,17.0,2,DISTRICT17
Req-1151,ACT-SC,Feb 2025,HEALTH CENTER,2240.0,228.0,,2451.0,-469,158.0,1,DISTRICT3
Req-1152,SP,Jul 2024,HEALTH CENTER,1641.0,148.0,206.0,,227,157.0,2,DISTRICT25
Req-1153,QUIN,Jul 2025,HEALTH CENTER,,,571.0,1830.0,-121,334.0,1,DISTRICT19
Req-1154,PYRA-COMP,May 2025,HEALTH CENTER,693.0,,336.0,779.0,-116,,2,DISTRICT32
Req-1155,ART-INJ,Sep 2025,DISTRICT HOSPITAL,2392.0,1202.0,578.0,2452.0,-460,915.0,1,DISTRICT36
Req-1156,ART-INJ,May 2024,HEALTH CENTER,,2118.0,,1478.0,167,,2,DISTRICT21
Req-1157,ART-INJ,Jan 2024,HEALTH CENTER,149.0,0.0,357.0,151.0,265,,1,DISTRICT32
Req-1158,ACT-INF,Aug 2025,HEALTH CENTER,2710.0,,,3229.0,33,660.0,2,DISTRICT15
Req-1159,ACT-SC,Sep 2024,HEALTH CENTER,11.0,2263.0,48.0,465.0,99,,1,DISTRICT12
Req-1160,ITN,Dec 2024,HEALTH CENTER,1890.0,361.0,,1741.0,-79,,2,DISTRICT21
Req-1161,ACT-AD,Jan 2025,HEALTH CENTER,,,1.0,6.0,851,1.0,1,DISTRICT13
Req-1162,ACT-INF,Jun 2024,HEALTH CENTER,698.0,1.0,153.0,242.0,150,65.0,2,DISTRICT31
Req-1163,QUIN,May 2024,HEALTH CENTER,746.0,57.0,417.0,309.0,179,,1,DISTRICT32
Req-1164,SP,Dec 2023,HEALTH CENTER,147.0,,29.0,,-198,,2,DISTRICT24
Req-1165,ACT-SC,Feb 2025,DISTRICT HOSPITAL,,4.0,14.0,1014.0,682,3.0,1,DISTRICT33
Req-1166,ART-INJ,Oct 2025,HEALTH CENTER,3.0,,44.0,4.0,-1694,8.0,2,DISTRICT30
Req-1167,ART-SUP,Nov 2024,HEALTH CENTER,2691.0,175.0,215.0,3990.0,-30,84.0,1,DISTRICT36
Req-1168,ACT-AD,Jul 2024,HEALTH CENTER,451.0,526.0,166.0,346.0,-198,37.0,2,DISTRICT10
Req-1169,QUIN,Oct 2025,DISTRICT HOSPITAL,1499.0,42.0,,3508.0,-380,700.0,1,DISTRICT33
Req-1170,ART-INJ,Sep 2025,HEALTH CENTER,5209.0,778.0,2111.0,3311.0,299,1845.0,2,DISTRICT10
Req-1171,QUIN,Aug 2025,HEALTH CENTER,,0.0,613.0,581.0,378,144.0,1,DISTRICT32
Req-1172,QUIN,Oct 2025,HEALTH CENTER,84.0,17.0,,,-160,,2,DISTRICT32
Req-1173,ACT-INF,Nov 2024,HEALTH CENTER,,1033.0,216.0,576.0,-296,105.0,1,DISTRICT24
Req-1174,SP,May 2025,HEALTH CENTER,74.0,0.0,29.0,130.0,128,9.0,2,DISTRICT31
Req-1175,ART-INJ,Jul 2025,HEALTH CENTER,736.0,3.0,357.0,423.0,26,180.0,1,DISTRICT8
Req-1176,QUIN,Aug 2024,HEALTH CENTER,549.0,,14.0,,-238,2.0,2,DISTRICT13
Req-1177,RDT,Jan 2025,HEALTH CENTER,599.0,1.0,,156.0,1,8.0,1,DISTRICT1
Req-1178,ART-SUP,Sep 2024,HEALTH CENTER,,,12.0,,-327,,2,DISTRICT19
Req-1179,ITN,Jun 2025,HEALTH CENTER,,638.0,699.0,,127,560.0,1,DISTRICT28
Req-1180,SP,Oct 2025,HEALTH CENTER,2584.0,,635.0,,-88,745.0,2,DISTRICT28
Req-1181,ACT-INF,Sep 2024,HEALTH CENTER,432.0,70.0,85.0,,110,143.0,1,DISTRICT38
Req-1182,ART-INJ,May 2025,HEALTH CENTER,,2.0,414.0,331.0,132,,2,DISTRICT23
Req-1183,PYRA-SAC,May 2025,HEALTH CENTER,,,159.0,1169.0,545,49.0,1,DISTRICT29
Req-1184,ACT-SC,Nov 2025,HEALTH CENTER,291.0,367.0,915.0,1866.0,-735,966.0,2,DISTRICT9
Req-1185,ACT-SC,Sep 2024,HEALTH CENTER,,130.0,,94.0,420,,1,DISTRICT20
Req-1186,ACT-AD,Jun 2024,HEALTH CENTER,671.0,,280.0,289.0,-311,268.0,2,DISTRICT5
Req-1187,PYRA-COMP,Sep 2025,HEALTH CENTER,247.0,,84.0,203.0,222,87.0,1,DISTRICT8
Req-1188,ACT-AD,Feb 2024,HEALTH CENTER,1869.0,17.0,632.0,2183.0,420,672.0,2,DISTRICT20
Req-1189,ART-SUP,May 2025,HEALTH CENTER,1848.0,1023.0,966.0,4438.0,-617,869.0,1,DISTRICT38
Req-1190,ACT-SC,Aug 2025,HEALTH CENTER,,47.0,,1934.0,350,,2,DISTRICT26
Req-1191,RDT,Apr 2025,HEALTH CENTER,1057.0,1.0,439.0,1067.0,200,83.0,1,DISTRICT9
Req-1192,ART-INJ,May 2025,NATIONAL HOSPITAL,,219.0,,1278.0,-324,,2,DISTRICT3
Req-1193,ART-SUP,Jun 2025,DISTRICT HOSPITAL,644.0,84.0,218.0,1181.0,-35,166.0,1,DISTRICT28
Req-1194,SP,Sep 2025,HEALTH CENTER,169.0,1.0,3.0,182.0,-599,1.0,2,DISTRICT7
Req-1195,RDT,Jun 2024,HEALTH CENTER,,0.0,31.0,173.0,24,,1,DISTRICT33
Req-1196,ACT-AD,Jul 2025,HEALTH CENTER,,273.0,266.0,,-396,82.0,2,DISTRICT37
Req-1197,PYRA-COMP,Oct 2024,DISTRICT HOSPITAL,,,8.0,229.0,-471,,1,DISTRICT32
Req-1198,ACT-GC,Sep 2024,HEALTH CENTER,,,473.0,,566,,2,DISTRICT9
Req-1199,ART-SUP,Sep 2025,HEALTH CENTER,540.0,0.0,50.0,1182.0,-284,41.0,1,DISTRICT25
Req-1200,ACT-INF,Nov 2025,HEALTH CENTER,577.0,0.0,336.0,,382,268.0,2,DISTRICT9
Req-1201,ACT-SC,May 2025,HEALTH CENTER,143.0,41.0,8.0,5.0,-268,,1,DISTRICT20
Req-1202,ART-INJ,Aug 2025,HEALTH CENTER,,,27.0,2158.0,-167,23.0,2,DISTRICT32
Req-1203,PYRA-COMP,Jul 2024,HEALTH CENTER,574.0,209.0,,1764.0,296,37.0,1,DISTRICT9
Req-1204,ACT-AD,Aug 2025,HEALTH CENTER,326.0,23.0,316.0,1908.0,265,,2,DISTRICT33
Req-1205,ART-SUP,Aug 2024,NATIONAL HOSPITAL,,0.0,,435.0,895,,1,DISTRICT15
Req-1206,SP,Jan 2024,HEALTH CENTER,,,,,-177,105.0,2,DISTRICT33
Req-1207,ACT-INF,Jul 2024,HEALTH CENTER,6.0,48.0,15.0,,-261,7.0,1,DISTRICT33
Req-1208,ACT-GC,Jan 2025,HEALTH CENTER,600.0,46.0,201.0,1075.0,115,130.0,2,DISTRICT37
Req-1209,ART-INJ,Jun 2024,HEALTH CENTER,2688.0,0.0,291.0,963.0,-379,,1,DISTRICT20
Req-1210,QUIN,Dec 2024,HEALTH CENTER,,,113.0,2597.0,-965,63.0,2,DISTRICT6
Req-1211,QUIN,Dec 2024,HEALTH CENTER,475.0,,182.0,1701.0,199,38.0,1,DISTRICT10
Req-1212,ART-SUP,Jun 2024,HEALTH CENTER,210.0,2.0,279.0,600.0,130,317.0,2,DISTRICT25
Req-1213,SP,Nov 2025,HEALTH CENTER,2709.0,343.0,351.0,2891.0,-512,452.0,1,DISTRICT4
Req-1214,SP,Aug 2024,HEALTH CENTER,1665.0,5.0,161.0,840.0,-123,70.0,2,DISTRICT16
Req-1215,ACT-GC,Jun 2024,HEALTH CENTER,831.0,265.0,591.0,3108.0,298,442.0,1,DISTRICT9
Req-1216,RDT,Feb 2024,HEALTH CENTER,1032.0,,389.0,,765,,2,DISTRICT14
Req-1217,ACT-SC,Sep 2025,HEALTH CENTER,1143.0,479.0,312.0,1458.0,117,474.0,1,DISTRICT13
Req-1218,SP,Sep 2024,HEALTH CENTER,,9.0,364.0,302.0,-161,,2,DISTRICT16
Req-1219,ITN,Feb 2024,HEALTH CENTER,650.0,7.0,185.0,398.0,-126,,1,DISTRICT29
Req-1220,SP,Mar 2024,HEALTH CENTER,,2.0,87.0,894.0,-230,64.0,2,DISTRICT7
Req-1221,PYRA-SAC,Oct 2024,HEALTH CENTER,222.0,3.0,68.0,32.0,651,26.0,1,DISTRICT38
Req-1222,RDT,May 2024,HEALTH CENTER,,1.0,338.0,719.0,-604,175.0,2,DISTRICT28
Req-1223,ACT-GC,Dec 2023,HEALTH CENTER,,,124.0,,-148,32.0,1,DISTRICT29
Req-1224,QUIN,Apr 2025,HEALTH CENTER,423.0,,,,248,11.0,2,DISTRICT16
Req-1225,ART-SUP,Dec 2024,HEALTH CENTER,37.0,,,143.0,-117,3.0,1,DISTRICT20
Req-1226,ACT-SC,Nov 2024,HEALTH CENTER,77.0,,51.0,,151,7.0,2,DISTRICT12
Req-1227,ART-SUP,Nov 2024,HEALTH CENTER,1307.0,12.0,662.0,1016.0,-614,452.0,1,DISTRICT7
Req-1228,PYRA-COMP,Apr 2025,HEALTH CENTER,,5.0,,484.0,459,166.0,2,DISTRICT13
Req-1229,PYRA-SAC,Aug 2025,HEALTH CENTER,,8.0,58.0,983.0,551,,1,DISTRICT35
Req-1230,SP,Apr 2025,HEALTH CENTER,,,14.0,,-569,1.0,2,DISTRICT37
Req-1231,ACT-SC,Jun 2024,HEALTH CENTER,1299.0,,,,-306,,1,DISTRICT31
Req-1232,ACT-AD,Jun 2024,HEALTH CENTER,,51.0,50.0,133.0,-433,,2,DISTRICT19
Req-1233,PYRA-SAC,Sep 2024,HEALTH CENTER,,1331.0,271.0,343.0,134,,1,DISTRICT36
Req-1234,QUIN,Jan 2024,HEALTH CENTER,1137.0,0.0,,1139.0,-564,3.0,2,DISTRICT24
Req-1235,ACT-INF,Mar 2025,HEALTH CENTER,,9.0,9.0,,269,22.0,1,DISTRICT7
Req-1236,PYRA-SAC,Jul 2025,REGIONAL HOSPITAL,437.0,8.0,194.0,,71,,2,DISTRICT19
Req-1237,ITN,Jun 2024,HEALTH CENTER,59.0,876.0,267.0,229.0,-465,325.0,1,DISTRICT32
Req-1238,RDT,Feb 2024,HEALTH CENTER,,18.0,,232.0,-24,167.0,2,DISTRICT25
Req-1239,ACT-INF,Feb 2025,HEALTH CENTER,,201.0,147.0,,-101,,1,DISTRICT21
Req-1240,ART-INJ,Apr 2025,HEALTH CENTER,146.0,,130.0,,166,116.0,2,DISTRICT26
Req-1241,SP,Aug 2024,HEALTH CENTER,,93.0,7.0,,248,2.0,1,DISTRICT32
Req-1242,PYRA-COMP,Nov 2024,HEALTH CENTER,1967.0,17.0,170.0,798.0,630,81.0,2,DISTRICT30
Req-1243,ACT-INF,Apr 2025,HEALTH CENTER,34.0,180.0,109.0,105.0,585,104.0,1,DISTRICT14
Req-1244,QUIN,May 2024,HEALTH CENTER,92.0,0.0,0.0,62.0,-303,0.0,2,DISTRICT31
Req-1245,ART-INJ,Jun 2024,DISTRICT HOSPITAL,202.0,65.0,94.0,,-459,69.0,1,DISTRICT28
Req-1246,SP,Feb 2025,HEALTH CENTER,11.0,0.0,1.0,40.0,71,1.0,2,DISTRICT23
Req-1247,SP,May 2024,HEALTH CENTER,,0.0,187.0,553.0,-200,129.0,1,DISTRICT25
Req-1248,PYRA-SAC,May 2024,HEALTH CENTER,2689.0,,,,224,279.0,2,DISTRICT19
Req-1249,ACT-INF,Oct 2025,HEALTH CENTER,34.0,1.0,25.0,10.0,-540,,1,DISTRICT3
Req-1250,ART-INJ,Apr 2024,HEALTH CENTER,794.0,,189.0,1083.0,596,150.0,2,DISTRICT11
Req-1251,ACT-INF,Feb 2024,HEALTH CENTER,24.0,0.0,8.0,12.0,-509,,1,DISTRICT9
Req-1252,PYRA-COMP,Jan 2025,HEALTH CENTER,133.0,,78.0,97.0,-131,63.0,2,DISTRICT33
Req-1253,ITN,Dec 2024,HEALTH CENTER,18.0,,14.0,259.0,163,,1,DISTRICT26
Req-1254,PYRA-SAC,Jun 2024,HEALTH CENTER,,,,155.0,-504,47.0,2,DISTRICT20
Req-1255,SP,Aug 2025,HEALTH CENTER,,,,116.0,-535,10.0,1,DISTRICT37
Req-1256,ACT-SC,Jan 2025,REGIONAL HOSPITAL,735.0,155.0,51.0,548.0,-559,,2,DISTRICT20
Req-1257,ART-SUP,May 2024,HEALTH CENTER,1352.0,27.0,52.0,978.0,-566,15.0,1,DISTRICT5
Req-1258,ART-SUP,Feb 2025,HEALTH CENTER,,53.0,,,-116,66.0,2,DISTRICT1
Req-1259,ACT-AD,Nov 2025,HEALTH CENTER,,0.0,337.0,,44,19.0,1,DISTRICT29
Req-1260,ACT-INF,Sep 2025,DISTRICT HOSPITAL,,0.0,,495.0,-346,12.0,2,DISTRICT1
Req-1261,QUIN,Nov 2024,HEALTH CENTER,17.0,,64.0,21.0,-416,39.0,1,DISTRICT36
Req-1262,ITN,Feb 2025,HEALTH CENTER,,,25.0,505.0,472,65.0,2,DISTRICT15
Req-1263,SP,Jun 2025,DISTRICT HOSPITAL,,37.0,385.0,,278,,1,DISTRICT36
Req-1264,SP,Nov 2025,HEALTH CENTER,1181.0,,,1512.0,505,,2,DISTRICT16
Req-1265,ACT-INF,Jun 2025,HEALTH CENTER,,81.0,431.0,,527,300.0,1,DISTRICT30
Req-1266,ART-INJ,Feb 2025,HEALTH CENTER,420.0,,143.0,227.0,-323,130.0,2,DISTRICT3
Req-1267,ACT-INF,Feb 2025,HEALTH CENTER,393.0,601.0,515.0,,-190,,1,DISTRICT25
Req-1268,SP,Aug 2024,HEALTH CENTER,340.0,0.0,,,-243,5.0,2,DISTRICT27
Req-1269,PYRA-COMP,Nov 2025,HEALTH CENTER,,493.0,790.0,1255.0,-582,722.0,1,DISTRICT28
Req-1270,ITN,Aug 2024,HEALTH CENTER,2099.0,,600.0,2582.0,-177,514.0,2,DISTRICT12
Req-1271,ACT-AD,Nov 2025,HEALTH CENTER,,87.0,,130.0,327,11.0,1,DISTRICT1
Req-1272,ACT-INF,Oct 2025,HEALTH CENTER,,3193.0,1169.0,,-274,1168.0,2,DISTRICT1
Req-1273,RDT,Dec 2024,HEALTH CENTER,,684.0,,4489.0,-799,,1,DISTRICT16
Req-1274,RDT,Feb 2025,HEALTH CENTER,313.0,17.0,21.0,236.0,-234,,2,DISTRICT11
Req-1275,PYRA-COMP,Feb 2025,HEALTH CENTER,1073.0,2100.0,422.0,1426.0,15,278.0,1,DISTRICT14
Req-1276,ITN,Dec 2024,HEALTH CENTER,,10.0,,,95,,2,DISTRICT10
Req-1277,ACT-SC,Aug 2025,HEALTH CENTER,5.0,8.0,,127.0,110,0.0,1,DISTRICT18
Req-1278,ACT-AD,Aug 2024,HEALTH CENTER,0.0,,1.0,,640,0.0,2,DISTRICT32
Req-1279,ITN,May 2025,HEALTH CENTER,,17.0,,1169.0,-338,,1,DISTRICT16
Req-1280,RDT,Feb 2025,HEALTH CENTER,2662.0,575.0,540.0,,-401,295.0,2,DISTRICT20
Req-1281,PYRA-COMP,Feb 2024,HEALTH CENTER,205.0,105.0,184.0,175.0,-22,2.0,1,DISTRICT33
Req-1282,RDT,Mar 2025,HEALTH CENTER,122.0,5328.0,42.0,884.0,-207,56.0,2,DISTRICT35
Req-1283,ACT-AD,Sep 2025,REGIONAL HOSPITAL,878.0,429.0,416.0,,-210,181.0,1,DISTRICT33
Req-1284,PYRA-SAC,Aug 2024,HEALTH CENTER,43.0,258.0,,313.0,520,5.0,2,DISTRICT14
Req-1285,ACT-INF,Jul 2024,HEALTH CENTER,1744.0,3.0,381.0,1231.0,782,347.0,1,DISTRICT31
Req-1286,SP,Oct 2024,HEALTH CENTER,245.0,0.0,4.0,46.0,289,,2,DISTRICT26
Req-1287,QUIN,Oct 2025,NATIONAL HOSPITAL,9.0,141.0,26.0,269.0,209,25.0,1,DISTRICT31
Req-1288,ACT-INF,Feb 2024,HEALTH CENTER,389.0,1550.0,,,-495,,2,DISTRICT27
Req-1289,ACT-SC,Nov 2025,HEALTH CENTER,,1.0,97.0,442.0,-313,,1,DISTRICT16
Req-1290,ACT-SC,Feb 2025,HEALTH CENTER,78.0,22.0,,635.0,31,34.0,2,DISTRICT25
Req-1291,PYRA-SAC,Oct 2025,HEALTH CENTER,396.0,0.0,49.0,,-784,20.0,1,DISTRICT8
Req-1292,ITN,Dec 2024,DISTRICT HOSPITAL,,135.0,,252.0,-412,,2,DISTRICT9
Req-1293,SP,Aug 2024,HEALTH CENTER,,0.0,,222.0,-188,,1,DISTRICT31
Req-1294,ACT-GC,Nov 2024,HEALTH CENTER,1443.0,1.0,,1552.0,-43,,2,DISTRICT25
Req-1295,ART-INJ,Jan 2024,HEALTH CENTER,648.0,15.0,,,-151,444.0,1,DISTRICT5
Req-1296,QUIN,Oct 2025,HEALTH CENTER,1014.0,0.0,186.0,694.0,-503,35.0,2,DISTRICT12
Req-1297,ACT-GC,Sep 2025,HEALTH CENTER,,,31.0,12.0,-243,20.0,1,DISTRICT31
Req-1298,QUIN,Jul 2025,HEALTH CENTER,1651.0,344.0,,,-224,,2,DISTRICT6
Req-1299,ACT-GC,Oct 2025,HEALTH CENTER,2482.0,28.0,,,508,2041.0,1,DISTRICT15
Req-1300,ITN,Jan 2024,HEALTH CENTER,367.0,23.0,216.0,274.0,391,,2,DISTRICT38
Req-1301,PYRA-COMP,Mar 2024,HEALTH CENTER,2310.0,0.0,42.0,,-376,,1,DISTRICT29
Req-1302,ACT-INF,Dec 2023,HEALTH CENTER,1.0,258.0,,27.0,132,0.0,2,DISTRICT20
Req-1303,ART-INJ,Mar 2025,HEALTH CENTER,3043.0,,,7438.0,-241,452.0,1,DISTRICT19
Req-1304,SP,Jul 2025,HEALTH CENTER,380.0,,60.0,,-365,12.0,2,DISTRICT16
Req-1305,SP,Jan 2024,DISTRICT HOSPITAL,,,406.0,1068.0,131,503.0,1,DISTRICT13
Req-1306,PYRA-COMP,Jul 2025,HEALTH CENTER,882.0,56.0,,907.0,-347,,2,DISTRICT31
Req-1307,PYRA-SAC,May 2024,HEALTH CENTER,226.0,1760.0,351.0,802.0,168,,1,DISTRICT16
Req-1308,ACT-AD,Feb 2025,HEALTH CENTER,5462.0,,1156.0,3822.0,-159,,2,DISTRICT36
Req-1309,PYRA-SAC,Oct 2025,HEALTH CENTER,1145.0,788.0,915.0,3482.0,-645,810.0,1,DISTRICT36
Req-1310,ART-INJ,Apr 2025,HEALTH CENTER,400.0,,326.0,,157,534.0,2,DISTRICT9
Req-1311,ITN,Nov 2025,HEALTH CENTER,,1.0,47.0,422.0,-115,,1,DISTRICT5
Req-1312,ACT-GC,Oct 2024,HEALTH CENTER,,21.0,3.0,,2,,2,DISTRICT36
Req-1313,PYRA-COMP,Apr 2025,HEALTH CENTER,,10.0,9.0,,284,0.0,1,DISTRICT28
Req-1314,PYRA-SAC,Apr 2025,HEALTH CENTER,111.0,213.0,119.0,,304,49.0,2,DISTRICT15
Req-1315,ACT-INF,Sep 2024,HEALTH CENTER,469.0,48.0,23.0,,496,8.0,1,DISTRICT25
Req-1316,ACT-SC,May 2024,HEALTH CENTER,1713.0,466.0,,1610.0,68,954.0,2,DISTRICT8
Req-1317,PYRA-SAC,Feb 2024,HEALTH CENTER,1374.0,23.0,330.0,318.0,-555,,1,DISTRICT23
Req-1318,RDT,Mar 2024,HEALTH CENTER,310.0,,575.0,111.0,-772,1015.0,2,DISTRICT16
Req-1319,ACT-SC,Sep 2024,HEALTH CENTER,1275.0,0.0,,721.0,377,91.0,1,DISTRICT37
Req-1320,ACT-INF,Apr 2024,HEALTH CENTER,1182.0,0.0,360.0,400.0,245,324.0,2,DISTRICT19
Req-1321,ITN,Jan 2025,HEALTH CENTER,1432.0,1031.0,,1483.0,326,,1,DISTRICT19
Req-1322,ACT-SC,Jun 2025,HEALTH CENTER,24.0,,24.0,290.0,-53,12.0,2,DISTRICT36
Req-1323,ACT-INF,Jun 2025,HEALTH CENTER,792.0,41.0,261.0,,-414,86.0,1,DISTRICT29
Req-1324,PYRA-COMP,Oct 2025,HEALTH CENTER,118.0,,,28.0,378,1.0,2,DISTRICT10
Req-1325,QUIN,Aug 2025,HEALTH CENTER,,1.0,1103.0,2742.0,396,831.0,1,DISTRICT32
Req-1326,ACT-AD,May 2025,HEALTH CENTER,940.0,,340.0,,-1134,153.0,2,DISTRICT10
Req-1327,ART-SUP,Nov 2025,HEALTH CENTER,148.0,48.0,83.0,,600,55.0,1,DISTRICT6
Req-1328,ACT-SC,May 2025,HEALTH CENTER,1593.0,25.0,,1843.0,-8,,2,DISTRICT20
Req-1329,RDT,Sep 2024,HEALTH CENTER,1246.0,809.0,1056.0,936.0,210,,1,DISTRICT23
Req-1330,QUIN,Sep 2025,HEALTH CENTER,1393.0,11.0,427.0,859.0,128,576.0,2,DISTRICT15
Req-1331,SP,Apr 2024,HEALTH CENTER,116.0,5.0,,,-53,93.0,1,DISTRICT2
Req-1332,ACT-INF,Jan 2024,HEALTH CENTER,2637.0,1498.0,,2942.0,230,358.0,2,DISTRICT25
Req-1333,ART-SUP,Oct 2025,HEALTH CENTER,1931.0,126.0,541.0,3145.0,621,313.0,1,DISTRICT21
Req-1334,PYRA-COMP,May 2024,HEALTH CENTER,,18.0,51.0,314.0,-454,13.0,2,DISTRICT16
Req-1335,ACT-AD,Feb 2024,HEALTH CENTER,1117.0,,263.0,,-672,,1,DISTRICT10
Req-1336,ACT-AD,Feb 2025,HEALTH CENTER,,0.0,101.0,563.0,427,138.0,2,DISTRICT1
Req-1337,PYRA-COMP,Nov 2024,DISTRICT HOSPITAL,,0.0,,181.0,31,3.0,1,DISTRICT29
Req-1338,ART-INJ,Feb 2025,HEALTH CENTER,,,185.0,698.0,354,86.0,2,DISTRICT6
Req-1339,ACT-INF,Dec 2023,HEALTH CENTER,,2.0,681.0,,-250,1038.0,1,DISTRICT20
Req-1340,ACT-GC,Feb 2025,HEALTH CENTER,3825.0,18.0,681.0,,363,,2,DISTRICT7
Req-1341,ART-INJ,Dec 2023,HEALTH CENTER,,2150.0,473.0,2264.0,-217,111.0,1,DISTRICT13
Req-1342,SP,Feb 2025,HEALTH CENTER,53.0,565.0,58.0,273.0,433,130.0,2,DISTRICT29
Req-1343,PYRA-COMP,Apr 2025,HEALTH CENTER,,0.0,326.0,1212.0,-747,,1,DISTRICT25
Req-1344,ACT-AD,Jan 2024,HEALTH CENTER,,,249.0,1112.0,727,161.0,2,DISTRICT26
Req-1345,RDT,Jun 2025,HEALTH CENTER,1561.0,0.0,,,136,,1,DISTRICT9
Req-1346,ACT-GC,Jul 2024,HEALTH CENTER,1865.0,,403.0,,-310,108.0,2,DISTRICT32
Req-1347,PYRA-SAC,Nov 2024,HEALTH CENTER,75.0,6.0,39.0,,-319,46.0,1,DISTRICT6
Req-1348,PYRA-COMP,Mar 2024,HEALTH CENTER,,25.0,383.0,,279,518.0,2,DISTRICT26
Req-1349,SP,Oct 2024,HEALTH CENTER,1376.0,6.0,286.0,231.0,-621,191.0,1,DISTRICT19
Req-1350,ACT-AD,Jun 2025,HEALTH CENTER,,1.0,,1019.0,130,209.0,2,DISTRICT33
Req-1351,ITN,Sep 2024,HEALTH CENTER,844.0,22.0,96.0,254.0,295,42.0,1,DISTRICT11
Req-1352,ITN,Jul 2024,HEALTH CENTER,5808.0,,611.0,,-5,,2,DISTRICT9
Req-1353,RDT,Sep 2024,HEALTH CENTER,,382.0,,1155.0,-371,155.0,1,DISTRICT15
Req-1354,PYRA-SAC,May 2024,HEALTH CENTER,,545.0,271.0,946.0,347,118.0,2,DISTRICT24
Req-1355,ART-SUP,Apr 2025,HEALTH CENTER,686.0,690.0,520.0,,225,530.0,1,DISTRICT37
Req-1356,ACT-SC,Sep 2024,HEALTH CENTER,651.0,177.0,438.0,639.0,-171,568.0,2,DISTRICT33
Req-1357,ACT-SC,May 2025,HEALTH CENTER,,349.0,,4.0,-512,39.0,1,DISTRICT31
Req-1358,RDT,Aug 2024,HEALTH CENTER,491.0,0.0,12.0,198.0,-387,12.0,2,DISTRICT30
Req-1359,ART-SUP,Jul 2025,HEALTH CENTER,15.0,0.0,8.0,77.0,371,29.0,1,DISTRICT29
Req-1360,ACT-SC,Mar 2024,HEALTH CENTER,,,301.0,,225,206.0,2,DISTRICT1
Req-1361,ACT-INF,Oct 2025,HEALTH CENTER,,406.0,139.0,2060.0,58,41.0,1,DISTRICT20
Req-1362,ITN,Feb 2024,HEALTH CENTER,427.0,70.0,,,-239,,2,DISTRICT3
Req-1363,SP,Nov 2024,HEALTH CENTER,,0.0,317.0,223.0,-153,418.0,1,DISTRICT36
Req-1364,ACT-INF,Aug 2025,HEALTH CENTER,,,,1803.0,451,274.0,2,DISTRICT37
Req-1365,ART-INJ,Sep 2025,HEALTH CENTER,578.0,,117.0,528.0,-522,,1,DISTRICT32
Req-1366,PYRA-COMP,Aug 2024,HEALTH CENTER,,0.0,55.0,51.0,-272,81.0,2,DISTRICT3
Req-1367,ART-INJ,Oct 2024,HEALTH CENTER,,1.0,74.0,119.0,-284,24.0,1,DISTRICT21
Req-1368,SP,Jan 2025,HEALTH CENTER,653.0,,,97.0,108,,2,DISTRICT2
Req-1369,RDT,Oct 2025,HEALTH CENTER,,,45.0,343.0,-287,,1,DISTRICT36
Req-1370,ACT-GC,Jun 2024,HEALTH CENTER,,0.0,,1312.0,183,346.0,2,DISTRICT6
Req-1371,PYRA-SAC,Jan 2024,HEALTH CENTER,532.0,3.0,370.0,433.0,177,18.0,1,DISTRICT10
Req-1372,PYRA-SAC,Sep 2024,HEALTH CENTER,39.0,0.0,,3.0,-231,18.0,2,DISTRICT15
Req-1373,ACT-INF,Aug 2024,HEALTH CENTER,,,335.0,1301.0,237,136.0,1,DISTRICT20
Req-1374,ITN,Apr 2025,HEALTH CENTER,,,,2759.0,534,,2,DISTRICT5
Req-1375,PYRA-SAC,Jul 2025,HEALTH CENTER,,,285.0,1733.0,-423,306.0,1,DISTRICT37
Req-1376,PYRA-SAC,Sep 2024,DISTRICT HOSPITAL,941.0,519.0,,882.0,-261,43.0,2,DISTRICT10
Req-1377,ACT-INF,Mar 2024,HEALTH CENTER,1209.0,1.0,211.0,115.0,215,,1,DISTRICT1
Req-1378,ART-SUP,Sep 2024,DISTRICT HOSPITAL,460.0,,404.0,,-848,90.0,2,DISTRICT15
Req-1379,PYRA-COMP,Nov 2025,HEALTH CENTER,,642.0,410.0,4843.0,-451,,1,DISTRICT29
Req-1380,QUIN,Oct 2025,HEALTH CENTER,1937.0,48.0,333.0,2057.0,-669,505.0,2,DISTRICT30
Req-1381,PYRA-SAC,Nov 2025,DISTRICT HOSPITAL,,12.0,92.0,,-1000,36.0,1,DISTRICT2
Req-1382,QUIN,Oct 2024,HEALTH CENTER,67.0,0.0,73.0,168.0,-228,0.0,2,DISTRICT28
Req-1383,PYRA-COMP,Jan 2024,HEALTH CENTER,0.0,,0.0,1.0,-465,,1,DISTRICT17
Req-1384,ACT-GC,Nov 2024,HEALTH CENTER,272.0,,2.0,24.0,77,,2,DISTRICT32
Req-1385,ART-SUP,Oct 2025,HEALTH CENTER,,3.0,1322.0,1798.0,-490,1617.0,1,DISTRICT5
Req-1386,PYRA-SAC,Jun 2025,HEALTH CENTER,963.0,17.0,212.0,835.0,-127,72.0,2,DISTRICT36
Req-1387,PYRA-SAC,Oct 2025,HEALTH CENTER,639.0,46.0,,450.0,-373,,1,DISTRICT6
Req-1388,ITN,Sep 2024,HEALTH CENTER,,,582.0,717.0,-159,805.0,2,DISTRICT29
Req-1389,RDT,Sep 2025,HEALTH CENTER,462.0,10.0,,,-531,200.0,1,DISTRICT10
Req-1390,ACT-INF,Jan 2025,HEALTH CENTER,78.0,0.0,52.0,130.0,-251,63.0,2,DISTRICT28
Req-1391,ACT-INF,Sep 2025,HEALTH CENTER,2798.0,,837.0,,-893,655.0,1,DISTRICT11
Req-1392,ART-INJ,Jan 2024,HEALTH CENTER,164.0,230.0,114.0,,-223,94.0,2,DISTRICT28
Req-1393,ITN,Jul 2024,HEALTH CENTER,,214.0,124.0,,-89,127.0,1,DISTRICT19
Req-1394,ACT-GC,Mar 2025,HEALTH CENTER,,1040.0,738.0,2817.0,626,622.0,2,DISTRICT18
Req-1395,ACT-GC,Mar 2025,HEALTH CENTER,1957.0,180.0,429.0,1105.0,512,349.0,1,DISTRICT7
Req-1396,RDT,Jun 2025,HEALTH CENTER,4274.0,2148.0,938.0,4071.0,-24,692.0,2,DISTRICT12
Req-1397,ACT-INF,Jul 2025,DISTRICT HOSPITAL,338.0,,,666.0,-275,416.0,1,DISTRICT35
Req-1398,ITN,Sep 2025,HEALTH CENTER,,25.0,451.0,2590.0,-497,,2,DISTRICT28
Req-1399,ACT-SC,Apr 2024,HEALTH CENTER,159.0,407.0,,291.0,-550,5.0,1,DISTRICT13
Req-1400,ART-SUP,Mar 2025,HEALTH CENTER,,,71.0,,258,36.0,2,DISTRICT33
Req-1401,QUIN,Mar 2024,HEALTH CENTER,5783.0,787.0,,4639.0,-198,1892.0,1,DISTRICT23
Req-1402,SP,Jun 2024,HEALTH CENTER,206.0,0.0,315.0,211.0,46,219.0,2,DISTRICT32
Req-1403,ART-SUP,Dec 2023,HEALTH CENTER,1386.0,0.0,577.0,,394,176.0,1,DISTRICT27
Req-1404,ITN,Apr 2025,DISTRICT HOSPITAL,819.0,1484.0,,1604.0,-480,954.0,2,DISTRICT31
Req-1405,SP,Jan 2024,HEALTH CENTER,3812.0,1.0,,,119,687.0,1,DISTRICT5
Req-1406,ACT-GC,Nov 2024,HEALTH CENTER,99.0,327.0,302.0,,267,100.0,2,DISTRICT4
Req-1407,ART-SUP,Feb 2024,HEALTH CENTER,35.0,2.0,2.0,351.0,-279,0.0,1,DISTRICT24
Req-1408,RDT,Nov 2024,HEALTH CENTER,1356.0,29.0,87.0,1173.0,71,391.0,2,DISTRICT35
Req-1409,PYRA-SAC,Feb 2024,HEALTH CENTER,790.0,2.0,121.0,1359.0,-594,,1,DISTRICT26
Req-1410,RDT,Jan 2024,HEALTH CENTER,,0.0,174.0,673.0,-162,,2,DISTRICT31
Req-1411,ART-INJ,Sep 2025,HEALTH CENTER,,1.0,93.0,,187,,1,DISTRICT24
Req-1412,SP,Oct 2024,DISTRICT HOSPITAL,1741.0,,329.0,2838.0,-243,,2,DISTRICT5
Req-1413,ACT-AD,Oct 2025,HEALTH CENTER,1158.0,,231.0,1280.0,-641,158.0,1,DISTRICT36
Req-1414,ART-INJ,Feb 2025,HEALTH CENTER,30.0,0.0,3.0,,-916,,2,DISTRICT13
Req-1415,ACT-GC,Jan 2025,HEALTH CENTER,10.0,0.0,46.0,106.0,522,44.0,1,DISTRICT3
Req-1416,SP,Nov 2024,HEALTH CENTER,1153.0,18.0,166.0,723.0,-629,,2,DISTRICT25
Req-1417,PYRA-SAC,Mar 2025,HEALTH CENTER,,6.0,,,161,7.0,1,DISTRICT29
Req-1418,SP,Feb 2024,HEALTH CENTER,,0.0,2.0,,-74,0.0,2,DISTRICT16
Req-1419,ACT-INF,Dec 2023,HEALTH CENTER,76.0,0.0,4.0,11.0,-22,0.0,1,DISTRICT13
Req-1420,ACT-INF,Jul 2024,HEALTH CENTER,3077.0,219.0,1209.0,2907.0,-374,1052.0,2,DISTRICT1
Req-1421,ACT-AD,Jan 2025,HEALTH CENTER,,848.0,759.0,3125.0,-175,324.0,1,DISTRICT4
Req-1422,ACT-INF,Oct 2024,HEALTH CENTER,11.0,,11.0,100.0,464,67.0,2,DISTRICT30
Req-1423,QUIN,Feb 2025,DISTRICT HOSPITAL,,19.0,1193.0,1733.0,87,1709.0,1,DISTRICT30
Req-1424,ACT-GC,Feb 2024,HEALTH CENTER,303.0,5.0,111.0,726.0,-154,37.0,2,DISTRICT28
Req-1425,PYRA-SAC,Jan 2024,HEALTH CENTER,424.0,801.0,427.0,,-271,,1,DISTRICT16
Req-1426,RDT,Apr 2025,HEALTH CENTER,,1.0,,,211,279.0,2,DISTRICT24
Req-1427,ART-SUP,Jun 2025,HEALTH CENTER,1548.0,,160.0,2266.0,7,132.0,1,DISTRICT9
Req-1428,ACT-GC,Dec 2024,DISTRICT HOSPITAL,899.0,,,1091.0,-412,4.0,2,DISTRICT33
Req-1429,ITN,Aug 2024,HEALTH CENTER,,,,23.0,184,1.0,1,DISTRICT13
Req-1430,ACT-AD,Dec 2023,HEALTH CENTER,2315.0,,499.0,1673.0,-604,374.0,2,DISTRICT8
Req-1431,QUIN,Dec 2023,HEALTH CENTER,272.0,86.0,55.0,1168.0,131,83.0,1,DISTRICT22
Req-1432,QUIN,Nov 2025,HEALTH CENTER,4367.0,0.0,,1621.0,-248,,2,DISTRICT4
Req-1433,QUIN,Feb 2024,HEALTH CENTER,,80.0,,3436.0,-220,519.0,1,DISTRICT7
Req-1434,ACT-SC,Jun 2024,HEALTH CENTER,1138.0,2.0,235.0,542.0,-141,,2,DISTRICT20
Req-1435,QUIN,Dec 2023,HEALTH CENTER,,13.0,406.0,1419.0,-220,250.0,1,DISTRICT24
Req-1436,ACT-GC,Oct 2025,HEALTH CENTER,734.0,194.0,340.0,2291.0,170,155.0,2,DISTRICT36
Req-1437,ART-SUP,Nov 2024,HEALTH CENTER,,1061.0,9.0,2198.0,-646,,1,DISTRICT14
Req-1438,PYRA-COMP,Sep 2024,HEALTH CENTER,0.0,840.0,33.0,,521,10.0,2,DISTRICT3
Req-1439,QUIN,Sep 2024,HEALTH CENTER,,69.0,75.0,,253,177.0,1,DISTRICT23
Req-1440,SP,Dec 2024,HEALTH CENTER,,1.0,,535.0,706,437.0,2,DISTRICT28
Req-1441,ART-SUP,Aug 2024,HEALTH CENTER,251.0,,164.0,628.0,334,52.0,1,DISTRICT22
Req-1442,ART-INJ,Dec 2023,HEALTH CENTER,114.0,11.0,19.0,42.0,-62,,2,DISTRICT36
Req-1443,SP,Aug 2024,HEALTH CENTER,664.0,67.0,,272.0,-235,189.0,1,DISTRICT37
Req-1444,PYRA-COMP,Aug 2025,HEALTH CENTER,411.0,1.0,,274.0,-11,,2,DISTRICT24
Req-1445,ART-SUP,Jan 2024,DISTRICT HOSPITAL,23.0,0.0,,49.0,373,6.0,1,DISTRICT1
Req-1446,PYRA-COMP,May 2024,HEALTH CENTER,3132.0,524.0,1827.0,,-490,1749.0,2,DISTRICT23
Req-1447,ACT-GC,Nov 2025,HEALTH CENTER,1517.0,5.0,226.0,405.0,436,193.0,1,DISTRICT14
Req-1448,ART-INJ,Nov 2024,HEALTH CENTER,153.0,34.0,100.0,170.0,347,60.0,2,DISTRICT33
Req-1449,QUIN,Apr 2025,HEALTH CENTER,,41.0,,40.0,-129,242.0,1,DISTRICT25
Req-1450,SP,Feb 2025,DISTRICT HOSPITAL,,12.0,17.0,446.0,344,6.0,2,DISTRICT4
Req-1451,SP,Jan 2025,HEALTH CENTER,197.0,,,,-167,,1,DISTRICT26
Req-1452,ACT-INF,Mar 2025,HEALTH CENTER,,0.0,,,604,,2,DISTRICT14
Req-1453,PYRA-COMP,Jan 2024,HEALTH CENTER,3270.0,36.0,1466.0,2754.0,-425,487.0,1,DISTRICT24
Req-1454,SP,Jan 2024,HEALTH CENTER,1036.0,0.0,522.0,,-201,145.0,2,DISTRICT31
Req-1455,SP,Mar 2025,DISTRICT HOSPITAL,127.0,0.0,21.0,27.0,-312,18.0,1,DISTRICT3
Req-1456,QUIN,Aug 2025,HEALTH CENTER,,394.0,1034.0,4692.0,-4,469.0,2,DISTRICT26
Req-1457,QUIN,Dec 2023,HEALTH CENTER,1630.0,0.0,174.0,,-645,66.0,1,DISTRICT29
Req-1458,ACT-GC,Jul 2025,HEALTH CENTER,6824.0,,,,-142,706.0,2,DISTRICT9
Req-1459,PYRA-SAC,Dec 2023,HEALTH CENTER,45.0,,55.0,266.0,-607,,1,DISTRICT28
Req-1460,RDT,Feb 2024,HEALTH CENTER,1432.0,,201.0,652.0,-453,,2,DISTRICT31
Req-1461,QUIN,Apr 2025,HEALTH CENTER,,438.0,289.0,,-305,92.0,1,DISTRICT35
Req-1462,QUIN,Jun 2024,HEALTH CENTER,718.0,,,685.0,-508,,2,DISTRICT23
Req-1463,PYRA-COMP,Nov 2025,HEALTH CENTER,1984.0,87.0,142.0,815.0,267,,1,DISTRICT24
Req-1464,ART-INJ,Mar 2025,HEALTH CENTER,280.0,2.0,25.0,,508,156.0,2,DISTRICT20
Req-1465,ACT-SC,Jul 2024,HEALTH CENTER,2718.0,,,2632.0,143,,1,DISTRICT14
Req-1466,RDT,Jul 2025,HEALTH CENTER,619.0,,,1354.0,-445,290.0,2,DISTRICT20
Req-1467,RDT,May 2025,HEALTH CENTER,1243.0,159.0,656.0,610.0,492,264.0,1,DISTRICT30
Req-1468,SP,Feb 2024,HEALTH CENTER,,0.0,86.0,453.0,50,146.0,2,DISTRICT9
Req-1469,ACT-AD,Jul 2024,HEALTH CENTER,908.0,0.0,,1437.0,247,55.0,1,DISTRICT28
Req-1470,ART-INJ,Mar 2025,HEALTH CENTER,30.0,24.0,15.0,16.0,386,16.0,2,DISTRICT14
Req-1471,ACT-SC,Mar 2024,HEALTH CENTER,1329.0,,215.0,1827.0,-775,,1,DISTRICT38
Req-1472,ACT-INF,Sep 2025,DISTRICT HOSPITAL,482.0,,286.0,220.0,-462,95.0,2,DISTRICT2
Req-1473,SP,Jun 2024,HEALTH CENTER,4022.0,56.0,,,-197,,1,DISTRICT10
Req-1474,ART-INJ,Nov 2025,DISTRICT HOSPITAL,2029.0,233.0,285.0,2351.0,773,370.0,2,DISTRICT30
Req-1475,ITN,Apr 2025,HEALTH CENTER,124.0,114.0,,96.0,89,77.0,1,DISTRICT10
Req-1476,ART-SUP,Jul 2024,HEALTH CENTER,,1164.0,529.0,2031.0,-359,292.0,2,DISTRICT36
Req-1477,ACT-GC,Jul 2024,HEALTH CENTER,3775.0,8.0,205.0,1224.0,-339,124.0,1,DISTRICT20
Req-1478,QUIN,Jul 2024,HEALTH CENTER,445.0,560.0,,1077.0,-193,,2,DISTRICT7
Req-1479,ART-SUP,Mar 2025,HEALTH CENTER,1237.0,1308.0,,1824.0,254,109.0,1,DISTRICT23
Req-1480,ART-INJ,Jun 2024,HEALTH CENTER,2333.0,0.0,,760.0,446,1219.0,2,DISTRICT35
Req-1481,ACT-INF,Apr 2025,HEALTH CENTER,2071.0,25.0,408.0,3055.0,-194,,1,DISTRICT17
Req-1482,PYRA-COMP,Nov 2024,HEALTH CENTER,3317.0,5.0,927.0,2376.0,-180,,2,DISTRICT3
Req-1483,ART-INJ,Jul 2025,DISTRICT HOSPITAL,,0.0,213.0,162.0,-413,,1,DISTRICT28
Req-1484,PYRA-COMP,Feb 2025,HEALTH CENTER,47.0,,63.0,11.0,-366,15.0,2,DISTRICT35
Req-1485,QUIN,Nov 2024,HEALTH CENTER,450.0,0.0,9.0,11.0,230,0.0,1,DISTRICT36
Req-1486,ACT-SC,Nov 2024,HEALTH CENTER,194.0,159.0,35.0,147.0,136,8.0,2,DISTRICT9
Req-1487,PYRA-COMP,Apr 2024,HEALTH CENTER,2351.0,,285.0,,171,185.0,1,DISTRICT32
Req-1488,ACT-AD,Mar 2025,HEALTH CENTER,1107.0,4.0,,1178.0,34,386.0,2,DISTRICT32
Req-1489,PYRA-SAC,Feb 2024,HEALTH CENTER,91.0,,4.0,,123,3.0,1,DISTRICT21
Req-1490,RDT,Jul 2025,HEALTH CENTER,1514.0,206.0,,,-46,,2,DISTRICT20
Req-1491,ACT-SC,Apr 2024,HEALTH CENTER,,10.0,156.0,646.0,-535,112.0,1,DISTRICT19
Req-1492,SP,Sep 2025,HEALTH CENTER,,,268.0,,-765,287.0,2,DISTRICT31
Req-1493,SP,Jun 2025,HEALTH CENTER,,46.0,120.0,,-791,97.0,1,DISTRICT33
Req-1494,ACT-AD,Oct 2024,HEALTH CENTER,1220.0,69.0,232.0,392.0,450,,2,DISTRICT16
Req-1495,ACT-SC,Aug 2024,HEALTH CENTER,,0.0,,314.0,-298,95.0,1,DISTRICT13
Req-1496,PYRA-SAC,Aug 2025,HEALTH CENTER,2756.0,0.0,353.0,271.0,-4,,2,DISTRICT18
Req-1497,ACT-INF,Jul 2025,HEALTH CENTER,,0.0,,1141.0,385,597.0,1,DISTRICT30
Req-1498,ACT-SC,May 2024,HEALTH CENTER,,285.0,,909.0,263,,2,DISTRICT9
Req-1499,ART-INJ,May 2024,HEALTH CENTER,,,43.0,290.0,131,21.0,1,DISTRICT26
Req-1500,ACT-INF,Jan 2024,HEALTH CENTER,734.0,,,598.0,108,,2,DISTRICT25
Req-1501,ART-INJ,Feb 2024,HEALTH CENTER,1282.0,39.0,,,893,,1,DISTRICT10
Req-1502,ACT-GC,Feb 2025,HEALTH CENTER,,,,,-42,337.0,2,DISTRICT37
Req-1503,ART-SUP,Oct 2024,HEALTH CENTER,97.0,2.0,39.0,,153,72.0,1,DISTRICT12
Req-1504,ART-INJ,May 2025,HEALTH CENTER,15.0,22.0,6.0,65.0,621,,2,DISTRICT11
Req-1505,ACT-GC,Jan 2024,HEALTH CENTER,384.0,7.0,79.0,258.0,-449,46.0,1,DISTRICT3
Req-1506,ART-SUP,Jan 2025,HEALTH CENTER,,,,,-155,180.0,2,DISTRICT7
Req-1507,ART-SUP,Jan 2024,HEALTH CENTER,719.0,1521.0,1257.0,,199,,1,DISTRICT10
Req-1508,ACT-AD,Jul 2024,DISTRICT HOSPITAL,2858.0,2341.0,1377.0,1878.0,-675,1091.0,2,DISTRICT25
Req-1509,PYRA-SAC,Jun 2024,HEALTH CENTER,,0.0,,46.0,-384,141.0,1,DISTRICT32
Req-1510,ACT-AD,Sep 2024,HEALTH CENTER,637.0,0.0,22.0,371.0,222,2.0,2,DISTRICT30
Req-1511,QUIN,Jun 2025,HEALTH CENTER,0.0,0.0,14.0,,474,4.0,1,DISTRICT31
Req-1512,ACT-AD,Feb 2024,HEALTH CENTER,,54.0,145.0,307.0,204,48.0,2,DISTRICT6
Req-1513,ART-INJ,Sep 2025,HEALTH CENTER,,1.0,392.0,,-484,,1,DISTRICT19
Req-1514,ART-INJ,Feb 2025,HEALTH CENTER,1862.0,,,2214.0,826,,2,DISTRICT5
Req-1515,PYRA-SAC,Aug 2024,HEALTH CENTER,,0.0,,96.0,388,,1,DISTRICT20
Req-1516,PYRA-COMP,Jun 2025,REGIONAL HOSPITAL,,4.0,1317.0,1097.0,219,,2,DISTRICT20
Req-1517,ITN,Jun 2024,HEALTH CENTER,,201.0,249.0,,580,,1,DISTRICT12
Req-1518,ACT-AD,Nov 2025,HEALTH CENTER,240.0,2414.0,,,-709,10.0,2,DISTRICT29
Req-1519,QUIN,Jun 2025,HEALTH CENTER,,,258.0,,-142,,1,DISTRICT15
Req-1520,ACT-AD,Jun 2024,HEALTH CENTER,167.0,0.0,11.0,111.0,96,10.0,2,DISTRICT36
Req-1521,RDT,Dec 2023,HEALTH CENTER,183.0,0.0,16.0,330.0,-88,5.0,1,DISTRICT30
Req-1522,ART-INJ,Mar 2025,HEALTH CENTER,,,29.0,,-128,1.0,2,DISTRICT37
Req-1523,RDT,Jul 2024,HEALTH CENTER,2069.0,0.0,260.0,180.0,6,221.0,1,DISTRICT31
Req-1524,ACT-GC,Jan 2025,HEALTH CENTER,,7.0,1703.0,1365.0,-55,1443.0,2,DISTRICT38
Req-1525,ACT-SC,Aug 2024,HEALTH CENTER,1423.0,0.0,,343.0,-835,260.0,1,DISTRICT15
Req-1526,ACT-INF,Dec 2024,DISTRICT HOSPITAL,55.0,0.0,58.0,20.0,-245,70.0,2,DISTRICT29
Req-1527,SP,Jan 2025,HEALTH CENTER,938.0,2.0,148.0,525.0,-1,76.0,1,DISTRICT1
Req-1528,ACT-INF,May 2025,HEALTH CENTER,,,142.0,,325,85.0,2,DISTRICT2
Req-1529,SP,Sep 2024,HEALTH CENTER,1046.0,1.0,,,-567,3.0,1,DISTRICT13
Req-1530,SP,Sep 2024,HEALTH CENTER,364.0,208.0,313.0,503.0,276,93.0,2,DISTRICT32
Req-1531,PYRA-SAC,Oct 2025,HEALTH CENTER,,4348.0,524.0,3218.0,-510,609.0,1,DISTRICT4
Req-1532,ACT-SC,May 2025,HEALTH CENTER,1063.0,,,96.0,617,,2,DISTRICT3
Req-1533,ART-INJ,Feb 2025,HEALTH CENTER,5464.0,1180.0,,12651.0,525,,1,DISTRICT23
Req-1534,QUIN,Jan 2025,HEALTH CENTER,,3.0,52.0,1370.0,-224,8.0,2,DISTRICT29
Req-1535,ART-INJ,Aug 2025,HEALTH CENTER,1645.0,1.0,54.0,1255.0,15,43.0,1,DISTRICT28
Req-1536,ART-INJ,Oct 2024,HEALTH CENTER,2088.0,0.0,72.0,417.0,119,162.0,2,DISTRICT33
Req-1537,PYRA-COMP,Feb 2025,HEALTH CENTER,,6.0,175.0,805.0,431,86.0,1,DISTRICT7
Req-1538,ACT-INF,Feb 2025,HEALTH CENTER,,,97.0,106.0,-1734,51.0,2,DISTRICT9
Req-1539,ACT-AD,May 2024,HEALTH CENTER,,6.0,,,402,82.0,1,DISTRICT1
Req-1540,ITN,Dec 2023,HEALTH CENTER,1763.0,1.0,292.0,1511.0,286,79.0,2,DISTRICT37
Req-1541,RDT,Mar 2025,HEALTH CENTER,441.0,535.0,323.0,2145.0,37,154.0,1,DISTRICT19
Req-1542,ACT-AD,Feb 2024,HEALTH CENTER,2344.0,62.0,867.0,2801.0,38,,2,DISTRICT13
Req-1543,ACT-AD,May 2025,HEALTH CENTER,2597.0,0.0,257.0,,-328,281.0,1,DISTRICT23
Req-1544,ACT-INF,Nov 2024,HEALTH CENTER,1199.0,9.0,172.0,660.0,293,,2,DISTRICT9
Req-1545,ACT-AD,Jun 2025,HEALTH CENTER,,,253.0,,744,337.0,1,DISTRICT5
Req-1546,SP,Jan 2024,HEALTH CENTER,162.0,0.0,10.0,75.0,-63,,2,DISTRICT23
Req-1547,ART-INJ,Aug 2024,HEALTH CENTER,,1.0,390.0,2879.0,-85,580.0,1,DISTRICT16
Req-1548,PYRA-SAC,Aug 2025,HEALTH CENTER,3195.0,55.0,690.0,2519.0,-282,573.0,2,DISTRICT13
Req-1549,PYRA-SAC,Aug 2025,HEALTH CENTER,3433.0,172.0,877.0,1565.0,21,,1,DISTRICT20
Req-1550,ART-INJ,Jul 2025,HEALTH CENTER,1746.0,23.0,487.0,,-255,,2,DISTRICT14
Req-1551,RDT,May 2024,DISTRICT HOSPITAL,977.0,947.0,254.0,,-133,521.0,1,DISTRICT10
Req-1552,SP,Jul 2024,HEALTH CENTER,335.0,0.0,126.0,,316,128.0,2,DISTRICT12
Req-1553,PYRA-SAC,Jan 2025,HEALTH CENTER,248.0,465.0,280.0,389.0,91,74.0,1,DISTRICT13
Req-1554,QUIN,Sep 2025,HEALTH CENTER,,24.0,,653.0,190,401.0,2,DISTRICT28
Req-1555,ACT-GC,Jun 2024,HEALTH CENTER,,1.0,371.0,1941.0,76,704.0,1,DISTRICT35
Req-1556,ACT-SC,Mar 2025,HEALTH CENTER,336.0,,,381.0,-497,1.0,2,DISTRICT13
Req-1557,ART-INJ,Sep 2024,HEALTH CENTER,643.0,38.0,433.0,,81,,1,DISTRICT33
Req-1558,PYRA-COMP,Jan 2025,DISTRICT HOSPITAL,,,584.0,5550.0,-312,513.0,2,DISTRICT26
Req-1559,PYRA-SAC,Nov 2024,HEALTH CENTER,151.0,,,,646,,1,DISTRICT29
Req-1560,RDT,Dec 2024,HEALTH CENTER,,487.0,430.0,2274.0,533,,2,DISTRICT31
Req-1561,ACT-GC,Nov 2025,HEALTH CENTER,928.0,3.0,287.0,1245.0,620,,1,DISTRICT26
Req-1562,ACT-SC,Jan 2025,DISTRICT HOSPITAL,,,174.0,1010.0,563,124.0,2,DISTRICT28
Req-1563,ACT-INF,Jun 2025,HEALTH CENTER,,,1249.0,942.0,188,,1,DISTRICT12
Req-1564,PYRA-COMP,Feb 2024,HEALTH CENTER,1821.0,1630.0,,,-197,187.0,2,DISTRICT23
Req-1565,SP,Oct 2025,HEALTH CENTER,917.0,0.0,,,300,94.0,1,DISTRICT38
Req-1566,QUIN,Mar 2024,HEALTH CENTER,,0.0,0.0,2.0,-848,0.0,2,DISTRICT2
Req-1567,QUIN,Oct 2025,HEALTH CENTER,542.0,93.0,22.0,1423.0,334,4.0,1,DISTRICT3
Req-1568,QUIN,Sep 2025,HEALTH CENTER,531.0,41.0,128.0,558.0,19,36.0,2,DISTRICT13
Req-1569,ART-SUP,Jul 2025,REGIONAL HOSPITAL,1935.0,,,303.0,777,407.0,1,DISTRICT33
Req-1570,QUIN,Jun 2025,HEALTH CENTER,163.0,0.0,26.0,65.0,-167,,2,DISTRICT1
Req-1571,ACT-SC,Feb 2024,DISTRICT HOSPITAL,284.0,,148.0,,-293,127.0,1,DISTRICT29
Req-1572,ACT-SC,May 2024,HEALTH CENTER,150.0,,96.0,561.0,-397,48.0,2,DISTRICT33
Req-1573,ACT-SC,May 2024,HEALTH CENTER,169.0,223.0,,,-470,100.0,1,DISTRICT24
Req-1574,ART-INJ,Aug 2025,HEALTH CENTER,139.0,120.0,12.0,,-90,13.0,2,DISTRICT13
Req-1575,PYRA-COMP,Apr 2025,HEALTH CENTER,1388.0,816.0,779.0,1939.0,309,439.0,1,DISTRICT10
Req-1576,PYRA-SAC,Oct 2025,HEALTH CENTER,1021.0,196.0,88.0,206.0,-291,68.0,2,DISTRICT9
Req-1577,PYRA-COMP,Jan 2025,HEALTH CENTER,652.0,0.0,,,-855,15.0,1,DISTRICT14
Req-1578,PYRA-SAC,Dec 2023,HEALTH CENTER,,218.0,179.0,141.0,-746,,2,DISTRICT31
Req-1579,ACT-SC,Dec 2024,HEALTH CENTER,,28.0,49.0,,-232,26.0,1,DISTRICT6
Req-1580,RDT,Nov 2024,DISTRICT HOSPITAL,3627.0,,1221.0,1425.0,182,,2,DISTRICT30
Req-1581,QUIN,Nov 2025,HEALTH CENTER,710.0,0.0,,,-586,101.0,1,DISTRICT26
Req-1582,PYRA-SAC,Jul 2024,HEALTH CENTER,853.0,,,285.0,-232,78.0,2,DISTRICT30
Req-1583,ITN,Jun 2024,HEALTH CENTER,172.0,20.0,3.0,,-352,6.0,1,DISTRICT9
Req-1584,ART-INJ,Feb 2025,HEALTH CENTER,869.0,,,,269,32.0,2,DISTRICT36
Req-1585,ITN,Oct 2025,HEALTH CENTER,7.0,2.0,4.0,5.0,873,0.0,1,DISTRICT25
Req-1586,SP,Jul 2024,HEALTH CENTER,,1229.0,1509.0,3829.0,-152,,2,DISTRICT21
Req-1587,ACT-SC,Sep 2025,HEALTH CENTER,,,423.0,3243.0,-176,157.0,1,DISTRICT13
Req-1588,PYRA-COMP,Jun 2024,HEALTH CENTER,289.0,49.0,72.0,177.0,-17,,2,DISTRICT15
Req-1589,QUIN,Jul 2025,HEALTH CENTER,2135.0,21.0,974.0,,-421,860.0,1,DISTRICT31
Req-1590,ACT-GC,Aug 2024,HEALTH CENTER,,,436.0,1319.0,684,,2,DISTRICT28
Req-1591,QUIN,Sep 2024,HEALTH CENTER,,0.0,29.0,,883,24.0,1,DISTRICT36
Req-1592,ACT-GC,Jul 2025,HEALTH CENTER,763.0,,294.0,,-191,128.0,2,DISTRICT36
Req-1593,PYRA-COMP,Aug 2024,DISTRICT HOSPITAL,1384.0,18.0,,,521,,1,DISTRICT29
Req-1594,ITN,May 2024,HEALTH CENTER,353.0,315.0,357.0,183.0,491,90.0,2,DISTRICT19
Req-1595,ACT-AD,May 2025,HEALTH CENTER,,124.0,288.0,1841.0,667,392.0,1,DISTRICT21
Req-1596,ACT-INF,Aug 2025,HEALTH CENTER,,,,2693.0,370,125.0,2,DISTRICT30
Req-1597,QUIN,Jan 2025,HEALTH CENTER,1459.0,210.0,169.0,1121.0,-39,17.0,1,DISTRICT21
Req-1598,PYRA-SAC,Dec 2024,HEALTH CENTER,310.0,0.0,,37.0,-162,4.0,2,DISTRICT28
Req-1599,ITN,Jun 2024,HEALTH CENTER,27.0,,,24.0,119,18.0,1,DISTRICT27
Req-1600,SP,Sep 2025,HEALTH CENTER,233.0,1.0,,125.0,106,14.0,2,DISTRICT26
Req-1601,RDT,Jul 2024,HEALTH CENTER,801.0,114.0,188.0,,-691,190.0,1,DISTRICT1
Req-1602,ACT-GC,Feb 2024,HEALTH CENTER,,,24.0,,344,22.0,2,DISTRICT22
Req-1603,ACT-INF,Aug 2025,HEALTH CENTER,559.0,,60.0,252.0,20,12.0,1,DISTRICT13
Req-1604,RDT,Dec 2024,HEALTH CENTER,432.0,,17.0,102.0,-262,18.0,2,DISTRICT12
Req-1605,PYRA-COMP,Dec 2024,HEALTH CENTER,2557.0,5.0,298.0,,-24,164.0,1,DISTRICT14
Req-1606,QUIN,Oct 2025,HEALTH CENTER,,421.0,326.0,,113,,2,DISTRICT22
Req-1607,PYRA-COMP,Aug 2025,HEALTH CENTER,813.0,,456.0,326.0,312,429.0,1,DISTRICT32
Req-1608,ACT-GC,Oct 2025,HEALTH CENTER,150.0,21.0,,938.0,-314,94.0,2,DISTRICT28
Req-1609,RDT,Sep 2025,HEALTH CENTER,594.0,,,774.0,265,540.0,1,DISTRICT9
Req-1610,ACT-GC,Apr 2025,HEALTH CENTER,2076.0,1436.0,435.0,,-814,431.0,2,DISTRICT20
Req-1611,ACT-AD,Oct 2025,HEALTH CENTER,690.0,226.0,376.0,,-154,414.0,1,DISTRICT17
Req-1612,ACT-INF,Oct 2024,HEALTH CENTER,,404.0,154.0,,145,78.0,2,DISTRICT1
Req-1613,QUIN,Jul 2025,HEALTH CENTER,202.0,205.0,309.0,,547,925.0,1,DISTRICT3
Req-1614,RDT,Aug 2025,HEALTH CENTER,1784.0,7.0,137.0,,212,48.0,2,DISTRICT15
Req-1615,ACT-INF,Nov 2025,HEALTH CENTER,1080.0,,86.0,1148.0,-63,84.0,1,DISTRICT33
Req-1616,RDT,Apr 2025,HEALTH CENTER,474.0,,33.0,2379.0,102,,2,DISTRICT31
Req-1617,ART-INJ,Sep 2024,HEALTH CENTER,790.0,0.0,62.0,280.0,303,65.0,1,DISTRICT28
Req-1618,ART-INJ,May 2024,DISTRICT HOSPITAL,8.0,0.0,19.0,145.0,803,4.0,2,DISTRICT11
Req-1619,ACT-SC,Oct 2025,HEALTH CENTER,2431.0,34.0,1343.0,2960.0,-103,982.0,1,DISTRICT38
Req-1620,QUIN,Mar 2025,HEALTH CENTER,938.0,,371.0,,229,869.0,2,DISTRICT37
Req-1621,ACT-INF,Dec 2024,HEALTH CENTER,,18.0,279.0,589.0,-254,89.0,1,DISTRICT1
Req-1622,ART-SUP,Mar 2024,HEALTH CENTER,3034.0,46.0,586.0,3278.0,166,,2,DISTRICT16
Req-1623,ACT-AD,Sep 2024,HEALTH CENTER,235.0,0.0,1.0,,34,,1,DISTRICT33
Req-1624,PYRA-SAC,Nov 2024,HEALTH CENTER,521.0,3.0,138.0,373.0,-292,343.0,2,DISTRICT6
Req-1625,ART-INJ,Apr 2024,HEALTH CENTER,4382.0,,,2474.0,-129,220.0,1,DISTRICT20
Req-1626,ACT-GC,Oct 2025,HEALTH CENTER,6361.0,,,7769.0,59,666.0,2,DISTRICT23
Req-1627,ACT-INF,Feb 2024,HEALTH CENTER,303.0,120.0,343.0,,-76,82.0,1,DISTRICT19
Req-1628,ACT-GC,Apr 2025,HEALTH CENTER,15.0,0.0,17.0,35.0,611,8.0,2,DISTRICT33
Req-1629,ACT-INF,Feb 2024,HEALTH CENTER,5.0,122.0,133.0,49.0,-239,51.0,1,DISTRICT3
Req-1630,QUIN,Apr 2024,HEALTH CENTER,8.0,0.0,26.0,1.0,-319,,2,DISTRICT6
Req-1631,ACT-AD,Jan 2024,HEALTH CENTER,,,219.0,,-521,173.0,1,DISTRICT1
Req-1632,SP,Nov 2025,HEALTH CENTER,,,21.0,114.0,-947,7.0,2,DISTRICT28
Req-1633,ITN,Apr 2025,HEALTH CENTER,998.0,19.0,274.0,,-302,266.0,1,DISTRICT32
Req-1634,ACT-SC,Oct 2025,HEALTH CENTER,40.0,87.0,9.0,70.0,-137,9.0,2,DISTRICT5
Req-1635,ITN,Mar 2025,HEALTH CENTER,91.0,,82.0,37.0,-114,4.0,1,DISTRICT12
Req-1636,SP,Aug 2025,HEALTH CENTER,10.0,193.0,30.0,21.0,51,6.0,2,DISTRICT6
Req-1637,ACT-INF,Oct 2024,HEALTH CENTER,14.0,7.0,5.0,157.0,-74,2.0,1,DISTRICT35
Req-1638,SP,Feb 2025,HEALTH CENTER,,284.0,328.0,1329.0,-92,,2,DISTRICT28
Req-1639,QUIN,Jun 2025,HEALTH CENTER,,0.0,145.0,48.0,404,,1,DISTRICT36
Req-1640,ACT-INF,Jul 2024,HEALTH CENTER,1984.0,1.0,,3163.0,-262,466.0,2,DISTRICT28
Req-1641,ITN,Aug 2025,HEALTH CENTER,,64.0,97.0,916.0,-345,,1,DISTRICT1
Req-1642,ACT-SC,Jan 2025,HEALTH CENTER,1002.0,,166.0,563.0,-642,,2,DISTRICT13
Req-1643,ACT-GC,Jul 2024,HEALTH CENTER,1966.0,0.0,870.0,2901.0,322,460.0,1,DISTRICT15
Req-1644,PYRA-COMP,Jul 2025,HEALTH CENTER,3208.0,69.0,807.0,4673.0,-39,,2,DISTRICT19
Req-1645,QUIN,Apr 2025,HEALTH CENTER,253.0,90.0,160.0,390.0,585,,1,DISTRICT32
Req-1646,PYRA-SAC,Mar 2024,HEALTH CENTER,174.0,,297.0,870.0,508,640.0,2,DISTRICT19
Req-1647,ACT-GC,Jul 2024,HEALTH CENTER,,0.0,,,542,8.0,1,DISTRICT4
Req-1648,RDT,Sep 2024,DISTRICT HOSPITAL,,130.0,,,-356,24.0,2,DISTRICT18
Req-1649,ACT-SC,Nov 2024,HEALTH CENTER,200.0,,488.0,868.0,337,638.0,1,DISTRICT15
Req-1650,RDT,Feb 2024,HEALTH CENTER,,171.0,289.0,1446.0,-63,,2,DISTRICT23
Req-1651,ACT-SC,Jul 2025,HEALTH CENTER,,166.0,19.0,211.0,-61,16.0,1,DISTRICT6
Req-1652,ART-SUP,Oct 2025,HEALTH CENTER,,,,,177,191.0,2,DISTRICT2
Req-1653,ITN,Nov 2024,HEALTH CENTER,,0.0,,307.0,-566,78.0,1,DISTRICT23
Req-1654,RDT,Mar 2025,HEALTH CENTER,220.0,374.0,52.0,772.0,910,26.0,2,DISTRICT25
Req-1655,PYRA-COMP,Aug 2024,HEALTH CENTER,739.0,,542.0,1188.0,302,509.0,1,DISTRICT2
Req-1656,ACT-INF,Jun 2025,HEALTH CENTER,446.0,5.0,78.0,460.0,859,219.0,2,DISTRICT31
Req-1657,ACT-SC,Aug 2025,DISTRICT HOSPITAL,,3.0,,,300,127.0,1,DISTRICT38
Req-1658,ACT-AD,Sep 2025,HEALTH CENTER,,6.0,,4.0,-611,,2,DISTRICT5
Req-1659,RDT,Aug 2025,HEALTH CENTER,240.0,,251.0,,-7,69.0,1,DISTRICT29
Req-1660,PYRA-SAC,Jan 2024,HEALTH CENTER,436.0,433.0,,,366,27.0,2,DISTRICT23
Req-1661,ITN,Oct 2025,HEALTH CENTER,194.0,185.0,,444.0,211,,1,DISTRICT25
Req-1662,ART-SUP,Jul 2025,HEALTH CENTER,3361.0,,1349.0,,-320,1582.0,2,DISTRICT11
Req-1663,QUIN,Jan 2025,HEALTH CENTER,285.0,418.0,490.0,649.0,353,929.0,1,DISTRICT20
Req-1664,ITN,Mar 2025,HEALTH CENTER,,200.0,67.0,70.0,47,106.0,2,DISTRICT22
Req-1665,ART-SUP,Jun 2025,HEALTH CENTER,193.0,,64.0,,338,59.0,1,DISTRICT9
Req-1666,ACT-INF,Apr 2024,HEALTH CENTER,8.0,63.0,67.0,53.0,-80,,2,DISTRICT20
Req-1667,ART-SUP,Nov 2025,HEALTH CENTER,1310.0,451.0,,,-144,304.0,1,DISTRICT16
Req-1668,QUIN,Nov 2025,REGIONAL HOSPITAL,369.0,,83.0,116.0,-328,3.0,2,DISTRICT26
Req-1669,ACT-AD,Aug 2024,HEALTH CENTER,2275.0,314.0,,,-149,557.0,1,DISTRICT13
Req-1670,QUIN,Aug 2024,HEALTH CENTER,502.0,2.0,281.0,900.0,-440,306.0,2,DISTRICT9
Req-1671,RDT,Jun 2025,HEALTH CENTER,,3.0,,26.0,348,2.0,1,DISTRICT13
Req-1672,QUIN,Dec 2024,HEALTH CENTER,4354.0,419.0,1504.0,6217.0,782,2253.0,2,DISTRICT28
Req-1673,ART-SUP,Jan 2024,HEALTH CENTER,308.0,258.0,83.0,458.0,97,76.0,1,DISTRICT23
Req-1674,PYRA-SAC,May 2024,HEALTH CENTER,70.0,0.0,57.0,,259,,2,DISTRICT19
Req-1675,ITN,Apr 2024,DISTRICT HOSPITAL,,61.0,121.0,1166.0,305,,1,DISTRICT22
Req-1676,ACT-GC,Jan 2025,HEALTH CENTER,117.0,28.0,37.0,,313,2.0,2,DISTRICT31
Req-1677,ART-SUP,Nov 2024,HEALTH CENTER,867.0,2.0,374.0,,227,,1,DISTRICT3
Req-1678,SP,Dec 2023,HEALTH CENTER,472.0,,46.0,162.0,-571,34.0,2,DISTRICT14
Req-1679,ACT-AD,Mar 2024,REGIONAL HOSPITAL,,724.0,121.0,556.0,-497,,1,DISTRICT17
Req-1680,ITN,Jun 2025,NATIONAL HOSPITAL,,,67.0,179.0,-179,114.0,2,DISTRICT37
Req-1681,PYRA-COMP,Nov 2025,HEALTH CENTER,414.0,,164.0,475.0,429,,1,DISTRICT28
Req-1682,PYRA-COMP,Apr 2024,HEALTH CENTER,49.0,232.0,44.0,94.0,-53,34.0,2,DISTRICT22
Req-1683,ACT-SC,May 2024,HEALTH CENTER,,86.0,266.0,734.0,258,,1,DISTRICT20
Req-1684,ACT-SC,Dec 2024,HEALTH CENTER,1468.0,283.0,409.0,834.0,105,424.0,2,DISTRICT29
Req-1685,ACT-GC,Jan 2025,HEALTH CENTER,49.0,230.0,15.0,63.0,-518,18.0,1,DISTRICT24
Req-1686,ITN,Aug 2025,HEALTH CENTER,,155.0,57.0,288.0,-14,71.0,2,DISTRICT33
Req-1687,QUIN,Oct 2025,HEALTH CENTER,5865.0,,239.0,3985.0,76,247.0,1,DISTRICT20
Req-1688,ACT-SC,May 2024,HEALTH CENTER,217.0,0.0,37.0,,-98,24.0,2,DISTRICT10
Req-1689,ACT-GC,Jul 2024,NATIONAL HOSPITAL,,0.0,42.0,712.0,1300,,1,DISTRICT32
Req-1690,RDT,Dec 2024,HEALTH CENTER,3978.0,1013.0,1527.0,,-255,1449.0,2,DISTRICT4
Req-1691,ITN,Jan 2024,HEALTH CENTER,,0.0,82.0,,-456,42.0,1,DISTRICT12
Req-1692,ACT-GC,Apr 2025,HEALTH CENTER,35.0,,27.0,104.0,-80,34.0,2,DISTRICT33
Req-1693,ACT-GC,Jul 2025,HEALTH CENTER,35.0,0.0,13.0,130.0,-636,47.0,1,DISTRICT26
Req-1694,PYRA-SAC,Oct 2025,HEALTH CENTER,,,,,-637,,2,DISTRICT6
Req-1695,ACT-AD,Feb 2024,HEALTH CENTER,2061.0,,413.0,1453.0,463,,1,DISTRICT21
Req-1696,ACT-GC,Mar 2025,HEALTH CENTER,622.0,0.0,7.0,,-32,24.0,2,DISTRICT24
Req-1697,ART-INJ,Dec 2023,HEALTH CENTER,821.0,166.0,225.0,638.0,800,204.0,1,DISTRICT23
Req-1698,RDT,May 2025,HEALTH CENTER,,415.0,,3113.0,-564,154.0,2,DISTRICT14
Req-1699,PYRA-COMP,Jul 2025,HEALTH CENTER,,43.0,,1974.0,446,158.0,1,DISTRICT13
Req-1700,RDT,Nov 2024,HEALTH CENTER,399.0,,111.0,136.0,579,,2,DISTRICT2
Req-1701,ACT-AD,Jan 2024,HEALTH CENTER,112.0,3.0,86.0,,-66,58.0,1,DISTRICT3
Req-1702,ART-SUP,Jan 2024,HEALTH CENTER,26.0,,124.0,854.0,-256,,2,DISTRICT32
Req-1703,ART-INJ,Mar 2024,HEALTH CENTER,372.0,46.0,155.0,,93,198.0,1,DISTRICT26
Req-1704,PYRA-SAC,May 2024,HEALTH CENTER,138.0,0.0,12.0,95.0,-1021,8.0,2,DISTRICT28
Req-1705,PYRA-COMP,Jul 2024,HEALTH CENTER,939.0,132.0,62.0,419.0,-259,2.0,1,DISTRICT3
Req-1706,ACT-SC,Apr 2024,HEALTH CENTER,56.0,8.0,80.0,297.0,-573,24.0,2,DISTRICT29
Req-1707,RDT,Jan 2024,HEALTH CENTER,89.0,,44.0,7.0,-413,74.0,1,DISTRICT6
Req-1708,PYRA-COMP,Sep 2025,HEALTH CENTER,,,129.0,444.0,-476,77.0,2,DISTRICT19
Req-1709,ACT-AD,Jun 2024,HEALTH CENTER,,,61.0,92.0,-260,28.0,1,DISTRICT33
Req-1710,SP,Feb 2025,REGIONAL HOSPITAL,162.0,0.0,32.0,230.0,180,94.0,2,DISTRICT28
Req-1711,ACT-INF,May 2024,HEALTH CENTER,373.0,0.0,67.0,,73,113.0,1,DISTRICT6
Req-1712,PYRA-COMP,Dec 2023,HEALTH CENTER,849.0,1023.0,254.0,1072.0,-97,41.0,2,DISTRICT31
Req-1713,PYRA-COMP,Oct 2024,HEALTH CENTER,3890.0,4744.0,1553.0,,519,2455.0,1,DISTRICT25
Req-1714,ACT-SC,Jul 2025,HEALTH CENTER,332.0,0.0,97.0,,346,89.0,2,DISTRICT13
Req-1715,RDT,Dec 2024,HEALTH CENTER,654.0,134.0,190.0,452.0,-191,,1,DISTRICT20
Req-1716,PYRA-SAC,Apr 2025,HEALTH CENTER,190.0,19.0,136.0,549.0,491,290.0,2,DISTRICT16
Req-1717,SP,Jan 2025,HEALTH CENTER,49.0,,91.0,12.0,283,39.0,1,DISTRICT8
Req-1718,ART-SUP,Jun 2024,HEALTH CENTER,827.0,1.0,132.0,,-55,99.0,2,DISTRICT31
Req-1719,PYRA-SAC,Sep 2024,HEALTH CENTER,4393.0,23.0,1593.0,3263.0,39,1621.0,1,DISTRICT37
Req-1720,ACT-GC,Jul 2024,HEALTH CENTER,10.0,413.0,,,-6,1.0,2,DISTRICT21
Req-1721,ACT-GC,Mar 2024,DISTRICT HOSPITAL,67.0,0.0,26.0,238.0,234,27.0,1,DISTRICT29
Req-1722,ACT-AD,Dec 2023,HEALTH CENTER,306.0,,23.0,,857,13.0,2,DISTRICT7
Req-1723,QUIN,Jul 2024,HEALTH CENTER,,2.0,929.0,,-28,738.0,1,DISTRICT25
Req-1724,ACT-AD,May 2024,HEALTH CENTER,1280.0,5.0,,,640,,2,DISTRICT9
Req-1725,ACT-GC,May 2024,HEALTH CENTER,,1.0,98.0,668.0,59,287.0,1,DISTRICT21
Req-1726,ACT-AD,Feb 2024,HEALTH CENTER,1945.0,29.0,289.0,1876.0,-475,341.0,2,DISTRICT28
Req-1727,PYRA-COMP,Dec 2023,HEALTH CENTER,,0.0,126.0,191.0,569,82.0,1,DISTRICT23
Req-1728,ACT-AD,Jul 2025,HEALTH CENTER,1516.0,196.0,,600.0,494,,2,DISTRICT1
Req-1729,ACT-INF,Jul 2024,HEALTH CENTER,1.0,0.0,,15.0,224,0.0,1,DISTRICT32
Req-1730,ACT-AD,Mar 2025,DISTRICT HOSPITAL,0.0,0.0,0.0,1.0,349,0.0,2,DISTRICT13
Req-1731,ITN,Jun 2025,HEALTH CENTER,745.0,,233.0,507.0,-782,80.0,1,DISTRICT18
Req-1732,ACT-AD,Mar 2024,HEALTH CENTER,383.0,575.0,110.0,,-157,,2,DISTRICT10
Req-1733,PYRA-COMP,May 2024,HEALTH CENTER,244.0,2397.0,63.0,822.0,-473,10.0,1,DISTRICT15
Req-1734,ART-INJ,Apr 2025,HEALTH CENTER,,342.0,33.0,1119.0,-317,56.0,2,DISTRICT31
Req-1735,PYRA-COMP,Jun 2025,DISTRICT HOSPITAL,293.0,5.0,19.0,,-76,13.0,1,DISTRICT36
Req-1736,ACT-GC,Nov 2025,HEALTH CENTER,,,,742.0,-545,559.0,2,DISTRICT37
Req-1737,ITN,Jan 2025,DISTRICT HOSPITAL,,2128.0,430.0,,223,,1,DISTRICT11
Req-1738,ACT-GC,May 2025,HEALTH CENTER,,0.0,287.0,,282,174.0,2,DISTRICT30
Req-1739,PYRA-COMP,Jan 2024,HEALTH CENTER,540.0,277.0,23.0,529.0,-135,,1,DISTRICT21
Req-1740,SP,Mar 2025,HEALTH CENTER,,1.0,,144.0,68,218.0,2,DISTRICT30
Req-1741,ART-INJ,May 2025,HEALTH CENTER,863.0,0.0,,444.0,232,171.0,1,DISTRICT25
Req-1742,ITN,Nov 2025,HEALTH CENTER,20.0,0.0,2.0,128.0,-282,0.0,2,DISTRICT4
Req-1743,ACT-INF,Feb 2024,HEALTH CENTER,453.0,,,824.0,451,170.0,1,DISTRICT22
Req-1744,QUIN,May 2024,HEALTH CENTER,54.0,,16.0,12.0,48,1.0,2,DISTRICT12
Req-1745,PYRA-SAC,Apr 2025,HEALTH CENTER,,0.0,30.0,6.0,-388,,1,DISTRICT4
Req-1746,ITN,Oct 2025,HEALTH CENTER,109.0,14.0,,209.0,289,1.0,2,DISTRICT1
Req-1747,PYRA-COMP,Mar 2024,HEALTH CENTER,,1.0,79.0,37.0,11,,1,DISTRICT31
Req-1748,ART-INJ,Aug 2025,DISTRICT HOSPITAL,,3.0,,,-97,,2,DISTRICT4
Req-1749,ACT-SC,Dec 2023,HEALTH CENTER,31.0,0.0,65.0,67.0,380,17.0,1,DISTRICT6
Req-1750,QUIN,May 2024,REGIONAL HOSPITAL,,,295.0,,-1227,198.0,2,DISTRICT10
Req-1751,ART-INJ,Oct 2025,HEALTH CENTER,391.0,35.0,699.0,1416.0,-442,929.0,1,DISTRICT36
Req-1752,ART-SUP,Oct 2025,HEALTH CENTER,888.0,34.0,509.0,1839.0,-309,290.0,2,DISTRICT29
Req-1753,ITN,May 2024,HEALTH CENTER,333.0,1817.0,57.0,895.0,-364,66.0,1,DISTRICT14
Req-1754,ART-SUP,Apr 2024,HEALTH CENTER,24.0,0.0,13.0,79.0,-8,50.0,2,DISTRICT16
Req-1755,ART-SUP,Aug 2024,HEALTH CENTER,862.0,0.0,79.0,846.0,499,,1,DISTRICT28
Req-1756,PYRA-COMP,Apr 2025,HEALTH CENTER,938.0,1528.0,238.0,1444.0,182,155.0,2,DISTRICT24
Req-1757,ACT-INF,Jul 2025,HEALTH CENTER,6874.0,2317.0,1241.0,7478.0,-263,1354.0,1,DISTRICT31
Req-1758,PYRA-COMP,Apr 2025,HEALTH CENTER,1338.0,,307.0,751.0,-649,244.0,2,DISTRICT17
Req-1759,ART-SUP,Jan 2024,HEALTH CENTER,184.0,2556.0,103.0,578.0,-655,5.0,1,DISTRICT33
Req-1760,PYRA-COMP,Apr 2025,HEALTH CENTER,527.0,0.0,17.0,,-635,7.0,2,DISTRICT31
Req-1761,ART-SUP,Jun 2025,DISTRICT HOSPITAL,849.0,,172.0,,47,,1,DISTRICT5
Req-1762,ART-SUP,Sep 2025,HEALTH CENTER,,617.0,435.0,853.0,272,,2,DISTRICT30
Req-1763,ACT-SC,May 2024,HEALTH CENTER,773.0,,325.0,,-341,60.0,1,DISTRICT13
Req-1764,PYRA-COMP,Nov 2024,REGIONAL HOSPITAL,,4.0,415.0,,-93,708.0,2,DISTRICT9
Req-1765,SP,Aug 2025,DISTRICT HOSPITAL,3838.0,,,1218.0,-102,774.0,1,DISTRICT10
Req-1766,ART-INJ,May 2024,HEALTH CENTER,454.0,,8.0,14.0,516,36.0,2,DISTRICT29
Req-1767,ART-INJ,Dec 2023,HEALTH CENTER,702.0,115.0,,512.0,-351,123.0,1,DISTRICT23
Req-1768,QUIN,Oct 2024,HEALTH CENTER,,258.0,705.0,3500.0,-476,501.0,2,DISTRICT19
Req-1769,ART-INJ,Mar 2025,HEALTH CENTER,,,251.0,,-64,287.0,1,DISTRICT28
Req-1770,PYRA-SAC,Feb 2024,HEALTH CENTER,2615.0,1.0,,,-283,31.0,2,DISTRICT16
Req-1771,ACT-AD,Feb 2024,HEALTH CENTER,85.0,27.0,,,156,,1,DISTRICT28
Req-1772,ART-INJ,Mar 2024,HEALTH CENTER,,1.0,233.0,,881,,2,DISTRICT3
Req-1773,PYRA-SAC,Apr 2025,HEALTH CENTER,502.0,137.0,72.0,,-491,,1,DISTRICT33
Req-1774,SP,Oct 2024,HEALTH CENTER,983.0,4.0,439.0,2024.0,539,675.0,2,DISTRICT28
Req-1775,ACT-AD,Feb 2024,REGIONAL HOSPITAL,1554.0,0.0,614.0,1190.0,-189,846.0,1,DISTRICT15
Req-1776,PYRA-COMP,Oct 2025,HEALTH CENTER,3367.0,,1176.0,,467,,2,DISTRICT28
Req-1777,PYRA-SAC,May 2025,HEALTH CENTER,109.0,14.0,,394.0,35,40.0,1,DISTRICT9
Req-1778,QUIN,May 2025,HEALTH CENTER,,0.0,176.0,1065.0,-298,,2,DISTRICT19
Req-1779,PYRA-COMP,Jul 2025,HEALTH CENTER,1364.0,,439.0,,364,307.0,1,DISTRICT36
Req-1780,RDT,Jun 2025,HEALTH CENTER,1060.0,175.0,1693.0,,-140,1786.0,2,DISTRICT5
Req-1781,ITN,Sep 2025,HEALTH CENTER,4356.0,2165.0,486.0,5985.0,-620,876.0,1,DISTRICT13
Req-1782,ACT-INF,Oct 2024,HEALTH CENTER,763.0,,26.0,,-248,9.0,2,DISTRICT14
Req-1783,ART-INJ,May 2024,HEALTH CENTER,1516.0,0.0,,,827,,1,DISTRICT3
Req-1784,PYRA-SAC,Jan 2025,HEALTH CENTER,1557.0,23.0,,1131.0,413,324.0,2,DISTRICT21
Req-1785,RDT,Jan 2024,HEALTH CENTER,952.0,100.0,187.0,2430.0,712,82.0,1,DISTRICT35
Req-1786,PYRA-SAC,Aug 2024,HEALTH CENTER,633.0,8.0,,169.0,-153,,2,DISTRICT25
Req-1787,ITN,Sep 2025,HEALTH CENTER,,3.0,196.0,1378.0,33,,1,DISTRICT19
Req-1788,ITN,Nov 2025,HEALTH CENTER,,343.0,,,-204,,2,DISTRICT18
Req-1789,QUIN,Sep 2025,HEALTH CENTER,,0.0,359.0,,-442,,1,DISTRICT35
Req-1790,ACT-SC,Jun 2024,HEALTH CENTER,5788.0,85.0,742.0,2207.0,-1309,,2,DISTRICT37
Req-1791,PYRA-SAC,Aug 2025,HEALTH CENTER,,52.0,,418.0,-73,,1,DISTRICT6
Req-1792,ITN,Sep 2024,HEALTH CENTER,8.0,1.0,39.0,,-1019,7.0,2,DISTRICT29
Req-1793,ACT-AD,May 2024,HEALTH CENTER,573.0,1109.0,159.0,2811.0,64,138.0,1,DISTRICT28
Req-1794,ACT-AD,Mar 2024,HEALTH CENTER,,24.0,146.0,1319.0,-209,,2,DISTRICT19
Req-1795,ART-SUP,Aug 2025,HEALTH CENTER,,0.0,,20.0,-191,21.0,1,DISTRICT32
Req-1796,ACT-AD,Apr 2024,HEALTH CENTER,,,136.0,,-882,22.0,2,DISTRICT15
Req-1797,QUIN,Apr 2024,HEALTH CENTER,,1.0,,107.0,93,160.0,1,DISTRICT22
Req-1798,RDT,Apr 2024,HEALTH CENTER,165.0,15.0,,198.0,-532,8.0,2,DISTRICT16
Req-1799,PYRA-SAC,Feb 2024,HEALTH CENTER,,5.0,47.0,55.0,-504,3.0,1,DISTRICT20
Req-1800,QUIN,Dec 2023,HEALTH CENTER,3339.0,20.0,1666.0,,169,,2,DISTRICT33
Req-1801,SP,Aug 2025,HEALTH CENTER,,,670.0,3453.0,-686,532.0,1,DISTRICT33
Req-1802,ACT-GC,Apr 2025,HEALTH CENTER,,18.0,537.0,1425.0,888,199.0,2,DISTRICT11
Req-1803,ACT-AD,Jul 2025,HEALTH CENTER,,1.0,169.0,251.0,-708,45.0,1,DISTRICT29
Req-1804,ITN,Jun 2025,HEALTH CENTER,2643.0,26.0,,1364.0,-155,,2,DISTRICT33
Req-1805,ACT-AD,Oct 2025,HEALTH CENTER,29.0,87.0,,22.0,143,,1,DISTRICT1
Req-1806,ACT-SC,Jul 2025,HEALTH CENTER,,,11.0,13.0,499,9.0,2,DISTRICT36
Req-1807,SP,Apr 2025,HEALTH CENTER,454.0,53.0,23.0,768.0,-321,46.0,1,DISTRICT12
Req-1808,ACT-GC,Jan 2024,HEALTH CENTER,138.0,11.0,192.0,,465,188.0,2,DISTRICT21
Req-1809,ACT-INF,Oct 2024,DISTRICT HOSPITAL,1305.0,261.0,979.0,3032.0,-337,1354.0,1,DISTRICT32
Req-1810,ACT-INF,Apr 2025,HEALTH CENTER,411.0,14.0,119.0,,331,,2,DISTRICT1
Req-1811,PYRA-SAC,Nov 2024,HEALTH CENTER,,,84.0,635.0,-254,,1,DISTRICT6
Req-1812,ACT-SC,Aug 2024,HEALTH CENTER,177.0,11.0,19.0,60.0,-92,,2,DISTRICT20
Req-1813,ITN,May 2024,HEALTH CENTER,3087.0,21.0,412.0,1786.0,348,254.0,1,DISTRICT5
Req-1814,RDT,Dec 2024,HEALTH CENTER,250.0,38.0,28.0,304.0,-211,,2,DISTRICT32
Req-1815,RDT,Oct 2024,HEALTH CENTER,305.0,,405.0,1673.0,535,,1,DISTRICT3
Req-1816,ART-SUP,Aug 2025,HEALTH CENTER,,91.0,,,23,521.0,2,DISTRICT9
Req-1817,RDT,Aug 2025,HEALTH CENTER,597.0,66.0,19.0,,327,25.0,1,DISTRICT4
Req-1818,ART-INJ,Dec 2023,HEALTH CENTER,480.0,,268.0,996.0,-19,250.0,2,DISTRICT13
Req-1819,RDT,Sep 2024,HEALTH CENTER,,,23.0,111.0,-228,7.0,1,DISTRICT3
Req-1820,SP,Jul 2025,HEALTH CENTER,,19.0,,3169.0,-185,538.0,2,DISTRICT21
Req-1821,ACT-INF,Apr 2025,HEALTH CENTER,,,,,-84,18.0,1,DISTRICT31
Req-1822,PYRA-COMP,May 2025,HEALTH CENTER,1030.0,,,,-696,,2,DISTRICT28
Req-1823,RDT,Feb 2024,DISTRICT HOSPITAL,283.0,9.0,152.0,440.0,525,,1,DISTRICT38
Req-1824,PYRA-SAC,Oct 2025,HEALTH CENTER,,,454.0,2056.0,21,580.0,2,DISTRICT21
Req-1825,ART-SUP,Jan 2025,HEALTH CENTER,,1.0,632.0,94.0,455,382.0,1,DISTRICT38
Req-1826,ACT-INF,Mar 2025,HEALTH CENTER,,,48.0,79.0,-155,25.0,2,DISTRICT3
Req-1827,RDT,Nov 2025,HEALTH CENTER,5473.0,31.0,1032.0,2793.0,-228,1224.0,1,DISTRICT20
Req-1828,ITN,Nov 2025,HEALTH CENTER,,342.0,,658.0,152,,2,DISTRICT33
Req-1829,ACT-GC,Feb 2025,HEALTH CENTER,2704.0,752.0,634.0,902.0,-488,757.0,1,DISTRICT20
Req-1830,ART-INJ,Jun 2025,HEALTH CENTER,,0.0,1.0,6.0,-460,0.0,2,DISTRICT26
Req-1831,ACT-SC,Apr 2025,HEALTH CENTER,1783.0,0.0,271.0,1410.0,326,152.0,1,DISTRICT33
Req-1832,ACT-INF,Jun 2025,DISTRICT HOSPITAL,119.0,,563.0,227.0,101,151.0,2,DISTRICT13
Req-1833,ACT-AD,Apr 2024,HEALTH CENTER,769.0,101.0,48.0,,-422,1.0,1,DISTRICT8
Req-1834,PYRA-COMP,Oct 2025,HEALTH CENTER,,956.0,,,203,,2,DISTRICT25
Req-1835,ART-SUP,Jul 2024,DISTRICT HOSPITAL,,0.0,538.0,1359.0,26,558.0,1,DISTRICT36
Req-1836,PYRA-COMP,Mar 2025,DISTRICT HOSPITAL,923.0,,284.0,268.0,371,199.0,2,DISTRICT23
Req-1837,PYRA-SAC,Aug 2025,HEALTH CENTER,1280.0,3619.0,241.0,956.0,321,250.0,1,DISTRICT6
Req-1838,SP,Nov 2024,HEALTH CENTER,2024.0,0.0,458.0,,-425,,2,DISTRICT30
Req-1839,SP,Mar 2025,HEALTH CENTER,592.0,0.0,245.0,798.0,266,161.0,1,DISTRICT38
Req-1840,ACT-AD,Oct 2024,HEALTH CENTER,,0.0,,608.0,-146,327.0,2,DISTRICT7
Req-1841,ART-SUP,Apr 2025,HEALTH CENTER,1559.0,126.0,145.0,1126.0,-707,138.0,1,DISTRICT24
Req-1842,ACT-AD,Nov 2025,HEALTH CENTER,1678.0,32.0,716.0,1524.0,548,666.0,2,DISTRICT37
Req-1843,ITN,Jul 2025,HEALTH CENTER,202.0,6.0,,115.0,1008,114.0,1,DISTRICT9
Req-1844,RDT,Feb 2025,HEALTH CENTER,707.0,41.0,170.0,675.0,322,91.0,2,DISTRICT16
Req-1845,PYRA-SAC,Nov 2024,HEALTH CENTER,,404.0,,1504.0,345,834.0,1,DISTRICT16
Req-1846,ACT-GC,Aug 2024,HEALTH CENTER,,104.0,354.0,840.0,-503,,2,DISTRICT37
Req-1847,ACT-SC,Apr 2025,HEALTH CENTER,1119.0,9.0,69.0,,-674,,1,DISTRICT1
Req-1848,ITN,Oct 2024,HEALTH CENTER,1817.0,441.0,834.0,2109.0,-210,543.0,2,DISTRICT20
Req-1849,PYRA-COMP,Feb 2024,HEALTH CENTER,423.0,,45.0,883.0,-81,31.0,1,DISTRICT21
Req-1850,ACT-INF,Dec 2024,HEALTH CENTER,,,168.0,992.0,-154,,2,DISTRICT31
Req-1851,ACT-INF,Dec 2024,HEALTH CENTER,1280.0,271.0,94.0,321.0,-22,,1,DISTRICT1
Req-1852,ACT-SC,Jul 2024,REGIONAL HOSPITAL,3854.0,7.0,557.0,2754.0,-228,435.0,2,DISTRICT9
Req-1853,ACT-GC,Sep 2025,HEALTH CENTER,2649.0,38.0,,682.0,287,916.0,1,DISTRICT10
Req-1854,ACT-INF,Sep 2025,HEALTH CENTER,354.0,0.0,,420.0,-459,96.0,2,DISTRICT10
Req-1855,PYRA-COMP,Jun 2024,HEALTH CENTER,188.0,,,131.0,486,49.0,1,DISTRICT23
Req-1856,ACT-SC,Apr 2024,HEALTH CENTER,,6.0,207.0,,-212,,2,DISTRICT28
Req-1857,ACT-SC,Jul 2024,HEALTH CENTER,,2935.0,,985.0,121,,1,DISTRICT1
Req-1858,ACT-GC,Feb 2025,HEALTH CENTER,646.0,0.0,104.0,396.0,-452,175.0,2,DISTRICT37
Req-1859,SP,Nov 2024,HEALTH CENTER,14.0,53.0,16.0,660.0,-426,,1,DISTRICT3
Req-1860,RDT,Dec 2024,HEALTH CENTER,,,38.0,71.0,-496,16.0,2,DISTRICT23
Req-1861,PYRA-SAC,Dec 2024,HEALTH CENTER,2028.0,,,1872.0,471,,1,DISTRICT1
Req-1862,ITN,Oct 2024,HEALTH CENTER,1242.0,3.0,210.0,,37,535.0,2,DISTRICT9
Req-1863,SP,Mar 2025,HEALTH CENTER,7225.0,,1281.0,3726.0,-224,1480.0,1,DISTRICT2
Req-1864,ART-INJ,Jul 2025,HEALTH CENTER,21.0,,8.0,,-752,1.0,2,DISTRICT3
Req-1865,ACT-SC,Feb 2025,HEALTH CENTER,3072.0,354.0,,3418.0,105,120.0,1,DISTRICT7
Req-1866,PYRA-SAC,May 2025,DISTRICT HOSPITAL,1347.0,116.0,,1748.0,-73,139.0,2,DISTRICT5
Req-1867,ART-INJ,Jan 2024,HEALTH CENTER,18.0,29.0,10.0,101.0,686,19.0,1,DISTRICT37
Req-1868,ACT-AD,Jul 2025,HEALTH CENTER,,0.0,,535.0,-203,99.0,2,DISTRICT28
Req-1869,ACT-SC,Feb 2024,HEALTH CENTER,,0.0,47.0,30.0,300,18.0,1,DISTRICT32
Req-1870,PYRA-SAC,Jan 2024,REGIONAL HOSPITAL,,,383.0,,-124,586.0,2,DISTRICT9
Req-1871,ACT-INF,Jul 2024,HEALTH CENTER,1171.0,1.0,203.0,271.0,75,53.0,1,DISTRICT9
Req-1872,SP,Mar 2025,HEALTH CENTER,118.0,,50.0,53.0,-571,,2,DISTRICT5
Req-1873,ACT-GC,Mar 2024,HEALTH CENTER,4411.0,2.0,307.0,,-243,,1,DISTRICT19
Req-1874,PYRA-COMP,Apr 2025,HEALTH CENTER,2854.0,8.0,242.0,2916.0,-414,384.0,2,DISTRICT31
Req-1875,ART-INJ,Jan 2024,HEALTH CENTER,,0.0,,40.0,-203,24.0,1,DISTRICT14
Req-1876,ITN,Apr 2025,HEALTH CENTER,1172.0,73.0,,434.0,64,8.0,2,DISTRICT10
Req-1877,ITN,Jan 2025,HEALTH CENTER,2347.0,0.0,254.0,431.0,7,153.0,1,DISTRICT24
Req-1878,PYRA-SAC,May 2024,HEALTH CENTER,9.0,0.0,7.0,,-188,,2,DISTRICT22
Req-1879,ACT-GC,Feb 2025,HEALTH CENTER,19.0,159.0,,,253,44.0,1,DISTRICT32
Req-1880,PYRA-COMP,Apr 2025,HEALTH CENTER,771.0,,,850.0,-235,622.0,2,DISTRICT4
Req-1881,PYRA-COMP,Mar 2025,HEALTH CENTER,1539.0,58.0,549.0,1785.0,144,,1,DISTRICT29
Req-1882,ACT-INF,Sep 2024,HEALTH CENTER,1750.0,35.0,,3061.0,292,589.0,2,DISTRICT5
Req-1883,PYRA-SAC,Feb 2024,HEALTH CENTER,,150.0,283.0,953.0,-77,170.0,1,DISTRICT4
Req-1884,ACT-AD,Nov 2025,HEALTH CENTER,224.0,446.0,122.0,2515.0,108,123.0,2,DISTRICT20
Req-1885,RDT,Feb 2024,HEALTH CENTER,,,99.0,632.0,572,67.0,1,DISTRICT30
Req-1886,ART-SUP,Apr 2025,HEALTH CENTER,631.0,491.0,817.0,1919.0,-273,,2,DISTRICT1
Req-1887,ART-INJ,Feb 2025,HEALTH CENTER,2076.0,,,2882.0,-147,958.0,1,DISTRICT14
Req-1888,ART-INJ,May 2025,HEALTH CENTER,583.0,774.0,,,95,669.0,2,DISTRICT29
Req-1889,ACT-INF,Jan 2025,DISTRICT HOSPITAL,5059.0,,520.0,4505.0,802,,1,DISTRICT32
Req-1890,ART-SUP,Feb 2025,HEALTH CENTER,1442.0,78.0,180.0,784.0,-386,,2,DISTRICT19
Req-1891,ACT-SC,Sep 2024,HEALTH CENTER,876.0,8.0,235.0,1943.0,-160,,1,DISTRICT6
Req-1892,RDT,Jul 2025,HEALTH CENTER,4017.0,32.0,,1372.0,123,320.0,2,DISTRICT21
Req-1893,ACT-AD,Sep 2024,NATIONAL HOSPITAL,,,59.0,148.0,132,59.0,1,DISTRICT19
Req-1894,ACT-INF,Jul 2025,REGIONAL HOSPITAL,8096.0,1674.0,1826.0,4239.0,77,1933.0,2,DISTRICT19
Req-1895,ART-SUP,Jul 2024,HEALTH CENTER,,101.0,512.0,,111,344.0,1,DISTRICT23
Req-1896,PYRA-SAC,Aug 2024,HEALTH CENTER,369.0,,,293.0,106,36.0,2,DISTRICT12
Req-1897,PYRA-COMP,Nov 2025,HEALTH CENTER,,,,,356,1.0,1,DISTRICT31
Req-1898,ART-INJ,Oct 2025,HEALTH CENTER,122.0,,40.0,,-336,68.0,2,DISTRICT33
Req-1899,QUIN,May 2024,HEALTH CENTER,,213.0,326.0,780.0,120,125.0,1,DISTRICT38
Req-1900,SP,Oct 2025,HEALTH CENTER,1232.0,2.0,514.0,1475.0,495,386.0,2,DISTRICT11
Req-1901,ART-SUP,Jan 2024,HEALTH CENTER,,0.0,,309.0,235,24.0,1,DISTRICT5
Req-1902,ACT-INF,Feb 2024,HEALTH CENTER,98.0,921.0,,165.0,29,3.0,2,DISTRICT37
Req-1903,ACT-AD,Dec 2023,HEALTH CENTER,1521.0,1063.0,496.0,478.0,-277,,1,DISTRICT14
Req-1904,ACT-SC,May 2025,HEALTH CENTER,,49.0,614.0,835.0,-4,448.0,2,DISTRICT32
Req-1905,PYRA-COMP,May 2025,HEALTH CENTER,1695.0,6.0,286.0,2381.0,686,,1,DISTRICT14
Req-1906,ACT-GC,Aug 2024,HEALTH CENTER,2032.0,611.0,159.0,2276.0,-58,263.0,2,DISTRICT30
Req-1907,ART-SUP,Aug 2025,HEALTH CENTER,1879.0,0.0,212.0,1828.0,72,,1,DISTRICT20
Req-1908,PYRA-SAC,Sep 2024,HEALTH CENTER,192.0,82.0,89.0,132.0,310,13.0,2,DISTRICT15
Req-1909,ACT-AD,Dec 2023,HEALTH CENTER,1075.0,32.0,265.0,,-662,250.0,1,DISTRICT13
Req-1910,ACT-SC,Feb 2025,HEALTH CENTER,,0.0,77.0,36.0,89,97.0,2,DISTRICT31
Req-1911,ART-INJ,Feb 2024,HEALTH CENTER,132.0,1.0,52.0,388.0,376,71.0,1,DISTRICT3
Req-1912,ACT-AD,May 2024,HEALTH CENTER,507.0,76.0,,,-96,55.0,2,DISTRICT5
Req-1913,ACT-SC,Nov 2025,HEALTH CENTER,,0.0,,112.0,-77,48.0,1,DISTRICT11
Req-1914,PYRA-SAC,Sep 2024,DISTRICT HOSPITAL,79.0,,82.0,83.0,-91,14.0,2,DISTRICT9
Req-1915,QUIN,Sep 2024,HEALTH CENTER,,5.0,569.0,1032.0,591,679.0,1,DISTRICT28
Req-1916,ART-INJ,Sep 2025,HEALTH CENTER,792.0,1322.0,399.0,,-243,338.0,2,DISTRICT35
Req-1917,ART-INJ,Mar 2025,DISTRICT HOSPITAL,,362.0,653.0,1727.0,146,,1,DISTRICT3
Req-1918,ACT-INF,Jul 2025,HEALTH CENTER,,265.0,199.0,295.0,56,,2,DISTRICT38
Req-1919,RDT,Jun 2024,HEALTH CENTER,127.0,13.0,,,444,0.0,1,DISTRICT11
Req-1920,ACT-SC,Dec 2023,HEALTH CENTER,376.0,55.0,49.0,690.0,-419,23.0,2,DISTRICT23
Req-1921,PYRA-COMP,Nov 2025,HEALTH CENTER,783.0,62.0,,,266,,1,DISTRICT5
Req-1922,ART-INJ,Nov 2024,HEALTH CENTER,,2.0,55.0,,580,9.0,2,DISTRICT7
Req-1923,PYRA-COMP,Feb 2025,HEALTH CENTER,56.0,0.0,24.0,16.0,-139,,1,DISTRICT27
Req-1924,PYRA-SAC,Apr 2024,HEALTH CENTER,930.0,57.0,,,1579,,2,DISTRICT6
Req-1925,SP,Apr 2024,HEALTH CENTER,23.0,,26.0,6.0,-320,15.0,1,DISTRICT38
Req-1926,ACT-AD,Sep 2025,HEALTH CENTER,179.0,,,636.0,82,76.0,2,DISTRICT30
Req-1927,SP,Mar 2025,HEALTH CENTER,321.0,,,54.0,558,0.0,1,DISTRICT4
Req-1928,PYRA-SAC,Feb 2025,HEALTH CENTER,436.0,244.0,46.0,362.0,-349,,2,DISTRICT13
Req-1929,ART-INJ,May 2024,DISTRICT HOSPITAL,2.0,1.0,1.0,1.0,192,0.0,1,DISTRICT14
Req-1930,PYRA-SAC,May 2024,HEALTH CENTER,,,309.0,,-275,,2,DISTRICT1
Req-1931,ACT-GC,Sep 2025,HEALTH CENTER,5863.0,3.0,1172.0,3182.0,-76,896.0,1,DISTRICT7
Req-1932,ACT-SC,Aug 2025,HEALTH CENTER,12.0,137.0,28.0,51.0,-13,23.0,2,DISTRICT12
Req-1933,QUIN,Sep 2025,HEALTH CENTER,2148.0,10.0,,,78,918.0,1,DISTRICT1
Req-1934,ACT-GC,Jun 2025,HEALTH CENTER,1094.0,2.0,145.0,,250,15.0,2,DISTRICT22
Req-1935,SP,Jan 2025,HEALTH CENTER,329.0,0.0,35.0,861.0,-128,2.0,1,DISTRICT29
Req-1936,ACT-SC,Feb 2024,HEALTH CENTER,2.0,,5.0,5.0,-173,4.0,2,DISTRICT28
Req-1937,PYRA-COMP,Feb 2025,HEALTH CENTER,,200.0,,1186.0,642,137.0,1,DISTRICT36
Req-1938,ACT-AD,Feb 2024,HEALTH CENTER,,927.0,487.0,3395.0,506,125.0,2,DISTRICT31
Req-1939,PYRA-COMP,Jan 2024,HEALTH CENTER,4066.0,0.0,410.0,1940.0,-696,485.0,1,DISTRICT32
Req-1940,ACT-INF,Feb 2024,HEALTH CENTER,54.0,1.0,57.0,,-256,61.0,2,DISTRICT26
Req-1941,ITN,May 2024,HEALTH CENTER,,0.0,,3.0,-333,,1,DISTRICT32
Req-1942,ACT-AD,Oct 2025,HEALTH CENTER,775.0,31.0,310.0,,-6,310.0,2,DISTRICT31
Req-1943,RDT,Sep 2025,HEALTH CENTER,47.0,,6.0,39.0,-123,0.0,1,DISTRICT3
Req-1944,PYRA-SAC,Sep 2024,DISTRICT HOSPITAL,,,164.0,,81,,2,DISTRICT19
Req-1945,QUIN,Apr 2024,HEALTH CENTER,889.0,0.0,3.0,479.0,-150,4.0,1,DISTRICT10
Req-1946,ITN,Jul 2024,HEALTH CENTER,1869.0,1286.0,586.0,,-125,,2,DISTRICT1
Req-1947,RDT,Jun 2025,HEALTH CENTER,471.0,3.0,278.0,,-48,,1,DISTRICT24
Req-1948,ACT-SC,Dec 2024,HEALTH CENTER,653.0,132.0,300.0,643.0,-631,,2,DISTRICT1
Req-1949,ITN,Dec 2023,HEALTH CENTER,,0.0,,319.0,521,516.0,1,DISTRICT16
Req-1950,RDT,Jun 2025,HEALTH CENTER,,,508.0,5126.0,159,233.0,2,DISTRICT35
Req-1951,ACT-GC,Feb 2024,HEALTH CENTER,14.0,18.0,,3.0,-11,2.0,1,DISTRICT13
Req-1952,SP,Mar 2025,HEALTH CENTER,5907.0,,1871.0,3464.0,-133,1031.0,2,DISTRICT31
Req-1953,ITN,May 2024,HEALTH CENTER,70.0,,,236.0,-643,5.0,1,DISTRICT19
Req-1954,ACT-SC,Sep 2024,HEALTH CENTER,,,,83.0,-503,,2,DISTRICT32
Req-1955,ACT-AD,Jun 2025,HEALTH CENTER,3177.0,,355.0,,-361,73.0,1,DISTRICT5
Req-1956,RDT,Jan 2025,HEALTH CENTER,349.0,,338.0,688.0,357,,2,DISTRICT29
Req-1957,PYRA-COMP,Jan 2024,HEALTH CENTER,49.0,5.0,28.0,31.0,-36,,1,DISTRICT32
Req-1958,ACT-SC,Oct 2024,HEALTH CENTER,,334.0,441.0,685.0,174,390.0,2,DISTRICT33
Req-1959,ART-INJ,Feb 2024,HEALTH CENTER,239.0,1.0,109.0,63.0,-163,89.0,1,DISTRICT19
Req-1960,ART-INJ,Aug 2025,HEALTH CENTER,32.0,45.0,,,128,12.0,2,DISTRICT8
Req-1961,PYRA-COMP,Mar 2024,HEALTH CENTER,67.0,81.0,99.0,,382,,1,DISTRICT14
Req-1962,SP,Apr 2024,HEALTH CENTER,124.0,1.0,50.0,334.0,332,,2,DISTRICT7
Req-1963,PYRA-COMP,Aug 2024,HEALTH CENTER,,0.0,18.0,,1105,1.0,1,DISTRICT25
Req-1964,PYRA-SAC,Sep 2024,HEALTH CENTER,,,219.0,218.0,-410,,2,DISTRICT32
Req-1965,ACT-GC,Feb 2024,HEALTH CENTER,1286.0,11.0,115.0,,241,36.0,1,DISTRICT33
Req-1966,ART-INJ,Apr 2024,HEALTH CENTER,,242.0,130.0,,-859,151.0,2,DISTRICT22
Req-1967,QUIN,Dec 2024,HEALTH CENTER,1884.0,23.0,1288.0,867.0,461,1159.0,1,DISTRICT31
Req-1968,SP,Jun 2024,HEALTH CENTER,515.0,0.0,149.0,332.0,-101,37.0,2,DISTRICT1
Req-1969,ART-INJ,Aug 2024,HEALTH CENTER,3.0,114.0,11.0,,91,1.0,1,DISTRICT32
Req-1970,ART-SUP,Feb 2024,HEALTH CENTER,533.0,0.0,,67.0,803,30.0,2,DISTRICT19
Req-1971,PYRA-SAC,Mar 2025,HEALTH CENTER,685.0,7.0,,781.0,-188,20.0,1,DISTRICT12
Req-1972,PYRA-COMP,Feb 2024,HEALTH CENTER,869.0,0.0,,,217,,2,DISTRICT18
Req-1973,ACT-SC,Nov 2024,HEALTH CENTER,370.0,,,,-64,13.0,1,DISTRICT20
Req-1974,ACT-INF,Jan 2024,HEALTH CENTER,,36.0,157.0,,-455,31.0,2,DISTRICT6
Req-1975,ART-SUP,Aug 2025,HEALTH CENTER,199.0,0.0,19.0,66.0,505,7.0,1,DISTRICT20
Req-1976,PYRA-SAC,Oct 2025,HEALTH CENTER,1059.0,,,1905.0,278,231.0,2,DISTRICT28
Req-1977,ACT-AD,Sep 2025,DISTRICT HOSPITAL,135.0,,,159.0,74,55.0,1,DISTRICT31
Req-1978,SP,Sep 2024,HEALTH CENTER,62.0,0.0,17.0,54.0,42,14.0,2,DISTRICT25
Req-1979,ART-INJ,Oct 2025,HEALTH CENTER,,122.0,1018.0,3839.0,-395,751.0,1,DISTRICT5
Req-1980,RDT,Nov 2025,HEALTH CENTER,2.0,3.0,31.0,73.0,213,36.0,2,DISTRICT28
Req-1981,ACT-GC,Apr 2024,HEALTH CENTER,29.0,59.0,134.0,194.0,-227,104.0,1,DISTRICT38
Req-1982,SP,Mar 2024,HEALTH CENTER,170.0,743.0,490.0,,-209,194.0,2,DISTRICT10
Req-1983,ACT-AD,May 2025,REGIONAL HOSPITAL,166.0,1124.0,,870.0,-96,141.0,1,DISTRICT36
Req-1984,ACT-SC,Jan 2025,HEALTH CENTER,1815.0,0.0,532.0,1500.0,-898,355.0,2,DISTRICT3
Req-1985,ACT-SC,Apr 2024,HEALTH CENTER,,1592.0,659.0,,-339,400.0,1,DISTRICT8
Req-1986,ART-INJ,Dec 2023,HEALTH CENTER,65.0,,44.0,235.0,777,41.0,2,DISTRICT7
Req-1987,ART-INJ,Sep 2024,HEALTH CENTER,,7.0,22.0,,-420,20.0,1,DISTRICT15
Req-1988,ACT-SC,Jun 2024,HEALTH CENTER,,,,,-77,27.0,2,DISTRICT31
Req-1989,ACT-SC,Mar 2025,HEALTH CENTER,1665.0,0.0,150.0,1058.0,1081,,1,DISTRICT32
Req-1990,ACT-GC,Oct 2024,HEALTH CENTER,,0.0,131.0,,58,40.0,2,DISTRICT23
Req-1991,ACT-GC,Mar 2024,HEALTH CENTER,39.0,25.0,,106.0,-702,5.0,1,DISTRICT33
Req-1992,ACT-GC,May 2024,HEALTH CENTER,1364.0,2.0,173.0,638.0,-518,152.0,2,DISTRICT30
Req-1993,RDT,Nov 2025,HEALTH CENTER,,1041.0,947.0,2381.0,-341,345.0,1,DISTRICT36
Req-1994,ACT-GC,May 2025,HEALTH CENTER,1348.0,,142.0,3808.0,-435,269.0,2,DISTRICT26
Req-1995,ACT-AD,Apr 2025,HEALTH CENTER,,,76.0,318.0,551,11.0,1,DISTRICT20
Req-1996,ITN,Oct 2025,HEALTH CENTER,2443.0,10.0,255.0,,-564,84.0,2,DISTRICT23
Req-1997,RDT,Aug 2025,HEALTH CENTER,92.0,,11.0,195.0,-368,4.0,1,DISTRICT29
Req-1998,QUIN,Feb 2024,HEALTH CENTER,657.0,,602.0,1454.0,37,917.0,2,DISTRICT13
Req-1999,SP,Dec 2023,HEALTH CENTER,,21.0,1435.0,,-1000,1116.0,1,DISTRICT24
Req-2000,SP,May 2024,HEALTH CENTER,1036.0,367.0,485.0,1106.0,732,733.0,2,DISTRICT26
Req-2001,QUIN,Jan 2025,HEALTH CENTER,285.0,45.0,83.0,1909.0,230,,1,DISTRICT5
Req-2002,PYRA-SAC,Oct 2024,HEALTH CENTER,,5.0,62.0,,532,,2,DISTRICT28
Req-2003,PYRA-SAC,Aug 2025,DISTRICT HOSPITAL,8.0,,,34.0,681,1.0,1,DISTRICT10
Req-2004,ACT-INF,Dec 2023,HEALTH CENTER,1355.0,244.0,720.0,4791.0,-31,529.0,2,DISTRICT26
Req-2005,SP,May 2025,HEALTH CENTER,2751.0,,496.0,1582.0,-117,,1,DISTRICT13
Req-2006,ACT-GC,Oct 2024,HEALTH CENTER,,,163.0,,-30,7.0,2,DISTRICT1
Req-2007,ACT-INF,Nov 2024,HEALTH CENTER,250.0,0.0,,380.0,541,5.0,1,DISTRICT14
Req-2008,QUIN,Sep 2025,HEALTH CENTER,424.0,2.0,36.0,55.0,-43,,2,DISTRICT33
Req-2009,PYRA-COMP,Aug 2025,HEALTH CENTER,1101.0,855.0,487.0,,-235,417.0,1,DISTRICT31
Req-2010,ACT-GC,Dec 2023,HEALTH CENTER,,19.0,6.0,,-369,,2,DISTRICT29
Req-2011,ART-SUP,Aug 2025,HEALTH CENTER,924.0,,108.0,227.0,-377,80.0,1,DISTRICT29
Req-2012,QUIN,Nov 2024,HEALTH CENTER,70.0,,46.0,58.0,-24,33.0,2,DISTRICT33
Req-2013,ACT-SC,Oct 2025,HEALTH CENTER,962.0,,78.0,,307,108.0,1,DISTRICT33
Req-2014,RDT,Mar 2024,HEALTH CENTER,2195.0,,,,-817,,2,DISTRICT31
Req-2015,ITN,Apr 2024,HEALTH CENTER,42.0,46.0,,161.0,-137,26.0,1,DISTRICT18
Req-2016,ACT-AD,Sep 2025,HEALTH CENTER,1551.0,,78.0,,-729,,2,DISTRICT38
Req-2017,ACT-GC,Apr 2024,HEALTH CENTER,,1.0,11.0,,258,0.0,1,DISTRICT5
Req-2018,ART-SUP,May 2025,HEALTH CENTER,1593.0,0.0,,1133.0,-278,309.0,2,DISTRICT15
Req-2019,ACT-GC,Apr 2024,HEALTH CENTER,,7.0,432.0,,-261,,1,DISTRICT12
Req-2020,ACT-GC,Jul 2025,HEALTH CENTER,,48.0,387.0,,360,299.0,2,DISTRICT33
Req-2021,PYRA-SAC,Sep 2025,HEALTH CENTER,845.0,569.0,,3636.0,719,,1,DISTRICT25
Req-2022,PYRA-COMP,Dec 2024,HEALTH CENTER,948.0,,384.0,2004.0,-211,530.0,2,DISTRICT22
Req-2023,ITN,Aug 2024,HEALTH CENTER,2127.0,121.0,175.0,1991.0,141,139.0,1,DISTRICT24
Req-2024,ART-SUP,Apr 2025,HEALTH CENTER,530.0,,,564.0,53,15.0,2,DISTRICT21
Req-2025,ACT-GC,Jun 2024,HEALTH CENTER,186.0,,156.0,683.0,287,,1,DISTRICT3
Req-2026,ACT-GC,Sep 2025,HEALTH CENTER,,87.0,506.0,1407.0,-387,,2,DISTRICT1
Req-2027,ACT-INF,Jun 2024,HEALTH CENTER,,0.0,,502.0,356,,1,DISTRICT35
Req-2028,PYRA-SAC,Jan 2024,HEALTH CENTER,2850.0,,869.0,3423.0,-741,1052.0,2,DISTRICT32
Req-2029,ACT-SC,Jan 2024,HEALTH CENTER,4222.0,0.0,800.0,,-210,,1,DISTRICT25
Req-2030,PYRA-SAC,Sep 2025,HEALTH CENTER,,,,318.0,59,22.0,2,DISTRICT32
Req-2031,QUIN,Apr 2024,HEALTH CENTER,303.0,1.0,,787.0,-293,193.0,1,DISTRICT18
Req-2032,ACT-AD,Aug 2025,HEALTH CENTER,1347.0,,542.0,2017.0,443,378.0,2,DISTRICT25
Req-2033,ART-INJ,Jul 2024,HEALTH CENTER,,,,,-257,145.0,1,DISTRICT38
Req-2034,PYRA-COMP,Apr 2025,DISTRICT HOSPITAL,,,60.0,1139.0,-726,17.0,2,DISTRICT15
Req-2035,ART-INJ,Apr 2024,HEALTH CENTER,,,479.0,1170.0,212,520.0,1,DISTRICT1
Req-2036,ACT-INF,Dec 2024,NATIONAL HOSPITAL,,31.0,228.0,,-449,159.0,2,DISTRICT10
Req-2037,PYRA-SAC,Mar 2025,HEALTH CENTER,3307.0,711.0,,,306,291.0,1,DISTRICT10
Req-2038,ACT-AD,Mar 2025,HEALTH CENTER,222.0,1604.0,,,-215,135.0,2,DISTRICT3
Req-2039,PYRA-COMP,Nov 2025,HEALTH CENTER,,0.0,211.0,,-222,165.0,1,DISTRICT17
Req-2040,ART-INJ,Jun 2024,HEALTH CENTER,,6.0,,482.0,-274,114.0,2,DISTRICT11
